{
  "generated_at": "2026-05-01T04:58:08.651302+00:00",
  "total_predictions": 6,
  "n_live_realized": 4,
  "status": "IMMATURE",
  "schema_mode_col": "deployment_mode",
  "voo_mae_live": 4.071910936687061,
  "voo_rmse_live": 4.5155650082113645,
  "classification_stats_live": {
    "n": 4,
    "accuracy": 0.0,
    "t_stat_accuracy": NaN,
    "p_value_accuracy": NaN,
    "auc": NaN,
    "t_stat_auc": NaN,
    "brier": 0.6485455118335695,
    "brier_null": 0.6292836171059982,
    "brier_skill_score": -0.030609242161894423,
    "significant_5pct": false,
    "significant_1pct": false,
    "tail_threshold": 0.0584,
    "base_rate": 0.2067260138476755,
    "mean_active_return": 0.0073262652849397925,
    "estimated_annual_edge_bps": 0.7213627118075125,
    "estimated_annual_edge_source": "part2_active_ret_net_mean",
    "annual_tc_drag_bps": 0.0529
  },
  "calibration_live": {
    "ece": 0.8052952003358034,
    "brier": 0.6485455118335695
  },
  "classification_stats_backtest": {
    "n": 1652,
    "accuracy": 0.44128329297820823,
    "t_stat_accuracy": -4.804859094410074,
    "p_value_accuracy": 1.689021373542162e-06,
    "auc": 0.5158219221647751,
    "t_stat_auc": 0.8760398223641024,
    "brier": 0.16174420519442273,
    "brier_null": 0.16130275724193724,
    "brier_skill_score": -0.0027367656930357143,
    "significant_5pct": true,
    "significant_1pct": true
  },
  "annual_tc_drag_bps": 0.0529,
  "health_status": "IMMATURE",
  "health_reasons": [
    "Only 4 live observations (60 required)"
  ]
}