{
  "generated_at": "2026-04-20T15:20:59.478267+00:00",
  "total_predictions": 3,
  "n_live_realized": 2,
  "status": "IMMATURE",
  "schema_mode_col": "deployment_mode",
  "voo_mae_live": 11.072055341379269,
  "voo_rmse_live": 11.214541415292341,
  "classification_stats_live": {
    "n": 2,
    "accuracy": 1.0,
    "t_stat_accuracy": NaN,
    "p_value_accuracy": NaN,
    "auc": NaN,
    "t_stat_auc": NaN,
    "brier": 0.042968166380739706,
    "brier_null": 0.046489130885421684,
    "brier_skill_score": 0.07573737194154273,
    "significant_5pct": false,
    "significant_1pct": false,
    "tail_threshold": -0.0056694670951384,
    "base_rate": 0.2156133828996282,
    "mean_active_return": 0.01498708756096423,
    "estimated_annual_edge_bps": 37767.46065362986,
    "annual_tc_drag_bps": NaN
  },
  "calibration_live": {
    "ece": 0.20723365045862246,
    "brier": 0.042968166380739706
  },
  "classification_stats_backtest": {
    "n": 1643,
    "accuracy": 0.46317711503347536,
    "t_stat_accuracy": -2.9923702619537558,
    "p_value_accuracy": 0.00280949266160364,
    "auc": 0.5177193359651973,
    "t_stat_auc": 0.9808026893072678,
    "brier": 0.16206243812282237,
    "brier_null": 0.161961200230121,
    "brier_skill_score": -0.0006250743541971193,
    "significant_5pct": true,
    "significant_1pct": true
  },
  "annual_tc_drag_bps": NaN,
  "health_status": "IMMATURE",
  "health_reasons": [
    "Only 2 live observations (60 required)"
  ]
}