{
  "generated_at": "2026-04-29T23:27:52.714945+00:00",
  "total_predictions": 4,
  "n_live_realized": 3,
  "status": "IMMATURE",
  "schema_mode_col": "deployment_mode",
  "voo_mae_live": 3.381292106934135,
  "voo_rmse_live": 3.821667663443035,
  "classification_stats_live": {
    "n": 3,
    "accuracy": 0.0,
    "t_stat_accuracy": NaN,
    "p_value_accuracy": NaN,
    "auc": NaN,
    "t_stat_auc": NaN,
    "brier": 0.6531431447680892,
    "brier_null": 0.6291213412067894,
    "brier_skill_score": -0.038183100594556985,
    "significant_5pct": false,
    "significant_1pct": false,
    "tail_threshold": 0.05,
    "base_rate": 0.2068283028203859,
    "mean_active_return": 0.005603557125183863,
    "estimated_annual_edge_bps": 1.0457060626805978,
    "estimated_annual_edge_source": "part2_active_ret_net_mean",
    "annual_tc_drag_bps": 0.0794
  },
  "calibration_live": {
    "ece": 0.8081557227764792,
    "brier": 0.6531431447680892
  },
  "classification_stats_backtest": {
    "n": 1650,
    "accuracy": 0.44303030303030305,
    "t_stat_accuracy": -4.657166204295511,
    "p_value_accuracy": 3.4629515653935303e-06,
    "auc": 0.5126289973245,
    "t_stat_auc": 0.6985516283821596,
    "brier": 0.16195087557044058,
    "brier_null": 0.161448668503214,
    "brier_skill_score": -0.0031106293509353122,
    "significant_5pct": true,
    "significant_1pct": true
  },
  "annual_tc_drag_bps": 0.0794,
  "health_status": "IMMATURE",
  "health_reasons": [
    "Only 3 live observations (60 required)"
  ]
}