{
  "generated_at": "2026-05-05T01:58:41.854450+00:00",
  "total_predictions": 7,
  "n_live_realized": 6,
  "status": "IMMATURE",
  "schema_mode_col": "deployment_mode",
  "voo_mae_live": 4.218802044911172,
  "voo_rmse_live": 5.153689920566165,
  "classification_stats_live": {
    "n": 6,
    "accuracy": 0.16666666666666666,
    "t_stat_accuracy": -2.0,
    "p_value_accuracy": 0.10193947882985835,
    "auc": NaN,
    "t_stat_auc": NaN,
    "brier": 0.6381902749281523,
    "brier_null": 0.6294457534693096,
    "brier_skill_score": -0.013892414571480272,
    "significant_5pct": false,
    "significant_1pct": false,
    "tail_threshold": 0.07339999999999999,
    "base_rate": 0.2066238260009886,
    "mean_active_return": 0.008364374033387726,
    "estimated_annual_edge_bps": -0.36138620748737527,
    "estimated_annual_edge_source": "part2_active_ret_net_mean",
    "annual_tc_drag_bps": 0.0529
  },
  "calibration_live": {
    "ece": 0.7987408546670863,
    "brier": 0.6381902749281523
  },
  "classification_stats_backtest": {
    "n": 1654,
    "accuracy": 0.439540507859734,
    "t_stat_accuracy": -4.952555536449601,
    "p_value_accuracy": 8.073409184565721e-07,
    "auc": 0.5181092360733079,
    "t_stat_auc": 1.0062359475329652,
    "brier": 0.16135788321575317,
    "brier_null": 0.16115707917049868,
    "brier_skill_score": -0.0012460138032002188,
    "significant_5pct": true,
    "significant_1pct": true
  },
  "annual_tc_drag_bps": 0.0529,
  "health_status": "IMMATURE",
  "health_reasons": [
    "Only 6 live observations (60 required)"
  ]
}