Date,is_live,prob_voo,p0,alpha_score_raw,alpha_score,component_agreement,entry_z_eff,agreement_min_eff,signal_strength,defense_alpha_scale,governance_mult,caution_shrink,alpha_scale_effective,excess_vol10,vol_shrink,eligible,eligibility_reason,alpha_leg,alpha_position,alpha_abs,w_alpha_voo,w_alpha_ief,dist_overlay_on_g53,dist_overlay_strength_g53,dist_trust_score_g53,dist_width_caution_g53,uncertainty_penalty_g5,prob_source,tape_source
2020-01-01,0,0.2269754784470558,0.5805917565499429,,,0.0,0.537579,0.510737,,0.65,0.6,0.892631,0.348126,0.054611,0.820718,0,high_risk_veto,FLAT,0.0,0.0,0.0,0.0,0,0.142734,0.794183,0.138364,0.440124,part2a21_soft_caution_overlay,artifacts_part2_g532/predictions/g532_final_consensus_tape.csv
2020-01-02,0,0.2186575015621794,0.5597674362969202,,,0.0,0.537397,0.510685,,0.65,0.6,0.893151,0.348329,0.055684,0.817838,0,high_risk_veto,FLAT,0.0,0.0,0.0,0.0,0,0.149972,0.796163,0.132361,0.428839,part2a21_soft_caution_overlay,artifacts_part2_g532/predictions/g532_final_consensus_tape.csv
2020-01-03,0,0.2359968153740773,0.6001378281630174,,,0.0,0.539082,0.511166,,0.65,0.6,0.888337,0.346451,0.090711,0.733759,0,high_risk_veto,FLAT,0.0,0.0,0.0,0.0,0,0.149694,0.790762,0.144948,0.452502,part2a21_soft_caution_overlay,artifacts_part2_g532/predictions/g532_final_consensus_tape.csv
2020-01-06,0,0.2864905211463054,0.684568124202214,,,0.0,0.536987,0.510568,,0.65,0.6,0.894324,0.348786,0.094099,0.726536,0,high_risk_veto,FLAT,0.0,0.0,0.0,0.0,0,0.147517,0.796638,0.13092,0.426129,part2a21_soft_caution_overlay,artifacts_part2_g532/predictions/g532_final_consensus_tape.csv
2020-01-07,0,0.2130623431894832,0.5434153720211137,,,0.0,0.536514,0.510432,,0.65,0.6,0.895676,0.349313,0.093953,0.726844,0,high_risk_veto,FLAT,0.0,0.0,0.0,0.0,0,0.141535,0.796516,0.13129,0.426826,part2a21_soft_caution_overlay,artifacts_part2_g532/predictions/g532_final_consensus_tape.csv
2020-01-08,0,0.2132894854571762,0.5448278706761894,,,0.0,0.535968,0.510277,,0.65,0.6,0.897235,0.349922,0.101766,0.7107,0,high_risk_veto,FLAT,0.0,0.0,0.0,0.0,0,0.139742,0.79746,0.128428,0.421444,part2a21_soft_caution_overlay,artifacts_part2_g532/predictions/g532_final_consensus_tape.csv
2020-01-09,0,0.2036843187099984,0.5166028787455544,,,0.0,0.537231,0.510637,,0.65,0.6,0.893626,0.348514,0.104704,0.704813,0,high_risk_veto,FLAT,0.0,0.0,0.0,0.0,0,0.158101,0.878294,0.125899,0.416691,part2a21_soft_caution_overlay,artifacts_part2_g532/predictions/g532_final_consensus_tape.csv
2020-01-10,0,0.2532581120395132,0.6441051533374043,,,0.0,0.54219,0.512054,,0.65,0.6,0.879457,0.342988,0.108266,0.697805,0,high_risk_veto,FLAT,0.0,0.0,0.0,0.0,0,0.171429,0.783793,0.15383,0.4692,part2a21_soft_caution_overlay,artifacts_part2_g532/predictions/g532_final_consensus_tape.csv
2020-01-13,0,0.2026938019501342,0.5087915348545807,,,0.0,0.536502,0.510429,,0.65,0.6,0.895709,0.349327,0.109717,0.69499,0,high_risk_veto,FLAT,0.0,0.0,0.0,0.0,0,0.156494,0.879723,0.121566,0.408544,part2a21_soft_caution_overlay,artifacts_part2_g532/predictions/g532_final_consensus_tape.csv
2020-01-14,0,0.2135131017131175,0.5471849648675188,,,0.0,0.540976,0.511708,,0.65,0.6,0.882924,0.344341,0.109011,0.696357,0,high_risk_veto,FLAT,0.0,0.0,0.0,0.0,0,0.159243,0.784652,0.152745,0.46716,part2a21_soft_caution_overlay,artifacts_part2_g532/predictions/g532_final_consensus_tape.csv
2020-01-15,0,0.2042903512706955,0.5192972897916082,,,0.0,0.53848,0.510994,,0.65,0.6,0.890057,0.347122,0.109071,0.696242,0,high_risk_veto,FLAT,0.0,0.0,0.0,0.0,0,0.161521,0.875988,0.132892,0.429838,part2a21_soft_caution_overlay,artifacts_part2_g532/predictions/g532_final_consensus_tape.csv
2020-01-16,0,0.2143377240120149,0.5507937498580977,,,0.0,0.537245,0.510641,,0.65,0.6,0.893587,0.348499,0.118701,0.678056,0,high_risk_veto,FLAT,0.0,0.0,0.0,0.0,0,0.148604,0.796243,0.132119,0.428384,part2a21_soft_caution_overlay,artifacts_part2_g532/predictions/g532_final_consensus_tape.csv
2020-01-17,0,0.2292884564031766,0.5826788193909853,,,0.0,0.536468,0.510419,,0.65,0.6,0.895805,0.349364,0.082959,0.750844,0,high_risk_veto,FLAT,0.0,0.0,0.0,0.0,0,0.143074,0.796953,0.129964,0.424332,part2a21_soft_caution_overlay,artifacts_part2_g532/predictions/g532_final_consensus_tape.csv
2020-01-20,0,0.2171581635824932,0.5547656329801941,,,0.0,0.536076,0.510307,,0.65,0.6,0.896927,0.349801,0.083667,0.749251,0,high_risk_veto,FLAT,0.0,0.0,0.0,0.0,0,0.141694,0.797613,0.127964,0.420572,part2a21_soft_caution_overlay,artifacts_part2_g532/predictions/g532_final_consensus_tape.csv
2020-01-21,0,0.2285316380685194,0.5813633757525872,,,0.0,0.5378,0.5108,,0.65,0.6,0.892001,0.34788,0.09266,0.729586,0,high_risk_veto,FLAT,0.0,0.0,0.0,0.0,0,0.14384,0.793882,0.139275,0.441837,part2a21_soft_caution_overlay,artifacts_part2_g532/predictions/g532_final_consensus_tape.csv
2020-01-22,0,0.2630139164570347,0.647949699400541,,,0.0,0.538605,0.51103,,0.65,0.6,0.8897,0.346983,0.088024,0.739592,0,high_risk_veto,FLAT,0.0,0.0,0.0,0.0,0,0.153645,0.79401,0.138887,0.441108,part2a21_soft_caution_overlay,artifacts_part2_g532/predictions/g532_final_consensus_tape.csv
2020-01-23,0,0.2396504403591864,0.6106853943052194,,,0.0,0.537734,0.510781,,0.65,0.6,0.892188,0.347953,0.084754,0.746817,0,high_risk_veto,FLAT,0.0,0.0,0.0,0.0,0,0.14631,0.794566,0.137203,0.437941,part2a21_soft_caution_overlay,artifacts_part2_g532/predictions/g532_final_consensus_tape.csv
2020-01-24,0,0.2770213875526,0.6686895567152806,,,0.0,0.539347,0.511242,,0.65,0.6,0.887579,0.346156,0.105423,0.703386,0,high_risk_veto,FLAT,0.0,0.0,0.0,0.0,0,0.156708,0.792749,0.142381,0.447676,part2a21_soft_caution_overlay,artifacts_part2_g532/predictions/g532_final_consensus_tape.csv
2020-01-27,0,0.2656115749261948,0.6478531415528593,,,0.0,0.55225,0.514928,,0.75,0.6,0.850715,0.382822,0.145172,0.632635,0,weak_score,FLAT,0.0,0.0,0.0,0.0,1,0.202196,0.738044,0.208082,0.571195,part2a21_soft_caution_overlay,artifacts_part2_g532/predictions/g532_final_consensus_tape.csv
2020-01-28,0,0.2495468778763359,0.632142908739412,,,0.0,0.546973,0.513421,,0.75,0.6,0.865791,0.389606,0.169219,0.596347,0,weak_score,FLAT,0.0,0.0,0.0,0.0,0,0.188847,0.764229,0.177829,0.514318,part2a21_soft_caution_overlay,artifacts_part2_g532/predictions/g532_final_consensus_tape.csv
2020-01-29,0,0.2028731459661772,0.4822786957715683,-1.75257,-1.75257,0.5,0.550956,0.514559,0.0,0.75,0.6,0.854411,0.384485,0.170402,0.59467,0,weak_score,FLAT,0.0,0.0,0.0,0.0,0,0.223119,0.838111,0.185077,0.527944,part2a21_soft_caution_overlay,artifacts_part2_g532/predictions/g532_final_consensus_tape.csv
2020-01-30,0,0.2504986248514549,0.6267186831746805,-1.599302,-1.675936,0.75,0.543804,0.512515,0.0,0.75,0.6,0.874846,0.393681,0.158228,0.612403,0,weak_score,FLAT,0.0,0.0,0.0,0.0,0,0.171147,0.774091,0.165895,0.491882,part2a21_soft_caution_overlay,artifacts_part2_g532/predictions/g532_final_consensus_tape.csv
2020-01-31,0,0.26391330842303,0.660865241142974,-1.100891,-1.484255,0.5,0.550701,0.514486,0.0,0.75,0.6,0.85514,0.384813,0.181921,0.578809,0,weak_score,FLAT,0.0,0.0,0.0,0.0,1,0.194483,0.743756,0.201648,0.559098,part2a21_soft_caution_overlay,artifacts_part2_g532/predictions/g532_final_consensus_tape.csv
2020-02-03,0,0.2357932484853557,0.5973708296709218,-1.47481,-1.391668,0.75,0.546095,0.51317,0.0,0.75,0.6,0.868299,0.390735,0.193041,0.564282,0,weak_score,FLAT,0.0,0.0,0.0,0.0,0,0.177047,0.763275,0.178967,0.516457,part2a21_soft_caution_overlay,artifacts_part2_g532/predictions/g532_final_consensus_tape.csv
2020-02-04,0,0.2494795517037041,0.6364385677148608,-0.276813,-0.950838,0.75,0.54453,0.512723,0.0,0.75,0.6,0.872771,0.392747,0.232105,0.518559,0,weak_score,FLAT,0.0,0.0,0.0,0.0,0,0.174083,0.771262,0.169352,0.498381,part2a21_soft_caution_overlay,artifacts_part2_g532/predictions/g532_final_consensus_tape.csv
2020-02-05,0,0.2320532385342134,0.6166909133469299,0.812611,-0.313004,0.75,0.546831,0.51338,0.0,0.75,0.6,0.866198,0.389789,0.248523,0.501482,0,weak_score,FLAT,0.0,0.0,0.0,0.0,0,0.189197,0.765295,0.176554,0.511922,part2a21_soft_caution_overlay,artifacts_part2_g532/predictions/g532_final_consensus_tape.csv
2020-02-06,0,0.1988689452242819,0.4894559626619514,0.552366,0.362721,0.75,0.549383,0.514109,0.0,0.75,0.6,0.858905,0.386507,0.248926,0.501076,0,weak_score,FLAT,0.0,0.0,0.0,0.0,0,0.225678,0.849208,0.171843,0.503066,part2a21_soft_caution_overlay,artifacts_part2_g532/predictions/g532_final_consensus_tape.csv
2020-02-07,0,0.2375893068881234,0.6328301455022195,0.389461,0.584813,0.5,0.545192,0.512912,0.020268,0.75,0.6,0.870879,0.391896,0.245249,0.504797,0,low_agreement,FLAT,0.0,0.0,0.0,0.0,0,0.176738,0.768652,0.172517,0.504331,part2a21_soft_caution_overlay,artifacts_part2_g532/predictions/g532_final_consensus_tape.csv
2020-02-10,0,0.2439049706641628,0.6287685451790267,-0.370333,0.190498,0.75,0.541679,0.511908,0.0,0.75,0.6,0.880916,0.396412,0.209433,0.544149,0,weak_score,FLAT,0.0,0.0,0.0,0.0,0,0.167993,0.785018,0.152282,0.46629,part2a21_soft_caution_overlay,artifacts_part2_g532/predictions/g532_final_consensus_tape.csv
2020-02-11,0,0.234369484077057,0.6001131260807034,0.671922,0.23035,0.5,0.544388,0.512682,0.0,0.75,0.6,0.873177,0.39293,0.20041,0.55505,0,weak_score,FLAT,0.0,0.0,0.0,0.0,0,0.180445,0.775466,0.164205,0.488706,part2a21_soft_caution_overlay,artifacts_part2_g532/predictions/g532_final_consensus_tape.csv
2020-02-12,0,0.2188083820044128,0.5693062115245772,0.825155,0.375581,0.75,0.53952,0.511291,0.0,0.75,0.6,0.887087,0.399189,0.19799,0.558048,0,weak_score,FLAT,0.0,0.0,0.0,0.0,0,0.157647,0.792237,0.143045,0.448925,part2a21_soft_caution_overlay,artifacts_part2_g532/predictions/g532_final_consensus_tape.csv
2020-02-13,0,0.2265576524255212,0.6070447379923439,1.216396,0.904491,0.5,0.539345,0.511241,0.186237,0.75,0.6,0.887586,0.399414,0.199769,0.555841,0,low_agreement,FLAT,0.0,0.0,0.0,0.0,0,0.153409,0.791119,0.144489,0.451639,part2a21_soft_caution_overlay,artifacts_part2_g532/predictions/g532_final_consensus_tape.csv
2020-02-14,0,0.2102091033810609,0.5370695545020626,0.686954,0.909502,0.5,0.536693,0.510484,0.189888,0.75,0.6,0.895162,0.402823,0.140374,0.640412,0,low_agreement,FLAT,0.0,0.0,0.0,0.0,0,0.140548,0.795869,0.133251,0.430512,part2a21_soft_caution_overlay,artifacts_part2_g532/predictions/g532_final_consensus_tape.csv
2020-02-17,0,0.2003358132851551,0.4936079395955748,0.779482,0.894277,0.5,0.538698,0.511057,0.181298,0.75,0.6,0.889434,0.400245,0.141788,0.638101,0,low_agreement,FLAT,0.0,0.0,0.0,0.0,0,0.166179,0.876447,0.131499,0.427217,part2a21_soft_caution_overlay,artifacts_part2_g532/predictions/g532_final_consensus_tape.csv
2020-02-18,0,0.2282626331675463,0.5755590256303733,0.57642,0.680952,0.5,0.542539,0.512154,0.07071,0.75,0.6,0.87846,0.395307,0.113063,0.688586,0,low_agreement,FLAT,0.0,0.0,0.0,0.0,0,0.172518,0.782309,0.155697,0.472711,part2a21_soft_caution_overlay,artifacts_part2_g532/predictions/g532_final_consensus_tape.csv
2020-02-19,0,0.2385900850844141,0.6007441976226919,0.295588,0.550497,0.75,0.538316,0.510947,0.006209,0.75,0.6,0.890526,0.400737,0.086813,0.742251,1,ok,FLAT,0.0,0.0,0.0,0.0,0,0.157559,0.795543,0.134239,0.432369,part2a21_soft_caution_overlay,artifacts_part2_g532/predictions/g532_final_consensus_tape.csv
2020-02-20,0,0.2248741753522669,0.5676982105897025,1.087482,0.653163,0.5,0.54397,0.512563,0.055824,0.75,0.6,0.87437,0.393467,0.09423,0.726258,0,low_agreement,FLAT,0.0,0.0,0.0,0.0,0,0.176706,0.776007,0.163539,0.487454,part2a21_soft_caution_overlay,artifacts_part2_g532/predictions/g532_final_consensus_tape.csv
2020-02-21,0,0.2746017339407756,0.7155844844381489,0.659108,0.680726,0.5,0.548541,0.513869,0.067736,0.65,0.6,0.861311,0.335911,0.109228,0.695937,0,high_risk_veto,FLAT,0.0,0.0,0.0,0.0,0,0.201956,0.761626,0.180927,0.520143,part2a21_soft_caution_overlay,artifacts_part2_g532/predictions/g532_final_consensus_tape.csv
2020-02-24,0,0.2178198175872217,0.5493620419629782,-0.897011,0.283193,0.5,0.574482,0.521281,0.0,0.75,0.6,0.787194,0.354237,0.229269,0.521627,0,weak_score,FLAT,0.0,0.0,0.0,0.0,1,0.275875,0.782383,0.397513,0.643346,part2a21_soft_caution_overlay,artifacts_part2_g532/predictions/g532_final_consensus_tape.csv
2020-02-25,0,0.2142756247824229,0.530867705831933,-1.3902,-0.542701,0.5,0.567659,0.519331,0.0,0.75,0.6,0.806688,0.36301,0.261256,0.488992,0,weak_score,FLAT,0.0,0.0,0.0,0.0,1,0.25871,0.793717,0.332668,0.621006,part2a21_soft_caution_overlay,artifacts_part2_g532/predictions/g532_final_consensus_tape.csv
2020-02-26,0,0.2163256298730074,0.3877259408640768,-2.501989,-1.5964,0.75,0.571057,0.520302,0.0,0.75,0.6,0.79698,0.358641,0.243961,0.506113,0,weak_score,FLAT,0.0,0.0,0.0,0.0,1,0.290441,0.792392,0.340228,0.623644,part2a21_soft_caution_overlay,artifacts_part2_g532/predictions/g532_final_consensus_tape.csv
2020-02-27,0,0.1990818402213379,0.5947819319675036,-1.126889,-1.673026,0.5,0.579082,0.522595,0.0,0.75,0.6,0.774051,0.348323,0.309371,0.446931,0,weak_score,FLAT,0.0,0.0,0.0,0.0,1,0.297339,0.776733,0.433072,0.65,part2a21_soft_caution_overlay,artifacts_part2_g532/predictions/g532_final_consensus_tape.csv
2020-02-28,0,0.218794939529967,0.416721435991934,-2.588677,-2.072518,0.75,0.575257,0.521502,0.0,0.75,0.6,0.784979,0.353241,0.298984,0.455387,0,weak_score,FLAT,0.0,0.0,0.0,0.0,1,0.29983,0.785195,0.38139,0.637851,part2a21_soft_caution_overlay,artifacts_part2_g532/predictions/g532_final_consensus_tape.csv
2020-03-02,0,0.2050419578096875,0.5469066154329586,-3.799162,-2.504909,0.75,0.563779,0.518223,0.0,0.75,0.6,0.817775,0.367999,0.424783,0.370489,0,weak_score,FLAT,0.0,0.0,0.0,0.0,1,0.255371,0.801369,0.289102,0.605621,part2a21_soft_caution_overlay,artifacts_part2_g532/predictions/g532_final_consensus_tape.csv
2020-03-03,0,0.1929785791473625,0.6825040560433834,-1.590572,-2.65947,0.5,0.568277,0.519508,0.0,0.75,0.6,0.804922,0.362215,0.44274,0.360886,0,weak_score,FLAT,0.0,0.0,0.0,0.0,1,0.275371,0.795507,0.322461,0.617429,part2a21_soft_caution_overlay,artifacts_part2_g532/predictions/g532_final_consensus_tape.csv
2020-03-04,0,0.204736179228912,0.5669609978727145,-3.213136,-2.867623,0.75,0.560509,0.517288,0.0,0.75,0.6,0.827118,0.372203,0.525409,0.322411,0,weak_score,FLAT,0.0,0.0,0.0,0.0,1,0.24237,0.805922,0.263273,0.596349,part2a21_soft_caution_overlay,artifacts_part2_g532/predictions/g532_final_consensus_tape.csv
2020-03-05,0,0.187408523999876,0.7317817798935079,-1.758142,-2.187283,0.5,0.562587,0.517882,0.0,0.75,0.6,0.82118,0.369531,0.546289,0.313956,0,weak_score,FLAT,0.0,0.0,0.0,0.0,1,0.252269,0.803334,0.277948,0.601631,part2a21_soft_caution_overlay,artifacts_part2_g532/predictions/g532_final_consensus_tape.csv
2020-03-06,0,0.2024867306794844,0.609974701436282,-2.396861,-2.456046,0.5,0.560148,0.517185,0.0,0.75,0.6,0.828147,0.372666,0.549177,0.312822,0,weak_score,FLAT,0.0,0.0,0.0,0.0,1,0.246476,0.807458,0.254569,0.593198,part2a21_soft_caution_overlay,artifacts_part2_g532/predictions/g532_final_consensus_tape.csv
2020-03-09,0,0.1851344790604848,0.7843890220907676,-1.130711,-1.761905,0.5,0.566707,0.519059,0.0,0.75,0.6,0.809409,0.364234,0.651579,0.277291,0,weak_score,FLAT,0.0,0.0,0.0,0.0,1,0.267437,0.797375,0.311817,0.613682,part2a21_soft_caution_overlay,artifacts_part2_g532/predictions/g532_final_consensus_tape.csv
2020-03-10,0,0.1938594210982375,0.6685492172785391,-3.903707,-2.477093,0.75,0.563786,0.518225,0.0,0.75,0.6,0.817754,0.367989,0.787037,0.241071,0,weak_score,FLAT,0.0,0.0,0.0,0.0,1,0.255459,0.80137,0.289098,0.60562,part2a21_soft_caution_overlay,artifacts_part2_g532/predictions/g532_final_consensus_tape.csv
2020-03-11,0,0.1841394586794779,0.8214906104391505,-1.259109,-2.097842,0.5,0.566561,0.519017,0.0,0.5,0.6,0.809825,0.145769,0.798894,0.238346,0,weak_score,FLAT,0.0,0.0,0.0,0.0,1,0.26626,0.797466,0.311298,0.613499,part2a21_soft_caution_overlay,artifacts_part2_g532/predictions/g532_final_consensus_tape.csv
2020-03-12,0,0.1835374852559714,0.8241849165012715,-0.60314,-1.921985,0.5,0.571846,0.520527,0.0,0.5,0.6,0.794727,0.143051,0.899278,0.217528,0,weak_score,FLAT,0.0,0.0,0.0,0.0,1,0.276243,0.788065,0.364956,0.63221,part2a21_soft_caution_overlay,artifacts_part2_g532/predictions/g532_final_consensus_tape.csv
2020-03-13,0,0.2031359902506486,0.6307457464218328,-3.715533,-1.859261,0.75,0.563495,0.518141,0.0,0.5,0.6,0.818585,0.147345,1.07265,0.189015,0,weak_score,FLAT,0.0,0.0,0.0,0.0,1,0.251155,0.801187,0.290135,0.60599,part2a21_soft_caution_overlay,artifacts_part2_g532/predictions/g532_final_consensus_tape.csv
2020-03-16,0,0.1891928192294123,0.8137611863749323,-1.370007,-1.896227,0.5,0.57027,0.520077,0.0,0.5,0.6,0.799229,0.143861,1.236145,0.16822,0,weak_score,FLAT,0.0,0.0,0.0,0.0,1,0.279644,0.792057,0.342142,0.624311,part2a21_soft_caution_overlay,artifacts_part2_g532/predictions/g532_final_consensus_tape.csv
2020-03-17,0,0.1927315138622844,0.7685552040410936,-3.639626,-2.908389,0.75,0.566388,0.518968,0.0,0.5,0.6,0.810321,0.145858,1.365348,0.154765,0,weak_score,FLAT,0.0,0.0,0.0,0.0,1,0.262097,0.79706,0.313613,0.614316,part2a21_soft_caution_overlay,artifacts_part2_g532/predictions/g532_final_consensus_tape.csv
2020-03-18,0,0.1808017750859935,0.8584303146967233,-1.0818,-2.030478,0.5,0.566545,0.519013,0.0,0.5,0.6,0.809872,0.145777,1.329566,0.158271,0,weak_score,FLAT,0.0,0.0,0.0,0.0,1,0.267863,0.7978,0.309399,0.612828,part2a21_soft_caution_overlay,artifacts_part2_g532/predictions/g532_final_consensus_tape.csv
2020-03-19,0,0.1826747952016682,0.8452882248755662,-1.638885,-2.120104,0.75,0.558943,0.516841,0.0,0.5,0.6,0.831591,0.149686,1.32916,0.158312,0,weak_score,FLAT,0.0,0.0,0.0,0.0,1,0.237508,0.808356,0.249486,0.591352,part2a21_soft_caution_overlay,artifacts_part2_g532/predictions/g532_final_consensus_tape.csv
2020-03-20,0,0.1801675913590546,0.8640503953777142,-0.945596,-1.222094,0.5,0.556115,0.516033,0.0,0.5,0.6,0.839672,0.151141,1.352393,0.156017,0,weak_score,FLAT,0.0,0.0,0.0,0.0,1,0.243285,0.816265,0.210069,0.574929,part2a21_soft_caution_overlay,artifacts_part2_g532/predictions/g532_final_consensus_tape.csv
2020-03-23,0,0.1849533046154237,0.843465182275704,-1.56776,-1.384081,0.75,0.564568,0.518448,0.0,0.5,0.6,0.815519,0.146793,1.309579,0.1603,0,weak_score,FLAT,0.0,0.0,0.0,0.0,1,0.2518,0.799019,0.302465,0.610374,part2a21_soft_caution_overlay,artifacts_part2_g532/predictions/g532_final_consensus_tape.csv
2020-03-24,0,0.1940102558266068,0.7826368080448853,-2.239369,-1.584242,0.75,0.564537,0.518439,0.0,0.5,0.6,0.81561,0.14681,1.371818,0.154148,0,weak_score,FLAT,0.0,0.0,0.0,0.0,1,0.256015,0.799873,0.297609,0.60865,part2a21_soft_caution_overlay,artifacts_part2_g532/predictions/g532_final_consensus_tape.csv
2020-03-25,0,0.2108852764937713,0.8184971877951925,-1.124722,-1.64395,0.5,0.570426,0.520122,0.0,0.5,0.6,0.798782,0.143781,1.3717,0.154159,0,weak_score,FLAT,0.0,0.0,0.0,0.0,1,0.210551,0.698856,0.417903,0.65,part2a21_soft_caution_overlay,artifacts_part2_g532/predictions/g532_final_consensus_tape.csv
2020-03-26,0,0.2150911811331743,0.7594554717147507,-1.775032,-1.713041,0.75,0.580243,0.522926,0.0,0.5,0.6,0.770736,0.138732,1.307304,0.160534,0,weak_score,FLAT,0.0,0.0,0.0,0.0,1,0.294214,0.773865,0.453555,0.65,part2a21_soft_caution_overlay,artifacts_part2_g532/predictions/g532_final_consensus_tape.csv
2020-03-27,0,0.2107375154059788,0.8231900398493653,-0.570896,-1.156883,0.5,0.566866,0.519105,0.0,0.5,0.6,0.808954,0.145612,1.214406,0.170718,0,weak_score,FLAT,0.0,0.0,0.0,0.0,1,0.206021,0.705584,0.379158,0.637088,part2a21_soft_caution_overlay,artifacts_part2_g532/predictions/g532_final_consensus_tape.csv
2020-03-30,0,0.2181427954840261,0.6840922506365762,-1.465924,-1.270617,0.75,0.565798,0.5188,0.0,0.5,0.6,0.812004,0.146161,0.928987,0.212046,0,weak_score,FLAT,0.0,0.0,0.0,0.0,1,0.208526,0.708325,0.363471,0.631699,part2a21_soft_caution_overlay,artifacts_part2_g532/predictions/g532_final_consensus_tape.csv
2020-03-31,0,0.2124827531499304,0.7480819134026792,-0.736164,-0.924328,0.5,0.563985,0.518281,0.0,0.5,0.6,0.817187,0.147094,0.819236,0.233812,0,weak_score,FLAT,0.0,0.0,0.0,0.0,1,0.19937,0.710482,0.351135,0.627434,part2a21_soft_caution_overlay,artifacts_part2_g532/predictions/g532_final_consensus_tape.csv
2020-04-01,0,0.2117216110047365,0.7783734524146504,-0.521104,-0.907731,0.5,0.566841,0.519097,0.0,0.5,0.6,0.809026,0.145625,0.831097,0.231247,0,weak_score,FLAT,0.0,0.0,0.0,0.0,1,0.201537,0.704802,0.383637,0.63862,part2a21_soft_caution_overlay,artifacts_part2_g532/predictions/g532_final_consensus_tape.csv
2020-04-02,0,0.222580069219984,0.5990582220598103,-1.555714,-0.937661,0.75,0.571203,0.520344,0.0,0.5,0.6,0.796562,0.143381,0.840877,0.229173,0,weak_score,FLAT,0.0,0.0,0.0,0.0,1,0.213382,0.697798,0.425462,0.65,part2a21_soft_caution_overlay,artifacts_part2_g532/predictions/g532_final_consensus_tape.csv
2020-04-03,0,0.2133274589488995,0.7255211682112792,-1.201969,-1.092929,0.5,0.572555,0.52073,0.0,0.5,0.6,0.7927,0.142686,0.754706,0.248829,0,weak_score,FLAT,0.0,0.0,0.0,0.0,1,0.269108,0.785225,0.381217,0.637792,part2a21_soft_caution_overlay,artifacts_part2_g532/predictions/g532_final_consensus_tape.csv
2020-04-06,0,0.2150929331703265,0.6376032150809112,-1.878266,-1.545316,0.75,0.574308,0.521231,0.0,0.5,0.6,0.78769,0.141784,0.765499,0.246184,0,weak_score,FLAT,0.0,0.0,0.0,0.0,1,0.280567,0.783626,0.390381,0.64092,part2a21_soft_caution_overlay,artifacts_part2_g532/predictions/g532_final_consensus_tape.csv
2020-04-07,0,0.2134971401926154,0.708725297826784,-0.652002,-1.244079,0.75,0.571168,0.520334,0.0,0.5,0.6,0.796662,0.143399,0.617517,0.288179,0,weak_score,FLAT,0.0,0.0,0.0,0.0,1,0.209656,0.697216,0.429621,0.65,part2a21_soft_caution_overlay,artifacts_part2_g532/predictions/g532_final_consensus_tape.csv
2020-04-08,0,0.2162140009417231,0.6268058711692862,-0.962416,-1.164228,0.75,0.574435,0.521267,0.0,0.5,0.6,0.787327,0.141719,0.632401,0.283318,0,weak_score,FLAT,0.0,0.0,0.0,0.0,1,0.264267,0.78032,0.409351,0.647356,part2a21_soft_caution_overlay,artifacts_part2_g532/predictions/g532_final_consensus_tape.csv
2020-04-09,0,0.2124588954791177,0.6462976926719943,-0.310577,-0.641665,0.75,0.562819,0.517948,0.0,0.5,0.6,0.820517,0.147693,0.578849,0.301623,0,weak_score,FLAT,0.0,0.0,0.0,0.0,1,0.197039,0.712531,0.339432,0.623366,part2a21_soft_caution_overlay,artifacts_part2_g532/predictions/g532_final_consensus_tape.csv
2020-04-10,0,0.2085378129453977,0.7838680085741522,-0.285669,-0.519554,0.75,0.560725,0.51735,0.0,0.5,0.6,0.826499,0.14877,0.526856,0.32181,0,weak_score,FLAT,0.0,0.0,0.0,0.0,1,0.191733,0.716005,0.319623,0.616432,part2a21_soft_caution_overlay,artifacts_part2_g532/predictions/g532_final_consensus_tape.csv
2020-04-13,0,0.2115256306927888,0.6864369070210624,-0.142078,-0.246108,0.75,0.557185,0.516339,0.0,0.5,0.6,0.836613,0.15059,0.519765,0.324774,0,weak_score,FLAT,0.0,0.0,0.0,0.0,1,0.186168,0.722518,0.282579,0.603291,part2a21_soft_caution_overlay,artifacts_part2_g532/predictions/g532_final_consensus_tape.csv
2020-04-14,0,0.2141677873697226,0.6231581173262237,-0.319912,-0.24922,0.75,0.579524,0.522721,0.0,0.5,0.6,0.772788,0.139102,0.515279,0.326678,0,weak_score,FLAT,0.0,0.0,0.0,0.0,1,0.286954,0.774031,0.452369,0.65,part2a21_soft_caution_overlay,artifacts_part2_g532/predictions/g532_final_consensus_tape.csv
2020-04-15,0,0.2145290518185081,0.6465180503286926,0.418216,-0.014591,0.5,0.562705,0.517916,0.0,0.5,0.6,0.820844,0.147752,0.458129,0.353043,0,weak_score,FLAT,0.0,0.0,0.0,0.0,1,0.202073,0.713714,0.332682,0.621011,part2a21_soft_caution_overlay,artifacts_part2_g532/predictions/g532_final_consensus_tape.csv
2020-04-16,0,0.2164933402146431,0.5863664393381364,0.209346,0.10255,0.75,0.566347,0.518956,0.0,0.5,0.6,0.810438,0.145879,0.455329,0.354444,0,weak_score,FLAT,0.0,0.0,0.0,0.0,1,0.222289,0.709722,0.35548,0.628939,part2a21_soft_caution_overlay,artifacts_part2_g532/predictions/g532_final_consensus_tape.csv
2020-04-17,0,0.2164971472316095,0.5932281847320732,0.034496,0.220686,0.75,0.557075,0.516307,0.0,0.5,0.6,0.836927,0.150647,0.440335,0.362143,0,weak_score,FLAT,0.0,0.0,0.0,0.0,1,0.199005,0.72515,0.267644,0.597926,part2a21_soft_caution_overlay,artifacts_part2_g532/predictions/g532_final_consensus_tape.csv
2020-04-20,0,0.2144897058265327,0.6452967992852723,0.288108,0.177317,0.5,0.564083,0.518309,0.0,0.5,0.6,0.816907,0.147043,0.3451,0.420098,0,weak_score,FLAT,0.0,0.0,0.0,0.0,1,0.205163,0.711354,0.346157,0.625707,part2a21_soft_caution_overlay,artifacts_part2_g532/predictions/g532_final_consensus_tape.csv
2020-04-21,0,0.2163740759326224,0.6203336841921382,0.26781,0.196804,0.5,0.569617,0.51989,0.0,0.5,0.6,0.801096,0.144197,0.397805,0.385919,0,weak_score,FLAT,0.0,0.0,0.0,0.0,1,0.213184,0.701063,0.405085,0.645914,part2a21_soft_caution_overlay,artifacts_part2_g532/predictions/g532_final_consensus_tape.csv
2020-04-22,0,0.2231898523803339,0.407416521426398,-0.480942,0.024992,0.75,0.560475,0.517279,0.0,0.5,0.6,0.827215,0.148899,0.377689,0.398286,0,weak_score,FLAT,0.0,0.0,0.0,0.0,1,0.190679,0.716343,0.317698,0.615755,part2a21_soft_caution_overlay,artifacts_part2_g532/predictions/g532_final_consensus_tape.csv
2020-04-23,0,0.2197316380537387,0.333205965640941,-0.074329,-0.095821,0.5,0.56873,0.519637,0.0,0.5,0.6,0.803629,0.144653,0.371818,0.402047,0,weak_score,FLAT,0.0,0.0,0.0,0.0,1,0.210832,0.702513,0.396767,0.643093,part2a21_soft_caution_overlay,artifacts_part2_g532/predictions/g532_final_consensus_tape.csv
2020-04-24,0,0.2213257064968296,0.3648467244004504,-0.394828,-0.3167,0.75,0.569331,0.519809,0.0,0.5,0.6,0.801913,0.144344,0.379233,0.397309,0,weak_score,FLAT,0.0,0.0,0.0,0.0,1,0.211767,0.701408,0.403106,0.645243,part2a21_soft_caution_overlay,artifacts_part2_g532/predictions/g532_final_consensus_tape.csv
2020-04-27,0,0.2195332683937123,0.3280788296730509,-0.162964,-0.210707,0.75,0.578814,0.522518,0.0,0.5,0.6,0.774816,0.139467,0.387046,0.392437,0,weak_score,FLAT,0.0,0.0,0.0,0.0,1,0.28937,0.775874,0.439208,0.65,part2a21_soft_caution_overlay,artifacts_part2_g532/predictions/g532_final_consensus_tape.csv
2020-04-28,0,0.2157339171936617,0.2494989217783755,0.114839,-0.147651,0.5,0.574103,0.521172,0.0,0.5,0.6,0.788277,0.14189,0.363749,0.407333,0,weak_score,FLAT,0.0,0.0,0.0,0.0,1,0.271276,0.782333,0.397797,0.643443,part2a21_soft_caution_overlay,artifacts_part2_g532/predictions/g532_final_consensus_tape.csv
2020-04-29,0,0.2174063694752918,0.2846593205054262,-0.205636,-0.084587,0.75,0.564224,0.51835,0.0,0.5,0.6,0.816503,0.146971,0.34097,0.423033,0,weak_score,FLAT,0.0,0.0,0.0,0.0,1,0.193982,0.708968,0.359792,0.630429,part2a21_soft_caution_overlay,artifacts_part2_g532/predictions/g532_final_consensus_tape.csv
2020-04-30,0,0.217793761329981,0.2891936473739329,0.347553,0.085585,0.5,0.557286,0.516367,0.0,0.5,0.6,0.836326,0.150539,0.346106,0.419389,0,weak_score,FLAT,0.0,0.0,0.0,0.0,1,0.176642,0.720525,0.2939,0.607331,part2a21_soft_caution_overlay,artifacts_part2_g532/predictions/g532_final_consensus_tape.csv
2020-05-01,0,0.2178306665202353,0.2921638960224013,0.451128,0.197682,0.5,0.569544,0.51987,0.0,0.5,0.6,0.801303,0.144235,0.350862,0.416069,0,weak_score,FLAT,0.0,0.0,0.0,0.0,1,0.213386,0.701256,0.403981,0.64554,part2a21_soft_caution_overlay,artifacts_part2_g532/predictions/g532_final_consensus_tape.csv
2020-05-04,0,0.2212440343333018,0.3668722179316264,-0.03378,0.254967,0.75,0.575495,0.52157,0.0,0.5,0.6,0.7843,0.141174,0.334172,0.427956,0,weak_score,FLAT,0.0,0.0,0.0,0.0,1,0.227941,0.691762,0.468573,0.65,part2a21_soft_caution_overlay,artifacts_part2_g532/predictions/g532_final_consensus_tape.csv
2020-05-05,0,0.2291067446116945,0.5475485111200493,0.026764,0.148037,0.75,0.583242,0.523783,0.0,0.75,0.6,0.762165,0.342974,0.273764,0.477314,0,weak_score,FLAT,0.0,0.0,0.0,0.0,1,0.314801,0.771468,0.470673,0.65,part2a21_soft_caution_overlay,artifacts_part2_g532/predictions/g532_final_consensus_tape.csv
2020-05-06,0,0.2289336333938441,0.5496408456003012,0.288575,0.093853,0.75,0.58077,0.523077,0.0,0.75,0.6,0.769229,0.346153,0.252758,0.497257,0,weak_score,FLAT,0.0,0.0,0.0,0.0,1,0.307596,0.775152,0.444362,0.65,part2a21_soft_caution_overlay,artifacts_part2_g532/predictions/g532_final_consensus_tape.csv
2020-05-07,0,0.2237005079707,0.4328635450091816,0.225861,0.1804,0.75,0.58353,0.523866,0.0,0.75,0.6,0.761344,0.342605,0.252501,0.497511,0,weak_score,FLAT,0.0,0.0,0.0,0.0,1,0.325017,0.772681,0.462011,0.65,part2a21_soft_caution_overlay,artifacts_part2_g532/predictions/g532_final_consensus_tape.csv
2020-05-08,0,0.2217505611035301,0.3991675383748312,0.385627,0.300021,0.75,0.566057,0.518873,0.0,0.75,0.6,0.811267,0.36507,0.260992,0.489244,0,weak_score,FLAT,0.0,0.0,0.0,0.0,1,0.252866,0.796043,0.319407,0.616356,part2a21_soft_caution_overlay,artifacts_part2_g532/predictions/g532_final_consensus_tape.csv
2020-05-11,0,0.2214708262174943,0.3642910374486703,0.45451,0.355333,0.75,0.549475,0.514136,0.0,0.75,0.6,0.858644,0.38639,0.24527,0.504775,0,weak_score,FLAT,0.0,0.0,0.0,0.0,0,0.16575,0.735311,0.211131,0.576926,part2a21_soft_caution_overlay,artifacts_part2_g532/predictions/g532_final_consensus_tape.csv
2020-05-12,0,0.2254249897322984,0.5009409913215759,0.764382,0.534839,0.5,0.571567,0.520448,0.0,0.75,0.6,0.795522,0.357985,0.273047,0.477969,0,weak_score,FLAT,0.0,0.0,0.0,0.0,1,0.272903,0.788035,0.365126,0.632269,part2a21_soft_caution_overlay,artifacts_part2_g532/predictions/g532_final_consensus_tape.csv
2020-05-13,0,0.2269334716748842,0.5235552275485963,0.476532,0.565141,0.5,0.584896,0.524256,0.0,0.75,0.6,0.757441,0.340849,0.249613,0.500387,0,weak_score,FLAT,0.0,0.0,0.0,0.0,1,0.319375,0.768962,0.488576,0.65,part2a21_soft_caution_overlay,artifacts_part2_g532/predictions/g532_final_consensus_tape.csv
2020-05-14,0,0.2249275389121282,0.4592180197183657,0.05347,0.431461,0.75,0.576561,0.521874,0.0,0.75,0.6,0.781255,0.351565,0.259317,0.490854,0,weak_score,FLAT,0.0,0.0,0.0,0.0,1,0.288318,0.780276,0.409605,0.647442,part2a21_soft_caution_overlay,artifacts_part2_g532/predictions/g532_final_consensus_tape.csv
2020-05-15,0,0.2266555425539549,0.501406886845632,0.130691,0.220231,0.75,0.578666,0.522476,0.0,0.75,0.6,0.77524,0.348858,0.213784,0.539043,0,weak_score,FLAT,0.0,0.0,0.0,0.0,1,0.303158,0.778583,0.419854,0.65,part2a21_soft_caution_overlay,artifacts_part2_g532/predictions/g532_final_consensus_tape.csv
2020-05-18,0,0.2219678763093066,0.3966978911615011,0.200869,0.128343,0.75,0.556092,0.516026,0.0,0.75,0.6,0.839736,0.377881,0.277976,0.473506,0,weak_score,FLAT,0.0,0.0,0.0,0.0,1,0.183432,0.72434,0.272239,0.599581,part2a21_soft_caution_overlay,artifacts_part2_g532/predictions/g532_final_consensus_tape.csv
2020-05-19,0,0.2191853212392257,0.3361063937140613,0.599103,0.310221,0.5,0.552812,0.515089,0.0,0.75,0.6,0.84911,0.382099,0.287745,0.464904,0,weak_score,FLAT,0.0,0.0,0.0,0.0,0,0.168985,0.728647,0.247843,0.590754,part2a21_soft_caution_overlay,artifacts_part2_g532/predictions/g532_final_consensus_tape.csv
2020-05-20,0,0.1981812896179911,0.3746814361933633,0.416985,0.405652,0.75,0.562511,0.51786,0.0,0.5,0.6,0.821396,0.147851,0.293869,0.45967,0,weak_score,FLAT,0.0,0.0,0.0,0.0,1,0.209416,0.715496,0.322522,0.617451,part2a21_soft_caution_overlay,artifacts_part2_g532/predictions/g532_final_consensus_tape.csv
2020-05-21,0,0.1959237681357868,0.3708151682483682,0.848375,0.621488,0.5,0.570259,0.520074,0.026547,0.75,0.6,0.799259,0.359666,0.299569,0.454902,0,low_agreement,FLAT,0.0,0.0,0.0,0.0,1,0.265031,0.789354,0.357585,0.629667,part2a21_soft_caution_overlay,artifacts_part2_g532/predictions/g532_final_consensus_tape.csv
2020-05-22,0,0.1976041449065688,0.3758625073655345,0.608216,0.624525,0.75,0.559832,0.517095,0.033344,0.75,0.6,0.829052,0.373073,0.283839,0.468306,1,ok,FLAT,0.0,0.0,0.0,0.0,1,0.19739,0.718966,0.302763,0.610479,part2a21_soft_caution_overlay,artifacts_part2_g532/predictions/g532_final_consensus_tape.csv
2020-05-25,0,0.2053927640227692,0.4631237872329626,0.644568,0.700386,0.5,0.563557,0.518159,0.07066,0.75,0.6,0.818407,0.368283,0.283582,0.468532,0,low_agreement,FLAT,0.0,0.0,0.0,0.0,1,0.208303,0.713058,0.336425,0.622318,part2a21_soft_caution_overlay,artifacts_part2_g532/predictions/g532_final_consensus_tape.csv
2020-05-26,0,0.198103005697015,0.3799889158187284,0.721711,0.658165,0.5,0.556003,0.516001,0.052552,0.75,0.6,0.83999,0.377996,0.257291,0.492814,0,low_agreement,FLAT,0.0,0.0,0.0,0.0,1,0.189079,0.725585,0.265182,0.597039,part2a21_soft_caution_overlay,artifacts_part2_g532/predictions/g532_final_consensus_tape.csv
2020-05-27,0,0.2054940699728946,0.4774047774896295,0.543704,0.636661,0.75,0.560547,0.517299,0.039245,0.75,0.6,0.827009,0.372154,0.221242,0.530512,1,ok,FLAT,0.0,0.0,0.0,0.0,1,0.231323,0.803776,0.275438,0.600731,part2a21_soft_caution_overlay,artifacts_part2_g532/predictions/g532_final_consensus_tape.csv
2020-05-28,0,0.2008364559482993,0.4136210369582793,0.572225,0.612547,0.5,0.559805,0.517087,0.027184,0.75,0.6,0.829128,0.373108,0.224779,0.526561,0,low_agreement,FLAT,0.0,0.0,0.0,0.0,0,0.227662,0.804676,0.270334,0.598896,part2a21_soft_caution_overlay,artifacts_part2_g532/predictions/g532_final_consensus_tape.csv
2020-05-29,0,0.1980027355151272,0.3816475075373309,0.434747,0.516892,0.75,0.552848,0.515099,0.0,0.75,0.6,0.849005,0.382052,0.226294,0.524886,0,weak_score,FLAT,0.0,0.0,0.0,0.0,0,0.177831,0.730222,0.238933,0.587503,part2a21_soft_caution_overlay,artifacts_part2_g532/predictions/g532_final_consensus_tape.csv
2020-06-01,0,0.2111583392500607,0.5043210790062168,0.762198,0.589723,0.75,0.559133,0.516895,0.015761,0.75,0.6,0.831049,0.373972,0.151977,0.621927,1,ok,VOO,0.00055,0.00055,0.00055,0.0,1,0.241127,0.808628,0.24795,0.590793,part2a21_soft_caution_overlay,artifacts_part2_g532/predictions/g532_final_consensus_tape.csv
2020-06-02,0,0.2090072946594492,0.4813218227866267,0.839258,0.678734,0.75,0.563413,0.518118,0.059549,0.75,0.6,0.81882,0.368469,0.128334,0.660792,1,ok,VOO,0.00055,0.00055,0.00055,0.0,1,0.264083,0.803777,0.275432,0.600729,part2a21_soft_caution_overlay,artifacts_part2_g532/predictions/g532_final_consensus_tape.csv
2020-06-03,0,0.2053078253414806,0.4650925947188176,1.004277,0.868577,0.75,0.558393,0.516684,0.159757,0.5,0.6,0.833163,0.149969,0.136337,0.647104,1,ok,VOO,0.00055,0.00055,0.00055,0.0,1,0.198959,0.722329,0.283649,0.603674,part2a21_soft_caution_overlay,artifacts_part2_g532/predictions/g532_final_consensus_tape.csv
2020-06-04,0,0.1974032763539084,0.3907169829506779,1.213754,1.019096,1.0,0.557026,0.516293,0.237816,0.5,0.6,0.837069,0.150672,0.117417,0.680426,1,ok,VOO,0.00055,0.00055,0.00055,0.0,0,0.227171,0.810521,0.237247,0.586887,part2a21_soft_caution_overlay,artifacts_part2_g532/predictions/g532_final_consensus_tape.csv
2020-06-05,0,0.2016622102063723,0.4276636548129122,0.942021,1.053351,0.75,0.559007,0.516859,0.254686,0.5,0.6,0.831408,0.149653,0.16146,0.607592,1,ok,VOO,0.00055,0.00055,0.00055,0.0,1,0.198214,0.72088,0.291884,0.606613,part2a21_soft_caution_overlay,artifacts_part2_g532/predictions/g532_final_consensus_tape.csv
2020-06-08,0,0.1997761555210081,0.4292216264204619,1.216404,1.12406,0.75,0.55691,0.51626,0.29188,0.5,0.6,0.837399,0.150732,0.152619,0.620935,1,ok,VOO,0.004098,0.004098,0.004098,0.0,0,0.218933,0.809227,0.24456,0.589558,part2a21_soft_caution_overlay,artifacts_part2_g532/predictions/g532_final_consensus_tape.csv
2020-06-09,0,0.2137710808841658,0.5701169312263139,1.150166,1.102864,0.75,0.558315,0.516661,0.280452,0.5,0.6,0.833386,0.150009,0.182705,0.577761,1,ok,VOO,0.004098,0.004098,0.004098,0.0,1,0.236079,0.809432,0.243403,0.589136,part2a21_soft_caution_overlay,artifacts_part2_g532/predictions/g532_final_consensus_tape.csv
2020-06-10,0,0.2113627906690506,0.5340644527700485,1.071648,1.146073,0.75,0.554418,0.515548,0.304102,0.5,0.6,0.844521,0.152014,0.208561,0.545184,1,ok,VOO,0.004098,0.004098,0.004098,0.0,0,0.223423,0.815996,0.210369,0.575494,part2a21_soft_caution_overlay,artifacts_part2_g532/predictions/g532_final_consensus_tape.csv
2020-06-11,0,0.1988648037287449,0.413829170683522,1.843264,1.355026,0.5,0.59375,0.526786,0.399358,0.5,0.6,0.732142,0.131786,0.401976,0.38345,0,low_agreement,VOO,0.004098,0.004098,0.004098,0.0,1,0.327396,0.752657,0.605043,0.65,part2a21_soft_caution_overlay,artifacts_part2_g532/predictions/g532_final_consensus_tape.csv
2020-06-12,0,0.1966741505647647,0.354134239407367,0.94802,1.287644,0.75,0.575984,0.52171,0.369883,0.5,0.6,0.782902,0.140922,0.409176,0.379262,1,ok,VOO,0.004098,0.004098,0.004098,0.0,1,0.289591,0.78174,0.401203,0.644598,part2a21_soft_caution_overlay,artifacts_part2_g532/predictions/g532_final_consensus_tape.csv
2020-06-15,0,0.2029674848240111,0.4578269977253943,1.030594,1.273959,0.75,0.57865,0.522471,0.361886,0.5,0.6,0.775285,0.139551,0.41155,0.3779,1,ok,VOO,0.002863,0.002863,0.002863,0.0,1,0.297419,0.777611,0.4268,0.65,part2a21_soft_caution_overlay,artifacts_part2_g532/predictions/g532_final_consensus_tape.csv
2020-06-16,0,0.2098506638977986,0.528560065837392,1.001092,0.993235,0.75,0.55671,0.516203,0.224632,0.5,0.6,0.837972,0.150835,0.422628,0.371676,1,ok,VOO,0.002863,0.002863,0.002863,0.0,1,0.188523,0.723973,0.274321,0.60033,part2a21_soft_caution_overlay,artifacts_part2_g532/predictions/g532_final_consensus_tape.csv
2020-06-17,0,0.1637140186338604,0.4075514903309423,1.24798,1.093222,0.75,0.568612,0.519604,0.271623,0.5,0.6,0.803965,0.144714,0.41297,0.377091,1,ok,VOO,0.002863,0.002863,0.002863,0.0,1,0.257815,0.791518,0.345216,0.62538,part2a21_soft_caution_overlay,artifacts_part2_g532/predictions/g532_final_consensus_tape.csv
2020-06-18,0,0.1599694217151204,0.3738764696860182,1.193111,1.147395,0.75,0.574137,0.521182,0.297663,0.5,0.6,0.78818,0.141872,0.412835,0.377168,1,ok,VOO,0.002863,0.002863,0.002863,0.0,1,0.270658,0.782146,0.398872,0.643808,part2a21_soft_caution_overlay,artifacts_part2_g532/predictions/g532_final_consensus_tape.csv
2020-06-19,0,0.1728960197360018,0.3653403674543847,1.256552,1.232548,0.5,0.572023,0.520578,0.3426,0.5,0.6,0.794219,0.142959,0.374885,0.400074,0,low_agreement,VOO,0.002863,0.002863,0.002863,0.0,1,0.277184,0.787862,0.366118,0.632611,part2a21_soft_caution_overlay,artifacts_part2_g532/predictions/g532_final_consensus_tape.csv
2020-06-22,0,0.1780575203856232,0.38530097159136,1.03941,1.163025,0.75,0.56299,0.517997,0.309774,0.5,0.6,0.820029,0.147605,0.371292,0.402387,1,ok,VOO,0.00276,0.00276,0.00276,0.0,1,0.20427,0.713516,0.333814,0.621406,part2a21_soft_caution_overlay,artifacts_part2_g532/predictions/g532_final_consensus_tape.csv
2020-06-23,0,0.1997991911257638,0.4245117731239621,1.129492,1.141818,0.75,0.567748,0.519357,0.297099,0.5,0.6,0.806433,0.145158,0.372574,0.401559,1,ok,VOO,0.00276,0.00276,0.00276,0.0,1,0.217783,0.705897,0.377368,0.636475,part2a21_soft_caution_overlay,artifacts_part2_g532/predictions/g532_final_consensus_tape.csv
2020-06-24,0,0.1701507205573167,0.3796768472895286,1.475978,1.21496,0.5,0.579886,0.522824,0.330748,0.75,0.6,0.771756,0.34729,0.389969,0.390644,0,low_agreement,VOO,0.00276,0.00276,0.00276,0.0,1,0.238869,0.684894,0.517636,0.65,part2a21_soft_caution_overlay,artifacts_part2_g532/predictions/g532_final_consensus_tape.csv
2020-06-25,0,0.2545141804515066,0.432981216058242,0.871341,1.158937,0.75,0.578444,0.522413,0.302095,0.75,0.6,0.775874,0.349143,0.219878,0.532054,1,ok,VOO,0.00276,0.00276,0.00276,0.0,1,0.299521,0.778391,0.421228,0.65,part2a21_soft_caution_overlay,artifacts_part2_g532/predictions/g532_final_consensus_tape.csv
2020-06-26,0,0.1907257960304582,0.3910755938420643,1.356472,1.234597,0.5,0.578566,0.522447,0.341428,0.75,0.6,0.775526,0.348987,0.25241,0.497602,0,low_agreement,VOO,0.00276,0.00276,0.00276,0.0,1,0.246678,0.688899,0.489024,0.65,part2a21_soft_caution_overlay,artifacts_part2_g532/predictions/g532_final_consensus_tape.csv
2020-06-29,0,0.2007006396721178,0.4067370862801032,0.607554,0.945122,0.75,0.569757,0.519931,0.194465,0.75,0.6,0.800693,0.360312,0.257519,0.492592,1,ok,VOO,0.005177,0.005177,0.005177,0.0,1,0.261466,0.789759,0.355269,0.628866,part2a21_soft_caution_overlay,artifacts_part2_g532/predictions/g532_final_consensus_tape.csv
2020-06-30,0,0.2374208711988596,0.4210620751941459,0.688601,0.884209,0.75,0.567021,0.519149,0.164093,0.75,0.6,0.808512,0.363831,0.243541,0.506543,1,ok,VOO,0.005177,0.005177,0.005177,0.0,1,0.255883,0.79455,0.327914,0.619342,part2a21_soft_caution_overlay,artifacts_part2_g532/predictions/g532_final_consensus_tape.csv
2020-07-01,0,0.2415643339038636,0.478075131318403,0.831857,0.709337,0.75,0.576666,0.521904,0.06898,0.75,0.6,0.780956,0.35143,0.246943,0.503076,1,ok,VOO,0.005177,0.005177,0.005177,0.0,1,0.279746,0.778487,0.42054,0.65,part2a21_soft_caution_overlay,artifacts_part2_g532/predictions/g532_final_consensus_tape.csv
2020-07-02,0,0.2269296021388627,0.4492769740006945,1.014739,0.845066,0.75,0.570492,0.52014,0.142303,0.75,0.6,0.798595,0.359368,0.247637,0.502374,1,ok,VOO,0.005177,0.005177,0.005177,0.0,1,0.266806,0.78919,0.358522,0.629991,part2a21_soft_caution_overlay,artifacts_part2_g532/predictions/g532_final_consensus_tape.csv
2020-07-03,0,0.2196280515724406,0.4565521873669886,1.114456,0.987017,0.5,0.57221,0.520632,0.215172,0.75,0.6,0.793685,0.357158,0.244988,0.505062,0,low_agreement,VOO,0.005177,0.005177,0.005177,0.0,1,0.265272,0.785244,0.381109,0.637755,part2a21_soft_caution_overlay,artifacts_part2_g532/predictions/g532_final_consensus_tape.csv
2020-07-06,0,0.2174210760672606,0.4204135670681972,0.840792,0.989996,0.75,0.564933,0.518552,0.219663,0.75,0.6,0.814478,0.366515,0.256287,0.493791,1,ok,VOO,0.005963,0.005963,0.005963,0.0,1,0.253768,0.798608,0.304799,0.611201,part2a21_soft_caution_overlay,artifacts_part2_g532/predictions/g532_final_consensus_tape.csv
2020-07-07,0,0.1862170069115305,0.4078486405920323,1.268961,1.074736,0.5,0.572774,0.520792,0.260459,0.75,0.6,0.792076,0.356434,0.266817,0.483731,0,low_agreement,VOO,0.005963,0.005963,0.005963,0.0,1,0.229372,0.697456,0.427907,0.65,part2a21_soft_caution_overlay,artifacts_part2_g532/predictions/g532_final_consensus_tape.csv
2020-07-08,0,0.2581587120016665,0.4374768213391862,0.957264,1.022339,0.75,0.572247,0.520642,0.23348,0.75,0.6,0.79358,0.357111,0.21906,0.532981,1,ok,VOO,0.005963,0.005963,0.005963,0.0,1,0.282808,0.788434,0.362847,0.631483,part2a21_soft_caution_overlay,artifacts_part2_g532/predictions/g532_final_consensus_tape.csv
2020-07-09,0,0.1720381707383909,0.3353047332787842,1.022648,1.082958,0.75,0.567642,0.519326,0.266677,0.75,0.6,0.806737,0.363032,0.223149,0.528375,1,ok,VOO,0.005963,0.005963,0.005963,0.0,1,0.210001,0.704673,0.384377,0.638872,part2a21_soft_caution_overlay,artifacts_part2_g532/predictions/g532_final_consensus_tape.csv
2020-07-10,0,0.1866529477906623,0.3320508273168878,1.117194,1.032369,0.75,0.565356,0.518673,0.241395,0.75,0.6,0.813268,0.365971,0.161889,0.60696,1,ok,VOO,0.005963,0.005963,0.005963,0.0,1,0.216256,0.710708,0.349846,0.626987,part2a21_soft_caution_overlay,artifacts_part2_g532/predictions/g532_final_consensus_tape.csv
2020-07-13,0,0.1791424284885799,0.3507165760587551,1.389807,1.17655,0.5,0.560276,0.517222,0.317712,0.75,0.6,0.827784,0.372503,0.172972,0.591055,0,low_agreement,FLAT,0.0,0.0,0.0,0.0,1,0.235806,0.805193,0.267404,0.59784,part2a21_soft_caution_overlay,artifacts_part2_g532/predictions/g532_final_consensus_tape.csv
2020-07-14,0,0.2053321349054571,0.3593831975892643,0.894871,1.133957,0.75,0.557113,0.516318,0.296901,0.75,0.6,0.83682,0.376569,0.169964,0.595289,1,ok,FLAT,0.0,0.0,0.0,0.0,0,0.225861,0.81009,0.239684,0.587778,part2a21_soft_caution_overlay,artifacts_part2_g532/predictions/g532_final_consensus_tape.csv
2020-07-15,0,0.1627099134478805,0.2346805638069453,1.130228,1.138302,0.75,0.552551,0.515015,0.300778,0.75,0.6,0.849854,0.382434,0.170682,0.594273,1,ok,FLAT,0.0,0.0,0.0,0.0,0,0.207686,0.819221,0.206764,0.568716,part2a21_soft_caution_overlay,artifacts_part2_g532/predictions/g532_final_consensus_tape.csv
2020-07-16,0,0.1633584838977739,0.2375696661840213,1.236642,1.087247,0.5,0.55324,0.515211,0.274305,0.75,0.6,0.847887,0.381549,0.174019,0.589596,0,low_agreement,FLAT,0.0,0.0,0.0,0.0,0,0.212425,0.817419,0.208782,0.572509,part2a21_soft_caution_overlay,artifacts_part2_g532/predictions/g532_final_consensus_tape.csv
2020-07-17,0,0.1461342499517841,0.163509819271949,1.102619,1.156496,0.5,0.553919,0.515406,0.309636,0.75,0.6,0.845944,0.380675,0.17348,0.590347,0,low_agreement,FLAT,0.0,0.0,0.0,0.0,0,0.221893,0.818398,0.207686,0.570451,part2a21_soft_caution_overlay,artifacts_part2_g532/predictions/g532_final_consensus_tape.csv
2020-07-20,0,0.1482531917987423,0.1723447800391961,0.779481,1.03958,0.5,0.553117,0.515176,0.249868,0.75,0.6,0.848237,0.381707,0.157908,0.612883,0,low_agreement,FLAT,0.0,0.0,0.0,0.0,0,0.21377,0.819001,0.20701,0.569179,part2a21_soft_caution_overlay,artifacts_part2_g532/predictions/g532_final_consensus_tape.csv
2020-07-21,0,0.1400733475334875,0.1593606448140412,1.432447,1.104849,0.75,0.55366,0.515331,0.283192,0.75,0.6,0.846685,0.381008,0.132929,0.652863,1,ok,FLAT,0.0,0.0,0.0,0.0,0,0.215872,0.816635,0.209656,0.574154,part2a21_soft_caution_overlay,artifacts_part2_g532/predictions/g532_final_consensus_tape.csv
2020-07-22,0,0.1382585568989451,0.1546806722268793,1.174645,1.128857,0.5,0.552189,0.514911,0.29606,0.75,0.6,0.850889,0.3829,0.129819,0.658209,0,low_agreement,FLAT,0.0,0.0,0.0,0.0,0,0.212271,0.8242,0.201143,0.558149,part2a21_soft_caution_overlay,artifacts_part2_g532/predictions/g532_final_consensus_tape.csv
2020-07-23,0,0.1532763767947845,0.188268742449061,1.610509,1.405867,0.75,0.551444,0.514698,0.43849,0.65,0.6,0.853017,0.332676,0.142706,0.636609,0,high_risk_veto,FLAT,0.0,0.0,0.0,0.0,0,0.200111,0.822124,0.203494,0.562569,part2a21_soft_caution_overlay,artifacts_part2_g532/predictions/g532_final_consensus_tape.csv
2020-07-24,0,0.167363776325211,0.2066518359872506,1.242007,1.342387,0.75,0.552014,0.514861,0.405738,0.65,0.6,0.851389,0.332042,0.13762,0.644962,0,high_risk_veto,FLAT,0.0,0.0,0.0,0.0,0,0.204797,0.821082,0.20467,0.56478,part2a21_soft_caution_overlay,artifacts_part2_g532/predictions/g532_final_consensus_tape.csv
2020-07-27,0,0.1501930801835194,0.1723315155808215,0.88766,1.246725,0.5,0.549468,0.514134,0.35747,0.65,0.6,0.858662,0.334878,0.12853,0.66045,0,high_risk_veto,FLAT,0.0,0.0,0.0,0.0,0,0.196529,0.832821,0.191252,0.539553,part2a21_soft_caution_overlay,artifacts_part2_g532/predictions/g532_final_consensus_tape.csv
2020-07-28,0,0.1489569299808075,0.1803721877791186,1.286433,1.1387,0.75,0.550982,0.514566,0.301546,0.65,0.6,0.854338,0.333192,0.123977,0.668491,0,high_risk_veto,FLAT,0.0,0.0,0.0,0.0,0,0.199874,0.824994,0.20024,0.556452,part2a21_soft_caution_overlay,artifacts_part2_g532/predictions/g532_final_consensus_tape.csv
2020-07-29,0,0.1574899805891813,0.1832894199888502,0.921886,1.031993,0.5,0.551389,0.514683,0.246639,0.65,0.6,0.853173,0.332737,0.127271,0.662654,0,high_risk_veto,FLAT,0.0,0.0,0.0,0.0,0,0.202664,0.823933,0.201446,0.558719,part2a21_soft_caution_overlay,artifacts_part2_g532/predictions/g532_final_consensus_tape.csv
2020-07-30,0,0.1577750733033279,0.2126207055955976,1.134586,1.114302,0.5,0.550052,0.514301,0.289366,0.65,0.6,0.856993,0.334227,0.128729,0.660102,0,high_risk_veto,FLAT,0.0,0.0,0.0,0.0,0,0.199172,0.830574,0.19385,0.544437,part2a21_soft_caution_overlay,artifacts_part2_g532/predictions/g532_final_consensus_tape.csv
2020-07-31,0,0.1648976864111863,0.2280283844377441,0.922534,0.993002,0.5,0.549362,0.514103,0.227433,0.65,0.6,0.858965,0.334996,0.134101,0.650871,0,high_risk_veto,FLAT,0.0,0.0,0.0,0.0,0,0.195262,0.832791,0.191286,0.539619,part2a21_soft_caution_overlay,artifacts_part2_g532/predictions/g532_final_consensus_tape.csv
2020-08-03,0,0.1644240490800882,0.218556097049038,1.059358,1.038826,0.5,0.549526,0.51415,0.250862,0.65,0.6,0.858496,0.334814,0.132948,0.65283,0,high_risk_veto,FLAT,0.0,0.0,0.0,0.0,0,0.195204,0.831715,0.192532,0.541961,part2a21_soft_caution_overlay,artifacts_part2_g532/predictions/g532_final_consensus_tape.csv
2020-08-04,0,0.1596115032723506,0.2109166971773297,1.197517,1.059803,0.5,0.550291,0.514369,0.261327,0.65,0.6,0.856311,0.333961,0.132943,0.652838,0,high_risk_veto,FLAT,0.0,0.0,0.0,0.0,0,0.198681,0.82877,0.195925,0.548339,part2a21_soft_caution_overlay,artifacts_part2_g532/predictions/g532_final_consensus_tape.csv
2020-08-05,0,0.1541234447323217,0.1774090350842381,1.23562,1.164165,0.5,0.549759,0.514217,0.315041,0.65,0.6,0.85783,0.334554,0.138533,0.643446,0,high_risk_veto,FLAT,0.0,0.0,0.0,0.0,0,0.200198,0.83301,0.191032,0.53914,part2a21_soft_caution_overlay,artifacts_part2_g532/predictions/g532_final_consensus_tape.csv
2020-08-06,0,0.1585506092514228,0.193569840066314,1.014893,1.149343,0.5,0.551337,0.514668,0.30688,0.65,0.6,0.853324,0.332796,0.114447,0.685971,0,high_risk_veto,FLAT,0.0,0.0,0.0,0.0,0,0.209351,0.828053,0.196748,0.549886,part2a21_soft_caution_overlay,artifacts_part2_g532/predictions/g532_final_consensus_tape.csv
2020-08-07,0,0.158353772288105,0.1965931322771646,1.441012,1.230508,0.75,0.550337,0.514382,0.348866,0.65,0.6,0.856181,0.333911,0.10292,0.708376,0,high_risk_veto,FLAT,0.0,0.0,0.0,0.0,0,0.206196,0.832678,0.191417,0.539864,part2a21_soft_caution_overlay,artifacts_part2_g532/predictions/g532_final_consensus_tape.csv
2020-08-10,0,0.1573808294640203,0.1975419397752563,1.279043,1.244983,0.75,0.550245,0.514356,0.35632,0.65,0.6,0.856442,0.334013,0.09933,0.715655,0,high_risk_veto,FLAT,0.0,0.0,0.0,0.0,0,0.204085,0.832085,0.192104,0.541155,part2a21_soft_caution_overlay,artifacts_part2_g532/predictions/g532_final_consensus_tape.csv
2020-08-11,0,0.1711083528080914,0.2212870897592465,1.423857,1.381304,0.75,0.551119,0.514606,0.42598,0.65,0.6,0.853944,0.333038,0.08723,0.741334,0,high_risk_veto,FLAT,0.0,0.0,0.0,0.0,0,0.20363,0.826228,0.198835,0.55381,part2a21_soft_caution_overlay,artifacts_part2_g532/predictions/g532_final_consensus_tape.csv
2020-08-12,0,0.1838119569439739,0.2358235536025885,0.681347,1.128082,0.5,0.553936,0.51541,0.29503,0.65,0.6,0.845898,0.3299,0.103506,0.707201,0,high_risk_veto,FLAT,0.0,0.0,0.0,0.0,0,0.232229,0.824197,0.201147,0.558156,part2a21_soft_caution_overlay,artifacts_part2_g532/predictions/g532_final_consensus_tape.csv
2020-08-13,0,0.1790319819957255,0.2128401263658174,1.100903,1.068702,0.5,0.551271,0.514649,0.265523,0.65,0.6,0.853513,0.33287,0.092639,0.729631,0,high_risk_veto,FLAT,0.0,0.0,0.0,0.0,0,0.21743,0.832989,0.191056,0.539186,part2a21_soft_caution_overlay,artifacts_part2_g532/predictions/g532_final_consensus_tape.csv
2020-08-14,0,0.1793821384068988,0.2200075024244473,1.146792,0.976347,0.75,0.5499,0.514257,0.21868,0.65,0.6,0.857428,0.334397,0.09459,0.7255,0,high_risk_veto,FLAT,0.0,0.0,0.0,0.0,0,0.21032,0.837711,0.185546,0.528827,part2a21_soft_caution_overlay,artifacts_part2_g532/predictions/g532_final_consensus_tape.csv
2020-08-17,0,0.1778056797179371,0.2162915395838889,1.043827,1.097174,0.5,0.550137,0.514325,0.280552,0.65,0.6,0.856752,0.334133,0.09412,0.72649,0,high_risk_veto,FLAT,0.0,0.0,0.0,0.0,0,0.211941,0.837117,0.186243,0.530137,part2a21_soft_caution_overlay,artifacts_part2_g532/predictions/g532_final_consensus_tape.csv
2020-08-18,0,0.1799626322463043,0.2168581178714597,1.054421,1.08168,0.5,0.549201,0.514057,0.272954,0.65,0.6,0.859425,0.335176,0.09449,0.725711,0,high_risk_veto,FLAT,0.0,0.0,0.0,0.0,0,0.211434,0.842675,0.179681,0.5178,part2a21_soft_caution_overlay,artifacts_part2_g532/predictions/g532_final_consensus_tape.csv
2020-08-19,0,0.1956793655946833,0.3089725371664316,1.3,1.13275,0.75,0.548002,0.513715,0.299564,0.65,0.6,0.862852,0.336512,0.093137,0.728572,0,high_risk_veto,FLAT,0.0,0.0,0.0,0.0,0,0.201893,0.844925,0.176997,0.512754,part2a21_soft_caution_overlay,artifacts_part2_g532/predictions/g532_final_consensus_tape.csv
2020-08-20,0,0.1965325270965209,0.2971533058383368,0.946206,1.100209,0.5,0.550102,0.514315,0.282121,0.65,0.6,0.856853,0.334173,0.091757,0.731513,0,high_risk_veto,FLAT,0.0,0.0,0.0,0.0,0,0.213602,0.838249,0.184915,0.527639,part2a21_soft_caution_overlay,artifacts_part2_g532/predictions/g532_final_consensus_tape.csv
2020-08-21,0,0.1948992859834058,0.2864993209193549,1.031754,1.092654,0.5,0.550181,0.514338,0.278217,0.65,0.6,0.856624,0.334084,0.09181,0.7314,0,high_risk_veto,FLAT,0.0,0.0,0.0,0.0,0,0.211181,0.836417,0.187063,0.531678,part2a21_soft_caution_overlay,artifacts_part2_g532/predictions/g532_final_consensus_tape.csv
2020-08-24,0,0.199084262157725,0.3216851748446704,1.151107,1.043023,0.5,0.549862,0.514246,0.252885,0.65,0.6,0.857537,0.334439,0.103666,0.706881,0,high_risk_veto,FLAT,0.0,0.0,0.0,0.0,0,0.209038,0.837246,0.186091,0.529852,part2a21_soft_caution_overlay,artifacts_part2_g532/predictions/g532_final_consensus_tape.csv
2020-08-25,0,0.1925653615317606,0.3029052277222164,1.175177,1.119346,0.5,0.550421,0.514406,0.29182,0.65,0.6,0.855941,0.333817,0.096392,0.721726,0,high_risk_veto,FLAT,0.0,0.0,0.0,0.0,0,0.216263,0.837707,0.185551,0.528836,part2a21_soft_caution_overlay,artifacts_part2_g532/predictions/g532_final_consensus_tape.csv
2020-08-26,0,0.2065009695667973,0.3436386127062478,0.891689,1.072658,0.5,0.546371,0.513249,0.269389,0.65,0.6,0.867512,0.33833,0.076454,0.765806,0,high_risk_veto,FLAT,0.0,0.0,0.0,0.0,0,0.16898,0.757159,0.186194,0.530045,part2a21_soft_caution_overlay,artifacts_part2_g532/predictions/g532_final_consensus_tape.csv
2020-08-27,0,0.2309227276534116,0.4744110005552029,1.364178,1.143681,0.75,0.545937,0.513125,0.305898,0.65,0.6,0.868752,0.338813,0.075868,0.767182,0,high_risk_veto,FLAT,0.0,0.0,0.0,0.0,0,0.166,0.758246,0.184917,0.527644,part2a21_soft_caution_overlay,artifacts_part2_g532/predictions/g532_final_consensus_tape.csv
2020-08-28,0,0.2082123124190954,0.3542381113889028,1.177612,1.144493,0.5,0.546939,0.513411,0.305958,0.65,0.6,0.865889,0.337697,0.072635,0.77487,0,high_risk_veto,FLAT,0.0,0.0,0.0,0.0,0,0.172322,0.755423,0.188224,0.533862,part2a21_soft_caution_overlay,artifacts_part2_g532/predictions/g532_final_consensus_tape.csv
2020-08-31,0,0.2373556433009201,0.50243341607246,1.189235,1.243675,0.5,0.552254,0.51493,0.354985,0.65,0.6,0.850702,0.331774,0.084167,0.748129,0,high_risk_veto,FLAT,0.0,0.0,0.0,0.0,1,0.187213,0.733246,0.221859,0.581234,part2a21_soft_caution_overlay,artifacts_part2_g532/predictions/g532_final_consensus_tape.csv
2020-09-01,0,0.2267009011081394,0.4399985600063932,1.066918,1.144589,0.5,0.554998,0.515714,0.303131,0.65,0.6,0.842862,0.328716,0.083195,0.750312,0,high_risk_veto,FLAT,0.0,0.0,0.0,0.0,1,0.196101,0.729044,0.245594,0.589935,part2a21_soft_caution_overlay,artifacts_part2_g532/predictions/g532_final_consensus_tape.csv
2020-09-02,0,0.2295159090236278,0.4606056866940803,1.179788,1.145314,0.5,0.547832,0.513666,0.306061,0.65,0.6,0.863337,0.336702,0.084645,0.747061,0,high_risk_veto,FLAT,0.0,0.0,0.0,0.0,0,0.171884,0.749504,0.195082,0.546754,part2a21_soft_caution_overlay,artifacts_part2_g532/predictions/g532_final_consensus_tape.csv
2020-09-03,0,0.2145333649339691,0.4030835103821668,2.244443,1.49705,0.75,0.58243,0.523551,0.476968,0.75,0.6,0.764487,0.344019,0.228667,0.522284,1,ok,FLAT,0.0,0.0,0.0,0.0,1,0.313864,0.77293,0.460234,0.65,part2a21_soft_caution_overlay,artifacts_part2_g532/predictions/g532_final_consensus_tape.csv
2020-09-04,0,0.2076596652036922,0.3613522046123128,1.476915,1.633716,0.75,0.581544,0.523298,0.548447,0.75,0.6,0.767018,0.345158,0.22961,0.521257,1,ok,FLAT,0.0,0.0,0.0,0.0,1,0.312641,0.774487,0.44911,0.65,part2a21_soft_caution_overlay,artifacts_part2_g532/predictions/g532_final_consensus_tape.csv
2020-09-07,0,0.2088314981674489,0.3766752154273088,1.195348,1.638902,0.75,0.565106,0.518602,0.554964,0.75,0.6,0.813984,0.366293,0.222565,0.529027,1,ok,VOO,0.016131,0.016131,0.016131,0.0,1,0.217421,0.711459,0.345557,0.625498,part2a21_soft_caution_overlay,artifacts_part2_g532/predictions/g532_final_consensus_tape.csv
2020-09-08,0,0.1951276380101037,0.3031133180299128,1.860139,1.510801,0.75,0.575038,0.521439,0.48612,0.75,0.6,0.785606,0.353523,0.265775,0.484707,1,ok,VOO,0.016131,0.016131,0.016131,0.0,1,0.286604,0.783198,0.392835,0.641756,part2a21_soft_caution_overlay,artifacts_part2_g532/predictions/g532_final_consensus_tape.csv
2020-09-09,0,0.1831830492011228,0.2461599084680926,0.398509,1.151332,0.5,0.567251,0.519215,0.302202,0.75,0.6,0.807853,0.363534,0.283307,0.468773,0,low_agreement,VOO,0.016131,0.016131,0.016131,0.0,1,0.262082,0.795215,0.324125,0.618014,part2a21_soft_caution_overlay,artifacts_part2_g532/predictions/g532_final_consensus_tape.csv
2020-09-10,0,0.1621138691049692,0.179903796259089,1.323859,1.194169,0.75,0.577622,0.522178,0.320721,0.75,0.6,0.778223,0.350201,0.290544,0.462497,1,ok,VOO,0.016131,0.016131,0.016131,0.0,1,0.285185,0.777526,0.427401,0.65,part2a21_soft_caution_overlay,artifacts_part2_g532/predictions/g532_final_consensus_tape.csv
2020-09-11,0,0.1716897317868772,0.2245887344605542,1.01524,0.912536,0.75,0.573641,0.52104,0.175925,0.75,0.6,0.789598,0.355319,0.286638,0.465863,1,ok,VOO,0.016131,0.016131,0.016131,0.0,1,0.278359,0.784636,0.38459,0.638945,part2a21_soft_caution_overlay,artifacts_part2_g532/predictions/g532_final_consensus_tape.csv
2020-09-14,0,0.1616388549050856,0.1725925187448443,0.624805,0.987968,0.5,0.575657,0.521616,0.214261,0.75,0.6,0.783837,0.352727,0.302569,0.452432,0,low_agreement,FLAT,0.0,0.0,0.0,0.0,1,0.278286,0.780331,0.409288,0.647335,part2a21_soft_caution_overlay,artifacts_part2_g532/predictions/g532_final_consensus_tape.csv
2020-09-15,0,0.1644273968829676,0.1797708268480772,0.791185,0.81041,0.5,0.569937,0.519982,0.124593,0.75,0.6,0.800179,0.360081,0.302215,0.452722,0,low_agreement,FLAT,0.0,0.0,0.0,0.0,1,0.266218,0.790261,0.352397,0.627872,part2a21_soft_caution_overlay,artifacts_part2_g532/predictions/g532_final_consensus_tape.csv
2020-09-16,0,0.1632695998227929,0.159093744011928,1.377627,0.931206,0.75,0.573144,0.520898,0.185827,0.75,0.6,0.791018,0.355958,0.287711,0.464934,1,ok,FLAT,0.0,0.0,0.0,0.0,1,0.278384,0.785699,0.378499,0.636862,part2a21_soft_caution_overlay,artifacts_part2_g532/predictions/g532_final_consensus_tape.csv
2020-09-17,0,0.1755090443670586,0.2012685721201159,1.328313,1.165708,0.75,0.556761,0.516217,0.313367,0.75,0.6,0.837827,0.377022,0.231727,0.518967,1,ok,FLAT,0.0,0.0,0.0,0.0,0,0.216114,0.80902,0.24573,0.589984,part2a21_soft_caution_overlay,artifacts_part2_g532/predictions/g532_final_consensus_tape.csv
2020-09-18,0,0.1728134438655247,0.1952662391488482,1.213045,1.306328,0.75,0.559591,0.517026,0.384835,0.75,0.6,0.82974,0.373383,0.235413,0.515025,1,ok,FLAT,0.0,0.0,0.0,0.0,0,0.228618,0.805312,0.26673,0.597597,part2a21_soft_caution_overlay,artifacts_part2_g532/predictions/g532_final_consensus_tape.csv
2020-09-21,0,0.171109021972957,0.1995228602390568,0.732554,1.091304,0.5,0.562528,0.517865,0.272921,0.75,0.6,0.821349,0.369607,0.238963,0.511286,0,low_agreement,FLAT,0.0,0.0,0.0,0.0,1,0.234651,0.80017,0.295918,0.608049,part2a21_soft_caution_overlay,artifacts_part2_g532/predictions/g532_final_consensus_tape.csv
2020-09-22,0,0.184006905579158,0.2554393286613332,0.4884,0.811333,0.5,0.55645,0.516129,0.131143,0.75,0.6,0.838714,0.377421,0.201572,0.553621,0,low_agreement,FLAT,0.0,0.0,0.0,0.0,0,0.21587,0.809638,0.242236,0.58871,part2a21_soft_caution_overlay,artifacts_part2_g532/predictions/g532_final_consensus_tape.csv
2020-09-23,0,0.1761413380165619,0.2160208024215982,1.276545,0.8325,0.5,0.558814,0.516804,0.140989,0.75,0.6,0.831961,0.374383,0.194867,0.561966,0,low_agreement,FLAT,0.0,0.0,0.0,0.0,0,0.222196,0.805772,0.264121,0.596655,part2a21_soft_caution_overlay,artifacts_part2_g532/predictions/g532_final_consensus_tape.csv
2020-09-24,0,0.1903220686525635,0.2820435833858808,0.536652,0.767199,0.75,0.561715,0.517633,0.106013,0.75,0.6,0.823671,0.370652,0.181032,0.580003,1,ok,FLAT,0.0,0.0,0.0,0.0,1,0.23232,0.801469,0.288534,0.605419,part2a21_soft_caution_overlay,artifacts_part2_g532/predictions/g532_final_consensus_tape.csv
2020-09-25,0,0.1801019456698535,0.2292711582826161,0.207132,0.673443,0.75,0.560845,0.517384,0.058065,0.75,0.6,0.826156,0.37177,0.20235,0.55267,1,ok,FLAT,0.0,0.0,0.0,0.0,0,0.226915,0.802316,0.283724,0.6037,part2a21_soft_caution_overlay,artifacts_part2_g532/predictions/g532_final_consensus_tape.csv
2020-09-28,0,0.1767241637779016,0.2307845517068601,0.446514,0.396766,0.5,0.56634,0.518954,0.0,0.75,0.6,0.810458,0.364706,0.208965,0.544703,0,weak_score,FLAT,0.0,0.0,0.0,0.0,1,0.252663,0.795402,0.323061,0.61764,part2a21_soft_caution_overlay,artifacts_part2_g532/predictions/g532_final_consensus_tape.csv
2020-09-29,0,0.1636958535991469,0.1832737746026833,0.937333,0.530326,0.75,0.560567,0.517305,0.0,0.75,0.6,0.826952,0.372128,0.207076,0.546956,0,weak_score,FLAT,0.0,0.0,0.0,0.0,1,0.23052,0.803584,0.276529,0.601122,part2a21_soft_caution_overlay,artifacts_part2_g532/predictions/g532_final_consensus_tape.csv
2020-09-30,0,0.1778308792857119,0.2290860508544382,0.735651,0.706499,0.5,0.556275,0.516079,0.077287,0.75,0.6,0.839214,0.377646,0.216129,0.536332,0,low_agreement,FLAT,0.0,0.0,0.0,0.0,0,0.227923,0.812266,0.227389,0.583271,part2a21_soft_caution_overlay,artifacts_part2_g532/predictions/g532_final_consensus_tape.csv
2020-10-01,0,0.1745011312374044,0.2156985242912933,0.680486,0.78449,0.5,0.553425,0.515264,0.118704,0.75,0.6,0.847358,0.381311,0.212986,0.539973,0,low_agreement,FLAT,0.0,0.0,0.0,0.0,0,0.215612,0.818038,0.208089,0.571208,part2a21_soft_caution_overlay,artifacts_part2_g532/predictions/g532_final_consensus_tape.csv
2020-10-02,0,0.1737220318598509,0.2055270365415873,1.516064,0.977401,0.75,0.551902,0.514829,0.218417,0.75,0.6,0.851709,0.383269,0.209631,0.543915,1,ok,FLAT,0.0,0.0,0.0,0.0,0,0.203388,0.821008,0.204754,0.564938,part2a21_soft_caution_overlay,artifacts_part2_g532/predictions/g532_final_consensus_tape.csv
2020-10-05,0,0.1870729598611347,0.251430234421498,0.727347,0.974632,0.5,0.560528,0.517294,0.213514,0.75,0.6,0.827063,0.372178,0.22249,0.529112,0,low_agreement,FLAT,0.0,0.0,0.0,0.0,1,0.240478,0.805527,0.26551,0.597157,part2a21_soft_caution_overlay,artifacts_part2_g532/predictions/g532_final_consensus_tape.csv
2020-10-06,0,0.1727005052264802,0.1858319428176875,1.461211,1.234874,0.75,0.565698,0.518771,0.345952,0.75,0.6,0.81229,0.365531,0.242883,0.50722,1,ok,FLAT,0.0,0.0,0.0,0.0,1,0.248059,0.79591,0.320165,0.616622,part2a21_soft_caution_overlay,artifacts_part2_g532/predictions/g532_final_consensus_tape.csv
2020-10-07,0,0.1972036031255782,0.2207183613811771,0.844296,1.010951,0.5,0.567253,0.519215,0.229569,0.75,0.6,0.807847,0.363531,0.211581,0.541617,0,low_agreement,FLAT,0.0,0.0,0.0,0.0,1,0.252327,0.793391,0.334526,0.621655,part2a21_soft_caution_overlay,artifacts_part2_g532/predictions/g532_final_consensus_tape.csv
2020-10-08,0,0.1792296310833354,0.1434358437801311,1.137901,1.147803,0.5,0.56688,0.519109,0.30051,0.75,0.6,0.808913,0.364011,0.210405,0.543,0,low_agreement,FLAT,0.0,0.0,0.0,0.0,1,0.248555,0.793482,0.334004,0.621473,part2a21_soft_caution_overlay,artifacts_part2_g532/predictions/g532_final_consensus_tape.csv
2020-10-09,0,0.1677566120105439,0.1386046046364844,0.939454,0.973884,0.5,0.564367,0.518391,0.211567,0.75,0.6,0.816093,0.367242,0.205978,0.548272,0,low_agreement,FLAT,0.0,0.0,0.0,0.0,1,0.237708,0.796817,0.314998,0.614804,part2a21_soft_caution_overlay,artifacts_part2_g532/predictions/g532_final_consensus_tape.csv
2020-10-12,0,0.164929551973973,0.1260602400429216,0.768615,0.948657,0.5,0.567884,0.519395,0.197076,0.75,0.6,0.806047,0.362721,0.203511,0.551254,0,low_agreement,FLAT,0.0,0.0,0.0,0.0,1,0.251031,0.791806,0.343573,0.624808,part2a21_soft_caution_overlay,artifacts_part2_g532/predictions/g532_final_consensus_tape.csv
2020-10-13,0,0.1785876392768402,0.1479205755676492,1.337943,1.015337,0.75,0.566909,0.519117,0.231975,0.75,0.6,0.80883,0.363974,0.207507,0.54644,1,ok,FLAT,0.0,0.0,0.0,0.0,1,0.246451,0.793028,0.336596,0.622378,part2a21_soft_caution_overlay,artifacts_part2_g532/predictions/g532_final_consensus_tape.csv
2020-10-14,0,0.1905090523342917,0.1923827660215716,1.487249,1.197936,0.75,0.566734,0.519067,0.326495,0.75,0.6,0.809332,0.364199,0.214319,0.538423,1,ok,FLAT,0.0,0.0,0.0,0.0,1,0.252107,0.794457,0.328445,0.619528,part2a21_soft_caution_overlay,artifacts_part2_g532/predictions/g532_final_consensus_tape.csv
2020-10-15,0,0.1917143634920479,0.1966478651287068,1.457801,1.427665,0.75,0.566492,0.518998,0.445394,0.75,0.6,0.810022,0.36451,0.215048,0.537579,1,ok,FLAT,0.0,0.0,0.0,0.0,1,0.25092,0.794751,0.326768,0.61894,part2a21_soft_caution_overlay,artifacts_part2_g532/predictions/g532_final_consensus_tape.csv
2020-10-16,0,0.1964378309250334,0.204035982939908,1.335616,1.426889,0.75,0.572599,0.520743,0.443234,0.75,0.6,0.792574,0.356658,0.206233,0.547965,1,ok,FLAT,0.0,0.0,0.0,0.0,1,0.268298,0.78498,0.382622,0.638273,part2a21_soft_caution_overlay,artifacts_part2_g532/predictions/g532_final_consensus_tape.csv
2020-10-19,0,0.2143371979429441,0.2953512611136719,1.560364,1.45126,0.75,0.56501,0.518574,0.458013,0.75,0.6,0.814256,0.366415,0.192495,0.564979,1,ok,VOO,0.014222,0.014222,0.014222,0.0,1,0.197491,0.707947,0.365634,0.632444,part2a21_soft_caution_overlay,artifacts_part2_g532/predictions/g532_final_consensus_tape.csv
2020-10-20,0,0.2129525255953641,0.2942764181156481,1.241233,1.379071,0.5,0.562845,0.517956,0.421353,0.75,0.6,0.820444,0.3692,0.1687,0.597086,0,low_agreement,VOO,0.014222,0.014222,0.014222,0.0,1,0.192743,0.711676,0.344317,0.625067,part2a21_soft_caution_overlay,artifacts_part2_g532/predictions/g532_final_consensus_tape.csv
2020-10-21,0,0.2077525337373015,0.2725640786138507,1.302249,1.367948,0.75,0.559072,0.516878,0.416747,0.75,0.6,0.831223,0.37405,0.139333,0.642123,1,ok,VOO,0.014222,0.014222,0.014222,0.0,1,0.181725,0.717663,0.310177,0.613103,part2a21_soft_caution_overlay,artifacts_part2_g532/predictions/g532_final_consensus_tape.csv
2020-10-22,0,0.2045280570049095,0.2525656217570002,1.382819,1.308767,0.75,0.56345,0.518129,0.384868,0.75,0.6,0.818714,0.368421,0.142129,0.637545,1,ok,VOO,0.014222,0.014222,0.014222,0.0,1,0.236083,0.79847,0.305586,0.611479,part2a21_soft_caution_overlay,artifacts_part2_g532/predictions/g532_final_consensus_tape.csv
2020-10-23,0,0.1978260240209447,0.2246892289773507,1.336897,1.340655,0.5,0.561587,0.517596,0.40191,0.75,0.6,0.824037,0.370817,0.134565,0.650085,0,low_agreement,VOO,0.014222,0.014222,0.014222,0.0,0,0.228049,0.800945,0.291512,0.606481,part2a21_soft_caution_overlay,artifacts_part2_g532/predictions/g532_final_consensus_tape.csv
2020-10-26,0,0.2069333719377387,0.2597058373430025,1.511829,1.410515,0.75,0.569401,0.519829,0.435675,0.75,0.6,0.801711,0.36077,0.145952,0.631389,1,ok,VOO,0.014886,0.014886,0.014886,0.0,1,0.208863,0.700717,0.407072,0.646586,part2a21_soft_caution_overlay,artifacts_part2_g532/predictions/g532_final_consensus_tape.csv
2020-10-27,0,0.230126670810341,0.3744877036136676,1.018957,1.289227,0.5,0.57199,0.520569,0.372009,0.75,0.6,0.794315,0.357442,0.14364,0.635098,0,low_agreement,VOO,0.014886,0.014886,0.014886,0.0,1,0.220906,0.697541,0.427295,0.65,part2a21_soft_caution_overlay,artifacts_part2_g532/predictions/g532_final_consensus_tape.csv
2020-10-28,0,0.2164518831531266,0.301016682169829,1.888733,1.473173,0.75,0.594961,0.527132,0.460994,0.75,0.6,0.728682,0.327907,0.215605,0.536936,1,ok,VOO,0.014886,0.014886,0.014886,0.0,1,0.328603,0.750446,0.620836,0.65,part2a21_soft_caution_overlay,artifacts_part2_g532/predictions/g532_final_consensus_tape.csv
2020-10-29,0,0.2111131650615114,0.2720000518261605,0.865041,1.257577,0.5,0.576155,0.521759,0.354198,0.75,0.6,0.782413,0.352086,0.238389,0.511887,0,low_agreement,VOO,0.014886,0.014886,0.014886,0.0,1,0.22617,0.690132,0.480221,0.65,part2a21_soft_caution_overlay,artifacts_part2_g532/predictions/g532_final_consensus_tape.csv
2020-10-30,0,0.2018220273513858,0.2133953695400161,1.760536,1.50477,0.75,0.586371,0.524677,0.479925,0.5,0.6,0.753226,0.135581,0.237789,0.512517,1,ok,VOO,0.014886,0.014886,0.014886,0.0,1,0.300378,0.762687,0.533398,0.65,part2a21_soft_caution_overlay,artifacts_part2_g532/predictions/g532_final_consensus_tape.csv
2020-11-02,0,0.1966225095895194,0.1950916489083234,1.202562,1.276046,0.75,0.584987,0.524282,0.360864,0.5,0.6,0.75718,0.136292,0.243733,0.506346,1,ok,VOO,0.003736,0.003736,0.003736,0.0,1,0.280415,0.761961,0.538581,0.65,part2a21_soft_caution_overlay,artifacts_part2_g532/predictions/g532_final_consensus_tape.csv
2020-11-03,0,0.1973736923008637,0.2115291141080263,1.097318,1.353472,0.75,0.584759,0.524217,0.401366,0.5,0.6,0.757832,0.13641,0.26635,0.484168,1,ok,VOO,0.003736,0.003736,0.003736,0.0,1,0.284143,0.76307,0.53066,0.65,part2a21_soft_caution_overlay,artifacts_part2_g532/predictions/g532_final_consensus_tape.csv
2020-11-04,0,0.1929484467962148,0.1345647365042065,0.518336,0.939406,0.5,0.570579,0.520165,0.191159,0.5,0.6,0.798347,0.143702,0.277419,0.474006,0,low_agreement,VOO,0.003736,0.003736,0.003736,0.0,1,0.265816,0.78882,0.360635,0.63072,part2a21_soft_caution_overlay,artifacts_part2_g532/predictions/g532_final_consensus_tape.csv
2020-11-05,0,0.1972238684927801,0.1451053118673694,1.046017,0.887224,0.5,0.579511,0.522717,0.160226,0.5,0.6,0.772826,0.139109,0.291797,0.461427,0,low_agreement,VOO,0.003736,0.003736,0.003736,0.0,1,0.297994,0.77599,0.438376,0.65,part2a21_soft_caution_overlay,artifacts_part2_g532/predictions/g532_final_consensus_tape.csv
2020-11-06,0,0.1921677477700516,0.1352401099184053,1.519397,1.027917,0.75,0.574308,0.521231,0.235556,0.5,0.6,0.787692,0.141785,0.291991,0.461263,1,ok,VOO,0.003736,0.003736,0.003736,0.0,1,0.28297,0.784075,0.387807,0.640043,part2a21_soft_caution_overlay,artifacts_part2_g532/predictions/g532_final_consensus_tape.csv
2020-11-09,0,0.1964818015343132,0.1441090289065785,2.160427,1.57528,1.0,0.578025,0.522293,0.51887,0.5,0.6,0.777071,0.139873,0.276243,0.475066,1,ok,VOO,0.005172,0.005172,0.005172,0.0,1,0.28162,0.776096,0.437618,0.65,part2a21_soft_caution_overlay,artifacts_part2_g532/predictions/g532_final_consensus_tape.csv
2020-11-10,0,0.1824149857008359,0.1125340865193412,2.001302,1.893709,1.0,0.57378,0.52108,0.685243,0.5,0.6,0.789201,0.142056,0.270739,0.480087,1,ok,VOO,0.005172,0.005172,0.005172,0.0,1,0.264101,0.781685,0.401515,0.644704,part2a21_soft_caution_overlay,artifacts_part2_g532/predictions/g532_final_consensus_tape.csv
2020-11-11,0,0.1822065557239948,0.1267239313992088,1.180616,1.780782,0.75,0.553558,0.515302,0.630496,0.5,0.6,0.846976,0.152456,0.148087,0.628003,1,ok,VOO,0.005172,0.005172,0.005172,0.0,0,0.19534,0.811978,0.229012,0.583867,part2a21_soft_caution_overlay,artifacts_part2_g532/predictions/g532_final_consensus_tape.csv
2020-11-12,0,0.1973044558897557,0.1516957611325981,1.542282,1.574733,0.75,0.567654,0.51933,0.521169,0.5,0.6,0.806703,0.145207,0.190404,0.56766,1,ok,VOO,0.005172,0.005172,0.005172,0.0,1,0.242388,0.790684,0.349983,0.627035,part2a21_soft_caution_overlay,artifacts_part2_g532/predictions/g532_final_consensus_tape.csv
2020-11-13,0,0.1891610256402014,0.1340577515821139,1.380643,1.367847,0.75,0.555443,0.515841,0.417784,0.5,0.6,0.841592,0.151487,0.173609,0.590167,1,ok,VOO,0.005172,0.005172,0.005172,0.0,0,0.203022,0.809388,0.243649,0.589226,part2a21_soft_caution_overlay,artifacts_part2_g532/predictions/g532_final_consensus_tape.csv
2020-11-16,0,0.1760152235423804,0.109320518133505,1.561629,1.494851,0.75,0.549479,0.514137,0.484677,0.5,0.6,0.858633,0.154554,0.174505,0.588921,1,ok,VOO,0.006617,0.006617,0.006617,0.0,0,0.17725,0.821898,0.20375,0.56305,part2a21_soft_caution_overlay,artifacts_part2_g532/predictions/g532_final_consensus_tape.csv
2020-11-17,0,0.1869655483940892,0.1281536595520009,1.831098,1.591123,1.0,0.555956,0.515987,0.532482,0.5,0.6,0.840127,0.151223,0.183669,0.576477,1,ok,VOO,0.006617,0.006617,0.006617,0.0,0,0.205097,0.80868,0.247653,0.590685,part2a21_soft_caution_overlay,artifacts_part2_g532/predictions/g532_final_consensus_tape.csv
2020-11-18,0,0.1871068597689777,0.1241548490808518,1.959928,1.784218,1.0,0.560989,0.517425,0.630852,0.5,0.6,0.825747,0.148634,0.200798,0.554572,1,ok,VOO,0.006617,0.006617,0.006617,0.0,0,0.222768,0.801236,0.289858,0.605891,part2a21_soft_caution_overlay,artifacts_part2_g532/predictions/g532_final_consensus_tape.csv
2020-11-19,0,0.1864266637305623,0.1192650590157047,1.731283,1.84077,0.75,0.553798,0.515371,0.661273,0.5,0.6,0.846291,0.152332,0.181843,0.578915,1,ok,VOO,0.006617,0.006617,0.006617,0.0,0,0.197805,0.811927,0.2293,0.583973,part2a21_soft_caution_overlay,artifacts_part2_g532/predictions/g532_final_consensus_tape.csv
2020-11-20,0,0.1841158262698514,0.1166657324125488,2.002468,1.897893,1.0,0.55086,0.514531,0.691091,0.75,0.6,0.854686,0.384609,0.190047,0.568122,1,ok,VOO,0.006617,0.006617,0.006617,0.0,0,0.185329,0.817477,0.208717,0.572388,part2a21_soft_caution_overlay,artifacts_part2_g532/predictions/g532_final_consensus_tape.csv
2020-11-23,0,0.191462563688154,0.128867334998901,1.95373,1.895827,1.0,0.554047,0.515442,0.689523,0.75,0.6,0.845581,0.380512,0.165714,0.601375,1,ok,VOO,0.023668,0.023668,0.023668,0.0,0,0.198458,0.811518,0.231611,0.584822,part2a21_soft_caution_overlay,artifacts_part2_g532/predictions/g532_final_consensus_tape.csv
2020-11-24,0,0.1806665012978998,0.1098458125365005,1.766231,1.907476,0.75,0.550858,0.514531,0.696008,0.75,0.6,0.854693,0.384612,0.187473,0.571464,1,ok,VOO,0.023668,0.023668,0.023668,0.0,0,0.186221,0.818007,0.208124,0.571273,part2a21_soft_caution_overlay,artifacts_part2_g532/predictions/g532_final_consensus_tape.csv
2020-11-25,0,0.1826774176393571,0.1205347769598134,1.942196,1.887386,0.75,0.549431,0.514123,0.68593,0.75,0.6,0.85877,0.386446,0.187241,0.571767,1,ok,VOO,0.023668,0.023668,0.023668,0.0,0,0.177305,0.822242,0.203361,0.562318,part2a21_soft_caution_overlay,artifacts_part2_g532/predictions/g532_final_consensus_tape.csv
2020-11-26,0,0.1855550422261691,0.1209195978281938,2.066943,1.925123,1.0,0.549879,0.514251,0.70521,0.75,0.6,0.857489,0.38587,0.164934,0.602505,1,ok,VOO,0.023668,0.023668,0.023668,0.0,0,0.180671,0.821239,0.204494,0.564448,part2a21_soft_caution_overlay,artifacts_part2_g532/predictions/g532_final_consensus_tape.csv
2020-11-27,0,0.1875703284138717,0.1249611772167533,1.874554,1.961231,0.75,0.550143,0.514327,0.723688,0.75,0.6,0.856734,0.38553,0.150437,0.624318,1,ok,VOO,0.023668,0.023668,0.023668,0.0,0,0.184467,0.821683,0.203993,0.563507,part2a21_soft_caution_overlay,artifacts_part2_g532/predictions/g532_final_consensus_tape.csv
2020-11-30,0,0.1906202579792076,0.133646152134985,2.00986,1.983786,0.75,0.547147,0.51347,0.735662,0.75,0.6,0.865295,0.389383,0.136891,0.646178,1,ok,VOO,0.027765,0.027765,0.027765,0.0,0,0.174323,0.835217,0.188465,0.534313,part2a21_soft_caution_overlay,artifacts_part2_g532/predictions/g532_final_consensus_tape.csv
2020-12-01,0,0.1748086753057502,0.1030776007457729,1.911371,1.931928,0.75,0.546694,0.513341,0.709174,0.75,0.6,0.866587,0.389964,0.153803,0.619114,1,ok,VOO,0.027765,0.027765,0.027765,0.0,0,0.172238,0.836917,0.186477,0.530577,part2a21_soft_caution_overlay,artifacts_part2_g532/predictions/g532_final_consensus_tape.csv
2020-12-02,0,0.1756504649763468,0.1000360879481686,2.206536,2.042589,1.0,0.546759,0.51336,0.765819,0.75,0.6,0.866402,0.389881,0.13338,0.652094,1,ok,VOO,0.027765,0.027765,0.027765,0.0,0,0.173229,0.837054,0.186317,0.530276,part2a21_soft_caution_overlay,artifacts_part2_g532/predictions/g532_final_consensus_tape.csv
2020-12-03,0,0.1731441066104626,0.0983356453169712,2.282353,2.13342,1.0,0.54926,0.514074,0.812081,0.65,0.6,0.859257,0.33511,0.137225,0.64562,0,high_risk_veto,VOO,0.027765,0.027765,0.027765,0.0,0,0.179753,0.824741,0.200528,0.556993,part2a21_soft_caution_overlay,artifacts_part2_g532/predictions/g532_final_consensus_tape.csv
2020-12-04,0,0.1838568242272481,0.126463173495538,2.387539,2.292143,0.75,0.546562,0.513304,0.893594,0.65,0.6,0.866965,0.338116,0.129079,0.659492,0,high_risk_veto,VOO,0.027765,0.027765,0.027765,0.0,0,0.179333,0.841621,0.180932,0.520153,part2a21_soft_caution_overlay,artifacts_part2_g532/predictions/g532_final_consensus_tape.csv
2020-12-07,0,0.1681039540757759,0.0921105802999137,2.346645,2.338846,0.75,0.546973,0.513421,0.917485,0.65,0.6,0.865791,0.337658,0.136671,0.646544,0,high_risk_veto,FLAT,0.0,0.0,0.0,0.0,0,0.178481,0.838594,0.184508,0.526875,part2a21_soft_caution_overlay,artifacts_part2_g532/predictions/g532_final_consensus_tape.csv
2020-12-08,0,0.1892407001092295,0.1497865867510115,2.376858,2.370348,0.75,0.54789,0.513683,0.933583,0.65,0.6,0.86317,0.336636,0.112102,0.690413,0,high_risk_veto,FLAT,0.0,0.0,0.0,0.0,0,0.181926,0.834722,0.189042,0.535398,part2a21_soft_caution_overlay,artifacts_part2_g532/predictions/g532_final_consensus_tape.csv
2020-12-09,0,0.1957922961437414,0.1737963130175505,2.818704,2.514069,1.0,0.549855,0.514244,1.0,0.65,0.6,0.857556,0.334447,0.120751,0.674308,0,high_risk_veto,FLAT,0.0,0.0,0.0,0.0,0,0.19385,0.828854,0.195829,0.548158,part2a21_soft_caution_overlay,artifacts_part2_g532/predictions/g532_final_consensus_tape.csv
2020-12-10,0,0.1919661673516625,0.161784932583297,2.295848,2.497137,0.75,0.549879,0.514251,0.998532,0.65,0.6,0.857488,0.33442,0.122467,0.6712,0,high_risk_veto,FLAT,0.0,0.0,0.0,0.0,0,0.191595,0.827434,0.197457,0.551219,part2a21_soft_caution_overlay,artifacts_part2_g532/predictions/g532_final_consensus_tape.csv
2020-12-11,0,0.1993526587380571,0.1884583724483679,2.290532,2.468361,1.0,0.555721,0.51592,0.983727,0.65,0.6,0.840798,0.327911,0.124445,0.667655,0,high_risk_veto,FLAT,0.0,0.0,0.0,0.0,0,0.209448,0.809995,0.240215,0.587972,part2a21_soft_caution_overlay,artifacts_part2_g532/predictions/g532_final_consensus_tape.csv
2020-12-14,0,0.2033124443121773,0.1919985150042636,2.208863,2.265081,0.75,0.5567,0.5162,0.879113,0.65,0.6,0.837999,0.32682,0.124629,0.667328,0,high_risk_veto,FLAT,0.0,0.0,0.0,0.0,0,0.211516,0.808289,0.249865,0.59149,part2a21_soft_caution_overlay,artifacts_part2_g532/predictions/g532_final_consensus_tape.csv
2020-12-15,0,0.2055412749651781,0.2168811481624259,2.19095,2.230115,0.75,0.549042,0.514012,0.861666,0.65,0.6,0.859879,0.335353,0.119405,0.676763,0,high_risk_veto,FLAT,0.0,0.0,0.0,0.0,0,0.190348,0.832091,0.192097,0.541142,part2a21_soft_caution_overlay,artifacts_part2_g532/predictions/g532_final_consensus_tape.csv
2020-12-16,0,0.1933184160386168,0.1539147329779961,2.288321,2.229378,0.75,0.548108,0.513745,0.861354,0.65,0.6,0.862548,0.336394,0.118606,0.678232,0,high_risk_veto,FLAT,0.0,0.0,0.0,0.0,0,0.183277,0.834093,0.189774,0.536775,part2a21_soft_caution_overlay,artifacts_part2_g532/predictions/g532_final_consensus_tape.csv
2020-12-17,0,0.202148615791521,0.1897692026790199,2.311864,2.263712,0.75,0.547337,0.513525,0.878992,0.65,0.6,0.864752,0.337253,0.119739,0.676153,0,high_risk_veto,FLAT,0.0,0.0,0.0,0.0,0,0.181045,0.837723,0.185532,0.5288,part2a21_soft_caution_overlay,artifacts_part2_g532/predictions/g532_final_consensus_tape.csv
2020-12-18,0,0.2012674960850328,0.183356613873174,2.577994,2.392726,1.0,0.54693,0.513409,0.945074,0.65,0.6,0.865914,0.337706,0.104342,0.705533,0,high_risk_veto,FLAT,0.0,0.0,0.0,0.0,0,0.180746,0.840101,0.182732,0.523536,part2a21_soft_caution_overlay,artifacts_part2_g532/predictions/g532_final_consensus_tape.csv
2020-12-21,0,0.2148918492824253,0.2329933778826476,2.418511,2.436123,1.0,0.546818,0.513377,0.967296,0.65,0.6,0.866234,0.337831,0.102933,0.708349,0,high_risk_veto,FLAT,0.0,0.0,0.0,0.0,0,0.152909,0.745345,0.199842,0.555702,part2a21_soft_caution_overlay,artifacts_part2_g532/predictions/g532_final_consensus_tape.csv
2020-12-22,0,0.2162390348300415,0.2417738758855681,2.340166,2.445557,0.75,0.546029,0.513151,0.972137,0.65,0.6,0.868488,0.33871,0.103939,0.706336,0,high_risk_veto,FLAT,0.0,0.0,0.0,0.0,0,0.15411,0.751086,0.193259,0.543328,part2a21_soft_caution_overlay,artifacts_part2_g532/predictions/g532_final_consensus_tape.csv
2020-12-23,0,0.2143851345871736,0.2488039890926836,2.589699,2.449459,1.0,0.543183,0.512338,0.974172,0.65,0.6,0.87662,0.341882,0.097173,0.720102,0,high_risk_veto,FLAT,0.0,0.0,0.0,0.0,0,0.145671,0.764306,0.177738,0.514147,part2a21_soft_caution_overlay,artifacts_part2_g532/predictions/g532_final_consensus_tape.csv
2020-12-24,0,0.1914618282437938,0.1439602193843066,2.358188,2.429351,0.75,0.546695,0.513342,0.963831,0.65,0.6,0.866584,0.337968,0.095791,0.722981,0,high_risk_veto,FLAT,0.0,0.0,0.0,0.0,0,0.184025,0.84334,0.17889,0.516313,part2a21_soft_caution_overlay,artifacts_part2_g532/predictions/g532_final_consensus_tape.csv
2020-12-25,0,0.2018877373503352,0.1860748911719328,2.44734,2.465076,1.0,0.546188,0.513197,0.982125,0.65,0.6,0.868033,0.338533,0.092986,0.728893,0,high_risk_veto,FLAT,0.0,0.0,0.0,0.0,0,0.182474,0.845628,0.176155,0.511172,part2a21_soft_caution_overlay,artifacts_part2_g532/predictions/g532_final_consensus_tape.csv
2020-12-28,0,0.2112336464811444,0.2109490324343533,2.156203,2.320577,0.75,0.543032,0.512295,0.908316,0.65,0.6,0.87705,0.34205,0.093914,0.726927,0,high_risk_veto,FLAT,0.0,0.0,0.0,0.0,0,0.145313,0.76504,0.176859,0.512496,part2a21_soft_caution_overlay,artifacts_part2_g532/predictions/g532_final_consensus_tape.csv
2020-12-29,0,0.2307746677374119,0.3218555467373734,2.346709,2.316751,1.0,0.544715,0.512776,0.90628,0.65,0.6,0.872243,0.340175,0.06758,0.787203,0,high_risk_veto,FLAT,0.0,0.0,0.0,0.0,0,0.158808,0.76194,0.180554,0.519441,part2a21_soft_caution_overlay,artifacts_part2_g532/predictions/g532_final_consensus_tape.csv
2020-12-30,0,0.2150445255523782,0.2618756520454237,2.447454,2.316788,1.0,0.541223,0.511778,0.906466,0.65,0.6,0.882219,0.344065,0.067158,0.788251,0,high_risk_veto,FLAT,0.0,0.0,0.0,0.0,0,0.145881,0.776304,0.163172,0.486764,part2a21_soft_caution_overlay,artifacts_part2_g532/predictions/g532_final_consensus_tape.csv
2020-12-31,0,0.2126439509236763,0.2714648715846213,2.365534,2.386566,0.75,0.542823,0.512235,0.942042,0.65,0.6,0.877649,0.342283,0.064278,0.795474,0,high_risk_veto,FLAT,0.0,0.0,0.0,0.0,0,0.152829,0.770339,0.170473,0.500489,part2a21_soft_caution_overlay,artifacts_part2_g532/predictions/g532_final_consensus_tape.csv
2021-01-01,0,0.2144703556972761,0.2754688239501248,2.412017,2.408335,1.0,0.543484,0.512424,0.953149,0.65,0.6,0.87576,0.341546,0.06081,0.804351,0,high_risk_veto,FLAT,0.0,0.0,0.0,0.0,0,0.155911,0.767955,0.173357,0.505912,part2a21_soft_caution_overlay,artifacts_part2_g532/predictions/g532_final_consensus_tape.csv
2021-01-04,0,0.2836821401462258,0.4358499309956643,2.661334,2.479628,1.0,0.559708,0.51706,0.989501,0.65,0.6,0.829405,0.323468,0.094858,0.724937,0,high_risk_veto,FLAT,0.0,0.0,0.0,0.0,1,0.205488,0.720741,0.29267,0.606893,part2a21_soft_caution_overlay,artifacts_part2_g532/predictions/g532_final_consensus_tape.csv
2021-01-05,0,0.2099290638631703,0.2547582681411927,2.243624,2.438992,0.75,0.544793,0.512798,0.968797,0.65,0.6,0.87202,0.340088,0.102007,0.710214,0,high_risk_veto,FLAT,0.0,0.0,0.0,0.0,0,0.155229,0.759506,0.183434,0.524857,part2a21_soft_caution_overlay,artifacts_part2_g532/predictions/g532_final_consensus_tape.csv
2021-01-06,0,0.1937884318133433,0.250415252633027,2.796586,2.567181,1.0,0.550241,0.514354,1.0,0.65,0.6,0.856456,0.334018,0.115271,0.684424,0,high_risk_veto,FLAT,0.0,0.0,0.0,0.0,0,0.197342,0.828344,0.196415,0.549259,part2a21_soft_caution_overlay,artifacts_part2_g532/predictions/g532_final_consensus_tape.csv
2021-01-07,0,0.1748282695966084,0.2175561633399022,2.073218,2.371143,0.75,0.546244,0.513213,0.934046,0.65,0.6,0.867874,0.338471,0.141239,0.638996,0,high_risk_veto,FLAT,0.0,0.0,0.0,0.0,0,0.186876,0.847647,0.173729,0.506611,part2a21_soft_caution_overlay,artifacts_part2_g532/predictions/g532_final_consensus_tape.csv
2021-01-08,0,0.1455173085424992,0.1503940837988658,2.42084,2.430215,0.75,0.542584,0.512167,0.964348,0.65,0.6,0.878332,0.342549,0.141386,0.638756,0,high_risk_veto,FLAT,0.0,0.0,0.0,0.0,0,0.164599,0.857955,0.16113,0.482924,part2a21_soft_caution_overlay,artifacts_part2_g532/predictions/g532_final_consensus_tape.csv
2021-01-11,0,0.1656344692419086,0.1814247569288138,2.950661,2.481573,1.0,0.545428,0.512979,0.990572,0.65,0.6,0.870205,0.33938,0.146348,0.630759,0,high_risk_veto,FLAT,0.0,0.0,0.0,0.0,0,0.178137,0.84796,0.173352,0.505901,part2a21_soft_caution_overlay,artifacts_part2_g532/predictions/g532_final_consensus_tape.csv
2021-01-12,0,0.1807763417002755,0.228458972337906,2.768593,2.713364,1.0,0.547351,0.513529,1.0,0.65,0.6,0.86471,0.337237,0.144568,0.633604,0,high_risk_veto,FLAT,0.0,0.0,0.0,0.0,0,0.187812,0.841328,0.18128,0.520806,part2a21_soft_caution_overlay,artifacts_part2_g532/predictions/g532_final_consensus_tape.csv
2021-01-13,0,0.1457435891781372,0.1442608915001314,2.526217,2.74849,0.75,0.540925,0.511693,1.0,0.65,0.6,0.883071,0.344398,0.145697,0.631796,0,high_risk_veto,FLAT,0.0,0.0,0.0,0.0,0,0.153666,0.862101,0.155959,0.473203,part2a21_soft_caution_overlay,artifacts_part2_g532/predictions/g532_final_consensus_tape.csv
2021-01-14,0,0.1665687836936417,0.1967114757545688,2.898752,2.731187,1.0,0.544884,0.512824,1.0,0.65,0.6,0.87176,0.339987,0.147056,0.629635,0,high_risk_veto,FLAT,0.0,0.0,0.0,0.0,0,0.171968,0.847987,0.173319,0.50584,part2a21_soft_caution_overlay,artifacts_part2_g532/predictions/g532_final_consensus_tape.csv
2021-01-15,0,0.1608926808713517,0.1861644610879267,2.866525,2.763831,1.0,0.548731,0.513923,1.0,0.65,0.6,0.860767,0.335699,0.15995,0.609831,0,high_risk_veto,FLAT,0.0,0.0,0.0,0.0,0,0.194344,0.836271,0.187234,0.531999,part2a21_soft_caution_overlay,artifacts_part2_g532/predictions/g532_final_consensus_tape.csv
2021-01-18,0,0.1878039852195266,0.2356321306248421,2.673249,2.812842,1.0,0.54551,0.513003,1.0,0.65,0.6,0.869972,0.339289,0.135176,0.649055,0,high_risk_veto,FLAT,0.0,0.0,0.0,0.0,0,0.183592,0.850368,0.170438,0.500423,part2a21_soft_caution_overlay,artifacts_part2_g532/predictions/g532_final_consensus_tape.csv
2021-01-19,0,0.1732788399626048,0.2049142547557171,2.407726,2.649167,0.75,0.542718,0.512205,1.0,0.65,0.6,0.877948,0.3424,0.133487,0.651912,0,high_risk_veto,FLAT,0.0,0.0,0.0,0.0,0,0.165841,0.857802,0.16132,0.483281,part2a21_soft_caution_overlay,artifacts_part2_g532/predictions/g532_final_consensus_tape.csv
2021-01-20,0,0.1316930156268131,0.1211844933898048,2.25423,2.445068,0.75,0.542162,0.512046,0.971943,0.65,0.6,0.879538,0.34302,0.135774,0.648048,0,high_risk_veto,FLAT,0.0,0.0,0.0,0.0,0,0.161584,0.858895,0.159963,0.480731,part2a21_soft_caution_overlay,artifacts_part2_g532/predictions/g532_final_consensus_tape.csv
2021-01-21,0,0.1272912579887019,0.114721402812961,2.608045,2.423334,0.75,0.539234,0.51121,0.9609,0.65,0.6,0.887904,0.346283,0.105824,0.702594,0,high_risk_veto,FLAT,0.0,0.0,0.0,0.0,0,0.14765,0.868868,0.14738,0.457075,part2a21_soft_caution_overlay,artifacts_part2_g532/predictions/g532_final_consensus_tape.csv
2021-01-22,0,0.1412846617725466,0.1241831626162738,2.790526,2.550934,1.0,0.542892,0.512255,1.0,0.65,0.6,0.877451,0.342206,0.102613,0.708993,0,high_risk_veto,FLAT,0.0,0.0,0.0,0.0,0,0.1628,0.855178,0.16456,0.489373,part2a21_soft_caution_overlay,artifacts_part2_g532/predictions/g532_final_consensus_tape.csv
2021-01-25,0,0.1836450952398047,0.1905191653598555,2.445107,2.614559,0.75,0.541886,0.511967,1.0,0.65,0.6,0.880327,0.343328,0.099196,0.715929,0,high_risk_veto,FLAT,0.0,0.0,0.0,0.0,0,0.163007,0.861259,0.157014,0.475186,part2a21_soft_caution_overlay,artifacts_part2_g532/predictions/g532_final_consensus_tape.csv
2021-01-26,0,0.1960083884293404,0.2158810287843302,2.575802,2.603812,1.0,0.543402,0.512401,1.0,0.65,0.6,0.875995,0.341638,0.099589,0.715126,0,high_risk_veto,FLAT,0.0,0.0,0.0,0.0,0,0.172845,0.857382,0.16184,0.48426,part2a21_soft_caution_overlay,artifacts_part2_g532/predictions/g532_final_consensus_tape.csv
2021-01-27,0,0.2960721509749805,0.5826231776135145,3.155347,2.725419,1.0,0.576998,0.521999,1.0,0.65,0.6,0.780007,0.304203,0.165387,0.601848,0,high_risk_veto,FLAT,0.0,0.0,0.0,0.0,1,0.236966,0.690336,0.47876,0.65,part2a21_soft_caution_overlay,artifacts_part2_g532/predictions/g532_final_consensus_tape.csv
2021-01-28,0,0.3086222344173073,0.5261987529733597,2.404233,2.711794,0.75,0.585109,0.524317,1.0,0.65,0.6,0.756832,0.295165,0.177888,0.584266,0,high_risk_veto,FLAT,0.0,0.0,0.0,0.0,1,0.317424,0.768195,0.494058,0.65,part2a21_soft_caution_overlay,artifacts_part2_g532/predictions/g532_final_consensus_tape.csv
2021-01-29,0,0.2637955966430447,0.6654175285247165,3.011634,2.857071,1.0,0.577371,0.522106,1.0,0.65,0.6,0.778941,0.303787,0.194575,0.562334,0,high_risk_veto,FLAT,0.0,0.0,0.0,0.0,1,0.236455,0.689501,0.484726,0.65,part2a21_soft_caution_overlay,artifacts_part2_g532/predictions/g532_final_consensus_tape.csv
2021-02-01,0,0.2496895192160627,0.7086024079650491,2.053389,2.489752,0.75,0.577191,0.522054,0.99467,0.75,0.6,0.779455,0.350755,0.212085,0.541026,1,ok,VOO,0.028313,0.028313,0.028313,0.0,1,0.237081,0.68997,0.481372,0.65,part2a21_soft_caution_overlay,artifacts_part2_g532/predictions/g532_final_consensus_tape.csv
2021-02-02,0,0.2382841735728658,0.7171985242861769,2.335382,2.466802,0.75,0.558036,0.516582,0.982905,0.75,0.6,0.834183,0.375382,0.226352,0.524822,1,ok,VOO,0.028313,0.028313,0.028313,0.0,1,0.190242,0.721463,0.288569,0.605431,part2a21_soft_caution_overlay,artifacts_part2_g532/predictions/g532_final_consensus_tape.csv
2021-02-03,0,0.1899804297321103,0.8233129734609305,2.79318,2.393984,1.0,0.552096,0.514885,0.945574,0.75,0.6,0.851155,0.38302,0.216667,0.535714,1,ok,VOO,0.028313,0.028313,0.028313,0.0,0,0.205811,0.821127,0.20462,0.564686,part2a21_soft_caution_overlay,artifacts_part2_g532/predictions/g532_final_consensus_tape.csv
2021-02-04,0,0.1795126408106887,0.8557052940157829,2.479511,2.536024,0.75,0.552216,0.514919,1.0,0.75,0.6,0.850812,0.382865,0.224346,0.527042,1,ok,VOO,0.028313,0.028313,0.028313,0.0,0,0.205531,0.820182,0.205683,0.566685,part2a21_soft_caution_overlay,artifacts_part2_g532/predictions/g532_final_consensus_tape.csv
2021-02-05,0,0.1695617331430108,0.8638979149524025,2.732776,2.668489,0.75,0.551478,0.514708,1.0,0.75,0.6,0.85292,0.383814,0.22325,0.528262,1,ok,VOO,0.028313,0.028313,0.028313,0.0,0,0.200275,0.821999,0.203636,0.562836,part2a21_soft_caution_overlay,artifacts_part2_g532/predictions/g532_final_consensus_tape.csv
2021-02-08,0,0.1813320605077429,0.8503458025335259,2.738099,2.650128,0.75,0.552493,0.514998,1.0,0.75,0.6,0.850021,0.382509,0.224353,0.527034,1,ok,VOO,0.030239,0.030239,0.030239,0.0,0,0.207347,0.819408,0.206554,0.568321,part2a21_soft_caution_overlay,artifacts_part2_g532/predictions/g532_final_consensus_tape.csv
2021-02-09,0,0.1712707041944043,0.8719732856427491,2.861263,2.777379,1.0,0.552299,0.514943,1.0,0.75,0.6,0.850575,0.382759,0.22455,0.526815,1,ok,VOO,0.030239,0.030239,0.030239,0.0,0,0.203151,0.818271,0.207828,0.570717,part2a21_soft_caution_overlay,artifacts_part2_g532/predictions/g532_final_consensus_tape.csv
2021-02-10,0,0.1792154145637695,0.8390020368049304,2.895676,2.83168,1.0,0.546128,0.51318,1.0,0.75,0.6,0.868204,0.390692,0.165722,0.601363,1,ok,VOO,0.030239,0.030239,0.030239,0.0,0,0.170355,0.83943,0.183523,0.525024,part2a21_soft_caution_overlay,artifacts_part2_g532/predictions/g532_final_consensus_tape.csv
2021-02-11,0,0.1779737883347708,0.841972298191845,2.755046,2.837328,0.75,0.545984,0.513138,1.0,0.75,0.6,0.868619,0.390878,0.162323,0.606321,1,ok,VOO,0.030239,0.030239,0.030239,0.0,0,0.170997,0.840685,0.182042,0.522238,part2a21_soft_caution_overlay,artifacts_part2_g532/predictions/g532_final_consensus_tape.csv
2021-02-12,0,0.1710792331345394,0.8470918843939099,2.839096,2.829939,0.75,0.544521,0.51272,1.0,0.75,0.6,0.872798,0.392759,0.104244,0.705727,1,ok,VOO,0.030239,0.030239,0.030239,0.0,0,0.173403,0.850959,0.16972,0.499073,part2a21_soft_caution_overlay,artifacts_part2_g532/predictions/g532_final_consensus_tape.csv
2021-02-15,0,0.1640501289012914,0.8748231116968572,2.957645,2.850596,1.0,0.543225,0.51235,1.0,0.75,0.6,0.8765,0.394425,0.097255,0.719932,1,ok,VOO,0.042594,0.042594,0.042594,0.0,0,0.169155,0.856512,0.162916,0.486282,part2a21_soft_caution_overlay,artifacts_part2_g532/predictions/g532_final_consensus_tape.csv
2021-02-16,0,0.2040504896546063,0.813354493154229,3.085265,2.960669,1.0,0.543392,0.512398,1.0,0.75,0.6,0.876024,0.394211,0.073196,0.773524,1,ok,VOO,0.042594,0.042594,0.042594,0.0,0,0.173486,0.857776,0.161352,0.483342,part2a21_soft_caution_overlay,artifacts_part2_g532/predictions/g532_final_consensus_tape.csv
2021-02-17,0,0.1857642211068738,0.846922301352385,3.027147,3.023352,1.0,0.542989,0.512283,1.0,0.75,0.6,0.877174,0.394728,0.07665,0.765344,1,ok,VOO,0.042594,0.042594,0.042594,0.0,0,0.167104,0.856848,0.162501,0.485501,part2a21_soft_caution_overlay,artifacts_part2_g532/predictions/g532_final_consensus_tape.csv
2021-02-18,0,0.2386769725100067,0.7112339746319148,2.96572,3.026044,1.0,0.540966,0.511705,1.0,0.75,0.6,0.882953,0.397329,0.072164,0.776001,1,ok,VOO,0.042594,0.042594,0.042594,0.0,0,0.142102,0.775865,0.163714,0.487782,part2a21_soft_caution_overlay,artifacts_part2_g532/predictions/g532_final_consensus_tape.csv
2021-02-19,0,0.2533366610228922,0.6717639328140018,3.133486,3.042118,1.0,0.542876,0.51225,1.0,0.75,0.6,0.877498,0.394874,0.068652,0.784555,1,ok,VOO,0.042594,0.042594,0.042594,0.0,0,0.146151,0.766454,0.175165,0.50931,part2a21_soft_caution_overlay,artifacts_part2_g532/predictions/g532_final_consensus_tape.csv
2021-02-22,0,0.2213983251722612,0.7609421594647635,3.50687,3.202026,1.0,0.545359,0.51296,1.0,0.75,0.6,0.870403,0.391681,0.072374,0.775496,1,ok,VOO,0.045562,0.045562,0.045562,0.0,0,0.153813,0.755174,0.188515,0.534408,part2a21_soft_caution_overlay,artifacts_part2_g532/predictions/g532_final_consensus_tape.csv
2021-02-23,0,0.2530760372952117,0.6707507310639172,2.941544,3.193967,1.0,0.544231,0.512637,1.0,0.75,0.6,0.873627,0.393132,0.071551,0.777482,1,ok,VOO,0.045562,0.045562,0.045562,0.0,0,0.150641,0.760509,0.182249,0.522629,part2a21_soft_caution_overlay,artifacts_part2_g532/predictions/g532_final_consensus_tape.csv
2021-02-24,0,0.1736559498224686,0.3824944047969925,2.722436,3.05695,0.75,0.53748,0.510709,1.0,0.75,0.6,0.892913,0.401811,0.089476,0.736428,1,ok,VOO,0.045562,0.045562,0.045562,0.0,0,0.15128,0.876239,0.132131,0.428407,part2a21_soft_caution_overlay,artifacts_part2_g532/predictions/g532_final_consensus_tape.csv
2021-02-25,0,0.2497091380137306,0.6380584624435387,3.66504,3.109673,1.0,0.56913,0.519751,1.0,0.75,0.6,0.802486,0.361119,0.110601,0.693288,1,ok,VOO,0.045562,0.045562,0.045562,0.0,1,0.290025,0.796423,0.317242,0.615594,part2a21_soft_caution_overlay,artifacts_part2_g532/predictions/g532_final_consensus_tape.csv
2021-02-26,0,0.2952559906111389,0.6446287921295463,2.667917,3.018465,0.75,0.551315,0.514661,1.0,0.65,0.6,0.853387,0.332821,0.125146,0.666408,0,high_risk_veto,VOO,0.045562,0.045562,0.045562,0.0,1,0.191036,0.737771,0.208387,0.571768,part2a21_soft_caution_overlay,artifacts_part2_g532/predictions/g532_final_consensus_tape.csv
2021-03-01,0,0.2632472904905752,0.6148482534772794,2.265436,2.866131,0.75,0.54284,0.51224,1.0,0.75,0.6,0.8776,0.39492,0.183864,0.576218,1,ok,VOO,0.034134,0.034134,0.034134,0.0,0,0.166359,0.777348,0.161881,0.484337,part2a21_soft_caution_overlay,artifacts_part2_g532/predictions/g532_final_consensus_tape.csv
2021-03-02,0,0.1916086834608732,0.4611555344255393,3.201819,2.711724,1.0,0.544207,0.51263,1.0,0.75,0.6,0.873695,0.393163,0.188361,0.570306,1,ok,VOO,0.034134,0.034134,0.034134,0.0,0,0.180302,0.856475,0.162962,0.486368,part2a21_soft_caution_overlay,artifacts_part2_g532/predictions/g532_final_consensus_tape.csv
2021-03-03,0,0.2644769886516581,0.6369341999141668,3.45194,2.973065,1.0,0.549943,0.51427,1.0,0.75,0.6,0.857305,0.385787,0.191944,0.565682,1,ok,VOO,0.034134,0.034134,0.034134,0.0,0,0.192359,0.747452,0.197436,0.55118,part2a21_soft_caution_overlay,artifacts_part2_g532/predictions/g532_final_consensus_tape.csv
2021-03-04,0,0.2674260451198265,0.6382824973274906,3.054382,3.236047,1.0,0.546639,0.513325,1.0,0.65,0.6,0.866745,0.338031,0.193992,0.563073,0,high_risk_veto,VOO,0.034134,0.034134,0.034134,0.0,0,0.177942,0.760386,0.182395,0.522902,part2a21_soft_caution_overlay,artifacts_part2_g532/predictions/g532_final_consensus_tape.csv
2021-03-05,0,0.1854815700452131,0.4450943793911482,2.38303,2.963117,0.75,0.543986,0.512567,1.0,0.75,0.6,0.874326,0.393447,0.221248,0.530507,1,ok,VOO,0.034134,0.034134,0.034134,0.0,0,0.185594,0.86053,0.157926,0.4769,part2a21_soft_caution_overlay,artifacts_part2_g532/predictions/g532_final_consensus_tape.csv
2021-03-08,0,0.1884035800022215,0.4508712147455532,3.191554,2.876322,0.75,0.545866,0.513105,1.0,0.75,0.6,0.868954,0.391029,0.218554,0.533556,1,ok,VOO,0.031295,0.031295,0.031295,0.0,0,0.190808,0.852033,0.168412,0.496614,part2a21_soft_caution_overlay,artifacts_part2_g532/predictions/g532_final_consensus_tape.csv
2021-03-09,0,0.230862677050617,0.5560100056790391,1.691021,2.421868,0.75,0.542552,0.512158,0.960085,0.75,0.6,0.878423,0.39529,0.222683,0.528896,1,ok,VOO,0.031295,0.031295,0.031295,0.0,0,0.163581,0.777615,0.161552,0.483717,part2a21_soft_caution_overlay,artifacts_part2_g532/predictions/g532_final_consensus_tape.csv
2021-03-10,0,0.1797199149529193,0.4226653682310994,2.606801,2.496459,1.0,0.542232,0.512066,0.998191,0.75,0.6,0.879338,0.395702,0.215114,0.537503,1,ok,VOO,0.031295,0.031295,0.031295,0.0,0,0.17631,0.866036,0.150991,0.463864,part2a21_soft_caution_overlay,artifacts_part2_g532/predictions/g532_final_consensus_tape.csv
2021-03-11,0,0.1582475649626666,0.3154998896331782,2.16379,2.153871,0.75,0.54085,0.511671,0.823327,0.75,0.6,0.883286,0.397479,0.210041,0.54343,1,ok,VOO,0.031295,0.031295,0.031295,0.0,0,0.169107,0.870367,0.145457,0.453459,part2a21_soft_caution_overlay,artifacts_part2_g532/predictions/g532_final_consensus_tape.csv
2021-03-12,0,0.163534358973913,0.3406246884726469,2.906013,2.558868,1.0,0.537555,0.51073,1.0,0.75,0.6,0.892701,0.401716,0.187597,0.571302,1,ok,VOO,0.031295,0.031295,0.031295,0.0,0,0.144131,0.874539,0.137284,0.438094,part2a21_soft_caution_overlay,artifacts_part2_g532/predictions/g532_final_consensus_tape.csv
2021-03-15,0,0.1444990956508033,0.2461966507633156,2.544886,2.53823,0.75,0.531585,0.509024,1.0,0.75,0.6,0.909757,0.409391,0.150766,0.623806,1,ok,VOO,0.038307,0.038307,0.038307,0.0,0,0.110121,0.88181,0.115238,0.396648,part2a21_soft_caution_overlay,artifacts_part2_g532/predictions/g532_final_consensus_tape.csv
2021-03-16,0,0.1530543684026981,0.3053909885252406,2.57947,2.67679,0.75,0.531974,0.509135,1.0,0.75,0.6,0.908647,0.408891,0.135942,0.647765,1,ok,VOO,0.038307,0.038307,0.038307,0.0,0,0.11641,0.882203,0.114048,0.394411,part2a21_soft_caution_overlay,artifacts_part2_g532/predictions/g532_final_consensus_tape.csv
2021-03-17,0,0.149453315540129,0.2875086342079765,2.681338,2.601898,0.75,0.530313,0.508661,1.0,0.958526,0.6,0.913392,0.525306,0.118725,0.678011,1,ok,VOO,0.038307,0.038307,0.038307,0.0,0,0.114951,0.885926,0.102759,0.373188,part2a21_soft_caution_overlay,artifacts_part2_g532/predictions/g532_final_consensus_tape.csv
2021-03-18,0,0.1688195559247512,0.3776841967658801,3.324142,2.86165,1.0,0.534399,0.509828,1.0,0.75,0.6,0.901718,0.405773,0.122157,0.671759,1,ok,VOO,0.038307,0.038307,0.038307,0.0,0,0.132919,0.879821,0.12127,0.407988,part2a21_soft_caution_overlay,artifacts_part2_g532/predictions/g532_final_consensus_tape.csv
2021-03-19,0,0.1829582839999348,0.4393919295482623,2.639348,2.881609,0.75,0.532142,0.509183,1.0,0.954891,0.6,0.908167,0.520321,0.094843,0.724967,1,ok,VOO,0.038307,0.038307,0.038307,0.0,0,0.132188,0.885148,0.105119,0.377623,part2a21_soft_caution_overlay,artifacts_part2_g532/predictions/g532_final_consensus_tape.csv
2021-03-22,0,0.1550263431627796,0.3177813115608324,2.318092,2.760527,0.75,0.532095,0.50917,1.0,0.955036,0.6,0.908301,0.520476,0.092298,0.730358,1,ok,VOO,0.05702,0.05702,0.05702,0.0,0,0.130258,0.884852,0.106016,0.37931,part2a21_soft_caution_overlay,artifacts_part2_g532/predictions/g532_final_consensus_tape.csv
2021-03-23,0,0.1792757310771736,0.4104319003033251,2.723667,2.560369,1.0,0.537123,0.510607,1.0,0.75,0.6,0.893933,0.40227,0.116023,0.683018,1,ok,VOO,0.05702,0.05702,0.05702,0.0,0,0.157116,0.878346,0.125742,0.416395,part2a21_soft_caution_overlay,artifacts_part2_g532/predictions/g532_final_consensus_tape.csv
2021-03-24,0,0.1859796070354103,0.5916350839933527,2.904177,2.648646,1.0,0.53467,0.509906,1.0,0.949156,0.6,0.900944,0.513082,0.122002,0.672039,1,ok,VOO,0.05702,0.05702,0.05702,0.0,0,0.176509,0.871064,0.095178,0.358934,part2a21_soft_caution_overlay,artifacts_part2_g532/predictions/g532_final_consensus_tape.csv
2021-03-25,0,0.1771916210653179,0.6960812409948325,2.546637,2.724827,1.0,0.529855,0.50853,1.0,0.958801,0.6,0.914699,0.526208,0.113886,0.687028,1,ok,VOO,0.05702,0.05702,0.05702,0.0,0,0.128951,0.95265,0.09037,0.349896,part2a21_soft_caution_overlay,artifacts_part2_g532/predictions/g532_final_consensus_tape.csv
2021-03-26,0,0.1711341519357671,0.7135060361025644,2.252527,2.56778,0.75,0.528921,0.508263,1.0,0.960465,0.6,0.917367,0.52866,0.145656,0.631862,1,ok,VOO,0.05702,0.05702,0.05702,0.0,0,0.125706,0.954229,0.085583,0.340896,part2a21_soft_caution_overlay,artifacts_part2_g532/predictions/g532_final_consensus_tape.csv
2021-03-29,0,0.1780926711938408,0.6489161929398014,2.597076,2.465413,1.0,0.534308,0.509802,0.982405,0.95049,0.6,0.901978,0.514393,0.144761,0.633295,1,ok,VOO,0.048005,0.048005,0.048005,0.0,0,0.155363,0.94745,0.106137,0.379538,part2a21_soft_caution_overlay,artifacts_part2_g532/predictions/g532_final_consensus_tape.csv
2021-03-30,0,0.1708058910549758,0.7305989663693611,2.707837,2.519147,1.0,0.529989,0.508568,1.0,0.959081,0.6,0.914317,0.526142,0.145066,0.632806,1,ok,VOO,0.048005,0.048005,0.048005,0.0,0,0.114466,0.949247,0.100688,0.369294,part2a21_soft_caution_overlay,artifacts_part2_g532/predictions/g532_final_consensus_tape.csv
2021-03-31,0,0.172389735697225,0.6617149454099459,2.388491,2.564468,0.75,0.530173,0.508621,1.0,0.958509,0.6,0.913791,0.525526,0.145435,0.632215,1,ok,VOO,0.048005,0.048005,0.048005,0.0,0,0.122151,0.950433,0.097091,0.362531,part2a21_soft_caution_overlay,artifacts_part2_g532/predictions/g532_final_consensus_tape.csv
2021-04-01,0,0.1691875135206521,0.7714937027339585,2.386736,2.494355,0.75,0.522751,0.5065,0.997145,0.972015,0.6,0.934997,0.545299,0.137234,0.645605,1,ok,VOO,0.048005,0.048005,0.048005,0.0,0,0.088224,0.96125,0.064296,0.300877,part2a21_soft_caution_overlay,artifacts_part2_g532/predictions/g532_final_consensus_tape.csv
2021-04-02,0,0.1670683991022968,0.7233431675532952,2.776829,2.517352,1.0,0.52402,0.506863,1.0,0.969286,0.6,0.931371,0.541659,0.136527,0.646785,1,ok,VOO,0.048005,0.048005,0.048005,0.0,0,0.106141,0.961975,0.062096,0.296741,part2a21_soft_caution_overlay,artifacts_part2_g532/predictions/g532_final_consensus_tape.csv
2021-04-05,0,0.172502083890298,0.6879120033793223,2.347284,2.503616,0.75,0.528883,0.508252,1.0,0.96061,0.6,0.917476,0.528802,0.155287,0.616846,1,ok,VOO,0.048928,0.048928,0.048928,0.0,0,0.123363,0.953823,0.086812,0.343207,part2a21_soft_caution_overlay,artifacts_part2_g532/predictions/g532_final_consensus_tape.csv
2021-04-06,0,0.1720601021955196,0.7282213235291234,2.806144,2.643419,1.0,0.528545,0.508156,1.0,0.961477,0.6,0.918444,0.529838,0.138337,0.64377,1,ok,VOO,0.048928,0.048928,0.048928,0.0,0,0.114577,0.952779,0.089979,0.34916,part2a21_soft_caution_overlay,artifacts_part2_g532/predictions/g532_final_consensus_tape.csv
2021-04-07,0,0.1784936652152192,0.6941711789769696,2.673771,2.609066,0.75,0.524148,0.506899,1.0,0.968987,0.6,0.931005,0.541279,0.124694,0.667211,1,ok,VOO,0.048928,0.048928,0.048928,0.0,0,0.108626,0.962192,0.061439,0.295505,part2a21_soft_caution_overlay,artifacts_part2_g532/predictions/g532_final_consensus_tape.csv
2021-04-08,0,0.1756151061604873,0.63674762751875,2.467674,2.649196,0.75,0.529948,0.508557,1.0,0.958281,0.6,0.914434,0.525771,0.125702,0.665422,1,ok,VOO,0.048928,0.048928,0.048928,0.0,0,0.139536,0.954674,0.084232,0.338357,part2a21_soft_caution_overlay,artifacts_part2_g532/predictions/g532_final_consensus_tape.csv
2021-04-09,0,0.1870021309831541,0.6161310233079517,2.548878,2.563441,0.75,0.524842,0.507098,1.0,0.967904,0.6,0.929023,0.539523,0.100623,0.713017,1,ok,VOO,0.048928,0.048928,0.048928,0.0,0,0.106616,0.96008,0.067844,0.307546,part2a21_soft_caution_overlay,artifacts_part2_g532/predictions/g532_final_consensus_tape.csv
2021-04-12,0,0.1847361465269308,0.6194047964524407,2.703812,2.573455,1.0,0.526524,0.507578,1.0,0.964536,0.6,0.924217,0.534864,0.101461,0.711316,1,ok,VOO,0.057069,0.057069,0.057069,0.0,0,0.123155,0.959509,0.069574,0.310798,part2a21_soft_caution_overlay,artifacts_part2_g532/predictions/g532_final_consensus_tape.csv
2021-04-13,0,0.1850519009476237,0.6343649523902377,2.399094,2.550595,0.75,0.530864,0.508818,1.0,0.956809,0.6,0.911817,0.52346,0.101088,0.712072,1,ok,VOO,0.057069,0.057069,0.057069,0.0,0,0.1381,0.952144,0.091903,0.352777,part2a21_soft_caution_overlay,artifacts_part2_g532/predictions/g532_final_consensus_tape.csv
2021-04-14,0,0.1963450082159933,0.3692722103700065,2.90498,2.669295,1.0,0.53088,0.508823,1.0,0.956439,0.6,0.911772,0.523233,0.104178,0.70586,1,ok,VOO,0.057069,0.057069,0.057069,0.0,0,0.148028,0.954216,0.085621,0.340967,part2a21_soft_caution_overlay,artifacts_part2_g532/predictions/g532_final_consensus_tape.csv
2021-04-15,0,0.1945920333561892,0.3885395986951582,2.233307,2.51246,0.75,0.534559,0.509874,1.0,0.949774,0.6,0.901261,0.513597,0.102973,0.70827,1,ok,VOO,0.057069,0.057069,0.057069,0.0,0,0.163987,0.948673,0.102429,0.372566,part2a21_soft_caution_overlay,artifacts_part2_g532/predictions/g532_final_consensus_tape.csv
2021-04-16,0,0.186725896341005,0.5439347997879073,2.547124,2.561804,1.0,0.530867,0.508819,1.0,0.65,0.6,0.911808,0.355605,0.103167,0.707881,0,high_risk_veto,VOO,0.057069,0.057069,0.057069,0.0,0,0.136206,0.951734,0.093146,0.355114,part2a21_soft_caution_overlay,artifacts_part2_g532/predictions/g532_final_consensus_tape.csv
2021-04-19,0,0.2055237969563351,0.3184904828441053,2.729683,2.503371,1.0,0.533503,0.509572,1.0,0.65,0.6,0.904278,0.352668,0.074038,0.771515,0,high_risk_veto,FLAT,0.0,0.0,0.0,0.0,0,0.168907,0.872283,0.091482,0.351987,part2a21_soft_caution_overlay,artifacts_part2_g532/predictions/g532_final_consensus_tape.csv
2021-04-20,0,0.2014181430709521,0.4685639743812222,2.608,2.628269,1.0,0.537854,0.510815,1.0,0.65,0.6,0.891846,0.34782,0.088955,0.737561,0,high_risk_veto,FLAT,0.0,0.0,0.0,0.0,0,0.199317,0.868178,0.10393,0.375388,part2a21_soft_caution_overlay,artifacts_part2_g532/predictions/g532_final_consensus_tape.csv
2021-04-21,0,0.2243466085941505,0.4815572820673299,2.280866,2.539516,0.75,0.533907,0.509688,1.0,0.65,0.6,0.903124,0.352218,0.097913,0.71857,0,high_risk_veto,FLAT,0.0,0.0,0.0,0.0,0,0.144161,0.803405,0.110402,0.387556,part2a21_soft_caution_overlay,artifacts_part2_g532/predictions/g532_final_consensus_tape.csv
2021-04-22,0,0.2415316885474728,0.5517654820549597,2.745916,2.544927,1.0,0.533076,0.50945,1.0,0.65,0.6,0.905497,0.353144,0.113409,0.68793,0,high_risk_veto,FLAT,0.0,0.0,0.0,0.0,0,0.131029,0.802632,0.112748,0.391965,part2a21_soft_caution_overlay,artifacts_part2_g532/predictions/g532_final_consensus_tape.csv
2021-04-23,0,0.2190482912794127,0.4569242350219584,2.221195,2.415992,0.75,0.532411,0.50926,0.957304,0.65,0.6,0.907397,0.353885,0.118754,0.677959,0,high_risk_veto,FLAT,0.0,0.0,0.0,0.0,0,0.130771,0.804192,0.108017,0.383073,part2a21_soft_caution_overlay,artifacts_part2_g532/predictions/g532_final_consensus_tape.csv
2021-04-26,0,0.2136177576383654,0.4399876682945391,2.417203,2.461438,0.75,0.532187,0.509196,0.980404,0.65,0.6,0.908036,0.354134,0.119544,0.67651,0,high_risk_veto,FLAT,0.0,0.0,0.0,0.0,0,0.124905,0.803489,0.110149,0.38708,part2a21_soft_caution_overlay,artifacts_part2_g532/predictions/g532_final_consensus_tape.csv
2021-04-27,0,0.209224063900717,0.4145827349327062,2.678876,2.439091,1.0,0.528612,0.508175,0.969104,0.65,0.6,0.918253,0.358119,0.119749,0.676134,0,high_risk_veto,FLAT,0.0,0.0,0.0,0.0,0,0.11399,0.809854,0.09085,0.350798,part2a21_soft_caution_overlay,artifacts_part2_g532/predictions/g532_final_consensus_tape.csv
2021-04-28,0,0.2107482018456059,0.437449990151014,2.616427,2.570835,1.0,0.527599,0.507886,1.0,0.65,0.6,0.921145,0.359247,0.1196,0.676406,0,high_risk_veto,FLAT,0.0,0.0,0.0,0.0,0,0.108358,0.811116,0.087025,0.343607,part2a21_soft_caution_overlay,artifacts_part2_g532/predictions/g532_final_consensus_tape.csv
2021-04-29,0,0.2039404971804562,0.3840619234237888,2.425253,2.573518,0.75,0.527353,0.507815,1.0,0.65,0.6,0.92185,0.359521,0.124268,0.66797,0,high_risk_veto,FLAT,0.0,0.0,0.0,0.0,0,0.109493,0.891956,0.084477,0.338817,part2a21_soft_caution_overlay,artifacts_part2_g532/predictions/g532_final_consensus_tape.csv
2021-04-30,0,0.2119774871100103,0.4122762673121873,2.637551,2.559743,1.0,0.534013,0.509718,1.0,0.65,0.6,0.902821,0.3521,0.12906,0.659527,0,high_risk_veto,FLAT,0.0,0.0,0.0,0.0,0,0.131427,0.800442,0.119387,0.404447,part2a21_soft_caution_overlay,artifacts_part2_g532/predictions/g532_final_consensus_tape.csv
2021-05-03,0,0.2302102252385486,0.5205107038064373,2.508443,2.523749,1.0,0.535962,0.510275,1.0,0.65,0.6,0.897253,0.349929,0.126984,0.663159,0,high_risk_veto,FLAT,0.0,0.0,0.0,0.0,0,0.144393,0.798464,0.125385,0.415723,part2a21_soft_caution_overlay,artifacts_part2_g532/predictions/g532_final_consensus_tape.csv
2021-05-04,0,0.2265831478606503,0.4990532029331493,2.678373,2.608122,1.0,0.538746,0.51107,1.0,0.65,0.6,0.889296,0.346825,0.120575,0.674628,0,high_risk_veto,FLAT,0.0,0.0,0.0,0.0,0,0.154557,0.79386,0.139342,0.441964,part2a21_soft_caution_overlay,artifacts_part2_g532/predictions/g532_final_consensus_tape.csv
2021-05-05,0,0.2261313227694263,0.4897522605473082,2.288202,2.491673,0.75,0.537875,0.510821,0.995756,0.65,0.6,0.891785,0.347796,0.112508,0.689639,0,high_risk_veto,FLAT,0.0,0.0,0.0,0.0,0,0.150679,0.795152,0.135425,0.434599,part2a21_soft_caution_overlay,artifacts_part2_g532/predictions/g532_final_consensus_tape.csv
2021-05-06,0,0.2138684902443203,0.4330438835887294,1.941541,2.302705,0.5,0.530016,0.508576,0.89985,0.65,0.6,0.914239,0.356553,0.103104,0.708006,0,high_risk_veto,FLAT,0.0,0.0,0.0,0.0,0,0.120494,0.807825,0.097004,0.362367,part2a21_soft_caution_overlay,artifacts_part2_g532/predictions/g532_final_consensus_tape.csv
2021-05-07,0,0.192087094271683,0.3527553506331367,1.990164,2.073302,0.5,0.531343,0.508955,0.783254,0.65,0.6,0.910449,0.355075,0.091502,0.732061,0,high_risk_veto,FLAT,0.0,0.0,0.0,0.0,0,0.132833,0.887225,0.098821,0.365784,part2a21_soft_caution_overlay,artifacts_part2_g532/predictions/g532_final_consensus_tape.csv
2021-05-10,0,0.218195435558465,0.4549893446879101,2.66474,2.198815,0.75,0.538346,0.510956,0.846464,0.65,0.6,0.89044,0.347272,0.101151,0.711945,0,high_risk_veto,FLAT,0.0,0.0,0.0,0.0,0,0.1493,0.793716,0.139781,0.442788,part2a21_soft_caution_overlay,artifacts_part2_g532/predictions/g532_final_consensus_tape.csv
2021-05-11,0,0.2606018350083656,0.6538099721577783,2.13195,2.262284,0.75,0.541058,0.511731,0.878651,0.65,0.6,0.882691,0.34425,0.105143,0.703943,0,high_risk_veto,FLAT,0.0,0.0,0.0,0.0,0,0.173135,0.791192,0.144394,0.451461,part2a21_soft_caution_overlay,artifacts_part2_g532/predictions/g532_final_consensus_tape.csv
2021-05-12,0,0.2698887504519076,0.6555450244199222,2.650811,2.4825,0.75,0.565028,0.518579,0.990956,0.65,0.6,0.814205,0.31754,0.131942,0.65455,0,high_risk_veto,FLAT,0.0,0.0,0.0,0.0,1,0.30524,0.808018,0.2514,0.592048,part2a21_soft_caution_overlay,artifacts_part2_g532/predictions/g532_final_consensus_tape.csv
2021-05-13,0,0.2440292564646906,0.5793355919135489,1.753668,2.17881,0.5,0.553321,0.515235,0.835006,0.75,0.6,0.847654,0.381444,0.132097,0.654284,0,low_agreement,FLAT,0.0,0.0,0.0,0.0,1,0.256047,0.841332,0.181275,0.520797,part2a21_soft_caution_overlay,artifacts_part2_g532/predictions/g532_final_consensus_tape.csv
2021-05-14,0,0.2096664814697213,0.432828028290267,1.513229,1.972569,0.5,0.535362,0.510104,0.731538,0.75,0.6,0.898964,0.404534,0.149132,0.62636,0,low_agreement,FLAT,0.0,0.0,0.0,0.0,0,0.141058,0.79921,0.123122,0.411469,part2a21_soft_caution_overlay,artifacts_part2_g532/predictions/g532_final_consensus_tape.csv
2021-05-17,0,0.2171168895066903,0.4776567798948539,2.151865,1.806254,0.75,0.534488,0.509854,0.647041,0.75,0.6,0.901464,0.405659,0.149121,0.626377,1,ok,VOO,0.024661,0.024661,0.024661,0.0,0,0.132788,0.799577,0.122008,0.409376,part2a21_soft_caution_overlay,artifacts_part2_g532/predictions/g532_final_consensus_tape.csv
2021-05-18,0,0.2255597405900447,0.5117335247373586,2.155441,1.940179,0.75,0.540094,0.511455,0.714363,0.75,0.6,0.885446,0.398451,0.150861,0.623658,1,ok,VOO,0.024661,0.024661,0.024661,0.0,0,0.159509,0.789888,0.146073,0.454618,part2a21_soft_caution_overlay,artifacts_part2_g532/predictions/g532_final_consensus_tape.csv
2021-05-19,0,0.2207035241891365,0.3054738251893406,1.975556,2.094288,0.75,0.541117,0.511748,0.792886,0.75,0.6,0.882523,0.397135,0.150931,0.623549,1,ok,VOO,0.024661,0.024661,0.024661,0.0,0,0.139844,0.773779,0.166277,0.492601,part2a21_soft_caution_overlay,artifacts_part2_g532/predictions/g532_final_consensus_tape.csv
2021-05-20,0,0.2222505362688573,0.3157540307184973,1.609447,1.913481,0.5,0.538699,0.511057,0.700954,0.75,0.6,0.889432,0.400245,0.149238,0.626194,0,low_agreement,VOO,0.024661,0.024661,0.024661,0.0,0,0.131689,0.783876,0.153725,0.469003,part2a21_soft_caution_overlay,artifacts_part2_g532/predictions/g532_final_consensus_tape.csv
2021-05-21,0,0.2253929964654675,0.3339570867532775,2.18317,1.922724,0.75,0.53594,0.510269,0.70608,0.75,0.6,0.897313,0.403791,0.143371,0.635532,1,ok,VOO,0.024661,0.024661,0.024661,0.0,0,0.120239,0.793382,0.140791,0.444688,part2a21_soft_caution_overlay,artifacts_part2_g532/predictions/g532_final_consensus_tape.csv
2021-05-24,0,0.2132099581337955,0.2631706699647103,1.678969,1.823862,0.75,0.531359,0.50896,0.656546,0.75,0.6,0.910404,0.409682,0.147406,0.62908,1,ok,VOO,0.025381,0.025381,0.025381,0.0,0,0.095661,0.799287,0.122888,0.41103,part2a21_soft_caution_overlay,artifacts_part2_g532/predictions/g532_final_consensus_tape.csv
2021-05-25,0,0.2188104541877868,0.2968326587636529,2.022305,1.961481,0.75,0.535212,0.510061,0.725915,0.75,0.6,0.899393,0.404727,0.145631,0.631902,1,ok,VOO,0.025381,0.025381,0.025381,0.0,0,0.114128,0.793852,0.139367,0.442011,part2a21_soft_caution_overlay,artifacts_part2_g532/predictions/g532_final_consensus_tape.csv
2021-05-26,0,0.2215965038395466,0.3213744885394253,2.032233,1.911169,0.75,0.53542,0.51012,0.700276,0.75,0.6,0.8988,0.40446,0.110043,0.694361,1,ok,VOO,0.025381,0.025381,0.025381,0.0,0,0.123182,0.795272,0.135063,0.433918,part2a21_soft_caution_overlay,artifacts_part2_g532/predictions/g532_final_consensus_tape.csv
2021-05-27,0,0.2148296109415066,0.2687761526389675,2.216155,2.090231,1.0,0.532677,0.509336,0.791712,0.75,0.6,0.906636,0.407986,0.10462,0.70498,1,ok,VOO,0.025381,0.025381,0.025381,0.0,0,0.11679,0.800574,0.118986,0.403694,part2a21_soft_caution_overlay,artifacts_part2_g532/predictions/g532_final_consensus_tape.csv
2021-05-28,0,0.2279104772758151,0.3193617045629464,2.055688,2.101358,0.75,0.531986,0.509139,0.79744,0.75,0.6,0.908611,0.408875,0.08374,0.749086,1,ok,VOO,0.025381,0.025381,0.025381,0.0,0,0.118219,0.802557,0.112976,0.392395,part2a21_soft_caution_overlay,artifacts_part2_g532/predictions/g532_final_consensus_tape.csv
2021-05-31,0,0.2326012562721008,0.3393442248080866,2.125752,2.132532,1.0,0.530259,0.508646,0.813443,0.75,0.6,0.913545,0.411095,0.083062,0.750611,1,ok,VOO,0.037651,0.037651,0.037651,0.0,0,0.105417,0.80403,0.108507,0.383993,part2a21_soft_caution_overlay,artifacts_part2_g532/predictions/g532_final_consensus_tape.csv
2021-06-01,0,0.2055700419933967,0.2202424560619837,2.252273,2.144571,0.75,0.531465,0.50899,0.819445,0.956313,0.6,0.9101,0.522204,0.065409,0.792622,1,ok,VOO,0.037651,0.037651,0.037651,0.0,0,0.123613,0.884969,0.105661,0.378642,part2a21_soft_caution_overlay,artifacts_part2_g532/predictions/g532_final_consensus_tape.csv
2021-06-02,0,0.2096417491810461,0.2431153434872878,2.102241,2.160089,0.75,0.530606,0.508745,0.827403,0.75,0.6,0.912555,0.41065,0.06531,0.79287,1,ok,VOO,0.037651,0.037651,0.037651,0.0,0,0.112141,0.804618,0.106726,0.380645,part2a21_soft_caution_overlay,artifacts_part2_g532/predictions/g532_final_consensus_tape.csv
2021-06-03,0,0.2100637504284541,0.2418636218150723,2.346426,2.233647,0.75,0.527196,0.50777,0.864988,0.964411,0.6,0.922298,0.533685,0.060422,0.805356,1,ok,VOO,0.037651,0.037651,0.037651,0.0,0,0.094565,0.809165,0.09294,0.354727,part2a21_soft_caution_overlay,artifacts_part2_g532/predictions/g532_final_consensus_tape.csv
2021-06-04,0,0.2351636900224468,0.3494538006468712,1.675274,2.041314,0.75,0.533992,0.509712,0.766692,0.75,0.6,0.90288,0.406296,0.060782,0.804423,1,ok,VOO,0.037651,0.037651,0.037651,0.0,0,0.126605,0.799468,0.122341,0.410001,part2a21_soft_caution_overlay,artifacts_part2_g532/predictions/g532_final_consensus_tape.csv
2021-06-07,0,0.2477840561819686,0.4064834760992459,2.082087,2.034596,0.75,0.533654,0.509616,0.763315,0.75,0.6,0.903844,0.40673,0.042448,0.854851,1,ok,VOO,0.03981,0.03981,0.03981,0.0,0,0.128357,0.80066,0.118728,0.403208,part2a21_soft_caution_overlay,artifacts_part2_g532/predictions/g532_final_consensus_tape.csv
2021-06-08,0,0.2525107354044333,0.4380379217712538,2.128106,1.961822,1.0,0.539624,0.511321,0.725472,0.75,0.6,0.886788,0.399055,0.031459,0.888228,1,ok,VOO,0.03981,0.03981,0.03981,0.0,0,0.15616,0.790898,0.144773,0.452173,part2a21_soft_caution_overlay,artifacts_part2_g532/predictions/g532_final_consensus_tape.csv
2021-06-09,0,0.2504900491515796,0.4346554182634026,2.087492,2.099228,1.0,0.537109,0.510602,0.795826,0.75,0.6,0.893975,0.402289,0.038497,0.866559,1,ok,VOO,0.03981,0.03981,0.03981,0.0,0,0.138182,0.794358,0.137834,0.439127,part2a21_soft_caution_overlay,artifacts_part2_g532/predictions/g532_final_consensus_tape.csv
2021-06-10,0,0.2514396530719608,0.4257247415786883,1.855847,2.023815,0.75,0.539796,0.51137,0.757074,0.65,0.6,0.886296,0.345656,0.037002,0.871075,0,high_risk_veto,VOO,0.03981,0.03981,0.03981,0.0,0,0.152689,0.788168,0.148276,0.45876,part2a21_soft_caution_overlay,artifacts_part2_g532/predictions/g532_final_consensus_tape.csv
2021-06-11,0,0.2122337548876866,0.2592531391534519,2.094937,2.012759,0.75,0.541311,0.511803,0.751241,0.65,0.6,0.881969,0.343968,0.039412,0.86382,0,high_risk_veto,VOO,0.03981,0.03981,0.03981,0.0,0,0.161063,0.78363,0.154035,0.469585,part2a21_soft_caution_overlay,artifacts_part2_g532/predictions/g532_final_consensus_tape.csv
2021-06-14,0,0.2315704980363108,0.371138402226692,1.981931,1.977572,0.75,0.545549,0.513014,0.732698,0.65,0.6,0.869861,0.339246,0.048819,0.836627,0,high_risk_veto,FLAT,0.0,0.0,0.0,0.0,0,0.183748,0.770214,0.170624,0.500774,part2a21_soft_caution_overlay,artifacts_part2_g532/predictions/g532_final_consensus_tape.csv
2021-06-15,0,0.2272420404463533,0.3454381011907583,2.340213,2.139027,1.0,0.529896,0.508542,0.816775,0.65,0.6,0.914582,0.356687,0.050532,0.831858,0,high_risk_veto,FLAT,0.0,0.0,0.0,0.0,0,0.108392,0.805544,0.103919,0.375367,part2a21_soft_caution_overlay,artifacts_part2_g532/predictions/g532_final_consensus_tape.csv
2021-06-16,0,0.205375625989554,0.5760620975611096,2.345186,2.222443,1.0,0.533741,0.50964,0.85884,0.65,0.6,0.903598,0.352403,0.05082,0.831061,0,high_risk_veto,FLAT,0.0,0.0,0.0,0.0,0,0.152594,0.891095,0.103747,0.375044,part2a21_soft_caution_overlay,artifacts_part2_g532/predictions/g532_final_consensus_tape.csv
2021-06-17,0,0.2099720846627083,0.5077735844401632,1.96885,2.218083,0.75,0.545149,0.5129,0.855786,0.65,0.6,0.871002,0.339691,0.05484,0.820101,0,high_risk_veto,FLAT,0.0,0.0,0.0,0.0,0,0.189558,0.781176,0.16394,0.488208,part2a21_soft_caution_overlay,artifacts_part2_g532/predictions/g532_final_consensus_tape.csv
2021-06-18,0,0.2181278688962494,0.3998227889105927,2.429802,2.247946,1.0,0.568562,0.519589,0.869499,0.65,0.6,0.804108,0.313602,0.107205,0.699878,0,high_risk_veto,FLAT,0.0,0.0,0.0,0.0,1,0.236692,0.713182,0.367116,0.632954,part2a21_soft_caution_overlay,artifacts_part2_g532/predictions/g532_final_consensus_tape.csv
2021-06-21,0,0.2078621980136618,0.5313098174698186,2.080566,2.159739,0.75,0.533627,0.509608,0.82696,0.65,0.6,0.903922,0.352529,0.144657,0.633462,0,high_risk_veto,FLAT,0.0,0.0,0.0,0.0,0,0.139715,0.808633,0.111211,0.389076,part2a21_soft_caution_overlay,artifacts_part2_g532/predictions/g532_final_consensus_tape.csv
2021-06-22,0,0.1994662132665896,0.6597027982792891,1.997333,2.169233,0.75,0.535437,0.510125,0.831634,0.65,0.6,0.898753,0.350514,0.145243,0.632522,0,high_risk_veto,FLAT,0.0,0.0,0.0,0.0,0,0.146624,0.885708,0.120081,0.405751,part2a21_soft_caution_overlay,artifacts_part2_g532/predictions/g532_final_consensus_tape.csv
2021-06-23,0,0.2019764982168029,0.5945007358663,2.257796,2.111898,1.0,0.537404,0.510687,0.802251,0.65,0.6,0.89313,0.348321,0.142659,0.636685,0,high_risk_veto,FLAT,0.0,0.0,0.0,0.0,0,0.167476,0.88536,0.121135,0.407735,part2a21_soft_caution_overlay,artifacts_part2_g532/predictions/g532_final_consensus_tape.csv
2021-06-24,0,0.1952869444357644,0.6855765206579352,2.156815,2.137315,0.75,0.533943,0.509698,0.815526,0.65,0.6,0.903019,0.352177,0.144976,0.632949,0,high_risk_veto,FLAT,0.0,0.0,0.0,0.0,0,0.145577,0.889112,0.10976,0.386348,part2a21_soft_caution_overlay,artifacts_part2_g532/predictions/g532_final_consensus_tape.csv
2021-06-25,0,0.1881345975616762,0.8174101806135967,2.343749,2.252787,1.0,0.531698,0.509057,0.874403,0.65,0.6,0.909435,0.35468,0.146518,0.630488,0,high_risk_veto,FLAT,0.0,0.0,0.0,0.0,0,0.132705,0.89183,0.101518,0.370853,part2a21_soft_caution_overlay,artifacts_part2_g532/predictions/g532_final_consensus_tape.csv
2021-06-28,0,0.1956989241899112,0.6872179768337766,2.034514,2.178359,0.75,0.53552,0.510149,0.836272,0.65,0.6,0.898515,0.350421,0.145071,0.632798,0,high_risk_veto,FLAT,0.0,0.0,0.0,0.0,0,0.148361,0.885875,0.119575,0.404801,part2a21_soft_caution_overlay,artifacts_part2_g532/predictions/g532_final_consensus_tape.csv
2021-06-29,0,0.200690649831649,0.6241684159654416,2.288625,2.222296,0.75,0.53494,0.509983,0.858679,0.65,0.6,0.900172,0.351067,0.144174,0.634238,0,high_risk_veto,FLAT,0.0,0.0,0.0,0.0,0,0.152036,0.888065,0.112935,0.392317,part2a21_soft_caution_overlay,artifacts_part2_g532/predictions/g532_final_consensus_tape.csv
2021-06-30,0,0.2022944036516489,0.6016060849315868,2.369283,2.230807,1.0,0.533782,0.509652,0.863091,0.65,0.6,0.903479,0.352357,0.144401,0.633872,0,high_risk_veto,FLAT,0.0,0.0,0.0,0.0,0,0.149733,0.890386,0.105897,0.379087,part2a21_soft_caution_overlay,artifacts_part2_g532/predictions/g532_final_consensus_tape.csv
2021-07-01,0,0.1989380122784466,0.6775571895108575,2.279762,2.312557,1.0,0.532077,0.509165,0.904751,0.65,0.6,0.908351,0.354257,0.144094,0.634367,0,high_risk_veto,FLAT,0.0,0.0,0.0,0.0,0,0.139207,0.892291,0.10012,0.368226,part2a21_soft_caution_overlay,artifacts_part2_g532/predictions/g532_final_consensus_tape.csv
2021-07-02,0,0.2049492616711242,0.5937788394612601,1.967746,2.205597,0.75,0.534385,0.509824,0.850223,0.65,0.6,0.901758,0.351685,0.084878,0.74654,0,high_risk_veto,FLAT,0.0,0.0,0.0,0.0,0,0.143668,0.887634,0.114241,0.394773,part2a21_soft_caution_overlay,artifacts_part2_g532/predictions/g532_final_consensus_tape.csv
2021-07-05,0,0.2107502571950679,0.5050797303072306,2.254725,2.167411,1.0,0.532363,0.509247,0.83097,0.65,0.6,0.907533,0.353938,0.04668,0.84266,0,high_risk_veto,FLAT,0.0,0.0,0.0,0.0,0,0.133193,0.810317,0.106104,0.379476,part2a21_soft_caution_overlay,artifacts_part2_g532/predictions/g532_final_consensus_tape.csv
2021-07-06,0,0.2112021696803461,0.4981963330606394,2.081237,2.101236,0.75,0.533964,0.509704,0.797174,0.65,0.6,0.902961,0.352155,0.066428,0.790069,0,high_risk_veto,FLAT,0.0,0.0,0.0,0.0,0,0.135201,0.806858,0.116594,0.399197,part2a21_soft_caution_overlay,artifacts_part2_g532/predictions/g532_final_consensus_tape.csv
2021-07-07,0,0.2189357348542873,0.3859349923665673,2.062186,2.132716,0.75,0.535257,0.510074,0.813063,0.65,0.6,0.899265,0.350713,0.066539,0.789793,0,high_risk_veto,FLAT,0.0,0.0,0.0,0.0,0,0.144195,0.805627,0.120326,0.406213,part2a21_soft_caution_overlay,artifacts_part2_g532/predictions/g532_final_consensus_tape.csv
2021-07-08,0,0.223762853050105,0.3274554058100756,2.222821,2.122081,1.0,0.551738,0.514782,0.806023,0.65,0.6,0.852177,0.332349,0.084109,0.748258,0,high_risk_veto,FLAT,0.0,0.0,0.0,0.0,1,0.215929,0.754664,0.195466,0.547476,part2a21_soft_caution_overlay,artifacts_part2_g532/predictions/g532_final_consensus_tape.csv
2021-07-09,0,0.2134816324287059,0.4681585876895324,1.966669,2.083892,0.75,0.531966,0.509133,0.788567,0.65,0.6,0.908667,0.35438,0.113142,0.688437,0,high_risk_veto,FLAT,0.0,0.0,0.0,0.0,0,0.125174,0.809577,0.108348,0.383695,part2a21_soft_caution_overlay,artifacts_part2_g532/predictions/g532_final_consensus_tape.csv
2021-07-12,0,0.2061646995430179,0.583043127604217,2.026678,2.072056,0.75,0.53675,0.5105,0.782023,0.65,0.6,0.895001,0.34905,0.113901,0.687,0,high_risk_veto,FLAT,0.0,0.0,0.0,0.0,0,0.157176,0.884761,0.122951,0.411148,part2a21_soft_caution_overlay,artifacts_part2_g532/predictions/g532_final_consensus_tape.csv
2021-07-13,0,0.2152502146001443,0.4418376544002934,2.102366,2.031904,1.0,0.53631,0.510374,0.761624,0.65,0.6,0.896258,0.349541,0.113973,0.686865,0,high_risk_veto,FLAT,0.0,0.0,0.0,0.0,0,0.147299,0.803731,0.126074,0.41702,part2a21_soft_caution_overlay,artifacts_part2_g532/predictions/g532_final_consensus_tape.csv
2021-07-14,0,0.1982794238540058,0.6884974882666611,1.97908,2.036041,0.75,0.539073,0.511164,0.763398,0.65,0.6,0.888362,0.346461,0.115565,0.683872,0,high_risk_veto,FLAT,0.0,0.0,0.0,0.0,0,0.163011,0.874863,0.136301,0.436247,part2a21_soft_caution_overlay,artifacts_part2_g532/predictions/g532_final_consensus_tape.csv
2021-07-15,0,0.2063623385184046,0.6191276647709038,2.092505,2.057984,1.0,0.536205,0.510344,0.774917,0.65,0.6,0.896557,0.349657,0.118222,0.678939,0,high_risk_veto,FLAT,0.0,0.0,0.0,0.0,0,0.143322,0.877645,0.127866,0.420388,part2a21_soft_caution_overlay,artifacts_part2_g532/predictions/g532_final_consensus_tape.csv
2021-07-16,0,0.2157211129649706,0.5405025737822027,2.096483,2.056023,1.0,0.545565,0.513018,0.772836,0.65,0.6,0.869815,0.339228,0.120531,0.674708,0,high_risk_veto,FLAT,0.0,0.0,0.0,0.0,0,0.178677,0.767415,0.174009,0.507136,part2a21_soft_caution_overlay,artifacts_part2_g532/predictions/g532_final_consensus_tape.csv
2021-07-19,0,0.20203748654617,0.6712093405150976,1.963517,2.050835,1.0,0.554735,0.515639,0.769098,0.75,0.6,0.843615,0.379627,0.162645,0.605847,1,ok,VOO,0.026533,0.026533,0.026533,0.0,1,0.245034,0.826276,0.19878,0.553706,part2a21_soft_caution_overlay,artifacts_part2_g532/predictions/g532_final_consensus_tape.csv
2021-07-20,0,0.2108825614190769,0.5726096264967774,1.542266,1.867422,0.75,0.544583,0.512738,0.6765,0.75,0.6,0.87262,0.392679,0.187402,0.571556,1,ok,VOO,0.026533,0.026533,0.026533,0.0,0,0.176896,0.77243,0.167928,0.495704,part2a21_soft_caution_overlay,artifacts_part2_g532/predictions/g532_final_consensus_tape.csv
2021-07-21,0,0.2052332763696984,0.591255400742932,1.766225,1.757336,0.75,0.540884,0.511681,0.620919,0.75,0.6,0.883188,0.397434,0.203707,0.551017,1,ok,VOO,0.026533,0.026533,0.026533,0.0,0,0.172313,0.871773,0.143645,0.450052,part2a21_soft_caution_overlay,artifacts_part2_g532/predictions/g532_final_consensus_tape.csv
2021-07-22,0,0.1907909163930272,0.7171061309970791,1.771523,1.693338,0.75,0.536547,0.510442,0.589162,0.75,0.6,0.895579,0.40301,0.195608,0.561031,1,ok,VOO,0.026533,0.026533,0.026533,0.0,0,0.142385,0.876614,0.130992,0.426265,part2a21_soft_caution_overlay,artifacts_part2_g532/predictions/g532_final_consensus_tape.csv
2021-07-23,0,0.2025168604793049,0.6268163023718842,1.686475,1.741408,0.75,0.535793,0.510227,0.613792,0.75,0.6,0.897735,0.403981,0.187867,0.570949,1,ok,VOO,0.026533,0.026533,0.026533,0.0,0,0.138996,0.877727,0.12762,0.419925,part2a21_soft_caution_overlay,artifacts_part2_g532/predictions/g532_final_consensus_tape.csv
2021-07-26,0,0.1907668039611382,0.7220235268834196,1.931085,1.796361,1.0,0.536937,0.510553,0.641561,0.75,0.6,0.894465,0.402509,0.187406,0.571552,1,ok,VOO,0.022139,0.022139,0.022139,0.0,0,0.141183,0.875412,0.134636,0.433116,part2a21_soft_caution_overlay,artifacts_part2_g532/predictions/g532_final_consensus_tape.csv
2021-07-27,0,0.1945781816638901,0.7038843169333453,2.097986,1.905182,1.0,0.537644,0.510756,0.696886,0.75,0.6,0.892445,0.4016,0.192728,0.564681,1,ok,VOO,0.022139,0.022139,0.022139,0.0,0,0.148003,0.875144,0.13545,0.434646,part2a21_soft_caution_overlay,artifacts_part2_g532/predictions/g532_final_consensus_tape.csv
2021-07-28,0,0.2046406053888961,0.6070629161061153,1.787166,1.938746,0.75,0.53849,0.510997,0.713866,0.75,0.6,0.890029,0.400513,0.192369,0.565139,1,ok,VOO,0.022139,0.022139,0.022139,0.0,0,0.155823,0.874753,0.136636,0.436877,part2a21_soft_caution_overlay,artifacts_part2_g532/predictions/g532_final_consensus_tape.csv
2021-07-29,0,0.1988680345371783,0.640190760634832,1.902049,1.929067,0.75,0.53293,0.509409,0.709755,0.75,0.6,0.905915,0.407662,0.191743,0.56594,1,ok,VOO,0.022139,0.022139,0.022139,0.0,0,0.125912,0.8819,0.114967,0.396138,part2a21_soft_caution_overlay,artifacts_part2_g532/predictions/g532_final_consensus_tape.csv
2021-07-30,0,0.1909978491728687,0.697402187296554,2.052982,1.914066,1.0,0.537687,0.510768,0.701406,0.75,0.6,0.892324,0.401546,0.191827,0.565832,1,ok,VOO,0.022139,0.022139,0.022139,0.0,0,0.149818,0.875427,0.134591,0.433032,part2a21_soft_caution_overlay,artifacts_part2_g532/predictions/g532_final_consensus_tape.csv
2021-08-02,0,0.2080078468939962,0.5815125660405148,1.867445,1.940826,1.0,0.54605,0.513157,0.713824,0.75,0.6,0.86843,0.390793,0.143528,0.635279,1,ok,VOO,0.026582,0.026582,0.026582,0.0,0,0.177411,0.763754,0.178395,0.515383,part2a21_soft_caution_overlay,artifacts_part2_g532/predictions/g532_final_consensus_tape.csv
2021-08-03,0,0.1943264562540233,0.691317081755412,1.679794,1.866741,0.75,0.536991,0.510569,0.677404,0.75,0.6,0.894311,0.40244,0.12933,0.659056,1,ok,VOO,0.026582,0.026582,0.026582,0.0,0,0.146798,0.876475,0.131415,0.427061,part2a21_soft_caution_overlay,artifacts_part2_g532/predictions/g532_final_consensus_tape.csv
2021-08-04,0,0.198274077346357,0.6538341172860516,1.815216,1.787485,0.75,0.537182,0.510624,0.636994,0.75,0.6,0.893764,0.402194,0.112986,0.688732,1,ok,VOO,0.026582,0.026582,0.026582,0.0,0,0.145908,0.875821,0.133399,0.43079,part2a21_soft_caution_overlay,artifacts_part2_g532/predictions/g532_final_consensus_tape.csv
2021-08-05,0,0.1924927904775234,0.7054504829843916,1.771334,1.755448,0.75,0.537047,0.510585,0.620698,0.75,0.6,0.89415,0.402368,0.123118,0.670029,1,ok,VOO,0.026582,0.026582,0.026582,0.0,0,0.142258,0.875373,0.134756,0.433342,part2a21_soft_caution_overlay,artifacts_part2_g532/predictions/g532_final_consensus_tape.csv
2021-08-06,0,0.1999342725264809,0.6188898331718652,2.047881,1.878144,1.0,0.531339,0.508954,0.684122,0.65,0.6,0.91046,0.355079,0.11526,0.684445,0,high_risk_veto,VOO,0.026582,0.026582,0.026582,0.0,0,0.122604,0.885061,0.105384,0.378122,part2a21_soft_caution_overlay,artifacts_part2_g532/predictions/g532_final_consensus_tape.csv
2021-08-09,0,0.1907986593017193,0.7094861822091518,1.905562,1.908259,0.75,0.535169,0.510048,0.698834,0.65,0.6,0.899518,0.350812,0.114463,0.685941,0,high_risk_veto,FLAT,0.0,0.0,0.0,0.0,0,0.137856,0.879,0.123758,0.412666,part2a21_soft_caution_overlay,artifacts_part2_g532/predictions/g532_final_consensus_tape.csv
2021-08-10,0,0.2098196560699957,0.5592086512841324,2.029806,1.994416,1.0,0.532882,0.509395,0.742982,0.65,0.6,0.906052,0.35336,0.102599,0.709022,0,high_risk_veto,FLAT,0.0,0.0,0.0,0.0,0,0.120382,0.800841,0.118176,0.402172,part2a21_soft_caution_overlay,artifacts_part2_g532/predictions/g532_final_consensus_tape.csv
2021-08-11,0,0.203076060711958,0.517839756809989,1.929277,1.954881,1.0,0.53643,0.510409,0.722384,0.65,0.6,0.895915,0.349407,0.101214,0.711816,0,high_risk_veto,FLAT,0.0,0.0,0.0,0.0,0,0.136855,0.875725,0.133689,0.431336,part2a21_soft_caution_overlay,artifacts_part2_g532/predictions/g532_final_consensus_tape.csv
2021-08-12,0,0.2023392376308536,0.5479927588944576,1.780227,1.913103,0.75,0.530031,0.50858,0.702078,0.65,0.6,0.914198,0.356537,0.097482,0.719463,0,high_risk_veto,FLAT,0.0,0.0,0.0,0.0,0,0.120232,0.887734,0.097278,0.362883,part2a21_soft_caution_overlay,artifacts_part2_g532/predictions/g532_final_consensus_tape.csv
2021-08-13,0,0.202618495614797,0.5250900865207623,1.723867,1.811123,0.75,0.531174,0.508907,0.650108,0.65,0.6,0.91093,0.355263,0.088503,0.738545,0,high_risk_veto,FLAT,0.0,0.0,0.0,0.0,0,0.122415,0.88542,0.104294,0.376073,part2a21_soft_caution_overlay,artifacts_part2_g532/predictions/g532_final_consensus_tape.csv
2021-08-16,0,0.212101186933394,0.5471631049469926,1.717026,1.740373,1.0,0.528274,0.508078,0.61474,0.65,0.6,0.919217,0.358495,0.076285,0.766202,0,high_risk_veto,FLAT,0.0,0.0,0.0,0.0,0,0.101062,0.807927,0.096694,0.361786,part2a21_soft_caution_overlay,artifacts_part2_g532/predictions/g532_final_consensus_tape.csv
2021-08-17,0,0.2217139717382048,0.6748960515505246,1.892517,1.777804,1.0,0.534033,0.509724,0.632651,0.65,0.6,0.902763,0.352078,0.081853,0.753345,0,high_risk_veto,FLAT,0.0,0.0,0.0,0.0,0,0.128693,0.799812,0.121298,0.408041,part2a21_soft_caution_overlay,artifacts_part2_g532/predictions/g532_final_consensus_tape.csv
2021-08-18,0,0.2331278846537963,0.6763630310213093,1.922074,1.843873,1.0,0.54649,0.513283,0.664129,0.65,0.6,0.867172,0.338197,0.097024,0.720411,0,high_risk_veto,FLAT,0.0,0.0,0.0,0.0,0,0.17821,0.761462,0.181121,0.520508,part2a21_soft_caution_overlay,artifacts_part2_g532/predictions/g532_final_consensus_tape.csv
2021-08-19,0,0.2346889768669067,0.6893817575234421,1.50691,1.773834,0.75,0.547108,0.513459,0.628159,0.65,0.6,0.865407,0.337509,0.082496,0.751888,0,high_risk_veto,FLAT,0.0,0.0,0.0,0.0,0,0.185097,0.761367,0.181234,0.52072,part2a21_soft_caution_overlay,artifacts_part2_g532/predictions/g532_final_consensus_tape.csv
2021-08-20,0,0.2262936870639657,0.6048871470913405,1.423675,1.617553,0.75,0.542615,0.512176,0.54917,0.65,0.6,0.878243,0.342515,0.085937,0.744186,0,high_risk_veto,FLAT,0.0,0.0,0.0,0.0,0,0.172135,0.781667,0.156503,0.474225,part2a21_soft_caution_overlay,artifacts_part2_g532/predictions/g532_final_consensus_tape.csv
2021-08-23,0,0.2155116718951447,0.618543416246003,1.419009,1.449864,0.75,0.528516,0.508147,0.467338,0.65,0.6,0.918527,0.358225,0.096678,0.721131,0,high_risk_veto,FLAT,0.0,0.0,0.0,0.0,0,0.104524,0.808075,0.096243,0.360937,part2a21_soft_caution_overlay,artifacts_part2_g532/predictions/g532_final_consensus_tape.csv
2021-08-24,0,0.2072332350077018,0.57486123834265,1.843856,1.56218,0.75,0.526123,0.507464,0.524884,0.65,0.6,0.925362,0.360891,0.097742,0.718925,0,high_risk_veto,FLAT,0.0,0.0,0.0,0.0,0,0.092615,0.811355,0.086299,0.342242,part2a21_soft_caution_overlay,artifacts_part2_g532/predictions/g532_final_consensus_tape.csv
2021-08-25,0,0.2006260113960337,0.5549112882921318,1.991434,1.751433,1.0,0.525562,0.507303,0.620871,0.65,0.6,0.926966,0.361517,0.101145,0.711956,0,high_risk_veto,FLAT,0.0,0.0,0.0,0.0,0,0.09127,0.892433,0.083032,0.3361,part2a21_soft_caution_overlay,artifacts_part2_g532/predictions/g532_final_consensus_tape.csv
2021-08-26,0,0.2069856706411688,0.6049202537689612,2.15385,1.99638,1.0,0.530225,0.508636,0.744326,0.65,0.6,0.913642,0.356321,0.105212,0.703806,0,high_risk_veto,FLAT,0.0,0.0,0.0,0.0,0,0.099783,0.802916,0.111886,0.390346,part2a21_soft_caution_overlay,artifacts_part2_g532/predictions/g532_final_consensus_tape.csv
2021-08-27,0,0.1981119603770514,0.5272886092893799,1.76015,1.968478,0.75,0.530424,0.508693,0.730134,0.65,0.6,0.913073,0.356098,0.106121,0.702008,0,high_risk_veto,FLAT,0.0,0.0,0.0,0.0,0,0.113587,0.885366,0.104459,0.376383,part2a21_soft_caution_overlay,artifacts_part2_g532/predictions/g532_final_consensus_tape.csv
2021-08-30,0,0.2073068950482085,0.5581453348098284,1.731181,1.881727,0.75,0.529268,0.508362,0.686273,0.65,0.6,0.916378,0.357388,0.106288,0.701679,0,high_risk_veto,FLAT,0.0,0.0,0.0,0.0,0,0.10218,0.805751,0.10329,0.374186,part2a21_soft_caution_overlay,artifacts_part2_g532/predictions/g532_final_consensus_tape.csv
2021-08-31,0,0.2050425982016609,0.5664532804518222,2.11005,1.867127,1.0,0.527289,0.507797,0.679186,0.65,0.6,0.922032,0.359593,0.098496,0.717369,0,high_risk_veto,FLAT,0.0,0.0,0.0,0.0,0,0.104684,0.89109,0.087105,0.343757,part2a21_soft_caution_overlay,artifacts_part2_g532/predictions/g532_final_consensus_tape.csv
2021-09-01,0,0.2119849751398067,0.5965211464499959,2.045596,1.962276,0.75,0.525865,0.50739,0.727615,0.65,0.6,0.926099,0.361179,0.072466,0.775276,0,high_risk_veto,FLAT,0.0,0.0,0.0,0.0,0,0.09348,0.812166,0.083842,0.337623,part2a21_soft_caution_overlay,artifacts_part2_g532/predictions/g532_final_consensus_tape.csv
2021-09-02,0,0.2078000591579131,0.5828738508778474,2.094292,2.083313,1.0,0.526784,0.507653,0.788828,0.65,0.6,0.923473,0.360154,0.069799,0.78174,0,high_risk_veto,FLAT,0.0,0.0,0.0,0.0,0,0.093034,0.809838,0.090899,0.350889,part2a21_soft_caution_overlay,artifacts_part2_g532/predictions/g532_final_consensus_tape.csv
2021-09-03,0,0.2126732854853739,0.536037683016569,2.047328,2.062405,0.75,0.525813,0.507375,0.778342,0.65,0.6,0.926248,0.361237,0.062558,0.79985,0,high_risk_veto,FLAT,0.0,0.0,0.0,0.0,0,0.091572,0.811886,0.084689,0.339216,part2a21_soft_caution_overlay,artifacts_part2_g532/predictions/g532_final_consensus_tape.csv
2021-09-06,0,0.214562346243374,0.6013220638826536,2.125543,2.089054,1.0,0.526475,0.507564,0.791771,0.65,0.6,0.924358,0.3605,0.053685,0.823221,0,high_risk_veto,FLAT,0.0,0.0,0.0,0.0,0,0.095294,0.811071,0.087161,0.343862,part2a21_soft_caution_overlay,artifacts_part2_g532/predictions/g532_final_consensus_tape.csv
2021-09-07,0,0.2250127584464241,0.6241931681900194,2.120118,2.097663,0.75,0.537472,0.510706,0.79499,0.65,0.6,0.892937,0.348245,0.052021,0.827758,0,high_risk_veto,FLAT,0.0,0.0,0.0,0.0,0,0.154168,0.796873,0.130209,0.424793,part2a21_soft_caution_overlay,artifacts_part2_g532/predictions/g532_final_consensus_tape.csv
2021-09-08,0,0.218035238708027,0.5252123226560831,2.188979,2.14488,1.0,0.538694,0.511055,0.818937,0.65,0.6,0.889445,0.346884,0.050919,0.830789,0,high_risk_veto,FLAT,0.0,0.0,0.0,0.0,0,0.160943,0.795344,0.134843,0.433504,part2a21_soft_caution_overlay,artifacts_part2_g532/predictions/g532_final_consensus_tape.csv
2021-09-09,0,0.2224472933227618,0.5830919925390033,2.196187,2.168428,1.0,0.544446,0.512699,0.830446,0.65,0.6,0.873013,0.340475,0.056152,0.816588,0,high_risk_veto,FLAT,0.0,0.0,0.0,0.0,0,0.188625,0.779381,0.159358,0.479593,part2a21_soft_caution_overlay,artifacts_part2_g532/predictions/g532_final_consensus_tape.csv
2021-09-10,0,0.2220190808939984,0.5713891913834218,2.350654,2.245273,1.0,0.552056,0.514873,0.869233,0.65,0.6,0.851269,0.331995,0.051916,0.828044,0,high_risk_veto,FLAT,0.0,0.0,0.0,0.0,1,0.209666,0.743584,0.201842,0.559462,part2a21_soft_caution_overlay,artifacts_part2_g532/predictions/g532_final_consensus_tape.csv
2021-09-13,0,0.2185040002822411,0.5426160743656276,2.130147,2.225663,1.0,0.546856,0.513387,0.859541,0.65,0.6,0.866126,0.337789,0.049661,0.834275,0,high_risk_veto,FLAT,0.0,0.0,0.0,0.0,0,0.19439,0.767925,0.173394,0.50598,part2a21_soft_caution_overlay,artifacts_part2_g532/predictions/g532_final_consensus_tape.csv
2021-09-14,0,0.217593005623414,0.5242070518220715,2.133082,2.204628,1.0,0.528647,0.508185,0.850168,0.65,0.6,0.918151,0.358079,0.063133,0.798383,0,high_risk_veto,FLAT,0.0,0.0,0.0,0.0,0,0.105166,0.807893,0.096797,0.361978,part2a21_soft_caution_overlay,artifacts_part2_g532/predictions/g532_final_consensus_tape.csv
2021-09-15,0,0.212376073795183,0.5049677930613253,1.896233,2.053154,0.75,0.530331,0.508666,0.773137,0.65,0.6,0.913341,0.356203,0.086752,0.742386,0,high_risk_veto,FLAT,0.0,0.0,0.0,0.0,0,0.120639,0.807092,0.099225,0.366543,part2a21_soft_caution_overlay,artifacts_part2_g532/predictions/g532_final_consensus_tape.csv
2021-09-16,0,0.2086982559872757,0.4496708463587663,2.148426,2.059247,1.0,0.529974,0.508564,0.776271,0.65,0.6,0.914359,0.3566,0.086462,0.743026,0,high_risk_veto,FLAT,0.0,0.0,0.0,0.0,0,0.113486,0.806437,0.10121,0.370274,part2a21_soft_caution_overlay,artifacts_part2_g532/predictions/g532_final_consensus_tape.csv
2021-09-17,0,0.2145258574304544,0.5293287423346161,2.488524,2.177728,1.0,0.535465,0.510133,0.835955,0.65,0.6,0.898673,0.350482,0.089436,0.736516,0,high_risk_veto,FLAT,0.0,0.0,0.0,0.0,0,0.133205,0.797294,0.128933,0.422394,part2a21_soft_caution_overlay,artifacts_part2_g532/predictions/g532_final_consensus_tape.csv
2021-09-20,0,0.220742746899106,0.5725739062049674,2.561955,2.399635,1.0,0.551672,0.514763,0.948486,0.65,0.6,0.852367,0.332423,0.131989,0.65447,0,high_risk_veto,FLAT,0.0,0.0,0.0,0.0,1,0.201754,0.741579,0.20411,0.563727,part2a21_soft_caution_overlay,artifacts_part2_g532/predictions/g532_final_consensus_tape.csv
2021-09-21,0,0.2269571717504612,0.6328525357991913,1.985664,2.345381,0.75,0.558296,0.516656,0.920369,0.65,0.6,0.833441,0.325042,0.131471,0.655357,0,high_risk_veto,FLAT,0.0,0.0,0.0,0.0,1,0.276206,0.820863,0.204917,0.565245,part2a21_soft_caution_overlay,artifacts_part2_g532/predictions/g532_final_consensus_tape.csv
2021-09-22,0,0.2198378566683612,0.558698727802994,1.788163,2.111927,0.75,0.545651,0.513043,0.801431,0.65,0.6,0.869569,0.339132,0.146287,0.630856,0,high_risk_veto,FLAT,0.0,0.0,0.0,0.0,0,0.179811,0.767494,0.173913,0.506957,part2a21_soft_caution_overlay,artifacts_part2_g532/predictions/g532_final_consensus_tape.csv
2021-09-23,0,0.2001235174586296,0.3781947884328331,1.896932,1.890253,0.75,0.534087,0.509739,0.68984,0.75,0.6,0.902607,0.406173,0.186102,0.573261,1,ok,FLAT,0.0,0.0,0.0,0.0,0,0.131074,0.880185,0.120166,0.405912,part2a21_soft_caution_overlay,artifacts_part2_g532/predictions/g532_final_consensus_tape.csv
2021-09-24,0,0.1942464644954701,0.286224399570694,2.130799,1.938631,1.0,0.53204,0.509154,0.714746,0.75,0.6,0.908457,0.408805,0.185517,0.57403,1,ok,FLAT,0.0,0.0,0.0,0.0,0,0.115412,0.881829,0.115182,0.396541,part2a21_soft_caution_overlay,artifacts_part2_g532/predictions/g532_final_consensus_tape.csv
2021-09-27,0,0.1980920222680719,0.3655156154024642,2.394184,2.140638,1.0,0.535837,0.510239,0.817041,0.75,0.6,0.897608,0.403923,0.185589,0.573936,1,ok,VOO,0.028412,0.028412,0.028412,0.0,0,0.127488,0.875173,0.135361,0.434479,part2a21_soft_caution_overlay,artifacts_part2_g532/predictions/g532_final_consensus_tape.csv
2021-09-28,0,0.209689522456415,0.489669959796682,2.876373,2.467119,1.0,0.545128,0.512894,0.98318,0.75,0.6,0.871063,0.391979,0.199686,0.555944,1,ok,VOO,0.028412,0.028412,0.028412,0.0,0,0.165098,0.762792,0.179542,0.517538,part2a21_soft_caution_overlay,artifacts_part2_g532/predictions/g532_final_consensus_tape.csv
2021-09-29,0,0.2139244418487627,0.5211864028733956,2.099721,2.456759,1.0,0.544043,0.512584,0.977893,0.75,0.6,0.874164,0.393374,0.191958,0.565665,1,ok,VOO,0.028412,0.028412,0.028412,0.0,0,0.156501,0.764848,0.17709,0.512929,part2a21_soft_caution_overlay,artifacts_part2_g532/predictions/g532_final_consensus_tape.csv
2021-09-30,0,0.215277343105862,0.5288137309500547,2.21607,2.397388,1.0,0.551929,0.514837,0.947326,0.75,0.6,0.851632,0.383234,0.202026,0.553066,1,ok,VOO,0.028412,0.028412,0.028412,0.0,1,0.195964,0.736565,0.209735,0.574302,part2a21_soft_caution_overlay,artifacts_part2_g532/predictions/g532_final_consensus_tape.csv
2021-10-01,0,0.2140828441628056,0.5180622894070726,1.843023,2.052938,0.75,0.554338,0.515525,0.770226,0.75,0.6,0.84475,0.380137,0.206356,0.547817,1,ok,VOO,0.028412,0.028412,0.028412,0.0,1,0.207679,0.732621,0.225385,0.582533,part2a21_soft_caution_overlay,artifacts_part2_g532/predictions/g532_final_consensus_tape.csv
2021-10-04,0,0.2215756268453863,0.5831339099020042,2.496516,2.185203,1.0,0.558826,0.516807,0.837832,0.75,0.6,0.831926,0.374366,0.182646,0.577839,1,ok,VOO,0.027186,0.027186,0.027186,0.0,1,0.211519,0.723751,0.275583,0.600783,part2a21_soft_caution_overlay,artifacts_part2_g532/predictions/g532_final_consensus_tape.csv
2021-10-05,0,0.2150942929233177,0.5354396617594049,1.602752,1.980764,0.75,0.537494,0.510713,0.735422,0.75,0.6,0.892875,0.401794,0.193378,0.563853,1,ok,VOO,0.027186,0.027186,0.027186,0.0,0,0.133253,0.791618,0.143845,0.450428,part2a21_soft_caution_overlay,artifacts_part2_g532/predictions/g532_final_consensus_tape.csv
2021-10-06,0,0.2268229216089955,0.6475051165044302,1.770472,1.95658,0.75,0.536463,0.510418,0.723244,0.75,0.6,0.89582,0.403119,0.189936,0.568264,1,ok,VOO,0.027186,0.027186,0.027186,0.0,0,0.132804,0.794783,0.136544,0.436703,part2a21_soft_caution_overlay,artifacts_part2_g532/predictions/g532_final_consensus_tape.csv
2021-10-07,0,0.2029932809525519,0.4868775484077752,1.746651,1.706625,0.75,0.534979,0.509994,0.596251,0.75,0.6,0.90006,0.405027,0.168168,0.597846,1,ok,VOO,0.027186,0.027186,0.027186,0.0,0,0.133774,0.878594,0.12499,0.414981,part2a21_soft_caution_overlay,artifacts_part2_g532/predictions/g532_final_consensus_tape.csv
2021-10-08,0,0.2061182408480271,0.5034321656885566,2.077069,1.864731,1.0,0.532385,0.509253,0.677137,0.75,0.6,0.907471,0.408362,0.166246,0.600607,1,ok,VOO,0.027186,0.027186,0.027186,0.0,0,0.12131,0.882245,0.113921,0.394172,part2a21_soft_caution_overlay,artifacts_part2_g532/predictions/g532_final_consensus_tape.csv
2021-10-11,0,0.2155754336316129,0.5819082621484486,2.151798,1.991839,1.0,0.534797,0.509942,0.741421,0.75,0.6,0.900579,0.40526,0.167762,0.598427,1,ok,VOO,0.026971,0.026971,0.026971,0.0,0,0.123906,0.796937,0.130013,0.424424,part2a21_soft_caution_overlay,artifacts_part2_g532/predictions/g532_final_consensus_tape.csv
2021-10-12,0,0.2095208320743635,0.5372800620683292,2.004221,2.077696,1.0,0.530705,0.508773,0.785556,0.75,0.6,0.912271,0.410522,0.148402,0.627507,1,ok,VOO,0.026971,0.026971,0.026971,0.0,0,0.106832,0.803248,0.11088,0.388453,part2a21_soft_caution_overlay,artifacts_part2_g532/predictions/g532_final_consensus_tape.csv
2021-10-13,0,0.2029942455147115,0.4867244226967944,1.748462,1.96816,0.75,0.526976,0.507707,0.730444,0.964789,0.6,0.922927,0.534258,0.148503,0.627348,1,ok,VOO,0.026971,0.026971,0.026971,0.0,0,0.094199,0.889621,0.091556,0.352125,part2a21_soft_caution_overlay,artifacts_part2_g532/predictions/g532_final_consensus_tape.csv
2021-10-14,0,0.1983637283697056,0.4443586441022603,1.535555,1.762746,0.75,0.525195,0.507199,0.62667,0.967901,0.6,0.928014,0.538936,0.140385,0.640393,1,ok,VOO,0.026971,0.026971,0.026971,0.0,0,0.089749,0.893,0.081311,0.332865,part2a21_soft_caution_overlay,artifacts_part2_g532/predictions/g532_final_consensus_tape.csv
2021-10-15,0,0.1963927112244056,0.4317883520505718,1.813881,1.699299,0.75,0.524325,0.50695,0.59472,0.969492,0.6,0.930499,0.541267,0.147034,0.629669,1,ok,VOO,0.026971,0.026971,0.026971,0.0,0,0.085534,0.894217,0.077622,0.325929,part2a21_soft_caution_overlay,artifacts_part2_g532/predictions/g532_final_consensus_tape.csv
2021-10-18,0,0.2034021126204248,0.4825492677689766,1.799006,1.716147,0.75,0.528207,0.508059,0.602467,0.962296,0.6,0.919409,0.530846,0.122014,0.672019,1,ok,VOO,0.032238,0.032238,0.032238,0.0,0,0.107127,0.889379,0.092292,0.353509,part2a21_soft_caution_overlay,artifacts_part2_g532/predictions/g532_final_consensus_tape.csv
2021-10-19,0,0.1897582587025439,0.3857855038418317,1.88855,1.833812,0.75,0.523613,0.506747,0.662927,0.970667,0.6,0.932535,0.543109,0.119655,0.676305,1,ok,VOO,0.032238,0.032238,0.032238,0.0,0,0.085789,0.896002,0.072211,0.315758,part2a21_soft_caution_overlay,artifacts_part2_g532/predictions/g532_final_consensus_tape.csv
2021-10-20,0,0.1885562996864345,0.3717791798308775,2.108901,1.932152,1.0,0.530227,0.508636,0.711719,0.958637,0.6,0.913638,0.525508,0.119631,0.67635,1,ok,VOO,0.032238,0.032238,0.032238,0.0,0,0.115881,0.886333,0.101526,0.37087,part2a21_soft_caution_overlay,artifacts_part2_g532/predictions/g532_final_consensus_tape.csv
2021-10-21,0,0.1890168205276222,0.372959977640313,1.943754,1.980401,0.75,0.528658,0.508188,0.736424,0.961431,0.6,0.918119,0.529625,0.112006,0.690595,1,ok,VOO,0.032238,0.032238,0.032238,0.0,0,0.110455,0.888989,0.093472,0.355728,part2a21_soft_caution_overlay,artifacts_part2_g532/predictions/g532_final_consensus_tape.csv
2021-10-22,0,0.1881978555900394,0.3709889064711253,2.208277,2.086977,1.0,0.528076,0.508022,0.790548,0.962598,0.6,0.919782,0.531228,0.117346,0.680558,1,ok,VOO,0.032238,0.032238,0.032238,0.0,0,0.104662,0.889171,0.09292,0.35469,part2a21_soft_caution_overlay,artifacts_part2_g532/predictions/g532_final_consensus_tape.csv
2021-10-25,0,0.1892224015090003,0.3814081279566616,1.737433,1.963155,0.75,0.524581,0.507023,0.728237,0.968713,0.6,0.929769,0.540408,0.106906,0.700465,1,ok,VOO,0.04135,0.04135,0.04135,0.0,0,0.095775,0.895773,0.072905,0.317062,part2a21_soft_caution_overlay,artifacts_part2_g532/predictions/g532_final_consensus_tape.csv
2021-10-26,0,0.2051100976866833,0.5080532429869276,1.912106,1.952605,0.75,0.527589,0.507883,0.722474,0.963375,0.6,0.921173,0.532461,0.09195,0.731102,1,ok,VOO,0.04135,0.04135,0.04135,0.0,0,0.105607,0.890555,0.088724,0.346802,part2a21_soft_caution_overlay,artifacts_part2_g532/predictions/g532_final_consensus_tape.csv
2021-10-27,0,0.2016004718335563,0.4906250131024295,1.829783,1.826441,0.75,0.544378,0.512679,0.655578,0.75,0.6,0.873206,0.392943,0.119131,0.677266,1,ok,VOO,0.04135,0.04135,0.04135,0.0,0,0.193098,0.862085,0.155979,0.47324,part2a21_soft_caution_overlay,artifacts_part2_g532/predictions/g532_final_consensus_tape.csv
2021-10-28,0,0.2169051053340988,0.5943872373617137,1.676776,1.806221,0.75,0.538103,0.510887,0.646374,0.75,0.6,0.891133,0.40101,0.114805,0.685298,1,ok,VOO,0.04135,0.04135,0.04135,0.0,0,0.1587,0.796302,0.131939,0.428045,part2a21_soft_caution_overlay,artifacts_part2_g532/predictions/g532_final_consensus_tape.csv
2021-10-29,0,0.1955030642138422,0.4353701989455927,1.816693,1.774417,0.75,0.540889,0.511683,0.629637,0.65,0.6,0.883175,0.344438,0.104455,0.705308,0,high_risk_veto,VOO,0.04135,0.04135,0.04135,0.0,0,0.172852,0.872016,0.14333,0.449461,part2a21_soft_caution_overlay,artifacts_part2_g532/predictions/g532_final_consensus_tape.csv
2021-11-01,0,0.198866436538372,0.4622281954269681,1.944163,1.812544,0.75,0.536104,0.510316,0.649953,0.65,0.6,0.896845,0.349769,0.10414,0.705936,0,high_risk_veto,FLAT,0.0,0.0,0.0,0.0,0,0.146953,0.878661,0.124787,0.414599,part2a21_soft_caution_overlay,artifacts_part2_g532/predictions/g532_final_consensus_tape.csv
2021-11-02,0,0.2128307033603786,0.5640432971975641,1.898776,1.886544,0.75,0.533137,0.509468,0.688105,0.65,0.6,0.905324,0.353076,0.092263,0.730433,0,high_risk_veto,FLAT,0.0,0.0,0.0,0.0,0,0.124714,0.801143,0.117261,0.400451,part2a21_soft_caution_overlay,artifacts_part2_g532/predictions/g532_final_consensus_tape.csv
2021-11-03,0,0.1979342570211943,0.496556819144045,1.863715,1.902218,0.75,0.528096,0.508027,0.69685,0.65,0.6,0.919725,0.358693,0.099059,0.716212,0,high_risk_veto,FLAT,0.0,0.0,0.0,0.0,0,0.112443,0.890777,0.088051,0.345536,part2a21_soft_caution_overlay,artifacts_part2_g532/predictions/g532_final_consensus_tape.csv
2021-11-04,0,0.20047010235284,0.4974980539884271,1.801198,1.854563,0.75,0.533225,0.509493,0.67183,0.65,0.6,0.905071,0.352978,0.098571,0.717214,0,high_risk_veto,FLAT,0.0,0.0,0.0,0.0,0,0.12636,0.881278,0.116853,0.399684,part2a21_soft_caution_overlay,artifacts_part2_g532/predictions/g532_final_consensus_tape.csv
2021-11-05,0,0.2029946641585684,0.5307503115803334,2.130936,1.93195,1.0,0.534212,0.509775,0.711032,0.65,0.6,0.902251,0.351878,0.096656,0.721176,0,high_risk_veto,FLAT,0.0,0.0,0.0,0.0,0,0.141841,0.88217,0.114147,0.394597,part2a21_soft_caution_overlay,artifacts_part2_g532/predictions/g532_final_consensus_tape.csv
2021-11-08,0,0.2096898903991346,0.6096391449532449,2.194677,2.042271,1.0,0.526224,0.507493,0.768095,0.65,0.6,0.925074,0.360779,0.097996,0.7184,0,high_risk_veto,FLAT,0.0,0.0,0.0,0.0,0,0.101913,0.813086,0.081051,0.332375,part2a21_soft_caution_overlay,artifacts_part2_g532/predictions/g532_final_consensus_tape.csv
2021-11-09,0,0.2058810504024265,0.5586181052128518,2.286009,2.203874,1.0,0.535926,0.510265,0.849229,0.65,0.6,0.897355,0.349968,0.109988,0.694468,0,high_risk_veto,FLAT,0.0,0.0,0.0,0.0,0,0.147435,0.879197,0.123161,0.411543,part2a21_soft_caution_overlay,artifacts_part2_g532/predictions/g532_final_consensus_tape.csv
2021-11-10,0,0.2222609758651239,0.7095852960840053,2.457474,2.31272,1.0,0.543272,0.512363,0.904289,0.65,0.6,0.876366,0.341783,0.091549,0.731959,0,high_risk_veto,FLAT,0.0,0.0,0.0,0.0,0,0.172441,0.777943,0.161145,0.482952,part2a21_soft_caution_overlay,artifacts_part2_g532/predictions/g532_final_consensus_tape.csv
2021-11-11,0,0.2174189407938195,0.7053829429347859,2.054396,2.26596,0.75,0.534111,0.509746,0.880949,0.65,0.6,0.902539,0.35199,0.072911,0.774208,0,high_risk_veto,FLAT,0.0,0.0,0.0,0.0,0,0.131956,0.800315,0.119773,0.405173,part2a21_soft_caution_overlay,artifacts_part2_g532/predictions/g532_final_consensus_tape.csv
2021-11-12,0,0.2027806011430331,0.5162358493921618,1.823284,2.111718,0.75,0.528457,0.508131,0.803057,0.65,0.6,0.918693,0.35829,0.075674,0.76764,0,high_risk_veto,FLAT,0.0,0.0,0.0,0.0,0,0.109952,0.88937,0.092317,0.353555,part2a21_soft_caution_overlay,artifacts_part2_g532/predictions/g532_final_consensus_tape.csv
2021-11-15,0,0.20550846536276,0.5695414166270459,2.160347,2.012676,1.0,0.526631,0.507609,0.753049,0.65,0.6,0.923911,0.360325,0.076895,0.764771,0,high_risk_veto,FLAT,0.0,0.0,0.0,0.0,0,0.104652,0.89268,0.082283,0.334693,part2a21_soft_caution_overlay,artifacts_part2_g532/predictions/g532_final_consensus_tape.csv
2021-11-16,0,0.202863717102616,0.5287233204022679,1.985674,1.989768,0.75,0.528158,0.508045,0.741241,0.65,0.6,0.91955,0.358624,0.078065,0.762043,0,high_risk_veto,FLAT,0.0,0.0,0.0,0.0,0,0.112134,0.890562,0.088703,0.346761,part2a21_soft_caution_overlay,artifacts_part2_g532/predictions/g532_final_consensus_tape.csv
2021-11-17,0,0.2015936742053954,0.5033796126884712,2.108732,2.084918,1.0,0.53592,0.510263,0.788663,0.65,0.6,0.89737,0.349974,0.077485,0.763393,0,high_risk_veto,FLAT,0.0,0.0,0.0,0.0,0,0.145653,0.878832,0.12427,0.413627,part2a21_soft_caution_overlay,artifacts_part2_g532/predictions/g532_final_consensus_tape.csv
2021-11-18,0,0.2178403583055763,0.6744084627336063,1.822347,1.972251,0.75,0.5348,0.509943,0.731453,0.65,0.6,0.900572,0.351223,0.077701,0.762889,0,high_risk_veto,FLAT,0.0,0.0,0.0,0.0,0,0.139912,0.800333,0.119718,0.405069,part2a21_soft_caution_overlay,artifacts_part2_g532/predictions/g532_final_consensus_tape.csv
2021-11-19,0,0.2120868171032949,0.6169540741656425,1.967132,1.966071,0.5,0.538834,0.511095,0.727749,0.65,0.6,0.889047,0.346728,0.081476,0.754202,0,high_risk_veto,FLAT,0.0,0.0,0.0,0.0,0,0.151762,0.793054,0.141786,0.446558,part2a21_soft_caution_overlay,artifacts_part2_g532/predictions/g532_final_consensus_tape.csv
2021-11-22,0,0.2222042175004301,0.7012943043027784,2.401633,2.063704,1.0,0.543922,0.512549,0.776954,0.65,0.6,0.874509,0.341059,0.080206,0.757104,0,high_risk_veto,FLAT,0.0,0.0,0.0,0.0,0,0.178116,0.777032,0.162273,0.485072,part2a21_soft_caution_overlay,artifacts_part2_g532/predictions/g532_final_consensus_tape.csv
2021-11-23,0,0.2226624050920566,0.7106383079031601,2.173405,2.180723,1.0,0.541103,0.511744,0.837012,0.65,0.6,0.882562,0.344199,0.066003,0.791132,0,high_risk_veto,FLAT,0.0,0.0,0.0,0.0,0,0.167177,0.787941,0.148566,0.459304,part2a21_soft_caution_overlay,artifacts_part2_g532/predictions/g532_final_consensus_tape.csv
2021-11-24,0,0.2100293486639068,0.5755976692427501,1.889309,2.154782,0.75,0.533854,0.509673,0.824419,0.65,0.6,0.903275,0.352277,0.06699,0.788669,0,high_risk_veto,FLAT,0.0,0.0,0.0,0.0,0,0.127685,0.800032,0.120629,0.406783,part2a21_soft_caution_overlay,artifacts_part2_g532/predictions/g532_final_consensus_tape.csv
2021-11-25,0,0.2221037572768731,0.7138947624365545,1.976186,2.012967,1.0,0.534693,0.509912,0.752185,0.65,0.6,0.900878,0.351342,0.067013,0.788612,0,high_risk_veto,FLAT,0.0,0.0,0.0,0.0,0,0.138516,0.800297,0.119828,0.405276,part2a21_soft_caution_overlay,artifacts_part2_g532/predictions/g532_final_consensus_tape.csv
2021-11-26,0,0.2180494405314207,0.6548385198818142,2.234267,2.033254,0.75,0.577987,0.522282,0.757158,0.65,0.6,0.777179,0.3031,0.191776,0.565897,0,high_risk_veto,FLAT,0.0,0.0,0.0,0.0,1,0.307874,0.780882,0.406128,0.646267,part2a21_soft_caution_overlay,artifacts_part2_g532/predictions/g532_final_consensus_tape.csv
2021-11-29,0,0.2279299654280999,0.7694886182674919,1.29959,1.836681,0.5,0.552449,0.514986,0.659409,0.75,0.6,0.850144,0.382565,0.20733,0.546651,0,low_agreement,FLAT,0.0,0.0,0.0,0.0,1,0.202983,0.737182,0.209046,0.573006,part2a21_soft_caution_overlay,artifacts_part2_g532/predictions/g532_final_consensus_tape.csv
2021-11-30,0,0.2119380268776751,0.6164209250379293,2.153072,1.895643,0.75,0.591901,0.526258,0.683267,0.75,0.6,0.737424,0.331841,0.235409,0.51503,1,ok,FLAT,0.0,0.0,0.0,0.0,1,0.325462,0.756015,0.581051,0.65,part2a21_soft_caution_overlay,artifacts_part2_g532/predictions/g532_final_consensus_tape.csv
2021-12-01,0,0.1924070814918711,0.6652435608949344,2.095475,1.849379,0.75,0.568819,0.519663,0.663097,0.75,0.6,0.803373,0.361518,0.23975,0.510465,1,ok,FLAT,0.0,0.0,0.0,0.0,1,0.24501,0.70869,0.361383,0.630978,part2a21_soft_caution_overlay,artifacts_part2_g532/predictions/g532_final_consensus_tape.csv
2021-12-02,0,0.1939359498564942,0.6670357702781131,1.513971,1.920839,0.5,0.555344,0.515813,0.702178,0.75,0.6,0.841875,0.378844,0.2631,0.487235,0,low_agreement,FLAT,0.0,0.0,0.0,0.0,1,0.241576,0.820352,0.205493,0.566327,part2a21_soft_caution_overlay,artifacts_part2_g532/predictions/g532_final_consensus_tape.csv
2021-12-03,0,0.211382585133754,0.7363996000105537,2.034529,1.881325,0.75,0.546332,0.513238,0.683327,0.75,0.6,0.867624,0.390431,0.268927,0.481763,1,ok,FLAT,0.0,0.0,0.0,0.0,0,0.162078,0.753596,0.190352,0.537861,part2a21_soft_caution_overlay,artifacts_part2_g532/predictions/g532_final_consensus_tape.csv
2021-12-06,0,0.1877982421506875,0.58771735901765,1.398675,1.649058,0.75,0.555282,0.515795,0.562434,0.75,0.6,0.842051,0.378923,0.287202,0.465374,1,ok,VOO,0.014877,0.014877,0.014877,0.0,1,0.240754,0.820285,0.205568,0.566467,part2a21_soft_caution_overlay,artifacts_part2_g532/predictions/g532_final_consensus_tape.csv
2021-12-07,0,0.1957781126891431,0.642213513378166,1.017885,1.483696,0.5,0.540464,0.511561,0.481355,0.75,0.6,0.88439,0.397975,0.317315,0.440672,0,low_agreement,VOO,0.014877,0.014877,0.014877,0.0,0,0.167702,0.871872,0.143517,0.449811,part2a21_soft_caution_overlay,artifacts_part2_g532/predictions/g532_final_consensus_tape.csv
2021-12-08,0,0.2090401585975912,0.7001861158781413,1.796225,1.404261,0.5,0.538977,0.511136,0.441241,0.75,0.6,0.888638,0.399887,0.319652,0.438864,0,low_agreement,VOO,0.014877,0.014877,0.014877,0.0,0,0.131748,0.782279,0.155735,0.472781,part2a21_soft_caution_overlay,artifacts_part2_g532/predictions/g532_final_consensus_tape.csv
2021-12-09,0,0.2078713155183671,0.7058846344234406,2.101295,1.638468,0.75,0.539633,0.511324,0.560525,0.75,0.6,0.886762,0.399043,0.322294,0.436839,1,ok,VOO,0.014877,0.014877,0.014877,0.0,0,0.144674,0.785051,0.15224,0.466211,part2a21_soft_caution_overlay,artifacts_part2_g532/predictions/g532_final_consensus_tape.csv
2021-12-10,0,0.2176923432543694,0.746756721546472,1.372458,1.756659,0.5,0.534826,0.50995,0.621743,0.75,0.6,0.900496,0.405223,0.26724,0.483335,0,low_agreement,VOO,0.014877,0.014877,0.014877,0.0,0,0.110626,0.794045,0.138781,0.440909,part2a21_soft_caution_overlay,artifacts_part2_g532/predictions/g532_final_consensus_tape.csv
2021-12-13,0,0.1976846701124707,0.6461147963484243,1.955163,1.809639,0.75,0.536102,0.510315,0.648474,0.75,0.6,0.896851,0.403583,0.269456,0.481272,1,ok,VOO,0.018893,0.018893,0.018893,0.0,0,0.13501,0.876129,0.132465,0.429034,part2a21_soft_caution_overlay,artifacts_part2_g532/predictions/g532_final_consensus_tape.csv
2021-12-14,0,0.2028049583852611,0.7136927234679472,1.788098,1.70524,0.75,0.534348,0.509814,0.595676,0.75,0.6,0.901863,0.405838,0.233754,0.516792,1,ok,VOO,0.018893,0.018893,0.018893,0.0,0,0.128133,0.878927,0.12398,0.413082,part2a21_soft_caution_overlay,artifacts_part2_g532/predictions/g532_final_consensus_tape.csv
2021-12-15,0,0.1906295174287529,0.5912281096047272,0.968936,1.570732,0.5,0.53162,0.509034,0.527902,0.75,0.6,0.909658,0.409346,0.228446,0.522525,0,low_agreement,VOO,0.018893,0.018893,0.018893,0.0,0,0.116871,0.883161,0.111144,0.388951,part2a21_soft_caution_overlay,artifacts_part2_g532/predictions/g532_final_consensus_tape.csv
2021-12-16,0,0.2142003867857246,0.7272525417198737,2.107056,1.621364,0.75,0.533143,0.50947,0.553279,0.75,0.6,0.905304,0.407387,0.230601,0.520182,1,ok,VOO,0.018893,0.018893,0.018893,0.0,0,0.111545,0.798328,0.125797,0.416498,part2a21_soft_caution_overlay,artifacts_part2_g532/predictions/g532_final_consensus_tape.csv
2021-12-17,0,0.2027592975010531,0.6892812846224499,1.522716,1.532903,0.75,0.546182,0.513195,0.505022,0.75,0.6,0.868051,0.390623,0.226641,0.524504,1,ok,VOO,0.018893,0.018893,0.018893,0.0,0,0.196388,0.853071,0.167145,0.494232,part2a21_soft_caution_overlay,artifacts_part2_g532/predictions/g532_final_consensus_tape.csv
2021-12-20,0,0.204570923229106,0.7163168480657114,1.678433,1.769402,0.75,0.546512,0.513289,0.626003,0.75,0.6,0.867108,0.390199,0.217245,0.535052,1,ok,VOO,0.019604,0.019604,0.019604,0.0,0,0.199661,0.852809,0.167465,0.494834,part2a21_soft_caution_overlay,artifacts_part2_g532/predictions/g532_final_consensus_tape.csv
2021-12-21,0,0.2053414596102667,0.6732595204848932,1.003322,1.40149,0.5,0.530745,0.508784,0.44217,0.75,0.6,0.912158,0.410471,0.209207,0.544417,0,low_agreement,VOO,0.019604,0.019604,0.019604,0.0,0,0.107629,0.883321,0.110657,0.388034,part2a21_soft_caution_overlay,artifacts_part2_g532/predictions/g532_final_consensus_tape.csv
2021-12-22,0,0.2132991193976463,0.685900446808613,1.30153,1.327761,0.5,0.531422,0.508978,0.404525,0.75,0.6,0.910222,0.4096,0.212618,0.540402,0,low_agreement,VOO,0.019604,0.019604,0.019604,0.0,0,0.102898,0.80067,0.118694,0.403145,part2a21_soft_caution_overlay,artifacts_part2_g532/predictions/g532_final_consensus_tape.csv
2021-12-23,0,0.1995486335493103,0.619623139597543,1.526198,1.277017,0.5,0.5307,0.508771,0.378976,0.75,0.6,0.912287,0.410529,0.210738,0.542608,0,low_agreement,VOO,0.019604,0.019604,0.019604,0.0,0,0.109838,0.883901,0.108901,0.384734,part2a21_soft_caution_overlay,artifacts_part2_g532/predictions/g532_final_consensus_tape.csv
2021-12-24,0,0.2010110197311798,0.6307302547754735,1.735693,1.521141,0.75,0.532307,0.509231,0.502535,0.75,0.6,0.907695,0.408463,0.206346,0.54783,1,ok,VOO,0.019604,0.019604,0.019604,0.0,0,0.114645,0.881019,0.117639,0.401161,part2a21_soft_caution_overlay,artifacts_part2_g532/predictions/g532_final_consensus_tape.csv
2021-12-27,0,0.2029229998706125,0.6567581294080943,1.287969,1.51662,0.5,0.533529,0.50958,0.499927,0.75,0.6,0.904204,0.406892,0.200504,0.554934,0,low_agreement,FLAT,0.0,0.0,0.0,0.0,0,0.131571,0.881648,0.11573,0.397572,part2a21_soft_caution_overlay,artifacts_part2_g532/predictions/g532_final_consensus_tape.csv
2021-12-28,0,0.1997750800228067,0.6326983539512337,1.845988,1.623217,0.75,0.533833,0.509667,0.554065,0.75,0.6,0.903333,0.4065,0.19664,0.559735,1,ok,FLAT,0.0,0.0,0.0,0.0,0,0.131138,0.880816,0.118254,0.402317,part2a21_soft_caution_overlay,artifacts_part2_g532/predictions/g532_final_consensus_tape.csv
2021-12-29,0,0.2109538274412855,0.4257070520211212,1.759072,1.63101,0.75,0.529811,0.508517,0.558931,0.75,0.6,0.914826,0.411672,0.182903,0.577497,1,ok,FLAT,0.0,0.0,0.0,0.0,0,0.097512,0.803439,0.1103,0.387363,part2a21_soft_caution_overlay,artifacts_part2_g532/predictions/g532_final_consensus_tape.csv
2021-12-30,0,0.2085416222466971,0.3696279823502868,1.801962,1.802341,1.0,0.531603,0.509029,0.64557,0.75,0.6,0.909707,0.409368,0.172079,0.592307,1,ok,FLAT,0.0,0.0,0.0,0.0,0,0.102066,0.800056,0.120558,0.406649,part2a21_soft_caution_overlay,artifacts_part2_g532/predictions/g532_final_consensus_tape.csv
2021-12-31,0,0.2086497635215765,0.3766681037341013,1.891433,1.817489,1.0,0.53307,0.509449,0.653007,0.75,0.6,0.905515,0.407482,0.151683,0.622382,1,ok,FLAT,0.0,0.0,0.0,0.0,0,0.098648,0.795766,0.133565,0.431102,part2a21_soft_caution_overlay,artifacts_part2_g532/predictions/g532_final_consensus_tape.csv
2022-01-03,0,0.2100572796524757,0.4120022163210823,1.532277,1.741891,0.5,0.526344,0.507527,0.615886,0.966056,0.6,0.92473,0.536005,0.138836,0.642945,0,low_agreement,FLAT,0.0,0.0,0.0,0.0,0,0.087912,0.809819,0.090958,0.351,part2a21_soft_caution_overlay,artifacts_part2_g532/predictions/g532_final_consensus_tape.csv
2022-01-04,0,0.2077717171381833,0.3391548405506124,2.063722,1.829144,1.0,0.53433,0.509808,0.658714,0.75,0.6,0.901916,0.405862,0.113634,0.687505,1,ok,FLAT,0.0,0.0,0.0,0.0,0,0.107909,0.794674,0.136874,0.437323,part2a21_soft_caution_overlay,artifacts_part2_g532/predictions/g532_final_consensus_tape.csv
2022-01-05,0,0.2143624950652694,0.4916629771597354,2.384887,1.993629,1.0,0.541472,0.511849,0.741453,0.75,0.6,0.88151,0.396679,0.146341,0.63077,1,ok,FLAT,0.0,0.0,0.0,0.0,0,0.145947,0.774855,0.164957,0.490119,part2a21_soft_caution_overlay,artifacts_part2_g532/predictions/g532_final_consensus_tape.csv
2022-01-06,0,0.2121448804174749,0.4406922327612639,1.610714,2.019774,1.0,0.538258,0.510931,0.755205,0.75,0.6,0.890691,0.400811,0.14224,0.637366,1,ok,FLAT,0.0,0.0,0.0,0.0,0,0.12965,0.785403,0.151794,0.465373,part2a21_soft_caution_overlay,artifacts_part2_g532/predictions/g532_final_consensus_tape.csv
2022-01-07,0,0.2113341157916751,0.4166407557333629,1.805139,1.93358,1.0,0.537139,0.510611,0.711431,0.75,0.6,0.893888,0.40225,0.142294,0.637277,1,ok,FLAT,0.0,0.0,0.0,0.0,0,0.125725,0.789879,0.146084,0.454638,part2a21_soft_caution_overlay,artifacts_part2_g532/predictions/g532_final_consensus_tape.csv
2022-01-10,0,0.2138046554491402,0.4759141991324367,1.457129,1.624327,1.0,0.540827,0.511665,0.55304,0.75,0.6,0.88335,0.397508,0.124166,0.668152,1,ok,VOO,0.022033,0.022033,0.022033,0.0,0,0.149961,0.780768,0.157627,0.476339,part2a21_soft_caution_overlay,artifacts_part2_g532/predictions/g532_final_consensus_tape.csv
2022-01-11,0,0.2132377294009093,0.460599177785705,1.198895,1.487055,0.75,0.534323,0.509807,0.484684,0.75,0.6,0.901933,0.40587,0.128295,0.660859,1,ok,VOO,0.022033,0.022033,0.022033,0.0,0,0.122665,0.797825,0.12732,0.419362,part2a21_soft_caution_overlay,artifacts_part2_g532/predictions/g532_final_consensus_tape.csv
2022-01-12,0,0.2102638718970174,0.3986917961309455,1.510684,1.388903,0.75,0.529746,0.508499,0.436064,0.75,0.6,0.91501,0.411755,0.125001,0.666664,1,ok,VOO,0.022033,0.022033,0.022033,0.0,0,0.098008,0.803701,0.109505,0.38587,part2a21_soft_caution_overlay,artifacts_part2_g532/predictions/g532_final_consensus_tape.csv
2022-01-13,0,0.2141490233627838,0.4801214742497992,2.204221,1.637933,1.0,0.534594,0.509884,0.56138,0.75,0.6,0.901161,0.405523,0.149983,0.625026,1,ok,VOO,0.022033,0.022033,0.022033,0.0,0,0.109789,0.794433,0.137607,0.438701,part2a21_soft_caution_overlay,artifacts_part2_g532/predictions/g532_final_consensus_tape.csv
2022-01-14,0,0.2194125917405449,0.610130703165371,1.450192,1.721699,0.75,0.529905,0.508544,0.604942,0.75,0.6,0.914558,0.411551,0.155283,0.616853,1,ok,VOO,0.022033,0.022033,0.022033,0.0,0,0.101994,0.804164,0.108102,0.383231,part2a21_soft_caution_overlay,artifacts_part2_g532/predictions/g532_final_consensus_tape.csv
2022-01-17,0,0.2126747783014514,0.4515860976378023,1.623906,1.75944,1.0,0.529632,0.508466,0.624151,0.75,0.6,0.915338,0.411902,0.129276,0.659151,1,ok,VOO,0.025419,0.025419,0.025419,0.0,0,0.098981,0.804187,0.108033,0.383102,part2a21_soft_caution_overlay,artifacts_part2_g532/predictions/g532_final_consensus_tape.csv
2022-01-18,0,0.2144377994693163,0.5102627733404168,2.265855,1.779984,1.0,0.542961,0.512275,0.632089,0.65,0.6,0.877253,0.342129,0.13555,0.648424,0,high_risk_veto,VOO,0.025419,0.025419,0.025419,0.0,0,0.160307,0.773454,0.166676,0.49335,part2a21_soft_caution_overlay,artifacts_part2_g532/predictions/g532_final_consensus_tape.csv
2022-01-19,0,0.2128704764283082,0.4752534563482664,1.807716,1.899159,1.0,0.54294,0.512269,0.692988,0.65,0.6,0.877313,0.342152,0.130346,0.657297,0,high_risk_veto,VOO,0.025419,0.025419,0.025419,0.0,0,0.160385,0.773622,0.16647,0.492964,part2a21_soft_caution_overlay,artifacts_part2_g532/predictions/g532_final_consensus_tape.csv
2022-01-20,0,0.2183826669724567,0.6033349340098965,1.745359,1.939643,0.75,0.544276,0.51265,0.713479,0.65,0.6,0.873499,0.340664,0.139079,0.642543,0,high_risk_veto,VOO,0.025419,0.025419,0.025419,0.0,0,0.167151,0.769127,0.171942,0.503252,part2a21_soft_caution_overlay,artifacts_part2_g532/predictions/g532_final_consensus_tape.csv
2022-01-21,0,0.2199774100312917,0.6362906916965978,2.026125,1.859733,0.75,0.548308,0.513802,0.671943,0.5,0.6,0.861977,0.155156,0.174534,0.58888,0,high_risk_veto,VOO,0.025419,0.025419,0.025419,0.0,0,0.179425,0.750678,0.19373,0.544212,part2a21_soft_caution_overlay,artifacts_part2_g532/predictions/g532_final_consensus_tape.csv
2022-01-24,0,0.2196217295647529,0.6253214438723215,1.145603,1.639029,0.5,0.550761,0.514503,0.558304,0.5,0.6,0.854969,0.153894,0.182246,0.578374,0,high_risk_veto,FLAT,0.0,0.0,0.0,0.0,0,0.185423,0.738184,0.207926,0.5709,part2a21_soft_caution_overlay,artifacts_part2_g532/predictions/g532_final_consensus_tape.csv
2022-01-25,0,0.2168030824673751,0.5593951973182677,1.769019,1.646916,0.75,0.548581,0.51388,0.562839,0.5,0.6,0.861196,0.155015,0.170378,0.594703,0,high_risk_veto,FLAT,0.0,0.0,0.0,0.0,0,0.172449,0.744999,0.200235,0.556443,part2a21_soft_caution_overlay,artifacts_part2_g532/predictions/g532_final_consensus_tape.csv
2022-01-26,0,0.2121502597369368,0.6064975096418044,1.115652,1.343425,0.75,0.547359,0.513531,0.407687,0.5,0.6,0.864689,0.155644,0.174145,0.589421,0,high_risk_veto,FLAT,0.0,0.0,0.0,0.0,0,0.170785,0.75191,0.192307,0.541538,part2a21_soft_caution_overlay,artifacts_part2_g532/predictions/g532_final_consensus_tape.csv
2022-01-27,0,0.2161490211140763,0.6677707370392612,1.147983,1.344218,0.75,0.547144,0.51347,0.408158,0.5,0.6,0.865304,0.155755,0.166089,0.600833,0,high_risk_veto,FLAT,0.0,0.0,0.0,0.0,0,0.179615,0.758148,0.185032,0.527861,part2a21_soft_caution_overlay,artifacts_part2_g532/predictions/g532_final_consensus_tape.csv
2022-01-28,0,0.212217794423894,0.5961910774648628,-0.014821,0.749605,0.5,0.543217,0.512348,0.105473,0.5,0.6,0.876523,0.157774,0.210485,0.542906,0,low_agreement,FLAT,0.0,0.0,0.0,0.0,0,0.161539,0.772564,0.167764,0.495397,part2a21_soft_caution_overlay,artifacts_part2_g532/predictions/g532_final_consensus_tape.csv
2022-01-31,0,0.2142488438761797,0.627283383349095,0.158197,0.430453,0.5,0.54242,0.51212,0.0,0.5,0.6,0.878801,0.158184,0.240166,0.510031,0,weak_score,FLAT,0.0,0.0,0.0,0.0,0,0.158147,0.77557,0.164078,0.488466,part2a21_soft_caution_overlay,artifacts_part2_g532/predictions/g532_final_consensus_tape.csv
2022-02-01,0,0.2218685568897151,0.7021734037742641,0.971016,0.371464,0.5,0.541326,0.511807,0.0,0.5,0.6,0.881925,0.158747,0.242642,0.507467,0,weak_score,FLAT,0.0,0.0,0.0,0.0,0,0.14775,0.776667,0.162725,0.485922,part2a21_soft_caution_overlay,artifacts_part2_g532/predictions/g532_final_consensus_tape.csv
2022-02-02,0,0.221385605308067,0.7102241355253612,0.848591,0.659268,0.5,0.542911,0.51226,0.059454,0.5,0.6,0.877396,0.157931,0.236987,0.51336,0,low_agreement,FLAT,0.0,0.0,0.0,0.0,0,0.145469,0.765868,0.175868,0.510632,part2a21_soft_caution_overlay,artifacts_part2_g532/predictions/g532_final_consensus_tape.csv
2022-02-03,0,0.2026312620673705,0.5143812039987707,2.058387,1.292665,0.75,0.543824,0.512521,0.382808,0.5,0.6,0.874787,0.157462,0.248512,0.501493,1,ok,FLAT,0.0,0.0,0.0,0.0,0,0.180915,0.859064,0.159753,0.480335,part2a21_soft_caution_overlay,artifacts_part2_g532/predictions/g532_final_consensus_tape.csv
2022-02-04,0,0.2157836203160976,0.6400889366528207,0.618701,1.175226,0.5,0.54069,0.511626,0.323857,0.5,0.6,0.883743,0.159074,0.208782,0.544921,0,low_agreement,FLAT,0.0,0.0,0.0,0.0,0,0.144826,0.778927,0.159923,0.480656,part2a21_soft_caution_overlay,artifacts_part2_g532/predictions/g532_final_consensus_tape.csv
2022-02-07,0,0.2225860999300442,0.7228684410253127,1.162361,1.279816,0.75,0.540589,0.511597,0.37727,0.5,0.6,0.884032,0.159126,0.211829,0.541326,1,ok,VOO,0.004875,0.004875,0.004875,0.0,0,0.145119,0.779677,0.15899,0.478901,part2a21_soft_caution_overlay,artifacts_part2_g532/predictions/g532_final_consensus_tape.csv
2022-02-08,0,0.2163333112770186,0.6738880518345628,0.713167,0.83141,0.5,0.53802,0.510863,0.149537,0.5,0.6,0.891371,0.160447,0.200184,0.555329,0,low_agreement,VOO,0.004875,0.004875,0.004875,0.0,0,0.13517,0.789567,0.146485,0.455392,part2a21_soft_caution_overlay,artifacts_part2_g532/predictions/g532_final_consensus_tape.csv
2022-02-09,0,0.2117895494160864,0.6400325844321499,0.624161,0.83323,0.5,0.534365,0.509819,0.152045,0.75,0.6,0.901813,0.405816,0.204159,0.550468,0,low_agreement,VOO,0.004875,0.004875,0.004875,0.0,0,0.11809,0.796751,0.130578,0.425488,part2a21_soft_caution_overlay,artifacts_part2_g532/predictions/g532_final_consensus_tape.csv
2022-02-10,0,0.2166430577229384,0.6803606775564303,1.761032,1.032787,0.75,0.541957,0.511988,0.250674,0.75,0.6,0.880124,0.396056,0.202561,0.552412,1,ok,VOO,0.004875,0.004875,0.004875,0.0,0,0.152632,0.775452,0.164222,0.488738,part2a21_soft_caution_overlay,artifacts_part2_g532/predictions/g532_final_consensus_tape.csv
2022-02-11,0,0.2233880603808058,0.7347904027512024,1.725428,1.370207,0.75,0.547687,0.513625,0.421305,0.75,0.6,0.863752,0.388688,0.252497,0.497516,1,ok,VOO,0.004875,0.004875,0.004875,0.0,0,0.174822,0.75207,0.192121,0.541188,part2a21_soft_caution_overlay,artifacts_part2_g532/predictions/g532_final_consensus_tape.csv
2022-02-14,0,0.2077131240166324,0.5552268819328041,0.856195,1.447552,0.5,0.548393,0.513827,0.460727,0.75,0.6,0.861734,0.38778,0.234623,0.515865,0,low_agreement,FLAT,0.0,0.0,0.0,0.0,0,0.186996,0.754348,0.189478,0.536218,part2a21_soft_caution_overlay,artifacts_part2_g532/predictions/g532_final_consensus_tape.csv
2022-02-15,0,0.2083075620956502,0.5856052818955891,0.385334,0.988986,0.5,0.547108,0.513459,0.226268,0.75,0.6,0.865405,0.389432,0.251723,0.498283,0,low_agreement,FLAT,0.0,0.0,0.0,0.0,0,0.176555,0.756691,0.186742,0.531075,part2a21_soft_caution_overlay,artifacts_part2_g532/predictions/g532_final_consensus_tape.csv
2022-02-16,0,0.2152459880118197,0.6805197927328998,1.137281,0.792937,0.75,0.544447,0.512699,0.127069,0.75,0.6,0.873009,0.392854,0.248764,0.501239,1,ok,FLAT,0.0,0.0,0.0,0.0,0,0.164329,0.766572,0.175023,0.509043,part2a21_soft_caution_overlay,artifacts_part2_g532/predictions/g532_final_consensus_tape.csv
2022-02-17,0,0.22688993460436,0.7659819274526861,1.756597,1.093071,0.75,0.546919,0.513405,0.279636,0.75,0.6,0.865947,0.389676,0.267158,0.483411,1,ok,FLAT,0.0,0.0,0.0,0.0,0,0.178289,0.75883,0.18423,0.526352,part2a21_soft_caution_overlay,artifacts_part2_g532/predictions/g532_final_consensus_tape.csv
2022-02-18,0,0.209041266894585,0.5816006522269761,1.149548,1.347809,0.75,0.543358,0.512388,0.411138,0.75,0.6,0.876121,0.394254,0.258841,0.491313,1,ok,FLAT,0.0,0.0,0.0,0.0,0,0.161818,0.771861,0.168621,0.497008,part2a21_soft_caution_overlay,artifacts_part2_g532/predictions/g532_final_consensus_tape.csv
2022-02-21,0,0.2099408526898866,0.5990884307149209,0.823447,1.243197,0.75,0.543417,0.512405,0.357654,0.75,0.6,0.875953,0.394179,0.259348,0.490824,1,ok,VOO,0.010379,0.010379,0.010379,0.0,0,0.161422,0.771297,0.169309,0.498301,part2a21_soft_caution_overlay,artifacts_part2_g532/predictions/g532_final_consensus_tape.csv
2022-02-22,0,0.2137519133816779,0.6382296533050209,1.113217,1.028737,0.75,0.546943,0.513412,0.246687,0.75,0.6,0.865876,0.389644,0.248997,0.501005,1,ok,VOO,0.010379,0.010379,0.010379,0.0,0,0.17834,0.758704,0.184379,0.526633,part2a21_soft_caution_overlay,artifacts_part2_g532/predictions/g532_final_consensus_tape.csv
2022-02-23,0,0.2043896414602314,0.5405292303017348,1.508022,1.148229,0.75,0.555017,0.515719,0.304996,0.75,0.6,0.842808,0.379264,0.228813,0.522125,1,ok,VOO,0.010379,0.010379,0.010379,0.0,0,0.219422,0.813364,0.221189,0.580987,part2a21_soft_caution_overlay,artifacts_part2_g532/predictions/g532_final_consensus_tape.csv
2022-02-24,0,0.2076985201668702,0.627504930678436,0.114805,0.912015,0.5,0.544332,0.512666,0.188009,0.75,0.6,0.873336,0.393001,0.251019,0.498983,0,low_agreement,VOO,0.010379,0.010379,0.010379,0.0,0,0.160313,0.765117,0.176768,0.512323,part2a21_soft_caution_overlay,artifacts_part2_g532/predictions/g532_final_consensus_tape.csv
2022-02-25,0,0.2047466484335618,0.597305597203649,0.654311,0.759046,0.5,0.542421,0.51212,0.11066,0.75,0.6,0.878796,0.395458,0.243383,0.506705,0,low_agreement,VOO,0.010379,0.010379,0.010379,0.0,0,0.168572,0.860971,0.157373,0.475862,part2a21_soft_caution_overlay,artifacts_part2_g532/predictions/g532_final_consensus_tape.csv
2022-02-28,0,0.2127190285729146,0.7035848009437241,0.912017,0.560378,0.5,0.545341,0.512955,0.007693,0.75,0.6,0.870453,0.391704,0.250927,0.499075,0,low_agreement,FLAT,0.0,0.0,0.0,0.0,0,0.15594,0.756458,0.187015,0.531588,part2a21_soft_caution_overlay,artifacts_part2_g532/predictions/g532_final_consensus_tape.csv
2022-03-01,0,0.2112043371399985,0.6265778386127452,1.213835,0.926721,0.75,0.549805,0.51423,0.193271,0.75,0.6,0.8577,0.385965,0.244103,0.505967,1,ok,FLAT,0.0,0.0,0.0,0.0,0,0.175121,0.738541,0.207526,0.570148,part2a21_soft_caution_overlay,artifacts_part2_g532/predictions/g532_final_consensus_tape.csv
2022-03-02,0,0.2066488077947598,0.5804555461681212,0.558675,0.894843,0.5,0.543436,0.51241,0.179604,0.75,0.6,0.875897,0.394154,0.316043,0.441663,0,low_agreement,FLAT,0.0,0.0,0.0,0.0,0,0.16157,0.771258,0.169357,0.498391,part2a21_soft_caution_overlay,artifacts_part2_g532/predictions/g532_final_consensus_tape.csv
2022-03-03,0,0.2081653020645764,0.6711063024766052,1.225104,0.999205,0.75,0.546073,0.513164,0.231908,0.75,0.6,0.868364,0.390764,0.290402,0.462619,1,ok,FLAT,0.0,0.0,0.0,0.0,0,0.157328,0.752602,0.191505,0.540029,part2a21_soft_caution_overlay,artifacts_part2_g532/predictions/g532_final_consensus_tape.csv
2022-03-04,0,0.2159435944585778,0.7159370325354804,0.927815,0.903865,0.75,0.545962,0.513132,0.18316,0.75,0.6,0.868679,0.390905,0.299948,0.454589,1,ok,FLAT,0.0,0.0,0.0,0.0,0,0.157034,0.753138,0.190884,0.538861,part2a21_soft_caution_overlay,artifacts_part2_g532/predictions/g532_final_consensus_tape.csv
2022-03-07,0,0.2123189718672881,0.6380042322983878,1.401928,1.184949,0.75,0.549591,0.514169,0.325756,0.75,0.6,0.858311,0.38624,0.32172,0.437277,1,ok,VOO,0.008253,0.008253,0.008253,0.0,0,0.158422,0.733554,0.220119,0.580592,part2a21_soft_caution_overlay,artifacts_part2_g532/predictions/g532_final_consensus_tape.csv
2022-03-08,0,0.2120350040535158,0.6619072155958027,0.571926,0.967223,0.75,0.549664,0.51419,0.214096,0.75,0.6,0.858102,0.386146,0.320221,0.438426,1,ok,VOO,0.008253,0.008253,0.008253,0.0,0,0.168697,0.735763,0.210628,0.57598,part2a21_soft_caution_overlay,artifacts_part2_g532/predictions/g532_final_consensus_tape.csv
2022-03-09,0,0.2125608438572973,0.6691195470431056,-0.299178,0.558225,0.5,0.546191,0.513197,0.00616,0.75,0.6,0.868027,0.390612,0.362202,0.408362,0,low_agreement,VOO,0.008253,0.008253,0.008253,0.0,0,0.168433,0.75799,0.185219,0.528211,part2a21_soft_caution_overlay,artifacts_part2_g532/predictions/g532_final_consensus_tape.csv
2022-03-10,0,0.2070520440891909,0.6668450140707546,0.892169,0.388306,0.75,0.543581,0.512452,0.0,0.75,0.6,0.875483,0.393967,0.355861,0.412636,0,weak_score,VOO,0.008253,0.008253,0.008253,0.0,0,0.152234,0.765391,0.17644,0.511706,part2a21_soft_caution_overlay,artifacts_part2_g532/predictions/g532_final_consensus_tape.csv
2022-03-11,0,0.2105784217411895,0.6849353862899824,0.95712,0.516704,0.75,0.545559,0.513017,0.0,0.75,0.6,0.869831,0.391424,0.336748,0.426077,0,weak_score,VOO,0.008253,0.008253,0.008253,0.0,0,0.158118,0.756288,0.187214,0.531963,part2a21_soft_caution_overlay,artifacts_part2_g532/predictions/g532_final_consensus_tape.csv
2022-03-14,0,0.2105578012864815,0.6617573498648203,0.768161,0.872483,0.75,0.546469,0.513277,0.166885,0.75,0.6,0.867231,0.390254,0.334776,0.427514,1,ok,VOO,0.004176,0.004176,0.004176,0.0,0,0.160461,0.751824,0.192406,0.541724,part2a21_soft_caution_overlay,artifacts_part2_g532/predictions/g532_final_consensus_tape.csv
2022-03-15,0,0.2124339098713107,0.6783608706119016,-0.481918,0.414454,0.5,0.544785,0.512796,0.0,0.75,0.6,0.872043,0.392419,0.328179,0.432392,0,weak_score,VOO,0.004176,0.004176,0.004176,0.0,0,0.159029,0.761625,0.180928,0.520145,part2a21_soft_caution_overlay,artifacts_part2_g532/predictions/g532_final_consensus_tape.csv
2022-03-16,0,0.2242472157734646,0.8245426588112603,-0.229127,0.019039,0.5,0.538464,0.51099,0.0,0.75,0.6,0.890103,0.400546,0.305349,0.450167,0,weak_score,VOO,0.004176,0.004176,0.004176,0.0,0,0.147106,0.792963,0.142064,0.44708,part2a21_soft_caution_overlay,artifacts_part2_g532/predictions/g532_final_consensus_tape.csv
2022-03-17,0,0.215422791109877,0.7681742657753915,0.568239,-0.047602,0.5,0.538024,0.510864,0.0,0.75,0.6,0.891359,0.401112,0.304287,0.45103,0,weak_score,VOO,0.004176,0.004176,0.004176,0.0,0,0.13218,0.788037,0.148443,0.459073,part2a21_soft_caution_overlay,artifacts_part2_g532/predictions/g532_final_consensus_tape.csv
2022-03-18,0,0.2117873729160052,0.7095966967430286,0.44064,0.259917,0.5,0.538784,0.511081,0.0,0.75,0.6,0.889188,0.400135,0.278464,0.473069,0,weak_score,VOO,0.004176,0.004176,0.004176,0.0,0,0.142496,0.78886,0.14739,0.457094,part2a21_soft_caution_overlay,artifacts_part2_g532/predictions/g532_final_consensus_tape.csv
2022-03-21,0,0.2166244528135334,0.7147441893016754,1.032921,0.6806,0.75,0.543268,0.512362,0.070184,0.75,0.6,0.876377,0.39437,0.212557,0.540474,1,ok,VOO,0.002244,0.002244,0.002244,0.0,0,0.164212,0.773666,0.166417,0.492863,part2a21_soft_caution_overlay,artifacts_part2_g532/predictions/g532_final_consensus_tape.csv
2022-03-22,0,0.2217500003576006,0.7586655092770697,0.632848,0.702136,0.5,0.537068,0.510591,0.084093,0.75,0.6,0.894091,0.402341,0.204153,0.550476,0,low_agreement,VOO,0.002244,0.002244,0.002244,0.0,0,0.138618,0.794549,0.137254,0.438038,part2a21_soft_caution_overlay,artifacts_part2_g532/predictions/g532_final_consensus_tape.csv
2022-03-23,0,0.2113415195331681,0.6866020435142296,1.389831,1.018533,0.75,0.539727,0.511351,0.244255,0.75,0.6,0.886493,0.398922,0.226681,0.52446,1,ok,VOO,0.002244,0.002244,0.002244,0.0,0,0.131785,0.777868,0.161238,0.483128,part2a21_soft_caution_overlay,artifacts_part2_g532/predictions/g532_final_consensus_tape.csv
2022-03-24,0,0.2105641047000552,0.689616480669288,0.547067,0.856582,0.5,0.540205,0.511487,0.161434,0.75,0.6,0.885128,0.398308,0.231854,0.518829,0,low_agreement,VOO,0.002244,0.002244,0.002244,0.0,0,0.150944,0.784915,0.152412,0.466534,part2a21_soft_caution_overlay,artifacts_part2_g532/predictions/g532_final_consensus_tape.csv
2022-03-25,0,0.2053433744065236,0.5791882220685901,1.16378,1.033559,0.75,0.539603,0.511315,0.251967,0.75,0.6,0.886849,0.399082,0.198612,0.557275,1,ok,VOO,0.002244,0.002244,0.002244,0.0,0,0.154764,0.87032,0.145517,0.453572,part2a21_soft_caution_overlay,artifacts_part2_g532/predictions/g532_final_consensus_tape.csv
2022-03-28,0,0.2129210205957469,0.7268524391418262,0.839505,0.850117,0.5,0.536345,0.510384,0.15979,0.75,0.6,0.896158,0.403271,0.199388,0.556312,0,low_agreement,FLAT,0.0,0.0,0.0,0.0,0,0.127325,0.793906,0.139204,0.441703,part2a21_soft_caution_overlay,artifacts_part2_g532/predictions/g532_final_consensus_tape.csv
2022-03-29,0,0.2108645734293702,0.6900328167525025,1.020476,1.00792,0.5,0.53537,0.510106,0.240529,0.75,0.6,0.898944,0.404525,0.191584,0.566143,0,low_agreement,FLAT,0.0,0.0,0.0,0.0,0,0.124301,0.795632,0.133971,0.431866,part2a21_soft_caution_overlay,artifacts_part2_g532/predictions/g532_final_consensus_tape.csv
2022-03-30,0,0.212263604117529,0.7105333578836222,1.621695,1.160558,0.75,0.535953,0.510272,0.318019,0.75,0.6,0.897276,0.403774,0.201474,0.553742,1,ok,FLAT,0.0,0.0,0.0,0.0,0,0.125016,0.794366,0.137809,0.43908,part2a21_soft_caution_overlay,artifacts_part2_g532/predictions/g532_final_consensus_tape.csv
2022-03-31,0,0.2119185791101402,0.6937748650964374,1.663954,1.435375,0.75,0.534975,0.509993,0.458213,0.75,0.6,0.900071,0.405032,0.230424,0.520374,1,ok,FLAT,0.0,0.0,0.0,0.0,0,0.120643,0.795813,0.133423,0.430835,part2a21_soft_caution_overlay,artifacts_part2_g532/predictions/g532_final_consensus_tape.csv
2022-04-01,0,0.2163769553014674,0.7891080717142004,1.378229,1.554626,0.75,0.533534,0.509581,0.519252,0.75,0.6,0.904188,0.406885,0.231138,0.519602,1,ok,FLAT,0.0,0.0,0.0,0.0,0,0.115085,0.798131,0.126394,0.41762,part2a21_soft_caution_overlay,artifacts_part2_g532/predictions/g532_final_consensus_tape.csv
2022-04-04,0,0.2166110935654473,0.7654810440759516,0.967284,1.336489,0.5,0.533367,0.509533,0.408374,0.75,0.6,0.904666,0.407099,0.227522,0.523536,0,low_agreement,FLAT,0.0,0.0,0.0,0.0,0,0.115171,0.798555,0.125107,0.415202,part2a21_soft_caution_overlay,artifacts_part2_g532/predictions/g532_final_consensus_tape.csv
2022-04-05,0,0.2169650701970267,0.7846547521062819,2.010928,1.452147,0.75,0.536339,0.510383,0.466378,0.75,0.6,0.896175,0.403279,0.215241,0.537356,1,ok,FLAT,0.0,0.0,0.0,0.0,0,0.123157,0.793035,0.141845,0.446669,part2a21_soft_caution_overlay,artifacts_part2_g532/predictions/g532_final_consensus_tape.csv
2022-04-06,0,0.215580117152564,0.7635994264851904,1.799108,1.59244,0.75,0.539804,0.511373,0.537006,0.75,0.6,0.886274,0.398823,0.186841,0.572291,1,ok,FLAT,0.0,0.0,0.0,0.0,0,0.141052,0.782201,0.155832,0.472965,part2a21_soft_caution_overlay,artifacts_part2_g532/predictions/g532_final_consensus_tape.csv
2022-04-07,0,0.2164132107552352,0.7828951721689651,1.038667,1.616234,0.5,0.533368,0.509534,0.55062,0.75,0.6,0.904663,0.407098,0.163474,0.604633,0,low_agreement,FLAT,0.0,0.0,0.0,0.0,0,0.11371,0.798243,0.126055,0.416983,part2a21_soft_caution_overlay,artifacts_part2_g532/predictions/g532_final_consensus_tape.csv
2022-04-08,0,0.2118118576240136,0.7056963324308597,1.347074,1.39495,0.75,0.535488,0.510139,0.437494,0.75,0.6,0.898607,0.404373,0.145575,0.631991,1,ok,FLAT,0.0,0.0,0.0,0.0,0,0.121964,0.794849,0.136346,0.43633,part2a21_soft_caution_overlay,artifacts_part2_g532/predictions/g532_final_consensus_tape.csv
2022-04-11,0,0.2097326800805379,0.6267661185672309,1.592243,1.325995,0.75,0.545127,0.512893,0.399447,0.75,0.6,0.871067,0.39198,0.157626,0.613307,1,ok,VOO,0.014404,0.014404,0.014404,0.0,0,0.157719,0.758782,0.184287,0.52646,part2a21_soft_caution_overlay,artifacts_part2_g532/predictions/g532_final_consensus_tape.csv
2022-04-12,0,0.2092966645418243,0.6225193587190717,1.059308,1.332875,0.75,0.543205,0.512344,0.403553,0.75,0.6,0.876557,0.394451,0.153352,0.619807,1,ok,VOO,0.014404,0.014404,0.014404,0.0,0,0.157282,0.770385,0.170418,0.500385,part2a21_soft_caution_overlay,artifacts_part2_g532/predictions/g532_final_consensus_tape.csv
2022-04-13,0,0.2121634887600056,0.6905205922574981,0.581149,1.077567,0.5,0.534313,0.509804,0.276368,0.75,0.6,0.901963,0.405884,0.157471,0.613541,0,low_agreement,VOO,0.014404,0.014404,0.014404,0.0,0,0.114566,0.79613,0.132462,0.429028,part2a21_soft_caution_overlay,artifacts_part2_g532/predictions/g532_final_consensus_tape.csv
2022-04-14,0,0.2138431491358844,0.6987558490453786,1.71122,1.117226,0.75,0.537765,0.51079,0.295307,0.75,0.6,0.8921,0.401445,0.129324,0.659067,1,ok,VOO,0.014404,0.014404,0.014404,0.0,0,0.121615,0.784181,0.153341,0.46828,part2a21_soft_caution_overlay,artifacts_part2_g532/predictions/g532_final_consensus_tape.csv
2022-04-15,0,0.2098716930813241,0.6302867092617692,1.057219,1.116529,0.75,0.538399,0.510971,0.294724,0.75,0.6,0.890288,0.400629,0.119924,0.675815,1,ok,VOO,0.014404,0.014404,0.014404,0.0,0,0.127312,0.783387,0.154341,0.470161,part2a21_soft_caution_overlay,artifacts_part2_g532/predictions/g532_final_consensus_tape.csv
2022-04-18,0,0.2094855126288885,0.641701807343639,1.030675,1.266371,0.75,0.534503,0.509858,0.372358,0.75,0.6,0.901419,0.405639,0.110094,0.694263,1,ok,VOO,0.01573,0.01573,0.01573,0.0,0,0.117649,0.796322,0.131878,0.42793,part2a21_soft_caution_overlay,artifacts_part2_g532/predictions/g532_final_consensus_tape.csv
2022-04-19,0,0.2107673869941335,0.6654160827736837,0.642427,0.910107,0.5,0.534549,0.509871,0.19108,0.75,0.6,0.90129,0.40558,0.16108,0.608154,0,low_agreement,VOO,0.01573,0.01573,0.01573,0.0,0,0.111591,0.794925,0.136116,0.435897,part2a21_soft_caution_overlay,artifacts_part2_g532/predictions/g532_final_consensus_tape.csv
2022-04-20,0,0.2080673701548461,0.6030287822646178,1.463555,1.045552,0.75,0.539432,0.511266,0.25815,0.75,0.6,0.887336,0.399301,0.163948,0.60394,1,ok,VOO,0.01573,0.01573,0.01573,0.0,0,0.127135,0.777203,0.162062,0.484676,part2a21_soft_caution_overlay,artifacts_part2_g532/predictions/g532_final_consensus_tape.csv
2022-04-21,0,0.2076934277458759,0.6429223971620331,1.522572,1.209518,0.75,0.539126,0.511179,0.341884,0.75,0.6,0.88821,0.399695,0.167624,0.598625,1,ok,VOO,0.01573,0.01573,0.01573,0.0,0,0.124569,0.777686,0.161463,0.48355,part2a21_soft_caution_overlay,artifacts_part2_g532/predictions/g532_final_consensus_tape.csv
2022-04-22,0,0.207794209797002,0.6410169819024332,1.619174,1.5351,0.75,0.546967,0.513419,0.505948,0.75,0.6,0.865809,0.389614,0.215816,0.536693,1,ok,VOO,0.01573,0.01573,0.01573,0.0,0,0.156874,0.746623,0.198384,0.552961,part2a21_soft_caution_overlay,artifacts_part2_g532/predictions/g532_final_consensus_tape.csv
2022-04-25,0,0.2159586912184694,0.7276170558693682,0.608328,1.250025,0.5,0.546191,0.513197,0.360237,0.75,0.6,0.868026,0.390612,0.209948,0.54354,0,low_agreement,FLAT,0.0,0.0,0.0,0.0,0,0.163079,0.755041,0.18867,0.534699,part2a21_soft_caution_overlay,artifacts_part2_g532/predictions/g532_final_consensus_tape.csv
2022-04-26,0,0.2098269787269973,0.6569690333853339,1.788023,1.338508,0.75,0.549341,0.514097,0.404565,0.75,0.6,0.859027,0.386562,0.268195,0.482443,1,ok,FLAT,0.0,0.0,0.0,0.0,0,0.169776,0.73852,0.207549,0.570192,part2a21_soft_caution_overlay,artifacts_part2_g532/predictions/g532_final_consensus_tape.csv
2022-04-27,0,0.2048707543735086,0.6285141259617855,0.670274,1.022208,0.75,0.554097,0.515456,0.240562,0.75,0.6,0.845436,0.380446,0.266968,0.483589,1,ok,FLAT,0.0,0.0,0.0,0.0,0,0.226863,0.820083,0.205795,0.566895,part2a21_soft_caution_overlay,artifacts_part2_g532/predictions/g532_final_consensus_tape.csv
2022-04-28,0,0.2144914499872405,0.7112112407988279,-0.191904,0.755464,0.5,0.548063,0.513732,0.106254,0.75,0.6,0.862678,0.388205,0.310443,0.446076,0,low_agreement,FLAT,0.0,0.0,0.0,0.0,0,0.162593,0.742767,0.202767,0.561202,part2a21_soft_caution_overlay,artifacts_part2_g532/predictions/g532_final_consensus_tape.csv
2022-04-29,0,0.2162792929217276,0.7066147964031018,1.918451,0.79894,0.75,0.546713,0.513347,0.12913,0.75,0.6,0.866534,0.38994,0.343833,0.420994,1,ok,FLAT,0.0,0.0,0.0,0.0,0,0.160286,0.75017,0.194316,0.545314,part2a21_soft_caution_overlay,artifacts_part2_g532/predictions/g532_final_consensus_tape.csv
2022-05-02,0,0.2040899130642059,0.6046023512634061,0.38554,0.704029,0.5,0.553091,0.515169,0.077527,0.75,0.6,0.848311,0.38174,0.355252,0.413051,0,low_agreement,FLAT,0.0,0.0,0.0,0.0,0,0.223287,0.8246,0.200689,0.557295,part2a21_soft_caution_overlay,artifacts_part2_g532/predictions/g532_final_consensus_tape.csv
2022-05-03,0,0.2123504767563631,0.6740813431025989,0.871357,1.058449,0.5,0.548842,0.513955,0.261182,0.75,0.6,0.860451,0.387203,0.326385,0.433738,0,low_agreement,FLAT,0.0,0.0,0.0,0.0,0,0.173508,0.743909,0.201473,0.55877,part2a21_soft_caution_overlay,artifacts_part2_g532/predictions/g532_final_consensus_tape.csv
2022-05-04,0,0.2138772686679157,0.6707199872527693,0.045835,0.434244,0.5,0.546888,0.513397,0.0,0.75,0.6,0.866033,0.389715,0.358303,0.41098,0,weak_score,FLAT,0.0,0.0,0.0,0.0,0,0.169312,0.754079,0.189791,0.536807,part2a21_soft_caution_overlay,artifacts_part2_g532/predictions/g532_final_consensus_tape.csv
2022-05-05,0,0.2151952586550606,0.7023052762828677,2.095469,1.00422,0.75,0.556251,0.516072,0.230467,0.75,0.6,0.839282,0.377677,0.375158,0.399899,1,ok,FLAT,0.0,0.0,0.0,0.0,1,0.197274,0.726587,0.259502,0.594986,part2a21_soft_caution_overlay,artifacts_part2_g532/predictions/g532_final_consensus_tape.csv
2022-05-06,0,0.2168617219321845,0.7260850985727316,0.843813,0.995039,0.75,0.552939,0.515126,0.22706,0.75,0.6,0.848745,0.381935,0.351864,0.415377,1,ok,FLAT,0.0,0.0,0.0,0.0,0,0.226106,0.827174,0.197754,0.551778,part2a21_soft_caution_overlay,artifacts_part2_g532/predictions/g532_final_consensus_tape.csv
2022-05-09,0,0.21625105863856,0.7109636548576524,1.287629,1.40897,0.75,0.564337,0.518382,0.436354,0.75,0.6,0.816181,0.367281,0.400309,0.384433,1,ok,VOO,0.009242,0.009242,0.009242,0.0,1,0.193952,0.708722,0.361198,0.630915,part2a21_soft_caution_overlay,artifacts_part2_g532/predictions/g532_final_consensus_tape.csv
2022-05-10,0,0.2102088363913679,0.6763611151752892,-0.044114,0.695776,0.5,0.556992,0.516283,0.071428,0.75,0.6,0.837167,0.376725,0.364517,0.406823,0,low_agreement,VOO,0.009242,0.009242,0.009242,0.0,1,0.254558,0.816988,0.209262,0.573413,part2a21_soft_caution_overlay,artifacts_part2_g532/predictions/g532_final_consensus_tape.csv
2022-05-11,0,0.2199756588147542,0.7392241513812978,0.774504,0.672673,0.75,0.54781,0.51366,0.06396,0.75,0.6,0.8634,0.38853,0.371769,0.402078,1,ok,VOO,0.009242,0.009242,0.009242,0.0,0,0.158527,0.742095,0.203527,0.562631,part2a21_soft_caution_overlay,artifacts_part2_g532/predictions/g532_final_consensus_tape.csv
2022-05-12,0,0.2187321751830411,0.743103093783343,-0.006028,0.241454,0.75,0.548909,0.513974,0.0,0.75,0.6,0.860259,0.387117,0.327933,0.432576,0,weak_score,VOO,0.009242,0.009242,0.009242,0.0,0,0.169024,0.740915,0.204858,0.565133,part2a21_soft_caution_overlay,artifacts_part2_g532/predictions/g532_final_consensus_tape.csv
2022-05-13,0,0.2093897301074681,0.6544430187498642,-0.765578,0.000966,0.5,0.547977,0.513708,0.0,0.75,0.6,0.862924,0.388316,0.34683,0.41888,0,weak_score,VOO,0.009242,0.009242,0.009242,0.0,0,0.180118,0.753174,0.190842,0.538783,part2a21_soft_caution_overlay,artifacts_part2_g532/predictions/g532_final_consensus_tape.csv
2022-05-16,0,0.2122438024659171,0.6499594369169729,0.335847,-0.145253,0.75,0.550024,0.514292,0.0,0.75,0.6,0.857075,0.385684,0.335276,0.427149,0,weak_score,FLAT,0.0,0.0,0.0,0.0,0,0.176475,0.737883,0.208262,0.571533,part2a21_soft_caution_overlay,artifacts_part2_g532/predictions/g532_final_consensus_tape.csv
2022-05-17,0,0.212812809205343,0.6530378239184663,-0.48065,-0.30346,0.5,0.549778,0.514222,0.0,0.75,0.6,0.857777,0.386,0.371229,0.402428,0,weak_score,FLAT,0.0,0.0,0.0,0.0,0,0.179138,0.741023,0.204737,0.564906,part2a21_soft_caution_overlay,artifacts_part2_g532/predictions/g532_final_consensus_tape.csv
2022-05-18,0,0.2071469836408791,0.631590116123847,1.262062,0.372419,0.75,0.563853,0.518244,0.0,0.75,0.6,0.817564,0.367904,0.403509,0.38255,0,weak_score,FLAT,0.0,0.0,0.0,0.0,1,0.187443,0.70854,0.362241,0.631275,part2a21_soft_caution_overlay,artifacts_part2_g532/predictions/g532_final_consensus_tape.csv
2022-05-19,0,0.2033206686229091,0.6121309507601504,0.158292,0.313235,0.75,0.554393,0.515541,0.0,0.75,0.6,0.844593,0.380067,0.39329,0.388627,0,weak_score,FLAT,0.0,0.0,0.0,0.0,0,0.224275,0.816654,0.209636,0.574115,part2a21_soft_caution_overlay,artifacts_part2_g532/predictions/g532_final_consensus_tape.csv
2022-05-20,0,0.2026512937244746,0.5938974539077685,-0.038601,0.460584,0.75,0.560119,0.517177,0.0,0.75,0.6,0.828232,0.372705,0.391807,0.389525,0,weak_score,FLAT,0.0,0.0,0.0,0.0,0,0.226218,0.803737,0.275661,0.600811,part2a21_soft_caution_overlay,artifacts_part2_g532/predictions/g532_final_consensus_tape.csv
2022-05-23,0,0.2206178658233821,0.6504624763489627,-0.570377,-0.150229,0.5,0.54711,0.51346,0.0,0.75,0.6,0.8654,0.38943,0.378704,0.397643,0,weak_score,FLAT,0.0,0.0,0.0,0.0,0,0.163676,0.749527,0.195055,0.546704,part2a21_soft_caution_overlay,artifacts_part2_g532/predictions/g532_final_consensus_tape.csv
2022-05-24,0,0.2228642427954246,0.6634409836464027,0.184232,-0.141582,0.75,0.555767,0.515934,0.0,0.75,0.6,0.840664,0.378299,0.385223,0.393563,0,weak_score,FLAT,0.0,0.0,0.0,0.0,1,0.18989,0.72624,0.261467,0.595697,part2a21_soft_caution_overlay,artifacts_part2_g532/predictions/g532_final_consensus_tape.csv
2022-05-25,0,0.2096065160599668,0.6042206817070669,-0.467789,-0.284645,0.5,0.549178,0.514051,0.0,0.75,0.6,0.859491,0.386771,0.371765,0.402081,0,weak_score,FLAT,0.0,0.0,0.0,0.0,0,0.17459,0.74234,0.203251,0.562112,part2a21_soft_caution_overlay,artifacts_part2_g532/predictions/g532_final_consensus_tape.csv
2022-05-26,0,0.2158896728276033,0.6240051983349095,-0.479543,-0.254367,0.5,0.544193,0.512627,0.0,0.75,0.6,0.873735,0.393181,0.384516,0.394001,0,weak_score,FLAT,0.0,0.0,0.0,0.0,0,0.1478,0.759193,0.183803,0.525549,part2a21_soft_caution_overlay,artifacts_part2_g532/predictions/g532_final_consensus_tape.csv
2022-05-27,0,0.2133653690038288,0.6207590294121194,-0.407739,-0.45169,0.5,0.547918,0.513691,0.0,0.75,0.6,0.86309,0.388391,0.375219,0.39986,0,weak_score,FLAT,0.0,0.0,0.0,0.0,0,0.167637,0.746561,0.198455,0.553095,part2a21_soft_caution_overlay,artifacts_part2_g532/predictions/g532_final_consensus_tape.csv
2022-05-30,0,0.2134541209491459,0.6124129198565098,0.471498,-0.138595,0.75,0.545783,0.513081,0.0,0.75,0.6,0.869193,0.391137,0.371787,0.402067,0,weak_score,FLAT,0.0,0.0,0.0,0.0,0,0.158801,0.755255,0.18842,0.53423,part2a21_soft_caution_overlay,artifacts_part2_g532/predictions/g532_final_consensus_tape.csv
2022-05-31,0,0.2274733009013172,0.6525846832373797,0.587285,0.217015,0.75,0.543864,0.512532,0.0,0.75,0.6,0.874675,0.393604,0.34566,0.419703,0,weak_score,FLAT,0.0,0.0,0.0,0.0,0,0.148315,0.761525,0.181047,0.520368,part2a21_soft_caution_overlay,artifacts_part2_g532/predictions/g532_final_consensus_tape.csv
2022-06-01,0,0.2135480591822695,0.6318475965905709,0.727205,0.595329,0.75,0.547632,0.513609,0.024431,0.75,0.6,0.86391,0.388759,0.224624,0.526733,1,ok,FLAT,0.0,0.0,0.0,0.0,0,0.166027,0.747501,0.19738,0.551075,part2a21_soft_caution_overlay,artifacts_part2_g532/predictions/g532_final_consensus_tape.csv
2022-06-02,0,0.2180497183021772,0.6538423495825643,-0.072456,0.414012,0.5,0.547258,0.513502,0.0,0.75,0.6,0.864977,0.38924,0.215883,0.536615,0,weak_score,FLAT,0.0,0.0,0.0,0.0,0,0.168886,0.751495,0.192787,0.542439,part2a21_soft_caution_overlay,artifacts_part2_g532/predictions/g532_final_consensus_tape.csv
2022-06-03,0,0.223019446356224,0.6571143244323788,1.200708,0.618486,0.75,0.543648,0.512471,0.038254,0.75,0.6,0.875291,0.393881,0.236028,0.514373,1,ok,FLAT,0.0,0.0,0.0,0.0,0,0.150821,0.764216,0.177844,0.514347,part2a21_soft_caution_overlay,artifacts_part2_g532/predictions/g532_final_consensus_tape.csv
2022-06-06,0,0.2217476710041015,0.644229395511375,0.424561,0.517604,0.5,0.542543,0.512155,0.0,0.75,0.6,0.878448,0.395302,0.214411,0.538316,0,weak_score,FLAT,0.0,0.0,0.0,0.0,0,0.146442,0.768641,0.172529,0.504355,part2a21_soft_caution_overlay,artifacts_part2_g532/predictions/g532_final_consensus_tape.csv
2022-06-07,0,0.2150054737220735,0.642319179500864,0.222125,0.615798,0.5,0.542539,0.512154,0.037426,0.75,0.6,0.87846,0.395307,0.180626,0.58055,0,low_agreement,FLAT,0.0,0.0,0.0,0.0,0,0.145111,0.767956,0.173356,0.505909,part2a21_soft_caution_overlay,artifacts_part2_g532/predictions/g532_final_consensus_tape.csv
2022-06-08,0,0.2128036359501183,0.6206815378651104,0.607021,0.417902,0.75,0.542873,0.512249,0.0,0.75,0.6,0.877507,0.394878,0.194599,0.562304,0,weak_score,FLAT,0.0,0.0,0.0,0.0,0,0.148273,0.767608,0.173776,0.506699,part2a21_soft_caution_overlay,artifacts_part2_g532/predictions/g532_final_consensus_tape.csv
2022-06-09,0,0.2214416213045803,0.6639491832429624,1.010536,0.613228,0.75,0.544299,0.512657,0.035245,0.75,0.6,0.873431,0.393044,0.22321,0.528306,1,ok,FLAT,0.0,0.0,0.0,0.0,0,0.153524,0.761652,0.180896,0.520085,part2a21_soft_caution_overlay,artifacts_part2_g532/predictions/g532_final_consensus_tape.csv
2022-06-10,0,0.2217383609788034,0.705621140917108,1.068945,0.895501,0.75,0.54709,0.513454,0.178406,0.75,0.6,0.865458,0.389456,0.209504,0.544065,1,ok,FLAT,0.0,0.0,0.0,0.0,0,0.164232,0.74997,0.194546,0.545746,part2a21_soft_caution_overlay,artifacts_part2_g532/predictions/g532_final_consensus_tape.csv
2022-06-13,0,0.2350374891405924,0.7320186523423061,0.995291,1.024924,0.75,0.553158,0.515188,0.242324,0.75,0.6,0.84812,0.381654,0.227905,0.523117,1,ok,VOO,0.007257,0.007257,0.007257,0.0,0,0.18024,0.73001,0.240131,0.587942,part2a21_soft_caution_overlay,artifacts_part2_g532/predictions/g532_final_consensus_tape.csv
2022-06-14,0,0.2020647538933816,0.6462133587500724,-0.11158,0.650886,0.5,0.568203,0.519487,0.042801,0.75,0.6,0.805134,0.36231,0.228645,0.522307,0,low_agreement,VOO,0.007257,0.007257,0.007257,0.0,1,0.239074,0.708896,0.360201,0.630571,part2a21_soft_caution_overlay,artifacts_part2_g532/predictions/g532_final_consensus_tape.csv
2022-06-15,0,0.2628239236763706,0.7627883351886782,-0.567272,0.10548,0.5,0.594656,0.527045,0.0,0.75,0.6,0.729553,0.328299,0.230023,0.520808,0,weak_score,VOO,0.007257,0.007257,0.007257,0.0,1,0.328303,0.751003,0.616855,0.65,part2a21_soft_caution_overlay,artifacts_part2_g532/predictions/g532_final_consensus_tape.csv
2022-06-16,0,0.2320032849146559,0.7128955536931486,0.749756,0.023635,0.75,0.600389,0.528683,0.0,0.75,0.6,0.713174,0.320928,0.25485,0.495196,0,weak_score,VOO,0.007257,0.007257,0.007257,0.0,1,0.333404,0.74043,0.692375,0.65,part2a21_soft_caution_overlay,artifacts_part2_g532/predictions/g532_final_consensus_tape.csv
2022-06-17,0,0.2037148347110824,0.6639539120517169,-0.465018,-0.094178,0.5,0.576169,0.521763,0.0,0.75,0.6,0.782374,0.352068,0.261231,0.489015,0,weak_score,VOO,0.007257,0.007257,0.007257,0.0,1,0.251636,0.694561,0.448584,0.65,part2a21_soft_caution_overlay,artifacts_part2_g532/predictions/g532_final_consensus_tape.csv
2022-06-20,0,0.2269124793787583,0.6960037689173454,-0.136046,0.049564,0.75,0.549932,0.514266,0.0,0.75,0.6,0.857338,0.385802,0.24492,0.505132,0,weak_score,FLAT,0.0,0.0,0.0,0.0,0,0.174863,0.737558,0.208626,0.572217,part2a21_soft_caution_overlay,artifacts_part2_g532/predictions/g532_final_consensus_tape.csv
2022-06-21,0,0.2043237492403926,0.651825265410321,-0.878182,-0.493082,0.5,0.57931,0.52266,0.0,0.75,0.6,0.7734,0.34803,0.307663,0.4483,0,weak_score,FLAT,0.0,0.0,0.0,0.0,1,0.246195,0.687327,0.500254,0.65,part2a21_soft_caution_overlay,artifacts_part2_g532/predictions/g532_final_consensus_tape.csv
2022-06-22,0,0.2189644391139531,0.6594673007203896,-0.280776,-0.431668,0.75,0.564179,0.518337,0.0,0.75,0.6,0.816633,0.367485,0.309825,0.446568,0,weak_score,FLAT,0.0,0.0,0.0,0.0,1,0.217913,0.713526,0.333754,0.621385,part2a21_soft_caution_overlay,artifacts_part2_g532/predictions/g532_final_consensus_tape.csv
2022-06-23,0,0.2014485889445917,0.6397707921792123,-0.657289,-0.605416,0.5,0.572186,0.520625,0.0,0.75,0.6,0.793754,0.357189,0.303968,0.45129,0,weak_score,FLAT,0.0,0.0,0.0,0.0,1,0.237568,0.700135,0.410414,0.647716,part2a21_soft_caution_overlay,artifacts_part2_g532/predictions/g532_final_consensus_tape.csv
2022-06-24,0,0.2191916364990725,0.6651925656535781,-0.963322,-0.633796,0.5,0.55454,0.515583,0.0,0.75,0.6,0.844172,0.379878,0.3494,0.417084,0,weak_score,FLAT,0.0,0.0,0.0,0.0,1,0.191768,0.729214,0.244635,0.589585,part2a21_soft_caution_overlay,artifacts_part2_g532/predictions/g532_final_consensus_tape.csv
2022-06-27,0,0.2106547584628889,0.6113101165582778,0.147972,-0.49088,0.75,0.554093,0.515455,0.0,0.75,0.6,0.845449,0.380452,0.3283,0.432302,0,weak_score,FLAT,0.0,0.0,0.0,0.0,1,0.18842,0.729543,0.242775,0.588907,part2a21_soft_caution_overlay,artifacts_part2_g532/predictions/g532_final_consensus_tape.csv
2022-06-28,0,0.2229628625513531,0.6374278942594102,0.53391,-0.093813,0.75,0.549003,0.514001,0.0,0.75,0.6,0.859992,0.386996,0.351368,0.415719,0,weak_score,FLAT,0.0,0.0,0.0,0.0,0,0.17027,0.741017,0.204744,0.564918,part2a21_soft_caution_overlay,artifacts_part2_g532/predictions/g532_final_consensus_tape.csv
2022-06-29,0,0.2216691692589576,0.6601483176976873,-0.544647,0.045745,0.5,0.550028,0.514294,0.0,0.75,0.6,0.857062,0.385678,0.353067,0.414548,0,weak_score,FLAT,0.0,0.0,0.0,0.0,0,0.176093,0.737631,0.208544,0.572063,part2a21_soft_caution_overlay,artifacts_part2_g532/predictions/g532_final_consensus_tape.csv
2022-06-30,0,0.2225675547603783,0.6585496815129885,-0.349359,-0.120032,0.75,0.55045,0.514414,0.0,0.75,0.6,0.855857,0.385136,0.29479,0.458893,0,weak_score,FLAT,0.0,0.0,0.0,0.0,0,0.177044,0.735397,0.211035,0.576746,part2a21_soft_caution_overlay,artifacts_part2_g532/predictions/g532_final_consensus_tape.csv
2022-07-01,0,0.2210571679347199,0.6368060367716758,-0.924976,-0.606328,0.5,0.549283,0.514081,0.0,0.75,0.6,0.859191,0.386636,0.294818,0.458869,0,weak_score,FLAT,0.0,0.0,0.0,0.0,0,0.169545,0.738764,0.207276,0.569678,part2a21_soft_caution_overlay,artifacts_part2_g532/predictions/g532_final_consensus_tape.csv
2022-07-04,0,0.2175460315152514,0.6207861226314222,-0.74389,-0.672742,0.75,0.548494,0.513856,0.0,0.75,0.6,0.861444,0.38765,0.294818,0.458869,0,weak_score,FLAT,0.0,0.0,0.0,0.0,0,0.165711,0.741732,0.203938,0.563403,part2a21_soft_caution_overlay,artifacts_part2_g532/predictions/g532_final_consensus_tape.csv
2022-07-05,0,0.211372403637667,0.5860303022468283,-1.056236,-0.908367,0.5,0.549284,0.514081,0.0,0.75,0.6,0.85919,0.386635,0.248257,0.501749,0,weak_score,FLAT,0.0,0.0,0.0,0.0,0,0.172149,0.740256,0.205601,0.56653,part2a21_soft_caution_overlay,artifacts_part2_g532/predictions/g532_final_consensus_tape.csv
2022-07-06,0,0.211267507459828,0.6043183754647193,-0.707573,-0.8359,0.5,0.548924,0.513978,0.0,0.75,0.6,0.860219,0.387098,0.247127,0.502889,0,weak_score,FLAT,0.0,0.0,0.0,0.0,0,0.170447,0.741636,0.204045,0.563605,part2a21_soft_caution_overlay,artifacts_part2_g532/predictions/g532_final_consensus_tape.csv
2022-07-07,0,0.2082450133879451,0.598196245808411,-0.706056,-0.823288,0.5,0.548701,0.513914,0.0,0.75,0.6,0.860855,0.387385,0.267082,0.483482,0,weak_score,FLAT,0.0,0.0,0.0,0.0,0,0.175034,0.74569,0.199449,0.554963,part2a21_soft_caution_overlay,artifacts_part2_g532/predictions/g532_final_consensus_tape.csv
2022-07-08,0,0.2103314465721284,0.5879480860763288,-0.071637,-0.495089,0.5,0.549276,0.514079,0.0,0.75,0.6,0.859212,0.386645,0.200933,0.554406,0,weak_score,FLAT,0.0,0.0,0.0,0.0,0,0.174215,0.741488,0.204213,0.56392,part2a21_soft_caution_overlay,artifacts_part2_g532/predictions/g532_final_consensus_tape.csv
2022-07-11,0,0.2254538094688369,0.6208893772569555,0.229059,-0.182878,0.75,0.557356,0.516388,0.0,0.75,0.6,0.836125,0.376256,0.219967,0.531952,0,weak_score,FLAT,0.0,0.0,0.0,0.0,1,0.187333,0.72237,0.283417,0.60359,part2a21_soft_caution_overlay,artifacts_part2_g532/predictions/g532_final_consensus_tape.csv
2022-07-12,0,0.2090071363146875,0.5959533098427514,-0.017859,0.046521,0.75,0.558573,0.516735,0.0,0.75,0.6,0.832648,0.374691,0.196729,0.559623,0,weak_score,FLAT,0.0,0.0,0.0,0.0,1,0.251132,0.811694,0.230618,0.584457,part2a21_soft_caution_overlay,artifacts_part2_g532/predictions/g532_final_consensus_tape.csv
2022-07-13,0,0.2154642962089356,0.5617531239876802,-0.274341,-0.021047,0.75,0.542552,0.512158,0.0,0.75,0.6,0.878422,0.39529,0.198024,0.558006,0,weak_score,FLAT,0.0,0.0,0.0,0.0,0,0.111451,0.661813,0.195141,0.546865,part2a21_soft_caution_overlay,artifacts_part2_g532/predictions/g532_final_consensus_tape.csv
2022-07-14,0,0.2160270526303359,0.5128144966114467,-0.360251,-0.217484,0.5,0.542056,0.512016,0.0,0.75,0.6,0.879841,0.395928,0.183581,0.576594,0,weak_score,FLAT,0.0,0.0,0.0,0.0,0,0.114673,0.666766,0.18941,0.536091,part2a21_soft_caution_overlay,artifacts_part2_g532/predictions/g532_final_consensus_tape.csv
2022-07-15,0,0.2160567763830763,0.5197650566296498,-0.630437,-0.421677,0.5,0.541909,0.511974,0.0,0.75,0.6,0.88026,0.396117,0.199123,0.556641,0,weak_score,FLAT,0.0,0.0,0.0,0.0,0,0.118209,0.66964,0.186052,0.529778,part2a21_soft_caution_overlay,artifacts_part2_g532/predictions/g532_final_consensus_tape.csv
2022-07-18,0,0.2151025368345279,0.5976028569410606,0.056097,-0.31153,0.75,0.540673,0.511621,0.0,0.75,0.6,0.883792,0.397706,0.202066,0.553017,0,weak_score,FLAT,0.0,0.0,0.0,0.0,0,0.106168,0.670786,0.184706,0.527247,part2a21_soft_caution_overlay,artifacts_part2_g532/predictions/g532_final_consensus_tape.csv
2022-07-19,0,0.2159589398692357,0.5367409084873712,-0.680934,-0.418425,0.5,0.541261,0.511789,0.0,0.75,0.6,0.882112,0.39695,0.251849,0.498158,0,weak_score,FLAT,0.0,0.0,0.0,0.0,0,0.111104,0.669808,0.185856,0.529408,part2a21_soft_caution_overlay,artifacts_part2_g532/predictions/g532_final_consensus_tape.csv
2022-07-20,0,0.2146161873334749,0.6303119519596877,-0.037874,-0.220903,0.5,0.544391,0.512683,0.0,0.75,0.6,0.873169,0.392926,0.248798,0.501205,0,weak_score,FLAT,0.0,0.0,0.0,0.0,0,0.117956,0.653604,0.204489,0.564439,part2a21_soft_caution_overlay,artifacts_part2_g532/predictions/g532_final_consensus_tape.csv
2022-07-21,0,0.215095187425386,0.578146345225745,0.059695,-0.219704,0.5,0.544905,0.51283,0.0,0.75,0.6,0.871701,0.392266,0.230769,0.520001,0,weak_score,FLAT,0.0,0.0,0.0,0.0,0,0.118333,0.650451,0.20803,0.571096,part2a21_soft_caution_overlay,artifacts_part2_g532/predictions/g532_final_consensus_tape.csv
2022-07-22,0,0.2147562882326981,0.618698162384285,0.662636,0.228153,0.75,0.540776,0.51165,0.0,0.75,0.6,0.883498,0.397574,0.254281,0.495755,0,weak_score,FLAT,0.0,0.0,0.0,0.0,0,0.108401,0.671364,0.184026,0.525969,part2a21_soft_caution_overlay,artifacts_part2_g532/predictions/g532_final_consensus_tape.csv
2022-07-25,0,0.2156527465215065,0.548956432096504,0.280813,0.334382,0.75,0.541609,0.511888,0.0,0.75,0.6,0.881116,0.396502,0.233753,0.516793,0,weak_score,FLAT,0.0,0.0,0.0,0.0,0,0.111759,0.667974,0.188001,0.533443,part2a21_soft_caution_overlay,artifacts_part2_g532/predictions/g532_final_consensus_tape.csv
2022-07-26,0,0.2148398185406664,0.6090808470873854,0.497141,0.480197,0.75,0.54125,0.511786,0.0,0.75,0.6,0.882144,0.396965,0.235083,0.515376,0,weak_score,FLAT,0.0,0.0,0.0,0.0,0,0.102975,0.665388,0.191012,0.539102,part2a21_soft_caution_overlay,artifacts_part2_g532/predictions/g532_final_consensus_tape.csv
2022-07-27,0,0.215790535965477,0.5480079764055463,-0.889751,-0.037266,0.5,0.539413,0.511261,0.0,0.75,0.6,0.887392,0.399327,0.252081,0.497928,0,weak_score,FLAT,0.0,0.0,0.0,0.0,0,0.109031,0.680129,0.173582,0.506334,part2a21_soft_caution_overlay,artifacts_part2_g532/predictions/g532_final_consensus_tape.csv
2022-07-28,0,0.2148501130137881,0.6134842244875304,-0.01275,-0.13512,0.5,0.541444,0.511841,0.0,0.75,0.6,0.88159,0.396715,0.252118,0.497891,0,weak_score,FLAT,0.0,0.0,0.0,0.0,0,0.111251,0.66874,0.187107,0.53176,part2a21_soft_caution_overlay,artifacts_part2_g532/predictions/g532_final_consensus_tape.csv
2022-07-29,0,0.2156045335821524,0.5528938312320121,-0.231909,-0.378137,0.5,0.541415,0.511833,0.0,0.75,0.6,0.881671,0.396752,0.2508,0.499201,0,weak_score,FLAT,0.0,0.0,0.0,0.0,0,0.109553,0.667982,0.187992,0.533425,part2a21_soft_caution_overlay,artifacts_part2_g532/predictions/g532_final_consensus_tape.csv
2022-08-01,0,0.2153462437893878,0.5691641453858375,0.281794,0.012378,0.75,0.539123,0.511178,0.0,0.75,0.6,0.888219,0.399699,0.255156,0.494897,0,weak_score,FLAT,0.0,0.0,0.0,0.0,0,0.104028,0.679222,0.174674,0.508388,part2a21_soft_caution_overlay,artifacts_part2_g532/predictions/g532_final_consensus_tape.csv
2022-08-02,0,0.2161798007947334,0.4494849215558272,0.514773,0.188219,0.75,0.539198,0.511199,0.0,0.75,0.6,0.888007,0.399603,0.207274,0.546719,0,weak_score,FLAT,0.0,0.0,0.0,0.0,0,0.10767,0.680715,0.172876,0.505006,part2a21_soft_caution_overlay,artifacts_part2_g532/predictions/g532_final_consensus_tape.csv
2022-08-03,0,0.2157564282696205,0.4920594680783507,-0.115273,0.227098,0.5,0.544539,0.512725,0.0,0.75,0.6,0.872746,0.392736,0.211283,0.541967,0,weak_score,FLAT,0.0,0.0,0.0,0.0,0,0.113434,0.650037,0.208494,0.571968,part2a21_soft_caution_overlay,artifacts_part2_g532/predictions/g532_final_consensus_tape.csv
2022-08-04,0,0.2157470314850058,0.5155984669101485,0.532038,0.310513,0.5,0.545998,0.513142,0.0,0.75,0.6,0.868578,0.39086,0.21455,0.538155,0,weak_score,FLAT,0.0,0.0,0.0,0.0,0,0.116042,0.645669,0.221506,0.581104,part2a21_soft_caution_overlay,artifacts_part2_g532/predictions/g532_final_consensus_tape.csv
2022-08-05,0,0.2166810948782009,0.473579076973623,0.957635,0.458134,0.75,0.538576,0.511022,0.0,0.75,0.6,0.889783,0.400403,0.180275,0.581024,0,weak_score,FLAT,0.0,0.0,0.0,0.0,0,0.104959,0.683053,0.170043,0.499681,part2a21_soft_caution_overlay,artifacts_part2_g532/predictions/g532_final_consensus_tape.csv
2022-08-08,0,0.2157176206801015,0.5454090230156813,0.775439,0.755037,0.75,0.53866,0.511046,0.110321,0.75,0.6,0.889543,0.400294,0.189674,0.568603,1,ok,VOO,0.003767,0.003767,0.003767,0.0,0,0.097068,0.678328,0.175748,0.510405,part2a21_soft_caution_overlay,artifacts_part2_g532/predictions/g532_final_consensus_tape.csv
2022-08-09,0,0.2168088367240881,0.4694762159527766,0.777384,0.836819,0.75,0.538679,0.511051,0.15201,0.75,0.6,0.889487,0.400269,0.169845,0.595457,1,ok,VOO,0.003767,0.003767,0.003767,0.0,0,0.09917,0.679336,0.174537,0.508129,part2a21_soft_caution_overlay,artifacts_part2_g532/predictions/g532_final_consensus_tape.csv
2022-08-10,0,0.2035674665839806,0.4344572215675031,0.029379,0.527401,0.5,0.548753,0.51393,0.0,0.75,0.6,0.860705,0.387317,0.159037,0.611192,0,weak_score,VOO,0.003767,0.003767,0.003767,0.0,0,0.190981,0.809186,0.189562,0.536377,part2a21_soft_caution_overlay,artifacts_part2_g532/predictions/g532_final_consensus_tape.csv
2022-08-11,0,0.1974385777396925,0.3469917677321381,0.922286,0.57635,0.75,0.546812,0.513375,0.015123,0.75,0.6,0.866251,0.389813,0.158968,0.611295,1,ok,VOO,0.003767,0.003767,0.003767,0.0,0,0.174722,0.812452,0.185745,0.5292,part2a21_soft_caution_overlay,artifacts_part2_g532/predictions/g532_final_consensus_tape.csv
2022-08-12,0,0.1927606111846266,0.3232882864010367,0.334925,0.428863,0.5,0.547594,0.513598,0.0,0.75,0.6,0.864018,0.388808,0.1572,0.613949,0,weak_score,VOO,0.003767,0.003767,0.003767,0.0,0,0.183033,0.812113,0.186143,0.529948,part2a21_soft_caution_overlay,artifacts_part2_g532/predictions/g532_final_consensus_tape.csv
2022-08-15,0,0.1932349021388536,0.3247234472292079,0.608218,0.62181,0.5,0.542128,0.512037,0.040698,0.75,0.6,0.879633,0.395835,0.139886,0.641212,0,low_agreement,FLAT,0.0,0.0,0.0,0.0,0,0.153505,0.829792,0.164925,0.490058,part2a21_soft_caution_overlay,artifacts_part2_g532/predictions/g532_final_consensus_tape.csv
2022-08-16,0,0.198201826093456,0.3729239378097037,0.80081,0.581318,0.75,0.544401,0.512686,0.018877,0.75,0.6,0.87314,0.392913,0.140308,0.64052,1,ok,FLAT,0.0,0.0,0.0,0.0,0,0.170264,0.82493,0.170861,0.501219,part2a21_soft_caution_overlay,artifacts_part2_g532/predictions/g532_final_consensus_tape.csv
2022-08-17,0,0.2082872659877113,0.4738198499301858,0.881547,0.763525,0.75,0.539062,0.51116,0.114467,0.75,0.6,0.888395,0.399778,0.138455,0.643575,1,ok,FLAT,0.0,0.0,0.0,0.0,0,0.126485,0.753976,0.159751,0.480332,part2a21_soft_caution_overlay,artifacts_part2_g532/predictions/g532_final_consensus_tape.csv
2022-08-18,0,0.2061945796864847,0.4593674888484281,0.478255,0.720204,0.5,0.54223,0.512066,0.090906,0.75,0.6,0.879343,0.395704,0.128243,0.660951,0,low_agreement,FLAT,0.0,0.0,0.0,0.0,0,0.15958,0.832359,0.161758,0.484105,part2a21_soft_caution_overlay,artifacts_part2_g532/predictions/g532_final_consensus_tape.csv
2022-08-19,0,0.2058454487162239,0.4602269894615975,0.96301,0.774271,0.75,0.543226,0.51235,0.118074,0.75,0.6,0.876497,0.394424,0.12998,0.65793,1,ok,FLAT,0.0,0.0,0.0,0.0,0,0.160586,0.826917,0.168445,0.496677,part2a21_soft_caution_overlay,artifacts_part2_g532/predictions/g532_final_consensus_tape.csv
2022-08-22,0,0.2209792788654515,0.5927476740253597,0.965049,0.802105,0.75,0.562385,0.517824,0.123719,0.75,0.6,0.821758,0.369791,0.158528,0.611954,1,ok,VOO,0.0042,0.0042,0.0042,0.0,1,0.235153,0.77548,0.293648,0.607241,part2a21_soft_caution_overlay,artifacts_part2_g532/predictions/g532_final_consensus_tape.csv
2022-08-23,0,0.2384897432062033,0.730451778492014,0.3418,0.75662,0.75,0.547906,0.513688,0.106918,0.75,0.6,0.863125,0.388406,0.158026,0.612706,1,ok,VOO,0.0042,0.0042,0.0042,0.0,0,0.153735,0.713632,0.207323,0.569768,part2a21_soft_caution_overlay,artifacts_part2_g532/predictions/g532_final_consensus_tape.csv
2022-08-24,0,0.2263894073439585,0.631182381432548,0.329791,0.545547,0.5,0.547993,0.513712,0.0,0.75,0.6,0.862878,0.388295,0.126366,0.664246,0,weak_score,VOO,0.0042,0.0042,0.0042,0.0,0,0.157893,0.71545,0.205281,0.565929,part2a21_soft_caution_overlay,artifacts_part2_g532/predictions/g532_final_consensus_tape.csv
2022-08-25,0,0.2293012345484712,0.627741903986194,0.020982,0.230858,0.5,0.545157,0.512902,0.0,0.75,0.6,0.87098,0.391941,0.128362,0.660743,0,weak_score,VOO,0.0042,0.0042,0.0042,0.0,0,0.145689,0.726859,0.192263,0.541454,part2a21_soft_caution_overlay,artifacts_part2_g532/predictions/g532_final_consensus_tape.csv
2022-08-26,0,0.2136603272190086,0.5090283083429405,1.357482,0.569419,0.75,0.555134,0.515753,0.007345,0.75,0.6,0.842475,0.379114,0.200381,0.555085,1,ok,VOO,0.0042,0.0042,0.0042,0.0,1,0.16163,0.697225,0.283736,0.603705,part2a21_soft_caution_overlay,artifacts_part2_g532/predictions/g532_final_consensus_tape.csv
2022-08-29,0,0.2435987045699015,0.7357997499572759,0.456276,0.61158,0.75,0.556623,0.516178,0.028279,0.75,0.6,0.838219,0.377199,0.199306,0.556413,1,ok,VOO,0.00089,0.00089,0.00089,0.0,1,0.221913,0.785308,0.237943,0.587141,part2a21_soft_caution_overlay,artifacts_part2_g532/predictions/g532_final_consensus_tape.csv
2022-08-30,0,0.213765457356685,0.5129198804948943,0.39197,0.735243,0.75,0.553861,0.515389,0.093201,0.75,0.6,0.846112,0.380751,0.198081,0.557935,1,ok,VOO,0.00089,0.00089,0.00089,0.0,0,0.204204,0.787901,0.223301,0.581766,part2a21_soft_caution_overlay,artifacts_part2_g532/predictions/g532_final_consensus_tape.csv
2022-08-31,0,0.2208055751148694,0.5720175659365433,0.263656,0.370634,0.75,0.559015,0.516861,0.0,0.75,0.6,0.831385,0.374123,0.196297,0.560165,0,weak_score,VOO,0.00089,0.00089,0.00089,0.0,1,0.179206,0.692225,0.312164,0.613804,part2a21_soft_caution_overlay,artifacts_part2_g532/predictions/g532_final_consensus_tape.csv
2022-09-01,0,0.2289730545925646,0.6503342212818608,0.143093,0.26624,0.75,0.558533,0.516724,0.0,0.75,0.6,0.832764,0.374744,0.211486,0.541728,0,weak_score,VOO,0.00089,0.00089,0.00089,0.0,1,0.227187,0.782215,0.255441,0.593514,part2a21_soft_caution_overlay,artifacts_part2_g532/predictions/g532_final_consensus_tape.csv
2022-09-02,0,0.2163147536551382,0.5132998320215774,0.458032,0.28826,0.75,0.549885,0.514253,0.0,0.75,0.6,0.857473,0.385863,0.219391,0.532605,0,weak_score,VOO,0.00089,0.00089,0.00089,0.0,0,0.150731,0.706399,0.231781,0.584884,part2a21_soft_caution_overlay,artifacts_part2_g532/predictions/g532_final_consensus_tape.csv
2022-09-05,0,0.2176027190107058,0.5416401895865818,0.069445,0.223523,0.75,0.549611,0.514175,0.0,0.75,0.6,0.858254,0.386214,0.211365,0.54187,0,weak_score,FLAT,0.0,0.0,0.0,0.0,0,0.155593,0.707892,0.223348,0.581783,part2a21_soft_caution_overlay,artifacts_part2_g532/predictions/g532_final_consensus_tape.csv
2022-09-06,0,0.2257256897780001,0.618618093930906,0.325119,0.284199,0.75,0.54822,0.513777,0.0,0.75,0.6,0.86223,0.388003,0.218966,0.533088,0,weak_score,FLAT,0.0,0.0,0.0,0.0,0,0.154165,0.711818,0.209353,0.573583,part2a21_soft_caution_overlay,artifacts_part2_g532/predictions/g532_final_consensus_tape.csv
2022-09-07,0,0.2097769342722695,0.6756710952134547,-0.237095,0.05249,0.5,0.5387,0.511057,0.0,0.75,0.6,0.88943,0.400243,0.226169,0.525024,0,weak_score,FLAT,0.0,0.0,0.0,0.0,0,0.058158,0.561465,0.201109,0.558085,part2a21_soft_caution_overlay,artifacts_part2_g532/predictions/g532_final_consensus_tape.csv
2022-09-08,0,0.2159455665428164,0.6334831991623558,0.278715,0.122247,0.5,0.537934,0.510838,0.0,0.75,0.6,0.891616,0.401227,0.229256,0.521642,0,weak_score,FLAT,0.0,0.0,0.0,0.0,0,0.057959,0.566285,0.195604,0.547735,part2a21_soft_caution_overlay,artifacts_part2_g532/predictions/g532_final_consensus_tape.csv
2022-09-09,0,0.2154956917904603,0.6309611477507724,-0.030242,0.003793,0.5,0.536919,0.510548,0.0,0.75,0.6,0.894516,0.402532,0.165301,0.601973,0,weak_score,FLAT,0.0,0.0,0.0,0.0,0,0.058661,0.573126,0.187677,0.532833,part2a21_soft_caution_overlay,artifacts_part2_g532/predictions/g532_final_consensus_tape.csv
2022-09-12,0,0.2084285215273452,0.7027187015452605,0.304676,0.184383,0.5,0.537432,0.510695,0.0,0.75,0.6,0.89305,0.401873,0.172591,0.591588,0,weak_score,FLAT,0.0,0.0,0.0,0.0,0,0.060896,0.571121,0.190014,0.537227,part2a21_soft_caution_overlay,artifacts_part2_g532/predictions/g532_final_consensus_tape.csv
2022-09-13,0,0.2029450297322188,0.730864919517724,1.742067,0.672167,0.75,0.552474,0.514993,0.061459,0.75,0.6,0.850073,0.382533,0.270086,0.480689,1,ok,FLAT,0.0,0.0,0.0,0.0,0,0.106451,0.614922,0.310042,0.613055,part2a21_soft_caution_overlay,artifacts_part2_g532/predictions/g532_final_consensus_tape.csv
2022-09-14,0,0.2183585134044547,0.67321509580554,0.060751,0.702498,0.5,0.539141,0.511183,0.083309,0.75,0.6,0.888168,0.399676,0.268912,0.481777,0,low_agreement,FLAT,0.0,0.0,0.0,0.0,0,0.062382,0.560997,0.20164,0.559082,part2a21_soft_caution_overlay,artifacts_part2_g532/predictions/g532_final_consensus_tape.csv
2022-09-15,0,0.2136251934675898,0.6859298899231098,0.651102,0.817973,0.75,0.54007,0.511448,0.141793,0.75,0.6,0.885515,0.398482,0.267196,0.483375,1,ok,FLAT,0.0,0.0,0.0,0.0,0,0.05994,0.553516,0.210051,0.574895,part2a21_soft_caution_overlay,artifacts_part2_g532/predictions/g532_final_consensus_tape.csv
2022-09-16,0,0.212534019852012,0.7142484479931682,0.382406,0.364753,0.75,0.539936,0.51141,0.0,0.75,0.6,0.885897,0.398654,0.257198,0.492905,0,weak_score,FLAT,0.0,0.0,0.0,0.0,0,0.059503,0.554146,0.209349,0.573576,part2a21_soft_caution_overlay,artifacts_part2_g532/predictions/g532_final_consensus_tape.csv
2022-09-19,0,0.2076447968356204,0.7422236775433658,0.096699,0.376736,0.5,0.538189,0.510911,0.0,0.75,0.6,0.89089,0.4009,0.261893,0.488383,0,weak_score,FLAT,0.0,0.0,0.0,0.0,0,0.059525,0.565534,0.196466,0.549357,part2a21_soft_caution_overlay,artifacts_part2_g532/predictions/g532_final_consensus_tape.csv
2022-09-20,0,0.2016183801217279,0.7758938104531632,0.460007,0.313037,0.75,0.544022,0.512578,0.0,0.75,0.6,0.874223,0.3934,0.261341,0.488911,0,weak_score,FLAT,0.0,0.0,0.0,0.0,0,0.104955,0.633428,0.210149,0.57508,part2a21_soft_caution_overlay,artifacts_part2_g532/predictions/g532_final_consensus_tape.csv
2022-09-21,0,0.2083721906682168,0.7524720028317357,0.663994,0.4069,0.75,0.539865,0.51139,0.0,0.75,0.6,0.886101,0.398746,0.274823,0.476351,0,weak_score,FLAT,0.0,0.0,0.0,0.0,0,0.06033,0.555094,0.208289,0.571584,part2a21_soft_caution_overlay,artifacts_part2_g532/predictions/g532_final_consensus_tape.csv
2022-09-22,0,0.2336416457041556,0.5931326584253671,0.461244,0.528415,0.75,0.53929,0.511226,0.0,0.75,0.6,0.887742,0.399484,0.270639,0.480179,0,weak_score,FLAT,0.0,0.0,0.0,0.0,0,0.062009,0.559815,0.202978,0.561599,part2a21_soft_caution_overlay,artifacts_part2_g532/predictions/g532_final_consensus_tape.csv
2022-09-23,0,0.2055698430319102,0.7788048449676938,0.390064,0.505101,0.75,0.559351,0.516957,0.0,0.75,0.6,0.830427,0.373692,0.257978,0.492147,0,weak_score,FLAT,0.0,0.0,0.0,0.0,1,0.120324,0.602855,0.378952,0.637017,part2a21_soft_caution_overlay,artifacts_part2_g532/predictions/g532_final_consensus_tape.csv
2022-09-26,0,0.2497297258711071,0.5060553404660814,0.149117,0.333475,0.75,0.568734,0.519638,0.0,0.75,0.6,0.803616,0.361627,0.245942,0.504092,0,weak_score,FLAT,0.0,0.0,0.0,0.0,1,0.140506,0.587218,0.481285,0.65,part2a21_soft_caution_overlay,artifacts_part2_g532/predictions/g532_final_consensus_tape.csv
2022-09-27,0,0.2295652366530294,0.6221870643026086,0.135105,0.224762,0.5,0.548187,0.513768,0.0,0.75,0.6,0.862323,0.388045,0.175567,0.587452,0,weak_score,FLAT,0.0,0.0,0.0,0.0,1,0.062251,0.535817,0.304946,0.611253,part2a21_soft_caution_overlay,artifacts_part2_g532/predictions/g532_final_consensus_tape.csv
2022-09-28,0,0.2244646298859464,0.6145862229352917,-0.421624,-0.0458,0.5,0.544695,0.51277,0.0,0.75,0.6,0.872299,0.392534,0.17217,0.592179,0,weak_score,FLAT,0.0,0.0,0.0,0.0,1,0.064594,0.543707,0.260154,0.595222,part2a21_soft_caution_overlay,artifacts_part2_g532/predictions/g532_final_consensus_tape.csv
2022-09-29,0,0.2206047931978055,0.6880453231050413,0.758582,0.157354,0.75,0.559765,0.517076,0.0,0.75,0.6,0.829242,0.373159,0.183144,0.577176,0,weak_score,FLAT,0.0,0.0,0.0,0.0,1,0.125511,0.602938,0.378476,0.636854,part2a21_soft_caution_overlay,artifacts_part2_g532/predictions/g532_final_consensus_tape.csv
2022-09-30,0,0.2214995080945775,0.6641231027279121,0.434774,0.257244,0.75,0.548774,0.513935,0.0,0.75,0.6,0.860647,0.387291,0.186867,0.572257,0,weak_score,FLAT,0.0,0.0,0.0,0.0,1,0.061217,0.534373,0.313165,0.614157,part2a21_soft_caution_overlay,artifacts_part2_g532/predictions/g532_final_consensus_tape.csv
2022-10-03,0,0.2079922836908423,0.7677903093902921,-0.715155,0.1594,0.5,0.55007,0.514306,0.0,0.75,0.6,0.856942,0.385624,0.196373,0.560069,0,weak_score,FLAT,0.0,0.0,0.0,0.0,1,0.060344,0.531446,0.329848,0.620019,part2a21_soft_caution_overlay,artifacts_part2_g532/predictions/g532_final_consensus_tape.csv
2022-10-04,0,0.2049640362499026,0.7726748723855538,-0.593999,-0.29146,0.5,0.542308,0.512088,0.0,0.75,0.6,0.879119,0.395603,0.254483,0.495557,0,weak_score,FLAT,0.0,0.0,0.0,0.0,0,0.100806,0.64226,0.200206,0.556387,part2a21_soft_caution_overlay,artifacts_part2_g532/predictions/g532_final_consensus_tape.csv
2022-10-05,0,0.2207113493926139,0.6878522587949694,0.334688,-0.324822,0.75,0.545557,0.513016,0.0,0.75,0.6,0.869836,0.391426,0.229655,0.521208,0,weak_score,FLAT,0.0,0.0,0.0,0.0,0,0.132417,0.687221,0.203762,0.563073,part2a21_soft_caution_overlay,artifacts_part2_g532/predictions/g532_final_consensus_tape.csv
2022-10-06,0,0.235362005911358,0.7328911650220261,0.603591,0.11476,0.75,0.544282,0.512652,0.0,0.75,0.6,0.873479,0.393066,0.230168,0.520652,0,weak_score,FLAT,0.0,0.0,0.0,0.0,0,0.13105,0.694689,0.195253,0.547075,part2a21_soft_caution_overlay,artifacts_part2_g532/predictions/g532_final_consensus_tape.csv
2022-10-07,0,0.2478549761477856,0.7545578204280995,1.249435,0.729238,0.75,0.544522,0.512721,0.094461,0.75,0.6,0.872793,0.392757,0.244012,0.50606,1,ok,FLAT,0.0,0.0,0.0,0.0,0,0.128641,0.69179,0.198573,0.553318,part2a21_soft_caution_overlay,artifacts_part2_g532/predictions/g532_final_consensus_tape.csv
2022-10-10,0,0.2477105915110407,0.7548440492705192,0.338402,0.730476,0.75,0.545715,0.513062,0.094541,0.75,0.6,0.869384,0.391223,0.240911,0.509258,1,ok,VOO,0.002825,0.002825,0.002825,0.0,0,0.132653,0.686323,0.204774,0.564976,part2a21_soft_caution_overlay,artifacts_part2_g532/predictions/g532_final_consensus_tape.csv
2022-10-11,0,0.2611068212344272,0.7745560021665652,0.355041,0.647626,0.75,0.5451,0.512886,0.052446,0.75,0.6,0.871143,0.392014,0.242553,0.50756,1,ok,VOO,0.002825,0.002825,0.002825,0.0,0,0.131277,0.689546,0.201129,0.558122,part2a21_soft_caution_overlay,artifacts_part2_g532/predictions/g532_final_consensus_tape.csv
2022-10-12,0,0.2425481764294577,0.7423616809017174,-0.011789,0.227218,0.75,0.545082,0.512881,0.0,0.75,0.6,0.871193,0.392037,0.243483,0.506603,0,weak_score,VOO,0.002825,0.002825,0.002825,0.0,0,0.128502,0.688084,0.202786,0.561238,part2a21_soft_caution_overlay,artifacts_part2_g532/predictions/g532_final_consensus_tape.csv
2022-10-13,0,0.2564882648883965,0.7728976630101291,-0.646783,-0.101177,0.5,0.544942,0.51284,0.0,0.75,0.6,0.871595,0.392218,0.278383,0.473142,0,weak_score,VOO,0.002825,0.002825,0.002825,0.0,0,0.131931,0.690942,0.199541,0.555138,part2a21_soft_caution_overlay,artifacts_part2_g532/predictions/g532_final_consensus_tape.csv
2022-10-14,0,0.2566352345957298,0.7723323149749209,0.715757,0.019061,0.75,0.544816,0.512804,0.0,0.75,0.6,0.871955,0.39238,0.28578,0.466609,0,weak_score,VOO,0.002825,0.002825,0.002825,0.0,0,0.129228,0.690227,0.200355,0.556668,part2a21_soft_caution_overlay,artifacts_part2_g532/predictions/g532_final_consensus_tape.csv
2022-10-17,0,0.2517575841088235,0.754527105958415,-0.775848,-0.235625,0.5,0.544843,0.512812,0.0,0.75,0.6,0.871879,0.392345,0.301526,0.453288,0,weak_score,FLAT,0.0,0.0,0.0,0.0,0,0.13288,0.692118,0.1982,0.552616,part2a21_soft_caution_overlay,artifacts_part2_g532/predictions/g532_final_consensus_tape.csv
2022-10-18,0,0.2303461735119181,0.7055749092758763,-0.066536,-0.042209,0.5,0.544826,0.512807,0.0,0.75,0.6,0.871926,0.392367,0.270909,0.47993,0,weak_score,FLAT,0.0,0.0,0.0,0.0,0,0.131314,0.691341,0.199086,0.554282,part2a21_soft_caution_overlay,artifacts_part2_g532/predictions/g532_final_consensus_tape.csv
2022-10-19,0,0.2335039033727768,0.6986000808686206,0.254265,-0.19604,0.75,0.545502,0.513,0.0,0.75,0.6,0.869996,0.391498,0.26869,0.481983,0,weak_score,FLAT,0.0,0.0,0.0,0.0,0,0.134305,0.688659,0.202135,0.560013,part2a21_soft_caution_overlay,artifacts_part2_g532/predictions/g532_final_consensus_tape.csv
2022-10-20,0,0.23770346514984,0.690223100314549,0.32421,0.170646,0.75,0.545548,0.513014,0.0,0.75,0.6,0.869862,0.391438,0.267103,0.483462,0,weak_score,FLAT,0.0,0.0,0.0,0.0,0,0.135857,0.689236,0.20148,0.558783,part2a21_soft_caution_overlay,artifacts_part2_g532/predictions/g532_final_consensus_tape.csv
2022-10-21,0,0.2444959980749819,0.6991451140504358,-0.402705,0.05859,0.5,0.545338,0.512954,0.0,0.75,0.6,0.870462,0.391708,0.246922,0.503097,0,weak_score,FLAT,0.0,0.0,0.0,0.0,0,0.133018,0.688989,0.201761,0.55931,part2a21_soft_caution_overlay,artifacts_part2_g532/predictions/g532_final_consensus_tape.csv
2022-10-24,0,0.2464172419460257,0.7070775148614149,-0.050964,-0.043153,0.5,0.545922,0.513121,0.0,0.75,0.6,0.868794,0.390957,0.246615,0.503408,0,weak_score,FLAT,0.0,0.0,0.0,0.0,0,0.136137,0.686965,0.204051,0.563615,part2a21_soft_caution_overlay,artifacts_part2_g532/predictions/g532_final_consensus_tape.csv
2022-10-25,0,0.2325567594673701,0.687653684023903,-0.239585,-0.231085,0.5,0.548435,0.513839,0.0,0.75,0.6,0.861613,0.387726,0.231254,0.519476,0,weak_score,FLAT,0.0,0.0,0.0,0.0,0,0.142788,0.678434,0.22268,0.581536,part2a21_soft_caution_overlay,artifacts_part2_g532/predictions/g532_final_consensus_tape.csv
2022-10-26,0,0.2300544107325795,0.6881985010106928,0.77496,0.16147,0.75,0.548635,0.513896,0.0,0.75,0.6,0.861042,0.387469,0.243891,0.506184,0,weak_score,FLAT,0.0,0.0,0.0,0.0,0,0.137655,0.677046,0.230511,0.584418,part2a21_soft_caution_overlay,artifacts_part2_g532/predictions/g532_final_consensus_tape.csv
2022-10-27,0,0.2286002450377204,0.6892092290210224,0.550052,0.361809,0.75,0.547163,0.513475,0.0,0.75,0.6,0.865248,0.389362,0.226464,0.524699,0,weak_score,FLAT,0.0,0.0,0.0,0.0,0,0.138653,0.68038,0.211702,0.577479,part2a21_soft_caution_overlay,artifacts_part2_g532/predictions/g532_final_consensus_tape.csv
2022-10-28,0,0.2294421974137163,0.6836145154229832,-0.515757,0.269752,0.5,0.546834,0.513381,0.0,0.75,0.6,0.866188,0.389785,0.226513,0.524644,0,weak_score,FLAT,0.0,0.0,0.0,0.0,0,0.138739,0.682475,0.209091,0.573092,part2a21_soft_caution_overlay,artifacts_part2_g532/predictions/g532_final_consensus_tape.csv
2022-10-31,0,0.2077605941361234,0.6429958706378825,0.433327,0.155874,0.75,0.556114,0.516033,0.0,0.75,0.6,0.839674,0.377853,0.211712,0.541463,0,weak_score,FLAT,0.0,0.0,0.0,0.0,1,0.147052,0.662834,0.311102,0.61343,part2a21_soft_caution_overlay,artifacts_part2_g532/predictions/g532_final_consensus_tape.csv
2022-11-01,0,0.2281580283230211,0.6921419184429881,0.47041,0.129326,0.75,0.548006,0.513716,0.0,0.75,0.6,0.862841,0.388278,0.214873,0.537781,0,weak_score,FLAT,0.0,0.0,0.0,0.0,0,0.142078,0.679219,0.218249,0.579901,part2a21_soft_caution_overlay,artifacts_part2_g532/predictions/g532_final_consensus_tape.csv
2022-11-02,0,0.1997966545679951,0.317189834569648,0.903421,0.602386,0.75,0.543192,0.512341,0.03025,0.75,0.6,0.876595,0.394468,0.256847,0.493246,1,ok,FLAT,0.0,0.0,0.0,0.0,0,0.110347,0.655648,0.200563,0.557058,part2a21_soft_caution_overlay,artifacts_part2_g532/predictions/g532_final_consensus_tape.csv
2022-11-03,0,0.2032224996792175,0.3531556972136811,0.401008,0.591613,0.75,0.542482,0.512138,0.025098,0.75,0.6,0.878622,0.39538,0.259484,0.490692,1,ok,FLAT,0.0,0.0,0.0,0.0,0,0.112543,0.661448,0.193923,0.544575,part2a21_soft_caution_overlay,artifacts_part2_g532/predictions/g532_final_consensus_tape.csv
2022-11-04,0,0.2053121642421177,0.372178624799564,-0.418696,0.295244,0.5,0.54067,0.51162,0.0,0.75,0.6,0.883801,0.39771,0.249524,0.500476,0,weak_score,FLAT,0.0,0.0,0.0,0.0,0,0.107214,0.669955,0.18401,0.525938,part2a21_soft_caution_overlay,artifacts_part2_g532/predictions/g532_final_consensus_tape.csv
2022-11-07,0,0.2030547003148838,0.3451458164275918,-0.231727,-0.083138,0.5,0.541917,0.511976,0.0,0.75,0.6,0.880236,0.396106,0.24907,0.500932,0,weak_score,FLAT,0.0,0.0,0.0,0.0,0,0.106556,0.661711,0.19362,0.544006,part2a21_soft_caution_overlay,artifacts_part2_g532/predictions/g532_final_consensus_tape.csv
2022-11-08,0,0.1994892334858481,0.3094019958292177,-0.203469,-0.284631,0.5,0.540524,0.511578,0.0,0.75,0.6,0.884217,0.397897,0.248235,0.501771,0,weak_score,FLAT,0.0,0.0,0.0,0.0,0,0.103254,0.668697,0.18549,0.528721,part2a21_soft_caution_overlay,artifacts_part2_g532/predictions/g532_final_consensus_tape.csv
2022-11-09,0,0.2049297955846439,0.3374359066645256,0.420834,-0.004787,0.75,0.541792,0.511941,0.0,0.75,0.6,0.880594,0.396267,0.269636,0.481106,0,weak_score,FLAT,0.0,0.0,0.0,0.0,0,0.105631,0.661992,0.193295,0.543395,part2a21_soft_caution_overlay,artifacts_part2_g532/predictions/g532_final_consensus_tape.csv
2022-11-10,0,0.2008269554119593,0.3449229224207797,-1.321112,-0.367916,0.5,0.541926,0.511979,0.0,0.75,0.6,0.880212,0.396095,0.3068,0.448994,0,weak_score,FLAT,0.0,0.0,0.0,0.0,0,0.112696,0.66507,0.189728,0.536689,part2a21_soft_caution_overlay,artifacts_part2_g532/predictions/g532_final_consensus_tape.csv
2022-11-11,0,0.1957920586473296,0.2775667906894949,-0.079785,-0.326688,0.5,0.539313,0.511232,0.0,0.75,0.6,0.887677,0.399455,0.278125,0.473373,0,weak_score,FLAT,0.0,0.0,0.0,0.0,0,0.103051,0.67611,0.176701,0.512197,part2a21_soft_caution_overlay,artifacts_part2_g532/predictions/g532_final_consensus_tape.csv
2022-11-14,0,0.1982988692134171,0.2921872045296533,0.523741,-0.292386,0.75,0.541763,0.511932,0.0,0.75,0.6,0.880678,0.396305,0.279775,0.471898,0,weak_score,FLAT,0.0,0.0,0.0,0.0,0,0.106961,0.662922,0.19222,0.541374,part2a21_soft_caution_overlay,artifacts_part2_g532/predictions/g532_final_consensus_tape.csv
2022-11-15,0,0.1995122948625778,0.3196818981976514,0.07349,0.172482,0.5,0.541127,0.511751,0.0,0.75,0.6,0.882495,0.397123,0.278615,0.472934,0,weak_score,FLAT,0.0,0.0,0.0,0.0,0,0.109723,0.668468,0.185759,0.529226,part2a21_soft_caution_overlay,artifacts_part2_g532/predictions/g532_final_consensus_tape.csv
2022-11-16,0,0.2010808885966053,0.3096265208373734,0.535298,0.377509,0.75,0.547403,0.513544,0.0,0.75,0.6,0.864564,0.389054,0.258296,0.491839,0,weak_score,FLAT,0.0,0.0,0.0,0.0,0,0.115489,0.64114,0.239048,0.587546,part2a21_soft_caution_overlay,artifacts_part2_g532/predictions/g532_final_consensus_tape.csv
2022-11-17,0,0.2093594977616702,0.4046677928237625,0.223112,0.2773,0.75,0.540033,0.511438,0.0,0.75,0.6,0.885619,0.398529,0.254,0.496032,0,weak_score,FLAT,0.0,0.0,0.0,0.0,0,0.06879,0.572542,0.204081,0.563673,part2a21_soft_caution_overlay,artifacts_part2_g532/predictions/g532_final_consensus_tape.csv
2022-11-18,0,0.2078098560439055,0.383083309929462,0.215372,0.324594,0.75,0.538073,0.510878,0.0,0.75,0.6,0.891219,0.401048,0.244573,0.505487,0,weak_score,FLAT,0.0,0.0,0.0,0.0,0,0.067246,0.584282,0.190644,0.538411,part2a21_soft_caution_overlay,artifacts_part2_g532/predictions/g532_final_consensus_tape.csv
2022-11-21,0,0.1947846836956279,0.2956806109965841,0.424237,0.287574,0.75,0.543114,0.512318,0.0,0.75,0.6,0.876817,0.394568,0.237823,0.512481,0,weak_score,FLAT,0.0,0.0,0.0,0.0,0,0.107826,0.654722,0.201615,0.559035,part2a21_soft_caution_overlay,artifacts_part2_g532/predictions/g532_final_consensus_tape.csv
2022-11-22,0,0.1956507913020424,0.3005308286954551,-0.194827,0.148261,0.5,0.542132,0.512038,0.0,0.75,0.6,0.879623,0.39583,0.239927,0.51028,0,weak_score,FLAT,0.0,0.0,0.0,0.0,0,0.109715,0.662104,0.193166,0.543151,part2a21_soft_caution_overlay,artifacts_part2_g532/predictions/g532_final_consensus_tape.csv
2022-11-23,0,0.1954252581225816,0.2948364444201961,-0.041898,0.062504,0.5,0.53987,0.511391,0.0,0.75,0.6,0.886086,0.398739,0.193691,0.563455,0,weak_score,FLAT,0.0,0.0,0.0,0.0,0,0.104274,0.673333,0.180014,0.518426,part2a21_soft_caution_overlay,artifacts_part2_g532/predictions/g532_final_consensus_tape.csv
2022-11-24,0,0.196492493364437,0.2755252083436237,0.229139,-0.002529,0.75,0.539534,0.511295,0.0,0.75,0.6,0.887046,0.399171,0.12145,0.673039,0,weak_score,FLAT,0.0,0.0,0.0,0.0,0,0.104933,0.675763,0.177116,0.512978,part2a21_soft_caution_overlay,artifacts_part2_g532/predictions/g532_final_consensus_tape.csv
2022-11-25,0,0.1973593977267811,0.2760953039263669,0.32413,0.170457,0.75,0.539299,0.511228,0.0,0.75,0.6,0.887717,0.399473,0.105842,0.702559,0,weak_score,FLAT,0.0,0.0,0.0,0.0,0,0.107128,0.678382,0.173973,0.507069,part2a21_soft_caution_overlay,artifacts_part2_g532/predictions/g532_final_consensus_tape.csv
2022-11-28,0,0.2020673544963327,0.3083808872452714,0.395419,0.316229,0.75,0.541985,0.511996,0.0,0.75,0.6,0.880043,0.396019,0.131694,0.654975,0,weak_score,FLAT,0.0,0.0,0.0,0.0,0,0.10731,0.6617,0.193632,0.544029,part2a21_soft_caution_overlay,artifacts_part2_g532/predictions/g532_final_consensus_tape.csv
2022-11-29,0,0.2062391733639158,0.3528684570914811,0.292581,0.337377,0.75,0.541016,0.511719,0.0,0.75,0.6,0.882813,0.397266,0.132685,0.653279,0,weak_score,FLAT,0.0,0.0,0.0,0.0,0,0.106317,0.667293,0.187135,0.531813,part2a21_soft_caution_overlay,artifacts_part2_g532/predictions/g532_final_consensus_tape.csv
2022-11-30,0,0.2091085496889954,0.5143174605891818,-0.892025,-0.068008,0.5,0.534631,0.509895,0.0,0.75,0.6,0.901054,0.405474,0.150715,0.623885,0,weak_score,FLAT,0.0,0.0,0.0,0.0,0,0.03215,0.518687,0.187908,0.533267,part2a21_soft_caution_overlay,artifacts_part2_g532/predictions/g532_final_consensus_tape.csv
2022-12-01,0,0.2092438233339885,0.5504391661768989,0.212111,-0.129111,0.5,0.535011,0.510003,0.0,0.75,0.6,0.899969,0.404986,0.164192,0.603585,0,weak_score,FLAT,0.0,0.0,0.0,0.0,0,0.03171,0.516042,0.190987,0.539056,part2a21_soft_caution_overlay,artifacts_part2_g532/predictions/g532_final_consensus_tape.csv
2022-12-02,0,0.2082985746444944,0.5289534006760306,0.297247,-0.127555,0.75,0.535467,0.510133,0.0,0.75,0.6,0.898667,0.4044,0.16072,0.608687,0,weak_score,FLAT,0.0,0.0,0.0,0.0,0,0.032464,0.51356,0.193858,0.544453,part2a21_soft_caution_overlay,artifacts_part2_g532/predictions/g532_final_consensus_tape.csv
2022-12-05,0,0.2086707114986141,0.5154197579610375,0.655004,0.388121,0.75,0.536199,0.510343,0.0,0.75,0.6,0.896575,0.403459,0.164913,0.602535,0,weak_score,FLAT,0.0,0.0,0.0,0.0,0,0.028626,0.506682,0.201724,0.55924,part2a21_soft_caution_overlay,artifacts_part2_g532/predictions/g532_final_consensus_tape.csv
2022-12-06,0,0.2148872188749649,0.6078653309405558,0.568079,0.506777,0.75,0.536512,0.510432,0.0,0.75,0.6,0.895679,0.403056,0.185552,0.573984,0,weak_score,FLAT,0.0,0.0,0.0,0.0,0,0.029922,0.50538,0.203197,0.562011,part2a21_soft_caution_overlay,artifacts_part2_g532/predictions/g532_final_consensus_tape.csv
2022-12-07,0,0.2141591885165114,0.5792110731226515,0.032856,0.418646,0.75,0.539247,0.511213,0.0,0.75,0.6,0.887867,0.39954,0.187109,0.571939,0,weak_score,FLAT,0.0,0.0,0.0,0.0,0,0.026887,0.494057,0.234176,0.585762,part2a21_soft_caution_overlay,artifacts_part2_g532/predictions/g532_final_consensus_tape.csv
2022-12-08,0,0.2149798889555774,0.5782689281393815,-0.261838,0.113032,0.5,0.542372,0.512106,0.0,0.75,0.6,0.878938,0.395522,0.207541,0.546399,0,weak_score,FLAT,0.0,0.0,0.0,0.0,1,0.025319,0.48709,0.273621,0.600078,part2a21_soft_caution_overlay,artifacts_part2_g532/predictions/g532_final_consensus_tape.csv
2022-12-09,0,0.2148971170455064,0.5683782197386292,0.344692,0.03857,0.75,0.545212,0.512918,0.0,0.75,0.6,0.870822,0.39187,0.207496,0.546453,0,weak_score,FLAT,0.0,0.0,0.0,0.0,1,0.02078,0.480181,0.312886,0.614059,part2a21_soft_caution_overlay,artifacts_part2_g532/predictions/g532_final_consensus_tape.csv
2022-12-12,0,0.2127079908678547,0.4827769759752515,-0.123467,-0.013537,0.5,0.546175,0.513193,0.0,0.75,0.6,0.868073,0.390633,0.21281,0.540179,0,weak_score,FLAT,0.0,0.0,0.0,0.0,1,0.020559,0.478088,0.32481,0.618254,part2a21_soft_caution_overlay,artifacts_part2_g532/predictions/g532_final_consensus_tape.csv
2022-12-13,0,0.2145795384914543,0.4530338145029218,-0.001776,0.07315,0.5,0.537092,0.510598,0.0,0.75,0.6,0.894024,0.402311,0.212454,0.540594,0,weak_score,FLAT,0.0,0.0,0.0,0.0,0,0.029169,0.501158,0.207947,0.570941,part2a21_soft_caution_overlay,artifacts_part2_g532/predictions/g532_final_consensus_tape.csv
2022-12-14,0,0.2107081643213684,0.5570589230492217,0.364597,0.079785,0.75,0.535196,0.510056,0.0,0.75,0.6,0.899439,0.404747,0.176789,0.585769,0,weak_score,FLAT,0.0,0.0,0.0,0.0,0,0.032794,0.515465,0.191657,0.540314,part2a21_soft_caution_overlay,artifacts_part2_g532/predictions/g532_final_consensus_tape.csv
2022-12-15,0,0.2156734212821519,0.5491534105125732,0.896786,0.419869,0.75,0.536027,0.510294,0.0,0.75,0.6,0.897065,0.403679,0.210644,0.542719,0,weak_score,FLAT,0.0,0.0,0.0,0.0,0,0.032405,0.50993,0.198026,0.552289,part2a21_soft_caution_overlay,artifacts_part2_g532/predictions/g532_final_consensus_tape.csv
2022-12-16,0,0.2144791437968621,0.5677976220077935,0.234589,0.498657,0.75,0.536394,0.510398,0.0,0.75,0.6,0.896016,0.403207,0.211524,0.541683,0,weak_score,FLAT,0.0,0.0,0.0,0.0,0,0.031956,0.507303,0.201018,0.557914,part2a21_soft_caution_overlay,artifacts_part2_g532/predictions/g532_final_consensus_tape.csv
2022-12-19,0,0.2128081190994893,0.5566715009282043,0.317029,0.482801,0.75,0.535982,0.510281,0.0,0.75,0.6,0.897194,0.403737,0.212627,0.540392,0,weak_score,FLAT,0.0,0.0,0.0,0.0,0,0.03248,0.510263,0.197645,0.551573,part2a21_soft_caution_overlay,artifacts_part2_g532/predictions/g532_final_consensus_tape.csv
2022-12-20,0,0.213718881520474,0.5048960344727395,-0.032534,0.173028,0.75,0.536029,0.510294,0.0,0.75,0.6,0.897059,0.403676,0.202762,0.552167,0,weak_score,FLAT,0.0,0.0,0.0,0.0,0,0.03223,0.509817,0.198154,0.55253,part2a21_soft_caution_overlay,artifacts_part2_g532/predictions/g532_final_consensus_tape.csv
2022-12-21,0,0.2091059404528328,0.5044003922770652,-0.342524,-0.019343,0.5,0.534965,0.50999,0.0,0.75,0.6,0.9001,0.405045,0.210168,0.54328,0,weak_score,FLAT,0.0,0.0,0.0,0.0,0,0.033339,0.517234,0.189602,0.536452,part2a21_soft_caution_overlay,artifacts_part2_g532/predictions/g532_final_consensus_tape.csv
2022-12-22,0,0.2134223402989184,0.5363343279603381,0.512517,0.04582,0.75,0.535468,0.510134,0.0,0.75,0.6,0.898662,0.404398,0.207377,0.546595,0,weak_score,FLAT,0.0,0.0,0.0,0.0,0,0.031945,0.513259,0.194205,0.545106,part2a21_soft_caution_overlay,artifacts_part2_g532/predictions/g532_final_consensus_tape.csv
2022-12-23,0,0.2087830073399077,0.4866445746593488,-0.15927,0.003574,0.5,0.534812,0.509946,0.0,0.75,0.6,0.900538,0.405242,0.216519,0.535883,0,weak_score,FLAT,0.0,0.0,0.0,0.0,0,0.034567,0.518882,0.187681,0.53284,part2a21_soft_caution_overlay,artifacts_part2_g532/predictions/g532_final_consensus_tape.csv
2022-12-26,0,0.2104753941249898,0.4906956449530864,-0.094736,0.08617,0.75,0.536241,0.510355,0.0,0.75,0.6,0.896454,0.403404,0.195583,0.561063,0,weak_score,FLAT,0.0,0.0,0.0,0.0,0,0.030147,0.50727,0.201056,0.557985,part2a21_soft_caution_overlay,artifacts_part2_g532/predictions/g532_final_consensus_tape.csv
2022-12-27,0,0.2148290663798353,0.3984870006352966,0.161035,-0.03099,0.75,0.535456,0.51013,0.0,0.75,0.6,0.898697,0.404413,0.198968,0.556833,0,weak_score,FLAT,0.0,0.0,0.0,0.0,0,0.032561,0.51368,0.19372,0.544193,part2a21_soft_caution_overlay,artifacts_part2_g532/predictions/g532_final_consensus_tape.csv
2022-12-28,0,0.2125668325966772,0.5871813493699216,-0.065058,0.000414,0.75,0.536709,0.510488,0.0,0.75,0.6,0.895117,0.402803,0.200111,0.555418,0,weak_score,FLAT,0.0,0.0,0.0,0.0,0,0.027245,0.501949,0.20637,0.567975,part2a21_soft_caution_overlay,artifacts_part2_g532/predictions/g532_final_consensus_tape.csv
2022-12-29,0,0.2110329255241078,0.6480091574620285,-0.847718,-0.250581,0.5,0.539336,0.511239,0.0,0.75,0.6,0.88761,0.399425,0.158839,0.611488,0,weak_score,FLAT,0.0,0.0,0.0,0.0,0,0.074022,0.59145,0.195578,0.547687,part2a21_soft_caution_overlay,artifacts_part2_g532/predictions/g532_final_consensus_tape.csv
2022-12-30,0,0.206817852705167,0.73180087382783,-0.094599,-0.335792,0.75,0.534839,0.509954,0.0,0.75,0.6,0.90046,0.405207,0.146563,0.630417,0,weak_score,FLAT,0.0,0.0,0.0,0.0,0,0.032461,0.51693,0.18924,0.535771,part2a21_soft_caution_overlay,artifacts_part2_g532/predictions/g532_final_consensus_tape.csv
2023-01-02,0,0.2066439724725392,0.7282945752423472,-0.107276,-0.349864,0.75,0.534798,0.509942,0.0,0.75,0.6,0.900577,0.40526,0.146274,0.630876,0,weak_score,FLAT,0.0,0.0,0.0,0.0,0,0.032491,0.517206,0.188917,0.535164,part2a21_soft_caution_overlay,artifacts_part2_g532/predictions/g532_final_consensus_tape.csv
2023-01-03,0,0.2104573527782397,0.6403385110204539,-0.001104,-0.06766,0.75,0.539405,0.511259,0.0,0.75,0.6,0.887413,0.399336,0.158035,0.612692,0,weak_score,FLAT,0.0,0.0,0.0,0.0,0,0.025541,0.492851,0.237515,0.586985,part2a21_soft_caution_overlay,artifacts_part2_g532/predictions/g532_final_consensus_tape.csv
2023-01-04,0,0.2099300937716142,0.6424488423811969,-0.174237,-0.094206,0.5,0.536516,0.510433,0.0,0.75,0.6,0.895669,0.403051,0.140625,0.64,0,weak_score,FLAT,0.0,0.0,0.0,0.0,0,0.02819,0.503754,0.204339,0.564157,part2a21_soft_caution_overlay,artifacts_part2_g532/predictions/g532_final_consensus_tape.csv
2023-01-05,0,0.2089305744696359,0.6588108591487678,0.313479,0.046046,0.75,0.536405,0.510401,0.0,0.75,0.6,0.895987,0.403194,0.130674,0.656729,0,weak_score,FLAT,0.0,0.0,0.0,0.0,0,0.027769,0.504239,0.203791,0.563127,part2a21_soft_caution_overlay,artifacts_part2_g532/predictions/g532_final_consensus_tape.csv
2023-01-06,0,0.2033643614482546,0.7298391400818969,-0.740766,-0.200508,0.5,0.5384,0.510972,0.0,0.75,0.6,0.890285,0.400628,0.129748,0.658332,0,weak_score,FLAT,0.0,0.0,0.0,0.0,0,0.066298,0.593114,0.193662,0.544084,part2a21_soft_caution_overlay,artifacts_part2_g532/predictions/g532_final_consensus_tape.csv
2023-01-09,0,0.2122750371008131,0.5608881899570857,-0.021318,-0.149535,0.5,0.53598,0.51028,0.0,0.75,0.6,0.8972,0.40374,0.130544,0.656955,0,weak_score,FLAT,0.0,0.0,0.0,0.0,0,0.028587,0.507463,0.200137,0.556257,part2a21_soft_caution_overlay,artifacts_part2_g532/predictions/g532_final_consensus_tape.csv
2023-01-10,0,0.202416775244091,0.7167577772473627,0.017707,-0.248126,0.5,0.53884,0.511097,0.0,0.75,0.6,0.889029,0.400063,0.147097,0.62957,0,weak_score,FLAT,0.0,0.0,0.0,0.0,0,0.068832,0.591722,0.195266,0.547099,part2a21_soft_caution_overlay,artifacts_part2_g532/predictions/g532_final_consensus_tape.csv
2023-01-11,0,0.2027953373004641,0.7034650599083719,-0.14803,-0.050547,0.5,0.538649,0.511043,0.0,0.75,0.6,0.889575,0.400309,0.137919,0.644465,0,weak_score,FLAT,0.0,0.0,0.0,0.0,0,0.070954,0.594128,0.192492,0.541884,part2a21_soft_caution_overlay,artifacts_part2_g532/predictions/g532_final_consensus_tape.csv
2023-01-12,0,0.1995478276743823,0.7132882499270027,0.152786,0.007488,0.5,0.537439,0.510697,0.0,0.75,0.6,0.89303,0.401864,0.127366,0.662487,0,weak_score,FLAT,0.0,0.0,0.0,0.0,0,0.067301,0.599753,0.185939,0.529566,part2a21_soft_caution_overlay,artifacts_part2_g532/predictions/g532_final_consensus_tape.csv
2023-01-13,0,0.1997033006608006,0.7302819186108641,0.219281,0.074679,0.5,0.537463,0.510704,0.0,0.75,0.6,0.892963,0.401833,0.135448,0.648596,0,weak_score,FLAT,0.0,0.0,0.0,0.0,0,0.067122,0.599507,0.186228,0.530109,part2a21_soft_caution_overlay,artifacts_part2_g532/predictions/g532_final_consensus_tape.csv
2023-01-16,0,0.1985515276509407,0.7229428338807523,0.406036,0.259367,0.75,0.537412,0.510689,0.0,0.75,0.6,0.893109,0.401899,0.135448,0.648596,0,weak_score,FLAT,0.0,0.0,0.0,0.0,0,0.066781,0.599641,0.18607,0.529812,part2a21_soft_caution_overlay,artifacts_part2_g532/predictions/g532_final_consensus_tape.csv
2023-01-17,0,0.2017200922744687,0.7090648267048204,0.399765,0.341694,0.5,0.538452,0.510986,0.0,0.75,0.6,0.890138,0.400562,0.116155,0.682771,0,weak_score,FLAT,0.0,0.0,0.0,0.0,0,0.070642,0.595208,0.19124,0.539532,part2a21_soft_caution_overlay,artifacts_part2_g532/predictions/g532_final_consensus_tape.csv
2023-01-18,0,0.2040282978490658,0.658636720606142,0.71048,0.505427,0.75,0.540229,0.511494,0.0,0.75,0.6,0.885059,0.398277,0.199069,0.556707,0,weak_score,FLAT,0.0,0.0,0.0,0.0,0,0.072274,0.584691,0.20328,0.562166,part2a21_soft_caution_overlay,artifacts_part2_g532/predictions/g532_final_consensus_tape.csv
2023-01-19,0,0.2086295927750481,0.6359075620391752,0.477577,0.529274,0.75,0.537858,0.510817,0.0,0.75,0.6,0.891834,0.401325,0.194944,0.561868,0,weak_score,FLAT,0.0,0.0,0.0,0.0,0,0.0272,0.496468,0.217093,0.579474,part2a21_soft_caution_overlay,artifacts_part2_g532/predictions/g532_final_consensus_tape.csv
2023-01-20,0,0.2071647189028566,0.6445092360823792,-0.28798,0.300026,0.5,0.540475,0.511564,0.0,0.75,0.6,0.884357,0.397961,0.228734,0.52221,0,weak_score,FLAT,0.0,0.0,0.0,0.0,0,0.026347,0.490716,0.249585,0.591388,part2a21_soft_caution_overlay,artifacts_part2_g532/predictions/g532_final_consensus_tape.csv
2023-01-23,0,0.2047325268357117,0.6420025693399012,0.033337,0.074311,0.5,0.546968,0.513419,0.0,0.75,0.6,0.865807,0.389613,0.237512,0.512808,0,weak_score,FLAT,0.0,0.0,0.0,0.0,1,0.076026,0.566134,0.27555,0.600771,part2a21_soft_caution_overlay,artifacts_part2_g532/predictions/g532_final_consensus_tape.csv
2023-01-24,0,0.2050208985247776,0.6431154700754421,0.596738,0.114032,0.75,0.542311,0.512089,0.0,0.75,0.6,0.87911,0.3956,0.234458,0.51604,0,weak_score,FLAT,0.0,0.0,0.0,0.0,0,0.075791,0.576037,0.219524,0.580372,part2a21_soft_caution_overlay,artifacts_part2_g532/predictions/g532_final_consensus_tape.csv
2023-01-25,0,0.1862141022737298,0.2220263009137854,0.572333,0.400803,0.75,0.539998,0.511428,0.0,0.75,0.6,0.88572,0.398574,0.232692,0.517928,0,weak_score,FLAT,0.0,0.0,0.0,0.0,0,0.071639,0.583458,0.201985,0.559731,part2a21_soft_caution_overlay,artifacts_part2_g532/predictions/g532_final_consensus_tape.csv
2023-01-26,0,0.1879424217873748,0.2426599536452353,0.162248,0.443773,0.5,0.539657,0.511331,0.0,0.75,0.6,0.886695,0.399013,0.2402,0.509996,0,weak_score,FLAT,0.0,0.0,0.0,0.0,0,0.071979,0.585861,0.199253,0.554596,part2a21_soft_caution_overlay,artifacts_part2_g532/predictions/g532_final_consensus_tape.csv
2023-01-27,0,0.186029788496175,0.2192158017573848,0.498986,0.411189,0.5,0.539754,0.511358,0.0,0.75,0.6,0.886416,0.398887,0.237473,0.512849,0,weak_score,FLAT,0.0,0.0,0.0,0.0,0,0.074327,0.586558,0.198458,0.553102,part2a21_soft_caution_overlay,artifacts_part2_g532/predictions/g532_final_consensus_tape.csv
2023-01-30,0,0.1979244682616106,0.3915333051368646,1.202886,0.621373,0.75,0.541533,0.511867,0.040767,0.75,0.6,0.881334,0.3966,0.244077,0.505994,1,ok,VOO,0.001227,0.001227,0.001227,0.0,0,0.075362,0.575527,0.210891,0.576475,part2a21_soft_caution_overlay,artifacts_part2_g532/predictions/g532_final_consensus_tape.csv
2023-01-31,0,0.1922176946772723,0.2940226842951214,0.320975,0.674282,0.5,0.541071,0.511735,0.068002,0.75,0.6,0.882654,0.397194,0.247582,0.502429,0,low_agreement,VOO,0.001227,0.001227,0.001227,0.0,0,0.07334,0.57741,0.208791,0.572528,part2a21_soft_caution_overlay,artifacts_part2_g532/predictions/g532_final_consensus_tape.csv
2023-02-01,0,0.186329522147798,0.2305661154396785,0.322469,0.615443,0.5,0.539515,0.51129,0.038729,0.75,0.6,0.887101,0.399195,0.174942,0.588315,0,low_agreement,VOO,0.001227,0.001227,0.001227,0.0,0,0.073065,0.587389,0.197508,0.551315,part2a21_soft_caution_overlay,artifacts_part2_g532/predictions/g532_final_consensus_tape.csv
2023-02-02,0,0.1940148239957415,0.3361262232904516,0.302239,0.315228,0.5,0.54219,0.512054,0.0,0.75,0.6,0.879456,0.395755,0.170834,0.594059,0,weak_score,VOO,0.001227,0.001227,0.001227,0.0,0,0.072091,0.573226,0.22197,0.581275,part2a21_soft_caution_overlay,artifacts_part2_g532/predictions/g532_final_consensus_tape.csv
2023-02-03,0,0.1929202252082524,0.3114947997329532,1.627759,0.750822,0.75,0.538243,0.510927,0.108362,0.65,0.6,0.890735,0.347387,0.140601,0.640039,0,high_risk_veto,VOO,0.001227,0.001227,0.001227,0.0,0,0.073919,0.595965,0.187591,0.532671,part2a21_soft_caution_overlay,artifacts_part2_g532/predictions/g532_final_consensus_tape.csv
2023-02-06,0,0.1997797352631721,0.3953593881095412,1.344745,1.091581,0.75,0.540038,0.51144,0.281405,0.65,0.6,0.885604,0.345386,0.126798,0.663486,0,high_risk_veto,FLAT,0.0,0.0,0.0,0.0,0,0.074349,0.584734,0.200537,0.55701,part2a21_soft_caution_overlay,artifacts_part2_g532/predictions/g532_final_consensus_tape.csv
2023-02-07,0,0.1989423495352029,0.3937535707018689,0.703941,1.225482,0.5,0.550116,0.514319,0.346362,0.65,0.6,0.856812,0.334157,0.12649,0.664029,0,high_risk_veto,FLAT,0.0,0.0,0.0,0.0,1,0.014104,0.465494,0.379676,0.637265,part2a21_soft_caution_overlay,artifacts_part2_g532/predictions/g532_final_consensus_tape.csv
2023-02-08,0,0.1995814743943816,0.3901354983935718,1.560637,1.203108,0.75,0.540462,0.511561,0.338164,0.65,0.6,0.884393,0.344913,0.160347,0.60924,0,high_risk_veto,FLAT,0.0,0.0,0.0,0.0,0,0.073763,0.581645,0.204036,0.563588,part2a21_soft_caution_overlay,artifacts_part2_g532/predictions/g532_final_consensus_tape.csv
2023-02-09,0,0.2083225413994655,0.5105810521068259,1.262874,1.175817,0.75,0.5394,0.511257,0.324603,0.65,0.6,0.887428,0.346097,0.153843,0.619053,0,high_risk_veto,FLAT,0.0,0.0,0.0,0.0,0,0.025825,0.490537,0.237155,0.586853,part2a21_soft_caution_overlay,artifacts_part2_g532/predictions/g532_final_consensus_tape.csv
2023-02-10,0,0.2081718410425808,0.5014546163574483,1.029533,1.284348,0.75,0.543708,0.512488,0.378594,0.65,0.6,0.87512,0.341297,0.155679,0.61625,0,high_risk_veto,FLAT,0.0,0.0,0.0,0.0,0,0.077906,0.57107,0.234144,0.585751,part2a21_soft_caution_overlay,artifacts_part2_g532/predictions/g532_final_consensus_tape.csv
2023-02-13,0,0.2080262008344299,0.509229983970828,0.482923,0.92511,0.5,0.53732,0.510663,0.197582,0.65,0.6,0.893372,0.348415,0.143323,0.635609,0,high_risk_veto,FLAT,0.0,0.0,0.0,0.0,0,0.027756,0.495843,0.210539,0.575814,part2a21_soft_caution_overlay,artifacts_part2_g532/predictions/g532_final_consensus_tape.csv
2023-02-14,0,0.2005752470441689,0.4152480676607413,0.872062,0.79484,0.5,0.539742,0.511355,0.130135,0.65,0.6,0.886453,0.345717,0.140884,0.639576,0,high_risk_veto,FLAT,0.0,0.0,0.0,0.0,0,0.075561,0.587336,0.19757,0.551431,part2a21_soft_caution_overlay,artifacts_part2_g532/predictions/g532_final_consensus_tape.csv
2023-02-15,0,0.1919308950252445,0.3033287476164371,0.964844,0.773276,0.5,0.539187,0.511196,0.119384,0.65,0.6,0.888037,0.346334,0.141442,0.638664,0,high_risk_veto,FLAT,0.0,0.0,0.0,0.0,0,0.075064,0.590612,0.193806,0.544356,part2a21_soft_caution_overlay,artifacts_part2_g532/predictions/g532_final_consensus_tape.csv
2023-02-16,0,0.1958898168489716,0.3312536902364712,1.57978,1.138895,0.75,0.540213,0.511489,0.305483,0.65,0.6,0.885107,0.345192,0.145643,0.631882,0,high_risk_veto,FLAT,0.0,0.0,0.0,0.0,0,0.071973,0.582252,0.20335,0.562299,part2a21_soft_caution_overlay,artifacts_part2_g532/predictions/g532_final_consensus_tape.csv
2023-02-17,0,0.2003971731967411,0.3972573187354914,1.196294,1.246972,0.75,0.541007,0.511716,0.360372,0.65,0.6,0.882838,0.344307,0.149732,0.62542,0,high_risk_veto,FLAT,0.0,0.0,0.0,0.0,0,0.072604,0.57741,0.208791,0.572527,part2a21_soft_caution_overlay,artifacts_part2_g532/predictions/g532_final_consensus_tape.csv
2023-02-20,0,0.1997350484764858,0.3909752743679474,1.000131,1.258735,0.75,0.541673,0.511907,0.36616,0.65,0.6,0.880935,0.343565,0.149433,0.625887,0,high_risk_veto,FLAT,0.0,0.0,0.0,0.0,0,0.074769,0.574834,0.212903,0.577923,part2a21_soft_caution_overlay,artifacts_part2_g532/predictions/g532_final_consensus_tape.csv
2023-02-21,0,0.2085994219361693,0.532682261568637,1.50465,1.233692,0.75,0.54904,0.514011,0.350931,0.65,0.6,0.859886,0.335355,0.132089,0.654298,0,high_risk_veto,FLAT,0.0,0.0,0.0,0.0,1,0.079714,0.560023,0.296756,0.608347,part2a21_soft_caution_overlay,artifacts_part2_g532/predictions/g532_final_consensus_tape.csv
2023-02-22,0,0.1867529497644433,0.5473136291221072,0.928783,1.144521,0.5,0.550872,0.514535,0.304572,0.65,0.6,0.854651,0.333314,0.111301,0.691943,0,high_risk_veto,FLAT,0.0,0.0,0.0,0.0,1,0.100865,0.583621,0.296532,0.608268,part2a21_soft_caution_overlay,artifacts_part2_g532/predictions/g532_final_consensus_tape.csv
2023-02-23,0,0.1865124990412756,0.5296368423403871,0.82788,1.087105,0.5,0.55486,0.515674,0.273628,0.65,0.6,0.843258,0.328871,0.109718,0.694989,0,high_risk_veto,FLAT,0.0,0.0,0.0,0.0,1,0.106131,0.576101,0.339373,0.623346,part2a21_soft_caution_overlay,artifacts_part2_g532/predictions/g532_final_consensus_tape.csv
2023-02-24,0,0.1866628358198451,0.5338483689555343,1.46338,1.073348,0.75,0.546216,0.513204,0.269801,0.65,0.6,0.867955,0.338503,0.103753,0.706708,0,high_risk_veto,FLAT,0.0,0.0,0.0,0.0,1,0.102291,0.593831,0.238658,0.587403,part2a21_soft_caution_overlay,artifacts_part2_g532/predictions/g532_final_consensus_tape.csv
2023-02-27,0,0.1876312046321107,0.5791778498663892,0.873072,1.054777,0.5,0.543574,0.51245,0.261295,0.65,0.6,0.875503,0.341446,0.087423,0.740909,0,high_risk_veto,FLAT,0.0,0.0,0.0,0.0,1,0.097992,0.598685,0.211337,0.577313,part2a21_soft_caution_overlay,artifacts_part2_g532/predictions/g532_final_consensus_tape.csv
2023-02-28,0,0.1902273959462836,0.639859622397185,1.106157,1.147536,0.75,0.544577,0.512736,0.308352,0.65,0.6,0.872636,0.340328,0.081202,0.754826,0,high_risk_veto,FLAT,0.0,0.0,0.0,0.0,1,0.09997,0.596898,0.221337,0.581041,part2a21_soft_caution_overlay,artifacts_part2_g532/predictions/g532_final_consensus_tape.csv
2023-03-01,0,0.1902712982885977,0.6365258545441964,1.312201,1.097143,0.75,0.542652,0.512186,0.283287,0.65,0.6,0.878137,0.342474,0.075189,0.768784,0,high_risk_veto,FLAT,0.0,0.0,0.0,0.0,0,0.097265,0.604334,0.205017,0.565431,part2a21_soft_caution_overlay,artifacts_part2_g532/predictions/g532_final_consensus_tape.csv
2023-03-02,0,0.1908865896817077,0.6501051824991445,0.939632,1.11933,0.5,0.54329,0.512369,0.294392,0.65,0.6,0.876315,0.341763,0.094058,0.726622,0,high_risk_veto,FLAT,0.0,0.0,0.0,0.0,1,0.099165,0.601239,0.20849,0.57196,part2a21_soft_caution_overlay,artifacts_part2_g532/predictions/g532_final_consensus_tape.csv
2023-03-03,0,0.1951447459783118,0.6891067229207312,0.679107,0.97698,0.5,0.542341,0.512097,0.22202,0.65,0.6,0.879025,0.34282,0.09976,0.714776,0,high_risk_veto,FLAT,0.0,0.0,0.0,0.0,0,0.09847,0.607047,0.201952,0.55967,part2a21_soft_caution_overlay,artifacts_part2_g532/predictions/g532_final_consensus_tape.csv
2023-03-06,0,0.1927283122657845,0.6684021620178657,1.160392,0.926377,0.5,0.55135,0.514671,0.192455,0.65,0.6,0.853285,0.332781,0.100639,0.712985,0,high_risk_veto,FLAT,0.0,0.0,0.0,0.0,1,0.03815,0.490905,0.369073,0.633627,part2a21_soft_caution_overlay,artifacts_part2_g532/predictions/g532_final_consensus_tape.csv
2023-03-07,0,0.1892048197994969,0.6145102134531476,1.483485,1.107661,0.75,0.563334,0.518096,0.281064,0.65,0.6,0.819045,0.319427,0.121673,0.672634,0,high_risk_veto,FLAT,0.0,0.0,0.0,0.0,1,0.104072,0.557966,0.449688,0.65,part2a21_soft_caution_overlay,artifacts_part2_g532/predictions/g532_final_consensus_tape.csv
2023-03-08,0,0.1925549339169424,0.6560948284214593,1.003339,1.215739,0.5,0.542172,0.512049,0.344038,0.65,0.6,0.879508,0.343008,0.120801,0.674216,0,high_risk_veto,FLAT,0.0,0.0,0.0,0.0,0,0.093037,0.605053,0.204207,0.563909,part2a21_soft_caution_overlay,artifacts_part2_g532/predictions/g532_final_consensus_tape.csv
2023-03-09,0,0.1873635065566208,0.5884927242331716,1.423704,1.303509,0.75,0.556839,0.51624,0.384256,0.65,0.6,0.837604,0.326666,0.174223,0.589313,0,high_risk_veto,FLAT,0.0,0.0,0.0,0.0,1,0.026628,0.477405,0.453695,0.65,part2a21_soft_caution_overlay,artifacts_part2_g532/predictions/g532_final_consensus_tape.csv
2023-03-10,0,0.1884748897227279,0.634499785539313,1.006302,1.144448,0.75,0.569574,0.519878,0.297796,0.75,0.6,0.801216,0.360547,0.23259,0.518038,1,ok,FLAT,0.0,0.0,0.0,0.0,1,0.097938,0.544413,0.546498,0.65,part2a21_soft_caution_overlay,artifacts_part2_g532/predictions/g532_final_consensus_tape.csv
2023-03-13,0,0.186065889666321,0.5611245566458243,0.194092,0.874699,0.5,0.568555,0.519587,0.158505,0.75,0.6,0.804128,0.361858,0.234302,0.516207,0,low_agreement,FLAT,0.0,0.0,0.0,0.0,0,0.0,0.449312,0.654361,0.65,part2a21_soft_caution_overlay,artifacts_part2_g532/predictions/g532_final_consensus_tape.csv
2023-03-14,0,0.1841358679879097,0.5005918664809287,0.057767,0.419387,0.5,0.574921,0.521406,0.0,0.75,0.6,0.785939,0.353673,0.28526,0.467063,0,weak_score,FLAT,0.0,0.0,0.0,0.0,0,0.0,0.43658,0.745305,0.65,part2a21_soft_caution_overlay,artifacts_part2_g532/predictions/g532_final_consensus_tape.csv
2023-03-15,0,0.1858398507668895,0.5616907222440909,0.367124,0.206327,0.5,0.582398,0.523542,0.0,0.75,0.6,0.764578,0.34406,0.293936,0.459613,0,weak_score,FLAT,0.0,0.0,0.0,0.0,1,0.078019,0.51528,0.754585,0.65,part2a21_soft_caution_overlay,artifacts_part2_g532/predictions/g532_final_consensus_tape.csv
2023-03-16,0,0.1846237072743672,0.4811779789877812,0.069726,0.164872,0.5,0.566889,0.519111,0.0,0.75,0.6,0.808889,0.364,0.324985,0.434794,0,weak_score,FLAT,0.0,0.0,0.0,0.0,1,0.003923,0.453331,0.62565,0.65,part2a21_soft_caution_overlay,artifacts_part2_g532/predictions/g532_final_consensus_tape.csv
2023-03-17,0,0.1836305709749537,0.5024361875615094,0.704399,0.380416,0.75,0.560933,0.517409,0.0,0.75,0.6,0.825906,0.371658,0.329476,0.431425,0,weak_score,FLAT,0.0,0.0,0.0,0.0,1,0.093644,0.560944,0.428416,0.65,part2a21_soft_caution_overlay,artifacts_part2_g532/predictions/g532_final_consensus_tape.csv
2023-03-20,0,0.1873598857140374,0.5828924197067862,0.460811,0.411646,0.5,0.553346,0.515242,0.0,0.75,0.6,0.847584,0.381413,0.34189,0.422376,0,weak_score,FLAT,0.0,0.0,0.0,0.0,1,0.034487,0.485974,0.39733,0.643284,part2a21_soft_caution_overlay,artifacts_part2_g532/predictions/g532_final_consensus_tape.csv
2023-03-21,0,0.187274192097278,0.548391751937179,0.448001,0.537737,0.5,0.546284,0.513224,0.0,0.75,0.6,0.86776,0.390492,0.364072,0.407118,0,weak_score,FLAT,0.0,0.0,0.0,0.0,1,0.04156,0.502339,0.303824,0.610855,part2a21_soft_caution_overlay,artifacts_part2_g532/predictions/g532_final_consensus_tape.csv
2023-03-22,0,0.1622897718761416,0.4892186968125902,1.028367,0.645727,0.75,0.549093,0.514027,0.049533,0.75,0.6,0.859734,0.38688,0.387204,0.392339,1,ok,FLAT,0.0,0.0,0.0,0.0,0,0.108181,0.620003,0.267217,0.597773,part2a21_soft_caution_overlay,artifacts_part2_g532/predictions/g532_final_consensus_tape.csv
2023-03-23,0,0.1952429736687515,0.5697947577417959,0.279881,0.585416,0.5,0.543521,0.512435,0.021414,0.75,0.6,0.875653,0.394044,0.372548,0.401575,0,low_agreement,FLAT,0.0,0.0,0.0,0.0,0,0.107806,0.635899,0.204627,0.564698,part2a21_soft_caution_overlay,artifacts_part2_g532/predictions/g532_final_consensus_tape.csv
2023-03-24,0,0.1843525883183444,0.5138957861387833,0.441764,0.583337,0.5,0.542262,0.512075,0.020981,0.75,0.6,0.879251,0.395663,0.337092,0.425828,0,low_agreement,FLAT,0.0,0.0,0.0,0.0,0,0.103082,0.641389,0.198398,0.552988,part2a21_soft_caution_overlay,artifacts_part2_g532/predictions/g532_final_consensus_tape.csv
2023-03-27,0,0.1979443435789354,0.6105021425461193,0.8055,0.509048,0.75,0.542355,0.512101,0.0,0.75,0.6,0.878985,0.395543,0.333544,0.428417,0,weak_score,FLAT,0.0,0.0,0.0,0.0,0,0.104265,0.641456,0.198321,0.552843,part2a21_soft_caution_overlay,artifacts_part2_g532/predictions/g532_final_consensus_tape.csv
2023-03-28,0,0.1873560871732326,0.6690684919314763,0.761121,0.669462,0.75,0.541251,0.511786,0.065455,0.75,0.6,0.882139,0.396963,0.308255,0.447824,1,ok,FLAT,0.0,0.0,0.0,0.0,0,0.102925,0.647768,0.191056,0.539185,part2a21_soft_caution_overlay,artifacts_part2_g532/predictions/g532_final_consensus_tape.csv
2023-03-29,0,0.2029998260479871,0.7013998492625829,0.359523,0.642048,0.5,0.540028,0.511436,0.052052,0.75,0.6,0.885635,0.398536,0.29295,0.460448,0,low_agreement,FLAT,0.0,0.0,0.0,0.0,0,0.105113,0.65665,0.180635,0.519593,part2a21_soft_caution_overlay,artifacts_part2_g532/predictions/g532_final_consensus_tape.csv
2023-03-30,0,0.1839146047573882,0.6515298014379193,0.702612,0.607752,0.5,0.539856,0.511387,0.034638,0.75,0.6,0.886126,0.398757,0.266401,0.48412,0,low_agreement,FLAT,0.0,0.0,0.0,0.0,0,0.103177,0.656665,0.180616,0.519559,part2a21_soft_caution_overlay,artifacts_part2_g532/predictions/g532_final_consensus_tape.csv
2023-03-31,0,0.1943978355096674,0.6967681919715303,0.637228,0.566454,0.5,0.538872,0.511106,0.014064,0.75,0.6,0.888937,0.400021,0.229189,0.521714,0,low_agreement,FLAT,0.0,0.0,0.0,0.0,0,0.100084,0.661063,0.175367,0.509691,part2a21_soft_caution_overlay,artifacts_part2_g532/predictions/g532_final_consensus_tape.csv
2023-04-03,0,0.1922681782622581,0.6923861544635729,0.94855,0.762797,0.75,0.542053,0.512015,0.112742,0.75,0.6,0.879848,0.395932,0.226007,0.525202,1,ok,VOO,0.003517,0.003517,0.003517,0.0,0,0.104506,0.643533,0.195943,0.548372,part2a21_soft_caution_overlay,artifacts_part2_g532/predictions/g532_final_consensus_tape.csv
2023-04-04,0,0.2025871058236565,0.7353524594244217,0.823588,0.803122,0.75,0.539619,0.51132,0.134414,0.75,0.6,0.886803,0.399061,0.213321,0.539582,1,ok,VOO,0.003517,0.003517,0.003517,0.0,0,0.10229,0.657651,0.179445,0.517358,part2a21_soft_caution_overlay,artifacts_part2_g532/predictions/g532_final_consensus_tape.csv
2023-04-05,0,0.2115720563543807,0.7642765854211627,0.765156,0.845764,0.75,0.535011,0.510003,0.158145,0.75,0.6,0.899969,0.404986,0.141822,0.638045,1,ok,VOO,0.003517,0.003517,0.003517,0.0,0,0.064396,0.585567,0.169926,0.499462,part2a21_soft_caution_overlay,artifacts_part2_g532/predictions/g532_final_consensus_tape.csv
2023-04-06,0,0.2252034500429592,0.78731603293172,0.367102,0.651949,0.5,0.535497,0.510142,0.059278,0.75,0.6,0.89858,0.404361,0.138012,0.64431,0,low_agreement,VOO,0.003517,0.003517,0.003517,0.0,0,0.06662,0.583795,0.172075,0.503501,part2a21_soft_caution_overlay,artifacts_part2_g532/predictions/g532_final_consensus_tape.csv
2023-04-07,0,0.2135567174842367,0.7806267115850369,0.552387,0.561548,0.75,0.535531,0.510152,0.013244,0.75,0.6,0.898484,0.404318,0.137639,0.644931,1,ok,VOO,0.003517,0.003517,0.003517,0.0,0,0.066313,0.583426,0.172521,0.504339,part2a21_soft_caution_overlay,artifacts_part2_g532/predictions/g532_final_consensus_tape.csv
2023-04-10,0,0.2147915060906722,0.7182933344293693,0.709212,0.5429,0.75,0.535958,0.510274,0.003535,0.65,0.6,0.897262,0.349932,0.131226,0.655779,0,high_risk_veto,FLAT,0.0,0.0,0.0,0.0,0,0.063299,0.579188,0.177612,0.513911,part2a21_soft_caution_overlay,artifacts_part2_g532/predictions/g532_final_consensus_tape.csv
2023-04-11,0,0.202793830640573,0.6831893711684985,0.89441,0.71867,0.75,0.540785,0.511653,0.090794,0.65,0.6,0.883473,0.344554,0.130269,0.657429,0,high_risk_veto,FLAT,0.0,0.0,0.0,0.0,0,0.107287,0.653117,0.184808,0.527439,part2a21_soft_caution_overlay,artifacts_part2_g532/predictions/g532_final_consensus_tape.csv
2023-04-12,0,0.1986576695255711,0.5877576487768987,0.828482,0.810701,0.75,0.541137,0.511753,0.137613,0.65,0.6,0.882467,0.344162,0.113653,0.687468,0,high_risk_veto,FLAT,0.0,0.0,0.0,0.0,0,0.109094,0.651901,0.186236,0.530124,part2a21_soft_caution_overlay,artifacts_part2_g532/predictions/g532_final_consensus_tape.csv
2023-04-13,0,0.2379800659329361,0.7435613384697365,0.218047,0.64698,0.5,0.535959,0.510274,0.056527,0.65,0.6,0.897259,0.349931,0.138646,0.643259,0,high_risk_veto,FLAT,0.0,0.0,0.0,0.0,0,0.06468,0.579927,0.176729,0.51225,part2a21_soft_caution_overlay,artifacts_part2_g532/predictions/g532_final_consensus_tape.csv
2023-04-14,0,0.2225161145729182,0.7218027026058381,0.808886,0.618471,0.75,0.535538,0.510154,0.042217,0.65,0.6,0.898463,0.350401,0.133426,0.652016,0,high_risk_veto,FLAT,0.0,0.0,0.0,0.0,0,0.06598,0.583205,0.172788,0.504842,part2a21_soft_caution_overlay,artifacts_part2_g532/predictions/g532_final_consensus_tape.csv
2023-04-17,0,0.2196121135662662,0.6926809753570436,0.784036,0.603656,0.5,0.534953,0.509987,0.034962,0.65,0.6,0.900133,0.351052,0.140357,0.64044,0,high_risk_veto,FLAT,0.0,0.0,0.0,0.0,0,0.067934,0.587783,0.167225,0.494383,part2a21_soft_caution_overlay,artifacts_part2_g532/predictions/g532_final_consensus_tape.csv
2023-04-18,0,0.2125582880423193,0.657581829806183,0.779989,0.79097,0.75,0.536034,0.510295,0.129807,0.65,0.6,0.897045,0.349848,0.118966,0.677569,0,high_risk_veto,FLAT,0.0,0.0,0.0,0.0,0,0.065138,0.579713,0.176985,0.512732,part2a21_soft_caution_overlay,artifacts_part2_g532/predictions/g532_final_consensus_tape.csv
2023-04-19,0,0.1924526386746606,0.2606124656794495,0.771301,0.778442,0.75,0.535829,0.510237,0.123519,0.65,0.6,0.897631,0.350076,0.106782,0.700708,0,high_risk_veto,FLAT,0.0,0.0,0.0,0.0,0,0.092044,0.649422,0.158141,0.477304,part2a21_soft_caution_overlay,artifacts_part2_g532/predictions/g532_final_consensus_tape.csv
2023-04-20,0,0.1955260060276516,0.3150952963914605,0.85782,0.803037,0.75,0.536358,0.510388,0.135808,0.65,0.6,0.896121,0.349487,0.131521,0.655272,0,high_risk_veto,FLAT,0.0,0.0,0.0,0.0,0,0.089829,0.645137,0.163458,0.487301,part2a21_soft_caution_overlay,artifacts_part2_g532/predictions/g532_final_consensus_tape.csv
2023-04-21,0,0.1932361779829211,0.2705403561980787,0.684914,0.771345,0.5,0.534644,0.509898,0.120437,0.65,0.6,0.901018,0.351397,0.130903,0.656336,0,high_risk_veto,FLAT,0.0,0.0,0.0,0.0,0,0.091222,0.655929,0.149938,0.461884,part2a21_soft_caution_overlay,artifacts_part2_g532/predictions/g532_final_consensus_tape.csv
2023-04-24,0,0.2005334861015068,0.4147638716653191,0.700345,0.747693,0.75,0.536932,0.510552,0.107363,0.65,0.6,0.894479,0.348847,0.125072,0.666538,0,high_risk_veto,FLAT,0.0,0.0,0.0,0.0,0,0.091104,0.64236,0.16687,0.493715,part2a21_soft_caution_overlay,artifacts_part2_g532/predictions/g532_final_consensus_tape.csv
2023-04-25,0,0.2002288255405786,0.3990092253460446,0.955658,0.780306,0.75,0.537497,0.510713,0.123724,0.65,0.6,0.892866,0.348218,0.184426,0.575472,0,high_risk_veto,FLAT,0.0,0.0,0.0,0.0,0,0.086423,0.636451,0.174042,0.5072,part2a21_soft_caution_overlay,artifacts_part2_g532/predictions/g532_final_consensus_tape.csv
2023-04-26,0,0.1999212589283247,0.3861884653836671,0.340346,0.66545,0.5,0.537687,0.510768,0.065108,0.65,0.6,0.892322,0.348006,0.181919,0.578812,0,high_risk_veto,FLAT,0.0,0.0,0.0,0.0,0,0.094154,0.639411,0.170463,0.500471,part2a21_soft_caution_overlay,artifacts_part2_g532/predictions/g532_final_consensus_tape.csv
2023-04-27,0,0.1993869381044663,0.3877054097921337,-0.042923,0.417694,0.5,0.536147,0.510328,0.0,0.75,0.6,0.896723,0.403525,0.212474,0.540571,0,weak_score,FLAT,0.0,0.0,0.0,0.0,0,0.092206,0.647627,0.160375,0.481506,part2a21_soft_caution_overlay,artifacts_part2_g532/predictions/g532_final_consensus_tape.csv
2023-04-28,0,0.1964920127646331,0.3408438613862117,0.473644,0.257022,0.5,0.536729,0.510494,0.0,0.75,0.6,0.895059,0.402776,0.212019,0.541103,0,weak_score,FLAT,0.0,0.0,0.0,0.0,0,0.088488,0.642204,0.16706,0.494073,part2a21_soft_caution_overlay,artifacts_part2_g532/predictions/g532_final_consensus_tape.csv
2023-05-01,0,0.1927878719992845,0.2643025617288484,0.782704,0.404475,0.75,0.534143,0.509755,0.0,0.75,0.6,0.902447,0.406101,0.213898,0.538912,0,weak_score,FLAT,0.0,0.0,0.0,0.0,0,0.088803,0.657593,0.147815,0.457891,part2a21_soft_caution_overlay,artifacts_part2_g532/predictions/g532_final_consensus_tape.csv
2023-05-02,0,0.2003311100567542,0.4034124427565426,0.811206,0.689185,0.75,0.537376,0.510679,0.07735,0.75,0.6,0.893211,0.401945,0.246546,0.503478,1,ok,FLAT,0.0,0.0,0.0,0.0,0,0.086155,0.637046,0.173326,0.505852,part2a21_soft_caution_overlay,artifacts_part2_g532/predictions/g532_final_consensus_tape.csv
2023-05-03,0,0.1978186051445919,0.3465380009499417,0.671503,0.755138,0.75,0.536616,0.510462,0.111299,0.75,0.6,0.895383,0.402923,0.251324,0.498679,1,ok,FLAT,0.0,0.0,0.0,0.0,0,0.08663,0.64191,0.16742,0.49475,part2a21_soft_caution_overlay,artifacts_part2_g532/predictions/g532_final_consensus_tape.csv
2023-05-04,0,0.2002694904465854,0.3934256232862624,0.580716,0.687808,0.5,0.541558,0.511874,0.074677,0.75,0.6,0.881262,0.396568,0.248544,0.50146,0,low_agreement,FLAT,0.0,0.0,0.0,0.0,0,0.096613,0.616562,0.197383,0.551081,part2a21_soft_caution_overlay,artifacts_part2_g532/predictions/g532_final_consensus_tape.csv
2023-05-05,0,0.197867002466268,0.3522004749450607,0.056451,0.436224,0.75,0.536606,0.510459,0.0,0.75,0.6,0.895411,0.402935,0.282399,0.469573,0,weak_score,FLAT,0.0,0.0,0.0,0.0,0,0.09074,0.644127,0.164701,0.489639,part2a21_soft_caution_overlay,artifacts_part2_g532/predictions/g532_final_consensus_tape.csv
2023-05-08,0,0.1961455224790972,0.3199215006989253,0.626244,0.421137,0.75,0.534635,0.509896,0.0,0.75,0.6,0.901044,0.40547,0.284757,0.467502,0,weak_score,FLAT,0.0,0.0,0.0,0.0,0,0.087192,0.653935,0.152469,0.466641,part2a21_soft_caution_overlay,artifacts_part2_g532/predictions/g532_final_consensus_tape.csv
2023-05-09,0,0.1975396047890838,0.3398236274737841,0.83281,0.505169,0.5,0.53616,0.510331,0.0,0.75,0.6,0.896686,0.403509,0.248269,0.501737,0,weak_score,FLAT,0.0,0.0,0.0,0.0,0,0.090205,0.646511,0.161759,0.484107,part2a21_soft_caution_overlay,artifacts_part2_g532/predictions/g532_final_consensus_tape.csv
2023-05-10,0,0.1947692425301566,0.2921593073865426,0.373976,0.61101,0.75,0.53448,0.509851,0.038936,0.75,0.6,0.901485,0.405668,0.249329,0.500672,1,ok,FLAT,0.0,0.0,0.0,0.0,0,0.088171,0.655329,0.150701,0.463317,part2a21_soft_caution_overlay,artifacts_part2_g532/predictions/g532_final_consensus_tape.csv
2023-05-11,0,0.1975414231548689,0.3440206866591917,0.543361,0.583382,0.75,0.534608,0.509888,0.024817,0.75,0.6,0.90112,0.405504,0.209848,0.543658,1,ok,FLAT,0.0,0.0,0.0,0.0,0,0.08643,0.653702,0.152763,0.467195,part2a21_soft_caution_overlay,artifacts_part2_g532/predictions/g532_final_consensus_tape.csv
2023-05-12,0,0.19845933842697,0.3624408193488615,0.747382,0.554906,0.5,0.535762,0.510218,0.009747,0.75,0.6,0.897824,0.404021,0.211784,0.541379,0,low_agreement,FLAT,0.0,0.0,0.0,0.0,0,0.090773,0.649165,0.158461,0.477906,part2a21_soft_caution_overlay,artifacts_part2_g532/predictions/g532_final_consensus_tape.csv
2023-05-15,0,0.2009562511055015,0.4132612349902578,0.5858,0.625514,0.75,0.536438,0.510411,0.045364,0.75,0.6,0.895891,0.403151,0.20463,0.549897,1,ok,VOO,0.001509,0.001509,0.001509,0.0,0,0.093597,0.64662,0.161625,0.483854,part2a21_soft_caution_overlay,artifacts_part2_g532/predictions/g532_final_consensus_tape.csv
2023-05-16,0,0.1971034273104886,0.33121523655224,0.674873,0.669352,0.5,0.535291,0.510083,0.068234,0.65,0.6,0.899168,0.350676,0.162443,0.606145,0,high_risk_veto,VOO,0.001509,0.001509,0.001509,0.0,0,0.085858,0.649403,0.158164,0.477347,part2a21_soft_caution_overlay,artifacts_part2_g532/predictions/g532_final_consensus_tape.csv
2023-05-17,0,0.1974844774237418,0.4122299816722989,0.453481,0.571385,0.5,0.537114,0.510604,0.01746,0.65,0.6,0.893961,0.348645,0.156665,0.614756,0,high_risk_veto,VOO,0.001509,0.001509,0.001509,0.0,0,0.086241,0.609627,0.171336,0.502112,part2a21_soft_caution_overlay,artifacts_part2_g532/predictions/g532_final_consensus_tape.csv
2023-05-18,0,0.1917589039961771,0.3259983663422699,0.473999,0.534118,0.5,0.535913,0.510261,0.0,0.65,0.6,0.89739,0.349982,0.156084,0.615637,0,high_risk_veto,VOO,0.001509,0.001509,0.001509,0.0,0,0.084274,0.615822,0.163767,0.487881,part2a21_soft_caution_overlay,artifacts_part2_g532/predictions/g532_final_consensus_tape.csv
2023-05-19,0,0.1946327870376384,0.3661729096991469,1.082954,0.670145,0.75,0.535672,0.510192,0.068457,0.65,0.6,0.898079,0.350251,0.120235,0.675246,0,high_risk_veto,VOO,0.001509,0.001509,0.001509,0.0,0,0.084083,0.617161,0.162113,0.484772,part2a21_soft_caution_overlay,artifacts_part2_g532/predictions/g532_final_consensus_tape.csv
2023-05-22,0,0.1984897608625205,0.4303233313751651,1.062346,0.8731,0.5,0.535708,0.510202,0.171763,0.65,0.6,0.897977,0.350211,0.119026,0.677459,0,high_risk_veto,FLAT,0.0,0.0,0.0,0.0,0,0.085503,0.617687,0.161462,0.483548,part2a21_soft_caution_overlay,artifacts_part2_g532/predictions/g532_final_consensus_tape.csv
2023-05-23,0,0.2018918563455255,0.4735283713963802,1.409769,1.185023,0.75,0.542009,0.512003,0.328405,0.65,0.6,0.879974,0.34319,0.141348,0.638818,0,high_risk_veto,FLAT,0.0,0.0,0.0,0.0,1,0.083538,0.577109,0.209128,0.57316,part2a21_soft_caution_overlay,artifacts_part2_g532/predictions/g532_final_consensus_tape.csv
2023-05-24,0,0.2087150073801942,0.5554282032413377,1.128627,1.200247,0.75,0.538583,0.511024,0.33734,0.65,0.6,0.889764,0.347008,0.143575,0.635203,0,high_risk_veto,FLAT,0.0,0.0,0.0,0.0,1,0.028583,0.4928,0.224373,0.582161,part2a21_soft_caution_overlay,artifacts_part2_g532/predictions/g532_final_consensus_tape.csv
2023-05-25,0,0.2056094700096765,0.5288301230020749,0.49515,1.011182,0.5,0.54185,0.511957,0.239681,0.65,0.6,0.880428,0.343367,0.151058,0.623351,0,high_risk_veto,FLAT,0.0,0.0,0.0,0.0,0,0.078486,0.575239,0.211211,0.577077,part2a21_soft_caution_overlay,artifacts_part2_g532/predictions/g532_final_consensus_tape.csv
2023-05-26,0,0.2137705846223788,0.601949655112516,0.651375,0.758384,0.5,0.533871,0.509678,0.11419,0.65,0.6,0.903225,0.352258,0.155228,0.616937,0,high_risk_veto,FLAT,0.0,0.0,0.0,0.0,0,0.037993,0.523626,0.178549,0.515671,part2a21_soft_caution_overlay,artifacts_part2_g532/predictions/g532_final_consensus_tape.csv
2023-05-29,0,0.2021569040062162,0.4781449553922667,1.357571,0.834699,0.75,0.536353,0.510386,0.151935,0.65,0.6,0.896135,0.349493,0.156743,0.614639,0,high_risk_veto,FLAT,0.0,0.0,0.0,0.0,0,0.079845,0.610849,0.169854,0.499326,part2a21_soft_caution_overlay,artifacts_part2_g532/predictions/g532_final_consensus_tape.csv
2023-05-30,0,0.2017328933077863,0.4695426330730918,1.220732,1.07656,0.5,0.536662,0.510475,0.27499,0.65,0.6,0.895252,0.349148,0.163391,0.604754,0,high_risk_veto,FLAT,0.0,0.0,0.0,0.0,0,0.081523,0.609864,0.171049,0.501572,part2a21_soft_caution_overlay,artifacts_part2_g532/predictions/g532_final_consensus_tape.csv
2023-05-31,0,0.2065230643289465,0.5290983314492671,1.363951,1.314085,0.75,0.533362,0.509532,0.396983,0.65,0.6,0.904679,0.352825,0.161201,0.607976,0,high_risk_veto,FLAT,0.0,0.0,0.0,0.0,0,0.039656,0.527647,0.173729,0.506611,part2a21_soft_caution_overlay,artifacts_part2_g532/predictions/g532_final_consensus_tape.csv
2023-06-01,0,0.1987573804155637,0.4169847545888065,0.934325,1.173003,0.5,0.537368,0.510677,0.323868,0.65,0.6,0.893234,0.348361,0.1433,0.635647,0,high_risk_veto,FLAT,0.0,0.0,0.0,0.0,0,0.08241,0.606025,0.175679,0.510276,part2a21_soft_caution_overlay,artifacts_part2_g532/predictions/g532_final_consensus_tape.csv
2023-06-02,0,0.2029153099207966,0.4624934306019779,1.19605,1.164775,0.5,0.536027,0.510293,0.320141,0.65,0.6,0.897066,0.349856,0.18212,0.578543,0,high_risk_veto,FLAT,0.0,0.0,0.0,0.0,0,0.081417,0.613645,0.166442,0.492911,part2a21_soft_caution_overlay,artifacts_part2_g532/predictions/g532_final_consensus_tape.csv
2023-06-05,0,0.1989126926449704,0.4205758684258736,1.394721,1.175032,0.5,0.536716,0.51049,0.325127,0.65,0.6,0.895097,0.349088,0.183187,0.577118,0,high_risk_veto,FLAT,0.0,0.0,0.0,0.0,0,0.080329,0.608898,0.172219,0.503771,part2a21_soft_caution_overlay,artifacts_part2_g532/predictions/g532_final_consensus_tape.csv
2023-06-06,0,0.1985349153697434,0.4127019410377994,1.465012,1.351928,0.75,0.537081,0.510595,0.41512,0.65,0.6,0.894054,0.348681,0.163897,0.604016,0,high_risk_veto,FLAT,0.0,0.0,0.0,0.0,0,0.082301,0.607724,0.173636,0.506436,part2a21_soft_caution_overlay,artifacts_part2_g532/predictions/g532_final_consensus_tape.csv
2023-06-07,0,0.196509989920757,0.3745851275326263,1.890862,1.583531,0.75,0.539027,0.511151,0.532646,0.65,0.6,0.888493,0.346512,0.157226,0.61391,0,high_risk_veto,FLAT,0.0,0.0,0.0,0.0,0,0.084443,0.596823,0.186587,0.530784,part2a21_soft_caution_overlay,artifacts_part2_g532/predictions/g532_final_consensus_tape.csv
2023-06-08,0,0.1921029350608126,0.3155836722403698,1.083988,1.479954,0.5,0.537206,0.51063,0.480309,0.65,0.6,0.893698,0.348542,0.14666,0.630263,0,high_risk_veto,FLAT,0.0,0.0,0.0,0.0,0,0.081605,0.60659,0.175001,0.509003,part2a21_soft_caution_overlay,artifacts_part2_g532/predictions/g532_final_consensus_tape.csv
2023-06-09,0,0.1964212107876566,0.3602978732976901,1.366047,1.446966,0.5,0.536803,0.510515,0.463612,0.65,0.6,0.894849,0.348991,0.140145,0.640788,0,high_risk_veto,FLAT,0.0,0.0,0.0,0.0,0,0.085771,0.611262,0.169351,0.498381,part2a21_soft_caution_overlay,artifacts_part2_g532/predictions/g532_final_consensus_tape.csv
2023-06-12,0,0.1938589648670055,0.3508662484556157,1.056148,1.168728,0.5,0.536303,0.510372,0.322058,0.65,0.6,0.896279,0.349549,0.142042,0.637686,0,high_risk_veto,FLAT,0.0,0.0,0.0,0.0,0,0.078894,0.610648,0.170098,0.499784,part2a21_soft_caution_overlay,artifacts_part2_g532/predictions/g532_final_consensus_tape.csv
2023-06-13,0,0.1953886199179958,0.3517161688931478,1.478293,1.300163,0.5,0.53638,0.510394,0.388967,0.65,0.6,0.896058,0.349463,0.138635,0.643276,0,high_risk_veto,FLAT,0.0,0.0,0.0,0.0,0,0.078773,0.610115,0.170744,0.501,part2a21_soft_caution_overlay,artifacts_part2_g532/predictions/g532_final_consensus_tape.csv
2023-06-14,0,0.1830555857235071,0.5971690348565533,1.546485,1.360309,0.5,0.538329,0.510951,0.41902,0.65,0.6,0.890488,0.34729,0.119251,0.677047,0,high_risk_veto,FLAT,0.0,0.0,0.0,0.0,0,0.133753,0.758627,0.149675,0.461389,part2a21_soft_caution_overlay,artifacts_part2_g532/predictions/g532_final_consensus_tape.csv
2023-06-15,0,0.1813258113794284,0.6427935352011866,1.342794,1.455858,0.5,0.538437,0.510982,0.467699,0.65,0.6,0.890181,0.347171,0.119194,0.67715,0,high_risk_veto,FLAT,0.0,0.0,0.0,0.0,0,0.134557,0.758412,0.149948,0.461903,part2a21_soft_caution_overlay,artifacts_part2_g532/predictions/g532_final_consensus_tape.csv
2023-06-16,0,0.1827303854887115,0.6132350054850596,1.870223,1.586501,0.75,0.538016,0.510862,0.5344,0.65,0.6,0.891383,0.347639,0.074656,0.770045,0,high_risk_veto,FLAT,0.0,0.0,0.0,0.0,0,0.138127,0.762626,0.144551,0.451756,part2a21_soft_caution_overlay,artifacts_part2_g532/predictions/g532_final_consensus_tape.csv
2023-06-19,0,0.183172869839037,0.6251585105282745,1.689953,1.634324,0.75,0.537363,0.510675,0.558922,0.65,0.6,0.893249,0.348367,0.071947,0.776526,0,high_risk_veto,FLAT,0.0,0.0,0.0,0.0,0,0.139507,0.765577,0.138852,0.441042,part2a21_soft_caution_overlay,artifacts_part2_g532/predictions/g532_final_consensus_tape.csv
2023-06-20,0,0.1855783912628902,0.5731788844441829,1.646217,1.735465,0.75,0.537924,0.510835,0.610344,0.65,0.6,0.891645,0.347742,0.091393,0.732294,0,high_risk_veto,FLAT,0.0,0.0,0.0,0.0,0,0.139796,0.763982,0.142799,0.448462,part2a21_soft_caution_overlay,artifacts_part2_g532/predictions/g532_final_consensus_tape.csv
2023-06-21,0,0.1805896527854036,0.63960352855362,1.872395,1.736189,0.75,0.538222,0.510921,0.610653,0.65,0.6,0.890793,0.347409,0.101682,0.71087,0,high_risk_veto,FLAT,0.0,0.0,0.0,0.0,0,0.137912,0.761338,0.146208,0.454871,part2a21_soft_caution_overlay,artifacts_part2_g532/predictions/g532_final_consensus_tape.csv
2023-06-22,0,0.1836619960231001,0.6013626761028842,1.211936,1.57685,0.5,0.539266,0.511219,0.529181,0.65,0.6,0.887811,0.346246,0.107349,0.699595,0,high_risk_veto,FLAT,0.0,0.0,0.0,0.0,0,0.141539,0.757145,0.151558,0.464928,part2a21_soft_caution_overlay,artifacts_part2_g532/predictions/g532_final_consensus_tape.csv
2023-06-23,0,0.1813202461629328,0.6222006290553068,1.676428,1.58692,0.75,0.540313,0.511518,0.534068,0.65,0.6,0.884819,0.345079,0.127627,0.662028,0,high_risk_veto,FLAT,0.0,0.0,0.0,0.0,0,0.143279,0.751907,0.158149,0.477319,part2a21_soft_caution_overlay,artifacts_part2_g532/predictions/g532_final_consensus_tape.csv
2023-06-26,0,0.1950494706209767,0.4895937503023566,1.754706,1.54769,0.75,0.542969,0.512277,0.513391,0.65,0.6,0.877232,0.342121,0.127121,0.662918,0,high_risk_veto,FLAT,0.0,0.0,0.0,0.0,0,0.154166,0.741719,0.170686,0.500889,part2a21_soft_caution_overlay,artifacts_part2_g532/predictions/g532_final_consensus_tape.csv
2023-06-27,0,0.1927933761790486,0.5052469478298814,1.083336,1.504823,0.5,0.541886,0.511967,0.491768,0.65,0.6,0.880326,0.343327,0.12969,0.658432,0,high_risk_veto,FLAT,0.0,0.0,0.0,0.0,0,0.153731,0.748006,0.162992,0.486425,part2a21_soft_caution_overlay,artifacts_part2_g532/predictions/g532_final_consensus_tape.csv
2023-06-28,0,0.1882762682330498,0.5978615444743177,1.526401,1.454814,0.5,0.543977,0.512565,0.465658,0.65,0.6,0.87435,0.340997,0.130706,0.656675,0,high_risk_veto,FLAT,0.0,0.0,0.0,0.0,0,0.15714,0.737148,0.176198,0.511252,part2a21_soft_caution_overlay,artifacts_part2_g532/predictions/g532_final_consensus_tape.csv
2023-06-29,0,0.1869119625120009,0.6066426292478415,1.696155,1.435297,0.75,0.542175,0.51205,0.456181,0.65,0.6,0.8795,0.343005,0.148589,0.627213,0,high_risk_veto,FLAT,0.0,0.0,0.0,0.0,0,0.153661,0.74624,0.165167,0.490514,part2a21_soft_caution_overlay,artifacts_part2_g532/predictions/g532_final_consensus_tape.csv
2023-06-30,0,0.188281522486951,0.5770334267520719,1.248455,1.490337,0.5,0.542805,0.51223,0.484127,0.65,0.6,0.8777,0.342303,0.155844,0.616,0,high_risk_veto,FLAT,0.0,0.0,0.0,0.0,0,0.147135,0.738969,0.17401,0.507139,part2a21_soft_caution_overlay,artifacts_part2_g532/predictions/g532_final_consensus_tape.csv
2023-07-03,0,0.1886646263503721,0.5463528748600929,1.675142,1.539917,0.5,0.542679,0.512194,0.509492,0.65,0.6,0.878061,0.342444,0.157685,0.613219,0,high_risk_veto,FLAT,0.0,0.0,0.0,0.0,0,0.159034,0.746038,0.165414,0.490979,part2a21_soft_caution_overlay,artifacts_part2_g532/predictions/g532_final_consensus_tape.csv
2023-07-04,0,0.1894953227353224,0.5380323874009253,1.739275,1.554291,0.75,0.53996,0.511417,0.517505,0.65,0.6,0.885828,0.345473,0.149374,0.625979,0,high_risk_veto,FLAT,0.0,0.0,0.0,0.0,0,0.141761,0.753204,0.156526,0.474269,part2a21_soft_caution_overlay,artifacts_part2_g532/predictions/g532_final_consensus_tape.csv
2023-07-05,0,0.192606571477119,0.5133644240847687,1.763361,1.725926,0.75,0.542459,0.512131,0.604568,0.65,0.6,0.87869,0.342689,0.140816,0.639687,0,high_risk_veto,FLAT,0.0,0.0,0.0,0.0,0,0.150491,0.742862,0.169298,0.498279,part2a21_soft_caution_overlay,artifacts_part2_g532/predictions/g532_final_consensus_tape.csv
2023-07-06,0,0.1944295032366403,0.462899347306249,1.998457,1.833698,0.75,0.545736,0.513067,0.659052,0.65,0.6,0.869326,0.339037,0.137705,0.644821,0,high_risk_veto,FLAT,0.0,0.0,0.0,0.0,0,0.162123,0.728933,0.185937,0.529562,part2a21_soft_caution_overlay,artifacts_part2_g532/predictions/g532_final_consensus_tape.csv
2023-07-07,0,0.1951637243323422,0.4844951891550635,1.948017,1.903278,0.75,0.546412,0.513261,0.694551,0.65,0.6,0.867395,0.338284,0.11565,0.683715,0,high_risk_veto,FLAT,0.0,0.0,0.0,0.0,0,0.165296,0.726426,0.188869,0.535073,part2a21_soft_caution_overlay,artifacts_part2_g532/predictions/g532_final_consensus_tape.csv
2023-07-10,0,0.1933125466653504,0.5197122596173179,1.880639,1.942371,0.75,0.548532,0.513866,0.714252,0.65,0.6,0.861338,0.335922,0.107013,0.700255,0,high_risk_veto,FLAT,0.0,0.0,0.0,0.0,0,0.167417,0.714017,0.203113,0.561853,part2a21_soft_caution_overlay,artifacts_part2_g532/predictions/g532_final_consensus_tape.csv
2023-07-11,0,0.1951143077094422,0.4788993396520752,1.827652,1.885436,0.5,0.547881,0.51368,0.685181,0.65,0.6,0.863196,0.336646,0.089792,0.735745,0,high_risk_veto,FLAT,0.0,0.0,0.0,0.0,0,0.172122,0.720876,0.195293,0.547151,part2a21_soft_caution_overlay,artifacts_part2_g532/predictions/g532_final_consensus_tape.csv
2023-07-12,0,0.1846013333764955,0.6491639428287668,1.620068,1.77612,0.5,0.543918,0.512548,0.629934,0.65,0.6,0.874521,0.341063,0.086687,0.742528,0,high_risk_veto,FLAT,0.0,0.0,0.0,0.0,0,0.199636,0.868089,0.148377,0.458949,part2a21_soft_caution_overlay,artifacts_part2_g532/predictions/g532_final_consensus_tape.csv
2023-07-13,0,0.1737556312955974,0.6275663629882129,1.55981,1.669177,0.5,0.543279,0.512365,0.5754,0.65,0.6,0.876346,0.341775,0.062138,0.800927,0,high_risk_veto,FLAT,0.0,0.0,0.0,0.0,0,0.198953,0.87141,0.144114,0.450933,part2a21_soft_caution_overlay,artifacts_part2_g532/predictions/g532_final_consensus_tape.csv
2023-07-14,0,0.1938171233160723,0.7078359918271871,1.956174,1.712017,0.75,0.540925,0.511693,0.597778,0.65,0.6,0.883072,0.344398,0.046934,0.841938,0,high_risk_veto,FLAT,0.0,0.0,0.0,0.0,0,0.183381,0.874695,0.136812,0.437206,part2a21_soft_caution_overlay,artifacts_part2_g532/predictions/g532_final_consensus_tape.csv
2023-07-17,0,0.1942723143045857,0.7048630250938924,1.75802,1.758001,0.5,0.541608,0.511888,0.621118,0.65,0.6,0.88112,0.343637,0.037876,0.86843,0,high_risk_veto,FLAT,0.0,0.0,0.0,0.0,0,0.183687,0.873101,0.141645,0.446293,part2a21_soft_caution_overlay,artifacts_part2_g532/predictions/g532_final_consensus_tape.csv
2023-07-18,0,0.1986080011727307,0.716242049662751,1.795925,1.836707,0.5,0.541544,0.51187,0.661318,0.65,0.6,0.881303,0.343708,0.047012,0.841716,0,high_risk_veto,FLAT,0.0,0.0,0.0,0.0,0,0.176737,0.870215,0.145652,0.453826,part2a21_soft_caution_overlay,artifacts_part2_g532/predictions/g532_final_consensus_tape.csv
2023-07-19,0,0.19619915074591,0.6839477986599775,1.99845,1.850799,0.75,0.537825,0.510807,0.669142,0.65,0.6,0.891929,0.347852,0.048172,0.838441,0,high_risk_veto,FLAT,0.0,0.0,0.0,0.0,0,0.168387,0.879038,0.123644,0.41245,part2a21_soft_caution_overlay,artifacts_part2_g532/predictions/g532_final_consensus_tape.csv
2023-07-20,0,0.2139979543898027,0.6820803463161303,2.511304,2.101893,0.75,0.535747,0.510214,0.797324,0.65,0.6,0.897865,0.350167,0.047892,0.839229,0,high_risk_veto,FLAT,0.0,0.0,0.0,0.0,0,0.142192,0.798517,0.125224,0.415422,part2a21_soft_caution_overlay,artifacts_part2_g532/predictions/g532_final_consensus_tape.csv
2023-07-21,0,0.2023189029356256,0.6389349763661197,1.914991,2.141582,0.75,0.539862,0.511389,0.817146,0.65,0.6,0.886108,0.345582,0.047471,0.840417,0,high_risk_veto,FLAT,0.0,0.0,0.0,0.0,0,0.178966,0.876338,0.131832,0.427843,part2a21_soft_caution_overlay,artifacts_part2_g532/predictions/g532_final_consensus_tape.csv
2023-07-24,0,0.207954618578678,0.5960324501925375,1.727583,2.051293,0.5,0.538056,0.510873,0.771295,0.65,0.6,0.891269,0.347595,0.049805,0.833876,0,high_risk_veto,FLAT,0.0,0.0,0.0,0.0,0,0.149314,0.794423,0.137636,0.438756,part2a21_soft_caution_overlay,artifacts_part2_g532/predictions/g532_final_consensus_tape.csv
2023-07-25,0,0.2169482801976169,0.6761973572422774,1.6243,1.755625,0.5,0.536811,0.510518,0.620834,0.65,0.6,0.894824,0.348982,0.050525,0.831878,0,high_risk_veto,FLAT,0.0,0.0,0.0,0.0,0,0.141315,0.795746,0.133626,0.431217,part2a21_soft_caution_overlay,artifacts_part2_g532/predictions/g532_final_consensus_tape.csv
2023-07-26,0,0.2215358667606641,0.7484011870054604,1.893688,1.748524,0.75,0.535935,0.510267,0.617387,0.65,0.6,0.897327,0.349958,0.053775,0.822977,0,high_risk_veto,FLAT,0.0,0.0,0.0,0.0,0,0.143674,0.798375,0.125655,0.416231,part2a21_soft_caution_overlay,artifacts_part2_g532/predictions/g532_final_consensus_tape.csv
2023-07-27,0,0.2251322918675523,0.7036788195360852,1.947416,1.821801,0.75,0.539423,0.511264,0.654082,0.65,0.6,0.887362,0.346071,0.05329,0.824293,0,high_risk_veto,FLAT,0.0,0.0,0.0,0.0,0,0.157253,0.792588,0.14259,0.44807,part2a21_soft_caution_overlay,artifacts_part2_g532/predictions/g532_final_consensus_tape.csv
2023-07-28,0,0.2149862646748723,0.6779537369000218,1.462501,1.767868,0.5,0.536798,0.510514,0.627073,0.65,0.6,0.894864,0.348997,0.056511,0.81563,0,high_risk_veto,FLAT,0.0,0.0,0.0,0.0,0,0.157525,0.799224,0.123081,0.411391,part2a21_soft_caution_overlay,artifacts_part2_g532/predictions/g532_final_consensus_tape.csv
2023-07-31,0,0.2138869848902064,0.6358190369323288,1.977036,1.795651,0.75,0.535545,0.510156,0.641453,0.65,0.6,0.898442,0.350392,0.057275,0.813603,0,high_risk_veto,FLAT,0.0,0.0,0.0,0.0,0,0.14586,0.799786,0.121374,0.408184,part2a21_soft_caution_overlay,artifacts_part2_g532/predictions/g532_final_consensus_tape.csv
2023-08-01,0,0.2171046023866455,0.6408806877992833,2.056737,1.832092,0.75,0.537368,0.510677,0.659687,0.65,0.6,0.893233,0.348361,0.053137,0.824709,0,high_risk_veto,FLAT,0.0,0.0,0.0,0.0,0,0.149175,0.796063,0.132663,0.429407,part2a21_soft_caution_overlay,artifacts_part2_g532/predictions/g532_final_consensus_tape.csv
2023-08-02,0,0.2388323591945572,0.7193237510221765,2.523931,2.185902,0.75,0.54471,0.512774,0.83936,0.65,0.6,0.872258,0.34018,0.088075,0.73948,0,high_risk_veto,FLAT,0.0,0.0,0.0,0.0,0,0.168342,0.767112,0.174374,0.507822,part2a21_soft_caution_overlay,artifacts_part2_g532/predictions/g532_final_consensus_tape.csv
2023-08-03,0,0.2423242606794534,0.6869942043431577,1.974468,2.185045,0.75,0.546767,0.513362,0.838752,0.65,0.25,0.86638,0.140787,0.089808,0.735709,0,high_risk_veto,FLAT,0.0,0.0,0.0,0.0,0,0.181854,0.761719,0.180816,0.519933,part2a21_soft_caution_overlay,artifacts_part2_g532/predictions/g532_final_consensus_tape.csv
2023-08-04,0,0.2519686758309913,0.7521295467133818,2.008117,2.168839,0.75,0.549789,0.514225,0.830192,0.65,0.6,0.857747,0.334521,0.123816,0.668779,0,high_risk_veto,FLAT,0.0,0.0,0.0,0.0,0,0.180773,0.741887,0.203762,0.563073,part2a21_soft_caution_overlay,artifacts_part2_g532/predictions/g532_final_consensus_tape.csv
2023-08-07,0,0.2429838185857583,0.6919893013148304,1.671333,1.884639,0.5,0.544897,0.512828,0.685254,0.65,0.25,0.871724,0.141655,0.133021,0.652706,0,high_risk_veto,FLAT,0.0,0.0,0.0,0.0,0,0.169245,0.766452,0.175167,0.509314,part2a21_soft_caution_overlay,artifacts_part2_g532/predictions/g532_final_consensus_tape.csv
2023-08-08,0,0.2527243327256889,0.7655886830086547,2.035688,1.905046,0.75,0.545881,0.513109,0.695539,0.65,0.6,0.868912,0.338876,0.138852,0.642919,0,high_risk_veto,FLAT,0.0,0.0,0.0,0.0,0,0.17282,0.762314,0.18011,0.518606,part2a21_soft_caution_overlay,artifacts_part2_g532/predictions/g532_final_consensus_tape.csv
2023-08-09,0,0.2267010565675915,0.3161964061989901,2.078921,1.928647,0.75,0.545447,0.512985,0.707681,0.65,0.6,0.87015,0.339359,0.142157,0.6375,0,high_risk_veto,FLAT,0.0,0.0,0.0,0.0,0,0.165907,0.761249,0.181374,0.520982,part2a21_soft_caution_overlay,artifacts_part2_g532/predictions/g532_final_consensus_tape.csv
2023-08-10,0,0.2276014488236626,0.3199502187031202,1.793633,1.969414,0.5,0.545429,0.51298,0.728541,0.65,0.6,0.870203,0.339379,0.148052,0.628059,0,high_risk_veto,FLAT,0.0,0.0,0.0,0.0,0,0.170063,0.763617,0.178559,0.515691,part2a21_soft_caution_overlay,artifacts_part2_g532/predictions/g532_final_consensus_tape.csv
2023-08-11,0,0.2386458343948347,0.279427662719883,2.003611,1.958722,0.75,0.536602,0.510458,0.724316,0.65,0.6,0.895423,0.349215,0.145475,0.632151,0,high_risk_veto,FLAT,0.0,0.0,0.0,0.0,0,0.137026,0.795343,0.134847,0.433513,part2a21_soft_caution_overlay,artifacts_part2_g532/predictions/g532_final_consensus_tape.csv
2023-08-14,0,0.2354812997219068,0.3064690617458718,1.529147,1.775464,0.5,0.538646,0.511042,0.630594,0.65,0.6,0.889584,0.346938,0.151434,0.622768,0,high_risk_veto,FLAT,0.0,0.0,0.0,0.0,0,0.142548,0.789681,0.146339,0.455117,part2a21_soft_caution_overlay,artifacts_part2_g532/predictions/g532_final_consensus_tape.csv
2023-08-15,0,0.2346220523262267,0.3143303436873734,2.125819,1.886192,0.75,0.545549,0.513014,0.685944,0.65,0.6,0.86986,0.339245,0.156509,0.614992,0,high_risk_veto,FLAT,0.0,0.0,0.0,0.0,0,0.170118,0.762903,0.179409,0.517289,part2a21_soft_caution_overlay,artifacts_part2_g532/predictions/g532_final_consensus_tape.csv
2023-08-16,0,0.2384701023353318,0.3008332632550233,2.087055,1.914007,0.75,0.546396,0.513256,0.700045,0.65,0.6,0.867439,0.338301,0.146626,0.630317,0,high_risk_veto,FLAT,0.0,0.0,0.0,0.0,0,0.177729,0.76178,0.180744,0.519799,part2a21_soft_caution_overlay,artifacts_part2_g532/predictions/g532_final_consensus_tape.csv
2023-08-17,0,0.2420582469146916,0.3069760597923194,2.009915,2.074263,0.75,0.546462,0.513275,0.782069,0.65,0.6,0.86725,0.338228,0.145766,0.631686,0,high_risk_veto,FLAT,0.0,0.0,0.0,0.0,0,0.1735,0.759063,0.183956,0.525837,part2a21_soft_caution_overlay,artifacts_part2_g532/predictions/g532_final_consensus_tape.csv
2023-08-18,0,0.2490313690460672,0.2586502302056645,1.67248,1.92315,0.75,0.547786,0.513653,0.704515,0.65,0.6,0.863468,0.336752,0.125386,0.665981,0,high_risk_veto,FLAT,0.0,0.0,0.0,0.0,0,0.176799,0.752539,0.191579,0.540168,part2a21_soft_caution_overlay,artifacts_part2_g532/predictions/g532_final_consensus_tape.csv
2023-08-21,0,0.2274674175609489,0.3411829111779518,1.316258,1.666218,0.5,0.574073,0.521164,0.567075,0.65,0.6,0.788363,0.307461,0.129329,0.659058,0,high_risk_veto,FLAT,0.0,0.0,0.0,0.0,1,0.323566,0.792141,0.341659,0.624142,part2a21_soft_caution_overlay,artifacts_part2_g532/predictions/g532_final_consensus_tape.csv
2023-08-22,0,0.2404606250385368,0.2938182371945328,1.820777,1.603172,0.75,0.561077,0.517451,0.537461,0.65,0.6,0.825494,0.321943,0.121075,0.673719,0,high_risk_veto,FLAT,0.0,0.0,0.0,0.0,1,0.224052,0.721287,0.289569,0.605788,part2a21_soft_caution_overlay,artifacts_part2_g532/predictions/g532_final_consensus_tape.csv
2023-08-23,0,0.2144196837788521,0.386363917483421,1.341132,1.492723,0.5,0.547228,0.513494,0.484181,0.65,0.6,0.865062,0.337374,0.11411,0.686606,0,high_risk_veto,FLAT,0.0,0.0,0.0,0.0,0,0.1777,0.756566,0.186889,0.53135,part2a21_soft_caution_overlay,artifacts_part2_g532/predictions/g532_final_consensus_tape.csv
2023-08-24,0,0.2428271094483045,0.2833908189491982,2.29903,1.820313,0.75,0.548574,0.513878,0.651697,0.65,0.6,0.861216,0.335874,0.116381,0.682349,0,high_risk_veto,FLAT,0.0,0.0,0.0,0.0,0,0.179065,0.748774,0.195921,0.548332,part2a21_soft_caution_overlay,artifacts_part2_g532/predictions/g532_final_consensus_tape.csv
2023-08-25,0,0.2443874336606775,0.2755853887788976,1.507228,1.715797,0.5,0.538581,0.511023,0.600186,0.65,0.6,0.88977,0.34701,0.120359,0.67502,0,high_risk_veto,FLAT,0.0,0.0,0.0,0.0,0,0.140105,0.788827,0.147433,0.457175,part2a21_soft_caution_overlay,artifacts_part2_g532/predictions/g532_final_consensus_tape.csv
2023-08-28,0,0.2412807086336315,0.2919442614204792,1.556193,1.787484,0.5,0.540942,0.511698,0.636296,0.65,0.6,0.883022,0.344379,0.115061,0.684818,0,high_risk_veto,FLAT,0.0,0.0,0.0,0.0,0,0.149497,0.779851,0.158773,0.478493,part2a21_soft_caution_overlay,artifacts_part2_g532/predictions/g532_final_consensus_tape.csv
2023-08-29,0,0.2272798915628777,0.3162462603121198,1.217316,1.426912,0.5,0.536852,0.510529,0.453384,0.65,0.6,0.894709,0.348937,0.11102,0.692482,0,high_risk_veto,FLAT,0.0,0.0,0.0,0.0,0,0.131042,0.793465,0.140542,0.444219,part2a21_soft_caution_overlay,artifacts_part2_g532/predictions/g532_final_consensus_tape.csv
2023-08-30,0,0.2218866419333619,0.326421075000619,1.682537,1.485349,0.5,0.539724,0.51135,0.482393,0.65,0.6,0.886501,0.345736,0.109918,0.694602,0,high_risk_veto,FLAT,0.0,0.0,0.0,0.0,0,0.137779,0.780986,0.157355,0.475828,part2a21_soft_caution_overlay,artifacts_part2_g532/predictions/g532_final_consensus_tape.csv
2023-08-31,0,0.2047569224033982,0.4008616392512169,1.767543,1.555799,0.5,0.542228,0.512065,0.517716,0.65,0.6,0.879349,0.342946,0.103834,0.706547,0,high_risk_veto,FLAT,0.0,0.0,0.0,0.0,0,0.170927,0.863316,0.154431,0.47033,part2a21_soft_caution_overlay,artifacts_part2_g532/predictions/g532_final_consensus_tape.csv
2023-09-01,0,0.2155081944812308,0.3650059810896446,1.939353,1.796478,0.75,0.536979,0.510565,0.641612,0.65,0.6,0.894346,0.348795,0.10639,0.701478,0,high_risk_veto,FLAT,0.0,0.0,0.0,0.0,0,0.138623,0.794767,0.136593,0.436794,part2a21_soft_caution_overlay,artifacts_part2_g532/predictions/g532_final_consensus_tape.csv
2023-09-04,0,0.2067574267738262,0.3836826093434775,1.905552,1.870816,0.75,0.537051,0.510586,0.67947,0.65,0.6,0.894141,0.348715,0.090509,0.734196,0,high_risk_veto,FLAT,0.0,0.0,0.0,0.0,0,0.140439,0.794979,0.135951,0.435588,part2a21_soft_caution_overlay,artifacts_part2_g532/predictions/g532_final_consensus_tape.csv
2023-09-05,0,0.2218099432537414,0.3342509347382632,1.849973,1.898293,0.5,0.53618,0.510337,0.693604,0.65,0.6,0.896629,0.349685,0.08675,0.742391,0,high_risk_veto,FLAT,0.0,0.0,0.0,0.0,0,0.129934,0.794861,0.136307,0.436258,part2a21_soft_caution_overlay,artifacts_part2_g532/predictions/g532_final_consensus_tape.csv
2023-09-06,0,0.215451822557843,0.534438869256837,2.168444,1.974656,0.75,0.539517,0.511291,0.732034,0.65,0.6,0.887095,0.345967,0.091971,0.731057,0,high_risk_veto,FLAT,0.0,0.0,0.0,0.0,0,0.140853,0.760091,0.153845,0.469229,part2a21_soft_caution_overlay,artifacts_part2_g532/predictions/g532_final_consensus_tape.csv
2023-09-07,0,0.2178225243485619,0.5381682162140398,2.030268,2.016228,0.75,0.537764,0.51079,0.753459,0.65,0.6,0.892102,0.34792,0.081866,0.753317,0,high_risk_veto,FLAT,0.0,0.0,0.0,0.0,0,0.139326,0.76932,0.141923,0.446815,part2a21_soft_caution_overlay,artifacts_part2_g532/predictions/g532_final_consensus_tape.csv
2023-09-08,0,0.2250385187653318,0.5885234267998757,1.755031,1.984581,0.5,0.538736,0.511068,0.737201,0.65,0.6,0.889325,0.346837,0.076694,0.765241,0,high_risk_veto,FLAT,0.0,0.0,0.0,0.0,0,0.146222,0.767313,0.144638,0.45192,part2a21_soft_caution_overlay,artifacts_part2_g532/predictions/g532_final_consensus_tape.csv
2023-09-11,0,0.2250990416998377,0.5605966319880583,1.507401,1.764233,0.5,0.537093,0.510598,0.625165,0.65,0.6,0.89402,0.348668,0.083856,0.748827,0,high_risk_veto,FLAT,0.0,0.0,0.0,0.0,0,0.135512,0.770139,0.139438,0.442144,part2a21_soft_caution_overlay,artifacts_part2_g532/predictions/g532_final_consensus_tape.csv
2023-09-12,0,0.2236077207458941,0.5519315782093196,2.095227,1.785886,0.75,0.536293,0.510369,0.636344,0.65,0.6,0.896306,0.349559,0.087704,0.740294,0,high_risk_veto,FLAT,0.0,0.0,0.0,0.0,0,0.138921,0.772807,0.131349,0.426937,part2a21_soft_caution_overlay,artifacts_part2_g532/predictions/g532_final_consensus_tape.csv
2023-09-13,0,0.2319691352482174,0.577457754119096,1.650169,1.750932,0.5,0.53283,0.50938,0.619215,0.65,0.6,0.906199,0.353418,0.084848,0.746608,0,high_risk_veto,FLAT,0.0,0.0,0.0,0.0,0,0.13464,0.780307,0.10861,0.384187,part2a21_soft_caution_overlay,artifacts_part2_g532/predictions/g532_final_consensus_tape.csv
2023-09-14,0,0.2254267629227036,0.5514876389723022,1.600353,1.781916,0.5,0.531807,0.509088,0.635156,0.65,0.6,0.909124,0.354558,0.098758,0.71683,0,high_risk_veto,FLAT,0.0,0.0,0.0,0.0,0,0.12825,0.781435,0.105189,0.377756,part2a21_soft_caution_overlay,artifacts_part2_g532/predictions/g532_final_consensus_tape.csv
2023-09-15,0,0.2201359048465496,0.5385269554903039,2.308103,1.852875,0.75,0.541609,0.511888,0.669563,0.65,0.6,0.881118,0.343636,0.103535,0.707144,0,high_risk_veto,FLAT,0.0,0.0,0.0,0.0,0,0.150776,0.75287,0.162857,0.48617,part2a21_soft_caution_overlay,artifacts_part2_g532/predictions/g532_final_consensus_tape.csv
2023-09-18,0,0.2305122040678876,0.5942396592181961,1.718846,1.875767,0.5,0.543316,0.512376,0.680974,0.65,0.6,0.876239,0.341733,0.103555,0.707103,0,high_risk_veto,FLAT,0.0,0.0,0.0,0.0,0,0.161615,0.748315,0.168447,0.49668,part2a21_soft_caution_overlay,artifacts_part2_g532/predictions/g532_final_consensus_tape.csv
2023-09-19,0,0.2256471217913298,0.5574015672639444,1.824458,1.950469,0.75,0.545159,0.512903,0.718887,0.65,0.6,0.870974,0.33968,0.10352,0.707174,0,high_risk_veto,FLAT,0.0,0.0,0.0,0.0,0,0.169441,0.741255,0.176974,0.51271,part2a21_soft_caution_overlay,artifacts_part2_g532/predictions/g532_final_consensus_tape.csv
2023-09-20,0,0.2243627115516008,0.5417976794210349,2.155872,1.899726,0.75,0.547715,0.513633,0.692527,0.65,0.6,0.863671,0.336832,0.110037,0.694373,0,high_risk_veto,FLAT,0.0,0.0,0.0,0.0,0,0.166967,0.723804,0.197389,0.551091,part2a21_soft_caution_overlay,artifacts_part2_g532/predictions/g532_final_consensus_tape.csv
2023-09-21,0,0.2312038494809104,0.5490950540008441,2.237943,2.072758,0.75,0.550555,0.514444,0.780839,0.65,0.6,0.855557,0.333667,0.114454,0.685958,0,high_risk_veto,FLAT,0.0,0.0,0.0,0.0,1,0.172885,0.710509,0.216484,0.579249,part2a21_soft_caution_overlay,artifacts_part2_g532/predictions/g532_final_consensus_tape.csv
2023-09-22,0,0.2404697624455032,0.6025966959229546,1.686924,2.026913,0.75,0.552355,0.514959,0.757098,0.65,0.25,0.850415,0.138192,0.116308,0.682486,0,high_risk_veto,FLAT,0.0,0.0,0.0,0.0,1,0.175993,0.707243,0.234917,0.586034,part2a21_soft_caution_overlay,artifacts_part2_g532/predictions/g532_final_consensus_tape.csv
2023-09-25,0,0.243534045547966,0.6147907362433397,1.611936,1.845601,0.5,0.549021,0.514006,0.664579,0.65,0.25,0.85994,0.13974,0.125153,0.666394,0,high_risk_veto,FLAT,0.0,0.0,0.0,0.0,0,0.173387,0.718988,0.202869,0.561394,part2a21_soft_caution_overlay,artifacts_part2_g532/predictions/g532_final_consensus_tape.csv
2023-09-26,0,0.2428863982493901,0.5940577532804179,2.13173,1.810197,0.75,0.549722,0.514206,0.646305,0.65,0.6,0.857938,0.334596,0.1392,0.642344,0,high_risk_veto,FLAT,0.0,0.0,0.0,0.0,1,0.171678,0.713417,0.209131,0.573165,part2a21_soft_caution_overlay,artifacts_part2_g532/predictions/g532_final_consensus_tape.csv
2023-09-27,0,0.2449325667322865,0.6276639543624821,1.696095,1.813254,0.5,0.550701,0.514486,0.647696,0.65,0.25,0.85514,0.13896,0.143395,0.635494,0,high_risk_veto,FLAT,0.0,0.0,0.0,0.0,1,0.183901,0.714011,0.208467,0.571917,part2a21_soft_caution_overlay,artifacts_part2_g532/predictions/g532_final_consensus_tape.csv
2023-09-28,0,0.2508040218845417,0.6811082598510564,1.594346,1.80739,0.5,0.550271,0.514363,0.644766,0.65,0.6,0.856368,0.333984,0.128559,0.660399,0,high_risk_veto,FLAT,0.0,0.0,0.0,0.0,1,0.176593,0.712629,0.21001,0.574818,part2a21_soft_caution_overlay,artifacts_part2_g532/predictions/g532_final_consensus_tape.csv
2023-09-29,0,0.2319611658525528,0.5866228368810409,1.846644,1.712361,0.5,0.553504,0.515287,0.595356,0.65,0.6,0.847133,0.330382,0.122962,0.670309,0,high_risk_veto,FLAT,0.0,0.0,0.0,0.0,1,0.185954,0.706651,0.238264,0.587259,part2a21_soft_caution_overlay,artifacts_part2_g532/predictions/g532_final_consensus_tape.csv
2023-10-02,0,0.2498164113439671,0.6515813130989954,1.632119,1.691036,0.5,0.570453,0.52013,0.580749,0.65,0.25,0.798704,0.129789,0.132866,0.65297,0,high_risk_veto,FLAT,0.0,0.0,0.0,0.0,1,0.300907,0.771941,0.321754,0.617181,part2a21_soft_caution_overlay,artifacts_part2_g532/predictions/g532_final_consensus_tape.csv
2023-10-03,0,0.2494155541676315,0.6283232963279025,2.311905,1.930223,0.75,0.549738,0.514211,0.707846,0.65,0.6,0.857892,0.334578,0.133213,0.652378,0,high_risk_veto,FLAT,0.0,0.0,0.0,0.0,1,0.17667,0.716183,0.206032,0.56734,part2a21_soft_caution_overlay,artifacts_part2_g532/predictions/g532_final_consensus_tape.csv
2023-10-04,0,0.226505673222171,0.6742114430718406,1.449838,1.797954,0.5,0.552107,0.514888,0.639587,0.65,0.6,0.851123,0.331938,0.128234,0.660967,0,high_risk_veto,FLAT,0.0,0.0,0.0,0.0,1,0.196017,0.735418,0.211012,0.576703,part2a21_soft_caution_overlay,artifacts_part2_g532/predictions/g532_final_consensus_tape.csv
2023-10-05,0,0.2234885255231541,0.6335085517827962,1.856907,1.872883,0.75,0.557774,0.516507,0.677115,0.65,0.6,0.834931,0.325623,0.120709,0.674384,0,high_risk_veto,FLAT,0.0,0.0,0.0,0.0,1,0.213234,0.726317,0.261033,0.595539,part2a21_soft_caution_overlay,artifacts_part2_g532/predictions/g532_final_consensus_tape.csv
2023-10-06,0,0.2166496208574667,0.572770101890888,1.413645,1.573464,0.5,0.559622,0.517035,0.522497,0.65,0.6,0.829652,0.323564,0.144997,0.632916,0,high_risk_veto,FLAT,0.0,0.0,0.0,0.0,1,0.273453,0.813628,0.219703,0.580438,part2a21_soft_caution_overlay,artifacts_part2_g532/predictions/g532_final_consensus_tape.csv
2023-10-09,0,0.2186481945311379,0.605637192726647,1.661961,1.644171,0.5,0.554932,0.515695,0.560001,0.65,0.6,0.843052,0.32879,0.13977,0.641403,0,high_risk_veto,FLAT,0.0,0.0,0.0,0.0,1,0.201052,0.730112,0.239558,0.587732,part2a21_soft_caution_overlay,artifacts_part2_g532/predictions/g532_final_consensus_tape.csv
2023-10-10,0,0.2163843419631555,0.5811213757772166,1.712601,1.596069,0.5,0.552473,0.514992,0.535857,0.65,0.6,0.850077,0.33153,0.115641,0.68373,0,high_risk_veto,FLAT,0.0,0.0,0.0,0.0,1,0.198879,0.734961,0.212186,0.577658,part2a21_soft_caution_overlay,artifacts_part2_g532/predictions/g532_final_consensus_tape.csv
2023-10-11,0,0.2142290957773816,0.5867118049333779,1.620699,1.665087,0.5,0.551461,0.514703,0.571518,0.65,0.6,0.852969,0.332658,0.116339,0.682428,0,high_risk_veto,FLAT,0.0,0.0,0.0,0.0,1,0.192816,0.737834,0.208317,0.571636,part2a21_soft_caution_overlay,artifacts_part2_g532/predictions/g532_final_consensus_tape.csv
2023-10-12,0,0.2204407317278124,0.623110709778577,1.927391,1.753564,0.75,0.560706,0.517344,0.615099,0.65,0.6,0.826555,0.322357,0.116526,0.682081,0,high_risk_veto,FLAT,0.0,0.0,0.0,0.0,1,0.275684,0.811728,0.230425,0.584386,part2a21_soft_caution_overlay,artifacts_part2_g532/predictions/g532_final_consensus_tape.csv
2023-10-13,0,0.2243439545174477,0.6611205704945075,2.025278,1.857789,0.75,0.556399,0.516114,0.669577,0.65,0.6,0.838859,0.327155,0.134028,0.650995,0,high_risk_veto,FLAT,0.0,0.0,0.0,0.0,1,0.204888,0.727694,0.253236,0.592714,part2a21_soft_caution_overlay,artifacts_part2_g532/predictions/g532_final_consensus_tape.csv
2023-10-16,0,0.2255806218692555,0.6687820322337927,1.43649,1.796386,0.5,0.550832,0.514524,0.639018,0.65,0.6,0.854765,0.333358,0.15146,0.622727,0,high_risk_veto,FLAT,0.0,0.0,0.0,0.0,1,0.205711,0.749244,0.195381,0.547316,part2a21_soft_caution_overlay,artifacts_part2_g532/predictions/g532_final_consensus_tape.csv
2023-10-17,0,0.2214695776583649,0.6339139736499311,1.930275,1.797347,0.75,0.551559,0.514731,0.639377,0.65,0.6,0.852688,0.332548,0.150569,0.624112,0,high_risk_veto,FLAT,0.0,0.0,0.0,0.0,1,0.200291,0.741478,0.204224,0.563942,part2a21_soft_caution_overlay,artifacts_part2_g532/predictions/g532_final_consensus_tape.csv
2023-10-18,0,0.2160443223270072,0.5717856264372555,2.18074,1.849168,0.75,0.54992,0.514263,0.666254,0.65,0.6,0.857373,0.334375,0.162483,0.606086,0,high_risk_veto,FLAT,0.0,0.0,0.0,0.0,0,0.190128,0.746347,0.198699,0.553555,part2a21_soft_caution_overlay,artifacts_part2_g532/predictions/g532_final_consensus_tape.csv
2023-10-19,0,0.225209909353483,0.6592953844958784,2.018737,2.043251,0.75,0.549908,0.514259,0.765781,0.65,0.6,0.857406,0.334388,0.163295,0.604895,0,high_risk_veto,FLAT,0.0,0.0,0.0,0.0,1,0.195133,0.749237,0.195389,0.547332,part2a21_soft_caution_overlay,artifacts_part2_g532/predictions/g532_final_consensus_tape.csv
2023-10-20,0,0.2209533872758892,0.6122017729479518,2.087981,2.095819,0.75,0.547398,0.513542,0.793004,0.65,0.6,0.864576,0.337185,0.168498,0.597375,0,high_risk_veto,FLAT,0.0,0.0,0.0,0.0,0,0.177468,0.755367,0.18829,0.533986,part2a21_soft_caution_overlay,artifacts_part2_g532/predictions/g532_final_consensus_tape.csv
2023-10-23,0,0.2267758811747658,0.6548466469849958,1.568788,1.891835,0.5,0.561371,0.517535,0.686291,0.65,0.6,0.824653,0.321615,0.168826,0.596907,0,high_risk_veto,FLAT,0.0,0.0,0.0,0.0,1,0.272738,0.809755,0.241575,0.588469,part2a21_soft_caution_overlay,artifacts_part2_g532/predictions/g532_final_consensus_tape.csv
2023-10-24,0,0.2270793226444488,0.670035393949353,1.433924,1.696898,0.5,0.552011,0.51486,0.587727,0.65,0.6,0.851397,0.332045,0.166947,0.599596,0,high_risk_veto,FLAT,0.0,0.0,0.0,0.0,1,0.208481,0.743201,0.202276,0.560278,part2a21_soft_caution_overlay,artifacts_part2_g532/predictions/g532_final_consensus_tape.csv
2023-10-25,0,0.2276845707245084,0.6593817646479339,2.353872,1.785528,0.75,0.556039,0.516011,0.632466,0.65,0.6,0.839889,0.327557,0.168098,0.597945,0,high_risk_veto,FLAT,0.0,0.0,0.0,0.0,1,0.258868,0.825671,0.19947,0.555004,part2a21_soft_caution_overlay,artifacts_part2_g532/predictions/g532_final_consensus_tape.csv
2023-10-26,0,0.2204216410575451,0.5976438820919082,2.160829,1.982875,0.75,0.550886,0.514539,0.734687,0.75,0.6,0.854612,0.384576,0.187084,0.571973,1,ok,FLAT,0.0,0.0,0.0,0.0,1,0.192066,0.741176,0.204564,0.564581,part2a21_soft_caution_overlay,artifacts_part2_g532/predictions/g532_final_consensus_tape.csv
2023-10-27,0,0.2240707216500483,0.6310082938040874,1.473307,1.996003,0.5,0.553811,0.515374,0.741034,0.75,0.6,0.846256,0.380815,0.182895,0.577507,0,low_agreement,FLAT,0.0,0.0,0.0,0.0,1,0.197836,0.731906,0.229418,0.584016,part2a21_soft_caution_overlay,artifacts_part2_g532/predictions/g532_final_consensus_tape.csv
2023-10-30,0,0.2216385007269252,0.5945638048371432,1.260511,1.631549,0.5,0.552589,0.515025,0.554048,0.75,0.6,0.849747,0.382386,0.179717,0.581779,0,low_agreement,FLAT,0.0,0.0,0.0,0.0,1,0.207006,0.738584,0.207478,0.570058,part2a21_soft_caution_overlay,artifacts_part2_g532/predictions/g532_final_consensus_tape.csv
2023-10-31,0,0.2170344762356175,0.5626460864010959,1.519798,1.417872,0.5,0.549195,0.514056,0.445291,0.75,0.6,0.859442,0.386749,0.1762,0.586578,0,low_agreement,FLAT,0.0,0.0,0.0,0.0,0,0.194921,0.75366,0.190277,0.537721,part2a21_soft_caution_overlay,artifacts_part2_g532/predictions/g532_final_consensus_tape.csv
2023-11-01,0,0.2112321118027361,0.6138567889595249,1.129691,1.303333,0.5,0.545979,0.513137,0.387588,0.75,0.6,0.868631,0.390884,0.174722,0.588621,0,low_agreement,FLAT,0.0,0.0,0.0,0.0,0,0.181216,0.815688,0.175425,0.509798,part2a21_soft_caution_overlay,artifacts_part2_g532/predictions/g532_final_consensus_tape.csv
2023-11-02,0,0.2072161941228985,0.5922488032814058,1.189461,1.27965,0.5,0.543183,0.512338,0.37636,0.75,0.6,0.87662,0.394479,0.191662,0.566044,0,low_agreement,FLAT,0.0,0.0,0.0,0.0,0,0.1739,0.828678,0.159549,0.479953,part2a21_soft_caution_overlay,artifacts_part2_g532/predictions/g532_final_consensus_tape.csv
2023-11-03,0,0.2042564351030795,0.5886813457117855,1.546335,1.288496,0.5,0.54648,0.51328,0.379835,0.75,0.6,0.8672,0.39024,0.167063,0.599429,0,low_agreement,FLAT,0.0,0.0,0.0,0.0,0,0.195824,0.900426,0.1697,0.499035,part2a21_soft_caution_overlay,artifacts_part2_g532/predictions/g532_final_consensus_tape.csv
2023-11-06,0,0.2107738753238303,0.6170674200233379,1.732825,1.489541,0.5,0.541456,0.511845,0.484076,0.75,0.6,0.881554,0.396699,0.165706,0.601386,0,low_agreement,FLAT,0.0,0.0,0.0,0.0,0,0.163017,0.833232,0.153844,0.469227,part2a21_soft_caution_overlay,artifacts_part2_g532/predictions/g532_final_consensus_tape.csv
2023-11-07,0,0.2097226560351328,0.6036005498646667,1.531893,1.603685,0.5,0.542006,0.512002,0.542228,0.75,0.6,0.879984,0.395993,0.165837,0.601197,0,low_agreement,FLAT,0.0,0.0,0.0,0.0,0,0.168075,0.832606,0.154633,0.47071,part2a21_soft_caution_overlay,artifacts_part2_g532/predictions/g532_final_consensus_tape.csv
2023-11-08,0,0.2053332402043897,0.5855754968186179,1.708622,1.65778,0.5,0.550814,0.514518,0.567912,0.75,0.6,0.854817,0.384668,0.163804,0.604151,0,low_agreement,FLAT,0.0,0.0,0.0,0.0,0,0.205424,0.878651,0.195431,0.547411,part2a21_soft_caution_overlay,artifacts_part2_g532/predictions/g532_final_consensus_tape.csv
2023-11-09,0,0.1968515212842437,0.5482094614115606,1.975498,1.738671,0.75,0.550748,0.5145,0.609425,0.75,0.6,0.855005,0.384752,0.113396,0.687955,1,ok,FLAT,0.0,0.0,0.0,0.0,0,0.200567,0.876343,0.198076,0.552383,part2a21_soft_caution_overlay,artifacts_part2_g532/predictions/g532_final_consensus_tape.csv
2023-11-10,0,0.2061726716313389,0.600845555312253,1.205141,1.629754,0.5,0.556116,0.516033,0.552316,0.75,0.6,0.839668,0.377851,0.111671,0.691236,0,low_agreement,FLAT,0.0,0.0,0.0,0.0,0,0.230414,0.862522,0.222843,0.581597,part2a21_soft_caution_overlay,artifacts_part2_g532/predictions/g532_final_consensus_tape.csv
2023-11-13,0,0.1941012087506358,0.5337259919634357,1.891581,1.69074,0.75,0.547181,0.51348,0.585594,0.75,0.6,0.865196,0.389338,0.10065,0.712962,1,ok,VOO,0.024383,0.024383,0.024383,0.0,0,0.179809,0.88747,0.185184,0.528146,part2a21_soft_caution_overlay,artifacts_part2_g532/predictions/g532_final_consensus_tape.csv
2023-11-14,0,0.2039949994410088,0.5878456010611766,1.275925,1.457549,0.5,0.544514,0.512718,0.46691,0.75,0.6,0.872819,0.392768,0.097967,0.718459,0,low_agreement,VOO,0.024383,0.024383,0.024383,0.0,0,0.184315,0.906189,0.162636,0.485755,part2a21_soft_caution_overlay,artifacts_part2_g532/predictions/g532_final_consensus_tape.csv
2023-11-15,0,0.1909489780619833,0.5321490462913329,1.93973,1.702412,0.5,0.542261,0.512075,0.592597,0.75,0.6,0.879255,0.395665,0.099897,0.714496,0,low_agreement,VOO,0.024383,0.024383,0.024383,0.0,0,0.167033,0.910574,0.157183,0.475504,part2a21_soft_caution_overlay,artifacts_part2_g532/predictions/g532_final_consensus_tape.csv
2023-11-16,0,0.1931959436414025,0.5361361871033504,1.791765,1.66914,0.5,0.549936,0.514267,0.573932,0.75,0.6,0.857326,0.385797,0.102008,0.710211,0,low_agreement,VOO,0.024383,0.024383,0.024383,0.0,0,0.196646,0.879356,0.19462,0.545885,part2a21_soft_caution_overlay,artifacts_part2_g532/predictions/g532_final_consensus_tape.csv
2023-11-17,0,0.1904039804154071,0.5147407791959147,1.849483,1.860326,0.75,0.543629,0.512465,0.67303,0.75,0.6,0.875346,0.393906,0.102307,0.709609,1,ok,VOO,0.024383,0.024383,0.024383,0.0,0,0.174331,0.906255,0.162554,0.485602,part2a21_soft_caution_overlay,artifacts_part2_g532/predictions/g532_final_consensus_tape.csv
2023-11-20,0,0.1972871003919229,0.5531096812032933,1.520983,1.720743,0.5,0.547208,0.513488,0.600953,0.75,0.6,0.86512,0.389304,0.100365,0.713542,0,low_agreement,FLAT,0.0,0.0,0.0,0.0,0,0.179618,0.887197,0.185505,0.528749,part2a21_soft_caution_overlay,artifacts_part2_g532/predictions/g532_final_consensus_tape.csv
2023-11-21,0,0.1905679390936935,0.5212286372870316,2.001273,1.79058,0.75,0.5446,0.512743,0.637199,0.75,0.6,0.872573,0.392658,0.102044,0.710138,1,ok,FLAT,0.0,0.0,0.0,0.0,0,0.175278,0.900925,0.169092,0.497893,part2a21_soft_caution_overlay,artifacts_part2_g532/predictions/g532_final_consensus_tape.csv
2023-11-22,0,0.1904345654447919,0.5195935305228647,1.743111,1.755122,0.5,0.539318,0.511234,0.620093,0.75,0.6,0.887664,0.399449,0.097443,0.719542,0,low_agreement,FLAT,0.0,0.0,0.0,0.0,0,0.1572,0.922485,0.141845,0.446669,part2a21_soft_caution_overlay,artifacts_part2_g532/predictions/g532_final_consensus_tape.csv
2023-11-23,0,0.1916127837020612,0.5314933540714792,1.860232,1.868205,0.75,0.539292,0.511226,0.677772,0.75,0.6,0.887738,0.399482,0.098724,0.7169,1,ok,FLAT,0.0,0.0,0.0,0.0,0,0.156673,0.922436,0.141995,0.44695,part2a21_soft_caution_overlay,artifacts_part2_g532/predictions/g532_final_consensus_tape.csv
2023-11-24,0,0.1920598340990811,0.5261958682919857,1.949171,1.850838,0.75,0.538405,0.510973,0.669064,0.65,0.6,0.890271,0.347206,0.078088,0.76199,0,high_risk_veto,FLAT,0.0,0.0,0.0,0.0,0,0.163369,0.926012,0.131152,0.426565,part2a21_soft_caution_overlay,artifacts_part2_g532/predictions/g532_final_consensus_tape.csv
2023-11-27,0,0.1894039345718102,0.5190213016358579,1.869749,1.893051,0.75,0.53874,0.511069,0.690531,0.65,0.6,0.889314,0.346832,0.096609,0.721273,0,high_risk_veto,FLAT,0.0,0.0,0.0,0.0,0,0.164311,0.925399,0.133012,0.430063,part2a21_soft_caution_overlay,artifacts_part2_g532/predictions/g532_final_consensus_tape.csv
2023-11-28,0,0.1905785428431669,0.5173423521334012,1.758048,1.858989,0.5,0.537089,0.510597,0.673439,0.65,0.6,0.89403,0.348672,0.097672,0.719069,0,high_risk_veto,FLAT,0.0,0.0,0.0,0.0,0,0.161697,0.928853,0.122539,0.410374,part2a21_soft_caution_overlay,artifacts_part2_g532/predictions/g532_final_consensus_tape.csv
2023-11-29,0,0.189642652423013,0.4738631804848891,1.914437,1.847411,0.75,0.538403,0.510972,0.667318,0.65,0.6,0.890278,0.347209,0.08609,0.743848,0,high_risk_veto,FLAT,0.0,0.0,0.0,0.0,0,0.174291,0.917351,0.124095,0.413299,part2a21_soft_caution_overlay,artifacts_part2_g532/predictions/g532_final_consensus_tape.csv
2023-11-30,0,0.1903030678560563,0.4941964598405167,1.951976,1.87482,0.75,0.539916,0.511404,0.681044,0.65,0.6,0.885955,0.345523,0.094104,0.726524,0,high_risk_veto,FLAT,0.0,0.0,0.0,0.0,0,0.185311,0.916018,0.128137,0.420897,part2a21_soft_caution_overlay,artifacts_part2_g532/predictions/g532_final_consensus_tape.csv
2023-12-01,0,0.1895450392294269,0.4603011738736774,1.848077,1.90483,0.5,0.539062,0.511161,0.696487,0.65,0.6,0.888393,0.346473,0.096031,0.72248,0,high_risk_veto,FLAT,0.0,0.0,0.0,0.0,0,0.168743,0.914569,0.132529,0.429154,part2a21_soft_caution_overlay,artifacts_part2_g532/predictions/g532_final_consensus_tape.csv
2023-12-04,0,0.1911075289801993,0.5122952976268814,2.223891,2.007981,0.75,0.54125,0.511786,0.74881,0.65,0.6,0.882144,0.344036,0.089637,0.73608,0,high_risk_veto,FLAT,0.0,0.0,0.0,0.0,0,0.185831,0.912888,0.137625,0.438735,part2a21_soft_caution_overlay,artifacts_part2_g532/predictions/g532_final_consensus_tape.csv
2023-12-05,0,0.1912730936110369,0.526073155952525,1.741555,1.937841,0.5,0.5392,0.5112,0.713301,0.65,0.6,0.888,0.34632,0.094501,0.725686,0,high_risk_veto,FLAT,0.0,0.0,0.0,0.0,0,0.164603,0.913355,0.136209,0.436073,part2a21_soft_caution_overlay,artifacts_part2_g532/predictions/g532_final_consensus_tape.csv
2023-12-06,0,0.1903040814144618,0.4918558395640362,1.961582,1.975676,0.75,0.542155,0.512044,0.732193,0.65,0.6,0.879556,0.343027,0.094757,0.725148,0,high_risk_veto,FLAT,0.0,0.0,0.0,0.0,0,0.174481,0.904012,0.151608,0.465023,part2a21_soft_caution_overlay,artifacts_part2_g532/predictions/g532_final_consensus_tape.csv
2023-12-07,0,0.1897699496381671,0.4760717603176091,1.483729,1.728955,0.5,0.538587,0.511025,0.606893,0.65,0.6,0.889751,0.347003,0.111359,0.691834,0,high_risk_veto,FLAT,0.0,0.0,0.0,0.0,0,0.174923,0.917037,0.125046,0.415086,part2a21_soft_caution_overlay,artifacts_part2_g532/predictions/g532_final_consensus_tape.csv
2023-12-08,0,0.1907309379998744,0.5012856201477816,1.804293,1.749868,0.5,0.539303,0.511229,0.617416,0.65,0.6,0.887707,0.346206,0.122627,0.670912,0,high_risk_veto,FLAT,0.0,0.0,0.0,0.0,0,0.187829,0.918042,0.122,0.409359,part2a21_soft_caution_overlay,artifacts_part2_g532/predictions/g532_final_consensus_tape.csv
2023-12-11,0,0.1897787572590064,0.4613790558234529,1.810782,1.699601,0.5,0.539232,0.511209,0.591793,0.65,0.6,0.88791,0.346285,0.115136,0.684677,0,high_risk_veto,FLAT,0.0,0.0,0.0,0.0,0,0.180432,0.916642,0.126244,0.417338,part2a21_soft_caution_overlay,artifacts_part2_g532/predictions/g532_final_consensus_tape.csv
2023-12-12,0,0.1902062698136907,0.4740860517332144,1.83834,1.817805,0.5,0.535647,0.510185,0.652713,0.65,0.6,0.89815,0.350279,0.113723,0.687336,0,high_risk_veto,FLAT,0.0,0.0,0.0,0.0,0,0.160095,0.921025,0.112954,0.392353,part2a21_soft_caution_overlay,artifacts_part2_g532/predictions/g532_final_consensus_tape.csv
2023-12-13,0,0.1896021801110384,0.4401664959467215,1.778045,1.809056,0.5,0.537914,0.510832,0.647852,0.65,0.6,0.891675,0.347753,0.108176,0.697981,0,high_risk_veto,FLAT,0.0,0.0,0.0,0.0,0,0.172275,0.91811,0.121794,0.408973,part2a21_soft_caution_overlay,artifacts_part2_g532/predictions/g532_final_consensus_tape.csv
2023-12-14,0,0.1897546208229124,0.4485405207457404,2.207624,1.941336,0.75,0.537808,0.510802,0.715286,0.65,0.6,0.891976,0.347871,0.104387,0.705443,0,high_risk_veto,FLAT,0.0,0.0,0.0,0.0,0,0.164631,0.916741,0.125944,0.416774,part2a21_soft_caution_overlay,artifacts_part2_g532/predictions/g532_final_consensus_tape.csv
2023-12-15,0,0.1896082887541754,0.445773463150582,2.053338,2.013002,0.5,0.537521,0.51072,0.751846,0.65,0.6,0.892798,0.348191,0.102649,0.70892,0,high_risk_veto,FLAT,0.0,0.0,0.0,0.0,0,0.163706,0.917243,0.124421,0.413911,part2a21_soft_caution_overlay,artifacts_part2_g532/predictions/g532_final_consensus_tape.csv
2023-12-18,0,0.1904895159008512,0.4867567835916596,1.985709,2.082224,0.5,0.53637,0.510391,0.787243,0.65,0.6,0.896087,0.349474,0.109011,0.696357,0,high_risk_veto,FLAT,0.0,0.0,0.0,0.0,0,0.173045,0.922023,0.109928,0.386665,part2a21_soft_caution_overlay,artifacts_part2_g532/predictions/g532_final_consensus_tape.csv
2023-12-19,0,0.1898279605601625,0.4616207773009674,2.047559,2.028869,0.5,0.536027,0.510294,0.760113,0.65,0.6,0.897065,0.349855,0.098767,0.71681,0,high_risk_veto,FLAT,0.0,0.0,0.0,0.0,0,0.170656,0.922347,0.108947,0.38482,part2a21_soft_caution_overlay,artifacts_part2_g532/predictions/g532_final_consensus_tape.csv
2023-12-20,0,0.190058013564253,0.4808354170420745,2.541279,2.191516,0.75,0.546802,0.513372,0.842062,0.65,0.6,0.86628,0.337849,0.139558,0.641753,0,high_risk_veto,FLAT,0.0,0.0,0.0,0.0,0,0.209091,0.89448,0.163525,0.487427,part2a21_soft_caution_overlay,artifacts_part2_g532/predictions/g532_final_consensus_tape.csv
2023-12-21,0,0.1912906121645794,0.518878188550625,1.888145,2.158995,0.5,0.54877,0.513934,0.825236,0.65,0.6,0.860658,0.335657,0.143073,0.636014,0,high_risk_veto,FLAT,0.0,0.0,0.0,0.0,0,0.237946,0.897792,0.159421,0.479711,part2a21_soft_caution_overlay,artifacts_part2_g532/predictions/g532_final_consensus_tape.csv
2023-12-22,0,0.1895643746966449,0.4450890559046114,2.182132,2.203852,0.5,0.543802,0.512515,0.848611,0.65,0.6,0.874851,0.341192,0.13408,0.650906,0,high_risk_veto,FLAT,0.0,0.0,0.0,0.0,0,0.203926,0.909369,0.144762,0.452152,part2a21_soft_caution_overlay,artifacts_part2_g532/predictions/g532_final_consensus_tape.csv
2023-12-25,0,0.1892599426378776,0.4439037568749908,2.222761,2.097679,0.75,0.543493,0.512427,0.794368,0.65,0.6,0.875733,0.341536,0.132954,0.65282,0,high_risk_veto,FLAT,0.0,0.0,0.0,0.0,0,0.204143,0.911236,0.142349,0.447616,part2a21_soft_caution_overlay,artifacts_part2_g532/predictions/g532_final_consensus_tape.csv
2023-12-26,0,0.1891136280018106,0.4325384338223439,2.10653,2.170474,0.5,0.543611,0.51246,0.831564,0.65,0.6,0.875397,0.341405,0.133374,0.652105,0,high_risk_veto,FLAT,0.0,0.0,0.0,0.0,0,0.205314,0.91115,0.14246,0.447825,part2a21_soft_caution_overlay,artifacts_part2_g532/predictions/g532_final_consensus_tape.csv
2023-12-27,0,0.1957907190626314,0.6563324974311017,2.174043,2.167778,0.5,0.535453,0.510129,0.830891,0.65,0.6,0.898707,0.350496,0.136961,0.64606,0,high_risk_veto,FLAT,0.0,0.0,0.0,0.0,0,0.151369,0.91415,0.117142,0.400226,part2a21_soft_caution_overlay,artifacts_part2_g532/predictions/g532_final_consensus_tape.csv
2023-12-28,0,0.2028824470828405,0.6776709033976328,2.263913,2.181495,0.75,0.535964,0.510275,0.837832,0.65,0.6,0.897246,0.349926,0.135012,0.64933,0,high_risk_veto,FLAT,0.0,0.0,0.0,0.0,0,0.158054,0.914328,0.1166,0.399207,part2a21_soft_caution_overlay,artifacts_part2_g532/predictions/g532_final_consensus_tape.csv
2023-12-29,0,0.1956528620053295,0.6375744961281548,2.320927,2.252961,0.75,0.536923,0.510549,0.874157,0.65,0.6,0.894505,0.348857,0.134881,0.649552,0,high_risk_veto,FLAT,0.0,0.0,0.0,0.0,0,0.159296,0.912263,0.122862,0.410981,part2a21_soft_caution_overlay,artifacts_part2_g532/predictions/g532_final_consensus_tape.csv
2024-01-01,0,0.1967434073664343,0.6453046581193403,2.18918,2.258007,0.75,0.536151,0.510329,0.876776,0.65,0.6,0.89671,0.349717,0.129137,0.659393,0,high_risk_veto,FLAT,0.0,0.0,0.0,0.0,0,0.154652,0.91315,0.120172,0.405923,part2a21_soft_caution_overlay,artifacts_part2_g532/predictions/g532_final_consensus_tape.csv
2024-01-02,0,0.2087814799827359,0.6887738873855999,2.613415,2.374507,0.75,0.547967,0.513705,0.935712,0.65,0.6,0.862952,0.336551,0.127585,0.662103,0,high_risk_veto,FLAT,0.0,0.0,0.0,0.0,0,0.205847,0.800231,0.17419,0.507477,part2a21_soft_caution_overlay,artifacts_part2_g532/predictions/g532_final_consensus_tape.csv
2024-01-03,0,0.2085326165415616,0.6978655632604026,2.207268,2.336621,0.75,0.546829,0.51338,0.916352,0.65,0.6,0.866203,0.337819,0.092186,0.730596,0,high_risk_veto,FLAT,0.0,0.0,0.0,0.0,0,0.20054,0.804327,0.169232,0.498157,part2a21_soft_caution_overlay,artifacts_part2_g532/predictions/g532_final_consensus_tape.csv
2024-01-04,0,0.2131956229313755,0.6713141611701215,2.053334,2.291339,0.75,0.549379,0.514108,0.893028,0.65,0.6,0.858917,0.334978,0.071755,0.77699,0,high_risk_veto,FLAT,0.0,0.0,0.0,0.0,0,0.215464,0.796722,0.178394,0.515382,part2a21_soft_caution_overlay,artifacts_part2_g532/predictions/g532_final_consensus_tape.csv
2024-01-05,0,0.2088749350408865,0.627588397710091,1.938667,2.066423,0.5,0.546448,0.513271,0.778057,0.65,0.6,0.867291,0.338243,0.074667,0.770019,0,high_risk_veto,FLAT,0.0,0.0,0.0,0.0,0,0.207094,0.810053,0.162206,0.484947,part2a21_soft_caution_overlay,artifacts_part2_g532/predictions/g532_final_consensus_tape.csv
2024-01-08,0,0.2004415115984066,0.6132628062593263,1.442606,1.811536,0.5,0.543881,0.512537,0.648046,0.65,0.6,0.874625,0.341104,0.093499,0.727803,0,high_risk_veto,FLAT,0.0,0.0,0.0,0.0,0,0.192772,0.897789,0.15253,0.466757,part2a21_soft_caution_overlay,artifacts_part2_g532/predictions/g532_final_consensus_tape.csv
2024-01-09,0,0.2063341138148259,0.6579825468756183,2.049094,1.810122,0.5,0.541686,0.51191,0.647719,0.65,0.6,0.880897,0.34355,0.093039,0.72878,0,high_risk_veto,FLAT,0.0,0.0,0.0,0.0,0,0.179199,0.903603,0.145111,0.452808,part2a21_soft_caution_overlay,artifacts_part2_g532/predictions/g532_final_consensus_tape.csv
2024-01-10,0,0.2132657702836321,0.7096990510893336,1.887068,1.792923,0.5,0.544034,0.512581,0.638502,0.65,0.6,0.874188,0.340933,0.093884,0.726989,0,high_risk_veto,FLAT,0.0,0.0,0.0,0.0,0,0.181416,0.811047,0.160975,0.482633,part2a21_soft_caution_overlay,artifacts_part2_g532/predictions/g532_final_consensus_tape.csv
2024-01-11,0,0.2091712686683284,0.7174930189645242,1.997041,1.977734,0.5,0.55294,0.515126,0.731767,0.65,0.6,0.848742,0.331009,0.099399,0.715515,0,high_risk_veto,FLAT,0.0,0.0,0.0,0.0,1,0.218881,0.776044,0.202417,0.560544,part2a21_soft_caution_overlay,artifacts_part2_g532/predictions/g532_final_consensus_tape.csv
2024-01-12,0,0.2144731127910855,0.722207736712968,1.992595,1.958901,0.75,0.553965,0.515419,0.721948,0.65,0.6,0.845814,0.329867,0.100415,0.71344,0,high_risk_veto,FLAT,0.0,0.0,0.0,0.0,1,0.232657,0.777217,0.201087,0.558043,part2a21_soft_caution_overlay,artifacts_part2_g532/predictions/g532_final_consensus_tape.csv
2024-01-15,0,0.214009159883984,0.7192102061787127,2.004874,1.99817,0.75,0.536557,0.510445,0.744413,0.65,0.6,0.895551,0.349265,0.100415,0.71344,0,high_risk_veto,FLAT,0.0,0.0,0.0,0.0,0,0.143038,0.829696,0.130644,0.425611,part2a21_soft_caution_overlay,artifacts_part2_g532/predictions/g532_final_consensus_tape.csv
2024-01-16,0,0.2181804151404215,0.7112334860356602,2.036209,2.011226,0.75,0.549289,0.514083,0.749438,0.65,0.6,0.859174,0.335078,0.100877,0.712499,0,high_risk_veto,FLAT,0.0,0.0,0.0,0.0,0,0.210803,0.794755,0.180734,0.519781,part2a21_soft_caution_overlay,artifacts_part2_g532/predictions/g532_final_consensus_tape.csv
2024-01-17,0,0.214209324599045,0.6970971628726126,2.161092,2.067392,0.75,0.551193,0.514627,0.778014,0.65,0.6,0.853734,0.332956,0.083452,0.749732,0,high_risk_veto,FLAT,0.0,0.0,0.0,0.0,1,0.224106,0.790134,0.186184,0.530026,part2a21_soft_caution_overlay,artifacts_part2_g532/predictions/g532_final_consensus_tape.csv
2024-01-18,0,0.2025378503144317,0.5916941063318388,1.652405,1.949902,0.5,0.552533,0.515009,0.717531,0.65,0.6,0.849907,0.331464,0.095328,0.723949,0,high_risk_veto,FLAT,0.0,0.0,0.0,0.0,0,0.25196,0.876968,0.178101,0.514829,part2a21_soft_caution_overlay,artifacts_part2_g532/predictions/g532_final_consensus_tape.csv
2024-01-19,0,0.2067627853041963,0.6321338636528261,1.558682,1.790726,0.5,0.548445,0.513841,0.63656,0.65,0.6,0.861585,0.336018,0.106014,0.70222,0,high_risk_veto,FLAT,0.0,0.0,0.0,0.0,0,0.194528,0.791137,0.185007,0.527812,part2a21_soft_caution_overlay,artifacts_part2_g532/predictions/g532_final_consensus_tape.csv
2024-01-22,0,0.207989380833741,0.6671809144617867,2.108035,1.773041,0.5,0.542008,0.512002,0.628722,0.65,0.6,0.879978,0.343191,0.099158,0.716009,0,high_risk_veto,FLAT,0.0,0.0,0.0,0.0,0,0.190078,0.826455,0.140471,0.444086,part2a21_soft_caution_overlay,artifacts_part2_g532/predictions/g532_final_consensus_tape.csv
2024-01-23,0,0.2037347747982943,0.6133951600042944,2.029605,1.898774,0.5,0.537241,0.51064,0.693683,0.65,0.6,0.893597,0.348503,0.097158,0.720133,0,high_risk_veto,FLAT,0.0,0.0,0.0,0.0,0,0.163555,0.912396,0.122459,0.410223,part2a21_soft_caution_overlay,artifacts_part2_g532/predictions/g532_final_consensus_tape.csv
2024-01-24,0,0.1924785349985592,0.3358703053458685,2.010469,2.04937,0.5,0.550914,0.514547,0.768799,0.65,0.6,0.854531,0.333267,0.093096,0.728658,0,high_risk_veto,FLAT,0.0,0.0,0.0,0.0,0,0.227196,0.879064,0.182139,0.522421,part2a21_soft_caution_overlay,artifacts_part2_g532/predictions/g532_final_consensus_tape.csv
2024-01-25,0,0.1927755474800999,0.4235107165648443,2.156198,2.065424,0.5,0.547431,0.513552,0.777434,0.65,0.6,0.864483,0.337149,0.08163,0.753851,0,high_risk_veto,FLAT,0.0,0.0,0.0,0.0,0,0.220275,0.896563,0.160948,0.482582,part2a21_soft_caution_overlay,artifacts_part2_g532/predictions/g532_final_consensus_tape.csv
2024-01-26,0,0.1925960720300783,0.3636735357189802,2.295974,2.154214,0.75,0.547613,0.513604,0.82289,0.65,0.6,0.863962,0.336945,0.076774,0.765056,0,high_risk_veto,FLAT,0.0,0.0,0.0,0.0,0,0.225212,0.89804,0.159112,0.47913,part2a21_soft_caution_overlay,artifacts_part2_g532/predictions/g532_final_consensus_tape.csv
2024-01-29,0,0.1927497035902498,0.4063706813364467,1.807777,2.08665,0.5,0.546719,0.513348,0.788382,0.65,0.6,0.866518,0.337942,0.075347,0.768411,0,high_risk_veto,FLAT,0.0,0.0,0.0,0.0,0,0.219164,0.900194,0.15642,0.47407,part2a21_soft_caution_overlay,artifacts_part2_g532/predictions/g532_final_consensus_tape.csv
2024-01-30,0,0.1924921016329626,0.3158507854313676,2.189691,2.097814,0.75,0.547601,0.5136,0.794004,0.65,0.6,0.863999,0.336959,0.080466,0.756508,0,high_risk_veto,FLAT,0.0,0.0,0.0,0.0,0,0.221961,0.896432,0.161111,0.482889,part2a21_soft_caution_overlay,artifacts_part2_g532/predictions/g532_final_consensus_tape.csv
2024-01-31,0,0.192759234057232,0.4101033758630093,2.442946,2.146805,0.75,0.552706,0.515059,0.818623,0.75,0.6,0.849413,0.382236,0.161078,0.608158,1,ok,FLAT,0.0,0.0,0.0,0.0,0,0.245826,0.878058,0.183327,0.524655,part2a21_soft_caution_overlay,artifacts_part2_g532/predictions/g532_final_consensus_tape.csv
2024-02-01,0,0.1926014751033,0.3522078734852139,1.448017,2.026885,0.5,0.549772,0.514221,0.757405,0.75,0.6,0.857793,0.386007,0.154918,0.617409,0,low_agreement,FLAT,0.0,0.0,0.0,0.0,0,0.229694,0.88744,0.172121,0.503588,part2a21_soft_caution_overlay,artifacts_part2_g532/predictions/g532_final_consensus_tape.csv
2024-02-02,0,0.1923593025498632,0.2860392139794088,1.363796,1.751587,0.5,0.551669,0.514763,0.615869,0.75,0.6,0.852374,0.383568,0.185827,0.573622,0,low_agreement,FLAT,0.0,0.0,0.0,0.0,0,0.241653,0.882226,0.178384,0.515361,part2a21_soft_caution_overlay,artifacts_part2_g532/predictions/g532_final_consensus_tape.csv
2024-02-05,0,0.1926694254255076,0.3781222496900779,1.932295,1.581369,0.75,0.55241,0.514974,0.528324,0.75,0.6,0.850258,0.382616,0.18663,0.572568,1,ok,VOO,0.017361,0.017361,0.017361,0.0,0,0.240184,0.876823,0.184782,0.527391,part2a21_soft_caution_overlay,artifacts_part2_g532/predictions/g532_final_consensus_tape.csv
2024-02-06,0,0.192544837506517,0.3400000257518443,1.894057,1.730049,0.75,0.54562,0.513034,0.606038,0.75,0.6,0.869657,0.391346,0.186911,0.572199,1,ok,VOO,0.017361,0.017361,0.017361,0.0,0,0.198758,0.896136,0.161478,0.483579,part2a21_soft_caution_overlay,artifacts_part2_g532/predictions/g532_final_consensus_tape.csv
2024-02-07,0,0.1924070940330731,0.3164337200835271,1.542675,1.789675,0.5,0.544475,0.512707,0.63676,0.75,0.6,0.87293,0.392818,0.191605,0.566117,0,low_agreement,VOO,0.017361,0.017361,0.017361,0.0,0,0.178358,0.892314,0.166188,0.492433,part2a21_soft_caution_overlay,artifacts_part2_g532/predictions/g532_final_consensus_tape.csv
2024-02-08,0,0.1924473462358334,0.3347813381225735,1.868847,1.768526,0.5,0.542748,0.512214,0.626275,0.75,0.6,0.877863,0.395038,0.191757,0.565923,0,low_agreement,VOO,0.017361,0.017361,0.017361,0.0,0,0.176615,0.901647,0.154595,0.470639,part2a21_soft_caution_overlay,artifacts_part2_g532/predictions/g532_final_consensus_tape.csv
2024-02-09,0,0.19271946742434,0.4223390697553528,1.684805,1.698776,0.5,0.546079,0.513165,0.58994,0.75,0.6,0.868345,0.390755,0.193259,0.564005,0,low_agreement,VOO,0.017361,0.017361,0.017361,0.0,0,0.189798,0.88867,0.170632,0.500788,part2a21_soft_caution_overlay,artifacts_part2_g532/predictions/g532_final_consensus_tape.csv
2024-02-12,0,0.1925151440325361,0.327682840248129,2.090912,1.881521,0.75,0.550141,0.514326,0.682808,0.75,0.6,0.85674,0.385533,0.194388,0.562571,1,ok,VOO,0.022214,0.022214,0.022214,0.0,0,0.229169,0.884907,0.175174,0.509327,part2a21_soft_caution_overlay,artifacts_part2_g532/predictions/g532_final_consensus_tape.csv
2024-02-13,0,0.1923726955273853,0.3165159403286932,2.417892,2.064536,0.75,0.557269,0.516362,0.77585,0.65,0.6,0.836375,0.326186,0.195198,0.561548,0,high_risk_veto,VOO,0.022214,0.022214,0.022214,0.0,0,0.25654,0.854766,0.210025,0.574847,part2a21_soft_caution_overlay,artifacts_part2_g532/predictions/g532_final_consensus_tape.csv
2024-02-14,0,0.1924883775942476,0.3227367385197848,1.643253,2.050686,0.5,0.555566,0.515876,0.768923,0.65,0.6,0.841239,0.328083,0.121655,0.672667,0,high_risk_veto,VOO,0.022214,0.022214,0.022214,0.0,1,0.26014,0.86789,0.195169,0.546918,part2a21_soft_caution_overlay,artifacts_part2_g532/predictions/g532_final_consensus_tape.csv
2024-02-15,0,0.1926298513770163,0.3656682768349924,1.885676,1.982274,0.5,0.550078,0.514308,0.734489,0.65,0.6,0.85692,0.334199,0.121709,0.672569,0,high_risk_veto,VOO,0.022214,0.022214,0.022214,0.0,0,0.225953,0.883566,0.176782,0.512351,part2a21_soft_caution_overlay,artifacts_part2_g532/predictions/g532_final_consensus_tape.csv
2024-02-16,0,0.1924831481331781,0.3184624901602308,2.21059,1.913173,0.75,0.557495,0.516427,0.697902,0.65,0.6,0.83573,0.325935,0.07226,0.77577,0,high_risk_veto,VOO,0.022214,0.022214,0.022214,0.0,1,0.264027,0.857593,0.206864,0.568904,part2a21_soft_caution_overlay,artifacts_part2_g532/predictions/g532_final_consensus_tape.csv
2024-02-19,0,0.1926667596515171,0.3793447261497821,1.935169,2.010479,0.75,0.550293,0.514369,0.748926,0.65,0.6,0.856306,0.333959,0.071301,0.778088,0,high_risk_veto,FLAT,0.0,0.0,0.0,0.0,0,0.217605,0.877704,0.183745,0.52544,part2a21_soft_caution_overlay,artifacts_part2_g532/predictions/g532_final_consensus_tape.csv
2024-02-20,0,0.1923591841858585,0.2974529890278705,2.165864,2.103874,0.75,0.556045,0.516013,0.796227,0.65,0.6,0.839873,0.32755,0.083537,0.749542,0,high_risk_veto,FLAT,0.0,0.0,0.0,0.0,0,0.245295,0.856349,0.208257,0.571523,part2a21_soft_caution_overlay,artifacts_part2_g532/predictions/g532_final_consensus_tape.csv
2024-02-21,0,0.1833023590592743,0.3468397994567742,2.006024,2.035686,0.75,0.546395,0.513256,0.76233,0.65,0.6,0.867443,0.338303,0.07209,0.776182,0,high_risk_veto,FLAT,0.0,0.0,0.0,0.0,1,0.137752,0.66162,0.206492,0.568205,part2a21_soft_caution_overlay,artifacts_part2_g532/predictions/g532_final_consensus_tape.csv
2024-02-22,0,0.1824983831601759,0.332131250662814,1.062892,1.744927,0.5,0.544178,0.512622,0.613936,0.65,0.6,0.873778,0.340773,0.121471,0.673001,0,high_risk_veto,FLAT,0.0,0.0,0.0,0.0,0,0.137487,0.675767,0.190336,0.537832,part2a21_soft_caution_overlay,artifacts_part2_g532/predictions/g532_final_consensus_tape.csv
2024-02-23,0,0.1824613068270985,0.3310154038327451,1.941578,1.670165,0.75,0.542679,0.512194,0.576035,0.75,0.6,0.878061,0.395127,0.123359,0.669596,1,ok,FLAT,0.0,0.0,0.0,0.0,0,0.140936,0.687018,0.177075,0.512901,part2a21_soft_caution_overlay,artifacts_part2_g532/predictions/g532_final_consensus_tape.csv
2024-02-26,0,0.1821712861608126,0.3269457805106067,1.895148,1.633206,0.75,0.543058,0.512302,0.557067,0.75,0.6,0.876977,0.39464,0.12398,0.668485,1,ok,VOO,0.022044,0.022044,0.022044,0.0,0,0.136023,0.682003,0.183033,0.524103,part2a21_soft_caution_overlay,artifacts_part2_g532/predictions/g532_final_consensus_tape.csv
2024-02-27,0,0.1844338166424761,0.3553353650651072,1.87879,1.905172,0.5,0.542145,0.512042,0.696184,0.75,0.6,0.879585,0.395813,0.121333,0.673249,0,low_agreement,VOO,0.022044,0.022044,0.022044,0.0,0,0.13295,0.685998,0.178293,0.515191,part2a21_soft_caution_overlay,artifacts_part2_g532/predictions/g532_final_consensus_tape.csv
2024-02-28,0,0.1833517864563146,0.3398431038369063,2.033131,1.93569,0.75,0.542574,0.512164,0.711708,0.75,0.6,0.87836,0.395262,0.125323,0.666093,1,ok,VOO,0.022044,0.022044,0.022044,0.0,0,0.134982,0.684446,0.180141,0.518664,part2a21_soft_caution_overlay,artifacts_part2_g532/predictions/g532_final_consensus_tape.csv
2024-02-29,0,0.1849947245741382,0.3656228731399882,1.689385,1.867102,0.5,0.540455,0.511558,0.677018,0.75,0.6,0.884416,0.397987,0.124502,0.667554,0,low_agreement,VOO,0.022044,0.022044,0.022044,0.0,0,0.125632,0.692427,0.170558,0.500649,part2a21_soft_caution_overlay,artifacts_part2_g532/predictions/g532_final_consensus_tape.csv
2024-03-01,0,0.1875385576743683,0.4081746566035413,1.53511,1.752542,0.5,0.539374,0.51125,0.618766,0.75,0.6,0.887504,0.399377,0.125446,0.665875,0,low_agreement,VOO,0.022044,0.022044,0.022044,0.0,0,0.119872,0.695911,0.16631,0.492662,part2a21_soft_caution_overlay,artifacts_part2_g532/predictions/g532_final_consensus_tape.csv
2024-03-04,0,0.1831879557954642,0.331662792600018,2.117016,1.780503,0.75,0.542397,0.512113,0.63246,0.75,0.6,0.878866,0.39549,0.12516,0.666382,1,ok,VOO,0.025002,0.025002,0.025002,0.0,0,0.141658,0.689136,0.174534,0.508123,part2a21_soft_caution_overlay,artifacts_part2_g532/predictions/g532_final_consensus_tape.csv
2024-03-05,0,0.1893001161543356,0.4484403809184346,2.40851,2.020212,0.75,0.543718,0.512491,0.754745,0.75,0.6,0.875091,0.393791,0.149172,0.626297,1,ok,VOO,0.025002,0.025002,0.025002,0.0,0,0.136806,0.678294,0.187391,0.532295,part2a21_soft_caution_overlay,artifacts_part2_g532/predictions/g532_final_consensus_tape.csv
2024-03-06,0,0.1867212990172049,0.4013586264600244,1.693354,2.07296,0.5,0.545288,0.51294,0.781533,0.75,0.6,0.870605,0.391772,0.148488,0.627371,0,low_agreement,VOO,0.025002,0.025002,0.025002,0.0,0,0.135887,0.667763,0.199545,0.555144,part2a21_soft_caution_overlay,artifacts_part2_g532/predictions/g532_final_consensus_tape.csv
2024-03-07,0,0.1852289269649788,0.3681378841670669,1.47831,1.860058,0.5,0.545559,0.513017,0.67257,0.75,0.6,0.869831,0.391424,0.109722,0.694981,0,low_agreement,VOO,0.025002,0.025002,0.025002,0.0,0,0.138346,0.667404,0.199954,0.555914,part2a21_soft_caution_overlay,artifacts_part2_g532/predictions/g532_final_consensus_tape.csv
2024-03-08,0,0.1897617219188609,0.463303895890756,2.286823,1.819496,0.75,0.546152,0.513186,0.651711,0.75,0.6,0.868136,0.390661,0.113002,0.688702,1,ok,VOO,0.025002,0.025002,0.025002,0.0,0,0.136475,0.662477,0.205529,0.566395,part2a21_soft_caution_overlay,artifacts_part2_g532/predictions/g532_final_consensus_tape.csv
2024-03-11,0,0.1852811081804931,0.3754910824529667,1.952492,1.905875,0.75,0.550564,0.514447,0.695232,0.75,0.6,0.85553,0.384989,0.112838,0.689013,1,ok,VOO,0.027663,0.027663,0.027663,0.0,1,0.148012,0.651685,0.242863,0.588939,part2a21_soft_caution_overlay,artifacts_part2_g532/predictions/g532_final_consensus_tape.csv
2024-03-12,0,0.1895227361058471,0.4565768315641663,1.420075,1.886463,0.5,0.540548,0.511585,0.686884,0.75,0.6,0.884149,0.397867,0.135405,0.648668,0,low_agreement,VOO,0.027663,0.027663,0.027663,0.0,0,0.124744,0.691389,0.171816,0.503014,part2a21_soft_caution_overlay,artifacts_part2_g532/predictions/g532_final_consensus_tape.csv
2024-03-13,0,0.1873442572887095,0.4186264309069543,2.035224,1.802597,0.75,0.540053,0.511444,0.644173,0.75,0.6,0.885563,0.398503,0.131583,0.655165,1,ok,VOO,0.027663,0.027663,0.027663,0.0,0,0.126384,0.695252,0.167115,0.494177,part2a21_soft_caution_overlay,artifacts_part2_g532/predictions/g532_final_consensus_tape.csv
2024-03-14,0,0.1831694810300056,0.3432119859565176,1.814589,1.756629,0.75,0.540951,0.5117,0.620545,0.65,0.6,0.882997,0.344369,0.133178,0.652438,0,high_risk_veto,VOO,0.027663,0.027663,0.027663,0.0,0,0.130957,0.692241,0.170784,0.501073,part2a21_soft_caution_overlay,artifacts_part2_g532/predictions/g532_final_consensus_tape.csv
2024-03-15,0,0.181876966593748,0.319408736724608,2.096022,1.981945,0.75,0.541284,0.511795,0.735513,0.65,0.6,0.882047,0.343998,0.13551,0.648491,0,high_risk_veto,VOO,0.027663,0.027663,0.027663,0.0,0,0.132636,0.691113,0.17215,0.503641,part2a21_soft_caution_overlay,artifacts_part2_g532/predictions/g532_final_consensus_tape.csv
2024-03-18,0,0.1865132579290707,0.4004598704760311,1.490239,1.800284,0.5,0.540971,0.511706,0.642825,0.65,0.6,0.882941,0.344347,0.139928,0.641143,0,high_risk_veto,FLAT,0.0,0.0,0.0,0.0,0,0.128325,0.690722,0.172622,0.504529,part2a21_soft_caution_overlay,artifacts_part2_g532/predictions/g532_final_consensus_tape.csv
2024-03-19,0,0.1866403665901574,0.400678375620893,1.668011,1.751424,0.5,0.540155,0.511473,0.618043,0.65,0.6,0.885271,0.345256,0.101102,0.712045,0,high_risk_veto,FLAT,0.0,0.0,0.0,0.0,0,0.130669,0.696891,0.165107,0.490401,part2a21_soft_caution_overlay,artifacts_part2_g532/predictions/g532_final_consensus_tape.csv
2024-03-20,0,0.1928547836412539,0.4051158835722704,1.44433,1.534193,0.5,0.537391,0.510683,0.507897,0.65,0.6,0.893168,0.348336,0.102447,0.709326,0,high_risk_veto,FLAT,0.0,0.0,0.0,0.0,0,0.088968,0.631369,0.171623,0.50265,part2a21_soft_caution_overlay,artifacts_part2_g532/predictions/g532_final_consensus_tape.csv
2024-03-21,0,0.1932767884341883,0.3678744338532276,1.71748,1.60994,0.5,0.537248,0.510642,0.546525,0.65,0.6,0.893578,0.348496,0.098911,0.716514,0,high_risk_veto,FLAT,0.0,0.0,0.0,0.0,0,0.092836,0.634288,0.168074,0.495979,part2a21_soft_caution_overlay,artifacts_part2_g532/predictions/g532_final_consensus_tape.csv
2024-03-22,0,0.191544311264029,0.4575060042316528,1.730256,1.630689,0.5,0.536211,0.510346,0.55733,0.65,0.6,0.89654,0.349651,0.097215,0.720016,0,high_risk_veto,FLAT,0.0,0.0,0.0,0.0,0,0.091485,0.639787,0.161311,0.483264,part2a21_soft_caution_overlay,artifacts_part2_g532/predictions/g532_final_consensus_tape.csv
2024-03-25,0,0.1933896830635544,0.3860118306289515,1.879096,1.775611,0.75,0.534626,0.509893,0.631424,0.65,0.6,0.901068,0.351416,0.097503,0.719419,0,high_risk_veto,FLAT,0.0,0.0,0.0,0.0,0,0.09395,0.65032,0.148054,0.458342,part2a21_soft_caution_overlay,artifacts_part2_g532/predictions/g532_final_consensus_tape.csv
2024-03-26,0,0.1921243630933854,0.4371459959027808,1.843398,1.817583,0.75,0.537516,0.510719,0.652269,0.65,0.6,0.892813,0.348197,0.077522,0.763307,0,high_risk_veto,FLAT,0.0,0.0,0.0,0.0,0,0.092686,0.632588,0.170144,0.499871,part2a21_soft_caution_overlay,artifacts_part2_g532/predictions/g532_final_consensus_tape.csv
2024-03-27,0,0.1912418268797774,0.4673259740695554,1.660608,1.794367,0.5,0.537299,0.510657,0.640479,0.65,0.6,0.893432,0.348439,0.079878,0.757855,0,high_risk_veto,FLAT,0.0,0.0,0.0,0.0,0,0.103975,0.639818,0.161273,0.483193,part2a21_soft_caution_overlay,artifacts_part2_g532/predictions/g532_final_consensus_tape.csv
2024-03-28,0,0.1908427939298472,0.4831784434383603,1.826019,1.776675,0.75,0.536993,0.510569,0.631522,0.65,0.6,0.894306,0.348779,0.076987,0.764556,0,high_risk_veto,FLAT,0.0,0.0,0.0,0.0,0,0.088398,0.63348,0.169059,0.497831,part2a21_soft_caution_overlay,artifacts_part2_g532/predictions/g532_final_consensus_tape.csv
2024-03-29,0,0.1905779489530061,0.4906587055295747,1.76766,1.751429,0.75,0.536376,0.510393,0.618781,0.65,0.6,0.896067,0.349466,0.069339,0.782867,0,high_risk_veto,FLAT,0.0,0.0,0.0,0.0,0,0.088147,0.637058,0.16468,0.489598,part2a21_soft_caution_overlay,artifacts_part2_g532/predictions/g532_final_consensus_tape.csv
2024-04-01,0,0.1928494477447271,0.398724970150426,1.744778,1.779486,0.5,0.537836,0.51081,0.632796,0.65,0.6,0.891898,0.34784,0.070234,0.780679,0,high_risk_veto,FLAT,0.0,0.0,0.0,0.0,0,0.101261,0.635187,0.166975,0.493913,part2a21_soft_caution_overlay,artifacts_part2_g532/predictions/g532_final_consensus_tape.csv
2024-04-02,0,0.1916230194903599,0.4666351692099189,2.011068,1.841169,0.75,0.542094,0.512027,0.663502,0.65,0.6,0.87973,0.343095,0.075798,0.767347,0,high_risk_veto,FLAT,0.0,0.0,0.0,0.0,0,0.104069,0.610224,0.196527,0.54947,part2a21_soft_caution_overlay,artifacts_part2_g532/predictions/g532_final_consensus_tape.csv
2024-04-03,0,0.1924393607760983,0.4244744681769448,1.695331,1.817059,0.5,0.538392,0.510969,0.651846,0.65,0.6,0.890308,0.34722,0.069295,0.782974,0,high_risk_veto,FLAT,0.0,0.0,0.0,0.0,0,0.099603,0.630938,0.172144,0.50363,part2a21_soft_caution_overlay,artifacts_part2_g532/predictions/g532_final_consensus_tape.csv
2024-04-04,0,0.1900953152367761,0.5146973996938548,2.152172,1.952857,0.75,0.542511,0.512146,0.720487,0.65,0.6,0.878541,0.342631,0.103282,0.70765,0,high_risk_veto,FLAT,0.0,0.0,0.0,0.0,1,0.10209,0.606421,0.200867,0.557629,part2a21_soft_caution_overlay,artifacts_part2_g532/predictions/g532_final_consensus_tape.csv
2024-04-05,0,0.191255756339729,0.4768106005846417,1.358029,1.735177,0.5,0.541606,0.511887,0.609464,0.65,0.6,0.881126,0.343639,0.136516,0.646804,0,high_risk_veto,FLAT,0.0,0.0,0.0,0.0,0,0.0984,0.610176,0.196582,0.549575,part2a21_soft_caution_overlay,artifacts_part2_g532/predictions/g532_final_consensus_tape.csv
2024-04-08,0,0.1931698651966079,0.385923470676268,1.785275,1.765158,0.75,0.542048,0.512014,0.624689,0.65,0.6,0.879862,0.343146,0.136852,0.646242,0,high_risk_veto,FLAT,0.0,0.0,0.0,0.0,0,0.102523,0.609652,0.197183,0.550704,part2a21_soft_caution_overlay,artifacts_part2_g532/predictions/g532_final_consensus_tape.csv
2024-04-09,0,0.1923953617876899,0.4178361142567348,1.738983,1.627429,0.5,0.542781,0.512223,0.554178,0.65,0.6,0.877767,0.342329,0.13543,0.648626,0,high_risk_veto,FLAT,0.0,0.0,0.0,0.0,1,0.111093,0.609758,0.19706,0.550473,part2a21_soft_caution_overlay,artifacts_part2_g532/predictions/g532_final_consensus_tape.csv
2024-04-10,0,0.1934439696024749,0.3853156405435349,2.082071,1.868776,0.75,0.541235,0.511782,0.677744,0.65,0.6,0.882185,0.344052,0.134582,0.650056,0,high_risk_veto,FLAT,0.0,0.0,0.0,0.0,0,0.101495,0.614274,0.191859,0.540696,part2a21_soft_caution_overlay,artifacts_part2_g532/predictions/g532_final_consensus_tape.csv
2024-04-11,0,0.1936162538597469,0.3610613345391208,1.382191,1.734415,0.5,0.541635,0.511896,0.609069,0.65,0.6,0.881042,0.343607,0.140034,0.64097,0,high_risk_veto,FLAT,0.0,0.0,0.0,0.0,0,0.104706,0.613518,0.192734,0.542341,part2a21_soft_caution_overlay,artifacts_part2_g532/predictions/g532_final_consensus_tape.csv
2024-04-12,0,0.1955478507625711,0.3029966208881706,2.235542,1.899935,0.75,0.542697,0.512199,0.693422,0.65,0.6,0.878009,0.342424,0.171184,0.593564,0,high_risk_veto,FLAT,0.0,0.0,0.0,0.0,1,0.109257,0.609269,0.197621,0.551527,part2a21_soft_caution_overlay,artifacts_part2_g532/predictions/g532_final_consensus_tape.csv
2024-04-15,0,0.1948043057155364,0.3401404027923775,2.24111,1.952948,0.75,0.538079,0.51088,0.721165,0.65,0.6,0.891204,0.347569,0.167595,0.598666,0,high_risk_veto,FLAT,0.0,0.0,0.0,0.0,1,0.054363,0.528076,0.198983,0.554088,part2a21_soft_caution_overlay,artifacts_part2_g532/predictions/g532_final_consensus_tape.csv
2024-04-16,0,0.1952999203326791,0.3471608386598051,1.724457,2.067036,0.75,0.542724,0.512207,0.778793,0.65,0.6,0.87793,0.342393,0.167667,0.598562,0,high_risk_veto,FLAT,0.0,0.0,0.0,0.0,1,0.102175,0.605082,0.202386,0.560486,part2a21_soft_caution_overlay,artifacts_part2_g532/predictions/g532_final_consensus_tape.csv
2024-04-17,0,0.345638812743553,0.6481506809749057,1.990495,1.985354,0.75,0.551656,0.514759,0.735855,0.65,0.6,0.852413,0.332441,0.177182,0.58523,0,high_risk_veto,FLAT,0.0,0.0,0.0,0.0,1,0.1981,0.740794,0.206346,0.56793,part2a21_soft_caution_overlay,artifacts_part2_g532/predictions/g532_final_consensus_tape.csv
2024-04-18,0,0.3827933270836594,0.6808763413174089,1.802006,1.838986,0.75,0.549018,0.514005,0.661189,0.65,0.6,0.859949,0.33538,0.160038,0.6097,0,high_risk_veto,FLAT,0.0,0.0,0.0,0.0,0,0.191644,0.754167,0.191083,0.539236,part2a21_soft_caution_overlay,artifacts_part2_g532/predictions/g532_final_consensus_tape.csv
2024-04-19,0,0.326144942982579,0.6443098551460545,2.212985,2.001829,0.75,0.549556,0.514159,0.744586,0.65,0.6,0.858412,0.334781,0.13173,0.654913,0,high_risk_veto,FLAT,0.0,0.0,0.0,0.0,0,0.183962,0.746412,0.199994,0.555989,part2a21_soft_caution_overlay,artifacts_part2_g532/predictions/g532_final_consensus_tape.csv
2024-04-22,0,0.3806924200379654,0.6965079522965616,1.336602,1.783864,0.5,0.548307,0.513802,0.63307,0.65,0.6,0.86198,0.336172,0.141811,0.638062,0,high_risk_veto,FLAT,0.0,0.0,0.0,0.0,0,0.177423,0.750767,0.195011,0.546621,part2a21_soft_caution_overlay,artifacts_part2_g532/predictions/g532_final_consensus_tape.csv
2024-04-23,0,0.2964979181349063,0.6231882915231547,1.207807,1.585798,0.5,0.547937,0.513696,0.531674,0.65,0.6,0.863038,0.336585,0.157581,0.613375,0,high_risk_veto,FLAT,0.0,0.0,0.0,0.0,0,0.177756,0.753315,0.19207,0.541092,part2a21_soft_caution_overlay,artifacts_part2_g532/predictions/g532_final_consensus_tape.csv
2024-04-24,0,0.3504850259817355,0.6683335688134644,1.658516,1.400975,0.5,0.549536,0.514153,0.436531,0.65,0.6,0.858469,0.334803,0.156597,0.61486,0,high_risk_veto,FLAT,0.0,0.0,0.0,0.0,0,0.191435,0.750748,0.195033,0.546661,part2a21_soft_caution_overlay,artifacts_part2_g532/predictions/g532_final_consensus_tape.csv
2024-04-25,0,0.3363109432967591,0.650198188180664,1.929573,1.598632,0.75,0.549636,0.514182,0.537846,0.65,0.6,0.858182,0.334691,0.147031,0.629674,0,high_risk_veto,FLAT,0.0,0.0,0.0,0.0,0,0.186779,0.747485,0.198771,0.55369,part2a21_soft_caution_overlay,artifacts_part2_g532/predictions/g532_final_consensus_tape.csv
2024-04-26,0,0.3374607624969813,0.6549134037288691,1.293669,1.627253,0.5,0.545896,0.513113,0.553377,0.65,0.6,0.868869,0.338859,0.12398,0.668484,0,high_risk_veto,FLAT,0.0,0.0,0.0,0.0,0,0.176187,0.765242,0.178053,0.51474,part2a21_soft_caution_overlay,artifacts_part2_g532/predictions/g532_final_consensus_tape.csv
2024-04-29,0,0.3071880317205825,0.6347335836528358,1.673463,1.632235,0.5,0.546393,0.513255,0.555814,0.65,0.6,0.86745,0.338305,0.11843,0.678556,0,high_risk_veto,FLAT,0.0,0.0,0.0,0.0,0,0.173817,0.760873,0.183238,0.524487,part2a21_soft_caution_overlay,artifacts_part2_g532/predictions/g532_final_consensus_tape.csv
2024-04-30,0,0.3310516429378923,0.6392740063820841,2.320953,1.762695,0.75,0.548297,0.513799,0.622225,0.65,0.6,0.862008,0.336183,0.132888,0.652932,0,high_risk_veto,FLAT,0.0,0.0,0.0,0.0,0,0.182883,0.753876,0.191421,0.539871,part2a21_soft_caution_overlay,artifacts_part2_g532/predictions/g532_final_consensus_tape.csv
2024-05-01,0,0.3194372570428473,0.6334690639069588,1.898136,1.964184,0.75,0.54696,0.513417,0.72565,0.65,0.6,0.865828,0.337673,0.121892,0.672239,0,high_risk_veto,FLAT,0.0,0.0,0.0,0.0,0,0.180101,0.760763,0.183367,0.524731,part2a21_soft_caution_overlay,artifacts_part2_g532/predictions/g532_final_consensus_tape.csv
2024-05-02,0,0.3151550472256915,0.6444398122911678,1.318722,1.845937,0.5,0.545783,0.513081,0.665307,0.65,0.6,0.869191,0.338984,0.123888,0.668649,0,high_risk_veto,FLAT,0.0,0.0,0.0,0.0,0,0.174955,0.765272,0.178017,0.514673,part2a21_soft_caution_overlay,artifacts_part2_g532/predictions/g532_final_consensus_tape.csv
2024-05-03,0,0.4000717084580283,0.7194285744947524,1.146453,1.454437,0.5,0.5413,0.5118,0.466196,0.65,0.6,0.882001,0.343981,0.113087,0.688541,0,high_risk_veto,FLAT,0.0,0.0,0.0,0.0,0,0.154531,0.781543,0.15816,0.477341,part2a21_soft_caution_overlay,artifacts_part2_g532/predictions/g532_final_consensus_tape.csv
2024-05-06,0,0.4084878215554836,0.7271853956536688,1.405378,1.290184,0.5,0.542232,0.512066,0.382044,0.65,0.6,0.879338,0.342942,0.114135,0.686558,0,high_risk_veto,FLAT,0.0,0.0,0.0,0.0,0,0.157075,0.777334,0.163384,0.487161,part2a21_soft_caution_overlay,artifacts_part2_g532/predictions/g532_final_consensus_tape.csv
2024-05-07,0,0.3974678335407527,0.7164539239940954,1.701985,1.417939,0.75,0.540553,0.511587,0.447772,0.65,0.6,0.884133,0.344812,0.103118,0.707979,0,high_risk_veto,FLAT,0.0,0.0,0.0,0.0,0,0.150702,0.783959,0.155133,0.47165,part2a21_soft_caution_overlay,artifacts_part2_g532/predictions/g532_final_consensus_tape.csv
2024-05-08,0,0.324181663081882,0.6537226628330061,1.716077,1.607813,0.75,0.540411,0.511546,0.544707,0.65,0.6,0.884539,0.34497,0.103346,0.707523,0,high_risk_veto,FLAT,0.0,0.0,0.0,0.0,0,0.150158,0.784511,0.154438,0.470343,part2a21_soft_caution_overlay,artifacts_part2_g532/predictions/g532_final_consensus_tape.csv
2024-05-09,0,0.2817301066303898,0.6201925740984733,1.574932,1.664331,0.5,0.541253,0.511787,0.573366,0.65,0.6,0.882135,0.344033,0.103368,0.707477,0,high_risk_veto,FLAT,0.0,0.0,0.0,0.0,0,0.149963,0.779455,0.160759,0.482226,part2a21_soft_caution_overlay,artifacts_part2_g532/predictions/g532_final_consensus_tape.csv
2024-05-10,0,0.2798601403589246,0.6225800702788672,1.599755,1.630255,0.5,0.541628,0.511894,0.555883,0.65,0.6,0.881062,0.343614,0.099829,0.714634,0,high_risk_veto,FLAT,0.0,0.0,0.0,0.0,0,0.157495,0.781134,0.15867,0.4783,part2a21_soft_caution_overlay,artifacts_part2_g532/predictions/g532_final_consensus_tape.csv
2024-05-13,0,0.2727097961842489,0.6009834319046968,1.620242,1.59831,0.5,0.547469,0.513563,0.538194,0.65,0.6,0.864373,0.337106,0.100127,0.714027,0,high_risk_veto,FLAT,0.0,0.0,0.0,0.0,0,0.181072,0.758106,0.186492,0.530604,part2a21_soft_caution_overlay,artifacts_part2_g532/predictions/g532_final_consensus_tape.csv
2024-05-14,0,0.2285846887799188,0.5735910618205664,1.496078,1.572025,0.5,0.546197,0.513199,0.525042,0.75,0.6,0.868008,0.390604,0.073367,0.773116,0,low_agreement,FLAT,0.0,0.0,0.0,0.0,0,0.180474,0.765697,0.17751,0.513718,part2a21_soft_caution_overlay,artifacts_part2_g532/predictions/g532_final_consensus_tape.csv
2024-05-15,0,0.1964384364183435,0.6318572403699086,1.201388,1.439236,0.5,0.542002,0.512001,0.458241,0.75,0.6,0.879995,0.395998,0.051132,0.830202,0,low_agreement,FLAT,0.0,0.0,0.0,0.0,0,0.184744,0.884765,0.143864,0.450465,part2a21_soft_caution_overlay,artifacts_part2_g532/predictions/g532_final_consensus_tape.csv
2024-05-16,0,0.1909685383591897,0.5096083867500086,1.734759,1.477408,0.75,0.543867,0.512534,0.477238,0.75,0.6,0.874665,0.393599,0.053435,0.8239,1,ok,FLAT,0.0,0.0,0.0,0.0,0,0.190993,0.877157,0.153575,0.468721,part2a21_soft_caution_overlay,artifacts_part2_g532/predictions/g532_final_consensus_tape.csv
2024-05-17,0,0.19209003507648,0.5357138177778703,1.685599,1.540582,0.75,0.543124,0.512321,0.50972,0.75,0.6,0.876789,0.394555,0.050097,0.833064,1,ok,FLAT,0.0,0.0,0.0,0.0,0,0.198706,0.885333,0.14313,0.449084,part2a21_soft_caution_overlay,artifacts_part2_g532/predictions/g532_final_consensus_tape.csv
2024-05-20,0,0.1981798339561803,0.63772836375073,1.554511,1.65829,0.5,0.545162,0.512904,0.569422,0.75,0.6,0.870964,0.391934,0.035339,0.876151,0,low_agreement,FLAT,0.0,0.0,0.0,0.0,0,0.211553,0.880085,0.149864,0.461745,part2a21_soft_caution_overlay,artifacts_part2_g532/predictions/g532_final_consensus_tape.csv
2024-05-21,0,0.1901233437472612,0.4899216786856508,1.623429,1.62118,0.5,0.540657,0.511616,0.551472,0.75,0.6,0.883837,0.397727,0.032504,0.884945,0,low_agreement,FLAT,0.0,0.0,0.0,0.0,0,0.173007,0.886303,0.141523,0.446063,part2a21_soft_caution_overlay,artifacts_part2_g532/predictions/g532_final_consensus_tape.csv
2024-05-22,0,0.1893247052557923,0.4778107443188695,1.711768,1.629903,0.75,0.543405,0.512401,0.5553,0.75,0.6,0.875986,0.394194,0.037562,0.869378,1,ok,FLAT,0.0,0.0,0.0,0.0,0,0.18726,0.877949,0.152574,0.466839,part2a21_soft_caution_overlay,artifacts_part2_g532/predictions/g532_final_consensus_tape.csv
2024-05-23,0,0.1959811381153861,0.6026875206561472,1.8092,1.714799,0.75,0.548852,0.513958,0.59757,0.65,0.6,0.860422,0.335565,0.046689,0.842632,0,high_risk_veto,FLAT,0.0,0.0,0.0,0.0,0,0.218414,0.861733,0.172614,0.504515,part2a21_soft_caution_overlay,artifacts_part2_g532/predictions/g532_final_consensus_tape.csv
2024-05-24,0,0.1912098102785915,0.5113090181113681,1.44641,1.655793,0.5,0.544655,0.512759,0.568257,0.65,0.6,0.872414,0.340242,0.048947,0.836268,0,high_risk_veto,FLAT,0.0,0.0,0.0,0.0,0,0.209421,0.881935,0.147502,0.457304,part2a21_soft_caution_overlay,artifacts_part2_g532/predictions/g532_final_consensus_tape.csv
2024-05-27,0,0.1901751350798114,0.4967725812055416,1.732432,1.662681,0.75,0.541764,0.511933,0.572411,0.65,0.6,0.880674,0.343463,0.047731,0.839684,0,high_risk_veto,FLAT,0.0,0.0,0.0,0.0,0,0.191888,0.887626,0.137511,0.438521,part2a21_soft_caution_overlay,artifacts_part2_g532/predictions/g532_final_consensus_tape.csv
2024-05-28,0,0.1960105001433064,0.5841639992126719,1.592422,1.590421,0.5,0.550644,0.51447,0.533395,0.65,0.6,0.855303,0.333568,0.054123,0.822035,0,high_risk_veto,FLAT,0.0,0.0,0.0,0.0,0,0.236018,0.860199,0.174464,0.507992,part2a21_soft_caution_overlay,artifacts_part2_g532/predictions/g532_final_consensus_tape.csv
2024-05-29,0,0.1920467120530152,0.5058547928184521,1.883789,1.736214,0.75,0.555015,0.515719,0.607305,0.65,0.6,0.842814,0.328698,0.055061,0.819509,0,high_risk_veto,FLAT,0.0,0.0,0.0,0.0,1,0.259788,0.845909,0.191337,0.539713,part2a21_soft_caution_overlay,artifacts_part2_g532/predictions/g532_final_consensus_tape.csv
2024-05-30,0,0.1912797351080852,0.4797184073054055,2.048162,1.841457,0.75,0.550019,0.514291,0.662283,0.65,0.6,0.857088,0.334264,0.085148,0.745939,0,high_risk_veto,FLAT,0.0,0.0,0.0,0.0,0,0.230594,0.861115,0.17336,0.505916,part2a21_soft_caution_overlay,artifacts_part2_g532/predictions/g532_final_consensus_tape.csv
2024-05-31,0,0.1936510543613467,0.5242562098960328,1.652208,1.861386,0.75,0.544466,0.512705,0.673432,0.65,0.6,0.872955,0.340452,0.084322,0.747781,0,high_risk_veto,FLAT,0.0,0.0,0.0,0.0,0,0.194631,0.875518,0.155638,0.4726,part2a21_soft_caution_overlay,artifacts_part2_g532/predictions/g532_final_consensus_tape.csv
2024-06-03,0,0.1928506185679837,0.5238810342186428,1.384757,1.695042,0.5,0.547005,0.51343,0.587834,0.65,0.6,0.8657,0.337623,0.086872,0.742121,0,high_risk_veto,FLAT,0.0,0.0,0.0,0.0,0,0.20842,0.867616,0.16545,0.491046,part2a21_soft_caution_overlay,artifacts_part2_g532/predictions/g532_final_consensus_tape.csv
2024-06-04,0,0.1973592116152462,0.6105228116137382,1.377598,1.471521,0.5,0.546321,0.513235,0.473568,0.65,0.6,0.867655,0.338385,0.088218,0.739169,0,high_risk_veto,FLAT,0.0,0.0,0.0,0.0,0,0.203132,0.868941,0.16382,0.487982,part2a21_soft_caution_overlay,artifacts_part2_g532/predictions/g532_final_consensus_tape.csv
2024-06-05,0,0.2000167947404003,0.6800391983217143,0.909122,1.223826,0.5,0.546548,0.5133,0.346708,0.65,0.6,0.867005,0.338132,0.100396,0.713479,0,high_risk_veto,FLAT,0.0,0.0,0.0,0.0,0,0.199084,0.865448,0.168104,0.496035,part2a21_soft_caution_overlay,artifacts_part2_g532/predictions/g532_final_consensus_tape.csv
2024-06-06,0,0.2037777499573543,0.7563844641899253,1.498146,1.261622,0.75,0.545189,0.512911,0.366497,0.65,0.6,0.87089,0.339647,0.098395,0.717576,0,high_risk_veto,FLAT,0.0,0.0,0.0,0.0,0,0.194,0.870926,0.161366,0.483369,part2a21_soft_caution_overlay,artifacts_part2_g532/predictions/g532_final_consensus_tape.csv
2024-06-07,0,0.1982122777651494,0.64651041150534,1.579223,1.32883,0.75,0.544875,0.512821,0.400975,0.65,0.6,0.871786,0.339997,0.105819,0.702604,0,high_risk_veto,FLAT,0.0,0.0,0.0,0.0,0,0.199126,0.875427,0.155752,0.472815,part2a21_soft_caution_overlay,artifacts_part2_g532/predictions/g532_final_consensus_tape.csv
2024-06-10,0,0.1979343111803804,0.6021766840795312,1.465997,1.514455,0.5,0.543822,0.512521,0.496188,0.65,0.6,0.874794,0.34117,0.108631,0.697095,0,high_risk_veto,FLAT,0.0,0.0,0.0,0.0,0,0.201416,0.882697,0.146526,0.455469,part2a21_soft_caution_overlay,artifacts_part2_g532/predictions/g532_final_consensus_tape.csv
2024-06-11,0,0.1966725311825605,0.5845830600634596,1.34257,1.462597,0.5,0.549117,0.514033,0.468239,0.65,0.6,0.859667,0.33527,0.105737,0.702767,0,high_risk_veto,FLAT,0.0,0.0,0.0,0.0,0,0.226288,0.864311,0.169488,0.498638,part2a21_soft_caution_overlay,artifacts_part2_g532/predictions/g532_final_consensus_tape.csv
2024-06-12,0,0.1922665154456461,0.6310673852044496,1.174669,1.327745,0.5,0.540734,0.511638,0.401687,0.65,0.6,0.883618,0.344611,0.105695,0.702849,0,high_risk_veto,FLAT,0.0,0.0,0.0,0.0,0,0.121788,0.669152,0.175091,0.509171,part2a21_soft_caution_overlay,artifacts_part2_g532/predictions/g532_final_consensus_tape.csv
2024-06-13,0,0.1886112149216415,0.5514051448714388,1.345043,1.287427,0.5,0.540037,0.511439,0.381329,0.65,0.6,0.885609,0.345387,0.08706,0.741708,0,high_risk_veto,FLAT,0.0,0.0,0.0,0.0,0,0.122161,0.673597,0.169719,0.499072,part2a21_soft_caution_overlay,artifacts_part2_g532/predictions/g532_final_consensus_tape.csv
2024-06-14,0,0.1897609728646987,0.5496965182404402,1.27576,1.265157,0.5,0.541886,0.511967,0.369371,0.65,0.6,0.880326,0.343327,0.086581,0.742763,0,high_risk_veto,FLAT,0.0,0.0,0.0,0.0,0,0.123769,0.663106,0.182297,0.522719,part2a21_soft_caution_overlay,artifacts_part2_g532/predictions/g532_final_consensus_tape.csv
2024-06-17,0,0.1900620387382274,0.5429438997671349,1.183646,1.268149,0.5,0.544124,0.512607,0.37018,0.65,0.6,0.873933,0.340834,0.097349,0.719737,0,high_risk_veto,FLAT,0.0,0.0,0.0,0.0,0,0.124017,0.649057,0.198616,0.553398,part2a21_soft_caution_overlay,artifacts_part2_g532/predictions/g532_final_consensus_tape.csv
2024-06-18,0,0.1900795465449336,0.535183201789829,1.499803,1.319736,0.75,0.539128,0.511179,0.398092,0.65,0.6,0.888207,0.346401,0.093135,0.728576,0,high_risk_veto,FLAT,0.0,0.0,0.0,0.0,0,0.120556,0.678223,0.164058,0.488429,part2a21_soft_caution_overlay,artifacts_part2_g532/predictions/g532_final_consensus_tape.csv
2024-06-19,0,0.190554499381878,0.5587827788464556,1.51103,1.39816,0.75,0.539486,0.511282,0.437984,0.65,0.6,0.887182,0.346001,0.088579,0.738381,0,high_risk_veto,FLAT,0.0,0.0,0.0,0.0,0,0.122743,0.677221,0.16529,0.490746,part2a21_soft_caution_overlay,artifacts_part2_g532/predictions/g532_final_consensus_tape.csv
2024-06-20,0,0.1990581387550306,0.6503573694035626,1.723971,1.578268,0.75,0.540491,0.511569,0.529611,0.65,0.6,0.88431,0.344881,0.088847,0.737796,0,high_risk_veto,FLAT,0.0,0.0,0.0,0.0,0,0.125354,0.672536,0.171008,0.501494,part2a21_soft_caution_overlay,artifacts_part2_g532/predictions/g532_final_consensus_tape.csv
2024-06-21,0,0.1957147568808483,0.5056977712407171,1.60971,1.614904,0.75,0.540625,0.511607,0.548276,0.65,0.6,0.883927,0.344732,0.080565,0.75628,0,high_risk_veto,FLAT,0.0,0.0,0.0,0.0,0,0.12774,0.672988,0.170459,0.500462,part2a21_soft_caution_overlay,artifacts_part2_g532/predictions/g532_final_consensus_tape.csv
2024-06-24,0,0.1971990403421098,0.585483142931031,1.811012,1.714898,0.75,0.539654,0.51133,0.599508,0.65,0.6,0.886703,0.345814,0.078434,0.761188,0,high_risk_veto,FLAT,0.0,0.0,0.0,0.0,0,0.123731,0.676735,0.165887,0.491868,part2a21_soft_caution_overlay,artifacts_part2_g532/predictions/g532_final_consensus_tape.csv
2024-06-25,0,0.1969918274882204,0.5999551250907409,1.103077,1.507933,0.5,0.540801,0.511657,0.493637,0.65,0.6,0.883426,0.344536,0.078471,0.761101,0,high_risk_veto,FLAT,0.0,0.0,0.0,0.0,0,0.127817,0.671964,0.1717,0.502797,part2a21_soft_caution_overlay,artifacts_part2_g532/predictions/g532_final_consensus_tape.csv
2024-06-26,0,0.1980947115785082,0.5881459187001533,1.386634,1.433575,0.5,0.541661,0.511903,0.455444,0.65,0.6,0.880969,0.343578,0.084964,0.74635,0,high_risk_veto,FLAT,0.0,0.0,0.0,0.0,0,0.129451,0.667577,0.17698,0.512723,part2a21_soft_caution_overlay,artifacts_part2_g532/predictions/g532_final_consensus_tape.csv
2024-06-27,0,0.1980339479868093,0.5487926964413176,1.37664,1.288784,0.5,0.539902,0.5114,0.382064,0.65,0.6,0.885995,0.345538,0.079788,0.758063,0,high_risk_veto,FLAT,0.0,0.0,0.0,0.0,0,0.127403,0.677176,0.165345,0.490849,part2a21_soft_caution_overlay,artifacts_part2_g532/predictions/g532_final_consensus_tape.csv
2024-06-28,0,0.1978717757163508,0.5736850773041141,1.676175,1.479817,0.75,0.53928,0.511223,0.479689,0.65,0.6,0.887773,0.346231,0.078223,0.761676,0,high_risk_veto,FLAT,0.0,0.0,0.0,0.0,0,0.123324,0.678763,0.163393,0.487178,part2a21_soft_caution_overlay,artifacts_part2_g532/predictions/g532_final_consensus_tape.csv
2024-07-01,0,0.1943374455396113,0.6092798785399359,1.345798,1.466204,0.5,0.537493,0.510712,0.473227,0.65,0.6,0.892878,0.348223,0.067799,0.786662,0,high_risk_veto,FLAT,0.0,0.0,0.0,0.0,0,0.121072,0.688127,0.151685,0.465167,part2a21_soft_caution_overlay,artifacts_part2_g532/predictions/g532_final_consensus_tape.csv
2024-07-02,0,0.1936964792244866,0.5852533079282884,1.245746,1.422573,0.5,0.538389,0.510968,0.450744,0.65,0.6,0.890316,0.347223,0.065913,0.791358,0,high_risk_veto,FLAT,0.0,0.0,0.0,0.0,0,0.124618,0.684702,0.156004,0.473287,part2a21_soft_caution_overlay,artifacts_part2_g532/predictions/g532_final_consensus_tape.csv
2024-07-03,0,0.190948992862344,0.5766589065717194,1.320759,1.304101,0.5,0.539063,0.511161,0.390139,0.65,0.6,0.888392,0.346473,0.068328,0.785353,0,high_risk_veto,FLAT,0.0,0.0,0.0,0.0,0,0.121566,0.679138,0.162929,0.486307,part2a21_soft_caution_overlay,artifacts_part2_g532/predictions/g532_final_consensus_tape.csv
2024-07-04,0,0.1906420133201448,0.5614282828697135,1.572465,1.379657,0.75,0.53887,0.511106,0.428726,0.65,0.6,0.888942,0.346687,0.068164,0.785758,0,high_risk_veto,FLAT,0.0,0.0,0.0,0.0,0,0.122436,0.680737,0.160951,0.482587,part2a21_soft_caution_overlay,artifacts_part2_g532/predictions/g532_final_consensus_tape.csv
2024-07-05,0,0.1928576279730408,0.5551173811227391,1.304886,1.39937,0.5,0.540234,0.511495,0.438387,0.65,0.6,0.885047,0.345168,0.064964,0.793741,0,high_risk_veto,FLAT,0.0,0.0,0.0,0.0,0,0.125975,0.674427,0.168709,0.497173,part2a21_soft_caution_overlay,artifacts_part2_g532/predictions/g532_final_consensus_tape.csv
2024-07-08,0,0.1926799492124464,0.5775839420554861,1.555951,1.477767,0.5,0.540079,0.511451,0.478432,0.65,0.6,0.885489,0.345341,0.058303,0.810889,0,high_risk_veto,FLAT,0.0,0.0,0.0,0.0,0,0.125451,0.675084,0.167908,0.495666,part2a21_soft_caution_overlay,artifacts_part2_g532/predictions/g532_final_consensus_tape.csv
2024-07-09,0,0.1929939998275459,0.5716860148159181,1.602018,1.487618,0.5,0.540801,0.511657,0.483268,0.65,0.6,0.883426,0.344536,0.058039,0.811585,0,high_risk_veto,FLAT,0.0,0.0,0.0,0.0,0,0.127296,0.671686,0.172036,0.503428,part2a21_soft_caution_overlay,artifacts_part2_g532/predictions/g532_final_consensus_tape.csv
2024-07-10,0,0.1962081391190226,0.6290635241431254,1.326359,1.494776,0.5,0.540097,0.511456,0.487105,0.65,0.6,0.885438,0.345321,0.061896,0.80155,0,high_risk_veto,FLAT,0.0,0.0,0.0,0.0,0,0.134249,0.702903,0.16237,0.485255,part2a21_soft_caution_overlay,artifacts_part2_g532/predictions/g532_final_consensus_tape.csv
2024-07-11,0,0.1945624805373266,0.6136178462940364,2.206512,1.71163,0.75,0.539985,0.511424,0.597773,0.65,0.6,0.885758,0.345446,0.106645,0.700977,0,high_risk_veto,FLAT,0.0,0.0,0.0,0.0,0,0.130746,0.701742,0.163803,0.487949,part2a21_soft_caution_overlay,artifacts_part2_g532/predictions/g532_final_consensus_tape.csv
2024-07-12,0,0.19328739440459,0.5992570330817477,1.374157,1.635676,0.5,0.540225,0.511493,0.558968,0.65,0.6,0.88507,0.345177,0.107813,0.698688,0,high_risk_veto,FLAT,0.0,0.0,0.0,0.0,0,0.134926,0.702488,0.162883,0.486219,part2a21_soft_caution_overlay,artifacts_part2_g532/predictions/g532_final_consensus_tape.csv
2024-07-15,0,0.1936470903249134,0.5998126328898167,1.479519,1.68673,0.5,0.539718,0.511348,0.585126,0.65,0.6,0.886519,0.345743,0.101103,0.712043,0,high_risk_veto,FLAT,0.0,0.0,0.0,0.0,0,0.129433,0.702647,0.162686,0.48585,part2a21_soft_caution_overlay,artifacts_part2_g532/predictions/g532_final_consensus_tape.csv
2024-07-16,0,0.1926058557869001,0.5940078229571182,1.589591,1.481089,0.75,0.540094,0.511455,0.480123,0.65,0.6,0.885446,0.345324,0.100602,0.713059,0,high_risk_veto,FLAT,0.0,0.0,0.0,0.0,0,0.132366,0.701936,0.163563,0.487499,part2a21_soft_caution_overlay,artifacts_part2_g532/predictions/g532_final_consensus_tape.csv
2024-07-17,0,0.1964293688424756,0.6249473194755765,2.355823,1.808311,0.75,0.545349,0.512957,0.646132,0.65,0.6,0.870431,0.339468,0.127388,0.662448,0,high_risk_veto,FLAT,0.0,0.0,0.0,0.0,0,0.136821,0.671688,0.199392,0.554857,part2a21_soft_caution_overlay,artifacts_part2_g532/predictions/g532_final_consensus_tape.csv
2024-07-18,0,0.1903858843063886,0.5494257585681726,1.619319,1.854911,0.75,0.546338,0.513239,0.669805,0.65,0.6,0.867605,0.338366,0.128929,0.659754,0,high_risk_veto,FLAT,0.0,0.0,0.0,0.0,0,0.13725,0.665495,0.206398,0.568028,part2a21_soft_caution_overlay,artifacts_part2_g532/predictions/g532_final_consensus_tape.csv
2024-07-19,0,0.193361408994409,0.5809195850209031,1.735131,1.903424,0.75,0.546098,0.513171,0.694675,0.65,0.6,0.86829,0.338633,0.129154,0.659362,0,high_risk_veto,FLAT,0.0,0.0,0.0,0.0,0,0.134308,0.66538,0.206527,0.568272,part2a21_soft_caution_overlay,artifacts_part2_g532/predictions/g532_final_consensus_tape.csv
2024-07-22,0,0.1873819437418173,0.502737561344124,1.093059,1.482503,0.5,0.545064,0.512875,0.479524,0.65,0.6,0.871246,0.339786,0.144237,0.634136,0,high_risk_veto,FLAT,0.0,0.0,0.0,0.0,0,0.147182,0.679318,0.190616,0.538358,part2a21_soft_caution_overlay,artifacts_part2_g532/predictions/g532_final_consensus_tape.csv
2024-07-23,0,0.1885600349363697,0.5178116781982244,1.605866,1.478019,0.75,0.545511,0.513003,0.477111,0.65,0.6,0.86997,0.339288,0.143569,0.635213,0,high_risk_veto,FLAT,0.0,0.0,0.0,0.0,1,0.151069,0.678643,0.191399,0.53983,part2a21_soft_caution_overlay,artifacts_part2_g532/predictions/g532_final_consensus_tape.csv
2024-07-24,0,0.188279491472694,0.5232348751266956,2.517501,1.738809,0.75,0.54242,0.51212,0.611157,0.65,0.6,0.8788,0.342732,0.16383,0.604113,0,high_risk_veto,FLAT,0.0,0.0,0.0,0.0,1,0.093569,0.586125,0.20569,0.566697,part2a21_soft_caution_overlay,artifacts_part2_g532/predictions/g532_final_consensus_tape.csv
2024-07-25,0,0.1881391411711393,0.5168448008224791,1.679723,1.934363,0.75,0.546957,0.513416,0.710382,0.65,0.6,0.865838,0.337677,0.153487,0.619599,0,high_risk_veto,FLAT,0.0,0.0,0.0,0.0,1,0.141263,0.663738,0.208367,0.571731,part2a21_soft_caution_overlay,artifacts_part2_g532/predictions/g532_final_consensus_tape.csv
2024-07-26,0,0.1877235568150813,0.5163593698107639,1.017589,1.738271,0.5,0.546111,0.513174,0.610147,0.75,0.6,0.868255,0.390715,0.156976,0.614287,0,low_agreement,FLAT,0.0,0.0,0.0,0.0,0,0.138389,0.667635,0.203989,0.563499,part2a21_soft_caution_overlay,artifacts_part2_g532/predictions/g532_final_consensus_tape.csv
2024-07-29,0,0.1898916104047276,0.5412583286508336,1.270021,1.322444,0.5,0.545798,0.513085,0.397424,0.75,0.6,0.869148,0.391117,0.14935,0.626018,0,low_agreement,FLAT,0.0,0.0,0.0,0.0,0,0.135676,0.668125,0.203436,0.56246,part2a21_soft_caution_overlay,artifacts_part2_g532/predictions/g532_final_consensus_tape.csv
2024-07-30,0,0.1936918981063796,0.5989631929843574,1.706924,1.331511,0.75,0.546506,0.513287,0.401847,0.75,0.6,0.867126,0.390207,0.147811,0.62844,1,ok,FLAT,0.0,0.0,0.0,0.0,0,0.135084,0.663147,0.209027,0.572972,part2a21_soft_caution_overlay,artifacts_part2_g532/predictions/g532_final_consensus_tape.csv
2024-07-31,0,0.1923900856213566,0.5640878833808758,0.445438,1.140794,0.5,0.546775,0.513364,0.304122,0.75,0.6,0.866357,0.389861,0.147741,0.62855,0,low_agreement,FLAT,0.0,0.0,0.0,0.0,0,0.137628,0.662839,0.209372,0.573618,part2a21_soft_caution_overlay,artifacts_part2_g532/predictions/g532_final_consensus_tape.csv
2024-08-01,0,0.1941672450990317,0.5940776544400174,1.888669,1.34701,0.75,0.546348,0.513242,0.409829,0.75,0.6,0.867579,0.39041,0.167943,0.598168,1,ok,FLAT,0.0,0.0,0.0,0.0,0,0.134338,0.66376,0.208343,0.571685,part2a21_soft_caution_overlay,artifacts_part2_g532/predictions/g532_final_consensus_tape.csv
2024-08-02,0,0.1955974845560447,0.6000544750562818,1.605467,1.313191,0.75,0.553445,0.51527,0.390303,0.75,0.6,0.8473,0.381285,0.226865,0.524257,1,ok,FLAT,0.0,0.0,0.0,0.0,1,0.148466,0.649409,0.277232,0.601375,part2a21_soft_caution_overlay,artifacts_part2_g532/predictions/g532_final_consensus_tape.csv
2024-08-05,0,0.1941957960754525,0.5868101620362315,1.794831,1.762989,0.75,0.561023,0.517435,0.619897,0.75,0.6,0.825648,0.371542,0.234665,0.515821,1,ok,VOO,0.01782,0.01782,0.01782,0.0,1,0.14669,0.63292,0.371215,0.634364,part2a21_soft_caution_overlay,artifacts_part2_g532/predictions/g532_final_consensus_tape.csv
2024-08-06,0,0.1911854030547482,0.5640499839643356,0.694627,1.364975,0.5,0.560415,0.517262,0.41481,0.75,0.6,0.827385,0.372323,0.276418,0.474908,0,low_agreement,VOO,0.01782,0.01782,0.01782,0.0,1,0.144239,0.633758,0.366421,0.632715,part2a21_soft_caution_overlay,artifacts_part2_g532/predictions/g532_final_consensus_tape.csv
2024-08-07,0,0.2000553009412806,0.5979971790405108,1.309749,1.266402,0.75,0.551687,0.514768,0.366838,0.75,0.6,0.852323,0.383546,0.268472,0.482186,1,ok,VOO,0.01782,0.01782,0.01782,0.0,0,0.201805,0.787234,0.204189,0.563876,part2a21_soft_caution_overlay,artifacts_part2_g532/predictions/g532_final_consensus_tape.csv
2024-08-08,0,0.2016199606204339,0.4583658291703401,0.175757,0.726711,0.5,0.550464,0.514418,0.090405,0.75,0.6,0.855818,0.385118,0.315166,0.442348,0,low_agreement,VOO,0.01782,0.01782,0.01782,0.0,0,0.19972,0.793972,0.196525,0.549468,part2a21_soft_caution_overlay,artifacts_part2_g532/predictions/g532_final_consensus_tape.csv
2024-08-09,0,0.2014323289290769,0.463038108187822,0.893015,0.79284,0.5,0.550434,0.51441,0.124338,0.75,0.6,0.855902,0.385156,0.311216,0.445461,0,low_agreement,VOO,0.01782,0.01782,0.01782,0.0,0,0.197561,0.792945,0.197701,0.551678,part2a21_soft_caution_overlay,artifacts_part2_g532/predictions/g532_final_consensus_tape.csv
2024-08-12,0,0.2014648638106746,0.446015196910649,0.932567,0.667113,0.5,0.552074,0.514878,0.059057,0.75,0.6,0.851217,0.383048,0.310903,0.44571,0,low_agreement,FLAT,0.0,0.0,0.0,0.0,0,0.201262,0.784387,0.20739,0.569894,part2a21_soft_caution_overlay,artifacts_part2_g532/predictions/g532_final_consensus_tape.csv
2024-08-13,0,0.2014493043914997,0.4557697550926713,0.324862,0.716815,0.5,0.55262,0.515034,0.084316,0.75,0.6,0.849658,0.382346,0.320637,0.438107,0,low_agreement,FLAT,0.0,0.0,0.0,0.0,0,0.20702,0.784113,0.207697,0.570471,part2a21_soft_caution_overlay,artifacts_part2_g532/predictions/g532_final_consensus_tape.csv
2024-08-14,0,0.2002053460810802,0.5318063126130091,1.022492,0.759974,0.75,0.544023,0.512578,0.110406,0.75,0.6,0.874219,0.393399,0.316225,0.441521,1,ok,FLAT,0.0,0.0,0.0,0.0,0,0.163993,0.814706,0.172119,0.503584,part2a21_soft_caution_overlay,artifacts_part2_g532/predictions/g532_final_consensus_tape.csv
2024-08-15,0,0.2005079265587807,0.494417243395887,0.428112,0.591822,0.5,0.546878,0.513394,0.023012,0.75,0.6,0.866064,0.389729,0.329037,0.431751,0,low_agreement,FLAT,0.0,0.0,0.0,0.0,0,0.180826,0.806197,0.182293,0.522711,part2a21_soft_caution_overlay,artifacts_part2_g532/predictions/g532_final_consensus_tape.csv
2024-08-16,0,0.2003314533693102,0.5062547139675007,1.161324,0.870643,0.5,0.533869,0.509677,0.171288,0.75,0.6,0.903232,0.406454,0.266172,0.484334,0,low_agreement,FLAT,0.0,0.0,0.0,0.0,0,0.117182,0.843489,0.127507,0.419712,part2a21_soft_caution_overlay,artifacts_part2_g532/predictions/g532_final_consensus_tape.csv
2024-08-19,0,0.200044153054111,0.5402321550570176,0.836649,0.808695,0.5,0.535078,0.510022,0.139251,0.75,0.6,0.899778,0.4049,0.174428,0.589028,0,low_agreement,FLAT,0.0,0.0,0.0,0.0,0,0.12689,0.842616,0.130154,0.42469,part2a21_soft_caution_overlay,artifacts_part2_g532/predictions/g532_final_consensus_tape.csv
2024-08-20,0,0.2012753753736324,0.4835832389828043,1.225635,1.074536,0.75,0.5366,0.510457,0.273982,0.75,0.6,0.895428,0.402943,0.177098,0.585346,1,ok,FLAT,0.0,0.0,0.0,0.0,0,0.133904,0.840409,0.136846,0.437271,part2a21_soft_caution_overlay,artifacts_part2_g532/predictions/g532_final_consensus_tape.csv
2024-08-21,0,0.2014952068839554,0.4315692808430713,1.068527,1.043604,0.5,0.538168,0.510905,0.257635,0.75,0.6,0.890949,0.400927,0.171515,0.593098,0,low_agreement,FLAT,0.0,0.0,0.0,0.0,0,0.140797,0.837264,0.143947,0.45062,part2a21_soft_caution_overlay,artifacts_part2_g532/predictions/g532_final_consensus_tape.csv
2024-08-22,0,0.2014134086322273,0.4661699193438774,1.670609,1.32159,0.75,0.544717,0.512776,0.39732,0.75,0.6,0.872237,0.392507,0.138255,0.643907,1,ok,FLAT,0.0,0.0,0.0,0.0,0,0.175076,0.816381,0.170088,0.499766,part2a21_soft_caution_overlay,artifacts_part2_g532/predictions/g532_final_consensus_tape.csv
2024-08-23,0,0.2020750938207224,0.368298988945985,0.871445,1.203527,0.5,0.535781,0.510223,0.339955,0.75,0.6,0.897769,0.403996,0.137431,0.645276,0,low_agreement,FLAT,0.0,0.0,0.0,0.0,0,0.12779,0.841099,0.134753,0.433335,part2a21_soft_caution_overlay,artifacts_part2_g532/predictions/g532_final_consensus_tape.csv
2024-08-26,0,0.2019698672094945,0.3938523542463675,1.405068,1.315707,0.75,0.535836,0.510239,0.39705,0.75,0.6,0.897613,0.403926,0.136151,0.647416,1,ok,VOO,0.015575,0.015575,0.015575,0.0,0,0.127559,0.840918,0.135303,0.43437,part2a21_soft_caution_overlay,artifacts_part2_g532/predictions/g532_final_consensus_tape.csv
2024-08-27,0,0.2021647611320972,0.3593566429824221,1.037485,1.104666,0.5,0.535022,0.510006,0.289898,0.75,0.6,0.899937,0.404972,0.129339,0.65904,0,low_agreement,VOO,0.015575,0.015575,0.015575,0.0,0,0.12553,0.842462,0.130619,0.425564,part2a21_soft_caution_overlay,artifacts_part2_g532/predictions/g532_final_consensus_tape.csv
2024-08-28,0,0.2020276924212281,0.3909577651744078,1.426319,1.289624,0.75,0.545139,0.512897,0.380838,0.75,0.6,0.871032,0.391964,0.136168,0.647387,1,ok,VOO,0.015575,0.015575,0.015575,0.0,0,0.178645,0.815718,0.170894,0.50128,part2a21_soft_caution_overlay,artifacts_part2_g532/predictions/g532_final_consensus_tape.csv
2024-08-29,0,0.2017547344324712,0.4169079719697766,1.1531,1.205635,0.75,0.532584,0.50931,0.342099,0.75,0.6,0.906902,0.408106,0.072153,0.77603,1,ok,VOO,0.015575,0.015575,0.015575,0.0,0,0.127254,0.848749,0.111558,0.389729,part2a21_soft_caution_overlay,artifacts_part2_g532/predictions/g532_final_consensus_tape.csv
2024-08-30,0,0.2019687538453411,0.3827169592607671,0.801719,1.127046,0.5,0.532025,0.50915,0.302352,0.75,0.6,0.9085,0.408825,0.095398,0.723803,0,low_agreement,VOO,0.015575,0.015575,0.015575,0.0,0,0.122787,0.849159,0.110317,0.387397,part2a21_soft_caution_overlay,artifacts_part2_g532/predictions/g532_final_consensus_tape.csv
2024-09-02,0,0.2019538166081538,0.3876653741652746,1.16703,1.040616,0.75,0.531537,0.50901,0.258618,0.75,0.6,0.909895,0.409453,0.088225,0.739154,1,ok,VOO,0.011741,0.011741,0.011741,0.0,0,0.1218,0.850135,0.107357,0.381831,part2a21_soft_caution_overlay,artifacts_part2_g532/predictions/g532_final_consensus_tape.csv
2024-09-03,0,0.201288321303005,0.4898644603536592,1.92347,1.297406,0.75,0.552933,0.515124,0.382356,0.75,0.6,0.848763,0.381943,0.164468,0.603183,1,ok,VOO,0.011741,0.011741,0.011741,0.0,1,0.222735,0.791037,0.199879,0.555773,part2a21_soft_caution_overlay,artifacts_part2_g532/predictions/g532_final_consensus_tape.csv
2024-09-04,0,0.1970609340775773,0.4574816481276325,1.043053,1.377851,0.75,0.541305,0.511802,0.427093,0.75,0.6,0.881984,0.396893,0.167205,0.599226,1,ok,VOO,0.011741,0.011741,0.011741,0.0,0,0.111256,0.649223,0.186086,0.529842,part2a21_soft_caution_overlay,artifacts_part2_g532/predictions/g532_final_consensus_tape.csv
2024-09-05,0,0.1973563297715606,0.4705657466423404,0.956464,1.307662,0.5,0.540951,0.5117,0.391369,0.75,0.6,0.882997,0.397349,0.167605,0.598652,0,low_agreement,VOO,0.011741,0.011741,0.011741,0.0,0,0.112659,0.652208,0.182573,0.523238,part2a21_soft_caution_overlay,artifacts_part2_g532/predictions/g532_final_consensus_tape.csv
2024-09-06,0,0.1921166548987366,0.3725168299007319,1.688993,1.229504,0.75,0.540684,0.511624,0.351561,0.5,0.6,0.883761,0.159077,0.177188,0.585222,1,ok,VOO,0.011741,0.011741,0.011741,0.0,0,0.108872,0.651809,0.183044,0.524123,part2a21_soft_caution_overlay,artifacts_part2_g532/predictions/g532_final_consensus_tape.csv
2024-09-09,0,0.195802252705124,0.4506974868311557,0.472322,1.03926,0.5,0.541652,0.511901,0.254096,0.5,0.6,0.880993,0.158579,0.191477,0.566281,0,low_agreement,FLAT,0.0,0.0,0.0,0.0,0,0.111952,0.647423,0.188193,0.533802,part2a21_soft_caution_overlay,artifacts_part2_g532/predictions/g532_final_consensus_tape.csv
2024-09-10,0,0.1889026529493669,0.339997716938543,0.564177,0.908497,0.5,0.540937,0.511696,0.18762,0.5,0.6,0.883036,0.158947,0.190194,0.567931,0,low_agreement,FLAT,0.0,0.0,0.0,0.0,0,0.112935,0.652444,0.182293,0.522711,part2a21_soft_caution_overlay,artifacts_part2_g532/predictions/g532_final_consensus_tape.csv
2024-09-11,0,0.1884670646151741,0.3274270635967446,0.292436,0.442978,0.5,0.538902,0.511115,0.0,0.5,0.6,0.888851,0.159993,0.20381,0.550891,0,weak_score,FLAT,0.0,0.0,0.0,0.0,0,0.104821,0.660608,0.172536,0.504368,part2a21_soft_caution_overlay,artifacts_part2_g532/predictions/g532_final_consensus_tape.csv
2024-09-12,0,0.193872203841596,0.4254923652787138,0.677573,0.511395,0.5,0.53049,0.508712,0.0,0.5,0.6,0.912885,0.164319,0.212645,0.540371,0,weak_score,FLAT,0.0,0.0,0.0,0.0,0,0.076621,0.689322,0.128763,0.422075,part2a21_soft_caution_overlay,artifacts_part2_g532/predictions/g532_final_consensus_tape.csv
2024-09-13,0,0.1915470524383825,0.4024887899248501,0.881698,0.617235,0.5,0.527814,0.507947,0.045341,0.5,0.6,0.920531,0.165696,0.199663,0.555972,0,low_agreement,FLAT,0.0,0.0,0.0,0.0,0,0.066845,0.693744,0.115355,0.396867,part2a21_soft_caution_overlay,artifacts_part2_g532/predictions/g532_final_consensus_tape.csv
2024-09-16,0,0.1883962096772453,0.3508312458305622,1.112577,0.890616,0.75,0.529892,0.508541,0.183099,0.5,0.6,0.914594,0.164627,0.199361,0.556346,1,ok,VOO,0.002515,0.002515,0.002515,0.0,0,0.074714,0.69037,0.125587,0.416103,part2a21_soft_caution_overlay,artifacts_part2_g532/predictions/g532_final_consensus_tape.csv
2024-09-17,0,0.1890156927225539,0.3541268693405519,0.994714,0.99633,0.75,0.531124,0.508893,0.23628,0.5,0.6,0.911073,0.163993,0.145709,0.631777,1,ok,VOO,0.002515,0.002515,0.002515,0.0,0,0.081966,0.688918,0.129989,0.424379,part2a21_soft_caution_overlay,artifacts_part2_g532/predictions/g532_final_consensus_tape.csv
2024-09-18,0,0.1908794508531695,0.3813203273038615,1.195935,1.101075,0.75,0.529788,0.508511,0.289962,0.5,0.6,0.914891,0.16468,0.137381,0.645359,1,ok,VOO,0.002515,0.002515,0.002515,0.0,0,0.077212,0.691153,0.123211,0.411636,part2a21_soft_caution_overlay,artifacts_part2_g532/predictions/g532_final_consensus_tape.csv
2024-09-19,0,0.1885496777430302,0.346771588870142,0.375399,0.855349,0.5,0.528344,0.508098,0.165853,0.5,0.6,0.919017,0.165423,0.155642,0.616307,0,low_agreement,VOO,0.002515,0.002515,0.002515,0.0,0,0.072153,0.693585,0.115837,0.397774,part2a21_soft_caution_overlay,artifacts_part2_g532/predictions/g532_final_consensus_tape.csv
2024-09-20,0,0.1966770991135316,0.4758884494635789,1.20424,0.925191,0.75,0.523815,0.506804,0.203107,0.971029,0.6,0.931958,0.542975,0.104323,0.70557,1,ok,VOO,0.002515,0.002515,0.002515,0.0,0,0.065655,0.703205,0.086672,0.342943,part2a21_soft_caution_overlay,artifacts_part2_g532/predictions/g532_final_consensus_tape.csv
2024-09-23,0,0.1895704897801139,0.3742567253114465,1.080509,0.886716,0.5,0.524275,0.506936,0.183447,0.970212,0.6,0.930642,0.541752,0.101634,0.710967,0,low_agreement,FLAT,0.0,0.0,0.0,0.0,0,0.067161,0.702407,0.089092,0.347493,part2a21_soft_caution_overlay,artifacts_part2_g532/predictions/g532_final_consensus_tape.csv
2024-09-24,0,0.1942607442105426,0.456471125601061,1.024101,1.10295,0.5,0.524087,0.506882,0.29296,0.970543,0.6,0.93118,0.542251,0.099578,0.715147,0,low_agreement,FLAT,0.0,0.0,0.0,0.0,0,0.066626,0.70275,0.088049,0.345533,part2a21_soft_caution_overlay,artifacts_part2_g532/predictions/g532_final_consensus_tape.csv
2024-09-25,0,0.1945284277752578,0.444458309862057,1.17897,1.094527,0.5,0.523435,0.506696,0.288931,0.971788,0.6,0.933042,0.544031,0.094189,0.726345,0,low_agreement,FLAT,0.0,0.0,0.0,0.0,0,0.061953,0.70334,0.086262,0.342173,part2a21_soft_caution_overlay,artifacts_part2_g532/predictions/g532_final_consensus_tape.csv
2024-09-26,0,0.1903167289367153,0.4078712328294249,1.088144,1.097072,0.5,0.523893,0.506827,0.290055,0.970856,0.6,0.931734,0.542747,0.08777,0.740149,0,low_agreement,FLAT,0.0,0.0,0.0,0.0,0,0.06689,0.703277,0.086453,0.342533,part2a21_soft_caution_overlay,artifacts_part2_g532/predictions/g532_final_consensus_tape.csv
2024-09-27,0,0.1880251195759377,0.3717567259712899,1.457358,1.241491,0.75,0.525184,0.507196,0.362721,0.968599,0.6,0.928045,0.539342,0.097877,0.718646,1,ok,FLAT,0.0,0.0,0.0,0.0,0,0.07013,0.70083,0.093873,0.356482,part2a21_soft_caution_overlay,artifacts_part2_g532/predictions/g532_final_consensus_tape.csv
2024-09-30,0,0.191286441777806,0.3961015976829221,1.169581,1.238361,0.5,0.525949,0.507414,0.360889,0.967203,0.6,0.925861,0.537297,0.098065,0.718256,0,low_agreement,FLAT,0.0,0.0,0.0,0.0,0,0.073766,0.699746,0.097159,0.362659,part2a21_soft_caution_overlay,artifacts_part2_g532/predictions/g532_final_consensus_tape.csv
2024-10-01,0,0.1890696561263203,0.3610083294891527,1.612354,1.413098,0.75,0.538812,0.511089,0.445794,0.75,0.6,0.889109,0.400099,0.128087,0.661223,1,ok,FLAT,0.0,0.0,0.0,0.0,0,0.110402,0.664117,0.168276,0.496358,part2a21_soft_caution_overlay,artifacts_part2_g532/predictions/g532_final_consensus_tape.csv
2024-10-02,0,0.18543854588827,0.6786026872815955,1.167827,1.316588,0.5,0.537314,0.510661,0.397045,0.65,0.6,0.893389,0.348422,0.128163,0.661091,0,high_risk_veto,FLAT,0.0,0.0,0.0,0.0,0,0.151023,0.860877,0.131069,0.426411,part2a21_soft_caution_overlay,artifacts_part2_g532/predictions/g532_final_consensus_tape.csv
2024-10-03,0,0.188327412514176,0.6569857233984285,1.25752,1.345901,0.75,0.539902,0.5114,0.411203,0.65,0.6,0.885995,0.345538,0.092571,0.729776,0,high_risk_veto,FLAT,0.0,0.0,0.0,0.0,0,0.16953,0.858525,0.138201,0.439818,part2a21_soft_caution_overlay,artifacts_part2_g532/predictions/g532_final_consensus_tape.csv
2024-10-04,0,0.1970392120268115,0.60615197014822,0.983539,1.136295,0.5,0.53418,0.509766,0.306292,0.65,0.6,0.902344,0.351914,0.129289,0.659128,0,high_risk_veto,FLAT,0.0,0.0,0.0,0.0,0,0.145663,0.86735,0.111445,0.389516,part2a21_soft_caution_overlay,artifacts_part2_g532/predictions/g532_final_consensus_tape.csv
2024-10-07,0,0.1826565239157768,0.687077671478045,1.655448,1.298836,0.75,0.540647,0.511613,0.386959,0.65,0.6,0.883866,0.344708,0.135198,0.649017,0,high_risk_veto,FLAT,0.0,0.0,0.0,0.0,0,0.167169,0.854846,0.145211,0.452997,part2a21_soft_caution_overlay,artifacts_part2_g532/predictions/g532_final_consensus_tape.csv
2024-10-08,0,0.1939803356391425,0.6108516649255109,0.889454,1.176147,0.5,0.538696,0.511056,0.325014,0.65,0.6,0.889439,0.346881,0.139557,0.641754,0,high_risk_veto,FLAT,0.0,0.0,0.0,0.0,0,0.162264,0.859908,0.134008,0.431935,part2a21_soft_caution_overlay,artifacts_part2_g532/predictions/g532_final_consensus_tape.csv
2024-10-09,0,0.1952726200691248,0.6082820126987846,1.149666,1.231522,0.5,0.537746,0.510784,0.353561,0.65,0.6,0.892155,0.347941,0.145399,0.632272,0,high_risk_veto,FLAT,0.0,0.0,0.0,0.0,0,0.155325,0.860743,0.131477,0.427178,part2a21_soft_caution_overlay,artifacts_part2_g532/predictions/g532_final_consensus_tape.csv
2024-10-10,0,0.1876103254456992,0.6486612963368749,1.415179,1.151433,0.75,0.538518,0.511005,0.312476,0.65,0.6,0.88995,0.34708,0.14704,0.629659,0,high_risk_veto,FLAT,0.0,0.0,0.0,0.0,0,0.153538,0.858488,0.138313,0.440029,part2a21_soft_caution_overlay,artifacts_part2_g532/predictions/g532_final_consensus_tape.csv
2024-10-11,0,0.1949402327285888,0.6037375813897115,1.317294,1.294046,0.5,0.535147,0.510042,0.386237,0.65,0.6,0.89958,0.350836,0.14073,0.639828,0,high_risk_veto,FLAT,0.0,0.0,0.0,0.0,0,0.150568,0.866043,0.115408,0.396968,part2a21_soft_caution_overlay,artifacts_part2_g532/predictions/g532_final_consensus_tape.csv
2024-10-14,0,0.186821545277231,0.650854139326762,1.123799,1.285424,0.5,0.536217,0.510348,0.381512,0.65,0.6,0.896524,0.349644,0.143336,0.63559,0,high_risk_veto,FLAT,0.0,0.0,0.0,0.0,0,0.142629,0.861758,0.128399,0.42139,part2a21_soft_caution_overlay,artifacts_part2_g532/predictions/g532_final_consensus_tape.csv
2024-10-15,0,0.1870832540045165,0.6412088220066693,1.686085,1.375726,0.75,0.536651,0.510472,0.427369,0.65,0.6,0.895283,0.34916,0.142453,0.63702,0,high_risk_veto,FLAT,0.0,0.0,0.0,0.0,0,0.145386,0.861289,0.129821,0.424064,part2a21_soft_caution_overlay,artifacts_part2_g532/predictions/g532_final_consensus_tape.csv
2024-10-16,0,0.1880399362622656,0.629385144471788,1.226848,1.345578,0.75,0.538699,0.511057,0.4114,0.65,0.6,0.889431,0.346878,0.142542,0.636875,0,high_risk_veto,FLAT,0.0,0.0,0.0,0.0,0,0.149344,0.857059,0.142354,0.447625,part2a21_soft_caution_overlay,artifacts_part2_g532/predictions/g532_final_consensus_tape.csv
2024-10-17,0,0.1916719195867233,0.6027109353580288,1.22637,1.379768,0.5,0.539296,0.511227,0.428658,0.65,0.6,0.887727,0.346213,0.142631,0.63673,0,high_risk_veto,FLAT,0.0,0.0,0.0,0.0,0,0.151045,0.854505,0.14565,0.453822,part2a21_soft_caution_overlay,artifacts_part2_g532/predictions/g532_final_consensus_tape.csv
2024-10-18,0,0.2059713022083169,0.5306292793844407,1.096102,1.183107,0.5,0.537785,0.510796,0.328874,0.65,0.6,0.892042,0.347896,0.116749,0.681666,0,high_risk_veto,FLAT,0.0,0.0,0.0,0.0,0,0.149241,0.859353,0.13569,0.435098,part2a21_soft_caution_overlay,artifacts_part2_g532/predictions/g532_final_consensus_tape.csv
2024-10-21,0,0.2189929533103009,0.4551954078941896,1.261742,1.194738,0.5,0.536191,0.51034,0.335342,0.65,0.6,0.896597,0.349673,0.108831,0.696708,0,high_risk_veto,FLAT,0.0,0.0,0.0,0.0,0,0.129475,0.779025,0.136685,0.436969,part2a21_soft_caution_overlay,artifacts_part2_g532/predictions/g532_final_consensus_tape.csv
2024-10-22,0,0.2075503659060011,0.5149597813552901,1.269411,1.209085,0.5,0.535502,0.510143,0.342878,0.65,0.6,0.898566,0.350441,0.106415,0.701429,0,high_risk_veto,FLAT,0.0,0.0,0.0,0.0,0,0.129156,0.78063,0.131818,0.427818,part2a21_soft_caution_overlay,artifacts_part2_g532/predictions/g532_final_consensus_tape.csv
2024-10-23,0,0.2094945432409533,0.4991470959634655,1.729179,1.420111,0.75,0.534081,0.509737,0.450695,0.65,0.6,0.902625,0.352024,0.107165,0.699956,0,high_risk_veto,FLAT,0.0,0.0,0.0,0.0,0,0.126112,0.783434,0.123316,0.411835,part2a21_soft_caution_overlay,artifacts_part2_g532/predictions/g532_final_consensus_tape.csv
2024-10-24,0,0.205514175971062,0.5369440217132041,1.079345,1.359312,0.5,0.53625,0.510357,0.419128,0.65,0.6,0.896429,0.349607,0.106317,0.701623,0,high_risk_veto,FLAT,0.0,0.0,0.0,0.0,0,0.15266,0.863809,0.122181,0.409699,part2a21_soft_caution_overlay,artifacts_part2_g532/predictions/g532_final_consensus_tape.csv
2024-10-25,0,0.1966077607029689,0.6023902125084412,1.209454,1.339326,0.5,0.537498,0.510714,0.408574,0.65,0.6,0.892862,0.348216,0.103687,0.70684,0,high_risk_veto,FLAT,0.0,0.0,0.0,0.0,0,0.152428,0.860728,0.131523,0.427264,part2a21_soft_caution_overlay,artifacts_part2_g532/predictions/g532_final_consensus_tape.csv
2024-10-28,0,0.2222736577991839,0.479575254615459,1.421286,1.236695,0.75,0.532244,0.509212,0.357997,0.65,0.6,0.907875,0.354071,0.094854,0.724944,0,high_risk_veto,FLAT,0.0,0.0,0.0,0.0,0,0.12836,0.788375,0.108337,0.383673,part2a21_soft_caution_overlay,artifacts_part2_g532/predictions/g532_final_consensus_tape.csv
2024-10-29,0,0.1865887760711638,0.6691135025657703,1.210525,1.280422,0.5,0.539697,0.511342,0.377862,0.65,0.6,0.88658,0.345766,0.059689,0.80726,0,high_risk_veto,FLAT,0.0,0.0,0.0,0.0,0,0.171057,0.859347,0.13571,0.435135,part2a21_soft_caution_overlay,artifacts_part2_g532/predictions/g532_final_consensus_tape.csv
2024-10-30,0,0.1994431628312667,0.3753683360463662,1.672713,1.434841,0.75,0.528361,0.508103,0.45976,0.65,0.6,0.918969,0.358398,0.061837,0.801701,0,high_risk_veto,FLAT,0.0,0.0,0.0,0.0,0,0.074133,0.641993,0.114686,0.39561,part2a21_soft_caution_overlay,artifacts_part2_g532/predictions/g532_final_consensus_tape.csv
2024-10-31,0,0.1995433298158486,0.3833374710868227,2.216556,1.699931,0.75,0.533529,0.50958,0.593145,0.65,0.6,0.904202,0.352639,0.117499,0.680275,0,high_risk_veto,FLAT,0.0,0.0,0.0,0.0,0,0.077855,0.626545,0.150345,0.462649,part2a21_soft_caution_overlay,artifacts_part2_g532/predictions/g532_final_consensus_tape.csv
2024-11-01,0,0.2101883737672846,0.4691762198557831,1.25599,1.715086,0.5,0.530109,0.508603,0.601545,0.65,0.6,0.913974,0.35645,0.129716,0.658387,0,high_risk_veto,FLAT,0.0,0.0,0.0,0.0,0,0.048894,0.551636,0.143821,0.450384,part2a21_soft_caution_overlay,artifacts_part2_g532/predictions/g532_final_consensus_tape.csv
2024-11-04,0,0.1927514131730597,0.3168123424931096,1.56878,1.680442,0.75,0.533216,0.50949,0.583301,0.65,0.6,0.905096,0.352988,0.128861,0.659872,0,high_risk_veto,FLAT,0.0,0.0,0.0,0.0,0,0.078441,0.628647,0.147663,0.457607,part2a21_soft_caution_overlay,artifacts_part2_g532/predictions/g532_final_consensus_tape.csv
2024-11-05,0,0.1906365159502053,0.3098302801374626,1.108551,1.311107,0.5,0.533119,0.509463,0.395544,0.65,0.6,0.905374,0.353096,0.144652,0.63347,0,high_risk_veto,FLAT,0.0,0.0,0.0,0.0,0,0.078222,0.629096,0.147089,0.456528,part2a21_soft_caution_overlay,artifacts_part2_g532/predictions/g532_final_consensus_tape.csv
2024-11-06,0,0.1869627240690726,0.2554580503690231,0.815003,1.164111,0.5,0.531383,0.508967,0.321407,0.75,0.6,0.910334,0.40965,0.223823,0.527623,0,low_agreement,FLAT,0.0,0.0,0.0,0.0,0,0.07419,0.634665,0.136903,0.437378,part2a21_soft_caution_overlay,artifacts_part2_g532/predictions/g532_final_consensus_tape.csv
2024-11-07,0,0.1814160534284346,0.1988174690139547,1.188618,1.03739,0.5,0.535222,0.510063,0.255585,0.75,0.6,0.899367,0.404715,0.223964,0.527466,0,low_agreement,FLAT,0.0,0.0,0.0,0.0,0,0.08176,0.61863,0.160292,0.481349,part2a21_soft_caution_overlay,artifacts_part2_g532/predictions/g532_final_consensus_tape.csv
2024-11-08,0,0.1842757558003204,0.2339347527940307,1.596347,1.199989,0.5,0.527968,0.507991,0.340776,0.75,0.6,0.92009,0.414041,0.22387,0.527571,0,low_agreement,FLAT,0.0,0.0,0.0,0.0,0,0.063375,0.64066,0.118726,0.403205,part2a21_soft_caution_overlay,artifacts_part2_g532/predictions/g532_final_consensus_tape.csv
2024-11-11,0,0.1810024886784434,0.2071392654559114,1.688386,1.491117,0.75,0.528315,0.50809,0.488314,0.75,0.6,0.919101,0.413595,0.223658,0.527807,1,ok,VOO,0.01599,0.01599,0.01599,0.0,0,0.06271,0.639678,0.121705,0.408805,part2a21_soft_caution_overlay,artifacts_part2_g532/predictions/g532_final_consensus_tape.csv
2024-11-12,0,0.1914437859083555,0.3027618305875093,1.712602,1.665778,0.75,0.524935,0.507124,0.577623,0.969406,0.6,0.928758,0.540206,0.223291,0.528217,1,ok,VOO,0.01599,0.01599,0.01599,0.0,0,0.058814,0.647059,0.099325,0.366731,part2a21_soft_caution_overlay,artifacts_part2_g532/predictions/g532_final_consensus_tape.csv
2024-11-13,0,0.1835132557583205,0.2350324340227269,1.678644,1.693211,0.75,0.525979,0.507423,0.591297,0.967596,0.6,0.925775,0.537466,0.221923,0.529748,1,ok,VOO,0.01599,0.01599,0.01599,0.0,0,0.060962,0.644979,0.105631,0.378587,part2a21_soft_caution_overlay,artifacts_part2_g532/predictions/g532_final_consensus_tape.csv
2024-11-14,0,0.1908850431277216,0.2940804178280174,1.809052,1.733433,0.75,0.527696,0.507913,0.611334,0.75,0.6,0.920868,0.41439,0.190993,0.566902,1,ok,VOO,0.01599,0.01599,0.01599,0.0,0,0.063531,0.641354,0.116623,0.399252,part2a21_soft_caution_overlay,artifacts_part2_g532/predictions/g532_final_consensus_tape.csv
2024-11-15,0,0.195471214837058,0.3629197363630141,2.208074,1.89859,0.75,0.531381,0.508966,0.694502,0.75,0.6,0.91034,0.409653,0.209798,0.543717,1,ok,VOO,0.01599,0.01599,0.01599,0.0,0,0.075778,0.635007,0.135866,0.435428,part2a21_soft_caution_overlay,artifacts_part2_g532/predictions/g532_final_consensus_tape.csv
2024-11-18,0,0.1934327201833063,0.3315680968668742,1.27562,1.764249,0.5,0.531811,0.509089,0.626179,0.75,0.6,0.909111,0.4091,0.201884,0.553239,0,low_agreement,FLAT,0.0,0.0,0.0,0.0,0,0.075599,0.633925,0.139147,0.441597,part2a21_soft_caution_overlay,artifacts_part2_g532/predictions/g532_final_consensus_tape.csv
2024-11-19,0,0.2010938761864966,0.4164970674770185,1.262139,1.581944,0.5,0.531678,0.509051,0.533585,0.75,0.6,0.909492,0.409272,0.197576,0.558564,0,low_agreement,FLAT,0.0,0.0,0.0,0.0,0,0.079508,0.635079,0.135646,0.435014,part2a21_soft_caution_overlay,artifacts_part2_g532/predictions/g532_final_consensus_tape.csv
2024-11-20,0,0.2099855571067538,0.4729820815017926,1.515216,1.350992,0.75,0.527761,0.507932,0.417409,0.75,0.6,0.920684,0.414308,0.08483,0.746647,1,ok,FLAT,0.0,0.0,0.0,0.0,0,0.042737,0.556778,0.130495,0.42533,part2a21_soft_caution_overlay,artifacts_part2_g532/predictions/g532_final_consensus_tape.csv
2024-11-21,0,0.1956927806900135,0.3361618929637422,1.441156,1.40617,0.5,0.535235,0.510067,0.443277,0.75,0.6,0.899327,0.404697,0.090058,0.735169,0,low_agreement,FLAT,0.0,0.0,0.0,0.0,0,0.088593,0.622075,0.15599,0.473262,part2a21_soft_caution_overlay,artifacts_part2_g532/predictions/g532_final_consensus_tape.csv
2024-11-22,0,0.1918357547932734,0.2850712180441315,1.510501,1.488958,0.5,0.527047,0.507728,0.487549,0.75,0.6,0.922724,0.415226,0.090363,0.73451,0,low_agreement,FLAT,0.0,0.0,0.0,0.0,0,0.066555,0.643574,0.109891,0.386595,part2a21_soft_caution_overlay,artifacts_part2_g532/predictions/g532_final_consensus_tape.csv
2024-11-25,0,0.1869940220021067,0.2450625970914545,1.474052,1.475236,0.5,0.52782,0.507949,0.48039,0.75,0.6,0.920513,0.414231,0.095718,0.723132,0,low_agreement,FLAT,0.0,0.0,0.0,0.0,0,0.067593,0.641916,0.114919,0.396048,part2a21_soft_caution_overlay,artifacts_part2_g532/predictions/g532_final_consensus_tape.csv
2024-11-26,0,0.1939386392101469,0.3098698942291472,1.29914,1.427898,0.5,0.527637,0.507896,0.456438,0.75,0.6,0.921038,0.414467,0.103416,0.707382,0,low_agreement,FLAT,0.0,0.0,0.0,0.0,0,0.067329,0.642306,0.113737,0.393825,part2a21_soft_caution_overlay,artifacts_part2_g532/predictions/g532_final_consensus_tape.csv
2024-11-27,0,0.2084218360722406,0.4992470699049458,1.645733,1.472975,0.75,0.530274,0.50865,0.478595,0.75,0.6,0.913503,0.411077,0.108125,0.698081,1,ok,FLAT,0.0,0.0,0.0,0.0,0,0.082612,0.696149,0.123308,0.411819,part2a21_soft_caution_overlay,artifacts_part2_g532/predictions/g532_final_consensus_tape.csv
2024-11-28,0,0.1956522569623379,0.3843784993330989,1.396482,1.447118,0.75,0.530933,0.508838,0.465289,0.75,0.6,0.911621,0.410229,0.104609,0.705002,1,ok,FLAT,0.0,0.0,0.0,0.0,0,0.104661,0.779234,0.113954,0.394233,part2a21_soft_caution_overlay,artifacts_part2_g532/predictions/g532_final_consensus_tape.csv
2024-11-29,0,0.1939208447421258,0.3778714076061523,1.137887,1.393367,0.5,0.530216,0.508633,0.438196,0.75,0.6,0.913668,0.41115,0.076863,0.764847,0,low_agreement,FLAT,0.0,0.0,0.0,0.0,0,0.102729,0.780563,0.109923,0.386655,part2a21_soft_caution_overlay,artifacts_part2_g532/predictions/g532_final_consensus_tape.csv
2024-12-02,0,0.1927183363978931,0.3745115380306929,1.147446,1.227272,0.5,0.529866,0.508533,0.353989,0.959581,0.6,0.914669,0.526619,0.077447,0.763483,0,low_agreement,FLAT,0.0,0.0,0.0,0.0,0,0.105939,0.782097,0.105274,0.377915,part2a21_soft_caution_overlay,artifacts_part2_g532/predictions/g532_final_consensus_tape.csv
2024-12-03,0,0.1942380277505486,0.3776969096917451,1.419983,1.235106,0.5,0.530136,0.50861,0.357877,0.959,0.6,0.913898,0.525857,0.07822,0.761685,0,low_agreement,FLAT,0.0,0.0,0.0,0.0,0,0.10977,0.782256,0.104792,0.377009,part2a21_soft_caution_overlay,artifacts_part2_g532/predictions/g532_final_consensus_tape.csv
2024-12-04,0,0.192604480493573,0.3646340434826338,1.151827,1.239752,0.5,0.527058,0.507731,0.361234,0.964762,0.6,0.922692,0.534107,0.078472,0.7611,0,low_agreement,FLAT,0.0,0.0,0.0,0.0,0,0.091056,0.785754,0.094185,0.357067,part2a21_soft_caution_overlay,artifacts_part2_g532/predictions/g532_final_consensus_tape.csv
2024-12-05,0,0.1936198397376146,0.3657725024785289,1.565329,1.379046,0.75,0.531433,0.508981,0.430574,0.65,0.6,0.910193,0.354975,0.075134,0.768913,0,high_risk_veto,FLAT,0.0,0.0,0.0,0.0,0,0.110653,0.779294,0.113773,0.393893,part2a21_soft_caution_overlay,artifacts_part2_g532/predictions/g532_final_consensus_tape.csv
2024-12-06,0,0.1924015292768267,0.3692764058835729,1.267951,1.328369,0.5,0.533973,0.509707,0.404062,0.65,0.6,0.902934,0.352144,0.074263,0.77098,0,high_risk_veto,FLAT,0.0,0.0,0.0,0.0,0,0.120316,0.775177,0.126256,0.417361,part2a21_soft_caution_overlay,artifacts_part2_g532/predictions/g532_final_consensus_tape.csv
2024-12-09,0,0.1969114232390474,0.4067639784263901,1.779345,1.537542,0.75,0.529919,0.508548,0.511463,0.65,0.6,0.914516,0.356661,0.062693,0.799507,0,high_risk_veto,FLAT,0.0,0.0,0.0,0.0,0,0.103242,0.781394,0.107406,0.381923,part2a21_soft_caution_overlay,artifacts_part2_g532/predictions/g532_final_consensus_tape.csv
2024-12-10,0,0.1991564709995209,0.421719887515263,1.615955,1.554417,0.75,0.530296,0.508656,0.519937,0.65,0.6,0.913441,0.356242,0.048521,0.837461,0,high_risk_veto,FLAT,0.0,0.0,0.0,0.0,0,0.103191,0.780469,0.11021,0.387195,part2a21_soft_caution_overlay,artifacts_part2_g532/predictions/g532_final_consensus_tape.csv
2024-12-11,0,0.1974680304008995,0.4077811165548244,1.085228,1.493509,0.5,0.534903,0.509972,0.487816,0.65,0.6,0.900278,0.351108,0.058582,0.810157,0,high_risk_veto,FLAT,0.0,0.0,0.0,0.0,0,0.131332,0.77526,0.126003,0.416885,part2a21_soft_caution_overlay,artifacts_part2_g532/predictions/g532_final_consensus_tape.csv
2024-12-12,0,0.2004754911400481,0.4342415999292522,1.848882,1.516688,0.75,0.530524,0.508721,0.500724,0.65,0.6,0.912788,0.355987,0.059898,0.806718,0,high_risk_veto,FLAT,0.0,0.0,0.0,0.0,0,0.113223,0.782046,0.105427,0.378203,part2a21_soft_caution_overlay,artifacts_part2_g532/predictions/g532_final_consensus_tape.csv
2024-12-13,0,0.1976001653625436,0.4110581504149126,1.513898,1.482669,0.5,0.534115,0.509747,0.482507,0.65,0.6,0.902529,0.351986,0.062087,0.801059,0,high_risk_veto,FLAT,0.0,0.0,0.0,0.0,0,0.134663,0.777882,0.118054,0.401941,part2a21_soft_caution_overlay,artifacts_part2_g532/predictions/g532_final_consensus_tape.csv
2024-12-16,0,0.207983060347787,0.5033562766727612,1.417651,1.593477,0.5,0.532576,0.509307,0.539233,0.65,0.6,0.906926,0.353701,0.06257,0.799822,0,high_risk_veto,FLAT,0.0,0.0,0.0,0.0,0,0.109526,0.696277,0.122918,0.411086,part2a21_soft_caution_overlay,artifacts_part2_g532/predictions/g532_final_consensus_tape.csv
2024-12-17,0,0.2046729172692822,0.4588243626758634,1.948632,1.626727,0.75,0.540562,0.511589,0.554325,0.65,0.6,0.884109,0.344802,0.068594,0.784698,0,high_risk_veto,FLAT,0.0,0.0,0.0,0.0,0,0.163312,0.766111,0.14707,0.456491,part2a21_soft_caution_overlay,artifacts_part2_g532/predictions/g532_final_consensus_tape.csv
2024-12-18,0,0.1918290420446182,0.3103560645669826,2.82159,2.062624,0.75,0.542704,0.512201,0.776541,0.65,0.6,0.877989,0.342416,0.133578,0.651758,0,high_risk_veto,FLAT,0.0,0.0,0.0,0.0,0,0.144434,0.743586,0.175006,0.509011,part2a21_soft_caution_overlay,artifacts_part2_g532/predictions/g532_final_consensus_tape.csv
2024-12-19,0,0.1964300584541029,0.3707038965084108,1.740576,2.170266,0.75,0.542631,0.51218,0.831542,0.65,0.6,0.878197,0.342497,0.136501,0.646828,0,high_risk_veto,FLAT,0.0,0.0,0.0,0.0,0,0.150373,0.747198,0.170644,0.500811,part2a21_soft_caution_overlay,artifacts_part2_g532/predictions/g532_final_consensus_tape.csv
2024-12-20,0,0.2201744779956886,0.5706267691931535,1.336965,1.966377,0.5,0.541015,0.511719,0.727602,0.65,0.6,0.882815,0.344298,0.142874,0.636336,0,high_risk_veto,FLAT,0.0,0.0,0.0,0.0,0,0.173763,0.768752,0.143672,0.450102,part2a21_soft_caution_overlay,artifacts_part2_g532/predictions/g532_final_consensus_tape.csv
2024-12-23,0,0.2220372472839574,0.5803604226043779,1.315755,1.464432,0.5,0.535467,0.510134,0.472868,0.75,0.6,0.898665,0.404399,0.153539,0.619519,0,low_agreement,FLAT,0.0,0.0,0.0,0.0,0,0.124677,0.692475,0.134448,0.432762,part2a21_soft_caution_overlay,artifacts_part2_g532/predictions/g532_final_consensus_tape.csv
2024-12-24,0,0.1997775493770429,0.426548913252353,1.244447,1.299056,0.5,0.534729,0.509923,0.388917,0.75,0.6,0.900774,0.405348,0.158258,0.612357,0,low_agreement,FLAT,0.0,0.0,0.0,0.0,0,0.13902,0.777315,0.119771,0.40517,part2a21_soft_caution_overlay,artifacts_part2_g532/predictions/g532_final_consensus_tape.csv
2024-12-25,0,0.2047415135985537,0.4099270940873027,1.667401,1.409201,0.75,0.540292,0.511512,0.443387,0.75,0.6,0.88488,0.398196,0.151872,0.622089,1,ok,FLAT,0.0,0.0,0.0,0.0,0,0.178563,0.875208,0.135256,0.434281,part2a21_soft_caution_overlay,artifacts_part2_g532/predictions/g532_final_consensus_tape.csv
2024-12-26,0,0.2076343793824401,0.4379366456531241,1.709051,1.5403,0.75,0.539331,0.511237,0.510524,0.75,0.6,0.887627,0.399432,0.151611,0.622493,1,ok,FLAT,0.0,0.0,0.0,0.0,0,0.165041,0.794669,0.13689,0.437353,part2a21_soft_caution_overlay,artifacts_part2_g532/predictions/g532_final_consensus_tape.csv
2024-12-27,0,0.205847063570325,0.4175258442118006,2.092961,1.823138,0.75,0.540769,0.511648,0.654527,0.75,0.6,0.883518,0.397583,0.157023,0.614216,1,ok,FLAT,0.0,0.0,0.0,0.0,0,0.184868,0.87539,0.134703,0.433242,part2a21_soft_caution_overlay,artifacts_part2_g532/predictions/g532_final_consensus_tape.csv
2024-12-30,0,0.205802915581347,0.4179535897268722,2.017604,1.939872,0.75,0.549157,0.514045,0.712879,0.75,0.6,0.85955,0.386798,0.177305,0.585062,1,ok,VOO,0.024199,0.024199,0.024199,0.0,0,0.227624,0.85161,0.168928,0.497584,part2a21_soft_caution_overlay,artifacts_part2_g532/predictions/g532_final_consensus_tape.csv
2024-12-31,0,0.2089311985061497,0.4622116510886306,1.861186,1.990584,0.75,0.547737,0.513639,0.739064,0.75,0.6,0.863609,0.388624,0.176857,0.585676,1,ok,VOO,0.024199,0.024199,0.024199,0.0,0,0.181361,0.75538,0.188275,0.533956,part2a21_soft_caution_overlay,artifacts_part2_g532/predictions/g532_final_consensus_tape.csv
2025-01-01,0,0.2019998307268392,0.4017248711758012,1.592189,1.82366,0.75,0.549708,0.514202,0.653211,0.75,0.6,0.857977,0.38609,0.135622,0.648303,1,ok,VOO,0.024199,0.024199,0.024199,0.0,0,0.2178,0.842985,0.179312,0.517107,part2a21_soft_caution_overlay,artifacts_part2_g532/predictions/g532_final_consensus_tape.csv
2025-01-02,0,0.2059442515991647,0.4344240960387637,1.681005,1.71146,0.75,0.548154,0.513758,0.596003,0.75,0.6,0.862418,0.388088,0.135019,0.649319,1,ok,VOO,0.024199,0.024199,0.024199,0.0,0,0.218275,0.85273,0.167561,0.495014,part2a21_soft_caution_overlay,artifacts_part2_g532/predictions/g532_final_consensus_tape.csv
2025-01-03,0,0.2087079841358514,0.446193749157077,1.164325,1.479173,0.5,0.53956,0.511303,0.479287,0.75,0.6,0.886971,0.399137,0.149725,0.62543,0,low_agreement,VOO,0.024199,0.024199,0.024199,0.0,0,0.159231,0.792794,0.142324,0.447569,part2a21_soft_caution_overlay,artifacts_part2_g532/predictions/g532_final_consensus_tape.csv
2025-01-06,0,0.2096457483264328,0.4436863278938419,1.366891,1.404074,0.5,0.538695,0.511056,0.441226,0.75,0.6,0.889442,0.400249,0.1415,0.638569,0,low_agreement,FLAT,0.0,0.0,0.0,0.0,0,0.15968,0.795073,0.135665,0.43505,part2a21_soft_caution_overlay,artifacts_part2_g532/predictions/g532_final_consensus_tape.csv
2025-01-07,0,0.2006919811296267,0.4033092427895126,2.271537,1.600918,0.75,0.548242,0.513783,0.539347,0.75,0.6,0.862166,0.387975,0.133843,0.651309,1,ok,FLAT,0.0,0.0,0.0,0.0,0,0.227993,0.857295,0.161948,0.484462,part2a21_soft_caution_overlay,artifacts_part2_g532/predictions/g532_final_consensus_tape.csv
2025-01-08,0,0.2113915810185749,0.4719003983302673,1.670752,1.769727,0.75,0.545094,0.512884,0.626441,0.75,0.6,0.871159,0.392022,0.133722,0.651513,1,ok,FLAT,0.0,0.0,0.0,0.0,0,0.188739,0.775582,0.164063,0.488438,part2a21_soft_caution_overlay,artifacts_part2_g532/predictions/g532_final_consensus_tape.csv
2025-01-09,0,0.2035182624487301,0.4192626219513582,1.675313,1.872534,0.75,0.547978,0.513708,0.678556,0.75,0.6,0.862919,0.388314,0.133926,0.651168,1,ok,FLAT,0.0,0.0,0.0,0.0,0,0.219511,0.854436,0.165472,0.491086,part2a21_soft_caution_overlay,artifacts_part2_g532/predictions/g532_final_consensus_tape.csv
2025-01-10,0,0.2163342721584102,0.5138484809304334,2.186605,1.844223,0.75,0.554375,0.515536,0.662948,0.75,0.6,0.844643,0.380089,0.134201,0.650702,1,ok,FLAT,0.0,0.0,0.0,0.0,1,0.264884,0.839586,0.18334,0.524679,part2a21_soft_caution_overlay,artifacts_part2_g532/predictions/g532_final_consensus_tape.csv
2025-01-13,0,0.2410156051654919,0.5895604591472003,1.791168,1.884362,0.75,0.547101,0.513457,0.684757,0.75,0.6,0.865427,0.389442,0.104084,0.706047,1,ok,VOO,0.028243,0.028243,0.028243,0.0,0,0.198253,0.768495,0.172706,0.504687,part2a21_soft_caution_overlay,artifacts_part2_g532/predictions/g532_final_consensus_tape.csv
2025-01-14,0,0.2120238539661287,0.4766307368400364,1.749365,1.909046,0.75,0.545313,0.512947,0.697673,0.75,0.6,0.870534,0.39174,0.103088,0.708039,1,ok,VOO,0.028243,0.028243,0.028243,0.0,0,0.168846,0.763675,0.17849,0.515562,part2a21_soft_caution_overlay,artifacts_part2_g532/predictions/g532_final_consensus_tape.csv
2025-01-15,0,0.2149670146879552,0.4719839149640605,0.985544,1.508692,0.5,0.5417,0.511914,0.493792,0.75,0.6,0.880858,0.396386,0.108643,0.697072,0,low_agreement,VOO,0.028243,0.028243,0.028243,0.0,0,0.159185,0.780384,0.158107,0.477242,part2a21_soft_caution_overlay,artifacts_part2_g532/predictions/g532_final_consensus_tape.csv
2025-01-16,0,0.2084196570587318,0.4450501098919039,1.906287,1.547065,0.75,0.543398,0.512399,0.512964,0.75,0.6,0.876005,0.394202,0.109674,0.695075,1,ok,VOO,0.028243,0.028243,0.028243,0.0,0,0.164364,0.772961,0.167279,0.494484,part2a21_soft_caution_overlay,artifacts_part2_g532/predictions/g532_final_consensus_tape.csv
2025-01-17,0,0.2098584940520304,0.4286455930400457,1.231303,1.374378,0.5,0.540715,0.511633,0.425493,0.75,0.6,0.88367,0.397652,0.093227,0.728381,0,low_agreement,VOO,0.028243,0.028243,0.028243,0.0,0,0.15593,0.784484,0.152957,0.467559,part2a21_soft_caution_overlay,artifacts_part2_g532/predictions/g532_final_consensus_tape.csv
2025-01-20,0,0.2170131357204401,0.4778065443366014,1.757474,1.631688,0.75,0.541572,0.511878,0.556628,0.75,0.6,0.881223,0.396551,0.087093,0.741635,1,ok,VOO,0.024555,0.024555,0.024555,0.0,0,0.159686,0.781396,0.156843,0.474864,part2a21_soft_caution_overlay,artifacts_part2_g532/predictions/g532_final_consensus_tape.csv
2025-01-21,0,0.2019442498831929,0.3678166778110192,1.537515,1.508764,0.5,0.5416,0.511886,0.493854,0.75,0.6,0.881142,0.396514,0.081797,0.753472,0,low_agreement,VOO,0.024555,0.024555,0.024555,0.0,0,0.174628,0.868833,0.147425,0.457159,part2a21_soft_caution_overlay,artifacts_part2_g532/predictions/g532_final_consensus_tape.csv
2025-01-22,0,0.2019700411575008,0.7989087983205887,1.359889,1.551626,0.5,0.540813,0.511661,0.515935,0.75,0.6,0.883391,0.397526,0.087833,0.740011,0,low_agreement,VOO,0.024555,0.024555,0.024555,0.0,0,0.174269,0.833363,0.14186,0.446698,part2a21_soft_caution_overlay,artifacts_part2_g532/predictions/g532_final_consensus_tape.csv
2025-01-23,0,0.2077286897646196,0.7330424694255875,1.667146,1.521517,0.5,0.538394,0.51097,0.501183,0.75,0.6,0.890304,0.400637,0.0914,0.732279,0,low_agreement,VOO,0.024555,0.024555,0.024555,0.0,0,0.141806,0.751086,0.14496,0.452525,part2a21_soft_caution_overlay,artifacts_part2_g532/predictions/g532_final_consensus_tape.csv
2025-01-24,0,0.20193981229248,0.7836685104859219,1.878101,1.635045,0.75,0.53292,0.509406,0.560285,0.75,0.6,0.905944,0.407675,0.082108,0.752766,1,ok,VOO,0.024555,0.024555,0.024555,0.0,0,0.136495,0.844507,0.108074,0.383179,part2a21_soft_caution_overlay,artifacts_part2_g532/predictions/g532_final_consensus_tape.csv
2025-01-27,0,0.2087072031302399,0.7004198666181122,2.459259,2.001502,0.75,0.536724,0.510493,0.746089,0.75,0.6,0.895073,0.402783,0.145268,0.632482,1,ok,VOO,0.02851,0.02851,0.02851,0.0,0,0.122568,0.751006,0.145064,0.45272,part2a21_soft_caution_overlay,artifacts_part2_g532/predictions/g532_final_consensus_tape.csv
2025-01-28,0,0.2114847165736771,0.6744486309674208,1.037739,1.7917,0.5,0.536902,0.510543,0.639193,0.75,0.6,0.894567,0.402555,0.14973,0.625422,0,low_agreement,VOO,0.02851,0.02851,0.02851,0.0,0,0.121991,0.749701,0.14674,0.455871,part2a21_soft_caution_overlay,artifacts_part2_g532/predictions/g532_final_consensus_tape.csv
2025-01-29,0,0.2082346148084631,0.72195961790226,1.613556,1.703518,0.75,0.53469,0.509911,0.59473,0.75,0.6,0.900886,0.405399,0.147626,0.628732,1,ok,VOO,0.02851,0.02851,0.02851,0.0,0,0.111896,0.75498,0.136958,0.437481,part2a21_soft_caution_overlay,artifacts_part2_g532/predictions/g532_final_consensus_tape.csv
2025-01-30,0,0.206302100070778,0.7543154934711856,1.451917,1.367738,0.5,0.5359,0.510257,0.423521,0.75,0.6,0.897428,0.403842,0.145774,0.631673,0,low_agreement,VOO,0.02851,0.02851,0.02851,0.0,0,0.135896,0.83714,0.130408,0.425168,part2a21_soft_caution_overlay,artifacts_part2_g532/predictions/g532_final_consensus_tape.csv
2025-01-31,0,0.2077316112004273,0.7411038259414274,1.662345,1.575939,0.75,0.536728,0.510494,0.529326,0.75,0.6,0.895062,0.402778,0.141352,0.638811,1,ok,VOO,0.02851,0.02851,0.02851,0.0,0,0.118962,0.749173,0.147417,0.457145,part2a21_soft_caution_overlay,artifacts_part2_g532/predictions/g532_final_consensus_tape.csv
2025-02-03,0,0.2050532853201352,0.764839417200006,1.836244,1.650169,0.75,0.544384,0.512681,0.565441,0.75,0.6,0.873189,0.392935,0.146139,0.631092,1,ok,VOO,0.021033,0.021033,0.021033,0.0,0,0.172831,0.811818,0.16908,0.497871,part2a21_soft_caution_overlay,artifacts_part2_g532/predictions/g532_final_consensus_tape.csv
2025-02-04,0,0.213373206171963,0.6847888068848391,1.24293,1.580506,0.5,0.543129,0.512323,0.53012,0.75,0.6,0.876774,0.394548,0.144431,0.633824,0,low_agreement,VOO,0.021033,0.021033,0.021033,0.0,0,0.142241,0.723118,0.179551,0.517556,part2a21_soft_caution_overlay,artifacts_part2_g532/predictions/g532_final_consensus_tape.csv
2025-02-05,0,0.199763406093802,0.8235275290240233,1.469634,1.516269,0.5,0.540728,0.511637,0.49791,0.75,0.6,0.883634,0.397635,0.135314,0.648822,0,low_agreement,VOO,0.021033,0.021033,0.021033,0.0,0,0.158745,0.826176,0.151236,0.464324,part2a21_soft_caution_overlay,artifacts_part2_g532/predictions/g532_final_consensus_tape.csv
2025-02-06,0,0.2014886156971196,0.8001304847605543,1.428543,1.380369,0.5,0.545207,0.512916,0.427238,0.75,0.6,0.870836,0.391876,0.129347,0.659026,0,low_agreement,VOO,0.021033,0.021033,0.021033,0.0,0,0.181084,0.811205,0.169826,0.499274,part2a21_soft_caution_overlay,artifacts_part2_g532/predictions/g532_final_consensus_tape.csv
2025-02-07,0,0.2155138713646997,0.6672331246833106,1.992952,1.630376,0.75,0.539945,0.511413,0.556327,0.75,0.6,0.885871,0.398642,0.130399,0.657204,1,ok,VOO,0.021033,0.021033,0.021033,0.0,0,0.132136,0.737088,0.162616,0.485718,part2a21_soft_caution_overlay,artifacts_part2_g532/predictions/g532_final_consensus_tape.csv
2025-02-10,0,0.2052143051967015,0.7656880334366923,1.275422,1.565639,0.5,0.538042,0.510869,0.523761,0.75,0.6,0.891309,0.401089,0.090166,0.734935,0,low_agreement,FLAT,0.0,0.0,0.0,0.0,0,0.159058,0.836861,0.131254,0.426758,part2a21_soft_caution_overlay,artifacts_part2_g532/predictions/g532_final_consensus_tape.csv
2025-02-11,0,0.2110659523574471,0.6964383404340019,1.682482,1.650285,0.75,0.531935,0.509124,0.568249,0.75,0.6,0.908756,0.40894,0.081501,0.754145,1,ok,FLAT,0.0,0.0,0.0,0.0,0,0.115971,0.762536,0.114048,0.394411,part2a21_soft_caution_overlay,artifacts_part2_g532/predictions/g532_final_consensus_tape.csv
2025-02-12,0,0.2167625330816942,0.6345121711208227,1.672074,1.543326,0.75,0.537723,0.510778,0.512468,0.65,0.6,0.892221,0.347966,0.081059,0.755151,0,high_risk_veto,FLAT,0.0,0.0,0.0,0.0,0,0.139448,0.753469,0.141539,0.446093,part2a21_soft_caution_overlay,artifacts_part2_g532/predictions/g532_final_consensus_tape.csv
2025-02-13,0,0.2062784921218469,0.7516786975169726,1.255495,1.536684,0.5,0.541939,0.511983,0.508025,0.65,0.6,0.880174,0.343268,0.081055,0.755162,0,high_risk_veto,FLAT,0.0,0.0,0.0,0.0,0,0.181309,0.830577,0.145615,0.453757,part2a21_soft_caution_overlay,artifacts_part2_g532/predictions/g532_final_consensus_tape.csv
2025-02-14,0,0.1969948306834636,0.8409826985204082,1.605908,1.511159,0.5,0.537626,0.51075,0.4961,0.65,0.6,0.892496,0.348073,0.081711,0.753669,0,high_risk_veto,FLAT,0.0,0.0,0.0,0.0,0,0.157704,0.837583,0.129067,0.422646,part2a21_soft_caution_overlay,artifacts_part2_g532/predictions/g532_final_consensus_tape.csv
2025-02-17,0,0.1968648238714043,0.8387730997947531,1.737622,1.533009,0.75,0.537967,0.510848,0.507148,0.65,0.6,0.891522,0.347694,0.068995,0.783712,0,high_risk_veto,FLAT,0.0,0.0,0.0,0.0,0,0.162527,0.83778,0.128469,0.421521,part2a21_soft_caution_overlay,artifacts_part2_g532/predictions/g532_final_consensus_tape.csv
2025-02-18,0,0.2113894380038951,0.7101440445438428,1.741564,1.695031,0.5,0.537581,0.510737,0.589808,0.65,0.6,0.892626,0.348124,0.076268,0.766242,0,high_risk_veto,FLAT,0.0,0.0,0.0,0.0,0,0.139554,0.753836,0.140427,0.444003,part2a21_soft_caution_overlay,artifacts_part2_g532/predictions/g532_final_consensus_tape.csv
2025-02-19,0,0.2130672279641371,0.601874534148696,1.75722,1.745469,0.75,0.533291,0.509512,0.616348,0.65,0.6,0.904884,0.352905,0.074043,0.771503,0,high_risk_veto,FLAT,0.0,0.0,0.0,0.0,0,0.108582,0.712881,0.128791,0.422127,part2a21_soft_caution_overlay,artifacts_part2_g532/predictions/g532_final_consensus_tape.csv
2025-02-20,0,0.2225181013829649,0.4615079422085975,1.901907,1.80023,0.75,0.535429,0.510123,0.643805,0.65,0.6,0.898774,0.350522,0.082941,0.750884,0,high_risk_veto,FLAT,0.0,0.0,0.0,0.0,0,0.114113,0.708863,0.140973,0.44503,part2a21_soft_caution_overlay,artifacts_part2_g532/predictions/g532_final_consensus_tape.csv
2025-02-21,0,0.2105881483842291,0.6461065211922246,2.326932,1.995353,0.75,0.539146,0.511185,0.742639,0.75,0.6,0.888153,0.399669,0.143935,0.634623,1,ok,FLAT,0.0,0.0,0.0,0.0,0,0.109917,0.685404,0.17105,0.501574,part2a21_soft_caution_overlay,artifacts_part2_g532/predictions/g532_final_consensus_tape.csv
2025-02-24,0,0.2127083524377774,0.6243184241458261,1.958281,2.062373,0.75,0.542545,0.512156,0.776431,0.5,0.6,0.878444,0.15812,0.139334,0.642122,1,ok,VOO,0.011825,0.011825,0.011825,0.0,0,0.119537,0.669546,0.189876,0.536967,part2a21_soft_caution_overlay,artifacts_part2_g532/predictions/g532_final_consensus_tape.csv
2025-02-25,0,0.2115846026198698,0.633796352286761,1.859634,2.048282,0.75,0.537328,0.510665,0.769846,0.5,0.6,0.893349,0.160803,0.14495,0.632991,1,ok,VOO,0.011825,0.011825,0.011825,0.0,0,0.099828,0.691044,0.16416,0.48862,part2a21_soft_caution_overlay,artifacts_part2_g532/predictions/g532_final_consensus_tape.csv
2025-02-26,0,0.2148120690965494,0.5969301183658527,1.368549,1.728821,0.5,0.538669,0.511048,0.606808,0.5,0.6,0.889516,0.160113,0.139574,0.641727,0,low_agreement,VOO,0.011825,0.011825,0.011825,0.0,0,0.103285,0.684776,0.171811,0.503004,part2a21_soft_caution_overlay,artifacts_part2_g532/predictions/g532_final_consensus_tape.csv
2025-02-27,0,0.2139732097297004,0.6106462391175387,2.197469,1.808551,0.75,0.538293,0.510941,0.647527,0.5,0.6,0.890591,0.160306,0.142327,0.637223,1,ok,VOO,0.011825,0.011825,0.011825,0.0,0,0.098562,0.68455,0.172084,0.503517,part2a21_soft_caution_overlay,artifacts_part2_g532/predictions/g532_final_consensus_tape.csv
2025-02-28,0,0.2155032343353923,0.5836879104920704,0.747393,1.437804,0.5,0.539297,0.511228,0.458257,0.5,0.6,0.887722,0.15979,0.16379,0.604171,0,low_agreement,VOO,0.011825,0.011825,0.011825,0.0,0,0.106792,0.682816,0.174176,0.50745,part2a21_soft_caution_overlay,artifacts_part2_g532/predictions/g532_final_consensus_tape.csv
2025-03-03,0,0.2133098434793841,0.6139970115621516,1.871305,1.605389,0.75,0.540385,0.511539,0.543476,0.5,0.6,0.884615,0.159231,0.179982,0.58142,1,ok,VOO,0.007547,0.007547,0.007547,0.0,0,0.106768,0.676092,0.182199,0.522534,part2a21_soft_caution_overlay,artifacts_part2_g532/predictions/g532_final_consensus_tape.csv
2025-03-04,0,0.216030830379734,0.5771215722634754,1.396417,1.338372,0.75,0.541386,0.511825,0.406913,0.5,0.6,0.881755,0.158716,0.159159,0.611009,1,ok,VOO,0.007547,0.007547,0.007547,0.0,0,0.106571,0.669699,0.189697,0.536631,part2a21_soft_caution_overlay,artifacts_part2_g532/predictions/g532_final_consensus_tape.csv
2025-03-05,0,0.2193009377608016,0.5312548904275823,0.957718,1.40848,0.5,0.541754,0.51193,0.442603,0.5,0.6,0.880701,0.158526,0.200186,0.555326,0,low_agreement,VOO,0.007547,0.007547,0.007547,0.0,0,0.116286,0.672735,0.186152,0.529966,part2a21_soft_caution_overlay,artifacts_part2_g532/predictions/g532_final_consensus_tape.csv
2025-03-06,0,0.2170120638735398,0.5561079762593786,2.128735,1.49429,0.75,0.536579,0.510451,0.487777,0.5,0.6,0.895487,0.161188,0.207306,0.54668,1,ok,VOO,0.007547,0.007547,0.007547,0.0,0,0.101408,0.696306,0.15763,0.476345,part2a21_soft_caution_overlay,artifacts_part2_g532/predictions/g532_final_consensus_tape.csv
2025-03-07,0,0.2166110652077924,0.572564371490642,1.103941,1.396798,0.5,0.538288,0.510939,0.437633,0.5,0.6,0.890606,0.160309,0.200835,0.554526,0,low_agreement,VOO,0.007547,0.007547,0.007547,0.0,0,0.103705,0.687312,0.168731,0.497215,part2a21_soft_caution_overlay,artifacts_part2_g532/predictions/g532_final_consensus_tape.csv
2025-03-10,0,0.2153654539882904,0.5781764185056065,2.388367,1.873681,0.75,0.542998,0.512285,0.67996,0.5,0.6,0.877149,0.157887,0.24736,0.502654,1,ok,VOO,0.008094,0.008094,0.008094,0.0,0,0.10712,0.659677,0.201215,0.558284,part2a21_soft_caution_overlay,artifacts_part2_g532/predictions/g532_final_consensus_tape.csv
2025-03-11,0,0.2136545963692735,0.6155125113943933,1.25293,1.581746,0.75,0.543328,0.51238,0.530706,0.5,0.6,0.876204,0.157717,0.246118,0.503912,1,ok,VOO,0.008094,0.008094,0.008094,0.0,0,0.10624,0.657026,0.204215,0.563925,part2a21_soft_caution_overlay,artifacts_part2_g532/predictions/g532_final_consensus_tape.csv
2025-03-12,0,0.2191456081941035,0.5304424144286214,0.878282,1.506526,0.5,0.544996,0.512856,0.49183,0.5,0.6,0.871441,0.156859,0.256444,0.493638,0,low_agreement,VOO,0.008094,0.008094,0.008094,0.0,0,0.117082,0.65231,0.209506,0.573872,part2a21_soft_caution_overlay,artifacts_part2_g532/predictions/g532_final_consensus_tape.csv
2025-03-13,0,0.2172759245999624,0.5475646069600352,1.665578,1.265597,0.75,0.544476,0.512707,0.368761,0.5,0.6,0.872927,0.157127,0.258759,0.491391,1,ok,VOO,0.008094,0.008094,0.008094,0.0,0,0.110389,0.651876,0.20999,0.574781,part2a21_soft_caution_overlay,artifacts_part2_g532/predictions/g532_final_consensus_tape.csv
2025-03-14,0,0.2157853474498617,0.5799442951563426,0.459185,1.001015,0.5,0.543383,0.512395,0.233889,0.5,0.6,0.876048,0.157689,0.290423,0.462601,0,low_agreement,VOO,0.008094,0.008094,0.008094,0.0,0,0.118291,0.663502,0.196853,0.550084,part2a21_soft_caution_overlay,artifacts_part2_g532/predictions/g532_final_consensus_tape.csv
2025-03-17,0,0.2190888819935258,0.5262641838284333,1.058176,1.06098,0.5,0.546084,0.513167,0.26352,0.5,0.6,0.868331,0.1563,0.280418,0.471327,0,low_agreement,FLAT,0.0,0.0,0.0,0.0,0,0.126861,0.65077,0.211222,0.577097,part2a21_soft_caution_overlay,artifacts_part2_g532/predictions/g532_final_consensus_tape.csv
2025-03-18,0,0.2162187373918244,0.5691427069622134,1.716621,1.077994,0.75,0.544425,0.512693,0.272845,0.5,0.6,0.873071,0.157153,0.282688,0.469318,1,ok,FLAT,0.0,0.0,0.0,0.0,0,0.119107,0.657217,0.204,0.56352,part2a21_soft_caution_overlay,artifacts_part2_g532/predictions/g532_final_consensus_tape.csv
2025-03-19,0,0.2361015243683176,0.4651747085591323,0.798211,1.191003,0.5,0.54705,0.513443,0.329733,0.5,0.6,0.865571,0.155803,0.26856,0.482104,0,low_agreement,FLAT,0.0,0.0,0.0,0.0,0,0.149876,0.703688,0.203505,0.562589,part2a21_soft_caution_overlay,artifacts_part2_g532/predictions/g532_final_consensus_tape.csv
2025-03-20,0,0.2238749163563183,0.4130866315352234,1.265368,1.260067,0.75,0.544412,0.512689,0.365954,0.5,0.6,0.873108,0.157159,0.256303,0.493775,1,ok,FLAT,0.0,0.0,0.0,0.0,0,0.139052,0.714564,0.191054,0.539181,part2a21_soft_caution_overlay,artifacts_part2_g532/predictions/g532_final_consensus_tape.csv
2025-03-21,0,0.2180005243545584,0.3888806638210977,1.058756,1.040779,0.5,0.541362,0.511818,0.254982,0.5,0.6,0.881824,0.158728,0.252623,0.497391,0,low_agreement,FLAT,0.0,0.0,0.0,0.0,0,0.12611,0.726554,0.17693,0.512628,part2a21_soft_caution_overlay,artifacts_part2_g532/predictions/g532_final_consensus_tape.csv
2025-03-24,0,0.2174735882466947,0.3763729703934379,0.617474,0.980533,0.5,0.533095,0.509456,0.227483,0.5,0.6,0.905443,0.16298,0.213613,0.539243,0,low_agreement,FLAT,0.0,0.0,0.0,0.0,0,0.100267,0.757621,0.132707,0.429489,part2a21_soft_caution_overlay,artifacts_part2_g532/predictions/g532_final_consensus_tape.csv
2025-03-25,0,0.2406163086887947,0.4630959536264862,1.111267,0.929166,0.5,0.532705,0.509344,0.201526,0.5,0.6,0.906557,0.16318,0.209712,0.543819,0,low_agreement,FLAT,0.0,0.0,0.0,0.0,0,0.100235,0.758561,0.129857,0.424131,part2a21_soft_caution_overlay,artifacts_part2_g532/predictions/g532_final_consensus_tape.csv
2025-03-26,0,0.2227903196190849,0.405678071798905,1.828743,1.185828,0.75,0.537485,0.51071,0.330363,0.5,0.6,0.892899,0.160722,0.218148,0.534019,1,ok,FLAT,0.0,0.0,0.0,0.0,0,0.120519,0.746823,0.151988,0.465738,part2a21_soft_caution_overlay,artifacts_part2_g532/predictions/g532_final_consensus_tape.csv
2025-03-27,0,0.2172289349354335,0.389793538795764,1.363764,1.434592,0.75,0.537768,0.510791,0.457043,0.5,0.6,0.892091,0.160576,0.192385,0.565119,1,ok,FLAT,0.0,0.0,0.0,0.0,0,0.122197,0.746032,0.152988,0.467618,part2a21_soft_caution_overlay,artifacts_part2_g532/predictions/g532_final_consensus_tape.csv
2025-03-28,0,0.2492230478820846,0.4915841818483091,1.868463,1.68699,0.75,0.542712,0.512203,0.584624,0.5,0.6,0.877967,0.158034,0.215266,0.537327,1,ok,FLAT,0.0,0.0,0.0,0.0,0,0.132229,0.721508,0.182927,0.523903,part2a21_soft_caution_overlay,artifacts_part2_g532/predictions/g532_final_consensus_tape.csv
2025-03-31,0,0.2647348187687094,0.5238937190471428,0.924566,1.385598,0.75,0.544106,0.512602,0.430234,0.5,0.6,0.873983,0.157317,0.212072,0.541042,1,ok,VOO,0.005493,0.005493,0.005493,0.0,0,0.130088,0.711519,0.194573,0.545798,part2a21_soft_caution_overlay,artifacts_part2_g532/predictions/g532_final_consensus_tape.csv
2025-04-01,0,0.2463884828596156,0.4944242852285942,0.709884,1.167638,0.5,0.543492,0.512426,0.31901,0.5,0.6,0.875738,0.157633,0.204954,0.549506,0,low_agreement,VOO,0.005493,0.005493,0.005493,0.0,0,0.131607,0.716269,0.189072,0.535455,part2a21_soft_caution_overlay,artifacts_part2_g532/predictions/g532_final_consensus_tape.csv
2025-04-02,0,0.2777593195080574,0.5593375637536568,0.800368,0.811606,0.5,0.541807,0.511945,0.13778,0.5,0.6,0.88055,0.158499,0.204479,0.550081,0,high_risk_veto,VOO,0.005493,0.005493,0.005493,0.0,0,0.133673,0.727881,0.175339,0.509637,part2a21_soft_caution_overlay,artifacts_part2_g532/predictions/g532_final_consensus_tape.csv
2025-04-03,0,0.2183573720925383,0.3920885881883664,2.190197,1.233483,0.75,0.556863,0.516247,0.34821,0.5,0.6,0.837534,0.150756,0.357974,0.411202,1,ok,VOO,0.005493,0.005493,0.005493,0.0,1,0.152479,0.678489,0.314428,0.614603,part2a21_soft_caution_overlay,artifacts_part2_g532/predictions/g532_final_consensus_tape.csv
2025-04-04,0,0.2217572944281033,0.4205013845631926,1.965977,1.652181,0.75,0.560674,0.517335,0.562828,0.5,0.6,0.826646,0.148796,0.451224,0.356519,1,ok,VOO,0.005493,0.005493,0.005493,0.0,1,0.158471,0.671484,0.354397,0.628564,part2a21_soft_caution_overlay,artifacts_part2_g532/predictions/g532_final_consensus_tape.csv
2025-04-07,0,0.2130029053861565,0.3903102473035915,0.506389,1.554188,0.5,0.55626,0.516074,0.513406,0.5,0.6,0.839256,0.151066,0.422576,0.371705,0,low_agreement,FLAT,0.0,0.0,0.0,0.0,1,0.157266,0.680668,0.302027,0.610219,part2a21_soft_caution_overlay,artifacts_part2_g532/predictions/g532_final_consensus_tape.csv
2025-04-08,0,0.2039787506687138,0.3482595168212207,1.066953,1.179773,0.75,0.555245,0.515784,0.321135,0.5,0.6,0.842157,0.151588,0.415431,0.375696,1,ok,FLAT,0.0,0.0,0.0,0.0,0,0.190668,0.769074,0.254327,0.593111,part2a21_soft_caution_overlay,artifacts_part2_g532/predictions/g532_final_consensus_tape.csv
2025-04-09,0,0.237998808184158,0.4675316358108914,-0.441124,0.377406,0.5,0.553853,0.515387,0.0,0.5,0.6,0.846134,0.152304,0.681432,0.268404,0,weak_score,FLAT,0.0,0.0,0.0,0.0,0,0.204789,0.774689,0.222591,0.581504,part2a21_soft_caution_overlay,artifacts_part2_g532/predictions/g532_final_consensus_tape.csv
2025-04-10,0,0.2266722707036235,0.4325419888824339,2.182566,0.936132,0.75,0.55533,0.515809,0.195818,0.5,0.6,0.841915,0.151545,0.690872,0.265711,1,ok,FLAT,0.0,0.0,0.0,0.0,1,0.232009,0.776624,0.21168,0.57747,part2a21_soft_caution_overlay,artifacts_part2_g532/predictions/g532_final_consensus_tape.csv
2025-04-11,0,0.21558502094368,0.4159412900649165,0.347676,0.696373,0.5,0.570939,0.520268,0.065023,0.5,0.6,0.797318,0.143517,0.696484,0.264135,0,low_agreement,FLAT,0.0,0.0,0.0,0.0,1,0.243912,0.745545,0.388398,0.640245,part2a21_soft_caution_overlay,artifacts_part2_g532/predictions/g532_final_consensus_tape.csv
2025-04-14,0,0.2286670891113408,0.4493404034732247,0.651264,1.060502,0.5,0.565474,0.518707,0.255891,0.5,0.6,0.812932,0.146328,0.696245,0.264202,0,low_agreement,FLAT,0.0,0.0,0.0,0.0,1,0.241741,0.756783,0.324152,0.618023,part2a21_soft_caution_overlay,artifacts_part2_g532/predictions/g532_final_consensus_tape.csv
2025-04-15,0,0.2308438468808833,0.4668957400003707,0.885408,0.628116,0.5,0.565534,0.518724,0.032351,0.5,0.6,0.81276,0.146297,0.696175,0.264222,0,low_agreement,FLAT,0.0,0.0,0.0,0.0,1,0.242783,0.756849,0.323777,0.617891,part2a21_soft_caution_overlay,artifacts_part2_g532/predictions/g532_final_consensus_tape.csv
2025-04-16,0,0.2163947486959035,0.4417906185595192,1.755266,1.097313,0.75,0.556417,0.516119,0.278298,0.5,0.6,0.838809,0.150986,0.702519,0.262462,1,ok,FLAT,0.0,0.0,0.0,0.0,1,0.139451,0.637955,0.322857,0.617568,part2a21_soft_caution_overlay,artifacts_part2_g532/predictions/g532_final_consensus_tape.csv
2025-04-17,0,0.2135957664337141,0.4932529370526017,0.929655,1.19011,0.75,0.566407,0.518973,0.322562,0.5,0.6,0.810267,0.145848,0.639473,0.281065,1,ok,FLAT,0.0,0.0,0.0,0.0,1,0.217161,0.711156,0.361675,0.631079,part2a21_soft_caution_overlay,artifacts_part2_g532/predictions/g532_final_consensus_tape.csv
2025-04-18,0,0.2150476293891413,0.5019022051727088,0.923559,1.202827,0.75,0.564737,0.518496,0.329717,0.5,0.6,0.815038,0.146707,0.538552,0.317037,1,ok,FLAT,0.0,0.0,0.0,0.0,1,0.21293,0.713925,0.345847,0.625599,part2a21_soft_caution_overlay,artifacts_part2_g532/predictions/g532_final_consensus_tape.csv
2025-04-21,0,0.2153901597427749,0.5528871962902483,1.704313,1.185842,0.75,0.570458,0.520131,0.318928,0.5,0.6,0.798693,0.143765,0.552134,0.311669,1,ok,VOO,0.002144,0.002144,0.002144,0.0,1,0.231471,0.705196,0.395813,0.642769,part2a21_soft_caution_overlay,artifacts_part2_g532/predictions/g532_final_consensus_tape.csv
2025-04-22,0,0.2175812022748579,0.491132725090856,0.175979,0.934617,0.5,0.565548,0.518728,0.190787,0.5,0.6,0.812721,0.14629,0.5561,0.310135,0,low_agreement,VOO,0.002144,0.002144,0.002144,0.0,1,0.222721,0.714023,0.345289,0.625405,part2a21_soft_caution_overlay,artifacts_part2_g532/predictions/g532_final_consensus_tape.csv
2025-04-23,0,0.2214754128419545,0.5011454852192541,0.379116,0.753136,0.5,0.544338,0.512668,0.106766,0.5,0.6,0.873319,0.157197,0.30164,0.453194,0,low_agreement,VOO,0.002144,0.002144,0.002144,0.0,0,0.114901,0.662354,0.206072,0.567415,part2a21_soft_caution_overlay,artifacts_part2_g532/predictions/g532_final_consensus_tape.csv
2025-04-24,0,0.2238586228081958,0.4513004067608341,0.325432,0.293509,0.5,0.542344,0.512098,0.0,0.5,0.6,0.879018,0.158223,0.268799,0.481882,0,weak_score,VOO,0.002144,0.002144,0.002144,0.0,0,0.109462,0.672189,0.194889,0.546391,part2a21_soft_caution_overlay,artifacts_part2_g532/predictions/g532_final_consensus_tape.csv
2025-04-25,0,0.2220946587321801,0.446325209534754,0.804747,0.503098,0.5,0.541139,0.511754,0.0,0.5,0.6,0.882459,0.158843,0.245295,0.50475,0,weak_score,VOO,0.002144,0.002144,0.002144,0.0,0,0.114392,0.682525,0.182842,0.523743,part2a21_soft_caution_overlay,artifacts_part2_g532/predictions/g532_final_consensus_tape.csv
2025-04-28,0,0.2210292683917391,0.4680787840905098,1.122581,0.75092,0.75,0.542045,0.512013,0.10668,0.5,0.6,0.879873,0.158377,0.246357,0.50367,1,ok,VOO,0.001276,0.001276,0.001276,0.0,0,0.113353,0.676263,0.190178,0.537534,part2a21_soft_caution_overlay,artifacts_part2_g532/predictions/g532_final_consensus_tape.csv
2025-04-29,0,0.2228402775509726,0.4867398015691774,0.90896,0.945429,0.5,0.542281,0.51208,0.205927,0.5,0.6,0.879196,0.158255,0.243687,0.506394,0,low_agreement,VOO,0.001276,0.001276,0.001276,0.0,0,0.112629,0.674357,0.192388,0.54169,part2a21_soft_caution_overlay,artifacts_part2_g532/predictions/g532_final_consensus_tape.csv
2025-04-30,0,0.2268693711966503,0.4241519569895637,1.044522,1.025354,0.75,0.537689,0.510768,0.248516,0.5,0.6,0.892318,0.160617,0.188534,0.570081,1,ok,VOO,0.001276,0.001276,0.001276,0.0,0,0.10548,0.698819,0.163175,0.486769,part2a21_soft_caution_overlay,artifacts_part2_g532/predictions/g532_final_consensus_tape.csv
2025-05-01,0,0.224634351588743,0.4243131721660213,0.718447,0.890643,0.5,0.539639,0.511325,0.179051,0.5,0.6,0.886746,0.159614,0.192024,0.56558,0,low_agreement,VOO,0.001276,0.001276,0.001276,0.0,0,0.109726,0.689275,0.174799,0.508622,part2a21_soft_caution_overlay,artifacts_part2_g532/predictions/g532_final_consensus_tape.csv
2025-05-02,0,0.2245768382351887,0.4230624501445115,0.788212,0.850394,0.5,0.539141,0.511183,0.158733,0.5,0.6,0.888167,0.15987,0.205466,0.548888,0,low_agreement,VOO,0.001276,0.001276,0.001276,0.0,0,0.112825,0.693953,0.16914,0.497983,part2a21_soft_caution_overlay,artifacts_part2_g532/predictions/g532_final_consensus_tape.csv
2025-05-05,0,0.225729444187497,0.4441774329613747,1.440565,0.982408,0.75,0.53515,0.510043,0.227629,0.5,0.6,0.89957,0.161923,0.161599,0.607387,1,ok,VOO,0.003358,0.003358,0.003358,0.0,0,0.108053,0.714922,0.142827,0.448515,part2a21_soft_caution_overlay,artifacts_part2_g532/predictions/g532_final_consensus_tape.csv
2025-05-06,0,0.2244853614353598,0.4632417671917482,1.512689,1.247155,0.75,0.5354,0.510114,0.36229,0.75,0.6,0.898858,0.404486,0.162829,0.605577,1,ok,VOO,0.003358,0.003358,0.003358,0.0,0,0.106941,0.712946,0.145377,0.453308,part2a21_soft_caution_overlay,artifacts_part2_g532/predictions/g532_final_consensus_tape.csv
2025-05-07,0,0.2270906553282135,0.4372506813586713,1.090302,1.347852,0.5,0.534327,0.509808,0.413866,0.75,0.6,0.901924,0.405866,0.15353,0.619533,0,low_agreement,VOO,0.003358,0.003358,0.003358,0.0,0,0.098311,0.71476,0.143036,0.448909,part2a21_soft_caution_overlay,artifacts_part2_g532/predictions/g532_final_consensus_tape.csv
2025-05-08,0,0.2283376605376098,0.4351576546809685,1.043776,1.215589,0.5,0.535658,0.510188,0.346137,0.75,0.6,0.898119,0.404154,0.151581,0.62254,0,low_agreement,VOO,0.003358,0.003358,0.003358,0.0,0,0.100952,0.708436,0.151141,0.464145,part2a21_soft_caution_overlay,artifacts_part2_g532/predictions/g532_final_consensus_tape.csv
2025-05-09,0,0.2321053012796061,0.4783677886561577,1.395037,1.176372,0.75,0.532221,0.509206,0.327349,0.75,0.6,0.907939,0.408573,0.154227,0.618464,1,ok,VOO,0.003358,0.003358,0.003358,0.0,0,0.095649,0.719706,0.12925,0.42299,part2a21_soft_caution_overlay,artifacts_part2_g532/predictions/g532_final_consensus_tape.csv
2025-05-12,0,0.2254171668938334,0.4500277184719734,0.378698,0.93917,0.5,0.538625,0.511036,0.204216,0.75,0.6,0.889642,0.400339,0.232558,0.518072,0,low_agreement,FLAT,0.0,0.0,0.0,0.0,0,0.114758,0.698073,0.164095,0.488498,part2a21_soft_caution_overlay,artifacts_part2_g532/predictions/g532_final_consensus_tape.csv
2025-05-13,0,0.225582613851718,0.4534663188483379,1.269177,1.014304,0.5,0.546902,0.5134,0.239313,0.75,0.6,0.865995,0.389698,0.231102,0.519641,0,low_agreement,FLAT,0.0,0.0,0.0,0.0,0,0.189658,0.767624,0.17678,0.512346,part2a21_soft_caution_overlay,artifacts_part2_g532/predictions/g532_final_consensus_tape.csv
2025-05-14,0,0.2261154019439438,0.5507893910115121,1.565893,1.071256,0.5,0.544039,0.512582,0.269544,0.75,0.6,0.874175,0.393379,0.226585,0.524566,0,low_agreement,FLAT,0.0,0.0,0.0,0.0,0,0.155204,0.717596,0.177896,0.514445,part2a21_soft_caution_overlay,artifacts_part2_g532/predictions/g532_final_consensus_tape.csv
2025-05-15,0,0.2273931166309556,0.5297594901951307,1.644335,1.493135,0.5,0.538908,0.511117,0.486579,0.75,0.6,0.888833,0.399975,0.231056,0.51969,0,low_agreement,FLAT,0.0,0.0,0.0,0.0,0,0.127796,0.734071,0.157777,0.476621,part2a21_soft_caution_overlay,artifacts_part2_g532/predictions/g532_final_consensus_tape.csv
2025-05-16,0,0.233838440708853,0.6148256551576338,1.545937,1.585388,0.5,0.540418,0.511548,0.533262,0.75,0.6,0.884521,0.398035,0.21764,0.534599,0,low_agreement,FLAT,0.0,0.0,0.0,0.0,0,0.133618,0.728129,0.16514,0.490462,part2a21_soft_caution_overlay,artifacts_part2_g532/predictions/g532_final_consensus_tape.csv
2025-05-19,0,0.2293755803032131,0.5701951384554254,1.637004,1.609092,0.5,0.538827,0.511093,0.545727,0.75,0.6,0.889066,0.40008,0.213253,0.539662,0,low_agreement,FLAT,0.0,0.0,0.0,0.0,0,0.135718,0.738606,0.152074,0.465898,part2a21_soft_caution_overlay,artifacts_part2_g532/predictions/g532_final_consensus_tape.csv
2025-05-20,0,0.2286734633489597,0.5580264220457952,1.78739,1.656777,0.75,0.539508,0.511288,0.569892,0.75,0.6,0.887121,0.399205,0.197412,0.558769,1,ok,FLAT,0.0,0.0,0.0,0.0,0,0.135235,0.734376,0.157397,0.475906,part2a21_soft_caution_overlay,artifacts_part2_g532/predictions/g532_final_consensus_tape.csv
2025-05-21,0,0.2206205311550753,0.4744496077493921,2.119387,1.847927,0.75,0.541116,0.511747,0.66712,0.75,0.6,0.882527,0.397137,0.214042,0.538744,1,ok,FLAT,0.0,0.0,0.0,0.0,0,0.140707,0.727663,0.165713,0.49154,part2a21_soft_caution_overlay,artifacts_part2_g532/predictions/g532_final_consensus_tape.csv
2025-05-22,0,0.221588695882247,0.4886262777286583,1.603028,1.836602,0.5,0.540289,0.511511,0.661482,0.75,0.6,0.884888,0.3982,0.212386,0.540674,0,low_agreement,FLAT,0.0,0.0,0.0,0.0,0,0.134416,0.729316,0.16368,0.487718,part2a21_soft_caution_overlay,artifacts_part2_g532/predictions/g532_final_consensus_tape.csv
2025-05-23,0,0.2203853177252767,0.4871690425843851,1.897644,1.873353,0.75,0.545411,0.512975,0.679397,0.75,0.6,0.870254,0.391614,0.221665,0.530037,1,ok,FLAT,0.0,0.0,0.0,0.0,0,0.15321,0.707934,0.189287,0.53586,part2a21_soft_caution_overlay,artifacts_part2_g532/predictions/g532_final_consensus_tape.csv
2025-05-26,0,0.221796872511943,0.5061461139104775,1.610059,1.703577,0.75,0.542371,0.512106,0.59317,0.75,0.6,0.87894,0.395523,0.095128,0.724369,1,ok,VOO,0.025492,0.025492,0.025492,0.0,0,0.145912,0.722829,0.171604,0.502615,part2a21_soft_caution_overlay,artifacts_part2_g532/predictions/g532_final_consensus_tape.csv
2025-05-27,0,0.2246708178687248,0.5235318917316688,0.945748,1.484484,0.5,0.540524,0.511578,0.481741,0.75,0.6,0.884217,0.397897,0.122541,0.671067,0,low_agreement,VOO,0.025492,0.025492,0.025492,0.0,0,0.140728,0.731205,0.161344,0.483326,part2a21_soft_caution_overlay,artifacts_part2_g532/predictions/g532_final_consensus_tape.csv
2025-05-28,0,0.2230299856084845,0.4842619940532477,1.815417,1.457075,0.75,0.538287,0.510939,0.46836,0.75,0.6,0.890608,0.400773,0.120341,0.675053,1,ok,VOO,0.025492,0.025492,0.025492,0.0,0,0.132369,0.740036,0.150259,0.462486,part2a21_soft_caution_overlay,artifacts_part2_g532/predictions/g532_final_consensus_tape.csv
2025-05-29,0,0.2248099791467008,0.4818374698570255,1.547565,1.436244,0.5,0.536787,0.510511,0.458155,0.75,0.6,0.894895,0.402703,0.120206,0.6753,0,low_agreement,VOO,0.025492,0.025492,0.025492,0.0,0,0.125536,0.745221,0.143612,0.44999,part2a21_soft_caution_overlay,artifacts_part2_g532/predictions/g532_final_consensus_tape.csv
2025-05-30,0,0.2248247465984224,0.4581480205648882,1.63576,1.666247,0.75,0.537754,0.510787,0.575103,0.75,0.6,0.892132,0.40146,0.115369,0.68424,1,ok,VOO,0.025492,0.025492,0.025492,0.0,0,0.130294,0.742068,0.147666,0.457611,part2a21_soft_caution_overlay,artifacts_part2_g532/predictions/g532_final_consensus_tape.csv
2025-06-02,0,0.2211482707802171,0.42030864869732,1.365793,1.516373,0.5,0.541081,0.511738,0.497872,0.75,0.6,0.882624,0.397181,0.126783,0.663512,0,low_agreement,FLAT,0.0,0.0,0.0,0.0,0,0.134595,0.724645,0.169399,0.498471,part2a21_soft_caution_overlay,artifacts_part2_g532/predictions/g532_final_consensus_tape.csv
2025-06-03,0,0.2267544390359835,0.527868975560836,1.455033,1.485529,0.5,0.538856,0.511102,0.482715,0.75,0.6,0.888983,0.400043,0.131455,0.655386,0,low_agreement,FLAT,0.0,0.0,0.0,0.0,0,0.137488,0.739337,0.151146,0.464154,part2a21_soft_caution_overlay,artifacts_part2_g532/predictions/g532_final_consensus_tape.csv
2025-06-04,0,0.2308152932974726,0.5259906296742779,1.606368,1.475732,0.5,0.535411,0.510117,0.478635,0.75,0.6,0.898827,0.404472,0.127582,0.662109,0,low_agreement,FLAT,0.0,0.0,0.0,0.0,0,0.119464,0.747927,0.13739,0.438293,part2a21_soft_caution_overlay,artifacts_part2_g532/predictions/g532_final_consensus_tape.csv
2025-06-05,0,0.2277104444166695,0.5323329589376825,1.901259,1.65422,0.75,0.539181,0.511195,0.56866,0.75,0.6,0.888054,0.399624,0.12656,0.663905,1,ok,FLAT,0.0,0.0,0.0,0.0,0,0.134185,0.735754,0.15567,0.47266,part2a21_soft_caution_overlay,artifacts_part2_g532/predictions/g532_final_consensus_tape.csv
2025-06-06,0,0.2266212040052457,0.5009240626441901,1.419109,1.642245,0.5,0.537534,0.510724,0.56292,0.75,0.6,0.892761,0.401742,0.140093,0.640873,0,low_agreement,FLAT,0.0,0.0,0.0,0.0,0,0.133492,0.744932,0.143986,0.450693,part2a21_soft_caution_overlay,artifacts_part2_g532/predictions/g532_final_consensus_tape.csv
2025-06-09,0,0.2283975338663136,0.5418245428967686,1.664983,1.661783,0.5,0.534913,0.509975,0.573446,0.75,0.6,0.900249,0.405112,0.140637,0.639981,0,low_agreement,FLAT,0.0,0.0,0.0,0.0,0,0.121988,0.749672,0.132098,0.428345,part2a21_soft_caution_overlay,artifacts_part2_g532/predictions/g532_final_consensus_tape.csv
2025-06-10,0,0.2288471107204658,0.5482951756514357,1.519327,1.534473,0.5,0.538346,0.510956,0.5078,0.75,0.6,0.890441,0.400699,0.121182,0.673523,0,low_agreement,FLAT,0.0,0.0,0.0,0.0,0,0.141966,0.74453,0.144504,0.451667,part2a21_soft_caution_overlay,artifacts_part2_g532/predictions/g532_final_consensus_tape.csv
2025-06-11,0,0.224562786406532,0.7521987811332013,1.773289,1.652533,0.75,0.531961,0.509132,0.569385,0.75,0.6,0.908684,0.408908,0.12721,0.662761,1,ok,FLAT,0.0,0.0,0.0,0.0,0,0.074639,0.624883,0.140867,0.44483,part2a21_soft_caution_overlay,artifacts_part2_g532/predictions/g532_final_consensus_tape.csv
2025-06-12,0,0.2219912007906058,0.6782103401792686,1.531873,1.608163,0.5,0.533447,0.509556,0.546497,0.75,0.6,0.904437,0.406996,0.12733,0.662549,0,low_agreement,FLAT,0.0,0.0,0.0,0.0,0,0.075892,0.61755,0.151007,0.463892,part2a21_soft_caution_overlay,artifacts_part2_g532/predictions/g532_final_consensus_tape.csv
2025-06-13,0,0.218495073243881,0.6208771092402466,1.967084,1.757416,0.75,0.537087,0.510596,0.621693,0.75,0.6,0.894038,0.402317,0.13273,0.653202,1,ok,FLAT,0.0,0.0,0.0,0.0,0,0.078139,0.596984,0.176358,0.511554,part2a21_soft_caution_overlay,artifacts_part2_g532/predictions/g532_final_consensus_tape.csv
2025-06-16,0,0.2183477945058474,0.6104737838332216,1.264972,1.587976,0.5,0.533668,0.50962,0.53618,0.75,0.6,0.903805,0.406712,0.139097,0.642513,0,low_agreement,FLAT,0.0,0.0,0.0,0.0,0,0.077428,0.617047,0.151645,0.465092,part2a21_soft_caution_overlay,artifacts_part2_g532/predictions/g532_final_consensus_tape.csv
2025-06-17,0,0.2222761737638349,0.707187420672819,1.90814,1.713399,0.75,0.53911,0.511174,0.598855,0.75,0.6,0.888258,0.399716,0.154366,0.618252,1,ok,FLAT,0.0,0.0,0.0,0.0,0,0.077232,0.58384,0.191839,0.540658,part2a21_soft_caution_overlay,artifacts_part2_g532/predictions/g532_final_consensus_tape.csv
2025-06-18,0,0.2205634423097668,0.6666703564722787,1.621051,1.598054,0.75,0.535949,0.510271,0.540773,0.75,0.6,0.89729,0.40378,0.148657,0.627105,1,ok,FLAT,0.0,0.0,0.0,0.0,0,0.073749,0.60159,0.170807,0.501117,part2a21_soft_caution_overlay,artifacts_part2_g532/predictions/g532_final_consensus_tape.csv
2025-06-19,0,0.2211426784776022,0.6711448029904284,1.615002,1.714731,0.75,0.535157,0.510045,0.60034,0.65,0.6,0.899551,0.350825,0.148257,0.627736,0,high_risk_veto,FLAT,0.0,0.0,0.0,0.0,0,0.074182,0.60659,0.1647,0.489636,part2a21_soft_caution_overlay,artifacts_part2_g532/predictions/g532_final_consensus_tape.csv
2025-06-20,0,0.2208503672546095,0.6253374026628582,1.77732,1.671124,0.75,0.53632,0.510377,0.577897,0.65,0.6,0.896229,0.349529,0.111049,0.692426,0,high_risk_veto,FLAT,0.0,0.0,0.0,0.0,0,0.078847,0.602043,0.170257,0.500083,part2a21_soft_caution_overlay,artifacts_part2_g532/predictions/g532_final_consensus_tape.csv
2025-06-23,0,0.2229468208169438,0.7058889737447371,1.307083,1.566468,0.5,0.536347,0.510385,0.524594,0.65,0.6,0.896152,0.349499,0.11896,0.677581,0,high_risk_veto,FLAT,0.0,0.0,0.0,0.0,0,0.077958,0.601408,0.171027,0.501532,part2a21_soft_caution_overlay,artifacts_part2_g532/predictions/g532_final_consensus_tape.csv
2025-06-24,0,0.2299290102461396,0.7867077042201949,1.204375,1.429593,0.5,0.53264,0.509326,0.455917,0.65,0.6,0.906743,0.35363,0.124163,0.668158,0,high_risk_veto,FLAT,0.0,0.0,0.0,0.0,0,0.071696,0.620093,0.147765,0.457799,part2a21_soft_caution_overlay,artifacts_part2_g532/predictions/g532_final_consensus_tape.csv
2025-06-25,0,0.2254696491088302,0.7533662833152289,1.562609,1.358022,0.5,0.532079,0.509165,0.419704,0.65,0.6,0.908346,0.354255,0.11906,0.677396,0,high_risk_veto,FLAT,0.0,0.0,0.0,0.0,0,0.073043,0.623978,0.142765,0.448399,part2a21_soft_caution_overlay,artifacts_part2_g532/predictions/g532_final_consensus_tape.csv
2025-06-26,0,0.2278589974009492,0.7926477857727591,1.370202,1.379062,0.5,0.530417,0.508691,0.430875,0.65,0.6,0.913093,0.356106,0.120805,0.674208,0,high_risk_veto,FLAT,0.0,0.0,0.0,0.0,0,0.064768,0.626533,0.135863,0.435423,part2a21_soft_caution_overlay,artifacts_part2_g532/predictions/g532_final_consensus_tape.csv
2025-06-27,0,0.2277169814494726,0.8099362388805277,1.53168,1.488164,0.5,0.531734,0.509067,0.485925,0.5,0.6,0.909332,0.16368,0.116147,0.682786,0,high_risk_veto,FLAT,0.0,0.0,0.0,0.0,0,0.065582,0.622224,0.145031,0.452658,part2a21_soft_caution_overlay,artifacts_part2_g532/predictions/g532_final_consensus_tape.csv
2025-06-30,0,0.227293939278445,0.7968129055297353,1.453731,1.451871,0.5,0.528765,0.508219,0.468288,0.5,0.6,0.917814,0.165207,0.100689,0.712883,0,high_risk_veto,FLAT,0.0,0.0,0.0,0.0,0,0.062329,0.630028,0.125267,0.415502,part2a21_soft_caution_overlay,artifacts_part2_g532/predictions/g532_final_consensus_tape.csv
2025-07-01,0,0.2255495272267821,0.7708043265342722,1.893843,1.626418,0.75,0.534433,0.509838,0.555557,0.5,0.6,0.90162,0.162292,0.061082,0.803646,0,high_risk_veto,FLAT,0.0,0.0,0.0,0.0,0,0.077956,0.612846,0.156936,0.47504,part2a21_soft_caution_overlay,artifacts_part2_g532/predictions/g532_final_consensus_tape.csv
2025-07-02,0,0.2208111596390851,0.6276515056513093,1.475337,1.607637,0.5,0.533545,0.509584,0.546207,0.5,0.6,0.904157,0.162748,0.061229,0.803268,0,high_risk_veto,FLAT,0.0,0.0,0.0,0.0,0,0.082939,0.620545,0.147187,0.456711,part2a21_soft_caution_overlay,artifacts_part2_g532/predictions/g532_final_consensus_tape.csv
2025-07-03,0,0.2171973847585774,0.5579049357571214,1.410618,1.593266,0.5,0.532865,0.50939,0.539058,0.5,0.6,0.906099,0.163098,0.072677,0.774769,0,high_risk_veto,FLAT,0.0,0.0,0.0,0.0,0,0.081931,0.623929,0.14283,0.448519,part2a21_soft_caution_overlay,artifacts_part2_g532/predictions/g532_final_consensus_tape.csv
2025-07-04,0,0.2217256342133771,0.6994601799786159,1.713472,1.533142,0.75,0.532506,0.509287,0.508584,0.5,0.6,0.907127,0.163283,0.063946,0.796315,0,high_risk_veto,FLAT,0.0,0.0,0.0,0.0,0,0.080922,0.624895,0.140832,0.444764,part2a21_soft_caution_overlay,artifacts_part2_g532/predictions/g532_final_consensus_tape.csv
2025-07-07,0,0.2127314680518304,0.465603792695868,1.951345,1.691812,0.75,0.534011,0.509718,0.588915,0.5,0.6,0.902825,0.162508,0.078561,0.760893,0,high_risk_veto,FLAT,0.0,0.0,0.0,0.0,0,0.084739,0.618766,0.14946,0.460986,part2a21_soft_caution_overlay,artifacts_part2_g532/predictions/g532_final_consensus_tape.csv
2025-07-08,0,0.2173045374858797,0.5704318196536021,1.744264,1.803027,0.75,0.533771,0.509649,0.645528,0.5,0.6,0.903512,0.162632,0.076373,0.765994,0,high_risk_veto,FLAT,0.0,0.0,0.0,0.0,0,0.083173,0.619363,0.148699,0.459553,part2a21_soft_caution_overlay,artifacts_part2_g532/predictions/g532_final_consensus_tape.csv
2025-07-09,0,0.2179333985362176,0.7515951865782342,1.51308,1.736229,0.5,0.528637,0.508182,0.612567,0.5,0.6,0.918179,0.165272,0.075772,0.767407,0,high_risk_veto,FLAT,0.0,0.0,0.0,0.0,0,0.065613,0.637676,0.122211,0.409757,part2a21_soft_caution_overlay,artifacts_part2_g532/predictions/g532_final_consensus_tape.csv
2025-07-10,0,0.2179791035596847,0.7646291216346864,1.727144,1.661496,0.75,0.527932,0.507981,0.57481,0.5,0.6,0.920194,0.165635,0.075459,0.768146,0,high_risk_veto,FLAT,0.0,0.0,0.0,0.0,0,0.062528,0.638734,0.119005,0.403729,part2a21_soft_caution_overlay,artifacts_part2_g532/predictions/g532_final_consensus_tape.csv
2025-07-11,0,0.2169684535233,0.7043668295248914,1.768562,1.669595,0.75,0.52991,0.508546,0.578494,0.5,0.6,0.914543,0.164618,0.071065,0.778659,0,high_risk_veto,FLAT,0.0,0.0,0.0,0.0,0,0.070327,0.635588,0.128544,0.421662,part2a21_soft_caution_overlay,artifacts_part2_g532/predictions/g532_final_consensus_tape.csv
2025-07-14,0,0.2172463782022589,0.6559180655204285,1.616744,1.70415,0.5,0.528076,0.508022,0.596409,0.5,0.6,0.919782,0.165561,0.070744,0.779437,0,high_risk_veto,FLAT,0.0,0.0,0.0,0.0,0,0.066998,0.639334,0.117186,0.400309,part2a21_soft_caution_overlay,artifacts_part2_g532/predictions/g532_final_consensus_tape.csv
2025-07-15,0,0.2166196173426506,0.6742971112591322,1.713902,1.699736,0.5,0.531908,0.509117,0.593381,0.5,0.6,0.908835,0.16359,0.072004,0.776387,0,high_risk_veto,FLAT,0.0,0.0,0.0,0.0,0,0.083651,0.633567,0.134671,0.433182,part2a21_soft_caution_overlay,artifacts_part2_g532/predictions/g532_final_consensus_tape.csv
2025-07-16,0,0.2163083727946537,0.6464261764412799,1.67299,1.667879,0.5,0.534701,0.509915,0.576593,0.5,0.6,0.900853,0.162154,0.068043,0.786057,0,high_risk_veto,FLAT,0.0,0.0,0.0,0.0,0,0.085152,0.621605,0.154276,0.470039,part2a21_soft_caution_overlay,artifacts_part2_g532/predictions/g532_final_consensus_tape.csv
2025-07-17,0,0.2174669804359504,0.7364163445078232,1.519498,1.635464,0.5,0.531003,0.508858,0.560925,0.65,0.6,0.91142,0.355454,0.045478,0.846086,0,high_risk_veto,FLAT,0.0,0.0,0.0,0.0,0,0.074506,0.633821,0.133901,0.431733,part2a21_soft_caution_overlay,artifacts_part2_g532/predictions/g532_final_consensus_tape.csv
2025-07-18,0,0.2180406264172097,0.7672575338136051,1.77983,1.657439,0.75,0.527906,0.507973,0.572758,0.65,0.6,0.920269,0.358905,0.050068,0.833145,0,high_risk_veto,FLAT,0.0,0.0,0.0,0.0,0,0.064831,0.639287,0.117328,0.400577,part2a21_soft_caution_overlay,artifacts_part2_g532/predictions/g532_final_consensus_tape.csv
2025-07-21,0,0.2182313394649261,0.7758575326783338,1.582195,1.627174,0.5,0.527484,0.507852,0.557506,0.65,0.6,0.921476,0.359375,0.042126,0.855796,0,high_risk_veto,FLAT,0.0,0.0,0.0,0.0,0,0.064763,0.640298,0.114262,0.394812,part2a21_soft_caution_overlay,artifacts_part2_g532/predictions/g532_final_consensus_tape.csv
2025-07-22,0,0.2188394793547133,0.8086523502771868,1.913504,1.75851,0.75,0.528889,0.508254,0.623821,0.65,0.6,0.917461,0.35781,0.046355,0.843582,0,high_risk_veto,FLAT,0.0,0.0,0.0,0.0,0,0.063561,0.63663,0.125384,0.415722,part2a21_soft_caution_overlay,artifacts_part2_g532/predictions/g532_final_consensus_tape.csv
2025-07-23,0,0.2182053452182078,0.7747969938357601,1.580591,1.692097,0.5,0.528228,0.508065,0.590265,0.65,0.6,0.919347,0.358545,0.073761,0.772174,0,high_risk_veto,FLAT,0.0,0.0,0.0,0.0,0,0.0619,0.637881,0.121592,0.408593,part2a21_soft_caution_overlay,artifacts_part2_g532/predictions/g532_final_consensus_tape.csv
2025-07-24,0,0.2183785614201127,0.7839620507841006,1.647368,1.713821,0.5,0.525893,0.507398,0.601755,0.65,0.6,0.926019,0.361147,0.073215,0.773479,0,high_risk_veto,FLAT,0.0,0.0,0.0,0.0,0,0.059455,0.643033,0.105972,0.379228,part2a21_soft_caution_overlay,artifacts_part2_g532/predictions/g532_final_consensus_tape.csv
2025-07-25,0,0.218261592003845,0.7209883218580174,1.60717,1.61171,0.5,0.526979,0.507708,0.549782,0.65,0.6,0.922918,0.359938,0.073144,0.773649,0,high_risk_veto,FLAT,0.0,0.0,0.0,0.0,0,0.062902,0.641129,0.111743,0.390077,part2a21_soft_caution_overlay,artifacts_part2_g532/predictions/g532_final_consensus_tape.csv
2025-07-28,0,0.2183003221147439,0.7822491813640641,1.609015,1.621184,0.5,0.530149,0.508614,0.553867,0.65,0.6,0.913859,0.356405,0.073062,0.773846,0,high_risk_veto,FLAT,0.0,0.0,0.0,0.0,0,0.072339,0.635434,0.129012,0.422542,part2a21_soft_caution_overlay,artifacts_part2_g532/predictions/g532_final_consensus_tape.csv
2025-07-29,0,0.21857708695255,0.7961452390272862,1.732562,1.649582,0.75,0.530072,0.508592,0.5683,0.65,0.6,0.914081,0.356492,0.0909,0.733354,0,high_risk_veto,FLAT,0.0,0.0,0.0,0.0,0,0.072606,0.635679,0.128266,0.421141,part2a21_soft_caution_overlay,artifacts_part2_g532/predictions/g532_final_consensus_tape.csv
2025-07-30,0,0.2186803448026194,0.8003385320690599,1.655909,1.665829,0.5,0.529401,0.5084,0.576691,0.65,0.6,0.915996,0.357239,0.091181,0.732749,0,high_risk_veto,FLAT,0.0,0.0,0.0,0.0,0,0.064168,0.635514,0.128767,0.422082,part2a21_soft_caution_overlay,artifacts_part2_g532/predictions/g532_final_consensus_tape.csv
2025-07-31,0,0.2170584219275105,0.7239165378222525,1.789147,1.725873,0.75,0.532928,0.509408,0.606457,0.65,0.6,0.90592,0.353309,0.089691,0.735963,0,high_risk_veto,FLAT,0.0,0.0,0.0,0.0,0,0.076442,0.627465,0.146828,0.456037,part2a21_soft_caution_overlay,artifacts_part2_g532/predictions/g532_final_consensus_tape.csv
2025-08-01,0,0.2159453282148513,0.6394053911238183,2.131064,1.858707,0.75,0.540845,0.51167,0.672668,0.65,0.6,0.883299,0.344487,0.166944,0.599601,0,high_risk_veto,FLAT,0.0,0.0,0.0,0.0,0,0.079317,0.580482,0.203278,0.562162,part2a21_soft_caution_overlay,artifacts_part2_g532/predictions/g532_final_consensus_tape.csv
2025-08-04,0,0.2168084255308346,0.7152680323729155,0.988404,1.636205,0.5,0.538315,0.510947,0.559667,0.75,0.6,0.890529,0.400738,0.186208,0.573121,0,low_agreement,FLAT,0.0,0.0,0.0,0.0,0,0.067725,0.590243,0.192113,0.541173,part2a21_soft_caution_overlay,artifacts_part2_g532/predictions/g532_final_consensus_tape.csv
2025-08-05,0,0.2170741631688257,0.7315603473569222,1.755424,1.624964,0.75,0.536235,0.510353,0.554409,0.75,0.6,0.896472,0.403413,0.186642,0.572551,1,ok,FLAT,0.0,0.0,0.0,0.0,0,0.072239,0.605682,0.173887,0.506907,part2a21_soft_caution_overlay,artifacts_part2_g532/predictions/g532_final_consensus_tape.csv
2025-08-06,0,0.2132624779550709,0.7356666072282048,1.176349,1.306726,0.5,0.538083,0.510881,0.391781,0.75,0.6,0.89119,0.401036,0.179774,0.581701,0,low_agreement,FLAT,0.0,0.0,0.0,0.0,0,0.129804,0.786495,0.150409,0.462769,part2a21_soft_caution_overlay,artifacts_part2_g532/predictions/g532_final_consensus_tape.csv
2025-08-07,0,0.2114034941181928,0.8006813170181392,1.527382,1.486385,0.5,0.533636,0.50961,0.484523,0.75,0.6,0.903898,0.406754,0.178869,0.582929,0,low_agreement,FLAT,0.0,0.0,0.0,0.0,0,0.116318,0.798147,0.126346,0.41753,part2a21_soft_caution_overlay,artifacts_part2_g532/predictions/g532_final_consensus_tape.csv
2025-08-08,0,0.2119490156777294,0.7988631720843237,1.345048,1.349593,0.5,0.53691,0.510546,0.413981,0.75,0.6,0.894542,0.402544,0.187943,0.57085,0,low_agreement,FLAT,0.0,0.0,0.0,0.0,0,0.127331,0.791991,0.143363,0.449522,part2a21_soft_caution_overlay,artifacts_part2_g532/predictions/g532_final_consensus_tape.csv
2025-08-11,0,0.2120324638147896,0.7740354732361509,1.702431,1.524954,0.75,0.534447,0.509842,0.503933,0.75,0.6,0.901579,0.405711,0.187297,0.571694,1,ok,VOO,0.017533,0.017533,0.017533,0.0,0,0.120333,0.797029,0.129736,0.423903,part2a21_soft_caution_overlay,artifacts_part2_g532/predictions/g532_final_consensus_tape.csv
2025-08-12,0,0.2114452163805012,0.8104253619225363,1.285747,1.444409,0.5,0.53486,0.50996,0.462842,0.75,0.6,0.9004,0.40518,0.191003,0.56689,0,low_agreement,VOO,0.017533,0.017533,0.017533,0.0,0,0.118317,0.795598,0.134073,0.432057,part2a21_soft_caution_overlay,artifacts_part2_g532/predictions/g532_final_consensus_tape.csv
2025-08-13,0,0.211307572859032,0.8125952869758075,1.6915,1.559893,0.75,0.534574,0.509878,0.521677,0.75,0.6,0.901216,0.405547,0.190791,0.567162,1,ok,VOO,0.017533,0.017533,0.017533,0.0,0,0.117981,0.79622,0.132188,0.428513,part2a21_soft_caution_overlay,artifacts_part2_g532/predictions/g532_final_consensus_tape.csv
2025-08-14,0,0.2119842245274109,0.7841991389713735,1.668008,1.548418,0.75,0.535856,0.510244,0.515523,0.75,0.6,0.897555,0.4039,0.189142,0.569292,1,ok,VOO,0.017533,0.017533,0.017533,0.0,0,0.128127,0.795264,0.135085,0.43396,part2a21_soft_caution_overlay,artifacts_part2_g532/predictions/g532_final_consensus_tape.csv
2025-08-15,0,0.2132123954036279,0.7177197715787919,1.761854,1.70712,0.75,0.533578,0.509594,0.596791,0.75,0.6,0.904062,0.406828,0.098865,0.716609,1,ok,VOO,0.017533,0.017533,0.017533,0.0,0,0.123217,0.799753,0.121477,0.408378,part2a21_soft_caution_overlay,artifacts_part2_g532/predictions/g532_final_consensus_tape.csv
2025-08-18,0,0.2133881846833422,0.714415127500092,1.640233,1.690032,0.75,0.534836,0.509953,0.587837,0.75,0.6,0.900468,0.405211,0.083141,0.750433,1,ok,VOO,0.026813,0.026813,0.026813,0.0,0,0.13121,0.798396,0.125591,0.41611,part2a21_soft_caution_overlay,artifacts_part2_g532/predictions/g532_final_consensus_tape.csv
2025-08-19,0,0.2141804269584973,0.6900816866044459,1.977987,1.793358,0.75,0.538213,0.510918,0.639797,0.75,0.6,0.89082,0.400869,0.093618,0.727551,1,ok,VOO,0.026813,0.026813,0.026813,0.0,0,0.142193,0.791977,0.14338,0.449555,part2a21_soft_caution_overlay,artifacts_part2_g532/predictions/g532_final_consensus_tape.csv
2025-08-20,0,0.2144034125179964,0.687790388212769,1.675792,1.76467,0.75,0.539138,0.511182,0.624997,0.75,0.6,0.888176,0.399679,0.092143,0.730688,1,ok,VOO,0.026813,0.026813,0.026813,0.0,0,0.146312,0.788743,0.14754,0.457376,part2a21_soft_caution_overlay,artifacts_part2_g532/predictions/g532_final_consensus_tape.csv
2025-08-21,0,0.2140385615377984,0.6996011304230975,1.636671,1.763483,0.75,0.539807,0.511373,0.624263,0.75,0.6,0.886266,0.39882,0.092622,0.729667,1,ok,VOO,0.026813,0.026813,0.026813,0.0,0,0.147282,0.785368,0.151838,0.465456,part2a21_soft_caution_overlay,artifacts_part2_g532/predictions/g532_final_consensus_tape.csv
2025-08-22,0,0.2157076170898717,0.599378614310941,1.070876,1.461113,0.5,0.538216,0.510919,0.470438,0.75,0.6,0.890811,0.400865,0.091826,0.731365,0,low_agreement,VOO,0.026813,0.026813,0.026813,0.0,0,0.148789,0.793923,0.139153,0.441608,part2a21_soft_caution_overlay,artifacts_part2_g532/predictions/g532_final_consensus_tape.csv
2025-08-25,0,0.2158304558314757,0.5966957512999355,1.641954,1.449834,0.75,0.536812,0.510518,0.465071,0.75,0.6,0.894822,0.40267,0.091719,0.731595,1,ok,VOO,0.020551,0.020551,0.020551,0.0,0,0.140839,0.795643,0.133938,0.431804,part2a21_soft_caution_overlay,artifacts_part2_g532/predictions/g532_final_consensus_tape.csv
2025-08-26,0,0.2163260002844995,0.5623221349686973,1.395272,1.369367,0.5,0.534403,0.509829,0.424789,0.75,0.6,0.901706,0.405768,0.073436,0.77295,0,low_agreement,VOO,0.020551,0.020551,0.020551,0.0,0,0.128737,0.798922,0.123994,0.41311,part2a21_soft_caution_overlay,artifacts_part2_g532/predictions/g532_final_consensus_tape.csv
2025-08-27,0,0.2156181155225329,0.6138751209352865,1.467347,1.501524,0.5,0.535347,0.510099,0.49178,0.75,0.6,0.899008,0.404554,0.073477,0.772852,0,low_agreement,VOO,0.020551,0.020551,0.020551,0.0,0,0.129803,0.796856,0.13026,0.424889,part2a21_soft_caution_overlay,artifacts_part2_g532/predictions/g532_final_consensus_tape.csv
2025-08-28,0,0.2139127598168534,0.6935414808201007,1.313122,1.391914,0.5,0.532566,0.509305,0.436786,0.75,0.6,0.906953,0.408129,0.071622,0.777309,0,low_agreement,VOO,0.020551,0.020551,0.020551,0.0,0,0.113823,0.800213,0.120081,0.405752,part2a21_soft_caution_overlay,artifacts_part2_g532/predictions/g532_final_consensus_tape.csv
2025-08-29,0,0.2144906487251904,0.6794508485104802,1.80895,1.529806,0.75,0.540731,0.511637,0.504819,0.75,0.6,0.883625,0.397631,0.075434,0.768204,1,ok,VOO,0.020551,0.020551,0.020551,0.0,0,0.152868,0.782827,0.155047,0.471488,part2a21_soft_caution_overlay,artifacts_part2_g532/predictions/g532_final_consensus_tape.csv
2025-09-01,0,0.2144029471711606,0.6853664752685326,1.443174,1.521749,0.75,0.53946,0.511274,0.50103,0.65,0.6,0.887257,0.34603,0.075208,0.768739,0,high_risk_veto,FLAT,0.0,0.0,0.0,0.0,0,0.147023,0.787246,0.149452,0.46097,part2a21_soft_caution_overlay,artifacts_part2_g532/predictions/g532_final_consensus_tape.csv
2025-09-02,0,0.2161259377864009,0.6065186389820322,1.699177,1.650434,0.75,0.541719,0.51192,0.566167,0.65,0.6,0.880802,0.343513,0.067286,0.787933,0,high_risk_veto,FLAT,0.0,0.0,0.0,0.0,0,0.156686,0.778976,0.159862,0.480541,part2a21_soft_caution_overlay,artifacts_part2_g532/predictions/g532_final_consensus_tape.csv
2025-09-03,0,0.2111668730372649,0.6090803122196856,1.177996,1.440116,0.5,0.539944,0.511413,0.459258,0.65,0.6,0.885874,0.345491,0.064577,0.794719,0,high_risk_veto,FLAT,0.0,0.0,0.0,0.0,0,0.149047,0.785469,0.151711,0.465216,part2a21_soft_caution_overlay,artifacts_part2_g532/predictions/g532_final_consensus_tape.csv
2025-09-04,0,0.2115586679853965,0.6537253334133346,1.132947,1.336707,0.5,0.538694,0.511055,0.406878,0.65,0.6,0.889445,0.346884,0.066497,0.789896,0,high_risk_veto,FLAT,0.0,0.0,0.0,0.0,0,0.14439,0.790327,0.145508,0.453555,part2a21_soft_caution_overlay,artifacts_part2_g532/predictions/g532_final_consensus_tape.csv
2025-09-05,0,0.2123736969909964,0.793163906695244,1.43681,1.249251,0.5,0.541248,0.511785,0.361456,0.65,0.6,0.882148,0.344038,0.056825,0.814797,0,high_risk_veto,FLAT,0.0,0.0,0.0,0.0,0,0.1567,0.781763,0.156383,0.473999,part2a21_soft_caution_overlay,artifacts_part2_g532/predictions/g532_final_consensus_tape.csv
2025-09-08,0,0.2124725077953423,0.8046166680038053,1.313661,1.294473,0.5,0.54141,0.511831,0.384492,0.65,0.6,0.881687,0.343858,0.05649,0.815686,0,high_risk_veto,FLAT,0.0,0.0,0.0,0.0,0,0.157403,0.781174,0.15712,0.475386,part2a21_soft_caution_overlay,artifacts_part2_g532/predictions/g532_final_consensus_tape.csv
2025-09-09,0,0.2122882740297675,0.7843473265973063,1.350589,1.36702,0.5,0.541699,0.511914,0.421447,0.65,0.6,0.880859,0.343535,0.062646,0.799627,0,high_risk_veto,FLAT,0.0,0.0,0.0,0.0,0,0.159627,0.780615,0.157819,0.4767,part2a21_soft_caution_overlay,artifacts_part2_g532/predictions/g532_final_consensus_tape.csv
2025-09-10,0,0.2122293545785538,0.7811517081922962,1.340722,1.334991,0.75,0.541971,0.511992,0.405009,0.65,0.6,0.880083,0.343232,0.062564,0.799836,0,high_risk_veto,FLAT,0.0,0.0,0.0,0.0,0,0.159691,0.779042,0.15978,0.480386,part2a21_soft_caution_overlay,artifacts_part2_g532/predictions/g532_final_consensus_tape.csv
2025-09-11,0,0.2122056019500314,0.7736487415533775,1.195263,1.295525,0.5,0.536656,0.510473,0.386519,0.65,0.6,0.895269,0.349155,0.071959,0.776496,0,high_risk_veto,FLAT,0.0,0.0,0.0,0.0,0,0.136422,0.795084,0.135631,0.434987,part2a21_soft_caution_overlay,artifacts_part2_g532/predictions/g532_final_consensus_tape.csv
2025-09-12,0,0.2121064385075663,0.7457180976612796,1.278518,1.271501,0.5,0.535684,0.510196,0.374592,0.65,0.6,0.898044,0.350237,0.067455,0.787512,0,high_risk_veto,FLAT,0.0,0.0,0.0,0.0,0,0.130679,0.796223,0.13218,0.428498,part2a21_soft_caution_overlay,artifacts_part2_g532/predictions/g532_final_consensus_tape.csv
2025-09-15,0,0.2116897924765818,0.6853454658506788,1.161989,1.211923,0.5,0.536463,0.510418,0.344002,0.65,0.6,0.89582,0.34937,0.068749,0.784316,0,high_risk_veto,FLAT,0.0,0.0,0.0,0.0,0,0.141479,0.796627,0.130955,0.426196,part2a21_soft_caution_overlay,artifacts_part2_g532/predictions/g532_final_consensus_tape.csv
2025-09-16,0,0.2119212329138468,0.7443697322501706,1.442748,1.294418,0.75,0.540121,0.511463,0.384869,0.65,0.6,0.885368,0.345293,0.06421,0.795647,0,high_risk_veto,FLAT,0.0,0.0,0.0,0.0,0,0.159317,0.789633,0.146399,0.455231,part2a21_soft_caution_overlay,artifacts_part2_g532/predictions/g532_final_consensus_tape.csv
2025-09-17,0,0.2120560982950964,0.7458778137635117,1.490135,1.364958,0.75,0.535819,0.510234,0.422129,0.65,0.6,0.897659,0.350087,0.064196,0.795682,0,high_risk_veto,FLAT,0.0,0.0,0.0,0.0,0,0.132861,0.796359,0.131768,0.427723,part2a21_soft_caution_overlay,artifacts_part2_g532/predictions/g532_final_consensus_tape.csv
2025-09-18,0,0.2116570483308812,0.677885436340929,1.278302,1.403729,0.5,0.537908,0.510831,0.441274,0.65,0.6,0.891691,0.34776,0.071927,0.776575,0,high_risk_veto,FLAT,0.0,0.0,0.0,0.0,0,0.147859,0.794473,0.137485,0.438472,part2a21_soft_caution_overlay,artifacts_part2_g532/predictions/g532_final_consensus_tape.csv
2025-09-19,0,0.2120550954534067,0.7599644394118865,1.343031,1.370489,0.5,0.533104,0.509458,0.42574,0.65,0.6,0.905417,0.353113,0.051328,0.829662,0,high_risk_veto,FLAT,0.0,0.0,0.0,0.0,0,0.12632,0.801563,0.115987,0.398056,part2a21_soft_caution_overlay,artifacts_part2_g532/predictions/g532_final_consensus_tape.csv
2025-09-22,0,0.211597246475859,0.6855751823360622,1.376241,1.332525,0.5,0.53713,0.510608,0.40522,0.65,0.6,0.893915,0.348627,0.050199,0.832781,0,high_risk_veto,FLAT,0.0,0.0,0.0,0.0,0,0.148579,0.796517,0.131288,0.426822,part2a21_soft_caution_overlay,artifacts_part2_g532/predictions/g532_final_consensus_tape.csv
2025-09-23,0,0.2117547249779795,0.7252508736918024,1.769834,1.496369,0.75,0.534469,0.509848,0.489384,0.65,0.6,0.901517,0.351592,0.076475,0.765756,0,high_risk_veto,FLAT,0.0,0.0,0.0,0.0,0,0.127843,0.798572,0.125058,0.415109,part2a21_soft_caution_overlay,artifacts_part2_g532/predictions/g532_final_consensus_tape.csv
2025-09-24,0,0.2114664407088057,0.6647564815473537,1.685595,1.610557,0.75,0.536397,0.510399,0.547035,0.65,0.6,0.896008,0.349443,0.077268,0.763899,0,high_risk_veto,FLAT,0.0,0.0,0.0,0.0,0,0.139597,0.796386,0.131683,0.427565,part2a21_soft_caution_overlay,artifacts_part2_g532/predictions/g532_final_consensus_tape.csv
2025-09-25,0,0.2115535517209637,0.6924643575852715,1.68284,1.712757,0.75,0.53748,0.510709,0.598861,0.65,0.6,0.892913,0.348236,0.076701,0.765225,0,high_risk_veto,FLAT,0.0,0.0,0.0,0.0,0,0.14365,0.794617,0.137048,0.43765,part2a21_soft_caution_overlay,artifacts_part2_g532/predictions/g532_final_consensus_tape.csv
2025-09-26,0,0.2117910093507063,0.7137306229953223,1.439604,1.60268,0.5,0.533479,0.509565,0.543702,0.65,0.6,0.904347,0.352695,0.080653,0.756081,0,high_risk_veto,FLAT,0.0,0.0,0.0,0.0,0,0.12572,0.800526,0.119133,0.403969,part2a21_soft_caution_overlay,artifacts_part2_g532/predictions/g532_final_consensus_tape.csv
2025-09-29,0,0.2117414785868272,0.7212328944788801,1.450525,1.524323,0.5,0.533385,0.509539,0.50388,0.65,0.6,0.904615,0.3528,0.080426,0.7566,0,high_risk_veto,FLAT,0.0,0.0,0.0,0.0,0,0.12402,0.800393,0.119537,0.404729,part2a21_soft_caution_overlay,artifacts_part2_g532/predictions/g532_final_consensus_tape.csv
2025-09-30,0,0.2116955525215805,0.7064292467894727,1.483653,1.457928,0.5,0.535989,0.510283,0.469416,0.65,0.6,0.897173,0.349898,0.079188,0.759445,0,high_risk_veto,FLAT,0.0,0.0,0.0,0.0,0,0.136509,0.796721,0.130668,0.425657,part2a21_soft_caution_overlay,artifacts_part2_g532/predictions/g532_final_consensus_tape.csv
2025-10-01,0,0.3795834948467167,0.6315663115131452,1.41628,1.450153,0.5,0.534127,0.509751,0.465964,0.65,0.6,0.902494,0.351973,0.079561,0.758585,0,high_risk_veto,FLAT,0.0,0.0,0.0,0.0,0,0.134513,0.80082,0.118241,0.402293,part2a21_soft_caution_overlay,artifacts_part2_g532/predictions/g532_final_consensus_tape.csv
2025-10-02,0,0.3928069743034666,0.6693374686365722,1.483374,1.461102,0.5,0.531547,0.509013,0.472226,0.65,0.6,0.909865,0.354847,0.072121,0.776106,0,high_risk_veto,FLAT,0.0,0.0,0.0,0.0,0,0.112179,0.80234,0.113634,0.393631,part2a21_soft_caution_overlay,artifacts_part2_g532/predictions/g532_final_consensus_tape.csv
2025-10-03,0,0.3832264140510828,0.6498616993081733,1.708104,1.535919,0.75,0.538257,0.510931,0.508559,0.65,0.6,0.890694,0.347371,0.06899,0.783725,0,high_risk_veto,FLAT,0.0,0.0,0.0,0.0,0,0.145871,0.793203,0.141335,0.445709,part2a21_soft_caution_overlay,artifacts_part2_g532/predictions/g532_final_consensus_tape.csv
2025-10-06,0,0.3891200234054793,0.6513466075826108,1.403697,1.531725,0.5,0.532728,0.509351,0.507808,0.65,0.6,0.906491,0.353531,0.06853,0.784854,0,high_risk_veto,FLAT,0.0,0.0,0.0,0.0,0,0.120649,0.801271,0.116874,0.399723,part2a21_soft_caution_overlay,artifacts_part2_g532/predictions/g532_final_consensus_tape.csv
2025-10-07,0,0.4005745441063006,0.6895336266764259,1.74083,1.617543,0.75,0.537885,0.510824,0.550252,0.65,0.6,0.891757,0.347785,0.061775,0.80186,0,high_risk_veto,FLAT,0.0,0.0,0.0,0.0,0,0.142576,0.793406,0.140719,0.444552,part2a21_soft_caution_overlay,artifacts_part2_g532/predictions/g532_final_consensus_tape.csv
2025-10-08,0,0.3979456289556655,0.6618003065863348,1.271883,1.472136,0.5,0.532637,0.509325,0.477542,0.65,0.6,0.90675,0.353633,0.065027,0.793583,0,high_risk_veto,FLAT,0.0,0.0,0.0,0.0,0,0.119365,0.801219,0.117032,0.400019,part2a21_soft_caution_overlay,artifacts_part2_g532/predictions/g532_final_consensus_tape.csv
2025-10-09,0,0.3986318681271986,0.6606247625594915,1.63175,1.548154,0.75,0.532127,0.509179,0.516307,0.65,0.6,0.908208,0.354201,0.063955,0.796293,0,high_risk_veto,FLAT,0.0,0.0,0.0,0.0,0,0.118896,0.802358,0.113578,0.393526,part2a21_soft_caution_overlay,artifacts_part2_g532/predictions/g532_final_consensus_tape.csv
2025-10-10,0,0.3625365570401208,0.6193471229744546,2.504232,1.802621,0.75,0.547698,0.513628,0.642792,0.65,0.6,0.86372,0.336851,0.183168,0.577143,0,high_risk_veto,FLAT,0.0,0.0,0.0,0.0,0,0.182392,0.756194,0.187324,0.532169,part2a21_soft_caution_overlay,artifacts_part2_g532/predictions/g532_final_consensus_tape.csv
2025-10-13,0,0.3427012088698882,0.5530348486728641,0.827484,1.654488,0.5,0.549756,0.514216,0.566459,0.65,0.6,0.857841,0.334558,0.201903,0.553216,0,high_risk_veto,FLAT,0.0,0.0,0.0,0.0,0,0.17506,0.738831,0.2072,0.569536,part2a21_soft_caution_overlay,artifacts_part2_g532/predictions/g532_final_consensus_tape.csv
2025-10-14,0,0.3602248418700854,0.6089167027099073,1.672617,1.668111,0.75,0.545689,0.513054,0.574331,0.65,0.6,0.869459,0.339089,0.200413,0.555046,0,high_risk_veto,FLAT,0.0,0.0,0.0,0.0,0,0.173855,0.764057,0.178035,0.514705,part2a21_soft_caution_overlay,artifacts_part2_g532/predictions/g532_final_consensus_tape.csv
2025-10-15,0,0.3466367716797136,0.5765987677325674,1.306632,1.268911,0.5,0.541084,0.511738,0.371546,0.65,0.6,0.882618,0.344221,0.203564,0.55119,0,high_risk_veto,FLAT,0.0,0.0,0.0,0.0,0,0.1523,0.780465,0.158007,0.477053,part2a21_soft_caution_overlay,artifacts_part2_g532/predictions/g532_final_consensus_tape.csv
2025-10-16,0,0.3731587083762646,0.6411638306287483,1.605088,1.528113,0.75,0.547702,0.513629,0.502183,0.65,0.6,0.863708,0.336846,0.209525,0.54404,0,high_risk_veto,FLAT,0.0,0.0,0.0,0.0,0,0.177552,0.753492,0.190473,0.538089,part2a21_soft_caution_overlay,artifacts_part2_g532/predictions/g532_final_consensus_tape.csv
2025-10-17,0,0.3662226835681236,0.5909877085188427,1.326235,1.412652,0.5,0.540547,0.511585,0.445076,0.65,0.6,0.884152,0.344819,0.214017,0.538773,0,high_risk_veto,FLAT,0.0,0.0,0.0,0.0,0,0.137154,0.775784,0.163814,0.487971,part2a21_soft_caution_overlay,artifacts_part2_g532/predictions/g532_final_consensus_tape.csv
2025-10-20,0,0.3823576689925362,0.632221195880042,1.174955,1.368759,0.5,0.533838,0.509668,0.424645,0.65,0.6,0.903319,0.352294,0.217398,0.534876,0,high_risk_veto,FLAT,0.0,0.0,0.0,0.0,0,0.125693,0.799646,0.1218,0.408983,part2a21_soft_caution_overlay,artifacts_part2_g532/predictions/g532_final_consensus_tape.csv
2025-10-21,0,0.3812618612857695,0.6210413575094028,1.589559,1.363583,0.75,0.53535,0.5101,0.421568,0.65,0.6,0.899001,0.35061,0.21595,0.536538,0,high_risk_veto,FLAT,0.0,0.0,0.0,0.0,0,0.125285,0.795889,0.133191,0.430399,part2a21_soft_caution_overlay,artifacts_part2_g532/predictions/g532_final_consensus_tape.csv
2025-10-22,0,0.3960757052442836,0.6683470707615102,1.802744,1.522419,0.75,0.536582,0.510452,0.502102,0.65,0.6,0.895479,0.349237,0.213446,0.539437,0,high_risk_veto,FLAT,0.0,0.0,0.0,0.0,0,0.133302,0.794599,0.137103,0.437753,part2a21_soft_caution_overlay,artifacts_part2_g532/predictions/g532_final_consensus_tape.csv
2025-10-23,0,0.3700084688812331,0.601105317973357,1.313938,1.568747,0.5,0.537612,0.510746,0.525449,0.65,0.6,0.892538,0.34809,0.220592,0.531246,0,high_risk_veto,FLAT,0.0,0.0,0.0,0.0,0,0.132065,0.790351,0.145478,0.453499,part2a21_soft_caution_overlay,artifacts_part2_g532/predictions/g532_final_consensus_tape.csv
2025-10-24,0,0.3994509982362503,0.6715139047468668,1.257894,1.458192,0.5,0.529462,0.508418,0.471308,0.65,0.6,0.915823,0.357171,0.128825,0.659935,0,high_risk_veto,FLAT,0.0,0.0,0.0,0.0,0,0.104229,0.805714,0.103402,0.374396,part2a21_soft_caution_overlay,artifacts_part2_g532/predictions/g532_final_consensus_tape.csv
2025-10-27,0,0.3803488138327301,0.6220050339075645,1.098496,1.223443,0.5,0.534274,0.509793,0.350593,0.65,0.6,0.902074,0.351809,0.122779,0.670638,0,high_risk_veto,FLAT,0.0,0.0,0.0,0.0,0,0.140201,0.801672,0.115658,0.397438,part2a21_soft_caution_overlay,artifacts_part2_g532/predictions/g532_final_consensus_tape.csv
2025-10-28,0,0.3814876528902866,0.6301838717183759,1.394164,1.250185,0.5,0.534197,0.509771,0.364221,0.65,0.6,0.902294,0.351895,0.117222,0.680787,0,high_risk_veto,FLAT,0.0,0.0,0.0,0.0,0,0.14663,0.803225,0.110951,0.388587,part2a21_soft_caution_overlay,artifacts_part2_g532/predictions/g532_final_consensus_tape.csv
2025-10-29,0,0.2121195118344135,0.3810679642306258,1.504882,1.332514,0.5,0.534148,0.509757,0.406117,0.75,0.6,0.902433,0.406095,0.118137,0.679095,0,low_agreement,FLAT,0.0,0.0,0.0,0.0,0,0.134033,0.800666,0.118708,0.403171,part2a21_soft_caution_overlay,artifacts_part2_g532/predictions/g532_final_consensus_tape.csv
2025-10-30,0,0.2124476606823725,0.3769111902608129,2.098075,1.665707,0.75,0.530556,0.50873,0.576382,0.75,0.6,0.912698,0.410714,0.111323,0.691903,1,ok,FLAT,0.0,0.0,0.0,0.0,0,0.110899,0.804476,0.107157,0.381456,part2a21_soft_caution_overlay,artifacts_part2_g532/predictions/g532_final_consensus_tape.csv
2025-10-31,0,0.2125053686599823,0.3801831923296406,1.48085,1.694603,0.5,0.533104,0.509458,0.590524,0.75,0.6,0.905417,0.407438,0.109655,0.69511,0,low_agreement,FLAT,0.0,0.0,0.0,0.0,0,0.120883,0.800408,0.119489,0.40464,part2a21_soft_caution_overlay,artifacts_part2_g532/predictions/g532_final_consensus_tape.csv
2025-11-03,0,0.21223415379013,0.3752435184682978,1.475088,1.684671,0.5,0.531987,0.509139,0.58571,0.75,0.6,0.908609,0.408874,0.104567,0.705085,0,low_agreement,FLAT,0.0,0.0,0.0,0.0,0,0.119545,0.802837,0.112127,0.390798,part2a21_soft_caution_overlay,artifacts_part2_g532/predictions/g532_final_consensus_tape.csv
2025-11-04,0,0.2131081009079204,0.39875790210687,2.157023,1.70432,0.75,0.535611,0.510175,0.594948,0.75,0.6,0.898255,0.404215,0.129191,0.659298,1,ok,FLAT,0.0,0.0,0.0,0.0,0,0.126101,0.795428,0.134588,0.433025,part2a21_soft_caution_overlay,artifacts_part2_g532/predictions/g532_final_consensus_tape.csv
2025-11-05,0,0.2128941458902914,0.3715942997784407,1.429121,1.687077,0.5,0.534702,0.509915,0.586361,0.75,0.6,0.90085,0.405383,0.12683,0.66343,0,low_agreement,FLAT,0.0,0.0,0.0,0.0,0,0.127809,0.797998,0.126797,0.418379,part2a21_soft_caution_overlay,artifacts_part2_g532/predictions/g532_final_consensus_tape.csv
2025-11-06,0,0.2132881114111723,0.3749021413649837,2.0857,1.890615,0.75,0.535522,0.510149,0.689798,0.75,0.6,0.898508,0.404329,0.151303,0.622971,1,ok,FLAT,0.0,0.0,0.0,0.0,0,0.129715,0.796412,0.131606,0.427419,part2a21_soft_caution_overlay,artifacts_part2_g532/predictions/g532_final_consensus_tape.csv
2025-11-07,0,0.2131485604895917,0.3657687946625027,1.576978,1.697266,0.75,0.53511,0.510031,0.591461,0.75,0.6,0.899687,0.404859,0.146213,0.630974,1,ok,FLAT,0.0,0.0,0.0,0.0,0,0.125057,0.796424,0.13157,0.427352,part2a21_soft_caution_overlay,artifacts_part2_g532/predictions/g532_final_consensus_tape.csv
2025-11-10,0,0.2132414761292682,0.3882375988554499,0.858969,1.507216,0.5,0.534008,0.509717,0.495021,0.75,0.6,0.902834,0.406275,0.159125,0.611061,0,low_agreement,FLAT,0.0,0.0,0.0,0.0,0,0.122977,0.798658,0.124797,0.414618,part2a21_soft_caution_overlay,artifacts_part2_g532/predictions/g532_final_consensus_tape.csv
2025-11-11,0,0.2130992631628386,0.3992750786932865,1.570866,1.335604,0.75,0.532756,0.509359,0.408108,0.75,0.6,0.906411,0.407885,0.15889,0.611412,1,ok,FLAT,0.0,0.0,0.0,0.0,0,0.124684,0.802061,0.11448,0.395222,part2a21_soft_caution_overlay,artifacts_part2_g532/predictions/g532_final_consensus_tape.csv
2025-11-12,0,0.2129052785962234,0.3674169701952758,1.482369,1.304068,0.75,0.532208,0.509202,0.392247,0.75,0.6,0.907978,0.40859,0.154056,0.618727,1,ok,FLAT,0.0,0.0,0.0,0.0,0,0.116521,0.801658,0.115701,0.397518,part2a21_soft_caution_overlay,artifacts_part2_g532/predictions/g532_final_consensus_tape.csv
2025-11-13,0,0.2135833967813976,0.3844089482195127,2.066919,1.706718,0.75,0.536649,0.510471,0.595955,0.75,0.6,0.895289,0.40288,0.161916,0.60692,1,ok,FLAT,0.0,0.0,0.0,0.0,0,0.133622,0.794506,0.137386,0.438285,part2a21_soft_caution_overlay,artifacts_part2_g532/predictions/g532_final_consensus_tape.csv
2025-11-14,0,0.2139765949462634,0.3705432960669531,1.397428,1.648905,0.5,0.536371,0.510392,0.566571,0.75,0.6,0.896083,0.403237,0.161318,0.607802,0,low_agreement,FLAT,0.0,0.0,0.0,0.0,0,0.128948,0.794187,0.138352,0.440101,part2a21_soft_caution_overlay,artifacts_part2_g532/predictions/g532_final_consensus_tape.csv
2025-11-17,0,0.2144395566921529,0.3725137545516235,1.654636,1.706328,0.75,0.543532,0.512438,0.594334,0.75,0.6,0.875624,0.394031,0.165855,0.601171,1,ok,VOO,0.021118,0.021118,0.021118,0.0,0,0.160705,0.770219,0.170618,0.500763,part2a21_soft_caution_overlay,artifacts_part2_g532/predictions/g532_final_consensus_tape.csv
2025-11-18,0,0.2147019599492153,0.4188049217230414,1.75269,1.601585,0.75,0.545891,0.513112,0.540243,0.75,0.6,0.868883,0.390997,0.16133,0.607785,1,ok,VOO,0.021118,0.021118,0.021118,0.0,0,0.145573,0.747184,0.197743,0.551756,part2a21_soft_caution_overlay,artifacts_part2_g532/predictions/g532_final_consensus_tape.csv
2025-11-19,0,0.2140697923178728,0.3801482792188633,1.178506,1.528611,0.5,0.541936,0.511982,0.503903,0.75,0.6,0.880181,0.396082,0.156113,0.615593,0,low_agreement,VOO,0.021118,0.021118,0.021118,0.0,0,0.149411,0.773884,0.166149,0.49236,part2a21_soft_caution_overlay,artifacts_part2_g532/predictions/g532_final_consensus_tape.csv
2025-11-20,0,0.214367840720473,0.3944278639220728,1.986571,1.639256,0.75,0.543172,0.512335,0.560133,0.75,0.6,0.876651,0.394493,0.160764,0.608622,1,ok,VOO,0.021118,0.021118,0.021118,0.0,0,0.137754,0.760077,0.182759,0.523588,part2a21_soft_caution_overlay,artifacts_part2_g532/predictions/g532_final_consensus_tape.csv
2025-11-21,0,0.2128549655705792,0.3842738080221284,1.016809,1.393962,0.5,0.542308,0.512088,0.43503,0.75,0.6,0.87912,0.395604,0.167108,0.599365,0,low_agreement,VOO,0.021118,0.021118,0.021118,0.0,0,0.161722,0.778098,0.160953,0.482591,part2a21_soft_caution_overlay,artifacts_part2_g532/predictions/g532_final_consensus_tape.csv
2025-11-24,0,0.2122905127735314,0.3691104267110779,0.559005,1.187461,0.5,0.538574,0.511021,0.330824,0.75,0.6,0.889789,0.400405,0.156408,0.615145,0,low_agreement,FLAT,0.0,0.0,0.0,0.0,0,0.134668,0.786118,0.150888,0.463669,part2a21_soft_caution_overlay,artifacts_part2_g532/predictions/g532_final_consensus_tape.csv
2025-11-25,0,0.2118981934390271,0.4227116828932464,1.162281,0.912698,0.5,0.54392,0.512549,0.188529,0.75,0.6,0.874514,0.393531,0.163281,0.604916,0,low_agreement,FLAT,0.0,0.0,0.0,0.0,0,0.169766,0.772664,0.167642,0.495166,part2a21_soft_caution_overlay,artifacts_part2_g532/predictions/g532_final_consensus_tape.csv
2025-11-26,0,0.2172952629788863,0.3932982305139207,1.116322,0.945869,0.5,0.541886,0.511968,0.206312,0.75,0.6,0.880325,0.396146,0.167974,0.598124,0,low_agreement,FLAT,0.0,0.0,0.0,0.0,0,0.166235,0.782912,0.154939,0.471286,part2a21_soft_caution_overlay,artifacts_part2_g532/predictions/g532_final_consensus_tape.csv
2025-11-27,0,0.2083318568027619,0.3173340224891781,1.395801,1.224801,0.75,0.540459,0.51156,0.349236,0.75,0.6,0.884402,0.397981,0.153598,0.619428,1,ok,FLAT,0.0,0.0,0.0,0.0,0,0.157042,0.786537,0.150355,0.462667,part2a21_soft_caution_overlay,artifacts_part2_g532/predictions/g532_final_consensus_tape.csv
2025-11-28,0,0.2034915662309812,0.3027088011804293,1.202536,1.23822,0.5,0.53973,0.511352,0.356323,0.75,0.6,0.886485,0.398918,0.157836,0.612991,0,low_agreement,FLAT,0.0,0.0,0.0,0.0,0,0.166529,0.874015,0.138873,0.441082,part2a21_soft_caution_overlay,artifacts_part2_g532/predictions/g532_final_consensus_tape.csv
2025-12-01,0,0.2067334193813246,0.3027202066195678,1.60199,1.400109,0.75,0.530439,0.508697,0.441555,0.958412,0.6,0.913031,0.525036,0.145142,0.632685,1,ok,VOO,0.022002,0.022002,0.022002,0.0,0,0.112193,0.805034,0.105465,0.378274,part2a21_soft_caution_overlay,artifacts_part2_g532/predictions/g532_final_consensus_tape.csv
2025-12-02,0,0.2121418365914032,0.3245708986179627,1.334095,1.37954,0.5,0.52748,0.507851,0.431965,0.963785,0.6,0.921485,0.532869,0.130204,0.657542,0,low_agreement,VOO,0.022002,0.022002,0.022002,0.0,0,0.098985,0.809414,0.092186,0.35331,part2a21_soft_caution_overlay,artifacts_part2_g532/predictions/g532_final_consensus_tape.csv
2025-12-03,0,0.2155750806200493,0.4267666724511716,1.512231,1.482772,0.5,0.5309,0.508829,0.483404,0.75,0.6,0.911714,0.410271,0.130071,0.657772,0,low_agreement,VOO,0.022002,0.022002,0.022002,0.0,0,0.112384,0.803955,0.108736,0.384424,part2a21_soft_caution_overlay,artifacts_part2_g532/predictions/g532_final_consensus_tape.csv
2025-12-04,0,0.2098569173583199,0.3457411794788413,1.61607,1.487465,0.75,0.534067,0.509733,0.48496,0.75,0.6,0.902667,0.4062,0.065259,0.792999,1,ok,VOO,0.022002,0.022002,0.022002,0.0,0,0.133893,0.800835,0.118196,0.402208,part2a21_soft_caution_overlay,artifacts_part2_g532/predictions/g532_final_consensus_tape.csv
2025-12-05,0,0.2169050244710284,0.388019101323507,1.513938,1.547413,0.5,0.534068,0.509734,0.515453,0.75,0.6,0.902662,0.406198,0.06443,0.795089,0,low_agreement,VOO,0.022002,0.022002,0.022002,0.0,0,0.137079,0.801508,0.116156,0.398373,part2a21_soft_caution_overlay,artifacts_part2_g532/predictions/g532_final_consensus_tape.csv
2025-12-08,0,0.2044532337443475,0.279518233245895,1.698742,1.609583,0.75,0.529805,0.508516,0.548057,0.959292,0.6,0.914843,0.526561,0.047083,0.841515,1,ok,VOO,0.036427,0.036427,0.036427,0.0,0,0.117216,0.887641,0.09756,0.363412,part2a21_soft_caution_overlay,artifacts_part2_g532/predictions/g532_final_consensus_tape.csv
2025-12-09,0,0.2045274001963223,0.2971290455683431,1.623856,1.612179,0.5,0.535419,0.51012,0.548086,0.75,0.6,0.898804,0.404462,0.043481,0.851845,0,low_agreement,VOO,0.036427,0.036427,0.036427,0.0,0,0.145922,0.880107,0.120401,0.406354,part2a21_soft_caution_overlay,artifacts_part2_g532/predictions/g532_final_consensus_tape.csv
2025-12-10,0,0.2058345773945838,0.3374822241280434,1.550676,1.624425,0.5,0.535013,0.510004,0.554412,0.75,0.6,0.899963,0.404983,0.038865,0.865457,0,low_agreement,VOO,0.036427,0.036427,0.036427,0.0,0,0.151157,0.882205,0.114041,0.394396,part2a21_soft_caution_overlay,artifacts_part2_g532/predictions/g532_final_consensus_tape.csv
2025-12-11,0,0.2067162847478528,0.3098658781442593,1.729246,1.634593,0.75,0.532846,0.509384,0.560072,0.75,0.6,0.906155,0.40777,0.037025,0.871005,1,ok,VOO,0.036427,0.036427,0.036427,0.0,0,0.127518,0.802445,0.113313,0.393028,part2a21_soft_caution_overlay,artifacts_part2_g532/predictions/g532_final_consensus_tape.csv
2025-12-12,0,0.2149788867573292,0.359159458011369,2.137459,1.805794,0.75,0.535075,0.510021,0.646701,0.75,0.6,0.899786,0.404904,0.055866,0.817352,1,ok,VOO,0.036427,0.036427,0.036427,0.0,0,0.136444,0.798928,0.123977,0.413077,part2a21_soft_caution_overlay,artifacts_part2_g532/predictions/g532_final_consensus_tape.csv
2025-12-15,0,0.213086861213323,0.344793514196498,1.645246,1.837317,0.75,0.532094,0.50917,0.663255,0.75,0.6,0.908303,0.408736,0.057992,0.81171,1,ok,VOO,0.033008,0.033008,0.033008,0.0,0,0.121271,0.802944,0.111802,0.390189,part2a21_soft_caution_overlay,artifacts_part2_g532/predictions/g532_final_consensus_tape.csv
2025-12-16,0,0.2128349745503669,0.3349538855339227,1.445718,1.742808,0.5,0.533385,0.509539,0.614977,0.75,0.6,0.904614,0.407076,0.065469,0.792471,0,low_agreement,VOO,0.033008,0.033008,0.033008,0.0,0,0.127332,0.801096,0.117404,0.400719,part2a21_soft_caution_overlay,artifacts_part2_g532/predictions/g532_final_consensus_tape.csv
2025-12-17,0,0.2210023867416326,0.3766140310943921,2.031352,1.707439,0.75,0.53537,0.510106,0.596585,0.75,0.6,0.898944,0.404525,0.083687,0.749206,1,ok,VOO,0.033008,0.033008,0.033008,0.0,0,0.124869,0.795752,0.133606,0.431179,part2a21_soft_caution_overlay,artifacts_part2_g532/predictions/g532_final_consensus_tape.csv
2025-12-18,0,0.2327376105575231,0.4243955447256632,1.051753,1.509608,0.5,0.535413,0.510118,0.495878,0.75,0.6,0.898821,0.40447,0.085576,0.744988,0,low_agreement,VOO,0.033008,0.033008,0.033008,0.0,0,0.131118,0.796976,0.129895,0.424203,part2a21_soft_caution_overlay,artifacts_part2_g532/predictions/g532_final_consensus_tape.csv
2025-12-19,0,0.211452853236698,0.3434938832994174,1.142857,1.408654,0.5,0.53716,0.510617,0.443996,0.65,0.6,0.893828,0.348593,0.103564,0.707085,0,high_risk_veto,VOO,0.033008,0.033008,0.033008,0.0,0,0.142243,0.795096,0.135597,0.434923,part2a21_soft_caution_overlay,artifacts_part2_g532/predictions/g532_final_consensus_tape.csv
2025-12-22,0,0.211397455527236,0.295437858721265,1.403409,1.19934,0.5,0.537346,0.51067,0.337295,0.65,0.6,0.893298,0.348386,0.110753,0.692995,0,high_risk_veto,FLAT,0.0,0.0,0.0,0.0,0,0.146077,0.79546,0.134492,0.432845,part2a21_soft_caution_overlay,artifacts_part2_g532/predictions/g532_final_consensus_tape.csv
2025-12-23,0,0.2143628103175322,0.3205161446809159,1.368254,1.30484,0.5,0.534335,0.50981,0.391982,0.65,0.6,0.901901,0.351741,0.113372,0.688001,0,high_risk_veto,FLAT,0.0,0.0,0.0,0.0,0,0.133238,0.800045,0.120592,0.406712,part2a21_soft_caution_overlay,artifacts_part2_g532/predictions/g532_final_consensus_tape.csv
2025-12-24,0,0.2130309621149434,0.4348941084711315,1.416513,1.396059,0.5,0.529747,0.508499,0.439696,0.65,0.6,0.915008,0.356853,0.112515,0.689628,0,high_risk_veto,FLAT,0.0,0.0,0.0,0.0,0,0.112271,0.806731,0.100319,0.3686,part2a21_soft_caution_overlay,artifacts_part2_g532/predictions/g532_final_consensus_tape.csv
2025-12-25,0,0.2122021597871365,0.3858517168279515,1.5095,1.431422,0.75,0.529116,0.508319,0.457818,0.65,0.6,0.916811,0.357556,0.112032,0.690546,0,high_risk_veto,FLAT,0.0,0.0,0.0,0.0,0,0.108402,0.807441,0.098166,0.364553,part2a21_soft_caution_overlay,artifacts_part2_g532/predictions/g532_final_consensus_tape.csv
2025-12-26,0,0.2137083963351755,0.4764960939847069,1.49752,1.474511,0.75,0.53129,0.50894,0.479106,0.65,0.6,0.9106,0.355134,0.1023,0.709622,0,high_risk_veto,FLAT,0.0,0.0,0.0,0.0,0,0.126559,0.80602,0.102474,0.372651,part2a21_soft_caution_overlay,artifacts_part2_g532/predictions/g532_final_consensus_tape.csv
2025-12-29,0,0.2125162686817607,0.404474811694595,1.632168,1.546396,0.75,0.5306,0.508743,0.515789,0.65,0.6,0.91257,0.355902,0.105548,0.70314,0,high_risk_veto,FLAT,0.0,0.0,0.0,0.0,0,0.116712,0.805602,0.103741,0.375034,part2a21_soft_caution_overlay,artifacts_part2_g532/predictions/g532_final_consensus_tape.csv
2025-12-30,0,0.2122128338324281,0.3881995187153726,1.553331,1.561006,0.75,0.530558,0.508731,0.523219,0.65,0.6,0.912692,0.35595,0.099927,0.714434,0,high_risk_veto,FLAT,0.0,0.0,0.0,0.0,0,0.114522,0.80524,0.104839,0.377098,part2a21_soft_caution_overlay,artifacts_part2_g532/predictions/g532_final_consensus_tape.csv
2025-12-31,0,0.2127909642422158,0.4260218461603511,1.739208,1.641569,0.75,0.535337,0.510096,0.563065,0.65,0.6,0.899038,0.350625,0.080832,0.75567,0,high_risk_veto,FLAT,0.0,0.0,0.0,0.0,0,0.141959,0.799464,0.122352,0.410021,part2a21_soft_caution_overlay,artifacts_part2_g532/predictions/g532_final_consensus_tape.csv
2026-01-01,0,0.2133201728173337,0.4577114458727533,1.474021,1.588853,0.75,0.535943,0.51027,0.536089,0.65,0.6,0.897305,0.349949,0.079437,0.75887,0,high_risk_veto,FLAT,0.0,0.0,0.0,0.0,0,0.145586,0.798762,0.124481,0.414024,part2a21_soft_caution_overlay,artifacts_part2_g532/predictions/g532_final_consensus_tape.csv
2026-01-02,0,0.21221772519867,0.3912176936727012,1.518294,1.577174,0.75,0.535897,0.510256,0.530154,0.65,0.6,0.897438,0.350001,0.059239,0.808437,0,high_risk_veto,FLAT,0.0,0.0,0.0,0.0,0,0.143252,0.798379,0.125642,0.416207,part2a21_soft_caution_overlay,artifacts_part2_g532/predictions/g532_final_consensus_tape.csv
2026-01-05,0,0.2128500831380192,0.428093364276987,1.240082,1.410799,0.5,0.534654,0.509901,0.445797,0.65,0.6,0.900989,0.351386,0.049491,0.834749,0,high_risk_veto,FLAT,0.0,0.0,0.0,0.0,0,0.136307,0.799921,0.120965,0.407415,part2a21_soft_caution_overlay,artifacts_part2_g532/predictions/g532_final_consensus_tape.csv
2026-01-06,0,0.2121643515165148,0.3843930985812185,1.31111,1.356495,0.5,0.531912,0.509118,0.418977,0.65,0.6,0.908823,0.354441,0.054209,0.821805,0,high_risk_veto,FLAT,0.0,0.0,0.0,0.0,0,0.126072,0.804406,0.107369,0.381854,part2a21_soft_caution_overlay,artifacts_part2_g532/predictions/g532_final_consensus_tape.csv
2026-01-07,0,0.212598920059904,0.4106400362236371,1.552042,1.367745,0.5,0.535751,0.510215,0.423568,0.65,0.6,0.897853,0.350163,0.060541,0.805046,0,high_risk_veto,FLAT,0.0,0.0,0.0,0.0,0,0.139001,0.797829,0.127311,0.419344,part2a21_soft_caution_overlay,artifacts_part2_g532/predictions/g532_final_consensus_tape.csv
2026-01-08,0,0.2128268731869069,0.4256716766032006,1.768697,1.54395,0.75,0.538511,0.511003,0.51259,0.65,0.6,0.889968,0.347088,0.062488,0.800031,0,high_risk_veto,FLAT,0.0,0.0,0.0,0.0,0,0.157424,0.795041,0.135762,0.435232,part2a21_soft_caution_overlay,artifacts_part2_g532/predictions/g532_final_consensus_tape.csv
2026-01-09,0,0.2141360319859738,0.5021011266781109,1.313648,1.544796,0.5,0.537067,0.51059,0.513379,0.65,0.6,0.894096,0.348697,0.067904,0.786401,0,high_risk_veto,FLAT,0.0,0.0,0.0,0.0,0,0.15812,0.798697,0.124677,0.414392,part2a21_soft_caution_overlay,artifacts_part2_g532/predictions/g532_final_consensus_tape.csv
2026-01-12,0,0.2121214068858282,0.3828694218618931,1.595787,1.559377,0.5,0.536021,0.510292,0.521063,0.65,0.6,0.897084,0.349863,0.060567,0.804979,0,high_risk_veto,FLAT,0.0,0.0,0.0,0.0,0,0.146952,0.798864,0.124171,0.413441,part2a21_soft_caution_overlay,artifacts_part2_g532/predictions/g532_final_consensus_tape.csv
2026-01-13,0,0.214841816992716,0.5482177824224402,1.684443,1.531293,0.75,0.540651,0.511615,0.505597,0.65,0.6,0.883853,0.344703,0.064716,0.794368,0,high_risk_veto,FLAT,0.0,0.0,0.0,0.0,0,0.171182,0.792535,0.142658,0.448197,part2a21_soft_caution_overlay,artifacts_part2_g532/predictions/g532_final_consensus_tape.csv
2026-01-14,0,0.2135740254823306,0.4734074507540678,1.934763,1.738331,0.75,0.53263,0.509323,0.612849,0.65,0.6,0.906772,0.353641,0.072542,0.775092,0,high_risk_veto,FLAT,0.0,0.0,0.0,0.0,0,0.12043,0.801463,0.116291,0.398627,part2a21_soft_caution_overlay,artifacts_part2_g532/predictions/g532_final_consensus_tape.csv
2026-01-15,0,0.2140242448803587,0.5002313547462361,1.520466,1.713224,0.5,0.534465,0.509847,0.599714,0.65,0.6,0.901529,0.351596,0.074762,0.769794,0,high_risk_veto,FLAT,0.0,0.0,0.0,0.0,0,0.129995,0.799039,0.12364,0.412443,part2a21_soft_caution_overlay,artifacts_part2_g532/predictions/g532_final_consensus_tape.csv
2026-01-16,0,0.2133945867482221,0.4643525005323921,1.689353,1.714861,0.75,0.537553,0.510729,0.599918,0.65,0.6,0.892707,0.348156,0.07494,0.769372,0,high_risk_veto,FLAT,0.0,0.0,0.0,0.0,0,0.154024,0.796647,0.130894,0.426081,part2a21_soft_caution_overlay,artifacts_part2_g532/predictions/g532_final_consensus_tape.csv
2026-01-19,0,0.2128460645579515,0.4298363467522723,1.661598,1.623806,0.75,0.537683,0.510767,0.55349,0.65,0.6,0.892333,0.34801,0.074155,0.771237,0,high_risk_veto,FLAT,0.0,0.0,0.0,0.0,0,0.153969,0.796317,0.131893,0.427959,part2a21_soft_caution_overlay,artifacts_part2_g532/predictions/g532_final_consensus_tape.csv
2026-01-20,0,0.2130332426377435,0.4457906295424395,2.385651,1.912201,0.75,0.539646,0.511327,0.700157,0.65,0.6,0.886726,0.345823,0.108605,0.697147,0,high_risk_veto,FLAT,0.0,0.0,0.0,0.0,0,0.145523,0.785409,0.151787,0.465359,part2a21_soft_caution_overlay,artifacts_part2_g532/predictions/g532_final_consensus_tape.csv
2026-01-21,0,0.2066434060768586,0.560100405343032,1.337505,1.794918,0.5,0.535764,0.510218,0.64104,0.65,0.6,0.897817,0.350149,0.117031,0.681142,0,high_risk_veto,FLAT,0.0,0.0,0.0,0.0,0,0.142946,0.798637,0.124861,0.414739,part2a21_soft_caution_overlay,artifacts_part2_g532/predictions/g532_final_consensus_tape.csv
2026-01-22,0,0.2063981849020369,0.6067118051668471,1.547016,1.756724,0.5,0.533597,0.509599,0.622012,0.65,0.6,0.90401,0.352564,0.119273,0.677006,0,high_risk_veto,FLAT,0.0,0.0,0.0,0.0,0,0.143883,0.8841,0.108298,0.3836,part2a21_soft_caution_overlay,artifacts_part2_g532/predictions/g532_final_consensus_tape.csv
2026-01-23,0,0.2061156546267397,0.628971199981426,1.668936,1.517819,0.5,0.541075,0.511736,0.498612,0.65,0.6,0.882644,0.344231,0.115808,0.683418,0,high_risk_veto,FLAT,0.0,0.0,0.0,0.0,0,0.177997,0.873187,0.141383,0.4458,part2a21_soft_caution_overlay,artifacts_part2_g532/predictions/g532_final_consensus_tape.csv
2026-01-26,0,0.2062015837944923,0.6100155484383398,1.589038,1.601663,0.5,0.538719,0.511063,0.541964,0.65,0.6,0.889373,0.346856,0.116507,0.682115,0,high_risk_veto,FLAT,0.0,0.0,0.0,0.0,0,0.161283,0.875355,0.13481,0.433442,part2a21_soft_caution_overlay,artifacts_part2_g532/predictions/g532_final_consensus_tape.csv
2026-01-27,0,0.2060208344938892,0.6316457025745638,1.489189,1.582388,0.5,0.536384,0.510395,0.532693,0.65,0.6,0.896046,0.349458,0.118136,0.679096,0,high_risk_veto,FLAT,0.0,0.0,0.0,0.0,0,0.146653,0.877919,0.127037,0.41883,part2a21_soft_caution_overlay,artifacts_part2_g532/predictions/g532_final_consensus_tape.csv
2026-01-28,0,0.2062378083839725,0.5790151792525221,1.698473,1.592233,0.5,0.535797,0.510228,0.537845,0.65,0.6,0.897723,0.350112,0.110496,0.693489,0,high_risk_veto,FLAT,0.0,0.0,0.0,0.0,0,0.151662,0.880409,0.119488,0.404638,part2a21_soft_caution_overlay,artifacts_part2_g532/predictions/g532_final_consensus_tape.csv
2026-01-29,0,0.2062490119529641,0.6260420271290229,1.948035,1.711899,0.75,0.538244,0.510927,0.598268,0.65,0.6,0.890732,0.347386,0.110826,0.692855,0,high_risk_veto,FLAT,0.0,0.0,0.0,0.0,0,0.158827,0.875989,0.132889,0.429832,part2a21_soft_caution_overlay,artifacts_part2_g532/predictions/g532_final_consensus_tape.csv
2026-01-30,0,0.2070257714482988,0.5432502085322475,2.016415,1.887641,0.75,0.538896,0.511113,0.687748,0.65,0.6,0.888869,0.346659,0.110936,0.692643,0,high_risk_veto,FLAT,0.0,0.0,0.0,0.0,0,0.146698,0.790327,0.145508,0.453554,part2a21_soft_caution_overlay,artifacts_part2_g532/predictions/g532_final_consensus_tape.csv
2026-02-02,0,0.2069838066186188,0.544088769255617,1.456331,1.806927,0.5,0.535783,0.510224,0.647151,0.65,0.6,0.897763,0.350127,0.116959,0.681275,0,high_risk_veto,FLAT,0.0,0.0,0.0,0.0,0,0.134106,0.796711,0.130698,0.425712,part2a21_soft_caution_overlay,artifacts_part2_g532/predictions/g532_final_consensus_tape.csv
2026-02-03,0,0.2070228949033333,0.5388891576646468,2.08767,1.853472,0.75,0.541478,0.511851,0.66989,0.65,0.6,0.881491,0.343781,0.090251,0.734751,0,high_risk_veto,FLAT,0.0,0.0,0.0,0.0,0,0.160233,0.782226,0.155801,0.472906,part2a21_soft_caution_overlay,artifacts_part2_g532/predictions/g532_final_consensus_tape.csv
2026-02-04,0,0.2067302266867714,0.5877192792121769,2.034107,1.859369,0.75,0.539718,0.511348,0.673195,0.75,0.6,0.88652,0.398934,0.085123,0.745995,1,ok,FLAT,0.0,0.0,0.0,0.0,0,0.14135,0.782859,0.155006,0.471411,part2a21_soft_caution_overlay,artifacts_part2_g532/predictions/g532_final_consensus_tape.csv
2026-02-05,0,0.2062294473331926,0.6389406691147137,1.870964,1.99758,0.75,0.548886,0.513967,0.742496,0.75,0.6,0.860326,0.387147,0.119922,0.675819,1,ok,FLAT,0.0,0.0,0.0,0.0,0,0.196079,0.836255,0.187253,0.532035,part2a21_soft_caution_overlay,artifacts_part2_g532/predictions/g532_final_consensus_tape.csv
2026-02-06,0,0.2065290455143418,0.5651660827796254,0.783585,1.562885,0.5,0.541502,0.511858,0.521514,0.75,0.6,0.881423,0.39664,0.161889,0.606959,0,low_agreement,FLAT,0.0,0.0,0.0,0.0,0,0.141013,0.772075,0.168361,0.496519,part2a21_soft_caution_overlay,artifacts_part2_g532/predictions/g532_final_consensus_tape.csv
2026-02-09,0,0.2067476427875711,0.4991907865388049,1.239236,1.297928,0.5,0.534988,0.509996,0.388262,0.75,0.6,0.900035,0.405016,0.16249,0.606075,0,low_agreement,FLAT,0.0,0.0,0.0,0.0,0,0.13814,0.7995,0.122242,0.409814,part2a21_soft_caution_overlay,artifacts_part2_g532/predictions/g532_final_consensus_tape.csv
2026-02-10,0,0.2056962038443081,0.6828461481478275,1.60485,1.209224,0.75,0.539763,0.511361,0.34152,0.75,0.6,0.886392,0.398876,0.162919,0.605446,1,ok,FLAT,0.0,0.0,0.0,0.0,0,0.159941,0.871995,0.143358,0.449512,part2a21_soft_caution_overlay,artifacts_part2_g532/predictions/g532_final_consensus_tape.csv
2026-02-11,0,0.2060486963643023,0.6467076292623034,1.45022,1.431435,0.5,0.53609,0.510311,0.455899,0.75,0.6,0.896885,0.403598,0.163923,0.603977,0,low_agreement,FLAT,0.0,0.0,0.0,0.0,0,0.14196,0.877635,0.127899,0.42045,part2a21_soft_caution_overlay,artifacts_part2_g532/predictions/g532_final_consensus_tape.csv
2026-02-12,0,0.2058654340152504,0.6586039064242529,2.070299,1.708457,0.75,0.541687,0.511911,0.595803,0.75,0.6,0.880895,0.396403,0.193929,0.563154,1,ok,FLAT,0.0,0.0,0.0,0.0,0,0.167242,0.864592,0.152821,0.467303,part2a21_soft_caution_overlay,artifacts_part2_g532/predictions/g532_final_consensus_tape.csv
2026-02-13,0,0.2058154264556051,0.6671265198983006,1.407316,1.642612,0.5,0.541137,0.511753,0.562303,0.75,0.6,0.882466,0.39711,0.193914,0.563172,0,low_agreement,FLAT,0.0,0.0,0.0,0.0,0,0.156811,0.862472,0.155493,0.472327,part2a21_soft_caution_overlay,artifacts_part2_g532/predictions/g532_final_consensus_tape.csv
2026-02-16,0,0.205943609412153,0.6623829902936964,1.474745,1.650787,0.75,0.541465,0.511847,0.566404,0.75,0.6,0.881529,0.396688,0.186089,0.573277,1,ok,VOO,0.019321,0.019321,0.019321,0.0,0,0.159261,0.861806,0.156328,0.473897,part2a21_soft_caution_overlay,artifacts_part2_g532/predictions/g532_final_consensus_tape.csv
2026-02-17,0,0.2062747493686804,0.6011472449734321,1.431232,1.437765,0.75,0.540488,0.511568,0.457908,0.75,0.6,0.884321,0.397945,0.185048,0.574649,1,ok,VOO,0.019321,0.019321,0.019321,0.0,0,0.161201,0.868476,0.147883,0.45802,part2a21_soft_caution_overlay,artifacts_part2_g532/predictions/g532_final_consensus_tape.csv
2026-02-18,0,0.2013468172616502,0.5921921331596001,1.228053,1.37801,0.5,0.535259,0.510074,0.428937,0.75,0.6,0.89926,0.404667,0.190753,0.567211,0,low_agreement,VOO,0.019321,0.019321,0.019321,0.0,0,0.126666,0.806776,0.131633,0.42747,part2a21_soft_caution_overlay,artifacts_part2_g532/predictions/g532_final_consensus_tape.csv
2026-02-19,0,0.1995175616503728,0.5409324294417587,1.566126,1.40847,0.75,0.542289,0.512083,0.442446,0.75,0.6,0.879175,0.395629,0.167296,0.599095,1,ok,VOO,0.019321,0.019321,0.019321,0.0,0,0.170235,0.792978,0.155326,0.472012,part2a21_soft_caution_overlay,artifacts_part2_g532/predictions/g532_final_consensus_tape.csv
2026-02-20,0,0.197166077214864,0.535561782822302,1.175538,1.323239,0.5,0.53763,0.510751,0.400337,0.75,0.6,0.892486,0.401619,0.136165,0.647392,0,low_agreement,VOO,0.019321,0.019321,0.019321,0.0,0,0.139853,0.80382,0.140594,0.444316,part2a21_soft_caution_overlay,artifacts_part2_g532/predictions/g532_final_consensus_tape.csv
2026-02-23,0,0.2004728949234082,0.6017516183901216,1.770149,1.503938,0.75,0.544324,0.512664,0.490681,0.75,0.6,0.873359,0.393012,0.145091,0.632766,1,ok,VOO,0.018304,0.018304,0.018304,0.0,0,0.174543,0.783121,0.167539,0.494973,part2a21_soft_caution_overlay,artifacts_part2_g532/predictions/g532_final_consensus_tape.csv
2026-02-24,0,0.1977427273421775,0.5881283133483105,1.084171,1.343286,0.5,0.534308,0.509802,0.411549,0.75,0.6,0.901977,0.40589,0.151967,0.621941,0,low_agreement,VOO,0.018304,0.018304,0.018304,0.0,0,0.121032,0.807888,0.12826,0.421129,part2a21_soft_caution_overlay,artifacts_part2_g532/predictions/g532_final_consensus_tape.csv
2026-02-25,0,0.1926343857857721,0.572789947017258,1.030042,1.294787,0.5,0.532718,0.509348,0.387372,0.75,0.6,0.90652,0.407934,0.160421,0.609131,0,low_agreement,VOO,0.018304,0.018304,0.018304,0.0,0,0.116533,0.810794,0.119449,0.404565,part2a21_soft_caution_overlay,artifacts_part2_g532/predictions/g532_final_consensus_tape.csv
2026-02-26,0,0.1888125835583222,0.45774167001119,1.82478,1.312998,0.75,0.540939,0.511697,0.394096,0.75,0.6,0.883032,0.397365,0.121058,0.673749,1,ok,VOO,0.018304,0.018304,0.018304,0.0,0,0.166831,0.799088,0.147577,0.457445,part2a21_soft_caution_overlay,artifacts_part2_g532/predictions/g532_final_consensus_tape.csv
2026-02-27,0,0.1939239737863358,0.5726700068746639,1.544346,1.466389,0.75,0.537654,0.510758,0.473278,0.75,0.6,0.892416,0.401587,0.128285,0.660877,1,ok,VOO,0.018304,0.018304,0.018304,0.0,0,0.144651,0.80478,0.137684,0.438846,part2a21_soft_caution_overlay,artifacts_part2_g532/predictions/g532_final_consensus_tape.csv
2026-03-02,0,0.1971308112477183,0.5148918774248045,1.445007,1.604711,0.5,0.541884,0.511967,0.542781,0.75,0.6,0.880331,0.396149,0.132443,0.653691,0,low_agreement,FLAT,0.0,0.0,0.0,0.0,0,0.146874,0.783237,0.167398,0.494708,part2a21_soft_caution_overlay,artifacts_part2_g532/predictions/g532_final_consensus_tape.csv
2026-03-03,0,0.1985217286242824,0.5890177123320351,1.768421,1.585925,0.75,0.544718,0.512776,0.53251,0.75,0.6,0.872235,0.392506,0.138286,0.643856,1,ok,FLAT,0.0,0.0,0.0,0.0,0,0.170542,0.778613,0.173013,0.505265,part2a21_soft_caution_overlay,artifacts_part2_g532/predictions/g532_final_consensus_tape.csv
2026-03-04,0,0.1910913237197576,0.5382135054985878,1.089795,1.434408,0.5,0.537148,0.510614,0.45712,0.75,0.6,0.893862,0.402238,0.141822,0.638045,0,low_agreement,FLAT,0.0,0.0,0.0,0.0,0,0.131036,0.802853,0.14273,0.448333,part2a21_soft_caution_overlay,artifacts_part2_g532/predictions/g532_final_consensus_tape.csv
2026-03-05,0,0.1980515512475285,0.571627756848988,1.657752,1.505323,0.75,0.547294,0.513512,0.490616,0.65,0.6,0.864875,0.337301,0.141162,0.639122,0,high_risk_veto,FLAT,0.0,0.0,0.0,0.0,0,0.173337,0.764115,0.190182,0.537542,part2a21_soft_caution_overlay,artifacts_part2_g532/predictions/g532_final_consensus_tape.csv
2026-03-06,0,0.1933109446367421,0.5539149795538468,1.994119,1.580555,0.75,0.544133,0.512609,0.529904,0.65,0.6,0.873906,0.340823,0.147904,0.628292,0,high_risk_veto,FLAT,0.0,0.0,0.0,0.0,0,0.15749,0.775197,0.177118,0.512982,part2a21_soft_caution_overlay,artifacts_part2_g532/predictions/g532_final_consensus_tape.csv
2026-03-09,0,0.1996777815350122,0.6452555893536887,1.132125,1.594665,0.5,0.539882,0.511395,0.538122,0.65,0.6,0.88605,0.34556,0.136761,0.646395,0,high_risk_veto,FLAT,0.0,0.0,0.0,0.0,0,0.143678,0.793461,0.154717,0.470869,part2a21_soft_caution_overlay,artifacts_part2_g532/predictions/g532_final_consensus_tape.csv
2026-03-10,0,0.2070944836267686,0.5916116814795849,1.563707,1.563317,0.75,0.54585,0.5131,0.52067,0.65,0.6,0.868999,0.33891,0.130517,0.657001,0,high_risk_veto,FLAT,0.0,0.0,0.0,0.0,0,0.189762,0.781948,0.16897,0.497664,part2a21_soft_caution_overlay,artifacts_part2_g532/predictions/g532_final_consensus_tape.csv
2026-03-11,0,0.2069039503055752,0.5487470048898333,1.589629,1.428487,0.75,0.54284,0.51224,0.452516,0.65,0.6,0.877599,0.342263,0.121054,0.673757,0,high_risk_veto,FLAT,0.0,0.0,0.0,0.0,0,0.180679,0.795093,0.152659,0.466999,part2a21_soft_caution_overlay,artifacts_part2_g532/predictions/g532_final_consensus_tape.csv
2026-03-12,0,0.2018710306791127,0.6420659371258253,2.081946,1.745094,0.75,0.543977,0.512565,0.614061,0.65,0.6,0.874351,0.340997,0.128668,0.660209,0,high_risk_veto,FLAT,0.0,0.0,0.0,0.0,0,0.166544,0.780989,0.170137,0.499858,part2a21_soft_caution_overlay,artifacts_part2_g532/predictions/g532_final_consensus_tape.csv
2026-03-13,0,0.1993222008068897,0.589962788537226,1.735469,1.802348,0.75,0.539573,0.511307,0.644133,0.65,0.6,0.886934,0.345904,0.124171,0.668143,0,high_risk_veto,FLAT,0.0,0.0,0.0,0.0,0,0.141396,0.794103,0.153909,0.469349,part2a21_soft_caution_overlay,artifacts_part2_g532/predictions/g532_final_consensus_tape.csv
2026-03-16,0,0.1999855369785647,0.645330825591809,1.182767,1.666728,0.5,0.536086,0.51031,0.575708,0.65,0.6,0.896897,0.34979,0.122624,0.670918,0,high_risk_veto,FLAT,0.0,0.0,0.0,0.0,0,0.124859,0.804383,0.138888,0.44111,part2a21_soft_caution_overlay,artifacts_part2_g532/predictions/g532_final_consensus_tape.csv
2026-03-17,0,0.1991455936196514,0.5996605054856139,1.456516,1.458251,0.5,0.535164,0.510047,0.469803,0.65,0.6,0.899531,0.350817,0.117853,0.67962,0,high_risk_veto,FLAT,0.0,0.0,0.0,0.0,0,0.126822,0.80704,0.130833,0.425965,part2a21_soft_caution_overlay,artifacts_part2_g532/predictions/g532_final_consensus_tape.csv
2026-03-18,0,0.1952672272957868,0.5819772108100855,2.066293,1.568525,0.75,0.539072,0.511163,0.524983,0.65,0.6,0.888366,0.346463,0.111418,0.691719,0,high_risk_veto,FLAT,0.0,0.0,0.0,0.0,0,0.16143,0.87453,0.13731,0.438143,part2a21_soft_caution_overlay,artifacts_part2_g532/predictions/g532_final_consensus_tape.csv
2026-03-19,0,0.1971761705589457,0.6288589620922698,1.739058,1.753955,0.75,0.537573,0.510735,0.619836,0.65,0.6,0.892649,0.348133,0.111417,0.691722,0,high_risk_veto,FLAT,0.0,0.0,0.0,0.0,0,0.145837,0.874857,0.13632,0.436281,part2a21_soft_caution_overlay,artifacts_part2_g532/predictions/g532_final_consensus_tape.csv
2026-03-20,0,0.2035347606271846,0.5000812870152775,2.17323,1.99286,0.75,0.542725,0.512207,0.740895,0.65,0.6,0.877928,0.342392,0.097596,0.719225,0,high_risk_veto,FLAT,0.0,0.0,0.0,0.0,0,0.190468,0.870331,0.145503,0.453545,part2a21_soft_caution_overlay,artifacts_part2_g532/predictions/g532_final_consensus_tape.csv
2026-03-23,0,0.2060541276464898,0.5719081003175952,1.232945,1.715078,0.5,0.541959,0.511988,0.599129,0.65,0.6,0.880118,0.343246,0.102422,0.709378,0,high_risk_veto,FLAT,0.0,0.0,0.0,0.0,0,0.17365,0.86627,0.150694,0.463304,part2a21_soft_caution_overlay,artifacts_part2_g532/predictions/g532_final_consensus_tape.csv
2026-03-24,0,0.203992956047414,0.5726163667943426,1.80132,1.735832,0.75,0.546701,0.513343,0.608781,0.65,0.6,0.86657,0.337962,0.101463,0.711312,0,high_risk_veto,FLAT,0.0,0.0,0.0,0.0,0,0.202524,0.853182,0.167008,0.493976,part2a21_soft_caution_overlay,artifacts_part2_g532/predictions/g532_final_consensus_tape.csv
2026-03-25,0,0.2013552186929788,0.6412020082034071,1.365465,1.466577,0.5,0.543395,0.512399,0.471828,0.65,0.6,0.876014,0.341645,0.09809,0.718205,0,high_risk_veto,FLAT,0.0,0.0,0.0,0.0,0,0.184961,0.863671,0.153983,0.469489,part2a21_soft_caution_overlay,artifacts_part2_g532/predictions/g532_final_consensus_tape.csv
2026-03-26,0,0.2046390380676485,0.4657521310442765,2.328496,1.83176,0.75,0.546858,0.513388,0.657864,0.65,0.6,0.866121,0.337787,0.091573,0.731908,0,high_risk_veto,FLAT,0.0,0.0,0.0,0.0,0,0.198385,0.850044,0.170831,0.501163,part2a21_soft_caution_overlay,artifacts_part2_g532/predictions/g532_final_consensus_tape.csv
2026-03-27,0,0.2007930911636564,0.4467142062805817,2.13816,1.94404,0.75,0.546682,0.513338,0.715377,0.65,0.6,0.866622,0.337982,0.120201,0.675309,0,high_risk_veto,FLAT,0.0,0.0,0.0,0.0,0,0.201343,0.852669,0.167636,0.495155,part2a21_soft_caution_overlay,artifacts_part2_g532/predictions/g532_final_consensus_tape.csv
2026-03-30,0,0.192007315925934,0.5051914777761308,1.639074,2.035243,0.75,0.545755,0.513073,0.762181,0.5,0.6,0.869272,0.156469,0.115266,0.684433,0,high_risk_veto,FLAT,0.0,0.0,0.0,0.0,0,0.193106,0.853914,0.166112,0.49229,part2a21_soft_caution_overlay,artifacts_part2_g532/predictions/g532_final_consensus_tape.csv
2026-03-31,0,0.1994538980011517,0.4331592806249009,0.415311,1.397515,0.5,0.554789,0.515654,0.433231,0.5,0.6,0.843461,0.151823,0.193894,0.563198,0,low_agreement,FLAT,0.0,0.0,0.0,0.0,0,0.236523,0.82109,0.204661,0.564762,part2a21_soft_caution_overlay,artifacts_part2_g532/predictions/g532_final_consensus_tape.csv
2026-04-01,0,0.1980034560664199,0.5790918058031297,1.163808,1.072731,0.5,0.549242,0.514069,0.268352,0.75,0.6,0.85931,0.386689,0.196295,0.560167,0,low_agreement,FLAT,0.0,0.0,0.0,0.0,0,0.225509,0.849979,0.170909,0.50131,part2a21_soft_caution_overlay,artifacts_part2_g532/predictions/g532_final_consensus_tape.csv
2026-04-02,0,0.1943434072888767,0.5786107517883867,1.535868,1.038329,0.5,0.553293,0.515226,0.249157,0.75,0.6,0.847735,0.381481,0.19596,0.560589,0,low_agreement,FLAT,0.0,0.0,0.0,0.0,0,0.253251,0.839987,0.182866,0.523789,part2a21_soft_caution_overlay,artifacts_part2_g532/predictions/g532_final_consensus_tape.csv
2026-04-03,0,0.184672484515982,0.5226162350992478,1.571815,1.423831,0.75,0.545962,0.513132,0.449259,0.75,0.6,0.86868,0.390906,0.193587,0.563587,1,ok,FLAT,0.0,0.0,0.0,0.0,0,0.206989,0.859915,0.158693,0.478342,part2a21_soft_caution_overlay,artifacts_part2_g532/predictions/g532_final_consensus_tape.csv
2026-04-06,0,0.1992431527889858,0.595907157198793,1.440606,1.516096,0.5,0.549113,0.514032,0.495663,0.75,0.6,0.859677,0.386855,0.193007,0.564325,0,low_agreement,FLAT,0.0,0.0,0.0,0.0,0,0.221548,0.848652,0.172516,0.504329,part2a21_soft_caution_overlay,artifacts_part2_g532/predictions/g532_final_consensus_tape.csv
2026-04-07,0,0.1957352153083115,0.6202282589268074,1.581199,1.531206,0.75,0.548433,0.513838,0.503582,0.75,0.6,0.86162,0.387729,0.193346,0.563893,1,ok,FLAT,0.0,0.0,0.0,0.0,0,0.214392,0.848981,0.172119,0.503583,part2a21_soft_caution_overlay,artifacts_part2_g532/predictions/g532_final_consensus_tape.csv
2026-04-08,0,0.1964431259141125,0.685567326565168,0.726764,1.249523,0.5,0.538216,0.510919,0.362582,0.75,0.6,0.890812,0.400865,0.224051,0.527369,0,low_agreement,FLAT,0.0,0.0,0.0,0.0,0,0.156308,0.875521,0.134307,0.432497,part2a21_soft_caution_overlay,artifacts_part2_g532/predictions/g532_final_consensus_tape.csv
2026-04-09,0,0.1979255956492802,0.5978490320883062,1.442425,1.250129,0.5,0.533434,0.509553,0.36444,0.75,0.6,0.904473,0.407013,0.213784,0.539044,0,low_agreement,FLAT,0.0,0.0,0.0,0.0,0,0.141128,0.883908,0.108878,0.38469,part2a21_soft_caution_overlay,artifacts_part2_g532/predictions/g532_final_consensus_tape.csv
2026-04-10,0,0.205984537418165,0.6335730535049469,1.587431,1.252207,0.5,0.534298,0.5098,0.365217,0.75,0.6,0.902005,0.405902,0.179796,0.581671,0,low_agreement,FLAT,0.0,0.0,0.0,0.0,0,0.151967,0.884113,0.108256,0.383521,part2a21_soft_caution_overlay,artifacts_part2_g532/predictions/g532_final_consensus_tape.csv
2026-04-13,0,0.203642196842377,0.6283306897872378,1.329504,1.45312,0.5,0.530734,0.508781,0.468391,0.957826,0.6,0.912188,0.52423,0.154766,0.61764,0,low_agreement,FLAT,0.0,0.0,0.0,0.0,0,0.114947,0.884902,0.105865,0.379026,part2a21_soft_caution_overlay,artifacts_part2_g532/predictions/g532_final_consensus_tape.csv
2026-04-14,0,0.191231207235769,0.4144333611264676,1.121412,1.346116,0.5,0.534421,0.509835,0.412954,0.75,0.6,0.901654,0.405744,0.115184,0.684586,0,low_agreement,FLAT,0.0,0.0,0.0,0.0,0,0.153925,0.884231,0.1079,0.382852,part2a21_soft_caution_overlay,artifacts_part2_g532/predictions/g532_final_consensus_tape.csv
2026-04-15,0,0.195522216421931,0.4682500884311942,1.310844,1.25392,0.5,0.530749,0.508785,0.367231,0.75,0.6,0.912146,0.410466,0.116336,0.682434,0,low_agreement,FLAT,0.0,0.0,0.0,0.0,0,0.095041,0.681084,0.118798,0.40334,part2a21_soft_caution_overlay,artifacts_part2_g532/predictions/g532_final_consensus_tape.csv
2026-04-16,0,0.2036568887421581,0.5216754771034812,1.66797,1.366742,0.5,0.530977,0.508851,0.424457,0.75,0.6,0.911493,0.410172,0.110114,0.694224,0,low_agreement,FLAT,0.0,0.0,0.0,0.0,0,0.100789,0.681751,0.116777,0.399541,part2a21_soft_caution_overlay,artifacts_part2_g532/predictions/g532_final_consensus_tape.csv
2026-04-17,0,0.1967707130923295,0.475401595132817,1.403365,1.460727,0.5,0.533255,0.509501,0.471577,0.75,0.6,0.904986,0.407244,0.103897,0.70642,0,low_agreement,FLAT,0.0,0.0,0.0,0.0,0,0.106666,0.677469,0.129761,0.42395,part2a21_soft_caution_overlay,artifacts_part2_g532/predictions/g532_final_consensus_tape.csv
2026-04-20,0,0.1996975980828486,0.5005122976320084,1.938007,1.669781,0.75,0.530541,0.508726,0.578453,0.75,0.6,0.91274,0.410733,0.111778,0.691031,1,ok,VOO,0.024627,0.024627,0.024627,0.0,0,0.085785,0.679622,0.123232,0.411677,part2a21_soft_caution_overlay,artifacts_part2_g532/predictions/g532_final_consensus_tape.csv
2026-04-21,0,0.1996636872865738,0.504060058076275,2.021377,1.787583,0.75,0.532257,0.509216,0.637952,0.75,0.6,0.907837,0.408527,0.112418,0.689812,1,ok,VOO,0.024627,0.024627,0.024627,0.0,0,0.087458,0.67581,0.13479,0.433406,part2a21_soft_caution_overlay,artifacts_part2_g532/predictions/g532_final_consensus_tape.csv
2026-04-22,0,0.1866304745832982,0.4068233931710549,1.397257,1.785547,0.5,0.532387,0.509253,0.636893,0.75,0.6,0.907465,0.408359,0.0698,0.781737,0,low_agreement,VOO,0.024627,0.024627,0.024627,0.0,0,0.095105,0.677119,0.130821,0.425943,part2a21_soft_caution_overlay,artifacts_part2_g532/predictions/g532_final_consensus_tape.csv
2026-04-23,0,0.1979355643412987,0.4844819846601054,2.113906,1.84418,0.75,0.534938,0.509982,0.66626,0.75,0.6,0.900177,0.40508,0.07877,0.76041,1,ok,VOO,0.024627,0.024627,0.024627,0.0,0,0.102154,0.671121,0.145062,0.452717,part2a21_soft_caution_overlay,artifacts_part2_g532/predictions/g532_final_consensus_tape.csv
2026-04-24,0,0.1864654724812374,0.4050069054302949,1.425573,1.645579,0.5,0.531623,0.509035,0.565926,0.75,0.6,0.909647,0.409341,0.07707,0.764363,0,low_agreement,VOO,0.024627,0.024627,0.024627,0.0,0,0.092049,0.678324,0.127166,0.419072,part2a21_soft_caution_overlay,artifacts_part2_g532/predictions/g532_final_consensus_tape.csv
2026-04-27,0,0.1990250052080871,0.498141931216128,2.003536,1.847672,0.75,0.530157,0.508616,0.668842,0.75,0.6,0.913837,0.411227,0.075399,0.768288,1,ok,VOO,0.031697,0.031697,0.031697,0.0,0,0.086011,0.680603,0.120259,0.406086,part2a21_soft_caution_overlay,artifacts_part2_g532/predictions/g532_final_consensus_tape.csv
2026-04-28,0,0.2037162576688832,0.524072047681151,2.259593,1.896234,0.75,0.535202,0.510058,0.692708,0.75,0.6,0.899422,0.40474,0.081212,0.754804,1,ok,VOO,0.031697,0.031697,0.031697,0.0,0,0.107996,0.672529,0.143246,0.449302,part2a21_soft_caution_overlay,artifacts_part2_g532/predictions/g532_final_consensus_tape.csv
2026-04-29,0,0.1904190739300461,0.4392269330138445,1.835437,2.032855,0.5,0.52951,0.508431,0.76293,0.65,0.6,0.915685,0.357117,0.0719,0.776638,0,high_risk_veto,VOO,0.031697,0.031697,0.031697,0.0,0,0.084124,0.681773,0.116711,0.399417,part2a21_soft_caution_overlay,artifacts_part2_g532/predictions/g532_final_consensus_tape.csv
2026-04-30,0,0.2082176536137647,0.5452969996077596,1.773715,1.956248,0.5,0.529706,0.508487,0.724025,0.65,0.6,0.915127,0.356899,0.076445,0.765825,0,high_risk_veto,VOO,0.031697,0.031697,0.031697,0.0,0,0.066029,0.597453,0.129809,0.424041,part2a21_soft_caution_overlay,artifacts_part2_g532/predictions/g532_final_consensus_tape.csv
2026-05-01,0,0.2035489293233054,0.5186545880176975,1.832024,1.813725,0.5,0.534459,0.509846,0.650847,0.65,0.6,0.901545,0.351602,0.073277,0.773331,0,high_risk_veto,VOO,0.031697,0.031697,0.031697,0.0,0,0.112185,0.675716,0.135075,0.433941,part2a21_soft_caution_overlay,artifacts_part2_g532/predictions/g532_final_consensus_tape.csv
2026-05-04,0,0.1885672898003812,0.4226247682305228,2.218473,1.941404,0.75,0.529171,0.508335,0.716568,0.65,0.6,0.916653,0.357495,0.072122,0.776103,0,high_risk_veto,FLAT,0.0,0.0,0.0,0.0,0,0.08476,0.682731,0.113807,0.393956,part2a21_soft_caution_overlay,artifacts_part2_g532/predictions/g532_final_consensus_tape.csv
2026-05-05,0,0.2190713532861173,0.5965082930295568,1.818794,1.956431,0.5,0.526427,0.50755,0.724576,0.65,0.6,0.924495,0.360553,0.06917,0.78328,0,high_risk_veto,FLAT,0.0,0.0,0.0,0.0,0,0.060899,0.604326,0.108969,0.384862,part2a21_soft_caution_overlay,artifacts_part2_g532/predictions/g532_final_consensus_tape.csv
2026-05-06,0,0.1930301731858166,0.4413322758440657,1.6203,1.885856,0.5,0.530561,0.508732,0.688163,0.65,0.6,0.912684,0.355947,0.06879,0.784216,0,high_risk_veto,FLAT,0.0,0.0,0.0,0.0,0,0.092559,0.681014,0.119011,0.403742,part2a21_soft_caution_overlay,artifacts_part2_g532/predictions/g532_final_consensus_tape.csv
2026-05-07,1,0.1919659147340215,0.4390486618460518,2.28361,1.907568,0.75,0.529875,0.508536,0.699292,0.65,0.6,0.914642,0.35671,0.063879,0.796486,0,high_risk_veto,FLAT,0.0,0.0,0.0,0.0,0,0.082271,0.680492,0.120593,0.406715,part2a21_soft_caution_overlay,artifacts_part2_g532/predictions/g532_final_consensus_tape.csv
