Date,is_live,eligible,eligibility_reason,prob_voo,alpha_score,component_agreement,entry_z_eff,agreement_min_eff,signal_strength,excess_vol10,alpha_position,dist_overlay_on_g53,dist_overlay_strength_g53,dist_width_caution_g53,uncertainty_penalty_g5
2020-01-01,0,0,high_risk_veto,0.2326440035598809,,0.0,0.570901,0.494052,,0.054613,0.0,0,0.146112,0.138877,0.441089
2020-01-02,0,0,high_risk_veto,0.2167143462376975,,0.0,0.572753,0.494157,,0.055686,0.0,0,0.158946,0.138208,0.43983
2020-01-03,0,0,high_risk_veto,0.2287072932482675,,0.0,0.573474,0.494198,,0.090711,0.0,0,0.152011,0.145344,0.453247
2020-01-06,0,0,high_risk_veto,0.2816423953897047,,0.0,0.572875,0.494164,,0.094098,0.0,0,0.157086,0.139841,0.442902
2020-01-07,0,0,high_risk_veto,0.2143837015282461,,0.0,0.570775,0.494044,,0.093952,0.0,0,0.148671,0.136794,0.437172
2020-01-08,0,0,high_risk_veto,0.211066317714553,,0.0,0.569506,0.493972,,0.101764,0.0,0,0.146456,0.133172,0.430363
2020-01-09,0,0,high_risk_veto,0.2003875883939511,,0.0,0.571939,0.494111,,0.104702,0.0,0,0.166611,0.130256,0.424881
2020-01-10,0,0,high_risk_veto,0.2421150704931606,,0.0,0.57546,0.494312,,0.108264,0.0,0,0.163161,0.14625,0.45495
2020-01-13,0,0,high_risk_veto,0.20582357610575,,0.0,0.569893,0.493994,,0.109715,0.0,0,0.161446,0.125405,0.415761
2020-01-14,0,0,high_risk_veto,0.2146011349168255,,0.0,0.573064,0.494175,,0.109008,0.0,0,0.150661,0.14457,0.451791
2020-01-15,0,0,high_risk_veto,0.2070951233783893,,0.0,0.5656,0.493749,,0.109068,0.0,0,0.130956,0.12741,0.419531
2020-01-16,0,0,high_risk_veto,0.2258680062879465,,0.0,0.569979,0.493999,,0.118699,0.0,0,0.149517,0.133136,0.430296
2020-01-17,0,0,high_risk_veto,0.2201241929399574,,0.0,0.567916,0.493881,,0.082956,0.0,0,0.142212,0.129548,0.42355
2020-01-20,0,0,high_risk_veto,0.2194712735938908,,0.0,0.567256,0.493843,,0.083664,0.0,0,0.14105,0.12767,0.42002
2020-01-21,0,0,high_risk_veto,0.2241648521368452,,0.0,0.571018,0.494058,,0.092657,0.0,0,0.144532,0.140317,0.443796
2020-01-22,0,0,high_risk_veto,0.2672431633679498,,0.0,0.572198,0.494126,,0.088023,0.0,0,0.154267,0.138925,0.44118
2020-01-23,0,0,high_risk_veto,0.2344920416732347,,0.0,0.57323,0.494185,,0.084752,0.0,0,0.15368,0.143351,0.4495
2020-01-24,0,0,high_risk_veto,0.2685263118642888,,0.0,0.574053,0.494232,,0.105424,0.0,0,0.157243,0.14438,0.451434
2020-01-27,0,0,high_risk_veto,0.2716320818917305,,0.0,0.600645,0.495751,,0.14517,0.0,1,0.206739,0.22334,0.58178
2020-01-28,0,0,weak_score,0.2414721452440597,,0.0,0.587019,0.494972,,0.169215,0.0,0,0.183626,0.179053,0.51662
2020-01-29,0,0,weak_score,0.2019181185318155,-1.752688,0.5,0.59538,0.49545,0.0,0.170397,0.0,0,0.229081,0.183785,0.525516
2020-01-30,0,0,weak_score,0.2370529308070769,-1.676107,0.75,0.581836,0.494676,0.0,0.158223,0.0,0,0.173496,0.164935,0.490078
2020-01-31,0,0,high_risk_veto,0.2684160155072668,-1.484353,0.5,0.603539,0.495917,0.0,0.181918,0.0,1,0.251675,0.201891,0.559556
2020-02-03,0,0,weak_score,0.2285967552593906,-1.391692,0.75,0.586725,0.494956,0.0,0.193037,0.0,0,0.18146,0.17924,0.51697
2020-02-04,0,0,weak_score,0.2487346755475734,-0.9508,0.75,0.583894,0.494794,0.0,0.232104,0.0,0,0.179235,0.169478,0.498618
2020-02-05,0,0,weak_score,0.2343309596128319,-0.312977,0.75,0.587778,0.495016,0.0,0.248521,0.0,0,0.191341,0.17726,0.513249
2020-02-06,0,0,weak_score,0.2011175344544608,0.362711,0.75,0.591547,0.495231,0.0,0.248924,0.0,0,0.224745,0.171388,0.50221
2020-02-07,0,1,ok,0.2375435858389044,0.584825,0.5,0.583481,0.49477,0.000701,0.245246,0.0,0,0.176864,0.169323,0.498327
2020-02-10,0,0,weak_score,0.2380855332918182,0.190478,0.75,0.578449,0.494483,0.0,0.209432,0.0,0,0.170818,0.153265,0.468139
2020-02-11,0,0,weak_score,0.2391323223980881,0.230345,0.5,0.582957,0.49474,0.0,0.200411,0.0,0,0.18308,0.163407,0.487204
2020-02-12,0,0,weak_score,0.2163724261191124,0.375571,0.75,0.57154,0.494088,0.0,0.197992,0.0,0,0.156051,0.135231,0.434235
2020-02-13,0,1,ok,0.2247877195947961,0.904527,0.5,0.572435,0.494139,0.172286,0.199771,0.0,0,0.152357,0.14104,0.445156
2020-02-14,0,1,ok,0.1992472948282435,0.909503,0.5,0.570317,0.494018,0.175773,0.140374,0.0,0,0.158431,0.128943,0.422413
2020-02-17,0,1,ok,0.1991956641394609,0.894259,0.5,0.570719,0.494041,0.1677,0.141788,0.009606,0,0.163997,0.127075,0.4189
2020-02-18,0,1,ok,0.2204840922503802,0.680918,0.5,0.578224,0.49447,0.053437,0.113061,0.009606,0,0.170598,0.152518,0.466734
2020-02-19,0,0,weak_score,0.2370244284498621,0.550485,0.75,0.570155,0.494009,0.0,0.086813,0.009606,0,0.154327,0.130849,0.425996
2020-02-20,0,1,ok,0.2252452522307062,0.653186,0.5,0.582245,0.4947,0.036991,0.09423,0.009606,0,0.179588,0.162771,0.486009
2020-02-21,0,0,high_risk_veto,0.275952657306077,0.680769,0.5,0.591051,0.495203,0.046999,0.109227,0.009606,1,0.204453,0.182012,0.522182
2020-02-24,0,0,weak_score,0.2156167478121636,0.283259,0.5,0.634071,0.497661,0.0,0.229268,0.0,1,0.273567,0.378756,0.63695
2020-02-25,0,0,weak_score,0.2179857168614798,-0.542635,0.5,0.622997,0.497028,0.0,0.261254,0.0,1,0.257484,0.320573,0.616766
2020-02-26,0,0,weak_score,0.2175882157295637,-1.596335,0.75,0.630817,0.497475,0.0,0.24396,0.0,1,0.286741,0.342421,0.624407
2020-02-27,0,0,weak_score,0.1950546931934158,-1.672991,0.5,0.642453,0.49814,0.0,0.30937,0.0,1,0.289052,0.419813,0.65
2020-02-28,0,0,weak_score,0.2189138846831053,-2.07252,0.75,0.641277,0.498073,0.0,0.298982,0.0,1,0.300084,0.399458,0.644007
2020-03-02,0,0,weak_score,0.1962889145925146,-2.504908,0.75,0.619481,0.496827,0.0,0.424783,0.0,1,0.256473,0.297771,0.608708
2020-03-03,0,0,weak_score,0.1858622182368406,-2.659455,0.5,0.626045,0.497203,0.0,0.44274,0.0,1,0.273361,0.324288,0.618071
2020-03-04,0,0,weak_score,0.196892410554262,-2.867587,0.75,0.622037,0.496974,0.0,0.525409,0.0,1,0.261027,0.310252,0.613129
2020-03-05,0,0,weak_score,0.1787654526386635,-2.187272,0.5,0.618103,0.496749,0.0,0.546289,0.0,1,0.255487,0.28948,0.605756
2020-03-06,0,0,weak_score,0.1942453995954782,-2.456016,0.5,0.61717,0.496695,0.0,0.549177,0.0,1,0.255704,0.282921,0.603413
2020-03-09,0,0,weak_score,0.1761731963445963,-1.761875,0.5,0.623359,0.497049,0.0,0.651577,0.0,1,0.266483,0.313395,0.614239
2020-03-10,0,0,weak_score,0.1851628951144165,-2.477059,0.75,0.621366,0.496935,0.0,0.787036,0.0,1,0.259649,0.307172,0.612041
2020-03-11,0,0,weak_score,0.1748687296576994,-2.097835,0.5,0.623404,0.497052,0.0,0.798892,0.0,1,0.266053,0.314166,0.614511
2020-03-12,0,0,weak_score,0.1739132165431829,-1.921979,0.5,0.631246,0.4975,0.0,0.899278,0.0,1,0.272902,0.360197,0.630569
2020-03-13,0,0,weak_score,0.1929366299753335,-1.859261,0.75,0.618388,0.496765,0.0,1.072651,0.0,1,0.252641,0.294448,0.607526
2020-03-16,0,0,weak_score,0.1808733587276826,-1.896228,0.5,0.628221,0.497327,0.0,1.236149,0.0,1,0.275351,0.336964,0.622506
2020-03-17,0,0,weak_score,0.1831695614767522,-2.908391,0.75,0.625815,0.497189,0.0,1.365353,0.0,1,0.266352,0.330234,0.620154
2020-03-18,0,0,weak_score,0.1723317147067926,-2.030477,0.5,0.621409,0.496938,0.0,1.329571,0.0,1,0.263553,0.30329,0.610666
2020-03-19,0,0,weak_score,0.1727376896074881,-2.120102,0.75,0.617574,0.496719,0.0,1.329165,0.0,1,0.25186,0.289764,0.605858
2020-03-20,0,0,weak_score,0.1710410205163034,-1.222096,0.5,0.603931,0.495939,0.0,1.352398,0.0,1,0.240798,0.210173,0.575125
2020-03-23,0,0,weak_score,0.1757661034064194,-1.38408,0.75,0.623754,0.497072,0.0,1.309585,0.0,1,0.259058,0.324032,0.617981
2020-03-24,0,0,weak_score,0.1862782662416567,-1.584242,0.75,0.620217,0.49687,0.0,1.371823,0.0,1,0.253784,0.305642,0.611499
2020-03-25,0,0,weak_score,0.2114221301656749,-1.643948,0.5,0.64164,0.498094,0.0,1.371706,0.0,1,0.279606,0.425323,0.65
2020-03-26,0,0,weak_score,0.215396664204847,-1.713042,0.75,0.645965,0.498341,0.0,1.307309,0.0,1,0.289317,0.448147,0.65
2020-03-27,0,0,weak_score,0.2118085161389002,-1.156884,0.5,0.621253,0.496929,0.0,1.214409,0.0,1,0.20359,0.366493,0.63274
2020-03-30,0,0,weak_score,0.216223760119168,-1.270616,0.75,0.638111,0.497892,0.0,0.928987,0.0,1,0.278146,0.401434,0.644677
2020-03-31,0,0,weak_score,0.2136659209514438,-0.924327,0.5,0.620463,0.496884,0.0,0.819234,0.0,1,0.197713,0.367418,0.633058
2020-04-01,0,0,weak_score,0.2129316821863414,-0.90773,0.5,0.623093,0.497034,0.0,0.831096,0.0,1,0.19887,0.384131,0.638788
2020-04-02,0,0,weak_score,0.2182125004454418,-0.937664,0.75,0.64026,0.498015,0.0,0.840876,0.0,1,0.276336,0.418263,0.65
2020-04-03,0,0,weak_score,0.2136738312000812,-1.092933,0.5,0.638411,0.497909,0.0,0.754705,0.0,1,0.274716,0.407184,0.646624
2020-04-06,0,0,weak_score,0.2163615971237437,-1.54532,0.75,0.639858,0.497992,0.0,0.765499,0.0,1,0.283341,0.407787,0.646828
2020-04-07,0,0,weak_score,0.2139382473010797,-1.244085,0.75,0.650335,0.498591,0.0,0.617518,0.0,1,0.288827,0.484443,0.65
2020-04-08,0,0,weak_score,0.2154140362943006,-1.164232,0.75,0.639049,0.497946,0.0,0.632403,0.0,1,0.265099,0.422825,0.65
2020-04-09,0,0,weak_score,0.2133750462126487,-0.641664,0.75,0.619345,0.49682,0.0,0.578851,0.0,1,0.199169,0.35823,0.62989
2020-04-10,0,0,weak_score,0.2097791824530212,-0.519545,0.75,0.617011,0.496686,0.0,0.526858,0.0,1,0.196127,0.34559,0.62551
2020-04-13,0,0,weak_score,0.2120596050996162,-0.246095,0.75,0.608868,0.496221,0.0,0.519768,0.0,1,0.189122,0.297734,0.608695
2020-04-14,0,0,weak_score,0.2144717830351604,-0.249206,0.75,0.649496,0.498543,0.0,0.515282,0.0,1,0.290214,0.475819,0.65
2020-04-15,0,0,weak_score,0.2152057430160056,-0.01458,0.5,0.616414,0.496652,0.0,0.45813,0.0,1,0.202551,0.334642,0.621696
2020-04-16,0,0,weak_score,0.2174828136911389,0.102558,0.75,0.621742,0.496957,0.0,0.45533,0.0,1,0.223477,0.348479,0.626513
2020-04-17,0,0,weak_score,0.2163308144659379,0.220689,0.75,0.612171,0.49641,0.0,0.440335,0.0,1,0.203217,0.305089,0.611303
2020-04-20,0,0,weak_score,0.2152103057419724,0.177316,0.5,0.618965,0.496798,0.0,0.345099,0.0,1,0.204522,0.349895,0.627004
2020-04-21,0,0,weak_score,0.2162640991604913,0.196802,0.5,0.631113,0.497492,0.0,0.397804,0.0,1,0.21549,0.421824,0.65
2020-04-22,0,0,weak_score,0.2227211062333778,0.02499,0.75,0.600748,0.495757,0.0,0.377688,0.0,0,0.176304,0.256407,0.593865
2020-04-23,0,0,weak_score,0.2216960838123043,-0.095814,0.5,0.616768,0.496672,0.0,0.371817,0.0,1,0.200282,0.33948,0.623383
2020-04-24,0,0,weak_score,0.2222321314568034,-0.316693,0.75,0.621892,0.496965,0.0,0.379232,0.0,1,0.205808,0.368471,0.63342
2020-04-27,0,0,weak_score,0.2216454876155677,-0.210702,0.75,0.626711,0.497241,0.0,0.387045,0.0,1,0.210424,0.396419,0.642975
2020-04-28,0,0,weak_score,0.2204591797189945,-0.147653,0.5,0.618592,0.496777,0.0,0.363749,0.0,1,0.197081,0.355344,0.628892
2020-04-29,0,0,weak_score,0.220980307474147,-0.084588,0.75,0.610148,0.496294,0.0,0.340971,0.0,1,0.184197,0.311691,0.613637
2020-04-30,0,0,weak_score,0.2210979244266727,0.085587,0.5,0.60735,0.496134,0.0,0.346107,0.0,1,0.180022,0.297157,0.60849
2020-05-01,0,0,weak_score,0.2211059062727083,0.197683,0.5,0.615969,0.496627,0.0,0.350862,0.0,1,0.19785,0.33665,0.622397
2020-05-04,0,0,weak_score,0.2221173792343891,0.254973,0.75,0.629201,0.497383,0.0,0.334173,0.0,1,0.213717,0.4099,0.647542
2020-05-05,0,0,weak_score,0.2237247229633618,0.148041,0.75,0.645805,0.498332,0.0,0.273763,0.0,1,0.303029,0.429207,0.65
2020-05-06,0,0,weak_score,0.2240550523123632,0.093858,0.75,0.640316,0.498018,0.0,0.252757,0.0,1,0.292926,0.400596,0.644393
2020-05-07,0,0,weak_score,0.2230431645800895,0.180404,0.75,0.649932,0.498568,0.0,0.2525,0.0,1,0.323362,0.436753,0.65
2020-05-08,0,0,weak_score,0.2223921918058533,0.300022,0.75,0.612349,0.49642,0.0,0.260991,0.0,1,0.237558,0.26962,0.598638
2020-05-11,0,0,weak_score,0.222255740744124,0.355331,0.75,0.590851,0.495191,0.0,0.245268,0.0,0,0.163137,0.206835,0.56885
2020-05-12,0,0,weak_score,0.2238457904637446,0.534829,0.5,0.627183,0.497268,0.0,0.273045,0.0,1,0.269213,0.336475,0.622335
2020-05-13,0,0,weak_score,0.2237384310900963,0.565134,0.5,0.653657,0.49878,0.0,0.249613,0.0,1,0.317273,0.474993,0.65
2020-05-14,0,0,weak_score,0.2235686633195031,0.431453,0.75,0.638002,0.497886,0.0,0.259315,0.0,1,0.287294,0.390842,0.641077
2020-05-15,0,0,weak_score,0.2238406979965153,0.220226,0.75,0.637062,0.497832,0.0,0.213785,0.0,1,0.29059,0.38087,0.637674
2020-05-18,0,0,weak_score,0.2223704547645497,0.12834,0.75,0.599134,0.495665,0.0,0.277976,0.0,0,0.179136,0.24248,0.588799
2020-05-19,0,0,weak_score,0.2215995979410934,0.310221,0.5,0.591774,0.495244,0.0,0.287745,0.0,0,0.162303,0.210987,0.576655
2020-05-20,0,0,weak_score,0.1966087893180687,0.405652,0.75,0.603174,0.495896,0.0,0.293867,0.0,1,0.190041,0.258181,0.594508
2020-05-21,0,1,ok,0.1980842587397069,0.621489,0.5,0.614191,0.496525,0.00387,0.299568,0.0,1,0.239197,0.280352,0.602493
2020-05-22,0,1,ok,0.1979841792301149,0.624528,0.75,0.609356,0.496249,0.008025,0.283838,0.0,1,0.236088,0.250943,0.591882
2020-05-25,0,1,ok,0.2041437502754423,0.700392,0.5,0.60939,0.496251,0.048133,0.28358,0.001046,1,0.198337,0.291432,0.606452
2020-05-26,0,1,ok,0.2009227465925168,0.658165,0.5,0.600098,0.49572,0.030564,0.25729,0.001046,0,0.218927,0.208644,0.572251
2020-05-27,0,1,ok,0.2080462486789778,0.636662,0.75,0.59734,0.495562,0.020667,0.22124,0.001046,0,0.204265,0.20688,0.568934
2020-05-28,0,1,ok,0.2043617024296333,0.612545,0.5,0.597885,0.495593,0.007707,0.224776,0.001046,0,0.204562,0.208843,0.572624
2020-05-29,0,0,weak_score,0.2021053423331167,0.516891,0.75,0.59844,0.495625,0.0,0.226291,0.001046,0,0.213171,0.20569,0.566697
2020-06-01,0,0,weak_score,0.2073663394220008,0.589725,0.75,0.600888,0.495765,0.0,0.151973,0.0,0,0.226455,0.207091,0.569331
2020-06-02,0,1,ok,0.2036799934434404,0.678732,0.75,0.603993,0.495942,0.039419,0.128332,0.0,1,0.23946,0.211246,0.577143
2020-06-03,0,1,ok,0.2082974718978379,0.868573,0.75,0.607669,0.496153,0.137874,0.136339,0.0,1,0.239323,0.236106,0.586469
2020-06-04,0,1,ok,0.2024941340206742,1.019083,1.0,0.597992,0.4956,0.221393,0.117419,0.0,0,0.210823,0.205381,0.566116
2020-06-05,0,1,ok,0.2057022607098555,1.053341,0.75,0.601887,0.495822,0.237843,0.161459,0.0,1,0.187475,0.252212,0.592343
2020-06-08,0,1,ok,0.2067405422865423,1.124053,0.75,0.597334,0.495562,0.276832,0.152617,0.00335,0,0.204744,0.206559,0.56833
2020-06-09,0,1,ok,0.216320755431175,1.102865,0.75,0.599115,0.495664,0.265008,0.182705,0.00335,0,0.218807,0.204853,0.565123
2020-06-10,0,1,ok,0.2197438085334514,1.14607,0.75,0.589877,0.495136,0.291182,0.20856,0.00335,0,0.16455,0.202128,0.56
2020-06-11,0,1,ok,0.2058333314432437,1.355022,0.5,0.665404,0.499452,0.375897,0.401975,0.00335,1,0.323874,0.562396,0.65
2020-06-12,0,1,ok,0.1972153613864138,1.28764,0.75,0.638337,0.497905,0.348776,0.409174,0.00335,1,0.289294,0.390973,0.641122
2020-06-15,0,1,ok,0.2099509444619061,1.273959,0.75,0.643497,0.4982,0.339597,0.411548,0.002044,1,0.296313,0.418997,0.65
2020-06-16,0,1,ok,0.215612683894347,0.993239,0.75,0.605612,0.496035,0.204618,0.422627,0.002044,1,0.190356,0.274348,0.600339
2020-06-17,0,1,ok,0.1648464439267481,1.093222,0.75,0.634209,0.497669,0.246015,0.412968,0.002044,1,0.268167,0.385504,0.639257
2020-06-18,0,1,ok,0.1639720055805987,1.147391,0.75,0.631618,0.497521,0.276053,0.412832,0.002044,1,0.210232,0.432709,0.65
2020-06-19,0,1,ok,0.1755761721504106,1.232544,0.5,0.638173,0.497896,0.31924,0.374885,0.002044,1,0.280739,0.399068,0.643874
2020-06-22,0,1,ok,0.185156835110007,1.163019,0.75,0.627,0.497257,0.286182,0.371292,0.001981,1,0.213662,0.394906,0.64246
2020-06-23,0,1,ok,0.2026253308782059,1.141815,0.75,0.643763,0.498215,0.268313,0.372573,0.001981,1,0.292525,0.426044,0.65
2020-06-24,0,1,ok,0.1741321902028354,1.214956,0.5,0.648419,0.498481,0.305975,0.389968,0.001981,1,0.24198,0.529041,0.65
2020-06-25,0,1,ok,0.2509985395971663,1.158933,0.75,0.64948,0.498542,0.275303,0.219877,0.001981,1,0.311882,0.447822,0.65
2020-06-26,0,1,ok,0.2213554642284329,1.234596,0.5,0.659096,0.499091,0.312618,0.252409,0.001981,1,0.336071,0.495221,0.65
2020-06-29,0,1,ok,0.2122233750371821,0.945119,0.75,0.635513,0.497744,0.166054,0.257519,0.003384,1,0.273142,0.389061,0.640471
2020-06-30,0,1,ok,0.2332988437559966,0.884208,0.75,0.629921,0.497424,0.135977,0.243539,0.003384,1,0.263964,0.36076,0.630763
2020-07-01,0,1,ok,0.2320110920297337,0.709333,0.75,0.641618,0.498092,0.036438,0.246941,0.003384,1,0.278908,0.426041,0.65
2020-07-02,0,1,ok,0.2468756480010314,0.845062,0.75,0.633015,0.497601,0.113577,0.247635,0.003384,1,0.267309,0.37828,0.636787
2020-07-03,0,1,ok,0.221552873685443,0.987009,0.5,0.642886,0.498165,0.1853,0.244986,0.003384,1,0.283155,0.430932,0.65
2020-07-06,0,1,ok,0.2395011439063678,0.989983,0.75,0.629073,0.497376,0.192904,0.256284,0.004059,1,0.269492,0.349047,0.62671
2020-07-07,0,1,ok,0.1898717139356159,1.074728,0.5,0.63524,0.497728,0.235681,0.266815,0.004059,1,0.229514,0.437485,0.65
2020-07-08,0,1,ok,0.2371469969342239,1.02234,0.75,0.643349,0.498191,0.204126,0.219059,0.004059,1,0.295892,0.418337,0.65
2020-07-09,0,1,ok,0.1726951530896679,1.082962,0.75,0.633691,0.497639,0.240727,0.223149,0.004059,1,0.226196,0.4291,0.65
2020-07-10,0,1,ok,0.1907862960721186,1.032369,0.75,0.625744,0.497185,0.216953,0.161892,0.004059,1,0.217922,0.381742,0.637972
2020-07-13,0,1,ok,0.1944735664894869,1.176543,0.5,0.616967,0.496684,0.297168,0.172975,0.007894,1,0.24554,0.292395,0.606796
2020-07-14,0,1,ok,0.1940198954368996,1.133955,0.75,0.614764,0.496558,0.275398,0.169966,0.007894,1,0.240403,0.282948,0.603423
2020-07-15,0,1,ok,0.1603856524131586,1.138303,0.75,0.596107,0.495492,0.284783,0.170685,0.007894,0,0.205992,0.200956,0.557796
2020-07-16,0,1,ok,0.173668010338584,1.087248,0.5,0.596199,0.495497,0.257931,0.174021,0.007894,0,0.20705,0.200664,0.557248
2020-07-17,0,1,ok,0.1459376376387964,1.156498,0.5,0.596294,0.495502,0.29427,0.173482,0.007894,0,0.210464,0.19892,0.55397
2020-07-20,0,1,ok,0.1484908300360507,1.039579,0.5,0.59519,0.495439,0.233298,0.157911,0.007026,0,0.207866,0.196188,0.548833
2020-07-21,0,1,ok,0.140695442213719,1.104849,0.75,0.596019,0.495487,0.267245,0.132931,0.007026,0,0.208215,0.199233,0.554557
2020-07-22,0,1,ok,0.1391195809745641,1.128858,0.5,0.594455,0.495397,0.280446,0.12982,0.007026,0,0.206121,0.194377,0.545428
2020-07-23,0,1,ok,0.1540610041087708,1.405873,0.75,0.592089,0.495262,0.426531,0.142707,0.007026,0,0.196247,0.191184,0.539427
2020-07-24,0,1,ok,0.1683365498627532,1.342394,0.75,0.594892,0.495422,0.392367,0.13762,0.007026,0,0.204748,0.196946,0.550259
2020-07-27,0,0,high_risk_veto,0.151180443830992,1.246729,0.5,0.592483,0.495285,0.342983,0.128529,0.0,0,0.200874,0.189867,0.53695
2020-07-28,0,0,high_risk_veto,0.1498063771568553,1.138703,0.75,0.591152,0.495209,0.286849,0.123976,0.0,0,0.193611,0.189131,0.535566
2020-07-29,0,0,high_risk_veto,0.1591050433445464,1.031994,0.5,0.59463,0.495407,0.229543,0.12727,0.0,0,0.203452,0.19672,0.549834
2020-07-30,0,0,high_risk_veto,0.1583424560358332,1.114299,0.5,0.593002,0.495314,0.27336,0.128729,0.0,0,0.203017,0.190581,0.538293
2020-07-31,0,0,high_risk_veto,0.1653936660683827,0.992996,0.5,0.59212,0.495264,0.210116,0.1341,0.0,0,0.199694,0.189169,0.535637
2020-08-03,0,0,high_risk_veto,0.1658023543263785,1.038819,0.5,0.592543,0.495288,0.233964,0.132947,0.0,0,0.199747,0.190804,0.538711
2020-08-04,0,0,high_risk_veto,0.160802506346261,1.0598,0.5,0.593664,0.495352,0.244519,0.132942,0.0,0,0.203604,0.192823,0.542506
2020-08-05,0,0,high_risk_veto,0.1555979570726586,1.164161,0.5,0.592601,0.495291,0.299654,0.138533,0.0,0,0.20289,0.189083,0.535475
2020-08-06,0,0,high_risk_veto,0.1600456283982036,1.149343,0.5,0.593202,0.495326,0.291662,0.114446,0.0,0,0.206938,0.18894,0.535207
2020-08-07,0,0,high_risk_veto,0.1602240536968318,1.230503,0.75,0.5922,0.495269,0.334575,0.10292,0.0,0,0.205682,0.185772,0.529251
2020-08-10,0,0,high_risk_veto,0.1616251053316341,1.244981,0.75,0.591123,0.495207,0.342536,0.099331,0.0,0,0.201339,0.184228,0.526349
2020-08-11,0,0,high_risk_veto,0.1728268986479978,1.381304,0.75,0.594978,0.495427,0.412765,0.087231,0.0,0,0.207735,0.195435,0.547418
2020-08-12,0,0,high_risk_veto,0.1814381400843221,1.128081,0.5,0.601181,0.495782,0.277488,0.103509,0.0,0,0.235811,0.202443,0.560594
2020-08-13,0,0,high_risk_veto,0.1767776961451888,1.068698,0.5,0.595973,0.495484,0.248276,0.092642,0.0,0,0.220263,0.191585,0.540181
2020-08-14,0,0,high_risk_veto,0.176678726036816,0.976338,0.75,0.59616,0.495495,0.19969,0.094593,0.0,0,0.221729,0.191412,0.539854
2020-08-17,0,0,high_risk_veto,0.1748792791315437,1.097172,0.5,0.594731,0.495413,0.263711,0.094124,0.0,0,0.215126,0.18988,0.536974
2020-08-18,0,0,high_risk_veto,0.1775576795060345,1.081673,0.5,0.592439,0.495282,0.256471,0.094492,0.0,0,0.213351,0.181961,0.522087
2020-08-19,0,0,high_risk_veto,0.1944081929992901,1.132745,0.75,0.591497,0.495228,0.283598,0.09314,0.0,0,0.204539,0.183715,0.525384
2020-08-20,0,0,high_risk_veto,0.198891204080522,1.100199,0.5,0.593538,0.495345,0.26576,0.09176,0.0,0,0.212259,0.186963,0.53149
2020-08-21,0,0,high_risk_veto,0.1949843309547421,1.092651,0.5,0.59275,0.4953,0.262106,0.091814,0.0,0,0.206811,0.187237,0.532006
2020-08-24,0,0,high_risk_veto,0.197461571805539,1.043017,0.5,0.59223,0.49527,0.23629,0.103668,0.0,0,0.20762,0.184691,0.52722
2020-08-25,0,0,high_risk_veto,0.1904151327155072,1.119348,0.5,0.593265,0.495329,0.275908,0.096393,0.0,0,0.213944,0.184844,0.527507
2020-08-26,0,0,high_risk_veto,0.2104432557090799,1.072657,0.5,0.585063,0.494861,0.254627,0.076453,0.0,0,0.164776,0.183039,0.524114
2020-08-27,0,0,high_risk_veto,0.237700863808288,1.143683,0.75,0.585729,0.494899,0.291471,0.075868,0.0,0,0.164544,0.185805,0.529313
2020-08-28,0,0,high_risk_veto,0.2167077643624826,1.144494,0.5,0.586569,0.494947,0.291583,0.072636,0.0,0,0.167613,0.18721,0.531954
2020-08-31,0,0,high_risk_veto,0.2406382598745717,1.243681,0.5,0.598794,0.495645,0.339199,0.084166,0.0,1,0.191148,0.227416,0.58328
2020-09-01,0,0,high_risk_veto,0.238138374711976,1.144593,0.5,0.60332,0.495904,0.285379,0.083194,0.0,1,0.195972,0.252851,0.592575
2020-09-02,0,0,high_risk_veto,0.2367750877859151,1.145317,0.5,0.588767,0.495072,0.291199,0.084641,0.0,0,0.16834,0.195407,0.547365
2020-09-03,0,0,high_risk_veto,0.2135513196500274,1.497047,0.75,0.648725,0.498499,0.458237,0.228665,0.0,1,0.311816,0.441746,0.65
2020-09-04,0,0,high_risk_veto,0.2081581295862309,1.633719,0.75,0.649552,0.498546,0.531854,0.229607,0.0,1,0.312478,0.447645,0.65
2020-09-07,0,0,high_risk_veto,0.208280662915869,1.638912,0.75,0.633898,0.497651,0.538563,0.222564,0.0,1,0.287255,0.362866,0.63149
2020-09-08,0,1,ok,0.1938514903537696,1.510816,0.75,0.642295,0.498131,0.467524,0.265772,0.0,1,0.292034,0.415091,0.649294
2020-09-09,0,1,ok,0.1835945943886431,1.151346,0.5,0.622671,0.49701,0.28161,0.283302,0.0,1,0.25721,0.318648,0.616089
2020-09-10,0,1,ok,0.1623191118928805,1.194176,0.75,0.63555,0.497746,0.29962,0.290538,0.0,1,0.274231,0.388144,0.640158
2020-09-11,0,1,ok,0.1715000254341477,0.912542,0.75,0.633656,0.497637,0.149429,0.286632,0.0,1,0.27331,0.3762,0.636074
2020-09-14,0,1,ok,0.1617262205882078,0.987966,0.5,0.634719,0.497698,0.18938,0.302563,0.003557,1,0.272995,0.383794,0.638673
2020-09-15,0,1,ok,0.16445682411367,0.810406,0.5,0.627909,0.497309,0.097483,0.30221,0.003557,1,0.262783,0.348318,0.626457
2020-09-16,0,1,ok,0.1632875263807741,0.931194,0.75,0.63635,0.497791,0.158208,0.287706,0.003557,1,0.280091,0.387305,0.639872
2020-09-17,0,1,ok,0.1758090874686151,1.165703,0.75,0.607081,0.496119,0.295112,0.231721,0.003557,0,0.217116,0.255762,0.593631
2020-09-18,0,1,ok,0.1734042237592525,1.306327,0.75,0.609225,0.496241,0.368686,0.235407,0.003557,0,0.22671,0.260043,0.595182
2020-09-21,0,1,ok,0.171183627835193,1.091307,0.5,0.609471,0.496255,0.254868,0.238958,0.006045,0,0.223846,0.26476,0.596886
2020-09-22,0,1,ok,0.1860206631056802,0.811335,0.5,0.604595,0.495977,0.109074,0.201569,0.006045,0,0.214914,0.241306,0.588371
2020-09-23,0,1,ok,0.1767424596828606,0.832502,0.5,0.603764,0.495929,0.120627,0.194867,0.006045,0,0.211292,0.239549,0.587729
2020-09-24,0,1,ok,0.1936320272124265,0.767195,0.75,0.614348,0.496534,0.081058,0.181034,0.006045,1,0.231518,0.289612,0.605804
2020-09-25,0,1,ok,0.1809345213058697,0.673434,0.75,0.609692,0.496268,0.033721,0.202352,0.006045,0,0.221114,0.269172,0.598477
2020-09-28,0,0,weak_score,0.17692311002291,0.396761,0.5,0.624958,0.49714,0.0,0.208967,0.0,1,0.253712,0.337952,0.622851
2020-09-29,0,0,weak_score,0.1636700633798461,0.53033,0.75,0.609758,0.496272,0.0,0.207076,0.0,0,0.22464,0.265856,0.597282
2020-09-30,0,1,ok,0.1780987759588875,0.706504,0.5,0.606602,0.496092,0.052763,0.216131,0.0,0,0.228699,0.240202,0.587967
2020-10-01,0,1,ok,0.1746375368652525,0.784493,0.5,0.600445,0.49574,0.09689,0.212988,0.0,0,0.219122,0.209891,0.574596
2020-10-02,0,1,ok,0.1740784493126291,0.9774,0.75,0.595992,0.495485,0.200318,0.209632,0.0,0,0.201936,0.203018,0.561673
2020-10-05,0,1,ok,0.1874811243493959,0.974633,0.5,0.612228,0.496413,0.191975,0.22249,0.004658,1,0.241071,0.265057,0.596994
2020-10-06,0,1,ok,0.1723243676928997,1.234873,0.75,0.614153,0.496523,0.329147,0.242885,0.004658,1,0.235754,0.28377,0.603717
2020-10-07,0,1,ok,0.197080202580632,1.010956,0.5,0.620527,0.496887,0.207733,0.211582,0.004658,1,0.190526,0.375583,0.635863
2020-10-08,0,1,ok,0.1793543831763362,1.147805,0.5,0.617978,0.496742,0.28152,0.210407,0.004658,1,0.185979,0.363079,0.631564
2020-10-09,0,1,ok,0.1676000849299359,0.973886,0.5,0.612644,0.496437,0.191401,0.205979,0.004658,1,0.17719,0.336168,0.622228
2020-10-12,0,1,ok,0.1650786922479193,0.94866,0.5,0.619439,0.496825,0.175065,0.203513,0.004291,1,0.1875,0.371408,0.63443
2020-10-13,0,1,ok,0.1786319287634608,1.015341,0.75,0.616117,0.496635,0.211915,0.207508,0.004291,1,0.182943,0.353652,0.628306
2020-10-14,0,1,ok,0.1904397022150685,1.197938,0.75,0.618258,0.496758,0.308055,0.214319,0.004291,1,0.189879,0.360797,0.630776
2020-10-15,0,1,ok,0.1911298388581715,1.427664,0.75,0.619584,0.496833,0.429735,0.215049,0.004291,1,0.189743,0.369986,0.633941
2020-10-16,0,1,ok,0.1965267886333007,1.426891,0.75,0.624446,0.497111,0.427844,0.206235,0.004291,1,0.19374,0.398898,0.643817
2020-10-19,0,0,high_risk_veto,0.2140770021025249,1.451263,0.75,0.614293,0.496531,0.44385,0.192495,0.0,1,0.127022,0.401326,0.64464
2020-10-20,0,0,high_risk_veto,0.2123118846224164,1.379076,0.5,0.610171,0.496295,0.406865,0.168699,0.0,1,0.125056,0.375278,0.635758
2020-10-21,0,0,high_risk_veto,0.2073589030995566,1.367953,0.75,0.607162,0.496124,0.401931,0.139331,0.0,1,0.122948,0.357019,0.629471
2020-10-22,0,0,high_risk_veto,0.2050873613638809,1.308773,0.75,0.614842,0.496562,0.368102,0.142126,0.0,1,0.180922,0.34713,0.626044
2020-10-23,0,0,high_risk_veto,0.1981222354634221,1.340659,0.5,0.612208,0.496412,0.385874,0.134562,0.0,1,0.176574,0.333859,0.621422
2020-10-26,0,0,high_risk_veto,0.2083702005507406,1.410521,0.75,0.621217,0.496927,0.420115,0.145949,0.0,1,0.134491,0.445183,0.65
2020-10-27,0,0,high_risk_veto,0.2394606669161589,1.289231,0.5,0.623798,0.497074,0.35467,0.143636,0.0,1,0.139697,0.459554,0.65
2020-10-28,0,0,high_risk_veto,0.2167328428612211,1.473174,0.75,0.661096,0.499205,0.44161,0.215603,0.0,1,0.22635,0.652618,0.65
2020-10-29,0,0,high_risk_veto,0.2100972362783005,1.257572,0.5,0.642717,0.498155,0.331051,0.238387,0.0,1,0.218391,0.512817,0.65
2020-10-30,0,1,ok,0.2026221494375985,1.504765,0.75,0.645726,0.498327,0.463275,0.237787,0.0,1,0.211933,0.545689,0.65
2020-11-02,0,1,ok,0.1970051253737594,1.276044,0.75,0.645224,0.498299,0.340106,0.243731,0.00272,1,0.19938,0.557728,0.65
2020-11-03,0,1,ok,0.195707609881021,1.353472,0.75,0.643163,0.498181,0.382537,0.266348,0.00272,1,0.199573,0.540652,0.65
2020-11-04,0,1,ok,0.19312855593355,0.939412,0.5,0.632967,0.497598,0.164135,0.277418,0.00272,1,0.266602,0.378709,0.636934
2020-11-05,0,1,ok,0.1973997527647479,0.88723,0.5,0.646964,0.498398,0.12966,0.291795,0.00272,1,0.298397,0.444628,0.65
2020-11-06,0,1,ok,0.1925020222743019,1.027925,0.75,0.639932,0.497996,0.208591,0.291989,0.00272,1,0.284633,0.406897,0.646527
2020-11-09,0,1,ok,0.1965345311802883,1.575283,1.0,0.637121,0.497835,0.503609,0.27624,0.003929,1,0.272481,0.400764,0.64445
2020-11-10,0,1,ok,0.1823386633338952,1.893707,1.0,0.629413,0.497395,0.675881,0.270737,0.003929,1,0.258065,0.363633,0.631754
2020-11-11,0,1,ok,0.1822218884195355,1.780775,0.75,0.602499,0.495857,0.620962,0.148083,0.003929,0,0.198666,0.244437,0.589513
2020-11-12,0,1,ok,0.1970785647278736,1.574728,0.75,0.619124,0.496807,0.508063,0.1904,0.003929,1,0.233378,0.320051,0.616582
2020-11-13,0,1,ok,0.1895732886173159,1.367846,0.75,0.595405,0.495452,0.405567,0.173605,0.003929,0,0.18554,0.210872,0.576439
2020-11-16,0,1,ok,0.1759543530654931,1.49485,0.75,0.591993,0.495257,0.473194,0.174501,0.005547,0,0.174819,0.204089,0.563688
2020-11-17,0,1,ok,0.1876700008398213,1.591117,1.0,0.604888,0.495994,0.520407,0.183665,0.005547,0,0.205311,0.253509,0.592814
2020-11-18,0,1,ok,0.186422578649574,1.784211,1.0,0.614034,0.496516,0.620465,0.200795,0.005547,0,0.223591,0.295951,0.608061
2020-11-19,0,1,ok,0.1858406891145701,1.840762,0.75,0.60187,0.495821,0.652691,0.181841,0.005547,0,0.198782,0.240066,0.587918
2020-11-20,0,1,ok,0.1833692621272953,1.897886,1.0,0.600429,0.495739,0.683026,0.190043,0.005547,0,0.196523,0.232737,0.585235
2020-11-23,0,1,ok,0.1909865527750767,1.895828,1.0,0.601435,0.495796,0.681774,0.16571,0.019655,0,0.200229,0.235588,0.586279
2020-11-24,0,1,ok,0.1799860847751241,1.907475,0.75,0.594875,0.495421,0.688984,0.18747,0.019655,0,0.184191,0.20962,0.574086
2020-11-25,0,1,ok,0.181796191648778,1.88739,0.75,0.593054,0.495317,0.678748,0.187238,0.019655,0,0.177752,0.206446,0.568119
2020-11-26,0,1,ok,0.1857067633155606,1.925125,1.0,0.593609,0.495349,0.698448,0.164932,0.019655,0,0.179901,0.2073,0.569724
2020-11-27,0,1,ok,0.186850562531721,1.961235,0.75,0.597897,0.495594,0.716753,0.150435,0.019655,0,0.190272,0.222299,0.581396
2020-11-30,0,1,ok,0.1900767180863515,1.983785,0.75,0.589994,0.495143,0.729731,0.136888,0.039408,0,0.174574,0.196375,0.549184
2020-12-01,0,1,ok,0.1738983388306346,1.931928,0.75,0.588537,0.495059,0.702808,0.153801,0.039408,0,0.172684,0.191811,0.540604
2020-12-02,0,1,ok,0.1832963807810363,2.042587,1.0,0.589373,0.495107,0.760595,0.133378,0.039408,0,0.178144,0.191718,0.540429
2020-12-03,0,1,ok,0.1812906916089165,2.133423,1.0,0.591928,0.495253,0.807881,0.137222,0.039408,0,0.180434,0.200353,0.556664
2020-12-04,0,0,high_risk_veto,0.1847031611850244,2.292141,0.75,0.589359,0.495106,0.89121,0.129081,0.039408,0,0.185261,0.18725,0.53203
2020-12-07,0,0,high_risk_veto,0.178186666854676,2.338846,0.75,0.58713,0.494979,0.915753,0.136675,0.0,0,0.175126,0.184759,0.527347
2020-12-08,0,0,high_risk_veto,0.1834622126296193,2.370337,0.75,0.590269,0.495158,0.932104,0.112107,0.0,0,0.184271,0.191447,0.53992
2020-12-09,0,0,high_risk_veto,0.1901648091518901,2.514065,1.0,0.593195,0.495325,1.0,0.120755,0.0,0,0.19605,0.195658,0.547837
2020-12-10,0,0,high_risk_veto,0.1899414692110445,2.497133,0.75,0.594083,0.495376,0.998496,0.122472,0.0,0,0.197187,0.198451,0.553087
2020-12-11,0,0,high_risk_veto,0.1961384249892085,2.468363,1.0,0.604038,0.495945,0.983314,0.12445,0.0,0,0.210987,0.241724,0.588523
2020-12-14,0,0,high_risk_veto,0.2009403892948581,2.265077,0.75,0.614061,0.496518,0.875434,0.124632,0.0,1,0.229321,0.290012,0.605946
2020-12-15,0,0,high_risk_veto,0.1957713964753035,2.230113,0.75,0.592179,0.495267,0.858536,0.119406,0.0,0,0.191964,0.194193,0.545083
2020-12-16,0,0,high_risk_veto,0.1894495260512965,2.22937,0.75,0.58977,0.49513,0.858326,0.118606,0.0,0,0.182611,0.190511,0.538161
2020-12-17,0,0,high_risk_veto,0.1905183901535393,2.263708,0.75,0.588572,0.495061,0.876379,0.119739,0.0,0,0.181873,0.186254,0.530157
2020-12-18,0,0,high_risk_veto,0.1894433838380175,2.392721,1.0,0.587715,0.495012,0.9439,0.104341,0.0,0,0.180615,0.183659,0.525278
2020-12-21,0,0,high_risk_veto,0.2101041890306424,2.436123,1.0,0.590023,0.495144,0.966556,0.102931,0.0,0,0.15945,0.205864,0.567024
2020-12-22,0,0,high_risk_veto,0.2068112088411704,2.445551,0.75,0.594606,0.495406,0.971424,0.103937,0.0,0,0.200157,0.198667,0.553494
2020-12-23,0,0,high_risk_veto,0.2017383674149081,2.449449,1.0,0.588853,0.495077,0.973549,0.09717,0.0,0,0.189322,0.182742,0.523555
2020-12-24,0,0,high_risk_veto,0.1894098500994887,2.429342,0.75,0.588116,0.495035,0.963042,0.095787,0.0,0,0.186404,0.181649,0.521501
2020-12-25,0,0,high_risk_veto,0.1922254547942112,2.465072,1.0,0.588526,0.495059,0.981727,0.092982,0.0,0,0.189404,0.181404,0.52104
2020-12-28,0,0,high_risk_veto,0.1986092771372024,2.320579,0.75,0.584423,0.494824,0.906336,0.093911,0.0,0,0.179093,0.171648,0.502698
2020-12-29,0,0,high_risk_veto,0.2081262142721145,2.316757,1.0,0.583491,0.494771,0.904387,0.06758,0.0,0,0.156058,0.182258,0.522645
2020-12-30,0,0,high_risk_veto,0.2275592766946287,2.316796,1.0,0.578502,0.494486,0.904656,0.067158,0.0,0,0.148376,0.167387,0.494687
2020-12-31,0,0,high_risk_veto,0.2254632060648009,2.386577,0.75,0.58179,0.494674,0.94087,0.064278,0.0,0,0.157235,0.174834,0.508687
2021-01-01,0,0,high_risk_veto,0.2284855500613765,2.408344,1.0,0.58025,0.494586,0.952256,0.06081,0.0,0,0.153383,0.171161,0.501783
2021-01-04,0,0,high_risk_veto,0.2803794585690171,2.479638,1.0,0.614356,0.496535,0.989202,0.094859,0.0,1,0.210552,0.312081,0.613775
2021-01-05,0,0,high_risk_veto,0.2224167157875659,2.438999,0.75,0.587471,0.494998,0.968105,0.102009,0.0,0,0.161268,0.194691,0.546019
2021-01-06,0,0,high_risk_veto,0.2137265494542716,2.567185,1.0,0.588927,0.495082,1.0,0.115273,0.0,0,0.158529,0.202118,0.559982
2021-01-07,0,0,high_risk_veto,0.1912078350604039,2.37114,0.75,0.588847,0.495077,0.932575,0.14124,0.0,0,0.19234,0.180847,0.519993
2021-01-08,0,0,high_risk_veto,0.1650286196057749,2.430209,0.75,0.580503,0.4946,0.963641,0.141387,0.0,0,0.166532,0.164008,0.488335
2021-01-11,0,0,high_risk_veto,0.1797420903146228,2.481569,1.0,0.587749,0.495014,0.990362,0.14635,0.0,0,0.183579,0.181959,0.522083
2021-01-12,0,0,high_risk_veto,0.1923848199735764,2.713359,1.0,0.590073,0.495147,1.0,0.144571,0.0,0,0.191243,0.186351,0.53034
2021-01-13,0,0,high_risk_veto,0.1661322948424898,2.748487,0.75,0.579934,0.494568,1.0,0.1457,0.0,0,0.164171,0.163232,0.486876
2021-01-14,0,0,high_risk_veto,0.1824788188281106,2.731183,1.0,0.585679,0.494896,1.0,0.147058,0.0,0,0.177122,0.177812,0.514287
2021-01-15,0,0,high_risk_veto,0.18479769374145,2.763832,1.0,0.591783,0.495245,1.0,0.159952,0.0,0,0.194835,0.190857,0.53881
2021-01-18,0,0,high_risk_veto,0.2059049728266301,2.812843,1.0,0.586936,0.494968,1.0,0.135177,0.0,0,0.188903,0.175458,0.509861
2021-01-19,0,0,high_risk_veto,0.1938874310876663,2.64917,0.75,0.581851,0.494677,1.0,0.133488,0.0,0,0.171141,0.166455,0.492935
2021-01-20,0,0,high_risk_veto,0.15388580253271,2.445074,0.75,0.579034,0.494516,0.971407,0.135774,0.0,0,0.162053,0.161003,0.482686
2021-01-21,0,0,high_risk_veto,0.1487302871596126,2.42334,0.75,0.575953,0.49434,0.960157,0.105826,0.0,0,0.154342,0.153655,0.468871
2021-01-22,0,0,high_risk_veto,0.1619545919364437,2.550941,1.0,0.581195,0.49464,1.0,0.102614,0.0,0,0.164564,0.167951,0.495748
2021-01-25,0,0,high_risk_veto,0.2043983043131552,2.614557,0.75,0.580201,0.494583,1.0,0.099196,0.0,0,0.167661,0.16212,0.484786
2021-01-26,0,0,high_risk_veto,0.2224861044475609,2.603802,1.0,0.576701,0.494383,1.0,0.099589,0.0,0,0.141434,0.164603,0.489453
2021-01-27,0,0,high_risk_veto,0.2906987801994302,2.725411,1.0,0.659013,0.499086,1.0,0.165388,0.0,1,0.319579,0.515752,0.65
2021-01-28,0,0,high_risk_veto,0.297396907482775,2.711793,0.75,0.652883,0.498736,1.0,0.177888,0.0,1,0.315077,0.4715,0.65
2021-01-29,0,0,high_risk_veto,0.2506041647144896,2.857072,1.0,0.648391,0.498479,1.0,0.194578,0.0,1,0.239039,0.532592,0.65
2021-02-01,0,0,high_risk_veto,0.248885403356002,2.489753,0.75,0.65386,0.498792,0.99445,0.212088,0.0,1,0.315818,0.478516,0.65
2021-02-02,0,1,ok,0.249080366916163,2.466795,0.75,0.608881,0.496222,0.982442,0.226357,0.0,1,0.193392,0.293261,0.607104
2021-02-03,0,1,ok,0.1942258297629187,2.393983,1.0,0.596241,0.495499,0.944312,0.216672,0.0,0,0.202536,0.203626,0.562816
2021-02-04,0,1,ok,0.181969929754493,2.536022,0.75,0.596594,0.49552,1.0,0.22435,0.0,0,0.203972,0.204127,0.563758
2021-02-05,0,1,ok,0.1718536014337186,2.66849,0.75,0.596842,0.495534,1.0,0.223255,0.0,0,0.204506,0.204771,0.56497
2021-02-08,0,1,ok,0.185173719193171,2.650128,0.75,0.597947,0.495597,1.0,0.224358,0.025619,0,0.208516,0.206633,0.56847
2021-02-09,0,1,ok,0.1737287808897704,2.777381,1.0,0.599901,0.495709,1.0,0.224555,0.025619,0,0.209762,0.215118,0.578744
2021-02-10,0,1,ok,0.183365511764502,2.831689,1.0,0.587185,0.494982,1.0,0.165729,0.025619,0,0.174322,0.185476,0.528694
2021-02-11,0,1,ok,0.1787871333398326,2.837341,0.75,0.585695,0.494897,1.0,0.16233,0.025619,0,0.170336,0.18208,0.522311
2021-02-12,0,1,ok,0.1813862154554104,2.829951,0.75,0.583469,0.49477,1.0,0.104248,0.025619,0,0.173297,0.171487,0.502395
2021-02-15,0,1,ok,0.1705503808807159,2.850602,1.0,0.583473,0.49477,1.0,0.097258,0.061676,0,0.175363,0.170221,0.500015
2021-02-16,0,1,ok,0.2038476315301196,2.960672,1.0,0.580169,0.494581,1.0,0.073196,0.061676,0,0.170595,0.160173,0.481126
2021-02-17,0,1,ok,0.1861738150009396,3.023358,1.0,0.580984,0.494628,1.0,0.07665,0.061676,0,0.169818,0.163865,0.488067
2021-02-18,0,1,ok,0.2417086157520653,3.026047,1.0,0.577434,0.494425,1.0,0.072164,0.061676,0,0.144667,0.165484,0.49111
2021-02-19,0,0,high_risk_veto,0.2686947678986648,3.04212,1.0,0.579699,0.494554,1.0,0.068651,0.061676,0,0.145185,0.174074,0.50726
2021-02-22,0,1,ok,0.2253430847956208,3.202029,1.0,0.584314,0.494818,1.0,0.072372,0.066227,0,0.152774,0.187532,0.532561
2021-02-23,0,0,high_risk_veto,0.2677185514362673,3.193969,1.0,0.582731,0.494727,1.0,0.071548,0.066227,0,0.15109,0.182346,0.522811
2021-02-24,0,1,ok,0.1711562161118679,3.056958,0.75,0.567552,0.49386,1.0,0.089476,0.066227,0,0.142111,0.128176,0.42097
2021-02-25,0,0,high_risk_veto,0.2322282811377723,3.109674,1.0,0.631039,0.497488,1.0,0.1106,0.066227,1,0.294683,0.335421,0.621968
2021-02-26,0,0,high_risk_veto,0.3014965807916879,3.018469,0.75,0.593868,0.495364,1.0,0.125145,0.066227,0,0.18586,0.204624,0.564692
2021-03-01,0,0,high_risk_veto,0.2863537718033332,2.866136,0.75,0.581944,0.494683,1.0,0.183862,0.0,0,0.168733,0.168314,0.49643
2021-03-02,0,0,high_risk_veto,0.1984711905617077,2.711725,1.0,0.58168,0.494667,1.0,0.188359,0.0,0,0.18028,0.160119,0.481024
2021-03-03,0,0,high_risk_veto,0.223773191273338,2.973067,1.0,0.594683,0.49541,1.0,0.191942,0.0,1,0.192872,0.203486,0.562554
2021-03-04,0,0,high_risk_veto,0.258450757980407,3.236046,1.0,0.590267,0.495158,1.0,0.193989,0.0,0,0.181762,0.192994,0.542828
2021-03-05,0,1,ok,0.1711220285321715,2.963121,0.75,0.581155,0.494637,1.0,0.221246,0.0,0,0.181284,0.157431,0.475971
2021-03-08,0,1,ok,0.1742319142753779,2.876326,0.75,0.587073,0.494976,1.0,0.218554,0.045092,0,0.194834,0.172321,0.503964
2021-03-09,0,1,ok,0.203098615696303,2.421874,0.75,0.58581,0.494903,0.959186,0.222683,0.045092,0,0.200953,0.163556,0.487486
2021-03-10,0,1,ok,0.1744068382013097,2.496467,1.0,0.579238,0.494528,0.998161,0.215113,0.045092,0,0.175296,0.153599,0.468765
2021-03-11,0,1,ok,0.1545655028248465,2.153876,0.75,0.576045,0.494345,0.820098,0.21004,0.045092,0,0.165573,0.147059,0.45647
2021-03-12,0,1,ok,0.1597560587193789,2.558868,1.0,0.573568,0.494204,1.0,0.187596,0.045092,0,0.151529,0.146012,0.454503
2021-03-15,0,1,ok,0.1415692677694223,2.538226,0.75,0.563807,0.493646,1.0,0.150766,0.057384,0,0.122478,0.125605,0.416137
2021-03-16,0,1,ok,0.1493374353785481,2.676785,0.75,0.562195,0.493554,1.0,0.135944,0.057384,0,0.122739,0.119101,0.403909
2021-03-17,0,1,ok,0.1456663742519092,2.601895,0.75,0.560483,0.493456,1.0,0.118727,0.057384,0,0.123171,0.112094,0.390737
2021-03-18,0,1,ok,0.1613090809564975,2.861647,1.0,0.564736,0.493699,1.0,0.12216,0.057384,0,0.133365,0.122514,0.410326
2021-03-19,0,1,ok,0.1732822028589577,2.881608,0.75,0.56654,0.493802,1.0,0.094846,0.057384,0,0.150336,0.119093,0.403895
2021-03-22,0,1,ok,0.1487527345533399,2.760529,0.75,0.562096,0.493548,1.0,0.092299,0.067588,0,0.134986,0.111119,0.388904
2021-03-23,0,1,ok,0.1708318196186692,2.560374,1.0,0.57065,0.494037,1.0,0.116022,0.067588,0,0.160712,0.128839,0.422218
2021-03-24,0,1,ok,0.183016864462074,2.648655,1.0,0.561972,0.493541,1.0,0.122002,0.067588,0,0.155886,0.097679,0.363636
2021-03-25,0,1,ok,0.1785754851281511,2.724832,1.0,0.558222,0.493327,1.0,0.113887,0.067588,0,0.135222,0.095727,0.359967
2021-03-26,0,1,ok,0.1849496224107782,2.567787,0.75,0.556207,0.493212,1.0,0.145656,0.067588,0,0.127863,0.092362,0.35364
2021-03-29,0,1,ok,0.1844544125843594,2.46542,1.0,0.564632,0.493693,0.982133,0.144761,0.057051,0,0.153963,0.109337,0.385554
2021-03-30,0,1,ok,0.1793804580575789,2.519154,1.0,0.557104,0.493263,1.0,0.145066,0.057051,0,0.117477,0.102326,0.372374
2021-03-31,0,1,ok,0.181184725434358,2.56447,0.75,0.554585,0.493119,1.0,0.145434,0.057051,0,0.11798,0.0921,0.353148
2021-04-01,0,1,ok,0.1768878172167456,2.494356,0.75,0.549934,0.492853,0.997106,0.137233,0.057051,0,0.10769,0.080177,0.330733
2021-04-02,0,1,ok,0.1798030960182275,2.517352,1.0,0.550778,0.492902,1.0,0.136526,0.057051,0,0.122332,0.074422,0.319912
2021-04-05,0,1,ok,0.1856283629755561,2.503619,0.75,0.554086,0.493091,1.0,0.155286,0.075141,0,0.125521,0.085465,0.340673
2021-04-06,0,1,ok,0.1778500900601594,2.643423,1.0,0.553059,0.493032,1.0,0.138337,0.075141,0,0.114394,0.08832,0.346042
2021-04-07,0,1,ok,0.1741841171062876,2.60907,0.75,0.54943,0.492825,1.0,0.124693,0.075141,0,0.118482,0.071504,0.314427
2021-04-08,0,1,ok,0.1773496373818599,2.649194,0.75,0.56081,0.493475,1.0,0.125701,0.075141,0,0.153872,0.094354,0.357385
2021-04-09,0,0,high_risk_veto,0.1814848128532082,2.563436,0.75,0.549189,0.492811,1.0,0.100621,0.075141,0,0.112703,0.074139,0.319382
2021-04-12,0,0,high_risk_veto,0.1814763475135465,2.573453,1.0,0.552031,0.492973,1.0,0.10146,0.0,0,0.13488,0.071575,0.314562
2021-04-13,0,0,high_risk_veto,0.1722362616750358,2.550597,0.75,0.558066,0.493318,1.0,0.101087,0.0,0,0.140969,0.091554,0.352121
2021-04-14,0,0,high_risk_veto,0.2206100403914163,2.669296,1.0,0.555788,0.493188,1.0,0.104178,0.0,0,0.13501,0.08628,0.342207
2021-04-15,0,0,high_risk_veto,0.222798763637534,2.512459,0.75,0.563551,0.493631,1.0,0.102972,0.0,0,0.165944,0.097656,0.363594
2021-04-16,0,0,high_risk_veto,0.185941153867789,2.561806,1.0,0.556752,0.493243,1.0,0.103167,0.0,0,0.137807,0.088339,0.346078
2021-04-19,0,0,high_risk_veto,0.2128287712000357,2.503379,1.0,0.558702,0.493354,1.0,0.074039,0.0,0,0.149367,0.088849,0.347037
2021-04-20,0,0,high_risk_veto,0.1779895695406627,2.62828,1.0,0.567677,0.493867,1.0,0.088956,0.0,0,0.178935,0.105843,0.378986
2021-04-21,0,0,high_risk_veto,0.2235774226882241,2.539524,0.75,0.568295,0.493903,1.0,0.097914,0.0,0,0.154237,0.123585,0.41234
2021-04-22,0,0,high_risk_veto,0.2377537443213186,2.54493,1.0,0.561833,0.493533,1.0,0.113411,0.0,0,0.129453,0.113514,0.393406
2021-04-23,0,0,high_risk_veto,0.2186239655242852,2.415997,0.75,0.565497,0.493743,0.956576,0.118758,0.0,0,0.141759,0.120307,0.406177
2021-04-26,0,0,high_risk_veto,0.2066563404935628,2.461442,0.75,0.563851,0.493649,0.980085,0.119548,0.0,0,0.142787,0.113194,0.392804
2021-04-27,0,0,high_risk_veto,0.2053086930038315,2.4391,1.0,0.556167,0.49321,0.96867,0.119754,0.0,0,0.127149,0.092644,0.35417
2021-04-28,0,0,high_risk_veto,0.20583529980176,2.570838,1.0,0.555646,0.49318,1.0,0.119605,0.0,0,0.125721,0.091479,0.35198
2021-04-29,0,0,high_risk_veto,0.2014259024029932,2.573519,0.75,0.553463,0.493055,1.0,0.124274,0.0,0,0.117143,0.088204,0.345824
2021-04-30,0,0,high_risk_veto,0.2082437228092534,2.559744,1.0,0.564784,0.493702,1.0,0.129065,0.0,0,0.134103,0.122245,0.40982
2021-05-03,0,0,high_risk_veto,0.2312685788980628,2.523743,1.0,0.565373,0.493736,1.0,0.12699,0.0,0,0.13776,0.122296,0.409916
2021-05-04,0,0,high_risk_veto,0.2225251844346225,2.608119,1.0,0.569357,0.493963,1.0,0.120579,0.0,0,0.143158,0.134629,0.433103
2021-05-05,0,0,high_risk_veto,0.2257302694703252,2.491666,0.75,0.567577,0.493862,0.995688,0.112513,0.0,0,0.136259,0.1319,0.427973
2021-05-06,0,0,high_risk_veto,0.2113290016010054,2.302701,0.5,0.555977,0.493199,0.89851,0.103108,0.0,0,0.118548,0.09723,0.362792
2021-05-07,0,0,high_risk_veto,0.1906652434858356,2.073295,0.5,0.556974,0.493256,0.780392,0.091504,0.0,0,0.129114,0.094601,0.357851
2021-05-10,0,0,high_risk_veto,0.2090524721233319,2.198803,0.75,0.568328,0.493904,0.844075,0.101152,0.0,0,0.135737,0.13518,0.434138
2021-05-11,0,0,high_risk_veto,0.2587122507724225,2.262277,0.75,0.57787,0.49445,0.876323,0.105143,0.0,0,0.173901,0.149077,0.460264
2021-05-12,0,0,high_risk_veto,0.2461376123811524,2.4825,0.75,0.626849,0.497249,0.990657,0.131943,0.0,1,0.317265,0.282807,0.603372
2021-05-13,0,0,high_risk_veto,0.2300760599403471,2.178814,0.5,0.598268,0.495615,0.831109,0.132095,0.0,0,0.250359,0.181964,0.522092
2021-05-14,0,0,high_risk_veto,0.2009724506746094,1.972575,0.5,0.572183,0.494125,0.726413,0.149129,0.0,0,0.169056,0.129701,0.423838
2021-05-17,0,0,high_risk_veto,0.206267080283099,1.806257,0.75,0.570716,0.494041,0.640414,0.149118,0.0,0,0.160293,0.129359,0.423195
2021-05-18,0,0,high_risk_veto,0.2208651117201193,1.94018,0.75,0.574852,0.494277,0.709207,0.150859,0.0,0,0.158532,0.146728,0.455848
2021-05-19,0,0,high_risk_veto,0.2217947730560359,2.094292,0.75,0.578273,0.494473,0.788883,0.150929,0.0,0,0.144921,0.168627,0.49702
2021-05-20,0,0,high_risk_veto,0.2215163935730024,1.913488,0.5,0.570811,0.494046,0.69598,0.149235,0.0,0,0.126878,0.150443,0.462832
2021-05-21,0,0,high_risk_veto,0.2252970922791034,1.92273,0.75,0.566543,0.493802,0.701431,0.143369,0.0,0,0.120765,0.137436,0.43838
2021-05-24,0,0,high_risk_veto,0.2133352797802629,1.823862,0.75,0.558985,0.493371,0.651657,0.147405,0.0,0,0.095827,0.123147,0.411517
2021-05-25,0,0,high_risk_veto,0.2196568027571293,1.961477,0.75,0.567227,0.493842,0.721373,0.145631,0.0,0,0.114428,0.144057,0.450827
2021-05-26,0,0,high_risk_veto,0.2247581901056672,1.911168,0.75,0.56408,0.493662,0.695838,0.110043,0.0,0,0.117238,0.129929,0.424266
2021-05-27,0,1,ok,0.2179961470155379,2.090234,1.0,0.559181,0.493382,0.78887,0.10462,0.0,0,0.110484,0.114835,0.395889
2021-05-28,0,1,ok,0.2251374235119016,2.101367,0.75,0.55948,0.493399,0.794574,0.083742,0.0,0,0.115644,0.112814,0.392091
2021-05-31,0,1,ok,0.2268335375175396,2.132541,1.0,0.555672,0.493181,0.81101,0.083065,0.057591,0,0.100301,0.107337,0.381793
2021-06-01,0,1,ok,0.2050792145475527,2.144579,0.75,0.560304,0.493446,0.816765,0.065412,0.057591,0,0.128559,0.108051,0.383135
2021-06-02,0,1,ok,0.2085190072044227,2.160098,0.75,0.558188,0.493325,0.824956,0.065313,0.057591,0,0.113297,0.109185,0.385268
2021-06-03,0,1,ok,0.2100150745425381,2.233657,0.75,0.552059,0.492975,0.86327,0.060425,0.057591,0,0.097622,0.09478,0.358186
2021-06-04,0,1,ok,0.2232244245337271,2.04132,0.75,0.562983,0.493599,0.763203,0.060785,0.057591,0,0.124804,0.120922,0.407333
2021-06-07,0,1,ok,0.2241146395444224,2.034595,0.75,0.558615,0.493349,0.760272,0.04245,0.060871,0,0.115382,0.109573,0.385997
2021-06-08,0,1,ok,0.2387712510266476,1.96182,1.0,0.573441,0.494197,0.720652,0.03146,0.060871,0,0.154232,0.143838,0.450416
2021-06-09,0,0,high_risk_veto,0.2453271026534203,2.099231,1.0,0.572296,0.494131,0.7921,0.038497,0.060871,0,0.14815,0.143102,0.449032
2021-06-10,0,0,high_risk_veto,0.2352444879934274,2.023814,0.75,0.57193,0.49411,0.753024,0.037002,0.060871,0,0.143608,0.144477,0.451616
2021-06-11,0,0,high_risk_veto,0.2124341705902573,2.012755,0.75,0.573484,0.494199,0.747085,0.039414,0.060871,0,0.151245,0.145859,0.454214
2021-06-14,0,0,high_risk_veto,0.2298770731012938,1.977564,0.75,0.560856,0.493478,0.730584,0.04882,0.0,0,0.122455,0.114009,0.394336
2021-06-15,0,0,high_risk_veto,0.2259891441709774,2.139031,1.0,0.554039,0.493088,0.814504,0.050534,0.0,0,0.102192,0.099738,0.367507
2021-06-16,0,0,high_risk_veto,0.2050252903538199,2.222448,1.0,0.556457,0.493226,0.857193,0.050822,0.0,0,0.127469,0.093588,0.355946
2021-06-17,0,0,high_risk_veto,0.2067730477805367,2.218086,0.75,0.588195,0.49504,0.85254,0.054841,0.0,0,0.221564,0.160167,0.481114
2021-06-18,0,0,high_risk_veto,0.2166109459184773,2.247943,1.0,0.614523,0.496544,0.866317,0.107205,0.0,1,0.231845,0.290453,0.606103
2021-06-21,0,0,high_risk_veto,0.2117084058921549,2.159735,0.75,0.56106,0.493489,0.82451,0.144656,0.0,0,0.133317,0.108079,0.383189
2021-06-22,0,0,high_risk_veto,0.200313984954688,2.169235,0.75,0.563615,0.493635,0.829184,0.145243,0.0,0,0.13802,0.115218,0.396609
2021-06-23,0,0,high_risk_veto,0.2043649316763199,2.1119,1.0,0.562702,0.493583,0.79967,0.142658,0.0,0,0.142067,0.109115,0.385135
2021-06-24,0,0,high_risk_veto,0.1959027444799594,2.137323,0.75,0.562859,0.493592,0.812777,0.144976,0.0,0,0.141512,0.110077,0.386944
2021-06-25,0,0,high_risk_veto,0.1882607798656523,2.252794,1.0,0.553586,0.493062,0.872994,0.146518,0.0,0,0.1113,0.092312,0.353546
2021-06-28,0,0,high_risk_veto,0.1963015584330328,2.178364,0.75,0.558805,0.49336,0.83431,0.14507,0.0,0,0.124111,0.10491,0.377231
2021-06-29,0,0,high_risk_veto,0.2015538953741331,2.222297,0.75,0.562785,0.493588,0.856648,0.144173,0.0,0,0.142135,0.109401,0.385674
2021-06-30,0,0,high_risk_veto,0.207897197034683,2.230807,1.0,0.556538,0.493231,0.861488,0.1444,0.0,0,0.118806,0.099276,0.366638
2021-07-01,0,0,high_risk_veto,0.1993634674720753,2.312556,1.0,0.554581,0.493119,0.903649,0.144093,0.0,0,0.118042,0.092048,0.35305
2021-07-02,0,0,high_risk_veto,0.208257036248386,2.205596,0.75,0.552904,0.493023,0.848798,0.084878,0.0,0,0.102051,0.095361,0.359279
2021-07-05,0,0,high_risk_veto,0.2151124933177488,2.16741,1.0,0.551533,0.492945,0.829307,0.046679,0.0,0,0.103636,0.088984,0.34729
2021-07-06,0,0,high_risk_veto,0.212689003310403,2.101236,0.75,0.562872,0.493593,0.794147,0.066428,0.0,0,0.132445,0.115748,0.397607
2021-07-07,0,0,high_risk_veto,0.2236186354463619,2.132716,0.75,0.565367,0.493735,0.810153,0.066538,0.0,0,0.135994,0.12337,0.411935
2021-07-08,0,0,high_risk_veto,0.2243827520485352,2.122079,1.0,0.590533,0.495173,0.80208,0.084108,0.0,0,0.200602,0.182362,0.52284
2021-07-09,0,0,high_risk_veto,0.2106409801061068,2.08389,0.75,0.564403,0.49368,0.785022,0.113142,0.0,0,0.135781,0.119707,0.405049
2021-07-12,0,0,high_risk_veto,0.2057954501251122,2.072052,0.75,0.569099,0.493949,0.778368,0.113902,0.0,0,0.157169,0.124931,0.41487
2021-07-13,0,0,high_risk_veto,0.2145377528342442,2.031903,1.0,0.566987,0.493828,0.757841,0.113973,0.0,0,0.14371,0.124961,0.414926
2021-07-14,0,0,high_risk_veto,0.2083960462743267,2.03604,0.75,0.573626,0.494207,0.759154,0.115566,0.0,0,0.151944,0.145983,0.454449
2021-07-15,0,0,high_risk_veto,0.2041338505407127,2.057983,1.0,0.573716,0.494212,0.770534,0.118223,0.0,0,0.163426,0.139222,0.441737
2021-07-16,0,0,high_risk_veto,0.2112714836932525,2.056024,1.0,0.583584,0.494776,0.76833,0.120532,0.0,0,0.175396,0.170637,0.500797
2021-07-19,0,0,high_risk_veto,0.2019926628422654,2.050835,1.0,0.599822,0.495704,0.76362,0.162645,0.0,0,0.239211,0.194989,0.546579
2021-07-20,0,0,high_risk_veto,0.2081794418349067,1.867421,0.75,0.58045,0.494597,0.670455,0.187401,0.0,0,0.167382,0.163273,0.486953
2021-07-21,0,0,high_risk_veto,0.2013223885502194,1.757333,0.75,0.574071,0.494233,0.614385,0.203706,0.0,0,0.16611,0.138954,0.441234
2021-07-22,0,0,high_risk_veto,0.1929942449763308,1.693332,0.75,0.574676,0.494267,0.581022,0.195607,0.0,0,0.162422,0.143622,0.45001
2021-07-23,0,0,high_risk_veto,0.2016772438670007,1.741406,0.75,0.573539,0.494202,0.606224,0.187865,0.0,0,0.160382,0.140414,0.443979
2021-07-26,0,0,high_risk_veto,0.1926931127001228,1.796361,1.0,0.573217,0.494184,0.634811,0.187404,0.0,0,0.154261,0.142939,0.448726
2021-07-27,0,0,high_risk_veto,0.1973370008234271,1.905185,1.0,0.574747,0.494271,0.691046,0.192727,0.0,0,0.162985,0.143554,0.449882
2021-07-28,0,0,high_risk_veto,0.2022188594326483,1.938749,0.75,0.571963,0.494112,0.7089,0.192368,0.0,0,0.156678,0.136508,0.436635
2021-07-29,0,0,high_risk_veto,0.199517463260215,1.929066,0.75,0.565221,0.493727,0.70491,0.191743,0.0,0,0.136799,0.122296,0.409916
2021-07-30,0,0,high_risk_veto,0.1952246604052343,1.914065,1.0,0.573228,0.494184,0.695898,0.191828,0.0,0,0.157728,0.140835,0.44477
2021-08-02,0,0,high_risk_veto,0.2095769010261255,1.940822,1.0,0.580555,0.494603,0.708677,0.143532,0.0,0,0.163288,0.166223,0.492499
2021-08-03,0,0,high_risk_veto,0.1950914252678902,1.866735,0.75,0.567395,0.493851,0.672325,0.129336,0.0,0,0.141256,0.128088,0.420806
2021-08-04,0,0,high_risk_veto,0.2014748694266889,1.787476,0.75,0.571238,0.494071,0.63058,0.112992,0.0,0,0.150624,0.137404,0.438319
2021-08-05,0,0,high_risk_veto,0.1954230220541381,1.755439,0.75,0.575534,0.494316,0.613108,0.123125,0.0,0,0.162807,0.14676,0.455909
2021-08-06,0,0,high_risk_veto,0.1995667430874622,1.878139,1.0,0.55297,0.493027,0.68061,0.115267,0.0,0,0.106114,0.093103,0.355034
2021-08-09,0,0,high_risk_veto,0.1931410830167582,1.908261,0.75,0.565823,0.493761,0.694062,0.11447,0.0,0,0.136728,0.124709,0.414452
2021-08-10,0,0,high_risk_veto,0.2076826673418317,1.994419,1.0,0.558474,0.493341,0.739596,0.102604,0.0,0,0.110714,0.111912,0.390394
2021-08-11,0,0,high_risk_veto,0.2009988252543728,1.954888,1.0,0.568063,0.493889,0.717842,0.10122,0.0,0,0.1383,0.132551,0.429196
2021-08-12,0,0,high_risk_veto,0.2035796217772114,1.913109,0.75,0.556684,0.493239,0.697995,0.097486,0.0,0,0.122593,0.097505,0.363309
2021-08-13,0,0,high_risk_veto,0.2034539713518728,1.811127,0.75,0.561034,0.493488,0.644722,0.088506,0.0,0,0.131776,0.10893,0.384788
2021-08-16,0,0,high_risk_veto,0.208064768495863,1.740381,1.0,0.55445,0.493111,0.609561,0.076287,0.0,0,0.104929,0.099662,0.367364
2021-08-17,0,0,high_risk_veto,0.2271231048784538,1.777808,1.0,0.566094,0.493777,0.626563,0.081854,0.0,0,0.135019,0.126835,0.41845
2021-08-18,0,0,high_risk_veto,0.2314950082042893,1.843881,1.0,0.588053,0.495032,0.656832,0.097024,0.0,0,0.183276,0.183339,0.524678
2021-08-19,0,0,high_risk_veto,0.2378526240245097,1.773839,0.75,0.601121,0.495778,0.617585,0.082495,0.0,1,0.214847,0.217939,0.579787
2021-08-20,0,0,high_risk_veto,0.2223100321217649,1.617557,0.75,0.594196,0.495383,0.536971,0.085937,0.0,1,0.205831,0.193536,0.543847
2021-08-23,0,0,high_risk_veto,0.2154943243905586,1.44987,0.75,0.558025,0.493316,0.459246,0.096678,0.0,0,0.116587,0.106505,0.38023
2021-08-24,0,0,high_risk_veto,0.2081272674779824,1.562183,0.75,0.549581,0.492833,0.519172,0.097742,0.0,0,0.095945,0.086067,0.341806
2021-08-25,0,0,high_risk_veto,0.2037875578816101,1.751436,1.0,0.547474,0.492713,0.616618,0.101145,0.0,0,0.08666,0.08353,0.337037
2021-08-26,0,0,high_risk_veto,0.2115376246669395,1.996379,1.0,0.557739,0.493299,0.740704,0.105211,0.0,0,0.105195,0.112439,0.391386
2021-08-27,0,0,high_risk_veto,0.1994789823929584,1.96848,0.75,0.554405,0.493109,0.726809,0.106121,0.0,0,0.109002,0.096958,0.36228
2021-08-30,0,0,high_risk_veto,0.2080464596463621,1.881732,0.75,0.553773,0.493073,0.682325,0.106288,0.0,0,0.103175,0.098081,0.364393
2021-08-31,0,0,high_risk_veto,0.2078956812916541,1.86713,1.0,0.549113,0.492806,0.675599,0.098496,0.0,0,0.092415,0.086413,0.342457
2021-09-01,0,0,high_risk_veto,0.2132491965043292,1.962276,0.75,0.548488,0.492771,0.724458,0.072467,0.0,0,0.091492,0.084527,0.33891
2021-09-02,0,0,high_risk_veto,0.2100678015633635,2.083311,1.0,0.548089,0.492748,0.786522,0.0698,0.0,0,0.085686,0.086555,0.342723
2021-09-03,0,0,high_risk_veto,0.2096429923010214,2.062404,0.75,0.550626,0.492893,0.77552,0.062557,0.0,0,0.095892,0.090212,0.349598
2021-09-06,0,0,high_risk_veto,0.2141632509498439,2.089048,1.0,0.550616,0.492892,0.789189,0.053683,0.0,0,0.096358,0.089885,0.348983
2021-09-07,0,0,high_risk_veto,0.2226680936612385,2.097655,0.75,0.560439,0.493454,0.792559,0.052018,0.0,0,0.12381,0.111525,0.389667
2021-09-08,0,0,high_risk_veto,0.221268658002561,2.144872,1.0,0.583341,0.494762,0.814715,0.050918,0.0,0,0.189038,0.161227,0.483106
2021-09-09,0,0,high_risk_veto,0.2260736430010212,2.168424,1.0,0.593384,0.495336,0.826092,0.056151,0.0,1,0.21339,0.185655,0.529032
2021-09-10,0,0,high_risk_veto,0.2248920602531703,2.245274,1.0,0.615231,0.496585,0.86485,0.051917,0.0,1,0.227856,0.299514,0.609327
2021-09-13,0,0,high_risk_veto,0.222672888016709,2.225665,1.0,0.596108,0.495492,0.855909,0.049661,0.0,1,0.213911,0.196052,0.548578
2021-09-14,0,0,high_risk_veto,0.2220478497890151,2.204627,1.0,0.560113,0.493435,0.847737,0.063132,0.0,0,0.120454,0.112324,0.39117
2021-09-15,0,0,high_risk_veto,0.2128397480750572,2.053157,0.75,0.555951,0.493197,0.770148,0.08675,0.0,0,0.118135,0.097383,0.36308
2021-09-16,0,0,high_risk_veto,0.2096226705694741,2.059248,1.0,0.55529,0.493159,0.773359,0.086461,0.0,0,0.11143,0.098935,0.365997
2021-09-17,0,0,high_risk_veto,0.2145842633537844,2.177733,1.0,0.563057,0.493603,0.833621,0.089435,0.0,0,0.125713,0.120652,0.406825
2021-09-20,0,0,high_risk_veto,0.2237233968146879,2.399634,1.0,0.598628,0.495636,0.947214,0.131989,0.0,1,0.206121,0.210798,0.576301
2021-09-21,0,0,high_risk_veto,0.2280299246054305,2.345379,0.75,0.609497,0.496257,0.918212,0.131472,0.0,1,0.282853,0.206012,0.567302
2021-09-22,0,0,high_risk_veto,0.22209556338873,2.111924,0.75,0.588746,0.495071,0.796952,0.146287,0.0,0,0.189947,0.181936,0.522039
2021-09-23,0,0,high_risk_veto,0.2002150280966357,1.890252,0.75,0.568447,0.493911,0.684323,0.186104,0.0,0,0.145216,0.129773,0.423974
2021-09-24,0,0,high_risk_veto,0.1950887843582309,1.938635,1.0,0.57,0.494,0.709137,0.185519,0.0,0,0.1458,0.135524,0.434786
2021-09-27,0,0,high_risk_veto,0.1985268347955393,2.14064,1.0,0.571828,0.494104,0.813626,0.18559,0.0,0,0.142904,0.144512,0.451683
2021-09-28,0,0,high_risk_veto,0.2078757270186802,2.46712,1.0,0.585636,0.494894,0.982825,0.199689,0.0,0,0.167275,0.183749,0.525448
2021-09-29,0,0,high_risk_veto,0.2128879283174882,2.456761,1.0,0.586465,0.494941,0.977404,0.191962,0.0,0,0.168887,0.186012,0.529703
2021-09-30,0,0,high_risk_veto,0.214820254221742,2.397392,1.0,0.622575,0.497004,0.945346,0.20203,0.0,1,0.23069,0.346414,0.625796
2021-10-01,0,0,high_risk_veto,0.2154353409517819,2.052943,0.75,0.639797,0.497988,0.759673,0.20636,0.0,1,0.305503,0.383508,0.638575
2021-10-04,0,0,high_risk_veto,0.2249977496976699,2.185207,1.0,0.625201,0.497154,0.832092,0.182649,0.0,1,0.231567,0.363366,0.631662
2021-10-05,0,1,ok,0.2160113047144731,1.980764,0.75,0.574023,0.49423,0.730404,0.19338,0.0,0,0.140759,0.154481,0.470424
2021-10-06,0,1,ok,0.2315398305971661,1.956582,0.75,0.566148,0.49378,0.718997,0.189939,0.0,0,0.125533,0.132926,0.429901
2021-10-07,0,1,ok,0.2069113255259415,1.706628,0.75,0.561446,0.493511,0.59074,0.168168,0.0,0,0.115537,0.120616,0.406757
2021-10-08,0,1,ok,0.2066219178359945,1.864733,1.0,0.560866,0.493478,0.672396,0.166247,0.0,0,0.120942,0.114985,0.396172
2021-10-11,0,1,ok,0.2107213460746864,1.991834,1.0,0.563026,0.493601,0.73765,0.167763,0.040718,0,0.122499,0.122519,0.410335
2021-10-12,0,1,ok,0.2081628777568278,2.07769,1.0,0.558918,0.493367,0.782436,0.148401,0.040718,0,0.110739,0.113644,0.39365
2021-10-13,0,1,ok,0.2056124986589385,1.968161,0.75,0.552641,0.493008,0.726892,0.148502,0.040718,0,0.102059,0.094319,0.357319
2021-10-14,0,1,ok,0.1994664593239324,1.762751,0.75,0.550674,0.492896,0.621793,0.140386,0.040718,0,0.095463,0.090666,0.350453
2021-10-15,0,1,ok,0.196613936821186,1.699304,0.75,0.551704,0.492955,0.589028,0.147033,0.040718,0,0.098036,0.093126,0.355077
2021-10-18,0,1,ok,0.1996717476660837,1.716153,0.75,0.556998,0.493257,0.59658,0.122012,0.048248,0,0.114629,0.103674,0.374908
2021-10-19,0,1,ok,0.1962187287624778,1.833816,0.75,0.550938,0.492911,0.658203,0.119655,0.048248,0,0.098989,0.08952,0.348298
2021-10-20,0,1,ok,0.1890188969919541,1.93216,1.0,0.559771,0.493415,0.707333,0.119631,0.048248,0,0.12266,0.109611,0.386068
2021-10-21,0,1,ok,0.1890185273895001,1.980405,0.75,0.555264,0.493158,0.73282,0.112006,0.048248,0,0.11144,0.098827,0.365795
2021-10-22,0,1,ok,0.1885715028131145,2.086981,1.0,0.55364,0.493065,0.787799,0.117346,0.048248,0,0.104336,0.096842,0.362062
2021-10-25,0,1,ok,0.1895468227614263,1.96315,0.75,0.551768,0.492958,0.724442,0.106905,0.062481,0,0.106758,0.08797,0.345384
2021-10-26,0,1,ok,0.2060684991220087,1.952599,0.75,0.553938,0.493082,0.718714,0.091949,0.062481,0,0.10876,0.09527,0.359108
2021-10-27,0,0,high_risk_veto,0.2036460828693894,1.826439,0.75,0.580926,0.494624,0.649018,0.11913,0.062481,0,0.186544,0.153267,0.468142
2021-10-28,0,0,high_risk_veto,0.2169036810385817,1.806224,0.75,0.573647,0.494208,0.63985,0.114803,0.062481,0,0.15847,0.142025,0.447007
2021-10-29,0,0,high_risk_veto,0.1966959172700938,1.774425,0.75,0.574591,0.494262,0.623158,0.104456,0.062481,0,0.164012,0.142305,0.447533
2021-11-01,0,0,high_risk_veto,0.2000678457199068,1.812548,0.75,0.5616,0.49352,0.645351,0.10414,0.0,0,0.128155,0.113404,0.393199
2021-11-02,0,0,high_risk_veto,0.2136833059614885,1.886544,0.75,0.561341,0.493505,0.683567,0.092263,0.0,0,0.122798,0.115703,0.397522
2021-11-03,0,0,high_risk_veto,0.1987812904020396,1.90222,0.75,0.550426,0.492881,0.693379,0.099061,0.0,0,0.107668,0.082125,0.334396
2021-11-04,0,0,high_risk_veto,0.1999790317197616,1.854566,0.75,0.560704,0.493469,0.667181,0.098572,0.0,0,0.121972,0.113708,0.39377
2021-11-05,0,0,high_risk_veto,0.2070731362609958,1.931954,1.0,0.558361,0.493335,0.70744,0.096658,0.0,0,0.121124,0.105015,0.377429
2021-11-08,0,0,high_risk_veto,0.208614738231243,2.042265,1.0,0.552642,0.493008,0.764946,0.097997,0.0,0,0.111177,0.088674,0.346706
2021-11-09,0,0,high_risk_veto,0.2016095780568753,2.203869,1.0,0.565848,0.493763,0.846894,0.10999,0.0,0,0.146926,0.118487,0.402755
2021-11-10,0,0,high_risk_veto,0.2195909613683616,2.312719,1.0,0.581994,0.494685,0.902356,0.091552,0.0,0,0.175112,0.164557,0.489368
2021-11-11,0,0,high_risk_veto,0.2193288521307382,2.265959,0.75,0.554623,0.493121,0.879694,0.072913,0.0,0,0.107004,0.099055,0.366222
2021-11-12,0,0,high_risk_veto,0.2012045829515325,2.111718,0.75,0.556151,0.493209,0.800251,0.075675,0.0,0,0.118231,0.098108,0.364444
2021-11-15,0,0,high_risk_veto,0.2056246409656623,2.012676,1.0,0.550552,0.492889,0.750019,0.076897,0.0,0,0.105168,0.084172,0.338243
2021-11-16,0,0,high_risk_veto,0.200803900105641,1.98977,0.75,0.552209,0.492983,0.738047,0.078067,0.0,0,0.110838,0.087179,0.343896
2021-11-17,0,0,high_risk_veto,0.1984862135232125,2.08492,1.0,0.561228,0.493499,0.785906,0.077486,0.0,0,0.132769,0.109078,0.385067
2021-11-18,0,0,high_risk_veto,0.2111257547593853,1.972252,0.75,0.562775,0.493587,0.727575,0.077702,0.0,0,0.135675,0.113365,0.393127
2021-11-19,0,0,high_risk_veto,0.2077172205963746,1.96607,0.5,0.56729,0.493845,0.72374,0.081476,0.0,0,0.14098,0.127846,0.420351
2021-11-22,0,0,high_risk_veto,0.219783151824013,2.063699,1.0,0.581172,0.494638,0.772621,0.080205,0.0,0,0.177058,0.160116,0.481019
2021-11-23,0,0,high_risk_veto,0.2218318762813199,2.180723,1.0,0.570494,0.494028,0.834529,0.066001,0.0,0,0.150124,0.134786,0.433398
2021-11-24,0,0,high_risk_veto,0.2051138189694303,2.154786,0.75,0.564383,0.493679,0.821651,0.066989,0.0,0,0.142393,0.11553,0.397196
2021-11-25,0,0,high_risk_veto,0.2197627709588916,2.012974,1.0,0.560762,0.493472,0.748857,0.067012,0.0,0,0.130132,0.10888,0.384694
2021-11-26,0,0,high_risk_veto,0.2158597070224471,2.033261,0.75,0.645244,0.4983,0.748355,0.191777,0.0,1,0.308967,0.417024,0.649945
2021-11-29,0,0,high_risk_veto,0.2276278247464076,1.836687,0.5,0.597491,0.495571,0.651348,0.20733,0.0,1,0.202954,0.208289,0.571583
2021-11-30,0,0,high_risk_veto,0.209791254070648,1.895651,0.75,0.647372,0.498421,0.673788,0.235409,0.0,1,0.23877,0.524616,0.65
2021-12-01,0,0,high_risk_veto,0.1948239905848339,1.849382,0.75,0.633717,0.497641,0.651383,0.239749,0.0,1,0.256018,0.395221,0.642568
2021-12-02,0,0,high_risk_veto,0.196877478032466,1.920848,0.5,0.609527,0.496259,0.693647,0.2631,0.0,1,0.25622,0.230686,0.584482
2021-12-03,0,0,high_risk_veto,0.2101542665583853,1.881329,0.75,0.59077,0.495187,0.675958,0.268927,0.0,0,0.17308,0.200353,0.556663
2021-12-06,0,1,ok,0.1917918438810238,1.649062,0.75,0.609266,0.496244,0.549943,0.287202,0.011882,1,0.252999,0.232347,0.585092
2021-12-07,0,1,ok,0.1957803830223082,1.483695,0.5,0.574497,0.494257,0.472187,0.317316,0.011882,0,0.161269,0.143632,0.450028
2021-12-08,0,1,ok,0.2060638946397994,1.404262,0.5,0.569841,0.493991,0.432307,0.319652,0.011882,0,0.134154,0.142116,0.447178
2021-12-09,0,1,ok,0.2076297943343357,1.638469,0.75,0.573405,0.494195,0.552822,0.322294,0.011882,0,0.141974,0.151294,0.464433
2021-12-10,0,1,ok,0.2169807531897923,1.756663,0.5,0.558193,0.493325,0.617193,0.26724,0.011882,0,0.089608,0.123888,0.412909
2021-12-13,0,1,ok,0.2019807267836033,1.80964,0.75,0.57192,0.49411,0.641945,0.269457,0.027615,0,0.148119,0.141642,0.446287
2021-12-14,0,1,ok,0.2023751849071752,1.705243,0.75,0.568992,0.493942,0.588424,0.233754,0.027615,0,0.141324,0.13433,0.43254
2021-12-15,0,1,ok,0.1939685246592063,1.570731,0.5,0.55976,0.493415,0.521055,0.228446,0.027615,0,0.117548,0.112735,0.391942
2021-12-16,0,1,ok,0.2138135492981201,1.62136,0.75,0.560756,0.493472,0.546916,0.2306,0.027615,0,0.106848,0.123287,0.41178
2021-12-17,0,1,ok,0.2012348200349199,1.532895,0.75,0.592664,0.495295,0.492955,0.22664,0.027615,0,0.216654,0.180797,0.519899
2021-12-20,0,1,ok,0.2043199210508623,1.7694,0.75,0.590586,0.495176,0.61737,0.217244,0.016526,0,0.209771,0.176886,0.512546
2021-12-21,0,1,ok,0.2090558399184192,1.401488,0.5,0.559307,0.493389,0.433959,0.209209,0.016526,0,0.101855,0.120681,0.40688
2021-12-22,0,1,ok,0.2116333408519503,1.327763,0.5,0.560569,0.493461,0.395577,0.21262,0.016526,0,0.106303,0.122888,0.41103
2021-12-23,0,1,ok,0.2045072258043319,1.277012,0.5,0.559575,0.493404,0.369732,0.210739,0.016526,0,0.116233,0.112823,0.392107
2021-12-24,0,1,ok,0.2051226389718964,1.521139,0.75,0.559934,0.493425,0.495449,0.206347,0.016526,0,0.113583,0.115878,0.397851
2021-12-27,0,1,ok,0.2009672495276187,1.51662,0.5,0.563115,0.493607,0.492288,0.200506,0.025191,0,0.12855,0.119121,0.403948
2021-12-28,0,1,ok,0.199832709432078,1.623216,0.75,0.564877,0.493707,0.546911,0.196642,0.025191,0,0.133057,0.123261,0.411731
2021-12-29,0,1,ok,0.2113208148923537,1.631012,0.75,0.560263,0.493444,0.552007,0.182905,0.025191,0,0.108267,0.120468,0.40648
2021-12-30,0,1,ok,0.2088679095018729,1.80234,1.0,0.560894,0.49348,0.640216,0.172084,0.025191,0,0.108598,0.122748,0.410767
2021-12-31,0,1,ok,0.2092415132655551,1.817493,1.0,0.565834,0.493762,0.647131,0.151689,0.025191,0,0.110784,0.140833,0.444766
2022-01-03,0,1,ok,0.2107990738637831,1.741889,0.5,0.552316,0.49299,0.610763,0.13884,0.04826,0,0.095039,0.097394,0.3631
2022-01-04,0,1,ok,0.2084067759359379,1.829143,1.0,0.564235,0.493671,0.653441,0.113634,0.04826,0,0.109905,0.135083,0.433957
2022-01-05,0,1,ok,0.2141776588190198,1.993624,1.0,0.580165,0.494581,0.73624,0.146343,0.04826,0,0.153344,0.17085,0.501198
2022-01-06,0,1,ok,0.2117927036498622,2.019773,1.0,0.583926,0.494796,0.749369,0.142241,0.04826,0,0.161329,0.180704,0.519723
2022-01-07,0,1,ok,0.2112790400162217,1.933577,1.0,0.568937,0.493939,0.706678,0.142296,0.04826,0,0.124722,0.144406,0.451483
2022-01-10,0,1,ok,0.2124317808272905,1.624326,1.0,0.583094,0.494748,0.543183,0.124168,0.031136,0,0.166265,0.174371,0.507817
2022-01-11,0,1,ok,0.2137941624108135,1.487051,0.75,0.566172,0.493781,0.476195,0.128295,0.031136,0,0.126639,0.132334,0.428787
2022-01-12,0,1,ok,0.2101049388857152,1.3889,0.75,0.55803,0.493316,0.427849,0.125002,0.031136,0,0.105336,0.113498,0.393376
2022-01-13,0,0,high_risk_veto,0.2136194423671135,1.637932,1.0,0.564606,0.493692,0.554578,0.149984,0.031136,0,0.1107,0.136051,0.435776
2022-01-14,0,0,high_risk_veto,0.2178579229412796,1.721699,0.75,0.559065,0.493375,0.599007,0.155284,0.031136,0,0.109014,0.11529,0.396745
2022-01-17,0,0,high_risk_veto,0.212408545151453,1.759443,1.0,0.556403,0.493223,0.618976,0.129277,0.0,0,0.100826,0.109889,0.386592
2022-01-18,0,0,high_risk_veto,0.2137008832075404,1.779983,1.0,0.581235,0.494642,0.62475,0.135552,0.0,0,0.161109,0.17025,0.500071
2022-01-19,0,0,high_risk_veto,0.212980037970771,1.899154,1.0,0.581642,0.494665,0.686791,0.130346,0.0,0,0.164773,0.169579,0.498809
2022-01-20,0,0,high_risk_veto,0.2170793291535671,1.939643,0.75,0.580104,0.494577,0.708132,0.13908,0.0,0,0.160419,0.166226,0.492505
2022-01-21,0,0,high_risk_veto,0.2190477650455641,1.859737,0.75,0.590717,0.495184,0.664658,0.174535,0.0,0,0.179764,0.196002,0.548483
2022-01-24,0,0,high_risk_veto,0.2169960924576104,1.639034,0.5,0.593313,0.495332,0.548449,0.182247,0.0,0,0.180714,0.205628,0.566581
2022-01-25,0,0,high_risk_veto,0.2155973793919828,1.646922,0.75,0.591245,0.495214,0.553071,0.17038,0.0,0,0.174935,0.201073,0.558017
2022-01-26,0,0,high_risk_veto,0.2125262063324764,1.343429,0.75,0.588556,0.49506,0.394923,0.174144,0.0,0,0.170359,0.193325,0.543452
2022-01-27,0,0,high_risk_veto,0.2145190201114524,1.344229,0.75,0.587862,0.495021,0.395561,0.166087,0.0,0,0.178713,0.185416,0.528582
2022-01-28,0,1,ok,0.2106833220398696,0.749607,0.5,0.581007,0.494629,0.087859,0.210483,0.0,0,0.160254,0.169881,0.499376
2022-01-31,0,0,weak_score,0.2163047572144685,0.430458,0.5,0.577167,0.49441,0.0,0.240165,0.0,0,0.153087,0.159214,0.479322
2022-02-01,0,0,weak_score,0.2275861364188749,0.371458,0.5,0.574385,0.494251,0.0,0.242642,0.0,0,0.141657,0.155348,0.472054
2022-02-02,0,1,ok,0.2254030498887411,0.659269,0.5,0.57803,0.494459,0.042269,0.236987,0.0,0,0.142354,0.169259,0.498207
2022-02-03,0,1,ok,0.2005637205012625,1.292658,0.75,0.580645,0.494608,0.370965,0.248512,0.0,0,0.17522,0.15918,0.479258
2022-02-04,0,1,ok,0.2182877070171964,1.175224,0.5,0.573147,0.49418,0.312466,0.208783,0.0,0,0.137897,0.152806,0.467276
2022-02-07,0,1,ok,0.2236377122440836,1.279808,0.75,0.575398,0.494308,0.366003,0.211829,0.004197,0,0.139965,0.160382,0.481518
2022-02-08,0,1,ok,0.2162574971879114,0.831408,0.5,0.568172,0.493896,0.136262,0.200184,0.004197,0,0.128678,0.138944,0.441214
2022-02-09,0,1,ok,0.2122625029619739,0.833234,0.5,0.562676,0.493582,0.139656,0.204159,0.004197,0,0.11311,0.126964,0.418692
2022-02-10,0,1,ok,0.2186836186938041,1.03279,0.75,0.575763,0.494329,0.237511,0.202562,0.004197,0,0.144677,0.158898,0.478728
2022-02-11,0,1,ok,0.2206796762488115,1.370213,0.75,0.588858,0.495078,0.408842,0.252499,0.004197,0,0.174625,0.191873,0.540721
2022-02-14,0,1,ok,0.2072130960031005,1.447552,0.5,0.600128,0.495722,0.446043,0.234625,0.011088,0,0.24836,0.190522,0.538182
2022-02-15,0,1,ok,0.2069081321861368,0.988988,0.5,0.587102,0.494977,0.210093,0.251724,0.011088,0,0.174315,0.185151,0.528084
2022-02-16,0,1,ok,0.2161539054100911,0.792927,0.75,0.583875,0.494793,0.109102,0.248765,0.011088,0,0.165874,0.177685,0.514047
2022-02-17,0,1,ok,0.2282871612656866,1.093068,0.75,0.586894,0.494965,0.264582,0.267159,0.011088,0,0.177655,0.182265,0.522657
2022-02-18,0,1,ok,0.2071070499757539,1.347805,0.75,0.582033,0.494688,0.399262,0.258842,0.011088,0,0.164676,0.171178,0.501815
2022-02-21,0,1,ok,0.2102124583485969,1.243203,0.75,0.580344,0.494591,0.345301,0.259348,0.01469,0,0.159189,0.167932,0.495713
2022-02-22,0,1,ok,0.2137227321584562,1.028732,0.75,0.587031,0.494973,0.230898,0.248997,0.01469,0,0.176513,0.183512,0.525002
2022-02-23,0,1,ok,0.2092642056960907,1.148232,0.75,0.598477,0.495627,0.289113,0.228814,0.01469,0,0.177468,0.239817,0.587827
2022-02-24,0,1,ok,0.2099144913902675,0.912015,0.5,0.587142,0.49498,0.169836,0.251019,0.01469,0,0.171252,0.187208,0.531952
2022-02-25,0,1,ok,0.2071532564591682,0.759053,0.5,0.578194,0.494468,0.094109,0.243382,0.01469,0,0.149612,0.165407,0.490966
2022-02-28,0,0,weak_score,0.214400457600699,0.560379,0.5,0.583797,0.494788,0.0,0.250925,0.0,0,0.154369,0.184511,0.52688
2022-03-01,0,1,ok,0.2183188391947622,0.926724,0.75,0.591508,0.495229,0.175644,0.244103,0.0,0,0.173172,0.203201,0.562019
2022-03-02,0,1,ok,0.2138080287985893,0.894839,0.5,0.583432,0.494768,0.162481,0.316044,0.0,0,0.174672,0.17049,0.500521
2022-03-03,0,1,ok,0.2080911601312543,0.999201,0.75,0.587043,0.494974,0.215456,0.290402,0.0,0,0.159546,0.194077,0.544864
2022-03-04,0,1,ok,0.2193979902456032,0.903863,0.75,0.58689,0.494965,0.165685,0.299947,0.0,0,0.159611,0.193432,0.543652
2022-03-07,0,1,ok,0.2111265603129291,1.184949,0.75,0.597737,0.495585,0.308692,0.321721,0.006567,0,0.168412,0.244452,0.589519
2022-03-08,0,1,ok,0.2125867597150377,0.96722,0.75,0.593381,0.495336,0.196074,0.320222,0.006567,0,0.172987,0.210688,0.576093
2022-03-09,0,0,weak_score,0.2166892421667768,0.558228,0.5,0.588056,0.495032,0.0,0.362203,0.006567,0,0.174669,0.188687,0.534731
2022-03-10,0,0,weak_score,0.2072053723738789,0.38831,0.75,0.583869,0.494793,0.0,0.355862,0.006567,0,0.159206,0.181797,0.521777
2022-03-11,0,0,weak_score,0.2096885501937469,0.51671,0.75,0.585856,0.494906,0.0,0.336749,0.006567,0,0.15994,0.189161,0.535622
2022-03-14,0,1,ok,0.2123670865818883,0.872487,0.75,0.585609,0.494892,0.149853,0.334776,0.005444,0,0.161344,0.187319,0.532159
2022-03-15,0,0,weak_score,0.2176653897830434,0.414456,0.5,0.583016,0.494744,0.0,0.32818,0.005444,0,0.156903,0.179865,0.518146
2022-03-16,0,0,weak_score,0.2293587844623661,0.019039,0.5,0.571986,0.494114,0.0,0.30535,0.005444,0,0.148872,0.141436,0.4459
2022-03-17,0,0,weak_score,0.2164382704715254,-0.047602,0.5,0.570005,0.494,0.0,0.304286,0.005444,0,0.130531,0.145007,0.452613
2022-03-18,0,0,weak_score,0.2153278891531383,0.25992,0.5,0.56827,0.493901,0.0,0.278464,0.005444,0,0.130668,0.138096,0.43962
2022-03-21,0,1,ok,0.2259125592407533,0.680604,0.75,0.581371,0.49465,0.051721,0.212555,0.002414,0,0.167425,0.166869,0.493714
2022-03-22,0,1,ok,0.2306442960854254,0.702137,0.5,0.569452,0.493969,0.068729,0.204151,0.002414,0,0.141324,0.136139,0.435942
2022-03-23,0,1,ok,0.2076752285102675,1.018536,0.75,0.57362,0.494207,0.230959,0.22668,0.002414,0,0.129259,0.160022,0.480842
2022-03-24,0,1,ok,0.2077521701696747,0.856583,0.5,0.569645,0.49398,0.148645,0.231852,0.002414,0,0.133227,0.14192,0.446809
2022-03-25,0,1,ok,0.1971015191516202,1.033562,0.75,0.572872,0.494164,0.239055,0.198612,0.002414,0,0.15122,0.143467,0.449717
2022-03-28,0,1,ok,0.2224674390898773,0.850118,0.5,0.56743,0.493853,0.146276,0.199389,0.007391,0,0.125819,0.137792,0.439049
2022-03-29,0,1,ok,0.2122887459768201,1.007923,0.5,0.567255,0.493843,0.228001,0.191584,0.007391,0,0.126042,0.136969,0.437501
2022-03-30,0,1,ok,0.2126178870136182,1.160562,0.75,0.564536,0.493688,0.30795,0.201475,0.007391,0,0.116412,0.132236,0.428604
2022-03-31,0,1,ok,0.2064151955669443,1.435378,0.75,0.567904,0.49388,0.448981,0.230424,0.007391,0,0.137039,0.132706,0.429487
2022-04-01,0,1,ok,0.2271618329139738,1.554633,0.75,0.566283,0.493788,0.511114,0.231138,0.007391,0,0.12595,0.1332,0.430416
2022-04-04,0,1,ok,0.2291236772206321,1.336492,0.5,0.56245,0.493569,0.399495,0.227522,0.019331,0,0.113638,0.125746,0.416402
2022-04-05,0,1,ok,0.2284990287079572,1.452151,0.75,0.56922,0.493955,0.457292,0.21524,0.019331,0,0.124964,0.145369,0.453293
2022-04-06,0,1,ok,0.2306199553780684,1.592445,0.75,0.576808,0.494389,0.528099,0.18684,0.019331,0,0.146273,0.162022,0.484602
2022-04-07,0,1,ok,0.2295032885575493,1.616239,0.5,0.563092,0.493605,0.543726,0.163475,0.019331,0,0.113115,0.128598,0.421764
2022-04-08,0,1,ok,0.2161909539140811,1.394952,0.75,0.568281,0.493902,0.427946,0.145576,0.019331,0,0.127558,0.140063,0.443319
2022-04-11,0,1,ok,0.2094904940680558,1.325993,0.75,0.58436,0.494821,0.387146,0.157626,0.020274,0,0.157259,0.184933,0.527674
2022-04-12,0,1,ok,0.2081927148990242,1.332873,0.75,0.581234,0.494642,0.391731,0.153351,0.020274,0,0.157865,0.172255,0.503839
2022-04-13,0,1,ok,0.2132064705005786,1.077566,0.5,0.562847,0.493591,0.265709,0.157469,0.020274,0,0.110623,0.129178,0.422854
2022-04-14,0,1,ok,0.2210539623306325,1.117215,0.75,0.571099,0.494063,0.283123,0.129323,0.020274,0,0.122371,0.154371,0.470217
2022-04-15,0,1,ok,0.2102020794079279,1.116517,0.75,0.574938,0.494282,0.281331,0.119922,0.020274,0,0.134743,0.16181,0.484203
2022-04-18,0,1,ok,0.2092117883413909,1.266361,0.75,0.564573,0.49369,0.362601,0.110093,0.023096,0,0.114708,0.133439,0.430865
2022-04-19,0,1,ok,0.2148043595820428,0.910105,0.5,0.564452,0.493683,0.178581,0.161078,0.023096,0,0.111398,0.135014,0.433827
2022-04-20,0,1,ok,0.217041392993281,1.045557,0.75,0.570975,0.494056,0.246022,0.163946,0.023096,0,0.121091,0.154676,0.470791
2022-04-21,0,1,ok,0.2062980044860859,1.20952,0.75,0.571842,0.494105,0.330719,0.167623,0.023096,0,0.133809,0.150206,0.462388
2022-04-22,0,1,ok,0.2061822586651623,1.535101,0.75,0.595316,0.495447,0.493407,0.215815,0.023096,0,0.202086,0.200264,0.556497
2022-04-25,0,1,ok,0.2169384183417656,1.250025,0.5,0.589722,0.495127,0.345658,0.209947,0.009431,0,0.171767,0.197042,0.550438
2022-04-26,0,1,ok,0.2152964992282153,1.338516,0.75,0.592555,0.495289,0.391079,0.268194,0.009431,0,0.168071,0.210482,0.575705
2022-04-27,0,1,ok,0.2017772502250774,1.022217,0.75,0.608163,0.496181,0.218864,0.266967,0.009431,1,0.245738,0.232619,0.585191
2022-04-28,0,1,ok,0.2162223802562793,0.755473,0.5,0.592242,0.495271,0.085561,0.310442,0.009431,0,0.167895,0.209362,0.5736
2022-04-29,0,1,ok,0.2230280906497839,0.798942,0.75,0.588367,0.49505,0.110154,0.343831,0.009431,0,0.161312,0.198192,0.552602
2022-05-02,0,1,ok,0.2021249870738217,0.704037,0.5,0.603445,0.495911,0.053039,0.355249,0.001042,1,0.238585,0.209635,0.574114
2022-05-03,0,1,ok,0.2175738142915053,1.058453,0.5,0.59209,0.495262,0.244436,0.326382,0.001042,0,0.173102,0.205536,0.566408
2022-05-04,0,0,weak_score,0.2173728255830765,0.434249,0.5,0.585321,0.494875,0.0,0.358301,0.001042,0,0.159995,0.187018,0.531594
2022-05-05,0,1,ok,0.2207336209258867,1.004222,0.75,0.603406,0.495909,0.211335,0.375155,0.001042,1,0.193709,0.255839,0.593659
2022-05-06,0,1,ok,0.2154404586015013,0.995045,0.75,0.598668,0.495638,0.208473,0.351861,0.001042,0,0.229713,0.196331,0.549103
2022-05-09,0,1,ok,0.2226106958214991,1.408973,0.75,0.623476,0.497056,0.418592,0.400308,0.00703,1,0.196716,0.389063,0.640471
2022-05-10,0,1,ok,0.207456384865401,0.695776,0.5,0.610273,0.496301,0.045246,0.364517,0.00703,1,0.27067,0.220364,0.580683
2022-05-11,0,1,ok,0.2246326244627561,0.672671,0.75,0.592692,0.495297,0.041933,0.371768,0.00703,0,0.162799,0.21638,0.57921
2022-05-12,0,0,weak_score,0.2149265562493965,0.241456,0.75,0.593324,0.495333,0.0,0.327932,0.00703,0,0.175231,0.209073,0.573057
2022-05-13,0,0,weak_score,0.208817687313087,0.000969,0.5,0.589402,0.495109,0.0,0.346828,0.00703,0,0.178552,0.191577,0.540164
2022-05-16,0,0,weak_score,0.2151443330183418,-0.145246,0.75,0.592561,0.495289,0.0,0.335275,0.0,0,0.17447,0.206542,0.5683
2022-05-17,0,0,weak_score,0.2132073687885721,-0.303449,0.5,0.589969,0.495141,0.0,0.371228,0.0,0,0.18217,0.191567,0.540147
2022-05-18,0,0,weak_score,0.2022913387931898,0.372423,0.75,0.623091,0.497034,0.0,0.403509,0.0,1,0.240315,0.339607,0.623428
2022-05-19,0,0,weak_score,0.1924226057744259,0.313235,0.75,0.608893,0.496222,0.0,0.393291,0.0,1,0.234603,0.24939,0.591317
2022-05-20,0,0,weak_score,0.2019236834350328,0.46058,0.75,0.607696,0.496154,0.0,0.391807,0.0,0,0.219275,0.257624,0.594306
2022-05-23,0,0,weak_score,0.220719869450731,-0.150222,0.5,0.587633,0.495008,0.0,0.378704,0.0,0,0.163268,0.194089,0.544887
2022-05-24,0,0,weak_score,0.2260597687022782,-0.141579,0.75,0.596281,0.495502,0.0,0.385223,0.0,0,0.179195,0.223162,0.581714
2022-05-25,0,0,weak_score,0.2000074264061102,-0.284642,0.5,0.600606,0.495749,0.0,0.371765,0.0,0,0.225055,0.206848,0.568874
2022-05-26,0,0,weak_score,0.2131053040441335,-0.254363,0.5,0.583277,0.494759,0.0,0.384515,0.0,0,0.151042,0.184526,0.526909
2022-05-27,0,0,weak_score,0.2103773159945624,-0.451684,0.5,0.587595,0.495005,0.0,0.375221,0.0,0,0.163788,0.193616,0.543999
2022-05-30,0,0,weak_score,0.2124746574904508,-0.138593,0.75,0.58337,0.494764,0.0,0.371788,0.0,0,0.154778,0.182577,0.523245
2022-05-31,0,0,weak_score,0.2273841519494759,0.21701,0.75,0.582192,0.494697,0.0,0.345661,0.0,0,0.152225,0.179522,0.5175
2022-06-01,0,1,ok,0.2158638541229001,0.595326,0.75,0.590049,0.495146,0.002763,0.224624,0.0,0,0.171677,0.198386,0.552966
2022-06-02,0,0,weak_score,0.2178065638105918,0.414011,0.5,0.599726,0.495699,0.0,0.215884,0.0,0,0.231654,0.199293,0.55467
2022-06-03,0,1,ok,0.2244911934962342,0.618487,0.75,0.582349,0.494706,0.018845,0.236028,0.0,0,0.154724,0.178593,0.515754
2022-06-06,0,0,weak_score,0.2284759348032252,0.517606,0.5,0.58019,0.494582,0.0,0.214409,0.0,0,0.149832,0.173126,0.505476
2022-06-07,0,1,ok,0.2118100246619033,0.615803,0.5,0.582002,0.494686,0.017623,0.180624,0.0,0,0.152284,0.178739,0.516029
2022-06-08,0,0,weak_score,0.2218421519095993,0.417906,0.75,0.581778,0.494673,0.0,0.194597,0.0,0,0.155028,0.176156,0.511174
2022-06-09,0,1,ok,0.2200379186060877,0.61323,0.75,0.583368,0.494764,0.01558,0.22321,0.0,0,0.155821,0.181921,0.522011
2022-06-10,0,1,ok,0.2159615175558826,0.895499,0.75,0.589918,0.495138,0.159983,0.209504,0.0,0,0.170309,0.19872,0.553593
2022-06-13,0,1,ok,0.2487334902439444,1.024925,0.75,0.593472,0.495341,0.226303,0.227904,0.005857,0,0.171361,0.212548,0.577792
2022-06-14,0,1,ok,0.2025491598063437,0.650891,0.5,0.62323,0.497042,0.014739,0.228645,0.005857,1,0.232518,0.348912,0.626663
2022-06-15,0,0,weak_score,0.2237447387057534,0.105487,0.5,0.664699,0.499411,0.0,0.230023,0.005857,1,0.323421,0.55723,0.65
2022-06-16,0,0,weak_score,0.2297544811262501,0.023638,0.75,0.675543,0.500031,0.0,0.254849,0.005857,1,0.329819,0.637518,0.65
2022-06-17,0,0,deploy_downside_veto,0.2492332952217849,-0.094179,0.5,0.65742,0.498995,0.0,0.26123,0.005857,1,0.339371,0.477298,0.65
2022-06-20,0,0,weak_score,0.228869717935179,0.049561,0.75,0.600906,0.495766,0.0,0.244919,0.0,1,0.184451,0.248801,0.591103
2022-06-21,0,0,weak_score,0.2421781985807086,-0.493083,0.5,0.65962,0.499121,0.0,0.30766,0.0,1,0.326554,0.511738,0.65
2022-06-22,0,0,weak_score,0.2220186585902343,-0.431671,0.75,0.62235,0.496991,0.0,0.309822,0.0,1,0.221151,0.35512,0.628814
2022-06-23,0,0,weak_score,0.2371860003685452,-0.605416,0.5,0.644258,0.498243,0.0,0.303964,0.0,1,0.314221,0.404613,0.645754
2022-06-24,0,0,weak_score,0.2233733647887115,-0.633799,0.5,0.602278,0.495844,0.0,0.349396,0.0,1,0.194175,0.247718,0.590709
2022-06-27,0,0,weak_score,0.2124584416044405,-0.490882,0.75,0.607349,0.496134,0.0,0.328296,0.0,1,0.195507,0.280619,0.602589
2022-06-28,0,0,weak_score,0.2068102018825414,-0.093816,0.75,0.602399,0.495851,0.0,0.351364,0.0,0,0.22209,0.218865,0.580129
2022-06-29,0,0,weak_score,0.2196951026865093,0.045749,0.5,0.597796,0.495588,0.0,0.353063,0.0,0,0.182142,0.230257,0.584324
2022-06-30,0,0,weak_score,0.2178154531116589,-0.120029,0.75,0.598211,0.495612,0.0,0.294787,0.0,1,0.183517,0.231594,0.584815
2022-07-01,0,0,weak_score,0.2145481847586079,-0.606325,0.5,0.591892,0.495251,0.0,0.294815,0.0,0,0.166686,0.208734,0.572419
2022-07-04,0,0,weak_score,0.2113761568240912,-0.672743,0.75,0.590028,0.495144,0.0,0.294815,0.0,0,0.162437,0.204031,0.563578
2022-07-05,0,0,weak_score,0.2020752061500056,-0.908367,0.5,0.60337,0.495907,0.0,0.248255,0.0,0,0.226951,0.220247,0.580639
2022-07-06,0,0,weak_score,0.2083386012874333,-0.835901,0.5,0.592015,0.495258,0.0,0.247126,0.0,0,0.170721,0.206716,0.568626
2022-07-07,0,0,weak_score,0.2105644306354419,-0.823289,0.5,0.591014,0.495201,0.0,0.267082,0.0,0,0.176851,0.198978,0.554078
2022-07-08,0,0,weak_score,0.2043360537048568,-0.495092,0.5,0.5957,0.495469,0.0,0.200934,0.0,0,0.210046,0.196843,0.550064
2022-07-11,0,0,weak_score,0.1998672592797636,-0.182881,0.75,0.605409,0.496023,0.0,0.219969,0.0,0,0.220356,0.241019,0.588266
2022-07-12,0,0,weak_score,0.2103001328952197,0.046517,0.75,0.607334,0.496133,0.0,0.196731,0.0,1,0.243944,0.228929,0.583837
2022-07-13,0,0,weak_score,0.2238751939297799,-0.021052,0.75,0.583662,0.494781,0.0,0.198025,0.0,0,0.122286,0.203863,0.563262
2022-07-14,0,0,weak_score,0.2185048348872728,-0.217489,0.5,0.583283,0.494759,0.0,0.183581,0.0,0,0.124622,0.200926,0.55774
2022-07-15,0,0,weak_score,0.2192254463656792,-0.421677,0.5,0.578913,0.494509,0.0,0.199124,0.0,0,0.121256,0.185814,0.529331
2022-07-18,0,0,weak_score,0.2264782217374978,-0.311529,0.75,0.579141,0.494522,0.0,0.202066,0.0,0,0.116644,0.18957,0.536392
2022-07-19,0,0,weak_score,0.2213179864332711,-0.418422,0.5,0.574772,0.494273,0.0,0.25185,0.0,0,0.111042,0.175848,0.510594
2022-07-20,0,0,weak_score,0.2299902894528298,-0.220906,0.5,0.583187,0.494754,0.0,0.248799,0.0,0,0.124216,0.2008,0.557504
2022-07-21,0,0,weak_score,0.2244801924659952,-0.219705,0.5,0.582997,0.494743,0.0,0.230769,0.0,0,0.121936,0.201466,0.558756
2022-07-22,0,0,weak_score,0.2293696762067799,0.228158,0.75,0.575339,0.494305,0.0,0.254282,0.0,0,0.110517,0.178404,0.515399
2022-07-25,0,0,weak_score,0.2231343647004557,0.334388,0.75,0.577092,0.494405,0.0,0.233752,0.0,0,0.115023,0.182509,0.523117
2022-07-26,0,0,weak_score,0.2282652983081302,0.480198,0.75,0.580991,0.494628,0.0,0.235083,0.0,0,0.115006,0.197865,0.551986
2022-07-27,0,0,weak_score,0.2227952755023604,-0.037267,0.5,0.574442,0.494254,0.0,0.252081,0.0,0,0.113545,0.172999,0.505238
2022-07-28,0,0,weak_score,0.2287970623195183,-0.135122,0.5,0.577461,0.494426,0.0,0.252118,0.0,0,0.116643,0.182957,0.523959
2022-07-29,0,0,weak_score,0.2232827341266592,-0.378132,0.5,0.576087,0.494348,0.0,0.250799,0.0,0,0.111031,0.181031,0.520338
2022-08-01,0,0,weak_score,0.2251486588746794,0.012377,0.75,0.574759,0.494272,0.0,0.255155,0.0,0,0.110845,0.17592,0.51073
2022-08-02,0,0,weak_score,0.2177700782652658,0.188221,0.75,0.575608,0.49432,0.0,0.207272,0.0,0,0.114942,0.176719,0.512232
2022-08-03,0,0,weak_score,0.2200146091831816,0.227102,0.5,0.583397,0.494766,0.0,0.211282,0.0,0,0.119217,0.204723,0.564878
2022-08-04,0,0,weak_score,0.2178180450402284,0.310522,0.5,0.584176,0.49481,0.0,0.21455,0.0,0,0.120846,0.206779,0.568744
2022-08-05,0,0,weak_score,0.2160974023010564,0.458142,0.75,0.572663,0.494152,0.0,0.180275,0.0,0,0.110681,0.167772,0.495412
2022-08-08,0,1,ok,0.2214966294550752,0.755044,0.75,0.573096,0.494177,0.094425,0.189673,0.004779,0,0.10347,0.173943,0.507013
2022-08-09,0,1,ok,0.2155537552980561,0.836825,0.75,0.573308,0.494189,0.136772,0.169844,0.004779,0,0.103866,0.174534,0.508124
2022-08-10,0,0,weak_score,0.2053611674002435,0.527403,0.5,0.585977,0.494913,0.0,0.159038,0.004779,0,0.181479,0.176286,0.511418
2022-08-11,0,0,weak_score,0.1949328628863302,0.576357,0.75,0.583726,0.494784,0.0,0.158968,0.004779,0,0.170686,0.174115,0.507337
2022-08-12,0,0,weak_score,0.1910318103098457,0.428869,0.5,0.582814,0.494732,0.0,0.157201,0.004779,0,0.16996,0.170978,0.501438
2022-08-15,0,1,ok,0.1917688433175566,0.621814,0.5,0.576722,0.494384,0.023445,0.139888,0.001321,0,0.152849,0.157609,0.476306
2022-08-16,0,0,weak_score,0.1981074610885855,0.581314,0.75,0.584158,0.494809,0.0,0.140309,0.001321,0,0.171648,0.175218,0.50941
2022-08-17,0,1,ok,0.2111915194846246,0.763523,0.75,0.573326,0.49419,0.098718,0.138456,0.001321,0,0.125279,0.161333,0.483305
2022-08-18,0,1,ok,0.2087016851654947,0.720202,0.5,0.575053,0.494289,0.075404,0.128243,0.001321,0,0.126948,0.167095,0.494139
2022-08-19,0,1,ok,0.2052806349477441,0.774279,0.75,0.580447,0.494597,0.100978,0.12998,0.001321,0,0.158256,0.168915,0.497561
2022-08-22,0,1,ok,0.2301814123740629,0.802113,0.75,0.597031,0.495545,0.107769,0.158529,0.003217,0,0.165943,0.242315,0.588739
2022-08-23,0,0,deploy_downside_veto,0.2411533768209731,0.756623,0.75,0.590105,0.495149,0.087187,0.158027,0.003217,0,0.159285,0.206285,0.567817
2022-08-24,0,0,weak_score,0.2254696762434657,0.545545,0.5,0.58603,0.494916,0.0,0.126366,0.003217,0,0.150027,0.195988,0.548458
2022-08-25,0,0,weak_score,0.2311271348449745,0.230855,0.5,0.582385,0.494708,0.0,0.128361,0.003217,0,0.140909,0.187296,0.532116
2022-08-26,0,0,weak_score,0.2133680043000067,0.569423,0.75,0.603253,0.4959,0.0,0.200381,0.003217,1,0.164403,0.286056,0.604534
2022-08-29,0,1,ok,0.2488491308988769,0.611575,0.75,0.606599,0.496091,0.002628,0.199306,6.9e-05,1,0.223622,0.245578,0.589929
2022-08-30,0,1,ok,0.2109924683362226,0.735237,0.75,0.597983,0.495599,0.072162,0.198081,6.9e-05,0,0.200567,0.21195,0.57757
2022-08-31,0,0,weak_score,0.2186252527763952,0.370627,0.75,0.603043,0.495888,0.0,0.196297,6.9e-05,1,0.170333,0.278302,0.601758
2022-09-01,0,0,weak_score,0.2302485464435804,0.266239,0.75,0.599116,0.495664,0.0,0.211486,6.9e-05,1,0.172986,0.248906,0.591141
2022-09-02,0,0,weak_score,0.2199600145845045,0.288264,0.75,0.594412,0.495395,0.0,0.21939,6.9e-05,0,0.154968,0.236302,0.586541
2022-09-05,0,0,weak_score,0.2182906831942744,0.223528,0.75,0.591378,0.495222,0.0,0.211365,0.0,0,0.153656,0.217229,0.579524
2022-09-06,0,0,weak_score,0.2301330507064032,0.284202,0.75,0.589067,0.49509,0.0,0.218965,0.0,0,0.150241,0.207808,0.57068
2022-09-07,0,0,weak_score,0.2106479444762431,0.052491,0.5,0.57455,0.49426,0.0,0.226167,0.0,0,0.070888,0.199865,0.555745
2022-09-08,0,0,weak_score,0.2176873831610078,0.122246,0.5,0.571222,0.49407,0.0,0.229255,0.0,0,0.068176,0.188448,0.534282
2022-09-09,0,0,weak_score,0.2199969120412277,0.003798,0.5,0.56979,0.493988,0.0,0.1653,0.0,0,0.067955,0.18295,0.523945
2022-09-12,0,0,weak_score,0.2074356521462093,0.184392,0.5,0.571084,0.494062,0.0,0.17259,0.0,0,0.072148,0.185443,0.528634
2022-09-13,0,1,ok,0.2031808400427881,0.672174,0.75,0.589974,0.495141,0.043036,0.270085,0.0,0,0.112585,0.251416,0.592054
2022-09-14,0,1,ok,0.2225703888975551,0.702501,0.5,0.576735,0.494385,0.065392,0.268911,0.0,0,0.076787,0.204805,0.565033
2022-09-15,0,1,ok,0.2127184136576508,0.817972,0.75,0.577636,0.494436,0.125021,0.267195,0.0,0,0.075401,0.209211,0.573317
2022-09-16,0,0,weak_score,0.2127462517680838,0.364754,0.75,0.579,0.494514,0.0,0.257196,0.0,0,0.07354,0.218845,0.580121
2022-09-19,0,0,weak_score,0.2075250691908992,0.376741,0.5,0.574123,0.494236,0.0,0.261892,0.0,0,0.071419,0.197852,0.551961
2022-09-20,0,0,weak_score,0.2008295175183414,0.313035,0.75,0.581021,0.49463,0.0,0.261339,0.0,0,0.112781,0.19936,0.554798
2022-09-21,0,0,weak_score,0.2095276766365103,0.406892,0.75,0.574768,0.494272,0.0,0.274821,0.0,0,0.072475,0.199738,0.555508
2022-09-22,0,0,weak_score,0.2322762676461734,0.528402,0.75,0.577294,0.494417,0.0,0.270636,0.0,0,0.075508,0.207798,0.57066
2022-09-23,0,0,weak_score,0.2045704083665246,0.505096,0.75,0.616978,0.496684,0.0,0.257975,0.0,1,0.14205,0.403498,0.645376
2022-09-26,0,0,weak_score,0.2508084389629532,0.333475,0.75,0.651907,0.49868,0.0,0.245938,0.0,1,0.155556,0.668632,0.65
2022-09-27,0,0,weak_score,0.2290579233319832,0.224764,0.5,0.615781,0.496616,0.0,0.175563,0.0,1,0.077569,0.473987,0.65
2022-09-28,0,0,weak_score,0.2226626146165626,-0.045803,0.5,0.58555,0.494889,0.0,0.172167,0.0,1,0.079411,0.256826,0.594017
2022-09-29,0,0,weak_score,0.2179060625925736,0.157349,0.75,0.60832,0.49619,0.0,0.183141,0.0,1,0.138794,0.3479,0.626312
2022-09-30,0,0,weak_score,0.2178206257797015,0.257236,0.75,0.587389,0.494994,0.0,0.186864,0.0,1,0.075281,0.273675,0.600097
2022-10-03,0,0,weak_score,0.2071617396238771,0.159396,0.5,0.59155,0.495231,0.0,0.196369,0.0,1,0.076207,0.300897,0.609818
2022-10-04,0,0,weak_score,0.2068806967630585,-0.291466,0.5,0.575981,0.494342,0.0,0.254482,0.0,0,0.070787,0.205558,0.566449
2022-10-05,0,0,weak_score,0.2156588463142369,-0.324821,0.75,0.581617,0.494664,0.0,0.229654,0.0,0,0.11003,0.203412,0.562415
2022-10-06,0,0,weak_score,0.2348852352029045,0.11476,0.75,0.580158,0.49458,0.0,0.230167,0.0,0,0.110224,0.197549,0.551392
2022-10-07,0,1,ok,0.2429646996967961,0.729244,0.75,0.580868,0.494621,0.077314,0.244012,0.0,0,0.109703,0.200666,0.557252
2022-10-10,0,1,ok,0.2386423510135676,0.730478,0.75,0.584785,0.494845,0.076071,0.24091,0.001981,0,0.114169,0.214712,0.578593
2022-10-11,0,1,ok,0.2457656062465856,0.647632,0.75,0.582817,0.494732,0.033807,0.242552,0.001981,0,0.111857,0.207004,0.569168
2022-10-12,0,0,weak_score,0.2294398740727314,0.227223,0.75,0.582789,0.494731,0.0,0.243482,0.001981,0,0.110065,0.208005,0.571049
2022-10-13,0,0,weak_score,0.2514481370648526,-0.101172,0.5,0.581421,0.494653,0.0,0.278383,0.001981,0,0.110281,0.202487,0.560675
2022-10-14,0,0,weak_score,0.2525231913541628,0.019065,0.75,0.580964,0.494626,0.0,0.285781,0.001981,0,0.109388,0.20124,0.558331
2022-10-17,0,0,weak_score,0.2546009214227964,-0.235622,0.5,0.580914,0.494624,0.0,0.301527,0.0,0,0.110059,0.200628,0.557181
2022-10-18,0,0,weak_score,0.2319893363947777,-0.042207,0.5,0.580768,0.494615,0.0,0.270909,0.0,0,0.109554,0.200368,0.556692
2022-10-19,0,0,weak_score,0.2358890916742066,-0.196036,0.75,0.582997,0.494743,0.0,0.26869,0.0,0,0.111872,0.207703,0.570481
2022-10-20,0,0,weak_score,0.2435316722301221,0.170647,0.75,0.581255,0.494643,0.0,0.267103,0.0,0,0.109757,0.202156,0.560053
2022-10-21,0,0,weak_score,0.2504436507525344,0.058594,0.5,0.580375,0.494593,0.0,0.246922,0.0,0,0.107749,0.199938,0.555884
2022-10-24,0,0,weak_score,0.2526847431060821,-0.043153,0.5,0.581653,0.494666,0.0,0.246616,0.0,0,0.109449,0.203915,0.563361
2022-10-25,0,0,weak_score,0.2384577207482269,-0.231085,0.5,0.58264,0.494722,0.0,0.231255,0.0,0,0.112744,0.205755,0.566819
2022-10-26,0,0,weak_score,0.2362079865360644,0.16147,0.75,0.581245,0.494643,0.0,0.243891,0.0,0,0.107208,0.203698,0.562952
2022-10-27,0,0,weak_score,0.2343140216195632,0.361813,0.75,0.580396,0.494594,0.0,0.226463,0.0,0,0.108571,0.199511,0.555081
2022-10-28,0,0,weak_score,0.2345414329240243,0.26975,0.5,0.579871,0.494564,0.0,0.226513,0.0,0,0.107233,0.198275,0.552758
2022-10-31,0,0,weak_score,0.2126211997576363,0.155871,0.75,0.587596,0.495005,0.0,0.211712,0.0,0,0.109101,0.239055,0.587548
2022-11-01,0,0,weak_score,0.2344928794239922,0.129324,0.75,0.586485,0.494942,0.0,0.214873,0.0,0,0.116229,0.223985,0.582018
2022-11-02,0,1,ok,0.1983910845925462,0.602393,0.75,0.581225,0.494641,0.011032,0.256848,0.0,0,0.09732,0.209748,0.574326
2022-11-03,0,1,ok,0.2025615510876441,0.591612,0.75,0.578565,0.494489,0.00679,0.259486,0.0,0,0.100763,0.197146,0.550635
2022-11-04,0,0,weak_score,0.2045664836651117,0.29524,0.5,0.575229,0.494299,0.0,0.249527,0.0,0,0.09573,0.187138,0.531819
2022-11-07,0,0,weak_score,0.2008855389809204,-0.083142,0.5,0.577713,0.494441,0.0,0.249073,0.0,0,0.095069,0.197324,0.550969
2022-11-08,0,0,weak_score,0.1977167949891317,-0.284624,0.5,0.575282,0.494302,0.0,0.248238,0.0,0,0.090926,0.190323,0.537807
2022-11-09,0,0,weak_score,0.20283241122104,-0.004778,0.75,0.576118,0.49435,0.0,0.269638,0.0,0,0.093285,0.192152,0.541246
2022-11-10,0,0,weak_score,0.1994276918216916,-0.367909,0.5,0.577404,0.494423,0.0,0.306803,0.0,0,0.099204,0.193543,0.54386
2022-11-11,0,0,weak_score,0.1946389447273004,-0.326684,0.5,0.572938,0.494168,0.0,0.278128,0.0,0,0.094251,0.179039,0.516593
2022-11-14,0,0,weak_score,0.19562478716898,-0.292381,0.75,0.576587,0.494376,0.0,0.279778,0.0,0,0.096107,0.192246,0.541423
2022-11-15,0,0,weak_score,0.1987648870201421,0.172479,0.5,0.576536,0.494373,0.0,0.278618,0.0,0,0.098343,0.19066,0.538441
2022-11-16,0,0,weak_score,0.1997261001384673,0.377508,0.75,0.582912,0.494738,0.0,0.258297,0.0,0,0.098039,0.219207,0.580255
2022-11-17,0,0,weak_score,0.2108848483231769,0.277298,0.75,0.57251,0.494143,0.0,0.253999,0.0,0,0.056272,0.200893,0.557679
2022-11-18,0,0,weak_score,0.2084047781506427,0.324593,0.75,0.569373,0.493964,0.0,0.244572,0.0,0,0.055711,0.188896,0.535124
2022-11-21,0,0,weak_score,0.1929433156727028,0.287575,0.75,0.57677,0.494387,0.0,0.237821,0.0,0,0.094156,0.194177,0.545052
2022-11-22,0,0,weak_score,0.1946300998539547,0.148258,0.5,0.574081,0.494233,0.0,0.239925,0.0,0,0.094862,0.183158,0.524337
2022-11-23,0,0,weak_score,0.1941444406905761,0.06251,0.5,0.574109,0.494235,0.0,0.19369,0.0,0,0.096427,0.182298,0.52272
2022-11-24,0,0,weak_score,0.1954167261540223,-0.002527,0.75,0.572875,0.494164,0.0,0.121448,0.0,0,0.094593,0.17858,0.515729
2022-11-25,0,0,weak_score,0.1965369863334085,0.170453,0.75,0.572152,0.494123,0.0,0.10584,0.0,0,0.097303,0.174053,0.507219
2022-11-28,0,0,weak_score,0.2011392125076546,0.316227,0.75,0.576793,0.494388,0.0,0.131693,0.0,0,0.096279,0.192952,0.542749
2022-11-29,0,0,weak_score,0.2078207492401734,0.337377,0.75,0.571174,0.494067,0.0,0.132684,0.0,0,0.056498,0.195496,0.547533
2022-11-30,0,0,weak_score,0.2095115067854884,-0.068002,0.5,0.567086,0.493833,0.0,0.150718,0.0,0,0.051872,0.182275,0.522676
2022-12-01,0,0,weak_score,0.208695595706173,-0.129109,0.5,0.568226,0.493899,0.0,0.164195,0.0,0,0.051493,0.186999,0.531557
2022-12-02,0,0,weak_score,0.2083091612006676,-0.12756,0.75,0.570223,0.494013,0.0,0.160723,0.0,0,0.053265,0.193759,0.544266
2022-12-05,0,0,weak_score,0.2091125690624428,0.388114,0.75,0.569844,0.493991,0.0,0.164916,0.0,0,0.049613,0.194528,0.545713
2022-12-06,0,0,weak_score,0.2125863176597044,0.506771,0.75,0.571095,0.494063,0.0,0.185555,0.0,0,0.051642,0.198193,0.552603
2022-12-07,0,0,weak_score,0.2129172771936229,0.418641,0.75,0.573152,0.49418,0.0,0.187112,0.0,0,0.051516,0.20637,0.567976
2022-12-08,0,0,weak_score,0.2133896449693627,0.113032,0.5,0.576109,0.494349,0.0,0.207544,0.0,0,0.052315,0.221894,0.581247
2022-12-09,0,0,weak_score,0.2133992809636329,0.038571,0.75,0.584341,0.49482,0.0,0.207499,0.0,0,0.048206,0.281919,0.603055
2022-12-12,0,0,weak_score,0.2128890717254401,-0.013535,0.5,0.583749,0.494786,0.0,0.212812,0.0,1,0.050118,0.275864,0.600884
2022-12-13,0,0,weak_score,0.2163396240443401,0.073153,0.5,0.572498,0.494143,0.0,0.212456,0.0,0,0.053417,0.202617,0.56092
2022-12-14,0,0,weak_score,0.2103683429838888,0.079786,0.75,0.567249,0.493843,0.0,0.17679,0.0,0,0.052808,0.182335,0.52279
2022-12-15,0,0,weak_score,0.2150818070928954,0.419875,0.75,0.569941,0.493997,0.0,0.210645,0.0,0,0.053498,0.192502,0.541904
2022-12-16,0,0,weak_score,0.2134814649753243,0.498657,0.75,0.569694,0.493983,0.0,0.211526,0.0,0,0.053576,0.191484,0.53999
2022-12-19,0,0,weak_score,0.2114965713960034,0.482806,0.75,0.570958,0.494055,0.0,0.212628,0.0,0,0.05365,0.196413,0.549256
2022-12-20,0,0,weak_score,0.2142943435968591,0.173032,0.75,0.574854,0.494277,0.0,0.202764,0.0,0,0.053561,0.212112,0.57763
2022-12-21,0,0,weak_score,0.2098028524958043,-0.019331,0.5,0.568098,0.493891,0.0,0.21017,0.0,0,0.054264,0.184774,0.527375
2022-12-22,0,0,weak_score,0.2124758136190449,0.045827,0.75,0.568235,0.493899,0.0,0.20738,0.0,0,0.053529,0.18577,0.529248
2022-12-23,0,0,weak_score,0.2101069952143124,0.003581,0.5,0.568762,0.493929,0.0,0.216522,0.0,0,0.057425,0.18543,0.528608
2022-12-26,0,0,weak_score,0.21050087384223,0.08617,0.75,0.569657,0.49398,0.0,0.195585,0.0,0,0.054351,0.190856,0.538809
2022-12-27,0,0,weak_score,0.2176730028393389,-0.030992,0.75,0.569323,0.493961,0.0,0.198971,0.0,0,0.055319,0.188941,0.53521
2022-12-28,0,0,weak_score,0.2122576463386238,0.000413,0.75,0.581252,0.494643,0.0,0.200115,0.0,1,0.021539,0.289451,0.605746
2022-12-29,0,0,weak_score,0.211813890049001,-0.250579,0.5,0.57537,0.494307,0.0,0.158845,0.0,0,0.077336,0.199092,0.554293
2022-12-30,0,0,weak_score,0.2070506958764121,-0.335779,0.75,0.564826,0.493704,0.0,0.146569,0.0,0,0.032243,0.185548,0.528829
2023-01-02,0,0,weak_score,0.2069478914324773,-0.349848,0.75,0.565605,0.493749,0.0,0.14628,0.0,0,0.031925,0.18881,0.534962
2023-01-03,0,0,weak_score,0.2100347893616524,-0.067649,0.75,0.582747,0.494728,0.0,0.15804,0.0,1,0.020532,0.300665,0.609735
2023-01-04,0,0,weak_score,0.2100544488226493,-0.094206,0.5,0.568974,0.493941,0.0,0.14063,0.0,0,0.027019,0.205109,0.565605
2023-01-05,0,0,weak_score,0.2089150652951253,0.046039,0.75,0.56987,0.493993,0.0,0.130679,0.0,0,0.025453,0.209605,0.574058
2023-01-06,0,0,weak_score,0.2039248186100232,-0.20051,0.5,0.572536,0.494145,0.0,0.12975,0.0,0,0.067628,0.193959,0.544642
2023-01-09,0,0,weak_score,0.2122528708923063,-0.149532,0.5,0.568873,0.493936,0.0,0.130546,0.0,0,0.028188,0.203987,0.563495
2023-01-10,0,0,weak_score,0.2029593914742715,-0.248117,0.5,0.57146,0.494083,0.0,0.147099,0.0,0,0.070126,0.188173,0.533764
2023-01-11,0,0,weak_score,0.203150069417071,-0.05054,0.5,0.571544,0.494088,0.0,0.13792,0.0,0,0.069207,0.189074,0.535459
2023-01-12,0,0,weak_score,0.1998509775665952,0.007496,0.5,0.571009,0.494058,0.0,0.127367,0.0,0,0.06802,0.187704,0.532884
2023-01-13,0,0,weak_score,0.2001561202478994,0.074684,0.5,0.567052,0.493832,0.0,0.13545,0.0,0,0.064272,0.174457,0.507979
2023-01-16,0,0,weak_score,0.1989295477179592,0.259372,0.75,0.568365,0.493907,0.0,0.13545,0.0,0,0.065301,0.178983,0.516488
2023-01-17,0,0,weak_score,0.2022401185306896,0.341688,0.5,0.5709,0.494051,0.0,0.116158,0.0,0,0.069719,0.186224,0.530102
2023-01-18,0,0,weak_score,0.2043695390444457,0.505419,0.75,0.573092,0.494177,0.0,0.199073,0.0,0,0.070525,0.19435,0.545379
2023-01-19,0,0,weak_score,0.2089259765971164,0.529268,0.75,0.579068,0.494518,0.0,0.194947,0.0,1,0.023484,0.272571,0.599701
2023-01-20,0,0,weak_score,0.2075517102028787,0.300025,0.5,0.586789,0.494959,0.0,0.228737,0.0,1,0.079639,0.26497,0.596962
2023-01-23,0,0,weak_score,0.2051412761571011,0.074307,0.5,0.591145,0.495208,0.0,0.237515,0.0,1,0.076976,0.297329,0.608551
2023-01-24,0,0,weak_score,0.2051674140823525,0.114028,0.75,0.579633,0.49455,0.0,0.234462,0.0,0,0.075201,0.221351,0.581046
2023-01-25,0,0,weak_score,0.1866534763762378,0.400798,0.75,0.576279,0.494359,0.0,0.232696,0.0,0,0.088264,0.195898,0.548288
2023-01-26,0,0,weak_score,0.1884372686240735,0.443774,0.5,0.576162,0.494352,0.0,0.240203,0.0,0,0.088734,0.195147,0.546876
2023-01-27,0,0,weak_score,0.1864346818920308,0.411189,0.5,0.578918,0.49451,0.0,0.237475,0.0,0,0.094649,0.202325,0.560371
2023-01-30,0,1,ok,0.1986710423744687,0.621372,0.75,0.579472,0.494541,0.021817,0.244079,0.000576,0,0.093912,0.204963,0.565331
2023-01-31,0,1,ok,0.1923273688921424,0.674285,0.5,0.577244,0.494414,0.05047,0.247585,0.000576,0,0.089926,0.198665,0.553489
2023-02-01,0,1,ok,0.1873072526378988,0.615449,0.5,0.576281,0.494359,0.020361,0.174944,0.000576,0,0.08982,0.19494,0.546487
2023-02-02,0,0,weak_score,0.1942254965996742,0.315232,0.5,0.590744,0.495185,0.0,0.170835,0.000576,1,0.098226,0.271924,0.599468
2023-02-03,0,1,ok,0.1934785894345194,0.750819,0.75,0.574897,0.49428,0.091383,0.140603,0.000576,0,0.092502,0.187832,0.533125
2023-02-06,0,1,ok,0.1995083695928673,1.091578,0.75,0.579544,0.494545,0.266621,0.126799,0.009227,0,0.094187,0.205076,0.565543
2023-02-07,0,1,ok,0.2014412419811217,1.225486,0.5,0.60764,0.496151,0.326495,0.12649,0.009227,1,0.116288,0.367434,0.633063
2023-02-08,0,1,ok,0.1991124939159771,1.203118,0.75,0.576404,0.494366,0.325803,0.160347,0.009227,0,0.091474,0.194401,0.545473
2023-02-09,0,0,high_risk_veto,0.2084131299992323,1.175824,0.75,0.57663,0.494379,0.311534,0.153842,0.009227,0,0.047397,0.230631,0.584462
2023-02-10,0,0,high_risk_veto,0.2091373771080417,1.284347,0.75,0.586635,0.494951,0.364652,0.155679,0.009227,1,0.101476,0.240677,0.588141
2023-02-13,0,0,high_risk_veto,0.2094634268325433,0.925103,0.5,0.577728,0.494442,0.180711,0.143323,0.0,0,0.048359,0.237025,0.586806
2023-02-14,0,1,ok,0.2015650952271093,0.794828,0.5,0.577141,0.494408,0.11321,0.140883,0.0,0,0.09364,0.195958,0.548402
2023-02-15,0,1,ok,0.1932010509306089,0.77327,0.5,0.574457,0.494255,0.10325,0.141442,0.0,0,0.091611,0.186653,0.530908
2023-02-16,0,0,high_risk_veto,0.1962806127543181,1.138889,0.75,0.578948,0.494511,0.291477,0.145644,0.0,0,0.091823,0.204193,0.563883
2023-02-17,0,0,high_risk_veto,0.2012538976065859,1.246973,0.75,0.579849,0.494563,0.347433,0.149732,0.0,0,0.092247,0.207478,0.570058
2023-02-20,0,0,high_risk_veto,0.200980882655671,1.258737,0.75,0.580791,0.494617,0.353243,0.149434,0.0,0,0.09515,0.209384,0.573642
2023-02-21,0,0,high_risk_veto,0.209041113168744,1.233697,0.75,0.594129,0.495379,0.335578,0.132089,0.0,1,0.104935,0.287697,0.60512
2023-02-22,0,0,high_risk_veto,0.1873858449742482,1.144525,0.5,0.595139,0.495437,0.288412,0.111302,0.0,1,0.086207,0.314575,0.614655
2023-02-23,0,0,high_risk_veto,0.1875681972055296,1.087108,0.5,0.590144,0.495151,0.26021,0.109719,0.0,1,0.017802,0.353903,0.628393
2023-02-24,0,0,high_risk_veto,0.187313700721282,1.073353,0.75,0.579506,0.494543,0.257146,0.103754,0.0,1,0.084577,0.210882,0.576459
2023-02-27,0,0,high_risk_veto,0.1890552211342353,1.054776,0.5,0.579525,0.494544,0.247466,0.087424,0.0,1,0.08449,0.21101,0.576699
2023-02-28,0,0,high_risk_veto,0.1909692445614762,1.147532,0.75,0.579656,0.494552,0.295716,0.081204,0.0,1,0.084815,0.211327,0.577295
2023-03-01,0,0,high_risk_veto,0.1902476643765288,1.097135,0.75,0.578416,0.494481,0.269943,0.075189,0.0,1,0.085031,0.206312,0.567867
2023-03-02,0,1,ok,0.192837997987707,1.119325,0.5,0.579016,0.494515,0.281267,0.09406,0.0,1,0.086484,0.20777,0.570607
2023-03-03,0,1,ok,0.1947807632128525,0.976977,0.5,0.57789,0.494451,0.20763,0.099761,0.0,1,0.086769,0.203164,0.561949
2023-03-06,0,1,ok,0.1929266682755085,0.926374,0.5,0.594989,0.495428,0.173955,0.10064,0.0061,1,0.012975,0.392152,0.641524
2023-03-07,0,1,ok,0.1905918152430837,1.107661,0.75,0.613761,0.496501,0.261844,0.121675,0.0061,1,0.081132,0.452918,0.65
2023-03-08,0,1,ok,0.1928541316440627,1.215739,0.5,0.577257,0.494415,0.332068,0.120803,0.0061,0,0.080486,0.204567,0.564586
2023-03-09,0,0,high_risk_veto,0.1890291360503769,1.303509,0.75,0.600728,0.495756,0.370027,0.174225,0.0061,1,0.005084,0.444308,0.65
2023-03-10,0,1,ok,0.1900641527321692,1.144445,0.75,0.614812,0.496561,0.280944,0.232592,0.0061,0,0.0,0.565813,0.65
2023-03-13,0,1,ok,0.1883776694412599,0.874694,0.5,0.62993,0.497425,0.130885,0.234303,0.002868,0,0.0,0.689229,0.65
2023-03-14,0,0,weak_score,0.1852613519224442,0.419385,0.5,0.63993,0.497996,0.0,0.285261,0.002868,0,0.0,0.770861,0.65
2023-03-15,0,0,weak_score,0.1883280276631981,0.206329,0.5,0.642817,0.498161,0.0,0.293937,0.002868,0,0.0,0.794426,0.65
2023-03-16,0,0,weak_score,0.185676001765133,0.164874,0.5,0.62369,0.497068,0.0,0.324984,0.002868,0,0.0,0.638284,0.65
2023-03-17,0,0,weak_score,0.185809568114332,0.380419,0.75,0.599661,0.495695,0.0,0.329474,0.002868,1,0.005578,0.43496,0.65
2023-03-20,0,0,weak_score,0.1884933484656319,0.411649,0.5,0.598667,0.495638,0.0,0.341888,0.0,1,0.008333,0.423301,0.65
2023-03-21,0,0,weak_score,0.1882196049933688,0.537735,0.5,0.586034,0.494916,0.0,0.364069,0.0,1,0.021771,0.321668,0.617151
2023-03-22,0,1,ok,0.1951602892694963,0.645726,0.75,0.598382,0.495622,0.024897,0.387201,0.0,1,0.110348,0.310775,0.613314
2023-03-23,0,1,ok,0.2090900998096147,0.585411,0.5,0.575669,0.494324,0.005062,0.372545,0.0,0,0.057501,0.213426,0.578117
2023-03-24,0,1,ok,0.2055056541056555,0.583337,0.5,0.579908,0.494566,0.001786,0.337088,0.0,0,0.1013,0.202098,0.559944
2023-03-27,0,0,weak_score,0.2140961422573457,0.509045,0.75,0.574444,0.494254,0.0,0.333541,0.0,0,0.057376,0.20782,0.570701
2023-03-28,0,1,ok,0.1919186420440572,0.669456,0.75,0.578243,0.494471,0.047464,0.308252,0.0,0,0.101196,0.195609,0.547744
2023-03-29,0,1,ok,0.2013386481986984,0.642046,0.5,0.577841,0.494448,0.033402,0.292946,0.0,0,0.106868,0.190514,0.538167
2023-03-30,0,1,ok,0.1918561430405483,0.607752,0.5,0.575885,0.494336,0.016562,0.266397,0.0,0,0.102642,0.185434,0.528616
2023-03-31,0,0,weak_score,0.1916203300995391,0.566454,0.5,0.572337,0.494134,0.0,0.229188,0.0,0,0.097743,0.174509,0.508076
2023-04-03,0,1,ok,0.191740557690718,0.762796,0.75,0.580196,0.494583,0.095114,0.226006,0.002599,0,0.103831,0.201664,0.559129
2023-04-04,0,1,ok,0.1968865988406735,0.803123,0.75,0.575618,0.494321,0.118222,0.21332,0.002599,0,0.101933,0.184823,0.527467
2023-04-05,0,1,ok,0.2023880709788117,0.845771,0.75,0.571758,0.4941,0.142105,0.141821,0.002599,0,0.09977,0.170972,0.501427
2023-04-06,0,1,ok,0.2109141894784189,0.651956,0.5,0.566942,0.493825,0.043979,0.138011,0.002599,0,0.063865,0.174273,0.507634
2023-04-07,0,0,weak_score,0.2018635125600887,0.561554,0.75,0.573762,0.494215,0.0,0.137638,0.002599,0,0.104517,0.175918,0.510725
2023-04-10,0,0,weak_score,0.2089350476382965,0.542908,0.75,0.567949,0.493883,0.0,0.131225,0.0,0,0.060919,0.180065,0.518522
2023-04-11,0,1,ok,0.2028871247300072,0.718673,0.75,0.579291,0.494531,0.072568,0.130268,0.0,0,0.108187,0.195403,0.547357
2023-04-12,0,1,ok,0.2183558215211743,0.810705,0.75,0.570976,0.494056,0.124275,0.113652,0.0,0,0.063684,0.190263,0.537694
2023-04-13,0,1,ok,0.2237635198696748,0.64698,0.5,0.568773,0.49393,0.040496,0.138645,0.0,0,0.062964,0.18204,0.522235
2023-04-14,0,1,ok,0.2143239901644023,0.618475,0.75,0.567327,0.493847,0.026465,0.133426,0.0,0,0.064888,0.175155,0.509291
2023-04-17,0,1,ok,0.2142177159161527,0.603655,0.5,0.566355,0.493792,0.01929,0.140356,0.001126,0,0.067638,0.169626,0.498896
2023-04-18,0,1,ok,0.2177963333973623,0.79097,0.75,0.568976,0.493942,0.114961,0.118966,0.001126,0,0.064233,0.182054,0.522261
2023-04-19,0,0,high_risk_veto,0.1952249379931949,0.778439,0.75,0.570832,0.494048,0.107615,0.106782,0.001126,0,0.12435,0.152092,0.465933
2023-04-20,0,0,high_risk_veto,0.1993303847007753,0.803035,0.75,0.572731,0.494156,0.119498,0.131521,0.001126,0,0.125342,0.158951,0.478828
2023-04-21,0,0,high_risk_veto,0.1958714883308392,0.771347,0.5,0.570224,0.494013,0.104221,0.130903,0.001126,0,0.12374,0.150078,0.462147
2023-04-24,0,0,high_risk_veto,0.2066105715720711,0.747691,0.75,0.573386,0.494193,0.090472,0.125073,0.0,0,0.125325,0.161539,0.483694
2023-04-25,0,0,high_risk_veto,0.2046029527466776,0.780307,0.75,0.575536,0.494316,0.106404,0.184426,0.0,0,0.122272,0.171893,0.503159
2023-04-26,0,0,high_risk_veto,0.2043940958168413,0.665445,0.5,0.578222,0.49447,0.045387,0.181919,0.0,0,0.136496,0.173646,0.506455
2023-04-27,0,0,weak_score,0.2007169753492206,0.417692,0.5,0.576562,0.494375,0.0,0.212476,0.0,0,0.135121,0.167968,0.49578
2023-04-28,0,0,weak_score,0.1975754645277616,0.257018,0.5,0.575254,0.4943,0.0,0.212021,0.0,0,0.127239,0.167704,0.495283
2023-05-01,0,0,weak_score,0.1934001581004436,0.404472,0.75,0.570755,0.494043,0.0,0.2139,0.0,0,0.123658,0.15222,0.466173
2023-05-02,0,1,ok,0.1992602025039133,0.689185,0.75,0.575817,0.494332,0.058917,0.246549,0.0,0,0.125936,0.170729,0.500971
2023-05-03,0,1,ok,0.196909997974322,0.755139,0.75,0.573939,0.494225,0.094078,0.251327,0.0,0,0.123512,0.16484,0.489899
2023-05-04,0,1,ok,0.201566685549002,0.687812,0.5,0.583783,0.494788,0.054289,0.248547,0.0,0,0.139457,0.193697,0.544151
2023-05-05,0,0,weak_score,0.1983222075630767,0.436228,0.75,0.574182,0.494239,0.0,0.2824,0.0,0,0.126657,0.163847,0.488032
2023-05-08,0,0,weak_score,0.1957086871373254,0.421141,0.75,0.571402,0.49408,0.0,0.284758,0.0,0,0.123468,0.154883,0.47118
2023-05-09,0,0,weak_score,0.2005256990978515,0.50517,0.5,0.573705,0.494212,0.0,0.248271,0.0,0,0.1281,0.161076,0.482824
2023-05-10,0,1,ok,0.1942905320470958,0.611013,0.75,0.569769,0.493987,0.021367,0.24933,0.0,0,0.121953,0.149395,0.460862
2023-05-11,0,1,ok,0.1984000456141888,0.583381,0.75,0.571265,0.494072,0.006282,0.209848,0.0,0,0.121963,0.155277,0.471921
2023-05-12,0,0,weak_score,0.2043127322508089,0.554908,0.5,0.572558,0.494146,0.0,0.211784,0.0,0,0.124533,0.158772,0.478492
2023-05-15,0,1,ok,0.2046971779574729,0.625511,0.75,0.570726,0.494041,0.028397,0.20463,0.001402,0,0.125039,0.151249,0.464349
2023-05-16,0,1,ok,0.1985539881255149,0.669354,0.5,0.572765,0.494158,0.050118,0.162442,0.001402,0,0.124732,0.159463,0.47979
2023-05-17,0,1,ok,0.1958835286545571,0.571386,0.5,0.571282,0.494073,5.4e-05,0.156663,0.001402,0,0.093986,0.172683,0.504644
2023-05-18,0,0,weak_score,0.1913435940349046,0.53412,0.5,0.569167,0.493952,0.0,0.156083,0.001402,0,0.092164,0.165492,0.491125
2023-05-19,0,1,ok,0.1930230943672986,0.670143,0.75,0.569325,0.493961,0.052219,0.120236,0.001402,0,0.092022,0.1662,0.492456
2023-05-22,0,1,ok,0.1990836613006168,0.873099,0.5,0.568104,0.493892,0.157873,0.119026,0.009691,0,0.093003,0.160786,0.482278
2023-05-23,0,0,high_risk_veto,0.1992884971311603,1.185018,0.75,0.585003,0.494857,0.313324,0.141348,0.009691,1,0.092474,0.239231,0.587612
2023-05-24,0,0,high_risk_veto,0.2093756055118163,1.200246,0.75,0.573287,0.494188,0.325403,0.143576,0.009691,1,0.035927,0.220271,0.580648
2023-05-25,0,0,high_risk_veto,0.2043963076300073,1.011173,0.5,0.587436,0.494996,0.221554,0.151059,0.009691,1,0.091768,0.256422,0.59387
2023-05-26,0,1,ok,0.2184459838104569,0.758381,0.5,0.565679,0.493753,0.099622,0.155228,0.009691,0,0.045031,0.180978,0.520239
2023-05-29,0,1,ok,0.2008101481443763,0.834697,0.75,0.570465,0.494027,0.136941,0.156743,0.007563,0,0.086248,0.174265,0.507618
2023-05-30,0,1,ok,0.2021457652617439,1.076561,0.5,0.571204,0.494069,0.262007,0.163391,0.007563,0,0.087525,0.176381,0.511596
2023-05-31,0,1,ok,0.2054233067346062,1.314086,0.75,0.57145,0.494083,0.385075,0.161201,0.007563,0,0.087067,0.177635,0.513955
2023-06-01,0,1,ok,0.1990046172168494,1.173003,0.5,0.570608,0.494035,0.31222,0.143301,0.007563,0,0.088921,0.17317,0.50556
2023-06-02,0,1,ok,0.2046095727942662,1.164778,0.5,0.568553,0.493917,0.308694,0.18212,0.007563,0,0.086598,0.166524,0.493065
2023-06-05,0,1,ok,0.2007058094639666,1.175032,0.5,0.570899,0.494051,0.313168,0.183187,0.016214,0,0.087076,0.175461,0.509867
2023-06-06,0,1,ok,0.1980820129614174,1.351928,0.75,0.56958,0.493976,0.405274,0.163897,0.016214,0,0.086692,0.170507,0.500552
2023-06-07,0,1,ok,0.1949626952542751,1.583532,0.75,0.571288,0.494074,0.524829,0.157225,0.016214,0,0.086716,0.177214,0.513163
2023-06-08,0,1,ok,0.1917834697537178,1.479957,0.5,0.570658,0.494038,0.4713,0.146659,0.016214,0,0.088498,0.173631,0.506425
2023-06-09,0,1,ok,0.1951962253182073,1.446965,0.5,0.569436,0.493968,0.454545,0.140144,0.016214,0,0.090955,0.1673,0.494523
2023-06-12,0,1,ok,0.1912294789031282,1.168724,0.5,0.569888,0.493994,0.31026,0.142042,0.017814,0,0.0847,0.172955,0.505155
2023-06-13,0,1,ok,0.1935121971487339,1.300156,0.5,0.569127,0.49395,0.378601,0.138636,0.017814,0,0.083538,0.170678,0.500875
2023-06-14,0,1,ok,0.1852332168204692,1.360307,0.5,0.571639,0.494094,0.408984,0.11925,0.017814,0,0.130906,0.151206,0.464268
2023-06-15,0,1,ok,0.1821398695401188,1.455858,0.5,0.571436,0.494082,0.458591,0.119194,0.017814,0,0.131759,0.149877,0.461768
2023-06-16,0,1,ok,0.1842228077682514,1.586503,0.75,0.571013,0.494058,0.526437,0.074658,0.017814,0,0.135328,0.146,0.454481
2023-06-19,0,1,ok,0.1838304790549276,1.634321,0.75,0.569978,0.493999,0.551467,0.071949,0.038543,0,0.137052,0.140859,0.444815
2023-06-20,0,1,ok,0.1865131642423723,1.73546,0.75,0.570864,0.494049,0.603688,0.091395,0.038543,0,0.13588,0.145074,0.452739
2023-06-21,0,1,ok,0.1819982831214751,1.736182,0.75,0.571854,0.494106,0.603859,0.101683,0.038543,0,0.134068,0.15009,0.462169
2023-06-22,0,1,ok,0.1851486878230017,1.576845,0.5,0.571492,0.494085,0.521311,0.107351,0.038543,0,0.134964,0.148111,0.458449
2023-06-23,0,1,ok,0.1834628436589764,1.586917,0.75,0.573751,0.494214,0.525979,0.127629,0.038543,0,0.136907,0.155797,0.472898
2023-06-26,0,1,ok,0.1941586938993163,1.547691,0.75,0.57614,0.494351,0.505001,0.127123,0.029469,0,0.141978,0.162055,0.484663
2023-06-27,0,1,ok,0.1922871294345646,1.504821,0.5,0.573184,0.494182,0.483511,0.129692,0.029469,0,0.135097,0.154686,0.470811
2023-06-28,0,1,ok,0.1880182230063095,1.454813,0.5,0.5768,0.494389,0.456538,0.130708,0.029469,0,0.139758,0.16603,0.492137
2023-06-29,0,1,ok,0.1867961884951282,1.435297,0.75,0.577957,0.494455,0.446056,0.14859,0.029469,0,0.147804,0.165597,0.491323
2023-06-30,0,1,ok,0.1883153612363418,1.490337,0.5,0.5777,0.49444,0.474763,0.155846,0.029469,0,0.135578,0.172161,0.503663
2023-07-03,0,1,ok,0.1886263539958746,1.539916,0.5,0.573448,0.494197,0.501657,0.157686,0.027345,0,0.136347,0.154953,0.471312
2023-07-04,0,1,ok,0.1902103784313421,1.554289,0.75,0.573206,0.494183,0.509179,0.149375,0.027345,0,0.13148,0.157017,0.475193
2023-07-05,0,0,high_risk_veto,0.19212555607576,1.725926,0.75,0.575103,0.494292,0.597862,0.140817,0.027345,0,0.135999,0.161681,0.483961
2023-07-06,0,0,high_risk_veto,0.1942401079613162,1.833698,0.75,0.584315,0.494818,0.652186,0.137705,0.027345,0,0.153792,0.186906,0.531384
2023-07-07,0,0,high_risk_veto,0.1943214673278248,1.903277,0.75,0.586056,0.494917,0.688223,0.11565,0.027345,0,0.157959,0.191173,0.539406
2023-07-10,0,0,high_risk_veto,0.1923657609500379,1.942371,0.75,0.589349,0.495106,0.708147,0.107014,0.0,0,0.161295,0.202067,0.559886
2023-07-11,0,0,high_risk_veto,0.1939861957551238,1.88543,0.5,0.589719,0.495127,0.678283,0.089792,0.0,1,0.166684,0.200181,0.55634
2023-07-12,0,0,high_risk_veto,0.188799899444456,1.776114,0.5,0.58463,0.494836,0.622065,0.086688,0.0,0,0.205311,0.156211,0.473677
2023-07-13,0,0,high_risk_veto,0.1769031769479504,1.669171,0.5,0.5857,0.494897,0.565988,0.062139,0.0,0,0.208007,0.158754,0.478457
2023-07-14,0,0,high_risk_veto,0.1907434280830682,1.712016,0.75,0.577449,0.494426,0.590136,0.046935,0.0,0,0.181701,0.142587,0.448064
2023-07-17,0,0,high_risk_veto,0.1872041587039406,1.758002,0.5,0.578546,0.494488,0.613835,0.037878,0.0,0,0.182181,0.146605,0.455617
2023-07-18,0,0,high_risk_veto,0.195360822264248,1.836704,0.5,0.578869,0.494507,0.654736,0.047014,0.0,0,0.180183,0.149117,0.46034
2023-07-19,0,0,high_risk_veto,0.194202578864999,1.850796,0.75,0.572923,0.494167,0.663115,0.048174,0.0,0,0.169751,0.132181,0.428501
2023-07-20,0,0,high_risk_veto,0.2152580727110428,2.101887,0.75,0.568456,0.493912,0.793889,0.047894,0.0,0,0.143239,0.131035,0.426346
2023-07-21,0,0,high_risk_veto,0.2082591275733893,2.141577,0.75,0.571381,0.494079,0.814156,0.047473,0.0,0,0.154141,0.135787,0.43528
2023-07-24,0,0,high_risk_veto,0.2156088079122126,2.051288,0.5,0.573414,0.494195,0.767095,0.049805,0.0,0,0.151292,0.145555,0.453643
2023-07-25,0,0,high_risk_veto,0.218773603744305,1.75562,0.5,0.570575,0.494033,0.614196,0.050526,0.0,0,0.144167,0.138797,0.440939
2023-07-26,0,0,high_risk_veto,0.2197881638609257,1.74852,0.75,0.566298,0.493788,0.611378,0.053776,0.0,0,0.138785,0.125304,0.415572
2023-07-27,0,0,high_risk_veto,0.2263206615285775,1.821799,0.75,0.572989,0.494171,0.648056,0.053291,0.0,0,0.15007,0.144639,0.45192
2023-07-28,0,0,high_risk_veto,0.2207041644483531,1.76787,0.5,0.563294,0.493617,0.621972,0.056511,0.0,0,0.141417,0.111848,0.390274
2023-07-31,0,0,high_risk_veto,0.2239834892869349,1.795656,0.75,0.566846,0.49382,0.63565,0.057275,0.0,0,0.144802,0.123728,0.412609
2023-08-01,0,0,high_risk_veto,0.22233357545768,1.832093,0.75,0.571209,0.494069,0.653717,0.053138,0.0,0,0.151562,0.136711,0.437016
2023-08-02,0,0,high_risk_veto,0.2435326544137787,2.185906,0.75,0.5872,0.494983,0.835794,0.088079,0.0,0,0.173027,0.186338,0.530315
2023-08-03,0,0,high_risk_veto,0.2532185025623688,2.185049,0.75,0.587892,0.495022,0.835286,0.089812,0.0,0,0.175714,0.187396,0.532305
2023-08-04,0,0,high_risk_veto,0.2577498334333969,2.168846,0.75,0.598047,0.495603,0.825887,0.123818,0.0,1,0.188427,0.225271,0.582491
2023-08-07,0,0,high_risk_veto,0.2498025471496385,1.884644,0.5,0.586804,0.49496,0.678362,0.133023,0.0,0,0.173336,0.184587,0.527024
2023-08-08,0,0,high_risk_veto,0.2506981916316835,1.90505,0.75,0.592177,0.495267,0.688152,0.138853,0.0,0,0.18503,0.198484,0.55315
2023-08-09,0,0,high_risk_veto,0.2313676602723839,1.928649,0.75,0.581753,0.494672,0.702149,0.142159,0.0,0,0.145279,0.182101,0.522349
2023-08-10,0,0,high_risk_veto,0.232474426641504,1.969418,0.5,0.578658,0.494495,0.723848,0.148054,0.0,0,0.140855,0.172661,0.504603
2023-08-11,0,0,high_risk_veto,0.2241326102874653,1.958723,0.75,0.563855,0.493649,0.720436,0.145477,0.0,0,0.115372,0.130199,0.424775
2023-08-14,0,0,high_risk_veto,0.2315951265546964,1.775466,0.5,0.566432,0.493796,0.625286,0.151436,0.0,0,0.117741,0.138875,0.441084
2023-08-15,0,0,high_risk_veto,0.2391063533890048,1.886189,0.75,0.578898,0.494508,0.68049,0.156511,0.0,0,0.144286,0.17148,0.502383
2023-08-16,0,0,high_risk_veto,0.2425491762492417,1.914009,0.75,0.579476,0.494541,0.69488,0.146626,0.0,0,0.147472,0.171778,0.502942
2023-08-17,0,0,high_risk_veto,0.2416746184965187,2.074265,0.75,0.579779,0.494559,0.778288,0.145766,0.0,0,0.14581,0.174003,0.507126
2023-08-18,0,0,high_risk_veto,0.2397194215695781,1.923151,0.75,0.583568,0.494775,0.698999,0.125387,0.0,0,0.151463,0.185409,0.528569
2023-08-21,0,0,high_risk_veto,0.2466319275054997,1.666217,0.5,0.606327,0.496076,0.559701,0.129329,0.0,1,0.248223,0.217596,0.57966
2023-08-22,0,0,high_risk_veto,0.2373818504391653,1.603172,0.75,0.596902,0.495537,0.528754,0.121074,0.0,1,0.178502,0.228086,0.583527
2023-08-23,0,0,high_risk_veto,0.235543948286034,1.492723,0.5,0.578851,0.494506,0.475691,0.114109,0.0,0,0.147083,0.169561,0.498775
2023-08-24,0,0,high_risk_veto,0.2360269513341862,1.820313,0.75,0.584919,0.494852,0.645087,0.11638,0.0,0,0.152096,0.190333,0.537825
2023-08-25,0,1,ok,0.230846968158304,1.715793,0.5,0.567261,0.493843,0.594251,0.120357,0.0,0,0.119659,0.140946,0.444978
2023-08-28,0,1,ok,0.2211583062175491,1.787478,0.5,0.572207,0.494126,0.630395,0.115058,0.038548,0,0.128277,0.155071,0.471533
2023-08-29,0,1,ok,0.2137154564326182,1.426904,0.5,0.567863,0.493878,0.444607,0.111018,0.038548,0,0.120301,0.142918,0.448686
2023-08-30,0,1,ok,0.2085984085753852,1.485344,0.5,0.571078,0.494062,0.473978,0.109917,0.038548,0,0.121308,0.154948,0.471302
2023-08-31,0,1,ok,0.2116878029552538,1.555801,0.5,0.574347,0.494248,0.509674,0.103833,0.038548,0,0.134614,0.159564,0.47998
2023-09-01,0,1,ok,0.2105429204143832,1.796484,0.75,0.565307,0.493732,0.636368,0.106389,0.038548,0,0.119456,0.133382,0.430758
2023-09-04,0,1,ok,0.2085431114350341,1.870825,0.75,0.567259,0.493843,0.674465,0.090508,0.045003,0,0.126041,0.136983,0.437529
2023-09-05,0,1,ok,0.2131020035400664,1.898294,0.5,0.567722,0.49387,0.688603,0.086751,0.045003,0,0.124076,0.140024,0.443246
2023-09-06,0,1,ok,0.2211329796656058,1.974659,0.75,0.574886,0.494279,0.727112,0.091971,0.045003,0,0.124679,0.167846,0.49555
2023-09-07,0,1,ok,0.2224601444364405,2.016227,0.75,0.572782,0.494159,0.748978,0.081867,0.045003,0,0.125041,0.159341,0.479561
2023-09-08,0,1,ok,0.224981586342543,1.984578,0.5,0.571607,0.494092,0.73272,0.076697,0.045003,0,0.124862,0.154825,0.471072
2023-09-11,0,1,ok,0.2298888702822936,1.764228,0.5,0.570776,0.494044,0.618617,0.083857,0.041576,0,0.121867,0.153411,0.468413
2023-09-12,0,1,ok,0.2306616170066841,1.785884,0.75,0.568425,0.49391,0.630294,0.087704,0.041576,0,0.120088,0.145261,0.45309
2023-09-13,0,1,ok,0.237678259353258,1.750934,0.5,0.562898,0.493594,0.613306,0.084848,0.041576,0,0.120295,0.123381,0.411956
2023-09-14,0,1,ok,0.2346764892190699,1.781918,0.5,0.561896,0.493537,0.629493,0.098757,0.041576,0,0.116751,0.121636,0.408676
2023-09-15,0,1,ok,0.2249843327529809,1.852874,0.75,0.576339,0.494362,0.663597,0.103533,0.041576,0,0.126574,0.172389,0.504091
2023-09-18,0,1,ok,0.2283679697234136,1.875765,0.5,0.577619,0.494435,0.67528,0.103553,0.041805,0,0.134049,0.172791,0.504848
2023-09-19,0,1,ok,0.2261607629057673,1.950468,0.75,0.57805,0.49446,0.714076,0.103518,0.041805,0,0.132578,0.175399,0.509751
2023-09-20,0,0,high_risk_veto,0.2271848816223833,1.899723,0.75,0.580017,0.494572,0.687353,0.110037,0.041805,0,0.126619,0.186835,0.53125
2023-09-21,0,0,high_risk_veto,0.2384408926137868,2.072754,0.75,0.58574,0.494899,0.776809,0.114452,0.041805,0,0.129868,0.207343,0.569804
2023-09-22,0,0,high_risk_veto,0.2411268151992076,2.026911,0.75,0.585595,0.494891,0.752879,0.116307,0.041805,0,0.128049,0.207899,0.570849
2023-09-25,0,0,high_risk_veto,0.2423087455461,1.845601,0.5,0.585047,0.49486,0.658269,0.125152,0.0,0,0.132561,0.202946,0.561538
2023-09-26,0,0,high_risk_veto,0.2485666983518749,1.810197,0.75,0.584308,0.494818,0.63992,0.139197,0.0,0,0.126222,0.203967,0.563459
2023-09-27,0,0,high_risk_veto,0.2385044776367383,1.813254,0.5,0.58857,0.495061,0.640716,0.143392,0.0,1,0.138664,0.21422,0.578411
2023-09-28,0,0,high_risk_veto,0.2398328120791218,1.807391,0.5,0.586657,0.494952,0.638011,0.128557,0.0,1,0.134759,0.207921,0.570891
2023-09-29,0,0,high_risk_veto,0.233040366978581,1.712365,0.5,0.587596,0.495005,0.588144,0.122961,0.0,1,0.135289,0.211287,0.57722
2023-10-02,0,0,high_risk_veto,0.2447671178708374,1.691037,0.5,0.626123,0.497207,0.568294,0.132865,0.0,1,0.242751,0.357643,0.629687
2023-10-03,0,0,high_risk_veto,0.2483674346356521,1.930224,0.75,0.583613,0.494778,0.702682,0.133212,0.0,0,0.131009,0.198267,0.552741
2023-10-04,0,0,high_risk_veto,0.2365796480747538,1.797953,0.5,0.597887,0.495594,0.630912,0.128231,0.0,1,0.201347,0.210843,0.576384
2023-10-05,0,0,high_risk_veto,0.2200863398933544,1.872881,0.75,0.600373,0.495736,0.669873,0.120706,0.0,1,0.20191,0.226636,0.582994
2023-10-06,0,0,high_risk_veto,0.2149142953755868,1.57346,0.5,0.610169,0.496295,0.509724,0.144996,0.0,1,0.276218,0.213772,0.578245
2023-10-09,0,0,high_risk_veto,0.2170836831685123,1.644171,0.5,0.598464,0.495627,0.549928,0.139769,0.0,1,0.196056,0.219981,0.580541
2023-10-10,0,0,high_risk_veto,0.2123040545080589,1.596072,0.5,0.596009,0.495486,0.525246,0.115643,0.0,1,0.192164,0.209142,0.573188
2023-10-11,0,0,high_risk_veto,0.213060291470867,1.665088,0.5,0.595818,0.495475,0.561538,0.116341,0.0,1,0.191663,0.208701,0.572358
2023-10-12,0,0,high_risk_veto,0.2194908319533426,1.753562,0.75,0.597379,0.495565,0.607679,0.116527,0.0,1,0.199649,0.209896,0.574605
2023-10-13,0,0,high_risk_veto,0.2266347316766785,1.857786,0.75,0.603645,0.495923,0.661343,0.134029,0.0,1,0.202696,0.247891,0.590772
2023-10-16,0,0,high_risk_veto,0.2251431526324961,1.796386,0.5,0.593345,0.495334,0.630969,0.151461,0.0,1,0.198423,0.194781,0.546188
2023-10-17,0,0,high_risk_veto,0.2180824863449218,1.797348,0.75,0.597418,0.495567,0.630685,0.15057,0.0,1,0.205086,0.20668,0.568558
2023-10-18,0,0,high_risk_veto,0.2103753809425783,1.849168,0.75,0.595782,0.495473,0.658216,0.162483,0.0,1,0.196384,0.205633,0.56659
2023-10-19,0,0,high_risk_veto,0.2230305740781978,2.043252,0.75,0.594268,0.495387,0.760329,0.163295,0.0,1,0.197162,0.199194,0.554485
2023-10-20,0,0,high_risk_veto,0.2169137174884778,2.095822,0.75,0.595215,0.495441,0.787809,0.168499,0.0,1,0.193304,0.205313,0.565988
2023-10-23,0,0,high_risk_veto,0.2229560315559666,1.89184,0.5,0.617029,0.496687,0.677021,0.168827,0.0,1,0.283769,0.252049,0.592283
2023-10-24,0,0,high_risk_veto,0.2262817844273879,1.696902,0.5,0.607819,0.496161,0.57557,0.166947,0.0,1,0.269074,0.20795,0.570946
2023-10-25,0,0,high_risk_veto,0.2262255354013355,1.785528,0.75,0.606528,0.496087,0.622666,0.168099,0.0,1,0.265906,0.20483,0.565081
2023-10-26,0,0,high_risk_veto,0.2203522081370985,1.982877,0.75,0.59582,0.495475,0.728427,0.187083,0.0,1,0.19195,0.208531,0.572038
2023-10-27,0,0,high_risk_veto,0.2172119794182337,1.996001,0.5,0.602213,0.495841,0.734428,0.182894,0.0,1,0.200987,0.240033,0.587906
2023-10-30,0,1,ok,0.2146998291505795,1.63155,0.5,0.607031,0.496116,0.541223,0.179716,0.014754,1,0.262899,0.208675,0.572309
2023-10-31,0,1,ok,0.2144674948790741,1.417872,0.5,0.601308,0.495789,0.430066,0.1762,0.014754,1,0.249515,0.194449,0.545563
2023-11-01,0,1,ok,0.2194822166312948,1.303333,0.5,0.585601,0.494891,0.374912,0.174721,0.014754,0,0.185407,0.172371,0.504058
2023-11-02,0,1,ok,0.2196730742908061,1.279643,0.5,0.582262,0.494701,0.363648,0.191661,0.014754,0,0.184695,0.159671,0.480182
2023-11-03,0,1,ok,0.2134384818651185,1.288493,0.5,0.580966,0.494627,0.368689,0.167061,0.014754,0,0.172732,0.161986,0.484535
2023-11-06,0,1,ok,0.2237196015414493,1.489537,0.5,0.57718,0.49441,0.474489,0.165706,0.025023,0,0.169692,0.148971,0.460065
2023-11-07,0,1,ok,0.2169028820622776,1.603686,0.5,0.574489,0.494256,0.534506,0.165837,0.025023,0,0.159197,0.144885,0.452383
2023-11-08,0,1,ok,0.2122256108658942,1.657779,0.5,0.59023,0.495156,0.558993,0.163803,0.025023,0,0.178099,0.195117,0.546819
2023-11-09,0,1,ok,0.2053506668778057,1.738666,0.75,0.591709,0.495241,0.601039,0.113396,0.025023,0,0.190945,0.192977,0.542797
2023-11-10,0,1,ok,0.2142060107344007,1.629751,0.5,0.594353,0.495392,0.543332,0.111672,0.025023,0,0.182975,0.20832,0.571641
2023-11-13,0,1,ok,0.2043446178117056,1.690736,0.75,0.581738,0.494671,0.578127,0.10065,0.035541,0,0.160255,0.172757,0.504783
2023-11-14,0,1,ok,0.2073008691468133,1.457552,0.5,0.577979,0.494456,0.457629,0.097967,0.035541,0,0.160735,0.157668,0.476415
2023-11-15,0,1,ok,0.1968386600472359,1.702416,0.5,0.580772,0.494616,0.584425,0.099897,0.035541,0,0.171646,0.161896,0.484364
2023-11-16,0,1,ok,0.2002481474109642,1.669146,0.5,0.589631,0.495122,0.565082,0.102008,0.035541,0,0.185225,0.188344,0.534086
2023-11-17,0,1,ok,0.1972165852338996,1.860326,0.75,0.583136,0.494751,0.666292,0.102307,0.035541,0,0.178851,0.166735,0.493461
2023-11-20,0,1,ok,0.2046031017733658,1.720744,0.5,0.587743,0.495014,0.592494,0.100365,0.035638,0,0.181768,0.183057,0.524146
2023-11-21,0,1,ok,0.1983127099799856,1.790581,0.75,0.579913,0.494566,0.630528,0.102044,0.035638,0,0.166696,0.161585,0.48378
2023-11-22,0,1,ok,0.1984659770038434,1.755129,0.5,0.573078,0.494176,0.61344,0.097443,0.035638,0,0.158414,0.139818,0.442858
2023-11-23,0,1,ok,0.1993638019338815,1.868213,0.75,0.570423,0.494024,0.672577,0.098723,0.035638,0,0.149661,0.134796,0.433417
2023-11-24,0,1,ok,0.1981749318130784,1.850842,0.75,0.569251,0.493957,0.663779,0.078086,0.035638,0,0.15676,0.125781,0.416468
2023-11-27,0,1,ok,0.1964359563179861,1.893057,0.75,0.569108,0.493949,0.685667,0.096609,0.044652,0,0.15378,0.127067,0.418885
2023-11-28,0,1,ok,0.1980282666600794,1.858992,0.5,0.568799,0.493931,0.668078,0.097671,0.044652,0,0.160694,0.121565,0.408543
2023-11-29,0,1,ok,0.1898751459987928,1.847411,0.75,0.563873,0.49365,0.662941,0.086091,0.044652,0,0.150975,0.108203,0.383422
2023-11-30,0,1,ok,0.1919032323469393,1.874815,0.75,0.573275,0.494187,0.675519,0.094106,0.044652,0,0.180938,0.126634,0.418072
2023-12-01,0,1,ok,0.1897665770127841,1.904828,0.5,0.569778,0.493987,0.691656,0.096033,0.044652,0,0.156898,0.127772,0.420212
2023-12-04,0,1,ok,0.1912532826916373,2.007983,0.75,0.574041,0.494231,0.744534,0.089639,0.048611,0,0.179911,0.130283,0.424933
2023-12-05,0,1,ok,0.1913782901578632,1.937848,0.5,0.570522,0.49403,0.708651,0.094504,0.048611,0,0.160705,0.128339,0.421277
2023-12-06,0,1,ok,0.1918113679599444,1.975679,0.75,0.573565,0.494204,0.727828,0.09476,0.048611,0,0.160151,0.140659,0.444439
2023-12-07,0,1,ok,0.190277242972454,1.728958,0.5,0.567811,0.493875,0.600949,0.11136,0.048611,0,0.164348,0.115412,0.396975
2023-12-08,0,1,ok,0.1918407359078731,1.749865,0.5,0.568817,0.493932,0.611567,0.122627,0.048611,0,0.176273,0.111979,0.39052
2023-12-11,0,0,high_risk_veto,0.1898948988486152,1.699599,0.5,0.573452,0.494197,0.584542,0.115135,0.0,0,0.182758,0.1262,0.417256
2023-12-12,0,0,high_risk_veto,0.1910103983482697,1.817805,0.5,0.563328,0.493619,0.647749,0.113723,0.0,0,0.151735,0.105588,0.378506
2023-12-13,0,0,high_risk_veto,0.1897015834834032,1.809058,0.5,0.570282,0.494016,0.641947,0.108175,0.0,0,0.170427,0.121367,0.40817
2023-12-14,0,0,high_risk_veto,0.1905640518674815,1.941337,0.75,0.575334,0.494305,0.709735,0.104385,0.0,0,0.185994,0.131603,0.427413
2023-12-15,0,0,high_risk_veto,0.1899762442848967,2.013002,0.5,0.566209,0.493783,0.748164,0.102647,0.0,0,0.149199,0.118497,0.402775
2023-12-18,0,0,high_risk_veto,0.1907432680148574,2.082222,0.5,0.565611,0.493749,0.784026,0.109009,0.0,0,0.167648,0.104709,0.376853
2023-12-19,0,0,high_risk_veto,0.1898534817813552,2.028869,0.5,0.565638,0.493751,0.756441,0.098766,0.0,0,0.166441,0.105564,0.378461
2023-12-20,0,0,high_risk_veto,0.1897413892387153,2.191519,0.75,0.588445,0.495054,0.838623,0.139561,0.0,0,0.213751,0.165996,0.492072
2023-12-21,0,0,high_risk_veto,0.1900224970248862,2.158994,0.5,0.589085,0.495091,0.821549,0.143076,0.0,0,0.228905,0.159122,0.479149
2023-12-22,0,0,high_risk_veto,0.1892109348442033,2.203854,0.5,0.582096,0.494691,0.845589,0.134084,0.0,0,0.205022,0.146419,0.455269
2023-12-25,0,0,high_risk_veto,0.1890487251380082,2.097679,0.75,0.581627,0.494664,0.79028,0.132958,0.0,0,0.201886,0.146517,0.455452
2023-12-26,0,0,high_risk_veto,0.1887064782039865,2.170475,0.5,0.583964,0.494798,0.828017,0.133378,0.0,0,0.216365,0.146738,0.455867
2023-12-27,0,0,high_risk_veto,0.1962545908689356,2.167778,0.5,0.561386,0.493508,0.828629,0.136964,0.0,0,0.135445,0.108042,0.383119
2023-12-28,0,0,high_risk_veto,0.2032020580410621,2.181496,0.75,0.567039,0.493831,0.835225,0.135016,0.0,0,0.158151,0.116214,0.398483
2023-12-29,0,0,high_risk_veto,0.199832065319095,2.25296,0.75,0.566385,0.493793,0.872239,0.134884,0.0,0,0.153973,0.11623,0.398513
2024-01-01,0,0,high_risk_veto,0.2026220223276533,2.258002,0.75,0.567298,0.493846,0.874788,0.12914,0.0,0,0.157527,0.117619,0.401124
2024-01-02,0,0,high_risk_veto,0.2092780931503528,2.3745,0.75,0.583089,0.494748,0.93453,0.127587,0.0,0,0.190781,0.159153,0.479207
2024-01-03,0,0,high_risk_veto,0.2138063499837083,2.336617,0.75,0.584496,0.494828,0.914705,0.092186,0.0,0,0.186635,0.167262,0.494453
2024-01-04,0,0,high_risk_veto,0.2143154708316998,2.291336,0.75,0.59088,0.495193,0.890701,0.071754,0.0,0,0.205723,0.180555,0.519444
2024-01-05,0,0,high_risk_veto,0.2056920606761254,2.066418,0.5,0.586507,0.494943,0.773408,0.074666,0.0,0,0.213535,0.158503,0.477986
2024-01-08,0,0,high_risk_veto,0.2023132583421702,1.811533,0.5,0.579743,0.494557,0.641472,0.093499,0.0,0,0.193134,0.144527,0.451711
2024-01-09,0,0,high_risk_veto,0.2072316784136989,1.810119,0.5,0.572986,0.494171,0.641995,0.093039,0.0,0,0.162048,0.137204,0.437944
2024-01-10,0,0,high_risk_veto,0.211400726565134,1.792924,0.5,0.577486,0.494428,0.632213,0.093884,0.0,0,0.174327,0.1473,0.456924
2024-01-11,0,0,high_risk_veto,0.2087580305369401,1.977735,0.5,0.596271,0.495501,0.725662,0.099397,0.0,1,0.214489,0.196335,0.549109
2024-01-12,0,0,high_risk_veto,0.2159229776953048,1.958905,0.75,0.597533,0.495573,0.715583,0.100413,0.0,1,0.227389,0.193307,0.543417
2024-01-15,0,0,high_risk_veto,0.2144566712673469,1.998171,0.75,0.56825,0.4939,0.740221,0.100413,0.0,0,0.147563,0.127543,0.419781
2024-01-16,0,0,high_risk_veto,0.2202002418648361,2.011226,0.75,0.582454,0.494712,0.745104,0.100876,0.0,0,0.19335,0.155063,0.471519
2024-01-17,0,0,high_risk_veto,0.2166357924842919,2.06739,0.75,0.58852,0.495058,0.773678,0.08345,0.0,0,0.211857,0.167464,0.494832
2024-01-18,0,0,high_risk_veto,0.2035240719183108,1.949901,0.5,0.596207,0.495498,0.711051,0.095326,0.0,0,0.25458,0.171236,0.501923
2024-01-19,0,0,high_risk_veto,0.2076974609766218,1.790726,0.5,0.589862,0.495135,0.628679,0.106012,0.0,0,0.200021,0.180081,0.518553
2024-01-22,0,0,high_risk_veto,0.2098678750817684,1.77304,0.5,0.578067,0.494461,0.621756,0.099155,0.0,0,0.190928,0.1393,0.441883
2024-01-23,0,0,high_risk_veto,0.2043940655476801,1.898773,0.5,0.565822,0.493761,0.689157,0.097156,0.0,0,0.152381,0.115001,0.396203
2024-01-24,0,0,high_risk_veto,0.1908051747724135,2.049369,0.5,0.586595,0.494948,0.764488,0.093096,0.0,0,0.201454,0.166335,0.492709
2024-01-25,0,0,high_risk_veto,0.1922194594272879,2.065426,0.5,0.581755,0.494672,0.773452,0.081631,0.0,0,0.20202,0.146938,0.456243
2024-01-26,0,0,high_risk_veto,0.1914783257748682,2.154218,0.75,0.571444,0.494083,0.820704,0.076774,0.0,0,0.172428,0.124701,0.414437
2024-01-29,0,0,high_risk_veto,0.1921724933907852,2.086652,0.5,0.573626,0.494207,0.785427,0.075347,0.0,0,0.179829,0.128702,0.42196
2024-01-30,0,0,high_risk_veto,0.1910993908031085,2.097815,0.75,0.5752,0.494297,0.791051,0.080466,0.0,0,0.181642,0.13377,0.431487
2024-01-31,0,0,high_risk_veto,0.1923361048478507,2.1468,0.75,0.595307,0.495446,0.814563,0.161079,0.0,0,0.23727,0.17842,0.51543
2024-02-01,0,1,ok,0.1919350172032318,2.026884,0.5,0.584773,0.494844,0.752971,0.15492,0.0,0,0.203817,0.157703,0.476481
2024-02-02,0,1,ok,0.1901906091501299,1.751587,0.5,0.589299,0.495103,0.608304,0.185828,0.0,0,0.21881,0.16622,0.492493
2024-02-05,0,1,ok,0.1915255420951158,1.581371,0.75,0.59279,0.495302,0.518339,0.186631,0.014722,0,0.222541,0.177646,0.513975
2024-02-06,0,1,ok,0.1913725087735827,1.73005,0.75,0.5832,0.494754,0.598315,0.186912,0.014722,0,0.196808,0.155855,0.473008
2024-02-07,0,1,ok,0.1905591079328705,1.789676,0.5,0.57819,0.494468,0.630388,0.191607,0.014722,0,0.16372,0.156649,0.4745
2024-02-08,0,1,ok,0.1904320678334779,1.768528,0.5,0.571219,0.49407,0.62076,0.191758,0.014722,0,0.150586,0.137356,0.438229
2024-02-09,0,1,ok,0.1920432273393972,1.698775,0.5,0.572427,0.494139,0.584335,0.19326,0.014722,0,0.146386,0.144711,0.452057
2024-02-12,0,0,high_risk_veto,0.1913590605880009,1.881524,0.75,0.588183,0.495039,0.676498,0.19439,0.0,0,0.210243,0.167137,0.494218
2024-02-13,0,0,high_risk_veto,0.1902081444284601,2.064535,0.75,0.605302,0.496017,0.770167,0.1952,0.0,0,0.251616,0.208865,0.572666
2024-02-14,0,0,high_risk_veto,0.1913855809704039,2.050687,0.5,0.600152,0.495723,0.763501,0.121656,0.0,0,0.253433,0.187469,0.532441
2024-02-15,0,0,high_risk_veto,0.1920329646754451,1.982271,0.5,0.588637,0.495065,0.729131,0.12171,0.0,0,0.210046,0.169047,0.497809
2024-02-16,0,0,high_risk_veto,0.1916350972243975,1.913172,0.75,0.604503,0.495972,0.69041,0.072262,0.0,0,0.259668,0.200731,0.557375
2024-02-19,0,0,high_risk_veto,0.1914785404414102,2.010476,0.75,0.591221,0.495213,0.743541,0.071302,0.0,0,0.210681,0.178823,0.516188
2024-02-20,0,0,high_risk_veto,0.1904936747127464,2.103871,0.75,0.603019,0.495887,0.791179,0.083539,0.0,0,0.241416,0.206202,0.567659
2024-02-21,0,0,high_risk_veto,0.1820188667462701,2.03568,0.75,0.578964,0.494512,0.758297,0.072091,0.0,1,0.085102,0.208422,0.571834
2024-02-22,0,0,high_risk_veto,0.1797289956620439,1.744923,0.5,0.576193,0.494354,0.607509,0.121472,0.0,0,0.087602,0.195969,0.548422
2024-02-23,0,1,ok,0.1810595141799308,1.670164,0.75,0.575784,0.494331,0.568741,0.12336,0.0,0,0.092748,0.191171,0.539401
2024-02-26,0,1,ok,0.1802086881544105,1.633206,0.75,0.576502,0.494372,0.549366,0.123981,0.032284,0,0.089666,0.195906,0.548304
2024-02-27,0,1,ok,0.1831184633588391,1.905173,0.5,0.574012,0.494229,0.691158,0.121335,0.032284,0,0.086213,0.188247,0.533904
2024-02-28,0,1,ok,0.1835972876372152,1.935691,0.75,0.575978,0.494342,0.706704,0.125325,0.032284,0,0.087346,0.195281,0.547128
2024-02-29,0,1,ok,0.1827193471270802,1.867102,0.5,0.569361,0.493963,0.672182,0.124503,0.032284,0,0.081814,0.172668,0.504616
2024-03-01,0,1,ok,0.1864811954987001,1.752542,0.5,0.568684,0.493925,0.61298,0.125448,0.032284,0,0.080152,0.171035,0.501545
2024-03-04,0,1,ok,0.1825417688819501,1.780504,0.75,0.573115,0.494178,0.626601,0.125162,0.037162,0,0.090145,0.182279,0.522684
2024-03-05,0,1,ok,0.189367227496019,2.020214,0.75,0.577398,0.494423,0.75045,0.149173,0.037162,1,0.088549,0.200124,0.556233
2024-03-06,0,1,ok,0.1864513479994673,2.072963,0.5,0.578631,0.494493,0.777743,0.14849,0.037162,1,0.085062,0.207139,0.569422
2024-03-07,0,1,ok,0.1834653637284247,1.860059,0.5,0.578105,0.494463,0.667026,0.109723,0.037162,0,0.084521,0.205405,0.566161
2024-03-08,0,1,ok,0.1887560042838985,1.819498,0.75,0.580488,0.494599,0.645482,0.113003,0.037162,1,0.084836,0.216886,0.579397
2024-03-11,0,1,ok,0.1831550919153177,1.905874,0.75,0.579588,0.494548,0.690626,0.112839,0.024816,1,0.088418,0.208823,0.572587
2024-03-12,0,1,ok,0.1888770333691906,1.886464,0.5,0.570743,0.494042,0.681983,0.135405,0.024816,0,0.083179,0.177262,0.513252
2024-03-13,0,1,ok,0.1863355220433849,1.802597,0.75,0.568221,0.493898,0.638984,0.131584,0.024816,0,0.083195,0.167328,0.494577
2024-03-14,0,1,ok,0.1824208130530075,1.756628,0.75,0.568949,0.49394,0.615043,0.133179,0.024816,0,0.089331,0.166389,0.49281
2024-03-15,0,1,ok,0.1808828630901634,1.981945,0.75,0.568008,0.493886,0.731854,0.13551,0.024816,0,0.085273,0.1652,0.490577
2024-03-18,0,1,ok,0.1854034283138447,1.800285,0.5,0.570651,0.494037,0.637331,0.139928,0.03669,0,0.085447,0.175496,0.509932
2024-03-19,0,1,ok,0.1864136221356014,1.751428,0.5,0.569751,0.493986,0.612189,0.1011,0.03669,0,0.087154,0.170895,0.501283
2024-03-20,0,1,ok,0.1898794450536834,1.534197,0.5,0.574248,0.494243,0.49848,0.102446,0.03669,0,0.126026,0.164499,0.489258
2024-03-21,0,1,ok,0.1903706185475319,1.609943,0.5,0.578707,0.494498,0.536741,0.09891,0.03669,0,0.136835,0.175347,0.509651
2024-03-22,0,1,ok,0.1889732420328622,1.630688,0.5,0.574377,0.49425,0.548556,0.097215,0.03669,0,0.131296,0.161737,0.484066
2024-03-25,0,1,ok,0.1905923057464875,1.775606,0.75,0.571744,0.4941,0.624327,0.097503,0.040172,0,0.13025,0.152024,0.465805
2024-03-26,0,1,ok,0.1893093629384353,1.817581,0.75,0.575926,0.494339,0.645326,0.077522,0.040172,0,0.130419,0.168377,0.496549
2024-03-27,0,1,ok,0.1885933846074895,1.794368,0.5,0.57684,0.494391,0.633087,0.079879,0.040172,0,0.144292,0.163378,0.487151
2024-03-28,0,1,ok,0.1884716214136799,1.776677,0.75,0.574842,0.494277,0.624279,0.076988,0.040172,0,0.124308,0.167898,0.495649
2024-03-29,0,1,ok,0.1882572526612008,1.751427,0.75,0.574881,0.494279,0.611155,0.06934,0.040172,0,0.130211,0.164395,0.489063
2024-04-01,0,1,ok,0.1901900221654087,1.779487,0.5,0.579699,0.494554,0.624791,0.070236,0.042378,0,0.145256,0.174029,0.507175
2024-04-02,0,0,high_risk_veto,0.1886240091990712,1.841171,0.75,0.584786,0.494845,0.656003,0.075799,0.042378,0,0.153209,0.189122,0.535549
2024-04-03,0,0,high_risk_veto,0.1894310325253666,1.817062,0.5,0.578377,0.494479,0.644604,0.069296,0.042378,0,0.142357,0.170623,0.500772
2024-04-04,0,0,high_risk_veto,0.1877916526452867,1.952857,0.75,0.587304,0.494989,0.713942,0.103285,0.042378,0,0.154862,0.198004,0.552247
2024-04-05,0,0,high_risk_veto,0.1883934263284699,1.735175,0.5,0.586041,0.494917,0.600397,0.136517,0.042378,0,0.149896,0.196113,0.548692
2024-04-08,0,0,high_risk_veto,0.1907794695064946,1.765158,0.75,0.584696,0.49484,0.616331,0.136853,0.0,0,0.149921,0.190803,0.538709
2024-04-09,0,0,high_risk_veto,0.1894069042152061,1.627426,0.5,0.587234,0.494985,0.543815,0.135431,0.0,0,0.160821,0.194035,0.544787
2024-04-10,0,0,high_risk_veto,0.1901130223032768,1.868774,0.75,0.584007,0.4948,0.670549,0.134583,0.0,0,0.151137,0.187341,0.532201
2024-04-11,0,0,high_risk_veto,0.1903518132084175,1.734413,0.5,0.584462,0.494826,0.600328,0.140035,0.0,0,0.154026,0.187341,0.532201
2024-04-12,0,0,high_risk_veto,0.1925494911860142,1.899934,0.75,0.587258,0.494986,0.68628,0.171185,0.0,0,0.159421,0.195,0.546599
2024-04-15,0,0,high_risk_veto,0.1922181834839612,1.952951,0.75,0.591565,0.495232,0.713352,0.167596,0.0,1,0.166597,0.207501,0.570102
2024-04-16,0,0,high_risk_veto,0.1914608179282257,2.067038,0.75,0.586873,0.494964,0.773689,0.167668,0.0,0,0.155049,0.196196,0.548848
2024-04-17,0,0,high_risk_veto,0.1993949962069371,1.985356,0.75,0.603644,0.495923,0.728614,0.177183,0.0,0,0.253236,0.201335,0.55851
2024-04-18,0,0,high_risk_veto,0.1992728697240569,1.838986,0.75,0.598709,0.495641,0.652334,0.160037,0.0,0,0.243896,0.187702,0.532881
2024-04-19,0,0,high_risk_veto,0.1930967721051626,2.001826,0.75,0.599956,0.495712,0.737809,0.131731,0.0,0,0.236281,0.197329,0.550979
2024-04-22,0,0,high_risk_veto,0.1985618234622329,1.783861,0.5,0.593549,0.495346,0.62436,0.141811,0.0,0,0.215266,0.185143,0.528069
2024-04-23,0,1,ok,0.1938200722751938,1.585796,0.5,0.591569,0.495233,0.520966,0.157582,0.0,0,0.212071,0.179331,0.517142
2024-04-24,0,1,ok,0.1978858734531397,1.400978,0.5,0.595153,0.495437,0.423039,0.156597,0.0,0,0.231799,0.181208,0.520671
2024-04-25,0,1,ok,0.1961799605858989,1.598635,0.75,0.595775,0.495473,0.52665,0.147031,0.0,0,0.226978,0.186644,0.530891
2024-04-26,0,1,ok,0.1975160976373981,1.627254,0.5,0.587345,0.494991,0.543699,0.123981,0.0,0,0.204274,0.167539,0.494973
2024-04-29,0,1,ok,0.195746660982957,1.632237,0.5,0.590585,0.495176,0.545534,0.11843,0.01852,0,0.213202,0.174757,0.508542
2024-04-30,0,1,ok,0.1974910152638598,1.762698,0.75,0.593095,0.49532,0.613351,0.132888,0.01852,0,0.219824,0.180529,0.519395
2024-05-01,0,1,ok,0.1969706515521723,1.964185,0.75,0.591127,0.495207,0.719303,0.121892,0.01852,0,0.216102,0.175092,0.509173
2024-05-02,0,1,ok,0.1955815157383736,1.845937,0.5,0.588386,0.495051,0.657848,0.123889,0.01852,0,0.208223,0.169189,0.498076
2024-05-03,0,1,ok,0.1993882756690867,1.454437,0.5,0.578287,0.494474,0.455921,0.113087,0.01852,0,0.17535,0.14982,0.461662
2024-05-06,0,1,ok,0.200708859503934,1.290185,0.5,0.58053,0.494602,0.369714,0.114137,0.021985,0,0.18072,0.155321,0.472004
2024-05-07,0,1,ok,0.199156454627093,1.417938,0.75,0.57624,0.494357,0.437527,0.103118,0.021985,0,0.166834,0.147045,0.456445
2024-05-08,0,1,ok,0.1969387716383233,1.607813,0.75,0.578721,0.494498,0.535629,0.103346,0.021985,0,0.178826,0.149376,0.460827
2024-05-09,0,1,ok,0.1962695754506334,1.664331,0.5,0.581844,0.494677,0.564337,0.103369,0.021985,0,0.182151,0.159603,0.480054
2024-05-10,0,1,ok,0.1954759854966154,1.630256,0.5,0.581227,0.494642,0.546719,0.09983,0.021985,0,0.185903,0.15485,0.471118
2024-05-13,0,1,ok,0.1944091776522299,1.598311,0.5,0.596885,0.495536,0.526204,0.100128,0.018341,0,0.239065,0.183518,0.525014
2024-05-14,0,1,ok,0.1921535870217403,1.572028,0.5,0.589306,0.495103,0.514327,0.073368,0.018341,0,0.216479,0.167691,0.495259
2024-05-15,0,1,ok,0.2002580473322914,1.439239,0.5,0.575067,0.49429,0.448936,0.051133,0.018341,0,0.176023,0.136732,0.437057
2024-05-16,0,1,ok,0.1930607349239947,1.477409,0.75,0.58025,0.494586,0.467331,0.053437,0.018341,0,0.188206,0.149577,0.461204
2024-05-17,0,1,ok,0.1943579217590595,1.540582,0.75,0.576539,0.494374,0.501202,0.050099,0.018341,0,0.185287,0.136784,0.437154
2024-05-20,0,1,ok,0.1979520887367147,1.658289,0.5,0.580476,0.494599,0.5615,0.03534,0.04262,0,0.199913,0.14321,0.449235
2024-05-21,0,1,ok,0.1912693647591779,1.621179,0.5,0.573149,0.49418,0.543908,0.032505,0.04262,0,0.163577,0.136898,0.437369
2024-05-22,0,1,ok,0.1900665041519297,1.629904,0.75,0.578368,0.494478,0.54721,0.037562,0.04262,0,0.181347,0.146424,0.455278
2024-05-23,0,1,ok,0.199993535390536,1.714798,0.75,0.586664,0.494952,0.589616,0.046689,0.04262,0,0.202177,0.166158,0.492377
2024-05-24,0,1,ok,0.1936464358420211,1.655792,0.5,0.571582,0.49409,0.562228,0.048946,0.04262,0,0.168966,0.127389,0.419491
2024-05-27,0,1,ok,0.1927802027890249,1.662677,0.75,0.576225,0.494356,0.56475,0.04773,0.04173,0,0.185638,0.135328,0.434416
2024-05-28,0,0,high_risk_veto,0.1972024993920208,1.590417,0.5,0.589031,0.495087,0.52402,0.054122,0.04173,0,0.212581,0.169026,0.497769
2024-05-29,0,0,high_risk_veto,0.192395018283288,1.736211,0.75,0.603993,0.495942,0.597159,0.05506,0.04173,1,0.26573,0.194965,0.546534
2024-05-30,0,0,high_risk_veto,0.1917241920185338,1.841456,0.75,0.593282,0.49533,0.654619,0.085148,0.04173,0,0.231875,0.173795,0.506734
2024-05-31,0,0,high_risk_veto,0.1938811446559452,1.861387,0.75,0.581306,0.494646,0.667162,0.084322,0.04173,0,0.187896,0.153927,0.469383
2024-06-03,0,0,high_risk_veto,0.1924540211676657,1.695042,0.5,0.586482,0.494942,0.579331,0.086871,0.0,0,0.20347,0.16464,0.489523
2024-06-04,0,0,high_risk_veto,0.1957484168378071,1.471521,0.5,0.585319,0.494875,0.462846,0.088217,0.0,0,0.200946,0.161631,0.483867
2024-06-05,0,0,high_risk_veto,0.2018099273943992,1.223826,0.5,0.58404,0.494802,0.333924,0.100394,0.0,0,0.192336,0.161932,0.484432
2024-06-06,0,0,high_risk_veto,0.2050019746029142,1.261622,0.75,0.581642,0.494665,0.354459,0.098394,0.0,0,0.186379,0.156189,0.473636
2024-06-07,0,0,high_risk_veto,0.2022554967538932,1.328833,0.75,0.579155,0.494523,0.390285,0.105819,0.0,0,0.186224,0.146498,0.455417
2024-06-10,0,0,high_risk_veto,0.1979647843679024,1.514457,0.5,0.581246,0.494643,0.486363,0.108631,0.0,0,0.198648,0.147024,0.456404
2024-06-11,0,0,high_risk_veto,0.1972561059994713,1.462602,0.5,0.591102,0.495206,0.456546,0.105736,0.0,0,0.22286,0.170806,0.501115
2024-06-12,0,0,high_risk_veto,0.1928559655780975,1.327748,0.5,0.577756,0.494443,0.390164,0.105694,0.0,0,0.120772,0.181561,0.521336
2024-06-13,0,0,high_risk_veto,0.1929645900684818,1.287429,0.5,0.576808,0.494389,0.369501,0.087059,0.0,0,0.122461,0.176784,0.512354
2024-06-14,0,0,high_risk_veto,0.1945868451841909,1.265155,0.5,0.578811,0.494503,0.35725,0.086581,0.0,0,0.123061,0.184292,0.52647
2024-06-17,0,0,high_risk_veto,0.1960351340460653,1.268148,0.5,0.582318,0.494704,0.357635,0.09735,0.0,0,0.122651,0.198348,0.552894
2024-06-18,0,0,high_risk_veto,0.1963784020221942,1.319735,0.75,0.574795,0.494274,0.38694,0.093137,0.0,0,0.119879,0.170462,0.500469
2024-06-19,0,0,high_risk_veto,0.1954152875874734,1.398161,0.75,0.575685,0.494325,0.427412,0.088581,0.0,0,0.125353,0.170572,0.500675
2024-06-20,0,0,high_risk_veto,0.1992969118182654,1.578271,0.75,0.574766,0.494272,0.521238,0.088849,0.0,0,0.122559,0.168687,0.497131
2024-06-21,0,0,high_risk_veto,0.2045560798512415,1.614905,0.75,0.576424,0.494367,0.53987,0.080567,0.0,0,0.130352,0.170382,0.500318
2024-06-24,0,0,high_risk_veto,0.2019448407145993,1.714897,0.75,0.574642,0.494265,0.59223,0.078436,0.0,0,0.126448,0.165788,0.491682
2024-06-25,0,0,high_risk_veto,0.2005163174217661,1.507934,0.5,0.575676,0.494324,0.48446,0.078473,0.0,0,0.126642,0.169734,0.4991
2024-06-26,0,0,high_risk_veto,0.2027757249764119,1.433577,0.5,0.577346,0.49442,0.445338,0.084965,0.0,0,0.128926,0.174894,0.508801
2024-06-27,0,0,high_risk_veto,0.2053908186957897,1.288787,0.5,0.575823,0.494333,0.370529,0.079789,0.0,0,0.130901,0.167673,0.495225
2024-06-28,0,0,high_risk_veto,0.2038805489825839,1.479817,0.75,0.574267,0.494244,0.470236,0.078224,0.0,0,0.124921,0.165259,0.490688
2024-07-01,0,0,high_risk_veto,0.19787660109701,1.466203,0.5,0.571688,0.494096,0.463885,0.067798,0.0,0,0.123896,0.155745,0.4728
2024-07-02,0,0,high_risk_veto,0.1981070794815467,1.422571,0.5,0.573202,0.494183,0.440819,0.065912,0.0,0,0.125434,0.160747,0.482204
2024-07-03,0,0,high_risk_veto,0.1953154102962696,1.3041,0.5,0.574652,0.494266,0.378866,0.068327,0.0,0,0.123053,0.16793,0.495708
2024-07-04,0,0,high_risk_veto,0.1957123260155608,1.379657,0.75,0.573187,0.494182,0.418551,0.068163,0.0,0,0.123135,0.162115,0.484777
2024-07-05,0,0,high_risk_veto,0.1989597003038796,1.39937,0.5,0.57812,0.494464,0.427316,0.064963,0.0,0,0.128985,0.177902,0.514456
2024-07-08,0,0,high_risk_veto,0.1971100604410458,1.477767,0.5,0.576899,0.494394,0.468445,0.058303,0.0,0,0.126784,0.174462,0.507988
2024-07-09,0,0,high_risk_veto,0.1978217848862192,1.487618,0.5,0.578302,0.494474,0.473184,0.058038,0.0,0,0.127515,0.179527,0.517511
2024-07-10,0,0,high_risk_veto,0.1967381445535818,1.494775,0.5,0.576137,0.494351,0.477497,0.061896,0.0,0,0.145503,0.159859,0.480536
2024-07-11,0,0,high_risk_veto,0.1947724578924275,1.711629,0.75,0.574859,0.494278,0.590487,0.106645,0.0,0,0.139034,0.15884,0.478618
2024-07-12,0,0,high_risk_veto,0.193131832401124,1.635675,0.5,0.576448,0.494368,0.550662,0.107813,0.0,0,0.142374,0.163024,0.486484
2024-07-15,0,0,high_risk_veto,0.1938530626410833,1.68673,0.5,0.574132,0.494236,0.577713,0.101103,0.0,0,0.138518,0.156297,0.473838
2024-07-16,0,0,high_risk_veto,0.1921932789568192,1.481089,0.75,0.575225,0.494299,0.470634,0.100603,0.0,0,0.140724,0.159234,0.479359
2024-07-17,0,0,high_risk_veto,0.1969086216506838,1.808311,0.75,0.584952,0.494854,0.638814,0.127389,0.0,0,0.147101,0.193562,0.543896
2024-07-18,0,0,high_risk_veto,0.1888334494177754,1.85491,0.75,0.586916,0.494967,0.662801,0.12893,0.0,0,0.146411,0.201718,0.559229
2024-07-19,0,0,high_risk_veto,0.193112968951514,1.903426,0.75,0.586241,0.494928,0.688271,0.129155,0.0,0,0.144979,0.19995,0.555906
2024-07-22,0,0,high_risk_veto,0.1859225541906866,1.482502,0.5,0.583584,0.494776,0.469062,0.144237,0.0,0,0.153726,0.184071,0.526053
2024-07-23,0,0,high_risk_veto,0.1872406227009083,1.478016,0.75,0.585377,0.494879,0.466222,0.143569,0.0,0,0.160269,0.187069,0.53169
2024-07-24,0,0,high_risk_veto,0.1882524387739267,1.738805,0.75,0.581303,0.494646,0.603275,0.16383,0.0,1,0.108987,0.202823,0.561307
2024-07-25,0,0,high_risk_veto,0.1882594634605294,1.934359,0.75,0.581485,0.494656,0.705167,0.153487,0.0,1,0.104041,0.206606,0.568419
2024-07-26,0,1,ok,0.1871498964543947,1.738269,0.5,0.58686,0.494963,0.601842,0.156977,0.0,0,0.147956,0.200539,0.557014
2024-07-29,0,1,ok,0.1891949011807652,1.322444,0.5,0.585308,0.494875,0.38499,0.14935,0.020505,0,0.146225,0.195502,0.547545
2024-07-30,0,1,ok,0.193977010103065,1.331514,0.75,0.586641,0.494951,0.389301,0.147811,0.020505,0,0.144802,0.201631,0.559066
2024-07-31,0,1,ok,0.1925463554065173,1.140795,0.5,0.587476,0.494999,0.289314,0.147741,0.020505,0,0.147888,0.203004,0.561648
2024-08-01,0,1,ok,0.1940980642081844,1.347008,0.75,0.58665,0.494951,0.397396,0.167943,0.020505,0,0.14526,0.201382,0.558598
2024-08-02,0,1,ok,0.1962530884707223,1.313193,0.75,0.596931,0.495539,0.376372,0.226865,0.020505,1,0.157393,0.250739,0.591807
2024-08-05,0,1,ok,0.1942510860080355,1.762993,0.75,0.608354,0.496192,0.610388,0.234665,0.014673,1,0.154283,0.331528,0.620607
2024-08-06,0,1,ok,0.1908406652076482,1.364979,0.5,0.609822,0.496276,0.399517,0.276416,0.014673,1,0.156511,0.339127,0.62326
2024-08-07,0,1,ok,0.201218607895102,1.266404,0.75,0.593703,0.495354,0.352884,0.26847,0.014673,0,0.187646,0.202867,0.561391
2024-08-08,0,1,ok,0.2019513317203397,0.72671,0.5,0.593478,0.495342,0.069882,0.315166,0.014673,0,0.186969,0.202404,0.560519
2024-08-09,0,1,ok,0.2021399907089835,0.792843,0.5,0.591899,0.495251,0.105311,0.311215,0.014673,0,0.185802,0.196909,0.55019
2024-08-12,0,1,ok,0.2022112882074639,0.667116,0.5,0.59343,0.495339,0.038648,0.310902,0.000852,0,0.183807,0.204175,0.563848
2024-08-13,0,1,ok,0.2021693186362294,0.716817,0.5,0.594118,0.495378,0.064379,0.320636,0.000852,0,0.190309,0.202852,0.561362
2024-08-14,0,1,ok,0.2008981527918175,0.759973,0.75,0.57996,0.494569,0.093755,0.316224,0.000852,0,0.153827,0.169747,0.499124
2024-08-15,0,1,ok,0.2008577283461563,0.591821,0.5,0.581778,0.494673,0.005236,0.329036,0.000852,0,0.161659,0.172045,0.503444
2024-08-16,0,1,ok,0.2005918166720782,0.870645,0.5,0.562643,0.49358,0.15898,0.266172,0.000852,0,0.114468,0.125993,0.416866
2024-08-19,0,1,ok,0.2001421383476106,0.808698,0.5,0.565961,0.493769,0.125508,0.174429,0.006749,0,0.128732,0.130206,0.424788
2024-08-20,0,1,ok,0.2014311862993514,1.074539,0.75,0.566452,0.493797,0.262775,0.177098,0.006749,0,0.125384,0.134216,0.432326
2024-08-21,0,1,ok,0.2023811548780562,1.043603,0.5,0.568683,0.493925,0.245905,0.171516,0.006749,0,0.130513,0.139815,0.442853
2024-08-22,0,1,ok,0.2017881891386341,1.321591,0.75,0.581612,0.494664,0.38573,0.138254,0.006749,0,0.166427,0.168436,0.496659
2024-08-23,0,1,ok,0.2030105986508519,1.203526,0.5,0.565257,0.493729,0.329898,0.13743,0.006749,0,0.119624,0.133082,0.430194
2024-08-26,0,1,ok,0.2026222673489059,1.315708,0.75,0.565311,0.493732,0.387865,0.136149,0.022978,0,0.119712,0.133238,0.430488
2024-08-27,0,1,ok,0.2034980686699984,1.104665,0.5,0.564234,0.493671,0.279182,0.129338,0.022978,0,0.117964,0.130087,0.424563
2024-08-28,0,1,ok,0.2030905555059254,1.289625,0.75,0.582072,0.49469,0.368915,0.136166,0.022978,0,0.167758,0.16942,0.49851
2024-08-29,0,1,ok,0.2024693019929862,1.205635,0.75,0.559684,0.493411,0.33291,0.072149,0.022978,0,0.118352,0.111939,0.390445
2024-08-30,0,1,ok,0.2031207739990613,1.127048,0.5,0.55981,0.493418,0.292362,0.095395,0.022978,0,0.116655,0.113485,0.393352
2024-09-02,0,1,ok,0.2030162753211308,1.040619,0.75,0.55823,0.493327,0.248427,0.088223,0.017221,0,0.115676,0.107876,0.382807
2024-09-03,0,1,ok,0.2021734620084375,1.29741,0.75,0.596492,0.495514,0.368224,0.164466,0.017221,0,0.204455,0.203427,0.562442
2024-09-04,0,1,ok,0.1953959515374482,1.377852,0.75,0.5768,0.494389,0.41652,0.167204,0.017221,0,0.100757,0.190202,0.53758
2024-09-05,0,1,ok,0.1993406926057295,1.307663,0.5,0.576934,0.494396,0.379981,0.167604,0.017221,0,0.102026,0.189945,0.537097
2024-09-06,0,1,ok,0.1873618854982176,1.229504,0.75,0.576714,0.494384,0.339414,0.177188,0.017221,0,0.098137,0.191489,0.54
2024-09-09,0,1,ok,0.1952675589123109,1.03926,0.5,0.578142,0.494465,0.239933,0.191476,0.002849,0,0.100647,0.195552,0.547637
2024-09-10,0,1,ok,0.1863534617490408,0.908498,0.5,0.576316,0.494361,0.17268,0.190194,0.002849,0,0.102895,0.186973,0.53151
2024-09-11,0,0,weak_score,0.1835739738919734,0.44298,0.5,0.573436,0.494196,0.0,0.20381,0.002849,0,0.096679,0.179494,0.517449
2024-09-12,0,0,weak_score,0.192448031686818,0.511401,0.5,0.558355,0.493335,0.0,0.212645,0.002849,0,0.072802,0.134941,0.433688
2024-09-13,0,1,ok,0.1943148134939719,0.617239,0.5,0.553934,0.493082,0.03253,0.199662,0.002849,0,0.065856,0.121847,0.409073
2024-09-16,0,1,ok,0.1862705361801337,0.890619,0.75,0.557516,0.493287,0.171483,0.19936,0.002153,0,0.072308,0.131947,0.42806
2024-09-17,0,1,ok,0.1872629582581669,0.996329,0.75,0.559267,0.493387,0.225205,0.145709,0.002153,0,0.077331,0.135723,0.435159
2024-09-18,0,1,ok,0.1883008233327797,1.101076,0.75,0.557054,0.49326,0.279998,0.137381,0.002153,0,0.073613,0.129319,0.423119
2024-09-19,0,1,ok,0.1872004290862686,0.855347,0.5,0.553954,0.493083,0.154874,0.155642,0.002153,0,0.068761,0.120128,0.405841
2024-09-20,0,1,ok,0.19932710022544,0.92519,0.75,0.545947,0.492626,0.19408,0.104322,0.002153,0,0.063409,0.091933,0.352833
2024-09-23,0,1,ok,0.1909927960353999,0.886716,0.5,0.545309,0.492589,0.17466,0.101633,0.015743,0,0.061893,0.090361,0.349879
2024-09-24,0,1,ok,0.1987378835043388,1.10295,0.5,0.545084,0.492576,0.285366,0.099578,0.015743,0,0.061795,0.089536,0.348329
2024-09-25,0,1,ok,0.1989988646565184,1.094524,0.5,0.545482,0.492599,0.280909,0.094189,0.015743,0,0.060235,0.092069,0.353091
2024-09-26,0,1,ok,0.1972792927782979,1.097067,0.5,0.545172,0.492581,0.282324,0.08777,0.015743,0,0.062642,0.089357,0.347991
2024-09-27,0,1,ok,0.1892352470617535,1.241487,0.75,0.548339,0.492762,0.355158,0.097877,0.015743,0,0.06764,0.098722,0.365597
2024-09-30,0,1,ok,0.1915159888807762,1.238359,0.5,0.549824,0.492847,0.353063,0.098066,0.03153,0,0.07132,0.102289,0.372303
2024-10-01,0,0,high_risk_veto,0.1867303072187756,1.413099,0.75,0.572511,0.494143,0.436106,0.128089,0.03153,0,0.101107,0.173106,0.50544
2024-10-02,0,0,high_risk_veto,0.1823398206186355,1.316592,0.5,0.57071,0.494041,0.38661,0.128164,0.03153,0,0.147444,0.137298,0.438121
2024-10-03,0,0,high_risk_veto,0.1867526278528394,1.345905,0.75,0.571265,0.494072,0.401631,0.092573,0.03153,0,0.15312,0.135963,0.43561
2024-10-04,0,0,high_risk_veto,0.1972959975049214,1.136299,0.5,0.565435,0.493739,0.295087,0.129289,0.03153,0,0.143331,0.119088,0.403886
2024-10-07,0,0,high_risk_veto,0.1817925035003829,1.298838,0.75,0.574456,0.494255,0.376196,0.135198,0.0,0,0.156447,0.146459,0.455342
2024-10-08,0,0,high_risk_veto,0.1922086803533489,1.176147,0.5,0.572127,0.494122,0.313309,0.139558,0.0,0,0.153105,0.139368,0.442011
2024-10-09,0,0,high_risk_veto,0.195128623923124,1.231522,0.5,0.56984,0.493991,0.342812,0.145399,0.0,0,0.148633,0.133139,0.4303
2024-10-10,0,0,high_risk_veto,0.1851236936104137,1.151429,0.75,0.572355,0.494135,0.300405,0.14704,0.0,0,0.146984,0.144057,0.450827
2024-10-11,0,0,high_risk_veto,0.1911193401896115,1.294039,0.5,0.565566,0.493747,0.376582,0.14073,0.0,0,0.144004,0.119186,0.40407
2024-10-14,0,0,high_risk_veto,0.1840574835545388,1.285418,0.5,0.565874,0.493764,0.372025,0.143334,0.0,0,0.12954,0.129365,0.423206
2024-10-15,0,0,high_risk_veto,0.1844092821016681,1.375721,0.75,0.568787,0.493931,0.417838,0.14245,0.0,0,0.141691,0.133297,0.430599
2024-10-16,0,0,high_risk_veto,0.1873305068824824,1.345576,0.75,0.571206,0.494069,0.401479,0.142539,0.0,0,0.142158,0.142527,0.447951
2024-10-17,0,0,high_risk_veto,0.1906091520818777,1.379766,0.5,0.571451,0.494083,0.419131,0.142629,0.0,0,0.142142,0.1435,0.44978
2024-10-18,0,0,high_risk_veto,0.2053917515781305,1.183107,0.5,0.572,0.494114,0.316964,0.116748,0.0,0,0.146398,0.143025,0.448887
2024-10-21,0,0,high_risk_veto,0.2230601767950965,1.194737,0.5,0.567103,0.493834,0.324712,0.108829,0.0,0,0.116078,0.142547,0.447988
2024-10-22,0,0,high_risk_veto,0.1993691910076817,1.209084,0.5,0.567632,0.493865,0.331951,0.106412,0.0,0,0.139358,0.130198,0.424773
2024-10-23,0,0,high_risk_veto,0.2096849195921057,1.420108,0.75,0.563609,0.493635,0.442317,0.107164,0.0,0,0.116598,0.128473,0.421529
2024-10-24,0,0,high_risk_veto,0.2035008369197019,1.359311,0.5,0.566594,0.493805,0.410011,0.106315,0.0,0,0.145377,0.122382,0.410078
2024-10-25,0,0,high_risk_veto,0.1913797604489356,1.339328,0.5,0.569666,0.493981,0.39872,0.103685,0.0,0,0.145271,0.134537,0.43293
2024-10-28,0,0,high_risk_veto,0.2214184051687676,1.236698,0.75,0.561845,0.493534,0.348194,0.094854,0.0,0,0.12221,0.118052,0.401938
2024-10-29,0,0,high_risk_veto,0.1818498670745015,1.280423,0.5,0.572919,0.494167,0.367138,0.05969,0.0,0,0.158798,0.138954,0.441233
2024-10-30,0,0,high_risk_veto,0.2002866544326625,1.43484,0.75,0.558009,0.493315,0.451512,0.061837,0.0,0,0.09384,0.120538,0.406612
2024-10-31,0,0,high_risk_veto,0.1954601334246432,1.699928,0.75,0.566876,0.493821,0.586125,0.117499,0.0,0,0.096113,0.154027,0.469571
2024-11-01,0,0,high_risk_veto,0.2134180298301089,1.715085,0.5,0.567325,0.493847,0.593871,0.129717,0.0,0,0.109707,0.147369,0.457054
2024-11-04,0,0,high_risk_veto,0.1963450500016172,1.680438,0.75,0.567427,0.493853,0.575922,0.128863,0.0,0,0.102578,0.152188,0.466113
2024-11-05,0,0,high_risk_veto,0.1863928235309055,1.311106,0.5,0.566334,0.493791,0.385161,0.144653,0.0,0,0.097542,0.151009,0.463897
2024-11-06,0,1,ok,0.1785121667627575,1.16411,0.5,0.560858,0.493478,0.311092,0.223825,0.0,0,0.090997,0.133513,0.431004
2024-11-07,0,1,ok,0.1738470969406038,1.037393,0.5,0.569025,0.493944,0.242555,0.223967,0.0,0,0.100847,0.159549,0.479952
2024-11-08,0,1,ok,0.1771666992573503,1.19999,0.5,0.553308,0.493046,0.332195,0.223872,0.0,0,0.076033,0.113076,0.392582
2024-11-11,0,1,ok,0.1726146007568942,1.491116,0.75,0.555398,0.493166,0.481187,0.223661,0.02405,0,0.076745,0.120862,0.407221
2024-11-12,0,1,ok,0.1866782081628815,1.665777,0.75,0.548788,0.492788,0.572459,0.223293,0.02405,0,0.072468,0.097497,0.363294
2024-11-13,0,1,ok,0.1764924905694327,1.693208,0.75,0.550403,0.49288,0.586175,0.221925,0.02405,0,0.074601,0.10253,0.372757
2024-11-14,0,1,ok,0.1870253685374469,1.73343,0.75,0.55482,0.493133,0.605913,0.190996,0.02405,0,0.082036,0.115306,0.396775
2024-11-15,0,1,ok,0.1963271042441282,1.898587,0.75,0.561927,0.493539,0.689685,0.2098,0.02405,0,0.095121,0.135165,0.434109
2024-11-18,0,1,ok,0.1935877801474674,1.764245,0.5,0.562911,0.493595,0.620175,0.201887,0.031661,0,0.094939,0.139152,0.441606
2024-11-19,0,1,ok,0.2050885719612452,1.581942,0.5,0.562244,0.493557,0.526226,0.197579,0.031661,0,0.097509,0.134932,0.433673
2024-11-20,0,1,ok,0.2279699334685534,1.350988,0.75,0.55511,0.493149,0.409215,0.084832,0.031661,0,0.060474,0.129814,0.424051
2024-11-21,0,1,ok,0.1989812365332459,1.406165,0.5,0.568906,0.493937,0.433567,0.090059,0.031661,0,0.109357,0.153807,0.469157
2024-11-22,0,1,ok,0.1939248163988959,1.488952,0.5,0.552101,0.492977,0.480955,0.090364,0.031661,0,0.076698,0.107914,0.382879
2024-11-25,0,1,ok,0.1850119026485092,1.475232,0.5,0.553813,0.493075,0.473448,0.095719,0.032594,0,0.082931,0.110789,0.388284
2024-11-26,0,1,ok,0.197350223094391,1.427898,0.5,0.554547,0.493117,0.448919,0.103416,0.032594,0,0.08216,0.114155,0.394612
2024-11-27,0,1,ok,0.2204261233289235,1.472977,0.75,0.550232,0.49287,0.473259,0.108124,0.032594,0,0.05765,0.112366,0.391248
2024-11-28,0,1,ok,0.1959914866737526,1.447121,0.75,0.551909,0.492966,0.459533,0.104609,0.032594,0,0.080045,0.105084,0.377558
2024-11-29,0,1,ok,0.192190621713388,1.393369,0.5,0.550604,0.492892,0.432321,0.076861,0.032594,0,0.080307,0.099787,0.3676
2024-12-02,0,1,ok,0.1908891481620285,1.227274,0.5,0.550893,0.492908,0.347021,0.077445,0.032776,0,0.083588,0.09889,0.365912
2024-12-03,0,1,ok,0.1931133595087628,1.235104,0.5,0.55078,0.492902,0.351076,0.078218,0.032776,0,0.083903,0.09825,0.364711
2024-12-04,0,1,ok,0.1895042160955025,1.239754,0.5,0.549256,0.492815,0.353966,0.07847,0.032776,0,0.076525,0.096826,0.362034
2024-12-05,0,0,high_risk_veto,0.19075092837065,1.379045,0.75,0.554857,0.493135,0.423716,0.075133,0.032776,0,0.088417,0.111496,0.389613
2024-12-06,0,0,high_risk_veto,0.1895422562368145,1.328369,0.5,0.558778,0.493359,0.396447,0.074261,0.032776,0,0.096203,0.1221,0.409548
2024-12-09,0,0,high_risk_veto,0.1981950891932037,1.53754,0.75,0.551309,0.492932,0.506099,0.062692,0.0,0,0.081038,0.102108,0.371963
2024-12-10,0,0,high_risk_veto,0.2014663461976802,1.554419,0.75,0.550399,0.49288,0.514988,0.048521,0.0,0,0.080374,0.098937,0.366002
2024-12-11,0,0,high_risk_veto,0.1980824366188948,1.493512,0.5,0.561339,0.493505,0.480834,0.058583,0.0,0,0.105183,0.126614,0.418035
2024-12-12,0,0,high_risk_veto,0.2007414125331799,1.516691,0.75,0.551854,0.492963,0.495259,0.059898,0.0,0,0.090346,0.098481,0.365144
2024-12-13,0,0,high_risk_veto,0.1965125409498548,1.482668,0.5,0.561059,0.493489,0.475316,0.062087,0.0,0,0.112751,0.120822,0.407145
2024-12-16,0,0,high_risk_veto,0.2132812402417554,1.593477,0.5,0.557844,0.493305,0.533239,0.06257,0.0,0,0.0841,0.125929,0.416747
2024-12-17,0,0,high_risk_veto,0.205301660716424,1.626724,0.75,0.572037,0.494116,0.547047,0.068594,0.0,0,0.137189,0.148877,0.459888
2024-12-18,0,0,high_risk_veto,0.1899368870237032,2.06262,0.75,0.576428,0.494367,0.772621,0.133577,0.0,0,0.116301,0.179105,0.516717
2024-12-19,0,0,high_risk_veto,0.1981768868110073,2.170264,0.75,0.575776,0.49433,0.828639,0.1365,0.0,0,0.121066,0.173587,0.506344
2024-12-20,0,0,high_risk_veto,0.2374336409796962,1.966376,0.5,0.564107,0.493663,0.724353,0.142873,0.0,0,0.096381,0.142965,0.448775
2024-12-23,0,1,ok,0.2345400054019955,1.464434,0.5,0.562831,0.49359,0.465423,0.153538,0.026615,0,0.095676,0.138379,0.440153
2024-12-24,0,1,ok,0.2012634942127009,1.299052,0.5,0.559135,0.493379,0.38123,0.158258,0.026615,0,0.112106,0.113652,0.393665
2024-12-25,0,1,ok,0.2059847814221681,1.409197,0.75,0.574326,0.494247,0.433547,0.151871,0.026615,0,0.172295,0.136127,0.435919
2024-12-26,0,1,ok,0.2078317879865468,1.540296,0.75,0.571503,0.494086,0.502357,0.15161,0.026615,0,0.160642,0.13224,0.428612
2024-12-27,0,1,ok,0.2054221445884817,1.823137,0.75,0.57326,0.494186,0.6487,0.157022,0.026615,0,0.176344,0.129421,0.423312
2024-12-30,0,1,ok,0.2045314370721562,1.939873,0.75,0.587032,0.494973,0.707195,0.177305,0.020984,0,0.212732,0.161066,0.482803
2024-12-31,0,1,ok,0.2073898773241658,1.990584,0.75,0.585815,0.494904,0.733873,0.176856,0.020984,0,0.176323,0.178845,0.516228
2025-01-01,0,1,ok,0.2018166547003572,1.823661,0.75,0.589639,0.495122,0.645963,0.135623,0.020984,0,0.211867,0.171861,0.503098
2025-01-02,0,1,ok,0.2056264231427849,1.711461,0.75,0.585253,0.494872,0.588176,0.135019,0.020984,0,0.203059,0.16006,0.480914
2025-01-03,0,1,ok,0.2067595957486515,1.479171,0.5,0.574396,0.494251,0.469865,0.149726,0.020984,0,0.171083,0.137153,0.437847
2025-01-06,0,1,ok,0.2107990245037281,1.40407,0.5,0.569181,0.493953,0.432402,0.141502,0.024923,0,0.149858,0.129783,0.423993
2025-01-07,0,1,ok,0.2008765656984008,1.600913,0.75,0.587319,0.49499,0.529934,0.133843,0.024923,0,0.219142,0.158224,0.47746
2025-01-08,0,1,ok,0.2045850912946221,1.769727,0.75,0.585582,0.49489,0.61854,0.133723,0.024923,0,0.21374,0.154735,0.470903
2025-01-09,0,1,ok,0.2039536897872017,1.872533,0.75,0.586824,0.494961,0.672029,0.133926,0.024923,0,0.21182,0.160814,0.48233
2025-01-10,0,1,ok,0.2094503010508754,1.844224,0.75,0.59802,0.495601,0.655214,0.134202,0.024923,0,0.256382,0.177251,0.513233
2025-01-13,0,1,ok,0.2184693369193486,1.884363,0.75,0.585318,0.494875,0.678465,0.104086,0.040754,0,0.193846,0.166027,0.49213
2025-01-14,0,1,ok,0.211566131119677,1.909049,0.75,0.58193,0.494682,0.691904,0.10309,0.040754,0,0.16803,0.168693,0.497143
2025-01-15,0,1,ok,0.2104269770949797,1.508696,0.5,0.572607,0.494149,0.485676,0.108645,0.040754,0,0.149232,0.143656,0.450074
2025-01-16,0,1,ok,0.208557056744943,1.547066,0.75,0.577468,0.494427,0.504334,0.109675,0.040754,0,0.158363,0.157128,0.4754
2025-01-17,0,1,ok,0.2082404815896446,1.374379,0.5,0.569929,0.493996,0.416798,0.093227,0.040754,0,0.144378,0.136124,0.435914
2025-01-20,0,1,ok,0.2149054971048261,1.631688,0.75,0.57176,0.494101,0.549687,0.087094,0.036459,0,0.149443,0.140191,0.443558
2025-01-21,0,1,ok,0.20221180617395,1.508764,0.5,0.572158,0.494123,0.485831,0.081798,0.036459,0,0.160895,0.13466,0.43316
2025-01-22,0,1,ok,0.2023424321705712,1.551627,0.5,0.572982,0.49417,0.507855,0.087833,0.036459,0,0.163189,0.136482,0.436587
2025-01-23,0,1,ok,0.2073842498985812,1.521519,0.5,0.569258,0.493958,0.49321,0.091401,0.036459,0,0.132875,0.140616,0.444358
2025-01-24,0,1,ok,0.2026463906411483,1.63505,0.75,0.559709,0.493412,0.554216,0.08211,0.036459,0,0.128969,0.105456,0.378258
2025-01-27,0,1,ok,0.2100513724180932,2.001504,0.75,0.569387,0.493965,0.741794,0.145269,0.042318,0,0.119484,0.149423,0.460916
2025-01-28,0,1,ok,0.21176917237411,1.7917,0.5,0.5685,0.493914,0.63329,0.149731,0.042318,0,0.118402,0.146603,0.455613
2025-01-29,0,1,ok,0.2099685552601971,1.703516,0.75,0.563713,0.493641,0.588654,0.147627,0.042318,0,0.106423,0.135189,0.434155
2025-01-30,0,1,ok,0.2080664159993656,1.367737,0.5,0.561092,0.493491,0.416031,0.145775,0.042318,0,0.101283,0.128058,0.420749
2025-01-31,0,1,ok,0.2083207657099422,1.575939,0.75,0.565512,0.493744,0.522323,0.141353,0.042318,0,0.108418,0.141033,0.445142
2025-02-03,0,1,ok,0.2064034632477065,1.650171,0.75,0.579925,0.494567,0.557398,0.14614,0.030537,0,0.163827,0.163411,0.487212
2025-02-04,0,1,ok,0.2102402488435759,1.580506,0.5,0.577835,0.494448,0.521636,0.144433,0.030537,0,0.13073,0.175697,0.510311
2025-02-05,0,1,ok,0.1995199261172916,1.51627,0.5,0.572609,0.494149,0.489606,0.135316,0.030537,0,0.1457,0.145854,0.454205
2025-02-06,0,1,ok,0.2020636181242315,1.380368,0.5,0.581191,0.49464,0.416496,0.129348,0.030537,0,0.169072,0.165142,0.490466
2025-02-07,0,1,ok,0.2104242435919689,1.630378,0.75,0.573149,0.49418,0.548682,0.130399,0.030537,0,0.124268,0.161263,0.483174
2025-02-10,0,1,ok,0.2048560956384959,1.565636,0.5,0.568676,0.493924,0.516206,0.090166,0.034305,0,0.152382,0.126235,0.417322
2025-02-11,0,1,ok,0.2107852660908037,1.650283,0.75,0.559774,0.493416,0.562053,0.0815,0.034305,0,0.11335,0.115394,0.39694
2025-02-12,0,1,ok,0.2157527594693024,1.543324,0.75,0.569751,0.493986,0.504377,0.081059,0.034305,0,0.134917,0.14129,0.445624
2025-02-13,0,1,ok,0.2050364626333102,1.536684,0.5,0.575519,0.494315,0.499441,0.081055,0.034305,0,0.173401,0.140135,0.443453
2025-02-14,0,1,ok,0.1975781464688263,1.51116,0.5,0.565881,0.493765,0.488739,0.081711,0.034305,0,0.146186,0.119075,0.40386
2025-02-17,0,1,ok,0.197837061770676,1.533009,0.75,0.567961,0.493884,0.499497,0.068994,0.035488,0,0.151476,0.123982,0.413086
2025-02-18,0,1,ok,0.2092328465152176,1.695031,0.5,0.567487,0.493856,0.58346,0.076266,0.035488,0,0.13011,0.135358,0.434473
2025-02-19,0,1,ok,0.2126252711496628,1.745471,0.75,0.557919,0.49331,0.611484,0.074041,0.035488,0,0.085772,0.125188,0.415353
2025-02-20,0,0,high_risk_veto,0.2240708879416429,1.800229,0.75,0.562023,0.493544,0.638917,0.082939,0.035488,0,0.091499,0.13779,0.439045
2025-02-21,0,0,high_risk_veto,0.2093865163279618,1.995356,0.75,0.570413,0.494024,0.738471,0.143936,0.035488,0,0.086672,0.173799,0.506742
2025-02-24,0,0,high_risk_veto,0.2124018971623397,2.06237,0.75,0.575685,0.494325,0.772579,0.139335,0.0,0,0.092389,0.191003,0.539085
2025-02-25,0,0,high_risk_veto,0.210765156424275,2.048282,0.75,0.56789,0.493879,0.766205,0.144952,0.0,0,0.080326,0.167802,0.495468
2025-02-26,0,0,high_risk_veto,0.2149431906572554,1.728816,0.5,0.569712,0.493984,0.600482,0.139575,0.0,0,0.082459,0.173651,0.506463
2025-02-27,0,0,high_risk_veto,0.2143397516821826,1.808548,0.75,0.569545,0.493974,0.641819,0.142329,0.0,0,0.081646,0.173499,0.506178
2025-02-28,0,0,high_risk_veto,0.2157529716802384,1.437802,0.5,0.569253,0.493957,0.449851,0.163792,0.0,0,0.083778,0.171028,0.501532
2025-03-03,0,1,ok,0.2137195069546019,1.605388,0.75,0.570377,0.494022,0.53638,0.179984,0.006727,0,0.083504,0.175621,0.510168
2025-03-04,0,1,ok,0.2173161733934414,1.338371,0.75,0.573576,0.494204,0.397002,0.159162,0.006727,0,0.08267,0.188725,0.534803
2025-03-05,0,1,ok,0.2207216083713915,1.408478,0.5,0.572627,0.49415,0.433674,0.20019,0.006727,0,0.088477,0.181394,0.521021
2025-03-06,0,1,ok,0.2180036682500436,1.494291,0.75,0.562455,0.493569,0.480936,0.20731,0.006727,0,0.076767,0.148618,0.459402
2025-03-07,0,1,ok,0.2181973411669006,1.396799,0.5,0.568009,0.493886,0.428982,0.200838,0.006727,0,0.080733,0.168019,0.495876
2025-03-10,0,1,ok,0.215500468912169,1.873684,0.75,0.576087,0.494348,0.674457,0.247362,0.007164,0,0.079762,0.200412,0.556775
2025-03-11,0,1,ok,0.2136351070338076,1.581748,0.75,0.577761,0.494444,0.522301,0.246121,0.007164,0,0.080536,0.206521,0.56826
2025-03-12,0,1,ok,0.2216842857721041,1.506529,0.5,0.578306,0.494475,0.483023,0.256446,0.007164,0,0.0869,0.204721,0.564875
2025-03-13,0,1,ok,0.2187337788105507,1.265599,0.75,0.578788,0.494502,0.357488,0.258761,0.007164,0,0.080934,0.210314,0.575391
2025-03-14,0,1,ok,0.2161079474574524,1.001017,0.5,0.576476,0.49437,0.22071,0.290424,0.007164,0,0.08993,0.195641,0.547805
2025-03-17,0,1,ok,0.220576358550015,1.06098,0.5,0.580839,0.494619,0.250183,0.280418,0.002448,0,0.094645,0.209887,0.574587
2025-03-18,0,1,ok,0.2172128760003572,1.077996,0.75,0.580194,0.494583,0.259298,0.282689,0.002448,0,0.092084,0.208937,0.572802
2025-03-19,0,1,ok,0.2272640758149136,1.191004,0.5,0.585772,0.494901,0.316176,0.26856,0.002448,0,0.128247,0.208474,0.571932
2025-03-20,0,1,ok,0.2255901890997778,1.26007,0.75,0.580658,0.494609,0.353981,0.256303,0.002448,0,0.119682,0.193658,0.544077
2025-03-21,0,1,ok,0.2249654133826069,1.04078,0.5,0.57523,0.494299,0.241873,0.252622,0.002448,0,0.108955,0.178942,0.516411
2025-03-24,0,1,ok,0.2230356679258951,0.980534,0.5,0.561371,0.493507,0.216216,0.213612,0.002596,0,0.092131,0.134831,0.433482
2025-03-25,0,1,ok,0.2276558384631712,0.929165,0.5,0.561324,0.493504,0.189739,0.209711,0.002596,0,0.094025,0.13347,0.430924
2025-03-26,0,1,ok,0.225809022186506,1.185828,0.75,0.565923,0.493767,0.320517,0.218147,0.002596,0,0.101302,0.147061,0.456474
2025-03-27,0,1,ok,0.2227968295342992,1.434591,0.75,0.565882,0.493765,0.44915,0.192385,0.002596,0,0.102133,0.146383,0.4552
2025-03-28,0,1,ok,0.2247793113570639,1.686991,0.75,0.579047,0.494517,0.576768,0.215267,0.002596,0,0.116467,0.18931,0.535903
2025-03-31,0,1,ok,0.2264414695991527,1.385597,0.75,0.578722,0.494498,0.419968,0.212072,0.004755,0,0.1073,0.193713,0.544181
2025-04-01,0,1,ok,0.2262781588446272,1.16764,0.5,0.578154,0.494466,0.306729,0.204955,0.004755,0,0.109804,0.189923,0.537055
2025-04-02,0,1,ok,0.232797835673864,0.811606,0.5,0.576472,0.49437,0.122241,0.204479,0.004755,0,0.115999,0.179465,0.517394
2025-04-03,0,1,ok,0.2212786560043408,1.233483,0.75,0.605765,0.496044,0.331384,0.357974,0.004755,1,0.133655,0.336014,0.622175
2025-04-04,0,1,ok,0.2203827276667932,1.652178,0.75,0.608932,0.496225,0.55167,0.451225,0.004755,1,0.132488,0.358844,0.630102
2025-04-07,0,1,ok,0.2193798982297914,1.554186,0.5,0.595771,0.495473,0.503309,0.422577,0.003669,0,0.126792,0.275501,0.600753
2025-04-08,0,1,ok,0.2167130855269448,1.17977,0.75,0.592046,0.49526,0.308039,0.415432,0.003669,0,0.121255,0.256187,0.593785
2025-04-09,0,0,weak_score,0.2189952882677034,0.377403,0.5,0.599374,0.495679,0.0,0.681431,0.003669,1,0.189981,0.232572,0.585174
2025-04-10,0,1,ok,0.2191223479391975,0.936129,0.75,0.598742,0.495642,0.177455,0.690871,0.003669,1,0.206283,0.211148,0.576958
2025-04-11,0,1,ok,0.2106600742938243,0.696371,0.5,0.632974,0.497599,0.033956,0.696483,0.003669,1,0.225794,0.42377,0.65
2025-04-14,0,1,ok,0.2138291429972548,1.060501,0.5,0.625124,0.49715,0.232216,0.696244,0.001064,1,0.223451,0.371564,0.634483
2025-04-15,0,1,ok,0.2134876734537162,0.628115,0.5,0.624119,0.497093,0.00213,0.696174,0.001064,1,0.225091,0.362948,0.631518
2025-04-16,0,1,ok,0.2110109822281274,1.097312,0.75,0.600942,0.495768,0.261377,0.702518,0.001064,1,0.134236,0.30261,0.610425
2025-04-17,0,1,ok,0.2135636014616533,1.190108,0.75,0.621881,0.496965,0.302551,0.639472,0.001064,1,0.213001,0.360667,0.630731
2025-04-18,0,1,ok,0.2172149357005368,1.202825,0.75,0.612289,0.496417,0.312832,0.53855,0.001064,1,0.19984,0.309501,0.612864
2025-04-21,0,1,ok,0.2251723685210436,1.18584,0.75,0.625732,0.497185,0.298841,0.552133,0.001611,1,0.223921,0.375211,0.635735
2025-04-22,0,1,ok,0.2191356283478001,0.934616,0.5,0.614069,0.496518,0.169967,0.556099,0.001611,1,0.214377,0.306041,0.61164
2025-04-23,0,1,ok,0.2227158309092623,0.753134,0.5,0.580815,0.494618,0.089788,0.30164,0.001611,0,0.110926,0.199701,0.555439
2025-04-24,0,0,weak_score,0.2194158017811653,0.293506,0.5,0.578442,0.494482,0.0,0.2688,0.001611,0,0.107415,0.192539,0.541974
2025-04-25,0,0,weak_score,0.217695439549555,0.503095,0.5,0.574795,0.494274,0.0,0.245296,0.001611,0,0.110612,0.176205,0.511266
2025-04-28,0,1,ok,0.2208541365262102,0.750919,0.75,0.579851,0.494563,0.089091,0.246358,0.000935,0,0.115974,0.192777,0.542421
2025-04-29,0,1,ok,0.2290280791828211,0.945427,0.5,0.579541,0.494545,0.19052,0.243688,0.000935,0,0.115685,0.191736,0.540465
2025-04-30,0,1,ok,0.2228450103096136,1.025354,0.75,0.568331,0.493905,0.236595,0.188536,0.000935,0,0.101619,0.156339,0.473918
2025-05-01,0,1,ok,0.2254771734276984,0.890641,0.5,0.57164,0.494094,0.165426,0.192026,0.000935,0,0.105496,0.166961,0.493887
2025-05-02,0,1,ok,0.2192196697721582,0.850394,0.5,0.571113,0.494064,0.144789,0.205468,0.000935,0,0.110193,0.161974,0.484511
2025-05-05,0,1,ok,0.2257137967018332,0.982408,0.75,0.565211,0.493726,0.215629,0.161601,0.002877,0,0.107269,0.140561,0.444256
2025-05-06,0,1,ok,0.2250692297612506,1.247156,0.75,0.565268,0.49373,0.352446,0.162829,0.002877,0,0.103594,0.143062,0.448957
2025-05-07,0,1,ok,0.2271098227590101,1.347852,0.5,0.562712,0.493584,0.405278,0.15353,0.002877,0,0.095321,0.138128,0.439682
2025-05-08,0,1,ok,0.2262899724735268,1.21559,0.5,0.563845,0.493648,0.336618,0.15158,0.002877,0,0.095912,0.142221,0.447376
2025-05-09,0,1,ok,0.2347414041849063,1.176373,0.75,0.558562,0.493346,0.318224,0.154226,0.002877,0,0.091109,0.124407,0.413886
2025-05-12,0,1,ok,0.2262353901572972,0.939171,0.5,0.567994,0.493885,0.19212,0.232556,0.009022,0,0.107671,0.151262,0.464372
2025-05-13,0,1,ok,0.2250677030346696,1.014304,0.5,0.57548,0.494313,0.228017,0.231099,0.009022,0,0.135548,0.163445,0.487276
2025-05-14,0,1,ok,0.2257181838547826,1.071255,0.5,0.581548,0.49466,0.255261,0.226582,0.009022,0,0.145958,0.180872,0.52004
2025-05-15,0,1,ok,0.2260369536643448,1.493135,0.5,0.571507,0.494086,0.477901,0.231053,0.009022,0,0.121127,0.156747,0.474684
2025-05-16,0,1,ok,0.2266270027799509,1.58539,0.5,0.573587,0.494205,0.525227,0.217638,0.009022,0,0.126191,0.161794,0.484172
2025-05-19,0,1,ok,0.2273115714829598,1.609092,0.5,0.570138,0.494008,0.538357,0.21325,0.026135,0,0.125029,0.148941,0.460009
2025-05-20,0,1,ok,0.227198479314297,1.656776,0.75,0.572071,0.494118,0.562627,0.19741,0.026135,0,0.124521,0.156862,0.4749
2025-05-21,0,1,ok,0.2230126024248248,1.847925,0.75,0.575121,0.494293,0.661239,0.214041,0.026135,0,0.131403,0.1646,0.489449
2025-05-22,0,1,ok,0.2233263207074069,1.8366,0.5,0.573634,0.494208,0.655621,0.212384,0.026135,0,0.124967,0.162739,0.48595
2025-05-23,0,1,ok,0.2223839449630396,1.873351,0.75,0.580981,0.494627,0.673454,0.221664,0.026135,0,0.136167,0.184708,0.527252
2025-05-26,0,1,ok,0.2228676989116235,1.703576,0.75,0.577584,0.494433,0.585717,0.095129,0.03715,0,0.136369,0.171217,0.501888
2025-05-27,0,1,ok,0.2243349168961375,1.484484,0.5,0.572493,0.494142,0.473145,0.122541,0.03715,0,0.129614,0.155369,0.472093
2025-05-28,0,1,ok,0.2244190856413794,1.457072,0.75,0.568413,0.493909,0.460067,0.120341,0.03715,0,0.121942,0.144068,0.450848
2025-05-29,0,1,ok,0.2258871022295782,1.436241,0.5,0.56517,0.493724,0.450205,0.120206,0.03715,0,0.113632,0.136454,0.436534
2025-05-30,0,1,ok,0.2265396003033475,1.666246,0.75,0.567742,0.493871,0.568508,0.115368,0.03715,0,0.119608,0.142871,0.448598
2025-06-02,0,1,ok,0.2252295864114724,1.516375,0.5,0.57435,0.494249,0.489199,0.126782,0.028759,0,0.123835,0.166259,0.492566
2025-06-03,0,1,ok,0.2255006211033113,1.485528,0.5,0.570539,0.494031,0.47422,0.131455,0.028759,0,0.1292,0.147934,0.458117
2025-06-04,0,1,ok,0.2285261313160407,1.475729,0.5,0.563732,0.493642,0.471008,0.127581,0.028759,0,0.110849,0.13252,0.429138
2025-06-05,0,1,ok,0.2260647909406649,1.654218,0.75,0.570629,0.494036,0.561628,0.12656,0.028759,0,0.12456,0.151163,0.464187
2025-06-06,0,1,ok,0.2264628109680772,1.642247,0.5,0.567552,0.49386,0.556132,0.140093,0.028759,0,0.123353,0.139803,0.44283
2025-06-09,0,1,ok,0.2264566124454688,1.661788,0.5,0.563791,0.493645,0.567086,0.140636,0.033388,0,0.115021,0.130167,0.424713
2025-06-10,0,1,ok,0.2275337498973225,1.534477,0.5,0.566671,0.49381,0.50059,0.121182,0.033388,0,0.1262,0.134572,0.432995
2025-06-11,0,0,high_risk_veto,0.2216009599773213,1.652533,0.75,0.56465,0.493694,0.562112,0.127209,0.033388,0,0.094929,0.146001,0.454481
2025-06-12,0,0,high_risk_veto,0.2207782816470554,1.608162,0.5,0.569172,0.493953,0.538106,0.12733,0.033388,0,0.100165,0.160552,0.481838
2025-06-13,0,0,high_risk_veto,0.2196792912964976,1.757412,0.75,0.575337,0.494305,0.614172,0.132729,0.033388,0,0.103923,0.182485,0.523072
2025-06-16,0,0,high_risk_veto,0.2196425926932356,1.587975,0.5,0.571529,0.494087,0.527073,0.139097,0.0,0,0.104359,0.167228,0.494389
2025-06-17,0,0,high_risk_veto,0.2207929092202837,1.713397,0.75,0.580662,0.494609,0.59017,0.154365,0.0,0,0.102911,0.204065,0.563643
2025-06-18,0,0,high_risk_veto,0.2205216125417203,1.598053,0.75,0.575968,0.494341,0.53122,0.148657,0.0,0,0.098799,0.188144,0.533712
2025-06-19,0,0,high_risk_veto,0.2205477458933796,1.714731,0.75,0.572715,0.494155,0.592552,0.148256,0.0,0,0.097155,0.176361,0.511558
2025-06-20,0,0,high_risk_veto,0.2206603033397496,1.671127,0.75,0.570227,0.494013,0.570481,0.111049,0.0,0,0.100762,0.164332,0.488943
2025-06-23,0,0,high_risk_veto,0.2208068110620635,1.566472,0.5,0.572637,0.494151,0.515645,0.118958,0.0,0,0.100483,0.173992,0.507105
2025-06-24,0,0,high_risk_veto,0.2231113924108691,1.429596,0.5,0.567241,0.493842,0.446178,0.124162,0.0,0,0.092497,0.157704,0.476484
2025-06-25,0,0,high_risk_veto,0.2223925691744749,1.35802,0.5,0.56778,0.493873,0.40898,0.11906,0.0,0,0.095933,0.157697,0.47647
2025-06-26,0,0,high_risk_veto,0.2224530888391561,1.379059,0.5,0.563189,0.493611,0.421244,0.120805,0.0,0,0.084198,0.146901,0.456174
2025-06-27,0,0,high_risk_veto,0.2221769105114653,1.48816,0.5,0.56901,0.493943,0.476,0.116147,0.0,0,0.091517,0.165273,0.490714
2025-06-30,0,0,high_risk_veto,0.2222953308637672,1.451871,0.5,0.559799,0.493417,0.459783,0.100689,0.0,0,0.081681,0.13512,0.434026
2025-07-01,0,0,high_risk_veto,0.2218240721199611,1.626417,0.75,0.567613,0.493864,0.547926,0.061083,0.0,0,0.09751,0.156062,0.473397
2025-07-02,0,0,high_risk_veto,0.2207957708675915,1.607638,0.5,0.566449,0.493797,0.538485,0.061228,0.0,0,0.101551,0.148977,0.460076
2025-07-03,0,0,high_risk_veto,0.2200107278485688,1.593268,0.5,0.563118,0.493607,0.53186,0.072677,0.0,0,0.096855,0.138779,0.440904
2025-07-04,0,0,high_risk_veto,0.221131137444371,1.533144,0.75,0.562709,0.493583,0.500924,0.063948,0.0,0,0.096901,0.13714,0.437823
2025-07-07,0,0,high_risk_veto,0.2179463874344622,1.691811,0.75,0.56673,0.493813,0.581958,0.078565,0.0,0,0.104308,0.148372,0.45894
2025-07-08,0,0,high_risk_veto,0.219594910523493,1.803027,0.75,0.568968,0.493941,0.639067,0.076377,0.0,0,0.105877,0.156207,0.473669
2025-07-09,0,0,high_risk_veto,0.2186428476737429,1.736229,0.5,0.555301,0.49316,0.607255,0.075775,0.0,0,0.0669,0.12658,0.417971
2025-07-10,0,0,high_risk_veto,0.2186484358515686,1.661497,0.75,0.555931,0.493196,0.568686,0.075461,0.0,0,0.067366,0.128773,0.422093
2025-07-11,0,0,high_risk_veto,0.2173843801779061,1.669592,0.75,0.557677,0.493296,0.572467,0.071067,0.0,0,0.073218,0.132015,0.428188
2025-07-14,0,0,high_risk_veto,0.2173801762594236,1.704148,0.5,0.555512,0.493172,0.590714,0.070746,0.0,0,0.071719,0.124424,0.413916
2025-07-15,0,0,high_risk_veto,0.2169524729639852,1.69973,0.5,0.56037,0.49345,0.587411,0.072007,0.0,0,0.086137,0.134608,0.433063
2025-07-16,0,0,high_risk_veto,0.2165585062186095,1.667876,0.5,0.566117,0.493778,0.569713,0.068046,0.0,0,0.087935,0.156108,0.473482
2025-07-17,0,0,high_risk_veto,0.2179602957534064,1.635458,0.5,0.561649,0.493523,0.553981,0.04548,0.0,0,0.081509,0.142508,0.447914
2025-07-18,0,0,high_risk_veto,0.2187361107531371,1.657438,0.75,0.552633,0.493008,0.567333,0.050069,0.0,0,0.064719,0.117435,0.400777
2025-07-21,0,0,high_risk_veto,0.2189465583834711,1.627173,0.5,0.556583,0.493233,0.55088,0.042126,0.0,0,0.069506,0.13001,0.424419
2025-07-22,0,0,high_risk_veto,0.2197444037685169,1.758512,0.75,0.555555,0.493175,0.618663,0.046355,0.0,0,0.066574,0.127784,0.420234
2025-07-23,0,0,high_risk_veto,0.2189789269154703,1.692099,0.5,0.557751,0.4933,0.584039,0.073761,0.0,0,0.069531,0.134591,0.433032
2025-07-24,0,0,high_risk_veto,0.2191731085312911,1.713821,0.5,0.553187,0.493039,0.596172,0.073214,0.0,0,0.063269,0.120512,0.406562
2025-07-25,0,0,high_risk_veto,0.2192857545787392,1.611711,0.5,0.556092,0.493205,0.543039,0.073143,0.0,0,0.069155,0.128296,0.421196
2025-07-28,0,0,high_risk_veto,0.2190489754026223,1.621186,0.5,0.559196,0.493383,0.547191,0.073061,0.0,0,0.07654,0.135934,0.435556
2025-07-29,0,0,high_risk_veto,0.2194300819455586,1.649585,0.75,0.558442,0.49334,0.561993,0.090899,0.0,0,0.071358,0.13618,0.436018
2025-07-30,0,0,high_risk_veto,0.2195370457752426,1.665829,0.5,0.556722,0.493241,0.57074,0.09118,0.0,0,0.066685,0.132307,0.428738
2025-07-31,0,0,high_risk_veto,0.2174634792073394,1.725872,0.75,0.564178,0.493667,0.600104,0.089691,0.0,0,0.075699,0.156061,0.473394
2025-08-01,0,0,high_risk_veto,0.216089770438874,1.858708,0.75,0.575269,0.494301,0.666814,0.166943,0.0,0,0.078495,0.197978,0.552199
2025-08-04,0,0,high_risk_veto,0.2171195846419438,1.636204,0.5,0.574346,0.494248,0.551427,0.186207,0.0,0,0.069787,0.199744,0.555519
2025-08-05,0,0,high_risk_veto,0.2174544603923072,1.624961,0.75,0.568044,0.493888,0.547071,0.186641,0.0,0,0.07235,0.173351,0.5059
2025-08-06,0,0,high_risk_veto,0.2131302082541952,1.306722,0.5,0.569854,0.493992,0.381768,0.179774,0.0,0,0.127628,0.146213,0.454881
2025-08-07,0,0,high_risk_veto,0.2110367095035133,1.48638,0.5,0.565105,0.49372,0.476137,0.178869,0.0,0,0.120999,0.131631,0.427465
2025-08-08,0,1,ok,0.2116650804892337,1.349592,0.5,0.566067,0.493775,0.405146,0.187943,0.0,0,0.116722,0.13807,0.439571
2025-08-11,0,1,ok,0.2118502244826727,1.524951,0.75,0.562866,0.493592,0.496654,0.187297,0.026205,0,0.115688,0.126113,0.417092
2025-08-12,0,1,ok,0.2111397212600804,1.44441,0.5,0.564466,0.493684,0.454626,0.191003,0.026205,0,0.11477,0.132978,0.429999
2025-08-13,0,1,ok,0.2110256093568218,1.559891,0.75,0.564994,0.493714,0.514157,0.190792,0.026205,0,0.117201,0.13355,0.431075
2025-08-14,0,1,ok,0.2118091981753124,1.548417,0.75,0.565008,0.493715,0.508224,0.189142,0.026205,0,0.12287,0.13009,0.424569
2025-08-15,0,1,ok,0.2131645673241489,1.707122,0.75,0.561537,0.493516,0.590976,0.098867,0.026205,0,0.119797,0.118336,0.402472
2025-08-18,0,1,ok,0.2132519215757444,1.690033,0.75,0.562938,0.493596,0.581858,0.083143,0.040289,0,0.126316,0.119807,0.405237
2025-08-19,0,1,ok,0.2142037869262644,1.793359,0.75,0.569998,0.494,0.633865,0.093619,0.040289,0,0.14206,0.137833,0.439126
2025-08-20,0,1,ok,0.2143489504940287,1.764671,0.75,0.572824,0.494161,0.618442,0.092144,0.040289,0,0.148598,0.144901,0.452415
2025-08-21,0,1,ok,0.2139940635471455,1.763483,0.75,0.573456,0.494197,0.6177,0.092623,0.040289,0,0.148128,0.147682,0.457641
2025-08-22,0,1,ok,0.2160355388170572,1.461114,0.5,0.5708,0.494046,0.461494,0.091826,0.040289,0,0.148379,0.137072,0.437696
2025-08-25,0,1,ok,0.2160559731871011,1.449835,0.75,0.565993,0.493771,0.457001,0.091719,0.030521,0,0.133041,0.127662,0.420005
2025-08-26,0,1,ok,0.216469582311057,1.369367,0.5,0.56025,0.493443,0.417124,0.073435,0.030521,0,0.116128,0.115543,0.39722
2025-08-27,0,1,ok,0.2154150723010003,1.501523,0.5,0.56356,0.493632,0.484375,0.073476,0.030521,0,0.124426,0.123428,0.412045
2025-08-28,0,1,ok,0.2139911064784201,1.391909,0.5,0.560405,0.493452,0.4287,0.071622,0.030521,0,0.112284,0.118535,0.402846
2025-08-29,0,1,ok,0.2146456933774037,1.529806,0.75,0.573359,0.494192,0.496432,0.075434,0.030521,0,0.146429,0.148354,0.458906
2025-09-01,0,1,ok,0.2144756743759042,1.521749,0.75,0.570282,0.494016,0.49306,0.075208,0.034079,0,0.138858,0.140936,0.444959
2025-09-02,0,0,high_risk_veto,0.2165214753159225,1.650438,0.75,0.57384,0.494219,0.558935,0.067286,0.034079,0,0.14742,0.14963,0.461305
2025-09-03,0,0,high_risk_veto,0.2117235748440203,1.440117,0.5,0.57038,0.494022,0.45073,0.064577,0.034079,0,0.138877,0.141312,0.445667
2025-09-04,0,0,high_risk_veto,0.211560802787379,1.336708,0.5,0.569459,0.493969,0.397427,0.066497,0.034079,0,0.138346,0.138014,0.439467
2025-09-05,0,0,high_risk_veto,0.2112901506546902,1.249251,0.5,0.57692,0.494395,0.349612,0.056825,0.034079,0,0.158237,0.155049,0.471492
2025-09-08,0,0,high_risk_veto,0.2112501186159188,1.294474,0.5,0.577716,0.494441,0.372868,0.05649,0.0,0,0.159317,0.157512,0.476122
2025-09-09,0,0,high_risk_veto,0.2113085681749237,1.36702,0.5,0.580053,0.494574,0.40989,0.062646,0.0,0,0.163256,0.164266,0.48882
2025-09-10,0,0,high_risk_veto,0.2113412779809392,1.334991,0.75,0.57783,0.494447,0.393909,0.062564,0.0,0,0.157942,0.158812,0.478566
2025-09-11,0,0,high_risk_veto,0.2113407915850881,1.295525,0.5,0.567158,0.493838,0.376837,0.071959,0.0,0,0.131252,0.133358,0.430712
2025-09-12,0,0,high_risk_veto,0.2113811959303138,1.271501,0.5,0.569503,0.493972,0.363636,0.067454,0.0,0,0.138019,0.13839,0.440172
2025-09-15,0,0,high_risk_veto,0.2115375124823675,1.21192,0.5,0.569059,0.493946,0.332926,0.068748,0.0,0,0.143426,0.133294,0.430592
2025-09-16,0,0,high_risk_veto,0.2114533812242452,1.294416,0.75,0.574051,0.494231,0.374031,0.064208,0.0,0,0.156308,0.144953,0.452511
2025-09-17,0,0,high_risk_veto,0.2113995951405435,1.364955,0.75,0.570646,0.494037,0.411697,0.064194,0.0,0,0.142164,0.140318,0.443798
2025-09-18,0,0,high_risk_veto,0.2115259477736518,1.403727,0.5,0.572454,0.49414,0.43126,0.071926,0.0,0,0.151232,0.141816,0.446613
2025-09-19,0,0,high_risk_veto,0.2114035539377956,1.37049,0.5,0.567936,0.493882,0.415387,0.051327,0.0,0,0.140861,0.130461,0.425267
2025-09-22,0,0,high_risk_veto,0.2115840025763123,1.332527,0.5,0.571137,0.494065,0.394735,0.050199,0.0,0,0.152605,0.135781,0.435268
2025-09-23,0,0,high_risk_veto,0.2115109795300862,1.496373,0.75,0.565897,0.493766,0.481089,0.076474,0.0,0,0.131077,0.128502,0.421585
2025-09-24,0,0,high_risk_veto,0.2116066122417421,1.61056,0.75,0.565954,0.493769,0.540115,0.077268,0.0,0,0.13438,0.126678,0.418154
2025-09-25,0,0,high_risk_veto,0.2115840453859743,1.712757,0.75,0.569626,0.493979,0.592181,0.076701,0.0,0,0.141576,0.136668,0.436936
2025-09-26,0,0,high_risk_veto,0.211486506007988,1.602678,0.5,0.559338,0.493391,0.537621,0.080653,0.0,0,0.117687,0.110988,0.388658
2025-09-29,0,0,high_risk_veto,0.2115139892029075,1.524323,0.5,0.55983,0.493419,0.497118,0.080426,0.0,0,0.116534,0.11364,0.393643
2025-09-30,0,0,high_risk_veto,0.2115316654417595,1.457927,0.5,0.561736,0.493528,0.462368,0.079188,0.0,0,0.120048,0.118963,0.40365
2025-10-01,0,0,high_risk_veto,0.2112871426702388,1.450153,0.5,0.566788,0.493816,0.456942,0.079562,0.0,0,0.145268,0.123211,0.411637
2025-10-02,0,0,high_risk_veto,0.2100053449160905,1.461101,0.5,0.562656,0.49358,0.463751,0.072121,0.0,0,0.123153,0.120658,0.406837
2025-10-03,0,0,high_risk_veto,0.2108823133902223,1.535917,0.75,0.572826,0.494162,0.499742,0.06899,0.0,0,0.149563,0.144314,0.45131
2025-10-06,0,0,high_risk_veto,0.2104788041280451,1.531722,0.5,0.567923,0.493881,0.498841,0.06853,0.0,0,0.136765,0.132951,0.429948
2025-10-07,0,0,high_risk_veto,0.2093728193727621,1.61754,0.75,0.572591,0.494148,0.542152,0.061774,0.0,0,0.148011,0.14435,0.451378
2025-10-08,0,0,high_risk_veto,0.2095350435624524,1.472135,0.5,0.564956,0.493712,0.468816,0.065027,0.0,0,0.130654,0.125062,0.415117
2025-10-09,0,0,high_risk_veto,0.2094457344725751,1.548153,0.75,0.562551,0.493574,0.508711,0.063954,0.0,0,0.12721,0.117731,0.401334
2025-10-10,0,1,ok,0.2124064950051746,1.802622,0.75,0.588754,0.495072,0.635119,0.183168,0.0,0,0.178918,0.188803,0.53495
2025-10-13,0,1,ok,0.2146386486387558,1.654489,0.5,0.593993,0.495371,0.556396,0.201904,0.015197,0,0.176971,0.210627,0.575978
2025-10-14,0,1,ok,0.2128857232598572,1.668111,0.75,0.586171,0.494924,0.565328,0.200414,0.015197,0,0.17388,0.181759,0.521708
2025-10-15,0,1,ok,0.2135517982996007,1.268911,0.5,0.577119,0.494407,0.359769,0.203565,0.015197,0,0.151793,0.159827,0.480474
2025-10-16,0,1,ok,0.2113109549376959,1.528115,0.75,0.588203,0.49504,0.491638,0.209525,0.015197,0,0.177364,0.187596,0.53268
2025-10-17,0,1,ok,0.2120810248093484,1.412655,0.5,0.579377,0.494536,0.433858,0.214018,0.015197,0,0.146376,0.172068,0.503488
2025-10-20,0,1,ok,0.2110436273985004,1.368762,0.5,0.566324,0.49379,0.414981,0.217399,0.020239,0,0.132908,0.129049,0.422612
2025-10-21,0,1,ok,0.2113160941382822,1.363584,0.75,0.567653,0.493866,0.411899,0.215951,0.020239,0,0.128598,0.136949,0.437464
2025-10-22,0,1,ok,0.2098211375340258,1.522419,0.75,0.569978,0.493999,0.493487,0.213447,0.020239,0,0.136477,0.141216,0.445487
2025-10-23,0,1,ok,0.211765192105897,1.568747,0.5,0.570879,0.49405,0.517266,0.220592,0.020239,0,0.134313,0.146103,0.454673
2025-10-24,0,1,ok,0.2095436938216316,1.458193,0.5,0.557902,0.493309,0.463566,0.128825,0.020239,0,0.108419,0.111083,0.388837
2025-10-27,0,1,ok,0.2112992745073285,1.223443,0.5,0.569002,0.493943,0.338913,0.122779,0.020529,0,0.15153,0.128044,0.420723
2025-10-28,0,1,ok,0.2112552777502821,1.250186,0.5,0.566233,0.493785,0.353689,0.117222,0.020529,0,0.151086,0.117423,0.400755
2025-10-29,0,1,ok,0.2139988003428603,1.332514,0.5,0.568031,0.493887,0.395702,0.118137,0.020529,0,0.148796,0.125916,0.416722
2025-10-30,0,1,ok,0.2133548003089367,1.665707,0.75,0.560484,0.493456,0.569845,0.111323,0.020529,0,0.118951,0.114714,0.395663
2025-10-31,0,1,ok,0.2136107261974846,1.694601,0.5,0.562497,0.493571,0.584311,0.109655,0.020529,0,0.121847,0.120843,0.407185
2025-11-03,0,1,ok,0.2135793252404271,1.684668,0.5,0.561062,0.493489,0.579495,0.104567,0.037947,0,0.119985,0.116349,0.398736
2025-11-04,0,1,ok,0.2133721452752937,1.704318,0.75,0.565359,0.493735,0.588719,0.129192,0.037947,0,0.12524,0.130002,0.424404
2025-11-05,0,1,ok,0.2130532224999663,1.687076,0.5,0.563274,0.493616,0.580259,0.126831,0.037947,0,0.121492,0.124119,0.413344
2025-11-06,0,1,ok,0.2129588641637382,1.890616,0.75,0.567764,0.493872,0.684622,0.151305,0.037947,0,0.133081,0.134607,0.433061
2025-11-07,0,1,ok,0.2129358003232061,1.697267,0.75,0.567093,0.493834,0.584702,0.146215,0.037947,0,0.126527,0.136031,0.435738
2025-11-10,0,1,ok,0.2126911477477361,1.507215,0.5,0.563103,0.493606,0.487435,0.159126,0.027467,0,0.120921,0.123802,0.412748
2025-11-11,0,1,ok,0.2131272233623723,1.335604,0.75,0.564879,0.493707,0.398283,0.158891,0.027467,0,0.131751,0.124078,0.413268
2025-11-12,0,1,ok,0.2129728655132988,1.304067,0.75,0.562264,0.493558,0.38282,0.154057,0.027467,0,0.120038,0.121048,0.407569
2025-11-13,0,0,high_risk_veto,0.2129810730243936,1.706718,0.75,0.569486,0.493971,0.589082,0.161917,0.027467,0,0.134196,0.140694,0.444505
2025-11-14,0,0,high_risk_veto,0.2122275911413717,1.648904,0.5,0.568998,0.493943,0.559246,0.161319,0.027467,0,0.130063,0.141334,0.445708
2025-11-17,0,0,high_risk_veto,0.2122182822705787,1.706328,0.75,0.580024,0.494573,0.586624,0.165856,0.0,0,0.159616,0.166408,0.492847
2025-11-18,0,0,high_risk_veto,0.2124937454508975,1.601586,0.75,0.585144,0.494865,0.530819,0.161331,0.0,0,0.144602,0.195866,0.548227
2025-11-19,0,0,high_risk_veto,0.2123122195738659,1.528614,0.5,0.579255,0.494529,0.494266,0.156113,0.0,0,0.150991,0.168729,0.497211
2025-11-20,0,0,high_risk_veto,0.2121738662695231,1.639257,0.75,0.584604,0.494834,0.550619,0.160764,0.0,0,0.149214,0.190879,0.538852
2025-11-21,0,0,high_risk_veto,0.2136931563851295,1.393965,0.5,0.580156,0.49458,0.423893,0.167107,0.0,0,0.163975,0.164226,0.488746
2025-11-24,0,1,ok,0.2133883735679102,1.187462,0.5,0.571518,0.494087,0.319393,0.156409,0.017587,0,0.136575,0.147214,0.456763
2025-11-25,0,1,ok,0.2148987869961269,0.9127,0.5,0.582177,0.494696,0.172343,0.163281,0.017587,0,0.167747,0.169842,0.499302
2025-11-26,0,1,ok,0.2187714055379292,0.94587,0.5,0.583583,0.494776,0.189044,0.167974,0.017587,0,0.179364,0.168173,0.496166
2025-11-27,0,1,ok,0.2078085163639236,1.224804,0.75,0.580447,0.494597,0.335681,0.153598,0.017587,0,0.169233,0.162111,0.484769
2025-11-28,0,1,ok,0.2041261644684235,1.23822,0.5,0.57619,0.494354,0.344124,0.157836,0.017587,0,0.17378,0.142543,0.44798
2025-12-01,0,1,ok,0.2061426595123289,1.40011,0.75,0.561943,0.49354,0.432478,0.145142,0.025335,0,0.134229,0.110986,0.388654
2025-12-02,0,1,ok,0.2107427637298572,1.37954,0.5,0.553782,0.493073,0.424288,0.130204,0.025335,0,0.105399,0.096741,0.361874
2025-12-03,0,1,ok,0.2184481216160593,1.482772,0.5,0.560934,0.493482,0.475403,0.130071,0.025335,0,0.12123,0.115073,0.396337
2025-12-04,0,1,ok,0.2095923346704398,1.487464,0.75,0.566345,0.493791,0.476362,0.065259,0.025335,0,0.140017,0.124723,0.414479
2025-12-05,0,1,ok,0.2181492678135865,1.547412,0.5,0.56718,0.493839,0.507151,0.064431,0.025335,0,0.147627,0.123292,0.411789
2025-12-08,0,1,ok,0.2039588158727687,1.609584,0.75,0.558686,0.493354,0.541333,0.047083,0.054392,0,0.127173,0.102545,0.372784
2025-12-09,0,1,ok,0.2050661634953237,1.612181,0.5,0.566666,0.493809,0.540783,0.04348,0.054392,0,0.147998,0.121041,0.407557
2025-12-10,0,1,ok,0.2075591470605734,1.624427,0.5,0.565565,0.493747,0.547375,0.038865,0.054392,0,0.141546,0.120708,0.406931
2025-12-11,0,1,ok,0.2070009684802555,1.634593,0.75,0.567109,0.493835,0.552273,0.037025,0.054392,0,0.141778,0.12664,0.418082
2025-12-12,0,1,ok,0.2136875581982861,1.805793,0.75,0.570712,0.494041,0.640174,0.055866,0.054392,0,0.147603,0.137209,0.437952
2025-12-15,0,1,ok,0.2123628871524895,1.837317,0.75,0.563926,0.493653,0.657718,0.057992,0.049091,0,0.130774,0.120931,0.407351
2025-12-16,0,1,ok,0.2122186429944552,1.742809,0.5,0.567023,0.49383,0.608277,0.06547,0.049091,0,0.13844,0.128371,0.421337
2025-12-17,0,1,ok,0.2195904229228477,1.707439,0.75,0.569787,0.493988,0.589392,0.083687,0.049091,0,0.135743,0.140919,0.444928
2025-12-18,0,1,ok,0.2337457629361384,1.509609,0.5,0.570142,0.494008,0.486806,0.085576,0.049091,0,0.141535,0.138726,0.440805
2025-12-19,0,1,ok,0.2115098700876449,1.408656,0.5,0.57106,0.494061,0.434226,0.103565,0.049091,0,0.146602,0.139197,0.441691
2025-12-22,0,1,ok,0.2107439588487106,1.19934,0.5,0.572727,0.494156,0.325129,0.110754,0.020081,0,0.153729,0.14134,0.445719
2025-12-23,0,0,high_risk_veto,0.213520699836113,1.30484,0.5,0.568692,0.493925,0.381165,0.113372,0.020081,0,0.146821,0.129744,0.423918
2025-12-24,0,0,high_risk_veto,0.2119154211226796,1.396057,0.5,0.553069,0.493032,0.432983,0.112515,0.020081,0,0.105467,0.09389,0.356513
2025-12-25,0,0,high_risk_veto,0.2127080467657282,1.431422,0.75,0.552894,0.493022,0.451197,0.112033,0.020081,0,0.103004,0.094728,0.358089
2025-12-26,0,0,high_risk_veto,0.2111305619870012,1.474511,0.75,0.559052,0.493374,0.471656,0.102301,0.020081,0,0.127278,0.103919,0.375367
2025-12-29,0,0,high_risk_veto,0.2129101948141432,1.546397,0.75,0.55489,0.493137,0.509743,0.105549,0.0,0,0.111645,0.097231,0.362794
2025-12-30,0,0,high_risk_veto,0.2130042801787224,1.561007,0.75,0.559872,0.493421,0.516015,0.099927,0.0,0,0.119861,0.111745,0.390081
2025-12-31,0,0,high_risk_veto,0.2132483567452234,1.641571,0.75,0.567502,0.493857,0.555793,0.080832,0.0,0,0.144361,0.126585,0.41798
2026-01-01,0,0,high_risk_veto,0.212826545389805,1.588856,0.75,0.568214,0.493898,0.528341,0.079437,0.0,0,0.147764,0.127277,0.41928
2026-01-02,0,0,high_risk_veto,0.2145881780242759,1.577175,0.75,0.567859,0.493878,0.522382,0.059238,0.0,0,0.145044,0.127565,0.419821
2026-01-05,0,0,high_risk_veto,0.2134030505407362,1.410799,0.5,0.56522,0.493727,0.437041,0.049491,0.0,0,0.138532,0.121218,0.407891
2026-01-06,0,0,high_risk_veto,0.2139799347619956,1.356494,0.5,0.557994,0.493314,0.411173,0.054208,0.0,0,0.118777,0.105022,0.377442
2026-01-07,0,0,high_risk_veto,0.212548855384278,1.367746,0.5,0.566027,0.493773,0.414545,0.060542,0.0,0,0.135916,0.126012,0.416903
2026-01-08,0,0,high_risk_veto,0.2129942482541543,1.54395,0.75,0.569966,0.493998,0.504646,0.062488,0.0,0,0.151145,0.132076,0.428303
2026-01-09,0,0,high_risk_veto,0.2115720920989673,1.544796,0.5,0.569021,0.493944,0.505326,0.067905,0.0,0,0.154412,0.126333,0.417505
2026-01-12,0,0,high_risk_veto,0.2130944643205044,1.559376,0.5,0.567848,0.493877,0.513173,0.060568,0.0,0,0.148032,0.125671,0.416261
2026-01-13,0,0,high_risk_veto,0.2112153843203298,1.531292,0.75,0.572956,0.494169,0.497309,0.064716,0.0,0,0.160439,0.138082,0.439593
2026-01-14,0,0,high_risk_veto,0.2127969292381215,1.73833,0.75,0.561029,0.493487,0.607178,0.072543,0.0,0,0.119144,0.11674,0.399471
2026-01-15,0,0,high_risk_veto,0.2123636596962305,1.713223,0.5,0.562233,0.493556,0.593977,0.074763,0.0,0,0.123236,0.118942,0.403611
2026-01-16,0,0,high_risk_veto,0.2125617694215141,1.71486,0.75,0.569076,0.493947,0.593386,0.074941,0.0,0,0.151448,0.128387,0.421368
2026-01-19,0,0,high_risk_veto,0.2131996494435714,1.623806,0.75,0.569136,0.493951,0.546216,0.074156,0.0,0,0.151453,0.128618,0.421803
2026-01-20,0,0,high_risk_veto,0.2131214976154874,1.912201,0.75,0.573459,0.494198,0.694894,0.108605,0.0,0,0.143707,0.150435,0.462817
2026-01-21,0,0,high_risk_veto,0.2062854057215932,1.794918,0.5,0.568301,0.493903,0.634994,0.117031,0.0,0,0.155167,0.123031,0.411299
2026-01-22,0,0,high_risk_veto,0.2066261845408949,1.756724,0.5,0.562987,0.493599,0.616277,0.119273,0.0,0,0.145342,0.108207,0.383429
2026-01-23,0,0,high_risk_veto,0.2068611349417635,1.517819,0.5,0.57855,0.494489,0.488833,0.115808,0.0,0,0.18332,0.145916,0.454322
2026-01-26,0,0,high_risk_veto,0.2067885806663315,1.601662,0.5,0.570353,0.49402,0.534455,0.116507,0.0,0,0.155188,0.131095,0.426459
2026-01-27,0,0,high_risk_veto,0.2069963457556247,1.582387,0.5,0.565654,0.493752,0.525621,0.118136,0.0,0,0.128496,0.129147,0.422796
2026-01-28,0,0,high_risk_veto,0.2066814585767541,1.592233,0.5,0.565854,0.493763,0.530663,0.110496,0.0,0,0.148227,0.117704,0.401284
2026-01-29,0,0,high_risk_veto,0.2067549179101989,1.711899,0.75,0.568861,0.493935,0.591898,0.110825,0.0,0,0.149077,0.129009,0.422537
2026-01-30,0,0,high_risk_veto,0.2059521918160331,1.887641,0.75,0.574356,0.494249,0.681998,0.110936,0.0,0,0.163506,0.141692,0.446381
2026-02-02,0,0,high_risk_veto,0.2059461549091957,1.806927,0.5,0.573231,0.494185,0.640293,0.116959,0.0,0,0.163622,0.137192,0.437921
2026-02-03,0,0,high_risk_veto,0.2059224611040149,1.853473,0.75,0.582605,0.49472,0.66281,0.090252,0.0,0,0.193163,0.155771,0.47285
2026-02-04,0,0,high_risk_veto,0.2063270380765075,1.859371,0.75,0.576235,0.494356,0.666992,0.085123,0.0,0,0.162908,0.149456,0.460978
2026-02-05,0,0,high_risk_veto,0.2067506741316614,1.99758,0.75,0.589186,0.495096,0.737065,0.119922,0.0,0,0.191607,0.182637,0.523358
2026-02-06,0,0,high_risk_veto,0.2064427823659885,1.562886,0.5,0.580902,0.494623,0.51169,0.161889,0.0,0,0.167466,0.164997,0.490194
2026-02-09,0,1,ok,0.2062620144206768,1.297928,0.5,0.566334,0.49379,0.378346,0.16249,0.020908,0,0.147321,0.120152,0.405887
2026-02-10,0,1,ok,0.2073593675980092,1.209224,0.75,0.572179,0.494125,0.330448,0.162919,0.020908,0,0.141896,0.14652,0.455458
2026-02-11,0,1,ok,0.2070218766098939,1.431435,0.5,0.563425,0.493624,0.448219,0.163924,0.020908,0,0.121044,0.124993,0.414987
2026-02-12,0,1,ok,0.207221052550474,1.708457,0.75,0.574434,0.494253,0.58893,0.193929,0.020908,0,0.143223,0.154569,0.47059
2026-02-13,0,1,ok,0.2072290394325996,1.642612,0.5,0.57305,0.494174,0.555054,0.193914,0.020908,0,0.132305,0.155891,0.473075
2026-02-16,0,1,ok,0.2070810098756681,1.650787,0.75,0.574486,0.494256,0.558968,0.18609,0.028378,0,0.134579,0.160132,0.481049
2026-02-17,0,1,ok,0.206716057463,1.437764,0.75,0.576121,0.49435,0.447868,0.185048,0.028378,0,0.163941,0.148368,0.458931
2026-02-18,0,1,ok,0.2004401265956359,1.37801,0.5,0.567543,0.49386,0.419397,0.190753,0.028378,0,0.13496,0.132572,0.429235
2026-02-19,0,0,high_risk_veto,0.1995796391645898,1.40847,0.75,0.584719,0.494841,0.430094,0.167296,0.028378,0,0.19934,0.160262,0.481293
2026-02-20,0,0,high_risk_veto,0.1973816058107822,1.323238,0.5,0.569325,0.493961,0.390492,0.136165,0.028378,0,0.148086,0.131449,0.427123
2026-02-23,0,0,high_risk_veto,0.1991006851559858,1.503936,0.75,0.588487,0.495056,0.478913,0.145092,0.0,0,0.207388,0.170105,0.499797
2026-02-24,0,0,high_risk_veto,0.1979699819614148,1.343285,0.5,0.562912,0.493595,0.402859,0.151968,0.0,0,0.124988,0.12053,0.406597
2026-02-25,0,0,high_risk_veto,0.1924329523613409,1.294786,0.5,0.561572,0.493518,0.378251,0.160421,0.0,0,0.12221,0.116979,0.39992
2026-02-26,0,0,high_risk_veto,0.1890064570282163,1.312997,0.75,0.581794,0.494674,0.381191,0.121059,0.0,0,0.193179,0.15257,0.466832
2026-02-27,0,0,high_risk_veto,0.1914158361296989,1.466389,0.75,0.575213,0.494298,0.463,0.128286,0.0,0,0.168282,0.142102,0.447152
2026-03-02,0,0,high_risk_veto,0.1969332641811365,1.604712,0.5,0.581872,0.494678,0.533249,0.132444,0.0,0,0.169171,0.167759,0.495388
2026-03-03,0,0,high_risk_veto,0.1993168404933799,1.585925,0.75,0.591036,0.495202,0.521167,0.138286,0.0,0,0.207438,0.180106,0.518599
2026-03-04,0,0,high_risk_veto,0.1881351682226423,1.434408,0.5,0.570505,0.494029,0.447735,0.141823,0.0,0,0.141281,0.140311,0.443785
2026-03-05,0,0,high_risk_veto,0.196284596421015,1.505322,0.75,0.594697,0.495411,0.477942,0.141163,0.0,0,0.210304,0.192735,0.542341
2026-03-06,0,0,high_risk_veto,0.1906077392239928,1.580554,0.75,0.592987,0.495314,0.517861,0.147905,0.0,0,0.203778,0.190052,0.537298
2026-03-09,0,0,high_risk_veto,0.1996039693052026,1.594664,0.5,0.57587,0.494335,0.529483,0.136761,0.0,0,0.156717,0.151859,0.465495
2026-03-10,0,0,high_risk_veto,0.2066505156500835,1.563316,0.75,0.58827,0.495044,0.510034,0.130517,0.0,0,0.215664,0.16412,0.488546
2026-03-11,0,0,high_risk_veto,0.2074819739330303,1.428486,0.75,0.578759,0.494501,0.44228,0.121054,0.0,0,0.17048,0.154696,0.470829
2026-03-12,0,0,high_risk_veto,0.2019316705567039,1.745094,0.75,0.589625,0.495121,0.604839,0.128669,0.0,0,0.204696,0.176251,0.511352
2026-03-13,0,0,high_risk_veto,0.1994989009415491,1.802348,0.75,0.574016,0.494229,0.637769,0.124172,0.0,0,0.150857,0.148193,0.458602
2026-03-16,0,0,high_risk_veto,0.1999796522278731,1.666729,0.5,0.566353,0.493792,0.569067,0.122624,0.0,0,0.131825,0.129834,0.424089
2026-03-17,0,0,high_risk_veto,0.1981556354737525,1.458251,0.5,0.563956,0.493655,0.461919,0.117853,0.0,0,0.126914,0.123443,0.412073
2026-03-18,0,0,high_risk_veto,0.1960190945160504,1.568526,0.75,0.576193,0.494354,0.515817,0.111419,0.0,0,0.172027,0.143639,0.450041
2026-03-19,0,0,high_risk_veto,0.1988387805957742,1.753955,0.75,0.571905,0.494109,0.613066,0.111418,0.0,0,0.152169,0.139073,0.441457
2026-03-20,0,0,high_risk_veto,0.2035432741157526,1.99286,0.75,0.578919,0.49451,0.736013,0.097597,0.0,0,0.186788,0.145217,0.453008
2026-03-23,0,0,high_risk_veto,0.2059582498727779,1.715077,0.5,0.577732,0.494442,0.591669,0.102421,0.0,0,0.173106,0.149026,0.460168
2026-03-24,0,0,high_risk_veto,0.2014892098807017,1.735832,0.75,0.586318,0.494932,0.600682,0.101463,0.0,0,0.200439,0.165876,0.491846
2026-03-25,0,0,high_risk_veto,0.2009303898427072,1.466576,0.5,0.579988,0.494571,0.461762,0.09809,0.0,0,0.18272,0.151946,0.465659
2026-03-26,0,0,high_risk_veto,0.204305198772432,1.83176,0.75,0.582883,0.494736,0.651435,0.091572,0.0,0,0.183446,0.162891,0.486235
2026-03-27,0,0,high_risk_veto,0.1998341634758984,1.944039,0.75,0.586382,0.494936,0.709471,0.120201,0.0,0,0.200287,0.16622,0.492494
2026-03-30,0,0,high_risk_veto,0.1913156227675682,2.035243,0.75,0.58771,0.495012,0.756963,0.115266,0.0,0,0.202183,0.170273,0.500114
2026-03-31,0,1,ok,0.2002061894904623,1.397515,0.5,0.596104,0.495492,0.420932,0.193893,0.0,0,0.219536,0.192551,0.541996
2026-04-01,0,1,ok,0.1963990704129267,1.072731,0.5,0.589235,0.495099,0.253038,0.196295,0.0,0,0.218135,0.166385,0.492803
2026-04-02,0,1,ok,0.1949403361151364,1.038328,0.5,0.601967,0.495827,0.229902,0.195959,0.0,1,0.2597,0.190728,0.538569
2026-04-03,0,1,ok,0.1928985241504819,1.42383,0.75,0.587651,0.495009,0.437252,0.193587,0.0,0,0.213798,0.162842,0.486143
2026-04-06,0,1,ok,0.1988585208079034,1.516096,0.5,0.59329,0.495331,0.483978,0.193007,0.013522,0,0.227173,0.176744,0.512279
2026-04-07,0,1,ok,0.1962140736925515,1.531206,0.75,0.591701,0.49524,0.492326,0.193346,0.013522,0,0.220136,0.174849,0.508717
2026-04-08,0,1,ok,0.1969369928775723,1.249523,0.5,0.570819,0.494047,0.351809,0.224052,0.013522,0,0.154632,0.133272,0.430552
2026-04-09,0,1,ok,0.1979391879102608,1.250128,0.5,0.567665,0.493867,0.353181,0.213784,0.013522,0,0.158995,0.118153,0.402129
2026-04-10,0,1,ok,0.2067799437369971,1.252206,0.5,0.571935,0.494111,0.352826,0.179796,0.013522,0,0.173396,0.126032,0.41694
2026-04-13,0,1,ok,0.2053724553846702,1.45312,0.5,0.560456,0.493455,0.460244,0.154767,0.026456,0,0.123008,0.112092,0.390733
2026-04-14,0,1,ok,0.1883099684021517,1.346116,0.5,0.567846,0.493877,0.402799,0.115184,0.026456,0,0.163347,0.116168,0.398397
2026-04-15,0,1,ok,0.1949973680920819,1.253919,0.5,0.556297,0.493217,0.358914,0.116336,0.026456,0,0.078477,0.123325,0.411851
2026-04-16,0,1,ok,0.1943902851121736,1.366741,0.5,0.559227,0.493384,0.416079,0.110115,0.026456,0,0.086717,0.129748,0.423926
2026-04-17,0,1,ok,0.1926968863503831,1.460726,0.5,0.55995,0.493426,0.464306,0.103898,0.026456,0,0.084758,0.133807,0.431557
2026-04-20,0,1,ok,0.1971985152423721,1.669781,0.75,0.555711,0.493184,0.572996,0.111778,0.037455,0,0.071411,0.1254,0.415752
2026-04-21,0,1,ok,0.1978571162898285,1.787584,0.75,0.559965,0.493427,0.632782,0.112418,0.037455,0,0.072327,0.141573,0.446157
2026-04-22,0,1,ok,0.1866204936950531,1.785547,0.5,0.561734,0.493528,0.631396,0.0698,0.037455,0,0.081185,0.143045,0.448924
2026-04-23,0,1,ok,0.2011448377704592,1.84418,0.75,0.563056,0.493603,0.661415,0.07877,0.037455,0,0.083142,0.147034,0.456424
2026-04-24,0,1,ok,0.186408767438278,1.645578,0.5,0.560526,0.493459,0.559457,0.07707,0.037455,0,0.078922,0.139693,0.442622
2026-04-27,0,1,ok,0.1876465214413383,1.847671,0.75,0.559766,0.493415,0.663789,0.075399,0.047576,0,0.077214,0.137761,0.43899
2026-04-28,0,1,ok,0.2017906336966798,1.896233,0.75,0.56604,0.493774,0.687808,0.081213,0.047576,0,0.088943,0.155182,0.471742
2026-04-29,0,0,high_risk_veto,0.1913388616853896,2.032855,0.5,0.557715,0.493298,0.759487,0.071901,0.047576,0,0.074702,0.131244,0.426738
2026-04-30,0,0,high_risk_veto,0.2054223044475195,1.956248,0.5,0.561954,0.49354,0.719433,0.076445,0.047576,0,0.086697,0.140492,0.444124
2026-05-01,0,0,high_risk_veto,0.2043999557099043,1.813725,0.5,0.561571,0.493518,0.645963,0.073277,0.047576,0,0.091595,0.135951,0.435588
2026-05-04,0,0,high_risk_veto,0.1910574669405384,1.941403,0.75,0.557503,0.493286,0.712434,0.072123,0.0,0,0.077245,0.128837,0.422213
2026-05-05,0,0,high_risk_veto,0.2103204529288815,1.956429,0.5,0.550674,0.492896,0.72115,0.069171,0.0,0,0.047977,0.120101,0.405789
2026-05-06,0,0,high_risk_veto,0.1902889401863141,1.885855,0.5,0.559504,0.4934,0.683511,0.06879,0.0,0,0.08181,0.13388,0.431695
2026-05-07,0,0,high_risk_veto,0.1831420324093549,1.922317,0.75,0.554404,0.493109,0.703082,0.064022,0.0,0,0.069995,0.121132,0.407728
2026-05-08,0,0,high_risk_veto,0.1889709669261893,1.898745,0.5,0.555567,0.493175,0.690781,0.063652,0.0,0,0.070897,0.12515,0.415282
2026-05-11,0,0,high_risk_veto,0.1971100993426668,2.160573,0.5,0.556966,0.493255,0.825311,0.064446,0.0,0,0.074235,0.128586,0.421741
2026-05-12,0,0,high_risk_veto,0.1820161731770832,2.276059,0.75,0.560116,0.493435,0.88456,0.049576,0.0,0,0.081846,0.136265,0.436178
2026-05-13,0,0,high_risk_veto,0.1891735305452652,2.383582,0.5,0.567516,0.493858,0.939757,0.049907,0.0,0,0.124456,0.138979,0.44128
2026-05-14,0,0,high_risk_veto,0.1900752613042217,2.295286,0.5,0.553687,0.493068,0.894819,0.05123,0.0,0,0.095046,0.102785,0.373236
2026-05-15,0,0,high_risk_veto,0.1922176958726327,2.355381,0.75,0.561149,0.493494,0.92541,0.066609,0.0,0,0.103186,0.127104,0.418955
2026-05-18,0,0,high_risk_veto,0.1996346080741866,2.497406,0.75,0.560161,0.493438,0.998663,0.067309,0.0,0,0.111123,0.118296,0.402397
2026-05-19,0,0,high_risk_veto,0.1980270620884866,2.641735,0.75,0.556376,0.493221,1.0,0.072416,0.0,0,0.097703,0.111717,0.390029
2026-05-20,0,0,high_risk_veto,0.1986281249883715,2.335165,0.5,0.558881,0.493365,0.915083,0.06424,0.0,0,0.105319,0.116858,0.399693
2026-05-21,0,0,high_risk_veto,0.2002087857158853,2.309984,0.5,0.552967,0.493027,0.902407,0.063172,0.0,0,0.08752,0.104614,0.376675
2026-05-22,0,0,high_risk_veto,0.2068654544580725,2.24475,0.5,0.556299,0.493217,0.868679,0.06107,0.0,0,0.10085,0.109466,0.385796
2026-05-25,0,0,high_risk_veto,0.1982636991988868,2.437236,0.75,0.552599,0.493006,0.96777,0.058969,0.0,0,0.085709,0.104289,0.376062
2026-05-26,0,0,high_risk_veto,0.1960437335847172,2.329259,0.5,0.556254,0.493215,0.912159,0.058991,0.0,0,0.097721,0.111228,0.389108
2026-05-27,0,0,high_risk_veto,0.1975262213033517,2.427569,0.75,0.554911,0.493138,0.962762,0.055776,0.0,0,0.091386,0.109871,0.386557
2026-05-28,0,0,high_risk_veto,0.1950406617138227,2.382991,0.5,0.55645,0.493226,0.939796,0.041145,0.0,0,0.100181,0.110474,0.387692
2026-05-29,0,0,high_risk_veto,0.1949890808197103,2.536149,0.5,0.549686,0.492839,1.0,0.031541,0.0,0,0.087159,0.091927,0.352823
2026-06-01,0,0,high_risk_veto,0.1940868537445988,2.489823,0.5,0.547434,0.492711,0.994788,0.034062,0.0,0,0.082355,0.086042,0.341758
2026-06-02,0,0,high_risk_veto,0.2009789093320784,2.576932,0.5,0.55671,0.493241,1.0,0.026149,0.0,0,0.104371,0.108899,0.38473
2026-06-03,0,0,high_risk_veto,0.1998820733266618,2.71255,0.75,0.550783,0.492902,1.0,0.039668,0.0,0,0.08892,0.095152,0.358886
2026-06-04,0,0,high_risk_veto,0.1981991757478649,2.841217,0.75,0.552076,0.492976,1.0,0.040391,0.0,0,0.090468,0.099282,0.36665
2026-06-05,0,0,high_risk_veto,0.1943482724825209,3.281319,0.75,0.575173,0.494296,1.0,0.117113,0.0,0,0.115531,0.174641,0.508326
2026-06-08,0,0,high_risk_veto,0.1985706873503362,3.018579,0.5,0.559455,0.493397,1.0,0.119429,0.0,0,0.093176,0.126641,0.418085
2026-06-09,0,0,high_risk_veto,0.1975604978089498,3.03475,0.75,0.568284,0.493902,1.0,0.120396,0.0,0,0.117833,0.146104,0.454675
2026-06-10,0,0,high_risk_veto,0.2102196986759826,2.777099,0.75,0.566186,0.493782,1.0,0.137174,0.0,0,0.073578,0.165279,0.490724
2026-06-11,0,1,ok,0.1900643732579821,2.617471,0.5,0.561138,0.493494,1.0,0.148666,0.0,0,0.098716,0.129833,0.424085
2026-06-12,0,1,ok,0.1816356033100676,2.502555,0.5,0.555016,0.493144,1.0,0.155627,0.0,0,0.086934,0.113043,0.39252
2026-06-15,0,1,ok,0.1781829132869372,2.090608,0.5,0.563106,0.493606,0.788635,0.178485,0.042431,0,0.110885,0.130035,0.424465
2026-06-16,0,1,ok,0.1809035599095927,2.643477,0.75,0.559213,0.493384,1.0,0.182475,0.042431,0,0.100299,0.121273,0.407993
2026-06-17,0,1,ok,0.1842019838760883,2.796332,0.75,0.561267,0.493501,1.0,0.183936,0.042431,0,0.0966,0.13165,0.427501
2026-06-18,0,1,ok,0.1724161064111949,2.861955,0.5,0.557195,0.493268,1.0,0.187149,0.042431,0,0.095995,0.116002,0.398084
2026-06-19,0,1,ok,0.1789131097404625,2.724933,0.75,0.558847,0.493363,1.0,0.152113,0.042431,0,0.099972,0.120038,0.405671
2026-06-22,0,1,ok,0.1834485762500527,2.725319,0.75,0.568453,0.493912,1.0,0.151303,0.056377,0,0.119254,0.14589,0.454274
2026-06-23,0,1,ok,0.2079539662072182,3.288886,0.75,0.561962,0.493541,1.0,0.169601,0.056377,0,0.093342,0.136404,0.436439
2026-06-24,0,1,ok,0.1843093342220173,3.251395,0.75,0.565227,0.493727,1.0,0.155521,0.056377,0,0.116182,0.135099,0.433986
2026-06-25,0,1,ok,0.180985585342416,3.089424,0.5,0.564912,0.493709,1.0,0.146172,0.056377,0,0.102139,0.142563,0.448018
2026-06-26,0,1,ok,0.1886103385160378,2.853731,0.75,0.56339,0.493622,1.0,0.142368,0.056377,0,0.115841,0.128082,0.420794
2026-06-29,0,1,ok,0.1843278144089049,2.581095,0.5,0.562499,0.493571,1.0,0.140145,0.059216,0,0.104297,0.13173,0.427652
2026-06-30,0,1,ok,0.1765200787177439,2.50335,0.5,0.557454,0.493283,1.0,0.156404,0.059216,0,0.092681,0.119074,0.40386
2026-07-01,0,1,ok,0.188262560442772,2.543179,0.75,0.56144,0.493511,1.0,0.151913,0.059216,0,0.108916,0.124697,0.414431
2026-07-02,0,1,ok,0.1878275698537934,2.909925,0.75,0.557952,0.493312,1.0,0.148898,0.059216,0,0.102968,0.114657,0.395555
2026-07-03,0,1,ok,0.1996404494262477,2.970353,0.75,0.558492,0.493342,1.0,0.148898,0.059216,0,0.103063,0.116724,0.399442
2026-07-06,0,1,ok,0.1920735299088407,2.596324,0.5,0.562953,0.493597,1.0,0.15429,0.057054,0,0.111755,0.128891,0.422316
2026-07-07,0,1,ok,0.2061111785223341,2.572285,0.75,0.562957,0.493598,1.0,0.126242,0.057054,0,0.109421,0.130356,0.425069
2026-07-08,0,1,ok,0.212114161145707,2.51434,0.5,0.561092,0.493491,1.0,0.116279,0.057054,0,0.1226,0.114848,0.395915
2026-07-09,0,1,ok,0.2205208858249505,2.484035,0.5,0.554612,0.493121,0.991793,0.115656,0.057054,0,0.11041,0.096899,0.362171
2026-07-10,0,1,ok,0.2282889273765707,2.284182,0.5,0.564851,0.493706,0.888475,0.09808,0.057054,0,0.135333,0.121747,0.408885
2026-07-13,0,1,ok,0.2230720926374975,2.509223,0.75,0.570151,0.494009,1.0,0.085385,0.067051,0,0.138542,0.140617,0.444359
2026-07-14,0,1,ok,0.2101169819452951,2.536174,0.5,0.564432,0.493682,1.0,0.059396,0.067051,0,0.133176,0.121434,0.408296
2026-07-15,0,1,ok,0.21650686112815,2.527961,0.75,0.563049,0.493603,1.0,0.059177,0.067051,0,0.131566,0.11699,0.399941
2026-07-16,0,1,ok,0.2320343835789791,2.443615,0.75,0.568435,0.493911,0.970809,0.064952,0.067051,0,0.137333,0.134612,0.433071
2026-07-17,0,0,high_risk_veto,0.2242092507041717,2.625353,0.75,0.570194,0.494011,1.0,0.09098,0.067051,0,0.137264,0.14158,0.44617
2026-07-20,0,0,high_risk_veto,0.2199467089781617,2.546343,0.5,0.571856,0.494106,1.0,0.081219,0.0,0,0.135905,0.14896,0.460045
2026-07-21,0,0,high_risk_veto,0.2474037559113874,2.196839,0.5,0.560017,0.49343,0.84373,0.099097,0.0,0,0.125264,0.108963,0.384851
2026-07-22,1,0,high_risk_veto,0.2513901507011629,2.127239,0.75,0.560834,0.493476,0.807772,0.098905,0.0,0,0.129163,0.109764,0.386357
