{
  "part": "part2a21_alpha",
  "version": "PART_2A21_HARDENED_CROSS_SECTIONAL_ALPHA_V1",
  "horizon": 7,
  "holdout_start": "2020-01-01",
  "panel_rows": 23385,
  "realized_panel_rows": 23280,
  "dates": 1559,
  "realized_dates": 1293,
  "classification_raw": {
    "auc": 0.49929016784878655,
    "pr": 0.4961532223484348,
    "lift": 0.9960716640454952,
    "brier": 0.25128721670082294,
    "ece": 0.03431093645157269
  },
  "classification_cal_candidate": {
    "auc": 0.4870779674819694,
    "pr": 0.49195357237073833,
    "lift": 0.987640493686684,
    "brier": 0.2511341396667575,
    "ece": 0.013580282728661533
  },
  "classification_final_used": {
    "auc": 0.507153809958669,
    "pr": 0.5040385598613801,
    "lift": 1.0119021795078413,
    "brier": 0.25085523522537523,
    "ece": 0.015823665185256745
  },
  "calibration_gate_on_rate": 0.5060936497754971,
  "alpha_drift_alarm_rate": 0.0949326491340603,
  "risk_rmse": 0.024774821166391948,
  "risk_mae": 0.01797143972055712,
  "rel_mae_zero": 0.017945568561956417,
  "alpha_rmse": 0.025807192283419354,
  "alpha_mae": 0.01845201989351476,
  "alpha_mae_zero": 0.01797143972055712,
  "mean_rank_ic": 0.018273584509891402,
  "mean_topk_rel_ret_net": 0.00011678329944077053,
  "ir_topk_rel_ret_net": 0.5914182594270341,
  "mean_selection_hit_rate": 0.5394431554524362,
  "mean_breadth_selected": 1.0123743232791957,
  "mean_eligible_breadth": 4.008507347254447,
  "mean_budget_used": 0.038437741686001545,
  "live_eligible_names": [
    "EEM",
    "EFA",
    "IWM",
    "SMH"
  ],
  "shuffle_auc_median": 0.5000344108818644,
  "final_pass": true,
  "positions_out": "./artifacts_part2a_alpha/predictions/part2a21_alpha_positions.csv",
  "summary_tape_out": "./artifacts_part2a_alpha/predictions/part2a21_alpha_summary_tape.csv",
  "eligibility_out": "./artifacts_part2a_alpha/predictions/part2a21_alpha_eligibility.csv"
}