{
  "part": "part2a21_alpha",
  "version": "PART_2A21_HARDENED_CROSS_SECTIONAL_ALPHA_V1",
  "horizon": 7,
  "holdout_start": "2020-01-01",
  "panel_rows": 23355,
  "realized_panel_rows": 23250,
  "dates": 1557,
  "realized_dates": 1288,
  "classification_raw": {
    "auc": 0.49906550756038615,
    "pr": 0.4958687275198202,
    "lift": 0.9955913570669965,
    "brier": 0.2512992771190466,
    "ece": 0.03515161872038276
  },
  "classification_cal_candidate": {
    "auc": 0.4869098614311529,
    "pr": 0.4911074639795552,
    "lift": 0.9860318253475525,
    "brier": 0.2510625006470688,
    "ece": 0.014365843962808508
  },
  "classification_final_used": {
    "auc": 0.5049520233301219,
    "pr": 0.5016412502056353,
    "lift": 1.0071812666045787,
    "brier": 0.25083781378764536,
    "ece": 0.01800287377273041
  },
  "calibration_gate_on_rate": 0.5073859987154785,
  "alpha_drift_alarm_rate": 0.10661528580603725,
  "risk_rmse": 0.024779949834609405,
  "risk_mae": 0.017973620657290915,
  "rel_mae_zero": 0.01794786818042961,
  "alpha_rmse": 0.02581443751137598,
  "alpha_mae": 0.01845773041844301,
  "alpha_mae_zero": 0.017973620657290915,
  "mean_rank_ic": 0.017310679652121925,
  "mean_topk_rel_ret_net": 0.00011387864751225763,
  "ir_topk_rel_ret_net": 0.5744061054549907,
  "mean_selection_hit_rate": 0.5368788819875776,
  "mean_breadth_selected": 1.0116459627329193,
  "mean_eligible_breadth": 4.008540372670807,
  "mean_budget_used": 0.03816770186335403,
  "live_eligible_names": [
    "EEM",
    "EFA",
    "IWM",
    "SMH"
  ],
  "shuffle_auc_median": 0.5004806398763936,
  "final_pass": true,
  "positions_out": "./artifacts_part2a_alpha/predictions/part2a21_alpha_positions.csv",
  "summary_tape_out": "./artifacts_part2a_alpha/predictions/part2a21_alpha_summary_tape.csv",
  "eligibility_out": "./artifacts_part2a_alpha/predictions/part2a21_alpha_eligibility.csv"
}