{
  "part": "part2a21_alpha",
  "version": "PART_2A21_HARDENED_CROSS_SECTIONAL_ALPHA_V1",
  "horizon": 7,
  "holdout_start": "2020-01-01",
  "panel_rows": 23355,
  "realized_panel_rows": 23250,
  "dates": 1557,
  "realized_dates": 1292,
  "classification_raw": {
    "auc": 0.49980585857778603,
    "pr": 0.4964091584734134,
    "lift": 0.9966764192147549,
    "brier": 0.25126193209212944,
    "ece": 0.034686010990091574
  },
  "classification_cal_candidate": {
    "auc": 0.4856179174565964,
    "pr": 0.49058874888396314,
    "lift": 0.984990363691895,
    "brier": 0.2510517338484976,
    "ece": 0.013874891879506052
  },
  "classification_final_used": {
    "auc": 0.5052629929568606,
    "pr": 0.5034008191330841,
    "lift": 1.0107140798656482,
    "brier": 0.25079031000078766,
    "ece": 0.016740981789698215
  },
  "calibration_gate_on_rate": 0.5067437379576107,
  "alpha_drift_alarm_rate": 0.10597302504816955,
  "risk_rmse": 0.02477994612860442,
  "risk_mae": 0.01797361847298919,
  "rel_mae_zero": 0.01794786593298033,
  "alpha_rmse": 0.025814508220278497,
  "alpha_mae": 0.018456882159703217,
  "alpha_mae_zero": 0.01797361847298919,
  "mean_rank_ic": 0.018048968087975913,
  "mean_topk_rel_ret_net": 0.0001199659596842468,
  "ir_topk_rel_ret_net": 0.6062588669381568,
  "mean_selection_hit_rate": 0.5390866873065016,
  "mean_breadth_selected": 1.011609907120743,
  "mean_eligible_breadth": 4.008513931888545,
  "mean_budget_used": 0.038204334365325075,
  "live_eligible_names": [
    "EEM",
    "EFA",
    "IWM",
    "SMH"
  ],
  "shuffle_auc_median": 0.5005375943660805,
  "final_pass": true,
  "positions_out": "./artifacts_part2a_alpha/predictions/part2a21_alpha_positions.csv",
  "summary_tape_out": "./artifacts_part2a_alpha/predictions/part2a21_alpha_summary_tape.csv",
  "eligibility_out": "./artifacts_part2a_alpha/predictions/part2a21_alpha_eligibility.csv"
}