{
  "part": "part2a21_alpha",
  "version": "PART_2A21_HARDENED_CROSS_SECTIONAL_ALPHA_V1",
  "horizon": 7,
  "holdout_start": "2020-01-01",
  "panel_rows": 23325,
  "realized_panel_rows": 23220,
  "dates": 1555,
  "realized_dates": 1285,
  "classification_raw": {
    "auc": 0.49886599574895857,
    "pr": 0.4957955666955473,
    "lift": 0.9950192790553681,
    "brier": 0.251320996738828,
    "ece": 0.03446129889938971
  },
  "classification_cal_candidate": {
    "auc": 0.48794471049517585,
    "pr": 0.492684500995342,
    "lift": 0.9887756363968748,
    "brier": 0.2510428024019621,
    "ece": 0.013911416680736437
  },
  "classification_final_used": {
    "auc": 0.5074454394041124,
    "pr": 0.503758136786205,
    "lift": 1.0109994759010958,
    "brier": 0.25076310695751647,
    "ece": 0.016689424568251975
  },
  "calibration_gate_on_rate": 0.49903536977491963,
  "alpha_drift_alarm_rate": 0.09903536977491961,
  "risk_rmse": 0.024782574920978358,
  "risk_mae": 0.01797332622216679,
  "rel_mae_zero": 0.017946438782004952,
  "alpha_rmse": 0.02581889005106358,
  "alpha_mae": 0.018458669905153248,
  "alpha_mae_zero": 0.01797332622216679,
  "mean_rank_ic": 0.015889249061645565,
  "mean_topk_rel_ret_net": 0.00011370945167387635,
  "ir_topk_rel_ret_net": 0.5720110250556532,
  "mean_selection_hit_rate": 0.5369649805447471,
  "mean_breadth_selected": 1.0124513618677042,
  "mean_eligible_breadth": 4.008560311284047,
  "mean_budget_used": 0.03833463035019455,
  "live_eligible_names": [
    "EEM",
    "EFA",
    "IWM",
    "SMH"
  ],
  "shuffle_auc_median": 0.49988149572855656,
  "final_pass": true,
  "positions_out": "./artifacts_part2a_alpha/predictions/part2a21_alpha_positions.csv",
  "summary_tape_out": "./artifacts_part2a_alpha/predictions/part2a21_alpha_summary_tape.csv",
  "eligibility_out": "./artifacts_part2a_alpha/predictions/part2a21_alpha_eligibility.csv"
}