Date,is_live,prob_voo,p0,alpha_score_raw,alpha_score,component_agreement,entry_z_eff,agreement_min_eff,signal_strength,defense_alpha_scale,governance_mult,caution_shrink,alpha_scale_effective,excess_vol10,vol_shrink,eligible,eligibility_reason,alpha_leg,alpha_position,alpha_abs,w_alpha_voo,w_alpha_ief,dist_overlay_on_g53,dist_overlay_strength_g53,dist_trust_score_g53,dist_width_caution_g53,uncertainty_penalty_g5,prob_source,tape_source
2020-01-01,0,0.2213121283421198,0.5763700843793492,,,0.0,0.578396,0.49448,,0.65,0.6,0.776012,0.302644,0.054609,0.820725,0,high_risk_veto,FLAT,0.0,0.0,0.0,0.0,0,0.168943,0.783483,0.15422,0.469934,part2a21_soft_caution_overlay,artifacts_part2_g532/predictions/g532_final_consensus_tape.csv
2020-01-02,0,0.2199999857706076,0.5777745322513448,,,0.0,0.576907,0.494395,,0.65,0.6,0.780266,0.304304,0.055682,0.817843,0,high_risk_veto,FLAT,0.0,0.0,0.0,0.0,0,0.17412,0.790605,0.145151,0.452884,part2a21_soft_caution_overlay,artifacts_part2_g532/predictions/g532_final_consensus_tape.csv
2020-01-03,0,0.2255620817896909,0.5841579269695286,,,0.0,0.583798,0.494788,,0.65,0.6,0.760577,0.296625,0.090706,0.73377,0,high_risk_veto,FLAT,0.0,0.0,0.0,0.0,0,0.180532,0.772127,0.168297,0.496399,part2a21_soft_caution_overlay,artifacts_part2_g532/predictions/g532_final_consensus_tape.csv
2020-01-06,0,0.2850931845687435,0.6812510814393532,,,0.0,0.57442,0.494253,,0.65,0.25,0.787372,0.127948,0.094094,0.726545,0,high_risk_veto,FLAT,0.0,0.0,0.0,0.0,0,0.168861,0.794098,0.138623,0.440611,part2a21_soft_caution_overlay,artifacts_part2_g532/predictions/g532_final_consensus_tape.csv
2020-01-07,0,0.2039477009690637,0.5252852873861472,,,0.0,0.579598,0.494548,,0.65,0.6,0.772576,0.301305,0.093949,0.726853,0,high_risk_veto,FLAT,0.0,0.0,0.0,0.0,0,0.194818,0.872337,0.142914,0.448679,part2a21_soft_caution_overlay,artifacts_part2_g532/predictions/g532_final_consensus_tape.csv
2020-01-08,0,0.2057434691215028,0.5312277984141321,,,0.0,0.580108,0.494578,,0.65,0.6,0.771121,0.300737,0.101761,0.71071,0,high_risk_veto,FLAT,0.0,0.0,0.0,0.0,0,0.195298,0.871016,0.144621,0.451888,part2a21_soft_caution_overlay,artifacts_part2_g532/predictions/g532_final_consensus_tape.csv
2020-01-09,0,0.2022472086080999,0.5234676512120116,,,0.0,0.58194,0.494682,,0.65,0.6,0.765887,0.298696,0.1047,0.704821,0,high_risk_veto,FLAT,0.0,0.0,0.0,0.0,0,0.198621,0.866996,0.149771,0.461569,part2a21_soft_caution_overlay,artifacts_part2_g532/predictions/g532_final_consensus_tape.csv
2020-01-10,0,0.2532191754517553,0.6264078898747046,,,0.0,0.581661,0.494666,,0.75,1.0,0.766682,0.575012,0.108262,0.697812,0,weak_score,FLAT,0.0,0.0,0.0,0.0,0,0.177498,0.77744,0.161768,0.484124,part2a21_soft_caution_overlay,artifacts_part2_g532/predictions/g532_final_consensus_tape.csv
2020-01-13,0,0.1984595955528502,0.5033437934803988,,,0.0,0.578543,0.494488,,0.75,1.0,0.775591,0.581693,0.109714,0.694996,0,weak_score,FLAT,0.0,0.0,0.0,0.0,0,0.189731,0.873012,0.141915,0.4468,part2a21_soft_caution_overlay,artifacts_part2_g532/predictions/g532_final_consensus_tape.csv
2020-01-14,0,0.2026789831270163,0.5169045672924831,,,0.0,0.586702,0.494954,,0.75,0.6,0.752281,0.338527,0.109008,0.696363,0,weak_score,FLAT,0.0,0.0,0.0,0.0,0,0.209638,0.857509,0.161683,0.483963,part2a21_soft_caution_overlay,artifacts_part2_g532/predictions/g532_final_consensus_tape.csv
2020-01-15,0,0.2134502950986572,0.5486895633182755,,,0.0,0.578644,0.494494,,0.75,1.0,0.775303,0.581477,0.109068,0.696248,0,weak_score,FLAT,0.0,0.0,0.0,0.0,0,0.165564,0.781037,0.157291,0.475708,part2a21_soft_caution_overlay,artifacts_part2_g532/predictions/g532_final_consensus_tape.csv
2020-01-16,0,0.2358298016914645,0.5931983892938678,,,0.0,0.578453,0.494483,,0.75,1.0,0.775849,0.581886,0.1187,0.678058,0,weak_score,FLAT,0.0,0.0,0.0,0.0,0,0.173782,0.785678,0.151446,0.464718,part2a21_soft_caution_overlay,artifacts_part2_g532/predictions/g532_final_consensus_tape.csv
2020-01-17,0,0.2340868670378684,0.5877865654045161,,,0.0,0.578591,0.494491,,0.75,1.0,0.775456,0.581592,0.08296,0.75084,0,weak_score,FLAT,0.0,0.0,0.0,0.0,0,0.172052,0.784403,0.153059,0.467751,part2a21_soft_caution_overlay,artifacts_part2_g532/predictions/g532_final_consensus_tape.csv
2020-01-20,0,0.2257809996909007,0.574386894376548,,,0.0,0.575726,0.494327,,0.75,1.0,0.783639,0.587729,0.083668,0.749248,0,weak_score,FLAT,0.0,0.0,0.0,0.0,0,0.16637,0.790482,0.145309,0.453181,part2a21_soft_caution_overlay,artifacts_part2_g532/predictions/g532_final_consensus_tape.csv
2020-01-21,0,0.2115201027952002,0.5447133470670552,,,0.0,0.576057,0.494346,,0.75,1.0,0.782693,0.58702,0.09266,0.729585,0,weak_score,FLAT,0.0,0.0,0.0,0.0,0,0.159921,0.786337,0.15061,0.463146,part2a21_soft_caution_overlay,artifacts_part2_g532/predictions/g532_final_consensus_tape.csv
2020-01-22,0,0.2378316388856924,0.606409948033623,,,0.0,0.575616,0.494321,,0.75,1.0,0.783955,0.587966,0.088025,0.73959,0,weak_score,FLAT,0.0,0.0,0.0,0.0,0,0.168069,0.791636,0.143821,0.450383,part2a21_soft_caution_overlay,artifacts_part2_g532/predictions/g532_final_consensus_tape.csv
2020-01-23,0,0.2520320097994032,0.6280873916276044,,,0.0,0.582333,0.494705,,0.75,1.0,0.764763,0.573572,0.084754,0.746816,0,weak_score,FLAT,0.0,0.0,0.0,0.0,0,0.176729,0.774911,0.164888,0.48999,part2a21_soft_caution_overlay,artifacts_part2_g532/predictions/g532_final_consensus_tape.csv
2020-01-24,0,0.2682273811822065,0.6489698079833399,,,0.0,0.577397,0.494423,,0.65,0.6,0.778867,0.303758,0.105424,0.703385,0,high_risk_veto,FLAT,0.0,0.0,0.0,0.0,0,0.165464,0.78489,0.152444,0.466595,part2a21_soft_caution_overlay,artifacts_part2_g532/predictions/g532_final_consensus_tape.csv
2020-01-27,0,0.2320343961707968,0.5954755973889512,,,0.0,0.626441,0.497225,,0.75,0.6,0.638739,0.287433,0.145169,0.632641,0,weak_score,FLAT,0.0,0.0,0.0,0.0,1,0.278048,0.795594,0.321966,0.617255,part2a21_soft_caution_overlay,artifacts_part2_g532/predictions/g532_final_consensus_tape.csv
2020-01-28,0,0.2176725461955526,0.5592993798300527,,,0.0,0.585567,0.49489,,0.75,1.0,0.755523,0.566642,0.169211,0.596358,0,weak_score,FLAT,0.0,0.0,0.0,0.0,0,0.181439,0.766844,0.174695,0.508428,part2a21_soft_caution_overlay,artifacts_part2_g532/predictions/g532_final_consensus_tape.csv
2020-01-29,0,0.1923467181018274,0.4389613590272281,-1.752727,-1.752727,0.5,0.595875,0.495479,0.0,0.75,0.6,0.726072,0.326732,0.170393,0.594682,0,weak_score,FLAT,0.0,0.0,0.0,0.0,0,0.225307,0.835554,0.188072,0.533575,part2a21_soft_caution_overlay,artifacts_part2_g532/predictions/g532_final_consensus_tape.csv
2020-01-30,0,0.2423014087703271,0.616020605960766,-1.599449,-1.676088,0.75,0.584775,0.494844,0.0,0.75,1.0,0.757786,0.568339,0.158217,0.61242,0,weak_score,FLAT,0.0,0.0,0.0,0.0,0,0.181127,0.769266,0.171773,0.502934,part2a21_soft_caution_overlay,artifacts_part2_g532/predictions/g532_final_consensus_tape.csv
2020-01-31,0,0.2470393985063535,0.6225975111536531,-1.100813,-1.48433,0.5,0.605851,0.496049,0.0,0.75,0.6,0.697568,0.313906,0.181913,0.578821,0,weak_score,FLAT,0.0,0.0,0.0,0.0,1,0.256421,0.818076,0.208047,0.571128,part2a21_soft_caution_overlay,artifacts_part2_g532/predictions/g532_final_consensus_tape.csv
2020-02-03,0,0.2239624738027686,0.5914966544235981,-1.474704,-1.391656,0.75,0.586811,0.494961,0.0,0.75,1.0,0.751969,0.563977,0.193033,0.564293,0,weak_score,FLAT,0.0,0.0,0.0,0.0,0,0.184826,0.764511,0.177492,0.513685,part2a21_soft_caution_overlay,artifacts_part2_g532/predictions/g532_final_consensus_tape.csv
2020-02-04,0,0.2272215722699462,0.5681332340555483,-0.276827,-0.950782,0.75,0.581264,0.494644,0.0,0.75,1.0,0.767817,0.575863,0.2321,0.518565,0,weak_score,FLAT,0.0,0.0,0.0,0.0,0,0.172884,0.776391,0.163065,0.486562,part2a21_soft_caution_overlay,artifacts_part2_g532/predictions/g532_final_consensus_tape.csv
2020-02-05,0,0.2426645177244955,0.588934581081456,0.812576,-0.312985,0.75,0.588765,0.495072,0.0,0.75,1.0,0.746386,0.55979,0.248517,0.501487,0,weak_score,FLAT,0.0,0.0,0.0,0.0,0,0.185904,0.758589,0.184514,0.526886,part2a21_soft_caution_overlay,artifacts_part2_g532/predictions/g532_final_consensus_tape.csv
2020-02-06,0,0.2107875665150485,0.5036416952303692,0.552353,0.362701,0.75,0.589303,0.495103,0.0,0.75,1.0,0.744849,0.558637,0.248921,0.501081,0,weak_score,FLAT,0.0,0.0,0.0,0.0,0,0.191165,0.75956,0.18337,0.524735,part2a21_soft_caution_overlay,artifacts_part2_g532/predictions/g532_final_consensus_tape.csv
2020-02-07,0,0.2441976667643892,0.6120214780899279,0.389468,0.584799,0.5,0.586024,0.494916,0.0,0.75,1.0,0.754217,0.565663,0.245243,0.504802,0,weak_score,FLAT,0.0,0.0,0.0,0.0,0,0.17956,0.76437,0.17766,0.514002,part2a21_soft_caution_overlay,artifacts_part2_g532/predictions/g532_final_consensus_tape.csv
2020-02-10,0,0.2290026106750126,0.5845773127527839,-0.370448,0.190458,0.75,0.57594,0.494339,0.0,0.75,1.0,0.783029,0.587272,0.20943,0.544152,0,weak_score,FLAT,0.0,0.0,0.0,0.0,0,0.158148,0.785836,0.151246,0.464342,part2a21_soft_caution_overlay,artifacts_part2_g532/predictions/g532_final_consensus_tape.csv
2020-02-11,0,0.2326469253022785,0.5784377347876264,0.671881,0.2303,0.5,0.579066,0.494518,0.0,0.75,1.0,0.774097,0.580572,0.200411,0.555049,0,weak_score,FLAT,0.0,0.0,0.0,0.0,0,0.174079,0.783916,0.153675,0.468908,part2a21_soft_caution_overlay,artifacts_part2_g532/predictions/g532_final_consensus_tape.csv
2020-02-12,0,0.2328282644917071,0.5736948220547115,0.825224,0.375552,0.75,0.576933,0.494396,0.0,0.75,1.0,0.780192,0.585144,0.197992,0.558046,0,weak_score,FLAT,0.0,0.0,0.0,0.0,0,0.17107,0.789053,0.147144,0.45663,part2a21_soft_caution_overlay,artifacts_part2_g532/predictions/g532_final_consensus_tape.csv
2020-02-13,0,0.2443087360697738,0.6041739106587033,1.216437,0.904514,0.5,0.585578,0.49489,0.166596,0.75,1.0,0.755491,0.566619,0.19977,0.555839,1,ok,FLAT,0.0,0.0,0.0,0.0,0,0.184268,0.768263,0.172986,0.505214,part2a21_soft_caution_overlay,artifacts_part2_g532/predictions/g532_final_consensus_tape.csv
2020-02-14,0,0.1980427238572218,0.473203866562011,0.686915,0.909525,0.5,0.576201,0.494354,0.173264,0.75,1.0,0.782284,0.586713,0.140374,0.640411,1,ok,FLAT,0.0,0.0,0.0,0.0,0,0.178372,0.87373,0.139737,0.442705,part2a21_soft_caution_overlay,artifacts_part2_g532/predictions/g532_final_consensus_tape.csv
2020-02-17,0,0.2058700789198459,0.5147147740222634,0.779458,0.89427,0.5,0.577922,0.494453,0.164586,0.75,1.0,0.777366,0.583024,0.141788,0.6381,1,ok,VOO,0.009185,0.009185,0.009185,0.0,0,0.19189,0.874259,0.138132,0.439688,part2a21_soft_caution_overlay,artifacts_part2_g532/predictions/g532_final_consensus_tape.csv
2020-02-18,0,0.2142980547190384,0.5455914149671712,0.576403,0.680925,0.5,0.580462,0.494598,0.052337,0.75,1.0,0.770109,0.577582,0.113062,0.688588,1,ok,VOO,0.009185,0.009185,0.009185,0.0,0,0.177095,0.781032,0.157297,0.475719,part2a21_soft_caution_overlay,artifacts_part2_g532/predictions/g532_final_consensus_tape.csv
2020-02-19,0,0.2161922528112909,0.5646306398641397,0.29556,0.550474,0.75,0.578429,0.494482,0.0,0.75,1.0,0.775918,0.581939,0.086813,0.742253,0,weak_score,VOO,0.009185,0.009185,0.009185,0.0,0,0.180019,0.788788,0.147484,0.457269,part2a21_soft_caution_overlay,artifacts_part2_g532/predictions/g532_final_consensus_tape.csv
2020-02-20,0,0.22111669006924,0.5720723049873351,1.087509,0.653158,0.5,0.576714,0.494384,0.039746,0.75,1.0,0.780818,0.585613,0.094228,0.726263,1,ok,VOO,0.009185,0.009185,0.009185,0.0,0,0.171905,0.790128,0.145765,0.454037,part2a21_soft_caution_overlay,artifacts_part2_g532/predictions/g532_final_consensus_tape.csv
2020-02-21,0,0.2666499885739581,0.6791951955166238,0.659175,0.680748,0.5,0.576791,0.494388,0.054054,0.65,0.25,0.780597,0.126847,0.109226,0.695941,0,high_risk_veto,VOO,0.009185,0.009185,0.009185,0.0,0,0.169605,0.788779,0.147494,0.457289,part2a21_soft_caution_overlay,artifacts_part2_g532/predictions/g532_final_consensus_tape.csv
2020-02-24,0,0.2001034293417448,0.4710330900373369,-0.897043,0.283214,0.5,0.641086,0.498062,0.0,0.75,0.6,0.596898,0.268604,0.229264,0.521634,0,weak_score,FLAT,0.0,0.0,0.0,0.0,1,0.239637,0.691257,0.472186,0.65,part2a21_soft_caution_overlay,artifacts_part2_g532/predictions/g532_final_consensus_tape.csv
2020-02-25,0,0.2059512219888852,0.511648363175128,-1.390174,-0.542681,0.5,0.635232,0.497728,0.0,0.75,0.6,0.613622,0.27613,0.261253,0.488995,0,weak_score,FLAT,0.0,0.0,0.0,0.0,1,0.232252,0.696617,0.433897,0.65,part2a21_soft_caution_overlay,artifacts_part2_g532/predictions/g532_final_consensus_tape.csv
2020-02-26,0,0.2363844910812325,0.5690894021267954,-2.501967,-1.596394,0.75,0.638672,0.497924,0.0,0.75,0.6,0.603795,0.271708,0.24396,0.506113,0,weak_score,FLAT,0.0,0.0,0.0,0.0,1,0.300688,0.785262,0.381004,0.637719,part2a21_soft_caution_overlay,artifacts_part2_g532/predictions/g532_final_consensus_tape.csv
2020-02-27,0,0.1755876425487675,0.3821438020573826,-1.12692,-1.67302,0.5,0.650075,0.498576,0.0,0.75,0.6,0.571213,0.257046,0.309368,0.446933,0,weak_score,FLAT,0.0,0.0,0.0,0.0,1,0.300853,0.772001,0.466866,0.65,part2a21_soft_caution_overlay,artifacts_part2_g532/predictions/g532_final_consensus_tape.csv
2020-02-28,0,0.2289216315674949,0.5551435210819349,-2.588646,-2.072511,0.75,0.646852,0.498392,0.0,0.75,0.6,0.580424,0.261191,0.298981,0.455389,0,weak_score,FLAT,0.0,0.0,0.0,0.0,1,0.311932,0.77768,0.426305,0.65,part2a21_soft_caution_overlay,artifacts_part2_g532/predictions/g532_final_consensus_tape.csv
2020-03-02,0,0.1852254629000433,0.3909598896285251,-3.799163,-2.50491,0.75,0.606093,0.496062,0.0,0.75,0.6,0.696878,0.313595,0.424783,0.37049,0,weak_score,FLAT,0.0,0.0,0.0,0.0,0,0.221543,0.809261,0.24437,0.589489,part2a21_soft_caution_overlay,artifacts_part2_g532/predictions/g532_final_consensus_tape.csv
2020-03-03,0,0.1521628775669286,0.2904710843837068,-1.590566,-2.659458,0.5,0.628714,0.497355,0.0,0.75,0.6,0.632247,0.284511,0.44274,0.360886,0,weak_score,FLAT,0.0,0.0,0.0,0.0,1,0.265284,0.790486,0.351113,0.627427,part2a21_soft_caution_overlay,artifacts_part2_g532/predictions/g532_final_consensus_tape.csv
2020-03-04,0,0.1789344064843744,0.402871658054101,-3.213247,-2.867659,0.75,0.593801,0.49536,0.0,0.75,0.6,0.731996,0.329398,0.525409,0.322411,0,weak_score,FLAT,0.0,0.0,0.0,0.0,0,0.21733,0.838299,0.184856,0.527529,part2a21_soft_caution_overlay,artifacts_part2_g532/predictions/g532_final_consensus_tape.csv
2020-03-05,0,0.1415533023761324,0.2467327506906317,-1.758107,-2.187307,0.5,0.600059,0.495718,0.0,0.75,0.6,0.714117,0.321353,0.546289,0.313956,0,weak_score,FLAT,0.0,0.0,0.0,0.0,0,0.223627,0.820274,0.20558,0.566491,part2a21_soft_caution_overlay,artifacts_part2_g532/predictions/g532_final_consensus_tape.csv
2020-03-06,0,0.1572895076597151,0.3195528943191209,-2.396818,-2.456057,0.5,0.598645,0.495637,0.0,0.75,0.6,0.718158,0.323171,0.549178,0.312822,0,weak_score,FLAT,0.0,0.0,0.0,0.0,0,0.228614,0.827901,0.196923,0.550214,part2a21_soft_caution_overlay,artifacts_part2_g532/predictions/g532_final_consensus_tape.csv
2020-03-09,0,0.1318299352903281,0.207072515047699,-1.13071,-1.761879,0.5,0.619682,0.496839,0.0,0.75,0.6,0.658052,0.296123,0.651577,0.277292,0,weak_score,FLAT,0.0,0.0,0.0,0.0,1,0.246823,0.797791,0.309452,0.612847,part2a21_soft_caution_overlay,artifacts_part2_g532/predictions/g532_final_consensus_tape.csv
2020-03-10,0,0.1589938057295138,0.3102586003402946,-3.903703,-2.477077,0.75,0.602034,0.495831,0.0,0.75,0.6,0.708473,0.318813,0.787034,0.241072,0,weak_score,FLAT,0.0,0.0,0.0,0.0,0,0.214284,0.812743,0.224695,0.582279,part2a21_soft_caution_overlay,artifacts_part2_g532/predictions/g532_final_consensus_tape.csv
2020-03-11,0,0.1242075863873067,0.17471098919169,-1.259099,-2.097837,0.5,0.618165,0.496752,0.0,0.5,0.6,0.662386,0.119229,0.79889,0.238347,0,weak_score,FLAT,0.0,0.0,0.0,0.0,1,0.243769,0.799027,0.30242,0.610358,part2a21_soft_caution_overlay,artifacts_part2_g532/predictions/g532_final_consensus_tape.csv
2020-03-12,0,0.1234676553153991,0.1726376199123621,-0.603146,-1.921983,0.5,0.627604,0.497292,0.0,0.5,0.6,0.635417,0.114375,0.899276,0.217528,0,weak_score,FLAT,0.0,0.0,0.0,0.0,1,0.209675,0.701369,0.403329,0.645319,part2a21_soft_caution_overlay,artifacts_part2_g532/predictions/g532_final_consensus_tape.csv
2020-03-13,0,0.14873720213957,0.306379462927808,-3.715549,-1.859265,0.75,0.60078,0.495759,0.0,0.5,0.6,0.712057,0.12817,1.072649,0.189015,0,weak_score,FLAT,0.0,0.0,0.0,0.0,0,0.212862,0.813974,0.217749,0.579717,part2a21_soft_caution_overlay,artifacts_part2_g532/predictions/g532_final_consensus_tape.csv
2020-03-16,0,0.1204977227078185,0.1765665899560251,-1.37002,-1.896238,0.5,0.628215,0.497327,0.0,0.5,0.6,0.63367,0.114061,1.236145,0.16822,0,weak_score,FLAT,0.0,0.0,0.0,0.0,1,0.26291,0.790634,0.350267,0.627133,part2a21_soft_caution_overlay,artifacts_part2_g532/predictions/g532_final_consensus_tape.csv
2020-03-17,0,0.1267505463587486,0.2048008743692592,-3.639619,-2.908396,0.75,0.605384,0.496022,0.0,0.5,0.6,0.698902,0.125802,1.365348,0.154765,0,weak_score,FLAT,0.0,0.0,0.0,0.0,0,0.220856,0.809977,0.240317,0.58801,part2a21_soft_caution_overlay,artifacts_part2_g532/predictions/g532_final_consensus_tape.csv
2020-03-18,0,0.1186287831453892,0.1483469149330718,-1.0818,-2.03048,0.5,0.617844,0.496734,0.0,0.5,0.6,0.663302,0.119394,1.329566,0.158271,0,weak_score,FLAT,0.0,0.0,0.0,0.0,1,0.243364,0.799333,0.300676,0.609739,part2a21_soft_caution_overlay,artifacts_part2_g532/predictions/g532_final_consensus_tape.csv
2020-03-19,0,0.1190609968475128,0.1422292959588689,-1.638887,-2.120102,0.75,0.592732,0.495299,0.0,0.5,0.6,0.735051,0.132309,1.329159,0.158312,0,weak_score,FLAT,0.0,0.0,0.0,0.0,0,0.208887,0.837425,0.185881,0.529457,part2a21_soft_caution_overlay,artifacts_part2_g532/predictions/g532_final_consensus_tape.csv
2020-03-20,0,0.1183950748802392,0.1443517028424726,-0.945599,-1.222095,0.5,0.620291,0.496874,0.0,0.5,0.6,0.65631,0.118136,1.352392,0.156017,0,weak_score,FLAT,0.0,0.0,0.0,0.0,1,0.251779,0.797995,0.308292,0.612436,part2a21_soft_caution_overlay,artifacts_part2_g532/predictions/g532_final_consensus_tape.csv
2020-03-23,0,0.1187162782572784,0.1407650713637177,-1.567758,-1.384081,0.75,0.59125,0.495214,0.0,0.5,0.6,0.739287,0.133072,1.30958,0.1603,0,weak_score,FLAT,0.0,0.0,0.0,0.0,0,0.204475,0.840058,0.182782,0.52363,part2a21_soft_caution_overlay,artifacts_part2_g532/predictions/g532_final_consensus_tape.csv
2020-03-24,0,0.1219484293921345,0.170558016436793,-2.239367,-1.584241,0.75,0.595333,0.495448,0.0,0.5,0.6,0.72762,0.130972,1.37182,0.154148,0,weak_score,FLAT,0.0,0.0,0.0,0.0,0,0.219848,0.83448,0.189323,0.535928,part2a21_soft_caution_overlay,artifacts_part2_g532/predictions/g532_final_consensus_tape.csv
2020-03-25,0,0.2263363844501806,0.4673306282935256,-1.124705,-1.643943,0.5,0.606243,0.496071,0.0,0.5,0.6,0.696449,0.125361,1.371702,0.154159,0,weak_score,FLAT,0.0,0.0,0.0,0.0,1,0.19412,0.723923,0.274602,0.60043,part2a21_soft_caution_overlay,artifacts_part2_g532/predictions/g532_final_consensus_tape.csv
2020-03-26,0,0.2274465092826901,0.5019613804956182,-1.775047,-1.71304,0.75,0.608447,0.496197,0.0,0.5,0.6,0.690152,0.124227,1.307306,0.160534,0,weak_score,FLAT,0.0,0.0,0.0,0.0,1,0.204258,0.723198,0.278717,0.601907,part2a21_soft_caution_overlay,artifacts_part2_g532/predictions/g532_final_consensus_tape.csv
2020-03-27,0,0.2264151528064917,0.4712091698996966,-0.570895,-1.156882,0.5,0.609922,0.496281,0.0,0.5,0.6,0.685938,0.123469,1.214408,0.170718,0,weak_score,FLAT,0.0,0.0,0.0,0.0,1,0.204491,0.721482,0.288463,0.605394,part2a21_soft_caution_overlay,artifacts_part2_g532/predictions/g532_final_consensus_tape.csv
2020-03-30,0,0.2266106921859414,0.4794272253247419,-1.465913,-1.270618,0.75,0.603305,0.495903,0.0,0.5,0.6,0.704842,0.126872,0.928989,0.212046,0,weak_score,FLAT,0.0,0.0,0.0,0.0,1,0.19623,0.727828,0.252476,0.592439,part2a21_soft_caution_overlay,artifacts_part2_g532/predictions/g532_final_consensus_tape.csv
2020-03-31,0,0.2240669258322784,0.4077059889457458,-0.736175,-0.924328,0.5,0.607571,0.496147,0.0,0.5,0.6,0.692655,0.124678,0.819238,0.233811,0,weak_score,FLAT,0.0,0.0,0.0,0.0,1,0.19428,0.722368,0.283428,0.603595,part2a21_soft_caution_overlay,artifacts_part2_g532/predictions/g532_final_consensus_tape.csv
2020-04-01,0,0.2249536003480655,0.4312734464838255,-0.521099,-0.907729,0.5,0.60947,0.496255,0.0,0.5,0.6,0.687228,0.123701,0.831101,0.231246,0,weak_score,FLAT,0.0,0.0,0.0,0.0,1,0.195967,0.720418,0.294506,0.607547,part2a21_soft_caution_overlay,artifacts_part2_g532/predictions/g532_final_consensus_tape.csv
2020-04-02,0,0.2229699331924735,0.3820232785981621,-1.555719,-0.937664,0.75,0.608901,0.496223,0.0,0.5,0.6,0.688854,0.123994,0.840882,0.229172,0,weak_score,FLAT,0.0,0.0,0.0,0.0,1,0.202391,0.722305,0.283786,0.603723,part2a21_soft_caution_overlay,artifacts_part2_g532/predictions/g532_final_consensus_tape.csv
2020-04-03,0,0.2238896651665224,0.4055213404312669,-1.20198,-1.092933,0.5,0.603837,0.495934,0.0,0.5,0.6,0.703322,0.126598,0.754711,0.248828,0,weak_score,FLAT,0.0,0.0,0.0,0.0,1,0.191699,0.72634,0.260901,0.595492,part2a21_soft_caution_overlay,artifacts_part2_g532/predictions/g532_final_consensus_tape.csv
2020-04-06,0,0.2204379880762429,0.3184500093661574,-1.878268,-1.545322,0.75,0.618885,0.496793,0.0,0.5,0.6,0.660329,0.118859,0.765505,0.246183,0,weak_score,FLAT,0.0,0.0,0.0,0.0,1,0.272031,0.803481,0.277115,0.601333,part2a21_soft_caution_overlay,artifacts_part2_g532/predictions/g532_final_consensus_tape.csv
2020-04-07,0,0.2228847308350205,0.3791793011604755,-0.652014,-1.244088,0.75,0.613336,0.496476,0.0,0.5,0.6,0.676184,0.121713,0.617524,0.288177,0,weak_score,FLAT,0.0,0.0,0.0,0.0,1,0.197343,0.716064,0.319283,0.616313,part2a21_soft_caution_overlay,artifacts_part2_g532/predictions/g532_final_consensus_tape.csv
2020-04-08,0,0.2208486645119547,0.3268494076057552,-0.962431,-1.164238,0.75,0.614234,0.496528,0.0,0.5,0.6,0.673616,0.121251,0.632408,0.283316,0,weak_score,FLAT,0.0,0.0,0.0,0.0,1,0.25075,0.805031,0.26832,0.59817,part2a21_soft_caution_overlay,artifacts_part2_g532/predictions/g532_final_consensus_tape.csv
2020-04-09,0,0.2181905239870338,0.2636964467613406,-0.310578,-0.641674,0.75,0.599448,0.495683,0.0,0.5,0.6,0.715864,0.128855,0.578855,0.301621,0,weak_score,FLAT,0.0,0.0,0.0,0.0,1,0.185209,0.730362,0.238141,0.587214,part2a21_soft_caution_overlay,artifacts_part2_g532/predictions/g532_final_consensus_tape.csv
2020-04-10,0,0.2229388857253726,0.3748708380538804,-0.285668,-0.519559,0.75,0.593132,0.495322,0.0,0.5,0.6,0.733907,0.132103,0.526862,0.321807,0,weak_score,FLAT,0.0,0.0,0.0,0.0,0,0.172657,0.736404,0.209914,0.574638,part2a21_soft_caution_overlay,artifacts_part2_g532/predictions/g532_final_consensus_tape.csv
2020-04-13,0,0.2194490013921566,0.2893255536926267,-0.142086,-0.246111,0.75,0.591229,0.495213,0.0,0.5,0.6,0.739345,0.133082,0.519771,0.324772,0,weak_score,FLAT,0.0,0.0,0.0,0.0,0,0.174741,0.74421,0.201132,0.558127,part2a21_soft_caution_overlay,artifacts_part2_g532/predictions/g532_final_consensus_tape.csv
2020-04-14,0,0.2184189540038607,0.2706324450763676,-0.319911,-0.249222,0.75,0.609279,0.496245,0.0,0.5,0.6,0.687774,0.123799,0.515285,0.326676,0,weak_score,FLAT,0.0,0.0,0.0,0.0,1,0.20342,0.722047,0.28525,0.604246,part2a21_soft_caution_overlay,artifacts_part2_g532/predictions/g532_final_consensus_tape.csv
2020-04-15,0,0.2196383351497681,0.3007163689309542,0.4182,-0.014599,0.5,0.595543,0.49546,0.0,0.5,0.6,0.727021,0.130864,0.458132,0.353042,0,weak_score,FLAT,0.0,0.0,0.0,0.0,1,0.186293,0.735477,0.210946,0.576579,part2a21_soft_caution_overlay,artifacts_part2_g532/predictions/g532_final_consensus_tape.csv
2020-04-16,0,0.2179348349447659,0.2624127240537513,0.209351,0.102547,0.75,0.602804,0.495875,0.0,0.5,0.6,0.706274,0.127129,0.455332,0.354443,0,weak_score,FLAT,0.0,0.0,0.0,0.0,1,0.20282,0.729666,0.242076,0.588652,part2a21_soft_caution_overlay,artifacts_part2_g532/predictions/g532_final_consensus_tape.csv
2020-04-17,0,0.2182497933306728,0.2682155795538189,0.034503,0.220684,0.75,0.59509,0.495434,0.0,0.5,0.6,0.728313,0.131096,0.440337,0.362142,0,weak_score,FLAT,0.0,0.0,0.0,0.0,1,0.190254,0.739267,0.206712,0.568618,part2a21_soft_caution_overlay,artifacts_part2_g532/predictions/g532_final_consensus_tape.csv
2020-04-20,0,0.2195631460607003,0.3016065462892379,0.288099,0.177318,0.5,0.611085,0.496348,0.0,0.5,0.6,0.682615,0.122871,0.345099,0.420098,0,weak_score,FLAT,0.0,0.0,0.0,0.0,1,0.206166,0.720408,0.294563,0.607567,part2a21_soft_caution_overlay,artifacts_part2_g532/predictions/g532_final_consensus_tape.csv
2020-04-21,0,0.2197114977515692,0.3042260991893872,0.267811,0.196804,0.5,0.636083,0.497776,0.0,0.5,0.6,0.61119,0.110014,0.397806,0.385918,0,weak_score,FLAT,0.0,0.0,0.0,0.0,1,0.227369,0.694765,0.447125,0.65,part2a21_soft_caution_overlay,artifacts_part2_g532/predictions/g532_final_consensus_tape.csv
2020-04-22,0,0.2093836682284174,0.244589936665363,-0.480937,0.024991,0.75,0.615222,0.496584,0.0,0.5,0.6,0.670794,0.120743,0.377689,0.398287,0,weak_score,FLAT,0.0,0.0,0.0,0.0,1,0.200886,0.71448,0.328317,0.619483,part2a21_soft_caution_overlay,artifacts_part2_g532/predictions/g532_final_consensus_tape.csv
2020-04-23,0,0.2124563573016326,0.2890854099551104,-0.074327,-0.095818,0.5,0.653182,0.498753,0.0,0.5,0.6,0.562337,0.101221,0.371818,0.402047,0,weak_score,FLAT,0.0,0.0,0.0,0.0,1,0.313373,0.770704,0.47613,0.65,part2a21_soft_caution_overlay,artifacts_part2_g532/predictions/g532_final_consensus_tape.csv
2020-04-24,0,0.2149668018999937,0.3242142528979728,-0.39483,-0.316698,0.75,0.659164,0.499095,0.0,0.5,0.6,0.545245,0.098144,0.379233,0.397309,0,weak_score,FLAT,0.0,0.0,0.0,0.0,1,0.319685,0.765004,0.516849,0.65,part2a21_soft_caution_overlay,artifacts_part2_g532/predictions/g532_final_consensus_tape.csv
2020-04-27,0,0.2135130913204034,0.3045710271076047,-0.162967,-0.210708,0.75,0.651045,0.498631,0.0,0.5,0.6,0.568442,0.10232,0.387047,0.392436,0,weak_score,FLAT,0.0,0.0,0.0,0.0,1,0.302066,0.771111,0.473223,0.65,part2a21_soft_caution_overlay,artifacts_part2_g532/predictions/g532_final_consensus_tape.csv
2020-04-28,0,0.2176378320147448,0.3691663527317089,0.114851,-0.147649,0.5,0.659438,0.499111,0.0,0.5,0.6,0.544464,0.098004,0.363751,0.407332,0,weak_score,FLAT,0.0,0.0,0.0,0.0,1,0.313914,0.763653,0.526499,0.65,part2a21_soft_caution_overlay,artifacts_part2_g532/predictions/g532_final_consensus_tape.csv
2020-04-29,0,0.2159668935491017,0.3424125577108468,-0.205634,-0.084583,0.75,0.630496,0.497457,0.0,0.5,0.6,0.627154,0.112888,0.340971,0.423033,0,weak_score,FLAT,0.0,0.0,0.0,0.0,1,0.209014,0.697847,0.425114,0.65,part2a21_soft_caution_overlay,artifacts_part2_g532/predictions/g532_final_consensus_tape.csv
2020-04-30,0,0.2153682482277956,0.3331762946626532,0.347556,0.085591,0.5,0.640052,0.498003,0.0,0.5,0.6,0.599851,0.107973,0.346107,0.419388,0,weak_score,FLAT,0.0,0.0,0.0,0.0,1,0.224565,0.689725,0.483129,0.65,part2a21_soft_caution_overlay,artifacts_part2_g532/predictions/g532_final_consensus_tape.csv
2020-05-01,0,0.2145963400284167,0.321457472885354,0.451123,0.197682,0.5,0.644348,0.498248,0.0,0.5,0.6,0.587577,0.105764,0.350863,0.416068,0,weak_score,FLAT,0.0,0.0,0.0,0.0,1,0.23195,0.686144,0.508701,0.65,part2a21_soft_caution_overlay,artifacts_part2_g532/predictions/g532_final_consensus_tape.csv
2020-05-04,0,0.2128761328220109,0.2944315027673322,-0.033775,0.254968,0.75,0.639984,0.497999,0.0,0.5,0.6,0.600046,0.108008,0.334175,0.427954,0,weak_score,FLAT,0.0,0.0,0.0,0.0,1,0.231166,0.690991,0.474084,0.65,part2a21_soft_caution_overlay,artifacts_part2_g532/predictions/g532_final_consensus_tape.csv
2020-05-05,0,0.2206482414989044,0.3991614568797215,0.026759,0.148036,0.75,0.655495,0.498885,0.0,0.5,0.6,0.555728,0.100031,0.273765,0.477313,0,weak_score,FLAT,0.0,0.0,0.0,0.0,1,0.317747,0.768848,0.489389,0.65,part2a21_soft_caution_overlay,artifacts_part2_g532/predictions/g532_final_consensus_tape.csv
2020-05-06,0,0.2227317551294684,0.4309558032998342,0.288575,0.093853,0.75,0.659992,0.499142,0.0,0.5,0.6,0.542881,0.097719,0.252761,0.497255,0,weak_score,FLAT,0.0,0.0,0.0,0.0,1,0.3243,0.764889,0.517669,0.65,part2a21_soft_caution_overlay,artifacts_part2_g532/predictions/g532_final_consensus_tape.csv
2020-05-07,0,0.2183842704290374,0.3702926762229105,0.225866,0.1804,0.75,0.669424,0.499681,0.0,0.5,0.6,0.515932,0.092868,0.252504,0.497509,0,weak_score,FLAT,0.0,0.0,0.0,0.0,1,0.335713,0.756164,0.579993,0.65,part2a21_soft_caution_overlay,artifacts_part2_g532/predictions/g532_final_consensus_tape.csv
2020-05-08,0,0.2145252607290506,0.3157526222993892,0.385622,0.300021,0.75,0.645713,0.498326,0.0,0.5,0.6,0.583678,0.105062,0.260993,0.489243,0,weak_score,FLAT,0.0,0.0,0.0,0.0,1,0.291271,0.775263,0.443572,0.65,part2a21_soft_caution_overlay,artifacts_part2_g532/predictions/g532_final_consensus_tape.csv
2020-05-11,0,0.2130672464706715,0.2964533036247773,0.454504,0.35533,0.75,0.655069,0.498861,0.0,0.5,0.6,0.556945,0.10025,0.245271,0.504774,0,weak_score,FLAT,0.0,0.0,0.0,0.0,1,0.30979,0.767903,0.496142,0.65,part2a21_soft_caution_overlay,artifacts_part2_g532/predictions/g532_final_consensus_tape.csv
2020-05-12,0,0.2173948909698587,0.3520806451334333,0.764383,0.534836,0.5,0.648254,0.498472,0.0,0.5,0.6,0.576418,0.103755,0.273048,0.477968,0,weak_score,FLAT,0.0,0.0,0.0,0.0,1,0.305495,0.774919,0.446026,0.65,part2a21_soft_caution_overlay,artifacts_part2_g532/predictions/g532_final_consensus_tape.csv
2020-05-13,0,0.214948124842907,0.3175242994828772,0.476539,0.565142,0.5,0.66016,0.499152,0.0,0.5,0.6,0.542399,0.097632,0.249615,0.500385,0,weak_score,FLAT,0.0,0.0,0.0,0.0,1,0.32038,0.76399,0.524087,0.65,part2a21_soft_caution_overlay,artifacts_part2_g532/predictions/g532_final_consensus_tape.csv
2020-05-14,0,0.2149405719905721,0.318322634721746,0.05346,0.43146,0.75,0.634891,0.497708,0.0,0.5,0.6,0.614598,0.110628,0.25932,0.490851,0,weak_score,FLAT,0.0,0.0,0.0,0.0,1,0.281659,0.786196,0.375652,0.635886,part2a21_soft_caution_overlay,artifacts_part2_g532/predictions/g532_final_consensus_tape.csv
2020-05-15,0,0.2180992771219723,0.3612801615837642,0.130694,0.220231,0.75,0.654164,0.498809,0.0,0.5,0.6,0.559531,0.100716,0.213788,0.539039,0,weak_score,FLAT,0.0,0.0,0.0,0.0,1,0.319301,0.770649,0.476523,0.65,part2a21_soft_caution_overlay,artifacts_part2_g532/predictions/g532_final_consensus_tape.csv
2020-05-18,0,0.2137875428006438,0.3054795871947322,0.20086,0.128338,0.75,0.628692,0.497354,0.0,0.5,0.6,0.63231,0.113816,0.277977,0.473506,0,weak_score,FLAT,0.0,0.0,0.0,0.0,1,0.26784,0.790992,0.348222,0.626424,part2a21_soft_caution_overlay,artifacts_part2_g532/predictions/g532_final_consensus_tape.csv
2020-05-19,0,0.2162632853415798,0.3442376289353915,0.599108,0.310221,0.5,0.651583,0.498662,0.0,0.5,0.6,0.566907,0.102043,0.287745,0.464904,0,weak_score,FLAT,0.0,0.0,0.0,0.0,1,0.305728,0.771157,0.472901,0.65,part2a21_soft_caution_overlay,artifacts_part2_g532/predictions/g532_final_consensus_tape.csv
2020-05-20,0,0.2072375049027891,0.4420256123659102,0.416964,0.405644,0.75,0.606021,0.496058,0.0,0.5,0.6,0.697083,0.125475,0.293868,0.45967,0,weak_score,FLAT,0.0,0.0,0.0,0.0,1,0.138779,0.619117,0.332266,0.620865,part2a21_soft_caution_overlay,artifacts_part2_g532/predictions/g532_final_consensus_tape.csv
2020-05-21,0,0.2024456868196834,0.2531011506782772,0.848377,0.621483,0.5,0.609301,0.496246,0.006443,0.5,0.6,0.687712,0.123788,0.299569,0.454902,1,ok,FLAT,0.0,0.0,0.0,0.0,1,0.065133,0.521501,0.43708,0.65,part2a21_soft_caution_overlay,artifacts_part2_g532/predictions/g532_final_consensus_tape.csv
2020-05-22,0,0.2044427270464368,0.3304179970455262,0.608224,0.624521,0.75,0.594361,0.495392,0.015827,0.5,0.6,0.730398,0.131472,0.283839,0.468306,1,ok,FLAT,0.0,0.0,0.0,0.0,1,0.072497,0.540573,0.323964,0.617957,part2a21_soft_caution_overlay,artifacts_part2_g532/predictions/g532_final_consensus_tape.csv
2020-05-25,0,0.2064651716283971,0.4042597269153378,0.644574,0.700392,0.5,0.599879,0.495707,0.052898,0.5,0.6,0.714631,0.128634,0.283581,0.468532,1,ok,VOO,0.000478,0.000478,0.000478,0.0,1,0.072639,0.534019,0.361387,0.63098,part2a21_soft_caution_overlay,artifacts_part2_g532/predictions/g532_final_consensus_tape.csv
2020-05-26,0,0.2059335511967546,0.3898417452462768,0.72172,0.658173,0.5,0.58446,0.494826,0.038482,0.5,0.6,0.758687,0.136564,0.25729,0.492815,1,ok,VOO,0.000478,0.000478,0.000478,0.0,1,0.071621,0.552226,0.257753,0.594352,part2a21_soft_caution_overlay,artifacts_part2_g532/predictions/g532_final_consensus_tape.csv
2020-05-27,0,0.2035671873718839,0.2874003861479999,0.543701,0.636665,0.75,0.588234,0.495042,0.025333,0.5,0.6,0.747904,0.134623,0.221238,0.530518,1,ok,VOO,0.000478,0.000478,0.000478,0.0,1,0.067834,0.547008,0.287349,0.604996,part2a21_soft_caution_overlay,artifacts_part2_g532/predictions/g532_final_consensus_tape.csv
2020-05-28,0,0.2052780474676368,0.3604592295411901,0.572239,0.612553,0.5,0.59842,0.495624,0.007432,0.5,0.6,0.718799,0.129384,0.224774,0.526567,1,ok,VOO,0.000478,0.000478,0.000478,0.0,1,0.122239,0.625077,0.298321,0.608903,part2a21_soft_caution_overlay,artifacts_part2_g532/predictions/g532_final_consensus_tape.csv
2020-05-29,0,0.2062786544738859,0.400970946036735,0.434757,0.516899,0.75,0.584898,0.494851,0.0,0.5,0.6,0.757433,0.136338,0.226289,0.524891,0,weak_score,VOO,0.000478,0.000478,0.000478,0.0,1,0.069863,0.551371,0.262594,0.596104,part2a21_soft_caution_overlay,artifacts_part2_g532/predictions/g532_final_consensus_tape.csv
2020-06-01,0,0.2100028259444629,0.5394780764649562,0.762202,0.589733,0.75,0.593943,0.495368,0.0,0.5,0.6,0.731591,0.131686,0.151972,0.621933,0,weak_score,FLAT,0.0,0.0,0.0,0.0,1,0.128858,0.631666,0.260922,0.595499,part2a21_soft_caution_overlay,artifacts_part2_g532/predictions/g532_final_consensus_tape.csv
2020-06-02,0,0.2101752223135703,0.5449806051104974,0.839243,0.678734,0.75,0.592732,0.495299,0.045092,0.5,0.6,0.735051,0.132309,0.128332,0.660796,1,ok,FLAT,0.0,0.0,0.0,0.0,1,0.134392,0.634153,0.246843,0.59039,part2a21_soft_caution_overlay,artifacts_part2_g532/predictions/g532_final_consensus_tape.csv
2020-06-03,0,0.2060659486238963,0.3905445135114243,1.004268,0.868571,0.75,0.586505,0.494943,0.147409,0.5,0.6,0.752842,0.135512,0.136337,0.647104,1,ok,FLAT,0.0,0.0,0.0,0.0,1,0.075085,0.550435,0.267902,0.598019,part2a21_soft_caution_overlay,artifacts_part2_g532/predictions/g532_final_consensus_tape.csv
2020-06-04,0,0.2024198071753103,0.2524150443146956,1.213758,1.01909,1.0,0.586665,0.494952,0.226006,0.5,0.6,0.752387,0.13543,0.117416,0.680427,1,ok,FLAT,0.0,0.0,0.0,0.0,1,0.072359,0.549732,0.271888,0.599455,part2a21_soft_caution_overlay,artifacts_part2_g532/predictions/g532_final_consensus_tape.csv
2020-06-05,0,0.205823610353838,0.3813646935091233,0.942013,1.053346,0.75,0.591941,0.495254,0.241819,0.5,0.6,0.73731,0.132716,0.16146,0.607593,1,ok,FLAT,0.0,0.0,0.0,0.0,1,0.073289,0.543608,0.306677,0.611865,part2a21_soft_caution_overlay,artifacts_part2_g532/predictions/g532_final_consensus_tape.csv
2020-06-08,0,0.2005636872643577,0.1863319895643286,1.216394,1.124055,0.75,0.592759,0.495301,0.278568,0.5,0.6,0.734974,0.132295,0.152618,0.620936,1,ok,VOO,0.003433,0.003433,0.003433,0.0,1,0.069088,0.541843,0.316726,0.615413,part2a21_soft_caution_overlay,artifacts_part2_g532/predictions/g532_final_consensus_tape.csv
2020-06-09,0,0.2053966830977792,0.3460545934290294,1.150172,1.102859,0.75,0.589272,0.495101,0.268791,0.5,0.6,0.744936,0.134089,0.182708,0.577757,1,ok,VOO,0.003433,0.003433,0.003433,0.0,1,0.07044,0.546258,0.291608,0.606515,part2a21_soft_caution_overlay,artifacts_part2_g532/predictions/g532_final_consensus_tape.csv
2020-06-10,0,0.2069785897698312,0.4156261297600246,1.071638,1.146068,0.75,0.595293,0.495445,0.289165,0.5,0.6,0.727736,0.130992,0.208562,0.545182,1,ok,VOO,0.003433,0.003433,0.003433,0.0,1,0.12957,0.630189,0.269295,0.598521,part2a21_soft_caution_overlay,artifacts_part2_g532/predictions/g532_final_consensus_tape.csv
2020-06-11,0,0.2007344390181646,0.1927176505661957,1.843258,1.355023,0.5,0.64348,0.498199,0.383267,0.5,0.6,0.590058,0.10621,0.401976,0.38345,1,ok,VOO,0.003433,0.003433,0.003433,0.0,1,0.03166,0.476414,0.75913,0.65,part2a21_soft_caution_overlay,artifacts_part2_g532/predictions/g532_final_consensus_tape.csv
2020-06-12,0,0.2059335187648598,0.3966363115297422,0.947999,1.287631,0.75,0.639045,0.497945,0.348524,0.5,0.6,0.602729,0.108491,0.409176,0.379261,1,ok,VOO,0.003433,0.003433,0.003433,0.0,1,0.13795,0.580615,0.586266,0.65,part2a21_soft_caution_overlay,artifacts_part2_g532/predictions/g532_final_consensus_tape.csv
2020-06-15,0,0.2023521644540593,0.2388630837380858,1.0306,1.273952,0.75,0.640974,0.498056,0.340489,0.5,0.6,0.597217,0.107499,0.41155,0.3779,1,ok,VOO,0.002075,0.002075,0.002075,0.0,1,0.13828,0.57847,0.601591,0.65,part2a21_soft_caution_overlay,artifacts_part2_g532/predictions/g532_final_consensus_tape.csv
2020-06-16,0,0.2054518476059341,0.3474207431197817,1.001081,0.993226,0.75,0.625877,0.497193,0.196011,0.5,0.6,0.64035,0.115263,0.422629,0.371676,1,ok,VOO,0.002075,0.002075,0.002075,0.0,1,0.132945,0.594763,0.485213,0.65,part2a21_soft_caution_overlay,artifacts_part2_g532/predictions/g532_final_consensus_tape.csv
2020-06-17,0,0.1723453078349677,0.7891294140790807,1.247978,1.093219,0.75,0.662403,0.49928,0.234446,0.5,0.6,0.535992,0.096478,0.41297,0.377091,1,ok,VOO,0.002075,0.002075,0.002075,0.0,1,0.241373,0.667206,0.643973,0.65,part2a21_soft_caution_overlay,artifacts_part2_g532/predictions/g532_final_consensus_tape.csv
2020-06-18,0,0.1768762084545541,0.7629830107913874,1.193097,1.147385,0.75,0.639495,0.497971,0.272985,0.5,0.6,0.601442,0.10826,0.412835,0.377168,1,ok,VOO,0.002075,0.002075,0.002075,0.0,1,0.218961,0.689353,0.485786,0.65,part2a21_soft_caution_overlay,artifacts_part2_g532/predictions/g532_final_consensus_tape.csv
2020-06-19,0,0.1914731791526342,0.7047680940616026,1.256565,1.232546,0.5,0.650472,0.498598,0.314715,0.5,0.6,0.570081,0.102615,0.374885,0.400073,1,ok,VOO,0.002075,0.002075,0.002075,0.0,1,0.307734,0.772787,0.461252,0.65,part2a21_soft_caution_overlay,artifacts_part2_g532/predictions/g532_final_consensus_tape.csv
2020-06-22,0,0.189851943968941,0.6885725310414749,1.039406,1.163023,0.75,0.629569,0.497404,0.285204,0.5,0.6,0.629802,0.113364,0.371293,0.402386,1,ok,VOO,0.001951,0.001951,0.001951,0.0,1,0.217924,0.700576,0.407885,0.646861,part2a21_soft_caution_overlay,artifacts_part2_g532/predictions/g532_final_consensus_tape.csv
2020-06-23,0,0.1917380812906465,0.6381780810444021,1.129496,1.141822,0.75,0.629558,0.497403,0.273873,0.5,0.6,0.629834,0.11337,0.372574,0.401559,1,ok,VOO,0.001951,0.001951,0.001951,0.0,1,0.219021,0.700795,0.406626,0.646435,part2a21_soft_caution_overlay,artifacts_part2_g532/predictions/g532_final_consensus_tape.csv
2020-06-24,0,0.1822825236543482,0.7307961146834098,1.475966,1.214956,0.5,0.649548,0.498546,0.305551,0.75,0.6,0.572719,0.257724,0.38997,0.390643,1,ok,VOO,0.001951,0.001951,0.001951,0.0,1,0.242766,0.682148,0.537245,0.65,part2a21_soft_caution_overlay,artifacts_part2_g532/predictions/g532_final_consensus_tape.csv
2020-06-25,0,0.2312844951590709,0.5372061721012961,0.871342,1.158935,0.75,0.648487,0.498485,0.275692,0.75,0.6,0.575751,0.259088,0.21988,0.532051,1,ok,VOO,0.001951,0.001951,0.001951,0.0,1,0.307834,0.775073,0.444924,0.65,part2a21_soft_caution_overlay,artifacts_part2_g532/predictions/g532_final_consensus_tape.csv
2020-06-26,0,0.2095159210965438,0.5966350763827505,1.356475,1.234594,0.5,0.647673,0.498438,0.316856,0.75,0.6,0.578079,0.260135,0.25241,0.497601,1,ok,VOO,0.001951,0.001951,0.001951,0.0,1,0.304806,0.775459,0.442167,0.65,part2a21_soft_caution_overlay,artifacts_part2_g532/predictions/g532_final_consensus_tape.csv
2020-06-29,0,0.2145904270103675,0.5829233006583929,0.607546,0.945121,0.75,0.642013,0.498115,0.163138,0.75,0.6,0.59425,0.267412,0.257521,0.492591,1,ok,VOO,0.003223,0.003223,0.003223,0.0,1,0.288861,0.779062,0.416582,0.649796,part2a21_soft_caution_overlay,artifacts_part2_g532/predictions/g532_final_consensus_tape.csv
2020-06-30,0,0.2189923574695201,0.5421664223227303,0.688594,0.884205,0.75,0.639021,0.497944,0.13175,0.75,0.6,0.602797,0.271258,0.243541,0.506543,1,ok,VOO,0.003223,0.003223,0.003223,0.0,1,0.285669,0.782027,0.399555,0.64404,part2a21_soft_caution_overlay,artifacts_part2_g532/predictions/g532_final_consensus_tape.csv
2020-07-01,0,0.2002464641469785,0.6272918094806906,0.831848,0.709329,0.75,0.634105,0.497663,0.040316,0.75,0.6,0.616843,0.277579,0.246943,0.503076,1,ok,VOO,0.003223,0.003223,0.003223,0.0,1,0.21429,0.694672,0.447789,0.65,part2a21_soft_caution_overlay,artifacts_part2_g532/predictions/g532_final_consensus_tape.csv
2020-07-02,0,0.2095384773587102,0.5281908471973206,1.014746,0.845063,0.75,0.64734,0.498419,0.106724,0.75,0.6,0.579029,0.260563,0.247637,0.502374,1,ok,VOO,0.003223,0.003223,0.003223,0.0,1,0.296208,0.774292,0.450507,0.65,part2a21_soft_caution_overlay,artifacts_part2_g532/predictions/g532_final_consensus_tape.csv
2020-07-03,0,0.2000076381722402,0.60396264495044,1.11446,0.987018,0.5,0.634565,0.497689,0.188939,0.75,0.6,0.615528,0.276988,0.244988,0.505063,1,ok,VOO,0.003223,0.003223,0.003223,0.0,1,0.21762,0.694746,0.447265,0.65,part2a21_soft_caution_overlay,artifacts_part2_g532/predictions/g532_final_consensus_tape.csv
2020-07-06,0,0.2027363612725918,0.5541676063195563,0.840803,0.990003,0.75,0.632061,0.497546,0.191624,0.75,0.6,0.622683,0.280207,0.256286,0.493792,1,ok,VOO,0.003977,0.003977,0.003977,0.0,1,0.218883,0.697835,0.4252,0.65,part2a21_soft_caution_overlay,artifacts_part2_g532/predictions/g532_final_consensus_tape.csv
2020-07-07,0,0.1839788395881726,0.6797832837556587,1.268974,1.074746,0.5,0.645151,0.498294,0.231606,0.75,0.6,0.585283,0.263377,0.266816,0.483731,1,ok,VOO,0.003977,0.003977,0.003977,0.0,1,0.246301,0.68781,0.496805,0.65,part2a21_soft_caution_overlay,artifacts_part2_g532/predictions/g532_final_consensus_tape.csv
2020-07-08,0,0.223593804532522,0.4908212870067525,0.957266,1.022348,0.75,0.652416,0.498709,0.200225,0.75,0.6,0.564526,0.254036,0.219058,0.532983,1,ok,VOO,0.003977,0.003977,0.003977,0.0,1,0.322183,0.773166,0.458549,0.65,part2a21_soft_caution_overlay,artifacts_part2_g532/predictions/g532_final_consensus_tape.csv
2020-07-09,0,0.1947917102130389,0.6821836587555689,1.022657,1.082966,0.75,0.645583,0.498319,0.23586,0.75,0.6,0.584048,0.262822,0.223148,0.528376,1,ok,VOO,0.003977,0.003977,0.003977,0.0,1,0.246858,0.687416,0.499616,0.65,part2a21_soft_caution_overlay,artifacts_part2_g532/predictions/g532_final_consensus_tape.csv
2020-07-10,0,0.2088038388701545,0.6086765827013735,1.117202,1.032375,0.75,0.650668,0.49861,0.206402,0.75,0.6,0.569519,0.256284,0.16189,0.606958,1,ok,VOO,0.003977,0.003977,0.003977,0.0,1,0.313164,0.77354,0.455876,0.65,part2a21_soft_caution_overlay,artifacts_part2_g532/predictions/g532_final_consensus_tape.csv
2020-07-13,0,0.2117995733576085,0.6059156821547173,1.389794,1.176551,0.5,0.643199,0.498183,0.287242,0.75,0.6,0.590859,0.265887,0.172973,0.591054,1,ok,VOO,0.006771,0.006771,0.006771,0.0,1,0.293336,0.778507,0.420398,0.65,part2a21_soft_caution_overlay,artifacts_part2_g532/predictions/g532_final_consensus_tape.csv
2020-07-14,0,0.2163204856795308,0.600399861684023,0.894869,1.133955,0.75,0.616584,0.496662,0.274698,0.75,0.6,0.666904,0.300107,0.169966,0.595287,1,ok,VOO,0.006771,0.006771,0.006771,0.0,1,0.242228,0.800624,0.293336,0.60713,part2a21_soft_caution_overlay,artifacts_part2_g532/predictions/g532_final_consensus_tape.csv
2020-07-15,0,0.1982065898730837,0.2284031969474703,1.130225,1.138296,0.75,0.614717,0.496555,0.277719,0.75,0.6,0.672237,0.302507,0.170683,0.594272,1,ok,VOO,0.006771,0.006771,0.006771,0.0,1,0.235048,0.801502,0.288345,0.605352,part2a21_soft_caution_overlay,artifacts_part2_g532/predictions/g532_final_consensus_tape.csv
2020-07-16,0,0.2117223709774672,0.2564244324190811,1.236638,1.087244,0.5,0.62518,0.497153,0.246458,0.75,0.6,0.642342,0.289054,0.174019,0.589596,1,ok,VOO,0.006771,0.006771,0.006771,0.0,1,0.258685,0.79346,0.334133,0.621518,part2a21_soft_caution_overlay,artifacts_part2_g532/predictions/g532_final_consensus_tape.csv
2020-07-17,0,0.1680599989697918,0.1613196619205754,1.102614,1.156492,0.5,0.61532,0.49659,0.287143,0.75,0.6,0.670516,0.301732,0.17348,0.590347,1,ok,VOO,0.006771,0.006771,0.006771,0.0,1,0.244209,0.802505,0.282649,0.603316,part2a21_soft_caution_overlay,artifacts_part2_g532/predictions/g532_final_consensus_tape.csv
2020-07-20,0,0.1721683659037749,0.1744202574239217,0.779476,1.039576,0.5,0.60737,0.496135,0.228363,0.75,0.6,0.693228,0.311953,0.157909,0.612881,1,ok,VOO,0.006549,0.006549,0.006549,0.0,0,0.233019,0.809894,0.240791,0.588183,part2a21_soft_caution_overlay,artifacts_part2_g532/predictions/g532_final_consensus_tape.csv
2020-07-21,0,0.1723259739982118,0.1758615467470506,1.43245,1.104847,0.75,0.608823,0.496218,0.262283,0.75,0.6,0.689077,0.310085,0.13293,0.652862,1,ok,VOO,0.006549,0.006549,0.006549,0.0,1,0.238826,0.809251,0.244427,0.589509,part2a21_soft_caution_overlay,artifacts_part2_g532/predictions/g532_final_consensus_tape.csv
2020-07-22,0,0.1695460212809974,0.1694123839207556,1.174651,1.128859,0.5,0.60871,0.496212,0.275023,0.75,0.6,0.689399,0.31023,0.129819,0.658208,1,ok,VOO,0.006549,0.006549,0.006549,0.0,0,0.232328,0.808163,0.25058,0.591749,part2a21_soft_caution_overlay,artifacts_part2_g532/predictions/g532_final_consensus_tape.csv
2020-07-23,0,0.1811904926389993,0.1967507774256605,1.610512,1.405871,0.75,0.619423,0.496824,0.418195,0.65,0.6,0.658792,0.256929,0.142706,0.636609,0,high_risk_veto,VOO,0.006549,0.006549,0.006549,0.0,1,0.243575,0.797489,0.311168,0.613453,part2a21_soft_caution_overlay,artifacts_part2_g532/predictions/g532_final_consensus_tape.csv
2020-07-24,0,0.1963824700485659,0.2332783511816853,1.242022,1.342395,0.75,0.618933,0.496796,0.384602,0.65,0.6,0.660192,0.257475,0.137618,0.644964,0,high_risk_veto,VOO,0.006549,0.006549,0.006549,0.0,1,0.247761,0.798861,0.303362,0.610692,part2a21_soft_caution_overlay,artifacts_part2_g532/predictions/g532_final_consensus_tape.csv
2020-07-27,0,0.166669987487069,0.1637401695539952,0.887664,1.246733,0.5,0.608725,0.496213,0.337343,0.65,0.6,0.689356,0.268849,0.128527,0.660455,0,high_risk_veto,FLAT,0.0,0.0,0.0,0.0,0,0.232315,0.808142,0.250697,0.591792,part2a21_soft_caution_overlay,artifacts_part2_g532/predictions/g532_final_consensus_tape.csv
2020-07-28,0,0.1846111076451123,0.2029371602217492,1.28643,1.138706,0.75,0.616709,0.496669,0.277173,0.65,0.6,0.666546,0.259953,0.123972,0.668499,0,high_risk_veto,FLAT,0.0,0.0,0.0,0.0,1,0.241682,0.800372,0.294769,0.607641,part2a21_soft_caution_overlay,artifacts_part2_g532/predictions/g532_final_consensus_tape.csv
2020-07-29,0,0.1712653123440207,0.1753265060856343,0.921887,1.031994,0.5,0.615723,0.496613,0.220918,0.65,0.6,0.669364,0.261052,0.127268,0.662659,0,high_risk_veto,FLAT,0.0,0.0,0.0,0.0,1,0.242192,0.801645,0.287536,0.605063,part2a21_soft_caution_overlay,artifacts_part2_g532/predictions/g532_final_consensus_tape.csv
2020-07-30,0,0.1975689697883326,0.2338617563632428,1.134576,1.114298,0.5,0.608007,0.496172,0.267596,0.65,0.6,0.691408,0.269649,0.128726,0.660107,0,high_risk_veto,FLAT,0.0,0.0,0.0,0.0,0,0.230556,0.808669,0.247715,0.590707,part2a21_soft_caution_overlay,artifacts_part2_g532/predictions/g532_final_consensus_tape.csv
2020-07-31,0,0.2146861706019442,0.2684884789961948,0.922544,0.993002,0.5,0.601835,0.495819,0.206076,0.65,0.6,0.709042,0.276527,0.134098,0.650876,0,high_risk_veto,FLAT,0.0,0.0,0.0,0.0,1,0.182574,0.727015,0.257079,0.594108,part2a21_soft_caution_overlay,artifacts_part2_g532/predictions/g532_final_consensus_tape.csv
2020-08-03,0,0.1970466506962945,0.2367627201617674,1.05936,1.038826,0.5,0.608544,0.496203,0.227487,0.65,0.6,0.689874,0.269051,0.132944,0.652838,0,high_risk_veto,FLAT,0.0,0.0,0.0,0.0,0,0.22993,0.80791,0.252011,0.59227,part2a21_soft_caution_overlay,artifacts_part2_g532/predictions/g532_final_consensus_tape.csv
2020-08-04,0,0.1853113611445573,0.2122151168915749,1.197525,1.059809,0.5,0.610145,0.496294,0.237936,0.65,0.6,0.685299,0.267266,0.132939,0.652846,0,high_risk_veto,FLAT,0.0,0.0,0.0,0.0,1,0.233576,0.806684,0.258956,0.594788,part2a21_soft_caution_overlay,artifacts_part2_g532/predictions/g532_final_consensus_tape.csv
2020-08-05,0,0.1717692686671054,0.1766664907686781,1.235609,1.164165,0.5,0.605131,0.496007,0.295025,0.65,0.6,0.699627,0.272854,0.13853,0.643451,0,high_risk_veto,FLAT,0.0,0.0,0.0,0.0,0,0.229568,0.81192,0.229343,0.583989,part2a21_soft_caution_overlay,artifacts_part2_g532/predictions/g532_final_consensus_tape.csv
2020-08-06,0,0.1843352633671834,0.2121726544580254,1.014893,1.149342,0.5,0.609053,0.496232,0.285724,0.65,0.6,0.688419,0.268483,0.114442,0.685981,0,high_risk_veto,FLAT,0.0,0.0,0.0,0.0,1,0.241887,0.809551,0.242726,0.588889,part2a21_soft_caution_overlay,artifacts_part2_g532/predictions/g532_final_consensus_tape.csv
2020-08-07,0,0.1823477576236903,0.2064149043816665,1.441006,1.230503,0.75,0.603259,0.4959,0.330696,0.65,0.6,0.704975,0.27494,0.102916,0.708383,0,high_risk_veto,FLAT,0.0,0.0,0.0,0.0,0,0.230259,0.814287,0.215987,0.579065,part2a21_soft_caution_overlay,artifacts_part2_g532/predictions/g532_final_consensus_tape.csv
2020-08-10,0,0.2277374259973721,0.2850452827032556,1.279028,1.244976,0.75,0.596126,0.495493,0.340805,0.65,0.6,0.725354,0.282888,0.099328,0.71566,0,high_risk_veto,FLAT,0.0,0.0,0.0,0.0,0,0.179578,0.733272,0.221713,0.58118,part2a21_soft_caution_overlay,artifacts_part2_g532/predictions/g532_final_consensus_tape.csv
2020-08-11,0,0.1967865645523602,0.2439120356344893,1.423871,1.381302,0.75,0.627659,0.497295,0.402513,0.65,0.6,0.635259,0.247751,0.087227,0.74134,0,high_risk_veto,FLAT,0.0,0.0,0.0,0.0,1,0.266114,0.791899,0.343042,0.624624,part2a21_soft_caution_overlay,artifacts_part2_g532/predictions/g532_final_consensus_tape.csv
2020-08-12,0,0.1969242184823107,0.2391431432647954,0.681333,1.128077,0.5,0.614987,0.496571,0.272195,0.65,0.6,0.671465,0.261871,0.103503,0.707207,0,high_risk_veto,FLAT,0.0,0.0,0.0,0.0,1,0.265448,0.806896,0.257752,0.594352,part2a21_soft_caution_overlay,artifacts_part2_g532/predictions/g532_final_consensus_tape.csv
2020-08-13,0,0.1930123053284279,0.2247050976104774,1.100905,1.068703,0.5,0.613381,0.496479,0.241343,0.65,0.6,0.676055,0.263662,0.092636,0.729636,0,high_risk_veto,FLAT,0.0,0.0,0.0,0.0,1,0.254687,0.806791,0.258349,0.594568,part2a21_soft_caution_overlay,artifacts_part2_g532/predictions/g532_final_consensus_tape.csv
2020-08-14,0,0.1926453399822969,0.2194348256356069,1.146782,0.97634,0.75,0.613389,0.496479,0.192382,0.65,0.6,0.67603,0.263652,0.094589,0.725502,0,high_risk_veto,FLAT,0.0,0.0,0.0,0.0,1,0.257096,0.807233,0.255842,0.59366,part2a21_soft_caution_overlay,artifacts_part2_g532/predictions/g532_final_consensus_tape.csv
2020-08-17,0,0.1940091687870263,0.2191226106843214,1.043837,1.097175,0.5,0.609709,0.496269,0.257879,0.65,0.6,0.686546,0.267753,0.09412,0.726492,0,high_risk_veto,FLAT,0.0,0.0,0.0,0.0,1,0.255065,0.811248,0.233138,0.585382,part2a21_soft_caution_overlay,artifacts_part2_g532/predictions/g532_final_consensus_tape.csv
2020-08-18,0,0.1956729324954176,0.2466908449062042,1.054412,1.081677,0.5,0.601982,0.495828,0.252735,0.65,0.6,0.708622,0.276362,0.094488,0.725714,0,high_risk_veto,FLAT,0.0,0.0,0.0,0.0,0,0.24157,0.823421,0.202027,0.559811,part2a21_soft_caution_overlay,artifacts_part2_g532/predictions/g532_final_consensus_tape.csv
2020-08-19,0,0.2032878241065373,0.3385059990353578,1.300003,1.13275,0.75,0.606063,0.496061,0.278091,0.65,0.6,0.696962,0.271815,0.093137,0.728573,0,high_risk_veto,FLAT,0.0,0.0,0.0,0.0,1,0.241412,0.813034,0.223051,0.581674,part2a21_soft_caution_overlay,artifacts_part2_g532/predictions/g532_final_consensus_tape.csv
2020-08-20,0,0.2057764453128085,0.3259080712423401,0.946199,1.100205,0.5,0.603364,0.495906,0.261959,0.65,0.6,0.704676,0.274823,0.091757,0.731513,0,high_risk_veto,FLAT,0.0,0.0,0.0,0.0,0,0.236285,0.815664,0.210739,0.576189,part2a21_soft_caution_overlay,artifacts_part2_g532/predictions/g532_final_consensus_tape.csv
2020-08-21,0,0.2035716396898206,0.2961123110219059,1.031762,1.092655,0.5,0.614565,0.496547,0.25357,0.65,0.6,0.672672,0.262342,0.09181,0.7314,0,high_risk_veto,FLAT,0.0,0.0,0.0,0.0,1,0.254506,0.805342,0.266555,0.597534,part2a21_soft_caution_overlay,artifacts_part2_g532/predictions/g532_final_consensus_tape.csv
2020-08-24,0,0.20195424901196,0.2989537560741255,1.151102,1.043021,0.5,0.600301,0.495731,0.233048,0.65,0.6,0.713425,0.278236,0.103667,0.70688,0,high_risk_veto,FLAT,0.0,0.0,0.0,0.0,0,0.234074,0.825155,0.200057,0.556108,part2a21_soft_caution_overlay,artifacts_part2_g532/predictions/g532_final_consensus_tape.csv
2020-08-25,0,0.1996081686546307,0.2876889181527285,1.17519,1.119352,0.5,0.596517,0.495515,0.274673,0.65,0.6,0.724238,0.282453,0.096392,0.721725,0,high_risk_veto,FLAT,0.0,0.0,0.0,0.0,0,0.222672,0.831976,0.19223,0.541393,part2a21_soft_caution_overlay,artifacts_part2_g532/predictions/g532_final_consensus_tape.csv
2020-08-26,0,0.2124155908474701,0.3791053466903261,0.891675,1.072656,0.5,0.592012,0.495258,0.251911,0.65,0.6,0.737109,0.287472,0.076455,0.765801,0,high_risk_veto,FLAT,0.0,0.0,0.0,0.0,0,0.177663,0.743091,0.202401,0.560513,part2a21_soft_caution_overlay,artifacts_part2_g532/predictions/g532_final_consensus_tape.csv
2020-08-27,0,0.2185763003237052,0.4614827248532017,1.36419,1.143685,0.75,0.591205,0.495212,0.289439,0.65,0.6,0.739415,0.288372,0.07587,0.767176,0,high_risk_veto,FLAT,0.0,0.0,0.0,0.0,0,0.181558,0.747999,0.19681,0.550002,part2a21_soft_caution_overlay,artifacts_part2_g532/predictions/g532_final_consensus_tape.csv
2020-08-28,0,0.2102978900010962,0.3715447686655411,1.177606,1.14449,0.5,0.595153,0.495437,0.288389,0.65,0.6,0.728134,0.283972,0.072637,0.774864,0,high_risk_veto,FLAT,0.0,0.0,0.0,0.0,1,0.193597,0.74089,0.204887,0.565187,part2a21_soft_caution_overlay,artifacts_part2_g532/predictions/g532_final_consensus_tape.csv
2020-08-31,0,0.2375731041167633,0.6062470000918384,1.189226,1.243674,0.5,0.630236,0.497442,0.328083,0.65,0.6,0.627898,0.24488,0.084169,0.748125,0,high_risk_veto,FLAT,0.0,0.0,0.0,0.0,1,0.290664,0.793438,0.334261,0.621562,part2a21_soft_caution_overlay,artifacts_part2_g532/predictions/g532_final_consensus_tape.csv
2020-09-01,0,0.2224455512752707,0.4819264135054332,1.066923,1.144585,0.5,0.605372,0.496021,0.284601,0.65,0.6,0.698938,0.272586,0.083197,0.750306,0,high_risk_veto,FLAT,0.0,0.0,0.0,0.0,1,0.201581,0.726367,0.260752,0.595438,part2a21_soft_caution_overlay,artifacts_part2_g532/predictions/g532_final_consensus_tape.csv
2020-09-02,0,0.2206908343571081,0.4858589162278252,1.1798,1.145317,0.5,0.592336,0.495276,0.289873,0.65,0.6,0.736183,0.287111,0.084645,0.74706,0,high_risk_veto,FLAT,0.0,0.0,0.0,0.0,0,0.179163,0.742785,0.202747,0.561164,part2a21_soft_caution_overlay,artifacts_part2_g532/predictions/g532_final_consensus_tape.csv
2020-09-03,0,0.2069087542877868,0.411975185982606,2.244448,1.497057,0.75,0.667079,0.499547,0.452817,0.75,0.6,0.522633,0.235185,0.22867,0.522281,1,ok,FLAT,0.0,0.0,0.0,0.0,1,0.32493,0.756903,0.57471,0.65,part2a21_soft_caution_overlay,artifacts_part2_g532/predictions/g532_final_consensus_tape.csv
2020-09-04,0,0.2041642603388316,0.3694876701774696,1.476933,1.633727,0.75,0.666552,0.499517,0.527517,0.75,0.6,0.524136,0.235861,0.229612,0.521254,1,ok,FLAT,0.0,0.0,0.0,0.0,1,0.324601,0.757445,0.570838,0.65,part2a21_soft_caution_overlay,artifacts_part2_g532/predictions/g532_final_consensus_tape.csv
2020-09-07,0,0.2044183847523309,0.3704035950562701,1.195367,1.638916,0.75,0.645158,0.498295,0.535764,0.75,0.6,0.585263,0.263369,0.222568,0.529024,1,ok,VOO,0.011197,0.011197,0.011197,0.0,1,0.29188,0.776006,0.438258,0.65,part2a21_soft_caution_overlay,artifacts_part2_g532/predictions/g532_final_consensus_tape.csv
2020-09-08,0,0.1976665300110573,0.2930375722545295,1.860165,1.510822,0.75,0.647464,0.498427,0.466041,0.75,0.6,0.578674,0.260403,0.265776,0.484707,1,ok,VOO,0.011197,0.011197,0.011197,0.0,1,0.286424,0.772389,0.4641,0.65,part2a21_soft_caution_overlay,artifacts_part2_g532/predictions/g532_final_consensus_tape.csv
2020-09-09,0,0.1914704287679334,0.687880295850893,0.39853,1.151354,0.5,0.646781,0.498387,0.272268,0.75,0.6,0.580626,0.261282,0.283307,0.468773,1,ok,VOO,0.011197,0.011197,0.011197,0.0,1,0.28083,0.772162,0.465716,0.65,part2a21_soft_caution_overlay,artifacts_part2_g532/predictions/g532_final_consensus_tape.csv
2020-09-10,0,0.188733199805689,0.6857740872016702,1.323851,1.194182,0.75,0.656572,0.498947,0.291636,0.75,0.6,0.552652,0.248693,0.290543,0.462498,1,ok,VOO,0.011197,0.011197,0.011197,0.0,1,0.293971,0.763338,0.528747,0.65,part2a21_soft_caution_overlay,artifacts_part2_g532/predictions/g532_final_consensus_tape.csv
2020-09-11,0,0.1895456106920885,0.6895828202238586,1.015251,0.912544,0.75,0.653249,0.498757,0.140406,0.75,0.6,0.562146,0.252966,0.286637,0.465864,1,ok,VOO,0.011197,0.011197,0.011197,0.0,1,0.291177,0.766633,0.505212,0.65,part2a21_soft_caution_overlay,artifacts_part2_g532/predictions/g532_final_consensus_tape.csv
2020-09-14,0,0.1831149993479814,0.7250331723928429,0.624816,0.987973,0.5,0.659474,0.499113,0.178481,0.75,0.6,0.54436,0.244962,0.302567,0.452434,1,ok,VOO,0.002967,0.002967,0.002967,0.0,1,0.295568,0.760309,0.550383,0.65,part2a21_soft_caution_overlay,artifacts_part2_g532/predictions/g532_final_consensus_tape.csv
2020-09-15,0,0.1840752202287503,0.7200780063085118,0.791182,0.810417,0.5,0.651255,0.498643,0.086091,0.75,0.6,0.567842,0.255529,0.302214,0.452723,1,ok,VOO,0.002967,0.002967,0.002967,0.0,1,0.285033,0.767805,0.496838,0.65,part2a21_soft_caution_overlay,artifacts_part2_g532/predictions/g532_final_consensus_tape.csv
2020-09-16,0,0.179019954091488,0.7522638854465672,1.377631,0.93121,0.75,0.655972,0.498913,0.149259,0.75,0.6,0.554365,0.249464,0.287709,0.464935,1,ok,VOO,0.002967,0.002967,0.002967,0.0,1,0.303332,0.765708,0.511816,0.65,part2a21_soft_caution_overlay,artifacts_part2_g532/predictions/g532_final_consensus_tape.csv
2020-09-17,0,0.1828425145663708,0.729498492161782,1.328325,1.165713,0.75,0.631032,0.497488,0.286083,0.75,0.6,0.625623,0.281531,0.231721,0.518972,1,ok,VOO,0.002967,0.002967,0.002967,0.0,1,0.246625,0.784219,0.38698,0.639761,part2a21_soft_caution_overlay,artifacts_part2_g532/predictions/g532_final_consensus_tape.csv
2020-09-18,0,0.183717830910946,0.7134583723518201,1.213054,1.306337,0.75,0.641942,0.498111,0.357575,0.75,0.6,0.594452,0.267503,0.235408,0.515031,1,ok,VOO,0.002967,0.002967,0.002967,0.0,1,0.27137,0.77599,0.438377,0.65,part2a21_soft_caution_overlay,artifacts_part2_g532/predictions/g532_final_consensus_tape.csv
2020-09-21,0,0.1869923666509411,0.6938322665148564,0.732548,1.091309,0.5,0.643461,0.498198,0.241227,0.75,0.6,0.590112,0.26555,0.238959,0.511291,1,ok,VOO,0.004913,0.004913,0.004913,0.0,1,0.267908,0.773631,0.455229,0.65,part2a21_soft_caution_overlay,artifacts_part2_g532/predictions/g532_final_consensus_tape.csv
2020-09-22,0,0.1943836916897977,0.6736400802805264,0.488396,0.811332,0.5,0.641171,0.498067,0.091542,0.75,0.6,0.596655,0.268495,0.20157,0.553624,1,ok,VOO,0.004913,0.004913,0.004913,0.0,1,0.268453,0.776346,0.435831,0.65,part2a21_soft_caution_overlay,artifacts_part2_g532/predictions/g532_final_consensus_tape.csv
2020-09-23,0,0.1891957114418341,0.6885881375670214,1.276544,0.832496,0.5,0.640762,0.498044,0.103125,0.75,0.6,0.597824,0.269021,0.194868,0.561965,1,ok,VOO,0.004913,0.004913,0.004913,0.0,1,0.261968,0.775646,0.44083,0.65,part2a21_soft_caution_overlay,artifacts_part2_g532/predictions/g532_final_consensus_tape.csv
2020-09-24,0,0.197512770465888,0.6454478545459965,0.53663,0.76719,0.75,0.647956,0.498455,0.06438,0.75,0.6,0.57727,0.259771,0.181034,0.580001,1,ok,VOO,0.004913,0.004913,0.004913,0.0,1,0.282053,0.77104,0.473733,0.65,part2a21_soft_caution_overlay,artifacts_part2_g532/predictions/g532_final_consensus_tape.csv
2020-09-25,0,0.1878051385782333,0.7065253925312424,0.207128,0.673434,0.75,0.637338,0.497848,0.019379,0.75,0.6,0.607605,0.273422,0.202352,0.552667,1,ok,VOO,0.004913,0.004913,0.004913,0.0,1,0.263055,0.779788,0.412409,0.648389,part2a21_soft_caution_overlay,artifacts_part2_g532/predictions/g532_final_consensus_tape.csv
2020-09-28,0,0.1903877822176128,0.6799194322910269,0.446533,0.396764,0.5,0.646446,0.498368,0.0,0.75,0.6,0.581582,0.261712,0.208968,0.5447,0,weak_score,FLAT,0.0,0.0,0.0,0.0,1,0.28233,0.772815,0.461056,0.65,part2a21_soft_caution_overlay,artifacts_part2_g532/predictions/g532_final_consensus_tape.csv
2020-09-29,0,0.1864326445651961,0.6965304780443585,0.93732,0.530327,0.75,0.638156,0.497895,0.0,0.75,0.6,0.605269,0.272371,0.207078,0.546952,0,weak_score,FLAT,0.0,0.0,0.0,0.0,1,0.264326,0.779053,0.416634,0.649814,part2a21_soft_caution_overlay,artifacts_part2_g532/predictions/g532_final_consensus_tape.csv
2020-09-30,0,0.1934880564216305,0.6565972556781312,0.735637,0.706497,0.5,0.63228,0.497559,0.039736,0.75,0.6,0.622056,0.279925,0.216132,0.536328,1,ok,FLAT,0.0,0.0,0.0,0.0,1,0.267106,0.786576,0.373481,0.635142,part2a21_soft_caution_overlay,artifacts_part2_g532/predictions/g532_final_consensus_tape.csv
2020-10-01,0,0.1921740393848703,0.6610862778553476,0.680497,0.784485,0.5,0.632259,0.497558,0.081502,0.75,0.6,0.622117,0.279952,0.21299,0.539968,1,ok,FLAT,0.0,0.0,0.0,0.0,1,0.265965,0.786387,0.374562,0.635513,part2a21_soft_caution_overlay,artifacts_part2_g532/predictions/g532_final_consensus_tape.csv
2020-10-02,0,0.1863602041988223,0.7050396336247369,1.516064,0.977399,0.75,0.631449,0.497511,0.185144,0.75,0.6,0.624431,0.280994,0.209634,0.543911,1,ok,FLAT,0.0,0.0,0.0,0.0,1,0.251255,0.784591,0.384851,0.639034,part2a21_soft_caution_overlay,artifacts_part2_g532/predictions/g532_final_consensus_tape.csv
2020-10-05,0,0.1889724401300037,0.6965780907364397,0.727344,0.974635,0.5,0.629536,0.497402,0.184499,0.75,0.6,0.629897,0.283454,0.222494,0.529107,1,ok,VOO,0.004151,0.004151,0.004151,0.0,1,0.250434,0.786717,0.372671,0.634864,part2a21_soft_caution_overlay,artifacts_part2_g532/predictions/g532_final_consensus_tape.csv
2020-10-06,0,0.1805007219138349,0.7393079574326036,1.461217,1.234875,0.75,0.640587,0.498034,0.31961,0.75,0.6,0.598322,0.269245,0.242889,0.507214,1,ok,VOO,0.004151,0.004151,0.004151,0.0,1,0.271654,0.777589,0.426955,0.65,part2a21_soft_caution_overlay,artifacts_part2_g532/predictions/g532_final_consensus_tape.csv
2020-10-07,0,0.2006579110601921,0.2321955805429626,0.844297,1.010953,0.5,0.603854,0.495934,0.214698,0.75,0.6,0.703275,0.316474,0.211587,0.54161,1,ok,VOO,0.004151,0.004151,0.004151,0.0,0,0.201772,0.808215,0.250283,0.591642,part2a21_soft_caution_overlay,artifacts_part2_g532/predictions/g532_final_consensus_tape.csv
2020-10-08,0,0.1843413754468326,0.1506276607154023,1.137901,1.147805,0.5,0.602522,0.495858,0.287373,0.75,0.6,0.707081,0.318187,0.210411,0.542993,1,ok,VOO,0.004151,0.004151,0.004151,0.0,0,0.196292,0.808776,0.247113,0.590488,part2a21_soft_caution_overlay,artifacts_part2_g532/predictions/g532_final_consensus_tape.csv
2020-10-09,0,0.1807161986623887,0.1457769155262275,0.939462,0.973887,0.5,0.603874,0.495936,0.195141,0.75,0.6,0.703217,0.316447,0.205984,0.548265,1,ok,VOO,0.004151,0.004151,0.004151,0.0,0,0.202971,0.808416,0.249146,0.591228,part2a21_soft_caution_overlay,artifacts_part2_g532/predictions/g532_final_consensus_tape.csv
2020-10-12,0,0.1757064625489379,0.1296671029792235,0.768633,0.948665,0.5,0.594652,0.495409,0.1858,0.75,0.6,0.729565,0.328304,0.203517,0.551247,1,ok,VOO,0.005044,0.005044,0.005044,0.0,0,0.188751,0.819973,0.205918,0.567126,part2a21_soft_caution_overlay,artifacts_part2_g532/predictions/g532_final_consensus_tape.csv
2020-10-13,0,0.1795757543993991,0.1379894314319498,1.337937,1.015344,0.75,0.599954,0.495712,0.218621,0.75,0.6,0.714418,0.321488,0.207513,0.546433,1,ok,VOO,0.005044,0.005044,0.005044,0.0,0,0.192946,0.811214,0.23333,0.585452,part2a21_soft_caution_overlay,artifacts_part2_g532/predictions/g532_final_consensus_tape.csv
2020-10-14,0,0.1945922184826735,0.2000413581856501,1.487227,1.197932,0.75,0.601696,0.495811,0.314089,0.75,0.6,0.709439,0.319248,0.214324,0.538418,1,ok,VOO,0.005044,0.005044,0.005044,0.0,0,0.198433,0.810165,0.23926,0.587623,part2a21_soft_caution_overlay,artifacts_part2_g532/predictions/g532_final_consensus_tape.csv
2020-10-15,0,0.1934300934746537,0.1935626948751496,1.457796,1.427653,0.75,0.608387,0.496194,0.433104,0.75,0.6,0.690322,0.310645,0.215053,0.537573,1,ok,VOO,0.005044,0.005044,0.005044,0.0,0,0.206978,0.803781,0.27541,0.600721,part2a21_soft_caution_overlay,artifacts_part2_g532/predictions/g532_final_consensus_tape.csv
2020-10-16,0,0.1961731135003216,0.2063578529317959,1.335625,1.426882,0.75,0.609328,0.496247,0.432415,0.75,0.6,0.687633,0.309435,0.206239,0.547959,1,ok,VOO,0.005044,0.005044,0.005044,0.0,0,0.211908,0.803584,0.276526,0.601121,part2a21_soft_caution_overlay,artifacts_part2_g532/predictions/g532_final_consensus_tape.csv
2020-10-19,0,0.2087492936328122,0.2926091673271431,1.560359,1.45126,0.75,0.632072,0.497547,0.438554,0.75,0.6,0.622653,0.280194,0.192498,0.564974,1,ok,VOO,0.010414,0.010414,0.010414,0.0,1,0.200272,0.694473,0.449213,0.65,part2a21_soft_caution_overlay,artifacts_part2_g532/predictions/g532_final_consensus_tape.csv
2020-10-20,0,0.2116697164560886,0.3086946931104259,1.241235,1.379073,0.5,0.615055,0.496575,0.405327,0.75,0.6,0.671273,0.302073,0.168701,0.597085,1,ok,VOO,0.010414,0.010414,0.010414,0.0,1,0.181559,0.711049,0.347896,0.626311,part2a21_soft_caution_overlay,artifacts_part2_g532/predictions/g532_final_consensus_tape.csv
2020-10-21,0,0.2045989325199162,0.2584501814810175,1.302254,1.367949,0.75,0.609926,0.496282,0.401055,0.75,0.6,0.685924,0.308666,0.139334,0.642122,1,ok,VOO,0.010414,0.010414,0.010414,0.0,0,0.214003,0.803264,0.278342,0.601773,part2a21_soft_caution_overlay,artifacts_part2_g532/predictions/g532_final_consensus_tape.csv
2020-10-22,0,0.2007377083281663,0.2345656058089342,1.382819,1.308769,0.75,0.609608,0.496263,0.36985,0.75,0.6,0.686833,0.309075,0.142129,0.637545,1,ok,VOO,0.010414,0.010414,0.010414,0.0,0,0.213612,0.803571,0.276604,0.601149,part2a21_soft_caution_overlay,artifacts_part2_g532/predictions/g532_final_consensus_tape.csv
2020-10-23,0,0.1968017782477414,0.2159570938860925,1.336914,1.340662,0.5,0.602947,0.495883,0.388874,0.75,0.6,0.705866,0.31764,0.134565,0.650084,1,ok,VOO,0.010414,0.010414,0.010414,0.0,0,0.20356,0.809635,0.242253,0.588716,part2a21_soft_caution_overlay,artifacts_part2_g532/predictions/g532_final_consensus_tape.csv
2020-10-26,0,0.2071278838770355,0.2748277985930812,1.511836,1.410523,0.75,0.627173,0.497267,0.418271,0.75,0.6,0.63665,0.286492,0.145952,0.63139,1,ok,VOO,0.011349,0.011349,0.011349,0.0,1,0.199741,0.700019,0.411082,0.647941,part2a21_soft_caution_overlay,artifacts_part2_g532/predictions/g532_final_consensus_tape.csv
2020-10-27,0,0.2196859172509047,0.3614906182850452,1.01896,1.289237,0.5,0.624465,0.497112,0.354444,0.75,0.6,0.644385,0.289973,0.143639,0.635099,1,ok,VOO,0.011349,0.011349,0.011349,0.0,1,0.200969,0.703475,0.391246,0.641215,part2a21_soft_caution_overlay,artifacts_part2_g532/predictions/g532_final_consensus_tape.csv
2020-10-28,0,0.2074946697003781,0.280603572213114,1.888727,1.473174,0.75,0.679839,0.500277,0.43586,0.75,0.6,0.486173,0.218778,0.215603,0.536938,1,ok,VOO,0.011349,0.011349,0.011349,0.0,1,0.332005,0.743593,0.669783,0.65,part2a21_soft_caution_overlay,artifacts_part2_g532/predictions/g532_final_consensus_tape.csv
2020-10-29,0,0.2053970653443022,0.2614175127383122,0.865025,1.25757,0.5,0.672482,0.499856,0.320155,0.75,0.6,0.507193,0.228237,0.238387,0.511889,1,ok,VOO,0.011349,0.011349,0.011349,0.0,1,0.326627,0.751033,0.616642,0.65,part2a21_soft_caution_overlay,artifacts_part2_g532/predictions/g532_final_consensus_tape.csv
2020-10-30,0,0.1978904037019785,0.2138535953454945,1.760535,1.504762,0.75,0.667825,0.49959,0.4568,0.5,0.6,0.520501,0.09369,0.237788,0.512518,1,ok,VOO,0.011349,0.011349,0.011349,0.0,1,0.311543,0.753641,0.598014,0.65,part2a21_soft_caution_overlay,artifacts_part2_g532/predictions/g532_final_consensus_tape.csv
2020-11-02,0,0.1944383853404682,0.1947226307883046,1.202569,1.276043,0.75,0.646918,0.498395,0.339502,0.5,0.6,0.580233,0.104442,0.243732,0.506348,1,ok,VOO,0.002693,0.002693,0.002693,0.0,1,0.274803,0.770921,0.474586,0.65,part2a21_soft_caution_overlay,artifacts_part2_g532/predictions/g532_final_consensus_tape.csv
2020-11-03,0,0.1986622205355786,0.2291441407098443,1.097307,1.35347,0.75,0.624974,0.497141,0.388526,0.5,0.6,0.642932,0.115728,0.266348,0.48417,1,ok,VOO,0.002693,0.002693,0.002693,0.0,1,0.244409,0.791025,0.348036,0.626359,part2a21_soft_caution_overlay,artifacts_part2_g532/predictions/g532_final_consensus_tape.csv
2020-11-04,0,0.1995420487944336,0.1333611244267703,0.518345,0.939407,0.5,0.643706,0.498212,0.159296,0.5,0.6,0.589412,0.106094,0.277419,0.474007,1,ok,VOO,0.002693,0.002693,0.002693,0.0,1,0.276058,0.774818,0.446748,0.65,part2a21_soft_caution_overlay,artifacts_part2_g532/predictions/g532_final_consensus_tape.csv
2020-11-05,0,0.2015257211792624,0.1469265965979263,1.046018,0.887223,0.5,0.65145,0.498654,0.127545,0.5,0.6,0.567285,0.102111,0.291797,0.461428,1,ok,VOO,0.002693,0.002693,0.002693,0.0,1,0.295276,0.769426,0.48526,0.65,part2a21_soft_caution_overlay,artifacts_part2_g532/predictions/g532_final_consensus_tape.csv
2020-11-06,0,0.1990163982025213,0.1334158130909474,1.519386,1.027916,0.75,0.65002,0.498573,0.20427,0.5,0.6,0.57137,0.102847,0.29199,0.461263,1,ok,VOO,0.002693,0.002693,0.002693,0.0,1,0.296099,0.771209,0.472529,0.65,part2a21_soft_caution_overlay,artifacts_part2_g532/predictions/g532_final_consensus_tape.csv
2020-11-09,0,0.202889528899437,0.1525723486837064,2.160426,1.575276,1.0,0.640246,0.498014,0.502771,0.5,0.6,0.599296,0.107873,0.27624,0.475068,1,ok,VOO,0.003865,0.003865,0.003865,0.0,1,0.26252,0.776335,0.435914,0.65,part2a21_soft_caution_overlay,artifacts_part2_g532/predictions/g532_final_consensus_tape.csv
2020-11-10,0,0.1929022986342381,0.110031404949092,2.001289,1.8937,1.0,0.638781,0.49793,0.674246,0.5,0.6,0.603482,0.108627,0.270736,0.480089,1,ok,VOO,0.003865,0.003865,0.003865,0.0,1,0.261157,0.777764,0.425706,0.65,part2a21_soft_caution_overlay,artifacts_part2_g532/predictions/g532_final_consensus_tape.csv
2020-11-11,0,0.205082933889518,0.1405562771032494,1.180622,1.780779,0.75,0.61404,0.496517,0.618645,0.5,0.6,0.674171,0.121351,0.148086,0.628006,1,ok,VOO,0.003865,0.003865,0.003865,0.0,0,0.226579,0.800718,0.292801,0.60694,part2a21_soft_caution_overlay,artifacts_part2_g532/predictions/g532_final_consensus_tape.csv
2020-11-12,0,0.2015723275074697,0.1475253704052757,1.542304,1.574738,0.75,0.620388,0.496879,0.507738,0.5,0.6,0.656033,0.118086,0.190401,0.567664,1,ok,VOO,0.003865,0.003865,0.003865,0.0,1,0.229406,0.793675,0.332904,0.621088,part2a21_soft_caution_overlay,artifacts_part2_g532/predictions/g532_final_consensus_tape.csv
2020-11-13,0,0.2047623076747224,0.1520200446869201,1.380636,1.367854,0.75,0.612452,0.496426,0.400203,0.5,0.6,0.678709,0.122168,0.173605,0.590173,1,ok,VOO,0.003865,0.003865,0.003865,0.0,0,0.221038,0.801572,0.287949,0.60521,part2a21_soft_caution_overlay,artifacts_part2_g532/predictions/g532_final_consensus_tape.csv
2020-11-16,0,0.1964171142734716,0.1224579814730505,1.561638,1.494859,0.75,0.610168,0.496295,0.468132,0.5,0.6,0.685234,0.123342,0.174501,0.588927,1,ok,VOO,0.005101,0.005101,0.005101,0.0,0,0.218011,0.803729,0.275702,0.600826,part2a21_soft_caution_overlay,artifacts_part2_g532/predictions/g532_final_consensus_tape.csv
2020-11-17,0,0.1942297037753607,0.1283214670017699,1.831093,1.591122,1.0,0.621578,0.496947,0.516148,0.5,0.6,0.652635,0.117474,0.183666,0.576481,1,ok,VOO,0.005101,0.005101,0.005101,0.0,1,0.23988,0.794224,0.329773,0.619993,part2a21_soft_caution_overlay,artifacts_part2_g532/predictions/g532_final_consensus_tape.csv
2020-11-18,0,0.1957169662588921,0.1448709060542267,1.959917,1.784216,1.0,0.61156,0.496375,0.620965,0.5,0.6,0.681257,0.122626,0.200795,0.554575,1,ok,VOO,0.005101,0.005101,0.005101,0.0,0,0.218153,0.802094,0.284983,0.604151,part2a21_soft_caution_overlay,artifacts_part2_g532/predictions/g532_final_consensus_tape.csv
2020-11-19,0,0.1940582450889337,0.1228592604823502,1.731258,1.840756,0.75,0.607808,0.49616,0.651598,0.5,0.6,0.691978,0.124556,0.18184,0.578918,1,ok,VOO,0.005101,0.005101,0.005101,0.0,0,0.214273,0.805845,0.263709,0.596507,part2a21_soft_caution_overlay,artifacts_part2_g532/predictions/g532_final_consensus_tape.csv
2020-11-20,0,0.1915348376344029,0.121309438506801,2.002463,1.897879,1.0,0.617703,0.496726,0.680114,0.75,0.6,0.663705,0.298667,0.190043,0.568127,1,ok,VOO,0.005101,0.005101,0.005101,0.0,1,0.229954,0.796981,0.31406,0.614473,part2a21_soft_caution_overlay,artifacts_part2_g532/predictions/g532_final_consensus_tape.csv
2020-11-23,0,0.1951927367372064,0.1283854107064282,1.953749,1.895824,1.0,0.604413,0.495966,0.681272,0.75,0.6,0.701676,0.315754,0.165712,0.601378,1,ok,VOO,0.019405,0.019405,0.019405,0.0,0,0.208241,0.808764,0.247181,0.590513,part2a21_soft_caution_overlay,artifacts_part2_g532/predictions/g532_final_consensus_tape.csv
2020-11-24,0,0.1899524662136511,0.1137987591063356,1.766225,1.907479,0.75,0.612015,0.496401,0.686162,0.75,0.6,0.679958,0.305981,0.187473,0.571464,1,ok,VOO,0.019405,0.019405,0.019405,0.0,0,0.223259,0.802512,0.282615,0.603304,part2a21_soft_caution_overlay,artifacts_part2_g532/predictions/g532_final_consensus_tape.csv
2020-11-25,0,0.1930204961318151,0.1293650348528394,1.942204,1.887393,0.75,0.61756,0.496718,0.674567,0.75,0.6,0.664115,0.298852,0.187241,0.571767,1,ok,VOO,0.019405,0.019405,0.019405,0.0,1,0.232138,0.797563,0.310749,0.613305,part2a21_soft_caution_overlay,artifacts_part2_g532/predictions/g532_final_consensus_tape.csv
2020-11-26,0,0.1955206927702535,0.1364143029195959,2.066949,1.925126,1.0,0.605937,0.496054,0.696486,0.75,0.6,0.697322,0.313795,0.164935,0.602503,1,ok,VOO,0.019405,0.019405,0.019405,0.0,0,0.211643,0.807584,0.253859,0.592941,part2a21_soft_caution_overlay,artifacts_part2_g532/predictions/g532_final_consensus_tape.csv
2020-11-27,0,0.1957437581847796,0.1336015946930584,1.874547,1.961234,0.75,0.602576,0.495861,0.716054,0.75,0.6,0.706927,0.318117,0.15044,0.624314,1,ok,VOO,0.019405,0.019405,0.019405,0.0,0,0.203023,0.809977,0.240318,0.58801,part2a21_soft_caution_overlay,artifacts_part2_g532/predictions/g532_final_consensus_tape.csv
2020-11-30,0,0.1986279430477645,0.1460013897545448,2.009863,1.983786,0.75,0.606857,0.496106,0.727325,0.75,0.6,0.694693,0.312612,0.136891,0.646177,1,ok,VOO,0.022038,0.022038,0.022038,0.0,0,0.215256,0.807164,0.256233,0.593801,part2a21_soft_caution_overlay,artifacts_part2_g532/predictions/g532_final_consensus_tape.csv
2020-12-01,0,0.1949122513439318,0.1197218798475442,1.911367,1.931926,0.75,0.595105,0.495435,0.701782,0.65,0.6,0.728272,0.284026,0.153801,0.619117,0,high_risk_veto,VOO,0.022038,0.022038,0.022038,0.0,0,0.190296,0.81924,0.206742,0.568676,part2a21_soft_caution_overlay,artifacts_part2_g532/predictions/g532_final_consensus_tape.csv
2020-12-02,0,0.1785843937443081,0.1069387390767533,2.206528,2.042586,1.0,0.593159,0.495323,0.76012,0.65,0.6,0.733832,0.286194,0.133377,0.652099,0,high_risk_veto,VOO,0.022038,0.022038,0.022038,0.0,0,0.188595,0.825084,0.200139,0.556261,part2a21_soft_caution_overlay,artifacts_part2_g532/predictions/g532_final_consensus_tape.csv
2020-12-03,0,0.1750229112440933,0.1006931410809868,2.282352,2.133416,1.0,0.595946,0.495483,0.807472,0.65,0.6,0.725867,0.283088,0.137221,0.645626,0,high_risk_veto,VOO,0.022038,0.022038,0.022038,0.0,0,0.188514,0.815286,0.211159,0.576978,part2a21_soft_caution_overlay,artifacts_part2_g532/predictions/g532_final_consensus_tape.csv
2020-12-04,0,0.1887707969540369,0.1295349627342397,2.387544,2.292141,0.75,0.587694,0.495011,0.891305,0.65,0.6,0.749447,0.292284,0.129078,0.659494,0,high_risk_veto,VOO,0.022038,0.022038,0.022038,0.0,0,0.18274,0.8405,0.18226,0.522649,part2a21_soft_caution_overlay,artifacts_part2_g532/predictions/g532_final_consensus_tape.csv
2020-12-07,0,0.1685666580006136,0.0894525501949559,2.346646,2.338847,0.75,0.589982,0.495142,0.915628,0.65,0.6,0.742909,0.289735,0.136671,0.646544,0,high_risk_veto,FLAT,0.0,0.0,0.0,0.0,0,0.18551,0.834288,0.189548,0.536349,part2a21_soft_caution_overlay,artifacts_part2_g532/predictions/g532_final_consensus_tape.csv
2020-12-08,0,0.1943309111634213,0.14158738160341,2.376853,2.370347,0.75,0.583657,0.49478,0.932344,0.65,0.6,0.760981,0.296783,0.1121,0.690416,0,high_risk_veto,FLAT,0.0,0.0,0.0,0.0,0,0.169199,0.846786,0.174765,0.508558,part2a21_soft_caution_overlay,artifacts_part2_g532/predictions/g532_final_consensus_tape.csv
2020-12-09,0,0.2114673344805357,0.1979999852832895,2.818701,2.514066,1.0,0.584806,0.494846,1.0,0.65,0.6,0.757697,0.295502,0.120748,0.674313,0,high_risk_veto,FLAT,0.0,0.0,0.0,0.0,0,0.149992,0.752871,0.191194,0.539444,part2a21_soft_caution_overlay,artifacts_part2_g532/predictions/g532_final_consensus_tape.csv
2020-12-10,0,0.2064305948563196,0.1840071718409703,2.295857,2.497137,0.75,0.592162,0.495266,0.998499,0.65,0.6,0.73668,0.287305,0.122465,0.671204,0,high_risk_veto,FLAT,0.0,0.0,0.0,0.0,0,0.189731,0.829131,0.195511,0.547561,part2a21_soft_caution_overlay,artifacts_part2_g532/predictions/g532_final_consensus_tape.csv
2020-12-11,0,0.2121541005123273,0.2151350678255162,2.290518,2.468358,1.0,0.590029,0.495145,0.983433,0.65,0.6,0.742775,0.289682,0.124443,0.667659,0,high_risk_veto,FLAT,0.0,0.0,0.0,0.0,0,0.150526,0.73509,0.21146,0.577389,part2a21_soft_caution_overlay,artifacts_part2_g532/predictions/g532_final_consensus_tape.csv
2020-12-14,0,0.2063808312918568,0.1930692462903556,2.208856,2.265077,0.75,0.611272,0.496358,0.875618,0.65,0.6,0.682081,0.266011,0.124626,0.667332,0,high_risk_veto,FLAT,0.0,0.0,0.0,0.0,0,0.224448,0.803622,0.276311,0.601044,part2a21_soft_caution_overlay,artifacts_part2_g532/predictions/g532_final_consensus_tape.csv
2020-12-15,0,0.2245275213304753,0.2627000144384424,2.190948,2.230107,0.75,0.584192,0.494811,0.859123,0.65,0.6,0.75945,0.296186,0.119405,0.676764,0,high_risk_veto,FLAT,0.0,0.0,0.0,0.0,0,0.149622,0.754751,0.189008,0.535336,part2a21_soft_caution_overlay,artifacts_part2_g532/predictions/g532_final_consensus_tape.csv
2020-12-16,0,0.21151911359628,0.2004289235506468,2.288313,2.229372,0.75,0.584984,0.494856,0.858681,0.65,0.6,0.757188,0.295303,0.118605,0.678232,0,high_risk_veto,FLAT,0.0,0.0,0.0,0.0,0,0.150976,0.752792,0.191286,0.539617,part2a21_soft_caution_overlay,artifacts_part2_g532/predictions/g532_final_consensus_tape.csv
2020-12-17,0,0.2242989780785995,0.2295713100705241,2.311868,2.26371,0.75,0.581503,0.494657,0.876836,0.65,0.6,0.767136,0.299183,0.119739,0.676153,0,high_risk_veto,FLAT,0.0,0.0,0.0,0.0,0,0.144493,0.761057,0.181601,0.521411,part2a21_soft_caution_overlay,artifacts_part2_g532/predictions/g532_final_consensus_tape.csv
2020-12-18,0,0.2268189712554968,0.2456273241033811,2.577975,2.392719,1.0,0.581503,0.494657,0.944081,0.65,0.6,0.767134,0.299182,0.104341,0.705535,0,high_risk_veto,FLAT,0.0,0.0,0.0,0.0,0,0.144553,0.761086,0.181567,0.521345,part2a21_soft_caution_overlay,artifacts_part2_g532/predictions/g532_final_consensus_tape.csv
2020-12-21,0,0.2287430063060263,0.2699677422814667,2.418522,2.436122,1.0,0.588683,0.495068,0.966579,0.65,0.6,0.74662,0.291182,0.102932,0.708352,0,high_risk_veto,FLAT,0.0,0.0,0.0,0.0,0,0.155685,0.74263,0.202922,0.561493,part2a21_soft_caution_overlay,artifacts_part2_g532/predictions/g532_final_consensus_tape.csv
2020-12-22,0,0.2388165185985521,0.2912842920679824,2.340159,2.445552,0.75,0.587035,0.494973,0.971537,0.65,0.6,0.751327,0.293018,0.103938,0.706338,0,high_risk_veto,FLAT,0.0,0.0,0.0,0.0,0,0.158173,0.749665,0.194897,0.546406,part2a21_soft_caution_overlay,artifacts_part2_g532/predictions/g532_final_consensus_tape.csv
2020-12-23,0,0.2307407751700703,0.2852419518391837,2.589685,2.449455,1.0,0.576496,0.494371,0.973723,0.65,0.6,0.78144,0.304762,0.097172,0.720105,0,high_risk_veto,FLAT,0.0,0.0,0.0,0.0,0,0.13833,0.774235,0.165718,0.49155,part2a21_soft_caution_overlay,artifacts_part2_g532/predictions/g532_final_consensus_tape.csv
2020-12-24,0,0.2039538749022768,0.1676864858311709,2.358186,2.429343,0.75,0.584376,0.494821,0.963116,0.65,0.6,0.758927,0.295981,0.095789,0.722985,0,high_risk_veto,FLAT,0.0,0.0,0.0,0.0,0,0.178022,0.848975,0.172126,0.503597,part2a21_soft_caution_overlay,artifacts_part2_g532/predictions/g532_final_consensus_tape.csv
2020-12-25,0,0.2303343040506953,0.2496862581060967,2.447345,2.465072,1.0,0.57723,0.494413,0.981835,0.65,0.6,0.779342,0.303944,0.092984,0.728896,0,high_risk_veto,FLAT,0.0,0.0,0.0,0.0,0,0.140805,0.773129,0.167074,0.494098,part2a21_soft_caution_overlay,artifacts_part2_g532/predictions/g532_final_consensus_tape.csv
2020-12-28,0,0.2460882725655944,0.3181154170277529,2.156211,2.320581,0.75,0.573134,0.494179,0.906885,0.65,0.6,0.791047,0.308508,0.093913,0.726928,0,high_risk_veto,FLAT,0.0,0.0,0.0,0.0,0,0.130418,0.780958,0.15739,0.475893,part2a21_soft_caution_overlay,artifacts_part2_g532/predictions/g532_final_consensus_tape.csv
2020-12-29,0,0.2478942576421655,0.3310893128829386,2.346722,2.316759,1.0,0.576539,0.494374,0.904734,0.65,0.6,0.781318,0.304714,0.067578,0.787208,0,high_risk_veto,FLAT,0.0,0.0,0.0,0.0,0,0.141528,0.77571,0.163905,0.488141,part2a21_soft_caution_overlay,artifacts_part2_g532/predictions/g532_final_consensus_tape.csv
2020-12-30,0,0.2244293156055333,0.5044844905766623,2.447452,2.316795,1.0,0.577911,0.494452,0.904684,0.65,0.6,0.777397,0.303185,0.067156,0.788256,0,high_risk_veto,FLAT,0.0,0.0,0.0,0.0,0,0.14115,0.771107,0.16954,0.498735,part2a21_soft_caution_overlay,artifacts_part2_g532/predictions/g532_final_consensus_tape.csv
2020-12-31,0,0.2173814416258477,0.4976280726694173,2.365546,2.386574,0.75,0.578855,0.494506,0.940959,0.65,0.6,0.774699,0.302133,0.064276,0.795479,0,high_risk_veto,FLAT,0.0,0.0,0.0,0.0,0,0.144301,0.769656,0.171302,0.502047,part2a21_soft_caution_overlay,artifacts_part2_g532/predictions/g532_final_consensus_tape.csv
2021-01-01,0,0.2220666672556367,0.4984940606988166,2.412021,2.40834,1.0,0.579997,0.494571,0.952261,0.65,0.6,0.771437,0.30086,0.060809,0.804353,0,high_risk_veto,FLAT,0.0,0.0,0.0,0.0,0,0.147253,0.76745,0.173967,0.507057,part2a21_soft_caution_overlay,artifacts_part2_g532/predictions/g532_final_consensus_tape.csv
2021-01-04,0,0.2609461434186005,0.4640091280502329,2.661341,2.479636,1.0,0.613023,0.496458,0.989208,0.65,0.25,0.677077,0.110025,0.094858,0.724935,0,high_risk_veto,FLAT,0.0,0.0,0.0,0.0,1,0.20101,0.717126,0.313235,0.614182,part2a21_soft_caution_overlay,artifacts_part2_g532/predictions/g532_final_consensus_tape.csv
2021-01-05,0,0.2298254409567307,0.5133513044677792,2.243614,2.438992,0.75,0.587733,0.495013,0.968097,0.65,0.6,0.749333,0.29224,0.102008,0.710211,0,high_risk_veto,FLAT,0.0,0.0,0.0,0.0,0,0.15755,0.746934,0.198029,0.552295,part2a21_soft_caution_overlay,artifacts_part2_g532/predictions/g532_final_consensus_tape.csv
2021-01-06,0,0.1940219972264396,0.3803536526833265,2.796589,2.567181,1.0,0.611066,0.496347,1.0,0.65,0.6,0.682669,0.266241,0.115272,0.684421,0,high_risk_veto,FLAT,0.0,0.0,0.0,0.0,0,0.220444,0.803115,0.279187,0.602076,part2a21_soft_caution_overlay,artifacts_part2_g532/predictions/g532_final_consensus_tape.csv
2021-01-07,0,0.1752931325214142,0.4291011680581236,2.073213,2.371139,0.75,0.597315,0.495561,0.932274,0.65,0.6,0.721957,0.281563,0.14124,0.638994,0,high_risk_veto,FLAT,0.0,0.0,0.0,0.0,0,0.203679,0.81888,0.207145,0.569433,part2a21_soft_caution_overlay,artifacts_part2_g532/predictions/g532_final_consensus_tape.csv
2021-01-08,0,0.1642871145541649,0.4246978010667124,2.420832,2.430211,0.75,0.591489,0.495228,0.963433,0.65,0.6,0.738604,0.288056,0.141387,0.638755,0,high_risk_veto,FLAT,0.0,0.0,0.0,0.0,0,0.19244,0.832881,0.191182,0.539421,part2a21_soft_caution_overlay,artifacts_part2_g532/predictions/g532_final_consensus_tape.csv
2021-01-11,0,0.1837717370288829,0.4812799467424371,2.950657,2.481567,1.0,0.592279,0.495273,0.990338,0.65,0.6,0.736347,0.287175,0.146349,0.630757,0,high_risk_veto,FLAT,0.0,0.0,0.0,0.0,0,0.190609,0.829205,0.195426,0.547401,part2a21_soft_caution_overlay,artifacts_part2_g532/predictions/g532_final_consensus_tape.csv
2021-01-12,0,0.1909946542178515,0.4741548912112118,2.768583,2.713357,1.0,0.598387,0.495622,1.0,0.65,0.6,0.718896,0.280369,0.14457,0.633602,0,high_risk_veto,FLAT,0.0,0.0,0.0,0.0,0,0.197299,0.813906,0.218137,0.57986,part2a21_soft_caution_overlay,artifacts_part2_g532/predictions/g532_final_consensus_tape.csv
2021-01-13,0,0.172799602353323,0.4523317178835748,2.526208,2.748483,0.75,0.587663,0.495009,1.0,0.65,0.6,0.749533,0.292318,0.145699,0.631793,0,high_risk_veto,FLAT,0.0,0.0,0.0,0.0,0,0.177077,0.837622,0.185651,0.529024,part2a21_soft_caution_overlay,artifacts_part2_g532/predictions/g532_final_consensus_tape.csv
2021-01-14,0,0.1848260427585241,0.4846711306714107,2.898759,2.731183,1.0,0.60259,0.495862,1.0,0.65,0.6,0.706885,0.275685,0.147058,0.629631,0,high_risk_veto,FLAT,0.0,0.0,0.0,0.0,0,0.200038,0.809398,0.243591,0.589205,part2a21_soft_caution_overlay,artifacts_part2_g532/predictions/g532_final_consensus_tape.csv
2021-01-15,0,0.1830119491311012,0.472260740254436,2.866535,2.763834,1.0,0.606992,0.496114,1.0,0.65,0.6,0.694309,0.27078,0.159951,0.609829,0,high_risk_veto,FLAT,0.0,0.0,0.0,0.0,0,0.21977,0.807853,0.252335,0.592387,part2a21_soft_caution_overlay,artifacts_part2_g532/predictions/g532_final_consensus_tape.csv
2021-01-18,0,0.201263389314147,0.463612388352312,2.673262,2.812852,1.0,0.593735,0.495356,1.0,0.65,0.6,0.732187,0.285553,0.135176,0.649055,0,high_risk_veto,FLAT,0.0,0.0,0.0,0.0,0,0.195706,0.826962,0.197997,0.552233,part2a21_soft_caution_overlay,artifacts_part2_g532/predictions/g532_final_consensus_tape.csv
2021-01-19,0,0.1894807810699805,0.4491628460844322,2.407732,2.649176,0.75,0.591051,0.495203,1.0,0.65,0.6,0.739856,0.288544,0.133486,0.651914,0,high_risk_veto,FLAT,0.0,0.0,0.0,0.0,0,0.191399,0.83381,0.190103,0.537394,part2a21_soft_caution_overlay,artifacts_part2_g532/predictions/g532_final_consensus_tape.csv
2021-01-20,0,0.1601520241026924,0.423223065250054,2.25422,2.445071,0.75,0.591061,0.495204,0.971226,0.65,0.6,0.739825,0.288532,0.135772,0.648051,0,high_risk_veto,FLAT,0.0,0.0,0.0,0.0,0,0.189685,0.832859,0.191208,0.539471,part2a21_soft_caution_overlay,artifacts_part2_g532/predictions/g532_final_consensus_tape.csv
2021-01-21,0,0.1623954210171369,0.4307789206309356,2.608054,2.423335,0.75,0.587141,0.49498,0.959921,0.65,0.6,0.751025,0.2929,0.105823,0.702596,0,high_risk_veto,FLAT,0.0,0.0,0.0,0.0,0,0.183409,0.842683,0.179671,0.517782,part2a21_soft_caution_overlay,artifacts_part2_g532/predictions/g532_final_consensus_tape.csv
2021-01-22,0,0.1698838696317171,0.434408807221397,2.790536,2.550937,1.0,0.589519,0.495115,1.0,0.65,0.6,0.744232,0.290251,0.102611,0.708996,0,high_risk_veto,FLAT,0.0,0.0,0.0,0.0,0,0.184012,0.835056,0.188653,0.534668,part2a21_soft_caution_overlay,artifacts_part2_g532/predictions/g532_final_consensus_tape.csv
2021-01-25,0,0.2002966799736988,0.4617168536321874,2.445096,2.614562,0.75,0.592439,0.495282,1.0,0.65,0.6,0.735889,0.286997,0.099194,0.715934,0,high_risk_veto,FLAT,0.0,0.0,0.0,0.0,0,0.198407,0.832846,0.191223,0.539499,part2a21_soft_caution_overlay,artifacts_part2_g532/predictions/g532_final_consensus_tape.csv
2021-01-26,0,0.2118078903940347,0.4845551230962407,2.575797,2.603809,1.0,0.585307,0.494875,1.0,0.65,0.6,0.756265,0.294943,0.099587,0.71513,0,high_risk_veto,FLAT,0.0,0.0,0.0,0.0,0,0.155938,0.754345,0.189481,0.536223,part2a21_soft_caution_overlay,artifacts_part2_g532/predictions/g532_final_consensus_tape.csv
2021-01-27,0,0.2297895377357321,0.4472666428737327,3.155338,2.72541,1.0,0.662607,0.499292,1.0,0.65,0.6,0.535409,0.208809,0.165387,0.601849,0,high_risk_veto,FLAT,0.0,0.0,0.0,0.0,1,0.322045,0.761494,0.541918,0.65,part2a21_soft_caution_overlay,artifacts_part2_g532/predictions/g532_final_consensus_tape.csv
2021-01-28,0,0.2109266046160392,0.3817705940312173,2.404245,2.711793,0.75,0.655205,0.498869,1.0,0.65,0.6,0.556557,0.217057,0.177888,0.584265,0,high_risk_veto,FLAT,0.0,0.0,0.0,0.0,1,0.311379,0.768034,0.495206,0.65,part2a21_soft_caution_overlay,artifacts_part2_g532/predictions/g532_final_consensus_tape.csv
2021-01-29,0,0.1998268356562892,0.4539459607017947,3.011635,2.857073,1.0,0.660898,0.499194,1.0,0.75,0.6,0.540292,0.243131,0.194577,0.562332,1,ok,FLAT,0.0,0.0,0.0,0.0,1,0.320888,0.763239,0.529452,0.65,part2a21_soft_caution_overlay,artifacts_part2_g532/predictions/g532_final_consensus_tape.csv
2021-02-01,0,0.2031703854092055,0.4538579316452019,2.053393,2.489758,0.75,0.655207,0.498869,0.994448,0.75,0.6,0.55655,0.250448,0.212084,0.541027,1,ok,VOO,0.020212,0.020212,0.020212,0.0,1,0.314634,0.768617,0.491041,0.65,part2a21_soft_caution_overlay,artifacts_part2_g532/predictions/g532_final_consensus_tape.csv
2021-02-02,0,0.184033565155003,0.4046447606699988,2.335372,2.4668,0.75,0.616111,0.496635,0.982377,0.75,0.6,0.668254,0.300714,0.226355,0.524818,1,ok,VOO,0.020212,0.020212,0.020212,0.0,1,0.2494,0.802537,0.282472,0.603252,part2a21_soft_caution_overlay,artifacts_part2_g532/predictions/g532_final_consensus_tape.csv
2021-02-03,0,0.1884534476337592,0.4293648398701887,2.793173,2.39398,1.0,0.591756,0.495243,0.944441,0.75,1.0,0.73784,0.55338,0.21667,0.53571,1,ok,VOO,0.020212,0.020212,0.020212,0.0,0,0.191666,0.831558,0.192714,0.542303,part2a21_soft_caution_overlay,artifacts_part2_g532/predictions/g532_final_consensus_tape.csv
2021-02-04,0,0.1740875828190364,0.432695632221625,2.479515,2.53602,0.75,0.591743,0.495242,1.0,0.75,1.0,0.737877,0.553408,0.224349,0.527038,1,ok,VOO,0.020212,0.020212,0.020212,0.0,0,0.189125,0.830238,0.194238,0.545167,part2a21_soft_caution_overlay,artifacts_part2_g532/predictions/g532_final_consensus_tape.csv
2021-02-05,0,0.1767265082159182,0.4385832142806258,2.732768,2.668486,0.75,0.592121,0.495264,1.0,0.75,1.0,0.736796,0.552597,0.223254,0.528258,1,ok,VOO,0.020212,0.020212,0.020212,0.0,0,0.191033,0.829972,0.194544,0.545743,part2a21_soft_caution_overlay,artifacts_part2_g532/predictions/g532_final_consensus_tape.csv
2021-02-08,0,0.1698130675421044,0.421960173207369,2.738114,2.650132,0.75,0.593908,0.495366,1.0,0.75,0.6,0.731693,0.329262,0.224357,0.52703,1,ok,VOO,0.02603,0.02603,0.02603,0.0,0,0.190081,0.8233,0.202164,0.560067,part2a21_soft_caution_overlay,artifacts_part2_g532/predictions/g532_final_consensus_tape.csv
2021-02-09,0,0.1654065419082925,0.4357495757426998,2.861266,2.777383,1.0,0.603078,0.49589,1.0,0.75,0.6,0.70549,0.317471,0.224553,0.526811,1,ok,VOO,0.02603,0.02603,0.02603,0.0,0,0.212726,0.811203,0.233393,0.585475,part2a21_soft_caution_overlay,artifacts_part2_g532/predictions/g532_final_consensus_tape.csv
2021-02-10,0,0.1731964414233504,0.4064140342497886,2.895672,2.831684,1.0,0.593574,0.495347,1.0,0.75,0.6,0.732646,0.329691,0.165727,0.601357,1,ok,VOO,0.02603,0.02603,0.02603,0.0,0,0.190668,0.824778,0.200486,0.556914,part2a21_soft_caution_overlay,artifacts_part2_g532/predictions/g532_final_consensus_tape.csv
2021-02-11,0,0.1719056028151472,0.3986705506730372,2.755044,2.837328,0.75,0.59334,0.495334,1.0,0.75,0.6,0.733316,0.329992,0.162327,0.606315,1,ok,VOO,0.02603,0.02603,0.02603,0.0,0,0.189982,0.825215,0.19999,0.555981,part2a21_soft_caution_overlay,artifacts_part2_g532/predictions/g532_final_consensus_tape.csv
2021-02-12,0,0.1750709186150173,0.4155782184399799,2.839086,2.829934,0.75,0.583729,0.494784,1.0,0.75,1.0,0.760775,0.570581,0.104246,0.705724,1,ok,VOO,0.02603,0.02603,0.02603,0.0,0,0.174851,0.849455,0.171545,0.502505,part2a21_soft_caution_overlay,artifacts_part2_g532/predictions/g532_final_consensus_tape.csv
2021-02-15,0,0.1684308425611787,0.4220460751713078,2.957629,2.850587,1.0,0.584381,0.494822,1.0,0.75,1.0,0.758912,0.569184,0.09726,0.719921,1,ok,VOO,0.061465,0.061465,0.061465,0.0,0,0.178684,0.849297,0.171736,0.502864,part2a21_soft_caution_overlay,artifacts_part2_g532/predictions/g532_final_consensus_tape.csv
2021-02-16,0,0.1915361390402818,0.4213772683955796,3.085257,2.960657,1.0,0.583356,0.494763,1.0,0.75,1.0,0.76184,0.57138,0.073196,0.773525,1,ok,VOO,0.061465,0.061465,0.061465,0.0,0,0.180937,0.853756,0.166305,0.492654,part2a21_soft_caution_overlay,artifacts_part2_g532/predictions/g532_final_consensus_tape.csv
2021-02-17,0,0.1816618659405158,0.4523881464002876,3.02717,3.023352,1.0,0.585753,0.4949,1.0,0.75,1.0,0.754991,0.566243,0.07665,0.765344,1,ok,VOO,0.061465,0.061465,0.061465,0.0,0,0.183826,0.847464,0.173949,0.507024,part2a21_soft_caution_overlay,artifacts_part2_g532/predictions/g532_final_consensus_tape.csv
2021-02-18,0,0.197742201684171,0.4220431570176504,2.965697,3.026041,1.0,0.586109,0.494921,1.0,0.75,1.0,0.753975,0.565481,0.072164,0.776003,1,ok,VOO,0.061465,0.061465,0.061465,0.0,0,0.188447,0.848678,0.172485,0.504271,part2a21_soft_caution_overlay,artifacts_part2_g532/predictions/g532_final_consensus_tape.csv
2021-02-19,0,0.1870173821646365,0.3294224216943566,3.133484,3.042117,1.0,0.592037,0.495259,1.0,0.75,1.0,0.737036,0.552777,0.068651,0.784558,1,ok,VOO,0.061465,0.061465,0.061465,0.0,0,0.19945,0.834761,0.188996,0.535313,part2a21_soft_caution_overlay,artifacts_part2_g532/predictions/g532_final_consensus_tape.csv
2021-02-22,0,0.1798465370118184,0.4006896086039201,3.506868,3.202016,1.0,0.600183,0.495725,1.0,0.75,0.6,0.713763,0.321194,0.072376,0.775493,1,ok,VOO,0.037362,0.037362,0.037362,0.0,0,0.220455,0.818088,0.208033,0.571102,part2a21_soft_caution_overlay,artifacts_part2_g532/predictions/g532_final_consensus_tape.csv
2021-02-23,0,0.1919455055363235,0.3442897670594563,2.941536,3.193963,1.0,0.592563,0.495289,1.0,0.75,0.6,0.735533,0.33099,0.071552,0.777478,1,ok,VOO,0.037362,0.037362,0.037362,0.0,0,0.200658,0.833626,0.190317,0.537797,part2a21_soft_caution_overlay,artifacts_part2_g532/predictions/g532_final_consensus_tape.csv
2021-02-24,0,0.191223778862184,0.4279707036768278,2.722448,3.056951,0.75,0.570137,0.494008,1.0,0.75,1.0,0.79961,0.599707,0.089478,0.736425,1,ok,VOO,0.037362,0.037362,0.037362,0.0,0,0.153889,0.876596,0.131047,0.426369,part2a21_soft_caution_overlay,artifacts_part2_g532/predictions/g532_final_consensus_tape.csv
2021-02-25,0,0.198408982302669,0.4274907881542808,3.665046,3.109677,1.0,0.634629,0.497693,1.0,0.75,0.6,0.615345,0.276905,0.110602,0.693286,1,ok,VOO,0.037362,0.037362,0.037362,0.0,1,0.298431,0.789657,0.355851,0.629067,part2a21_soft_caution_overlay,artifacts_part2_g532/predictions/g532_final_consensus_tape.csv
2021-02-26,0,0.2148804533410686,0.5412503920684553,2.667941,3.018478,0.75,0.596667,0.495524,1.0,0.75,0.6,0.723808,0.325714,0.125148,0.666404,1,ok,VOO,0.037362,0.037362,0.037362,0.0,1,0.195549,0.736654,0.209635,0.574114,part2a21_soft_caution_overlay,artifacts_part2_g532/predictions/g532_final_consensus_tape.csv
2021-03-01,0,0.2108038374778803,0.5148443591588913,2.265431,2.866139,0.75,0.58457,0.494833,1.0,0.75,1.0,0.75837,0.568778,0.183865,0.576216,1,ok,VOO,0.049161,0.049161,0.049161,0.0,0,0.183517,0.771151,0.169486,0.498634,part2a21_soft_caution_overlay,artifacts_part2_g532/predictions/g532_final_consensus_tape.csv
2021-03-02,0,0.192065923420607,0.4424358084885555,3.201831,2.711734,1.0,0.585619,0.494893,1.0,0.75,1.0,0.755373,0.56653,0.188362,0.570305,1,ok,VOO,0.049161,0.049161,0.049161,0.0,0,0.198107,0.855169,0.164571,0.489393,part2a21_soft_caution_overlay,artifacts_part2_g532/predictions/g532_final_consensus_tape.csv
2021-03-03,0,0.1906578870279511,0.4023246567356762,3.451935,2.973066,1.0,0.606228,0.49607,1.0,0.75,0.6,0.696492,0.313421,0.191945,0.565681,1,ok,VOO,0.049161,0.049161,0.049161,0.0,1,0.256955,0.817045,0.209199,0.573294,part2a21_soft_caution_overlay,artifacts_part2_g532/predictions/g532_final_consensus_tape.csv
2021-03-04,0,0.2020278531768852,0.4749313098514043,3.054409,3.236058,1.0,0.58449,0.494828,1.0,0.75,1.0,0.7586,0.56895,0.193993,0.563072,1,ok,VOO,0.049161,0.049161,0.049161,0.0,0,0.194635,0.857028,0.162278,0.485082,part2a21_soft_caution_overlay,artifacts_part2_g532/predictions/g532_final_consensus_tape.csv
2021-03-05,0,0.1765498011553903,0.3994330900644313,2.383013,2.963119,0.75,0.587494,0.495,1.0,0.75,0.6,0.750017,0.337508,0.221251,0.530503,1,ok,VOO,0.049161,0.049161,0.049161,0.0,0,0.211023,0.855679,0.163943,0.488213,part2a21_soft_caution_overlay,artifacts_part2_g532/predictions/g532_final_consensus_tape.csv
2021-03-08,0,0.1824261581450467,0.3590899857055908,3.191561,2.876327,0.75,0.589266,0.495101,1.0,0.75,0.6,0.744955,0.33523,0.218557,0.533553,1,ok,VOO,0.026829,0.026829,0.026829,0.0,0,0.201824,0.845242,0.176617,0.51204,part2a21_soft_caution_overlay,artifacts_part2_g532/predictions/g532_final_consensus_tape.csv
2021-03-09,0,0.2003870983699318,0.4573796903152725,1.691034,2.421869,0.75,0.594415,0.495395,0.958999,0.75,0.6,0.730243,0.328609,0.222686,0.528892,1,ok,VOO,0.026829,0.026829,0.026829,0.0,0,0.235203,0.845597,0.176193,0.511242,part2a21_soft_caution_overlay,artifacts_part2_g532/predictions/g532_final_consensus_tape.csv
2021-03-10,0,0.173705856564528,0.3616996025360501,2.606804,2.496466,1.0,0.590238,0.495156,0.99815,0.75,0.6,0.742178,0.33398,0.215117,0.5375,1,ok,VOO,0.026829,0.026829,0.026829,0.0,0,0.213673,0.848171,0.173097,0.505423,part2a21_soft_caution_overlay,artifacts_part2_g532/predictions/g532_final_consensus_tape.csv
2021-03-11,0,0.1791065602368566,0.3770464158268365,2.163787,2.153875,0.75,0.579659,0.494552,0.819758,0.75,1.0,0.772402,0.579301,0.210043,0.543427,1,ok,VOO,0.026829,0.026829,0.026829,0.0,0,0.181981,0.865942,0.151111,0.464089,part2a21_soft_caution_overlay,artifacts_part2_g532/predictions/g532_final_consensus_tape.csv
2021-03-12,0,0.1752183902792767,0.3718185688764332,2.906009,2.558867,1.0,0.57764,0.494437,1.0,0.75,1.0,0.778171,0.583629,0.187599,0.571299,1,ok,VOO,0.026829,0.026829,0.026829,0.0,0,0.171107,0.866891,0.149904,0.46182,part2a21_soft_caution_overlay,artifacts_part2_g532/predictions/g532_final_consensus_tape.csv
2021-03-15,0,0.1710560868036915,0.3301805700983539,2.544878,2.538225,0.75,0.571047,0.49406,1.0,0.75,1.0,0.797009,0.597757,0.150769,0.623801,1,ok,VOO,0.055932,0.055932,0.055932,0.0,0,0.154534,0.875547,0.134229,0.432351,part2a21_soft_caution_overlay,artifacts_part2_g532/predictions/g532_final_consensus_tape.csv
2021-03-16,0,0.1675066596166074,0.3000390777492605,2.579467,2.676785,0.75,0.573785,0.494216,1.0,0.75,1.0,0.789185,0.591889,0.135945,0.647761,1,ok,VOO,0.055932,0.055932,0.055932,0.0,0,0.165531,0.87424,0.13819,0.439797,part2a21_soft_caution_overlay,artifacts_part2_g532/predictions/g532_final_consensus_tape.csv
2021-03-17,0,0.1645264694740498,0.2846938251261108,2.681331,2.601892,0.75,0.56905,0.493946,1.0,0.75,1.0,0.802715,0.602036,0.118729,0.678005,1,ok,VOO,0.055932,0.055932,0.055932,0.0,0,0.157517,0.878749,0.124522,0.414101,part2a21_soft_caution_overlay,artifacts_part2_g532/predictions/g532_final_consensus_tape.csv
2021-03-18,0,0.1761021357067257,0.3404088324123764,3.32415,2.86165,1.0,0.578139,0.494465,1.0,0.75,1.0,0.776747,0.58256,0.122159,0.671756,1,ok,VOO,0.055932,0.055932,0.055932,0.0,0,0.178694,0.869037,0.147164,0.456668,part2a21_soft_caution_overlay,artifacts_part2_g532/predictions/g532_final_consensus_tape.csv
2021-03-19,0,0.1732270190421591,0.3568159469372545,2.639341,2.881608,0.75,0.570629,0.494036,1.0,0.75,1.0,0.798202,0.598652,0.094843,0.724968,1,ok,VOO,0.055932,0.055932,0.055932,0.0,0,0.169629,0.879175,0.12323,0.411672,part2a21_soft_caution_overlay,artifacts_part2_g532/predictions/g532_final_consensus_tape.csv
2021-03-22,0,0.1714305474699274,0.3164852441220686,2.31811,2.760534,0.75,0.567647,0.493866,1.0,0.75,1.0,0.806723,0.605043,0.092296,0.730361,1,ok,VOO,0.066285,0.066285,0.066285,0.0,0,0.161625,0.88141,0.116453,0.398932,part2a21_soft_caution_overlay,artifacts_part2_g532/predictions/g532_final_consensus_tape.csv
2021-03-23,0,0.1818339312779132,0.3622465451195479,2.723678,2.560376,1.0,0.578559,0.494489,1.0,0.75,1.0,0.775546,0.581659,0.11602,0.683023,1,ok,VOO,0.066285,0.066285,0.066285,0.0,0,0.189612,0.872967,0.142051,0.447056,part2a21_soft_caution_overlay,artifacts_part2_g532/predictions/g532_final_consensus_tape.csv
2021-03-24,0,0.1840292167538845,0.4249314655825834,2.904175,2.648654,1.0,0.574738,0.494271,1.0,0.75,1.0,0.786463,0.589847,0.121999,0.672044,1,ok,VOO,0.066285,0.066285,0.066285,0.0,0,0.18471,0.939562,0.130051,0.424497,part2a21_soft_caution_overlay,artifacts_part2_g532/predictions/g532_final_consensus_tape.csv
2021-03-25,0,0.1760024227907403,0.3390516993020354,2.546629,2.724827,1.0,0.563615,0.493635,1.0,0.75,1.0,0.818242,0.613682,0.113885,0.687029,1,ok,VOO,0.066285,0.066285,0.066285,0.0,0,0.130977,0.943014,0.119584,0.404817,part2a21_soft_caution_overlay,artifacts_part2_g532/predictions/g532_final_consensus_tape.csv
2021-03-26,0,0.173177922267063,0.3074136721669183,2.252533,2.567779,0.75,0.561264,0.493501,1.0,0.75,1.0,0.824961,0.618721,0.145656,0.631862,1,ok,VOO,0.066285,0.066285,0.066285,0.0,0,0.121234,0.944075,0.116369,0.398773,part2a21_soft_caution_overlay,artifacts_part2_g532/predictions/g532_final_consensus_tape.csv
2021-03-29,0,0.1804349298075959,0.3687352299591279,2.597077,2.465413,1.0,0.570459,0.494026,0.982075,0.75,1.0,0.79869,0.599017,0.144761,0.633295,1,ok,VOO,0.055883,0.055883,0.055883,0.0,0,0.155499,0.939145,0.131316,0.426875,part2a21_soft_caution_overlay,artifacts_part2_g532/predictions/g532_final_consensus_tape.csv
2021-03-30,0,0.17286357839874,0.2798885996370914,2.707843,2.519151,1.0,0.56519,0.493725,1.0,0.75,1.0,0.813742,0.610307,0.145066,0.632806,1,ok,VOO,0.055883,0.055883,0.055883,0.0,0,0.128386,0.94044,0.127388,0.41949,part2a21_soft_caution_overlay,artifacts_part2_g532/predictions/g532_final_consensus_tape.csv
2021-03-31,0,0.1756047826665701,0.3460567863667456,2.38849,2.56447,0.75,0.564849,0.493706,1.0,0.75,1.0,0.814718,0.611039,0.145435,0.632216,1,ok,VOO,0.055883,0.055883,0.055883,0.0,0,0.129352,0.941081,0.125445,0.415837,part2a21_soft_caution_overlay,artifacts_part2_g532/predictions/g532_final_consensus_tape.csv
2021-04-01,0,0.1665595417824443,0.2757142159745001,2.386731,2.494355,0.75,0.560219,0.493441,0.99709,0.75,1.0,0.827947,0.62096,0.137233,0.645606,1,ok,VOO,0.055883,0.055883,0.055883,0.0,0,0.130439,0.947313,0.10655,0.380315,part2a21_soft_caution_overlay,artifacts_part2_g532/predictions/g532_final_consensus_tape.csv
2021-04-02,0,0.1694837724448173,0.2816945306853284,2.776824,2.517348,1.0,0.557378,0.493279,1.0,0.95754,1.0,0.836063,0.800564,0.136527,0.646786,1,ok,VOO,0.055883,0.055883,0.055883,0.0,0,0.127094,0.950317,0.097444,0.363195,part2a21_soft_caution_overlay,artifacts_part2_g532/predictions/g532_final_consensus_tape.csv
2021-04-05,0,0.1762028083822945,0.3509883632537416,2.347291,2.503615,0.75,0.551449,0.49294,1.0,0.963386,1.0,0.853004,0.821772,0.155288,0.616845,1,ok,VOO,0.076036,0.076036,0.076036,0.0,0,0.11259,0.955048,0.0831,0.336227,part2a21_soft_caution_overlay,artifacts_part2_g532/predictions/g532_final_consensus_tape.csv
2021-04-06,0,0.1745047239702952,0.3181943256473765,2.806156,2.643423,1.0,0.563084,0.493605,1.0,0.75,1.0,0.819761,0.61482,0.13834,0.643766,1,ok,VOO,0.076036,0.076036,0.076036,0.0,0,0.139773,0.945502,0.11204,0.390636,part2a21_soft_caution_overlay,artifacts_part2_g532/predictions/g532_final_consensus_tape.csv
2021-04-07,0,0.1752805540985049,0.3626688831428384,2.673775,2.609074,0.75,0.543484,0.492485,1.0,0.970912,1.0,0.87576,0.850286,0.124696,0.667207,1,ok,VOO,0.076036,0.076036,0.076036,0.0,0,0.101273,0.963072,0.05877,0.290488,part2a21_soft_caution_overlay,artifacts_part2_g532/predictions/g532_final_consensus_tape.csv
2021-04-08,0,0.1838542363710068,0.4674025593848194,2.46767,2.6492,0.75,0.569534,0.493973,1.0,0.75,1.0,0.801331,0.600998,0.125704,0.665418,1,ok,VOO,0.076036,0.076036,0.076036,0.0,0,0.178396,0.945026,0.113486,0.393353,part2a21_soft_caution_overlay,artifacts_part2_g532/predictions/g532_final_consensus_tape.csv
2021-04-09,0,0.1833672643459557,0.4536225848886046,2.548871,2.563439,0.75,0.564586,0.493691,1.0,0.94973,1.0,0.81547,0.774476,0.100625,0.713013,1,ok,VOO,0.076036,0.076036,0.076036,0.0,0,0.162216,0.948141,0.10404,0.375595,part2a21_soft_caution_overlay,artifacts_part2_g532/predictions/g532_final_consensus_tape.csv
2021-04-12,0,0.1887611266432884,0.5049174159655021,2.70381,2.573451,1.0,0.547558,0.492718,1.0,0.966527,1.0,0.864119,0.835194,0.101464,0.711311,1,ok,VOO,0.089112,0.089112,0.089112,0.0,0,0.120389,0.961692,0.062956,0.298357,part2a21_soft_caution_overlay,artifacts_part2_g532/predictions/g532_final_consensus_tape.csv
2021-04-13,0,0.1802934815839662,0.430969621115501,2.399086,2.550589,0.75,0.565504,0.493743,1.0,0.948602,1.0,0.812846,0.771067,0.101091,0.712067,1,ok,VOO,0.089112,0.089112,0.089112,0.0,0,0.169982,0.948537,0.102841,0.373341,part2a21_soft_caution_overlay,artifacts_part2_g532/predictions/g532_final_consensus_tape.csv
2021-04-14,0,0.2034842730300954,0.6094543101562798,2.904979,2.669292,1.0,0.565731,0.493756,1.0,0.948328,1.0,0.812196,0.770228,0.104182,0.705853,1,ok,VOO,0.089112,0.089112,0.089112,0.0,0,0.171796,0.868612,0.102611,0.372909,part2a21_soft_caution_overlay,artifacts_part2_g532/predictions/g532_final_consensus_tape.csv
2021-04-15,0,0.2006383623709292,0.5849983890178337,2.233308,2.512458,0.75,0.572679,0.494153,1.0,0.75,1.0,0.792345,0.594259,0.102976,0.708263,1,ok,VOO,0.089112,0.089112,0.089112,0.0,0,0.195476,0.864435,0.115277,0.39672,part2a21_soft_caution_overlay,artifacts_part2_g532/predictions/g532_final_consensus_tape.csv
2021-04-16,0,0.1863888198233925,0.4814661712886052,2.547139,2.561809,1.0,0.564419,0.493681,1.0,0.94979,1.0,0.815945,0.774976,0.10317,0.707874,1,ok,VOO,0.089112,0.089112,0.089112,0.0,0,0.164401,0.948804,0.102031,0.371818,part2a21_soft_caution_overlay,artifacts_part2_g532/predictions/g532_final_consensus_tape.csv
2021-04-19,0,0.2139956247338691,0.6968688913733816,2.729682,2.503376,1.0,0.56936,0.493963,1.0,0.944276,1.0,0.801829,0.757148,0.074039,0.771511,1,ok,VOO,0.087622,0.087622,0.087622,0.0,0,0.192468,0.948129,0.104077,0.375666,part2a21_soft_caution_overlay,artifacts_part2_g532/predictions/g532_final_consensus_tape.csv
2021-04-20,0,0.2004372625128595,0.579217909352484,2.608003,2.628275,1.0,0.576625,0.494379,1.0,0.75,0.6,0.781072,0.351483,0.088956,0.737559,1,ok,VOO,0.087622,0.087622,0.087622,0.0,0,0.205993,0.861464,0.124285,0.413655,part2a21_soft_caution_overlay,artifacts_part2_g532/predictions/g532_final_consensus_tape.csv
2021-04-21,0,0.2408731575235771,0.5119161814566082,2.28086,2.539515,0.75,0.579912,0.494566,1.0,0.75,1.0,0.771679,0.578759,0.097914,0.718569,1,ok,VOO,0.087622,0.087622,0.087622,0.0,0,0.199382,0.855845,0.141321,0.445683,part2a21_soft_caution_overlay,artifacts_part2_g532/predictions/g532_final_consensus_tape.csv
2021-04-22,0,0.2607549049702393,0.5088022615246787,2.745907,2.544923,1.0,0.602005,0.495829,1.0,0.75,0.6,0.708557,0.318851,0.113411,0.687927,1,ok,VOO,0.087622,0.087622,0.087622,0.0,1,0.272088,0.902341,0.1832,0.524416,part2a21_soft_caution_overlay,artifacts_part2_g532/predictions/g532_final_consensus_tape.csv
2021-04-23,0,0.2314949386846438,0.4700511874978413,2.221197,2.415988,0.75,0.584176,0.49481,0.956148,0.75,0.6,0.759496,0.341773,0.118757,0.677953,1,ok,VOO,0.087622,0.087622,0.087622,0.0,0,0.214565,0.93048,0.148691,0.45954,part2a21_soft_caution_overlay,artifacts_part2_g532/predictions/g532_final_consensus_tape.csv
2021-04-26,0,0.2193479883366475,0.5249987553405155,2.417207,2.461437,0.75,0.584797,0.494846,0.979865,0.75,0.6,0.757724,0.340976,0.119547,0.676504,1,ok,VOO,0.033904,0.033904,0.033904,0.0,0,0.207435,0.845062,0.155552,0.472438,part2a21_soft_caution_overlay,artifacts_part2_g532/predictions/g532_final_consensus_tape.csv
2021-04-27,0,0.2169885458728127,0.5312910495616974,2.678887,2.439097,1.0,0.576662,0.494381,0.968335,0.65,0.6,0.780966,0.304577,0.119753,0.676128,0,high_risk_veto,VOO,0.033904,0.033904,0.033904,0.0,0,0.186592,0.857449,0.136458,0.43654,part2a21_soft_caution_overlay,artifacts_part2_g532/predictions/g532_final_consensus_tape.csv
2021-04-28,0,0.2115980631093451,0.4767585027757183,2.616444,2.570846,1.0,0.581937,0.494682,1.0,0.65,0.6,0.765894,0.298699,0.119603,0.676401,0,high_risk_veto,VOO,0.033904,0.033904,0.033904,0.0,0,0.204019,0.932258,0.146415,0.455261,part2a21_soft_caution_overlay,artifacts_part2_g532/predictions/g532_final_consensus_tape.csv
2021-04-29,0,0.2169981483862219,0.5708149406969564,2.425254,2.573528,0.75,0.57896,0.494512,1.0,0.65,0.6,0.774399,0.302016,0.124271,0.667964,0,high_risk_veto,VOO,0.033904,0.033904,0.033904,0.0,0,0.187395,0.853356,0.145005,0.452609,part2a21_soft_caution_overlay,artifacts_part2_g532/predictions/g532_final_consensus_tape.csv
2021-04-30,0,0.237675784415704,0.6224535448840179,2.637555,2.559751,1.0,0.59948,0.495685,1.0,0.65,0.6,0.715772,0.279151,0.129063,0.659521,0,high_risk_veto,VOO,0.033904,0.033904,0.033904,0.0,0,0.256489,0.90257,0.182931,0.52391,part2a21_soft_caution_overlay,artifacts_part2_g532/predictions/g532_final_consensus_tape.csv
2021-05-03,0,0.2431208913716683,0.4795686585063137,2.508449,2.523753,1.0,0.603443,0.495911,1.0,0.65,0.6,0.704448,0.274735,0.126987,0.663152,0,high_risk_veto,FLAT,0.0,0.0,0.0,0.0,1,0.273974,0.898517,0.187691,0.532859,part2a21_soft_caution_overlay,artifacts_part2_g532/predictions/g532_final_consensus_tape.csv
2021-05-04,0,0.2755133410187689,0.5990661609774183,2.678376,2.608127,1.0,0.623999,0.497086,1.0,0.65,0.6,0.645717,0.25183,0.120577,0.674624,0,high_risk_veto,FLAT,0.0,0.0,0.0,0.0,1,0.329502,0.87082,0.250471,0.59171,part2a21_soft_caution_overlay,artifacts_part2_g532/predictions/g532_final_consensus_tape.csv
2021-05-05,0,0.256141262327959,0.5509617159640533,2.288214,2.49168,0.75,0.629419,0.497395,0.995552,0.65,0.6,0.63023,0.24579,0.112511,0.689634,0,high_risk_veto,FLAT,0.0,0.0,0.0,0.0,1,0.343595,0.866997,0.272125,0.59954,part2a21_soft_caution_overlay,artifacts_part2_g532/predictions/g532_final_consensus_tape.csv
2021-05-06,0,0.2421236605126098,0.5181064085760213,1.941532,2.302707,0.5,0.580113,0.494578,0.897237,0.65,0.6,0.771106,0.300731,0.103106,0.708002,0,high_risk_veto,FLAT,0.0,0.0,0.0,0.0,0,0.201812,0.936081,0.140604,0.444335,part2a21_soft_caution_overlay,artifacts_part2_g532/predictions/g532_final_consensus_tape.csv
2021-05-07,0,0.1970617293995881,0.475154028780847,1.990155,2.0733,0.5,0.573773,0.494216,0.778479,0.65,0.6,0.78922,0.307796,0.091501,0.732062,0,high_risk_veto,FLAT,0.0,0.0,0.0,0.0,0,0.174165,0.938659,0.13279,0.429645,part2a21_soft_caution_overlay,artifacts_part2_g532/predictions/g532_final_consensus_tape.csv
2021-05-10,0,0.2393974588950369,0.601712290232519,2.664747,2.198811,0.75,0.607383,0.496136,0.840861,0.65,0.6,0.693191,0.270344,0.10115,0.711947,0,high_risk_veto,FLAT,0.0,0.0,0.0,0.0,1,0.280364,0.888514,0.199236,0.554564,part2a21_soft_caution_overlay,artifacts_part2_g532/predictions/g532_final_consensus_tape.csv
2021-05-11,0,0.2538688568655237,0.4566401032320459,2.131948,2.262283,0.75,0.614172,0.496524,0.873946,0.65,0.25,0.673795,0.109492,0.105141,0.703945,0,high_risk_veto,FLAT,0.0,0.0,0.0,0.0,1,0.310989,0.881674,0.20697,0.569103,part2a21_soft_caution_overlay,artifacts_part2_g532/predictions/g532_final_consensus_tape.csv
2021-05-12,0,0.2958036664382516,0.5882373876461835,2.650823,2.482506,0.75,0.666398,0.499508,0.990459,0.65,0.25,0.524576,0.085244,0.13194,0.654553,0,high_risk_veto,FLAT,0.0,0.0,0.0,0.0,1,0.35,0.824831,0.536924,0.65,part2a21_soft_caution_overlay,artifacts_part2_g532/predictions/g532_final_consensus_tape.csv
2021-05-13,0,0.248454410351907,0.5375480784704686,1.753663,2.178811,0.5,0.654976,0.498856,0.825916,0.75,0.6,0.557212,0.250745,0.132093,0.654291,1,ok,FLAT,0.0,0.0,0.0,0.0,1,0.35,0.837885,0.443681,0.65,part2a21_soft_caution_overlay,artifacts_part2_g532/predictions/g532_final_consensus_tape.csv
2021-05-14,0,0.2136442579250013,0.5397533542144943,1.513239,1.972575,0.5,0.598549,0.495631,0.72262,0.75,0.6,0.718431,0.323294,0.149128,0.626365,1,ok,FLAT,0.0,0.0,0.0,0.0,0,0.252808,0.903736,0.181551,0.521316,part2a21_soft_caution_overlay,artifacts_part2_g532/predictions/g532_final_consensus_tape.csv
2021-05-17,0,0.2116299388321827,0.4938843513286508,2.151872,1.806258,0.75,0.58222,0.494698,0.638258,0.75,1.0,0.765087,0.573815,0.149117,0.626382,1,ok,VOO,0.034411,0.034411,0.034411,0.0,0,0.191305,0.845177,0.155408,0.472167,part2a21_soft_caution_overlay,artifacts_part2_g532/predictions/g532_final_consensus_tape.csv
2021-05-18,0,0.2225223944606413,0.4289314491245403,2.15545,1.940187,0.75,0.582428,0.49471,0.708062,0.75,1.0,0.764492,0.573369,0.150858,0.623663,1,ok,VOO,0.034411,0.034411,0.034411,0.0,0,0.187249,0.842514,0.158741,0.478433,part2a21_soft_caution_overlay,artifacts_part2_g532/predictions/g532_final_consensus_tape.csv
2021-05-19,0,0.2088566094595035,0.6362998087167541,1.97556,2.094294,0.75,0.584602,0.494834,0.788187,0.75,1.0,0.758279,0.568709,0.150928,0.623553,1,ok,VOO,0.034411,0.034411,0.034411,0.0,0,0.166079,0.762052,0.180421,0.519191,part2a21_soft_caution_overlay,artifacts_part2_g532/predictions/g532_final_consensus_tape.csv
2021-05-20,0,0.2102766741516663,0.6652670062191585,1.60946,1.91349,0.5,0.575445,0.494311,0.695249,0.75,1.0,0.784443,0.588333,0.149233,0.6262,1,ok,VOO,0.034411,0.034411,0.034411,0.0,0,0.149099,0.782938,0.154906,0.471223,part2a21_soft_caution_overlay,artifacts_part2_g532/predictions/g532_final_consensus_tape.csv
2021-05-21,0,0.2048789225810691,0.6197964576225775,2.183176,1.922732,0.75,0.583777,0.494787,0.698747,0.75,1.0,0.760636,0.570477,0.143368,0.635537,1,ok,VOO,0.034411,0.034411,0.034411,0.0,0,0.19386,0.858902,0.159954,0.480714,part2a21_soft_caution_overlay,artifacts_part2_g532/predictions/g532_final_consensus_tape.csv
2021-05-24,0,0.2109230166963144,0.6625860809406574,1.678961,1.823866,0.75,0.567772,0.493873,0.650075,0.75,1.0,0.806366,0.604775,0.147405,0.629081,1,ok,VOO,0.037098,0.037098,0.037098,0.0,0,0.128595,0.794495,0.137419,0.438348,part2a21_soft_caution_overlay,artifacts_part2_g532/predictions/g532_final_consensus_tape.csv
2021-05-25,0,0.2183132625412937,0.7063219709900895,2.022296,1.961478,0.75,0.574889,0.494279,0.720264,0.75,1.0,0.78603,0.589523,0.145632,0.6319,1,ok,VOO,0.037098,0.037098,0.037098,0.0,0,0.133627,0.777002,0.16231,0.485143,part2a21_soft_caution_overlay,artifacts_part2_g532/predictions/g532_final_consensus_tape.csv
2021-05-26,0,0.2204510202306644,0.7107908287344468,2.032233,1.911163,0.75,0.571631,0.494093,0.694645,0.75,1.0,0.795341,0.596505,0.110046,0.694355,1,ok,VOO,0.037098,0.037098,0.037098,0.0,0,0.144137,0.792293,0.142972,0.448788,part2a21_soft_caution_overlay,artifacts_part2_g532/predictions/g532_final_consensus_tape.csv
2021-05-27,0,0.2127187340661092,0.6738703951339798,2.216163,2.090231,1.0,0.562197,0.493554,0.788539,0.75,1.0,0.822293,0.61672,0.104624,0.704971,1,ok,VOO,0.037098,0.037098,0.037098,0.0,0,0.125611,0.80112,0.11733,0.400581,part2a21_soft_caution_overlay,artifacts_part2_g532/predictions/g532_final_consensus_tape.csv
2021-05-28,0,0.2109984650331928,0.6605403390492776,2.055708,2.101368,0.75,0.56802,0.493887,0.793667,0.75,1.0,0.805658,0.604244,0.083745,0.749075,1,ok,VOO,0.037098,0.037098,0.037098,0.0,0,0.147873,0.798114,0.126445,0.417717,part2a21_soft_caution_overlay,artifacts_part2_g532/predictions/g532_final_consensus_tape.csv
2021-05-31,0,0.2103098366451343,0.6631437492315344,2.125759,2.132544,1.0,0.558952,0.493369,0.810692,0.75,1.0,0.831565,0.623674,0.083067,0.750599,1,ok,VOO,0.056926,0.056926,0.056926,0.0,0,0.120035,0.804193,0.108015,0.383068,part2a21_soft_caution_overlay,artifacts_part2_g532/predictions/g532_final_consensus_tape.csv
2021-06-01,0,0.2037802715493666,0.6297030382607988,2.252272,2.14458,0.75,0.555683,0.493182,0.8172,0.959362,1.0,0.840905,0.806732,0.065415,0.792606,1,ok,VOO,0.056926,0.056926,0.056926,0.0,0,0.119189,0.888263,0.095674,0.359868,part2a21_soft_caution_overlay,artifacts_part2_g532/predictions/g532_final_consensus_tape.csv
2021-06-02,0,0.2035920780659741,0.6122689986279203,2.102251,2.160094,0.75,0.562257,0.493558,0.824587,0.952387,1.0,0.822124,0.78298,0.065316,0.792854,1,ok,VOO,0.056926,0.056926,0.056926,0.0,0,0.147542,0.885527,0.10397,0.375463,part2a21_soft_caution_overlay,artifacts_part2_g532/predictions/g532_final_consensus_tape.csv
2021-06-03,0,0.2007867652645426,0.6066957084590531,2.34643,2.233651,0.75,0.556234,0.493213,0.862973,0.958231,1.0,0.839331,0.804272,0.060431,0.805332,1,ok,VOO,0.056926,0.056926,0.056926,0.0,0,0.135173,0.890815,0.087936,0.34532,part2a21_soft_caution_overlay,artifacts_part2_g532/predictions/g532_final_consensus_tape.csv
2021-06-04,0,0.2072559724714207,0.622801524350256,1.675272,2.041317,0.75,0.563278,0.493616,0.763166,0.75,1.0,0.819206,0.614405,0.060791,0.804398,1,ok,VOO,0.056926,0.056926,0.056926,0.0,0,0.129635,0.800541,0.119088,0.403886,part2a21_soft_caution_overlay,artifacts_part2_g532/predictions/g532_final_consensus_tape.csv
2021-06-07,0,0.2020627024387435,0.570994652136421,2.082091,2.034598,0.75,0.561815,0.493532,0.759877,0.952815,1.0,0.823386,0.784535,0.042453,0.854837,1,ok,VOO,0.076442,0.076442,0.076442,0.0,0,0.146636,0.885915,0.102793,0.373251,part2a21_soft_caution_overlay,artifacts_part2_g532/predictions/g532_final_consensus_tape.csv
2021-06-08,0,0.2052076253755943,0.5915368217735072,2.128114,1.961826,1.0,0.573571,0.494204,0.720636,0.75,1.0,0.789798,0.592348,0.031462,0.888218,1,ok,VOO,0.076442,0.076442,0.076442,0.0,0,0.175442,0.876545,0.131203,0.426662,part2a21_soft_caution_overlay,artifacts_part2_g532/predictions/g532_final_consensus_tape.csv
2021-06-09,0,0.2068022219137963,0.5744490271781909,2.087504,2.099236,1.0,0.56838,0.493907,0.792525,0.75,1.0,0.804627,0.60347,0.038495,0.866565,1,ok,VOO,0.076442,0.076442,0.076442,0.0,0,0.149956,0.798072,0.126574,0.417958,part2a21_soft_caution_overlay,artifacts_part2_g532/predictions/g532_final_consensus_tape.csv
2021-06-10,0,0.2126190218523418,0.6597794067584819,1.855843,2.02382,0.75,0.575151,0.494294,0.752615,0.75,1.0,0.785284,0.588963,0.037,0.871079,1,ok,VOO,0.076442,0.076442,0.076442,0.0,0,0.146376,0.782516,0.155437,0.472222,part2a21_soft_caution_overlay,artifacts_part2_g532/predictions/g532_final_consensus_tape.csv
2021-06-11,0,0.2142188660611682,0.6893003630071646,2.094945,2.012764,0.75,0.570358,0.49402,0.747499,0.75,1.0,0.798977,0.599233,0.039412,0.863822,1,ok,VOO,0.076442,0.076442,0.076442,0.0,0,0.153193,0.796166,0.13235,0.428818,part2a21_soft_caution_overlay,artifacts_part2_g532/predictions/g532_final_consensus_tape.csv
2021-06-14,0,0.2038993612372132,0.6132544460688002,1.981932,1.977573,0.75,0.562486,0.493571,0.730362,0.951973,1.0,0.821468,0.782015,0.048817,0.836632,1,ok,VOO,0.071677,0.071677,0.071677,0.0,0,0.152762,0.886296,0.101639,0.37108,part2a21_soft_caution_overlay,artifacts_part2_g532/predictions/g532_final_consensus_tape.csv
2021-06-15,0,0.2057842584136068,0.624885924992598,2.340228,2.139035,1.0,0.559227,0.493384,0.81401,0.65,0.6,0.830779,0.324004,0.05053,0.831863,0,high_risk_veto,VOO,0.071677,0.071677,0.071677,0.0,0,0.138393,0.887589,0.097719,0.363712,part2a21_soft_caution_overlay,artifacts_part2_g532/predictions/g532_final_consensus_tape.csv
2021-06-16,0,0.2120713800251017,0.5787212579699273,2.345165,2.222442,1.0,0.554013,0.493086,0.857369,0.65,0.6,0.845679,0.329815,0.050818,0.831068,0,high_risk_veto,VOO,0.071677,0.071677,0.071677,0.0,0,0.114701,0.809514,0.091882,0.352738,part2a21_soft_caution_overlay,artifacts_part2_g532/predictions/g532_final_consensus_tape.csv
2021-06-17,0,0.2148148534380567,0.5891560242175666,1.968849,2.218081,0.75,0.584959,0.494855,0.852787,0.65,0.6,0.75726,0.295331,0.054837,0.820111,0,high_risk_veto,VOO,0.071677,0.071677,0.071677,0.0,0,0.188672,0.772518,0.167821,0.495503,part2a21_soft_caution_overlay,artifacts_part2_g532/predictions/g532_final_consensus_tape.csv
2021-06-18,0,0.225517948186926,0.591647635188546,2.429795,2.247936,1.0,0.662568,0.49929,0.862817,0.75,0.6,0.53552,0.240984,0.107205,0.699878,1,ok,VOO,0.071677,0.071677,0.071677,0.0,1,0.322019,0.761534,0.541633,0.65,part2a21_soft_caution_overlay,artifacts_part2_g532/predictions/g532_final_consensus_tape.csv
2021-06-21,0,0.2229336646896536,0.5351441715823608,2.080562,2.159736,0.75,0.577581,0.494433,0.823002,0.75,1.0,0.77834,0.583755,0.144657,0.633462,1,ok,VOO,0.04565,0.04565,0.04565,0.0,0,0.17467,0.788804,0.147463,0.45723,part2a21_soft_caution_overlay,artifacts_part2_g532/predictions/g532_final_consensus_tape.csv
2021-06-22,0,0.2065959769790277,0.5410765703846119,1.997344,2.169234,0.75,0.563701,0.49364,0.829176,0.75,1.0,0.817996,0.613497,0.145243,0.632522,1,ok,VOO,0.04565,0.04565,0.04565,0.0,0,0.129012,0.799864,0.121141,0.407745,part2a21_soft_caution_overlay,artifacts_part2_g532/predictions/g532_final_consensus_tape.csv
2021-06-23,0,0.2087765960948305,0.4649437092698485,2.257793,2.1119,1.0,0.56142,0.49351,0.799802,0.75,1.0,0.824514,0.618386,0.14266,0.636684,1,ok,VOO,0.04565,0.04565,0.04565,0.0,0,0.12673,0.802358,0.113578,0.393527,part2a21_soft_caution_overlay,artifacts_part2_g532/predictions/g532_final_consensus_tape.csv
2021-06-24,0,0.2004591098312087,0.4853230689176969,2.156814,2.137317,0.75,0.567859,0.493878,0.81229,0.75,1.0,0.806117,0.604588,0.144978,0.632947,1,ok,VOO,0.04565,0.04565,0.04565,0.0,0,0.152436,0.879256,0.122984,0.411209,part2a21_soft_caution_overlay,artifacts_part2_g532/predictions/g532_final_consensus_tape.csv
2021-06-25,0,0.1887495512077488,0.5041980279710018,2.343757,2.252788,1.0,0.560303,0.493446,0.872551,0.75,1.0,0.827707,0.62078,0.14652,0.630485,1,ok,VOO,0.04565,0.04565,0.04565,0.0,0,0.127852,0.884038,0.108485,0.383951,part2a21_soft_caution_overlay,artifacts_part2_g532/predictions/g532_final_consensus_tape.csv
2021-06-28,0,0.2003486438786781,0.4556595921860225,2.034505,2.178358,0.75,0.569865,0.493992,0.833358,0.75,1.0,0.800385,0.600289,0.145073,0.632795,1,ok,VOO,0.047484,0.047484,0.047484,0.0,0,0.156253,0.877432,0.128514,0.421606,part2a21_soft_caution_overlay,artifacts_part2_g532/predictions/g532_final_consensus_tape.csv
2021-06-29,0,0.2036617613888711,0.5119652723823961,2.288609,2.22229,0.75,0.560855,0.493477,0.856787,0.75,1.0,0.826128,0.619596,0.144176,0.634234,1,ok,VOO,0.047484,0.047484,0.047484,0.0,0,0.130519,0.883866,0.109006,0.384931,part2a21_soft_caution_overlay,artifacts_part2_g532/predictions/g532_final_consensus_tape.csv
2021-06-30,0,0.2005477839712215,0.3940418160089647,2.369293,2.230802,1.0,0.564633,0.493693,0.860906,0.75,1.0,0.815335,0.611501,0.144403,0.633869,1,ok,VOO,0.047484,0.047484,0.047484,0.0,0,0.145496,0.882025,0.114589,0.395427,part2a21_soft_caution_overlay,artifacts_part2_g532/predictions/g532_final_consensus_tape.csv
2021-07-01,0,0.1961996339195022,0.4749675183670063,2.279762,2.312555,1.0,0.560771,0.493473,0.90334,0.75,1.0,0.82637,0.619777,0.144096,0.634364,1,ok,VOO,0.047484,0.047484,0.047484,0.0,0,0.133436,0.884572,0.106865,0.380907,part2a21_soft_caution_overlay,artifacts_part2_g532/predictions/g532_final_consensus_tape.csv
2021-07-02,0,0.2007190376074467,0.4562361272933035,1.96775,2.205601,0.75,0.552274,0.492987,0.84885,0.962678,1.0,0.850646,0.818899,0.084879,0.746537,1,ok,VOO,0.047484,0.047484,0.047484,0.0,0,0.111979,0.891214,0.086726,0.343045,part2a21_soft_caution_overlay,artifacts_part2_g532/predictions/g532_final_consensus_tape.csv
2021-07-05,0,0.2099312663256193,0.4378493868295379,2.254725,2.167412,1.0,0.549491,0.492828,0.829487,0.965333,1.0,0.858596,0.828831,0.046681,0.842657,1,ok,VOO,0.0869,0.0869,0.0869,0.0,0,0.107397,0.813889,0.078616,0.327798,part2a21_soft_caution_overlay,artifacts_part2_g532/predictions/g532_final_consensus_tape.csv
2021-07-06,0,0.2228660028881565,0.6197988292159516,2.081226,2.101234,0.75,0.566118,0.493778,0.7938,0.75,1.0,0.811093,0.608319,0.066428,0.790068,1,ok,VOO,0.0869,0.0869,0.0869,0.0,0,0.14162,0.799305,0.122836,0.410931,part2a21_soft_caution_overlay,artifacts_part2_g532/predictions/g532_final_consensus_tape.csv
2021-07-07,0,0.22152922825344,0.5192705483853093,2.062186,2.132712,0.75,0.572497,0.494143,0.809449,0.75,1.0,0.792867,0.59465,0.066539,0.789793,1,ok,VOO,0.0869,0.0869,0.0869,0.0,0,0.161896,0.79517,0.135372,0.434499,part2a21_soft_caution_overlay,artifacts_part2_g532/predictions/g532_final_consensus_tape.csv
2021-07-08,0,0.2270787618155105,0.6041660083778501,2.222809,2.122074,1.0,0.624955,0.49714,0.798444,0.75,0.6,0.642986,0.289344,0.084108,0.748261,1,ok,VOO,0.0869,0.0869,0.0869,0.0,1,0.301858,0.801842,0.286414,0.604662,part2a21_soft_caution_overlay,artifacts_part2_g532/predictions/g532_final_consensus_tape.csv
2021-07-09,0,0.2123627175954651,0.5776368735577179,1.966662,2.083886,0.75,0.57049,0.494028,0.784342,0.75,1.0,0.798599,0.598949,0.113141,0.688438,1,ok,VOO,0.0869,0.0869,0.0869,0.0,0,0.152807,0.795916,0.13311,0.430247,part2a21_soft_caution_overlay,artifacts_part2_g532/predictions/g532_final_consensus_tape.csv
2021-07-12,0,0.2090829180321381,0.582446147334022,2.026669,2.072047,0.75,0.570524,0.49403,0.778202,0.75,1.0,0.798504,0.598878,0.1139,0.687001,1,ok,VOO,0.048026,0.048026,0.048026,0.0,0,0.149119,0.795119,0.135527,0.434792,part2a21_soft_caution_overlay,artifacts_part2_g532/predictions/g532_final_consensus_tape.csv
2021-07-13,0,0.2208699598376845,0.6099497082641561,2.102367,2.031899,1.0,0.572631,0.49415,0.75713,0.75,1.0,0.792483,0.594362,0.113972,0.686866,1,ok,VOO,0.048026,0.048026,0.048026,0.0,0,0.156726,0.793938,0.139105,0.441518,part2a21_soft_caution_overlay,artifacts_part2_g532/predictions/g532_final_consensus_tape.csv
2021-07-14,0,0.2155876743007145,0.492222564918932,1.97908,2.036039,0.75,0.57881,0.494503,0.758503,0.75,1.0,0.77483,0.581122,0.115565,0.683873,1,ok,VOO,0.048026,0.048026,0.048026,0.0,0,0.165706,0.780586,0.157855,0.476767,part2a21_soft_caution_overlay,artifacts_part2_g532/predictions/g532_final_consensus_tape.csv
2021-07-15,0,0.2319351633195446,0.6197852209081285,2.092495,2.057981,1.0,0.576231,0.494356,0.770233,0.75,1.0,0.782199,0.586649,0.118222,0.678938,1,ok,VOO,0.048026,0.048026,0.048026,0.0,0,0.155939,0.783849,0.153759,0.469066,part2a21_soft_caution_overlay,artifacts_part2_g532/predictions/g532_final_consensus_tape.csv
2021-07-16,0,0.2377487264793385,0.5962978654073476,2.096492,2.056022,1.0,0.595722,0.49547,0.766853,0.75,0.6,0.72651,0.326929,0.120531,0.674708,1,ok,VOO,0.048026,0.048026,0.048026,0.0,1,0.204255,0.744751,0.200518,0.556973,part2a21_soft_caution_overlay,artifacts_part2_g532/predictions/g532_final_consensus_tape.csv
2021-07-19,0,0.2357165358103837,0.6545553935141264,1.96351,2.050832,1.0,0.626217,0.497212,0.760288,0.75,0.6,0.63938,0.287721,0.162645,0.605848,1,ok,VOO,0.019879,0.019879,0.019879,0.0,1,0.231887,0.707191,0.369957,0.633931,part2a21_soft_caution_overlay,artifacts_part2_g532/predictions/g532_final_consensus_tape.csv
2021-07-20,0,0.234679443208093,0.6297935413685486,1.542251,1.867418,0.75,0.605893,0.496051,0.666026,0.75,0.6,0.697448,0.313852,0.187402,0.571556,1,ok,VOO,0.019879,0.019879,0.019879,0.0,1,0.264407,0.822329,0.203263,0.562134,part2a21_soft_caution_overlay,artifacts_part2_g532/predictions/g532_final_consensus_tape.csv
2021-07-21,0,0.2233174257806373,0.6227719842135806,1.766222,1.757328,0.75,0.585237,0.494871,0.612134,0.75,1.0,0.756466,0.567349,0.203706,0.551018,1,ok,VOO,0.019879,0.019879,0.019879,0.0,0,0.176553,0.765402,0.176426,0.511681,part2a21_soft_caution_overlay,artifacts_part2_g532/predictions/g532_final_consensus_tape.csv
2021-07-22,0,0.2125629111280495,0.648181134693432,1.77152,1.693331,0.75,0.576629,0.494379,0.580596,0.75,1.0,0.78106,0.585795,0.195607,0.561032,1,ok,VOO,0.019879,0.019879,0.019879,0.0,0,0.155988,0.782627,0.155297,0.471959,part2a21_soft_caution_overlay,artifacts_part2_g532/predictions/g532_final_consensus_tape.csv
2021-07-23,0,0.2243814873653672,0.6187511496982191,1.686471,1.741405,0.75,0.579648,0.494551,0.604971,0.75,1.0,0.772434,0.579325,0.187867,0.570949,1,ok,VOO,0.019879,0.019879,0.019879,0.0,0,0.162598,0.776378,0.163081,0.486593,part2a21_soft_caution_overlay,artifacts_part2_g532/predictions/g532_final_consensus_tape.csv
2021-07-26,0,0.2163225126137827,0.6863373979033452,1.931078,1.796357,1.0,0.578618,0.494492,0.633783,0.75,1.0,0.775378,0.581533,0.187406,0.571552,1,ok,VOO,0.031598,0.031598,0.031598,0.0,0,0.151524,0.774095,0.16589,0.491874,part2a21_soft_caution_overlay,artifacts_part2_g532/predictions/g532_final_consensus_tape.csv
2021-07-27,0,0.2266757311742067,0.7009365150884724,2.097979,1.905176,1.0,0.581268,0.494644,0.689991,0.75,1.0,0.767807,0.575855,0.192728,0.56468,1,ok,VOO,0.031598,0.031598,0.031598,0.0,0,0.162269,0.771009,0.169659,0.498959,part2a21_soft_caution_overlay,artifacts_part2_g532/predictions/g532_final_consensus_tape.csv
2021-07-28,0,0.2211792671283756,0.5933082157030509,1.787173,1.938743,0.75,0.577752,0.494443,0.708021,0.75,1.0,0.77785,0.583388,0.192369,0.565139,1,ok,VOO,0.031598,0.031598,0.031598,0.0,0,0.157738,0.779963,0.158633,0.478231,part2a21_soft_caution_overlay,artifacts_part2_g532/predictions/g532_final_consensus_tape.csv
2021-07-29,0,0.2165901887563555,0.6047743969658278,1.902045,1.929066,0.75,0.573473,0.494198,0.703646,0.75,1.0,0.790076,0.592557,0.191743,0.565939,1,ok,VOO,0.031598,0.031598,0.031598,0.0,0,0.147243,0.788151,0.148298,0.4588,part2a21_soft_caution_overlay,artifacts_part2_g532/predictions/g532_final_consensus_tape.csv
2021-07-30,0,0.2084094590851273,0.634572941265505,2.052981,1.914066,1.0,0.579622,0.49455,0.694886,0.75,1.0,0.77251,0.579382,0.191828,0.565831,1,ok,VOO,0.031598,0.031598,0.031598,0.0,0,0.162076,0.7762,0.163301,0.487005,part2a21_soft_caution_overlay,artifacts_part2_g532/predictions/g532_final_consensus_tape.csv
2021-08-02,0,0.216338753027732,0.5072891552909895,1.867455,1.940827,1.0,0.58811,0.495035,0.707529,0.75,1.0,0.748258,0.561194,0.143531,0.635275,1,ok,VOO,0.037836,0.037836,0.037836,0.0,0,0.184123,0.75984,0.183039,0.524114,part2a21_soft_caution_overlay,artifacts_part2_g532/predictions/g532_final_consensus_tape.csv
2021-08-03,0,0.2124089398298438,0.6153723092966908,1.679764,1.866733,0.75,0.573487,0.494199,0.671289,0.75,1.0,0.790037,0.592528,0.129333,0.659051,1,ok,VOO,0.037836,0.037836,0.037836,0.0,0,0.14594,0.787476,0.14916,0.460421,part2a21_soft_caution_overlay,artifacts_part2_g532/predictions/g532_final_consensus_tape.csv
2021-08-04,0,0.2126233263242863,0.6230044083650522,1.815207,1.787475,0.75,0.573261,0.494186,0.630191,0.75,1.0,0.790684,0.593013,0.11299,0.688724,1,ok,VOO,0.037836,0.037836,0.037836,0.0,0,0.143798,0.787132,0.149597,0.461243,part2a21_soft_caution_overlay,artifacts_part2_g532/predictions/g532_final_consensus_tape.csv
2021-08-05,0,0.205883333290076,0.6305586092219698,1.77133,1.755434,0.75,0.578032,0.494459,0.612602,0.75,1.0,0.777051,0.582788,0.123123,0.670021,1,ok,VOO,0.037836,0.037836,0.037836,0.0,0,0.175531,0.867832,0.148706,0.459566,part2a21_soft_caution_overlay,artifacts_part2_g532/predictions/g532_final_consensus_tape.csv
2021-08-06,0,0.2016840946667821,0.5865958849592846,2.047877,1.878138,1.0,0.553803,0.493074,0.680473,0.65,0.6,0.846276,0.330048,0.115262,0.68444,0,high_risk_veto,VOO,0.037836,0.037836,0.037836,0.0,0,0.107624,0.888339,0.095444,0.359435,part2a21_soft_caution_overlay,artifacts_part2_g532/predictions/g532_final_consensus_tape.csv
2021-08-09,0,0.199355888126354,0.6017581610857609,1.905565,1.908257,0.75,0.559348,0.493391,0.695081,0.65,0.6,0.830436,0.32387,0.114466,0.685936,0,high_risk_veto,FLAT,0.0,0.0,0.0,0.0,0,0.117427,0.883146,0.111188,0.389033,part2a21_soft_caution_overlay,artifacts_part2_g532/predictions/g532_final_consensus_tape.csv
2021-08-10,0,0.2006321261453401,0.4850222980139135,2.029804,1.994415,1.0,0.568839,0.493934,0.738196,0.65,0.6,0.803317,0.313294,0.1026,0.709019,0,high_risk_veto,FLAT,0.0,0.0,0.0,0.0,0,0.145597,0.876585,0.13108,0.42643,part2a21_soft_caution_overlay,artifacts_part2_g532/predictions/g532_final_consensus_tape.csv
2021-08-11,0,0.2039746844914295,0.663592994053035,1.929287,1.954885,1.0,0.562382,0.493565,0.718667,0.65,0.6,0.821767,0.320489,0.101216,0.711812,0,high_risk_veto,FLAT,0.0,0.0,0.0,0.0,0,0.124589,0.880672,0.118689,0.403135,part2a21_soft_caution_overlay,artifacts_part2_g532/predictions/g532_final_consensus_tape.csv
2021-08-12,0,0.2087650439564917,0.615621060475826,1.780222,1.913104,0.75,0.549892,0.492851,0.699044,0.65,0.6,0.857452,0.334406,0.097483,0.71946,0,high_risk_veto,FLAT,0.0,0.0,0.0,0.0,0,0.098164,0.811482,0.085915,0.341519,part2a21_soft_caution_overlay,artifacts_part2_g532/predictions/g532_final_consensus_tape.csv
2021-08-13,0,0.2149869474093836,0.5474718418839072,1.723868,1.811125,0.75,0.553408,0.493052,0.646113,0.65,0.6,0.847407,0.330489,0.088504,0.738543,0,high_risk_veto,FLAT,0.0,0.0,0.0,0.0,0,0.107479,0.808823,0.093977,0.356676,part2a21_soft_caution_overlay,artifacts_part2_g532/predictions/g532_final_consensus_tape.csv
2021-08-16,0,0.2165009212445662,0.4916521013460566,1.717039,1.740376,1.0,0.561651,0.493523,0.608108,0.65,0.6,0.823854,0.321303,0.076284,0.766203,0,high_risk_veto,FLAT,0.0,0.0,0.0,0.0,0,0.126453,0.802001,0.114659,0.395559,part2a21_soft_caution_overlay,artifacts_part2_g532/predictions/g532_final_consensus_tape.csv
2021-08-17,0,0.2156824913171197,0.4697886112030482,1.892516,1.777808,1.0,0.574506,0.494258,0.624931,0.65,0.6,0.787125,0.306979,0.081852,0.753348,0,high_risk_veto,FLAT,0.0,0.0,0.0,0.0,0,0.161909,0.79206,0.143273,0.449354,part2a21_soft_caution_overlay,artifacts_part2_g532/predictions/g532_final_consensus_tape.csv
2021-08-18,0,0.2201323439879119,0.3849649579037231,1.922083,1.843879,1.0,0.604822,0.49599,0.653795,0.65,0.6,0.700508,0.273198,0.097022,0.720415,0,high_risk_veto,FLAT,0.0,0.0,0.0,0.0,1,0.219268,0.73035,0.238211,0.58724,part2a21_soft_caution_overlay,artifacts_part2_g532/predictions/g532_final_consensus_tape.csv
2021-08-19,0,0.2168612386480805,0.4195806670532326,1.506902,1.773834,0.75,0.611497,0.496371,0.61548,0.65,0.6,0.681438,0.265761,0.082494,0.751894,0,high_risk_veto,FLAT,0.0,0.0,0.0,0.0,1,0.226208,0.723685,0.275957,0.600917,part2a21_soft_caution_overlay,artifacts_part2_g532/predictions/g532_final_consensus_tape.csv
2021-08-20,0,0.2232744121852045,0.3837856987599826,1.423668,1.617551,0.75,0.594265,0.495387,0.536951,0.65,0.6,0.73067,0.284961,0.085936,0.74419,0,high_risk_veto,FLAT,0.0,0.0,0.0,0.0,1,0.207633,0.751576,0.192693,0.542263,part2a21_soft_caution_overlay,artifacts_part2_g532/predictions/g532_final_consensus_tape.csv
2021-08-23,0,0.2163847864041589,0.4883509794817596,1.419017,1.449862,0.75,0.559217,0.493384,0.45891,0.65,0.6,0.830808,0.324015,0.096676,0.721135,0,high_risk_veto,FLAT,0.0,0.0,0.0,0.0,0,0.120931,0.804032,0.108503,0.383985,part2a21_soft_caution_overlay,artifacts_part2_g532/predictions/g532_final_consensus_tape.csv
2021-08-24,0,0.2052618627808429,0.6264254166950836,1.843856,1.56218,0.75,0.554782,0.49313,0.517885,0.65,0.6,0.843481,0.328958,0.09774,0.718928,0,high_risk_veto,FLAT,0.0,0.0,0.0,0.0,0,0.113251,0.888219,0.095807,0.360116,part2a21_soft_caution_overlay,artifacts_part2_g532/predictions/g532_final_consensus_tape.csv
2021-08-25,0,0.1988256995717236,0.7149234024415564,1.99143,1.751434,1.0,0.549635,0.492836,0.616192,0.65,0.6,0.858186,0.334693,0.101144,0.711959,0,high_risk_veto,FLAT,0.0,0.0,0.0,0.0,0,0.096697,0.891516,0.085813,0.341328,part2a21_soft_caution_overlay,artifacts_part2_g532/predictions/g532_final_consensus_tape.csv
2021-08-26,0,0.1999549748608554,0.6740165586280265,2.15386,1.996382,1.0,0.560803,0.493474,0.740296,0.65,0.6,0.826278,0.322249,0.10521,0.703808,0,high_risk_veto,FLAT,0.0,0.0,0.0,0.0,0,0.119375,0.881656,0.115707,0.397528,part2a21_soft_caution_overlay,artifacts_part2_g532/predictions/g532_final_consensus_tape.csv
2021-08-27,0,0.2011349847662506,0.7020422356212968,1.760153,1.968481,0.75,0.558875,0.493364,0.72618,0.65,0.6,0.831786,0.324397,0.106121,0.702009,0,high_risk_veto,FLAT,0.0,0.0,0.0,0.0,0,0.12034,0.884355,0.107522,0.382141,part2a21_soft_caution_overlay,artifacts_part2_g532/predictions/g532_final_consensus_tape.csv
2021-08-30,0,0.20831573243381,0.6095358420195328,1.73118,1.881731,0.75,0.557981,0.493313,0.681636,0.65,0.6,0.83434,0.325393,0.106288,0.70168,0,high_risk_veto,FLAT,0.0,0.0,0.0,0.0,0,0.110482,0.8035,0.110114,0.387015,part2a21_soft_caution_overlay,artifacts_part2_g532/predictions/g532_final_consensus_tape.csv
2021-08-31,0,0.199151528864301,0.6886702670058851,2.110047,1.867127,1.0,0.550176,0.492867,0.67542,0.65,0.6,0.85664,0.334089,0.098495,0.717369,0,high_risk_veto,FLAT,0.0,0.0,0.0,0.0,0,0.099983,0.891485,0.085906,0.341504,part2a21_soft_caution_overlay,artifacts_part2_g532/predictions/g532_final_consensus_tape.csv
2021-09-01,0,0.2050334156476526,0.6065205240001408,2.045586,1.962271,0.75,0.550141,0.492865,0.724221,0.65,0.6,0.856739,0.334128,0.072466,0.775275,0,high_risk_veto,FLAT,0.0,0.0,0.0,0.0,0,0.099803,0.891493,0.085881,0.341456,part2a21_soft_caution_overlay,artifacts_part2_g532/predictions/g532_final_consensus_tape.csv
2021-09-02,0,0.2029851263743182,0.6371745127509113,2.094287,2.083307,1.0,0.551202,0.492926,0.786179,0.65,0.6,0.85371,0.332947,0.0698,0.781739,0,high_risk_veto,FLAT,0.0,0.0,0.0,0.0,0,0.101746,0.890514,0.088849,0.347037,part2a21_soft_caution_overlay,artifacts_part2_g532/predictions/g532_final_consensus_tape.csv
2021-09-03,0,0.2096618920838256,0.5548750336669747,2.047333,2.062402,0.75,0.551205,0.492926,0.775452,0.65,0.6,0.8537,0.332943,0.062559,0.79985,0,high_risk_veto,FLAT,0.0,0.0,0.0,0.0,0,0.098329,0.809811,0.09098,0.351043,part2a21_soft_caution_overlay,artifacts_part2_g532/predictions/g532_final_consensus_tape.csv
2021-09-06,0,0.2139683693232425,0.5144751322724352,2.125536,2.089052,1.0,0.553545,0.49306,0.788874,0.65,0.6,0.847013,0.330335,0.053686,0.823219,0,high_risk_veto,FLAT,0.0,0.0,0.0,0.0,0,0.102712,0.80767,0.097474,0.363251,part2a21_soft_caution_overlay,artifacts_part2_g532/predictions/g532_final_consensus_tape.csv
2021-09-07,0,0.214566261842752,0.4715501708481362,2.120093,2.097654,0.75,0.561999,0.493543,0.792391,0.65,0.6,0.822859,0.320915,0.052021,0.827756,0,high_risk_veto,FLAT,0.0,0.0,0.0,0.0,0,0.13054,0.802385,0.113495,0.393371,part2a21_soft_caution_overlay,artifacts_part2_g532/predictions/g532_final_consensus_tape.csv
2021-09-08,0,0.2199806110130607,0.6053736268935893,2.188981,2.14487,1.0,0.569836,0.493991,0.816011,0.65,0.6,0.800469,0.312183,0.05092,0.830785,0,high_risk_veto,FLAT,0.0,0.0,0.0,0.0,0,0.156067,0.797432,0.128514,0.421606,part2a21_soft_caution_overlay,artifacts_part2_g532/predictions/g532_final_consensus_tape.csv
2021-09-09,0,0.2203923644239256,0.6159879248367163,2.196186,2.16842,1.0,0.599727,0.495699,0.825509,0.65,0.6,0.715066,0.278876,0.056153,0.816586,0,high_risk_veto,FLAT,0.0,0.0,0.0,0.0,1,0.228413,0.744057,0.201306,0.558455,part2a21_soft_caution_overlay,artifacts_part2_g532/predictions/g532_final_consensus_tape.csv
2021-09-10,0,0.2135164069794392,0.5688563896641294,2.350653,2.245273,1.0,0.605605,0.496035,0.865537,0.65,0.6,0.698272,0.272326,0.051916,0.828044,0,high_risk_veto,FLAT,0.0,0.0,0.0,0.0,1,0.225388,0.730567,0.236986,0.586791,part2a21_soft_caution_overlay,artifacts_part2_g532/predictions/g532_final_consensus_tape.csv
2021-09-13,0,0.2155911120360312,0.5719483528246408,2.130149,2.225663,1.0,0.598999,0.495657,0.855688,0.65,0.6,0.717146,0.279687,0.049661,0.834277,0,high_risk_veto,FLAT,0.0,0.0,0.0,0.0,1,0.222688,0.743455,0.201989,0.559739,part2a21_soft_caution_overlay,artifacts_part2_g532/predictions/g532_final_consensus_tape.csv
2021-09-14,0,0.2095708288218359,0.5155743542326562,2.133072,2.204625,1.0,0.55746,0.493283,0.847944,0.65,0.6,0.835829,0.325973,0.063131,0.798387,0,high_risk_veto,FLAT,0.0,0.0,0.0,0.0,0,0.114308,0.804959,0.105692,0.3787,part2a21_soft_caution_overlay,artifacts_part2_g532/predictions/g532_final_consensus_tape.csv
2021-09-15,0,0.2101302098544875,0.5019685793577201,1.896243,2.053155,0.75,0.554056,0.493089,0.770371,0.65,0.6,0.845555,0.329767,0.086749,0.742392,0,high_risk_veto,FLAT,0.0,0.0,0.0,0.0,0,0.115783,0.809679,0.091381,0.351796,part2a21_soft_caution_overlay,artifacts_part2_g532/predictions/g532_final_consensus_tape.csv
2021-09-16,0,0.20851282268133,0.4854957812506571,2.148434,2.05925,1.0,0.554047,0.493088,0.773504,0.65,0.6,0.845581,0.329777,0.08646,0.743031,0,high_risk_veto,FLAT,0.0,0.0,0.0,0.0,0,0.112916,0.809105,0.093122,0.35507,part2a21_soft_caution_overlay,artifacts_part2_g532/predictions/g532_final_consensus_tape.csv
2021-09-17,0,0.2110544361537892,0.5245061393435192,2.488535,2.177737,1.0,0.557666,0.493295,0.834085,0.65,0.6,0.83524,0.325744,0.089434,0.73652,0,high_risk_veto,FLAT,0.0,0.0,0.0,0.0,0,0.112604,0.804343,0.10756,0.382212,part2a21_soft_caution_overlay,artifacts_part2_g532/predictions/g532_final_consensus_tape.csv
2021-09-20,0,0.2113117012178937,0.5446193713497857,2.561954,2.399641,1.0,0.590531,0.495173,0.947441,0.75,1.0,0.741339,0.556004,0.131987,0.654472,1,ok,VOO,0.051715,0.051715,0.051715,0.0,0,0.186157,0.752771,0.191309,0.539661,part2a21_soft_caution_overlay,artifacts_part2_g532/predictions/g532_final_consensus_tape.csv
2021-09-21,0,0.2320448317236034,0.6931243893627487,1.985663,2.345384,0.75,0.58522,0.49487,0.919251,0.75,1.0,0.756515,0.567386,0.13147,0.65536,1,ok,VOO,0.051715,0.051715,0.051715,0.0,0,0.188097,0.771383,0.169204,0.498103,part2a21_soft_caution_overlay,artifacts_part2_g532/predictions/g532_final_consensus_tape.csv
2021-09-22,0,0.227833821088505,0.6158333710652343,1.78816,2.111926,0.75,0.583584,0.494776,0.7975,0.75,1.0,0.761188,0.570891,0.146286,0.630857,1,ok,VOO,0.051715,0.051715,0.051715,0.0,0,0.182611,0.77387,0.166166,0.492392,part2a21_soft_caution_overlay,artifacts_part2_g532/predictions/g532_final_consensus_tape.csv
2021-09-23,0,0.2007354877018048,0.3839181094639969,1.89693,1.890251,0.75,0.570072,0.494004,0.684056,0.75,1.0,0.799795,0.599847,0.1861,0.573262,1,ok,VOO,0.051715,0.051715,0.051715,0.0,0,0.153711,0.876644,0.130902,0.426095,part2a21_soft_caution_overlay,artifacts_part2_g532/predictions/g532_final_consensus_tape.csv
2021-09-24,0,0.1916962554987467,0.3019723429242908,2.130802,1.938631,1.0,0.567131,0.493836,0.709567,0.75,1.0,0.808196,0.606147,0.185516,0.574032,1,ok,VOO,0.051715,0.051715,0.051715,0.0,0,0.129626,0.875537,0.134259,0.432407,part2a21_soft_caution_overlay,artifacts_part2_g532/predictions/g532_final_consensus_tape.csv
2021-09-27,0,0.1980221679936251,0.3595068270347028,2.394181,2.140638,1.0,0.576983,0.494399,0.813126,0.75,1.0,0.780048,0.585036,0.185587,0.573938,1,ok,VOO,0.040954,0.040954,0.040954,0.0,0,0.155272,0.861162,0.157135,0.475413,part2a21_soft_caution_overlay,artifacts_part2_g532/predictions/g532_final_consensus_tape.csv
2021-09-28,0,0.2176556986938752,0.5470319856379932,2.876374,2.467119,1.0,0.5755,0.494314,0.982915,0.75,1.0,0.784285,0.588213,0.199685,0.555945,1,ok,VOO,0.040954,0.040954,0.040954,0.0,0,0.135085,0.775786,0.163811,0.487965,part2a21_soft_caution_overlay,artifacts_part2_g532/predictions/g532_final_consensus_tape.csv
2021-09-29,0,0.2204919923112756,0.5678856352890037,2.099725,2.45676,1.0,0.573249,0.494186,0.977558,0.75,1.0,0.790718,0.593038,0.191957,0.565665,1,ok,VOO,0.040954,0.040954,0.040954,0.0,0,0.135748,0.78323,0.15454,0.470534,part2a21_soft_caution_overlay,artifacts_part2_g532/predictions/g532_final_consensus_tape.csv
2021-09-30,0,0.2261247311615906,0.605507981334858,2.216064,2.397388,1.0,0.6269,0.497251,0.945218,0.75,0.6,0.637429,0.286843,0.202025,0.553066,1,ok,VOO,0.040954,0.040954,0.040954,0.0,1,0.232096,0.706417,0.374391,0.635454,part2a21_soft_caution_overlay,artifacts_part2_g532/predictions/g532_final_consensus_tape.csv
2021-10-01,0,0.212133617205089,0.5216847666440375,1.843027,2.052939,0.75,0.645929,0.498339,0.758876,0.75,0.6,0.58306,0.262377,0.206355,0.547819,1,ok,VOO,0.040954,0.040954,0.040954,0.0,1,0.309532,0.778303,0.421858,0.65,part2a21_soft_caution_overlay,artifacts_part2_g532/predictions/g532_final_consensus_tape.csv
2021-10-04,0,0.2260828627057387,0.6320461403783201,2.496507,2.185199,1.0,0.596224,0.495499,0.834644,0.75,0.6,0.725073,0.326283,0.182646,0.57784,1,ok,VOO,0.023604,0.023604,0.023604,0.0,1,0.190711,0.735527,0.210891,0.576475,part2a21_soft_caution_overlay,artifacts_part2_g532/predictions/g532_final_consensus_tape.csv
2021-10-05,0,0.2142249277848043,0.5434971367533721,1.602739,1.980758,0.75,0.572972,0.49417,0.730548,0.75,1.0,0.79151,0.593632,0.193377,0.563855,1,ok,VOO,0.023604,0.023604,0.023604,0.0,0,0.134681,0.783571,0.15411,0.469726,part2a21_soft_caution_overlay,artifacts_part2_g532/predictions/g532_final_consensus_tape.csv
2021-10-06,0,0.2368716558181922,0.6487032298700646,1.770478,1.956575,0.75,0.571968,0.494112,0.718145,0.75,1.0,0.794377,0.595783,0.189935,0.568266,1,ok,VOO,0.023604,0.023604,0.023604,0.0,0,0.133593,0.78616,0.150834,0.463569,part2a21_soft_caution_overlay,artifacts_part2_g532/predictions/g532_final_consensus_tape.csv
2021-10-07,0,0.209834767743959,0.5257253080673895,1.746665,1.706627,0.75,0.56471,0.493698,0.59005,0.75,1.0,0.815115,0.611337,0.168166,0.597849,1,ok,VOO,0.023604,0.023604,0.023604,0.0,0,0.116599,0.796017,0.132803,0.42967,part2a21_soft_caution_overlay,artifacts_part2_g532/predictions/g532_final_consensus_tape.csv
2021-10-08,0,0.2067725505111519,0.5066172637751252,2.077066,1.864736,1.0,0.566631,0.493807,0.671421,0.75,1.0,0.809627,0.60722,0.166244,0.60061,1,ok,VOO,0.023604,0.023604,0.023604,0.0,0,0.122431,0.794716,0.136748,0.437087,part2a21_soft_caution_overlay,artifacts_part2_g532/predictions/g532_final_consensus_tape.csv
2021-10-11,0,0.2062427254471402,0.5386479320162406,2.151804,1.991845,1.0,0.567595,0.493863,0.737035,0.75,1.0,0.806871,0.605153,0.167761,0.598429,1,ok,VOO,0.040037,0.040037,0.040037,0.0,0,0.143469,0.877765,0.127503,0.419707,part2a21_soft_caution_overlay,artifacts_part2_g532/predictions/g532_final_consensus_tape.csv
2021-10-12,0,0.2116299781521703,0.5456293773203127,2.004218,2.077696,1.0,0.559445,0.493397,0.78238,0.75,1.0,0.830156,0.622617,0.1484,0.627509,1,ok,VOO,0.040037,0.040037,0.040037,0.0,0,0.109944,0.80149,0.116211,0.398476,part2a21_soft_caution_overlay,artifacts_part2_g532/predictions/g532_final_consensus_tape.csv
2021-10-13,0,0.2047674939833473,0.5061036513122851,1.748464,1.968162,0.75,0.561204,0.493497,0.725687,0.75,1.0,0.825131,0.618848,0.148501,0.62735,1,ok,VOO,0.040037,0.040037,0.040037,0.0,0,0.123259,0.881929,0.114879,0.395973,part2a21_soft_caution_overlay,artifacts_part2_g532/predictions/g532_final_consensus_tape.csv
2021-10-14,0,0.2125271041887762,0.5133932304039269,1.535558,1.762747,0.75,0.548618,0.492778,0.622189,0.966926,1.0,0.861091,0.832611,0.140385,0.640394,1,ok,VOO,0.040037,0.040037,0.040037,0.0,0,0.087022,0.810857,0.087809,0.34508,part2a21_soft_caution_overlay,artifacts_part2_g532/predictions/g532_final_consensus_tape.csv
2021-10-15,0,0.216888221090028,0.5286082181460204,1.813878,1.6993,0.75,0.5511,0.49292,0.589153,0.964336,1.0,0.853999,0.823542,0.147034,0.629669,1,ok,VOO,0.040037,0.040037,0.040037,0.0,0,0.096654,0.809605,0.091607,0.352221,part2a21_soft_caution_overlay,artifacts_part2_g532/predictions/g532_final_consensus_tape.csv
2021-10-18,0,0.2292080887837347,0.5774113127193196,1.799013,1.71615,0.75,0.558101,0.49332,0.596349,0.75,1.0,0.833998,0.625499,0.122013,0.67202,1,ok,VOO,0.037601,0.037601,0.037601,0.0,0,0.113319,0.803925,0.108827,0.384594,part2a21_soft_caution_overlay,artifacts_part2_g532/predictions/g532_final_consensus_tape.csv
2021-10-19,0,0.2057284045088994,0.4908619788039341,1.888543,1.833811,0.75,0.549954,0.492855,0.658373,0.965129,1.0,0.857274,0.82738,0.119654,0.676308,1,ok,VOO,0.037601,0.037601,0.037601,0.0,0,0.102235,0.892233,0.083636,0.337236,part2a21_soft_caution_overlay,artifacts_part2_g532/predictions/g532_final_consensus_tape.csv
2021-10-20,0,0.2153036724043381,0.514257456280927,2.108915,1.932157,1.0,0.560646,0.493465,0.7072,0.75,1.0,0.826726,0.620044,0.11963,0.676352,1,ok,VOO,0.037601,0.037601,0.037601,0.0,0,0.121346,0.802262,0.113869,0.394073,part2a21_soft_caution_overlay,artifacts_part2_g532/predictions/g532_final_consensus_tape.csv
2021-10-21,0,0.2102150495819502,0.4923276652397175,1.943748,1.980402,0.75,0.552573,0.493004,0.733187,0.962819,1.0,0.849792,0.818196,0.112006,0.690596,1,ok,VOO,0.037601,0.037601,0.037601,0.0,0,0.101858,0.808757,0.094176,0.357051,part2a21_soft_caution_overlay,artifacts_part2_g532/predictions/g532_final_consensus_tape.csv
2021-10-22,0,0.1906279537334578,0.4215533785287564,2.208284,2.086982,1.0,0.561565,0.493518,0.786932,0.75,1.0,0.8241,0.618075,0.117346,0.680558,1,ok,VOO,0.037601,0.037601,0.037601,0.0,0,0.129959,0.88283,0.112146,0.390834,part2a21_soft_caution_overlay,artifacts_part2_g532/predictions/g532_final_consensus_tape.csv
2021-10-25,0,0.2099852984412377,0.5004642205393203,1.737424,1.963152,0.75,0.552543,0.493002,0.724334,0.962604,1.0,0.849876,0.818094,0.106904,0.700468,1,ok,VOO,0.062262,0.062262,0.062262,0.0,0,0.107859,0.810022,0.090341,0.349842,part2a21_soft_caution_overlay,artifacts_part2_g532/predictions/g532_final_consensus_tape.csv
2021-10-26,0,0.2352554905144909,0.627364990739504,1.91211,1.952606,0.75,0.551609,0.492949,0.719053,0.963786,1.0,0.852545,0.821671,0.091949,0.731103,1,ok,VOO,0.062262,0.062262,0.062262,0.0,0,0.099078,0.80944,0.092107,0.353162,part2a21_soft_caution_overlay,artifacts_part2_g532/predictions/g532_final_consensus_tape.csv
2021-10-27,0,0.2444645926770625,0.6695340400529074,1.829789,1.826441,0.75,0.595315,0.495447,0.646367,0.75,0.6,0.727673,0.327453,0.119132,0.677264,1,ok,VOO,0.062262,0.062262,0.062262,0.0,1,0.198374,0.74295,0.20256,0.560813,part2a21_soft_caution_overlay,artifacts_part2_g532/predictions/g532_final_consensus_tape.csv
2021-10-28,0,0.2437559314517179,0.6639816248097188,1.676786,1.806228,0.75,0.585963,0.494912,0.637535,0.75,1.0,0.754392,0.565794,0.114806,0.685296,1,ok,VOO,0.062262,0.062262,0.062262,0.0,0,0.195756,0.772878,0.16738,0.494675,part2a21_soft_caution_overlay,artifacts_part2_g532/predictions/g532_final_consensus_tape.csv
2021-10-29,0,0.2234232007751943,0.584307055762889,1.816717,1.77443,0.75,0.585436,0.494882,0.621026,0.75,1.0,0.755898,0.566923,0.104457,0.705304,1,ok,VOO,0.062262,0.062262,0.062262,0.0,0,0.174312,0.763585,0.178598,0.515763,part2a21_soft_caution_overlay,artifacts_part2_g532/predictions/g532_final_consensus_tape.csv
2021-11-01,0,0.223939698522608,0.6022398112809336,1.944154,1.812552,0.75,0.5745,0.494257,0.642977,0.75,1.0,0.787142,0.590357,0.104141,0.705933,1,ok,VOO,0.040194,0.040194,0.040194,0.0,0,0.15347,0.788009,0.14848,0.459142,part2a21_soft_caution_overlay,artifacts_part2_g532/predictions/g532_final_consensus_tape.csv
2021-11-02,0,0.2371008678246627,0.6437612425232969,1.898767,1.886546,0.75,0.573007,0.494172,0.681652,0.75,1.0,0.791408,0.593556,0.092266,0.730426,1,ok,VOO,0.040194,0.040194,0.040194,0.0,0,0.154033,0.792846,0.142256,0.44744,part2a21_soft_caution_overlay,artifacts_part2_g532/predictions/g532_final_consensus_tape.csv
2021-11-03,0,0.2048700965451041,0.6247257857550738,1.863744,1.902221,0.75,0.546409,0.492652,0.69401,0.968396,1.0,0.867402,0.839988,0.099062,0.716204,1,ok,VOO,0.040194,0.040194,0.040194,0.0,0,0.099255,0.896225,0.071534,0.314484,part2a21_soft_caution_overlay,artifacts_part2_g532/predictions/g532_final_consensus_tape.csv
2021-11-04,0,0.203562002099426,0.6265037540278157,1.801204,1.854571,0.75,0.562077,0.493547,0.666948,0.75,1.0,0.822639,0.616979,0.098575,0.717207,1,ok,VOO,0.040194,0.040194,0.040194,0.0,0,0.123635,0.880873,0.118079,0.401989,part2a21_soft_caution_overlay,artifacts_part2_g532/predictions/g532_final_consensus_tape.csv
2021-11-05,0,0.2164215095804057,0.7028747019422895,2.13094,1.931962,1.0,0.561715,0.493527,0.706938,0.75,1.0,0.823673,0.617754,0.09666,0.721167,1,ok,VOO,0.040194,0.040194,0.040194,0.0,0,0.129323,0.802506,0.11313,0.392684,part2a21_soft_caution_overlay,artifacts_part2_g532/predictions/g532_final_consensus_tape.csv
2021-11-08,0,0.2212299313446743,0.6854163236351196,2.194661,2.042268,1.0,0.551589,0.492948,0.765074,0.963312,1.0,0.852603,0.821323,0.097999,0.718392,1,ok,VOO,0.067713,0.067713,0.067713,0.0,0,0.11134,0.811973,0.084427,0.338722,part2a21_soft_caution_overlay,artifacts_part2_g532/predictions/g532_final_consensus_tape.csv
2021-11-09,0,0.21290845754341,0.5823069801177966,2.286018,2.203873,1.0,0.575634,0.494322,0.846117,0.65,0.6,0.783902,0.305722,0.109991,0.694462,0,high_risk_veto,VOO,0.067713,0.067713,0.067713,0.0,0,0.158171,0.786793,0.15003,0.462056,part2a21_soft_caution_overlay,artifacts_part2_g532/predictions/g532_final_consensus_tape.csv
2021-11-10,0,0.2345022047453119,0.7006497106134794,2.45748,2.31272,1.0,0.591635,0.495236,0.901863,0.65,0.6,0.738185,0.287892,0.091551,0.731956,0,high_risk_veto,VOO,0.067713,0.067713,0.067713,0.0,1,0.203128,0.758062,0.185134,0.528052,part2a21_soft_caution_overlay,artifacts_part2_g532/predictions/g532_final_consensus_tape.csv
2021-11-11,0,0.2260705690386699,0.7028074081668513,2.054385,2.265961,0.75,0.572858,0.494163,0.878556,0.65,0.6,0.791835,0.308816,0.072911,0.774207,0,high_risk_veto,VOO,0.067713,0.067713,0.067713,0.0,0,0.155654,0.793425,0.140662,0.444445,part2a21_soft_caution_overlay,artifacts_part2_g532/predictions/g532_final_consensus_tape.csv
2021-11-12,0,0.2078755267568436,0.5792716940725655,1.823284,2.111716,0.75,0.558971,0.49337,0.79996,0.65,0.6,0.831512,0.32429,0.075672,0.767643,0,high_risk_veto,VOO,0.067713,0.067713,0.067713,0.0,0,0.120716,0.804308,0.107667,0.382413,part2a21_soft_caution_overlay,artifacts_part2_g532/predictions/g532_final_consensus_tape.csv
2021-11-15,0,0.2106527389369538,0.6611223873785351,2.160353,2.012674,1.0,0.552927,0.493024,0.749713,0.65,0.6,0.848779,0.331024,0.076894,0.764773,0,high_risk_veto,FLAT,0.0,0.0,0.0,0.0,0,0.108049,0.809563,0.091734,0.35246,part2a21_soft_caution_overlay,artifacts_part2_g532/predictions/g532_final_consensus_tape.csv
2021-11-16,0,0.2099662417394364,0.6210971900540556,1.985674,1.98977,0.75,0.555768,0.493187,0.737567,0.65,0.6,0.840662,0.327858,0.078064,0.762046,0,high_risk_veto,FLAT,0.0,0.0,0.0,0.0,0,0.11687,0.807679,0.097446,0.363199,part2a21_soft_caution_overlay,artifacts_part2_g532/predictions/g532_final_consensus_tape.csv
2021-11-17,0,0.2119723824273949,0.630214149036744,2.10875,2.084926,1.0,0.559608,0.493406,0.786087,0.65,0.6,0.829692,0.32358,0.077482,0.763401,0,high_risk_veto,FLAT,0.0,0.0,0.0,0.0,0,0.119945,0.803323,0.110651,0.388024,part2a21_soft_caution_overlay,artifacts_part2_g532/predictions/g532_final_consensus_tape.csv
2021-11-18,0,0.2361431278695018,0.7496175820482779,1.822347,1.972257,0.75,0.568348,0.493906,0.726792,0.65,0.6,0.804719,0.31384,0.077698,0.762898,0,high_risk_veto,FLAT,0.0,0.0,0.0,0.0,0,0.144924,0.797085,0.129566,0.423584,part2a21_soft_caution_overlay,artifacts_part2_g532/predictions/g532_final_consensus_tape.csv
2021-11-19,0,0.2266465564441325,0.6759914158376793,1.967129,1.966075,0.5,0.57447,0.494255,0.722713,0.65,0.6,0.787228,0.307019,0.081472,0.75421,0,high_risk_veto,FLAT,0.0,0.0,0.0,0.0,0,0.155491,0.789081,0.147108,0.456563,part2a21_soft_caution_overlay,artifacts_part2_g532/predictions/g532_final_consensus_tape.csv
2021-11-22,0,0.2451440650066781,0.7758468428989578,2.401627,2.063701,1.0,0.576979,0.494399,0.773118,0.65,0.25,0.780059,0.12676,0.080202,0.757113,0,high_risk_veto,FLAT,0.0,0.0,0.0,0.0,0,0.167949,0.787395,0.149262,0.460613,part2a21_soft_caution_overlay,artifacts_part2_g532/predictions/g532_final_consensus_tape.csv
2021-11-23,0,0.2390089024696198,0.7485808579029426,2.173425,2.180727,1.0,0.5731,0.494177,0.834307,0.65,0.6,0.791141,0.308545,0.066,0.79114,0,high_risk_veto,FLAT,0.0,0.0,0.0,0.0,0,0.16015,0.794029,0.138831,0.441002,part2a21_soft_caution_overlay,artifacts_part2_g532/predictions/g532_final_consensus_tape.csv
2021-11-24,0,0.222813876876856,0.6654587481557018,1.889325,2.154792,0.75,0.56999,0.493999,0.821137,0.65,0.6,0.800027,0.312011,0.066987,0.788677,0,high_risk_veto,FLAT,0.0,0.0,0.0,0.0,0,0.145911,0.795155,0.135417,0.434583,part2a21_soft_caution_overlay,artifacts_part2_g532/predictions/g532_final_consensus_tape.csv
2021-11-25,0,0.2398035921758425,0.7700306110380396,1.976206,2.012985,1.0,0.571122,0.494064,0.747514,0.65,0.6,0.796795,0.31075,0.067009,0.788621,0,high_risk_veto,FLAT,0.0,0.0,0.0,0.0,0,0.156223,0.795795,0.133477,0.430937,part2a21_soft_caution_overlay,artifacts_part2_g532/predictions/g532_final_consensus_tape.csv
2021-11-26,0,0.2262378137273277,0.6717237838623419,2.234277,2.033269,0.75,0.671545,0.499803,0.74474,0.75,0.6,0.509872,0.229442,0.191776,0.565897,1,ok,FLAT,0.0,0.0,0.0,0.0,1,0.327539,0.752268,0.607816,0.65,part2a21_soft_caution_overlay,artifacts_part2_g532/predictions/g532_final_consensus_tape.csv
2021-11-29,0,0.2595125467275078,0.7899921935605838,1.29959,1.836691,0.5,0.63377,0.497644,0.644573,0.75,0.6,0.6178,0.27801,0.20733,0.546651,1,ok,VOO,0.014694,0.014694,0.014694,0.0,1,0.309933,0.792842,0.337658,0.622748,part2a21_soft_caution_overlay,artifacts_part2_g532/predictions/g532_final_consensus_tape.csv
2021-11-30,0,0.221737091893064,0.6767759447810126,2.153079,1.895649,0.75,0.668743,0.499642,0.66998,0.75,0.6,0.517878,0.233045,0.235409,0.515029,1,ok,VOO,0.014694,0.014694,0.014694,0.0,1,0.325951,0.755185,0.586982,0.65,part2a21_soft_caution_overlay,artifacts_part2_g532/predictions/g532_final_consensus_tape.csv
2021-12-01,0,0.2142996677419532,0.2477530954389542,2.095467,1.849379,0.75,0.68151,0.500372,0.642219,0.75,0.6,0.481399,0.21663,0.23975,0.510465,1,ok,VOO,0.014694,0.014694,0.014694,0.0,1,0.3448,0.743986,0.666975,0.65,part2a21_soft_caution_overlay,artifacts_part2_g532/predictions/g532_final_consensus_tape.csv
2021-12-02,0,0.2114619460768386,0.3050490189839999,1.513973,1.92084,0.5,0.628788,0.497359,0.690489,0.75,0.6,0.632035,0.284416,0.2631,0.487234,1,ok,VOO,0.014694,0.014694,0.014694,0.0,1,0.274521,0.792132,0.341709,0.62416,part2a21_soft_caution_overlay,artifacts_part2_g532/predictions/g532_final_consensus_tape.csv
2021-12-03,0,0.2027327669120368,0.467015598710174,2.034524,1.881321,0.75,0.59329,0.495331,0.675526,0.75,0.6,0.733457,0.330055,0.268927,0.481763,1,ok,VOO,0.014694,0.014694,0.014694,0.0,0,0.203635,0.832751,0.191333,0.539706,part2a21_soft_caution_overlay,artifacts_part2_g532/predictions/g532_final_consensus_tape.csv
2021-12-06,0,0.2110277429581692,0.3012101083574662,1.398674,1.649057,0.75,0.602365,0.495849,0.551577,0.75,0.6,0.707527,0.318387,0.287202,0.465374,1,ok,VOO,0.012259,0.012259,0.012259,0.0,1,0.25102,0.827241,0.197677,0.551633,part2a21_soft_caution_overlay,artifacts_part2_g532/predictions/g532_final_consensus_tape.csv
2021-12-07,0,0.2057285976137287,0.4172709407356567,1.017892,1.483697,0.5,0.581918,0.494681,0.470146,0.75,1.0,0.765947,0.57446,0.317315,0.440672,1,ok,VOO,0.012259,0.012259,0.012259,0.0,0,0.18655,0.861134,0.15717,0.475479,part2a21_soft_caution_overlay,artifacts_part2_g532/predictions/g532_final_consensus_tape.csv
2021-12-08,0,0.1997107506781563,0.5406167128850143,1.796215,1.40426,0.5,0.589684,0.495125,0.426409,0.75,1.0,0.74376,0.55782,0.319652,0.438864,1,ok,VOO,0.012259,0.012259,0.012259,0.0,0,0.19006,0.837704,0.185554,0.528842,part2a21_soft_caution_overlay,artifacts_part2_g532/predictions/g532_final_consensus_tape.csv
2021-12-09,0,0.202603270085562,0.4791877069702089,2.101297,1.638468,0.75,0.589306,0.495103,0.5491,0.75,0.6,0.744841,0.335178,0.322294,0.436839,1,ok,VOO,0.012259,0.012259,0.012259,0.0,0,0.20434,0.846411,0.175215,0.509405,part2a21_soft_caution_overlay,artifacts_part2_g532/predictions/g532_final_consensus_tape.csv
2021-12-10,0,0.1986724728729255,0.5506917923325808,1.372457,1.756656,0.5,0.572674,0.494153,0.614313,0.75,1.0,0.792359,0.594269,0.26724,0.483335,1,ok,VOO,0.012259,0.012259,0.012259,0.0,0,0.144076,0.869074,0.147117,0.456581,part2a21_soft_caution_overlay,artifacts_part2_g532/predictions/g532_final_consensus_tape.csv
2021-12-13,0,0.2026546783375215,0.4754859706285081,1.955154,1.809636,0.75,0.582026,0.494687,0.640056,0.75,1.0,0.765639,0.574229,0.269457,0.481272,1,ok,VOO,0.026533,0.026533,0.026533,0.0,0,0.178638,0.85685,0.162498,0.485497,part2a21_soft_caution_overlay,artifacts_part2_g532/predictions/g532_final_consensus_tape.csv
2021-12-14,0,0.204864393463941,0.4300824354391914,1.788103,1.705238,0.75,0.57252,0.494144,0.587668,0.75,1.0,0.792801,0.594601,0.233754,0.516792,1,ok,VOO,0.026533,0.026533,0.026533,0.0,0,0.151871,0.87309,0.141677,0.446352,part2a21_soft_caution_overlay,artifacts_part2_g532/predictions/g532_final_consensus_tape.csv
2021-12-15,0,0.2062776630781522,0.388396115097876,0.968925,1.570727,0.5,0.564316,0.493675,0.519926,0.75,1.0,0.816241,0.61218,0.228446,0.522525,1,ok,VOO,0.026533,0.026533,0.026533,0.0,0,0.135899,0.880474,0.11929,0.404266,part2a21_soft_caution_overlay,artifacts_part2_g532/predictions/g532_final_consensus_tape.csv
2021-12-16,0,0.1980636598586551,0.5729289718933704,2.107042,1.621357,0.75,0.569106,0.493949,0.544955,0.75,1.0,0.802553,0.601915,0.2306,0.520183,1,ok,VOO,0.026533,0.026533,0.026533,0.0,0,0.13998,0.87509,0.135613,0.434953,part2a21_soft_caution_overlay,artifacts_part2_g532/predictions/g532_final_consensus_tape.csv
2021-12-17,0,0.2045739523276369,0.4309562561674582,1.522715,1.532894,0.75,0.582509,0.494715,0.49564,0.75,1.0,0.764261,0.573196,0.22664,0.524505,1,ok,VOO,0.026533,0.026533,0.026533,0.0,0,0.184792,0.858397,0.160582,0.481893,part2a21_soft_caution_overlay,artifacts_part2_g532/predictions/g532_final_consensus_tape.csv
2021-12-20,0,0.2043687856362085,0.4396072750546207,1.678432,1.769396,0.75,0.578237,0.494471,0.619826,0.75,1.0,0.776465,0.582349,0.217244,0.535052,1,ok,VOO,0.028969,0.028969,0.028969,0.0,0,0.174038,0.866472,0.150437,0.462822,part2a21_soft_caution_overlay,artifacts_part2_g532/predictions/g532_final_consensus_tape.csv
2021-12-21,0,0.1991980212044958,0.5406301243381069,1.003307,1.401485,0.5,0.562284,0.493559,0.433087,0.75,1.0,0.822045,0.616534,0.209206,0.544417,1,ok,VOO,0.028969,0.028969,0.028969,0.0,0,0.11914,0.879685,0.121683,0.408763,part2a21_soft_caution_overlay,artifacts_part2_g532/predictions/g532_final_consensus_tape.csv
2021-12-22,0,0.1984147275993359,0.5608506794341951,1.301537,1.327759,0.5,0.567627,0.493864,0.393367,0.75,1.0,0.806781,0.605085,0.212618,0.540402,1,ok,VOO,0.028969,0.028969,0.028969,0.0,0,0.134519,0.875894,0.133176,0.430371,part2a21_soft_caution_overlay,artifacts_part2_g532/predictions/g532_final_consensus_tape.csv
2021-12-23,0,0.1990852056491184,0.5467735094341158,1.5262,1.277015,0.5,0.56077,0.493473,0.369345,0.75,1.0,0.826371,0.619778,0.210737,0.542609,1,ok,VOO,0.028969,0.028969,0.028969,0.0,0,0.119727,0.88177,0.115361,0.396878,part2a21_soft_caution_overlay,artifacts_part2_g532/predictions/g532_final_consensus_tape.csv
2021-12-24,0,0.199915104564254,0.5339769504829607,1.735702,1.521146,0.75,0.565302,0.493732,0.494054,0.75,1.0,0.813423,0.610068,0.206345,0.547831,1,ok,VOO,0.028969,0.028969,0.028969,0.0,0,0.133362,0.878675,0.124744,0.414518,part2a21_soft_caution_overlay,artifacts_part2_g532/predictions/g532_final_consensus_tape.csv
2021-12-27,0,0.2028638306413365,0.4602548134480406,1.287974,1.516625,0.5,0.568416,0.493909,0.490897,0.75,1.0,0.804526,0.603395,0.200503,0.554935,1,ok,VOO,0.024656,0.024656,0.024656,0.0,0,0.145219,0.877057,0.129649,0.42374,part2a21_soft_caution_overlay,artifacts_part2_g532/predictions/g532_final_consensus_tape.csv
2021-12-28,0,0.2042671129001526,0.43257366763391,1.845995,1.623224,0.75,0.569307,0.49396,0.545875,0.75,1.0,0.801981,0.601486,0.196639,0.559736,1,ok,VOO,0.024656,0.024656,0.024656,0.0,0,0.148375,0.876546,0.131199,0.426654,part2a21_soft_caution_overlay,artifacts_part2_g532/predictions/g532_final_consensus_tape.csv
2021-12-29,0,0.2139990672974272,0.4998129589164648,1.759079,1.631016,0.75,0.557801,0.493303,0.552577,0.75,1.0,0.834854,0.62614,0.182902,0.577497,1,ok,VOO,0.024656,0.024656,0.024656,0.0,0,0.102406,0.802083,0.114412,0.395095,part2a21_soft_caution_overlay,artifacts_part2_g532/predictions/g532_final_consensus_tape.csv
2021-12-30,0,0.2122934852203791,0.4641458285629841,1.801958,1.802344,1.0,0.56589,0.493765,0.639288,0.75,1.0,0.811744,0.608808,0.17208,0.592304,1,ok,VOO,0.024656,0.024656,0.024656,0.0,0,0.122167,0.795623,0.133997,0.431914,part2a21_soft_caution_overlay,artifacts_part2_g532/predictions/g532_final_consensus_tape.csv
2021-12-31,0,0.2078871416739146,0.4039271658701154,1.891443,1.817494,1.0,0.564435,0.493682,0.647386,0.75,1.0,0.8159,0.611925,0.151684,0.622379,1,ok,VOO,0.024656,0.024656,0.024656,0.0,0,0.107041,0.79442,0.137646,0.438775,part2a21_soft_caution_overlay,artifacts_part2_g532/predictions/g532_final_consensus_tape.csv
2022-01-03,0,0.210041968950924,0.4402227902319657,1.532261,1.741887,0.5,0.551258,0.492929,0.610973,0.964317,1.0,0.853548,0.823091,0.138836,0.642944,1,ok,VOO,0.048499,0.048499,0.048499,0.0,0,0.093633,0.808782,0.0941,0.356909,part2a21_soft_caution_overlay,artifacts_part2_g532/predictions/g532_final_consensus_tape.csv
2022-01-04,0,0.2078634246791215,0.379783547351465,2.063712,1.829139,1.0,0.565735,0.493756,0.65317,0.75,1.0,0.812184,0.609138,0.113633,0.687506,1,ok,VOO,0.048499,0.048499,0.048499,0.0,0,0.116347,0.794634,0.136997,0.437554,part2a21_soft_caution_overlay,artifacts_part2_g532/predictions/g532_final_consensus_tape.csv
2022-01-05,0,0.2119945618338657,0.4522127982491011,2.384892,1.993622,1.0,0.577098,0.494406,0.736659,0.75,1.0,0.77972,0.58479,0.146339,0.630772,1,ok,VOO,0.048499,0.048499,0.048499,0.0,0,0.14382,0.775077,0.164685,0.489607,part2a21_soft_caution_overlay,artifacts_part2_g532/predictions/g532_final_consensus_tape.csv
2022-01-06,0,0.2096951280796361,0.4161338660030249,1.610705,2.01977,1.0,0.576074,0.494347,0.750391,0.75,1.0,0.782647,0.586985,0.142238,0.637368,1,ok,VOO,0.048499,0.048499,0.048499,0.0,0,0.140339,0.776596,0.162811,0.486085,part2a21_soft_caution_overlay,artifacts_part2_g532/predictions/g532_final_consensus_tape.csv
2022-01-07,0,0.2113571997877718,0.4357051313554558,1.805135,1.933578,1.0,0.575906,0.494338,0.705616,0.75,1.0,0.783125,0.587344,0.142293,0.637279,1,ok,VOO,0.048499,0.048499,0.048499,0.0,0,0.141454,0.777688,0.161461,0.483547,part2a21_soft_caution_overlay,artifacts_part2_g532/predictions/g532_final_consensus_tape.csv
2022-01-10,0,0.2116695494124526,0.4483149811593482,1.457136,1.624326,1.0,0.57157,0.49409,0.545913,0.65,0.6,0.795514,0.310251,0.124164,0.668156,0,high_risk_veto,FLAT,0.0,0.0,0.0,0.0,0,0.136679,0.788888,0.147356,0.457029,part2a21_soft_caution_overlay,artifacts_part2_g532/predictions/g532_final_consensus_tape.csv
2022-01-11,0,0.2119354477433449,0.4565752149009141,1.198899,1.487057,0.75,0.570494,0.494028,0.475025,0.65,0.6,0.798588,0.311449,0.128292,0.660866,0,high_risk_veto,FLAT,0.0,0.0,0.0,0.0,0,0.141629,0.793626,0.140053,0.4433,part2a21_soft_caution_overlay,artifacts_part2_g532/predictions/g532_final_consensus_tape.csv
2022-01-12,0,0.2088900588767152,0.4135478579643059,1.510672,1.388902,0.75,0.556079,0.493205,0.428424,0.65,0.6,0.839774,0.327512,0.124997,0.666671,0,high_risk_veto,FLAT,0.0,0.0,0.0,0.0,0,0.099677,0.80376,0.109328,0.385536,part2a21_soft_caution_overlay,artifacts_part2_g532/predictions/g532_final_consensus_tape.csv
2022-01-13,0,0.2139397263387701,0.4826374704187118,2.204221,1.63793,1.0,0.567395,0.493851,0.553934,0.65,0.6,0.807443,0.314903,0.14998,0.625032,0,high_risk_veto,FLAT,0.0,0.0,0.0,0.0,0,0.118731,0.792967,0.142049,0.447052,part2a21_soft_caution_overlay,artifacts_part2_g532/predictions/g532_final_consensus_tape.csv
2022-01-14,0,0.217117180603879,0.5346347137259005,1.450191,1.721695,0.75,0.563352,0.49362,0.598117,0.65,0.6,0.818993,0.319407,0.155279,0.616859,0,high_risk_veto,FLAT,0.0,0.0,0.0,0.0,0,0.127392,0.799985,0.120772,0.407052,part2a21_soft_caution_overlay,artifacts_part2_g532/predictions/g532_final_consensus_tape.csv
2022-01-17,0,0.2115789781537464,0.4480874020255084,1.623902,1.759438,1.0,0.56101,0.493486,0.618068,0.65,0.6,0.825686,0.322018,0.129274,0.659155,0,high_risk_veto,FLAT,0.0,0.0,0.0,0.0,0,0.116029,0.800703,0.118596,0.402961,part2a21_soft_caution_overlay,artifacts_part2_g532/predictions/g532_final_consensus_tape.csv
2022-01-18,0,0.2141068118636256,0.5030051532200457,2.265847,1.77998,1.0,0.584412,0.494824,0.624126,0.65,0.6,0.758822,0.295941,0.135547,0.648429,0,high_risk_veto,FLAT,0.0,0.0,0.0,0.0,0,0.178417,0.769058,0.172025,0.503408,part2a21_soft_caution_overlay,artifacts_part2_g532/predictions/g532_final_consensus_tape.csv
2022-01-19,0,0.2153313715500641,0.5247949142205898,1.807718,1.899156,1.0,0.58063,0.494607,0.686957,0.65,0.6,0.769627,0.300155,0.130344,0.657299,0,high_risk_veto,FLAT,0.0,0.0,0.0,0.0,0,0.167738,0.775827,0.163761,0.48787,part2a21_soft_caution_overlay,artifacts_part2_g532/predictions/g532_final_consensus_tape.csv
2022-01-20,0,0.2231246387930958,0.6448557133941657,1.745378,1.939648,0.75,0.592097,0.495263,0.706299,0.65,0.6,0.736865,0.287377,0.139078,0.642545,0,high_risk_veto,FLAT,0.0,0.0,0.0,0.0,0,0.192401,0.750789,0.193601,0.543971,part2a21_soft_caution_overlay,artifacts_part2_g532/predictions/g532_final_consensus_tape.csv
2022-01-21,0,0.2257644551923573,0.6802172474991884,2.026133,1.859743,0.75,0.613908,0.496509,0.660538,0.5,0.6,0.674549,0.121419,0.174533,0.588882,0,high_risk_veto,FLAT,0.0,0.0,0.0,0.0,1,0.203096,0.716463,0.317015,0.615514,part2a21_soft_caution_overlay,artifacts_part2_g532/predictions/g532_final_consensus_tape.csv
2022-01-24,0,0.2227877895008904,0.6302420848492546,1.145598,1.639036,0.5,0.666584,0.499519,0.530405,0.5,0.6,0.524046,0.094328,0.182245,0.578375,0,high_risk_veto,FLAT,0.0,0.0,0.0,0.0,1,0.323724,0.757251,0.572224,0.65,part2a21_soft_caution_overlay,artifacts_part2_g532/predictions/g532_final_consensus_tape.csv
2022-01-25,0,0.2207919713582839,0.5998869486188241,1.769038,1.646923,0.75,0.595686,0.495468,0.552029,0.5,0.6,0.726611,0.13079,0.17038,0.5947,0,high_risk_veto,FLAT,0.0,0.0,0.0,0.0,1,0.185926,0.734992,0.212012,0.577593,part2a21_soft_caution_overlay,artifacts_part2_g532/predictions/g532_final_consensus_tape.csv
2022-01-26,0,0.2227037557255397,0.6632971097065483,1.11565,1.343429,0.75,0.591018,0.495201,0.394142,0.5,0.6,0.739948,0.133191,0.174147,0.589419,0,high_risk_veto,FLAT,0.0,0.0,0.0,0.0,0,0.179542,0.747549,0.197326,0.550972,part2a21_soft_caution_overlay,artifacts_part2_g532/predictions/g532_final_consensus_tape.csv
2022-01-27,0,0.2210804298874338,0.6653952575684706,1.147991,1.344226,0.75,0.585792,0.494902,0.396213,0.5,0.6,0.754881,0.135879,0.166091,0.600831,0,high_risk_veto,FLAT,0.0,0.0,0.0,0.0,0,0.169609,0.759947,0.182913,0.523877,part2a21_soft_caution_overlay,artifacts_part2_g532/predictions/g532_final_consensus_tape.csv
2022-01-28,0,0.219758400372036,0.6075451225026635,-0.01482,0.749607,0.5,0.579215,0.494527,0.088709,0.5,0.6,0.77367,0.139261,0.210485,0.542905,1,ok,FLAT,0.0,0.0,0.0,0.0,0,0.151972,0.772399,0.167965,0.495774,part2a21_soft_caution_overlay,artifacts_part2_g532/predictions/g532_final_consensus_tape.csv
2022-01-31,0,0.217206492956464,0.5722243034603656,0.15819,0.430454,0.5,0.582039,0.494688,0.0,0.5,0.6,0.765602,0.137808,0.240167,0.51003,0,weak_score,FLAT,0.0,0.0,0.0,0.0,0,0.162488,0.768616,0.17256,0.504413,part2a21_soft_caution_overlay,artifacts_part2_g532/predictions/g532_final_consensus_tape.csv
2022-02-01,0,0.213153736304424,0.5016573786045023,0.97101,0.37146,0.5,0.586065,0.494918,0.0,0.5,0.6,0.754099,0.135738,0.242644,0.507466,0,weak_score,FLAT,0.0,0.0,0.0,0.0,0,0.165124,0.756667,0.186771,0.531129,part2a21_soft_caution_overlay,artifacts_part2_g532/predictions/g532_final_consensus_tape.csv
2022-02-02,0,0.2162473690746302,0.5700808519273319,0.848588,0.659263,0.5,0.588149,0.495037,0.037196,0.5,0.6,0.748146,0.134666,0.236988,0.513359,1,ok,FLAT,0.0,0.0,0.0,0.0,0,0.165963,0.750053,0.19445,0.545566,part2a21_soft_caution_overlay,artifacts_part2_g532/predictions/g532_final_consensus_tape.csv
2022-02-03,0,0.2236912848079938,0.6657696597241326,2.058363,1.292654,0.75,0.583697,0.494783,0.369961,0.5,0.6,0.760865,0.136956,0.248513,0.501492,1,ok,FLAT,0.0,0.0,0.0,0.0,0,0.165311,0.764643,0.177335,0.513389,part2a21_soft_caution_overlay,artifacts_part2_g532/predictions/g532_final_consensus_tape.csv
2022-02-04,0,0.2180398719583162,0.5860114930028856,0.618706,1.175219,0.5,0.585918,0.49491,0.307876,0.5,0.6,0.75452,0.135814,0.208784,0.544919,1,ok,FLAT,0.0,0.0,0.0,0.0,0,0.164382,0.756769,0.186651,0.530903,part2a21_soft_caution_overlay,artifacts_part2_g532/predictions/g532_final_consensus_tape.csv
2022-02-07,0,0.2159873060648666,0.5683454487621016,1.162355,1.279808,0.75,0.584361,0.494821,0.363037,0.5,0.6,0.758969,0.136614,0.21183,0.541325,1,ok,VOO,0.004027,0.004027,0.004027,0.0,0,0.165196,0.762391,0.180018,0.518434,part2a21_soft_caution_overlay,artifacts_part2_g532/predictions/g532_final_consensus_tape.csv
2022-02-08,0,0.2181196334311739,0.620288538208864,0.713173,0.831411,0.5,0.579301,0.494531,0.13126,0.5,0.6,0.773426,0.139217,0.200182,0.555331,1,ok,VOO,0.004027,0.004027,0.004027,0.0,0,0.159037,0.775696,0.163923,0.488174,part2a21_soft_caution_overlay,artifacts_part2_g532/predictions/g532_final_consensus_tape.csv
2022-02-09,0,0.2170717475097343,0.5917706218273967,0.624178,0.833235,0.5,0.569361,0.493963,0.136677,0.75,1.0,0.801826,0.60137,0.204158,0.550469,1,ok,VOO,0.004027,0.004027,0.004027,0.0,0,0.136281,0.794003,0.138908,0.441148,part2a21_soft_caution_overlay,artifacts_part2_g532/predictions/g532_final_consensus_tape.csv
2022-02-10,0,0.2162788502060387,0.5686871045515892,1.761043,1.032798,0.75,0.583217,0.494755,0.23455,0.75,1.0,0.762238,0.571678,0.202559,0.552415,1,ok,VOO,0.004027,0.004027,0.004027,0.0,0,0.161971,0.764493,0.177514,0.513727,part2a21_soft_caution_overlay,artifacts_part2_g532/predictions/g532_final_consensus_tape.csv
2022-02-11,0,0.2164737935381747,0.5829690265892195,1.725431,1.370217,0.75,0.590973,0.495198,0.408189,0.75,0.6,0.740076,0.333034,0.252499,0.497513,1,ok,VOO,0.004027,0.004027,0.004027,0.0,0,0.170005,0.742508,0.20306,0.561754,part2a21_soft_caution_overlay,artifacts_part2_g532/predictions/g532_final_consensus_tape.csv
2022-02-14,0,0.2232308103765896,0.654869556526988,0.856187,1.447553,0.5,0.615821,0.496618,0.44143,0.75,0.6,0.669083,0.301087,0.234625,0.515862,1,ok,VOO,0.010284,0.010284,0.010284,0.0,1,0.271335,0.807008,0.257121,0.594123,part2a21_soft_caution_overlay,artifacts_part2_g532/predictions/g532_final_consensus_tape.csv
2022-02-15,0,0.2199869815044831,0.588762832646118,0.385335,0.988984,0.5,0.596531,0.495516,0.206178,0.75,0.6,0.724198,0.325889,0.251726,0.49828,1,ok,VOO,0.010284,0.010284,0.010284,0.0,1,0.197386,0.738154,0.207959,0.570963,part2a21_soft_caution_overlay,artifacts_part2_g532/predictions/g532_final_consensus_tape.csv
2022-02-16,0,0.2143752404635396,0.5319374435587279,1.137272,0.792931,0.75,0.588954,0.495083,0.106736,0.75,1.0,0.745847,0.559385,0.248767,0.501236,1,ok,VOO,0.010284,0.010284,0.010284,0.0,0,0.180676,0.75519,0.188497,0.534374,part2a21_soft_caution_overlay,artifacts_part2_g532/predictions/g532_final_consensus_tape.csv
2022-02-17,0,0.2122465668770328,0.5018893726238945,1.756602,1.09307,0.75,0.58908,0.49509,0.263742,0.75,1.0,0.745485,0.559114,0.267161,0.483409,1,ok,VOO,0.010284,0.010284,0.010284,0.0,0,0.179024,0.753882,0.19002,0.537238,part2a21_soft_caution_overlay,artifacts_part2_g532/predictions/g532_final_consensus_tape.csv
2022-02-18,0,0.2204557591914274,0.6116663918740686,1.149554,1.347809,0.75,0.576439,0.494368,0.401012,0.75,1.0,0.781603,0.586203,0.258843,0.491311,1,ok,VOO,0.010284,0.010284,0.010284,0.0,0,0.147185,0.778861,0.160005,0.480809,part2a21_soft_caution_overlay,artifacts_part2_g532/predictions/g532_final_consensus_tape.csv
2022-02-21,0,0.2184660973221819,0.5768065407880855,0.82345,1.243202,0.75,0.576409,0.494366,0.34664,0.75,1.0,0.781689,0.586267,0.25935,0.490822,1,ok,VOO,0.014962,0.014962,0.014962,0.0,0,0.149622,0.780169,0.158376,0.477747,part2a21_soft_caution_overlay,artifacts_part2_g532/predictions/g532_final_consensus_tape.csv
2022-02-22,0,0.217142359800827,0.5531746132783745,1.113225,1.028743,0.75,0.587596,0.495005,0.230677,0.75,1.0,0.749725,0.562294,0.249,0.501002,1,ok,VOO,0.014962,0.014962,0.014962,0.0,0,0.176496,0.757541,0.185746,0.529203,part2a21_soft_caution_overlay,artifacts_part2_g532/predictions/g532_final_consensus_tape.csv
2022-02-23,0,0.2185785832655355,0.6549554179654739,1.508034,1.148236,0.75,0.605963,0.496055,0.286305,0.75,0.6,0.697248,0.313762,0.228816,0.522121,1,ok,VOO,0.014962,0.014962,0.014962,0.0,1,0.190251,0.72353,0.276835,0.601232,part2a21_soft_caution_overlay,artifacts_part2_g532/predictions/g532_final_consensus_tape.csv
2022-02-24,0,0.2204860438485229,0.5450671159144355,0.114795,0.912018,0.5,0.584036,0.494802,0.171184,0.75,1.0,0.759898,0.569924,0.251023,0.498979,1,ok,VOO,0.014962,0.014962,0.014962,0.0,0,0.166768,0.764284,0.177763,0.514195,part2a21_soft_caution_overlay,artifacts_part2_g532/predictions/g532_final_consensus_tape.csv
2022-02-25,0,0.2118209845447533,0.6033227590542706,0.654318,0.759049,0.5,0.569986,0.493999,0.097959,0.75,1.0,0.800041,0.60003,0.243383,0.506705,1,ok,VOO,0.014962,0.014962,0.014962,0.0,0,0.131013,0.791007,0.144633,0.451909,part2a21_soft_caution_overlay,artifacts_part2_g532/predictions/g532_final_consensus_tape.csv
2022-02-28,0,0.2091829265031466,0.5334008203238452,0.912014,0.560376,0.5,0.580637,0.494608,0.0,0.75,1.0,0.769608,0.577206,0.250926,0.499075,0,weak_score,FLAT,0.0,0.0,0.0,0.0,0,0.148623,0.766061,0.175636,0.510196,part2a21_soft_caution_overlay,artifacts_part2_g532/predictions/g532_final_consensus_tape.csv
2022-03-01,0,0.2141265937494179,0.6352566405056173,1.21383,0.926721,0.75,0.59159,0.495234,0.175607,0.75,0.6,0.738313,0.332241,0.244103,0.505967,1,ok,FLAT,0.0,0.0,0.0,0.0,0,0.179079,0.745325,0.199864,0.555744,part2a21_soft_caution_overlay,artifacts_part2_g532/predictions/g532_final_consensus_tape.csv
2022-03-02,0,0.21380195044336,0.628275592531636,0.558649,0.894831,0.5,0.583773,0.494787,0.162328,0.75,0.6,0.760649,0.342292,0.316044,0.441662,1,ok,FLAT,0.0,0.0,0.0,0.0,0,0.201847,0.862875,0.154986,0.471374,part2a21_soft_caution_overlay,artifacts_part2_g532/predictions/g532_final_consensus_tape.csv
2022-03-03,0,0.2151922902501093,0.5174849206247792,1.225105,0.999195,0.75,0.588485,0.495056,0.214861,0.75,0.6,0.747186,0.336234,0.290402,0.462619,1,ok,FLAT,0.0,0.0,0.0,0.0,0,0.155227,0.743068,0.202426,0.560562,part2a21_soft_caution_overlay,artifacts_part2_g532/predictions/g532_final_consensus_tape.csv
2022-03-04,0,0.2075876206299286,0.5753815691076527,0.927819,0.903858,0.75,0.583953,0.494797,0.166961,0.75,1.0,0.760133,0.5701,0.299948,0.454589,1,ok,FLAT,0.0,0.0,0.0,0.0,0,0.157466,0.759699,0.183206,0.524427,part2a21_soft_caution_overlay,artifacts_part2_g532/predictions/g532_final_consensus_tape.csv
2022-03-07,0,0.2159586443250695,0.6302406581740684,1.401923,1.184949,0.75,0.616414,0.496652,0.301837,0.75,0.6,0.667389,0.300325,0.321722,0.437276,1,ok,VOO,0.005946,0.005946,0.005946,0.0,1,0.253962,0.803033,0.279655,0.602244,part2a21_soft_caution_overlay,artifacts_part2_g532/predictions/g532_final_consensus_tape.csv
2022-03-08,0,0.2223098623746013,0.5200935512428948,0.571939,0.967227,0.75,0.58755,0.495003,0.198529,0.75,1.0,0.749857,0.562393,0.320223,0.438425,1,ok,VOO,0.005946,0.005946,0.005946,0.0,0,0.173144,0.755922,0.187642,0.532767,part2a21_soft_caution_overlay,artifacts_part2_g532/predictions/g532_final_consensus_tape.csv
2022-03-09,0,0.2157031983372987,0.5343501653792904,-0.299172,0.55823,0.5,0.587471,0.494998,0.0,0.75,1.0,0.750083,0.562562,0.362203,0.408361,0,weak_score,VOO,0.005946,0.005946,0.005946,0.0,0,0.175956,0.757675,0.185588,0.528905,part2a21_soft_caution_overlay,artifacts_part2_g532/predictions/g532_final_consensus_tape.csv
2022-03-10,0,0.2119369632993659,0.5035974874705335,0.89217,0.388313,0.75,0.579805,0.49456,0.0,0.75,1.0,0.771986,0.57899,0.355862,0.412636,0,weak_score,VOO,0.005946,0.005946,0.005946,0.0,0,0.148513,0.768725,0.172428,0.504164,part2a21_soft_caution_overlay,artifacts_part2_g532/predictions/g532_final_consensus_tape.csv
2022-03-11,0,0.216757509552904,0.483387390779002,0.957108,0.516702,0.75,0.578139,0.494465,0.0,0.75,1.0,0.776746,0.582559,0.336749,0.426076,0,weak_score,VOO,0.005946,0.005946,0.005946,0.0,0,0.152411,0.776074,0.163456,0.487298,part2a21_soft_caution_overlay,artifacts_part2_g532/predictions/g532_final_consensus_tape.csv
2022-03-14,0,0.2187591147343731,0.49126102076267,0.76816,0.872479,0.75,0.583356,0.494763,0.150849,0.75,1.0,0.761841,0.571381,0.334776,0.427514,1,ok,VOO,0.005527,0.005527,0.005527,0.0,0,0.155458,0.760637,0.182098,0.522344,part2a21_soft_caution_overlay,artifacts_part2_g532/predictions/g532_final_consensus_tape.csv
2022-03-15,0,0.2117216576089733,0.5188381630420201,-0.481915,0.414451,0.5,0.581017,0.49463,0.0,0.75,1.0,0.768522,0.576392,0.32818,0.432391,0,weak_score,VOO,0.005527,0.005527,0.005527,0.0,0,0.15769,0.769483,0.171512,0.502442,part2a21_soft_caution_overlay,artifacts_part2_g532/predictions/g532_final_consensus_tape.csv
2022-03-16,0,0.1910253203273278,0.5373098550368854,-0.229144,0.019034,0.5,0.576654,0.49438,0.0,0.75,1.0,0.780988,0.585741,0.305349,0.450167,0,weak_score,VOO,0.005527,0.005527,0.005527,0.0,0,0.176401,0.87247,0.142743,0.448356,part2a21_soft_caution_overlay,artifacts_part2_g532/predictions/g532_final_consensus_tape.csv
2022-03-17,0,0.1914573316125259,0.5590432459969212,0.568245,-0.047604,0.5,0.578804,0.494503,0.0,0.75,1.0,0.774846,0.581134,0.304286,0.45103,0,weak_score,VOO,0.005527,0.005527,0.005527,0.0,0,0.172564,0.863989,0.153582,0.468734,part2a21_soft_caution_overlay,artifacts_part2_g532/predictions/g532_final_consensus_tape.csv
2022-03-18,0,0.1901621472696213,0.6211626975818729,0.44063,0.25991,0.5,0.580626,0.494607,0.0,0.75,1.0,0.76964,0.57723,0.278465,0.473068,0,weak_score,VOO,0.005527,0.005527,0.005527,0.0,0,0.180919,0.862408,0.155573,0.472477,part2a21_soft_caution_overlay,artifacts_part2_g532/predictions/g532_final_consensus_tape.csv
2022-03-21,0,0.1874435998795383,0.6640718272943004,1.032925,0.6806,0.75,0.584412,0.494824,0.050213,0.75,0.6,0.758823,0.34147,0.212555,0.540477,1,ok,VOO,0.00139,0.00139,0.00139,0.0,0,0.20144,0.860667,0.157754,0.476577,part2a21_soft_caution_overlay,artifacts_part2_g532/predictions/g532_final_consensus_tape.csv
2022-03-22,0,0.1923546894813554,0.5746659476230159,0.632845,0.702133,0.5,0.572989,0.494171,0.067018,0.75,1.0,0.791461,0.593595,0.204151,0.550478,1,ok,VOO,0.00139,0.00139,0.00139,0.0,0,0.165057,0.875177,0.13535,0.434458,part2a21_soft_caution_overlay,artifacts_part2_g532/predictions/g532_final_consensus_tape.csv
2022-03-23,0,0.1863578339025616,0.5380765156270936,1.389828,1.018533,0.75,0.58161,0.494663,0.227755,0.75,1.0,0.766828,0.575121,0.22668,0.524461,1,ok,VOO,0.00139,0.00139,0.00139,0.0,0,0.158597,0.848018,0.173282,0.50577,part2a21_soft_caution_overlay,artifacts_part2_g532/predictions/g532_final_consensus_tape.csv
2022-03-24,0,0.1944169744981237,0.6076228740792208,0.547062,0.856578,0.5,0.578615,0.494492,0.144668,0.75,1.0,0.775387,0.58154,0.231853,0.51883,1,ok,VOO,0.00139,0.00139,0.00139,0.0,0,0.185253,0.870744,0.144971,0.452546,part2a21_soft_caution_overlay,artifacts_part2_g532/predictions/g532_final_consensus_tape.csv
2022-03-25,0,0.1897273071291466,0.4735221726948436,1.163776,1.033556,0.75,0.573489,0.494199,0.238808,0.75,1.0,0.790032,0.592524,0.198612,0.557274,1,ok,VOO,0.00139,0.00139,0.00139,0.0,0,0.15464,0.871672,0.143775,0.450296,part2a21_soft_caution_overlay,artifacts_part2_g532/predictions/g532_final_consensus_tape.csv
2022-03-28,0,0.184020200332636,0.537186183243383,0.8395,0.850113,0.5,0.570013,0.494001,0.14513,0.75,1.0,0.799962,0.599972,0.199388,0.556312,1,ok,VOO,0.007266,0.007266,0.007266,0.0,0,0.146563,0.875259,0.135102,0.433992,part2a21_soft_caution_overlay,artifacts_part2_g532/predictions/g532_final_consensus_tape.csv
2022-03-29,0,0.1843251491277354,0.5658183322377764,1.020478,1.007918,0.5,0.567697,0.493868,0.227822,0.75,1.0,0.80658,0.604935,0.191583,0.566145,1,ok,VOO,0.007266,0.007266,0.007266,0.0,0,0.139075,0.876734,0.130628,0.425581,part2a21_soft_caution_overlay,artifacts_part2_g532/predictions/g532_final_consensus_tape.csv
2022-03-30,0,0.1819834524531366,0.5442034925662705,1.621688,1.160555,0.75,0.566737,0.493814,0.307159,0.75,1.0,0.809324,0.606993,0.201475,0.553741,1,ok,VOO,0.007266,0.007266,0.007266,0.0,0,0.132586,0.876654,0.130871,0.426037,part2a21_soft_caution_overlay,artifacts_part2_g532/predictions/g532_final_consensus_tape.csv
2022-03-31,0,0.1917241082065509,0.6200027315002312,1.663959,1.435375,0.75,0.56665,0.493809,0.449337,0.75,1.0,0.809571,0.607178,0.230425,0.520373,1,ok,VOO,0.007266,0.007266,0.007266,0.0,0,0.13489,0.877238,0.129103,0.422713,part2a21_soft_caution_overlay,artifacts_part2_g532/predictions/g532_final_consensus_tape.csv
2022-04-01,0,0.1849464007810799,0.6412501357556587,1.378234,1.554627,0.75,0.573005,0.494172,0.509406,0.75,1.0,0.791415,0.593561,0.231138,0.519601,1,ok,VOO,0.007266,0.007266,0.007266,0.0,0,0.164959,0.875136,0.135473,0.43469,part2a21_soft_caution_overlay,artifacts_part2_g532/predictions/g532_final_consensus_tape.csv
2022-04-04,0,0.2011690551737888,0.6281977653259606,0.967283,1.336492,0.5,0.563959,0.493655,0.399027,0.75,1.0,0.817261,0.612945,0.227523,0.523535,1,ok,VOO,0.019207,0.019207,0.019207,0.0,0,0.128786,0.879483,0.122294,0.409913,part2a21_soft_caution_overlay,artifacts_part2_g532/predictions/g532_final_consensus_tape.csv
2022-04-05,0,0.1952621287718021,0.6354132553980577,2.010922,1.452146,0.75,0.581495,0.494657,0.453817,0.75,1.0,0.767157,0.575368,0.215242,0.537355,1,ok,VOO,0.019207,0.019207,0.019207,0.0,0,0.179669,0.859052,0.159768,0.480364,part2a21_soft_caution_overlay,artifacts_part2_g532/predictions/g532_final_consensus_tape.csv
2022-04-06,0,0.1993943352443442,0.6576102344296778,1.799121,1.592442,0.75,0.58869,0.495068,0.525164,0.75,0.6,0.746599,0.33597,0.186841,0.572291,1,ok,VOO,0.019207,0.019207,0.019207,0.0,0,0.203764,0.848127,0.17315,0.505522,part2a21_soft_caution_overlay,artifacts_part2_g532/predictions/g532_final_consensus_tape.csv
2022-04-07,0,0.1950388848323029,0.6685638871597951,1.038668,1.616237,0.5,0.566468,0.493798,0.542928,0.75,1.0,0.810093,0.60757,0.163475,0.604632,1,ok,VOO,0.019207,0.019207,0.019207,0.0,0,0.13418,0.87733,0.128824,0.422189,part2a21_soft_caution_overlay,artifacts_part2_g532/predictions/g532_final_consensus_tape.csv
2022-04-08,0,0.1964841338559931,0.6203084563254387,1.34707,1.394953,0.75,0.575493,0.494314,0.425802,0.65,0.6,0.784305,0.305879,0.145577,0.631988,0,high_risk_veto,VOO,0.019207,0.019207,0.019207,0.0,0,0.164703,0.870392,0.145425,0.4534,part2a21_soft_caution_overlay,artifacts_part2_g532/predictions/g532_final_consensus_tape.csv
2022-04-11,0,0.2331288294866365,0.609437462521163,1.592252,1.325997,0.75,0.583003,0.494743,0.387582,0.65,0.6,0.762847,0.29751,0.157627,0.613306,0,high_risk_veto,FLAT,0.0,0.0,0.0,0.0,0,0.153616,0.760844,0.181853,0.521884,part2a21_soft_caution_overlay,artifacts_part2_g532/predictions/g532_final_consensus_tape.csv
2022-04-12,0,0.2328696715394692,0.6539814819792382,1.059299,1.332874,0.75,0.582897,0.494737,0.391203,0.65,0.6,0.76315,0.297629,0.153352,0.619806,0,high_risk_veto,FLAT,0.0,0.0,0.0,0.0,0,0.165048,0.767131,0.17435,0.507779,part2a21_soft_caution_overlay,artifacts_part2_g532/predictions/g532_final_consensus_tape.csv
2022-04-13,0,0.2100084440797207,0.6677934656265995,0.581147,1.077566,0.5,0.566969,0.493827,0.264143,0.65,0.6,0.808659,0.315377,0.157471,0.613541,0,high_risk_veto,FLAT,0.0,0.0,0.0,0.0,0,0.119955,0.79377,0.139616,0.442479,part2a21_soft_caution_overlay,artifacts_part2_g532/predictions/g532_final_consensus_tape.csv
2022-04-14,0,0.2326269311969556,0.6980391660921391,1.711211,1.117219,0.75,0.569639,0.493979,0.283667,0.65,0.6,0.801032,0.312402,0.129324,0.659067,0,high_risk_veto,FLAT,0.0,0.0,0.0,0.0,0,0.118856,0.786185,0.150803,0.463509,part2a21_soft_caution_overlay,artifacts_part2_g532/predictions/g532_final_consensus_tape.csv
2022-04-15,0,0.2349317517966337,0.628649056628187,1.057216,1.116525,0.75,0.57261,0.494149,0.282203,0.65,0.6,0.792542,0.309092,0.119923,0.675817,0,high_risk_veto,FLAT,0.0,0.0,0.0,0.0,0,0.129629,0.782212,0.155819,0.47294,part2a21_soft_caution_overlay,artifacts_part2_g532/predictions/g532_final_consensus_tape.csv
2022-04-18,0,0.2210016314428181,0.6563787920717784,1.030668,1.266365,0.75,0.565726,0.493756,0.362223,0.65,0.6,0.812212,0.316763,0.110093,0.694264,0,high_risk_veto,FLAT,0.0,0.0,0.0,0.0,0,0.118582,0.795103,0.135573,0.434878,part2a21_soft_caution_overlay,artifacts_part2_g532/predictions/g532_final_consensus_tape.csv
2022-04-19,0,0.2078876944253457,0.6512323642844995,0.642426,0.910103,0.5,0.565487,0.493742,0.178141,0.65,0.6,0.812893,0.317028,0.161077,0.608158,0,high_risk_veto,FLAT,0.0,0.0,0.0,0.0,0,0.115058,0.794692,0.13682,0.437221,part2a21_soft_caution_overlay,artifacts_part2_g532/predictions/g532_final_consensus_tape.csv
2022-04-20,0,0.2000565131755605,0.6170573000453178,1.463559,1.045551,0.75,0.574962,0.494284,0.244457,0.65,0.6,0.785822,0.30647,0.163945,0.603944,0,high_risk_veto,FLAT,0.0,0.0,0.0,0.0,0,0.145966,0.862904,0.15495,0.471306,part2a21_soft_caution_overlay,artifacts_part2_g532/predictions/g532_final_consensus_tape.csv
2022-04-21,0,0.2142004518818578,0.6021933934304405,1.522584,1.209523,0.75,0.571435,0.494082,0.330862,0.65,0.6,0.7959,0.310401,0.167621,0.598628,0,high_risk_veto,FLAT,0.0,0.0,0.0,0.0,0,0.124518,0.783371,0.154362,0.4702,part2a21_soft_caution_overlay,artifacts_part2_g532/predictions/g532_final_consensus_tape.csv
2022-04-22,0,0.220860745109477,0.6540181651493483,1.619171,1.535105,0.75,0.588563,0.495061,0.495199,0.75,0.6,0.746962,0.336133,0.215815,0.536694,1,ok,FLAT,0.0,0.0,0.0,0.0,0,0.163302,0.747195,0.19773,0.551733,part2a21_soft_caution_overlay,artifacts_part2_g532/predictions/g532_final_consensus_tape.csv
2022-04-25,0,0.2280015194583922,0.660822507963604,0.608338,1.250031,0.5,0.588612,0.495064,0.346041,0.75,1.0,0.746824,0.560118,0.209947,0.543541,1,ok,VOO,0.015803,0.015803,0.015803,0.0,0,0.165883,0.748425,0.196321,0.549084,part2a21_soft_caution_overlay,artifacts_part2_g532/predictions/g532_final_consensus_tape.csv
2022-04-26,0,0.2283430539092899,0.7088619605265049,1.788038,1.338516,0.75,0.645949,0.49834,0.373542,0.75,0.6,0.583002,0.262351,0.268194,0.482444,1,ok,VOO,0.015803,0.015803,0.015803,0.0,1,0.225537,0.68316,0.53002,0.65,part2a21_soft_caution_overlay,artifacts_part2_g532/predictions/g532_final_consensus_tape.csv
2022-04-27,0,0.2314857185215041,0.6599359567483409,0.670272,1.022216,0.75,0.667631,0.499579,0.193512,0.75,0.6,0.521054,0.234474,0.266967,0.48359,1,ok,VOO,0.015803,0.015803,0.015803,0.0,1,0.318447,0.755105,0.587556,0.65,part2a21_soft_caution_overlay,artifacts_part2_g532/predictions/g532_final_consensus_tape.csv
2022-04-28,0,0.2282579005229172,0.6849117925058681,-0.191891,0.755473,0.5,0.600606,0.495749,0.081535,0.75,0.6,0.712555,0.32065,0.310442,0.446076,1,ok,VOO,0.015803,0.015803,0.015803,0.0,1,0.184851,0.728912,0.246344,0.590208,part2a21_soft_caution_overlay,artifacts_part2_g532/predictions/g532_final_consensus_tape.csv
2022-04-29,0,0.2170421266384279,0.6815949841924941,1.918447,0.798942,0.75,0.588877,0.495079,0.109917,0.75,0.6,0.746067,0.33573,0.343833,0.420994,1,ok,VOO,0.015803,0.015803,0.015803,0.0,0,0.16536,0.747233,0.197687,0.551652,part2a21_soft_caution_overlay,artifacts_part2_g532/predictions/g532_final_consensus_tape.csv
2022-05-02,0,0.2194330017468114,0.621420434869748,0.385552,0.704036,0.5,0.59167,0.495238,0.058882,0.75,0.6,0.738085,0.332138,0.355252,0.413051,1,ok,VOO,0.001212,0.001212,0.001212,0.0,0,0.178134,0.744534,0.200764,0.557437,part2a21_soft_caution_overlay,artifacts_part2_g532/predictions/g532_final_consensus_tape.csv
2022-05-03,0,0.2194557328392502,0.6775456422717593,0.871356,1.058452,0.5,0.586571,0.494947,0.246615,0.75,1.0,0.752653,0.56449,0.326385,0.433738,1,ok,VOO,0.001212,0.001212,0.001212,0.0,0,0.163452,0.754073,0.189798,0.53682,part2a21_soft_caution_overlay,artifacts_part2_g532/predictions/g532_final_consensus_tape.csv
2022-05-04,0,0.22303589290138,0.7121970133761361,0.045836,0.434248,0.5,0.580051,0.494574,0.0,0.75,1.0,0.771283,0.578462,0.358304,0.410979,0,weak_score,VOO,0.001212,0.001212,0.001212,0.0,0,0.148937,0.76814,0.173134,0.505493,part2a21_soft_caution_overlay,artifacts_part2_g532/predictions/g532_final_consensus_tape.csv
2022-05-05,0,0.2263888355715114,0.719881320550997,2.095483,1.004225,0.75,0.593067,0.495318,0.215612,0.75,0.6,0.734095,0.330343,0.375159,0.399898,1,ok,VOO,0.001212,0.001212,0.001212,0.0,0,0.178913,0.740099,0.205777,0.56686,part2a21_soft_caution_overlay,artifacts_part2_g532/predictions/g532_final_consensus_tape.csv
2022-05-06,0,0.2384761129419509,0.7374088261592036,0.843832,0.99505,0.75,0.599943,0.495711,0.207945,0.75,0.6,0.714449,0.321502,0.351865,0.415376,1,ok,VOO,0.001212,0.001212,0.001212,0.0,0,0.242534,0.830961,0.193404,0.543599,part2a21_soft_caution_overlay,artifacts_part2_g532/predictions/g532_final_consensus_tape.csv
2022-05-09,0,0.2297792094813472,0.7300391519798505,1.28762,1.408978,0.75,0.616532,0.496659,0.420738,0.75,0.6,0.667051,0.300173,0.40031,0.384432,1,ok,VOO,0.007283,0.007283,0.007283,0.0,1,0.194444,0.711707,0.344137,0.625005,part2a21_soft_caution_overlay,artifacts_part2_g532/predictions/g532_final_consensus_tape.csv
2022-05-10,0,0.2367721708595851,0.7127331385854765,-0.044105,0.695782,0.5,0.608102,0.496177,0.046345,0.75,0.6,0.691137,0.311012,0.364519,0.406823,1,ok,VOO,0.007283,0.007283,0.007283,0.0,1,0.268645,0.816929,0.209328,0.573538,part2a21_soft_caution_overlay,artifacts_part2_g532/predictions/g532_final_consensus_tape.csv
2022-05-11,0,0.225608498291354,0.730136966500123,0.774499,0.672671,0.75,0.592721,0.495298,0.041918,0.75,0.6,0.735082,0.330787,0.37177,0.402078,1,ok,VOO,0.007283,0.007283,0.007283,0.0,0,0.171815,0.737387,0.208817,0.572576,part2a21_soft_caution_overlay,artifacts_part2_g532/predictions/g532_final_consensus_tape.csv
2022-05-12,0,0.2216181323580728,0.6774922856503983,-0.006022,0.241457,0.75,0.588618,0.495064,0.0,0.75,1.0,0.746805,0.560104,0.327934,0.432575,0,weak_score,VOO,0.007283,0.007283,0.007283,0.0,0,0.165749,0.748331,0.19643,0.549288,part2a21_soft_caution_overlay,artifacts_part2_g532/predictions/g532_final_consensus_tape.csv
2022-05-13,0,0.2134515929442552,0.6439018323707367,-0.765566,0.00097,0.5,0.588323,0.495047,0.0,0.75,1.0,0.747649,0.560737,0.346829,0.41888,0,weak_score,VOO,0.007283,0.007283,0.007283,0.0,0,0.17024,0.751757,0.192483,0.541869,part2a21_soft_caution_overlay,artifacts_part2_g532/predictions/g532_final_consensus_tape.csv
2022-05-16,0,0.2005356189785064,0.6254480263012049,0.335853,-0.145245,0.75,0.596682,0.495525,0.0,0.75,0.6,0.723765,0.325694,0.335276,0.427149,0,weak_score,FLAT,0.0,0.0,0.0,0.0,0,0.204995,0.821819,0.203839,0.563217,part2a21_soft_caution_overlay,artifacts_part2_g532/predictions/g532_final_consensus_tape.csv
2022-05-17,0,0.2007242031189207,0.6541914217323529,-0.480647,-0.303454,0.5,0.597838,0.495591,0.0,0.75,0.6,0.720464,0.324209,0.37123,0.402428,0,weak_score,FLAT,0.0,0.0,0.0,0.0,0,0.206721,0.818728,0.207316,0.569755,part2a21_soft_caution_overlay,artifacts_part2_g532/predictions/g532_final_consensus_tape.csv
2022-05-18,0,0.2139266645182879,0.4521102379214545,1.262043,0.372416,0.75,0.622354,0.496992,0.0,0.75,0.6,0.650418,0.292688,0.403512,0.382549,0,weak_score,FLAT,0.0,0.0,0.0,0.0,1,0.183883,0.702785,0.395205,0.642562,part2a21_soft_caution_overlay,artifacts_part2_g532/predictions/g532_final_consensus_tape.csv
2022-05-19,0,0.2094081120999937,0.5221436829128188,0.158295,0.31323,0.75,0.613734,0.496499,0.0,0.75,0.6,0.675046,0.303771,0.393293,0.388626,0,weak_score,FLAT,0.0,0.0,0.0,0.0,1,0.196456,0.715423,0.32294,0.617597,part2a21_soft_caution_overlay,artifacts_part2_g532/predictions/g532_final_consensus_tape.csv
2022-05-20,0,0.2109440110147733,0.4724760170383466,-0.038595,0.460581,0.75,0.604868,0.495992,0.0,0.75,0.6,0.700378,0.31517,0.391809,0.389524,0,weak_score,FLAT,0.0,0.0,0.0,0.0,1,0.18152,0.723196,0.278729,0.601912,part2a21_soft_caution_overlay,artifacts_part2_g532/predictions/g532_final_consensus_tape.csv
2022-05-23,0,0.2046391186618469,0.5441131193890495,-0.570374,-0.150225,0.5,0.600477,0.495742,0.0,0.75,0.6,0.712924,0.320816,0.378707,0.397642,0,weak_score,FLAT,0.0,0.0,0.0,0.0,0,0.223457,0.818718,0.207328,0.569776,part2a21_soft_caution_overlay,artifacts_part2_g532/predictions/g532_final_consensus_tape.csv
2022-05-24,0,0.2083150538245424,0.499560884669553,0.184217,-0.141584,0.75,0.598255,0.495615,0.0,0.75,0.6,0.719271,0.323672,0.385225,0.393561,0,weak_score,FLAT,0.0,0.0,0.0,0.0,0,0.182275,0.731235,0.23321,0.585408,part2a21_soft_caution_overlay,artifacts_part2_g532/predictions/g532_final_consensus_tape.csv
2022-05-25,0,0.20240280541251,0.5710674898644758,-0.467782,-0.284646,0.5,0.596081,0.49549,0.0,0.75,0.6,0.725484,0.326468,0.371767,0.40208,0,weak_score,FLAT,0.0,0.0,0.0,0.0,0,0.207383,0.825213,0.199992,0.555984,part2a21_soft_caution_overlay,artifacts_part2_g532/predictions/g532_final_consensus_tape.csv
2022-05-26,0,0.2030359804357905,0.5282388870547171,-0.479529,-0.254365,0.5,0.588129,0.495036,0.0,0.75,1.0,0.748203,0.561152,0.384518,0.394,0,weak_score,FLAT,0.0,0.0,0.0,0.0,0,0.184133,0.839781,0.183109,0.524245,part2a21_soft_caution_overlay,artifacts_part2_g532/predictions/g532_final_consensus_tape.csv
2022-05-27,0,0.2047375787418118,0.4955828559929162,-0.407743,-0.451685,0.5,0.591599,0.495234,0.0,0.75,1.0,0.738287,0.553716,0.375222,0.399858,0,weak_score,FLAT,0.0,0.0,0.0,0.0,0,0.199292,0.836154,0.187371,0.532257,part2a21_soft_caution_overlay,artifacts_part2_g532/predictions/g532_final_consensus_tape.csv
2022-05-30,0,0.202035721014187,0.5304890612993193,0.471491,-0.138594,0.75,0.589402,0.495109,0.0,0.75,1.0,0.744565,0.558424,0.37179,0.402065,0,weak_score,FLAT,0.0,0.0,0.0,0.0,0,0.194588,0.841024,0.18164,0.521483,part2a21_soft_caution_overlay,artifacts_part2_g532/predictions/g532_final_consensus_tape.csv
2022-05-31,0,0.1961691338904335,0.6097590606124287,0.587286,0.217011,0.75,0.586289,0.494931,0.0,0.75,1.0,0.753461,0.565096,0.345661,0.419701,0,weak_score,FLAT,0.0,0.0,0.0,0.0,0,0.184343,0.845977,0.175736,0.510384,part2a21_soft_caution_overlay,artifacts_part2_g532/predictions/g532_final_consensus_tape.csv
2022-06-01,0,0.1960406906916909,0.6295292760006522,0.727211,0.595329,0.75,0.58787,0.495021,0.003901,0.75,1.0,0.748942,0.561706,0.224622,0.526735,1,ok,FLAT,0.0,0.0,0.0,0.0,0,0.189892,0.843648,0.178522,0.515621,part2a21_soft_caution_overlay,artifacts_part2_g532/predictions/g532_final_consensus_tape.csv
2022-06-02,0,0.2017086546567656,0.560303732279911,-0.072449,0.414016,0.5,0.587948,0.495026,0.0,0.75,1.0,0.748721,0.561541,0.215882,0.536617,0,weak_score,FLAT,0.0,0.0,0.0,0.0,0,0.196976,0.84706,0.174435,0.507938,part2a21_soft_caution_overlay,artifacts_part2_g532/predictions/g532_final_consensus_tape.csv
2022-06-03,0,0.2032908955526684,0.5241350370323301,1.200718,0.618493,0.75,0.585898,0.494908,0.017029,0.75,1.0,0.754576,0.565932,0.236025,0.514376,1,ok,FLAT,0.0,0.0,0.0,0.0,0,0.186818,0.848527,0.172667,0.504614,part2a21_soft_caution_overlay,artifacts_part2_g532/predictions/g532_final_consensus_tape.csv
2022-06-06,0,0.2050215792535523,0.5219063243487875,0.424556,0.517608,0.5,0.580111,0.494578,0.0,0.75,1.0,0.771113,0.578334,0.214408,0.53832,0,weak_score,FLAT,0.0,0.0,0.0,0.0,0,0.168265,0.857746,0.161389,0.483411,part2a21_soft_caution_overlay,artifacts_part2_g532/predictions/g532_final_consensus_tape.csv
2022-06-07,0,0.202826940631241,0.5486485725717686,0.222136,0.615803,0.5,0.587498,0.495,0.0148,0.75,1.0,0.750007,0.562505,0.180623,0.580554,1,ok,FLAT,0.0,0.0,0.0,0.0,0,0.190956,0.845428,0.176395,0.511623,part2a21_soft_caution_overlay,artifacts_part2_g532/predictions/g532_final_consensus_tape.csv
2022-06-08,0,0.2014983846404418,0.5538782969905562,0.607022,0.417904,0.75,0.582684,0.494725,0.0,0.75,1.0,0.763759,0.572819,0.194594,0.562311,0,weak_score,FLAT,0.0,0.0,0.0,0.0,0,0.178558,0.854708,0.165138,0.490459,part2a21_soft_caution_overlay,artifacts_part2_g532/predictions/g532_final_consensus_tape.csv
2022-06-09,0,0.2026656349650236,0.571100844201799,1.010532,0.61323,0.75,0.584799,0.494846,0.014845,0.75,1.0,0.757718,0.568289,0.223209,0.528308,1,ok,FLAT,0.0,0.0,0.0,0.0,0,0.183712,0.850512,0.170263,0.500095,part2a21_soft_caution_overlay,artifacts_part2_g532/predictions/g532_final_consensus_tape.csv
2022-06-10,0,0.2130990179914405,0.5099850301670347,1.068932,0.895495,0.75,0.591159,0.495209,0.159435,0.75,0.6,0.739545,0.332795,0.209503,0.544067,1,ok,FLAT,0.0,0.0,0.0,0.0,0,0.171847,0.742871,0.20265,0.560982,part2a21_soft_caution_overlay,artifacts_part2_g532/predictions/g532_final_consensus_tape.csv
2022-06-13,0,0.21147559141237,0.5318976482916334,0.995315,1.024926,0.75,0.615384,0.496593,0.217308,0.75,0.6,0.670333,0.30165,0.227903,0.523119,1,ok,VOO,0.005144,0.005144,0.005144,0.0,1,0.192457,0.712704,0.338449,0.623024,part2a21_soft_caution_overlay,artifacts_part2_g532/predictions/g532_final_consensus_tape.csv
2022-06-14,0,0.2056631027867674,0.6659981929234995,-0.111569,0.650893,0.5,0.63219,0.497554,0.010013,0.75,0.6,0.622313,0.280041,0.228643,0.522309,1,ok,VOO,0.005144,0.005144,0.005144,0.0,1,0.228765,0.699487,0.414138,0.648972,part2a21_soft_caution_overlay,artifacts_part2_g532/predictions/g532_final_consensus_tape.csv
2022-06-15,0,0.2590198359014902,0.5023877797698278,-0.567285,0.105487,0.5,0.655662,0.498895,0.0,0.75,0.6,0.555252,0.249864,0.230021,0.520811,0,weak_score,VOO,0.005144,0.005144,0.005144,0.0,1,0.24057,0.674766,0.589974,0.65,part2a21_soft_caution_overlay,artifacts_part2_g532/predictions/g532_final_consensus_tape.csv
2022-06-16,0,0.2867543743939437,0.5294042473157663,0.749764,0.023637,0.75,0.694839,0.501134,0.0,0.65,0.6,0.443316,0.172893,0.254848,0.495198,0,high_risk_veto,VOO,0.005144,0.005144,0.005144,0.0,1,0.337989,0.727527,0.784539,0.65,part2a21_soft_caution_overlay,artifacts_part2_g532/predictions/g532_final_consensus_tape.csv
2022-06-17,0,0.3511155398472653,0.5503914256832719,-0.465023,-0.094181,0.5,0.659031,0.499087,0.0,0.65,0.6,0.545625,0.212794,0.261229,0.489018,0,high_risk_veto,VOO,0.005144,0.005144,0.005144,0.0,1,0.346029,0.769898,0.481889,0.65,part2a21_soft_caution_overlay,artifacts_part2_g532/predictions/g532_final_consensus_tape.csv
2022-06-20,0,0.2872168219779035,0.5019424949296689,-0.136052,0.049563,0.75,0.595132,0.495436,0.0,0.65,0.6,0.728194,0.283996,0.244919,0.505133,0,high_risk_veto,FLAT,0.0,0.0,0.0,0.0,0,0.179326,0.734412,0.215281,0.578804,part2a21_soft_caution_overlay,artifacts_part2_g532/predictions/g532_final_consensus_tape.csv
2022-06-21,0,0.4296654212450944,0.6513002135616399,-0.878163,-0.493079,0.5,0.657485,0.498999,0.0,0.65,0.6,0.550043,0.214517,0.307661,0.448301,0,high_risk_veto,FLAT,0.0,0.0,0.0,0.0,1,0.332446,0.76922,0.486734,0.65,part2a21_soft_caution_overlay,artifacts_part2_g532/predictions/g532_final_consensus_tape.csv
2022-06-22,0,0.2647815577758456,0.4947542623276206,-0.280783,-0.431666,0.75,0.61437,0.496535,0.0,0.75,0.6,0.673229,0.302953,0.309824,0.446569,0,weak_score,FLAT,0.0,0.0,0.0,0.0,1,0.208629,0.716951,0.314232,0.614534,part2a21_soft_caution_overlay,artifacts_part2_g532/predictions/g532_final_consensus_tape.csv
2022-06-23,0,0.3821150062948039,0.5910219849947851,-0.657289,-0.605412,0.5,0.641274,0.498073,0.0,0.65,0.6,0.59636,0.23258,0.303966,0.451291,0,high_risk_veto,FLAT,0.0,0.0,0.0,0.0,1,0.311041,0.784104,0.38764,0.639986,part2a21_soft_caution_overlay,artifacts_part2_g532/predictions/g532_final_consensus_tape.csv
2022-06-24,0,0.3168707514602312,0.5228411473287303,-0.96332,-0.633797,0.5,0.611128,0.49635,0.0,0.65,0.6,0.682492,0.266172,0.349399,0.417085,0,high_risk_veto,FLAT,0.0,0.0,0.0,0.0,1,0.206692,0.720456,0.294292,0.607471,part2a21_soft_caution_overlay,artifacts_part2_g532/predictions/g532_final_consensus_tape.csv
2022-06-27,0,0.2585682079839906,0.4857708534431699,0.14797,-0.49088,0.75,0.602166,0.495838,0.0,0.75,0.6,0.708097,0.318644,0.3283,0.432302,0,weak_score,FLAT,0.0,0.0,0.0,0.0,1,0.189298,0.727885,0.252155,0.592322,part2a21_soft_caution_overlay,artifacts_part2_g532/predictions/g532_final_consensus_tape.csv
2022-06-28,0,0.2310255242850819,0.4466255973319693,0.533905,-0.093815,0.75,0.608021,0.496173,0.0,0.75,0.6,0.691368,0.311116,0.351366,0.41572,0,weak_score,FLAT,0.0,0.0,0.0,0.0,1,0.191836,0.721371,0.289093,0.605618,part2a21_soft_caution_overlay,artifacts_part2_g532/predictions/g532_final_consensus_tape.csv
2022-06-29,0,0.2765082307418195,0.5076066950723269,-0.544635,0.045747,0.5,0.616684,0.496668,0.0,0.65,0.6,0.666618,0.259981,0.353066,0.414548,0,high_risk_veto,FLAT,0.0,0.0,0.0,0.0,1,0.211784,0.714784,0.326582,0.618875,part2a21_soft_caution_overlay,artifacts_part2_g532/predictions/g532_final_consensus_tape.csv
2022-06-30,0,0.2899124761219826,0.5150189054644245,-0.349348,-0.120026,0.75,0.608674,0.49621,0.0,0.65,0.6,0.689503,0.268906,0.294789,0.458893,0,high_risk_veto,FLAT,0.0,0.0,0.0,0.0,1,0.197788,0.721711,0.287162,0.604929,part2a21_soft_caution_overlay,artifacts_part2_g532/predictions/g532_final_consensus_tape.csv
2022-07-01,0,0.2627469780969605,0.523577524515222,-0.924977,-0.60632,0.5,0.605068,0.496004,0.0,0.75,0.6,0.699806,0.314913,0.294817,0.458869,0,weak_score,FLAT,0.0,0.0,0.0,0.0,1,0.186238,0.723844,0.275053,0.600593,part2a21_soft_caution_overlay,artifacts_part2_g532/predictions/g532_final_consensus_tape.csv
2022-07-04,0,0.2612672137617038,0.5169357453651195,-0.743888,-0.672738,0.75,0.598967,0.495655,0.0,0.75,0.6,0.717238,0.322757,0.294817,0.458869,0,weak_score,FLAT,0.0,0.0,0.0,0.0,0,0.180446,0.730041,0.239959,0.587879,part2a21_soft_caution_overlay,artifacts_part2_g532/predictions/g532_final_consensus_tape.csv
2022-07-05,0,0.2300253054201038,0.4602569844325185,-1.056223,-0.908363,0.5,0.590003,0.495143,0.0,0.75,0.6,0.742848,0.334282,0.248256,0.50175,0,weak_score,FLAT,0.0,0.0,0.0,0.0,0,0.168246,0.744914,0.200332,0.556624,part2a21_soft_caution_overlay,artifacts_part2_g532/predictions/g532_final_consensus_tape.csv
2022-07-06,0,0.2495247106166823,0.4972294392067335,-0.707566,-0.835892,0.5,0.592961,0.495312,0.0,0.75,0.6,0.734398,0.330479,0.247126,0.502891,0,weak_score,FLAT,0.0,0.0,0.0,0.0,0,0.17271,0.737039,0.209205,0.573306,part2a21_soft_caution_overlay,artifacts_part2_g532/predictions/g532_final_consensus_tape.csv
2022-07-07,0,0.2806133464421368,0.5282371413314321,-0.706062,-0.823283,0.5,0.591091,0.495205,0.0,0.65,0.6,0.739739,0.288498,0.267083,0.483482,0,high_risk_veto,FLAT,0.0,0.0,0.0,0.0,0,0.180594,0.747866,0.196962,0.550288,part2a21_soft_caution_overlay,artifacts_part2_g532/predictions/g532_final_consensus_tape.csv
2022-07-08,0,0.2441908300512524,0.4689935572569384,-0.071649,-0.495092,0.5,0.586469,0.494941,0.0,0.75,1.0,0.752945,0.564709,0.200933,0.554406,0,weak_score,FLAT,0.0,0.0,0.0,0.0,0,0.161863,0.753571,0.190381,0.537916,part2a21_soft_caution_overlay,artifacts_part2_g532/predictions/g532_final_consensus_tape.csv
2022-07-11,0,0.1985070482112615,0.4346992033144765,0.229054,-0.182886,0.75,0.611163,0.496352,0.0,0.75,0.6,0.682393,0.307077,0.219969,0.53195,0,weak_score,FLAT,0.0,0.0,0.0,0.0,0,0.214594,0.8019,0.286088,0.604546,part2a21_soft_caution_overlay,artifacts_part2_g532/predictions/g532_final_consensus_tape.csv
2022-07-12,0,0.2670388557464555,0.5100176985629479,-0.01786,0.046515,0.75,0.588785,0.495073,0.0,0.65,0.6,0.746327,0.291068,0.196731,0.55962,0,high_risk_veto,FLAT,0.0,0.0,0.0,0.0,0,0.171421,0.750815,0.193572,0.543915,part2a21_soft_caution_overlay,artifacts_part2_g532/predictions/g532_final_consensus_tape.csv
2022-07-13,0,0.2015428338147368,0.5207512468698423,-0.274348,-0.021051,0.75,0.586734,0.494956,0.0,0.75,1.0,0.752188,0.564141,0.198025,0.558005,0,weak_score,FLAT,0.0,0.0,0.0,0.0,0,0.155751,0.742833,0.195212,0.546998,part2a21_soft_caution_overlay,artifacts_part2_g532/predictions/g532_final_consensus_tape.csv
2022-07-14,0,0.2133066278083037,0.5980402664246594,-0.360268,-0.217492,0.5,0.579769,0.494558,0.0,0.75,1.0,0.772089,0.579067,0.183582,0.576592,0,weak_score,FLAT,0.0,0.0,0.0,0.0,0,0.115121,0.664765,0.192984,0.542811,part2a21_soft_caution_overlay,artifacts_part2_g532/predictions/g532_final_consensus_tape.csv
2022-07-15,0,0.223599717213868,0.6025149670504463,-0.63042,-0.421679,0.5,0.573965,0.494227,0.0,0.75,1.0,0.788672,0.591504,0.199122,0.556642,0,weak_score,FLAT,0.0,0.0,0.0,0.0,0,0.10908,0.680958,0.173886,0.506907,part2a21_soft_caution_overlay,artifacts_part2_g532/predictions/g532_final_consensus_tape.csv
2022-07-18,0,0.2109110600404602,0.5168778045760214,0.05609,-0.311533,0.75,0.575464,0.494312,0.0,0.75,1.0,0.784389,0.588292,0.202064,0.553019,0,weak_score,FLAT,0.0,0.0,0.0,0.0,0,0.106672,0.674771,0.181278,0.520803,part2a21_soft_caution_overlay,artifacts_part2_g532/predictions/g532_final_consensus_tape.csv
2022-07-19,0,0.223185618180962,0.5770919863237217,-0.680949,-0.418426,0.5,0.574613,0.494264,0.0,0.75,1.0,0.78682,0.590115,0.251848,0.498159,0,weak_score,FLAT,0.0,0.0,0.0,0.0,0,0.105212,0.676827,0.178835,0.51621,part2a21_soft_caution_overlay,artifacts_part2_g532/predictions/g532_final_consensus_tape.csv
2022-07-20,0,0.2035621614649353,0.4909271253272624,-0.037865,-0.220908,0.5,0.585953,0.494912,0.0,0.75,1.0,0.75442,0.565815,0.248798,0.501205,0,weak_score,FLAT,0.0,0.0,0.0,0.0,0,0.152713,0.743867,0.194021,0.54476,part2a21_soft_caution_overlay,artifacts_part2_g532/predictions/g532_final_consensus_tape.csv
2022-07-21,0,0.1982121441752706,0.4976145271404135,0.059707,-0.219702,0.5,0.584337,0.494819,0.0,0.75,1.0,0.759037,0.569278,0.230766,0.520003,0,weak_score,FLAT,0.0,0.0,0.0,0.0,0,0.148878,0.747307,0.190039,0.537273,part2a21_soft_caution_overlay,artifacts_part2_g532/predictions/g532_final_consensus_tape.csv
2022-07-22,0,0.2045453718987515,0.4864506721562137,0.662647,0.228163,0.75,0.583089,0.494748,0.0,0.75,1.0,0.762602,0.571952,0.254279,0.495757,0,weak_score,FLAT,0.0,0.0,0.0,0.0,0,0.152421,0.753373,0.182931,0.523911,part2a21_soft_caution_overlay,artifacts_part2_g532/predictions/g532_final_consensus_tape.csv
2022-07-25,0,0.2206472250021872,0.5640174979344849,0.2808,0.334385,0.75,0.574515,0.494258,0.0,0.75,1.0,0.787099,0.590324,0.233749,0.516797,0,weak_score,FLAT,0.0,0.0,0.0,0.0,0,0.105224,0.677155,0.178444,0.515475,part2a21_soft_caution_overlay,artifacts_part2_g532/predictions/g532_final_consensus_tape.csv
2022-07-26,0,0.206023393179196,0.5162330681422519,0.497129,0.480192,0.75,0.5841,0.494806,0.0,0.75,1.0,0.759714,0.569786,0.23508,0.515378,0,weak_score,FLAT,0.0,0.0,0.0,0.0,0,0.145748,0.74644,0.191046,0.539166,part2a21_soft_caution_overlay,artifacts_part2_g532/predictions/g532_final_consensus_tape.csv
2022-07-27,0,0.22650839126867,0.5765840388648327,-0.889742,-0.037271,0.5,0.571713,0.494098,0.0,0.75,1.0,0.795106,0.59633,0.25208,0.497929,0,weak_score,FLAT,0.0,0.0,0.0,0.0,0,0.105217,0.686288,0.167419,0.494748,part2a21_soft_caution_overlay,artifacts_part2_g532/predictions/g532_final_consensus_tape.csv
2022-07-28,0,0.2115726906903982,0.5156394546205402,-0.012747,-0.13512,0.5,0.575914,0.494338,0.0,0.75,1.0,0.783104,0.587328,0.252117,0.497892,0,weak_score,FLAT,0.0,0.0,0.0,0.0,0,0.110079,0.675058,0.180938,0.520163,part2a21_soft_caution_overlay,artifacts_part2_g532/predictions/g532_final_consensus_tape.csv
2022-07-29,0,0.2221607893567324,0.5654797647211645,-0.23191,-0.378133,0.5,0.576183,0.494353,0.0,0.75,1.0,0.782335,0.586751,0.2508,0.499202,0,weak_score,FLAT,0.0,0.0,0.0,0.0,0,0.105626,0.671824,0.184757,0.527343,part2a21_soft_caution_overlay,artifacts_part2_g532/predictions/g532_final_consensus_tape.csv
2022-08-01,0,0.2131185560204589,0.5283925508255579,0.281786,0.012376,0.75,0.5732,0.494183,0.0,0.75,1.0,0.790856,0.593142,0.255156,0.494896,0,weak_score,FLAT,0.0,0.0,0.0,0.0,0,0.105128,0.681421,0.173327,0.505856,part2a21_soft_caution_overlay,artifacts_part2_g532/predictions/g532_final_consensus_tape.csv
2022-08-02,0,0.1901961931984054,0.5261246734042208,0.514777,0.188218,0.75,0.576699,0.494383,0.0,0.75,1.0,0.780861,0.585646,0.207273,0.546719,0,weak_score,FLAT,0.0,0.0,0.0,0.0,0,0.137139,0.766423,0.167254,0.494437,part2a21_soft_caution_overlay,artifacts_part2_g532/predictions/g532_final_consensus_tape.csv
2022-08-03,0,0.1701560163397782,0.4894297609688982,-0.115257,0.227102,0.5,0.585343,0.494877,0.0,0.75,1.0,0.756163,0.567122,0.211283,0.541966,0,weak_score,FLAT,0.0,0.0,0.0,0.0,0,0.147867,0.743343,0.194625,0.545894,part2a21_soft_caution_overlay,artifacts_part2_g532/predictions/g532_final_consensus_tape.csv
2022-08-04,0,0.1818415726427588,0.4988467341138735,0.532042,0.310521,0.5,0.585402,0.49488,0.0,0.75,1.0,0.755995,0.566996,0.214551,0.538154,0,weak_score,FLAT,0.0,0.0,0.0,0.0,0,0.145018,0.741605,0.196621,0.549648,part2a21_soft_caution_overlay,artifacts_part2_g532/predictions/g532_final_consensus_tape.csv
2022-08-05,0,0.2282042768606222,0.6307595951863599,0.957635,0.45814,0.75,0.573008,0.494172,0.0,0.75,1.0,0.791406,0.593554,0.180277,0.581022,0,weak_score,FLAT,0.0,0.0,0.0,0.0,0,0.104148,0.681545,0.173178,0.505575,part2a21_soft_caution_overlay,artifacts_part2_g532/predictions/g532_final_consensus_tape.csv
2022-08-08,0,0.2059320677897748,0.5407122514091448,0.775432,0.755036,0.75,0.585132,0.494865,0.088729,0.75,1.0,0.756766,0.567575,0.189676,0.5686,1,ok,VOO,0.004295,0.004295,0.004295,0.0,0,0.14897,0.744657,0.193109,0.543045,part2a21_soft_caution_overlay,artifacts_part2_g532/predictions/g532_final_consensus_tape.csv
2022-08-09,0,0.2391554068254246,0.6554388120548433,0.777392,0.83682,0.75,0.570601,0.494034,0.13798,0.75,1.0,0.798283,0.598713,0.169846,0.595456,1,ok,VOO,0.004295,0.004295,0.004295,0.0,0,0.098737,0.686582,0.167059,0.494071,part2a21_soft_caution_overlay,artifacts_part2_g532/predictions/g532_final_consensus_tape.csv
2022-08-10,0,0.2012001625580888,0.6393930156661916,0.029374,0.527399,0.5,0.582999,0.494743,0.0,0.75,1.0,0.76286,0.572145,0.159038,0.611191,0,weak_score,VOO,0.004295,0.004295,0.004295,0.0,0,0.174066,0.851419,0.16916,0.49802,part2a21_soft_caution_overlay,artifacts_part2_g532/predictions/g532_final_consensus_tape.csv
2022-08-11,0,0.1888486652457524,0.561002516800146,0.922292,0.576353,0.75,0.586537,0.494945,0.0,0.65,0.6,0.75275,0.293573,0.158968,0.611294,0,high_risk_veto,VOO,0.004295,0.004295,0.004295,0.0,0,0.185877,0.845954,0.175764,0.510437,part2a21_soft_caution_overlay,artifacts_part2_g532/predictions/g532_final_consensus_tape.csv
2022-08-12,0,0.1954453961859513,0.6336169038397698,0.334925,0.428864,0.5,0.582597,0.49472,0.0,0.65,0.6,0.76401,0.297964,0.157201,0.613947,0,high_risk_veto,VOO,0.004295,0.004295,0.004295,0.0,0,0.173235,0.852296,0.168092,0.496012,part2a21_soft_caution_overlay,artifacts_part2_g532/predictions/g532_final_consensus_tape.csv
2022-08-15,0,0.1890615883102341,0.5877565209276074,0.608222,0.621813,0.5,0.581464,0.494655,0.021031,0.65,0.6,0.767246,0.299226,0.139888,0.64121,0,high_risk_veto,FLAT,0.0,0.0,0.0,0.0,0,0.170836,0.854722,0.165121,0.490427,part2a21_soft_caution_overlay,artifacts_part2_g532/predictions/g532_final_consensus_tape.csv
2022-08-16,0,0.192554066764239,0.6058110592510817,0.800821,0.581323,0.75,0.58462,0.494835,0.0,0.65,0.6,0.758229,0.295709,0.14031,0.640517,0,high_risk_veto,FLAT,0.0,0.0,0.0,0.0,0,0.178226,0.848284,0.172961,0.505167,part2a21_soft_caution_overlay,artifacts_part2_g532/predictions/g532_final_consensus_tape.csv
2022-08-17,0,0.2035599854561627,0.6033549814126932,0.881543,0.763529,0.75,0.581254,0.494643,0.094997,0.65,0.6,0.767847,0.29946,0.138456,0.643574,0,high_risk_veto,FLAT,0.0,0.0,0.0,0.0,0,0.168379,0.854156,0.165816,0.491733,part2a21_soft_caution_overlay,artifacts_part2_g532/predictions/g532_final_consensus_tape.csv
2022-08-18,0,0.1983173055745422,0.6349801908733758,0.478257,0.720207,0.5,0.584357,0.49482,0.070916,0.65,0.6,0.758979,0.296002,0.128243,0.66095,0,high_risk_veto,FLAT,0.0,0.0,0.0,0.0,0,0.174754,0.847356,0.17408,0.50727,part2a21_soft_caution_overlay,artifacts_part2_g532/predictions/g532_final_consensus_tape.csv
2022-08-19,0,0.2068317383376179,0.6342277777955841,0.963036,0.774279,0.75,0.579711,0.494555,0.101322,0.65,0.6,0.772255,0.30118,0.12998,0.657929,0,high_risk_veto,FLAT,0.0,0.0,0.0,0.0,0,0.144587,0.767014,0.174491,0.508043,part2a21_soft_caution_overlay,artifacts_part2_g532/predictions/g532_final_consensus_tape.csv
2022-08-22,0,0.2279871828610573,0.6686497735845683,0.965048,0.802114,0.75,0.603668,0.495924,0.104647,0.65,0.6,0.703805,0.274484,0.158527,0.611954,0,high_risk_veto,FLAT,0.0,0.0,0.0,0.0,1,0.18579,0.725431,0.266055,0.597353,part2a21_soft_caution_overlay,artifacts_part2_g532/predictions/g532_final_consensus_tape.csv
2022-08-23,0,0.2357031768946383,0.6358098679621867,0.341791,0.756625,0.75,0.595241,0.495442,0.084727,0.65,0.6,0.727883,0.283874,0.158025,0.612707,0,high_risk_veto,FLAT,0.0,0.0,0.0,0.0,0,0.179828,0.734376,0.215483,0.578879,part2a21_soft_caution_overlay,artifacts_part2_g532/predictions/g532_final_consensus_tape.csv
2022-08-24,0,0.2281767541958769,0.6463216198472798,0.329799,0.545546,0.5,0.589505,0.495115,0.0,0.65,0.6,0.744272,0.290266,0.126366,0.664246,0,high_risk_veto,FLAT,0.0,0.0,0.0,0.0,0,0.168731,0.746898,0.19807,0.552371,part2a21_soft_caution_overlay,artifacts_part2_g532/predictions/g532_final_consensus_tape.csv
2022-08-25,0,0.2185765624376606,0.585267109629345,0.020987,0.230859,0.5,0.585278,0.494873,0.0,0.65,0.6,0.756347,0.294975,0.128361,0.660744,0,high_risk_veto,FLAT,0.0,0.0,0.0,0.0,0,0.157943,0.755509,0.188124,0.533674,part2a21_soft_caution_overlay,artifacts_part2_g532/predictions/g532_final_consensus_tape.csv
2022-08-26,0,0.2199330371116632,0.651182101196321,1.357481,0.569422,0.75,0.593426,0.495339,0.0,0.75,0.6,0.733069,0.329881,0.20038,0.555087,0,weak_score,FLAT,0.0,0.0,0.0,0.0,0,0.159814,0.732778,0.224496,0.582206,part2a21_soft_caution_overlay,artifacts_part2_g532/predictions/g532_final_consensus_tape.csv
2022-08-29,0,0.2335027474390019,0.5847113091954527,0.456259,0.611576,0.75,0.615602,0.496606,0.0,0.75,0.6,0.669708,0.301369,0.199305,0.556415,0,weak_score,FLAT,0.0,0.0,0.0,0.0,1,0.25061,0.803372,0.277732,0.601554,part2a21_soft_caution_overlay,artifacts_part2_g532/predictions/g532_final_consensus_tape.csv
2022-08-30,0,0.2187981166449778,0.6398982818625033,0.391975,0.735238,0.75,0.595967,0.495484,0.073145,0.75,0.6,0.725809,0.326614,0.19808,0.557936,1,ok,FLAT,0.0,0.0,0.0,0.0,0,0.170144,0.731686,0.230663,0.584473,part2a21_soft_caution_overlay,artifacts_part2_g532/predictions/g532_final_consensus_tape.csv
2022-08-31,0,0.2325952948138466,0.6611652973460445,0.263647,0.370627,0.75,0.600684,0.495753,0.0,0.75,0.6,0.712331,0.320549,0.196296,0.560166,0,weak_score,FLAT,0.0,0.0,0.0,0.0,0,0.176224,0.727195,0.256058,0.593738,part2a21_soft_caution_overlay,artifacts_part2_g532/predictions/g532_final_consensus_tape.csv
2022-09-01,0,0.231489349894992,0.6503648270420702,0.143084,0.266236,0.75,0.610854,0.496335,0.0,0.75,0.6,0.683274,0.307473,0.211485,0.541729,0,weak_score,FLAT,0.0,0.0,0.0,0.0,1,0.243124,0.807633,0.253579,0.592839,part2a21_soft_caution_overlay,artifacts_part2_g532/predictions/g532_final_consensus_tape.csv
2022-09-02,0,0.2158940479766452,0.598689546748619,0.458043,0.288258,0.75,0.582802,0.494732,0.0,0.75,1.0,0.763423,0.572567,0.21939,0.532607,0,weak_score,FLAT,0.0,0.0,0.0,0.0,0,0.14059,0.754642,0.189135,0.535573,part2a21_soft_caution_overlay,artifacts_part2_g532/predictions/g532_final_consensus_tape.csv
2022-09-05,0,0.2253576473032144,0.6065134751790756,0.069454,0.223527,0.75,0.593435,0.495339,0.0,0.75,0.6,0.733044,0.32987,0.211364,0.541871,0,weak_score,FLAT,0.0,0.0,0.0,0.0,0,0.167218,0.734162,0.216693,0.579326,part2a21_soft_caution_overlay,artifacts_part2_g532/predictions/g532_final_consensus_tape.csv
2022-09-06,0,0.2333899632122606,0.6223941851428845,0.32513,0.284209,0.75,0.581721,0.49467,0.0,0.75,1.0,0.766512,0.574884,0.218965,0.533088,0,weak_score,FLAT,0.0,0.0,0.0,0.0,0,0.139359,0.757629,0.185642,0.529007,part2a21_soft_caution_overlay,artifacts_part2_g532/predictions/g532_final_consensus_tape.csv
2022-09-07,0,0.2084984244653615,0.6824827496037195,-0.237085,0.0525,0.5,0.57241,0.494138,0.0,0.75,1.0,0.793114,0.594835,0.226168,0.525024,0,weak_score,FLAT,0.0,0.0,0.0,0.0,0,0.070053,0.595025,0.19196,0.540884,part2a21_soft_caution_overlay,artifacts_part2_g532/predictions/g532_final_consensus_tape.csv
2022-09-08,0,0.2078299029168023,0.6251379439152284,0.278715,0.122254,0.5,0.572409,0.494138,0.0,0.75,1.0,0.793117,0.594838,0.229255,0.521643,0,weak_score,FLAT,0.0,0.0,0.0,0.0,0,0.068545,0.594221,0.192889,0.542632,part2a21_soft_caution_overlay,artifacts_part2_g532/predictions/g532_final_consensus_tape.csv
2022-09-09,0,0.2077193225428017,0.6354468530179576,-0.030244,0.003795,0.5,0.572189,0.494125,0.0,0.75,1.0,0.793745,0.595309,0.165301,0.601973,0,weak_score,FLAT,0.0,0.0,0.0,0.0,0,0.069174,0.595306,0.191634,0.540272,part2a21_soft_caution_overlay,artifacts_part2_g532/predictions/g532_final_consensus_tape.csv
2022-09-12,0,0.2085392241015937,0.7025241265451015,0.304678,0.184383,0.5,0.569016,0.493944,0.0,0.75,1.0,0.802811,0.602108,0.172591,0.591588,0,weak_score,FLAT,0.0,0.0,0.0,0.0,0,0.072139,0.607479,0.17731,0.513342,part2a21_soft_caution_overlay,artifacts_part2_g532/predictions/g532_final_consensus_tape.csv
2022-09-13,0,0.2078853621889906,0.6567064957800769,1.742074,0.672169,0.75,0.601406,0.495795,0.037271,0.75,0.6,0.710268,0.319621,0.270088,0.480688,1,ok,FLAT,0.0,0.0,0.0,0.0,0,0.062483,0.547777,0.382724,0.638308,part2a21_soft_caution_overlay,artifacts_part2_g532/predictions/g532_final_consensus_tape.csv
2022-09-14,0,0.2075359213715787,0.6414750161203112,0.060746,0.7025,0.5,0.573978,0.494227,0.066729,0.75,1.0,0.788635,0.591476,0.268913,0.481776,1,ok,FLAT,0.0,0.0,0.0,0.0,0,0.077351,0.593601,0.193605,0.543977,part2a21_soft_caution_overlay,artifacts_part2_g532/predictions/g532_final_consensus_tape.csv
2022-09-15,0,0.2077894404819674,0.6620832767192082,0.651109,0.817976,0.75,0.575018,0.494287,0.126213,0.75,0.6,0.785664,0.353549,0.267198,0.483374,1,ok,FLAT,0.0,0.0,0.0,0.0,0,0.075734,0.589162,0.198699,0.553554,part2a21_soft_caution_overlay,artifacts_part2_g532/predictions/g532_final_consensus_tape.csv
2022-09-16,0,0.2082479685513061,0.7038115999156064,0.382389,0.364748,0.75,0.577227,0.494413,0.0,0.75,0.6,0.779352,0.350708,0.2572,0.492902,0,weak_score,FLAT,0.0,0.0,0.0,0.0,0,0.074981,0.581057,0.20786,0.570777,part2a21_soft_caution_overlay,artifacts_part2_g532/predictions/g532_final_consensus_tape.csv
2022-09-19,0,0.2085197540189314,0.7266917186617189,0.096707,0.376735,0.5,0.57073,0.494042,0.0,0.75,1.0,0.797914,0.598436,0.261896,0.488381,0,weak_score,FLAT,0.0,0.0,0.0,0.0,0,0.073248,0.602378,0.183366,0.524729,part2a21_soft_caution_overlay,artifacts_part2_g532/predictions/g532_final_consensus_tape.csv
2022-09-20,0,0.2083852476650897,0.7421141536705775,0.460008,0.313034,0.75,0.57134,0.494077,0.0,0.75,1.0,0.796172,0.597129,0.261343,0.488909,0,weak_score,FLAT,0.0,0.0,0.0,0.0,0,0.069649,0.598432,0.187997,0.533435,part2a21_soft_caution_overlay,artifacts_part2_g532/predictions/g532_final_consensus_tape.csv
2022-09-21,0,0.2082120102363136,0.7108006720828257,0.663983,0.406899,0.75,0.574584,0.494262,0.0,0.75,0.6,0.786902,0.354106,0.274825,0.476349,0,weak_score,FLAT,0.0,0.0,0.0,0.0,0,0.076025,0.590811,0.196813,0.550009,part2a21_soft_caution_overlay,artifacts_part2_g532/predictions/g532_final_consensus_tape.csv
2022-09-22,0,0.2064859931913546,0.5603942897870775,0.461233,0.528408,0.75,0.577092,0.494405,0.0,0.75,1.0,0.779738,0.584804,0.270641,0.480177,0,weak_score,FLAT,0.0,0.0,0.0,0.0,0,0.114516,0.682838,0.182823,0.523707,part2a21_soft_caution_overlay,artifacts_part2_g532/predictions/g532_final_consensus_tape.csv
2022-09-23,0,0.208693098536008,0.763810269245746,0.39007,0.505095,0.75,0.627897,0.497308,0.0,0.75,0.6,0.634579,0.285561,0.257981,0.492144,0,weak_score,FLAT,0.0,0.0,0.0,0.0,1,0.140771,0.611348,0.49164,0.65,part2a21_soft_caution_overlay,artifacts_part2_g532/predictions/g532_final_consensus_tape.csv
2022-09-26,0,0.2061762780561193,0.5062136097258821,0.149113,0.333472,0.75,0.632177,0.497553,0.0,0.75,0.6,0.622353,0.280059,0.245946,0.504088,0,weak_score,FLAT,0.0,0.0,0.0,0.0,1,0.076264,0.514846,0.609511,0.65,part2a21_soft_caution_overlay,artifacts_part2_g532/predictions/g532_final_consensus_tape.csv
2022-09-27,0,0.2070861125896488,0.6078454525596465,0.135106,0.224763,0.5,0.597606,0.495577,0.0,0.75,0.6,0.721125,0.324506,0.175571,0.587446,0,weak_score,FLAT,0.0,0.0,0.0,0.0,1,0.135517,0.64603,0.278622,0.601873,part2a21_soft_caution_overlay,artifacts_part2_g532/predictions/g532_final_consensus_tape.csv
2022-09-28,0,0.2076753864250194,0.6755589569559595,-0.421628,-0.045803,0.5,0.575662,0.494324,0.0,0.75,0.6,0.783823,0.35272,0.172173,0.592174,0,weak_score,FLAT,0.0,0.0,0.0,0.0,0,0.075589,0.586855,0.201325,0.558492,part2a21_soft_caution_overlay,artifacts_part2_g532/predictions/g532_final_consensus_tape.csv
2022-09-29,0,0.207822476995911,0.6802956382578675,0.758582,0.157354,0.75,0.606626,0.496093,0.0,0.75,0.6,0.695355,0.31291,0.183146,0.577173,0,weak_score,FLAT,0.0,0.0,0.0,0.0,1,0.145203,0.637087,0.329499,0.619897,part2a21_soft_caution_overlay,artifacts_part2_g532/predictions/g532_final_consensus_tape.csv
2022-09-30,0,0.2083193427467573,0.7274206530960471,0.43476,0.257238,0.75,0.581761,0.494672,0.0,0.75,0.6,0.766399,0.344879,0.186869,0.572254,0,weak_score,FLAT,0.0,0.0,0.0,0.0,0,0.076402,0.573835,0.234427,0.585854,part2a21_soft_caution_overlay,artifacts_part2_g532/predictions/g532_final_consensus_tape.csv
2022-10-03,0,0.2086716629887618,0.7651081658725545,-0.71516,0.159394,0.5,0.577353,0.49442,0.0,0.75,0.6,0.77899,0.350546,0.196374,0.560068,0,weak_score,FLAT,0.0,0.0,0.0,0.0,0,0.070677,0.57822,0.211026,0.576729,part2a21_soft_caution_overlay,artifacts_part2_g532/predictions/g532_final_consensus_tape.csv
2022-10-04,0,0.2083803064230422,0.7325834740525551,-0.594,-0.291467,0.5,0.571155,0.494066,0.0,0.75,1.0,0.796699,0.597524,0.254485,0.495555,0,weak_score,FLAT,0.0,0.0,0.0,0.0,0,0.072628,0.60063,0.185424,0.528598,part2a21_soft_caution_overlay,artifacts_part2_g532/predictions/g532_final_consensus_tape.csv
2022-10-05,0,0.207562705795271,0.7238530500078265,0.334698,-0.324821,0.75,0.569137,0.493951,0.0,0.75,0.6,0.802466,0.36111,0.229656,0.521206,0,weak_score,FLAT,0.0,0.0,0.0,0.0,0,0.033147,0.511659,0.201953,0.559671,part2a21_soft_caution_overlay,artifacts_part2_g532/predictions/g532_final_consensus_tape.csv
2022-10-06,0,0.2039639075441059,0.7905177371772666,0.603584,0.11476,0.75,0.575244,0.4943,0.0,0.75,0.6,0.785018,0.353258,0.230169,0.52065,0,weak_score,FLAT,0.0,0.0,0.0,0.0,0,0.077752,0.594836,0.198338,0.552876,part2a21_soft_caution_overlay,artifacts_part2_g532/predictions/g532_final_consensus_tape.csv
2022-10-07,0,0.207366048414959,0.76678417063866,1.249435,0.729239,0.75,0.568339,0.493905,0.083296,0.75,0.6,0.804746,0.362136,0.244012,0.506061,1,ok,FLAT,0.0,0.0,0.0,0.0,0,0.033563,0.514647,0.198554,0.553282,part2a21_soft_caution_overlay,artifacts_part2_g532/predictions/g532_final_consensus_tape.csv
2022-10-10,0,0.2147173923800195,0.7405792994806187,0.338402,0.730473,0.75,0.579144,0.494523,0.078782,0.75,0.6,0.773874,0.348243,0.24091,0.509259,1,ok,VOO,0.002096,0.002096,0.002096,0.0,1,0.02897,0.493395,0.267238,0.59778,part2a21_soft_caution_overlay,artifacts_part2_g532/predictions/g532_final_consensus_tape.csv
2022-10-11,0,0.2155362847040476,0.7520585404221128,0.355044,0.647627,0.75,0.579744,0.494557,0.035351,0.75,0.6,0.772159,0.347472,0.242552,0.507561,1,ok,VOO,0.002096,0.002096,0.002096,0.0,1,0.02779,0.492456,0.27256,0.599696,part2a21_soft_caution_overlay,artifacts_part2_g532/predictions/g532_final_consensus_tape.csv
2022-10-12,0,0.214773180305635,0.7360598955721117,-0.011769,0.227226,0.75,0.57511,0.494292,0.0,0.75,0.6,0.7854,0.35343,0.243482,0.506604,0,weak_score,VOO,0.002096,0.002096,0.002096,0.0,0,0.028844,0.498189,0.240098,0.587929,part2a21_soft_caution_overlay,artifacts_part2_g532/predictions/g532_final_consensus_tape.csv
2022-10-13,0,0.2136141653752359,0.7452046366833592,-0.646774,-0.101166,0.5,0.57063,0.494036,0.0,0.75,0.6,0.7982,0.35919,0.278384,0.473141,0,weak_score,VOO,0.002096,0.002096,0.002096,0.0,0,0.033069,0.5064,0.207877,0.570809,part2a21_soft_caution_overlay,artifacts_part2_g532/predictions/g532_final_consensus_tape.csv
2022-10-14,0,0.2088869921552586,0.7770246114985251,0.71576,0.019072,0.75,0.569512,0.493972,0.0,0.75,0.6,0.801395,0.360628,0.285781,0.466608,0,weak_score,VOO,0.002096,0.002096,0.002096,0.0,0,0.033616,0.510613,0.203137,0.561897,part2a21_soft_caution_overlay,artifacts_part2_g532/predictions/g532_final_consensus_tape.csv
2022-10-17,0,0.2094072424008679,0.765289045842786,-0.775858,-0.235624,0.5,0.569105,0.493949,0.0,0.75,0.6,0.802557,0.36115,0.301527,0.453287,0,weak_score,FLAT,0.0,0.0,0.0,0.0,0,0.035955,0.513302,0.200088,0.556165,part2a21_soft_caution_overlay,artifacts_part2_g532/predictions/g532_final_consensus_tape.csv
2022-10-18,0,0.2064689903778246,0.7526501673970453,-0.066536,-0.042211,0.5,0.574248,0.494243,0.0,0.75,1.0,0.787864,0.590898,0.27091,0.47993,0,weak_score,FLAT,0.0,0.0,0.0,0.0,0,0.079431,0.599156,0.193378,0.543551,part2a21_soft_caution_overlay,artifacts_part2_g532/predictions/g532_final_consensus_tape.csv
2022-10-19,0,0.2104161791275215,0.7278038493771457,0.254265,-0.196043,0.75,0.5674,0.493851,0.0,0.75,1.0,0.807429,0.605572,0.26869,0.481983,0,weak_score,FLAT,0.0,0.0,0.0,0.0,0,0.036572,0.519489,0.192994,0.542828,part2a21_soft_caution_overlay,artifacts_part2_g532/predictions/g532_final_consensus_tape.csv
2022-10-20,0,0.1925255178874145,0.8239533533646418,0.324211,0.170647,0.75,0.570626,0.494036,0.0,0.75,1.0,0.798211,0.598658,0.267103,0.483462,0,weak_score,FLAT,0.0,0.0,0.0,0.0,0,0.075974,0.60951,0.181269,0.520786,part2a21_soft_caution_overlay,artifacts_part2_g532/predictions/g532_final_consensus_tape.csv
2022-10-21,0,0.1916319731024741,0.8675422143516771,-0.402711,0.058588,0.5,0.569554,0.493975,0.0,0.75,1.0,0.801273,0.600955,0.246923,0.503096,0,weak_score,FLAT,0.0,0.0,0.0,0.0,0,0.074423,0.612248,0.178012,0.514663,part2a21_soft_caution_overlay,artifacts_part2_g532/predictions/g532_final_consensus_tape.csv
2022-10-24,0,0.1921654395118848,0.8683252185868103,-0.050954,-0.043151,0.5,0.569461,0.493969,0.0,0.75,1.0,0.80154,0.601155,0.246615,0.503408,0,weak_score,FLAT,0.0,0.0,0.0,0.0,0,0.074247,0.612465,0.177753,0.514176,part2a21_soft_caution_overlay,artifacts_part2_g532/predictions/g532_final_consensus_tape.csv
2022-10-25,0,0.1910007920696198,0.834802718296778,-0.239587,-0.231084,0.5,0.572571,0.494147,0.0,0.75,1.0,0.792654,0.59449,0.231254,0.519476,0,weak_score,FLAT,0.0,0.0,0.0,0.0,0,0.077154,0.603624,0.188191,0.5338,part2a21_soft_caution_overlay,artifacts_part2_g532/predictions/g532_final_consensus_tape.csv
2022-10-26,0,0.1913019953027845,0.8361655170361214,0.774959,0.161473,0.75,0.572173,0.494124,0.0,0.75,1.0,0.793792,0.595344,0.243891,0.506184,0,weak_score,FLAT,0.0,0.0,0.0,0.0,0,0.075886,0.604294,0.187409,0.532329,part2a21_soft_caution_overlay,artifacts_part2_g532/predictions/g532_final_consensus_tape.csv
2022-10-27,0,0.1905401147333695,0.8284596975335417,0.550053,0.361808,0.75,0.574244,0.494243,0.0,0.75,1.0,0.787875,0.590906,0.226462,0.524701,0,weak_score,FLAT,0.0,0.0,0.0,0.0,0,0.07568,0.59715,0.195688,0.547894,part2a21_soft_caution_overlay,artifacts_part2_g532/predictions/g532_final_consensus_tape.csv
2022-10-28,0,0.1925096402339366,0.8475374414654645,-0.515772,0.269747,0.5,0.573001,0.494171,0.0,0.75,1.0,0.791427,0.59357,0.22651,0.524647,0,weak_score,FLAT,0.0,0.0,0.0,0.0,0,0.079054,0.603185,0.188704,0.534763,part2a21_soft_caution_overlay,artifacts_part2_g532/predictions/g532_final_consensus_tape.csv
2022-10-31,0,0.1917641246845509,0.7940679240361618,0.433333,0.155871,0.75,0.604323,0.495961,0.0,0.75,0.6,0.701935,0.315871,0.211709,0.541466,0,weak_score,FLAT,0.0,0.0,0.0,0.0,1,0.070625,0.551187,0.393888,0.642114,part2a21_soft_caution_overlay,artifacts_part2_g532/predictions/g532_final_consensus_tape.csv
2022-11-01,0,0.1909824426048081,0.8235390499938391,0.470417,0.129326,0.75,0.573705,0.494212,0.0,0.75,1.0,0.789414,0.59206,0.214871,0.537783,0,weak_score,FLAT,0.0,0.0,0.0,0.0,0,0.077036,0.599719,0.192728,0.542328,part2a21_soft_caution_overlay,artifacts_part2_g532/predictions/g532_final_consensus_tape.csv
2022-11-02,0,0.2011818182900733,0.2995333611129078,0.903428,0.602393,0.75,0.580093,0.494577,0.011615,0.75,1.0,0.771163,0.578372,0.256845,0.493248,1,ok,FLAT,0.0,0.0,0.0,0.0,0,0.118658,0.700536,0.192067,0.541087,part2a21_soft_caution_overlay,artifacts_part2_g532/predictions/g532_final_consensus_tape.csv
2022-11-03,0,0.2063914401449567,0.3706492721178029,0.400994,0.591613,0.75,0.577328,0.494419,0.00743,0.75,1.0,0.779063,0.584297,0.259483,0.490693,1,ok,FLAT,0.0,0.0,0.0,0.0,0,0.119125,0.710071,0.180896,0.520085,part2a21_soft_caution_overlay,artifacts_part2_g532/predictions/g532_final_consensus_tape.csv
2022-11-04,0,0.2074625120743814,0.3652058235680637,-0.418695,0.295243,0.5,0.570585,0.494033,0.0,0.75,1.0,0.798328,0.598746,0.249525,0.500476,0,weak_score,FLAT,0.0,0.0,0.0,0.0,0,0.082437,0.633257,0.177102,0.512951,part2a21_soft_caution_overlay,artifacts_part2_g532/predictions/g532_final_consensus_tape.csv
2022-11-07,0,0.2024997454992609,0.309514444384069,-0.231728,-0.083143,0.5,0.579346,0.494534,0.0,0.75,1.0,0.773297,0.579972,0.24907,0.500932,0,weak_score,FLAT,0.0,0.0,0.0,0.0,0,0.124382,0.7061,0.185581,0.528892,part2a21_soft_caution_overlay,artifacts_part2_g532/predictions/g532_final_consensus_tape.csv
2022-11-08,0,0.1996723655782935,0.2913047926113102,-0.203449,-0.284624,0.5,0.578004,0.494457,0.0,0.75,1.0,0.777132,0.582849,0.248235,0.501771,0,weak_score,FLAT,0.0,0.0,0.0,0.0,0,0.119204,0.707863,0.183507,0.524994,part2a21_soft_caution_overlay,artifacts_part2_g532/predictions/g532_final_consensus_tape.csv
2022-11-09,0,0.2033029610721302,0.3136185272223767,0.420838,-0.00478,0.75,0.578945,0.494511,0.0,0.75,1.0,0.774441,0.580831,0.269635,0.481107,0,weak_score,FLAT,0.0,0.0,0.0,0.0,0,0.119454,0.70484,0.187058,0.531669,part2a21_soft_caution_overlay,artifacts_part2_g532/predictions/g532_final_consensus_tape.csv
2022-11-10,0,0.2014000251766148,0.312857432214585,-1.321109,-0.367907,0.5,0.585276,0.494873,0.0,0.75,0.6,0.756354,0.340359,0.306799,0.448995,0,weak_score,FLAT,0.0,0.0,0.0,0.0,0,0.140011,0.694301,0.19923,0.554552,part2a21_soft_caution_overlay,artifacts_part2_g532/predictions/g532_final_consensus_tape.csv
2022-11-11,0,0.1977082452387507,0.277497694921461,-0.079781,-0.326684,0.5,0.582915,0.494738,0.0,0.75,1.0,0.763101,0.572326,0.278124,0.473373,0,weak_score,FLAT,0.0,0.0,0.0,0.0,0,0.132002,0.69808,0.194901,0.546414,part2a21_soft_caution_overlay,artifacts_part2_g532/predictions/g532_final_consensus_tape.csv
2022-11-14,0,0.1963601087440458,0.2658739097059188,0.523741,-0.292383,0.75,0.583764,0.494787,0.0,0.75,0.6,0.760674,0.342303,0.279775,0.471898,0,weak_score,FLAT,0.0,0.0,0.0,0.0,0,0.129967,0.694059,0.199506,0.555071,part2a21_soft_caution_overlay,artifacts_part2_g532/predictions/g532_final_consensus_tape.csv
2022-11-15,0,0.200231622546944,0.2966196621676341,0.073493,0.172484,0.5,0.580604,0.494606,0.0,0.75,1.0,0.769701,0.577276,0.278615,0.472934,0,weak_score,FLAT,0.0,0.0,0.0,0.0,0,0.126311,0.702888,0.189337,0.535954,part2a21_soft_caution_overlay,artifacts_part2_g532/predictions/g532_final_consensus_tape.csv
2022-11-16,0,0.2001927250056963,0.3035675829049786,0.5353,0.377511,0.75,0.584892,0.494851,0.0,0.75,0.6,0.75745,0.340853,0.258297,0.491839,0,weak_score,FLAT,0.0,0.0,0.0,0.0,0,0.125694,0.687791,0.206594,0.568397,part2a21_soft_caution_overlay,artifacts_part2_g532/predictions/g532_final_consensus_tape.csv
2022-11-17,0,0.208302461689613,0.3749608010664413,0.223131,0.277308,0.75,0.580136,0.494579,0.0,0.75,0.6,0.771041,0.346968,0.253999,0.496032,0,weak_score,FLAT,0.0,0.0,0.0,0.0,0,0.088759,0.604056,0.210769,0.576245,part2a21_soft_caution_overlay,artifacts_part2_g532/predictions/g532_final_consensus_tape.csv
2022-11-18,0,0.2054529138478482,0.3556033063492504,0.215364,0.324598,0.75,0.581926,0.494681,0.0,0.75,0.6,0.765926,0.344667,0.244572,0.505488,0,weak_score,FLAT,0.0,0.0,0.0,0.0,0,0.12253,0.696356,0.196881,0.550136,part2a21_soft_caution_overlay,artifacts_part2_g532/predictions/g532_final_consensus_tape.csv
2022-11-21,0,0.1949246720163583,0.2744530447482409,0.424244,0.28758,0.75,0.579192,0.494525,0.0,0.75,1.0,0.773738,0.580304,0.237822,0.512482,0,weak_score,FLAT,0.0,0.0,0.0,0.0,0,0.123344,0.706071,0.185615,0.528957,part2a21_soft_caution_overlay,artifacts_part2_g532/predictions/g532_final_consensus_tape.csv
2022-11-22,0,0.1959146905235653,0.2788810097949296,-0.194832,0.148259,0.5,0.578144,0.494465,0.0,0.75,1.0,0.776732,0.582549,0.239926,0.510282,0,weak_score,FLAT,0.0,0.0,0.0,0.0,0,0.120137,0.707886,0.18348,0.524943,part2a21_soft_caution_overlay,artifacts_part2_g532/predictions/g532_final_consensus_tape.csv
2022-11-23,0,0.1948539775835555,0.2683026494243775,-0.041893,0.062506,0.5,0.580129,0.494579,0.0,0.75,1.0,0.77106,0.578295,0.193691,0.563455,0,weak_score,FLAT,0.0,0.0,0.0,0.0,0,0.121704,0.702041,0.190322,0.537805,part2a21_soft_caution_overlay,artifacts_part2_g532/predictions/g532_final_consensus_tape.csv
2022-11-24,0,0.192873430624426,0.2404389765291487,0.229138,-0.002529,0.75,0.576807,0.494389,0.0,0.75,1.0,0.780551,0.585413,0.121453,0.673032,0,weak_score,FLAT,0.0,0.0,0.0,0.0,0,0.118073,0.711247,0.179499,0.517458,part2a21_soft_caution_overlay,artifacts_part2_g532/predictions/g532_final_consensus_tape.csv
2022-11-25,0,0.1943332586435252,0.2464273575436356,0.324122,0.170456,0.75,0.577192,0.494411,0.0,0.75,1.0,0.779452,0.584589,0.105844,0.702555,0,weak_score,FLAT,0.0,0.0,0.0,0.0,0,0.126376,0.714288,0.175867,0.51063,part2a21_soft_caution_overlay,artifacts_part2_g532/predictions/g532_final_consensus_tape.csv
2022-11-28,0,0.2000892528698086,0.2900115186898248,0.395439,0.316233,0.75,0.583581,0.494776,0.0,0.75,0.6,0.761196,0.342538,0.131695,0.654973,0,weak_score,FLAT,0.0,0.0,0.0,0.0,0,0.129195,0.694271,0.199264,0.554617,part2a21_soft_caution_overlay,artifacts_part2_g532/predictions/g532_final_consensus_tape.csv
2022-11-29,0,0.2021243500778236,0.3044139893462879,0.292577,0.337379,0.75,0.581904,0.49468,0.0,0.75,1.0,0.765989,0.574492,0.132686,0.653277,0,weak_score,FLAT,0.0,0.0,0.0,0.0,0,0.123902,0.697174,0.195943,0.548374,part2a21_soft_caution_overlay,artifacts_part2_g532/predictions/g532_final_consensus_tape.csv
2022-11-30,0,0.1977922564036137,0.6049149271694941,-0.892017,-0.068,0.5,0.573725,0.494213,0.0,0.75,1.0,0.789357,0.592018,0.150717,0.623881,0,weak_score,FLAT,0.0,0.0,0.0,0.0,0,0.07079,0.588115,0.196677,0.549752,part2a21_soft_caution_overlay,artifacts_part2_g532/predictions/g532_final_consensus_tape.csv
2022-12-01,0,0.1884786625518624,0.5518790019491555,0.212114,-0.129109,0.5,0.576702,0.494383,0.0,0.75,0.6,0.780851,0.351383,0.164195,0.603581,0,weak_score,FLAT,0.0,0.0,0.0,0.0,0,0.070406,0.577553,0.208631,0.572227,part2a21_soft_caution_overlay,artifacts_part2_g532/predictions/g532_final_consensus_tape.csv
2022-12-02,0,0.1933941717765607,0.581640935597497,0.297231,-0.127557,0.75,0.576157,0.494352,0.0,0.75,0.6,0.78241,0.352084,0.160723,0.608683,0,weak_score,FLAT,0.0,0.0,0.0,0.0,0,0.071403,0.58002,0.205866,0.567029,part2a21_soft_caution_overlay,artifacts_part2_g532/predictions/g532_final_consensus_tape.csv
2022-12-05,0,0.202318420834683,0.6242027477912034,0.655009,0.388118,0.75,0.579726,0.494556,0.0,0.75,0.6,0.772211,0.347495,0.164916,0.602532,0,weak_score,FLAT,0.0,0.0,0.0,0.0,0,0.071034,0.57244,0.226406,0.582909,part2a21_soft_caution_overlay,artifacts_part2_g532/predictions/g532_final_consensus_tape.csv
2022-12-06,0,0.2062246773401974,0.6381120300664321,0.568077,0.506772,0.75,0.582162,0.494695,0.0,0.75,0.6,0.765252,0.344363,0.185555,0.57398,0,weak_score,FLAT,0.0,0.0,0.0,0.0,0,0.071543,0.569626,0.242305,0.588735,part2a21_soft_caution_overlay,artifacts_part2_g532/predictions/g532_final_consensus_tape.csv
2022-12-07,0,0.2176691057247527,0.6808587487049467,0.032852,0.418646,0.75,0.613352,0.496477,0.0,0.75,0.6,0.676138,0.304262,0.187112,0.571935,0,weak_score,FLAT,0.0,0.0,0.0,0.0,1,0.079957,0.53421,0.451089,0.65,part2a21_soft_caution_overlay,artifacts_part2_g532/predictions/g532_final_consensus_tape.csv
2022-12-08,0,0.219430738101902,0.7037240714565455,-0.261824,0.113035,0.5,0.592364,0.495278,0.0,0.75,0.6,0.736103,0.331247,0.207545,0.546394,0,weak_score,FLAT,0.0,0.0,0.0,0.0,1,0.014318,0.466698,0.372781,0.634901,part2a21_soft_caution_overlay,artifacts_part2_g532/predictions/g532_final_consensus_tape.csv
2022-12-09,0,0.2197205393921613,0.7059257810382391,0.34469,0.038573,0.75,0.584501,0.494829,0.0,0.75,0.6,0.75857,0.341356,0.2075,0.546448,0,weak_score,FLAT,0.0,0.0,0.0,0.0,1,0.019778,0.477101,0.313381,0.614234,part2a21_soft_caution_overlay,artifacts_part2_g532/predictions/g532_final_consensus_tape.csv
2022-12-12,0,0.2222823046653756,0.7078544525973416,-0.123461,-0.013532,0.5,0.597212,0.495555,0.0,0.75,0.6,0.722252,0.325014,0.212813,0.540175,0,weak_score,FLAT,0.0,0.0,0.0,0.0,1,0.008149,0.459763,0.412552,0.648437,part2a21_soft_caution_overlay,artifacts_part2_g532/predictions/g532_final_consensus_tape.csv
2022-12-13,0,0.2173742568221154,0.6119108211395089,-0.001771,0.073153,0.5,0.569533,0.493973,0.0,0.75,0.6,0.801333,0.3606,0.212458,0.54059,0,weak_score,FLAT,0.0,0.0,0.0,0.0,0,0.027598,0.499052,0.206953,0.569071,part2a21_soft_caution_overlay,artifacts_part2_g532/predictions/g532_final_consensus_tape.csv
2022-12-14,0,0.1942672806202963,0.5820888407985686,0.364599,0.079789,0.75,0.572581,0.494148,0.0,0.75,1.0,0.792625,0.594468,0.176791,0.585767,0,weak_score,FLAT,0.0,0.0,0.0,0.0,0,0.069494,0.591328,0.19298,0.542802,part2a21_soft_caution_overlay,artifacts_part2_g532/predictions/g532_final_consensus_tape.csv
2022-12-15,0,0.22546200604306,0.6847546764471294,0.896785,0.419871,0.75,0.574384,0.494251,0.0,0.75,0.6,0.787474,0.354363,0.210645,0.542717,0,weak_score,FLAT,0.0,0.0,0.0,0.0,0,0.025397,0.490235,0.238862,0.587478,part2a21_soft_caution_overlay,artifacts_part2_g532/predictions/g532_final_consensus_tape.csv
2022-12-16,0,0.2178324267315391,0.6927789694482919,0.234579,0.498654,0.75,0.573561,0.494203,0.0,0.75,0.6,0.789826,0.355422,0.211526,0.541681,0,weak_score,FLAT,0.0,0.0,0.0,0.0,0,0.025635,0.491263,0.233051,0.58535,part2a21_soft_caution_overlay,artifacts_part2_g532/predictions/g532_final_consensus_tape.csv
2022-12-19,0,0.2197407006427584,0.7238591418014452,0.317039,0.482801,0.75,0.576214,0.494355,0.0,0.75,0.6,0.782245,0.35201,0.212629,0.54039,0,weak_score,FLAT,0.0,0.0,0.0,0.0,0,0.024343,0.487851,0.252349,0.592392,part2a21_soft_caution_overlay,artifacts_part2_g532/predictions/g532_final_consensus_tape.csv
2022-12-20,0,0.2199013972582928,0.689680982304521,-0.03252,0.173033,0.75,0.570575,0.494033,0.0,0.75,0.6,0.798356,0.35926,0.202764,0.552164,0,weak_score,FLAT,0.0,0.0,0.0,0.0,0,0.027137,0.495124,0.211339,0.577317,part2a21_soft_caution_overlay,artifacts_part2_g532/predictions/g532_final_consensus_tape.csv
2022-12-21,0,0.204256546272227,0.6296828151936709,-0.342517,-0.019333,0.5,0.575122,0.494293,0.0,0.75,0.6,0.785365,0.353414,0.210169,0.543279,0,weak_score,FLAT,0.0,0.0,0.0,0.0,0,0.072974,0.584483,0.200822,0.557545,part2a21_soft_caution_overlay,artifacts_part2_g532/predictions/g532_final_consensus_tape.csv
2022-12-22,0,0.2143729080678705,0.6973216875271887,0.512516,0.045826,0.75,0.575599,0.49432,0.0,0.75,0.6,0.784002,0.352801,0.207376,0.546596,0,weak_score,FLAT,0.0,0.0,0.0,0.0,0,0.023616,0.488448,0.248966,0.591163,part2a21_soft_caution_overlay,artifacts_part2_g532/predictions/g532_final_consensus_tape.csv
2022-12-23,0,0.2107558436424227,0.6812522531327622,-0.159271,0.003576,0.5,0.568169,0.493895,0.0,0.75,0.6,0.80523,0.362354,0.216518,0.535885,0,weak_score,FLAT,0.0,0.0,0.0,0.0,0,0.028876,0.504509,0.200792,0.55749,part2a21_soft_caution_overlay,artifacts_part2_g532/predictions/g532_final_consensus_tape.csv
2022-12-26,0,0.2026042584474403,0.6246888738289808,-0.094736,0.086169,0.75,0.577496,0.494428,0.0,0.75,0.6,0.778582,0.350362,0.195581,0.561065,0,weak_score,FLAT,0.0,0.0,0.0,0.0,0,0.068455,0.57462,0.214111,0.578371,part2a21_soft_caution_overlay,artifacts_part2_g532/predictions/g532_final_consensus_tape.csv
2022-12-27,0,0.2184967869373749,0.610667814022588,0.161034,-0.030991,0.75,0.575225,0.494299,0.0,0.75,0.6,0.785072,0.353282,0.198967,0.556834,0,weak_score,FLAT,0.0,0.0,0.0,0.0,0,0.024874,0.489132,0.245098,0.589754,part2a21_soft_caution_overlay,artifacts_part2_g532/predictions/g532_final_consensus_tape.csv
2022-12-28,0,0.3443152558515403,0.6291664667209086,-0.065052,0.000415,0.75,0.571818,0.494104,0.0,0.65,0.6,0.794807,0.309975,0.200111,0.555419,0,high_risk_veto,FLAT,0.0,0.0,0.0,0.0,0,0.025441,0.49331,0.221498,0.581101,part2a21_soft_caution_overlay,artifacts_part2_g532/predictions/g532_final_consensus_tape.csv
2022-12-29,0,0.3594722120051803,0.629011985014684,-0.847719,-0.250579,0.5,0.569803,0.493989,0.0,0.65,0.6,0.800562,0.312219,0.158838,0.611489,0,high_risk_veto,FLAT,0.0,0.0,0.0,0.0,0,0.027443,0.498018,0.208111,0.571249,part2a21_soft_caution_overlay,artifacts_part2_g532/predictions/g532_final_consensus_tape.csv
2022-12-30,0,0.386709322115162,0.7132156907363131,-0.094576,-0.335782,0.75,0.569182,0.493953,0.0,0.65,0.6,0.802338,0.312912,0.146561,0.630421,0,high_risk_veto,FLAT,0.0,0.0,0.0,0.0,0,0.027778,0.500384,0.205457,0.566258,part2a21_soft_caution_overlay,artifacts_part2_g532/predictions/g532_final_consensus_tape.csv
2023-01-02,0,0.3910126789836007,0.7151156722332779,-0.107258,-0.349851,0.75,0.569401,0.493966,0.0,0.65,0.6,0.801713,0.312668,0.146272,0.63088,0,high_risk_veto,FLAT,0.0,0.0,0.0,0.0,0,0.027329,0.499369,0.206597,0.568403,part2a21_soft_caution_overlay,artifacts_part2_g532/predictions/g532_final_consensus_tape.csv
2023-01-03,0,0.3608135008275671,0.6573560196812961,-0.001111,-0.067648,0.75,0.573107,0.494178,0.0,0.65,0.6,0.791124,0.308538,0.158033,0.612696,0,high_risk_veto,FLAT,0.0,0.0,0.0,0.0,0,0.02454,0.4916,0.23115,0.584652,part2a21_soft_caution_overlay,artifacts_part2_g532/predictions/g532_final_consensus_tape.csv
2023-01-04,0,0.3541634657268836,0.6343859659126966,-0.174236,-0.094202,0.5,0.57083,0.494047,0.0,0.65,0.6,0.797628,0.311075,0.140624,0.640002,0,high_risk_veto,FLAT,0.0,0.0,0.0,0.0,0,0.024654,0.494342,0.215678,0.578951,part2a21_soft_caution_overlay,artifacts_part2_g532/predictions/g532_final_consensus_tape.csv
2023-01-05,0,0.3630537897960256,0.6587770064495263,0.313466,0.04604,0.75,0.57146,0.494083,0.0,0.65,0.6,0.795828,0.310373,0.130675,0.656729,0,high_risk_veto,FLAT,0.0,0.0,0.0,0.0,0,0.024543,0.493568,0.220043,0.580564,part2a21_soft_caution_overlay,artifacts_part2_g532/predictions/g532_final_consensus_tape.csv
2023-01-06,0,0.4145319858474122,0.7072257390714363,-0.740765,-0.200512,0.5,0.569255,0.493957,0.0,0.65,0.6,0.802128,0.31283,0.129748,0.658331,0,high_risk_veto,FLAT,0.0,0.0,0.0,0.0,0,0.023853,0.497958,0.208179,0.571376,part2a21_soft_caution_overlay,artifacts_part2_g532/predictions/g532_final_consensus_tape.csv
2023-01-09,0,0.3346628866885306,0.5825815784618161,-0.021309,-0.149536,0.5,0.571329,0.494076,0.0,0.65,0.6,0.796202,0.310519,0.130544,0.656955,0,high_risk_veto,FLAT,0.0,0.0,0.0,0.0,0,0.024404,0.493698,0.219308,0.580292,part2a21_soft_caution_overlay,artifacts_part2_g532/predictions/g532_final_consensus_tape.csv
2023-01-10,0,0.4109478342917232,0.6387872676673877,0.017706,-0.248123,0.5,0.566995,0.493828,0.0,0.65,0.6,0.808584,0.315348,0.147097,0.629568,0,high_risk_veto,FLAT,0.0,0.0,0.0,0.0,0,0.029472,0.508877,0.195803,0.54811,part2a21_soft_caution_overlay,artifacts_part2_g532/predictions/g532_final_consensus_tape.csv
2023-01-11,0,0.4326606599842836,0.7091629418758925,-0.148023,-0.050542,0.5,0.564951,0.493712,0.0,0.65,0.6,0.814425,0.317626,0.137919,0.644464,0,high_risk_veto,FLAT,0.0,0.0,0.0,0.0,0,0.030987,0.516625,0.18682,0.531221,part2a21_soft_caution_overlay,artifacts_part2_g532/predictions/g532_final_consensus_tape.csv
2023-01-12,0,0.4482814165362739,0.7098249730489202,0.152792,0.007492,0.5,0.565287,0.493731,0.0,0.65,0.6,0.813466,0.317252,0.127367,0.662484,0,high_risk_veto,FLAT,0.0,0.0,0.0,0.0,0,0.029831,0.514881,0.188856,0.53505,part2a21_soft_caution_overlay,artifacts_part2_g532/predictions/g532_final_consensus_tape.csv
2023-01-13,0,0.4464755338149049,0.7197363130978708,0.219283,0.074684,0.5,0.565089,0.493719,0.0,0.65,0.6,0.814031,0.317472,0.135449,0.648594,0,high_risk_veto,FLAT,0.0,0.0,0.0,0.0,0,0.029302,0.515267,0.188407,0.534205,part2a21_soft_caution_overlay,artifacts_part2_g532/predictions/g532_final_consensus_tape.csv
2023-01-16,0,0.4499630093845673,0.711055727962384,0.406031,0.259369,0.75,0.565451,0.49374,0.0,0.65,0.6,0.812997,0.317069,0.135449,0.648594,0,high_risk_veto,FLAT,0.0,0.0,0.0,0.0,0,0.029776,0.514297,0.189537,0.536329,part2a21_soft_caution_overlay,artifacts_part2_g532/predictions/g532_final_consensus_tape.csv
2023-01-17,0,0.4191826110718826,0.6800825775562336,0.399745,0.341686,0.5,0.566234,0.493785,0.0,0.65,0.6,0.81076,0.316196,0.116157,0.682768,0,high_risk_veto,FLAT,0.0,0.0,0.0,0.0,0,0.029123,0.51129,0.193023,0.542884,part2a21_soft_caution_overlay,artifacts_part2_g532/predictions/g532_final_consensus_tape.csv
2023-01-18,0,0.4118233335714101,0.6586364500172079,0.710478,0.505418,0.75,0.569679,0.493982,0.0,0.65,0.6,0.800916,0.312357,0.199071,0.556705,0,high_risk_veto,FLAT,0.0,0.0,0.0,0.0,0,0.026205,0.497768,0.208391,0.571775,part2a21_soft_caution_overlay,artifacts_part2_g532/predictions/g532_final_consensus_tape.csv
2023-01-19,0,0.359361211560691,0.6291731320407816,0.477571,0.529265,0.75,0.583574,0.494776,0.0,0.65,0.6,0.761218,0.296875,0.194946,0.561866,0,high_risk_veto,FLAT,0.0,0.0,0.0,0.0,1,0.020688,0.478378,0.306112,0.611666,part2a21_soft_caution_overlay,artifacts_part2_g532/predictions/g532_final_consensus_tape.csv
2023-01-20,0,0.3682860088099273,0.6278181300468807,-0.287974,0.300025,0.5,0.57289,0.494165,0.0,0.65,0.6,0.791742,0.30878,0.228736,0.522209,0,high_risk_veto,FLAT,0.0,0.0,0.0,0.0,0,0.025491,0.492037,0.228679,0.583745,part2a21_soft_caution_overlay,artifacts_part2_g532/predictions/g532_final_consensus_tape.csv
2023-01-23,0,0.3841255288069657,0.6163432525162499,0.03334,0.074313,0.5,0.577564,0.494432,0.0,0.65,0.6,0.778388,0.303571,0.237514,0.512806,0,high_risk_veto,FLAT,0.0,0.0,0.0,0.0,0,0.022162,0.485828,0.263802,0.59654,part2a21_soft_caution_overlay,artifacts_part2_g532/predictions/g532_final_consensus_tape.csv
2023-01-24,0,0.3987382923003968,0.6330331540109464,0.596753,0.11404,0.75,0.56808,0.49389,0.0,0.65,0.6,0.805485,0.314139,0.23446,0.516038,0,high_risk_veto,FLAT,0.0,0.0,0.0,0.0,0,0.029079,0.504929,0.200315,0.556592,part2a21_soft_caution_overlay,artifacts_part2_g532/predictions/g532_final_consensus_tape.csv
2023-01-25,0,0.1873081146091545,0.1931670345809988,0.572327,0.400807,0.75,0.574438,0.494254,0.0,0.75,1.0,0.78732,0.59049,0.232694,0.517926,0,weak_score,FLAT,0.0,0.0,0.0,0.0,0,0.076448,0.593555,0.195975,0.548433,part2a21_soft_caution_overlay,artifacts_part2_g532/predictions/g532_final_consensus_tape.csv
2023-01-26,0,0.1887075348116985,0.2097610958968534,0.162252,0.443778,0.5,0.574455,0.494255,0.0,0.75,1.0,0.787271,0.590453,0.240202,0.509994,0,weak_score,FLAT,0.0,0.0,0.0,0.0,0,0.078313,0.594501,0.194888,0.54639,part2a21_soft_caution_overlay,artifacts_part2_g532/predictions/g532_final_consensus_tape.csv
2023-01-27,0,0.1864229924722775,0.1825939014255055,0.498981,0.411187,0.5,0.573746,0.494214,0.0,0.75,1.0,0.789296,0.591972,0.237475,0.512847,0,weak_score,FLAT,0.0,0.0,0.0,0.0,0,0.078628,0.597087,0.191903,0.540777,part2a21_soft_caution_overlay,artifacts_part2_g532/predictions/g532_final_consensus_tape.csv
2023-01-30,0,0.1980963082434007,0.3688304076816189,1.202881,0.621371,0.75,0.576606,0.494377,0.023274,0.75,0.6,0.781127,0.351507,0.244079,0.505992,1,ok,VOO,0.000621,0.000621,0.000621,0.0,0,0.080025,0.588018,0.202289,0.560303,part2a21_soft_caution_overlay,artifacts_part2_g532/predictions/g532_final_consensus_tape.csv
2023-01-31,0,0.1922400014444975,0.2571930270887282,0.320988,0.674283,0.5,0.577042,0.494402,0.050569,0.75,0.6,0.779881,0.350947,0.247585,0.502427,1,ok,VOO,0.000621,0.000621,0.000621,0.0,0,0.0769,0.584781,0.205942,0.56717,part2a21_soft_caution_overlay,artifacts_part2_g532/predictions/g532_final_consensus_tape.csv
2023-02-01,0,0.1873442348525814,0.195157249234239,0.322476,0.615448,0.5,0.574792,0.494274,0.021118,0.75,0.6,0.786308,0.353839,0.174945,0.588312,1,ok,VOO,0.000621,0.000621,0.000621,0.0,0,0.073918,0.590966,0.198938,0.554004,part2a21_soft_caution_overlay,artifacts_part2_g532/predictions/g532_final_consensus_tape.csv
2023-02-02,0,0.1925950490046678,0.2623202051227145,0.30224,0.315235,0.5,0.575935,0.494339,0.0,0.75,0.6,0.783043,0.352369,0.170836,0.594055,0,weak_score,VOO,0.000621,0.000621,0.000621,0.0,0,0.076234,0.588274,0.202,0.559759,part2a21_soft_caution_overlay,artifacts_part2_g532/predictions/g532_final_consensus_tape.csv
2023-02-03,0,0.192516076528136,0.2587057067776225,1.627753,0.750823,0.75,0.57138,0.494079,0.093042,0.75,1.0,0.796058,0.597043,0.140605,0.640033,1,ok,VOO,0.000621,0.000621,0.000621,0.0,0,0.077753,0.604591,0.183131,0.524287,part2a21_soft_caution_overlay,artifacts_part2_g532/predictions/g532_final_consensus_tape.csv
2023-02-06,0,0.1994384726653931,0.3528656861232926,1.344745,1.091579,0.75,0.576065,0.494347,0.267948,0.65,0.6,0.782672,0.305242,0.126801,0.663481,0,high_risk_veto,FLAT,0.0,0.0,0.0,0.0,0,0.082836,0.591421,0.198419,0.553028,part2a21_soft_caution_overlay,artifacts_part2_g532/predictions/g532_final_consensus_tape.csv
2023-02-07,0,0.1987782549481251,0.3496636861183288,0.703955,1.225484,0.5,0.589995,0.495143,0.332716,0.65,0.6,0.742872,0.28972,0.126493,0.664024,0,high_risk_veto,FLAT,0.0,0.0,0.0,0.0,1,0.02319,0.476017,0.347101,0.626035,part2a21_soft_caution_overlay,artifacts_part2_g532/predictions/g532_final_consensus_tape.csv
2023-02-08,0,0.1989830682343007,0.3538928536709103,1.560633,1.203111,0.75,0.577633,0.494436,0.325368,0.65,0.6,0.778191,0.303495,0.160347,0.60924,0,high_risk_veto,FLAT,0.0,0.0,0.0,0.0,0,0.075403,0.581874,0.209198,0.573292,part2a21_soft_caution_overlay,artifacts_part2_g532/predictions/g532_final_consensus_tape.csv
2023-02-09,0,0.2072319467895693,0.46155129879473,1.262884,1.175824,0.75,0.594746,0.495414,0.304987,0.65,0.6,0.729298,0.284426,0.153844,0.619052,0,high_risk_veto,FLAT,0.0,0.0,0.0,0.0,1,0.077439,0.560541,0.321289,0.617018,part2a21_soft_caution_overlay,artifacts_part2_g532/predictions/g532_final_consensus_tape.csv
2023-02-10,0,0.2078688544846774,0.4838403656792809,1.029521,1.284346,0.75,0.579376,0.494536,0.367053,0.65,0.6,0.773213,0.301553,0.15568,0.616249,0,high_risk_veto,FLAT,0.0,0.0,0.0,0.0,0,0.080113,0.579396,0.214403,0.578479,part2a21_soft_caution_overlay,artifacts_part2_g532/predictions/g532_final_consensus_tape.csv
2023-02-13,0,0.2074701050174808,0.4742725729529073,0.482926,0.92511,0.5,0.579242,0.494528,0.180069,0.65,0.6,0.773595,0.301702,0.143324,0.635608,0,high_risk_veto,FLAT,0.0,0.0,0.0,0.0,0,0.082214,0.579981,0.211307,0.577258,part2a21_soft_caution_overlay,artifacts_part2_g532/predictions/g532_final_consensus_tape.csv
2023-02-14,0,0.2013121893870416,0.3969947452200261,0.872058,0.794835,0.5,0.576163,0.494352,0.113665,0.65,0.6,0.782392,0.305133,0.140884,0.639576,0,high_risk_veto,FLAT,0.0,0.0,0.0,0.0,0,0.081144,0.590163,0.199853,0.555724,part2a21_soft_caution_overlay,artifacts_part2_g532/predictions/g532_final_consensus_tape.csv
2023-02-15,0,0.1946305521300028,0.295853842136393,0.96485,0.773278,0.5,0.574314,0.494247,0.103321,0.65,0.6,0.787674,0.307193,0.141442,0.638664,0,high_risk_veto,FLAT,0.0,0.0,0.0,0.0,0,0.078065,0.59485,0.194486,0.545634,part2a21_soft_caution_overlay,artifacts_part2_g532/predictions/g532_final_consensus_tape.csv
2023-02-16,0,0.197204853170808,0.3107224611274479,1.579775,1.138894,0.75,0.576085,0.494348,0.292533,0.5,0.6,0.782615,0.140871,0.145644,0.631882,0,high_risk_veto,FLAT,0.0,0.0,0.0,0.0,0,0.077595,0.588498,0.201745,0.559282,part2a21_soft_caution_overlay,artifacts_part2_g532/predictions/g532_final_consensus_tape.csv
2023-02-17,0,0.2008989629042437,0.3673248971629544,1.196291,1.246972,0.75,0.577468,0.494427,0.348241,0.5,0.6,0.778662,0.140159,0.149733,0.625418,0,high_risk_veto,FLAT,0.0,0.0,0.0,0.0,0,0.078067,0.583929,0.206898,0.568968,part2a21_soft_caution_overlay,artifacts_part2_g532/predictions/g532_final_consensus_tape.csv
2023-02-20,0,0.2005230525110527,0.3645111423143816,1.000132,1.258733,0.75,0.577534,0.49443,0.354336,0.5,0.6,0.778475,0.140126,0.149434,0.625885,0,high_risk_veto,FLAT,0.0,0.0,0.0,0.0,0,0.080303,0.584935,0.205769,0.566845,part2a21_soft_caution_overlay,artifacts_part2_g532/predictions/g532_final_consensus_tape.csv
2023-02-21,0,0.2081912740949818,0.5008436896754466,1.504647,1.23369,0.75,0.591257,0.495215,0.336574,0.5,0.6,0.739265,0.133068,0.132089,0.654298,0,high_risk_veto,FLAT,0.0,0.0,0.0,0.0,1,0.086272,0.566364,0.288158,0.605285,part2a21_soft_caution_overlay,artifacts_part2_g532/predictions/g532_final_consensus_tape.csv
2023-02-22,0,0.2101309555908489,0.7124329220109806,0.928789,1.144523,0.5,0.593629,0.49535,0.288975,0.5,0.6,0.732488,0.131848,0.111303,0.691941,0,high_risk_veto,FLAT,0.0,0.0,0.0,0.0,1,0.082563,0.558007,0.30822,0.612411,part2a21_soft_caution_overlay,artifacts_part2_g532/predictions/g532_final_consensus_tape.csv
2023-02-23,0,0.1981938461506722,0.6476122760718581,0.827898,1.087111,0.5,0.578975,0.494513,0.264513,0.65,0.6,0.774356,0.301999,0.109719,0.694987,0,high_risk_veto,FLAT,0.0,0.0,0.0,0.0,0,0.079644,0.574958,0.212204,0.577665,part2a21_soft_caution_overlay,artifacts_part2_g532/predictions/g532_final_consensus_tape.csv
2023-02-24,0,0.1975636182136013,0.6358051384096175,1.463366,1.073351,0.75,0.578486,0.494485,0.257539,0.65,0.6,0.775754,0.302544,0.103754,0.706705,0,high_risk_veto,FLAT,0.0,0.0,0.0,0.0,0,0.081319,0.577323,0.208888,0.57271,part2a21_soft_caution_overlay,artifacts_part2_g532/predictions/g532_final_consensus_tape.csv
2023-02-27,0,0.202491818482452,0.6737290295812084,0.873071,1.054778,0.5,0.57323,0.494185,0.249925,0.5,0.6,0.790771,0.142339,0.087424,0.740907,0,high_risk_veto,FLAT,0.0,0.0,0.0,0.0,0,0.0806,0.595059,0.188649,0.53466,part2a21_soft_caution_overlay,artifacts_part2_g532/predictions/g532_final_consensus_tape.csv
2023-02-28,0,0.1908165486581759,0.5866038685884779,1.106165,1.147534,0.75,0.576812,0.494389,0.296758,0.5,0.6,0.780537,0.140497,0.081203,0.754824,0,high_risk_veto,FLAT,0.0,0.0,0.0,0.0,0,0.083201,0.58421,0.201132,0.558128,part2a21_soft_caution_overlay,artifacts_part2_g532/predictions/g532_final_consensus_tape.csv
2023-03-01,0,0.2019324807722967,0.6569504570479113,1.312213,1.097149,0.75,0.572629,0.49415,0.272143,0.5,0.6,0.792487,0.142648,0.07519,0.768782,0,high_risk_veto,FLAT,0.0,0.0,0.0,0.0,0,0.08084,0.597208,0.186136,0.529935,part2a21_soft_caution_overlay,artifacts_part2_g532/predictions/g532_final_consensus_tape.csv
2023-03-02,0,0.1887280858033041,0.5821274318332704,0.939637,1.119338,0.5,0.573857,0.49422,0.283199,0.5,0.6,0.788979,0.142016,0.09406,0.726618,0,high_risk_veto,FLAT,0.0,0.0,0.0,0.0,0,0.082097,0.593736,0.190189,0.537556,part2a21_soft_caution_overlay,artifacts_part2_g532/predictions/g532_final_consensus_tape.csv
2023-03-03,0,0.1816640723707499,0.5172003674210188,0.679118,0.976989,0.5,0.572152,0.494123,0.209994,0.5,0.6,0.793851,0.142893,0.09976,0.714777,0,high_risk_veto,FLAT,0.0,0.0,0.0,0.0,0,0.081583,0.599199,0.183796,0.525537,part2a21_soft_caution_overlay,artifacts_part2_g532/predictions/g532_final_consensus_tape.csv
2023-03-06,0,0.203862903727091,0.6033698405733992,1.160369,0.926375,0.5,0.580887,0.494622,0.180025,0.5,0.6,0.768893,0.138401,0.100639,0.712985,0,high_risk_veto,FLAT,0.0,0.0,0.0,0.0,1,0.027077,0.482785,0.281063,0.602748,part2a21_soft_caution_overlay,artifacts_part2_g532/predictions/g532_final_consensus_tape.csv
2023-03-07,0,0.1927228263535028,0.5786035707535088,1.483489,1.107659,0.75,0.602604,0.495863,0.266183,0.5,0.6,0.706846,0.127232,0.121674,0.672633,0,high_risk_veto,FLAT,0.0,0.0,0.0,0.0,1,0.085457,0.547847,0.366201,0.632639,part2a21_soft_caution_overlay,artifacts_part2_g532/predictions/g532_final_consensus_tape.csv
2023-03-08,0,0.1855036842255924,0.5900495239566704,1.00334,1.215733,0.5,0.569236,0.493956,0.33484,0.75,1.0,0.802183,0.601637,0.120802,0.674214,1,ok,FLAT,0.0,0.0,0.0,0.0,0,0.075541,0.605703,0.176065,0.511002,part2a21_soft_caution_overlay,artifacts_part2_g532/predictions/g532_final_consensus_tape.csv
2023-03-09,0,0.1960938360859659,0.6506701074543644,1.423696,1.303508,0.75,0.608124,0.496179,0.367563,0.75,0.6,0.691075,0.310984,0.174223,0.589312,1,ok,FLAT,0.0,0.0,0.0,0.0,0,0.0,0.445793,0.511215,0.65,part2a21_soft_caution_overlay,artifacts_part2_g532/predictions/g532_final_consensus_tape.csv
2023-03-10,0,0.205160296001372,0.665815734416396,1.006302,1.144446,0.75,0.63113,0.497493,0.274667,0.75,0.6,0.625344,0.281405,0.232592,0.518036,1,ok,FLAT,0.0,0.0,0.0,0.0,0,0.0,0.4195,0.699018,0.65,part2a21_soft_caution_overlay,artifacts_part2_g532/predictions/g532_final_consensus_tape.csv
2023-03-13,0,0.2011686157373348,0.6695133989569962,0.1941,0.874699,0.5,0.638111,0.497892,0.127069,0.75,0.6,0.605398,0.272429,0.234303,0.516206,1,ok,VOO,0.00268,0.00268,0.00268,0.0,0,0.0,0.411522,0.756007,0.65,part2a21_soft_caution_overlay,artifacts_part2_g532/predictions/g532_final_consensus_tape.csv
2023-03-14,0,0.2054700549413128,0.6714129545217248,0.057774,0.419392,0.5,0.63178,0.49753,0.0,0.75,0.6,0.623485,0.280568,0.28526,0.467063,0,weak_score,VOO,0.00268,0.00268,0.00268,0.0,0,0.0,0.418756,0.70433,0.65,part2a21_soft_caution_overlay,artifacts_part2_g532/predictions/g532_final_consensus_tape.csv
2023-03-15,0,0.1727634953418954,0.5680973611916839,0.367131,0.206335,0.5,0.668,0.4996,0.0,0.75,0.6,0.52,0.234,0.293936,0.459613,0,weak_score,VOO,0.00268,0.00268,0.00268,0.0,0,0.0,0.377363,1.0,0.65,part2a21_soft_caution_overlay,artifacts_part2_g532/predictions/g532_final_consensus_tape.csv
2023-03-16,0,0.2006710033020111,0.5777615243900837,0.069721,0.164875,0.5,0.616669,0.496667,0.0,0.75,0.6,0.66666,0.299997,0.324985,0.434794,0,weak_score,VOO,0.00268,0.00268,0.00268,0.0,0,0.0,0.436027,0.580972,0.65,part2a21_soft_caution_overlay,artifacts_part2_g532/predictions/g532_final_consensus_tape.csv
2023-03-17,0,0.1684411575754168,0.5194199989924626,0.704392,0.380415,0.75,0.614736,0.496556,0.0,0.75,0.6,0.672181,0.302482,0.329476,0.431424,0,weak_score,VOO,0.00268,0.00268,0.00268,0.0,0,0.0,0.438235,0.565196,0.65,part2a21_soft_caution_overlay,artifacts_part2_g532/predictions/g532_final_consensus_tape.csv
2023-03-20,0,0.1942324861804271,0.621274970962373,0.460823,0.411645,0.5,0.583253,0.494757,0.0,0.75,0.6,0.762135,0.342961,0.341889,0.422377,0,weak_score,FLAT,0.0,0.0,0.0,0.0,1,0.024552,0.479487,0.299801,0.609429,part2a21_soft_caution_overlay,artifacts_part2_g532/predictions/g532_final_consensus_tape.csv
2023-03-21,0,0.188864393828667,0.57586962417417,0.447987,0.537734,0.5,0.571141,0.494065,0.0,0.75,0.6,0.796741,0.358534,0.364071,0.407119,0,weak_score,FLAT,0.0,0.0,0.0,0.0,1,0.030871,0.495205,0.211249,0.577149,part2a21_soft_caution_overlay,artifacts_part2_g532/predictions/g532_final_consensus_tape.csv
2023-03-22,0,0.2007921015531886,0.5018671919233751,1.028369,0.645726,0.75,0.606012,0.496058,0.020969,0.75,0.6,0.697109,0.313699,0.387203,0.39234,1,ok,FLAT,0.0,0.0,0.0,0.0,1,0.141838,0.655755,0.328928,0.619697,part2a21_soft_caution_overlay,artifacts_part2_g532/predictions/g532_final_consensus_tape.csv
2023-03-23,0,0.2154402948926772,0.5518298047877508,0.279878,0.585411,0.5,0.57832,0.494475,0.00369,0.75,0.6,0.776228,0.349303,0.372548,0.401576,1,ok,FLAT,0.0,0.0,0.0,0.0,0,0.085472,0.601585,0.205661,0.566643,part2a21_soft_caution_overlay,artifacts_part2_g532/predictions/g532_final_consensus_tape.csv
2023-03-24,0,0.2078395465761,0.4921759506371546,0.441777,0.583342,0.5,0.57619,0.494354,0.003717,0.75,0.6,0.782314,0.352041,0.33709,0.425829,1,ok,FLAT,0.0,0.0,0.0,0.0,0,0.084927,0.608678,0.197615,0.551516,part2a21_soft_caution_overlay,artifacts_part2_g532/predictions/g532_final_consensus_tape.csv
2023-03-27,0,0.2035979797029848,0.4227724825822506,0.805487,0.509047,0.75,0.585517,0.494887,0.0,0.75,0.6,0.755666,0.34005,0.333543,0.428418,0,weak_score,FLAT,0.0,0.0,0.0,0.0,0,0.134109,0.683205,0.203835,0.56321,part2a21_soft_caution_overlay,artifacts_part2_g532/predictions/g532_final_consensus_tape.csv
2023-03-28,0,0.1912907937437866,0.3200245629662813,0.761113,0.669459,0.75,0.58293,0.494739,0.045136,0.75,1.0,0.763058,0.572294,0.308255,0.447824,1,ok,FLAT,0.0,0.0,0.0,0.0,0,0.12974,0.689772,0.196362,0.549161,part2a21_soft_caution_overlay,artifacts_part2_g532/predictions/g532_final_consensus_tape.csv
2023-03-29,0,0.1964671481264575,0.3350831846212496,0.359535,0.642045,0.5,0.580968,0.494627,0.031827,0.75,1.0,0.768664,0.576498,0.292948,0.460449,1,ok,FLAT,0.0,0.0,0.0,0.0,0,0.129477,0.696309,0.188803,0.53495,part2a21_soft_caution_overlay,artifacts_part2_g532/predictions/g532_final_consensus_tape.csv
2023-03-30,0,0.1914060478709735,0.3567521176567637,0.702613,0.607754,0.5,0.579289,0.494531,0.01482,0.75,1.0,0.773459,0.580094,0.266399,0.484122,1,ok,FLAT,0.0,0.0,0.0,0.0,0,0.128465,0.701404,0.182826,0.523713,part2a21_soft_caution_overlay,artifacts_part2_g532/predictions/g532_final_consensus_tape.csv
2023-03-31,0,0.1946752767968537,0.3499170108482283,0.637227,0.566458,0.5,0.577067,0.494404,0.0,0.75,1.0,0.779807,0.584856,0.229188,0.521715,0,weak_score,FLAT,0.0,0.0,0.0,0.0,0,0.120253,0.704485,0.179172,0.516843,part2a21_soft_caution_overlay,artifacts_part2_g532/predictions/g532_final_consensus_tape.csv
2023-04-03,0,0.1943393002972969,0.3630896637084325,0.94856,0.7628,0.75,0.585026,0.494859,0.092834,0.75,0.6,0.757069,0.340681,0.226007,0.525202,1,ok,VOO,0.002492,0.002492,0.002492,0.0,0,0.132337,0.683942,0.203002,0.561644,part2a21_soft_caution_overlay,artifacts_part2_g532/predictions/g532_final_consensus_tape.csv
2023-04-04,0,0.1954955579234075,0.3304785737315098,0.823591,0.803126,0.75,0.581332,0.494648,0.115598,0.75,1.0,0.767624,0.575718,0.21332,0.539584,1,ok,VOO,0.002492,0.002492,0.002492,0.0,0,0.128259,0.694428,0.190991,0.539063,part2a21_soft_caution_overlay,artifacts_part2_g532/predictions/g532_final_consensus_tape.csv
2023-04-05,0,0.1945020168644365,0.2826743325291277,0.765166,0.845772,0.75,0.575777,0.49433,0.140314,0.75,1.0,0.783496,0.587622,0.14182,0.638048,1,ok,VOO,0.002492,0.002492,0.002492,0.0,0,0.122435,0.70985,0.172739,0.50475,part2a21_soft_caution_overlay,artifacts_part2_g532/predictions/g532_final_consensus_tape.csv
2023-04-06,0,0.1977706396183378,0.2949779058654982,0.367116,0.651958,0.5,0.577494,0.494428,0.038733,0.75,1.0,0.778588,0.583941,0.13801,0.644313,1,ok,VOO,0.002492,0.002492,0.002492,0.0,0,0.125981,0.706054,0.177301,0.513325,part2a21_soft_caution_overlay,artifacts_part2_g532/predictions/g532_final_consensus_tape.csv
2023-04-07,0,0.1940992553617102,0.2752834734396778,0.552402,0.561561,0.75,0.579069,0.494518,0.0,0.75,1.0,0.774089,0.580566,0.137637,0.644933,0,weak_score,VOO,0.002492,0.002492,0.002492,0.0,0,0.129292,0.702571,0.181446,0.521118,part2a21_soft_caution_overlay,artifacts_part2_g532/predictions/g532_final_consensus_tape.csv
2023-04-10,0,0.2044060676970098,0.4023699661415853,0.70922,0.542913,0.75,0.577328,0.494419,0.0,0.75,1.0,0.779063,0.584297,0.131226,0.655779,0,weak_score,FLAT,0.0,0.0,0.0,0.0,0,0.121552,0.7043,0.179392,0.517257,part2a21_soft_caution_overlay,artifacts_part2_g532/predictions/g532_final_consensus_tape.csv
2023-04-11,0,0.2049475673059521,0.4316891905883273,0.894407,0.718676,0.75,0.580722,0.494613,0.071878,0.75,1.0,0.769365,0.577024,0.130269,0.65743,1,ok,FLAT,0.0,0.0,0.0,0.0,0,0.127917,0.696308,0.188806,0.534954,part2a21_soft_caution_overlay,artifacts_part2_g532/predictions/g532_final_consensus_tape.csv
2023-04-12,0,0.2229476729172982,0.5880054607147177,0.828486,0.810704,0.75,0.573186,0.494182,0.12327,0.75,1.0,0.790896,0.593172,0.113653,0.687469,1,ok,FLAT,0.0,0.0,0.0,0.0,0,0.087617,0.620301,0.184127,0.526158,part2a21_soft_caution_overlay,artifacts_part2_g532/predictions/g532_final_consensus_tape.csv
2023-04-13,0,0.2073379657450552,0.3964077458239647,0.218047,0.64698,0.5,0.573641,0.494208,0.038071,0.65,0.6,0.789596,0.307943,0.138646,0.643258,0,high_risk_veto,FLAT,0.0,0.0,0.0,0.0,0,0.087921,0.618938,0.185729,0.529171,part2a21_soft_caution_overlay,artifacts_part2_g532/predictions/g532_final_consensus_tape.csv
2023-04-14,0,0.208194814320557,0.4412788386976483,0.808887,0.618473,0.75,0.572999,0.494171,0.023599,0.65,0.6,0.791432,0.308659,0.133427,0.652014,0,high_risk_veto,FLAT,0.0,0.0,0.0,0.0,0,0.089584,0.621959,0.182169,0.522479,part2a21_soft_caution_overlay,artifacts_part2_g532/predictions/g532_final_consensus_tape.csv
2023-04-17,0,0.2120879039360724,0.4859816608858058,0.784048,0.603661,0.5,0.569814,0.493989,0.017535,0.65,0.6,0.800531,0.312207,0.140357,0.640439,0,high_risk_veto,FLAT,0.0,0.0,0.0,0.0,0,0.086769,0.630973,0.171381,0.502196,part2a21_soft_caution_overlay,artifacts_part2_g532/predictions/g532_final_consensus_tape.csv
2023-04-18,0,0.2160329262372974,0.5257273838109523,0.779983,0.790973,0.75,0.573102,0.494177,0.113068,0.65,0.6,0.791136,0.308543,0.118968,0.677565,0,high_risk_veto,FLAT,0.0,0.0,0.0,0.0,0,0.089453,0.621545,0.182659,0.523398,part2a21_soft_caution_overlay,artifacts_part2_g532/predictions/g532_final_consensus_tape.csv
2023-04-19,0,0.1986199338792841,0.4538859276775809,0.771307,0.778446,0.75,0.574837,0.494276,0.105762,0.65,0.6,0.78618,0.30661,0.106784,0.700703,0,high_risk_veto,FLAT,0.0,0.0,0.0,0.0,0,0.097344,0.633089,0.184595,0.527038,part2a21_soft_caution_overlay,artifacts_part2_g532/predictions/g532_final_consensus_tape.csv
2023-04-20,0,0.1974636041365094,0.350836315095605,0.857824,0.803038,0.75,0.573425,0.494196,0.119182,0.65,0.6,0.790214,0.308184,0.131524,0.655266,0,high_risk_veto,FLAT,0.0,0.0,0.0,0.0,0,0.093255,0.635651,0.181572,0.521355,part2a21_soft_caution_overlay,artifacts_part2_g532/predictions/g532_final_consensus_tape.csv
2023-04-21,0,0.1990248390556444,0.3624024582627593,0.684921,0.77135,0.5,0.571272,0.494073,0.103736,0.65,0.6,0.796364,0.310582,0.130906,0.65633,0,high_risk_veto,FLAT,0.0,0.0,0.0,0.0,0,0.091739,0.641958,0.17404,0.507195,part2a21_soft_caution_overlay,artifacts_part2_g532/predictions/g532_final_consensus_tape.csv
2023-04-24,0,0.2018527918154081,0.4724611398645431,0.700336,0.747693,0.75,0.57469,0.494268,0.089858,0.65,0.6,0.786601,0.306774,0.125074,0.666534,0,high_risk_veto,FLAT,0.0,0.0,0.0,0.0,0,0.092399,0.630972,0.187079,0.531709,part2a21_soft_caution_overlay,artifacts_part2_g532/predictions/g532_final_consensus_tape.csv
2023-04-25,0,0.2084483794252713,0.5415208256592645,0.955658,0.780305,0.75,0.571775,0.494101,0.108146,0.75,0.6,0.794928,0.357718,0.184427,0.57547,1,ok,FLAT,0.0,0.0,0.0,0.0,0,0.048374,0.53722,0.202898,0.561448,part2a21_soft_caution_overlay,artifacts_part2_g532/predictions/g532_final_consensus_tape.csv
2023-04-26,0,0.2126074716043315,0.5437829364865703,0.340348,0.665447,0.5,0.571294,0.494074,0.048817,0.75,0.6,0.796303,0.358336,0.181921,0.57881,1,ok,FLAT,0.0,0.0,0.0,0.0,0,0.051903,0.540813,0.198816,0.553775,part2a21_soft_caution_overlay,artifacts_part2_g532/predictions/g532_final_consensus_tape.csv
2023-04-27,0,0.2025912452465481,0.4308558193852027,-0.042917,0.417697,0.5,0.578402,0.49448,0.0,0.75,1.0,0.775995,0.581996,0.212474,0.540571,0,weak_score,FLAT,0.0,0.0,0.0,0.0,0,0.101015,0.622971,0.196348,0.549134,part2a21_soft_caution_overlay,artifacts_part2_g532/predictions/g532_final_consensus_tape.csv
2023-04-28,0,0.1949987960675734,0.3306178261645945,0.473637,0.257023,0.5,0.576232,0.494356,0.0,0.75,1.0,0.782196,0.586647,0.21202,0.541102,0,weak_score,FLAT,0.0,0.0,0.0,0.0,0,0.094711,0.626991,0.191714,0.540423,part2a21_soft_caution_overlay,artifacts_part2_g532/predictions/g532_final_consensus_tape.csv
2023-05-01,0,0.1972658255392824,0.3473918516985956,0.782691,0.40447,0.75,0.572136,0.494122,0.0,0.75,1.0,0.793898,0.595424,0.213899,0.53891,0,weak_score,FLAT,0.0,0.0,0.0,0.0,0,0.094469,0.640539,0.175745,0.5104,part2a21_soft_caution_overlay,artifacts_part2_g532/predictions/g532_final_consensus_tape.csv
2023-05-02,0,0.2042113176322986,0.4384097894185937,0.81121,0.689179,0.75,0.577657,0.494438,0.058014,0.75,1.0,0.778124,0.583593,0.246548,0.503476,1,ok,FLAT,0.0,0.0,0.0,0.0,0,0.09577,0.622694,0.196666,0.549732,part2a21_soft_caution_overlay,artifacts_part2_g532/predictions/g532_final_consensus_tape.csv
2023-05-03,0,0.2066863533381938,0.4396202677789406,0.6715,0.755134,0.75,0.570595,0.494034,0.095645,0.75,1.0,0.798299,0.598724,0.251326,0.498677,1,ok,FLAT,0.0,0.0,0.0,0.0,0,0.051862,0.543194,0.196092,0.548653,part2a21_soft_caution_overlay,artifacts_part2_g532/predictions/g532_final_consensus_tape.csv
2023-05-04,0,0.2123897954311607,0.5279942873887614,0.580719,0.68781,0.5,0.574964,0.494284,0.05862,0.75,0.6,0.785816,0.353617,0.248546,0.501458,1,ok,FLAT,0.0,0.0,0.0,0.0,0,0.048531,0.528464,0.218196,0.579882,part2a21_soft_caution_overlay,artifacts_part2_g532/predictions/g532_final_consensus_tape.csv
2023-05-05,0,0.2025900366477164,0.4047226590452586,0.056459,0.436226,0.75,0.575723,0.494327,0.0,0.75,1.0,0.783648,0.587736,0.2824,0.469571,0,weak_score,FLAT,0.0,0.0,0.0,0.0,0,0.092639,0.627609,0.190997,0.539075,part2a21_soft_caution_overlay,artifacts_part2_g532/predictions/g532_final_consensus_tape.csv
2023-05-08,0,0.1995907124398525,0.3694355872387401,0.626251,0.421143,0.75,0.574912,0.494281,0.0,0.75,1.0,0.785966,0.589475,0.284758,0.467501,0,weak_score,FLAT,0.0,0.0,0.0,0.0,0,0.094369,0.631268,0.186732,0.531056,part2a21_soft_caution_overlay,artifacts_part2_g532/predictions/g532_final_consensus_tape.csv
2023-05-09,0,0.2068440263123997,0.4534229937967172,0.832807,0.505172,0.5,0.569165,0.493952,0.0,0.75,1.0,0.802385,0.601789,0.248271,0.501735,0,weak_score,FLAT,0.0,0.0,0.0,0.0,0,0.053785,0.549093,0.189273,0.535833,part2a21_soft_caution_overlay,artifacts_part2_g532/predictions/g532_final_consensus_tape.csv
2023-05-10,0,0.2025985652778837,0.3948148980234505,0.373979,0.611012,0.75,0.573447,0.494197,0.019499,0.75,1.0,0.790152,0.592614,0.249331,0.50067,1,ok,FLAT,0.0,0.0,0.0,0.0,0,0.095811,0.636914,0.180072,0.518536,part2a21_soft_caution_overlay,artifacts_part2_g532/predictions/g532_final_consensus_tape.csv
2023-05-11,0,0.2046195099902038,0.4275875899054986,0.543353,0.583379,0.75,0.576265,0.494358,0.003698,0.75,1.0,0.7821,0.586575,0.20985,0.543656,1,ok,FLAT,0.0,0.0,0.0,0.0,0,0.098924,0.629126,0.189233,0.535759,part2a21_soft_caution_overlay,artifacts_part2_g532/predictions/g532_final_consensus_tape.csv
2023-05-12,0,0.2073948309326112,0.5047214038019707,0.747388,0.554907,0.5,0.571003,0.494057,0.0,0.75,1.0,0.797134,0.597851,0.211785,0.541377,0,weak_score,FLAT,0.0,0.0,0.0,0.0,0,0.054464,0.543201,0.196084,0.548637,part2a21_soft_caution_overlay,artifacts_part2_g532/predictions/g532_final_consensus_tape.csv
2023-05-15,0,0.2064262891312878,0.4720606315059912,0.585801,0.625514,0.75,0.578409,0.494481,0.024514,0.75,1.0,0.775974,0.581981,0.204631,0.549896,1,ok,VOO,0.001177,0.001177,0.001177,0.0,0,0.100676,0.622763,0.196586,0.549581,part2a21_soft_caution_overlay,artifacts_part2_g532/predictions/g532_final_consensus_tape.csv
2023-05-16,0,0.2060264495570572,0.4373062724358269,0.674876,0.669355,0.5,0.577852,0.494449,0.047605,0.65,0.6,0.777567,0.303251,0.162443,0.606144,0,high_risk_veto,VOO,0.001177,0.001177,0.001177,0.0,0,0.100379,0.624512,0.194577,0.545804,part2a21_soft_caution_overlay,artifacts_part2_g532/predictions/g532_final_consensus_tape.csv
2023-05-17,0,0.1974776414087724,0.4168258434593176,0.453485,0.571387,0.5,0.573406,0.494195,0.0,0.65,0.6,0.790269,0.308205,0.156665,0.614756,0,high_risk_veto,VOO,0.001177,0.001177,0.001177,0.0,0,0.103863,0.65797,0.174921,0.508851,part2a21_soft_caution_overlay,artifacts_part2_g532/predictions/g532_final_consensus_tape.csv
2023-05-18,0,0.1928597379297295,0.3382277344482041,0.474004,0.534122,0.5,0.572474,0.494141,0.0,0.65,0.6,0.792931,0.309243,0.156085,0.615635,0,high_risk_veto,VOO,0.001177,0.001177,0.001177,0.0,0,0.099147,0.658589,0.174178,0.507454,part2a21_soft_caution_overlay,artifacts_part2_g532/predictions/g532_final_consensus_tape.csv
2023-05-19,0,0.1941113906670554,0.3612294353930065,1.082943,0.670144,0.75,0.571372,0.494078,0.051214,0.65,0.6,0.79608,0.310471,0.120236,0.675246,0,high_risk_veto,VOO,0.001177,0.001177,0.001177,0.0,0,0.105333,0.665315,0.166005,0.492089,part2a21_soft_caution_overlay,artifacts_part2_g532/predictions/g532_final_consensus_tape.csv
2023-05-22,0,0.1974802545707113,0.4120405015666146,1.062351,0.873099,0.5,0.572115,0.494121,0.156122,0.65,0.6,0.793957,0.309643,0.119027,0.677458,0,high_risk_veto,FLAT,0.0,0.0,0.0,0.0,0,0.108004,0.664278,0.167275,0.494477,part2a21_soft_caution_overlay,artifacts_part2_g532/predictions/g532_final_consensus_tape.csv
2023-05-23,0,0.2006372319983684,0.4491422448985823,1.40977,1.185021,0.75,0.58231,0.494703,0.31429,0.65,0.6,0.764829,0.298283,0.141347,0.63882,0,high_risk_veto,FLAT,0.0,0.0,0.0,0.0,0,0.112423,0.632408,0.204657,0.564756,part2a21_soft_caution_overlay,artifacts_part2_g532/predictions/g532_final_consensus_tape.csv
2023-05-24,0,0.2038489065128607,0.5151142230791966,1.128624,1.200248,0.75,0.580968,0.494627,0.322704,0.65,0.6,0.768662,0.299778,0.143576,0.635202,0,high_risk_veto,FLAT,0.0,0.0,0.0,0.0,0,0.109533,0.635492,0.201169,0.558197,part2a21_soft_caution_overlay,artifacts_part2_g532/predictions/g532_final_consensus_tape.csv
2023-05-25,0,0.2064760958042571,0.541329451929457,0.495137,1.011177,0.5,0.589979,0.495142,0.22052,0.65,0.6,0.742916,0.289737,0.15106,0.623348,0,high_risk_veto,FLAT,0.0,0.0,0.0,0.0,1,0.112285,0.619267,0.25177,0.592182,part2a21_soft_caution_overlay,artifacts_part2_g532/predictions/g532_final_consensus_tape.csv
2023-05-26,0,0.2159216698675932,0.604503058200545,0.651373,0.758378,0.5,0.580276,0.494587,0.092775,0.65,0.6,0.77064,0.300549,0.15523,0.616934,0,high_risk_veto,FLAT,0.0,0.0,0.0,0.0,0,0.113273,0.639909,0.196126,0.548718,part2a21_soft_caution_overlay,artifacts_part2_g532/predictions/g532_final_consensus_tape.csv
2023-05-29,0,0.1997639973179936,0.4468351670111769,1.357573,0.834694,0.75,0.572106,0.49412,0.136205,0.65,0.6,0.793983,0.309653,0.156744,0.614637,0,high_risk_veto,FLAT,0.0,0.0,0.0,0.0,0,0.103231,0.661881,0.170196,0.499969,part2a21_soft_caution_overlay,artifacts_part2_g532/predictions/g532_final_consensus_tape.csv
2023-05-30,0,0.205282107800913,0.4986927494470798,1.220725,1.076557,0.5,0.57426,0.494243,0.260833,0.75,1.0,0.787829,0.590872,0.163393,0.604751,1,ok,FLAT,0.0,0.0,0.0,0.0,0,0.10687,0.656723,0.176417,0.511665,part2a21_soft_caution_overlay,artifacts_part2_g532/predictions/g532_final_consensus_tape.csv
2023-05-31,0,0.2039005987713245,0.4950930981198942,1.363947,1.314082,0.75,0.574906,0.49428,0.383969,0.75,1.0,0.785982,0.589487,0.161202,0.607974,1,ok,FLAT,0.0,0.0,0.0,0.0,0,0.108131,0.655248,0.178181,0.51498,part2a21_soft_caution_overlay,artifacts_part2_g532/predictions/g532_final_consensus_tape.csv
2023-06-01,0,0.1943488387753353,0.3653491525280388,0.934335,1.173003,0.5,0.575069,0.49429,0.310626,0.75,1.0,0.785518,0.589138,0.143303,0.635643,1,ok,FLAT,0.0,0.0,0.0,0.0,0,0.106713,0.653974,0.179699,0.517834,part2a21_soft_caution_overlay,artifacts_part2_g532/predictions/g532_final_consensus_tape.csv
2023-06-02,0,0.2126222744292653,0.5535150969437067,1.196057,1.16478,0.5,0.567707,0.493869,0.308997,0.75,1.0,0.80655,0.604913,0.182121,0.578541,1,ok,FLAT,0.0,0.0,0.0,0.0,0,0.062105,0.575083,0.178378,0.515351,part2a21_soft_caution_overlay,artifacts_part2_g532/predictions/g532_final_consensus_tape.csv
2023-06-05,0,0.2069311273375054,0.489269708325694,1.394711,1.175034,0.5,0.569704,0.493983,0.313594,0.75,1.0,0.800844,0.600633,0.183188,0.577117,1,ok,VOO,0.016305,0.016305,0.016305,0.0,0,0.061555,0.568145,0.186578,0.530767,part2a21_soft_caution_overlay,artifacts_part2_g532/predictions/g532_final_consensus_tape.csv
2023-06-06,0,0.1944629221016226,0.3529916765464021,1.465011,1.351926,0.75,0.573774,0.494216,0.403978,0.75,1.0,0.789218,0.591914,0.163899,0.604013,1,ok,VOO,0.016305,0.016305,0.016305,0.0,0,0.102783,0.656205,0.177038,0.512831,part2a21_soft_caution_overlay,artifacts_part2_g532/predictions/g532_final_consensus_tape.csv
2023-06-07,0,0.1902397175390127,0.3003161755353172,1.890853,1.583525,0.75,0.574361,0.494249,0.524067,0.75,1.0,0.787541,0.590655,0.157227,0.613908,1,ok,VOO,0.016305,0.016305,0.016305,0.0,0,0.104096,0.654951,0.178535,0.515646,part2a21_soft_caution_overlay,artifacts_part2_g532/predictions/g532_final_consensus_tape.csv
2023-06-08,0,0.1888620221034772,0.2804820153062338,1.083984,1.479949,0.5,0.572017,0.494115,0.470923,0.75,1.0,0.794237,0.595678,0.14666,0.630263,1,ok,VOO,0.016305,0.016305,0.016305,0.0,0,0.100444,0.660744,0.171575,0.50256,part2a21_soft_caution_overlay,artifacts_part2_g532/predictions/g532_final_consensus_tape.csv
2023-06-09,0,0.1963623148554297,0.3797764594860908,1.366047,1.446961,0.5,0.571287,0.494074,0.45402,0.75,1.0,0.796323,0.597242,0.140145,0.640788,1,ok,VOO,0.016305,0.016305,0.016305,0.0,0,0.105001,0.66542,0.165877,0.491848,part2a21_soft_caution_overlay,artifacts_part2_g532/predictions/g532_final_consensus_tape.csv
2023-06-12,0,0.1926084873735261,0.3361348782207514,1.05615,1.168727,0.5,0.571187,0.494068,0.309797,0.75,1.0,0.796609,0.597457,0.142042,0.637686,1,ok,VOO,0.017704,0.017704,0.017704,0.0,0,0.102284,0.664367,0.167167,0.494273,part2a21_soft_caution_overlay,artifacts_part2_g532/predictions/g532_final_consensus_tape.csv
2023-06-13,0,0.1936171679761489,0.3497276654950531,1.478288,1.300162,0.5,0.571433,0.494082,0.37786,0.75,1.0,0.795906,0.596929,0.138635,0.643278,1,ok,VOO,0.017704,0.017704,0.017704,0.0,0,0.104983,0.664942,0.166463,0.49295,part2a21_soft_caution_overlay,artifacts_part2_g532/predictions/g532_final_consensus_tape.csv
2023-06-14,0,0.1880737045228116,0.4051006523438041,1.546496,1.360311,0.5,0.575541,0.494317,0.407787,0.75,1.0,0.784168,0.588126,0.119249,0.67705,1,ok,VOO,0.017704,0.017704,0.017704,0.0,0,0.137879,0.750194,0.162241,0.485013,part2a21_soft_caution_overlay,artifacts_part2_g532/predictions/g532_final_consensus_tape.csv
2023-06-15,0,0.1796673172454361,0.3763134798001382,1.342795,1.45586,0.5,0.574029,0.49423,0.457863,0.75,1.0,0.788488,0.591366,0.119192,0.677154,1,ok,VOO,0.017704,0.017704,0.017704,0.0,0,0.13523,0.75366,0.157932,0.476912,part2a21_soft_caution_overlay,artifacts_part2_g532/predictions/g532_final_consensus_tape.csv
2023-06-16,0,0.1750325332401014,0.3576081052676255,1.870216,1.586502,0.75,0.56898,0.493942,0.526935,0.75,1.0,0.802914,0.602186,0.074655,0.770047,1,ok,VOO,0.017704,0.017704,0.017704,0.0,0,0.133775,0.767121,0.138963,0.44125,part2a21_soft_caution_overlay,artifacts_part2_g532/predictions/g532_final_consensus_tape.csv
2023-06-19,0,0.1764708090207523,0.3645663097432814,1.689947,1.634319,0.75,0.571103,0.494063,0.551204,0.75,1.0,0.79685,0.597637,0.071947,0.776526,1,ok,VOO,0.038371,0.038371,0.038371,0.0,0,0.136885,0.763556,0.145389,0.453331,part2a21_soft_caution_overlay,artifacts_part2_g532/predictions/g532_final_consensus_tape.csv
2023-06-20,0,0.1928003492811151,0.461920043500307,1.646215,1.735459,0.75,0.571948,0.494111,0.603465,0.75,1.0,0.794435,0.595827,0.091393,0.732294,1,ok,VOO,0.038371,0.038371,0.038371,0.0,0,0.139596,0.762275,0.147034,0.456424,part2a21_soft_caution_overlay,artifacts_part2_g532/predictions/g532_final_consensus_tape.csv
2023-06-21,0,0.1832356793896956,0.4082531772278603,1.872396,1.736186,0.75,0.573163,0.494181,0.603592,0.75,1.0,0.790963,0.593222,0.101682,0.71087,1,ok,VOO,0.038371,0.038371,0.038371,0.0,0,0.139147,0.758302,0.152095,0.465938,part2a21_soft_caution_overlay,artifacts_part2_g532/predictions/g532_final_consensus_tape.csv
2023-06-22,0,0.1846615686411284,0.4342411801817067,1.21194,1.57685,0.5,0.571318,0.494075,0.521357,0.75,1.0,0.796234,0.597175,0.10735,0.699594,1,ok,VOO,0.038371,0.038371,0.038371,0.0,0,0.13248,0.760762,0.148968,0.460059,part2a21_soft_caution_overlay,artifacts_part2_g532/predictions/g532_final_consensus_tape.csv
2023-06-23,0,0.1839108231867775,0.4135373363542672,1.676438,1.586925,0.75,0.577318,0.494418,0.525104,0.75,1.0,0.779093,0.58432,0.127628,0.662027,1,ok,VOO,0.038371,0.038371,0.038371,0.0,0,0.144163,0.747682,0.165336,0.490832,part2a21_soft_caution_overlay,artifacts_part2_g532/predictions/g532_final_consensus_tape.csv
2023-06-26,0,0.1943362453874808,0.5086156223987023,1.754709,1.547696,0.75,0.584141,0.494808,0.502936,0.75,1.0,0.759598,0.569699,0.127122,0.662916,1,ok,VOO,0.028491,0.028491,0.028491,0.0,0,0.158538,0.732774,0.183278,0.524563,part2a21_soft_caution_overlay,artifacts_part2_g532/predictions/g532_final_consensus_tape.csv
2023-06-27,0,0.1916221920397138,0.4678141352218441,1.083326,1.504824,0.5,0.577114,0.494407,0.482457,0.75,1.0,0.779674,0.584756,0.129691,0.658431,1,ok,VOO,0.028491,0.028491,0.028491,0.0,0,0.144464,0.748485,0.164349,0.488975,part2a21_soft_caution_overlay,artifacts_part2_g532/predictions/g532_final_consensus_tape.csv
2023-06-28,0,0.1831095400693888,0.4048571041947177,1.526413,1.454816,0.5,0.581251,0.494643,0.455278,0.75,1.0,0.767853,0.57589,0.130706,0.656674,1,ok,VOO,0.028491,0.028491,0.028491,0.0,0,0.15292,0.739402,0.175389,0.509732,part2a21_soft_caution_overlay,artifacts_part2_g532/predictions/g532_final_consensus_tape.csv
2023-06-29,0,0.1834260831331038,0.4228432222162032,1.69614,1.435293,0.75,0.578103,0.494463,0.446012,0.75,1.0,0.776849,0.582637,0.148589,0.627212,1,ok,VOO,0.028491,0.028491,0.028491,0.0,0,0.148355,0.747281,0.165829,0.491758,part2a21_soft_caution_overlay,artifacts_part2_g532/predictions/g532_final_consensus_tape.csv
2023-06-30,0,0.1848403113023895,0.4168807096457917,1.24845,1.490334,0.5,0.575495,0.494314,0.475364,0.75,1.0,0.784301,0.588226,0.155845,0.615998,1,ok,VOO,0.028491,0.028491,0.028491,0.0,0,0.143138,0.752967,0.158798,0.478539,part2a21_soft_caution_overlay,artifacts_part2_g532/predictions/g532_final_consensus_tape.csv
2023-07-03,0,0.1813545194560665,0.4057034999103163,1.675145,1.539911,0.5,0.57313,0.494179,0.501737,0.75,1.0,0.791057,0.593293,0.157686,0.613217,1,ok,VOO,0.027381,0.027381,0.027381,0.0,0,0.142947,0.760258,0.14961,0.461266,part2a21_soft_caution_overlay,artifacts_part2_g532/predictions/g532_final_consensus_tape.csv
2023-07-04,0,0.1851313686300231,0.4241715721043144,1.739265,1.554286,0.75,0.574499,0.494257,0.508848,0.75,1.0,0.787146,0.590359,0.149375,0.625978,1,ok,VOO,0.027381,0.027381,0.027381,0.0,0,0.141662,0.755368,0.155794,0.472892,part2a21_soft_caution_overlay,artifacts_part2_g532/predictions/g532_final_consensus_tape.csv
2023-07-05,0,0.1911910094336486,0.4983611810937547,1.763351,1.72592,0.75,0.576887,0.494394,0.597486,0.65,0.6,0.780323,0.304326,0.140817,0.639686,0,high_risk_veto,VOO,0.027381,0.027381,0.027381,0.0,0,0.143364,0.748657,0.164137,0.488577,part2a21_soft_caution_overlay,artifacts_part2_g532/predictions/g532_final_consensus_tape.csv
2023-07-06,0,0.1972332516855407,0.5401956026087336,1.998455,1.83369,0.75,0.587099,0.494977,0.651676,0.65,0.6,0.751145,0.292947,0.137705,0.64482,0,high_risk_veto,VOO,0.027381,0.027381,0.027381,0.0,0,0.166526,0.727061,0.18997,0.537143,part2a21_soft_caution_overlay,artifacts_part2_g532/predictions/g532_final_consensus_tape.csv
2023-07-07,0,0.2007198288514818,0.5497087729339926,1.948007,1.903271,0.75,0.58618,0.494925,0.6882,0.65,0.6,0.753773,0.293971,0.11565,0.683714,0,high_risk_veto,VOO,0.027381,0.027381,0.027381,0.0,0,0.164247,0.728953,0.187764,0.532995,part2a21_soft_caution_overlay,artifacts_part2_g532/predictions/g532_final_consensus_tape.csv
2023-07-10,0,0.2011955041349904,0.535479662852113,1.88064,1.942367,0.75,0.58784,0.495019,0.708376,0.65,0.6,0.74903,0.292122,0.107014,0.700253,0,high_risk_veto,FLAT,0.0,0.0,0.0,0.0,0,0.162741,0.722511,0.19523,0.547033,part2a21_soft_caution_overlay,artifacts_part2_g532/predictions/g532_final_consensus_tape.csv
2023-07-11,0,0.2027352365882615,0.5569266564256191,1.827631,1.885426,0.5,0.590156,0.495152,0.678207,0.65,0.6,0.742412,0.289541,0.089793,0.735742,0,high_risk_veto,FLAT,0.0,0.0,0.0,0.0,0,0.171351,0.719211,0.199009,0.554137,part2a21_soft_caution_overlay,artifacts_part2_g532/predictions/g532_final_consensus_tape.csv
2023-07-12,0,0.1971961013671136,0.5001067800668938,1.620059,1.77611,0.5,0.582924,0.494739,0.622399,0.65,0.6,0.763073,0.297598,0.086689,0.742524,0,high_risk_veto,FLAT,0.0,0.0,0.0,0.0,0,0.189058,0.826153,0.159575,0.48,part2a21_soft_caution_overlay,artifacts_part2_g532/predictions/g532_final_consensus_tape.csv
2023-07-13,0,0.1918692036519121,0.4512882075613786,1.559812,1.669167,0.5,0.584375,0.494821,0.566286,0.65,0.6,0.758927,0.295982,0.062141,0.800921,0,high_risk_veto,FLAT,0.0,0.0,0.0,0.0,0,0.192885,0.82346,0.162913,0.486276,part2a21_soft_caution_overlay,artifacts_part2_g532/predictions/g532_final_consensus_tape.csv
2023-07-14,0,0.1860935046541552,0.4023110068297683,1.956173,1.712015,0.75,0.576304,0.49436,0.590379,0.65,0.6,0.781989,0.304976,0.046937,0.84193,0,high_risk_veto,FLAT,0.0,0.0,0.0,0.0,0,0.177442,0.840352,0.140719,0.444552,part2a21_soft_caution_overlay,artifacts_part2_g532/predictions/g532_final_consensus_tape.csv
2023-07-17,0,0.1893401899917173,0.433525765524011,1.758027,1.758004,0.5,0.580612,0.494606,0.613421,0.65,0.6,0.769679,0.300175,0.03788,0.868419,0,high_risk_veto,FLAT,0.0,0.0,0.0,0.0,0,0.183882,0.830855,0.153683,0.468925,part2a21_soft_caution_overlay,artifacts_part2_g532/predictions/g532_final_consensus_tape.csv
2023-07-18,0,0.1878812767922237,0.4232068331796696,1.79592,1.836707,0.5,0.577653,0.494437,0.654957,0.65,0.6,0.778134,0.303472,0.047016,0.841706,0,high_risk_veto,FLAT,0.0,0.0,0.0,0.0,0,0.17594,0.836143,0.146959,0.456284,part2a21_soft_caution_overlay,artifacts_part2_g532/predictions/g532_final_consensus_tape.csv
2023-07-19,0,0.1872579544485113,0.4221104727906185,1.998444,1.850797,0.75,0.580122,0.494578,0.661852,0.65,0.6,0.77108,0.300721,0.048177,0.838429,0,high_risk_veto,FLAT,0.0,0.0,0.0,0.0,0,0.190949,0.835819,0.147374,0.457063,part2a21_soft_caution_overlay,artifacts_part2_g532/predictions/g532_final_consensus_tape.csv
2023-07-20,0,0.1972874281889374,0.5274611360729403,2.511298,2.101887,0.75,0.579929,0.494567,0.792657,0.65,0.6,0.77163,0.300936,0.047897,0.839217,0,high_risk_veto,FLAT,0.0,0.0,0.0,0.0,0,0.188405,0.835179,0.148192,0.458602,part2a21_soft_caution_overlay,artifacts_part2_g532/predictions/g532_final_consensus_tape.csv
2023-07-21,0,0.1977853020372403,0.5217530728229052,1.914995,2.141579,0.75,0.581109,0.494635,0.813215,0.65,0.6,0.76826,0.299621,0.047476,0.840405,0,high_risk_veto,FLAT,0.0,0.0,0.0,0.0,0,0.193519,0.834026,0.149664,0.461368,part2a21_soft_caution_overlay,artifacts_part2_g532/predictions/g532_final_consensus_tape.csv
2023-07-24,0,0.2047661341027047,0.5894126659911654,1.727578,2.05129,0.5,0.57989,0.494565,0.766311,0.65,0.6,0.771744,0.30098,0.049807,0.833871,0,high_risk_veto,FLAT,0.0,0.0,0.0,0.0,0,0.188529,0.835362,0.147959,0.458163,part2a21_soft_caution_overlay,artifacts_part2_g532/predictions/g532_final_consensus_tape.csv
2023-07-25,0,0.1975892059741991,0.53186046652894,1.624298,1.755624,0.5,0.576914,0.494395,0.612926,0.65,0.6,0.780247,0.304296,0.050527,0.831873,0,high_risk_veto,FLAT,0.0,0.0,0.0,0.0,0,0.1831,0.840717,0.139612,0.44247,part2a21_soft_caution_overlay,artifacts_part2_g532/predictions/g532_final_consensus_tape.csv
2023-07-26,0,0.1909730394921577,0.4568795748062412,1.893685,1.74852,0.75,0.576744,0.494385,0.609267,0.65,0.6,0.780732,0.304486,0.053777,0.822972,0,high_risk_veto,FLAT,0.0,0.0,0.0,0.0,0,0.181982,0.840709,0.139636,0.442516,part2a21_soft_caution_overlay,artifacts_part2_g532/predictions/g532_final_consensus_tape.csv
2023-07-27,0,0.1967552282792347,0.5235877322345478,1.947412,1.821799,0.75,0.574334,0.494248,0.647809,0.65,0.6,0.787616,0.30717,0.053292,0.824288,0,high_risk_veto,FLAT,0.0,0.0,0.0,0.0,0,0.173465,0.842095,0.135433,0.434615,part2a21_soft_caution_overlay,artifacts_part2_g532/predictions/g532_final_consensus_tape.csv
2023-07-28,0,0.2000888908474441,0.5335679847059346,1.462505,1.767868,0.5,0.570479,0.494027,0.620563,0.65,0.6,0.798631,0.311466,0.056514,0.815624,0,high_risk_veto,FLAT,0.0,0.0,0.0,0.0,0,0.169109,0.846209,0.122961,0.411167,part2a21_soft_caution_overlay,artifacts_part2_g532/predictions/g532_final_consensus_tape.csv
2023-07-31,0,0.2073681045255931,0.5979832341118877,1.97704,1.795652,0.75,0.566202,0.493783,0.63577,0.65,0.6,0.810851,0.316232,0.057277,0.813598,0,high_risk_veto,FLAT,0.0,0.0,0.0,0.0,0,0.136975,0.765191,0.126047,0.416969,part2a21_soft_caution_overlay,artifacts_part2_g532/predictions/g532_final_consensus_tape.csv
2023-08-01,0,0.2026566195113479,0.5728495621083053,2.056736,1.832094,0.75,0.573998,0.494228,0.653216,0.65,0.6,0.788578,0.307545,0.05314,0.824703,0,high_risk_veto,FLAT,0.0,0.0,0.0,0.0,0,0.178003,0.84346,0.131296,0.426837,part2a21_soft_caution_overlay,artifacts_part2_g532/predictions/g532_final_consensus_tape.csv
2023-08-02,0,0.1996175676421566,0.5516971055410721,2.523946,2.185907,0.75,0.586457,0.49494,0.835858,0.65,0.6,0.752979,0.293662,0.088079,0.739473,0,high_risk_veto,FLAT,0.0,0.0,0.0,0.0,0,0.1992,0.819978,0.167191,0.49432,part2a21_soft_caution_overlay,artifacts_part2_g532/predictions/g532_final_consensus_tape.csv
2023-08-03,0,0.2034821737398774,0.5847449316114516,1.974474,2.185052,0.75,0.584431,0.494825,0.835585,0.65,0.6,0.758769,0.29592,0.089811,0.735702,0,high_risk_veto,FLAT,0.0,0.0,0.0,0.0,0,0.190482,0.822075,0.16462,0.489485,part2a21_soft_caution_overlay,artifacts_part2_g532/predictions/g532_final_consensus_tape.csv
2023-08-04,0,0.1964976822392136,0.5197238358412184,2.008129,2.16885,0.75,0.593793,0.49536,0.826278,0.65,0.6,0.732021,0.285488,0.123818,0.668775,0,high_risk_veto,FLAT,0.0,0.0,0.0,0.0,0,0.210749,0.801788,0.188902,0.535135,part2a21_soft_caution_overlay,artifacts_part2_g532/predictions/g532_final_consensus_tape.csv
2023-08-07,0,0.1994335663932842,0.5616768139062349,1.671338,1.884647,0.5,0.585833,0.494905,0.678527,0.65,0.6,0.754761,0.294357,0.133023,0.652702,0,high_risk_veto,FLAT,0.0,0.0,0.0,0.0,0,0.191569,0.818114,0.169466,0.498596,part2a21_soft_caution_overlay,artifacts_part2_g532/predictions/g532_final_consensus_tape.csv
2023-08-08,0,0.1927197737656926,0.4957916870067593,2.035683,1.90505,0.75,0.58754,0.495002,0.688909,0.65,0.6,0.749887,0.292456,0.138853,0.642916,0,high_risk_veto,FLAT,0.0,0.0,0.0,0.0,0,0.195148,0.8144,0.173962,0.507048,part2a21_soft_caution_overlay,artifacts_part2_g532/predictions/g532_final_consensus_tape.csv
2023-08-09,0,0.2001566748832888,0.6151059259604266,2.078916,1.928645,0.75,0.586901,0.494966,0.701346,0.65,0.6,0.75171,0.293167,0.142158,0.637497,0,high_risk_veto,FLAT,0.0,0.0,0.0,0.0,0,0.169645,0.753513,0.187258,0.532046,part2a21_soft_caution_overlay,artifacts_part2_g532/predictions/g532_final_consensus_tape.csv
2023-08-10,0,0.2005299693481096,0.6660443156604551,1.793633,1.969411,0.5,0.586125,0.494921,0.722767,0.65,0.6,0.753929,0.294032,0.148055,0.628054,0,high_risk_veto,FLAT,0.0,0.0,0.0,0.0,0,0.173561,0.758173,0.181775,0.521738,part2a21_soft_caution_overlay,artifacts_part2_g532/predictions/g532_final_consensus_tape.csv
2023-08-11,0,0.1978233662439236,0.558040911536887,2.003606,1.958718,0.75,0.575663,0.494324,0.718718,0.65,0.6,0.783819,0.305689,0.145476,0.632149,0,high_risk_veto,FLAT,0.0,0.0,0.0,0.0,0,0.149344,0.779638,0.155615,0.472556,part2a21_soft_caution_overlay,artifacts_part2_g532/predictions/g532_final_consensus_tape.csv
2023-08-14,0,0.1981165997740994,0.5526365214408953,1.529148,1.775462,0.5,0.576776,0.494387,0.623269,0.65,0.6,0.780639,0.304449,0.151437,0.622763,0,high_risk_veto,FLAT,0.0,0.0,0.0,0.0,0,0.158398,0.780618,0.154382,0.470239,part2a21_soft_caution_overlay,artifacts_part2_g532/predictions/g532_final_consensus_tape.csv
2023-08-15,0,0.1995969714025389,0.6076997572775037,2.125822,1.886192,0.75,0.585759,0.494901,0.679346,0.65,0.6,0.754973,0.29444,0.156512,0.614988,0,high_risk_veto,FLAT,0.0,0.0,0.0,0.0,0,0.178604,0.76201,0.177211,0.513156,part2a21_soft_caution_overlay,artifacts_part2_g532/predictions/g532_final_consensus_tape.csv
2023-08-16,0,0.2009299796578424,0.6496954794660134,2.087058,1.914009,0.75,0.586915,0.494967,0.693693,0.65,0.6,0.75167,0.293151,0.146628,0.630313,0,high_risk_veto,FLAT,0.0,0.0,0.0,0.0,0,0.182322,0.760128,0.179455,0.517376,part2a21_soft_caution_overlay,artifacts_part2_g532/predictions/g532_final_consensus_tape.csv
2023-08-17,0,0.1998768681882133,0.6013722147692123,2.00991,2.074263,0.75,0.58614,0.494922,0.777551,0.65,0.6,0.753884,0.294015,0.145769,0.631682,0,high_risk_veto,FLAT,0.0,0.0,0.0,0.0,0,0.178417,0.760656,0.178826,0.516193,part2a21_soft_caution_overlay,artifacts_part2_g532/predictions/g532_final_consensus_tape.csv
2023-08-18,0,0.2013257246671231,0.6621635471296922,1.672474,1.923147,0.75,0.589955,0.49514,0.69799,0.65,0.6,0.742987,0.289765,0.125389,0.665976,0,high_risk_veto,FLAT,0.0,0.0,0.0,0.0,0,0.181439,0.74947,0.191963,0.540891,part2a21_soft_caution_overlay,artifacts_part2_g532/predictions/g532_final_consensus_tape.csv
2023-08-21,0,0.2013651519340333,0.6774119152581818,1.316274,1.666219,0.5,0.594629,0.495407,0.562405,0.65,0.6,0.729632,0.284556,0.129332,0.659054,0,high_risk_veto,FLAT,0.0,0.0,0.0,0.0,1,0.204949,0.746154,0.195787,0.548079,part2a21_soft_caution_overlay,artifacts_part2_g532/predictions/g532_final_consensus_tape.csv
2023-08-22,0,0.2006258395504002,0.692260944779346,1.820782,1.603177,0.75,0.591565,0.495232,0.530074,0.65,0.6,0.738386,0.287971,0.121077,0.673714,0,high_risk_veto,FLAT,0.0,0.0,0.0,0.0,1,0.200939,0.754405,0.186214,0.530082,part2a21_soft_caution_overlay,artifacts_part2_g532/predictions/g532_final_consensus_tape.csv
2023-08-23,0,0.1998512618164889,0.675075102690703,1.34114,1.492732,0.5,0.585547,0.494888,0.473861,0.65,0.6,0.755581,0.294677,0.114112,0.686602,0,high_risk_veto,FLAT,0.0,0.0,0.0,0.0,0,0.180871,0.76388,0.174968,0.508941,part2a21_soft_caution_overlay,artifacts_part2_g532/predictions/g532_final_consensus_tape.csv
2023-08-24,0,0.2001327389852147,0.6200973031728771,2.299023,1.820315,0.75,0.588529,0.495059,0.644418,0.65,0.6,0.747059,0.291353,0.116382,0.682347,0,high_risk_veto,FLAT,0.0,0.0,0.0,0.0,0,0.177744,0.752326,0.188645,0.534652,part2a21_soft_caution_overlay,artifacts_part2_g532/predictions/g532_final_consensus_tape.csv
2023-08-25,0,0.1982767776077867,0.5493128570599487,1.50723,1.715798,0.5,0.579183,0.494525,0.591735,0.65,0.6,0.773764,0.301768,0.12036,0.675018,0,high_risk_veto,FLAT,0.0,0.0,0.0,0.0,0,0.159196,0.773416,0.163358,0.487114,part2a21_soft_caution_overlay,artifacts_part2_g532/predictions/g532_final_consensus_tape.csv
2023-08-28,0,0.1959623706744629,0.4610088940771185,1.556186,1.78748,0.5,0.573835,0.494219,0.630084,0.65,0.6,0.789042,0.307726,0.11506,0.684819,0,high_risk_veto,FLAT,0.0,0.0,0.0,0.0,0,0.147702,0.784521,0.149438,0.460943,part2a21_soft_caution_overlay,artifacts_part2_g532/predictions/g532_final_consensus_tape.csv
2023-08-29,0,0.196027049927095,0.4885690083746918,1.217316,1.426911,0.5,0.572626,0.49415,0.443238,0.75,1.0,0.792496,0.594372,0.11102,0.692482,1,ok,FLAT,0.0,0.0,0.0,0.0,0,0.146181,0.787501,0.145623,0.453772,part2a21_soft_caution_overlay,artifacts_part2_g532/predictions/g532_final_consensus_tape.csv
2023-08-30,0,0.1947088608738325,0.4210117017635297,1.682544,1.485349,0.5,0.569632,0.493979,0.474374,0.75,1.0,0.801053,0.600789,0.109918,0.694603,1,ok,FLAT,0.0,0.0,0.0,0.0,0,0.133791,0.790406,0.141517,0.446052,part2a21_soft_caution_overlay,artifacts_part2_g532/predictions/g532_final_consensus_tape.csv
2023-08-31,0,0.1965082526535216,0.5607462869192902,1.767542,1.555801,0.5,0.576682,0.494382,0.509078,0.75,1.0,0.780907,0.58568,0.103832,0.706549,1,ok,FLAT,0.0,0.0,0.0,0.0,0,0.159726,0.781563,0.15319,0.467998,part2a21_soft_caution_overlay,artifacts_part2_g532/predictions/g532_final_consensus_tape.csv
2023-09-01,0,0.1952333068017129,0.4490308030791586,1.939347,1.796477,0.75,0.568403,0.493909,0.635782,0.75,1.0,0.804562,0.603421,0.106389,0.701481,1,ok,FLAT,0.0,0.0,0.0,0.0,0,0.133571,0.791955,0.13682,0.437222,part2a21_soft_caution_overlay,artifacts_part2_g532/predictions/g532_final_consensus_tape.csv
2023-09-04,0,0.195838775190001,0.5235389208122251,1.905551,1.870813,0.75,0.573932,0.494225,0.673331,0.65,0.6,0.788766,0.307619,0.090508,0.734197,0,high_risk_veto,FLAT,0.0,0.0,0.0,0.0,0,0.153069,0.786825,0.146491,0.455403,part2a21_soft_caution_overlay,artifacts_part2_g532/predictions/g532_final_consensus_tape.csv
2023-09-05,0,0.195419132191575,0.4483802401694466,1.849968,1.898289,0.5,0.5705,0.494029,0.688152,0.65,0.6,0.79857,0.311442,0.086749,0.742392,0,high_risk_veto,FLAT,0.0,0.0,0.0,0.0,0,0.148889,0.792365,0.135578,0.434887,part2a21_soft_caution_overlay,artifacts_part2_g532/predictions/g532_final_consensus_tape.csv
2023-09-06,0,0.2048497142109543,0.7127657225127368,2.168442,1.974654,0.75,0.572743,0.494157,0.727412,0.65,0.6,0.792162,0.308943,0.09197,0.731058,0,high_risk_veto,FLAT,0.0,0.0,0.0,0.0,0,0.136184,0.721848,0.152279,0.466285,part2a21_soft_caution_overlay,artifacts_part2_g532/predictions/g532_final_consensus_tape.csv
2023-09-07,0,0.2077258995379397,0.7385000693993401,2.030261,2.016224,0.75,0.56492,0.49371,0.749997,0.65,0.6,0.814515,0.317661,0.081865,0.753319,0,high_risk_veto,FLAT,0.0,0.0,0.0,0.0,0,0.09574,0.646337,0.146559,0.455531,part2a21_soft_caution_overlay,artifacts_part2_g532/predictions/g532_final_consensus_tape.csv
2023-09-08,0,0.2050249727302672,0.7036846114743325,1.755023,1.984575,0.5,0.569224,0.493956,0.733048,0.65,0.6,0.802217,0.312864,0.076694,0.765241,0,high_risk_veto,FLAT,0.0,0.0,0.0,0.0,0,0.133632,0.730467,0.140012,0.443223,part2a21_soft_caution_overlay,artifacts_part2_g532/predictions/g532_final_consensus_tape.csv
2023-09-11,0,0.2145550037366146,0.7889872028591439,1.507403,1.764229,0.5,0.565569,0.493747,0.619645,0.65,0.6,0.81266,0.316937,0.083855,0.748827,0,high_risk_veto,FLAT,0.0,0.0,0.0,0.0,0,0.096453,0.644686,0.148672,0.459503,part2a21_soft_caution_overlay,artifacts_part2_g532/predictions/g532_final_consensus_tape.csv
2023-09-12,0,0.2132347064480535,0.7760838994803713,2.095222,1.785883,0.75,0.55802,0.493315,0.632274,0.65,0.6,0.834229,0.325349,0.087702,0.740298,0,high_risk_veto,FLAT,0.0,0.0,0.0,0.0,0,0.087464,0.655572,0.124534,0.414125,part2a21_soft_caution_overlay,artifacts_part2_g532/predictions/g532_final_consensus_tape.csv
2023-09-13,0,0.2152040247188665,0.7836132172563465,1.650155,1.750927,0.5,0.565176,0.493724,0.612847,0.65,0.6,0.813782,0.317375,0.084846,0.746611,0,high_risk_veto,FLAT,0.0,0.0,0.0,0.0,0,0.100403,0.647799,0.144678,0.451995,part2a21_soft_caution_overlay,artifacts_part2_g532/predictions/g532_final_consensus_tape.csv
2023-09-14,0,0.2197650475647657,0.8140814555549222,1.600354,1.781911,0.5,0.565268,0.49373,0.628843,0.65,0.6,0.813521,0.317273,0.098758,0.71683,0,high_risk_veto,FLAT,0.0,0.0,0.0,0.0,0,0.101072,0.647842,0.144624,0.451892,part2a21_soft_caution_overlay,artifacts_part2_g532/predictions/g532_final_consensus_tape.csv
2023-09-15,0,0.2091639673781563,0.7472026679568303,2.308101,1.85287,0.75,0.564255,0.493672,0.665695,0.65,0.6,0.816414,0.318401,0.103536,0.707142,0,high_risk_veto,FLAT,0.0,0.0,0.0,0.0,0,0.097954,0.649429,0.142572,0.448035,part2a21_soft_caution_overlay,artifacts_part2_g532/predictions/g532_final_consensus_tape.csv
2023-09-18,0,0.1992860355784852,0.649820308363711,1.718838,1.875764,0.5,0.574701,0.494269,0.675772,0.65,0.6,0.78657,0.306762,0.103556,0.707102,0,high_risk_veto,FLAT,0.0,0.0,0.0,0.0,0,0.147394,0.721251,0.153034,0.467704,part2a21_soft_caution_overlay,artifacts_part2_g532/predictions/g532_final_consensus_tape.csv
2023-09-19,0,0.2024907488895471,0.690729607816098,1.824452,1.950463,0.75,0.581162,0.494638,0.71361,0.65,0.6,0.768107,0.299562,0.10352,0.707173,0,high_risk_veto,FLAT,0.0,0.0,0.0,0.0,0,0.158482,0.706244,0.171592,0.502593,part2a21_soft_caution_overlay,artifacts_part2_g532/predictions/g532_final_consensus_tape.csv
2023-09-20,0,0.2039747131279246,0.7159419954700265,2.155868,1.899719,0.75,0.579642,0.494551,0.687412,0.65,0.6,0.772452,0.301256,0.110037,0.694372,0,high_risk_veto,FLAT,0.0,0.0,0.0,0.0,0,0.14546,0.704516,0.173679,0.506516,part2a21_soft_caution_overlay,artifacts_part2_g532/predictions/g532_final_consensus_tape.csv
2023-09-21,0,0.2004904985937669,0.6566194317411798,2.23793,2.07275,0.75,0.586864,0.494964,0.776676,0.65,0.6,0.751819,0.293209,0.114455,0.685955,0,high_risk_veto,FLAT,0.0,0.0,0.0,0.0,0,0.148003,0.681573,0.200524,0.556984,part2a21_soft_caution_overlay,artifacts_part2_g532/predictions/g532_final_consensus_tape.csv
2023-09-22,0,0.1991585528769177,0.6356295271903719,1.686934,2.026911,0.75,0.584206,0.494812,0.753059,0.65,0.6,0.759412,0.296171,0.11631,0.682483,0,high_risk_veto,FLAT,0.0,0.0,0.0,0.0,0,0.147127,0.690204,0.190607,0.538342,part2a21_soft_caution_overlay,artifacts_part2_g532/predictions/g532_final_consensus_tape.csv
2023-09-25,0,0.1985392129609009,0.6208781178460706,1.611933,1.845599,0.5,0.586924,0.494967,0.657933,0.65,0.6,0.751647,0.293142,0.125153,0.666394,0,high_risk_veto,FLAT,0.0,0.0,0.0,0.0,1,0.153021,0.684093,0.19765,0.551581,part2a21_soft_caution_overlay,artifacts_part2_g532/predictions/g532_final_consensus_tape.csv
2023-09-26,0,0.2119597185547145,0.7646689343705598,2.131725,1.810197,0.75,0.572958,0.494169,0.642041,0.65,0.6,0.791547,0.308703,0.139198,0.642346,0,high_risk_veto,FLAT,0.0,0.0,0.0,0.0,0,0.092084,0.618845,0.180462,0.519268,part2a21_soft_caution_overlay,artifacts_part2_g532/predictions/g532_final_consensus_tape.csv
2023-09-27,0,0.2015217750299281,0.6760937495388281,1.696097,1.813252,0.5,0.586325,0.494933,0.641136,0.65,0.6,0.753357,0.293809,0.143393,0.635496,0,high_risk_veto,FLAT,0.0,0.0,0.0,0.0,1,0.156076,0.687791,0.193401,0.543594,part2a21_soft_caution_overlay,artifacts_part2_g532/predictions/g532_final_consensus_tape.csv
2023-09-28,0,0.195478312210725,0.5973024127289838,1.594347,1.80739,0.5,0.582845,0.494734,0.63873,0.65,0.6,0.763299,0.297687,0.128556,0.660404,0,high_risk_veto,FLAT,0.0,0.0,0.0,0.0,0,0.148181,0.695344,0.1846,0.527048,part2a21_soft_caution_overlay,artifacts_part2_g532/predictions/g532_final_consensus_tape.csv
2023-09-29,0,0.1956972461191055,0.6107459098634903,1.84665,1.712365,0.5,0.58368,0.494782,0.588986,0.65,0.6,0.760914,0.296757,0.12296,0.670313,0,high_risk_veto,FLAT,0.0,0.0,0.0,0.0,0,0.148742,0.692839,0.187537,0.53257,part2a21_soft_caution_overlay,artifacts_part2_g532/predictions/g532_final_consensus_tape.csv
2023-10-02,0,0.196338597332643,0.6081485027096621,1.632122,1.69104,0.5,0.584798,0.494846,0.577611,0.65,0.6,0.757719,0.29551,0.132864,0.652973,0,high_risk_veto,FLAT,0.0,0.0,0.0,0.0,1,0.109618,0.590468,0.21963,0.580412,part2a21_soft_caution_overlay,artifacts_part2_g532/predictions/g532_final_consensus_tape.csv
2023-10-03,0,0.2007836781015811,0.6608758563789299,2.311904,1.930225,0.75,0.578273,0.494473,0.703509,0.65,0.6,0.776364,0.302782,0.133211,0.652381,0,high_risk_veto,FLAT,0.0,0.0,0.0,0.0,0,0.137923,0.70511,0.172963,0.50517,part2a21_soft_caution_overlay,artifacts_part2_g532/predictions/g532_final_consensus_tape.csv
2023-10-04,0,0.2379360922403831,0.7020324200880256,1.449834,1.797953,0.5,0.589247,0.4951,0.632581,0.65,0.6,0.745007,0.290553,0.128232,0.66097,0,high_risk_veto,FLAT,0.0,0.0,0.0,0.0,0,0.193885,0.761171,0.181466,0.521156,part2a21_soft_caution_overlay,artifacts_part2_g532/predictions/g532_final_consensus_tape.csv
2023-10-05,0,0.2189534531757812,0.5995155953359244,1.856903,1.87288,0.75,0.592597,0.495291,0.671218,0.65,0.6,0.735437,0.286821,0.120706,0.674389,0,high_risk_veto,FLAT,0.0,0.0,0.0,0.0,0,0.194599,0.750266,0.194205,0.545106,part2a21_soft_caution_overlay,artifacts_part2_g532/predictions/g532_final_consensus_tape.csv
2023-10-06,0,0.2172978154310564,0.6099081740086428,1.413649,1.573462,0.5,0.596652,0.495523,0.513206,0.65,0.6,0.723852,0.282302,0.144996,0.632918,0,high_risk_veto,FLAT,0.0,0.0,0.0,0.0,0,0.259116,0.850585,0.170174,0.499927,part2a21_soft_caution_overlay,artifacts_part2_g532/predictions/g532_final_consensus_tape.csv
2023-10-09,0,0.2156308883452519,0.5955087420021171,1.661959,1.64417,0.5,0.586965,0.494969,0.552633,0.65,0.6,0.751529,0.293096,0.13977,0.641405,0,high_risk_veto,FLAT,0.0,0.0,0.0,0.0,0,0.176974,0.759904,0.182965,0.523974,part2a21_soft_caution_overlay,artifacts_part2_g532/predictions/g532_final_consensus_tape.csv
2023-10-10,0,0.21072874500367,0.5673944702852388,1.712594,1.596067,0.5,0.585637,0.494894,0.527815,0.65,0.6,0.755323,0.294576,0.115642,0.683728,0,high_risk_veto,FLAT,0.0,0.0,0.0,0.0,0,0.179665,0.765699,0.176071,0.511013,part2a21_soft_caution_overlay,artifacts_part2_g532/predictions/g532_final_consensus_tape.csv
2023-10-11,0,0.2132471676028215,0.5975318437422191,1.620712,1.665088,0.5,0.585146,0.494865,0.563982,0.65,0.6,0.756726,0.295123,0.11634,0.682426,0,high_risk_veto,FLAT,0.0,0.0,0.0,0.0,0,0.177184,0.766027,0.175677,0.510273,part2a21_soft_caution_overlay,artifacts_part2_g532/predictions/g532_final_consensus_tape.csv
2023-10-12,0,0.2118181630881763,0.570388065098112,1.927385,1.753564,0.75,0.588443,0.495054,0.609514,0.65,0.6,0.747305,0.291449,0.116527,0.682079,0,high_risk_veto,FLAT,0.0,0.0,0.0,0.0,0,0.186867,0.760168,0.182652,0.523385,part2a21_soft_caution_overlay,artifacts_part2_g532/predictions/g532_final_consensus_tape.csv
2023-10-13,0,0.2267778585004451,0.6599192226785173,2.025271,1.857789,0.75,0.593455,0.49534,0.663155,0.65,0.6,0.732986,0.285865,0.134028,0.650994,0,high_risk_veto,FLAT,0.0,0.0,0.0,0.0,1,0.192604,0.746243,0.198818,0.553778,part2a21_soft_caution_overlay,artifacts_part2_g532/predictions/g532_final_consensus_tape.csv
2023-10-16,0,0.2219640575359759,0.6267308707471263,1.436487,1.796381,0.5,0.589687,0.495125,0.631673,0.65,0.6,0.74375,0.290063,0.151459,0.622728,0,high_risk_veto,FLAT,0.0,0.0,0.0,0.0,0,0.199293,0.762536,0.179846,0.518111,part2a21_soft_caution_overlay,artifacts_part2_g532/predictions/g532_final_consensus_tape.csv
2023-10-17,0,0.213543103005157,0.5665507910883194,1.930272,1.797343,0.75,0.583418,0.494767,0.63338,0.65,0.6,0.761664,0.297049,0.150568,0.624114,0,high_risk_veto,FLAT,0.0,0.0,0.0,0.0,0,0.182742,0.77447,0.16543,0.491008,part2a21_soft_caution_overlay,artifacts_part2_g532/predictions/g532_final_consensus_tape.csv
2023-10-18,0,0.208987123348122,0.548773956963046,2.180733,1.849164,0.75,0.583331,0.494762,0.660434,0.65,0.6,0.761912,0.297146,0.162481,0.606088,0,high_risk_veto,FLAT,0.0,0.0,0.0,0.0,0,0.169533,0.768023,0.173276,0.505758,part2a21_soft_caution_overlay,artifacts_part2_g532/predictions/g532_final_consensus_tape.csv
2023-10-19,0,0.2177410164385894,0.6037365442943452,2.018735,2.043247,0.75,0.595502,0.495457,0.760171,0.65,0.6,0.727137,0.283583,0.163294,0.604897,0,high_risk_veto,FLAT,0.0,0.0,0.0,0.0,1,0.197607,0.741877,0.203774,0.563094,part2a21_soft_caution_overlay,artifacts_part2_g532/predictions/g532_final_consensus_tape.csv
2023-10-20,0,0.2073576455569422,0.5325863759107374,2.087984,2.095818,0.75,0.578825,0.494504,0.789617,0.65,0.6,0.774787,0.302167,0.168497,0.597376,0,high_risk_veto,FLAT,0.0,0.0,0.0,0.0,0,0.163587,0.779486,0.159227,0.479347,part2a21_soft_caution_overlay,artifacts_part2_g532/predictions/g532_final_consensus_tape.csv
2023-10-23,0,0.2220588195285101,0.6028303824469593,1.568786,1.891835,0.5,0.597247,0.495557,0.680376,0.65,0.6,0.722152,0.281639,0.168824,0.596909,0,high_risk_veto,FLAT,0.0,0.0,0.0,0.0,1,0.200947,0.737607,0.208571,0.572113,part2a21_soft_caution_overlay,artifacts_part2_g532/predictions/g532_final_consensus_tape.csv
2023-10-24,0,0.2137256015169817,0.5629697115154696,1.433928,1.696899,0.5,0.585427,0.494882,0.580533,0.65,0.6,0.755923,0.29481,0.166945,0.599599,0,high_risk_veto,FLAT,0.0,0.0,0.0,0.0,0,0.185955,0.769619,0.171346,0.502131,part2a21_soft_caution_overlay,artifacts_part2_g532/predictions/g532_final_consensus_tape.csv
2023-10-25,0,0.2244541824790883,0.6328844231371596,2.353866,1.785526,0.75,0.588916,0.495081,0.626142,0.65,0.6,0.745953,0.290922,0.168096,0.597948,0,high_risk_veto,FLAT,0.0,0.0,0.0,0.0,0,0.192324,0.761453,0.181131,0.520526,part2a21_soft_caution_overlay,artifacts_part2_g532/predictions/g532_final_consensus_tape.csv
2023-10-26,0,0.2250149997550823,0.6455850693343891,2.160833,1.982875,0.75,0.586453,0.49494,0.729756,0.65,0.6,0.752992,0.293667,0.187082,0.571974,0,high_risk_veto,FLAT,0.0,0.0,0.0,0.0,0,0.17813,0.76221,0.180234,0.518839,part2a21_soft_caution_overlay,artifacts_part2_g532/predictions/g532_final_consensus_tape.csv
2023-10-27,0,0.2215033614690014,0.6150968267691693,1.473299,1.995999,0.5,0.592681,0.495296,0.735754,0.65,0.6,0.735197,0.286727,0.182894,0.577509,0,high_risk_veto,FLAT,0.0,0.0,0.0,0.0,0,0.188809,0.74685,0.198125,0.552474,part2a21_soft_caution_overlay,artifacts_part2_g532/predictions/g532_final_consensus_tape.csv
2023-10-30,0,0.2110692779295164,0.5387652506939491,1.260504,1.631545,0.5,0.585921,0.49491,0.54628,0.65,0.6,0.75451,0.294259,0.179717,0.581778,0,high_risk_veto,FLAT,0.0,0.0,0.0,0.0,0,0.185416,0.767732,0.173626,0.506417,part2a21_soft_caution_overlay,artifacts_part2_g532/predictions/g532_final_consensus_tape.csv
2023-10-31,0,0.2099701690477123,0.553030396797252,1.5198,1.417868,0.5,0.580669,0.49461,0.436193,0.65,0.6,0.769518,0.300112,0.176202,0.586577,0,high_risk_veto,FLAT,0.0,0.0,0.0,0.0,0,0.180544,0.782089,0.155974,0.47323,part2a21_soft_caution_overlay,artifacts_part2_g532/predictions/g532_final_consensus_tape.csv
2023-11-01,0,0.1984123010778085,0.2518724035879396,1.129689,1.303331,0.5,0.57374,0.494214,0.378761,0.75,1.0,0.789316,0.591987,0.174723,0.588619,1,ok,FLAT,0.0,0.0,0.0,0.0,0,0.16414,0.87951,0.138872,0.44108,part2a21_soft_caution_overlay,artifacts_part2_g532/predictions/g532_final_consensus_tape.csv
2023-11-02,0,0.1947749767659571,0.303343292422343,1.189446,1.279645,0.5,0.577324,0.494418,0.365283,0.75,1.0,0.779075,0.584306,0.191663,0.566042,1,ok,FLAT,0.0,0.0,0.0,0.0,0,0.17588,0.875672,0.145701,0.453918,part2a21_soft_caution_overlay,artifacts_part2_g532/predictions/g532_final_consensus_tape.csv
2023-11-03,0,0.1947216483379171,0.3088940731758423,1.546335,1.28849,0.5,0.583305,0.49476,0.367917,0.75,1.0,0.761987,0.57149,0.167064,0.599428,1,ok,FLAT,0.0,0.0,0.0,0.0,0,0.194636,0.866274,0.157613,0.476312,part2a21_soft_caution_overlay,artifacts_part2_g532/predictions/g532_final_consensus_tape.csv
2023-11-06,0,0.1922787831253341,0.3443758902141387,1.732825,1.489536,0.5,0.574347,0.494248,0.475261,0.75,1.0,0.787579,0.590684,0.165708,0.601383,1,ok,VOO,0.025324,0.025324,0.025324,0.0,0,0.16653,0.879209,0.139783,0.442792,part2a21_soft_caution_overlay,artifacts_part2_g532/predictions/g532_final_consensus_tape.csv
2023-11-07,0,0.1974552549641145,0.2784498832856196,1.531895,1.603685,0.5,0.574308,0.494246,0.534549,0.75,1.0,0.787693,0.590769,0.16584,0.601193,1,ok,VOO,0.025324,0.025324,0.025324,0.0,0,0.170581,0.880089,0.137116,0.437778,part2a21_soft_caution_overlay,artifacts_part2_g532/predictions/g532_final_consensus_tape.csv
2023-11-08,0,0.1993824938757145,0.2453997279620408,1.708633,1.657784,0.5,0.577394,0.494423,0.56194,0.75,1.0,0.778874,0.584156,0.163806,0.604148,1,ok,VOO,0.025324,0.025324,0.025324,0.0,0,0.164101,0.869724,0.153278,0.468163,part2a21_soft_caution_overlay,artifacts_part2_g532/predictions/g532_final_consensus_tape.csv
2023-11-09,0,0.2069236813332615,0.1634438471432293,1.975488,1.738672,0.75,0.570586,0.494034,0.60541,0.75,1.0,0.798324,0.598743,0.113397,0.687952,1,ok,VOO,0.025324,0.025324,0.025324,0.0,0,0.127748,0.793079,0.149021,0.460159,part2a21_soft_caution_overlay,artifacts_part2_g532/predictions/g532_final_consensus_tape.csv
2023-11-10,0,0.2010898230355671,0.2239405746280381,1.205142,1.629754,0.5,0.580976,0.494627,0.546517,0.75,1.0,0.76864,0.57648,0.111674,0.691231,1,ok,VOO,0.025324,0.025324,0.025324,0.0,0,0.170759,0.861737,0.163248,0.486906,part2a21_soft_caution_overlay,artifacts_part2_g532/predictions/g532_final_consensus_tape.csv
2023-11-13,0,0.2064210846023749,0.1656226946249726,1.891582,1.690737,0.75,0.570396,0.494023,0.580607,0.75,1.0,0.798867,0.59915,0.100651,0.712959,1,ok,VOO,0.037203,0.037203,0.037203,0.0,0,0.14124,0.879168,0.13991,0.443031,part2a21_soft_caution_overlay,artifacts_part2_g532/predictions/g532_final_consensus_tape.csv
2023-11-14,0,0.2000002849849031,0.2399752223364156,1.275923,1.457549,0.5,0.570902,0.494052,0.459618,0.75,1.0,0.797424,0.598068,0.097969,0.718456,1,ok,VOO,0.037203,0.037203,0.037203,0.0,0,0.157821,0.881902,0.13162,0.427446,part2a21_soft_caution_overlay,artifacts_part2_g532/predictions/g532_final_consensus_tape.csv
2023-11-15,0,0.2116720048826409,0.1295640868991366,1.93973,1.702412,0.5,0.566771,0.493815,0.587432,0.75,1.0,0.809225,0.606919,0.099898,0.714494,1,ok,VOO,0.037203,0.037203,0.037203,0.0,0,0.130157,0.801607,0.132512,0.429123,part2a21_soft_caution_overlay,artifacts_part2_g532/predictions/g532_final_consensus_tape.csv
2023-11-16,0,0.2083444242991599,0.1580284620917152,1.791762,1.669138,0.5,0.573965,0.494227,0.568615,0.75,1.0,0.78867,0.591503,0.102008,0.71021,1,ok,VOO,0.037203,0.037203,0.037203,0.0,0,0.132406,0.784817,0.159431,0.47973,part2a21_soft_caution_overlay,artifacts_part2_g532/predictions/g532_final_consensus_tape.csv
2023-11-17,0,0.2103973509651277,0.1393098422088051,1.84948,1.860324,0.75,0.569831,0.49399,0.668591,0.75,1.0,0.800482,0.600361,0.102307,0.709607,1,ok,VOO,0.037203,0.037203,0.037203,0.0,0,0.134191,0.79846,0.142055,0.447064,part2a21_soft_caution_overlay,artifacts_part2_g532/predictions/g532_final_consensus_tape.csv
2023-11-20,0,0.2013011067325561,0.2150590022195838,1.52098,1.720741,0.5,0.574112,0.494235,0.595377,0.75,1.0,0.788251,0.591188,0.100366,0.71354,1,ok,VOO,0.037673,0.037673,0.037673,0.0,0,0.152952,0.874446,0.147274,0.456874,part2a21_soft_caution_overlay,artifacts_part2_g532/predictions/g532_final_consensus_tape.csv
2023-11-21,0,0.2102112650318237,0.139715886222306,2.001279,1.79058,0.75,0.567803,0.493874,0.632843,0.75,1.0,0.806277,0.604708,0.102044,0.710138,1,ok,VOO,0.037673,0.037673,0.037673,0.0,0,0.128948,0.800021,0.137323,0.438167,part2a21_soft_caution_overlay,artifacts_part2_g532/predictions/g532_final_consensus_tape.csv
2023-11-22,0,0.2072097105437403,0.1587122441405679,1.743122,1.755127,0.5,0.571167,0.494067,0.613822,0.75,1.0,0.796664,0.597498,0.097444,0.719541,1,ok,VOO,0.037673,0.037673,0.037673,0.0,0,0.134261,0.794449,0.14727,0.456868,part2a21_soft_caution_overlay,artifacts_part2_g532/predictions/g532_final_consensus_tape.csv
2023-11-23,0,0.2078012065032572,0.1547072241220435,1.860241,1.868214,0.75,0.57004,0.494002,0.672643,0.75,1.0,0.799885,0.599913,0.098724,0.7169,1,ok,VOO,0.037673,0.037673,0.037673,0.0,0,0.13153,0.796583,0.144528,0.451712,part2a21_soft_caution_overlay,artifacts_part2_g532/predictions/g532_final_consensus_tape.csv
2023-11-24,0,0.2092768614526512,0.144260945492474,1.94917,1.850844,0.75,0.563133,0.493608,0.664842,0.75,1.0,0.819621,0.614716,0.078087,0.761993,1,ok,VOO,0.037673,0.037673,0.037673,0.0,0,0.125071,0.805291,0.121345,0.408129,part2a21_soft_caution_overlay,artifacts_part2_g532/predictions/g532_final_consensus_tape.csv
2023-11-27,0,0.2106656406060695,0.1392682899702599,1.869756,1.893056,0.75,0.567209,0.49384,0.685975,0.75,1.0,0.807976,0.605982,0.096609,0.721273,1,ok,VOO,0.044974,0.044974,0.044974,0.0,0,0.130053,0.801018,0.134298,0.432481,part2a21_soft_caution_overlay,artifacts_part2_g532/predictions/g532_final_consensus_tape.csv
2023-11-28,0,0.2106115025169076,0.1378632783911667,1.758052,1.858993,0.5,0.567487,0.493856,0.668304,0.75,1.0,0.80718,0.605385,0.097671,0.71907,1,ok,VOO,0.044974,0.044974,0.044974,0.0,0,0.138149,0.802312,0.130376,0.425106,part2a21_soft_caution_overlay,artifacts_part2_g532/predictions/g532_final_consensus_tape.csv
2023-11-29,0,0.1675770060309044,0.2828275838010667,1.91444,1.847416,0.75,0.56837,0.493907,0.662159,0.75,1.0,0.804657,0.603493,0.08609,0.743847,1,ok,VOO,0.044974,0.044974,0.044974,0.0,0,0.154149,0.878942,0.123934,0.412995,part2a21_soft_caution_overlay,artifacts_part2_g532/predictions/g532_final_consensus_tape.csv
2023-11-30,0,0.1858257729860681,0.3246680825615362,1.951967,1.87482,0.75,0.575117,0.494292,0.675211,0.75,1.0,0.78538,0.589035,0.094105,0.726522,1,ok,VOO,0.044974,0.044974,0.044974,0.0,0,0.17819,0.875099,0.135585,0.4349,part2a21_soft_caution_overlay,artifacts_part2_g532/predictions/g532_final_consensus_tape.csv
2023-12-01,0,0.1881504564445494,0.3441812140891245,1.848077,1.904828,0.5,0.572655,0.494152,0.691196,0.75,1.0,0.792414,0.594311,0.096032,0.722477,1,ok,VOO,0.044974,0.044974,0.044974,0.0,0,0.163528,0.875298,0.134984,0.433769,part2a21_soft_caution_overlay,artifacts_part2_g532/predictions/g532_final_consensus_tape.csv
2023-12-04,0,0.1859815371759841,0.3019866804947196,2.223888,2.007978,0.75,0.577161,0.494409,0.744117,0.75,1.0,0.77954,0.584655,0.089637,0.73608,1,ok,VOO,0.048035,0.048035,0.048035,0.0,0,0.176926,0.871178,0.144412,0.451494,part2a21_soft_caution_overlay,artifacts_part2_g532/predictions/g532_final_consensus_tape.csv
2023-12-05,0,0.1885984512803329,0.3387611040511051,1.741567,1.937844,0.5,0.576651,0.49438,0.70772,0.75,1.0,0.780998,0.585749,0.094502,0.725685,1,ok,VOO,0.048035,0.048035,0.048035,0.0,0,0.163778,0.866381,0.150553,0.46304,part2a21_soft_caution_overlay,artifacts_part2_g532/predictions/g532_final_consensus_tape.csv
2023-12-06,0,0.1942408253334017,0.3583780410453472,1.961581,1.975679,0.75,0.582361,0.494706,0.72658,0.75,1.0,0.764682,0.573511,0.094758,0.725146,1,ok,VOO,0.048035,0.048035,0.048035,0.0,0,0.170988,0.851912,0.168559,0.496891,part2a21_soft_caution_overlay,artifacts_part2_g532/predictions/g532_final_consensus_tape.csv
2023-12-07,0,0.1754069670985963,0.2793644241962538,1.483728,1.728958,0.5,0.571405,0.49408,0.600206,0.75,1.0,0.795986,0.59699,0.111359,0.691832,1,ok,VOO,0.048035,0.048035,0.048035,0.0,0,0.16388,0.876993,0.129845,0.424109,part2a21_soft_caution_overlay,artifacts_part2_g532/predictions/g532_final_consensus_tape.csv
2023-12-08,0,0.1843723791114119,0.3241915488094174,1.80429,1.749866,0.5,0.569492,0.493971,0.611432,0.75,1.0,0.801453,0.60109,0.122628,0.670911,1,ok,VOO,0.048035,0.048035,0.048035,0.0,0,0.166502,0.880012,0.120691,0.406899,part2a21_soft_caution_overlay,artifacts_part2_g532/predictions/g532_final_consensus_tape.csv
2023-12-11,0,0.1742272817326466,0.3046162411874614,1.810783,1.699601,0.5,0.572842,0.494162,0.584674,0.75,1.0,0.79188,0.59391,0.115136,0.684677,1,ok,VOO,0.035662,0.035662,0.035662,0.0,0,0.167152,0.875796,0.133473,0.43093,part2a21_soft_caution_overlay,artifacts_part2_g532/predictions/g532_final_consensus_tape.csv
2023-12-12,0,0.1768912851527756,0.3290888566706975,1.838345,1.817806,0.5,0.561212,0.493498,0.648134,0.75,1.0,0.825108,0.618831,0.113724,0.687335,1,ok,VOO,0.035662,0.035662,0.035662,0.0,0,0.131819,0.883668,0.109605,0.386057,part2a21_soft_caution_overlay,artifacts_part2_g532/predictions/g532_final_consensus_tape.csv
2023-12-13,0,0.1736935610472878,0.3225410679744722,1.778053,1.80906,0.5,0.575538,0.494316,0.64097,0.75,1.0,0.784177,0.588133,0.108176,0.697981,1,ok,VOO,0.035662,0.035662,0.035662,0.0,0,0.174809,0.873862,0.139337,0.441954,part2a21_soft_caution_overlay,artifacts_part2_g532/predictions/g532_final_consensus_tape.csv
2023-12-14,0,0.1777534918576021,0.3288192776585847,2.207623,1.94134,0.75,0.577744,0.494443,0.709373,0.75,1.0,0.777875,0.583406,0.104387,0.705444,1,ok,VOO,0.035662,0.035662,0.035662,0.0,0,0.178451,0.870131,0.14576,0.45403,part2a21_soft_caution_overlay,artifacts_part2_g532/predictions/g532_final_consensus_tape.csv
2023-12-15,0,0.1726414436865818,0.3184395103552502,2.05334,2.013005,0.5,0.574678,0.494267,0.747058,0.75,1.0,0.786634,0.589976,0.102648,0.708922,1,ok,VOO,0.035662,0.035662,0.035662,0.0,0,0.16327,0.87219,0.143105,0.449037,part2a21_soft_caution_overlay,artifacts_part2_g532/predictions/g532_final_consensus_tape.csv
2023-12-18,0,0.1757994933969053,0.2885630088532618,1.985707,2.082223,0.5,0.568016,0.493887,0.783758,0.75,1.0,0.80567,0.604252,0.10901,0.696359,1,ok,VOO,0.049468,0.049468,0.049468,0.0,0,0.163586,0.881332,0.116689,0.399376,part2a21_soft_caution_overlay,artifacts_part2_g532/predictions/g532_final_consensus_tape.csv
2023-12-19,0,0.1764289554014591,0.3015915796069042,2.047561,2.028869,0.5,0.566634,0.493808,0.756316,0.75,1.0,0.809618,0.607213,0.098766,0.716812,1,ok,VOO,0.049468,0.049468,0.049468,0.0,0,0.160133,0.882419,0.113392,0.393176,part2a21_soft_caution_overlay,artifacts_part2_g532/predictions/g532_final_consensus_tape.csv
2023-12-20,0,0.1884590138761946,0.373002284137677,2.541277,2.191515,0.75,0.590819,0.49519,0.83842,0.75,0.6,0.740517,0.333233,0.139559,0.641751,1,ok,VOO,0.049468,0.049468,0.049468,0.0,0,0.214735,0.846817,0.174728,0.508488,part2a21_soft_caution_overlay,artifacts_part2_g532/predictions/g532_final_consensus_tape.csv
2023-12-21,0,0.1993777013646184,0.3894731970765013,1.888141,2.158993,0.5,0.593024,0.495316,0.821179,0.75,0.6,0.734217,0.330398,0.143074,0.636012,1,ok,VOO,0.049468,0.049468,0.049468,0.0,0,0.227776,0.846323,0.175322,0.509604,part2a21_soft_caution_overlay,artifacts_part2_g532/predictions/g532_final_consensus_tape.csv
2023-12-22,0,0.1722690775486233,0.2908161228262284,2.182131,2.20385,0.5,0.580849,0.49462,0.845687,0.75,1.0,0.769003,0.576752,0.134081,0.650904,1,ok,VOO,0.049468,0.049468,0.049468,0.0,0,0.186989,0.864696,0.152689,0.467056,part2a21_soft_caution_overlay,artifacts_part2_g532/predictions/g532_final_consensus_tape.csv
2023-12-25,0,0.1742753476882138,0.2637518405948684,2.222757,2.097676,0.75,0.585068,0.494861,0.789902,0.75,0.6,0.756948,0.340627,0.132955,0.652818,1,ok,VOO,0.026347,0.026347,0.026347,0.0,0,0.20105,0.8584,0.160578,0.481886,part2a21_soft_caution_overlay,artifacts_part2_g532/predictions/g532_final_consensus_tape.csv
2023-12-26,0,0.1734350414263151,0.2643575576602327,2.106527,2.170472,0.5,0.585109,0.494863,0.827913,0.75,0.6,0.756832,0.340574,0.133375,0.652102,1,ok,VOO,0.026347,0.026347,0.026347,0.0,0,0.204649,0.860064,0.158507,0.477994,part2a21_soft_caution_overlay,artifacts_part2_g532/predictions/g532_final_consensus_tape.csv
2023-12-27,0,0.2062153873147648,0.5951246656996744,2.174047,2.167777,0.5,0.573823,0.494218,0.827522,0.75,1.0,0.789078,0.591809,0.136963,0.646057,1,ok,VOO,0.026347,0.026347,0.026347,0.0,0,0.178104,0.887751,0.130544,0.425423,part2a21_soft_caution_overlay,artifacts_part2_g532/predictions/g532_final_consensus_tape.csv
2023-12-28,0,0.2121667110662081,0.6226424752898997,2.263916,2.181496,0.75,0.572633,0.49415,0.834747,0.75,1.0,0.792476,0.594357,0.135014,0.649326,1,ok,VOO,0.026347,0.026347,0.026347,0.0,0,0.165261,0.80667,0.133823,0.431588,part2a21_soft_caution_overlay,artifacts_part2_g532/predictions/g532_final_consensus_tape.csv
2023-12-29,0,0.1973889698334869,0.5642640370503645,2.320919,2.25296,0.75,0.576782,0.494388,0.871549,0.75,1.0,0.780623,0.585467,0.134883,0.649548,1,ok,VOO,0.026347,0.026347,0.026347,0.0,0,0.188642,0.886064,0.135659,0.435039,part2a21_soft_caution_overlay,artifacts_part2_g532/predictions/g532_final_consensus_tape.csv
2024-01-01,0,0.1770321021117772,0.4883875624958235,2.189175,2.258003,0.75,0.574319,0.494247,0.874332,0.75,1.0,0.787659,0.590744,0.129139,0.659389,1,ok,VOO,0.051087,0.051087,0.051087,0.0,0,0.170987,0.885651,0.13691,0.437392,part2a21_soft_caution_overlay,artifacts_part2_g532/predictions/g532_final_consensus_tape.csv
2024-01-02,0,0.2074799960276789,0.6283554243549133,2.613412,2.374502,0.75,0.583869,0.494793,0.934504,0.65,0.6,0.760374,0.296546,0.127586,0.6621,0,high_risk_veto,VOO,0.051087,0.051087,0.051087,0.0,0,0.179459,0.782341,0.169241,0.498173,part2a21_soft_caution_overlay,artifacts_part2_g532/predictions/g532_final_consensus_tape.csv
2024-01-03,0,0.1899996488917571,0.5704288819479981,2.207268,2.336618,0.75,0.580262,0.494586,0.914894,0.65,0.6,0.77068,0.300565,0.092188,0.730593,0,high_risk_veto,VOO,0.051087,0.051087,0.051087,0.0,0,0.192994,0.880422,0.146657,0.455715,part2a21_soft_caution_overlay,artifacts_part2_g532/predictions/g532_final_consensus_tape.csv
2024-01-04,0,0.211155203146744,0.6558476387111097,2.05334,2.29134,0.75,0.580062,0.494575,0.891319,0.65,0.6,0.77125,0.300788,0.071757,0.776984,0,high_risk_veto,VOO,0.051087,0.051087,0.051087,0.0,0,0.181647,0.795515,0.152904,0.46746,part2a21_soft_caution_overlay,artifacts_part2_g532/predictions/g532_final_consensus_tape.csv
2024-01-05,0,0.2384666319782782,0.7354767319110818,1.938661,2.066423,0.5,0.577306,0.494417,0.774495,0.65,0.6,0.779125,0.303859,0.074669,0.770015,0,high_risk_veto,VOO,0.051087,0.051087,0.051087,0.0,0,0.178996,0.802719,0.1437,0.450157,part2a21_soft_caution_overlay,artifacts_part2_g532/predictions/g532_final_consensus_tape.csv
2024-01-08,0,0.1909873627857923,0.5660407716373478,1.442607,1.811536,0.5,0.57368,0.49421,0.642601,0.65,0.6,0.789485,0.307899,0.093502,0.727798,0,high_risk_veto,FLAT,0.0,0.0,0.0,0.0,0,0.170901,0.886464,0.134448,0.432762,part2a21_soft_caution_overlay,artifacts_part2_g532/predictions/g532_final_consensus_tape.csv
2024-01-09,0,0.1902510240359944,0.5638915429262674,2.049086,1.810118,0.5,0.572125,0.494121,0.642154,0.65,0.6,0.793927,0.309632,0.093042,0.728775,0,high_risk_veto,FLAT,0.0,0.0,0.0,0.0,0,0.167213,0.887728,0.130616,0.425557,part2a21_soft_caution_overlay,artifacts_part2_g532/predictions/g532_final_consensus_tape.csv
2024-01-10,0,0.1957190460853301,0.5824530560486191,1.887073,1.792922,0.5,0.578123,0.494464,0.63209,0.65,0.6,0.776791,0.302949,0.093886,0.726986,0,high_risk_veto,FLAT,0.0,0.0,0.0,0.0,0,0.184008,0.882635,0.143809,0.450361,part2a21_soft_caution_overlay,artifacts_part2_g532/predictions/g532_final_consensus_tape.csv
2024-01-11,0,0.1782453961728466,0.5087282630259481,1.997039,1.977733,0.5,0.590882,0.495193,0.726435,0.65,0.6,0.740336,0.288731,0.099399,0.715514,0,high_risk_veto,FLAT,0.0,0.0,0.0,0.0,0,0.225196,0.862956,0.168492,0.496766,part2a21_soft_caution_overlay,artifacts_part2_g532/predictions/g532_final_consensus_tape.csv
2024-01-12,0,0.1902850346306528,0.5703811699747561,1.992595,1.958902,0.75,0.594263,0.495386,0.716069,0.65,0.6,0.730678,0.284964,0.100415,0.713439,0,high_risk_veto,FLAT,0.0,0.0,0.0,0.0,0,0.244185,0.861696,0.170026,0.49965,part2a21_soft_caution_overlay,artifacts_part2_g532/predictions/g532_final_consensus_tape.csv
2024-01-15,0,0.1995351240977675,0.6003176479977916,2.004876,1.99817,0.75,0.573168,0.494181,0.739557,0.65,0.6,0.790949,0.30847,0.100415,0.713439,0,high_risk_veto,FLAT,0.0,0.0,0.0,0.0,0,0.181132,0.88922,0.12609,0.417049,part2a21_soft_caution_overlay,artifacts_part2_g532/predictions/g532_final_consensus_tape.csv
2024-01-16,0,0.2018751907484174,0.6277496991380318,2.036211,2.011227,0.75,0.588375,0.49505,0.744316,0.65,0.6,0.747499,0.291525,0.100878,0.712498,0,high_risk_veto,FLAT,0.0,0.0,0.0,0.0,0,0.221467,0.869099,0.160938,0.482563,part2a21_soft_caution_overlay,artifacts_part2_g532/predictions/g532_final_consensus_tape.csv
2024-01-17,0,0.2006376040119478,0.6160743273962099,2.161088,2.067391,0.75,0.584324,0.494819,0.774174,0.65,0.6,0.759074,0.296039,0.083452,0.749734,0,high_risk_veto,FLAT,0.0,0.0,0.0,0.0,0,0.221902,0.881925,0.144725,0.452082,part2a21_soft_caution_overlay,artifacts_part2_g532/predictions/g532_final_consensus_tape.csv
2024-01-18,0,0.1917625688495359,0.5845739346032537,1.652408,1.949902,0.5,0.588896,0.49508,0.712157,0.65,0.6,0.746011,0.290944,0.095328,0.72395,0,high_risk_veto,FLAT,0.0,0.0,0.0,0.0,0,0.22478,0.869102,0.160934,0.482556,part2a21_soft_caution_overlay,artifacts_part2_g532/predictions/g532_final_consensus_tape.csv
2024-01-19,0,0.202203365520009,0.6118225132010014,1.558683,1.790726,0.5,0.586057,0.494918,0.629418,0.65,0.6,0.754124,0.294108,0.106014,0.702219,0,high_risk_veto,FLAT,0.0,0.0,0.0,0.0,0,0.203781,0.867615,0.162774,0.486016,part2a21_soft_caution_overlay,artifacts_part2_g532/predictions/g532_final_consensus_tape.csv
2024-01-22,0,0.188233208007294,0.5547651673258592,2.108032,1.773041,0.5,0.572468,0.494141,0.622855,0.65,0.6,0.792948,0.30925,0.099158,0.716009,0,high_risk_veto,FLAT,0.0,0.0,0.0,0.0,0,0.182403,0.890388,0.122549,0.410392,part2a21_soft_caution_overlay,artifacts_part2_g532/predictions/g532_final_consensus_tape.csv
2024-01-23,0,0.2054006445111331,0.6248894638479459,2.029611,1.898775,0.5,0.569903,0.493994,0.6885,0.65,0.6,0.800278,0.312108,0.097158,0.720133,0,high_risk_veto,FLAT,0.0,0.0,0.0,0.0,0,0.173373,0.891872,0.11805,0.401934,part2a21_soft_caution_overlay,artifacts_part2_g532/predictions/g532_final_consensus_tape.csv
2024-01-24,0,0.1867701386081537,0.2759767882400364,2.010467,2.04937,0.5,0.59342,0.495338,0.763645,0.65,0.6,0.733086,0.285904,0.093097,0.728656,0,high_risk_veto,FLAT,0.0,0.0,0.0,0.0,0,0.233261,0.847854,0.17348,0.506142,part2a21_soft_caution_overlay,artifacts_part2_g532/predictions/g532_final_consensus_tape.csv
2024-01-25,0,0.1822260883231147,0.2464986208603084,2.156202,2.065427,0.5,0.58308,0.494747,0.773296,0.65,0.6,0.76263,0.297426,0.081632,0.753847,0,high_risk_veto,FLAT,0.0,0.0,0.0,0.0,0,0.209284,0.868659,0.147648,0.457579,part2a21_soft_caution_overlay,artifacts_part2_g532/predictions/g532_final_consensus_tape.csv
2024-01-26,0,0.1982791860495972,0.3448398768323363,2.295978,2.154215,0.75,0.582588,0.494719,0.819661,0.65,0.6,0.764034,0.297973,0.076776,0.765051,0,high_risk_veto,FLAT,0.0,0.0,0.0,0.0,0,0.208581,0.869828,0.146149,0.454761,part2a21_soft_caution_overlay,artifacts_part2_g532/predictions/g532_final_consensus_tape.csv
2024-01-29,0,0.1864496738511494,0.2916262490713541,1.807776,2.086652,0.5,0.581805,0.494675,0.784512,0.65,0.6,0.766271,0.298846,0.075348,0.768407,0,high_risk_veto,FLAT,0.0,0.0,0.0,0.0,0,0.20645,0.871196,0.144389,0.451451,part2a21_soft_caution_overlay,artifacts_part2_g532/predictions/g532_final_consensus_tape.csv
2024-01-30,0,0.2010244091045464,0.39306211220047,2.189691,2.097815,0.75,0.592354,0.495277,0.789172,0.65,0.6,0.736133,0.287092,0.080468,0.756504,0,high_risk_veto,FLAT,0.0,0.0,0.0,0.0,0,0.240535,0.855003,0.164775,0.489776,part2a21_soft_caution_overlay,artifacts_part2_g532/predictions/g532_final_consensus_tape.csv
2024-01-31,0,0.1977484324671298,0.3466619929261896,2.442943,2.146803,0.75,0.590898,0.495194,0.814993,0.75,0.6,0.740292,0.333131,0.161079,0.608155,1,ok,FLAT,0.0,0.0,0.0,0.0,0,0.219134,0.848822,0.172311,0.503944,part2a21_soft_caution_overlay,artifacts_part2_g532/predictions/g532_final_consensus_tape.csv
2024-02-01,0,0.2063472171529209,0.4219242263328384,1.448018,2.026884,0.5,0.584986,0.494856,0.752944,0.75,1.0,0.757184,0.567888,0.154919,0.617407,1,ok,FLAT,0.0,0.0,0.0,0.0,0,0.198769,0.857522,0.161666,0.483933,part2a21_soft_caution_overlay,artifacts_part2_g532/predictions/g532_final_consensus_tape.csv
2024-02-02,0,0.2128154458951509,0.4626972545438084,1.363796,1.751586,0.5,0.597612,0.495578,0.606592,0.75,0.6,0.721109,0.324499,0.185827,0.573622,1,ok,FLAT,0.0,0.0,0.0,0.0,0,0.246643,0.840988,0.181683,0.521564,part2a21_soft_caution_overlay,artifacts_part2_g532/predictions/g532_final_consensus_tape.csv
2024-02-05,0,0.1914830821678454,0.3304299028543828,1.932295,1.58137,0.75,0.593091,0.495319,0.518262,0.75,0.6,0.734026,0.330311,0.18663,0.572567,1,ok,VOO,0.014702,0.014702,0.014702,0.0,0,0.225173,0.844756,0.177199,0.513134,part2a21_soft_caution_overlay,artifacts_part2_g532/predictions/g532_final_consensus_tape.csv
2024-02-06,0,0.1945017654640221,0.3496332090095274,1.894061,1.730051,0.75,0.586921,0.494967,0.597534,0.75,1.0,0.751653,0.56374,0.186911,0.572198,1,ok,VOO,0.014702,0.014702,0.014702,0.0,0,0.199338,0.851606,0.168932,0.497592,part2a21_soft_caution_overlay,artifacts_part2_g532/predictions/g532_final_consensus_tape.csv
2024-02-07,0,0.2021388282093837,0.358772590056732,1.542675,1.789677,0.5,0.586642,0.494951,0.628756,0.75,1.0,0.752451,0.564338,0.191606,0.566116,1,ok,VOO,0.014702,0.014702,0.014702,0.0,0,0.196951,0.851294,0.169313,0.498308,part2a21_soft_caution_overlay,artifacts_part2_g532/predictions/g532_final_consensus_tape.csv
2024-02-08,0,0.2024488270496398,0.3521544411288054,1.868845,1.768527,0.5,0.584336,0.494819,0.618162,0.75,1.0,0.759039,0.569279,0.191757,0.565922,1,ok,VOO,0.014702,0.014702,0.014702,0.0,0,0.18993,0.855153,0.16459,0.48943,part2a21_soft_caution_overlay,artifacts_part2_g532/predictions/g532_final_consensus_tape.csv
2024-02-09,0,0.1823661483286931,0.2257899307297281,1.684802,1.698774,0.5,0.581173,0.494638,0.58244,0.75,1.0,0.768076,0.576057,0.193259,0.564004,1,ok,VOO,0.014702,0.014702,0.014702,0.0,0,0.178485,0.859479,0.159236,0.479364,part2a21_soft_caution_overlay,artifacts_part2_g532/predictions/g532_final_consensus_tape.csv
2024-02-12,0,0.1921517541085045,0.3227713810285597,2.090911,1.881519,0.75,0.591983,0.495256,0.675851,0.65,0.6,0.73719,0.287504,0.194389,0.56257,0,high_risk_veto,FLAT,0.0,0.0,0.0,0.0,0,0.220672,0.846066,0.17563,0.510185,part2a21_soft_caution_overlay,artifacts_part2_g532/predictions/g532_final_consensus_tape.csv
2024-02-13,0,0.1978787338948144,0.3071222755407485,2.417888,2.064534,0.75,0.594125,0.495379,0.771514,0.65,0.6,0.731072,0.285118,0.195199,0.561547,0,high_risk_veto,FLAT,0.0,0.0,0.0,0.0,0,0.218236,0.837694,0.185567,0.528865,part2a21_soft_caution_overlay,artifacts_part2_g532/predictions/g532_final_consensus_tape.csv
2024-02-14,0,0.1959672996867082,0.3439173746335995,1.64326,2.050686,0.5,0.5943,0.495389,0.764226,0.65,0.6,0.730572,0.284923,0.121656,0.672665,0,high_risk_veto,FLAT,0.0,0.0,0.0,0.0,0,0.223983,0.840132,0.182694,0.523466,part2a21_soft_caution_overlay,artifacts_part2_g532/predictions/g532_final_consensus_tape.csv
2024-02-15,0,0.1857925842035759,0.2893252224590836,1.885669,1.982273,0.5,0.59129,0.495217,0.728755,0.65,0.6,0.739171,0.288277,0.12171,0.672567,0,high_risk_veto,FLAT,0.0,0.0,0.0,0.0,0,0.209661,0.842636,0.179727,0.517888,part2a21_soft_caution_overlay,artifacts_part2_g532/predictions/g532_final_consensus_tape.csv
2024-02-16,0,0.1913478520017927,0.3158618612013964,2.210589,1.913173,0.75,0.593465,0.495341,0.692202,0.65,0.6,0.732956,0.285853,0.072263,0.775765,0,high_risk_veto,FLAT,0.0,0.0,0.0,0.0,0,0.205609,0.833211,0.190799,0.538702,part2a21_soft_caution_overlay,artifacts_part2_g532/predictions/g532_final_consensus_tape.csv
2024-02-19,0,0.1863555794218436,0.2788917104110736,1.935166,2.010475,0.75,0.58678,0.494959,0.744135,0.65,0.6,0.752058,0.293302,0.071302,0.778084,0,high_risk_veto,FLAT,0.0,0.0,0.0,0.0,0,0.190756,0.847676,0.173695,0.506546,part2a21_soft_caution_overlay,artifacts_part2_g532/predictions/g532_final_consensus_tape.csv
2024-02-20,0,0.1958790953454463,0.3322894352952735,2.165874,2.103876,0.75,0.592636,0.495293,0.792319,0.65,0.6,0.735325,0.286777,0.083539,0.749538,0,high_risk_veto,FLAT,0.0,0.0,0.0,0.0,0,0.213961,0.840416,0.182359,0.522834,part2a21_soft_caution_overlay,artifacts_part2_g532/predictions/g532_final_consensus_tape.csv
2024-02-21,0,0.2003479082934335,0.3470909456193756,2.006014,2.035685,0.75,0.588122,0.495036,0.757142,0.65,0.6,0.748223,0.291807,0.072092,0.776176,0,high_risk_veto,FLAT,0.0,0.0,0.0,0.0,0,0.208133,0.852202,0.168205,0.496226,part2a21_soft_caution_overlay,artifacts_part2_g532/predictions/g532_final_consensus_tape.csv
2024-02-22,0,0.2064099584646039,0.2481179502279836,1.062897,1.744929,0.5,0.585553,0.494889,0.605593,0.65,0.6,0.755562,0.294669,0.12147,0.673003,0,high_risk_veto,FLAT,0.0,0.0,0.0,0.0,0,0.204507,0.858589,0.160343,0.481445,part2a21_soft_caution_overlay,artifacts_part2_g532/predictions/g532_final_consensus_tape.csv
2024-02-23,0,0.2046866831556361,0.2724369841459619,1.941581,1.670164,0.75,0.58244,0.494711,0.567244,0.65,0.6,0.764456,0.298138,0.123358,0.669599,0,high_risk_veto,FLAT,0.0,0.0,0.0,0.0,0,0.199835,0.866038,0.150989,0.46386,part2a21_soft_caution_overlay,artifacts_part2_g532/predictions/g532_final_consensus_tape.csv
2024-02-26,0,0.2026509786680274,0.3058166396944574,1.895148,1.633209,0.75,0.578371,0.494478,0.548929,0.65,0.6,0.776083,0.302672,0.123978,0.668488,0,high_risk_veto,FLAT,0.0,0.0,0.0,0.0,0,0.183898,0.870837,0.144852,0.452322,part2a21_soft_caution_overlay,artifacts_part2_g532/predictions/g532_final_consensus_tape.csv
2024-02-27,0,0.1996929300432936,0.3563505186314747,1.878797,1.905175,0.5,0.574108,0.494235,0.691143,0.65,0.6,0.788262,0.307422,0.121331,0.673253,0,high_risk_veto,FLAT,0.0,0.0,0.0,0.0,0,0.165631,0.873841,0.139399,0.442071,part2a21_soft_caution_overlay,artifacts_part2_g532/predictions/g532_final_consensus_tape.csv
2024-02-28,0,0.1975214877877934,0.3991929757305852,2.033133,1.935693,0.75,0.57879,0.494502,0.706275,0.65,0.6,0.774887,0.302206,0.125321,0.666097,0,high_risk_veto,FLAT,0.0,0.0,0.0,0.0,0,0.181223,0.86826,0.148159,0.458538,part2a21_soft_caution_overlay,artifacts_part2_g532/predictions/g532_final_consensus_tape.csv
2024-02-29,0,0.1995217299085745,0.3585345094053075,1.68937,1.8671,0.5,0.574147,0.494237,0.671366,0.75,1.0,0.788152,0.591114,0.1245,0.667557,1,ok,FLAT,0.0,0.0,0.0,0.0,0,0.165776,0.873821,0.139461,0.442186,part2a21_soft_caution_overlay,artifacts_part2_g532/predictions/g532_final_consensus_tape.csv
2024-03-01,0,0.1967507349406182,0.4101630161755028,1.535118,1.75254,0.5,0.579672,0.494553,0.610765,0.75,1.0,0.772366,0.579274,0.125444,0.665877,1,ok,FLAT,0.0,0.0,0.0,0.0,0,0.17815,0.864026,0.153535,0.468646,part2a21_soft_caution_overlay,artifacts_part2_g532/predictions/g532_final_consensus_tape.csv
2024-03-04,0,0.1990584349642781,0.3657195082087476,2.117022,1.780503,0.75,0.58092,0.494624,0.625082,0.75,1.0,0.768799,0.576599,0.125159,0.666385,1,ok,VOO,0.036027,0.036027,0.036027,0.0,0,0.194681,0.868226,0.148202,0.458619,part2a21_soft_caution_overlay,artifacts_part2_g532/predictions/g532_final_consensus_tape.csv
2024-03-05,0,0.1952971742388519,0.4409924199722969,2.408505,2.020215,0.75,0.590287,0.495159,0.748766,0.75,0.6,0.742037,0.333917,0.14917,0.626299,1,ok,VOO,0.036027,0.036027,0.036027,0.0,0,0.214134,0.848247,0.173006,0.505251,part2a21_soft_caution_overlay,artifacts_part2_g532/predictions/g532_final_consensus_tape.csv
2024-03-06,0,0.1963462432504484,0.421164121671078,1.693361,2.072963,0.5,0.589593,0.49512,0.776468,0.75,0.6,0.744019,0.334809,0.148487,0.627373,1,ok,VOO,0.036027,0.036027,0.036027,0.0,0,0.208892,0.847816,0.173526,0.506228,part2a21_soft_caution_overlay,artifacts_part2_g532/predictions/g532_final_consensus_tape.csv
2024-03-07,0,0.2031484829021916,0.2929688836430215,1.478311,1.860059,0.5,0.588537,0.495059,0.665209,0.75,0.6,0.747038,0.336167,0.109722,0.694981,1,ok,VOO,0.036027,0.036027,0.036027,0.0,0,0.210807,0.852223,0.16818,0.496179,part2a21_soft_caution_overlay,artifacts_part2_g532/predictions/g532_final_consensus_tape.csv
2024-03-08,0,0.1942651854524399,0.4658129506203168,2.286821,1.819498,0.75,0.594739,0.495414,0.64283,0.75,0.6,0.729318,0.328193,0.113002,0.688702,1,ok,VOO,0.036027,0.036027,0.036027,0.0,0,0.212903,0.832788,0.191289,0.539624,part2a21_soft_caution_overlay,artifacts_part2_g532/predictions/g532_final_consensus_tape.csv
2024-03-11,0,0.1970322881754371,0.4084411301891493,1.952495,1.905876,0.75,0.597883,0.495593,0.687651,0.75,0.6,0.720334,0.32415,0.112838,0.689013,1,ok,VOO,0.023037,0.023037,0.023037,0.0,0,0.220473,0.826108,0.198972,0.554067,part2a21_soft_caution_overlay,artifacts_part2_g532/predictions/g532_final_consensus_tape.csv
2024-03-12,0,0.1943960760337746,0.4637713085532399,1.420079,1.886465,0.5,0.577817,0.494447,0.680813,0.75,1.0,0.777665,0.583249,0.135406,0.648667,1,ok,VOO,0.023037,0.023037,0.023037,0.0,0,0.175139,0.868304,0.148102,0.458432,part2a21_soft_caution_overlay,artifacts_part2_g532/predictions/g532_final_consensus_tape.csv
2024-03-13,0,0.1978096072824597,0.3934972000202237,2.035227,1.8026,0.75,0.580721,0.494613,0.636635,0.75,1.0,0.769369,0.577027,0.131584,0.655163,1,ok,VOO,0.023037,0.023037,0.023037,0.0,0,0.186053,0.864637,0.152764,0.467196,part2a21_soft_caution_overlay,artifacts_part2_g532/predictions/g532_final_consensus_tape.csv
2024-03-14,0,0.2011154953481715,0.3324371012806948,1.814586,1.75663,0.75,0.582633,0.494722,0.612297,0.65,0.6,0.763906,0.297923,0.133179,0.652437,0,high_risk_veto,VOO,0.023037,0.023037,0.023037,0.0,0,0.18637,0.85879,0.160093,0.480975,part2a21_soft_caution_overlay,artifacts_part2_g532/predictions/g532_final_consensus_tape.csv
2024-03-15,0,0.2050298351270805,0.2673991356950042,2.096027,1.981947,0.75,0.586658,0.494952,0.729242,0.65,0.6,0.752406,0.293438,0.135511,0.648491,0,high_risk_veto,VOO,0.023037,0.023037,0.023037,0.0,0,0.20548,0.855561,0.164088,0.488485,part2a21_soft_caution_overlay,artifacts_part2_g532/predictions/g532_final_consensus_tape.csv
2024-03-18,0,0.1982829298372186,0.3846521301992758,1.490244,1.800286,0.5,0.584794,0.494845,0.634653,0.65,0.6,0.757731,0.295515,0.139929,0.641143,0,high_risk_veto,FLAT,0.0,0.0,0.0,0.0,0,0.193935,0.855706,0.16391,0.48815,part2a21_soft_caution_overlay,artifacts_part2_g532/predictions/g532_final_consensus_tape.csv
2024-03-19,0,0.2018855778534989,0.3180740898935478,1.668012,1.751428,0.5,0.582241,0.494699,0.609663,0.65,0.6,0.765027,0.29836,0.101101,0.712045,0,high_risk_veto,FLAT,0.0,0.0,0.0,0.0,0,0.19531,0.864444,0.153008,0.467654,part2a21_soft_caution_overlay,artifacts_part2_g532/predictions/g532_final_consensus_tape.csv
2024-03-20,0,0.1887169862774358,0.3046610547784956,1.444329,1.534195,0.5,0.57704,0.494402,0.497751,0.65,0.6,0.779885,0.304155,0.102447,0.709326,0,high_risk_veto,FLAT,0.0,0.0,0.0,0.0,0,0.174994,0.85065,0.145135,0.452854,part2a21_soft_caution_overlay,artifacts_part2_g532/predictions/g532_final_consensus_tape.csv
2024-03-21,0,0.1884722545528104,0.3012194766416876,1.717479,1.60994,0.5,0.577503,0.494429,0.537029,0.65,0.6,0.778564,0.30364,0.098911,0.716514,0,high_risk_veto,FLAT,0.0,0.0,0.0,0.0,0,0.183108,0.853041,0.141926,0.44682,part2a21_soft_caution_overlay,artifacts_part2_g532/predictions/g532_final_consensus_tape.csv
2024-03-22,0,0.1866532049082637,0.2482639292796948,1.730251,1.630686,0.5,0.576042,0.494345,0.548164,0.65,0.6,0.782738,0.305268,0.097216,0.720014,0,high_risk_veto,FLAT,0.0,0.0,0.0,0.0,0,0.183539,0.855026,0.135908,0.435507,part2a21_soft_caution_overlay,artifacts_part2_g532/predictions/g532_final_consensus_tape.csv
2024-03-25,0,0.1881339555861099,0.2779176011904169,1.879094,1.775608,0.75,0.572881,0.494165,0.624106,0.65,0.6,0.791768,0.30879,0.097503,0.719418,0,high_risk_veto,FLAT,0.0,0.0,0.0,0.0,0,0.173197,0.857014,0.129881,0.424176,part2a21_soft_caution_overlay,artifacts_part2_g532/predictions/g532_final_consensus_tape.csv
2024-03-26,0,0.1884062303119573,0.2921756788956082,1.843398,1.817581,0.75,0.580987,0.494628,0.644391,0.65,0.6,0.768607,0.299757,0.077522,0.763308,0,high_risk_veto,FLAT,0.0,0.0,0.0,0.0,0,0.191239,0.846378,0.150599,0.463126,part2a21_soft_caution_overlay,artifacts_part2_g532/predictions/g532_final_consensus_tape.csv
2024-03-27,0,0.1871184809391744,0.2603090812603694,1.660611,1.794368,0.5,0.589196,0.495097,0.630715,0.65,0.6,0.745153,0.29061,0.079878,0.757856,0,high_risk_veto,FLAT,0.0,0.0,0.0,0.0,0,0.227326,0.838465,0.160537,0.48181,part2a21_soft_caution_overlay,artifacts_part2_g532/predictions/g532_final_consensus_tape.csv
2024-03-28,0,0.1878006976561229,0.2760149854073467,1.826011,1.776673,0.75,0.589714,0.495127,0.621352,0.65,0.6,0.743673,0.290033,0.076987,0.764556,0,high_risk_veto,FLAT,0.0,0.0,0.0,0.0,0,0.213459,0.829796,0.171171,0.501802,part2a21_soft_caution_overlay,artifacts_part2_g532/predictions/g532_final_consensus_tape.csv
2024-03-29,0,0.187321445051161,0.2629517050478054,1.767658,1.751427,0.75,0.58932,0.495104,0.608216,0.65,0.6,0.744801,0.290473,0.06934,0.782866,0,high_risk_veto,FLAT,0.0,0.0,0.0,0.0,0,0.217352,0.833055,0.167204,0.494343,part2a21_soft_caution_overlay,artifacts_part2_g532/predictions/g532_final_consensus_tape.csv
2024-04-01,0,0.1881287799931895,0.2710926903961807,1.744783,1.779484,0.5,0.582016,0.494687,0.624337,0.65,0.6,0.765669,0.298611,0.070234,0.780678,0,high_risk_veto,FLAT,0.0,0.0,0.0,0.0,0,0.199896,0.847414,0.149281,0.460648,part2a21_soft_caution_overlay,artifacts_part2_g532/predictions/g532_final_consensus_tape.csv
2024-04-02,0,0.1875844190471766,0.2562939749207736,2.011068,1.84117,0.75,0.587438,0.494996,0.655525,0.65,0.6,0.750178,0.292569,0.075798,0.767347,0,high_risk_veto,FLAT,0.0,0.0,0.0,0.0,0,0.211414,0.836089,0.163478,0.487339,part2a21_soft_caution_overlay,artifacts_part2_g532/predictions/g532_final_consensus_tape.csv
2024-04-03,0,0.1886904279896888,0.2956870487797139,1.695337,1.817063,0.5,0.586828,0.494962,0.643034,0.65,0.6,0.75192,0.293249,0.069295,0.782974,0,high_risk_veto,FLAT,0.0,0.0,0.0,0.0,0,0.214905,0.839769,0.158916,0.478761,part2a21_soft_caution_overlay,artifacts_part2_g532/predictions/g532_final_consensus_tape.csv
2024-04-04,0,0.1883603786920454,0.2881425467430424,2.152169,1.952858,0.75,0.590004,0.495143,0.713538,0.65,0.6,0.742845,0.289709,0.103282,0.707649,0,high_risk_veto,FLAT,0.0,0.0,0.0,0.0,0,0.212583,0.828404,0.172855,0.504967,part2a21_soft_caution_overlay,artifacts_part2_g532/predictions/g532_final_consensus_tape.csv
2024-04-05,0,0.1882814492607052,0.2813681665044337,1.358027,1.735178,0.5,0.589762,0.495129,0.599619,0.65,0.6,0.743537,0.289979,0.136515,0.646805,0,high_risk_veto,FLAT,0.0,0.0,0.0,0.0,0,0.207036,0.826341,0.17534,0.509639,part2a21_soft_caution_overlay,artifacts_part2_g532/predictions/g532_final_consensus_tape.csv
2024-04-08,0,0.1893537838570609,0.3306398268154686,1.785279,1.765159,0.75,0.589997,0.495143,0.615267,0.65,0.6,0.742864,0.289717,0.136852,0.646243,0,high_risk_veto,FLAT,0.0,0.0,0.0,0.0,0,0.216449,0.830406,0.170432,0.500412,part2a21_soft_caution_overlay,artifacts_part2_g532/predictions/g532_final_consensus_tape.csv
2024-04-09,0,0.1885292462446524,0.2823762128185001,1.738975,1.627427,0.5,0.592016,0.495258,0.542673,0.65,0.6,0.737098,0.287468,0.13543,0.648627,0,high_risk_veto,FLAT,0.0,0.0,0.0,0.0,0,0.229262,0.830405,0.170432,0.500413,part2a21_soft_caution_overlay,artifacts_part2_g532/predictions/g532_final_consensus_tape.csv
2024-04-10,0,0.1881124673742912,0.2790212550889643,2.082072,1.868775,0.75,0.587846,0.49502,0.669888,0.65,0.6,0.749012,0.292115,0.134582,0.650057,0,high_risk_veto,FLAT,0.0,0.0,0.0,0.0,0,0.206884,0.832492,0.167893,0.495638,part2a21_soft_caution_overlay,artifacts_part2_g532/predictions/g532_final_consensus_tape.csv
2024-04-11,0,0.1864462325881174,0.225504723207628,1.382193,1.734413,0.5,0.582428,0.49471,0.600752,0.65,0.6,0.764493,0.298152,0.140033,0.640971,0,high_risk_veto,FLAT,0.0,0.0,0.0,0.0,0,0.192681,0.842599,0.155373,0.472102,part2a21_soft_caution_overlay,artifacts_part2_g532/predictions/g532_final_consensus_tape.csv
2024-04-12,0,0.189520632790146,0.3288644003522254,2.235539,1.899934,0.75,0.592589,0.495291,0.685403,0.65,0.6,0.735459,0.286829,0.171183,0.593566,0,high_risk_veto,FLAT,0.0,0.0,0.0,0.0,0,0.221397,0.824483,0.177565,0.513823,part2a21_soft_caution_overlay,artifacts_part2_g532/predictions/g532_final_consensus_tape.csv
2024-04-15,0,0.190119002682927,0.3624506013972602,2.241121,1.952951,0.75,0.591813,0.495246,0.713315,0.65,0.6,0.737676,0.287694,0.167593,0.598669,0,high_risk_veto,FLAT,0.0,0.0,0.0,0.0,1,0.194327,0.732821,0.19129,0.539625,part2a21_soft_caution_overlay,artifacts_part2_g532/predictions/g532_final_consensus_tape.csv
2024-04-16,0,0.1898128862725212,0.3381193755173077,1.724455,2.067038,0.75,0.59461,0.495406,0.77277,0.65,0.6,0.729687,0.284578,0.167666,0.598564,0,high_risk_veto,FLAT,0.0,0.0,0.0,0.0,0,0.223234,0.818739,0.184377,0.526628,part2a21_soft_caution_overlay,artifacts_part2_g532/predictions/g532_final_consensus_tape.csv
2024-04-17,0,0.2124675288896065,0.6612892700020866,1.990492,1.985356,0.75,0.588732,0.49507,0.730732,0.65,0.6,0.74648,0.291127,0.177181,0.585233,0,high_risk_veto,FLAT,0.0,0.0,0.0,0.0,0,0.188205,0.770899,0.182958,0.52396,part2a21_soft_caution_overlay,artifacts_part2_g532/predictions/g532_final_consensus_tape.csv
2024-04-18,0,0.2032896492489641,0.6274078956110016,1.801998,1.838982,0.75,0.589233,0.495099,0.654056,0.65,0.6,0.745047,0.290568,0.160035,0.609704,0,high_risk_veto,FLAT,0.0,0.0,0.0,0.0,0,0.212898,0.862025,0.169626,0.498897,part2a21_soft_caution_overlay,artifacts_part2_g532/predictions/g532_final_consensus_tape.csv
2024-04-19,0,0.1977169876495425,0.5932016712201221,2.21298,2.001823,0.75,0.590594,0.495177,0.739093,0.65,0.6,0.741161,0.289053,0.131729,0.654915,0,high_risk_veto,FLAT,0.0,0.0,0.0,0.0,0,0.220447,0.86147,0.1703,0.500164,part2a21_soft_caution_overlay,artifacts_part2_g532/predictions/g532_final_consensus_tape.csv
2024-04-22,0,0.2003557689257389,0.6092997231323103,1.3366,1.78386,0.5,0.579769,0.494558,0.627055,0.65,0.6,0.772089,0.301115,0.141811,0.638063,0,high_risk_veto,FLAT,0.0,0.0,0.0,0.0,0,0.181073,0.876147,0.152104,0.465956,part2a21_soft_caution_overlay,artifacts_part2_g532/predictions/g532_final_consensus_tape.csv
2024-04-23,0,0.1950952104850352,0.5777508540474023,1.207808,1.585796,0.5,0.577524,0.49443,0.524465,0.65,0.6,0.778502,0.303616,0.15758,0.613376,0,high_risk_veto,FLAT,0.0,0.0,0.0,0.0,0,0.171777,0.878563,0.149034,0.460184,part2a21_soft_caution_overlay,artifacts_part2_g532/predictions/g532_final_consensus_tape.csv
2024-04-24,0,0.2052930982630224,0.622291995657127,1.658524,1.400978,0.5,0.582454,0.494712,0.42686,0.65,0.6,0.764416,0.298122,0.156596,0.614861,0,high_risk_veto,FLAT,0.0,0.0,0.0,0.0,0,0.193255,0.873755,0.155123,0.471631,part2a21_soft_caution_overlay,artifacts_part2_g532/predictions/g532_final_consensus_tape.csv
2024-04-25,0,0.1944340112536213,0.5725722295431571,1.929575,1.598636,0.75,0.580871,0.494621,0.530327,0.65,0.6,0.768941,0.299887,0.14703,0.629675,0,high_risk_veto,FLAT,0.0,0.0,0.0,0.0,0,0.18677,0.875511,0.15291,0.46747,part2a21_soft_caution_overlay,artifacts_part2_g532/predictions/g532_final_consensus_tape.csv
2024-04-26,0,0.2013117305728703,0.6081652975320122,1.293668,1.627256,0.5,0.570233,0.494013,0.547746,0.65,0.6,0.799334,0.31174,0.123981,0.668483,0,high_risk_veto,FLAT,0.0,0.0,0.0,0.0,0,0.154738,0.887633,0.130901,0.426095,part2a21_soft_caution_overlay,artifacts_part2_g532/predictions/g532_final_consensus_tape.csv
2024-04-29,0,0.2020995196489733,0.6035091741547183,1.673463,1.632235,0.5,0.572294,0.494131,0.549846,0.65,0.6,0.793446,0.309444,0.11843,0.678554,0,high_risk_veto,FLAT,0.0,0.0,0.0,0.0,0,0.158194,0.885665,0.136868,0.437313,part2a21_soft_caution_overlay,artifacts_part2_g532/predictions/g532_final_consensus_tape.csv
2024-04-30,0,0.1969137376149347,0.5854712460331114,2.320948,1.762693,0.75,0.575476,0.494313,0.616888,0.65,0.6,0.784354,0.305898,0.132889,0.652931,0,high_risk_veto,FLAT,0.0,0.0,0.0,0.0,0,0.172112,0.88438,0.140764,0.444637,part2a21_soft_caution_overlay,artifacts_part2_g532/predictions/g532_final_consensus_tape.csv
2024-05-01,0,0.1914137395222585,0.5592481764401019,1.898131,1.96418,0.75,0.571784,0.494102,0.722116,0.65,0.6,0.794902,0.310012,0.121893,0.672236,0,high_risk_veto,FLAT,0.0,0.0,0.0,0.0,0,0.159033,0.886498,0.134343,0.432564,part2a21_soft_caution_overlay,artifacts_part2_g532/predictions/g532_final_consensus_tape.csv
2024-05-02,0,0.2073973987812746,0.625231061879952,1.318733,1.845937,0.5,0.566819,0.493818,0.661665,0.65,0.6,0.809088,0.315544,0.123891,0.668645,0,high_risk_veto,FLAT,0.0,0.0,0.0,0.0,0,0.1381,0.808663,0.127778,0.420223,part2a21_soft_caution_overlay,artifacts_part2_g532/predictions/g532_final_consensus_tape.csv
2024-05-03,0,0.1922223872690716,0.5479382924385152,1.146462,1.454442,0.5,0.570529,0.49403,0.458112,0.75,1.0,0.798489,0.598867,0.113087,0.688539,1,ok,FLAT,0.0,0.0,0.0,0.0,0,0.156942,0.8877,0.130698,0.425713,part2a21_soft_caution_overlay,artifacts_part2_g532/predictions/g532_final_consensus_tape.csv
2024-05-06,0,0.1934968064878318,0.5542419794315677,1.405384,1.290193,0.5,0.574284,0.494245,0.371763,0.75,1.0,0.78776,0.59082,0.114136,0.686556,1,ok,VOO,0.02262,0.02262,0.02262,0.0,0,0.167533,0.884991,0.138911,0.441153,part2a21_soft_caution_overlay,artifacts_part2_g532/predictions/g532_final_consensus_tape.csv
2024-05-07,0,0.1947464102266099,0.5592880624007845,1.701983,1.417943,0.75,0.571149,0.494066,0.439015,0.75,1.0,0.796718,0.597539,0.103119,0.707977,1,ok,VOO,0.02262,0.02262,0.02262,0.0,0,0.163025,0.888139,0.129367,0.42321,part2a21_soft_caution_overlay,artifacts_part2_g532/predictions/g532_final_consensus_tape.csv
2024-05-08,0,0.1893928546484828,0.5340839228155374,1.716077,1.607815,0.75,0.571697,0.494097,0.537321,0.75,1.0,0.795151,0.596363,0.103347,0.70752,1,ok,VOO,0.02262,0.02262,0.02262,0.0,0,0.164982,0.887828,0.130312,0.424987,part2a21_soft_caution_overlay,artifacts_part2_g532/predictions/g532_final_consensus_tape.csv
2024-05-09,0,0.1929658995874227,0.539972960998666,1.574933,1.664331,0.5,0.574006,0.494229,0.56611,0.75,1.0,0.788554,0.591415,0.103369,0.707475,1,ok,VOO,0.02262,0.02262,0.02262,0.0,0,0.168235,0.885495,0.137384,0.438282,part2a21_soft_caution_overlay,artifacts_part2_g532/predictions/g532_final_consensus_tape.csv
2024-05-10,0,0.1958045714535977,0.5456102634058779,1.599752,1.630254,0.5,0.574774,0.494273,0.548237,0.75,1.0,0.78636,0.58977,0.09983,0.714632,1,ok,VOO,0.02262,0.02262,0.02262,0.0,0,0.174074,0.885693,0.136786,0.437157,part2a21_soft_caution_overlay,artifacts_part2_g532/predictions/g532_final_consensus_tape.csv
2024-05-13,0,0.2092623337669153,0.614464378445588,1.620236,1.598307,0.5,0.571711,0.494098,0.532387,0.75,1.0,0.795112,0.596334,0.100127,0.714026,1,ok,VOO,0.034003,0.034003,0.034003,0.0,0,0.152755,0.80531,0.137946,0.439338,part2a21_soft_caution_overlay,artifacts_part2_g532/predictions/g532_final_consensus_tape.csv
2024-05-14,0,0.1916667162762995,0.5247127160839468,1.49608,1.572023,0.5,0.568629,0.493922,0.519524,0.75,1.0,0.803916,0.602937,0.073368,0.773114,1,ok,VOO,0.034003,0.034003,0.034003,0.0,0,0.159182,0.890624,0.121835,0.409049,part2a21_soft_caution_overlay,artifacts_part2_g532/predictions/g532_final_consensus_tape.csv
2024-05-15,0,0.1923791100750044,0.5099309338272093,1.201386,1.439234,0.5,0.562765,0.493587,0.452433,0.75,1.0,0.82067,0.615503,0.051133,0.830198,1,ok,VOO,0.034003,0.034003,0.034003,0.0,0,0.136657,0.785638,0.11272,0.391913,part2a21_soft_caution_overlay,artifacts_part2_g532/predictions/g532_final_consensus_tape.csv
2024-05-16,0,0.1846017440094317,0.4538937217401823,1.734758,1.477408,0.75,0.56323,0.493613,0.472012,0.75,1.0,0.819343,0.614507,0.053436,0.823898,1,ok,VOO,0.034003,0.034003,0.034003,0.0,0,0.130128,0.783701,0.118594,0.402957,part2a21_soft_caution_overlay,artifacts_part2_g532/predictions/g532_final_consensus_tape.csv
2024-05-17,0,0.1835813847694183,0.4475874663056493,1.6856,1.540581,0.75,0.562534,0.493573,0.504808,0.75,1.0,0.821333,0.616,0.050099,0.833059,1,ok,VOO,0.034003,0.034003,0.034003,0.0,0,0.13859,0.786335,0.110608,0.387944,part2a21_soft_caution_overlay,artifacts_part2_g532/predictions/g532_final_consensus_tape.csv
2024-05-20,0,0.1831835472851853,0.4425466168518739,1.554512,1.65829,0.5,0.563113,0.493606,0.565432,0.75,1.0,0.819678,0.614759,0.03534,0.876149,1,ok,VOO,0.045683,0.045683,0.045683,0.0,0,0.141458,0.786169,0.11111,0.388886,part2a21_soft_caution_overlay,artifacts_part2_g532/predictions/g532_final_consensus_tape.csv
2024-05-21,0,0.1805241759104131,0.4246307457091023,1.623422,1.621178,0.5,0.562878,0.493593,0.546326,0.75,1.0,0.820348,0.615261,0.032503,0.884945,1,ok,VOO,0.045683,0.045683,0.045683,0.0,0,0.132925,0.784729,0.115477,0.397096,part2a21_soft_caution_overlay,artifacts_part2_g532/predictions/g532_final_consensus_tape.csv
2024-05-22,0,0.1768276258432007,0.4023952987504181,1.711774,1.629903,0.75,0.563092,0.493605,0.55078,0.75,1.0,0.819738,0.614803,0.037562,0.869377,1,ok,VOO,0.045683,0.045683,0.045683,0.0,0,0.126385,0.783115,0.12037,0.406296,part2a21_soft_caution_overlay,artifacts_part2_g532/predictions/g532_final_consensus_tape.csv
2024-05-23,0,0.1945956735698334,0.5335368473369154,1.809202,1.7148,0.75,0.568791,0.493931,0.593415,0.75,1.0,0.803455,0.602591,0.046689,0.842632,1,ok,VOO,0.045683,0.045683,0.045683,0.0,0,0.138347,0.778163,0.135385,0.434523,part2a21_soft_caution_overlay,artifacts_part2_g532/predictions/g532_final_consensus_tape.csv
2024-05-24,0,0.1800214776947432,0.426653268771303,1.446407,1.655795,0.5,0.564109,0.493663,0.563919,0.75,1.0,0.816831,0.612623,0.048948,0.836267,1,ok,VOO,0.045683,0.045683,0.045683,0.0,0,0.131602,0.782861,0.121141,0.407746,part2a21_soft_caution_overlay,artifacts_part2_g532/predictions/g532_final_consensus_tape.csv
2024-05-27,0,0.1934058902771216,0.5206911255298926,1.732429,1.662679,0.75,0.557755,0.4933,0.56889,0.957557,1.0,0.834985,0.799546,0.047732,0.839682,1,ok,VOO,0.05729,0.05729,0.05729,0.0,0,0.118306,0.78839,0.104377,0.376229,part2a21_soft_caution_overlay,artifacts_part2_g532/predictions/g532_final_consensus_tape.csv
2024-05-28,0,0.1899564837044624,0.501316534803697,1.592423,1.590419,0.5,0.576097,0.494348,0.527221,0.65,0.6,0.782581,0.305207,0.054125,0.822031,0,high_risk_veto,VOO,0.05729,0.05729,0.05729,0.0,0,0.164237,0.771312,0.148089,0.458407,part2a21_soft_caution_overlay,artifacts_part2_g532/predictions/g532_final_consensus_tape.csv
2024-05-29,0,0.1870559040454015,0.4908985312655454,1.883789,1.736213,0.75,0.577629,0.494436,0.602685,0.65,0.6,0.778202,0.303499,0.055062,0.819506,0,high_risk_veto,VOO,0.05729,0.05729,0.05729,0.0,0,0.161727,0.765323,0.155676,0.472672,part2a21_soft_caution_overlay,artifacts_part2_g532/predictions/g532_final_consensus_tape.csv
2024-05-30,0,0.1870912426733278,0.4835823384828923,2.048165,1.841459,0.75,0.564467,0.493684,0.659762,0.65,0.6,0.81581,0.318166,0.085149,0.745936,0,high_risk_veto,VOO,0.05729,0.05729,0.05729,0.0,0,0.130563,0.782184,0.123191,0.4116,part2a21_soft_caution_overlay,artifacts_part2_g532/predictions/g532_final_consensus_tape.csv
2024-05-31,0,0.1879526499407651,0.4880611922457287,1.652204,1.861386,0.75,0.569065,0.493947,0.669272,0.65,0.6,0.802671,0.313042,0.084324,0.747778,0,high_risk_veto,VOO,0.05729,0.05729,0.05729,0.0,0,0.144394,0.779043,0.132716,0.429506,part2a21_soft_caution_overlay,artifacts_part2_g532/predictions/g532_final_consensus_tape.csv
2024-06-03,0,0.1984884062715619,0.5650273274768455,1.384753,1.695041,0.5,0.573579,0.494204,0.582148,0.75,1.0,0.789776,0.592332,0.086873,0.742119,1,ok,VOO,0.038385,0.038385,0.038385,0.0,0,0.162683,0.776923,0.139142,0.441587,part2a21_soft_caution_overlay,artifacts_part2_g532/predictions/g532_final_consensus_tape.csv
2024-06-04,0,0.1999576142182481,0.5773262303746137,1.377599,1.471519,0.5,0.568624,0.493921,0.467488,0.75,1.0,0.803931,0.602948,0.088219,0.739166,1,ok,VOO,0.038385,0.038385,0.038385,0.0,0,0.140873,0.778896,0.133163,0.430346,part2a21_soft_caution_overlay,artifacts_part2_g532/predictions/g532_final_consensus_tape.csv
2024-06-05,0,0.2055273822058442,0.6154116469224591,0.909123,1.223825,0.5,0.568856,0.493935,0.339161,0.75,1.0,0.803269,0.602452,0.100396,0.713478,1,ok,VOO,0.038385,0.038385,0.038385,0.0,0,0.13505,0.777404,0.137683,0.438845,part2a21_soft_caution_overlay,artifacts_part2_g532/predictions/g532_final_consensus_tape.csv
2024-06-06,0,0.2212452862289634,0.7075992957533052,1.498146,1.261623,0.75,0.560799,0.493474,0.361398,0.75,1.0,0.826289,0.619716,0.098396,0.717575,1,ok,VOO,0.038385,0.038385,0.038385,0.0,0,0.098661,0.700423,0.128532,0.421639,part2a21_soft_caution_overlay,artifacts_part2_g532/predictions/g532_final_consensus_tape.csv
2024-06-07,0,0.2013164157010398,0.5880087425628463,1.579225,1.328831,0.75,0.560915,0.493481,0.39602,0.75,1.0,0.825957,0.619468,0.10582,0.702602,1,ok,VOO,0.038385,0.038385,0.038385,0.0,0,0.121022,0.784844,0.115128,0.39644,part2a21_soft_caution_overlay,artifacts_part2_g532/predictions/g532_final_consensus_tape.csv
2024-06-10,0,0.1974861037105611,0.5572937363318147,1.465997,1.514456,0.5,0.562946,0.493597,0.491215,0.75,1.0,0.820153,0.615115,0.108632,0.697094,1,ok,VOO,0.031594,0.031594,0.031594,0.0,0,0.135393,0.785145,0.114215,0.394724,part2a21_soft_caution_overlay,artifacts_part2_g532/predictions/g532_final_consensus_tape.csv
2024-06-11,0,0.1934693828483926,0.5278240536676991,1.342579,1.4626,0.5,0.569881,0.493993,0.46252,0.75,1.0,0.800339,0.600254,0.105736,0.702767,1,ok,VOO,0.031594,0.031594,0.031594,0.0,0,0.152978,0.779738,0.130608,0.425542,part2a21_soft_caution_overlay,artifacts_part2_g532/predictions/g532_final_consensus_tape.csv
2024-06-12,0,0.2020581423434707,0.55448134517794,1.174676,1.32775,0.5,0.581654,0.494666,0.388927,0.75,1.0,0.766703,0.575027,0.105695,0.70285,1,ok,VOO,0.031594,0.031594,0.031594,0.0,0,0.186429,0.811133,0.156204,0.473663,part2a21_soft_caution_overlay,artifacts_part2_g532/predictions/g532_final_consensus_tape.csv
2024-06-13,0,0.1810198602327247,0.4650497392612879,1.345037,1.287431,0.5,0.583476,0.49477,0.367308,0.75,1.0,0.761498,0.571124,0.08706,0.741709,1,ok,VOO,0.031594,0.031594,0.031594,0.0,0,0.187113,0.805713,0.162949,0.486343,part2a21_soft_caution_overlay,artifacts_part2_g532/predictions/g532_final_consensus_tape.csv
2024-06-14,0,0.2044412768315181,0.5720701265166285,1.275763,1.265159,0.5,0.589577,0.495119,0.353629,0.75,0.6,0.744065,0.334829,0.086581,0.742764,1,ok,VOO,0.031594,0.031594,0.031594,0.0,0,0.203048,0.794079,0.177085,0.512919,part2a21_soft_caution_overlay,artifacts_part2_g532/predictions/g532_final_consensus_tape.csv
2024-06-17,0,0.2182683568365788,0.6293249798630804,1.183638,1.268146,0.5,0.5839,0.494794,0.357103,0.75,1.0,0.760284,0.570213,0.097348,0.719738,1,ok,VOO,0.021984,0.021984,0.021984,0.0,0,0.152802,0.706647,0.185888,0.52947,part2a21_soft_caution_overlay,artifacts_part2_g532/predictions/g532_final_consensus_tape.csv
2024-06-18,0,0.2106280336338499,0.5947758140893094,1.499804,1.319735,0.75,0.571755,0.4941,0.387907,0.75,1.0,0.794987,0.59624,0.093135,0.728577,1,ok,VOO,0.021984,0.021984,0.021984,0.0,0,0.137718,0.738051,0.147438,0.457184,part2a21_soft_caution_overlay,artifacts_part2_g532/predictions/g532_final_consensus_tape.csv
2024-06-19,0,0.2305430569519844,0.6623633849441615,1.511032,1.398158,0.75,0.57493,0.494282,0.427635,0.75,1.0,0.785915,0.589437,0.088579,0.738381,1,ok,VOO,0.021984,0.021984,0.021984,0.0,0,0.145333,0.731922,0.155213,0.4718,part2a21_soft_caution_overlay,artifacts_part2_g532/predictions/g532_final_consensus_tape.csv
2024-06-20,0,0.2257930674570411,0.65444698502843,1.723972,1.578269,0.75,0.578851,0.494506,0.520219,0.75,1.0,0.77471,0.581033,0.088847,0.737796,1,ok,VOO,0.021984,0.021984,0.021984,0.0,0,0.15277,0.723202,0.166038,0.492151,part2a21_soft_caution_overlay,artifacts_part2_g532/predictions/g532_final_consensus_tape.csv
2024-06-21,0,0.2512510642923091,0.7279016789745872,1.609707,1.614904,0.75,0.575491,0.494314,0.540092,0.65,0.25,0.784312,0.127451,0.080565,0.756282,0,high_risk_veto,VOO,0.021984,0.021984,0.021984,0.0,0,0.149454,0.732196,0.154868,0.471151,part2a21_soft_caution_overlay,artifacts_part2_g532/predictions/g532_final_consensus_tape.csv
2024-06-24,0,0.2261241081660372,0.6603223386741245,1.811013,1.714897,0.75,0.577885,0.494451,0.591542,0.65,0.6,0.777473,0.303214,0.078434,0.761189,0,high_risk_veto,FLAT,0.0,0.0,0.0,0.0,0,0.148402,0.724097,0.16494,0.490087,part2a21_soft_caution_overlay,artifacts_part2_g532/predictions/g532_final_consensus_tape.csv
2024-06-25,0,0.2211639563554899,0.6470473434440442,1.10308,1.507934,0.5,0.578481,0.494485,0.483707,0.65,0.6,0.775769,0.30255,0.078471,0.761103,0,high_risk_veto,FLAT,0.0,0.0,0.0,0.0,0,0.154021,0.725019,0.163804,0.487952,part2a21_soft_caution_overlay,artifacts_part2_g532/predictions/g532_final_consensus_tape.csv
2024-06-26,0,0.2376873125820482,0.6993692360588892,1.386635,1.433576,0.5,0.574123,0.494236,0.446266,0.65,0.6,0.78822,0.307406,0.084963,0.74635,0,high_risk_veto,FLAT,0.0,0.0,0.0,0.0,0,0.145871,0.734701,0.151705,0.465205,part2a21_soft_caution_overlay,artifacts_part2_g532/predictions/g532_final_consensus_tape.csv
2024-06-27,0,0.2419876046589307,0.7081686185758476,1.376644,1.288787,0.5,0.57075,0.494043,0.372184,0.65,0.25,0.797857,0.129652,0.079787,0.758066,0,high_risk_veto,FLAT,0.0,0.0,0.0,0.0,0,0.139826,0.742134,0.142177,0.447293,part2a21_soft_caution_overlay,artifacts_part2_g532/predictions/g532_final_consensus_tape.csv
2024-06-28,0,0.2375302443652811,0.6985059434598456,1.676182,1.47982,0.75,0.572071,0.494118,0.470842,0.65,0.6,0.794083,0.309692,0.078222,0.761678,0,high_risk_veto,FLAT,0.0,0.0,0.0,0.0,0,0.142867,0.739567,0.145492,0.453524,part2a21_soft_caution_overlay,artifacts_part2_g532/predictions/g532_final_consensus_tape.csv
2024-07-01,0,0.2220432454509174,0.6520318902820591,1.345797,1.466208,0.5,0.572083,0.494119,0.463778,0.65,0.6,0.794049,0.309679,0.067799,0.786662,0,high_risk_veto,FLAT,0.0,0.0,0.0,0.0,0,0.145718,0.740903,0.143771,0.450289,part2a21_soft_caution_overlay,artifacts_part2_g532/predictions/g532_final_consensus_tape.csv
2024-07-02,0,0.22263350478902,0.6475656393127173,1.245746,1.422575,0.5,0.570743,0.494042,0.441534,0.65,0.6,0.797877,0.311172,0.065913,0.791357,0,high_risk_veto,FLAT,0.0,0.0,0.0,0.0,0,0.142843,0.742778,0.14028,0.443727,part2a21_soft_caution_overlay,artifacts_part2_g532/predictions/g532_final_consensus_tape.csv
2024-07-03,0,0.2300291783716977,0.6685090203835612,1.320759,1.304101,0.5,0.571187,0.494068,0.379982,0.65,0.6,0.79661,0.310678,0.068328,0.785353,0,high_risk_veto,FLAT,0.0,0.0,0.0,0.0,0,0.140853,0.741298,0.14326,0.449328,part2a21_soft_caution_overlay,artifacts_part2_g532/predictions/g532_final_consensus_tape.csv
2024-07-04,0,0.2328030376903864,0.6773059918192827,1.572465,1.379657,0.75,0.571381,0.494079,0.419096,0.65,0.6,0.796055,0.310461,0.068164,0.785758,0,high_risk_veto,FLAT,0.0,0.0,0.0,0.0,0,0.140264,0.740423,0.14439,0.451452,part2a21_soft_caution_overlay,artifacts_part2_g532/predictions/g532_final_consensus_tape.csv
2024-07-05,0,0.2335822175034363,0.683918186857701,1.304881,1.399368,0.5,0.576228,0.494356,0.427878,0.65,0.6,0.782206,0.30506,0.064964,0.793742,0,high_risk_veto,FLAT,0.0,0.0,0.0,0.0,0,0.14955,0.729931,0.157708,0.476491,part2a21_soft_caution_overlay,artifacts_part2_g532/predictions/g532_final_consensus_tape.csv
2024-07-08,0,0.2301242650089189,0.6692212460951504,1.555953,1.477766,0.5,0.57456,0.494261,0.469091,0.65,0.6,0.786972,0.306919,0.058304,0.810887,0,high_risk_veto,FLAT,0.0,0.0,0.0,0.0,0,0.149821,0.735276,0.150976,0.463834,part2a21_soft_caution_overlay,artifacts_part2_g532/predictions/g532_final_consensus_tape.csv
2024-07-09,0,0.2197127466226289,0.6403080446151567,1.602017,1.487617,0.5,0.576792,0.494388,0.473597,0.65,0.6,0.780593,0.304431,0.05804,0.811583,0,high_risk_veto,FLAT,0.0,0.0,0.0,0.0,0,0.153364,0.730045,0.157566,0.476224,part2a21_soft_caution_overlay,artifacts_part2_g532/predictions/g532_final_consensus_tape.csv
2024-07-10,0,0.1989366245009511,0.7771519675440876,1.326358,1.494776,0.5,0.595662,0.495466,0.47214,0.65,0.6,0.726681,0.283406,0.061898,0.801543,0,high_risk_veto,FLAT,0.0,0.0,0.0,0.0,0,0.255049,0.887271,0.168797,0.497339,part2a21_soft_caution_overlay,artifacts_part2_g532/predictions/g532_final_consensus_tape.csv
2024-07-11,0,0.198995933559275,0.7861480037502998,2.206521,1.711632,0.75,0.587151,0.49498,0.587856,0.65,0.6,0.750996,0.292888,0.106648,0.700972,0,high_risk_veto,FLAT,0.0,0.0,0.0,0.0,0,0.215478,0.894554,0.159833,0.480486,part2a21_soft_caution_overlay,artifacts_part2_g532/predictions/g532_final_consensus_tape.csv
2024-07-12,0,0.1984963870489911,0.7507980716124792,1.374159,1.635679,0.5,0.597644,0.49558,0.545658,0.65,0.6,0.721018,0.281197,0.107816,0.698683,0,high_risk_veto,FLAT,0.0,0.0,0.0,0.0,0,0.247954,0.877123,0.180995,0.52027,part2a21_soft_caution_overlay,artifacts_part2_g532/predictions/g532_final_consensus_tape.csv
2024-07-15,0,0.1983060303393911,0.7671566077102175,1.479515,1.686732,0.5,0.590499,0.495171,0.574094,0.65,0.6,0.741432,0.289159,0.101104,0.71204,0,high_risk_veto,FLAT,0.0,0.0,0.0,0.0,0,0.228101,0.890226,0.165182,0.490542,part2a21_soft_caution_overlay,artifacts_part2_g532/predictions/g532_final_consensus_tape.csv
2024-07-16,0,0.1959286667448466,0.7510347179711335,1.589587,1.481087,0.75,0.591483,0.495228,0.466123,0.65,0.6,0.73862,0.288062,0.100604,0.713056,0,high_risk_veto,FLAT,0.0,0.0,0.0,0.0,0,0.229667,0.887855,0.168086,0.496001,part2a21_soft_caution_overlay,artifacts_part2_g532/predictions/g532_final_consensus_tape.csv
2024-07-17,0,0.1991369959714544,0.778408905249317,2.35582,1.808307,0.75,0.590168,0.495152,0.637825,0.65,0.6,0.742377,0.289527,0.12739,0.662445,0,high_risk_veto,FLAT,0.0,0.0,0.0,0.0,0,0.20885,0.881468,0.175813,0.510528,part2a21_soft_caution_overlay,artifacts_part2_g532/predictions/g532_final_consensus_tape.csv
2024-07-18,0,0.1996862100372685,0.7391086909673055,1.619321,1.854909,0.75,0.599065,0.495661,0.660645,0.65,0.6,0.716956,0.279613,0.12893,0.659752,0,high_risk_veto,FLAT,0.0,0.0,0.0,0.0,0,0.237663,0.866892,0.192969,0.542781,part2a21_soft_caution_overlay,artifacts_part2_g532/predictions/g532_final_consensus_tape.csv
2024-07-19,0,0.201282605694399,0.7641177915772558,1.735125,1.903422,0.75,0.595836,0.495476,0.686698,0.65,0.6,0.726184,0.283212,0.129156,0.65936,0,high_risk_veto,FLAT,0.0,0.0,0.0,0.0,0,0.226792,0.872028,0.186996,0.531553,part2a21_soft_caution_overlay,artifacts_part2_g532/predictions/g532_final_consensus_tape.csv
2024-07-22,0,0.1995032597161371,0.7377824382073862,1.093058,1.482501,0.5,0.598508,0.495629,0.464895,0.65,0.6,0.718549,0.280234,0.144238,0.634135,0,high_risk_veto,FLAT,0.0,0.0,0.0,0.0,0,0.246205,0.873322,0.18548,0.528702,part2a21_soft_caution_overlay,artifacts_part2_g532/predictions/g532_final_consensus_tape.csv
2024-07-23,0,0.1994114170309713,0.716372058673772,1.605859,1.478014,0.75,0.601295,0.495788,0.461746,0.65,0.6,0.710585,0.277128,0.14357,0.635212,0,high_risk_veto,FLAT,0.0,0.0,0.0,0.0,0,0.254871,0.868524,0.191079,0.539228,part2a21_soft_caution_overlay,artifacts_part2_g532/predictions/g532_final_consensus_tape.csv
2024-07-24,0,0.2019387946006949,0.7322948458007903,2.517504,1.738807,0.75,0.605362,0.496021,0.598238,0.65,0.6,0.698964,0.272596,0.16383,0.604113,0,high_risk_veto,FLAT,0.0,0.0,0.0,0.0,1,0.273649,0.864742,0.195446,0.547438,part2a21_soft_caution_overlay,artifacts_part2_g532/predictions/g532_final_consensus_tape.csv
2024-07-25,0,0.2027218696208229,0.7461706802902613,1.679717,1.93436,0.75,0.604083,0.495948,0.701654,0.65,0.6,0.702621,0.274022,0.153487,0.619599,0,high_risk_veto,FLAT,0.0,0.0,0.0,0.0,1,0.265176,0.864554,0.195662,0.547844,part2a21_soft_caution_overlay,artifacts_part2_g532/predictions/g532_final_consensus_tape.csv
2024-07-26,0,0.201158530460559,0.7488086065392286,1.017588,1.73827,0.5,0.597462,0.495569,0.599624,0.65,0.6,0.721538,0.2814,0.156975,0.614288,0,high_risk_veto,FLAT,0.0,0.0,0.0,0.0,0,0.237542,0.872254,0.186732,0.531056,part2a21_soft_caution_overlay,artifacts_part2_g532/predictions/g532_final_consensus_tape.csv
2024-07-29,0,0.2012405707347488,0.7624477853635434,1.270028,1.322445,0.5,0.595732,0.49547,0.381623,0.75,0.6,0.726479,0.326916,0.14935,0.626018,1,ok,VOO,0.011715,0.011715,0.011715,0.0,0,0.2255,0.871691,0.18739,0.532294,part2a21_soft_caution_overlay,artifacts_part2_g532/predictions/g532_final_consensus_tape.csv
2024-07-30,0,0.2016796607721615,0.7898046189861619,1.706929,1.331515,0.75,0.603816,0.495932,0.38377,0.75,0.6,0.703384,0.316523,0.147811,0.62844,1,ok,VOO,0.011715,0.011715,0.011715,0.0,0,0.250794,0.857652,0.203525,0.562627,part2a21_soft_caution_overlay,artifacts_part2_g532/predictions/g532_final_consensus_tape.csv
2024-07-31,0,0.2017976279962542,0.7819584893121924,0.445433,1.140797,0.5,0.597629,0.495579,0.285521,0.75,0.6,0.721059,0.324477,0.14774,0.628552,1,ok,VOO,0.011715,0.011715,0.011715,0.0,0,0.231075,0.868246,0.191401,0.539834,part2a21_soft_caution_overlay,artifacts_part2_g532/predictions/g532_final_consensus_tape.csv
2024-08-01,0,0.2037883360335751,0.8134959130949652,1.888663,1.347008,0.75,0.599929,0.49571,0.393185,0.75,0.6,0.714489,0.32152,0.167943,0.598167,1,ok,VOO,0.011715,0.011715,0.011715,0.0,0,0.233384,0.86162,0.19902,0.554158,part2a21_soft_caution_overlay,artifacts_part2_g532/predictions/g532_final_consensus_tape.csv
2024-08-02,0,0.2024797763067661,0.7833040793646942,1.605479,1.313192,0.75,0.605198,0.496011,0.37365,0.75,0.6,0.699433,0.314745,0.226865,0.524258,1,ok,VOO,0.011715,0.011715,0.011715,0.0,0,0.253656,0.854393,0.207193,0.569522,part2a21_soft_caution_overlay,artifacts_part2_g532/predictions/g532_final_consensus_tape.csv
2024-08-05,0,0.2059750801845748,0.8076794662347745,1.794835,1.762992,0.75,0.608611,0.496206,0.610335,0.75,0.6,0.689682,0.310357,0.234664,0.515821,1,ok,VOO,0.014656,0.014656,0.014656,0.0,0,0.246673,0.846534,0.234651,0.585936,part2a21_soft_caution_overlay,artifacts_part2_g532/predictions/g532_final_consensus_tape.csv
2024-08-06,0,0.2039604998208322,0.7242242842164789,0.69462,1.364978,0.5,0.614565,0.496547,0.398005,0.75,0.6,0.672672,0.302702,0.276415,0.47491,1,ok,VOO,0.014656,0.014656,0.014656,0.0,1,0.262815,0.84246,0.257699,0.594333,part2a21_soft_caution_overlay,artifacts_part2_g532/predictions/g532_final_consensus_tape.csv
2024-08-07,0,0.2049678239592321,0.4028703576521471,1.309749,1.266401,0.75,0.579645,0.494551,0.357619,0.75,0.6,0.772442,0.347599,0.26847,0.482188,1,ok,VOO,0.014656,0.014656,0.014656,0.0,0,0.102395,0.625323,0.200386,0.556725,part2a21_soft_caution_overlay,artifacts_part2_g532/predictions/g532_final_consensus_tape.csv
2024-08-08,0,0.2003415790314529,0.3015033651892094,0.17576,0.72671,0.5,0.578803,0.494503,0.076987,0.75,0.6,0.774849,0.348682,0.315164,0.44235,1,ok,VOO,0.014656,0.014656,0.014656,0.0,0,0.096244,0.624885,0.200884,0.557661,part2a21_soft_caution_overlay,artifacts_part2_g532/predictions/g532_final_consensus_tape.csv
2024-08-09,0,0.1997204888521543,0.2938934902373502,0.893025,0.792845,0.5,0.574512,0.494258,0.113391,0.75,1.0,0.787108,0.590331,0.311214,0.445463,1,ok,VOO,0.014656,0.014656,0.014656,0.0,0,0.091734,0.637103,0.186794,0.531172,part2a21_soft_caution_overlay,artifacts_part2_g532/predictions/g532_final_consensus_tape.csv
2024-08-12,0,0.1996407796303501,0.2757548427032449,0.932562,0.667116,0.5,0.578306,0.494475,0.046214,0.75,0.6,0.776269,0.349321,0.310901,0.445712,1,ok,VOO,0.001079,0.001079,0.001079,0.0,0,0.094643,0.625733,0.199919,0.555848,part2a21_soft_caution_overlay,artifacts_part2_g532/predictions/g532_final_consensus_tape.csv
2024-08-13,0,0.1999054779422945,0.2975482133286826,0.324863,0.716816,0.5,0.578241,0.494471,0.072109,0.75,0.6,0.776456,0.349405,0.320635,0.438108,1,ok,VOO,0.001079,0.001079,0.001079,0.0,0,0.093753,0.625474,0.200215,0.556403,part2a21_soft_caution_overlay,artifacts_part2_g532/predictions/g532_final_consensus_tape.csv
2024-08-14,0,0.2032070361075668,0.3802240956759093,1.022492,0.759972,0.75,0.578909,0.494509,0.09425,0.75,0.6,0.774547,0.348546,0.316223,0.441522,1,ok,VOO,0.001079,0.001079,0.001079,0.0,0,0.094448,0.623537,0.202413,0.560536,part2a21_soft_caution_overlay,artifacts_part2_g532/predictions/g532_final_consensus_tape.csv
2024-08-15,0,0.203380084827403,0.4026211285342085,0.428115,0.591823,0.5,0.578381,0.494479,0.006995,0.75,0.6,0.776055,0.349225,0.329035,0.431753,1,ok,VOO,0.001079,0.001079,0.001079,0.0,0,0.097557,0.627059,0.198408,0.553006,part2a21_soft_caution_overlay,artifacts_part2_g532/predictions/g532_final_consensus_tape.csv
2024-08-16,0,0.2034209651230855,0.4018911438987485,1.161335,0.870647,0.5,0.566151,0.49378,0.157456,0.75,1.0,0.810996,0.608247,0.26617,0.484336,1,ok,VOO,0.001079,0.001079,0.001079,0.0,0,0.087523,0.662126,0.156499,0.474219,part2a21_soft_caution_overlay,artifacts_part2_g532/predictions/g532_final_consensus_tape.csv
2024-08-19,0,0.2052522537497161,0.4377572046290948,0.836649,0.8087,0.5,0.561336,0.493505,0.127595,0.75,1.0,0.824753,0.618565,0.174428,0.589029,1,ok,VOO,0.006973,0.006973,0.006973,0.0,0,0.084679,0.674326,0.139313,0.441908,part2a21_soft_caution_overlay,artifacts_part2_g532/predictions/g532_final_consensus_tape.csv
2024-08-20,0,0.2015524179328847,0.3421996077356216,1.22563,1.074538,0.75,0.560015,0.493429,0.26522,0.75,1.0,0.828527,0.621396,0.177098,0.585346,1,ok,VOO,0.006973,0.006973,0.006973,0.0,0,0.081717,0.675435,0.135951,0.435587,part2a21_soft_caution_overlay,artifacts_part2_g532/predictions/g532_final_consensus_tape.csv
2024-08-21,0,0.1981445181206993,0.2603827085713711,1.068519,1.043599,0.5,0.559797,0.493417,0.249357,0.75,1.0,0.829152,0.621864,0.171515,0.593098,1,ok,VOO,0.006973,0.006973,0.006973,0.0,0,0.080379,0.675446,0.135919,0.435527,part2a21_soft_caution_overlay,artifacts_part2_g532/predictions/g532_final_consensus_tape.csv
2024-08-22,0,0.200057078419277,0.2888249431293141,1.670616,1.321588,0.75,0.563392,0.493622,0.391507,0.75,1.0,0.81888,0.61416,0.138255,0.643907,1,ok,VOO,0.006973,0.006973,0.006973,0.0,0,0.084161,0.669056,0.147725,0.457722,part2a21_soft_caution_overlay,artifacts_part2_g532/predictions/g532_final_consensus_tape.csv
2024-08-23,0,0.1986723591881765,0.2761413655772755,0.871439,1.203525,0.5,0.560264,0.493444,0.331623,0.75,1.0,0.827817,0.620863,0.137431,0.645276,1,ok,VOO,0.006973,0.006973,0.006973,0.0,0,0.079247,0.674608,0.13846,0.440304,part2a21_soft_caution_overlay,artifacts_part2_g532/predictions/g532_final_consensus_tape.csv
2024-08-26,0,0.1984429139177509,0.259647169302896,1.405068,1.315708,0.75,0.560917,0.493481,0.389251,0.75,1.0,0.825952,0.619464,0.136151,0.647416,1,ok,VOO,0.023416,0.023416,0.023416,0.0,0,0.079745,0.673862,0.14072,0.444553,part2a21_soft_caution_overlay,artifacts_part2_g532/predictions/g532_final_consensus_tape.csv
2024-08-27,0,0.1979091202781125,0.2492648013158108,1.037485,1.104664,0.5,0.558905,0.493366,0.281161,0.75,1.0,0.831701,0.623776,0.129339,0.659041,1,ok,VOO,0.023416,0.023416,0.023416,0.0,0,0.077864,0.67609,0.133967,0.431858,part2a21_soft_caution_overlay,artifacts_part2_g532/predictions/g532_final_consensus_tape.csv
2024-08-28,0,0.1973451176082691,0.2314849659171045,1.426326,1.289626,0.75,0.559801,0.493417,0.37616,0.75,1.0,0.82914,0.621855,0.136167,0.647388,1,ok,VOO,0.023416,0.023416,0.023416,0.0,0,0.079495,0.67526,0.136483,0.436588,part2a21_soft_caution_overlay,artifacts_part2_g532/predictions/g532_final_consensus_tape.csv
2024-08-29,0,0.1992403453657468,0.2750861606728478,1.1531,1.205637,0.75,0.552675,0.49301,0.335312,0.65,0.6,0.8495,0.331305,0.072151,0.776033,0,high_risk_veto,VOO,0.023416,0.023416,0.023416,0.0,0,0.078441,0.684294,0.109093,0.385095,part2a21_soft_caution_overlay,artifacts_part2_g532/predictions/g532_final_consensus_tape.csv
2024-08-30,0,0.1988145285096031,0.271790402956417,0.80172,1.127049,0.5,0.552423,0.492996,0.295047,0.65,0.6,0.850221,0.331586,0.095397,0.723805,0,high_risk_veto,VOO,0.023416,0.023416,0.023416,0.0,0,0.076106,0.684144,0.109548,0.38595,part2a21_soft_caution_overlay,artifacts_part2_g532/predictions/g532_final_consensus_tape.csv
2024-09-02,0,0.1987092243471721,0.2716124565577519,1.16703,1.040617,0.75,0.551828,0.492962,0.250896,0.65,0.6,0.851921,0.332249,0.088224,0.739155,0,high_risk_veto,FLAT,0.0,0.0,0.0,0.0,0,0.077606,0.685223,0.106276,0.379799,part2a21_soft_caution_overlay,artifacts_part2_g532/predictions/g532_final_consensus_tape.csv
2024-09-03,0,0.2021244888508664,0.3352687797784761,1.923478,1.297409,0.75,0.574388,0.494251,0.375476,0.75,1.0,0.787463,0.590597,0.164468,0.603183,1,ok,FLAT,0.0,0.0,0.0,0.0,0,0.104604,0.644268,0.178327,0.515254,part2a21_soft_caution_overlay,artifacts_part2_g532/predictions/g532_final_consensus_tape.csv
2024-09-04,0,0.2016731321299609,0.5091271174087718,1.043056,1.377855,0.75,0.571978,0.494113,0.417981,0.75,1.0,0.794349,0.595762,0.167205,0.599226,1,ok,FLAT,0.0,0.0,0.0,0.0,0,0.082648,0.613172,0.182451,0.523008,part2a21_soft_caution_overlay,artifacts_part2_g532/predictions/g532_final_consensus_tape.csv
2024-09-05,0,0.2093865500726066,0.5686855742032862,0.956467,1.307667,0.5,0.565166,0.493724,0.383754,0.75,1.0,0.81381,0.610358,0.167605,0.598652,1,ok,FLAT,0.0,0.0,0.0,0.0,0,0.042999,0.535054,0.18022,0.518814,part2a21_soft_caution_overlay,artifacts_part2_g532/predictions/g532_final_consensus_tape.csv
2024-09-06,0,0.194307520325814,0.4491099528719004,1.688995,1.229506,0.75,0.568925,0.493939,0.34208,0.5,0.6,0.803073,0.144553,0.177189,0.585221,1,ok,FLAT,0.0,0.0,0.0,0.0,0,0.082584,0.623171,0.170474,0.500492,part2a21_soft_caution_overlay,artifacts_part2_g532/predictions/g532_final_consensus_tape.csv
2024-09-09,0,0.2002005907919457,0.5034395680544619,0.472313,1.039259,0.5,0.571918,0.49411,0.242386,0.5,0.6,0.794519,0.143013,0.191478,0.56628,1,ok,VOO,0.002944,0.002944,0.002944,0.0,0,0.081394,0.612712,0.182994,0.524029,part2a21_soft_caution_overlay,artifacts_part2_g532/predictions/g532_final_consensus_tape.csv
2024-09-10,0,0.1946103076417122,0.4529686600607722,0.56418,0.908496,0.5,0.56528,0.49373,0.177398,0.5,0.6,0.813485,0.146427,0.190195,0.56793,1,ok,VOO,0.002944,0.002944,0.002944,0.0,0,0.079804,0.633419,0.157856,0.476769,part2a21_soft_caution_overlay,artifacts_part2_g532/predictions/g532_final_consensus_tape.csv
2024-09-11,0,0.1913538198885761,0.4233919249096629,0.292433,0.442976,0.5,0.562773,0.493587,0.0,0.5,0.6,0.820649,0.147717,0.203811,0.550891,0,weak_score,VOO,0.002944,0.002944,0.002944,0.0,0,0.075835,0.639297,0.150448,0.462843,part2a21_soft_caution_overlay,artifacts_part2_g532/predictions/g532_final_consensus_tape.csv
2024-09-12,0,0.1995912240541104,0.4946557133629713,0.677575,0.511396,0.5,0.560774,0.493473,0.0,0.5,0.6,0.826359,0.148745,0.212645,0.540371,0,weak_score,VOO,0.002944,0.002944,0.002944,0.0,0,0.074903,0.64498,0.143161,0.449143,part2a21_soft_caution_overlay,artifacts_part2_g532/predictions/g532_final_consensus_tape.csv
2024-09-13,0,0.2030103133523842,0.5228253368179667,0.881694,0.617234,0.5,0.557198,0.493268,0.030902,0.5,0.6,0.836577,0.150584,0.199663,0.555972,1,ok,VOO,0.002944,0.002944,0.002944,0.0,0,0.068661,0.6488,0.132956,0.429956,part2a21_soft_caution_overlay,artifacts_part2_g532/predictions/g532_final_consensus_tape.csv
2024-09-16,0,0.1934856658456689,0.4476237894253009,1.11258,0.890616,0.75,0.56105,0.493489,0.169971,0.5,0.6,0.82557,0.148603,0.199361,0.556346,1,ok,VOO,0.002108,0.002108,0.002108,0.0,0,0.07542,0.644387,0.143927,0.450583,part2a21_soft_caution_overlay,artifacts_part2_g532/predictions/g532_final_consensus_tape.csv
2024-09-17,0,0.1955313572877717,0.4636548931600368,0.994709,0.996327,0.75,0.563671,0.493638,0.223442,0.5,0.6,0.818083,0.147255,0.145709,0.631778,1,ok,VOO,0.002108,0.002108,0.002108,0.0,0,0.079758,0.638428,0.151551,0.464916,part2a21_soft_caution_overlay,artifacts_part2_g532/predictions/g532_final_consensus_tape.csv
2024-09-18,0,0.1938186693513209,0.4502889172943878,1.195936,1.101075,0.75,0.562379,0.493565,0.278019,0.5,0.6,0.821774,0.147919,0.137381,0.64536,1,ok,VOO,0.002108,0.002108,0.002108,0.0,0,0.078468,0.64179,0.147267,0.456862,part2a21_soft_caution_overlay,artifacts_part2_g532/predictions/g532_final_consensus_tape.csv
2024-09-19,0,0.1919490898547591,0.4362759448969709,0.375398,0.855347,0.5,0.557108,0.493263,0.153503,0.5,0.6,0.836833,0.15063,0.155642,0.616306,1,ok,VOO,0.002108,0.002108,0.002108,0.0,0,0.07105,0.649405,0.131121,0.426508,part2a21_soft_caution_overlay,artifacts_part2_g532/predictions/g532_final_consensus_tape.csv
2024-09-20,0,0.209950991532265,0.5762648270053433,1.204239,0.925191,0.75,0.544867,0.492564,0.194526,0.65,0.6,0.871807,0.340005,0.104323,0.705571,0,high_risk_veto,VOO,0.002108,0.002108,0.002108,0.0,0,0.040539,0.579056,0.10186,0.371496,part2a21_soft_caution_overlay,artifacts_part2_g532/predictions/g532_final_consensus_tape.csv
2024-09-23,0,0.194539826902271,0.4602335625498058,1.080511,0.886716,0.5,0.543855,0.492506,0.175274,0.65,0.6,0.8747,0.341133,0.101634,0.710967,0,high_risk_veto,FLAT,0.0,0.0,0.0,0.0,0,0.055662,0.663462,0.088501,0.346383,part2a21_soft_caution_overlay,artifacts_part2_g532/predictions/g532_final_consensus_tape.csv
2024-09-24,0,0.209712769107634,0.5770673877836294,1.024096,1.102949,0.5,0.539854,0.492277,0.287272,0.65,0.6,0.886132,0.345591,0.099578,0.715148,0,high_risk_veto,FLAT,0.0,0.0,0.0,0.0,0,0.035037,0.584439,0.08554,0.340814,part2a21_soft_caution_overlay,artifacts_part2_g532/predictions/g532_final_consensus_tape.csv
2024-09-25,0,0.2085032870571905,0.5645629323449161,1.178965,1.094524,0.5,0.539761,0.492272,0.283008,0.65,0.6,0.886398,0.345695,0.094189,0.726345,0,high_risk_veto,FLAT,0.0,0.0,0.0,0.0,0,0.035153,0.584584,0.085101,0.33999,part2a21_soft_caution_overlay,artifacts_part2_g532/predictions/g532_final_consensus_tape.csv
2024-09-26,0,0.2066184932254166,0.5565539637395938,1.088137,1.097066,0.5,0.542454,0.492426,0.28332,0.65,0.6,0.878702,0.342694,0.087771,0.740147,0,high_risk_veto,FLAT,0.0,0.0,0.0,0.0,0,0.039041,0.581882,0.093291,0.355387,part2a21_soft_caution_overlay,artifacts_part2_g532/predictions/g532_final_consensus_tape.csv
2024-09-27,0,0.1951729750889728,0.4682874350531064,1.457356,1.241486,0.75,0.549364,0.492821,0.354819,0.65,0.6,0.85896,0.334994,0.097878,0.718643,0,high_risk_veto,FLAT,0.0,0.0,0.0,0.0,0,0.066213,0.658468,0.103643,0.374848,part2a21_soft_caution_overlay,artifacts_part2_g532/predictions/g532_final_consensus_tape.csv
2024-09-30,0,0.19955439761287,0.4982516498206323,1.169584,1.238359,0.5,0.549594,0.492834,0.353139,0.65,0.6,0.858303,0.334738,0.098066,0.718254,0,high_risk_veto,FLAT,0.0,0.0,0.0,0.0,0,0.069546,0.658851,0.102482,0.372666,part2a21_soft_caution_overlay,artifacts_part2_g532/predictions/g532_final_consensus_tape.csv
2024-10-01,0,0.1969353320068997,0.4743359294215643,1.612358,1.413099,0.75,0.563838,0.493648,0.438631,0.65,0.6,0.817605,0.318866,0.128089,0.66122,0,high_risk_veto,FLAT,0.0,0.0,0.0,0.0,0,0.079199,0.637635,0.152555,0.466804,part2a21_soft_caution_overlay,artifacts_part2_g532/predictions/g532_final_consensus_tape.csv
2024-10-02,0,0.1959572393727282,0.6780570413513424,1.167827,1.31659,0.5,0.564755,0.4937,0.388496,0.65,0.6,0.814987,0.317845,0.128164,0.661088,0,high_risk_veto,FLAT,0.0,0.0,0.0,0.0,0,0.107284,0.730116,0.138754,0.440858,part2a21_soft_caution_overlay,artifacts_part2_g532/predictions/g532_final_consensus_tape.csv
2024-10-03,0,0.194514960940505,0.698016872058351,1.257519,1.345902,0.75,0.562052,0.493546,0.404474,0.65,0.6,0.82271,0.320857,0.092572,0.729774,0,high_risk_veto,FLAT,0.0,0.0,0.0,0.0,0,0.108802,0.733935,0.127176,0.41909,part2a21_soft_caution_overlay,artifacts_part2_g532/predictions/g532_final_consensus_tape.csv
2024-10-04,0,0.1962466663646286,0.6399533347000963,0.98354,1.136295,0.5,0.561235,0.493499,0.296612,0.65,0.6,0.825043,0.321767,0.129289,0.659128,0,high_risk_veto,FLAT,0.0,0.0,0.0,0.0,0,0.111788,0.735605,0.122111,0.409568,part2a21_soft_caution_overlay,artifacts_part2_g532/predictions/g532_final_consensus_tape.csv
2024-10-07,0,0.1947715806994117,0.7002988105490284,1.655441,1.298833,0.75,0.555542,0.493174,0.382261,0.65,0.6,0.841308,0.32811,0.135197,0.649018,0,high_risk_veto,FLAT,0.0,0.0,0.0,0.0,0,0.091775,0.738903,0.112112,0.390771,part2a21_soft_caution_overlay,artifacts_part2_g532/predictions/g532_final_consensus_tape.csv
2024-10-08,0,0.1936004506731372,0.7062540813046638,0.889459,1.176147,0.5,0.558351,0.493334,0.318181,0.65,0.6,0.833282,0.32498,0.139557,0.641755,0,high_risk_veto,FLAT,0.0,0.0,0.0,0.0,0,0.104183,0.737794,0.115476,0.397094,part2a21_soft_caution_overlay,artifacts_part2_g532/predictions/g532_final_consensus_tape.csv
2024-10-09,0,0.1945714645866843,0.6915973705053605,1.149667,1.231522,0.5,0.55805,0.493317,0.346802,0.65,0.6,0.834143,0.325316,0.145399,0.632273,0,high_risk_veto,FLAT,0.0,0.0,0.0,0.0,0,0.104388,0.738227,0.114163,0.394627,part2a21_soft_caution_overlay,artifacts_part2_g532/predictions/g532_final_consensus_tape.csv
2024-10-10,0,0.1941701863072223,0.7176375423259221,1.415179,1.151435,0.75,0.557916,0.493309,0.305609,0.65,0.6,0.834527,0.325465,0.147039,0.62966,0,high_risk_veto,FLAT,0.0,0.0,0.0,0.0,0,0.098736,0.737246,0.117137,0.400218,part2a21_soft_caution_overlay,artifacts_part2_g532/predictions/g532_final_consensus_tape.csv
2024-10-11,0,0.1945254949749809,0.6843091359674305,1.31729,1.294046,0.5,0.552704,0.493012,0.380703,0.65,0.6,0.849416,0.331272,0.140729,0.63983,0,high_risk_veto,FLAT,0.0,0.0,0.0,0.0,0,0.09289,0.742815,0.100253,0.368476,part2a21_soft_caution_overlay,artifacts_part2_g532/predictions/g532_final_consensus_tape.csv
2024-10-14,0,0.1929789237788798,0.746412123205773,1.123796,1.285422,0.5,0.551427,0.492939,0.376683,0.65,0.6,0.853065,0.332695,0.143334,0.635591,0,high_risk_veto,FLAT,0.0,0.0,0.0,0.0,0,0.080643,0.741969,0.102817,0.373297,part2a21_soft_caution_overlay,artifacts_part2_g532/predictions/g532_final_consensus_tape.csv
2024-10-15,0,0.1914858186909774,0.7638465350917333,1.68608,1.375722,0.75,0.557203,0.493269,0.42131,0.65,0.6,0.836564,0.32626,0.142452,0.637021,0,high_risk_veto,FLAT,0.0,0.0,0.0,0.0,0,0.092602,0.736917,0.118134,0.402092,part2a21_soft_caution_overlay,artifacts_part2_g532/predictions/g532_final_consensus_tape.csv
2024-10-16,0,0.1910481719322646,0.7693996270813113,1.226853,1.345576,0.75,0.556363,0.493221,0.40605,0.65,0.6,0.838964,0.327196,0.142541,0.636876,0,high_risk_veto,FLAT,0.0,0.0,0.0,0.0,0,0.089353,0.737343,0.116842,0.399663,part2a21_soft_caution_overlay,artifacts_part2_g532/predictions/g532_final_consensus_tape.csv
2024-10-17,0,0.19104270514769,0.7607944899037408,1.226369,1.379767,0.5,0.556119,0.493207,0.423714,0.65,0.6,0.839661,0.327468,0.14263,0.636731,0,high_risk_veto,FLAT,0.0,0.0,0.0,0.0,0,0.088356,0.737456,0.1165,0.39902,part2a21_soft_caution_overlay,artifacts_part2_g532/predictions/g532_final_consensus_tape.csv
2024-10-18,0,0.194934281944945,0.675310546467364,1.096106,1.18311,0.5,0.548955,0.492797,0.325033,0.65,0.6,0.86013,0.335451,0.116749,0.681665,0,high_risk_veto,FLAT,0.0,0.0,0.0,0.0,0,0.075038,0.744033,0.09656,0.361533,part2a21_soft_caution_overlay,artifacts_part2_g532/predictions/g532_final_consensus_tape.csv
2024-10-21,0,0.1940969068561126,0.6644414288144311,1.261746,1.19474,0.5,0.553469,0.493055,0.329443,0.65,0.6,0.847232,0.33042,0.108831,0.696707,0,high_risk_veto,FLAT,0.0,0.0,0.0,0.0,0,0.087391,0.740698,0.10667,0.38054,part2a21_soft_caution_overlay,artifacts_part2_g532/predictions/g532_final_consensus_tape.csv
2024-10-22,0,0.1936567999132819,0.6899639806040545,1.269409,1.209087,0.5,0.54938,0.492822,0.338204,0.65,0.6,0.858915,0.334977,0.106415,0.701429,0,high_risk_veto,FLAT,0.0,0.0,0.0,0.0,0,0.083173,0.745144,0.093192,0.355201,part2a21_soft_caution_overlay,artifacts_part2_g532/predictions/g532_final_consensus_tape.csv
2024-10-23,0,0.1943466329708742,0.660622755679911,1.729178,1.420111,0.75,0.551811,0.492961,0.445696,0.65,0.6,0.851969,0.332268,0.107166,0.699954,0,high_risk_veto,FLAT,0.0,0.0,0.0,0.0,0,0.089313,0.743243,0.098953,0.366032,part2a21_soft_caution_overlay,artifacts_part2_g532/predictions/g532_final_consensus_tape.csv
2024-10-24,0,0.1945366280695168,0.6613879565156856,1.07935,1.359312,0.5,0.55095,0.492911,0.414747,0.65,0.6,0.85443,0.333228,0.106318,0.701621,0,high_risk_veto,FLAT,0.0,0.0,0.0,0.0,0,0.088368,0.744168,0.09615,0.360761,part2a21_soft_caution_overlay,artifacts_part2_g532/predictions/g532_final_consensus_tape.csv
2024-10-25,0,0.1938609912761238,0.7030643249829058,1.209454,1.339327,0.5,0.560707,0.493469,0.401497,0.65,0.6,0.826552,0.322355,0.103688,0.706838,0,high_risk_veto,FLAT,0.0,0.0,0.0,0.0,0,0.10366,0.73463,0.12507,0.415131,part2a21_soft_caution_overlay,artifacts_part2_g532/predictions/g532_final_consensus_tape.csv
2024-10-28,0,0.1949272120417088,0.6538537576976661,1.421287,1.236697,0.75,0.551154,0.492923,0.351768,0.65,0.6,0.853844,0.332999,0.094855,0.724942,0,high_risk_veto,FLAT,0.0,0.0,0.0,0.0,0,0.100428,0.746368,0.08948,0.348223,part2a21_soft_caution_overlay,artifacts_part2_g532/predictions/g532_final_consensus_tape.csv
2024-10-29,0,0.1934841464268954,0.745859849983708,1.210525,1.280422,0.5,0.554694,0.493125,0.373066,0.65,0.6,0.843733,0.329056,0.05969,0.807258,0,high_risk_veto,FLAT,0.0,0.0,0.0,0.0,0,0.093758,0.74041,0.107543,0.38218,part2a21_soft_caution_overlay,artifacts_part2_g532/predictions/g532_final_consensus_tape.csv
2024-10-30,0,0.1923027476062597,0.3526014104625645,1.67271,1.434841,0.75,0.549168,0.49281,0.453997,0.65,0.6,0.85952,0.335213,0.061837,0.8017,0,high_risk_veto,FLAT,0.0,0.0,0.0,0.0,0,0.070861,0.64684,0.09999,0.367981,part2a21_soft_caution_overlay,artifacts_part2_g532/predictions/g532_final_consensus_tape.csv
2024-10-31,0,0.2149586139270193,0.4545451217212401,2.216556,1.699931,0.75,0.556479,0.493227,0.58834,0.65,0.6,0.838632,0.327067,0.1175,0.680272,0,high_risk_veto,FLAT,0.0,0.0,0.0,0.0,0,0.043305,0.550068,0.145841,0.454181,part2a21_soft_caution_overlay,artifacts_part2_g532/predictions/g532_final_consensus_tape.csv
2024-11-01,0,0.2287464593486653,0.5310565513981026,1.255993,1.715087,0.5,0.553847,0.493077,0.596685,0.65,0.6,0.846153,0.329999,0.129717,0.658385,0,high_risk_veto,FLAT,0.0,0.0,0.0,0.0,0,0.048955,0.556288,0.131981,0.428124,part2a21_soft_caution_overlay,artifacts_part2_g532/predictions/g532_final_consensus_tape.csv
2024-11-04,0,0.1903773938829586,0.3427423683495725,1.56878,1.680443,0.75,0.556977,0.493256,0.578205,0.65,0.6,0.837209,0.326511,0.128863,0.659869,0,high_risk_veto,FLAT,0.0,0.0,0.0,0.0,0,0.072793,0.637098,0.129524,0.423506,part2a21_soft_caution_overlay,artifacts_part2_g532/predictions/g532_final_consensus_tape.csv
2024-11-05,0,0.1826571882654806,0.3050835108102142,1.108552,1.311108,0.5,0.551513,0.492944,0.389838,0.65,0.6,0.852819,0.3326,0.144653,0.633468,0,high_risk_veto,FLAT,0.0,0.0,0.0,0.0,0,0.063769,0.642346,0.113615,0.393596,part2a21_soft_caution_overlay,artifacts_part2_g532/predictions/g532_final_consensus_tape.csv
2024-11-06,0,0.1793229990550167,0.2757967001641935,0.815009,1.164113,0.5,0.551922,0.492967,0.314254,0.75,1.0,0.851651,0.638738,0.223823,0.527623,1,ok,FLAT,0.0,0.0,0.0,0.0,0,0.064236,0.64191,0.114935,0.396078,part2a21_soft_caution_overlay,artifacts_part2_g532/predictions/g532_final_consensus_tape.csv
2024-11-07,0,0.1866789061315665,0.3479842720462205,1.188607,1.037389,0.5,0.565761,0.493758,0.243831,0.75,1.0,0.812111,0.609083,0.223964,0.527466,1,ok,FLAT,0.0,0.0,0.0,0.0,0,0.081869,0.620095,0.158468,0.47792,part2a21_soft_caution_overlay,artifacts_part2_g532/predictions/g532_final_consensus_tape.csv
2024-11-08,0,0.1861463063201098,0.3289792234449875,1.596346,1.199987,0.5,0.555789,0.493188,0.331342,0.75,1.0,0.840602,0.630452,0.22387,0.527571,1,ok,FLAT,0.0,0.0,0.0,0.0,0,0.068611,0.637785,0.127442,0.419591,part2a21_soft_caution_overlay,artifacts_part2_g532/predictions/g532_final_consensus_tape.csv
2024-11-11,0,0.185628359388021,0.3321255740715391,1.688391,1.491115,0.75,0.554983,0.493142,0.481297,0.75,1.0,0.842905,0.632179,0.223658,0.527807,1,ok,VOO,0.024089,0.024089,0.024089,0.0,0,0.06884,0.638879,0.124127,0.413359,part2a21_soft_caution_overlay,artifacts_part2_g532/predictions/g532_final_consensus_tape.csv
2024-11-12,0,0.1906387001594101,0.3479972903146542,1.712605,1.665781,0.75,0.550088,0.492862,0.572176,0.75,1.0,0.85689,0.642668,0.223291,0.528217,1,ok,VOO,0.024089,0.024089,0.024089,0.0,0,0.063188,0.644076,0.108368,0.383731,part2a21_soft_caution_overlay,artifacts_part2_g532/predictions/g532_final_consensus_tape.csv
2024-11-13,0,0.1862359679528689,0.331007070508688,1.678643,1.693213,0.75,0.551246,0.492928,0.585998,0.75,1.0,0.853582,0.640187,0.221923,0.529747,1,ok,VOO,0.024089,0.024089,0.024089,0.0,0,0.063395,0.642616,0.112797,0.392058,part2a21_soft_caution_overlay,artifacts_part2_g532/predictions/g532_final_consensus_tape.csv
2024-11-14,0,0.1894604213662482,0.3426946010611931,1.809048,1.733432,0.75,0.550539,0.492888,0.60678,0.75,1.0,0.855604,0.641703,0.190992,0.566904,1,ok,VOO,0.024089,0.024089,0.024089,0.0,0,0.062067,0.643263,0.110834,0.388368,part2a21_soft_caution_overlay,artifacts_part2_g532/predictions/g532_final_consensus_tape.csv
2024-11-15,0,0.191990528638795,0.3536600417031294,2.208067,1.898586,0.75,0.552722,0.493013,0.691152,0.75,1.0,0.849366,0.637024,0.209798,0.543717,1,ok,VOO,0.024089,0.024089,0.024089,0.0,0,0.062286,0.640474,0.119291,0.404268,part2a21_soft_caution_overlay,artifacts_part2_g532/predictions/g532_final_consensus_tape.csv
2024-11-18,0,0.1893802928900373,0.3505761680392576,1.27562,1.764245,0.5,0.553816,0.493075,0.62195,0.75,1.0,0.84624,0.63468,0.201884,0.553239,1,ok,VOO,0.032758,0.032758,0.032758,0.0,0,0.064224,0.63945,0.122396,0.410104,part2a21_soft_caution_overlay,artifacts_part2_g532/predictions/g532_final_consensus_tape.csv
2024-11-19,0,0.1943203023883205,0.3578108110277703,1.262139,1.581942,0.5,0.553286,0.493045,0.528406,0.75,1.0,0.847755,0.635816,0.197577,0.558563,1,ok,VOO,0.032758,0.032758,0.032758,0.0,0,0.06856,0.641024,0.117621,0.401128,part2a21_soft_caution_overlay,artifacts_part2_g532/predictions/g532_final_consensus_tape.csv
2024-11-20,0,0.2006952034811911,0.399129974328033,1.515213,1.350991,0.75,0.555541,0.493174,0.409085,0.65,0.6,0.841312,0.328112,0.084832,0.746643,0,high_risk_veto,VOO,0.032758,0.032758,0.032758,0.0,0,0.074291,0.639269,0.122944,0.411135,part2a21_soft_caution_overlay,artifacts_part2_g532/predictions/g532_final_consensus_tape.csv
2024-11-21,0,0.1954786922373813,0.3918250250431396,1.441149,1.406167,0.5,0.559431,0.493396,0.436334,0.65,0.6,0.830197,0.323777,0.090059,0.735165,0,high_risk_veto,VOO,0.032758,0.032758,0.032758,0.0,0,0.077899,0.634957,0.136017,0.435712,part2a21_soft_caution_overlay,artifacts_part2_g532/predictions/g532_final_consensus_tape.csv
2024-11-22,0,0.1985274594760658,0.4169322881996857,1.510505,1.488955,0.5,0.549917,0.492852,0.481538,0.65,0.6,0.857379,0.334378,0.090365,0.734506,0,high_risk_veto,VOO,0.032758,0.032758,0.032758,0.0,0,0.060723,0.643794,0.109223,0.385339,part2a21_soft_caution_overlay,artifacts_part2_g532/predictions/g532_final_consensus_tape.csv
2024-11-25,0,0.1917792816543583,0.389929996519442,1.474054,1.475236,0.5,0.554625,0.493121,0.473231,0.75,1.0,0.843929,0.632947,0.09572,0.723128,1,ok,VOO,0.03249,0.03249,0.03249,0.0,0,0.068447,0.639263,0.12296,0.411166,part2a21_soft_caution_overlay,artifacts_part2_g532/predictions/g532_final_consensus_tape.csv
2024-11-26,0,0.1982083432008623,0.4044788081358905,1.299143,1.427901,0.5,0.55238,0.492993,0.449534,0.75,1.0,0.850343,0.637757,0.103417,0.707379,1,ok,VOO,0.03249,0.03249,0.03249,0.0,0,0.063473,0.64116,0.117209,0.400353,part2a21_soft_caution_overlay,artifacts_part2_g532/predictions/g532_final_consensus_tape.csv
2024-11-27,0,0.1992433594103184,0.4904075869486589,1.645728,1.472975,0.75,0.555092,0.493148,0.471942,0.75,1.0,0.842596,0.631947,0.108126,0.698079,1,ok,VOO,0.03249,0.03249,0.03249,0.0,0,0.066204,0.638199,0.126188,0.417234,part2a21_soft_caution_overlay,artifacts_part2_g532/predictions/g532_final_consensus_tape.csv
2024-11-28,0,0.1995281873455938,0.4169833055384915,1.396479,1.447117,0.75,0.552342,0.492991,0.459411,0.75,1.0,0.850451,0.637838,0.104611,0.704998,1,ok,VOO,0.03249,0.03249,0.03249,0.0,0,0.063983,0.641313,0.116745,0.39948,part2a21_soft_caution_overlay,artifacts_part2_g532/predictions/g532_final_consensus_tape.csv
2024-11-29,0,0.1971225090914347,0.437771787859619,1.137893,1.393367,0.5,0.551705,0.492955,0.431999,0.75,1.0,0.852271,0.639203,0.076862,0.76485,1,ok,VOO,0.03249,0.03249,0.03249,0.0,0,0.066681,0.642692,0.112565,0.391623,part2a21_soft_caution_overlay,artifacts_part2_g532/predictions/g532_final_consensus_tape.csv
2024-12-02,0,0.1958459009933642,0.467757364442955,1.147452,1.227275,0.5,0.550864,0.492906,0.347031,0.75,1.0,0.854676,0.641007,0.077445,0.763486,1,ok,VOO,0.025476,0.025476,0.025476,0.0,0,0.065691,0.643582,0.109867,0.38655,part2a21_soft_caution_overlay,artifacts_part2_g532/predictions/g532_final_consensus_tape.csv
2024-12-03,0,0.1969235974697317,0.4666920060227084,1.419984,1.23511,0.5,0.55051,0.492886,0.351169,0.75,1.0,0.855687,0.641765,0.078218,0.761688,1,ok,VOO,0.025476,0.025476,0.025476,0.0,0,0.065779,0.644059,0.108419,0.383828,part2a21_soft_caution_overlay,artifacts_part2_g532/predictions/g532_final_consensus_tape.csv
2024-12-04,0,0.1962256581313014,0.4700825810187274,1.151832,1.239756,0.5,0.547993,0.492742,0.354386,0.968549,1.0,0.862878,0.835739,0.078471,0.761103,1,ok,VOO,0.025476,0.025476,0.025476,0.0,0,0.060453,0.646237,0.101816,0.371414,part2a21_soft_caution_overlay,artifacts_part2_g532/predictions/g532_final_consensus_tape.csv
2024-12-05,0,0.1987027872577383,0.4456607271541574,1.565328,1.379048,0.75,0.549125,0.492807,0.425411,0.967515,1.0,0.859642,0.831717,0.075133,0.768915,1,ok,VOO,0.025476,0.025476,0.025476,0.0,0,0.06115,0.64491,0.105841,0.37898,part2a21_soft_caution_overlay,artifacts_part2_g532/predictions/g532_final_consensus_tape.csv
2024-12-06,0,0.1956489912042044,0.4756100576297827,1.267951,1.32837,0.5,0.555356,0.493163,0.397509,0.75,1.0,0.84184,0.63138,0.074261,0.770984,1,ok,VOO,0.025476,0.025476,0.025476,0.0,0,0.071585,0.638956,0.123894,0.41292,part2a21_soft_caution_overlay,artifacts_part2_g532/predictions/g532_final_consensus_tape.csv
2024-12-09,0,0.2002724849740032,0.3851781933932753,1.779352,1.537544,0.75,0.549851,0.492849,0.50647,0.75,1.0,0.857568,0.643176,0.062691,0.799511,1,ok,VOO,0.039066,0.039066,0.039066,0.0,0,0.061708,0.644082,0.108352,0.383702,part2a21_soft_caution_overlay,artifacts_part2_g532/predictions/g532_final_consensus_tape.csv
2024-12-10,0,0.2012987968251787,0.3700645368664303,1.615957,1.55442,0.75,0.550455,0.492883,0.514974,0.65,0.6,0.855842,0.333778,0.04852,0.837464,0,high_risk_veto,VOO,0.039066,0.039066,0.039066,0.0,0,0.061704,0.643297,0.110732,0.388176,part2a21_soft_caution_overlay,artifacts_part2_g532/predictions/g532_final_consensus_tape.csv
2024-12-11,0,0.1989435214795022,0.4297879656724175,1.085235,1.493515,0.5,0.561685,0.493525,0.480742,0.65,0.6,0.823758,0.321266,0.058581,0.810159,0,high_risk_veto,VOO,0.039066,0.039066,0.039066,0.0,0,0.084943,0.633472,0.14052,0.444178,part2a21_soft_caution_overlay,artifacts_part2_g532/predictions/g532_final_consensus_tape.csv
2024-12-12,0,0.1997420961132703,0.4186701734911442,1.848876,1.516689,0.75,0.553454,0.493055,0.494843,0.65,0.6,0.847273,0.330437,0.059896,0.806721,0,high_risk_veto,VOO,0.039066,0.039066,0.039066,0.0,0,0.070766,0.641256,0.116918,0.399805,part2a21_soft_caution_overlay,artifacts_part2_g532/predictions/g532_final_consensus_tape.csv
2024-12-13,0,0.199849731791449,0.4207095363750071,1.513894,1.482668,0.5,0.560561,0.493461,0.47545,0.65,0.6,0.826968,0.322517,0.062086,0.801061,0,high_risk_veto,VOO,0.039066,0.039066,0.039066,0.0,0,0.086263,0.6352,0.135281,0.434328,part2a21_soft_caution_overlay,artifacts_part2_g532/predictions/g532_final_consensus_tape.csv
2024-12-16,0,0.2004622867200518,0.3904483458021777,1.417648,1.593473,0.5,0.56251,0.493572,0.532112,0.65,0.6,0.821399,0.320346,0.062569,0.799824,0,high_risk_veto,FLAT,0.0,0.0,0.0,0.0,0,0.092428,0.63393,0.13913,0.441564,part2a21_soft_caution_overlay,artifacts_part2_g532/predictions/g532_final_consensus_tape.csv
2024-12-17,0,0.2024791982911305,0.3951577060685494,1.948623,1.626721,0.75,0.562473,0.49357,0.549282,0.65,0.6,0.821506,0.320387,0.068593,0.784701,0,high_risk_veto,FLAT,0.0,0.0,0.0,0.0,0,0.093007,0.634097,0.138623,0.440612,part2a21_soft_caution_overlay,artifacts_part2_g532/predictions/g532_final_consensus_tape.csv
2024-12-18,0,0.2101437679069102,0.3847604655270962,2.821587,2.062619,0.75,0.561292,0.493502,0.774396,0.65,0.6,0.824879,0.321703,0.133577,0.65176,0,high_risk_veto,FLAT,0.0,0.0,0.0,0.0,0,0.042743,0.534711,0.165134,0.490451,part2a21_soft_caution_overlay,artifacts_part2_g532/predictions/g532_final_consensus_tape.csv
2024-12-19,0,0.2097642355223298,0.4230384921639996,1.740577,2.170262,0.75,0.560655,0.493466,0.829975,0.65,0.6,0.826701,0.322413,0.1365,0.646831,0,high_risk_veto,FLAT,0.0,0.0,0.0,0.0,0,0.043378,0.537067,0.16223,0.484992,part2a21_soft_caution_overlay,artifacts_part2_g532/predictions/g532_final_consensus_tape.csv
2024-12-20,0,0.2058211270537845,0.4665096909418445,1.336961,1.966375,0.5,0.564548,0.493688,0.724289,0.65,0.6,0.815578,0.318076,0.142873,0.636338,0,high_risk_veto,FLAT,0.0,0.0,0.0,0.0,0,0.095665,0.630613,0.145141,0.452865,part2a21_soft_caution_overlay,artifacts_part2_g532/predictions/g532_final_consensus_tape.csv
2024-12-23,0,0.2040120260343761,0.4184750101434222,1.315764,1.464434,0.5,0.563522,0.49363,0.465232,0.65,0.6,0.818509,0.319219,0.153537,0.619521,0,high_risk_veto,FLAT,0.0,0.0,0.0,0.0,0,0.095502,0.633246,0.141205,0.445465,part2a21_soft_caution_overlay,artifacts_part2_g532/predictions/g532_final_consensus_tape.csv
2024-12-24,0,0.1995290157436451,0.4258485578428869,1.244443,1.299056,0.5,0.562625,0.493579,0.380118,0.65,0.6,0.821072,0.320218,0.158257,0.612359,0,high_risk_veto,FLAT,0.0,0.0,0.0,0.0,0,0.08696,0.632295,0.142969,0.448782,part2a21_soft_caution_overlay,artifacts_part2_g532/predictions/g532_final_consensus_tape.csv
2024-12-25,0,0.203112551167049,0.4333448842767499,1.667399,1.409202,0.75,0.568093,0.493891,0.435377,0.65,0.6,0.805448,0.314125,0.151871,0.62209,0,high_risk_veto,FLAT,0.0,0.0,0.0,0.0,0,0.126788,0.759041,0.139804,0.442831,part2a21_soft_caution_overlay,artifacts_part2_g532/predictions/g532_final_consensus_tape.csv
2024-12-26,0,0.2030480471641882,0.4289865684227405,1.709055,1.540299,0.75,0.568409,0.493909,0.503155,0.65,0.6,0.804546,0.313773,0.15161,0.622494,0,high_risk_veto,FLAT,0.0,0.0,0.0,0.0,0,0.130072,0.759303,0.13901,0.441338,part2a21_soft_caution_overlay,artifacts_part2_g532/predictions/g532_final_consensus_tape.csv
2024-12-27,0,0.2043931171570275,0.4462233121054368,2.09296,1.823138,0.75,0.564315,0.493675,0.650324,0.65,0.6,0.816242,0.318334,0.157022,0.614217,0,high_risk_veto,FLAT,0.0,0.0,0.0,0.0,0,0.122312,0.76303,0.127711,0.420096,part2a21_soft_caution_overlay,artifacts_part2_g532/predictions/g532_final_consensus_tape.csv
2024-12-30,0,0.200646272832709,0.4126674496390723,2.017599,1.939871,0.75,0.572059,0.494118,0.709468,0.65,0.6,0.794116,0.309705,0.177305,0.585062,0,high_risk_veto,FLAT,0.0,0.0,0.0,0.0,0,0.142769,0.755662,0.145506,0.453551,part2a21_soft_caution_overlay,artifacts_part2_g532/predictions/g532_final_consensus_tape.csv
2024-12-31,0,0.2058297898156797,0.4326480224809483,1.861192,1.990584,0.75,0.576756,0.494386,0.735127,0.65,0.6,0.780698,0.304472,0.176857,0.585676,0,high_risk_veto,FLAT,0.0,0.0,0.0,0.0,0,0.1459,0.742547,0.162048,0.48465,part2a21_soft_caution_overlay,artifacts_part2_g532/predictions/g532_final_consensus_tape.csv
2025-01-01,0,0.1993037426188217,0.3948027241153611,1.59219,1.82366,0.75,0.575205,0.494297,0.648617,0.65,0.6,0.785128,0.3062,0.135623,0.648301,0,high_risk_veto,FLAT,0.0,0.0,0.0,0.0,0,0.139998,0.744517,0.159604,0.480056,part2a21_soft_caution_overlay,artifacts_part2_g532/predictions/g532_final_consensus_tape.csv
2025-01-02,0,0.1992797633727443,0.3899982108700056,1.681003,1.711462,0.75,0.572978,0.49417,0.5908,0.65,0.6,0.791492,0.308682,0.13502,0.649317,0,high_risk_veto,FLAT,0.0,0.0,0.0,0.0,0,0.136209,0.749635,0.153187,0.467992,part2a21_soft_caution_overlay,artifacts_part2_g532/predictions/g532_final_consensus_tape.csv
2025-01-03,0,0.2076305944355057,0.4552356349615869,1.164321,1.479171,0.5,0.561776,0.49353,0.473317,0.65,0.6,0.823497,0.321164,0.149727,0.625428,0,high_risk_veto,FLAT,0.0,0.0,0.0,0.0,0,0.094533,0.680647,0.134936,0.433679,part2a21_soft_caution_overlay,artifacts_part2_g532/predictions/g532_final_consensus_tape.csv
2025-01-06,0,0.2121760861227149,0.4873100824776482,1.366875,1.404066,0.5,0.560058,0.493432,0.435069,0.65,0.6,0.828405,0.323078,0.141502,0.638566,0,high_risk_veto,FLAT,0.0,0.0,0.0,0.0,0,0.091967,0.682352,0.129766,0.42396,part2a21_soft_caution_overlay,artifacts_part2_g532/predictions/g532_final_consensus_tape.csv
2025-01-07,0,0.1978459584799074,0.3817920022960837,2.271537,1.600911,0.75,0.56724,0.493842,0.534816,0.65,0.6,0.807886,0.315076,0.133844,0.651306,0,high_risk_veto,FLAT,0.0,0.0,0.0,0.0,0,0.133342,0.761489,0.132383,0.42888,part2a21_soft_caution_overlay,artifacts_part2_g532/predictions/g532_final_consensus_tape.csv
2025-01-08,0,0.2010460127284179,0.4030477726363177,1.67075,1.769721,0.75,0.567262,0.493844,0.622153,0.65,0.6,0.807824,0.315051,0.133724,0.65151,0,high_risk_veto,FLAT,0.0,0.0,0.0,0.0,0,0.129478,0.760671,0.134864,0.433545,part2a21_soft_caution_overlay,artifacts_part2_g532/predictions/g532_final_consensus_tape.csv
2025-01-09,0,0.1966544581546524,0.3760106044990025,1.675314,1.872534,0.75,0.570248,0.494014,0.674846,0.65,0.6,0.79929,0.311723,0.133928,0.651165,0,high_risk_veto,FLAT,0.0,0.0,0.0,0.0,0,0.132107,0.756064,0.144988,0.452578,part2a21_soft_caution_overlay,artifacts_part2_g532/predictions/g532_final_consensus_tape.csv
2025-01-10,0,0.2070953624810374,0.423159368830988,2.186614,1.844226,0.75,0.575324,0.494304,0.659281,0.65,0.6,0.784787,0.306067,0.134203,0.650698,0,high_risk_veto,FLAT,0.0,0.0,0.0,0.0,0,0.157543,0.752778,0.149199,0.460494,part2a21_soft_caution_overlay,artifacts_part2_g532/predictions/g532_final_consensus_tape.csv
2025-01-13,0,0.2077561798128231,0.4302705170209509,1.791171,1.884366,0.75,0.565376,0.493736,0.681781,0.65,0.6,0.813212,0.317153,0.104086,0.706042,0,high_risk_veto,FLAT,0.0,0.0,0.0,0.0,0,0.109481,0.679031,0.139837,0.442893,part2a21_soft_caution_overlay,artifacts_part2_g532/predictions/g532_final_consensus_tape.csv
2025-01-14,0,0.2087513088958946,0.4501711826707774,1.749369,1.909051,0.75,0.559758,0.493415,0.695425,0.65,0.6,0.829262,0.323412,0.10309,0.708034,0,high_risk_veto,FLAT,0.0,0.0,0.0,0.0,0,0.090322,0.682405,0.129605,0.423657,part2a21_soft_caution_overlay,artifacts_part2_g532/predictions/g532_final_consensus_tape.csv
2025-01-15,0,0.2141068022879934,0.506951294194726,0.985545,1.508695,0.5,0.565423,0.493738,0.487585,0.65,0.6,0.813077,0.3171,0.108644,0.69707,0,high_risk_veto,FLAT,0.0,0.0,0.0,0.0,0,0.100874,0.675777,0.145359,0.453274,part2a21_soft_caution_overlay,artifacts_part2_g532/predictions/g532_final_consensus_tape.csv
2025-01-16,0,0.2097413265367688,0.4700408326979339,1.906285,1.547066,0.75,0.55855,0.493346,0.509164,0.65,0.6,0.832714,0.324758,0.109675,0.695073,0,high_risk_veto,FLAT,0.0,0.0,0.0,0.0,0,0.084029,0.682687,0.128751,0.422051,part2a21_soft_caution_overlay,artifacts_part2_g532/predictions/g532_final_consensus_tape.csv
2025-01-17,0,0.206610332607742,0.4704625303953293,1.231302,1.374377,0.5,0.561331,0.493505,0.419384,0.65,0.6,0.824769,0.32166,0.093228,0.72838,0,high_risk_veto,FLAT,0.0,0.0,0.0,0.0,0,0.095899,0.681504,0.132337,0.428793,part2a21_soft_caution_overlay,artifacts_part2_g532/predictions/g532_final_consensus_tape.csv
2025-01-20,0,0.2148645204464257,0.5131570093722587,1.757468,1.631685,0.75,0.563709,0.49364,0.551558,0.65,0.6,0.817975,0.31901,0.087093,0.741634,0,high_risk_veto,FLAT,0.0,0.0,0.0,0.0,0,0.100842,0.679429,0.13863,0.440625,part2a21_soft_caution_overlay,artifacts_part2_g532/predictions/g532_final_consensus_tape.csv
2025-01-21,0,0.2050029056969061,0.4592664995483944,1.537508,1.50876,0.5,0.562498,0.493571,0.488393,0.75,1.0,0.821434,0.616075,0.081797,0.753472,1,ok,FLAT,0.0,0.0,0.0,0.0,0,0.117943,0.764496,0.123267,0.411742,part2a21_soft_caution_overlay,artifacts_part2_g532/predictions/g532_final_consensus_tape.csv
2025-01-22,0,0.2107837164601644,0.6066676956018142,1.359887,1.551621,0.5,0.574102,0.494234,0.507565,0.75,1.0,0.788279,0.59121,0.087833,0.740012,1,ok,FLAT,0.0,0.0,0.0,0.0,0,0.156993,0.788765,0.14473,0.452092,part2a21_soft_caution_overlay,artifacts_part2_g532/predictions/g532_final_consensus_tape.csv
2025-01-23,0,0.2104386053023105,0.6331510549705939,1.667155,1.521517,0.5,0.57405,0.494231,0.491948,0.75,1.0,0.78843,0.591322,0.091401,0.732277,1,ok,FLAT,0.0,0.0,0.0,0.0,0,0.159029,0.789903,0.14326,0.44933,part2a21_soft_caution_overlay,artifacts_part2_g532/predictions/g532_final_consensus_tape.csv
2025-01-24,0,0.20049719426387,0.7213311369388563,1.878102,1.635048,0.75,0.570354,0.49402,0.551756,0.75,1.0,0.798988,0.599241,0.082109,0.752766,1,ok,FLAT,0.0,0.0,0.0,0.0,0,0.162621,0.875932,0.126491,0.417803,part2a21_soft_caution_overlay,artifacts_part2_g532/predictions/g532_final_consensus_tape.csv
2025-01-27,0,0.2054950308558137,0.7144206068158511,2.459254,2.001504,0.75,0.570207,0.494012,0.741684,0.75,1.0,0.799408,0.599556,0.145269,0.63248,1,ok,VOO,0.042188,0.042188,0.042188,0.0,0,0.147036,0.872937,0.135573,0.434877,part2a21_soft_caution_overlay,artifacts_part2_g532/predictions/g532_final_consensus_tape.csv
2025-01-28,0,0.2080523807689089,0.7025765539489265,1.037733,1.791696,0.5,0.56476,0.493701,0.633997,0.75,1.0,0.81497,0.611228,0.149732,0.62542,1,ok,VOO,0.042188,0.042188,0.042188,0.0,0,0.119319,0.79434,0.131318,0.426877,part2a21_soft_caution_overlay,artifacts_part2_g532/predictions/g532_final_consensus_tape.csv
2025-01-29,0,0.208430225225518,0.6975566270871331,1.613561,1.703516,0.75,0.564037,0.493659,0.588585,0.75,1.0,0.817036,0.612777,0.147628,0.628728,1,ok,VOO,0.042188,0.042188,0.042188,0.0,0,0.117096,0.794825,0.129849,0.424116,part2a21_soft_caution_overlay,artifacts_part2_g532/predictions/g532_final_consensus_tape.csv
2025-01-30,0,0.2067560864847141,0.6820707757061033,1.451924,1.367739,0.5,0.569785,0.493988,0.413402,0.75,1.0,0.800614,0.600461,0.145776,0.63167,1,ok,VOO,0.042188,0.042188,0.042188,0.0,0,0.132314,0.790076,0.143037,0.448909,part2a21_soft_caution_overlay,artifacts_part2_g532/predictions/g532_final_consensus_tape.csv
2025-01-31,0,0.207018610060734,0.6830462224173749,1.662345,1.575943,0.75,0.56826,0.493901,0.521646,0.75,1.0,0.804972,0.603729,0.141354,0.638808,1,ok,VOO,0.042188,0.042188,0.042188,0.0,0,0.126448,0.791256,0.140669,0.444458,part2a21_soft_caution_overlay,artifacts_part2_g532/predictions/g532_final_consensus_tape.csv
2025-02-03,0,0.2053504464001055,0.6913018030070184,1.836244,1.650171,0.75,0.573573,0.494204,0.558857,0.75,1.0,0.789791,0.592343,0.146141,0.631089,1,ok,VOO,0.031337,0.031337,0.031337,0.0,0,0.148892,0.866477,0.147668,0.457617,part2a21_soft_caution_overlay,artifacts_part2_g532/predictions/g532_final_consensus_tape.csv
2025-02-04,0,0.2086315374421275,0.6721337619865279,1.242936,1.580508,0.5,0.57881,0.494503,0.521395,0.75,1.0,0.774828,0.581121,0.144433,0.633821,1,ok,VOO,0.031337,0.031337,0.031337,0.0,0,0.152709,0.771909,0.165914,0.491917,part2a21_soft_caution_overlay,artifacts_part2_g532/predictions/g532_final_consensus_tape.csv
2025-02-05,0,0.2009063681853876,0.6988139287598951,1.469635,1.516272,0.5,0.581585,0.494662,0.487218,0.75,1.0,0.766901,0.575176,0.135317,0.648817,1,ok,VOO,0.031337,0.031337,0.031337,0.0,0,0.178382,0.855959,0.160919,0.482527,part2a21_soft_caution_overlay,artifacts_part2_g532/predictions/g532_final_consensus_tape.csv
2025-02-06,0,0.2022520818715167,0.6880583096655015,1.428538,1.38037,0.5,0.585019,0.494858,0.415331,0.75,1.0,0.75709,0.567817,0.129349,0.659024,1,ok,VOO,0.031337,0.031337,0.031337,0.0,0,0.194741,0.853228,0.164293,0.488871,part2a21_soft_caution_overlay,artifacts_part2_g532/predictions/g532_final_consensus_tape.csv
2025-02-07,0,0.20916938207216,0.6446779257056261,1.992947,1.630374,0.75,0.577748,0.494443,0.5476,0.75,1.0,0.777863,0.583397,0.1304,0.657202,1,ok,VOO,0.031337,0.031337,0.031337,0.0,0,0.151013,0.774452,0.162784,0.486033,part2a21_soft_caution_overlay,artifacts_part2_g532/predictions/g532_final_consensus_tape.csv
2025-02-10,0,0.2079231442929556,0.6371925885731353,1.275422,1.565636,0.5,0.567335,0.493848,0.516541,0.75,1.0,0.807615,0.605711,0.090167,0.734934,1,ok,VOO,0.034491,0.034491,0.034491,0.0,0,0.142583,0.795755,0.127028,0.418813,part2a21_soft_caution_overlay,artifacts_part2_g532/predictions/g532_final_consensus_tape.csv
2025-02-11,0,0.2134590864561141,0.5936588784865472,1.682486,1.650285,0.75,0.568742,0.493928,0.56002,0.75,1.0,0.803595,0.602696,0.081501,0.754145,1,ok,VOO,0.034491,0.034491,0.034491,0.0,0,0.14692,0.794815,0.129877,0.424169,part2a21_soft_caution_overlay,artifacts_part2_g532/predictions/g532_final_consensus_tape.csv
2025-02-12,0,0.2179879839857215,0.5627292814814361,1.672078,1.543328,0.75,0.573339,0.494191,0.503456,0.75,1.0,0.79046,0.592845,0.081059,0.755153,1,ok,VOO,0.034491,0.034491,0.034491,0.0,0,0.160456,0.791616,0.139579,0.442408,part2a21_soft_caution_overlay,artifacts_part2_g532/predictions/g532_final_consensus_tape.csv
2025-02-13,0,0.2051890412555499,0.652974933476928,1.255492,1.536685,0.5,0.574338,0.494248,0.499749,0.75,1.0,0.787606,0.590704,0.081055,0.755163,1,ok,VOO,0.034491,0.034491,0.034491,0.0,0,0.176983,0.873697,0.133267,0.430542,part2a21_soft_caution_overlay,artifacts_part2_g532/predictions/g532_final_consensus_tape.csv
2025-02-14,0,0.1993494812353961,0.6984146171666709,1.605914,1.511161,0.5,0.568021,0.493887,0.488173,0.75,1.0,0.805655,0.604241,0.081711,0.753668,1,ok,VOO,0.034491,0.034491,0.034491,0.0,0,0.155284,0.877461,0.121855,0.409088,part2a21_soft_caution_overlay,artifacts_part2_g532/predictions/g532_final_consensus_tape.csv
2025-02-17,0,0.1992573809420809,0.7060732181765571,1.737629,1.533012,0.75,0.572984,0.494171,0.498194,0.75,1.0,0.791474,0.593605,0.068996,0.78371,1,ok,VOO,0.034765,0.034765,0.034765,0.0,0,0.172373,0.874512,0.130797,0.425898,part2a21_soft_caution_overlay,artifacts_part2_g532/predictions/g532_final_consensus_tape.csv
2025-02-18,0,0.2111424660703612,0.6097721977711136,1.741561,1.695035,0.5,0.571562,0.494089,0.582582,0.75,1.0,0.795536,0.596652,0.076268,0.76624,1,ok,VOO,0.034765,0.034765,0.034765,0.0,0,0.154761,0.792757,0.136118,0.435902,part2a21_soft_caution_overlay,artifacts_part2_g532/predictions/g532_final_consensus_tape.csv
2025-02-19,0,0.210531456690871,0.3833479871469057,1.757227,1.745472,0.75,0.557458,0.493283,0.611577,0.75,1.0,0.835833,0.626875,0.074044,0.771501,1,ok,VOO,0.034765,0.034765,0.034765,0.0,0,0.074437,0.627381,0.1304,0.425151,part2a21_soft_caution_overlay,artifacts_part2_g532/predictions/g532_final_consensus_tape.csv
2025-02-20,0,0.221894802566708,0.4325275302073412,1.901905,1.800231,0.75,0.562717,0.493584,0.638788,0.75,1.0,0.820809,0.615607,0.082941,0.750883,1,ok,VOO,0.034765,0.034765,0.034765,0.0,0,0.080049,0.619256,0.147615,0.457516,part2a21_soft_caution_overlay,artifacts_part2_g532/predictions/g532_final_consensus_tape.csv
2025-02-21,0,0.2103551964801171,0.3955746634125142,2.326942,1.995358,0.75,0.565064,0.493718,0.739194,0.75,1.0,0.814104,0.610578,0.143936,0.634621,1,ok,VOO,0.034765,0.034765,0.034765,0.0,0,0.068273,0.606082,0.16415,0.488602,part2a21_soft_caution_overlay,artifacts_part2_g532/predictions/g532_final_consensus_tape.csv
2025-02-24,0,0.2118614015850093,0.3895946956421441,1.95828,2.062375,0.75,0.569035,0.493945,0.773365,0.5,0.6,0.802756,0.144496,0.139334,0.642122,1,ok,VOO,0.010763,0.010763,0.010763,0.0,0,0.069868,0.593992,0.178793,0.51613,part2a21_soft_caution_overlay,artifacts_part2_g532/predictions/g532_final_consensus_tape.csv
2025-02-25,0,0.2090531117432282,0.3803279999753912,1.859629,2.048284,0.75,0.561109,0.493492,0.767023,0.5,0.6,0.825403,0.148573,0.144951,0.632989,1,ok,VOO,0.010763,0.010763,0.010763,0.0,0,0.061642,0.615261,0.152697,0.46707,part2a21_soft_caution_overlay,artifacts_part2_g532/predictions/g532_final_consensus_tape.csv
2025-02-26,0,0.2107263678731211,0.3681776409204199,1.368546,1.728819,0.5,0.563237,0.493614,0.60182,0.5,0.6,0.819324,0.147478,0.139575,0.641725,1,ok,VOO,0.010763,0.010763,0.010763,0.0,0,0.064225,0.609863,0.159469,0.479802,part2a21_soft_caution_overlay,artifacts_part2_g532/predictions/g532_final_consensus_tape.csv
2025-02-27,0,0.2146843752377605,0.406850346147912,2.19747,1.808549,0.75,0.560593,0.493462,0.643473,0.5,0.6,0.826877,0.148838,0.142328,0.637221,1,ok,VOO,0.010763,0.010763,0.010763,0.0,0,0.062993,0.617521,0.149829,0.461679,part2a21_soft_caution_overlay,artifacts_part2_g532/predictions/g532_final_consensus_tape.csv
2025-02-28,0,0.2151517832323966,0.4065467302905967,0.747391,1.437802,0.5,0.564401,0.49368,0.451231,0.5,0.6,0.815998,0.14688,0.16379,0.604171,1,ok,VOO,0.010763,0.010763,0.010763,0.0,0,0.061852,0.604967,0.165521,0.491179,part2a21_soft_caution_overlay,artifacts_part2_g532/predictions/g532_final_consensus_tape.csv
2025-03-03,0,0.2139154857113138,0.4035343457503083,1.871308,1.60539,0.75,0.565098,0.49372,0.537646,0.5,0.6,0.814005,0.146521,0.179981,0.58142,1,ok,VOO,0.00687,0.00687,0.00687,0.0,0,0.067636,0.60565,0.164681,0.4896,part2a21_soft_caution_overlay,artifacts_part2_g532/predictions/g532_final_consensus_tape.csv
2025-03-04,0,0.2129099062276461,0.3829779695719308,1.396417,1.338372,0.75,0.565749,0.493757,0.399443,0.5,0.6,0.812145,0.146186,0.159159,0.61101,1,ok,VOO,0.00687,0.00687,0.00687,0.0,0,0.067166,0.603323,0.167534,0.494964,part2a21_soft_caution_overlay,artifacts_part2_g532/predictions/g532_final_consensus_tape.csv
2025-03-05,0,0.2153774098580663,0.3825245173448892,0.957718,1.408481,0.5,0.568088,0.493891,0.435006,0.5,0.6,0.805462,0.144983,0.200186,0.555326,1,ok,VOO,0.00687,0.00687,0.00687,0.0,0,0.072906,0.598671,0.173183,0.505584,part2a21_soft_caution_overlay,artifacts_part2_g532/predictions/g532_final_consensus_tape.csv
2025-03-06,0,0.217191337748536,0.4203376190297654,2.128737,1.494291,0.75,0.564025,0.493659,0.480515,0.5,0.6,0.817071,0.147073,0.207306,0.54668,1,ok,VOO,0.00687,0.00687,0.00687,0.0,0,0.06987,0.610181,0.159073,0.479057,part2a21_soft_caution_overlay,artifacts_part2_g532/predictions/g532_final_consensus_tape.csv
2025-03-07,0,0.213163400132913,0.3633736117495447,1.103949,1.396801,0.5,0.563594,0.493634,0.430286,0.5,0.6,0.818304,0.147295,0.200835,0.554527,1,ok,VOO,0.00687,0.00687,0.00687,0.0,0,0.067501,0.610365,0.158844,0.478626,part2a21_soft_caution_overlay,artifacts_part2_g532/predictions/g532_final_consensus_tape.csv
2025-03-10,0,0.2133097990631369,0.3999558304615864,2.388368,1.873685,0.75,0.57396,0.494226,0.674817,0.5,0.6,0.788686,0.141963,0.24736,0.502654,1,ok,VOO,0.007223,0.007223,0.007223,0.0,0,0.065708,0.575115,0.200752,0.557414,part2a21_soft_caution_overlay,artifacts_part2_g532/predictions/g532_final_consensus_tape.csv
2025-03-11,0,0.2146571099919009,0.3939065577276344,1.252932,1.58175,0.75,0.572666,0.494152,0.523565,0.5,0.6,0.792384,0.142629,0.246119,0.503912,1,ok,VOO,0.007223,0.007223,0.007223,0.0,0,0.064286,0.578806,0.196539,0.549494,part2a21_soft_caution_overlay,artifacts_part2_g532/predictions/g532_final_consensus_tape.csv
2025-03-12,0,0.2148255503153219,0.3795437510922539,0.878284,1.506528,0.5,0.577307,0.494418,0.483291,0.5,0.6,0.779122,0.140242,0.256444,0.493638,1,ok,VOO,0.007223,0.007223,0.007223,0.0,0,0.071915,0.566829,0.210077,0.574945,part2a21_soft_caution_overlay,artifacts_part2_g532/predictions/g532_final_consensus_tape.csv
2025-03-13,0,0.2115669780765544,0.3865050519021045,1.665578,1.265598,0.75,0.57134,0.494077,0.359969,0.5,0.6,0.796172,0.143311,0.258759,0.491391,1,ok,VOO,0.007223,0.007223,0.007223,0.0,0,0.062614,0.582437,0.192358,0.541633,part2a21_soft_caution_overlay,artifacts_part2_g532/predictions/g532_final_consensus_tape.csv
2025-03-14,0,0.2154590584188913,0.4048369595136192,0.459182,1.001014,0.5,0.57241,0.494138,0.222352,0.5,0.6,0.793113,0.14276,0.290424,0.4626,1,ok,VOO,0.007223,0.007223,0.007223,0.0,0,0.071494,0.583551,0.191067,0.539205,part2a21_soft_caution_overlay,artifacts_part2_g532/predictions/g532_final_consensus_tape.csv
2025-03-17,0,0.2194836174320905,0.4224818903919063,1.058171,1.060977,0.5,0.572463,0.494141,0.253439,0.5,0.6,0.792964,0.142733,0.280419,0.471326,1,ok,VOO,0.002557,0.002557,0.002557,0.0,0,0.07323,0.5843,0.190197,0.53757,part2a21_soft_caution_overlay,artifacts_part2_g532/predictions/g532_final_consensus_tape.csv
2025-03-18,0,0.2145401237390905,0.406501475275699,1.716626,1.077993,0.75,0.573693,0.494211,0.261796,0.5,0.6,0.789449,0.142101,0.282689,0.469317,1,ok,VOO,0.002557,0.002557,0.002557,0.0,0,0.071827,0.579357,0.195907,0.548305,part2a21_soft_caution_overlay,artifacts_part2_g532/predictions/g532_final_consensus_tape.csv
2025-03-19,0,0.2252482145485875,0.648104986785096,0.798211,1.191003,0.5,0.573908,0.494223,0.320387,0.5,0.6,0.788834,0.14199,0.268561,0.482103,1,ok,VOO,0.002557,0.002557,0.002557,0.0,0,0.087336,0.615358,0.187141,0.531826,part2a21_soft_caution_overlay,artifacts_part2_g532/predictions/g532_final_consensus_tape.csv
2025-03-20,0,0.2271986722856619,0.6758447966385205,1.265369,1.260069,0.75,0.566347,0.493791,0.358762,0.5,0.6,0.810436,0.145878,0.256305,0.493774,1,ok,VOO,0.002557,0.002557,0.002557,0.0,0,0.078002,0.635312,0.163173,0.486764,part2a21_soft_caution_overlay,artifacts_part2_g532/predictions/g532_final_consensus_tape.csv
2025-03-21,0,0.2273296740563537,0.6810733154416857,1.058754,1.040778,0.5,0.563288,0.493616,0.246547,0.5,0.6,0.819177,0.147452,0.252624,0.49739,1,ok,VOO,0.002557,0.002557,0.002557,0.0,0,0.073717,0.642834,0.153788,0.469122,part2a21_soft_caution_overlay,artifacts_part2_g532/predictions/g532_final_consensus_tape.csv
2025-03-24,0,0.2309356101188797,0.6967756271293242,0.617474,0.980532,0.5,0.556772,0.493244,0.218071,0.5,0.6,0.837796,0.150803,0.213613,0.539243,1,ok,VOO,0.00266,0.00266,0.00266,0.0,0,0.067562,0.655304,0.131958,0.42808,part2a21_soft_caution_overlay,artifacts_part2_g532/predictions/g532_final_consensus_tape.csv
2025-03-25,0,0.2273085708691664,0.6340313018535442,1.111268,0.929166,0.5,0.557629,0.493293,0.19128,0.5,0.6,0.835347,0.150362,0.209712,0.543819,1,ok,VOO,0.00266,0.00266,0.00266,0.0,0,0.066517,0.653978,0.135978,0.435639,part2a21_soft_caution_overlay,artifacts_part2_g532/predictions/g532_final_consensus_tape.csv
2025-03-26,0,0.2271643815254542,0.6690688356815692,1.828742,1.185828,0.75,0.559759,0.493415,0.322676,0.5,0.6,0.829261,0.149267,0.218148,0.534019,1,ok,VOO,0.00266,0.00266,0.00266,0.0,0,0.06926,0.651542,0.142661,0.448203,part2a21_soft_caution_overlay,artifacts_part2_g532/predictions/g532_final_consensus_tape.csv
2025-03-27,0,0.2293882085059584,0.6846080450768293,1.363769,1.434593,0.75,0.556702,0.49324,0.451753,0.5,0.6,0.837993,0.150839,0.192385,0.565118,1,ok,VOO,0.00266,0.00266,0.00266,0.0,0,0.067699,0.655422,0.131601,0.427409,part2a21_soft_caution_overlay,artifacts_part2_g532/predictions/g532_final_consensus_tape.csv
2025-03-28,0,0.2258362247486386,0.6344334732006465,1.868463,1.686991,0.75,0.572122,0.494121,0.578288,0.5,0.6,0.793938,0.142909,0.215266,0.537328,1,ok,VOO,0.00266,0.00266,0.00266,0.0,0,0.086592,0.620933,0.180573,0.519476,part2a21_soft_caution_overlay,artifacts_part2_g532/predictions/g532_final_consensus_tape.csv
2025-03-31,0,0.2259613128935219,0.6338414745924249,0.924566,1.385599,0.75,0.569543,0.493974,0.422727,0.5,0.6,0.801307,0.144235,0.212071,0.541042,1,ok,VOO,0.004948,0.004948,0.004948,0.0,0,0.078107,0.625032,0.175682,0.510281,part2a21_soft_caution_overlay,artifacts_part2_g532/predictions/g532_final_consensus_tape.csv
2025-04-01,0,0.2250785405803393,0.6387630614603704,0.709891,1.16764,0.5,0.569495,0.493971,0.309838,0.5,0.6,0.801442,0.14426,0.204954,0.549506,1,ok,VOO,0.004948,0.004948,0.004948,0.0,0,0.081637,0.627005,0.173308,0.505819,part2a21_soft_caution_overlay,artifacts_part2_g532/predictions/g532_final_consensus_tape.csv
2025-04-02,0,0.2234247980706426,0.618539058424806,0.800365,0.811607,0.5,0.571687,0.494096,0.12442,0.5,0.6,0.795181,0.143133,0.204478,0.550081,1,ok,VOO,0.004948,0.004948,0.004948,0.0,0,0.084325,0.621192,0.180265,0.518899,part2a21_soft_caution_overlay,artifacts_part2_g532/predictions/g532_final_consensus_tape.csv
2025-04-03,0,0.2270363503347094,0.6322115119599498,2.190197,1.233485,0.75,0.578059,0.494461,0.341023,0.5,0.6,0.776975,0.139855,0.357974,0.411202,1,ok,VOO,0.004948,0.004948,0.004948,0.0,0,0.081707,0.598049,0.206966,0.569095,part2a21_soft_caution_overlay,artifacts_part2_g532/predictions/g532_final_consensus_tape.csv
2025-04-04,0,0.2205512745505365,0.580139137995137,1.965979,1.652181,0.75,0.59521,0.495441,0.554901,0.5,0.6,0.727971,0.131035,0.451224,0.356519,1,ok,VOO,0.004948,0.004948,0.004948,0.0,1,0.085239,0.575633,0.316095,0.61519,part2a21_soft_caution_overlay,artifacts_part2_g532/predictions/g532_final_consensus_tape.csv
2025-04-07,0,0.2213931564060902,0.6067281533039183,0.506386,1.554187,0.5,0.592892,0.495308,0.504059,0.5,0.6,0.734595,0.132227,0.422576,0.371705,1,ok,VOO,0.003716,0.003716,0.003716,0.0,1,0.089882,0.579272,0.295389,0.607861,part2a21_soft_caution_overlay,artifacts_part2_g532/predictions/g532_final_consensus_tape.csv
2025-04-08,0,0.2223434677972917,0.6288604996720459,1.066953,1.179773,0.75,0.576123,0.49435,0.313767,0.5,0.6,0.782506,0.140851,0.415431,0.375697,1,ok,VOO,0.003716,0.003716,0.003716,0.0,0,0.07759,0.602543,0.201899,0.55957,part2a21_soft_caution_overlay,artifacts_part2_g532/predictions/g532_final_consensus_tape.csv
2025-04-09,0,0.2239347881719319,0.6331446191912162,-0.44112,0.377406,0.5,0.578556,0.494489,0.0,0.5,0.6,0.775554,0.1396,0.681432,0.268404,0,weak_score,VOO,0.003716,0.003716,0.003716,0.0,0,0.088965,0.600309,0.204424,0.564317,part2a21_soft_caution_overlay,artifacts_part2_g532/predictions/g532_final_consensus_tape.csv
2025-04-10,0,0.2212306849683124,0.5920696538646161,2.182568,0.936133,0.75,0.587456,0.494997,0.182311,0.5,0.6,0.750126,0.135023,0.690872,0.265711,1,ok,VOO,0.003716,0.003716,0.003716,0.0,1,0.156673,0.686422,0.19748,0.551263,part2a21_soft_caution_overlay,artifacts_part2_g532/predictions/g532_final_consensus_tape.csv
2025-04-11,0,0.2265713872126616,0.6530449963075216,0.347682,0.696376,0.5,0.61257,0.496433,0.044402,0.5,0.6,0.678372,0.122107,0.696485,0.264135,1,ok,VOO,0.003716,0.003716,0.003716,0.0,1,0.096281,0.55705,0.423719,0.65,part2a21_soft_caution_overlay,artifacts_part2_g532/predictions/g532_final_consensus_tape.csv
2025-04-14,0,0.2260101157753075,0.6316322104006754,0.651261,1.060504,0.5,0.587592,0.495005,0.247286,0.5,0.6,0.749737,0.134953,0.696246,0.264202,1,ok,VOO,0.001323,0.001323,0.001323,0.0,1,0.097492,0.58703,0.251381,0.592041,part2a21_soft_caution_overlay,artifacts_part2_g532/predictions/g532_final_consensus_tape.csv
2025-04-15,0,0.2246806180116475,0.5548808553689745,0.885405,0.628116,0.5,0.601251,0.495786,0.014149,0.5,0.6,0.710712,0.127928,0.696176,0.264221,1,ok,VOO,0.001323,0.001323,0.001323,0.0,1,0.156715,0.661859,0.280693,0.602615,part2a21_soft_caution_overlay,artifacts_part2_g532/predictions/g532_final_consensus_tape.csv
2025-04-16,0,0.2249149463848515,0.6026324636831515,1.755266,1.097311,0.75,0.574649,0.494266,0.271463,0.5,0.6,0.786718,0.141609,0.70252,0.262462,1,ok,VOO,0.001323,0.001323,0.001323,0.0,0,0.082936,0.604188,0.192783,0.542433,part2a21_soft_caution_overlay,artifacts_part2_g532/predictions/g532_final_consensus_tape.csv
2025-04-17,0,0.2384255374364602,0.5510732045751636,0.929656,1.190109,0.75,0.5851,0.494863,0.315948,0.5,0.6,0.756857,0.136234,0.639473,0.281065,1,ok,VOO,0.001323,0.001323,0.001323,0.0,1,0.086085,0.581542,0.246682,0.590331,part2a21_soft_caution_overlay,artifacts_part2_g532/predictions/g532_final_consensus_tape.csv
2025-04-18,0,0.2362739942510807,0.5515515443298485,0.923558,1.202827,0.75,0.577204,0.494412,0.325372,0.5,0.6,0.779418,0.140295,0.538553,0.317036,1,ok,VOO,0.001323,0.001323,0.001323,0.0,0,0.082881,0.595364,0.202873,0.561401,part2a21_soft_caution_overlay,artifacts_part2_g532/predictions/g532_final_consensus_tape.csv
2025-04-21,0,0.2254664390304263,0.4884266814547611,1.70431,1.185841,0.75,0.595216,0.495441,0.310075,0.5,0.6,0.727953,0.131032,0.552135,0.311668,1,ok,VOO,0.001899,0.001899,0.001899,0.0,1,0.148721,0.661242,0.248379,0.590949,part2a21_soft_caution_overlay,artifacts_part2_g532/predictions/g532_final_consensus_tape.csv
2025-04-22,0,0.2306400194724938,0.5546433787843214,0.175977,0.934615,0.5,0.577988,0.494456,0.185549,0.5,0.6,0.777178,0.139892,0.556101,0.310135,1,ok,VOO,0.001899,0.001899,0.001899,0.0,0,0.088051,0.595469,0.202753,0.561176,part2a21_soft_caution_overlay,artifacts_part2_g532/predictions/g532_final_consensus_tape.csv
2025-04-23,0,0.2387088806305359,0.5847435289126225,0.379113,0.753134,0.5,0.573347,0.494191,0.093316,0.5,0.6,0.790437,0.142279,0.30164,0.453194,1,ok,VOO,0.001899,0.001899,0.001899,0.0,0,0.077299,0.605595,0.191154,0.53937,part2a21_soft_caution_overlay,artifacts_part2_g532/predictions/g532_final_consensus_tape.csv
2025-04-24,0,0.2324479018120249,0.6297518198406616,0.32543,0.293507,0.5,0.569069,0.493947,0.0,0.5,0.6,0.802659,0.144479,0.268798,0.481883,0,weak_score,VOO,0.001899,0.001899,0.001899,0.0,0,0.071235,0.616709,0.178079,0.514788,part2a21_soft_caution_overlay,artifacts_part2_g532/predictions/g532_final_consensus_tape.csv
2025-04-25,0,0.2347549747807077,0.6063689714283823,0.804744,0.503096,0.5,0.569741,0.493985,0.0,0.5,0.6,0.80074,0.144133,0.245294,0.504751,0,weak_score,VOO,0.001899,0.001899,0.001899,0.0,0,0.07923,0.618642,0.175766,0.510441,part2a21_soft_caution_overlay,artifacts_part2_g532/predictions/g532_final_consensus_tape.csv
2025-04-28,0,0.2388812813738667,0.6110195172068469,1.122583,0.750919,0.75,0.572895,0.494165,0.092379,0.5,0.6,0.79173,0.142511,0.246356,0.503671,1,ok,VOO,0.000995,0.000995,0.000995,0.0,0,0.076851,0.606888,0.189652,0.536546,part2a21_soft_caution_overlay,artifacts_part2_g532/predictions/g532_final_consensus_tape.csv
2025-04-29,0,0.2370191151419895,0.5574733475074046,0.908956,0.945427,0.5,0.572547,0.494146,0.193458,0.5,0.6,0.792722,0.14269,0.243686,0.506395,1,ok,VOO,0.000995,0.000995,0.000995,0.0,0,0.076211,0.607721,0.188681,0.534721,part2a21_soft_caution_overlay,artifacts_part2_g532/predictions/g532_final_consensus_tape.csv
2025-04-30,0,0.2336878897169139,0.6470648409421861,1.044525,1.025354,0.75,0.558581,0.493347,0.240429,0.5,0.6,0.832626,0.149873,0.188534,0.570082,1,ok,VOO,0.000995,0.000995,0.000995,0.0,0,0.06903,0.646937,0.138169,0.439758,part2a21_soft_caution_overlay,artifacts_part2_g532/predictions/g532_final_consensus_tape.csv
2025-05-01,0,0.2368528393376726,0.6238580809452096,0.718448,0.890643,0.5,0.566551,0.493803,0.167624,0.5,0.6,0.809855,0.145774,0.192024,0.565581,1,ok,VOO,0.000995,0.000995,0.000995,0.0,0,0.074969,0.626816,0.165852,0.491802,part2a21_soft_caution_overlay,artifacts_part2_g532/predictions/g532_final_consensus_tape.csv
2025-05-02,0,0.2356653837708629,0.6417982660929006,0.788213,0.850395,0.5,0.564449,0.493683,0.147734,0.5,0.6,0.815859,0.146855,0.205466,0.548888,1,ok,VOO,0.000995,0.000995,0.000995,0.0,0,0.078271,0.635126,0.155537,0.472409,part2a21_soft_caution_overlay,artifacts_part2_g532/predictions/g532_final_consensus_tape.csv
2025-05-05,0,0.2354145673146462,0.623448032091826,1.440564,0.982409,0.75,0.557335,0.493276,0.21881,0.5,0.6,0.836186,0.150513,0.161599,0.607387,1,ok,VOO,0.003001,0.003001,0.003001,0.0,0,0.071419,0.649043,0.131784,0.427754,part2a21_soft_caution_overlay,artifacts_part2_g532/predictions/g532_final_consensus_tape.csv
2025-05-06,0,0.236695990293775,0.6401972003266655,1.512688,1.247155,0.75,0.555514,0.493172,0.355694,0.5,0.6,0.84139,0.15145,0.162829,0.605578,1,ok,VOO,0.003001,0.003001,0.003001,0.0,0,0.06594,0.650287,0.128013,0.420664,part2a21_soft_caution_overlay,artifacts_part2_g532/predictions/g532_final_consensus_tape.csv
2025-05-07,0,0.2376486753979174,0.6521386598478601,1.090298,1.34785,0.5,0.55519,0.493154,0.407577,0.75,1.0,0.842313,0.631735,0.15353,0.619533,1,ok,VOO,0.003001,0.003001,0.003001,0.0,0,0.065738,0.650665,0.126866,0.418508,part2a21_soft_caution_overlay,artifacts_part2_g532/predictions/g532_final_consensus_tape.csv
2025-05-08,0,0.2352089138561189,0.6395203574729141,1.043776,1.215588,0.5,0.557448,0.493283,0.338802,0.75,1.0,0.835863,0.626898,0.151581,0.62254,1,ok,VOO,0.003001,0.003001,0.003001,0.0,0,0.067995,0.648196,0.134351,0.43258,part2a21_soft_caution_overlay,artifacts_part2_g532/predictions/g532_final_consensus_tape.csv
2025-05-09,0,0.2306017328029151,0.6239528842594607,1.395032,1.176369,0.75,0.551285,0.492931,0.320767,0.75,1.0,0.853472,0.640104,0.154227,0.618464,1,ok,VOO,0.003001,0.003001,0.003001,0.0,0,0.063418,0.65526,0.112934,0.392315,part2a21_soft_caution_overlay,artifacts_part2_g532/predictions/g532_final_consensus_tape.csv
2025-05-12,0,0.2327589744976357,0.6053222051124415,0.378695,0.939168,0.5,0.564446,0.493683,0.1936,0.75,1.0,0.81587,0.611902,0.232559,0.518071,1,ok,VOO,0.009206,0.009206,0.009206,0.0,0,0.080819,0.636394,0.153942,0.469411,part2a21_soft_caution_overlay,artifacts_part2_g532/predictions/g532_final_consensus_tape.csv
2025-05-13,0,0.2324675782206911,0.6066493247647494,1.269174,1.014301,0.5,0.577601,0.494434,0.227164,0.75,1.0,0.778282,0.583712,0.231102,0.51964,1,ok,VOO,0.009206,0.009206,0.009206,0.0,0,0.145057,0.706778,0.165898,0.491888,part2a21_soft_caution_overlay,artifacts_part2_g532/predictions/g532_final_consensus_tape.csv
2025-05-14,0,0.2282592001694067,0.483281012897899,1.5659,1.071256,0.5,0.565987,0.493771,0.261255,0.75,1.0,0.811467,0.6086,0.226586,0.524565,1,ok,VOO,0.009206,0.009206,0.009206,0.0,0,0.049927,0.538675,0.179154,0.51681,part2a21_soft_caution_overlay,artifacts_part2_g532/predictions/g532_final_consensus_tape.csv
2025-05-15,0,0.2272492539355673,0.4675697573561606,1.644333,1.493136,0.5,0.563033,0.493602,0.480185,0.75,1.0,0.819906,0.614929,0.231057,0.519689,1,ok,VOO,0.009206,0.009206,0.009206,0.0,0,0.049038,0.547861,0.168082,0.495994,part2a21_soft_caution_overlay,artifacts_part2_g532/predictions/g532_final_consensus_tape.csv
2025-05-16,0,0.2281946476371104,0.4961568475127511,1.545942,1.585392,0.5,0.5662,0.493783,0.527041,0.75,1.0,0.810856,0.608142,0.217641,0.534598,1,ok,VOO,0.009206,0.009206,0.009206,0.0,0,0.047202,0.536543,0.181685,0.521568,part2a21_soft_caution_overlay,artifacts_part2_g532/predictions/g532_final_consensus_tape.csv
2025-05-19,0,0.2270761911390275,0.4660596854090411,1.636999,1.609092,0.5,0.562804,0.493589,0.540104,0.75,1.0,0.820559,0.61542,0.213254,0.539661,1,ok,VOO,0.026907,0.026907,0.026907,0.0,0,0.051563,0.549876,0.165616,0.491357,part2a21_soft_caution_overlay,artifacts_part2_g532/predictions/g532_final_consensus_tape.csv
2025-05-20,0,0.2265856799568862,0.4520442984635665,1.787391,1.656777,0.75,0.563401,0.493623,0.564586,0.75,1.0,0.818855,0.614141,0.197413,0.558768,1,ok,VOO,0.026907,0.026907,0.026907,0.0,0,0.048706,0.546504,0.169735,0.499101,part2a21_soft_caution_overlay,artifacts_part2_g532/predictions/g532_final_consensus_tape.csv
2025-05-21,0,0.2283441821829604,0.487141660669562,2.119384,1.847925,0.75,0.565059,0.493718,0.663,0.75,1.0,0.814117,0.610588,0.214043,0.538743,1,ok,VOO,0.026907,0.026907,0.026907,0.0,0,0.049764,0.541644,0.175605,0.510137,part2a21_soft_caution_overlay,artifacts_part2_g532/predictions/g532_final_consensus_tape.csv
2025-05-22,0,0.2281473176550361,0.4785967490477751,1.603026,1.8366,0.5,0.563233,0.493613,0.65747,0.75,1.0,0.819336,0.614502,0.212387,0.540673,1,ok,VOO,0.026907,0.026907,0.026907,0.0,0,0.047308,0.546336,0.169939,0.499486,part2a21_soft_caution_overlay,artifacts_part2_g532/predictions/g532_final_consensus_tape.csv
2025-05-23,0,0.2292442390386883,0.5122286514533357,1.897638,1.873349,0.75,0.565663,0.493752,0.676038,0.75,1.0,0.812391,0.609293,0.221666,0.530036,1,ok,VOO,0.026907,0.026907,0.026907,0.0,0,0.047722,0.538596,0.179248,0.516986,part2a21_soft_caution_overlay,artifacts_part2_g532/predictions/g532_final_consensus_tape.csv
2025-05-26,0,0.2287826037916035,0.4955068802089657,1.610058,1.703574,0.75,0.565264,0.493729,0.588354,0.65,0.6,0.813532,0.317277,0.095127,0.72437,0,high_risk_veto,FLAT,0.0,0.0,0.0,0.0,0,0.050122,0.541157,0.176189,0.511235,part2a21_soft_caution_overlay,artifacts_part2_g532/predictions/g532_final_consensus_tape.csv
2025-05-27,0,0.2281591501201899,0.4835970938305665,0.94575,1.484482,0.5,0.564245,0.493671,0.475389,0.65,0.6,0.816442,0.318413,0.122539,0.67107,0,high_risk_veto,FLAT,0.0,0.0,0.0,0.0,0,0.05013,0.544492,0.172175,0.503689,part2a21_soft_caution_overlay,artifacts_part2_g532/predictions/g532_final_consensus_tape.csv
2025-05-28,0,0.228935852868561,0.4994402489435544,1.815419,1.457076,0.75,0.565996,0.493771,0.460743,0.65,0.6,0.81144,0.316462,0.120339,0.675057,0,high_risk_veto,FLAT,0.0,0.0,0.0,0.0,0,0.049646,0.538498,0.179365,0.517207,part2a21_soft_caution_overlay,artifacts_part2_g532/predictions/g532_final_consensus_tape.csv
2025-05-29,0,0.2279584123050059,0.4710435707373913,1.547564,1.436244,0.5,0.561421,0.49351,0.45127,0.65,0.6,0.824512,0.32156,0.120204,0.675304,0,high_risk_veto,FLAT,0.0,0.0,0.0,0.0,0,0.049389,0.553198,0.161519,0.483656,part2a21_soft_caution_overlay,artifacts_part2_g532/predictions/g532_final_consensus_tape.csv
2025-05-30,0,0.2265314259736957,0.434205464215582,1.635762,1.666248,0.75,0.562348,0.493563,0.56971,0.65,0.6,0.821864,0.320527,0.115366,0.684246,0,high_risk_veto,FLAT,0.0,0.0,0.0,0.0,0,0.049202,0.550147,0.165283,0.490731,part2a21_soft_caution_overlay,artifacts_part2_g532/predictions/g532_final_consensus_tape.csv
2025-06-02,0,0.2270612610957081,0.440120841316824,1.36579,1.516372,0.5,0.567643,0.493865,0.49097,0.65,0.6,0.806735,0.314627,0.12678,0.663517,0,high_risk_veto,FLAT,0.0,0.0,0.0,0.0,0,0.04567,0.530907,0.18831,0.534023,part2a21_soft_caution_overlay,artifacts_part2_g532/predictions/g532_final_consensus_tape.csv
2025-06-03,0,0.2282927239389328,0.4871455171388428,1.455032,1.485528,0.5,0.564548,0.493688,0.475847,0.65,0.6,0.815577,0.318075,0.131452,0.65539,0,high_risk_veto,FLAT,0.0,0.0,0.0,0.0,0,0.050114,0.543496,0.173377,0.505949,part2a21_soft_caution_overlay,artifacts_part2_g532/predictions/g532_final_consensus_tape.csv
2025-06-04,0,0.2266426550981982,0.4518887153531699,1.60636,1.475727,0.5,0.560911,0.493481,0.471776,0.75,1.0,0.825967,0.619475,0.127579,0.662113,1,ok,FLAT,0.0,0.0,0.0,0.0,0,0.048812,0.554525,0.159873,0.48056,part2a21_soft_caution_overlay,artifacts_part2_g532/predictions/g532_final_consensus_tape.csv
2025-06-05,0,0.2284000038244324,0.4962851216385591,1.901265,1.654219,0.75,0.565227,0.493727,0.562852,0.75,1.0,0.813637,0.610228,0.126558,0.663909,1,ok,FLAT,0.0,0.0,0.0,0.0,0,0.048901,0.540647,0.1768,0.512385,part2a21_soft_caution_overlay,artifacts_part2_g532/predictions/g532_final_consensus_tape.csv
2025-06-06,0,0.2269665807371112,0.4538204736797675,1.419105,1.642243,0.5,0.562375,0.493564,0.557315,0.75,1.0,0.821786,0.61634,0.140092,0.640874,1,ok,FLAT,0.0,0.0,0.0,0.0,0,0.052242,0.551591,0.163505,0.48739,part2a21_soft_caution_overlay,artifacts_part2_g532/predictions/g532_final_consensus_tape.csv
2025-06-09,0,0.2271442981590238,0.4646321941590003,1.664983,1.661784,0.5,0.559273,0.493387,0.568092,0.75,1.0,0.830648,0.622986,0.140636,0.639982,1,ok,VOO,0.033975,0.033975,0.033975,0.0,0,0.05335,0.561892,0.150611,0.46315,part2a21_soft_caution_overlay,artifacts_part2_g532/predictions/g532_final_consensus_tape.csv
2025-06-10,0,0.2296603842770938,0.5367540302697345,1.519329,1.534472,0.5,0.562841,0.493591,0.501576,0.75,1.0,0.820455,0.615342,0.121182,0.673524,1,ok,VOO,0.033975,0.033975,0.033975,0.0,0,0.056757,0.552374,0.16254,0.485574,part2a21_soft_caution_overlay,artifacts_part2_g532/predictions/g532_final_consensus_tape.csv
2025-06-11,0,0.2266995086152567,0.6785389012433418,1.773285,1.652532,0.75,0.560596,0.493463,0.563027,0.75,1.0,0.826868,0.620151,0.12721,0.66276,1,ok,VOO,0.033975,0.033975,0.033975,0.0,0,0.075678,0.61835,0.141979,0.446921,part2a21_soft_caution_overlay,artifacts_part2_g532/predictions/g532_final_consensus_tape.csv
2025-06-12,0,0.2166088673048551,0.5656864531329638,1.531878,1.608164,0.5,0.562007,0.493543,0.539815,0.75,1.0,0.822837,0.617127,0.127331,0.662549,1,ok,VOO,0.033975,0.033975,0.033975,0.0,0,0.076092,0.61431,0.147275,0.456877,part2a21_soft_caution_overlay,artifacts_part2_g532/predictions/g532_final_consensus_tape.csv
2025-06-13,0,0.2039875816630265,0.4974044045846466,1.967076,1.757413,0.75,0.576248,0.494357,0.61399,0.75,1.0,0.78215,0.586612,0.13273,0.653201,1,ok,VOO,0.033975,0.033975,0.033975,0.0,0,0.116566,0.669252,0.178231,0.515074,part2a21_soft_caution_overlay,artifacts_part2_g532/predictions/g532_final_consensus_tape.csv
2025-06-16,0,0.2073336371983742,0.5081649377681047,1.264967,1.587974,0.5,0.562987,0.493599,0.529158,0.75,1.0,0.820038,0.615028,0.139099,0.642509,1,ok,VOO,0.031365,0.031365,0.031365,0.0,0,0.076208,0.611343,0.151059,0.46399,part2a21_soft_caution_overlay,artifacts_part2_g532/predictions/g532_final_consensus_tape.csv
2025-06-17,0,0.2113420605795213,0.562094831115364,1.908141,1.713395,0.75,0.572851,0.494163,0.59183,0.75,1.0,0.791855,0.593891,0.154369,0.618247,1,ok,VOO,0.031365,0.031365,0.031365,0.0,0,0.073151,0.577731,0.191773,0.540533,part2a21_soft_caution_overlay,artifacts_part2_g532/predictions/g532_final_consensus_tape.csv
2025-06-18,0,0.2092579911962058,0.5448735080123123,1.621051,1.598053,0.75,0.5638,0.493646,0.534167,0.75,1.0,0.817715,0.613286,0.148661,0.627099,1,ok,VOO,0.031365,0.031365,0.031365,0.0,0,0.071231,0.606355,0.157343,0.475806,part2a21_soft_caution_overlay,artifacts_part2_g532/predictions/g532_final_consensus_tape.csv
2025-06-19,0,0.2083331619393432,0.545933686634971,1.615005,1.714732,0.75,0.563844,0.493648,0.594419,0.75,1.0,0.817588,0.613191,0.14826,0.62773,1,ok,VOO,0.031365,0.031365,0.031365,0.0,0,0.074381,0.607773,0.155566,0.472464,part2a21_soft_caution_overlay,artifacts_part2_g532/predictions/g532_final_consensus_tape.csv
2025-06-20,0,0.2081033766261477,0.4639919467891871,1.777324,1.671127,0.75,0.567157,0.493838,0.571164,0.75,1.0,0.808123,0.606092,0.111053,0.69242,1,ok,VOO,0.031365,0.031365,0.031365,0.0,0,0.078032,0.599088,0.16634,0.492719,part2a21_soft_caution_overlay,artifacts_part2_g532/predictions/g532_final_consensus_tape.csv
2025-06-23,0,0.2155358303597074,0.5884441316483991,1.307086,1.566471,0.5,0.564369,0.493678,0.517714,0.75,1.0,0.816088,0.612066,0.118962,0.677576,1,ok,VOO,0.032206,0.032206,0.032206,0.0,0,0.072329,0.605105,0.158904,0.47874,part2a21_soft_caution_overlay,artifacts_part2_g532/predictions/g532_final_consensus_tape.csv
2025-06-24,0,0.2359776931627782,0.7276825380223522,1.204374,1.429594,0.5,0.559657,0.493409,0.448342,0.75,1.0,0.829551,0.622163,0.124166,0.668152,1,ok,VOO,0.032206,0.032206,0.032206,0.0,0,0.06802,0.617608,0.14303,0.448897,part2a21_soft_caution_overlay,artifacts_part2_g532/predictions/g532_final_consensus_tape.csv
2025-06-25,0,0.2268036492465953,0.6344967133203512,1.562604,1.358021,0.5,0.564165,0.493667,0.410085,0.75,1.0,0.81667,0.612503,0.119064,0.677389,1,ok,VOO,0.032206,0.032206,0.032206,0.0,0,0.078153,0.608628,0.154491,0.470443,part2a21_soft_caution_overlay,artifacts_part2_g532/predictions/g532_final_consensus_tape.csv
2025-06-26,0,0.2329355254100246,0.7107617182191611,1.370204,1.37906,0.5,0.562915,0.493595,0.421326,0.75,1.0,0.820242,0.615182,0.120809,0.674201,1,ok,VOO,0.032206,0.032206,0.032206,0.0,0,0.074608,0.610782,0.151769,0.465326,part2a21_soft_caution_overlay,artifacts_part2_g532/predictions/g532_final_consensus_tape.csv
2025-06-27,0,0.2358979034391686,0.7259321470589635,1.531682,1.488163,0.5,0.567859,0.493878,0.476313,0.5,0.6,0.806117,0.145101,0.116151,0.682779,1,ok,VOO,0.032206,0.032206,0.032206,0.0,0,0.075025,0.595292,0.170967,0.501417,part2a21_soft_caution_overlay,artifacts_part2_g532/predictions/g532_final_consensus_tape.csv
2025-06-30,0,0.2393295686200571,0.7498184303127792,1.453725,1.45187,0.5,0.55993,0.493425,0.459747,0.5,0.6,0.828773,0.149179,0.100692,0.712877,1,ok,VOO,0.007334,0.007334,0.007334,0.0,0,0.072249,0.618515,0.141481,0.445984,part2a21_soft_caution_overlay,artifacts_part2_g532/predictions/g532_final_consensus_tape.csv
2025-07-01,0,0.2332619872168004,0.7039533661267265,1.893849,1.626419,0.75,0.559929,0.493425,0.549717,0.5,0.6,0.828773,0.149179,0.061083,0.803644,1,ok,VOO,0.007334,0.007334,0.007334,0.0,0,0.0728,0.618628,0.141138,0.44534,part2a21_soft_caution_overlay,artifacts_part2_g532/predictions/g532_final_consensus_tape.csv
2025-07-02,0,0.2188812323090151,0.5469413108693979,1.475336,1.607636,0.5,0.559773,0.493416,0.540073,0.5,0.6,0.829221,0.14926,0.061229,0.803266,1,ok,VOO,0.007334,0.007334,0.007334,0.0,0,0.077647,0.619821,0.137519,0.438535,part2a21_soft_caution_overlay,artifacts_part2_g532/predictions/g532_final_consensus_tape.csv
2025-07-03,0,0.2106321214474002,0.4531579642496758,1.410624,1.59327,0.5,0.55773,0.493299,0.533159,0.5,0.6,0.835058,0.15031,0.072678,0.774766,0,high_risk_veto,VOO,0.007334,0.007334,0.007334,0.0,0,0.076123,0.622162,0.130423,0.425195,part2a21_soft_caution_overlay,artifacts_part2_g532/predictions/g532_final_consensus_tape.csv
2025-07-04,0,0.2177222737367585,0.5664140545419033,1.713472,1.533144,0.75,0.55573,0.493185,0.502715,0.5,0.6,0.840772,0.151339,0.063947,0.796312,0,high_risk_veto,VOO,0.007334,0.007334,0.007334,0.0,0,0.072111,0.623938,0.125039,0.415073,part2a21_soft_caution_overlay,artifacts_part2_g532/predictions/g532_final_consensus_tape.csv
2025-07-07,0,0.1986881577688643,0.3560310265779798,1.95134,1.691812,0.75,0.568762,0.493929,0.581518,0.5,0.6,0.803537,0.144637,0.078563,0.760889,0,high_risk_veto,FLAT,0.0,0.0,0.0,0.0,0,0.123644,0.69656,0.144384,0.451442,part2a21_soft_caution_overlay,artifacts_part2_g532/predictions/g532_final_consensus_tape.csv
2025-07-08,0,0.2078655490141637,0.4289668025402334,1.744261,1.803024,0.75,0.564034,0.493659,0.639986,0.5,0.6,0.817047,0.147068,0.076374,0.765991,0,high_risk_veto,FLAT,0.0,0.0,0.0,0.0,0,0.083351,0.611585,0.150751,0.463412,part2a21_soft_caution_overlay,artifacts_part2_g532/predictions/g532_final_consensus_tape.csv
2025-07-09,0,0.2217058633294298,0.6702002499937446,1.513078,1.736226,0.5,0.555088,0.493148,0.607296,0.5,0.6,0.842605,0.151669,0.075773,0.767405,0,high_risk_veto,FLAT,0.0,0.0,0.0,0.0,0,0.041667,0.553187,0.141384,0.445803,part2a21_soft_caution_overlay,artifacts_part2_g532/predictions/g532_final_consensus_tape.csv
2025-07-10,0,0.2189716097362613,0.6492811350851019,1.727152,1.661497,0.75,0.557247,0.493271,0.568395,0.5,0.6,0.836437,0.150559,0.07546,0.768144,0,high_risk_veto,FLAT,0.0,0.0,0.0,0.0,0,0.040221,0.546206,0.150776,0.463459,part2a21_soft_caution_overlay,artifacts_part2_g532/predictions/g532_final_consensus_tape.csv
2025-07-11,0,0.20477234421284,0.5807565423324795,1.768558,1.669596,0.75,0.561591,0.493519,0.571606,0.5,0.6,0.824027,0.148325,0.071066,0.778657,0,high_risk_veto,FLAT,0.0,0.0,0.0,0.0,0,0.076332,0.630343,0.145487,0.453516,part2a21_soft_caution_overlay,artifacts_part2_g532/predictions/g532_final_consensus_tape.csv
2025-07-14,0,0.2042939179240226,0.5586970876234781,1.616749,1.704153,0.5,0.562136,0.493551,0.589318,0.5,0.6,0.822469,0.148045,0.070745,0.779435,0,high_risk_veto,FLAT,0.0,0.0,0.0,0.0,0,0.081232,0.631036,0.144595,0.451839,part2a21_soft_caution_overlay,artifacts_part2_g532/predictions/g532_final_consensus_tape.csv
2025-07-15,0,0.2003726961117862,0.5584221460568407,1.713893,1.699733,0.5,0.565769,0.493758,0.586261,0.5,0.6,0.812089,0.146176,0.072005,0.776384,0,high_risk_veto,FLAT,0.0,0.0,0.0,0.0,0,0.088327,0.623264,0.154496,0.470452,part2a21_soft_caution_overlay,artifacts_part2_g532/predictions/g532_final_consensus_tape.csv
2025-07-16,0,0.1970719573570006,0.5302725580888288,1.672994,1.667879,0.5,0.565376,0.493736,0.56988,0.5,0.6,0.813211,0.146378,0.068045,0.786053,0,high_risk_veto,FLAT,0.0,0.0,0.0,0.0,0,0.081993,0.621369,0.156876,0.474927,part2a21_soft_caution_overlay,artifacts_part2_g532/predictions/g532_final_consensus_tape.csv
2025-07-17,0,0.2087255941092978,0.6056857907887879,1.519499,1.635462,0.5,0.557219,0.49327,0.555,0.65,0.6,0.836518,0.326242,0.045479,0.846083,0,high_risk_veto,FLAT,0.0,0.0,0.0,0.0,0,0.042773,0.547536,0.149082,0.460275,part2a21_soft_caution_overlay,artifacts_part2_g532/predictions/g532_final_consensus_tape.csv
2025-07-18,0,0.2157306513972317,0.6511936613638735,1.779826,1.657439,0.75,0.555486,0.493171,0.566699,0.65,0.6,0.841468,0.328173,0.050069,0.833141,0,high_risk_veto,FLAT,0.0,0.0,0.0,0.0,0,0.043267,0.552998,0.141958,0.446881,part2a21_soft_caution_overlay,artifacts_part2_g532/predictions/g532_final_consensus_tape.csv
2025-07-21,0,0.2195866506021625,0.6457269004830488,1.582197,1.627174,0.5,0.555592,0.493177,0.551109,0.65,0.6,0.841165,0.328054,0.042127,0.855792,0,high_risk_veto,FLAT,0.0,0.0,0.0,0.0,0,0.042829,0.552544,0.142647,0.448176,part2a21_soft_caution_overlay,artifacts_part2_g532/predictions/g532_final_consensus_tape.csv
2025-07-22,0,0.2282000947561318,0.6857894234476752,1.913502,1.758508,0.75,0.557703,0.493297,0.61824,0.65,0.6,0.835136,0.325703,0.046356,0.843581,0,high_risk_veto,FLAT,0.0,0.0,0.0,0.0,0,0.041103,0.545223,0.152022,0.465802,part2a21_soft_caution_overlay,artifacts_part2_g532/predictions/g532_final_consensus_tape.csv
2025-07-23,0,0.2244512303533907,0.6897779447500204,1.580593,1.692097,0.5,0.555407,0.493166,0.584539,0.65,0.6,0.841695,0.328261,0.073761,0.772174,0,high_risk_veto,FLAT,0.0,0.0,0.0,0.0,0,0.039145,0.551342,0.144201,0.451098,part2a21_soft_caution_overlay,artifacts_part2_g532/predictions/g532_final_consensus_tape.csv
2025-07-24,0,0.2209536679938018,0.685267307454596,1.647365,1.71382,0.5,0.554242,0.4931,0.595952,0.65,0.6,0.845022,0.329558,0.073215,0.77348,0,high_risk_veto,FLAT,0.0,0.0,0.0,0.0,0,0.040902,0.554128,0.13853,0.440436,part2a21_soft_caution_overlay,artifacts_part2_g532/predictions/g532_final_consensus_tape.csv
2025-07-25,0,0.2226692630649469,0.6649410080513036,1.607172,1.61171,0.5,0.554204,0.493097,0.543483,0.65,0.6,0.845132,0.329602,0.073143,0.77365,0,high_risk_veto,FLAT,0.0,0.0,0.0,0.0,0,0.039852,0.553964,0.139028,0.441373,part2a21_soft_caution_overlay,artifacts_part2_g532/predictions/g532_final_consensus_tape.csv
2025-07-28,0,0.2165875433014596,0.6615297252446625,1.609023,1.621186,0.5,0.556869,0.49325,0.547733,0.65,0.6,0.837518,0.326632,0.073061,0.773847,0,high_risk_veto,FLAT,0.0,0.0,0.0,0.0,0,0.044998,0.549691,0.146326,0.455093,part2a21_soft_caution_overlay,artifacts_part2_g532/predictions/g532_final_consensus_tape.csv
2025-07-29,0,0.2231281622853993,0.6791071500458438,1.732559,1.649584,0.75,0.556877,0.49325,0.562346,0.65,0.6,0.837493,0.326622,0.0909,0.733353,0,high_risk_veto,FLAT,0.0,0.0,0.0,0.0,0,0.043413,0.548897,0.147343,0.457005,part2a21_soft_caution_overlay,artifacts_part2_g532/predictions/g532_final_consensus_tape.csv
2025-07-30,0,0.2174962462279751,0.6621174494188597,1.655909,1.66583,0.5,0.555891,0.493194,0.570924,0.65,0.6,0.84031,0.327721,0.091181,0.732749,0,high_risk_veto,FLAT,0.0,0.0,0.0,0.0,0,0.039938,0.550243,0.145616,0.453758,part2a21_soft_caution_overlay,artifacts_part2_g532/predictions/g532_final_consensus_tape.csv
2025-07-31,0,0.2049127821691919,0.6059611317921618,1.789149,1.725872,0.75,0.567159,0.493838,0.599487,0.65,0.6,0.808117,0.315166,0.089691,0.735962,0,high_risk_veto,FLAT,0.0,0.0,0.0,0.0,0,0.081791,0.615618,0.164018,0.488354,part2a21_soft_caution_overlay,artifacts_part2_g532/predictions/g532_final_consensus_tape.csv
2025-08-01,0,0.1937635409694685,0.5520894266850567,2.13107,1.858709,0.75,0.567628,0.493864,0.668133,0.75,1.0,0.806779,0.605084,0.166944,0.599601,1,ok,FLAT,0.0,0.0,0.0,0.0,0,0.068024,0.607094,0.174395,0.507862,part2a21_soft_caution_overlay,artifacts_part2_g532/predictions/g532_final_consensus_tape.csv
2025-08-04,0,0.2075132695791413,0.6217822155833193,0.988399,1.636206,0.5,0.566865,0.493821,0.553164,0.75,0.6,0.808956,0.36403,0.186209,0.57312,1,ok,VOO,0.017311,0.017311,0.017311,0.0,0,0.026349,0.507634,0.197228,0.550788,part2a21_soft_caution_overlay,artifacts_part2_g532/predictions/g532_final_consensus_tape.csv
2025-08-05,0,0.208822645049261,0.6104775622339715,1.755423,1.624964,0.75,0.56093,0.493482,0.548734,0.75,1.0,0.825915,0.619436,0.186643,0.57255,1,ok,VOO,0.017311,0.017311,0.017311,0.0,0,0.034089,0.531493,0.16907,0.497852,part2a21_soft_caution_overlay,artifacts_part2_g532/predictions/g532_final_consensus_tape.csv
2025-08-06,0,0.2144601094805398,0.6151312165796154,1.176344,1.306722,0.5,0.575212,0.494298,0.380047,0.75,1.0,0.785108,0.588831,0.179775,0.581699,1,ok,VOO,0.017311,0.017311,0.017311,0.0,0,0.134224,0.776273,0.163211,0.486837,part2a21_soft_caution_overlay,artifacts_part2_g532/predictions/g532_final_consensus_tape.csv
2025-08-07,0,0.2200979048744695,0.6753862338317845,1.527385,1.486384,0.5,0.564255,0.493672,0.476369,0.75,1.0,0.816413,0.61231,0.17887,0.582927,1,ok,VOO,0.017311,0.017311,0.017311,0.0,0,0.117328,0.796756,0.130564,0.42546,part2a21_soft_caution_overlay,artifacts_part2_g532/predictions/g532_final_consensus_tape.csv
2025-08-08,0,0.2249298898254354,0.7253743043984006,1.345047,1.349592,0.5,0.574799,0.494274,0.402448,0.75,1.0,0.786289,0.589717,0.187945,0.570848,1,ok,VOO,0.017311,0.017311,0.017311,0.0,0,0.14657,0.783712,0.153932,0.469392,part2a21_soft_caution_overlay,artifacts_part2_g532/predictions/g532_final_consensus_tape.csv
2025-08-11,0,0.2202914070856813,0.6770997431935243,1.702431,1.524954,0.75,0.568466,0.493912,0.495196,0.75,1.0,0.804384,0.603288,0.187299,0.571692,1,ok,VOO,0.025619,0.025619,0.025619,0.0,0,0.132149,0.794321,0.137946,0.439338,part2a21_soft_caution_overlay,artifacts_part2_g532/predictions/g532_final_consensus_tape.csv
2025-08-12,0,0.2261926641682622,0.7486541077240872,1.285743,1.444407,0.5,0.5662,0.493783,0.454135,0.75,1.0,0.810856,0.608142,0.191004,0.566888,1,ok,VOO,0.025619,0.025619,0.025619,0.0,0,0.124674,0.795733,0.133665,0.431289,part2a21_soft_caution_overlay,artifacts_part2_g532/predictions/g532_final_consensus_tape.csv
2025-08-13,0,0.226979271088862,0.7516002842557411,1.691502,1.559892,0.75,0.563805,0.493646,0.514456,0.75,1.0,0.817701,0.613276,0.190793,0.56716,1,ok,VOO,0.025619,0.025619,0.025619,0.0,0,0.117325,0.79734,0.128792,0.422129,part2a21_soft_caution_overlay,artifacts_part2_g532/predictions/g532_final_consensus_tape.csv
2025-08-14,0,0.2228291980660716,0.7086020928597727,1.668004,1.548416,0.75,0.567965,0.493884,0.507471,0.75,1.0,0.805814,0.604361,0.189144,0.569289,1,ok,VOO,0.025619,0.025619,0.025619,0.0,0,0.131464,0.794831,0.1364,0.436433,part2a21_soft_caution_overlay,artifacts_part2_g532/predictions/g532_final_consensus_tape.csv
2025-08-15,0,0.2175206359784101,0.6108642299072302,1.761855,1.70712,0.75,0.560163,0.493438,0.591265,0.65,0.6,0.828106,0.322961,0.098868,0.716604,0,high_risk_veto,VOO,0.025619,0.025619,0.025619,0.0,0,0.114333,0.801455,0.116315,0.398672,part2a21_soft_caution_overlay,artifacts_part2_g532/predictions/g532_final_consensus_tape.csv
2025-08-18,0,0.2190091782726059,0.6319632097136364,1.640231,1.69003,0.75,0.556521,0.49323,0.583237,0.65,0.6,0.838511,0.327019,0.083144,0.750427,0,high_risk_veto,FLAT,0.0,0.0,0.0,0.0,0,0.107317,0.804748,0.106331,0.379902,part2a21_soft_caution_overlay,artifacts_part2_g532/predictions/g532_final_consensus_tape.csv
2025-08-19,0,0.2160972372162131,0.6289405569972714,1.977986,1.793358,0.75,0.573841,0.49422,0.633134,0.65,0.6,0.789025,0.30772,0.09362,0.727548,0,high_risk_veto,FLAT,0.0,0.0,0.0,0.0,0,0.149735,0.788226,0.148202,0.458619,part2a21_soft_caution_overlay,artifacts_part2_g532/predictions/g532_final_consensus_tape.csv
2025-08-20,0,0.2150131355677895,0.6076508163897086,1.675793,1.76467,0.75,0.576633,0.494379,0.617686,0.65,0.6,0.78105,0.304609,0.092145,0.730685,0,high_risk_veto,FLAT,0.0,0.0,0.0,0.0,0,0.153314,0.781295,0.156968,0.4751,part2a21_soft_caution_overlay,artifacts_part2_g532/predictions/g532_final_consensus_tape.csv
2025-08-21,0,0.2133567530060585,0.6004343796499921,1.636672,1.763484,0.75,0.576643,0.49438,0.617067,0.65,0.6,0.78102,0.304598,0.092624,0.729663,0,high_risk_veto,FLAT,0.0,0.0,0.0,0.0,0,0.152571,0.780894,0.15747,0.476044,part2a21_soft_caution_overlay,artifacts_part2_g532/predictions/g532_final_consensus_tape.csv
2025-08-22,0,0.2189783968841078,0.639417313978794,1.070873,1.461113,0.5,0.567291,0.493845,0.462471,0.65,0.6,0.80774,0.315019,0.091826,0.731365,0,high_risk_veto,FLAT,0.0,0.0,0.0,0.0,0,0.134321,0.796289,0.131977,0.428117,part2a21_soft_caution_overlay,artifacts_part2_g532/predictions/g532_final_consensus_tape.csv
2025-08-25,0,0.2154268384213239,0.5684854975718109,1.641954,1.449833,0.75,0.567958,0.493883,0.456447,0.65,0.6,0.805834,0.314275,0.091719,0.731596,0,high_risk_veto,FLAT,0.0,0.0,0.0,0.0,0,0.136767,0.795923,0.133087,0.430203,part2a21_soft_caution_overlay,artifacts_part2_g532/predictions/g532_final_consensus_tape.csv
2025-08-26,0,0.2148466841869517,0.5267069761564862,1.395272,1.369366,0.5,0.56088,0.493479,0.416935,0.65,0.6,0.826056,0.322162,0.073435,0.772953,0,high_risk_veto,FLAT,0.0,0.0,0.0,0.0,0,0.118889,0.801456,0.116314,0.39867,part2a21_soft_caution_overlay,artifacts_part2_g532/predictions/g532_final_consensus_tape.csv
2025-08-27,0,0.2144119755159607,0.527508013831627,1.467349,1.501525,0.5,0.562509,0.493572,0.484656,0.65,0.6,0.821403,0.320347,0.073476,0.772855,0,high_risk_veto,FLAT,0.0,0.0,0.0,0.0,0,0.121132,0.799801,0.121332,0.408104,part2a21_soft_caution_overlay,artifacts_part2_g532/predictions/g532_final_consensus_tape.csv
2025-08-28,0,0.2199314706983346,0.6617169732926081,1.313125,1.391915,0.5,0.558011,0.493315,0.429407,0.65,0.6,0.834255,0.325359,0.071621,0.777312,0,high_risk_veto,FLAT,0.0,0.0,0.0,0.0,0,0.109573,0.803276,0.110795,0.388295,part2a21_soft_caution_overlay,artifacts_part2_g532/predictions/g532_final_consensus_tape.csv
2025-08-29,0,0.2142162167833523,0.571225097680706,1.808953,1.529809,0.75,0.582596,0.49472,0.494008,0.65,0.6,0.764012,0.297965,0.075433,0.768207,0,high_risk_veto,FLAT,0.0,0.0,0.0,0.0,0,0.167413,0.76933,0.171696,0.502789,part2a21_soft_caution_overlay,artifacts_part2_g532/predictions/g532_final_consensus_tape.csv
2025-09-01,0,0.2154851860600206,0.604196155670771,1.443178,1.521752,0.75,0.577356,0.49442,0.491197,0.65,0.6,0.778982,0.303803,0.075207,0.768741,0,high_risk_veto,FLAT,0.0,0.0,0.0,0.0,0,0.15594,0.78032,0.158188,0.477394,part2a21_soft_caution_overlay,artifacts_part2_g532/predictions/g532_final_consensus_tape.csv
2025-09-02,0,0.2094142196648269,0.5434882887352589,1.699181,1.650438,0.75,0.580628,0.494607,0.557375,0.65,0.6,0.769633,0.300157,0.067285,0.787934,0,high_risk_veto,FLAT,0.0,0.0,0.0,0.0,0,0.162483,0.77318,0.16701,0.49398,part2a21_soft_caution_overlay,artifacts_part2_g532/predictions/g532_final_consensus_tape.csv
2025-09-03,0,0.2063856264402998,0.5311535688290455,1.177992,1.440117,0.5,0.575837,0.494334,0.449172,0.65,0.6,0.783324,0.305496,0.064576,0.79472,0,high_risk_veto,FLAT,0.0,0.0,0.0,0.0,0,0.165304,0.866686,0.146404,0.455239,part2a21_soft_caution_overlay,artifacts_part2_g532/predictions/g532_final_consensus_tape.csv
2025-09-04,0,0.2105741145949068,0.5686055833039666,1.132949,1.336707,0.5,0.56796,0.493883,0.397894,0.75,1.0,0.805827,0.604371,0.066497,0.789898,1,ok,FLAT,0.0,0.0,0.0,0.0,0,0.13224,0.792051,0.135902,0.435495,part2a21_soft_caution_overlay,artifacts_part2_g532/predictions/g532_final_consensus_tape.csv
2025-09-05,0,0.222855818421772,0.7201238165661351,1.436813,1.249251,0.5,0.57775,0.494443,0.349331,0.75,1.0,0.777858,0.583393,0.056824,0.8148,1,ok,FLAT,0.0,0.0,0.0,0.0,0,0.157033,0.776677,0.15906,0.479032,part2a21_soft_caution_overlay,artifacts_part2_g532/predictions/g532_final_consensus_tape.csv
2025-09-08,0,0.2247662120053519,0.7388975710130573,1.313659,1.294474,0.5,0.584813,0.494846,0.370544,0.75,1.0,0.757678,0.568258,0.056489,0.815689,1,ok,VOO,0.025763,0.025763,0.025763,0.0,0,0.171581,0.761277,0.177839,0.514337,part2a21_soft_caution_overlay,artifacts_part2_g532/predictions/g532_final_consensus_tape.csv
2025-09-09,0,0.2219117651559914,0.7106286097593989,1.350591,1.367021,0.5,0.584579,0.494833,0.408496,0.75,1.0,0.758346,0.568759,0.062645,0.79963,1,ok,VOO,0.025763,0.025763,0.025763,0.0,0,0.17167,0.762093,0.176864,0.512503,part2a21_soft_caution_overlay,artifacts_part2_g532/predictions/g532_final_consensus_tape.csv
2025-09-10,0,0.2199640861493065,0.6881431395031439,1.340725,1.334991,0.75,0.57977,0.494558,0.393298,0.75,1.0,0.772087,0.579065,0.062563,0.799839,1,ok,VOO,0.025763,0.025763,0.025763,0.0,0,0.160483,0.771982,0.164871,0.489957,part2a21_soft_caution_overlay,artifacts_part2_g532/predictions/g532_final_consensus_tape.csv
2025-09-11,0,0.2216373740300368,0.7077035008791331,1.195261,1.295525,0.5,0.571393,0.49408,0.375469,0.75,1.0,0.79602,0.597015,0.071958,0.776499,1,ok,VOO,0.025763,0.025763,0.025763,0.0,0,0.139242,0.787724,0.14507,0.452732,part2a21_soft_caution_overlay,artifacts_part2_g532/predictions/g532_final_consensus_tape.csv
2025-09-12,0,0.2209952308780017,0.6966041178889276,1.278514,1.2715,0.5,0.569178,0.493953,0.363743,0.75,1.0,0.80235,0.601762,0.067454,0.787516,1,ok,VOO,0.025763,0.025763,0.025763,0.0,0,0.135003,0.791036,0.138979,0.44128,part2a21_soft_caution_overlay,artifacts_part2_g532/predictions/g532_final_consensus_tape.csv
2025-09-15,0,0.2102608624951963,0.5488739608812998,1.161988,1.211921,0.5,0.572777,0.494159,0.33164,0.75,1.0,0.792066,0.59405,0.068748,0.78432,1,ok,VOO,0.023178,0.023178,0.023178,0.0,0,0.154535,0.790358,0.141037,0.445149,part2a21_soft_caution_overlay,artifacts_part2_g532/predictions/g532_final_consensus_tape.csv
2025-09-16,0,0.2174857126307062,0.6689054041796444,1.442743,1.294415,0.75,0.576079,0.494347,0.373371,0.75,1.0,0.782631,0.586973,0.064208,0.79565,1,ok,VOO,0.023178,0.023178,0.023178,0.0,0,0.153864,0.780357,0.15445,0.470366,part2a21_soft_caution_overlay,artifacts_part2_g532/predictions/g532_final_consensus_tape.csv
2025-09-17,0,0.2183382525951605,0.664562428355782,1.490135,1.364956,0.75,0.57282,0.494161,0.411033,0.75,1.0,0.791941,0.593956,0.064194,0.795686,1,ok,VOO,0.023178,0.023178,0.023178,0.0,0,0.145845,0.786537,0.146595,0.455599,part2a21_soft_caution_overlay,artifacts_part2_g532/predictions/g532_final_consensus_tape.csv
2025-09-18,0,0.2113723161515254,0.5698304425718984,1.278304,1.403727,0.5,0.577948,0.494454,0.429634,0.65,0.6,0.77729,0.303143,0.071925,0.776578,0,high_risk_veto,VOO,0.023178,0.023178,0.023178,0.0,0,0.168426,0.781681,0.15278,0.467226,part2a21_soft_caution_overlay,artifacts_part2_g532/predictions/g532_final_consensus_tape.csv
2025-09-19,0,0.2184487078898493,0.6819681727863527,1.34303,1.37049,0.5,0.567927,0.493882,0.415389,0.65,0.6,0.805923,0.31431,0.051327,0.829663,0,high_risk_veto,VOO,0.023178,0.023178,0.023178,0.0,0,0.139333,0.793545,0.131374,0.426983,part2a21_soft_caution_overlay,artifacts_part2_g532/predictions/g532_final_consensus_tape.csv
2025-09-22,0,0.2138028696388462,0.621537603187588,1.37624,1.332524,0.5,0.575422,0.49431,0.393386,0.65,0.6,0.784507,0.305958,0.050198,0.832783,0,high_risk_veto,FLAT,0.0,0.0,0.0,0.0,0,0.162243,0.786478,0.146671,0.455742,part2a21_soft_caution_overlay,artifacts_part2_g532/predictions/g532_final_consensus_tape.csv
2025-09-23,0,0.2120894215584587,0.6019685636036064,1.769837,1.496369,0.75,0.568174,0.493896,0.480475,0.65,0.6,0.805217,0.314034,0.076473,0.765759,0,high_risk_veto,FLAT,0.0,0.0,0.0,0.0,0,0.135893,0.792521,0.134479,0.43282,part2a21_soft_caution_overlay,artifacts_part2_g532/predictions/g532_final_consensus_tape.csv
2025-09-24,0,0.2078919175001661,0.5315151498255567,1.685598,1.610558,0.75,0.572887,0.494165,0.538459,0.65,0.6,0.791751,0.308783,0.077267,0.763901,0,high_risk_veto,FLAT,0.0,0.0,0.0,0.0,0,0.147955,0.787351,0.145549,0.453633,part2a21_soft_caution_overlay,artifacts_part2_g532/predictions/g532_final_consensus_tape.csv
2025-09-25,0,0.2097951520075793,0.5660272892133621,1.682841,1.712759,0.75,0.571827,0.494104,0.591716,0.65,0.6,0.79478,0.309964,0.0767,0.765227,0,high_risk_veto,FLAT,0.0,0.0,0.0,0.0,0,0.146877,0.790025,0.142046,0.447046,part2a21_soft_caution_overlay,artifacts_part2_g532/predictions/g532_final_consensus_tape.csv
2025-09-26,0,0.2118775024839875,0.5894604122431366,1.439602,1.602681,0.5,0.56464,0.493694,0.536355,0.65,0.6,0.815315,0.317973,0.080652,0.756083,0,high_risk_veto,FLAT,0.0,0.0,0.0,0.0,0,0.127697,0.795433,0.125649,0.416221,part2a21_soft_caution_overlay,artifacts_part2_g532/predictions/g532_final_consensus_tape.csv
2025-09-29,0,0.213693057425999,0.6185236370689263,1.450528,1.524324,0.5,0.562951,0.493597,0.496308,0.65,0.6,0.820139,0.319854,0.080425,0.756602,0,high_risk_veto,FLAT,0.0,0.0,0.0,0.0,0,0.125081,0.79709,0.120626,0.406777,part2a21_soft_caution_overlay,artifacts_part2_g532/predictions/g532_final_consensus_tape.csv
2025-09-30,0,0.2139727820059975,0.622272470775699,1.483653,1.457928,0.5,0.564516,0.493687,0.461596,0.65,0.6,0.81567,0.318111,0.079187,0.759447,0,high_risk_veto,FLAT,0.0,0.0,0.0,0.0,0,0.125821,0.79521,0.126324,0.417488,part2a21_soft_caution_overlay,artifacts_part2_g532/predictions/g532_final_consensus_tape.csv
2025-10-01,0,0.2112104770238445,0.642625566708258,1.416279,1.450153,0.5,0.563173,0.49361,0.457955,0.65,0.6,0.819506,0.319607,0.07956,0.758587,0,high_risk_veto,FLAT,0.0,0.0,0.0,0.0,0,0.124115,0.799548,0.122097,0.409542,part2a21_soft_caution_overlay,artifacts_part2_g532/predictions/g532_final_consensus_tape.csv
2025-10-02,0,0.2106876509565483,0.7076586457434372,1.483374,1.461102,0.5,0.565843,0.493762,0.462868,0.65,0.6,0.811877,0.316632,0.07212,0.776108,0,high_risk_veto,FLAT,0.0,0.0,0.0,0.0,0,0.126328,0.796535,0.131233,0.426718,part2a21_soft_caution_overlay,artifacts_part2_g532/predictions/g532_final_consensus_tape.csv
2025-10-03,0,0.2114538658575239,0.622949786023246,1.708105,1.53592,0.75,0.576292,0.49436,0.498843,0.65,0.6,0.782023,0.304989,0.068989,0.783727,0,high_risk_veto,FLAT,0.0,0.0,0.0,0.0,0,0.154699,0.783047,0.154769,0.470966,part2a21_soft_caution_overlay,artifacts_part2_g532/predictions/g532_final_consensus_tape.csv
2025-10-06,0,0.211058567019059,0.652339812886471,1.403696,1.531725,0.5,0.564761,0.493701,0.499661,0.65,0.6,0.814968,0.317837,0.068529,0.784857,0,high_risk_veto,FLAT,0.0,0.0,0.0,0.0,0,0.127189,0.798115,0.126443,0.417712,part2a21_soft_caution_overlay,artifacts_part2_g532/predictions/g532_final_consensus_tape.csv
2025-10-07,0,0.2110166374302961,0.6833285090375097,1.740828,1.617543,0.75,0.57626,0.494358,0.541281,0.65,0.6,0.782115,0.305025,0.061775,0.801861,0,high_risk_veto,FLAT,0.0,0.0,0.0,0.0,0,0.154319,0.782961,0.154878,0.471171,part2a21_soft_caution_overlay,artifacts_part2_g532/predictions/g532_final_consensus_tape.csv
2025-10-08,0,0.2103367652417907,0.7178231186323903,1.271885,1.472136,0.5,0.563554,0.493632,0.469201,0.65,0.6,0.818417,0.319183,0.065027,0.793583,0,high_risk_veto,FLAT,0.0,0.0,0.0,0.0,0,0.125068,0.799248,0.123007,0.411252,part2a21_soft_caution_overlay,artifacts_part2_g532/predictions/g532_final_consensus_tape.csv
2025-10-09,0,0.2102847537729712,0.7195768135206002,1.631749,1.548154,0.75,0.56294,0.493597,0.508613,0.65,0.6,0.820171,0.319867,0.063955,0.796292,0,high_risk_veto,FLAT,0.0,0.0,0.0,0.0,0,0.124326,0.799894,0.12105,0.407574,part2a21_soft_caution_overlay,artifacts_part2_g532/predictions/g532_final_consensus_tape.csv
2025-10-10,0,0.2122625470282619,0.5722121792320843,2.504229,1.802621,0.75,0.590471,0.49517,0.63479,0.75,1.0,0.741511,0.556133,0.183169,0.577142,1,ok,FLAT,0.0,0.0,0.0,0.0,0,0.17749,0.748318,0.196444,0.549315,part2a21_soft_caution_overlay,artifacts_part2_g532/predictions/g532_final_consensus_tape.csv
2025-10-13,0,0.2122614860852541,0.5421395450075416,0.827486,1.654488,0.5,0.594445,0.495397,0.556291,0.75,0.6,0.730158,0.328571,0.201905,0.553214,1,ok,VOO,0.015168,0.015168,0.015168,0.0,0,0.172108,0.733875,0.21831,0.579924,part2a21_soft_caution_overlay,artifacts_part2_g532/predictions/g532_final_consensus_tape.csv
2025-10-14,0,0.2117269245026969,0.6096388464865727,1.672618,1.668111,0.75,0.583862,0.494792,0.565851,0.75,1.0,0.760395,0.570296,0.200415,0.555044,1,ok,VOO,0.015168,0.015168,0.015168,0.0,0,0.165426,0.764161,0.17791,0.514472,part2a21_soft_caution_overlay,artifacts_part2_g532/predictions/g532_final_consensus_tape.csv
2025-10-15,0,0.2119997090865727,0.5848803355610902,1.306633,1.268913,0.5,0.577662,0.494438,0.359589,0.75,1.0,0.778109,0.583582,0.203566,0.551188,1,ok,VOO,0.015168,0.015168,0.015168,0.0,0,0.148126,0.775442,0.164234,0.488761,part2a21_soft_caution_overlay,artifacts_part2_g532/predictions/g532_final_consensus_tape.csv
2025-10-16,0,0.2118772336504265,0.5921929272757035,1.605089,1.528113,0.75,0.589368,0.495107,0.491327,0.75,1.0,0.744662,0.558497,0.209526,0.544039,1,ok,VOO,0.015168,0.015168,0.015168,0.0,0,0.173288,0.749829,0.194708,0.546052,part2a21_soft_caution_overlay,artifacts_part2_g532/predictions/g532_final_consensus_tape.csv
2025-10-17,0,0.2108704059341318,0.6740041737597284,1.326234,1.412652,0.5,0.576908,0.494395,0.434583,0.75,1.0,0.780263,0.585197,0.214018,0.538772,1,ok,VOO,0.015168,0.015168,0.015168,0.0,0,0.137343,0.772411,0.167951,0.495748,part2a21_soft_caution_overlay,artifacts_part2_g532/predictions/g532_final_consensus_tape.csv
2025-10-20,0,0.2104184119834826,0.7082786701102685,1.174955,1.368759,0.5,0.568017,0.493887,0.414466,0.75,1.0,0.805666,0.604249,0.217399,0.534875,1,ok,VOO,0.020093,0.020093,0.020093,0.0,0,0.1364,0.795772,0.133546,0.431066,part2a21_soft_caution_overlay,artifacts_part2_g532/predictions/g532_final_consensus_tape.csv
2025-10-21,0,0.2101511920632573,0.7251610302546702,1.589556,1.363582,0.75,0.569345,0.493963,0.411382,0.75,1.0,0.801873,0.601404,0.215951,0.536537,1,ok,VOO,0.020093,0.020093,0.020093,0.0,0,0.133673,0.793491,0.140461,0.444066,part2a21_soft_caution_overlay,artifacts_part2_g532/predictions/g532_final_consensus_tape.csv
2025-10-22,0,0.2105160159873987,0.7148017049548491,1.802742,1.522418,0.75,0.568556,0.493917,0.49386,0.75,1.0,0.804127,0.603095,0.213446,0.539437,1,ok,VOO,0.020093,0.020093,0.020093,0.0,0,0.129419,0.793646,0.139993,0.443186,part2a21_soft_caution_overlay,artifacts_part2_g532/predictions/g532_final_consensus_tape.csv
2025-10-23,0,0.2107454255163068,0.6793741804366812,1.313939,1.568746,0.5,0.572304,0.494132,0.516908,0.75,1.0,0.793416,0.595062,0.220592,0.531246,1,ok,VOO,0.020093,0.020093,0.020093,0.0,0,0.134135,0.785381,0.151823,0.465426,part2a21_soft_caution_overlay,artifacts_part2_g532/predictions/g532_final_consensus_tape.csv
2025-10-24,0,0.2104771059623237,0.7168766897184811,1.257895,1.458192,0.5,0.558485,0.493342,0.463405,0.75,1.0,0.832901,0.624675,0.128823,0.659938,1,ok,VOO,0.020093,0.020093,0.020093,0.0,0,0.110351,0.80282,0.112178,0.390895,part2a21_soft_caution_overlay,artifacts_part2_g532/predictions/g532_final_consensus_tape.csv
2025-10-27,0,0.2110085553147482,0.6140880304687885,1.098498,1.223444,0.5,0.568982,0.493942,0.338921,0.75,1.0,0.802908,0.602181,0.122777,0.670641,1,ok,VOO,0.020531,0.020531,0.020531,0.0,0,0.151065,0.797517,0.128254,0.421118,part2a21_soft_caution_overlay,artifacts_part2_g532/predictions/g532_final_consensus_tape.csv
2025-10-28,0,0.2112411343316895,0.5896584902118636,1.394167,1.250187,0.5,0.570024,0.494001,0.35242,0.75,1.0,0.799931,0.599948,0.11722,0.680791,1,ok,VOO,0.020531,0.020531,0.020531,0.0,0,0.157437,0.797467,0.128406,0.421403,part2a21_soft_caution_overlay,artifacts_part2_g532/predictions/g532_final_consensus_tape.csv
2025-10-29,0,0.2145493098225081,0.4359256875509743,1.504882,1.332516,0.5,0.572069,0.494118,0.394437,0.75,1.0,0.794089,0.595567,0.118135,0.679099,1,ok,VOO,0.020531,0.020531,0.020531,0.0,0,0.152995,0.793906,0.139205,0.441706,part2a21_soft_caution_overlay,artifacts_part2_g532/predictions/g532_final_consensus_tape.csv
2025-10-30,0,0.2124400351090563,0.4110790809471684,2.098071,1.665707,0.75,0.564054,0.49366,0.569052,0.65,0.6,0.81699,0.318626,0.111321,0.691906,0,high_risk_veto,VOO,0.020531,0.020531,0.020531,0.0,0,0.125755,0.79874,0.124546,0.414147,part2a21_soft_caution_overlay,artifacts_part2_g532/predictions/g532_final_consensus_tape.csv
2025-10-31,0,0.2120488035945559,0.4033424833852615,1.480854,1.694602,0.5,0.56529,0.493731,0.583711,0.65,0.6,0.813456,0.317248,0.109654,0.695112,0,high_risk_veto,VOO,0.020531,0.020531,0.020531,0.0,0,0.126197,0.797225,0.12914,0.422782,part2a21_soft_caution_overlay,artifacts_part2_g532/predictions/g532_final_consensus_tape.csv
2025-11-03,0,0.21263939524087,0.4134445107563216,1.475082,1.684669,0.5,0.564153,0.493666,0.578825,0.65,0.6,0.816705,0.318515,0.104566,0.705088,0,high_risk_veto,FLAT,0.0,0.0,0.0,0.0,0,0.12701,0.798868,0.12416,0.413422,part2a21_soft_caution_overlay,artifacts_part2_g532/predictions/g532_final_consensus_tape.csv
2025-11-04,0,0.210716059389129,0.3841965189888759,2.157022,1.704319,0.75,0.56494,0.493711,0.588808,0.65,0.6,0.814458,0.317638,0.12919,0.6593,0,high_risk_veto,FLAT,0.0,0.0,0.0,0.0,0,0.119388,0.796288,0.131981,0.428123,part2a21_soft_caution_overlay,artifacts_part2_g532/predictions/g532_final_consensus_tape.csv
2025-11-05,0,0.2095723052132188,0.3714303171760498,1.429126,1.687076,0.5,0.569612,0.493978,0.578881,0.65,0.6,0.801108,0.312432,0.126829,0.663431,0,high_risk_veto,FLAT,0.0,0.0,0.0,0.0,0,0.132716,0.792948,0.142107,0.447161,part2a21_soft_caution_overlay,artifacts_part2_g532/predictions/g532_final_consensus_tape.csv
2025-11-06,0,0.2096269472008958,0.3705286196267243,2.085698,1.890615,0.75,0.567227,0.493842,0.68471,0.65,0.6,0.807924,0.31509,0.151302,0.622972,0,high_risk_veto,FLAT,0.0,0.0,0.0,0.0,0,0.127385,0.794955,0.136023,0.435723,part2a21_soft_caution_overlay,artifacts_part2_g532/predictions/g532_final_consensus_tape.csv
2025-11-07,0,0.2082094468507893,0.3524517348303186,1.57698,1.697268,0.75,0.568134,0.493893,0.584478,0.65,0.6,0.805331,0.314079,0.146212,0.630975,0,high_risk_veto,FLAT,0.0,0.0,0.0,0.0,0,0.124885,0.793266,0.141144,0.44535,part2a21_soft_caution_overlay,artifacts_part2_g532/predictions/g532_final_consensus_tape.csv
2025-11-10,0,0.2101359338923545,0.3798565825439468,0.858973,1.507217,0.5,0.568642,0.493922,0.485966,0.65,0.6,0.803879,0.313513,0.159124,0.611061,0,high_risk_veto,FLAT,0.0,0.0,0.0,0.0,0,0.130545,0.793763,0.139636,0.442516,part2a21_soft_caution_overlay,artifacts_part2_g532/predictions/g532_final_consensus_tape.csv
2025-11-11,0,0.2110657069982084,0.3909029430023947,1.570866,1.335606,0.75,0.568672,0.493924,0.397102,0.65,0.6,0.803794,0.31348,0.158889,0.611412,0,high_risk_veto,FLAT,0.0,0.0,0.0,0.0,0,0.138689,0.79539,0.134705,0.433246,part2a21_soft_caution_overlay,artifacts_part2_g532/predictions/g532_final_consensus_tape.csv
2025-11-12,0,0.2116922230999347,0.3983656993907496,1.482366,1.304068,0.75,0.56543,0.493739,0.38181,0.65,0.6,0.813056,0.317092,0.154056,0.618727,0,high_risk_veto,FLAT,0.0,0.0,0.0,0.0,0,0.124831,0.796764,0.130537,0.425409,part2a21_soft_caution_overlay,artifacts_part2_g532/predictions/g532_final_consensus_tape.csv
2025-11-13,0,0.2079637318016241,0.3456357131251495,2.066923,1.706718,0.75,0.566885,0.493822,0.589636,0.65,0.6,0.808901,0.315471,0.161916,0.60692,0,high_risk_veto,FLAT,0.0,0.0,0.0,0.0,0,0.127128,0.795346,0.134836,0.433492,part2a21_soft_caution_overlay,artifacts_part2_g532/predictions/g532_final_consensus_tape.csv
2025-11-14,0,0.205649415819556,0.3179151468458712,1.397431,1.648907,0.5,0.569319,0.493961,0.559174,0.65,0.6,0.801945,0.312759,0.161318,0.607802,0,high_risk_veto,FLAT,0.0,0.0,0.0,0.0,0,0.140613,0.874943,0.136059,0.435791,part2a21_soft_caution_overlay,artifacts_part2_g532/predictions/g532_final_consensus_tape.csv
2025-11-17,0,0.2048973223337092,0.3045912796799712,1.654632,1.706329,0.75,0.582456,0.494712,0.5861,0.65,0.6,0.764413,0.298121,0.165855,0.601171,0,high_risk_veto,FLAT,0.0,0.0,0.0,0.0,0,0.180684,0.856509,0.16292,0.486289,part2a21_soft_caution_overlay,artifacts_part2_g532/predictions/g532_final_consensus_tape.csv
2025-11-18,0,0.2063108539505919,0.3203533062888791,1.752685,1.601583,0.75,0.585273,0.494873,0.530786,0.65,0.6,0.756364,0.294982,0.161331,0.607783,0,high_risk_veto,FLAT,0.0,0.0,0.0,0.0,0,0.179903,0.847015,0.17449,0.50804,part2a21_soft_caution_overlay,artifacts_part2_g532/predictions/g532_final_consensus_tape.csv
2025-11-19,0,0.2051137652566713,0.3092933509109412,1.178509,1.528609,0.5,0.57625,0.494357,0.495053,0.65,0.6,0.782142,0.305035,0.156114,0.615591,0,high_risk_veto,FLAT,0.0,0.0,0.0,0.0,0,0.155706,0.863672,0.153982,0.469486,part2a21_soft_caution_overlay,artifacts_part2_g532/predictions/g532_final_consensus_tape.csv
2025-11-20,0,0.2057575175867833,0.316905996150342,1.986567,1.639254,0.75,0.586019,0.494915,0.550285,0.65,0.6,0.75423,0.29415,0.160765,0.608621,0,high_risk_veto,FLAT,0.0,0.0,0.0,0.0,0,0.187608,0.848539,0.172653,0.504588,part2a21_soft_caution_overlay,artifacts_part2_g532/predictions/g532_final_consensus_tape.csv
2025-11-21,0,0.2093319265868698,0.364610994094273,1.016812,1.393962,0.5,0.575756,0.494329,0.425209,0.65,0.6,0.783554,0.305586,0.167108,0.599364,0,high_risk_veto,FLAT,0.0,0.0,0.0,0.0,0,0.145195,0.780028,0.158552,0.478078,part2a21_soft_caution_overlay,artifacts_part2_g532/predictions/g532_final_consensus_tape.csv
2025-11-24,0,0.2107021930670405,0.3884439907946408,0.559002,1.18746,0.5,0.574668,0.494267,0.318279,0.75,1.0,0.786662,0.589997,0.156409,0.615143,1,ok,VOO,0.017327,0.017327,0.017327,0.0,0,0.144382,0.783043,0.154774,0.470976,part2a21_soft_caution_overlay,artifacts_part2_g532/predictions/g532_final_consensus_tape.csv
2025-11-25,0,0.2189987264205172,0.4888020813644211,1.162284,0.912699,0.5,0.585431,0.494882,0.170936,0.75,1.0,0.755911,0.566933,0.163281,0.604915,1,ok,VOO,0.017327,0.017327,0.017327,0.0,0,0.177161,0.765079,0.176813,0.512409,part2a21_soft_caution_overlay,artifacts_part2_g532/predictions/g532_final_consensus_tape.csv
2025-11-26,0,0.2349028354189746,0.4872775586767983,1.116321,0.945869,0.5,0.578615,0.494492,0.19114,0.75,1.0,0.775386,0.581539,0.167974,0.598123,1,ok,VOO,0.017327,0.017327,0.017327,0.0,0,0.163089,0.777873,0.158711,0.478377,part2a21_soft_caution_overlay,artifacts_part2_g532/predictions/g532_final_consensus_tape.csv
2025-11-27,0,0.2311201468661783,0.5871592610608415,1.395801,1.224802,0.75,0.572692,0.494154,0.338353,0.75,1.0,0.792309,0.594232,0.153598,0.619428,1,ok,VOO,0.017327,0.017327,0.017327,0.0,0,0.147544,0.788666,0.145036,0.452668,part2a21_soft_caution_overlay,artifacts_part2_g532/predictions/g532_final_consensus_tape.csv
2025-11-28,0,0.2292026520371076,0.6079286595188019,1.202534,1.238218,0.5,0.567184,0.493839,0.34718,0.75,1.0,0.808044,0.606033,0.157837,0.61299,1,ok,VOO,0.017327,0.017327,0.017327,0.0,0,0.127754,0.793058,0.135628,0.434982,part2a21_soft_caution_overlay,artifacts_part2_g532/predictions/g532_final_consensus_tape.csv
2025-12-01,0,0.2175716966789817,0.5923767722767971,1.601993,1.400109,0.75,0.56824,0.493899,0.430628,0.65,0.6,0.805028,0.313961,0.145142,0.632683,0,high_risk_veto,FLAT,0.0,0.0,0.0,0.0,0,0.134587,0.793084,0.135548,0.43483,part2a21_soft_caution_overlay,artifacts_part2_g532/predictions/g532_final_consensus_tape.csv
2025-12-02,0,0.2258155348358361,0.6162101238718355,1.334094,1.379541,0.5,0.561312,0.493504,0.422053,0.65,0.6,0.824823,0.321681,0.130204,0.657542,0,high_risk_veto,FLAT,0.0,0.0,0.0,0.0,0,0.117754,0.798636,0.118715,0.403185,part2a21_soft_caution_overlay,artifacts_part2_g532/predictions/g532_final_consensus_tape.csv
2025-12-03,0,0.2270710495563241,0.5915319978430484,1.512231,1.482773,0.5,0.567184,0.493839,0.473707,0.65,0.6,0.808046,0.315138,0.130071,0.657772,0,high_risk_veto,FLAT,0.0,0.0,0.0,0.0,0,0.128323,0.793175,0.135274,0.434315,part2a21_soft_caution_overlay,artifacts_part2_g532/predictions/g532_final_consensus_tape.csv
2025-12-04,0,0.2220608217754313,0.6030915322749376,1.616072,1.487466,0.75,0.56739,0.493851,0.476079,0.65,0.6,0.807457,0.314908,0.065259,0.792998,0,high_risk_veto,FLAT,0.0,0.0,0.0,0.0,0,0.141897,0.795682,0.127671,0.420021,part2a21_soft_caution_overlay,artifacts_part2_g532/predictions/g532_final_consensus_tape.csv
2025-12-05,0,0.2236605823252028,0.5908183183200656,1.513939,1.547414,0.5,0.566262,0.493786,0.507386,0.65,0.6,0.810681,0.316166,0.064431,0.795088,0,high_risk_veto,FLAT,0.0,0.0,0.0,0.0,0,0.139939,0.796747,0.124444,0.413954,part2a21_soft_caution_overlay,artifacts_part2_g532/predictions/g532_final_consensus_tape.csv
2025-12-08,0,0.2162319027115439,0.598440986676659,1.698743,1.609585,0.75,0.560721,0.49347,0.540852,0.65,0.6,0.826512,0.32234,0.047083,0.841515,0,high_risk_veto,FLAT,0.0,0.0,0.0,0.0,0,0.120186,0.799901,0.114881,0.395977,part2a21_soft_caution_overlay,artifacts_part2_g532/predictions/g532_final_consensus_tape.csv
2025-12-09,0,0.2144176605272519,0.5765133842014887,1.62386,1.612181,0.5,0.565059,0.493718,0.541165,0.65,0.6,0.814117,0.317506,0.043481,0.851845,0,high_risk_veto,FLAT,0.0,0.0,0.0,0.0,0,0.131074,0.796495,0.125206,0.415387,part2a21_soft_caution_overlay,artifacts_part2_g532/predictions/g532_final_consensus_tape.csv
2025-12-10,0,0.221429147970903,0.5812807222392077,1.550676,1.624426,0.5,0.562287,0.493559,0.548141,0.65,0.6,0.822037,0.320594,0.038865,0.865456,0,high_risk_veto,FLAT,0.0,0.0,0.0,0.0,0,0.127947,0.799454,0.116236,0.398523,part2a21_soft_caution_overlay,artifacts_part2_g532/predictions/g532_final_consensus_tape.csv
2025-12-11,0,0.2241289676751769,0.6101101615412813,1.729248,1.634594,0.75,0.565451,0.49374,0.552658,0.65,0.6,0.812998,0.317069,0.037025,0.871004,0,high_risk_veto,FLAT,0.0,0.0,0.0,0.0,0,0.136573,0.797111,0.123339,0.411878,part2a21_soft_caution_overlay,artifacts_part2_g532/predictions/g532_final_consensus_tape.csv
2025-12-12,0,0.2215144371906619,0.5864646169130835,2.137459,1.805794,0.75,0.56723,0.493842,0.640823,0.65,0.6,0.807916,0.315087,0.055865,0.817353,0,high_risk_veto,FLAT,0.0,0.0,0.0,0.0,0,0.131539,0.793773,0.13346,0.430905,part2a21_soft_caution_overlay,artifacts_part2_g532/predictions/g532_final_consensus_tape.csv
2025-12-15,0,0.2162150559175329,0.5319398027276833,1.645245,1.837317,0.75,0.564791,0.493702,0.657565,0.65,0.6,0.814883,0.317804,0.057991,0.811711,0,high_risk_veto,FLAT,0.0,0.0,0.0,0.0,0,0.129591,0.79654,0.125071,0.415133,part2a21_soft_caution_overlay,artifacts_part2_g532/predictions/g532_final_consensus_tape.csv
2025-12-16,0,0.2212724813599742,0.5115184759766431,1.44572,1.742808,0.5,0.565141,0.493722,0.608658,0.65,0.6,0.813883,0.317414,0.065469,0.792471,0,high_risk_veto,FLAT,0.0,0.0,0.0,0.0,0,0.130394,0.79625,0.12595,0.416786,part2a21_soft_caution_overlay,artifacts_part2_g532/predictions/g532_final_consensus_tape.csv
2025-12-17,0,0.2183174325292657,0.5515808386359486,2.03135,1.707439,0.75,0.566578,0.493804,0.590073,0.65,0.6,0.809776,0.315813,0.083687,0.749206,0,high_risk_veto,FLAT,0.0,0.0,0.0,0.0,0,0.128412,0.793979,0.132835,0.42973,part2a21_soft_caution_overlay,artifacts_part2_g532/predictions/g532_final_consensus_tape.csv
2025-12-18,0,0.229534281297522,0.5201469310008132,1.05175,1.509607,0.5,0.567959,0.493883,0.487385,0.65,0.6,0.80583,0.314274,0.085576,0.744988,0,high_risk_veto,FLAT,0.0,0.0,0.0,0.0,0,0.137765,0.794098,0.132473,0.42905,part2a21_soft_caution_overlay,artifacts_part2_g532/predictions/g532_final_consensus_tape.csv
2025-12-19,0,0.2262749061802659,0.5740016183826481,1.142859,1.408653,0.5,0.57077,0.494044,0.43431,0.65,0.6,0.7978,0.311142,0.103565,0.707084,0,high_risk_veto,FLAT,0.0,0.0,0.0,0.0,0,0.142671,0.791453,0.140493,0.444127,part2a21_soft_caution_overlay,artifacts_part2_g532/predictions/g532_final_consensus_tape.csv
2025-12-22,0,0.2278932523384138,0.6105573877401168,1.403408,1.199339,0.5,0.56098,0.493485,0.329217,0.65,0.6,0.82577,0.32205,0.110753,0.692995,0,high_risk_veto,FLAT,0.0,0.0,0.0,0.0,0,0.110242,0.797531,0.122067,0.409486,part2a21_soft_caution_overlay,artifacts_part2_g532/predictions/g532_final_consensus_tape.csv
2025-12-23,0,0.2249891115759263,0.5793716369333365,1.368252,1.30484,0.5,0.561156,0.493495,0.383571,0.65,0.6,0.825269,0.321855,0.113372,0.688001,0,high_risk_veto,FLAT,0.0,0.0,0.0,0.0,0,0.11192,0.797646,0.121718,0.40883,part2a21_soft_caution_overlay,artifacts_part2_g532/predictions/g532_final_consensus_tape.csv
2025-12-24,0,0.2107617534953267,0.4380389651768821,1.416514,1.396058,0.5,0.556446,0.493226,0.431998,0.65,0.6,0.838724,0.327102,0.112515,0.689627,0,high_risk_veto,FLAT,0.0,0.0,0.0,0.0,0,0.095208,0.749564,0.113543,0.39346,part2a21_soft_caution_overlay,artifacts_part2_g532/predictions/g532_final_consensus_tape.csv
2025-12-25,0,0.2140918124622199,0.40978840196214,1.5095,1.431422,0.75,0.558249,0.493329,0.449683,0.65,0.6,0.833575,0.325094,0.112033,0.690546,0,high_risk_veto,FLAT,0.0,0.0,0.0,0.0,0,0.096982,0.747587,0.119536,0.404728,part2a21_soft_caution_overlay,artifacts_part2_g532/predictions/g532_final_consensus_tape.csv
2025-12-26,0,0.2077126032903408,0.4638833713573662,1.497516,1.47451,0.75,0.55899,0.493371,0.471672,0.65,0.6,0.831457,0.324268,0.1023,0.709622,0,high_risk_veto,FLAT,0.0,0.0,0.0,0.0,0,0.106822,0.748636,0.116354,0.398745,part2a21_soft_caution_overlay,artifacts_part2_g532/predictions/g532_final_consensus_tape.csv
2025-12-29,0,0.2102369205063458,0.4425294215861158,1.63217,1.546395,0.75,0.562122,0.49355,0.507913,0.65,0.6,0.822509,0.320779,0.105548,0.70314,0,high_risk_veto,FLAT,0.0,0.0,0.0,0.0,0,0.109966,0.745214,0.12673,0.418253,part2a21_soft_caution_overlay,artifacts_part2_g532/predictions/g532_final_consensus_tape.csv
2025-12-30,0,0.2130798827874499,0.4048002683460259,1.55333,1.561005,0.75,0.561464,0.493512,0.515617,0.65,0.6,0.824389,0.321512,0.099927,0.714434,0,high_risk_veto,FLAT,0.0,0.0,0.0,0.0,0,0.105871,0.745231,0.12668,0.418158,part2a21_soft_caution_overlay,artifacts_part2_g532/predictions/g532_final_consensus_tape.csv
2025-12-31,0,0.2158065742899119,0.3592888763274907,1.739209,1.64157,0.75,0.569805,0.493989,0.555262,0.65,0.6,0.800556,0.312217,0.080832,0.755671,0,high_risk_veto,FLAT,0.0,0.0,0.0,0.0,0,0.129961,0.738246,0.144575,0.451801,part2a21_soft_caution_overlay,artifacts_part2_g532/predictions/g532_final_consensus_tape.csv
2026-01-01,0,0.216627243298354,0.3644943674828253,1.474022,1.588854,0.75,0.569752,0.493986,0.527964,0.65,0.6,0.800709,0.312276,0.079437,0.758871,0,high_risk_veto,FLAT,0.0,0.0,0.0,0.0,0,0.133244,0.739983,0.14233,0.44758,part2a21_soft_caution_overlay,artifacts_part2_g532/predictions/g532_final_consensus_tape.csv
2026-01-02,0,0.219389612666899,0.3592376558646361,1.518293,1.577175,0.75,0.570266,0.494015,0.521786,0.65,0.6,0.79924,0.311703,0.059238,0.80844,0,high_risk_veto,FLAT,0.0,0.0,0.0,0.0,0,0.132013,0.737825,0.145117,0.452819,part2a21_soft_caution_overlay,artifacts_part2_g532/predictions/g532_final_consensus_tape.csv
2026-01-05,0,0.2162894908939181,0.3794254177743628,1.240079,1.410798,0.5,0.570894,0.494051,0.435385,0.65,0.6,0.797446,0.311004,0.049491,0.834751,0,high_risk_veto,FLAT,0.0,0.0,0.0,0.0,0,0.136445,0.738041,0.144839,0.452298,part2a21_soft_caution_overlay,artifacts_part2_g532/predictions/g532_final_consensus_tape.csv
2026-01-06,0,0.2159516701972791,0.3951966766175696,1.311108,1.356494,0.5,0.564421,0.493681,0.409217,0.65,0.6,0.815939,0.318216,0.054208,0.821806,0,high_risk_veto,FLAT,0.0,0.0,0.0,0.0,0,0.118249,0.743923,0.130645,0.425613,part2a21_soft_caution_overlay,artifacts_part2_g532/predictions/g532_final_consensus_tape.csv
2026-01-07,0,0.2057681420037715,0.5045122380400278,1.552044,1.367744,0.5,0.578156,0.494466,0.410849,0.65,0.6,0.776697,0.302912,0.060541,0.805047,0,high_risk_veto,FLAT,0.0,0.0,0.0,0.0,0,0.172111,0.812977,0.151313,0.464468,part2a21_soft_caution_overlay,artifacts_part2_g532/predictions/g532_final_consensus_tape.csv
2026-01-08,0,0.2108488143959193,0.4142783816376964,1.768697,1.54395,0.75,0.575894,0.494337,0.50312,0.65,0.6,0.78316,0.305432,0.062488,0.800031,0,high_risk_veto,FLAT,0.0,0.0,0.0,0.0,0,0.146515,0.727443,0.158276,0.477559,part2a21_soft_caution_overlay,artifacts_part2_g532/predictions/g532_final_consensus_tape.csv
2026-01-09,0,0.2052852663250309,0.5008757380138008,1.313648,1.544796,0.5,0.583097,0.494748,0.501694,0.65,0.6,0.762581,0.297407,0.067904,0.786402,0,high_risk_veto,FLAT,0.0,0.0,0.0,0.0,0,0.199164,0.810862,0.153988,0.469497,part2a21_soft_caution_overlay,artifacts_part2_g532/predictions/g532_final_consensus_tape.csv
2026-01-12,0,0.2089937793736304,0.4596317610174932,1.595788,1.559378,0.5,0.575918,0.494338,0.511132,0.65,0.6,0.783091,0.305405,0.060567,0.80498,0,high_risk_veto,FLAT,0.0,0.0,0.0,0.0,0,0.144889,0.726558,0.159379,0.479632,part2a21_soft_caution_overlay,artifacts_part2_g532/predictions/g532_final_consensus_tape.csv
2026-01-13,0,0.200067843003826,0.5195930589254253,1.684443,1.531293,0.75,0.58816,0.495038,0.493312,0.65,0.6,0.748115,0.291765,0.064715,0.794369,0,high_risk_veto,FLAT,0.0,0.0,0.0,0.0,0,0.206676,0.798533,0.169257,0.498204,part2a21_soft_caution_overlay,artifacts_part2_g532/predictions/g532_final_consensus_tape.csv
2026-01-14,0,0.2086547037073942,0.4327292876625841,1.934761,1.738331,0.75,0.568583,0.493919,0.605642,0.65,0.6,0.804048,0.313579,0.072543,0.775091,0,high_risk_veto,FLAT,0.0,0.0,0.0,0.0,0,0.121309,0.737817,0.145128,0.45284,part2a21_soft_caution_overlay,artifacts_part2_g532/predictions/g532_final_consensus_tape.csv
2026-01-15,0,0.2051431523574833,0.465647232272217,1.520465,1.713223,0.5,0.573106,0.494177,0.591686,0.65,0.6,0.791126,0.308539,0.074763,0.769793,0,high_risk_veto,FLAT,0.0,0.0,0.0,0.0,0,0.152398,0.818957,0.143657,0.450075,part2a21_soft_caution_overlay,artifacts_part2_g532/predictions/g532_final_consensus_tape.csv
2026-01-16,0,0.2111344000083145,0.401549368112066,1.689355,1.71486,0.75,0.572558,0.494146,0.592652,0.65,0.6,0.792693,0.30915,0.074941,0.769371,0,high_risk_veto,FLAT,0.0,0.0,0.0,0.0,0,0.132587,0.731028,0.153779,0.469104,part2a21_soft_caution_overlay,artifacts_part2_g532/predictions/g532_final_consensus_tape.csv
2026-01-19,0,0.2115371152589177,0.4012320709238606,1.661598,1.623806,0.75,0.57555,0.494317,0.544704,0.65,0.6,0.784142,0.305815,0.074155,0.771236,0,high_risk_veto,FLAT,0.0,0.0,0.0,0.0,0,0.146081,0.72831,0.157193,0.475522,part2a21_soft_caution_overlay,artifacts_part2_g532/predictions/g532_final_consensus_tape.csv
2026-01-20,0,0.2167512328008437,0.3333567155225941,2.38565,1.912201,0.75,0.569152,0.493952,0.695575,0.65,0.6,0.802424,0.312945,0.108605,0.697146,0,high_risk_veto,FLAT,0.0,0.0,0.0,0.0,0,0.118342,0.734635,0.149204,0.460503,part2a21_soft_caution_overlay,artifacts_part2_g532/predictions/g532_final_consensus_tape.csv
2026-01-21,0,0.2215574069976223,0.6555430440531614,1.337507,1.794919,0.5,0.562512,0.493572,0.636085,0.65,0.6,0.821393,0.320343,0.11703,0.681143,0,high_risk_veto,FLAT,0.0,0.0,0.0,0.0,0,0.129902,0.79444,0.11591,0.397911,part2a21_soft_caution_overlay,artifacts_part2_g532/predictions/g532_final_consensus_tape.csv
2026-01-22,0,0.2176994409209593,0.6318967808010375,1.547016,1.756724,0.5,0.563465,0.493627,0.616183,0.65,0.6,0.818672,0.319282,0.119272,0.677007,0,high_risk_veto,FLAT,0.0,0.0,0.0,0.0,0,0.122972,0.791787,0.123953,0.413032,part2a21_soft_caution_overlay,artifacts_part2_g532/predictions/g532_final_consensus_tape.csv
2026-01-23,0,0.2078250931132839,0.5832798019363032,1.668934,1.517819,0.5,0.574147,0.494237,0.490002,0.65,0.6,0.788152,0.307379,0.115808,0.683418,0,high_risk_veto,FLAT,0.0,0.0,0.0,0.0,0,0.149592,0.780065,0.149493,0.461047,part2a21_soft_caution_overlay,artifacts_part2_g532/predictions/g532_final_consensus_tape.csv
2026-01-26,0,0.209139689508612,0.5934745022030655,1.589037,1.601662,0.5,0.569235,0.493956,0.534724,0.65,0.6,0.802185,0.312852,0.116507,0.682116,0,high_risk_veto,FLAT,0.0,0.0,0.0,0.0,0,0.131427,0.786025,0.141422,0.445873,part2a21_soft_caution_overlay,artifacts_part2_g532/predictions/g532_final_consensus_tape.csv
2026-01-27,0,0.2158210860003296,0.6002438411053385,1.48919,1.582387,0.5,0.564725,0.493699,0.525849,0.65,0.6,0.815072,0.317878,0.118136,0.679097,0,high_risk_veto,FLAT,0.0,0.0,0.0,0.0,0,0.120393,0.789624,0.130511,0.425361,part2a21_soft_caution_overlay,artifacts_part2_g532/predictions/g532_final_consensus_tape.csv
2026-01-28,0,0.2033930491090328,0.562119215710222,1.698473,1.592233,0.5,0.564536,0.493688,0.530983,0.65,0.6,0.815612,0.318089,0.110496,0.69349,0,high_risk_veto,FLAT,0.0,0.0,0.0,0.0,0,0.140941,0.87407,0.11703,0.400017,part2a21_soft_caution_overlay,artifacts_part2_g532/predictions/g532_final_consensus_tape.csv
2026-01-29,0,0.2019818932231042,0.5721706998088698,1.948034,1.711899,0.75,0.570871,0.49405,0.591473,0.65,0.6,0.797512,0.311029,0.110826,0.692855,0,high_risk_veto,FLAT,0.0,0.0,0.0,0.0,0,0.149924,0.867683,0.136395,0.436423,part2a21_soft_caution_overlay,artifacts_part2_g532/predictions/g532_final_consensus_tape.csv
2026-01-30,0,0.2166545671746951,0.6614637877557522,2.016413,1.88764,0.75,0.571959,0.494112,0.682393,0.65,0.6,0.794404,0.309817,0.110936,0.692644,0,high_risk_veto,FLAT,0.0,0.0,0.0,0.0,0,0.13989,0.782098,0.146895,0.456163,part2a21_soft_caution_overlay,artifacts_part2_g532/predictions/g532_final_consensus_tape.csv
2026-02-02,0,0.2116396409129178,0.6401420608632401,1.456332,1.806926,0.5,0.57027,0.494015,0.640844,0.65,0.6,0.799229,0.311699,0.116959,0.681274,0,high_risk_veto,FLAT,0.0,0.0,0.0,0.0,0,0.136336,0.785546,0.142452,0.447809,part2a21_soft_caution_overlay,artifacts_part2_g532/predictions/g532_final_consensus_tape.csv
2026-02-03,0,0.2190332846022258,0.6624538132390625,2.087671,1.853472,0.75,0.573751,0.494214,0.664359,0.65,0.6,0.789284,0.307821,0.090252,0.734749,0,high_risk_veto,FLAT,0.0,0.0,0.0,0.0,0,0.150543,0.781748,0.147343,0.457005,part2a21_soft_caution_overlay,artifacts_part2_g532/predictions/g532_final_consensus_tape.csv
2026-02-04,0,0.2227671743497593,0.669512661879375,2.03411,1.859371,0.75,0.574335,0.494248,0.667321,0.65,0.6,0.787614,0.307169,0.085124,0.745993,0,high_risk_veto,FLAT,0.0,0.0,0.0,0.0,0,0.137658,0.773617,0.157631,0.476346,part2a21_soft_caution_overlay,artifacts_part2_g532/predictions/g532_final_consensus_tape.csv
2026-02-05,0,0.227197982023166,0.659862369454709,1.87096,1.997581,0.75,0.580364,0.494592,0.738274,0.65,0.6,0.770388,0.300451,0.119923,0.675816,0,high_risk_veto,FLAT,0.0,0.0,0.0,0.0,0,0.150534,0.760789,0.173378,0.50595,part2a21_soft_caution_overlay,artifacts_part2_g532/predictions/g532_final_consensus_tape.csv
2026-02-06,0,0.215644552049236,0.6489811280321449,0.783582,1.562884,0.5,0.568486,0.493913,0.514829,0.65,0.6,0.804326,0.313687,0.161891,0.606957,0,high_risk_veto,FLAT,0.0,0.0,0.0,0.0,0,0.125829,0.785853,0.141944,0.446854,part2a21_soft_caution_overlay,artifacts_part2_g532/predictions/g532_final_consensus_tape.csv
2026-02-09,0,0.18824305991078,0.5494789128335523,1.239236,1.297926,0.5,0.569045,0.493945,0.377472,0.65,0.6,0.802728,0.313064,0.162492,0.606073,0,high_risk_veto,FLAT,0.0,0.0,0.0,0.0,0,0.155532,0.8712,0.125734,0.416379,part2a21_soft_caution_overlay,artifacts_part2_g532/predictions/g532_final_consensus_tape.csv
2026-02-10,0,0.2136836660064619,0.5882944605705477,1.604849,1.209222,0.75,0.570903,0.494052,0.33089,0.75,1.0,0.79742,0.598065,0.162921,0.605443,1,ok,FLAT,0.0,0.0,0.0,0.0,0,0.133436,0.782218,0.146741,0.455873,part2a21_soft_caution_overlay,artifacts_part2_g532/predictions/g532_final_consensus_tape.csv
2026-02-11,0,0.2177216006234807,0.6194652040118406,1.450219,1.431435,0.5,0.560421,0.493453,0.449074,0.75,1.0,0.82737,0.620527,0.163925,0.603974,1,ok,FLAT,0.0,0.0,0.0,0.0,0,0.107959,0.792669,0.121279,0.408005,part2a21_soft_caution_overlay,artifacts_part2_g532/predictions/g532_final_consensus_tape.csv
2026-02-12,0,0.2192924972389996,0.6262683470314605,2.070299,1.708456,0.75,0.579583,0.494548,0.587827,0.75,1.0,0.77262,0.579465,0.19393,0.563151,1,ok,FLAT,0.0,0.0,0.0,0.0,0,0.157204,0.76672,0.166168,0.492396,part2a21_soft_caution_overlay,artifacts_part2_g532/predictions/g532_final_consensus_tape.csv
2026-02-13,0,0.2251236547361512,0.6359981775853102,1.407317,1.642612,0.5,0.576482,0.49437,0.55426,0.75,1.0,0.781479,0.586109,0.193916,0.56317,1,ok,FLAT,0.0,0.0,0.0,0.0,0,0.141151,0.768552,0.163916,0.488162,part2a21_soft_caution_overlay,artifacts_part2_g532/predictions/g532_final_consensus_tape.csv
2026-02-16,0,0.2214948952296037,0.6326927031041477,1.474742,1.650786,0.75,0.57607,0.494347,0.558605,0.75,1.0,0.782657,0.586992,0.186091,0.573275,1,ok,VOO,0.028196,0.028196,0.028196,0.0,0,0.142026,0.770304,0.161752,0.484094,part2a21_soft_caution_overlay,artifacts_part2_g532/predictions/g532_final_consensus_tape.csv
2026-02-17,0,0.2095704021020725,0.6110917739516998,1.431232,1.437764,0.75,0.571605,0.494092,0.44916,0.75,1.0,0.795413,0.59656,0.185049,0.574648,1,ok,VOO,0.028196,0.028196,0.028196,0.0,0,0.137728,0.782138,0.146844,0.456067,part2a21_soft_caution_overlay,artifacts_part2_g532/predictions/g532_final_consensus_tape.csv
2026-02-18,0,0.2054369495902032,0.4821754690826512,1.228052,1.378009,0.5,0.577753,0.494443,0.416313,0.75,1.0,0.777849,0.583387,0.190754,0.567209,1,ok,VOO,0.028196,0.028196,0.028196,0.0,0,0.17102,0.8665,0.150402,0.462757,part2a21_soft_caution_overlay,artifacts_part2_g532/predictions/g532_final_consensus_tape.csv
2026-02-19,0,0.2127811792289029,0.5439216546522133,1.566132,1.408472,0.75,0.580528,0.494602,0.431339,0.75,1.0,0.76992,0.57744,0.167297,0.599094,1,ok,VOO,0.028196,0.028196,0.028196,0.0,0,0.171135,0.777856,0.161252,0.483154,part2a21_soft_caution_overlay,artifacts_part2_g532/predictions/g532_final_consensus_tape.csv
2026-02-20,0,0.2031037776412855,0.4544480041657142,1.175537,1.32324,0.5,0.57336,0.494192,0.389216,0.75,1.0,0.7904,0.5928,0.136166,0.64739,1,ok,VOO,0.028196,0.028196,0.028196,0.0,0,0.160413,0.873746,0.139689,0.442615,part2a21_soft_caution_overlay,artifacts_part2_g532/predictions/g532_final_consensus_tape.csv
2026-02-23,0,0.2089900138107403,0.4978283014290782,1.770145,1.503938,0.75,0.577469,0.494427,0.481901,0.75,1.0,0.77866,0.583995,0.145092,0.632764,1,ok,VOO,0.026712,0.026712,0.026712,0.0,0,0.15666,0.780321,0.158186,0.47739,part2a21_soft_caution_overlay,artifacts_part2_g532/predictions/g532_final_consensus_tape.csv
2026-02-24,0,0.201746204664831,0.4346197871718011,1.084174,1.343285,0.5,0.568192,0.493897,0.401227,0.75,1.0,0.805165,0.603874,0.151969,0.621939,1,ok,VOO,0.026712,0.026712,0.026712,0.0,0,0.139659,0.876211,0.132215,0.428564,part2a21_soft_caution_overlay,artifacts_part2_g532/predictions/g532_final_consensus_tape.csv
2026-02-25,0,0.1933948479130685,0.4051866679804166,1.030041,1.294787,0.5,0.564736,0.493699,0.377236,0.75,1.0,0.81504,0.61128,0.160422,0.60913,1,ok,VOO,0.026712,0.026712,0.026712,0.0,0,0.136055,0.87996,0.120848,0.407194,part2a21_soft_caution_overlay,artifacts_part2_g532/predictions/g532_final_consensus_tape.csv
2026-02-26,0,0.2075793762720012,0.5086154180616805,1.824781,1.312999,0.75,0.574103,0.494234,0.383663,0.75,1.0,0.788276,0.591207,0.121059,0.673748,1,ok,VOO,0.026712,0.026712,0.026712,0.0,0,0.15746,0.791153,0.144444,0.451555,part2a21_soft_caution_overlay,artifacts_part2_g532/predictions/g532_final_consensus_tape.csv
2026-02-27,0,0.1982307777360148,0.4947106608432391,1.544344,1.466389,0.75,0.581371,0.49465,0.461276,0.75,1.0,0.767512,0.575634,0.128286,0.660876,1,ok,VOO,0.026712,0.026712,0.026712,0.0,0,0.189631,0.864367,0.153105,0.467838,part2a21_soft_caution_overlay,artifacts_part2_g532/predictions/g532_final_consensus_tape.csv
2026-03-02,0,0.2048921532822049,0.5058570114017772,1.445009,1.604712,0.5,0.581549,0.49466,0.533327,0.75,1.0,0.767002,0.575252,0.132444,0.65369,1,ok,VOO,0.030083,0.030083,0.030083,0.0,0,0.17057,0.854314,0.165621,0.491368,part2a21_soft_caution_overlay,artifacts_part2_g532/predictions/g532_final_consensus_tape.csv
2026-03-03,0,0.2050882049958829,0.4444465929442454,1.768423,1.585925,0.75,0.582319,0.494704,0.523344,0.75,1.0,0.764803,0.573603,0.138286,0.643855,1,ok,VOO,0.030083,0.030083,0.030083,0.0,0,0.183593,0.8584,0.160578,0.481887,part2a21_soft_caution_overlay,artifacts_part2_g532/predictions/g532_final_consensus_tape.csv
2026-03-04,0,0.1920425256860169,0.4071861362893942,1.089793,1.434408,0.5,0.573069,0.494175,0.447001,0.75,1.0,0.791232,0.593424,0.141822,0.638044,1,ok,VOO,0.030083,0.030083,0.030083,0.0,0,0.150363,0.870899,0.144772,0.452171,part2a21_soft_caution_overlay,artifacts_part2_g532/predictions/g532_final_consensus_tape.csv
2026-03-05,0,0.2059297440783664,0.518010692258536,1.657747,1.505321,0.75,0.592265,0.495272,0.478607,0.65,0.6,0.736386,0.287191,0.141162,0.639121,0,high_risk_veto,VOO,0.030083,0.030083,0.030083,0.0,0,0.205236,0.837064,0.186305,0.530254,part2a21_soft_caution_overlay,artifacts_part2_g532/predictions/g532_final_consensus_tape.csv
2026-03-06,0,0.1992892732634829,0.4224958084070462,1.99412,1.580553,0.75,0.588446,0.495054,0.519006,0.65,0.6,0.747297,0.291446,0.147904,0.628292,0,high_risk_veto,VOO,0.030083,0.030083,0.030083,0.0,0,0.198929,0.846436,0.175186,0.509349,part2a21_soft_caution_overlay,artifacts_part2_g532/predictions/g532_final_consensus_tape.csv
2026-03-09,0,0.2042400814944317,0.4442339550181183,1.132126,1.594664,0.5,0.572794,0.49416,0.530234,0.65,0.6,0.792018,0.308887,0.13676,0.646396,0,high_risk_veto,FLAT,0.0,0.0,0.0,0.0,0,0.150198,0.871659,0.143792,0.450329,part2a21_soft_caution_overlay,artifacts_part2_g532/predictions/g532_final_consensus_tape.csv
2026-03-10,0,0.2103932540698097,0.5009476827945282,1.563707,1.563318,0.75,0.575138,0.494294,0.513377,0.65,0.6,0.785319,0.306274,0.130516,0.657002,0,high_risk_veto,FLAT,0.0,0.0,0.0,0.0,0,0.162172,0.790258,0.145597,0.453723,part2a21_soft_caution_overlay,artifacts_part2_g532/predictions/g532_final_consensus_tape.csv
2026-03-11,0,0.2129661196220859,0.5081644769690455,1.589631,1.428488,0.75,0.571661,0.494095,0.444334,0.65,0.6,0.795253,0.310149,0.121053,0.673758,0,high_risk_veto,FLAT,0.0,0.0,0.0,0.0,0,0.155794,0.795007,0.135867,0.435429,part2a21_soft_caution_overlay,artifacts_part2_g532/predictions/g532_final_consensus_tape.csv
2026-03-12,0,0.212739281211937,0.4838274002586053,2.081943,1.745094,0.75,0.575798,0.494331,0.607678,0.65,0.6,0.783435,0.30554,0.128667,0.66021,0,high_risk_veto,FLAT,0.0,0.0,0.0,0.0,0,0.14823,0.781402,0.156834,0.474849,part2a21_soft_caution_overlay,artifacts_part2_g532/predictions/g532_final_consensus_tape.csv
2026-03-13,0,0.2084588872556598,0.5041188363143609,1.735468,1.802347,0.75,0.567301,0.493846,0.639027,0.65,0.6,0.80771,0.315007,0.124171,0.668144,0,high_risk_veto,FLAT,0.0,0.0,0.0,0.0,0,0.126106,0.794596,0.13711,0.437768,part2a21_soft_caution_overlay,artifacts_part2_g532/predictions/g532_final_consensus_tape.csv
2026-03-16,0,0.1999342567598219,0.4293745655715024,1.182766,1.666725,0.5,0.570983,0.494056,0.568031,0.65,0.6,0.797191,0.310905,0.122623,0.670919,0,high_risk_veto,FLAT,0.0,0.0,0.0,0.0,0,0.147933,0.87428,0.138071,0.439573,part2a21_soft_caution_overlay,artifacts_part2_g532/predictions/g532_final_consensus_tape.csv
2026-03-17,0,0.2015133184894006,0.4554072739717283,1.456517,1.45825,0.5,0.566501,0.4938,0.46121,0.65,0.6,0.809999,0.315899,0.117852,0.679621,0,high_risk_veto,FLAT,0.0,0.0,0.0,0.0,0,0.141646,0.878813,0.124326,0.413733,part2a21_soft_caution_overlay,artifacts_part2_g532/predictions/g532_final_consensus_tape.csv
2026-03-18,0,0.1976471562357011,0.6323609558062625,2.066294,1.568526,0.75,0.567828,0.493876,0.517913,0.65,0.6,0.806204,0.31442,0.111418,0.69172,0,high_risk_veto,FLAT,0.0,0.0,0.0,0.0,0,0.149453,0.878685,0.124713,0.41446,part2a21_soft_caution_overlay,artifacts_part2_g532/predictions/g532_final_consensus_tape.csv
2026-03-19,0,0.1973772136142327,0.6345547019799144,1.739056,1.753956,0.75,0.566392,0.493794,0.61417,0.65,0.6,0.810307,0.31602,0.111417,0.691723,0,high_risk_veto,FLAT,0.0,0.0,0.0,0.0,0,0.141398,0.878903,0.124054,0.413222,part2a21_soft_caution_overlay,artifacts_part2_g532/predictions/g532_final_consensus_tape.csv
2026-03-20,0,0.1978943139639399,0.5659553027899399,2.173229,1.99286,0.75,0.571134,0.494065,0.737079,0.65,0.6,0.796761,0.310737,0.097596,0.719226,0,high_risk_veto,FLAT,0.0,0.0,0.0,0.0,0,0.16348,0.877262,0.129027,0.422571,part2a21_soft_caution_overlay,artifacts_part2_g532/predictions/g532_final_consensus_tape.csv
2026-03-23,0,0.1974428658377792,0.6301335522637136,1.232946,1.715077,0.5,0.56898,0.493942,0.593519,0.65,0.6,0.802913,0.313136,0.102421,0.709378,0,high_risk_veto,FLAT,0.0,0.0,0.0,0.0,0,0.147197,0.876729,0.130645,0.425612,part2a21_soft_caution_overlay,artifacts_part2_g532/predictions/g532_final_consensus_tape.csv
2026-03-24,0,0.1974987997367446,0.6413464269999972,1.80132,1.735832,0.75,0.573064,0.494175,0.603428,0.65,0.6,0.791247,0.308586,0.101463,0.711313,0,high_risk_veto,FLAT,0.0,0.0,0.0,0.0,0,0.162348,0.874526,0.137323,0.438166,part2a21_soft_caution_overlay,artifacts_part2_g532/predictions/g532_final_consensus_tape.csv
2026-03-25,0,0.196961784816765,0.6997925915534448,1.365466,1.466577,0.5,0.568965,0.493941,0.464835,0.65,0.6,0.802958,0.313154,0.09809,0.718206,0,high_risk_veto,FLAT,0.0,0.0,0.0,0.0,0,0.152255,0.877783,0.127448,0.419602,part2a21_soft_caution_overlay,artifacts_part2_g532/predictions/g532_final_consensus_tape.csv
2026-03-26,0,0.19835159335036,0.509585962735257,2.328496,1.831761,0.75,0.580387,0.494594,0.651889,0.65,0.6,0.770322,0.300425,0.091573,0.731909,0,high_risk_veto,FLAT,0.0,0.0,0.0,0.0,0,0.18458,0.864952,0.152366,0.466448,part2a21_soft_caution_overlay,artifacts_part2_g532/predictions/g532_final_consensus_tape.csv
2026-03-27,0,0.1984518738912847,0.4935521177294195,2.138159,1.944041,0.75,0.58541,0.494881,0.70962,0.65,0.6,0.755971,0.294829,0.1202,0.67531,0,high_risk_veto,FLAT,0.0,0.0,0.0,0.0,0,0.202536,0.858058,0.161002,0.482684,part2a21_soft_caution_overlay,artifacts_part2_g532/predictions/g532_final_consensus_tape.csv
2026-03-30,0,0.1983398874424022,0.5087096633768944,1.639076,2.035244,0.75,0.5828,0.494731,0.757586,0.5,0.6,0.763429,0.137417,0.115266,0.684433,0,high_risk_veto,FLAT,0.0,0.0,0.0,0.0,0,0.185503,0.857828,0.161288,0.483221,part2a21_soft_caution_overlay,artifacts_part2_g532/predictions/g532_final_consensus_tape.csv
2026-03-31,0,0.1974648895568956,0.5942831347986314,0.41531,1.397515,0.5,0.594394,0.495394,0.421452,0.5,0.6,0.730304,0.131455,0.193894,0.563198,1,ok,FLAT,0.0,0.0,0.0,0.0,0,0.220387,0.837927,0.185292,0.52835,part2a21_soft_caution_overlay,artifacts_part2_g532/predictions/g532_final_consensus_tape.csv
2026-04-01,0,0.1971180182048991,0.6951651228189554,1.163806,1.072731,0.5,0.572742,0.494157,0.25943,0.75,1.0,0.792164,0.594123,0.196295,0.560167,1,ok,FLAT,0.0,0.0,0.0,0.0,0,0.168558,0.876213,0.13221,0.428554,part2a21_soft_caution_overlay,artifacts_part2_g532/predictions/g532_final_consensus_tape.csv
2026-04-02,0,0.1972285097889641,0.6736312452593114,1.535868,1.038328,0.5,0.591578,0.495233,0.234094,0.75,0.6,0.738349,0.332257,0.19596,0.560589,1,ok,FLAT,0.0,0.0,0.0,0.0,0,0.231422,0.852886,0.167371,0.494657,part2a21_soft_caution_overlay,artifacts_part2_g532/predictions/g532_final_consensus_tape.csv
2026-04-03,0,0.1972494337677569,0.6591054595989962,1.571815,1.42383,0.75,0.579879,0.494565,0.43953,0.75,1.0,0.771774,0.578831,0.193587,0.563587,1,ok,FLAT,0.0,0.0,0.0,0.0,0,0.189021,0.868688,0.147612,0.45751,part2a21_soft_caution_overlay,artifacts_part2_g532/predictions/g532_final_consensus_tape.csv
2026-04-06,0,0.196641559409222,0.7229851410085968,1.440605,1.516096,0.5,0.581211,0.494641,0.487227,0.75,1.0,0.76797,0.575977,0.193007,0.564325,1,ok,VOO,0.023755,0.023755,0.023755,0.0,0,0.190017,0.865055,0.152235,0.466202,part2a21_soft_caution_overlay,artifacts_part2_g532/predictions/g532_final_consensus_tape.csv
2026-04-07,0,0.1972808563757238,0.6904746055145026,1.581198,1.531206,0.75,0.579191,0.494525,0.495632,0.75,1.0,0.773739,0.580304,0.193346,0.563894,1,ok,VOO,0.023755,0.023755,0.023755,0.0,0,0.188823,0.8707,0.145028,0.452654,part2a21_soft_caution_overlay,artifacts_part2_g532/predictions/g532_final_consensus_tape.csv
2026-04-08,0,0.196758907323093,0.7262565632326771,0.726764,1.249522,0.5,0.562964,0.493598,0.354438,0.75,1.0,0.820104,0.615078,0.224051,0.527369,1,ok,VOO,0.023755,0.023755,0.023755,0.0,0,0.128606,0.880738,0.118489,0.402759,part2a21_soft_caution_overlay,artifacts_part2_g532/predictions/g532_final_consensus_tape.csv
2026-04-09,0,0.1977162373044214,0.6159105792578871,1.442423,1.250128,0.5,0.559143,0.49338,0.356021,0.955768,1.0,0.83102,0.794262,0.213783,0.539045,1,ok,VOO,0.023755,0.023755,0.023755,0.0,0,0.13219,0.88643,0.101232,0.370316,part2a21_soft_caution_overlay,artifacts_part2_g532/predictions/g532_final_consensus_tape.csv
2026-04-10,0,0.197483067371471,0.6180108366543265,1.587431,1.252206,0.5,0.566853,0.49382,0.354527,0.75,1.0,0.808991,0.606743,0.179796,0.581671,1,ok,VOO,0.023755,0.023755,0.023755,0.0,0,0.150287,0.880122,0.120358,0.406274,part2a21_soft_caution_overlay,artifacts_part2_g532/predictions/g532_final_consensus_tape.csv
2026-04-13,0,0.1969982905909382,0.6915555873547076,1.329504,1.453119,0.5,0.557598,0.493291,0.461038,0.957781,1.0,0.835433,0.800162,0.154766,0.61764,1,ok,VOO,0.034178,0.034178,0.034178,0.0,0,0.116205,0.885167,0.105061,0.377515,part2a21_soft_caution_overlay,artifacts_part2_g532/predictions/g532_final_consensus_tape.csv
2026-04-14,0,0.1983414714742358,0.5082020081415015,1.12141,1.346115,0.5,0.5639,0.493651,0.404016,0.75,1.0,0.817428,0.613071,0.115184,0.684587,1,ok,VOO,0.034178,0.034178,0.034178,0.0,0,0.151406,0.884184,0.108043,0.38312,part2a21_soft_caution_overlay,artifacts_part2_g532/predictions/g532_final_consensus_tape.csv
2026-04-15,0,0.2011842555244498,0.4587005368881259,1.310843,1.253919,0.5,0.577294,0.494417,0.351913,0.75,1.0,0.779161,0.584371,0.116336,0.682434,1,ok,VOO,0.034178,0.034178,0.034178,0.0,0,0.196265,0.875969,0.132947,0.429941,part2a21_soft_caution_overlay,artifacts_part2_g532/predictions/g532_final_consensus_tape.csv
2026-04-16,0,0.2098936193459942,0.422909040752597,1.66797,1.366741,0.5,0.568968,0.493941,0.413133,0.75,1.0,0.802947,0.60221,0.110114,0.694224,1,ok,VOO,0.034178,0.034178,0.034178,0.0,0,0.163944,0.800168,0.120217,0.406009,part2a21_soft_caution_overlay,artifacts_part2_g532/predictions/g532_final_consensus_tape.csv
2026-04-17,0,0.194695350113334,0.4931105808052563,1.403366,1.460727,0.5,0.569175,0.493953,0.461746,0.75,1.0,0.802357,0.601768,0.103897,0.70642,1,ok,VOO,0.034178,0.034178,0.034178,0.0,0,0.169975,0.881133,0.117292,0.400509,part2a21_soft_caution_overlay,artifacts_part2_g532/predictions/g532_final_consensus_tape.csv
2026-04-20,0,0.1971533337451764,0.4753968778813258,1.938007,1.669781,0.75,0.562916,0.493595,0.571408,0.75,1.0,0.82024,0.61518,0.111778,0.691031,1,ok,VOO,0.036437,0.036437,0.036437,0.0,0,0.141576,0.883451,0.110263,0.387295,part2a21_soft_caution_overlay,artifacts_part2_g532/predictions/g532_final_consensus_tape.csv
2026-04-21,0,0.1949110083055913,0.4827410293875174,2.021378,1.787584,0.75,0.572204,0.494126,0.63045,0.65,0.6,0.793704,0.309544,0.112418,0.689812,0,high_risk_veto,VOO,0.036437,0.036437,0.036437,0.0,0,0.166661,0.876524,0.131266,0.426779,part2a21_soft_caution_overlay,artifacts_part2_g532/predictions/g532_final_consensus_tape.csv
2026-04-22,0,0.1930500556032897,0.4930537429502492,1.397254,1.785547,0.5,0.570069,0.494004,0.629804,0.65,0.6,0.799802,0.311923,0.0698,0.781737,0,high_risk_veto,VOO,0.036437,0.036437,0.036437,0.0,0,0.165955,0.87915,0.123304,0.411811,part2a21_soft_caution_overlay,artifacts_part2_g532/predictions/g532_final_consensus_tape.csv
2026-04-23,0,0.1922626127985132,0.4988288085987578,2.113909,1.84418,0.75,0.575495,0.494314,0.659227,0.65,0.6,0.784299,0.305877,0.07877,0.76041,0,high_risk_veto,VOO,0.036437,0.036437,0.036437,0.0,0,0.183669,0.875729,0.133678,0.431314,part2a21_soft_caution_overlay,artifacts_part2_g532/predictions/g532_final_consensus_tape.csv
2026-04-24,0,0.1856586509825202,0.5359824321280794,1.425572,1.645578,0.5,0.571146,0.494065,0.557032,0.65,0.6,0.796727,0.310723,0.07707,0.764363,0,high_risk_veto,VOO,0.036437,0.036437,0.036437,0.0,0,0.167927,0.878156,0.126317,0.417477,part2a21_soft_caution_overlay,artifacts_part2_g532/predictions/g532_final_consensus_tape.csv
2026-04-27,0,0.195867661792306,0.4777366853769182,2.003535,1.847672,0.75,0.568687,0.493925,0.662236,0.65,0.6,0.803752,0.313463,0.075399,0.768288,0,high_risk_veto,FLAT,0.0,0.0,0.0,0.0,0,0.159068,0.879537,0.122131,0.409607,part2a21_soft_caution_overlay,artifacts_part2_g532/predictions/g532_final_consensus_tape.csv
2026-04-28,0,0.2103575854678441,0.4124267593852249,2.259593,1.896233,0.75,0.567951,0.493883,0.687499,0.65,0.6,0.805854,0.314283,0.081212,0.754803,0,high_risk_veto,FLAT,0.0,0.0,0.0,0.0,0,0.148666,0.798365,0.125683,0.416284,part2a21_soft_caution_overlay,artifacts_part2_g532/predictions/g532_final_consensus_tape.csv
2026-04-29,0,0.1835264340756735,0.5383498395673062,1.835439,2.032856,0.5,0.566731,0.493813,0.758365,0.65,0.6,0.809339,0.315642,0.0719,0.776638,0,high_risk_veto,FLAT,0.0,0.0,0.0,0.0,0,0.15759,0.881773,0.115352,0.396861,part2a21_soft_caution_overlay,artifacts_part2_g532/predictions/g532_final_consensus_tape.csv
2026-04-30,0,0.2237662881655265,0.3769150866531784,1.773716,1.956249,0.5,0.566825,0.493819,0.718726,0.65,0.6,0.809071,0.315538,0.076445,0.765826,0,high_risk_veto,FLAT,0.0,0.0,0.0,0.0,0,0.148348,0.799762,0.121449,0.408325,part2a21_soft_caution_overlay,artifacts_part2_g532/predictions/g532_final_consensus_tape.csv
2026-05-01,0,0.2283346327260605,0.3625655211347882,1.832022,1.813726,0.5,0.572125,0.494121,0.644025,0.65,0.6,0.793928,0.309632,0.073277,0.773331,0,high_risk_veto,FLAT,0.0,0.0,0.0,0.0,0,0.165741,0.796438,0.131528,0.427272,part2a21_soft_caution_overlay,artifacts_part2_g532/predictions/g532_final_consensus_tape.csv
2026-05-04,0,0.1851148209032581,0.5332654231031618,2.218474,1.941404,0.75,0.565586,0.493748,0.711232,0.65,0.6,0.812611,0.316918,0.072122,0.776104,0,high_risk_veto,FLAT,0.0,0.0,0.0,0.0,0,0.153655,0.882455,0.113284,0.392974,part2a21_soft_caution_overlay,artifacts_part2_g532/predictions/g532_final_consensus_tape.csv
2026-05-05,0,0.2067995590456715,0.4329229251375719,1.818793,1.95643,0.5,0.563699,0.49364,0.719274,0.65,0.6,0.818002,0.319021,0.06917,0.783281,0,high_risk_veto,FLAT,0.0,0.0,0.0,0.0,0,0.141912,0.802503,0.113137,0.392697,part2a21_soft_caution_overlay,artifacts_part2_g532/predictions/g532_final_consensus_tape.csv
2026-05-06,0,0.1971215390039239,0.4818539699540167,1.620302,1.885856,0.5,0.570329,0.494019,0.681737,0.65,0.6,0.799061,0.311634,0.06879,0.784216,0,high_risk_veto,FLAT,0.0,0.0,0.0,0.0,0,0.17216,0.880082,0.120478,0.406499,part2a21_soft_caution_overlay,artifacts_part2_g532/predictions/g532_final_consensus_tape.csv
2026-05-07,0,0.1818382270464084,0.5592944508636263,2.327857,1.922317,0.75,0.561895,0.493537,0.701934,0.65,0.6,0.823158,0.321032,0.064022,0.796123,0,high_risk_veto,FLAT,0.0,0.0,0.0,0.0,0,0.140514,0.88456,0.106901,0.380975,part2a21_soft_caution_overlay,artifacts_part2_g532/predictions/g532_final_consensus_tape.csv
2026-05-08,0,0.1908296421513082,0.5114271233147436,1.748078,1.898746,0.5,0.565707,0.493755,0.689161,0.65,0.6,0.812266,0.316784,0.063652,0.797062,0,high_risk_veto,FLAT,0.0,0.0,0.0,0.0,0,0.151389,0.881835,0.115164,0.396508,part2a21_soft_caution_overlay,artifacts_part2_g532/predictions/g532_final_consensus_tape.csv
2026-05-11,0,0.1912273827903422,0.5015798989406433,2.405784,2.160573,0.5,0.572625,0.49415,0.823892,0.65,0.6,0.792501,0.309075,0.064446,0.795048,0,high_risk_veto,FLAT,0.0,0.0,0.0,0.0,0,0.166561,0.875957,0.132984,0.430009,part2a21_soft_caution_overlay,artifacts_part2_g532/predictions/g532_final_consensus_tape.csv
2026-05-12,0,0.1797985787541102,0.5602783876071435,2.674315,2.276059,0.75,0.57227,0.49413,0.883832,0.65,0.6,0.793515,0.309471,0.049576,0.834514,0,high_risk_veto,FLAT,0.0,0.0,0.0,0.0,0,0.174427,0.878026,0.126712,0.418219,part2a21_soft_caution_overlay,artifacts_part2_g532/predictions/g532_final_consensus_tape.csv
2026-05-13,0,0.1926350301146217,0.5713969069913851,2.070645,2.383581,0.5,0.575527,0.494316,0.939506,0.65,0.6,0.784209,0.305842,0.049907,0.833591,0,high_risk_veto,FLAT,0.0,0.0,0.0,0.0,0,0.17036,0.889451,0.142051,0.447055,part2a21_soft_caution_overlay,artifacts_part2_g532/predictions/g532_final_consensus_tape.csv
2026-05-14,0,0.1942312823133644,0.5610652334435355,2.140897,2.295286,0.5,0.577256,0.494415,0.89353,0.65,0.6,0.779269,0.303915,0.05123,0.82993,0,high_risk_veto,FLAT,0.0,0.0,0.0,0.0,0,0.178352,0.888058,0.143901,0.450534,part2a21_soft_caution_overlay,artifacts_part2_g532/predictions/g532_final_consensus_tape.csv
2026-05-15,0,0.2014842963761046,0.513076303576934,2.854602,2.355382,0.75,0.579189,0.494525,0.92471,0.65,0.6,0.773746,0.301761,0.066609,0.789619,0,high_risk_veto,FLAT,0.0,0.0,0.0,0.0,0,0.170872,0.878435,0.156146,0.473554,part2a21_soft_caution_overlay,artifacts_part2_g532/predictions/g532_final_consensus_tape.csv
2026-05-18,0,0.1971247562620805,0.5037475876490474,2.496721,2.497407,0.75,0.570453,0.494026,0.998656,0.65,0.6,0.798705,0.311495,0.067309,0.787875,0,high_risk_veto,FLAT,0.0,0.0,0.0,0.0,0,0.158109,0.893531,0.129678,0.423795,part2a21_soft_caution_overlay,artifacts_part2_g532/predictions/g532_final_consensus_tape.csv
2026-05-19,0,0.198820549433059,0.5149701180506625,2.573885,2.641736,0.75,0.573646,0.494208,1.0,0.65,0.6,0.789582,0.307937,0.072416,0.775396,0,high_risk_veto,FLAT,0.0,0.0,0.0,0.0,0,0.164511,0.890696,0.138275,0.439958,part2a21_soft_caution_overlay,artifacts_part2_g532/predictions/g532_final_consensus_tape.csv
2026-05-20,0,0.1947717990107595,0.5130431342710411,1.934892,2.335166,0.5,0.564702,0.493697,0.914828,0.65,0.6,0.815137,0.317903,0.06424,0.79557,0,high_risk_veto,FLAT,0.0,0.0,0.0,0.0,0,0.136663,0.896612,0.120338,0.406235,part2a21_soft_caution_overlay,artifacts_part2_g532/predictions/g532_final_consensus_tape.csv
2026-05-21,0,0.1929853954708253,0.5135634997311697,2.421176,2.309984,0.5,0.568333,0.493905,0.901631,0.65,0.6,0.804762,0.313857,0.063171,0.798286,0,high_risk_veto,FLAT,0.0,0.0,0.0,0.0,0,0.143731,0.893344,0.130247,0.424864,part2a21_soft_caution_overlay,artifacts_part2_g532/predictions/g532_final_consensus_tape.csv
2026-05-22,0,0.1881413027345067,0.513282554837948,2.378184,2.244751,0.5,0.560595,0.493463,0.868388,0.65,0.6,0.826872,0.32248,0.061069,0.80368,0,high_risk_veto,FLAT,0.0,0.0,0.0,0.0,0,0.121404,0.898824,0.113631,0.393626,part2a21_soft_caution_overlay,artifacts_part2_g532/predictions/g532_final_consensus_tape.csv
2026-05-25,0,0.1866030899301379,0.5921113601702731,2.512348,2.437236,0.75,0.560372,0.49345,0.967641,0.65,0.6,0.827508,0.322728,0.058969,0.809144,0,high_risk_veto,FLAT,0.0,0.0,0.0,0.0,0,0.117077,0.898228,0.115437,0.397022,part2a21_soft_caution_overlay,artifacts_part2_g532/predictions/g532_final_consensus_tape.csv
2026-05-26,0,0.1805490433940204,0.6361007331356693,2.097245,2.329259,0.5,0.554965,0.493141,0.912217,0.65,0.6,0.842956,0.328753,0.058991,0.809085,0,high_risk_veto,FLAT,0.0,0.0,0.0,0.0,0,0.119405,0.905722,0.092716,0.354306,part2a21_soft_caution_overlay,artifacts_part2_g532/predictions/g532_final_consensus_tape.csv
2026-05-27,0,0.1846061908099355,0.6115661800465406,2.673112,2.427569,0.75,0.551218,0.492927,0.962832,0.963884,1.0,0.853662,0.822831,0.055776,0.817592,1,ok,FLAT,0.0,0.0,0.0,0.0,0,0.105282,0.907699,0.086724,0.343041,part2a21_soft_caution_overlay,artifacts_part2_g532/predictions/g532_final_consensus_tape.csv
2026-05-28,0,0.1869830654115385,0.6041391227433945,2.378615,2.382991,0.5,0.551215,0.492927,0.939958,0.96383,1.0,0.853671,0.822794,0.041145,0.85868,1,ok,FLAT,0.0,0.0,0.0,0.0,0,0.106722,0.907997,0.085818,0.341337,part2a21_soft_caution_overlay,artifacts_part2_g532/predictions/g532_final_consensus_tape.csv
2026-05-29,0,0.1852056163183935,0.6119678976141928,2.55672,2.536149,0.5,0.553913,0.493081,1.0,0.961225,1.0,0.845962,0.81316,0.031541,0.887971,1,ok,FLAT,0.0,0.0,0.0,0.0,0,0.111938,0.905561,0.093204,0.355223,part2a21_soft_caution_overlay,artifacts_part2_g532/predictions/g532_final_consensus_tape.csv
2026-06-01,0,0.1844169782162222,0.6182204308563746,2.534137,2.489824,0.5,0.555027,0.493144,0.994768,0.959952,1.0,0.84278,0.809028,0.034062,0.88009,1,ok,VOO,0.106244,0.106244,0.106244,0.0,0,0.118995,0.905558,0.093213,0.35524,part2a21_soft_caution_overlay,artifacts_part2_g532/predictions/g532_final_consensus_tape.csv
2026-06-02,0,0.1798437959715015,0.6291524397616771,2.63994,2.576933,0.5,0.554885,0.493136,1.0,0.960043,1.0,0.843187,0.809496,0.026149,0.905308,1,ok,VOO,0.106244,0.106244,0.106244,0.0,0,0.119874,0.905923,0.092107,0.353162,part2a21_soft_caution_overlay,artifacts_part2_g532/predictions/g532_final_consensus_tape.csv
2026-06-03,0,0.1855811388557385,0.5836980516415206,2.963574,2.71255,0.75,0.56735,0.493849,1.0,0.75,1.0,0.807571,0.605678,0.039668,0.863056,1,ok,VOO,0.106244,0.106244,0.106244,0.0,0,0.154564,0.896835,0.119663,0.404966,part2a21_soft_caution_overlay,artifacts_part2_g532/predictions/g532_final_consensus_tape.csv
2026-06-04,0,0.1829374894021945,0.6152732891352906,2.920138,2.841217,0.75,0.56682,0.493818,1.0,0.75,1.0,0.809084,0.606813,0.040391,0.860907,1,ok,VOO,0.106244,0.106244,0.106244,0.0,0,0.152683,0.897138,0.118744,0.403239,part2a21_soft_caution_overlay,artifacts_part2_g532/predictions/g532_final_consensus_tape.csv
2026-06-05,0,0.1982591538313703,0.5312151513092808,3.960248,3.28132,0.75,0.582739,0.494728,1.0,0.65,0.6,0.763602,0.297805,0.117113,0.680989,0,high_risk_veto,VOO,0.106244,0.106244,0.106244,0.0,0,0.185494,0.874499,0.161055,0.482783,part2a21_soft_caution_overlay,artifacts_part2_g532/predictions/g532_final_consensus_tape.csv
2026-06-08,0,0.1951321372494284,0.5265473703146968,2.175352,3.018579,0.5,0.58183,0.494676,1.0,0.65,0.6,0.766201,0.298818,0.119429,0.67672,0,high_risk_veto,FLAT,0.0,0.0,0.0,0.0,0,0.181336,0.875307,0.160052,0.480898,part2a21_soft_caution_overlay,artifacts_part2_g532/predictions/g532_final_consensus_tape.csv
2026-06-09,0,0.1953199228757183,0.5247457094900584,2.96865,3.03475,0.75,0.580105,0.494577,1.0,0.65,0.6,0.77113,0.300741,0.120397,0.674952,0,high_risk_veto,FLAT,0.0,0.0,0.0,0.0,0,0.189407,0.884664,0.14826,0.458729,part2a21_soft_caution_overlay,artifacts_part2_g532/predictions/g532_final_consensus_tape.csv
2026-06-10,0,0.2140850173764025,0.4687055549699652,3.187294,2.777099,0.75,0.583377,0.494764,1.0,0.65,0.6,0.761781,0.297095,0.137174,0.645704,0,high_risk_veto,FLAT,0.0,0.0,0.0,0.0,0,0.165324,0.771198,0.176065,0.511002,part2a21_soft_caution_overlay,artifacts_part2_g532/predictions/g532_final_consensus_tape.csv
2026-06-11,0,0.2015170516902803,0.4014827308553119,1.696468,2.617471,0.5,0.596824,0.495533,1.0,0.75,0.6,0.72336,0.325512,0.148667,0.62709,1,ok,FLAT,0.0,0.0,0.0,0.0,0,0.231312,0.841037,0.188085,0.5336,part2a21_soft_caution_overlay,artifacts_part2_g532/predictions/g532_final_consensus_tape.csv
2026-06-12,0,0.1836760267714415,0.3034262881593833,2.623903,2.502555,0.5,0.571463,0.494084,1.0,0.75,1.0,0.79582,0.596865,0.155628,0.616329,1,ok,FLAT,0.0,0.0,0.0,0.0,0,0.156722,0.880948,0.134511,0.43288,part2a21_soft_caution_overlay,artifacts_part2_g532/predictions/g532_final_consensus_tape.csv
2026-06-15,0,0.1801396250268058,0.286145286491618,1.951453,2.090608,0.5,0.566193,0.493782,0.788297,0.75,1.0,0.810878,0.608158,0.178485,0.58345,1,ok,VOO,0.041957,0.041957,0.041957,0.0,0,0.146635,0.885727,0.120023,0.405643,part2a21_soft_caution_overlay,artifacts_part2_g532/predictions/g532_final_consensus_tape.csv
2026-06-16,0,0.1814551305781204,0.2987383503934083,3.355075,2.643477,0.75,0.570026,0.494001,1.0,0.75,1.0,0.799927,0.599945,0.182475,0.578068,1,ok,VOO,0.041957,0.041957,0.041957,0.0,0,0.151266,0.881699,0.132236,0.428603,part2a21_soft_caution_overlay,artifacts_part2_g532/predictions/g532_final_consensus_tape.csv
2026-06-17,0,0.1838692922453225,0.3116950276292448,3.082471,2.796333,0.75,0.574723,0.49427,1.0,0.75,1.0,0.786505,0.589879,0.183936,0.576122,1,ok,VOO,0.041957,0.041957,0.041957,0.0,0,0.159623,0.875794,0.145544,0.453622,part2a21_soft_caution_overlay,artifacts_part2_g532/predictions/g532_final_consensus_tape.csv
2026-06-18,0,0.1719821688672431,0.2474737188104819,2.14832,2.861955,0.5,0.569198,0.493954,1.0,0.75,1.0,0.80229,0.601718,0.187149,0.571887,1,ok,VOO,0.041957,0.041957,0.041957,0.0,0,0.151623,0.882845,0.128759,0.422068,part2a21_soft_caution_overlay,artifacts_part2_g532/predictions/g532_final_consensus_tape.csv
2026-06-19,0,0.1774247139324822,0.2723578526618048,2.944009,2.724933,0.75,0.571302,0.494074,1.0,0.75,1.0,0.79628,0.59721,0.152114,0.621715,1,ok,VOO,0.041957,0.041957,0.041957,0.0,0,0.156267,0.881064,0.134159,0.43222,part2a21_soft_caution_overlay,artifacts_part2_g532/predictions/g532_final_consensus_tape.csv
2026-06-22,0,0.19030926558942,0.3384610280091762,3.083627,2.725319,0.75,0.582076,0.49469,1.0,0.75,1.0,0.765498,0.574124,0.151303,0.622971,1,ok,VOO,0.053649,0.053649,0.053649,0.0,0,0.184379,0.865056,0.159134,0.479172,part2a21_soft_caution_overlay,artifacts_part2_g532/predictions/g532_final_consensus_tape.csv
2026-06-23,0,0.2136733774611752,0.4540938457188905,3.839023,3.288886,0.75,0.580046,0.494574,1.0,0.75,1.0,0.771299,0.578474,0.169601,0.595804,1,ok,VOO,0.053649,0.053649,0.053649,0.0,0,0.182714,0.790596,0.152176,0.466092,part2a21_soft_caution_overlay,artifacts_part2_g532/predictions/g532_final_consensus_tape.csv
2026-06-24,0,0.19216662639259,0.3432320141353395,2.831535,3.251395,0.75,0.595825,0.495476,1.0,0.75,0.6,0.726215,0.326797,0.155521,0.616491,1,ok,VOO,0.053649,0.053649,0.053649,0.0,0,0.241005,0.849459,0.178144,0.514911,part2a21_soft_caution_overlay,artifacts_part2_g532/predictions/g532_final_consensus_tape.csv
2026-06-25,0,0.1845469384427082,0.3124307485470775,2.597715,3.089424,0.5,0.597711,0.495584,1.0,0.75,0.6,0.720825,0.324371,0.146172,0.63104,1,ok,VOO,0.053649,0.053649,0.053649,0.0,0,0.231717,0.838252,0.191326,0.539692,part2a21_soft_caution_overlay,artifacts_part2_g532/predictions/g532_final_consensus_tape.csv
2026-06-26,0,0.199091776618952,0.3808099085102536,3.131942,2.853731,0.75,0.600403,0.495737,1.0,0.75,0.6,0.713135,0.320911,0.142368,0.637157,1,ok,VOO,0.053649,0.053649,0.053649,0.0,0,0.25274,0.840349,0.188888,0.535109,part2a21_soft_caution_overlay,artifacts_part2_g532/predictions/g532_final_consensus_tape.csv
2026-06-29,0,0.1879592056041076,0.3441794455141969,2.01363,2.581095,0.5,0.574465,0.494255,1.0,0.75,1.0,0.787242,0.590432,0.140145,0.640787,1,ok,VOO,0.056751,0.056751,0.056751,0.0,0,0.15874,0.876158,0.145075,0.452741,part2a21_soft_caution_overlay,artifacts_part2_g532/predictions/g532_final_consensus_tape.csv
2026-06-30,0,0.1755095987463645,0.2618121665760611,2.364479,2.50335,0.5,0.565717,0.493755,1.0,0.75,1.0,0.812238,0.609179,0.156404,0.615151,1,ok,VOO,0.056751,0.056751,0.056751,0.0,0,0.136626,0.884299,0.124353,0.413784,part2a21_soft_caution_overlay,artifacts_part2_g532/predictions/g532_final_consensus_tape.csv
2026-07-01,0,0.1890270971826049,0.3310958369398775,3.251427,2.543179,0.75,0.584332,0.494819,1.0,0.65,0.6,0.759052,0.29603,0.151913,0.622025,0,high_risk_veto,VOO,0.056751,0.056751,0.056751,0.0,0,0.204405,0.86788,0.155601,0.47253,part2a21_soft_caution_overlay,artifacts_part2_g532/predictions/g532_final_consensus_tape.csv
2026-07-02,0,0.1892025133895087,0.3385133374662218,3.113868,2.909925,0.75,0.56485,0.493706,1.0,0.65,0.6,0.814716,0.317739,0.148898,0.626726,0,high_risk_veto,VOO,0.056751,0.056751,0.056751,0.0,0,0.148178,0.887786,0.11378,0.393907,part2a21_soft_caution_overlay,artifacts_part2_g532/predictions/g532_final_consensus_tape.csv
2026-07-03,0,0.1988394767039997,0.3875488572287797,2.545764,2.970353,0.75,0.56977,0.493987,1.0,0.65,0.6,0.800658,0.312257,0.148898,0.626726,0,high_risk_veto,VOO,0.056751,0.056751,0.056751,0.0,0,0.157648,0.883335,0.127273,0.419274,part2a21_soft_caution_overlay,artifacts_part2_g532/predictions/g532_final_consensus_tape.csv
2026-07-06,0,0.1968269043946783,0.3857373730904618,2.129339,2.596323,0.5,0.573522,0.494201,1.0,0.65,0.6,0.789936,0.308075,0.15429,0.618368,0,high_risk_veto,FLAT,0.0,0.0,0.0,0.0,0,0.165957,0.880163,0.136892,0.437356,part2a21_soft_caution_overlay,artifacts_part2_g532/predictions/g532_final_consensus_tape.csv
2026-07-07,0,0.2021445027022739,0.4073217232767624,3.041752,2.572285,0.75,0.5627,0.493583,1.0,0.65,0.6,0.820857,0.320134,0.126243,0.664465,0,high_risk_veto,FLAT,0.0,0.0,0.0,0.0,0,0.130279,0.886917,0.116415,0.398861,part2a21_soft_caution_overlay,artifacts_part2_g532/predictions/g532_final_consensus_tape.csv
2026-07-08,0,0.2024444063853184,0.3852782974252142,2.37193,2.51434,0.5,0.562956,0.493598,1.0,0.65,0.6,0.820125,0.319849,0.116279,0.682539,0,high_risk_veto,FLAT,0.0,0.0,0.0,0.0,0,0.141165,0.883315,0.110676,0.388072,part2a21_soft_caution_overlay,artifacts_part2_g532/predictions/g532_final_consensus_tape.csv
2026-07-09,0,0.2492438120384161,0.4480569026383802,2.038423,2.484035,0.5,0.555566,0.493175,0.991789,0.65,0.6,0.84124,0.328084,0.115656,0.683702,0,high_risk_veto,FLAT,0.0,0.0,0.0,0.0,0,0.109979,0.806532,0.100922,0.369733,part2a21_soft_caution_overlay,artifacts_part2_g532/predictions/g532_final_consensus_tape.csv
2026-07-10,0,0.2352353839217094,0.4465522109519594,2.442193,2.284182,0.5,0.563669,0.493638,0.888543,0.65,0.6,0.818088,0.319054,0.09808,0.718226,0,high_risk_veto,FLAT,0.0,0.0,0.0,0.0,0,0.128528,0.799806,0.121315,0.408072,part2a21_soft_caution_overlay,artifacts_part2_g532/predictions/g532_final_consensus_tape.csv
2026-07-13,0,0.2109599359891255,0.4147665513453299,3.047053,2.509223,0.75,0.567833,0.493876,1.0,0.65,0.6,0.806191,0.314415,0.085386,0.745411,0,high_risk_veto,FLAT,0.0,0.0,0.0,0.0,0,0.131876,0.795086,0.135626,0.434977,part2a21_soft_caution_overlay,artifacts_part2_g532/predictions/g532_final_consensus_tape.csv
2026-07-14,0,0.2060415377028041,0.4009978834560526,2.119275,2.536174,0.5,0.564208,0.493669,1.0,0.65,0.6,0.816548,0.318454,0.059396,0.808026,0,high_risk_veto,FLAT,0.0,0.0,0.0,0.0,0,0.146663,0.882814,0.112194,0.390925,part2a21_soft_caution_overlay,artifacts_part2_g532/predictions/g532_final_consensus_tape.csv
2026-07-15,0,0.2247314824019046,0.4616417521523022,2.417556,2.527961,0.75,0.557564,0.493289,1.0,0.65,0.6,0.83553,0.325857,0.059178,0.808597,0,high_risk_veto,FLAT,0.0,0.0,0.0,0.0,0,0.121021,0.806196,0.101942,0.371651,part2a21_soft_caution_overlay,artifacts_part2_g532/predictions/g532_final_consensus_tape.csv
2026-07-16,0,0.2240039627210807,0.4577202009818839,2.794015,2.443615,0.75,0.563649,0.493637,0.970881,0.65,0.6,0.818146,0.319077,0.064952,0.793771,0,high_risk_veto,FLAT,0.0,0.0,0.0,0.0,0,0.128537,0.799834,0.121229,0.407911,part2a21_soft_caution_overlay,artifacts_part2_g532/predictions/g532_final_consensus_tape.csv
2026-07-17,0,0.2165763997765748,0.4413842196522493,2.664488,2.625353,0.75,0.570356,0.49402,1.0,0.65,0.6,0.798983,0.311604,0.09098,0.733182,0,high_risk_veto,FLAT,0.0,0.0,0.0,0.0,0,0.137253,0.792872,0.142221,0.447376,part2a21_soft_caution_overlay,artifacts_part2_g532/predictions/g532_final_consensus_tape.csv
2026-07-20,0,0.2174960985967678,0.4399561995542357,2.180526,2.546343,0.5,0.571218,0.49407,1.0,0.65,0.6,0.796519,0.310642,0.081219,0.754788,0,high_risk_veto,FLAT,0.0,0.0,0.0,0.0,0,0.14066,0.791882,0.143504,0.449787,part2a21_soft_caution_overlay,artifacts_part2_g532/predictions/g532_final_consensus_tape.csv
2026-07-21,0,0.238842242530303,0.469564063740372,1.745504,2.196839,0.5,0.558482,0.493342,0.843854,0.65,0.6,0.832908,0.324834,0.099097,0.716134,0,high_risk_veto,FLAT,0.0,0.0,0.0,0.0,0,0.117481,0.804281,0.107749,0.382567,part2a21_soft_caution_overlay,artifacts_part2_g532/predictions/g532_final_consensus_tape.csv
2026-07-22,0,0.2311200859736519,0.4657433635147393,2.455685,2.127238,0.75,0.558472,0.493341,0.808006,0.65,0.6,0.832938,0.324846,0.098905,0.716528,0,high_risk_veto,FLAT,0.0,0.0,0.0,0.0,0,0.116255,0.804044,0.108467,0.383918,part2a21_soft_caution_overlay,artifacts_part2_g532/predictions/g532_final_consensus_tape.csv
2026-07-23,0,0.2309536037775406,0.4580324920831646,2.851113,2.350767,0.75,0.564489,0.493685,0.922898,0.65,0.6,0.815745,0.318141,0.106748,0.700774,0,high_risk_veto,FLAT,0.0,0.0,0.0,0.0,0,0.130398,0.799124,0.123383,0.41196,part2a21_soft_caution_overlay,artifacts_part2_g532/predictions/g532_final_consensus_tape.csv
2026-07-24,0,0.2192043363651863,0.4326330299990175,2.437335,2.581378,0.75,0.563313,0.493618,1.0,0.65,0.6,0.819107,0.319452,0.100864,0.712526,0,high_risk_veto,FLAT,0.0,0.0,0.0,0.0,0,0.129094,0.800385,0.119561,0.404774,part2a21_soft_caution_overlay,artifacts_part2_g532/predictions/g532_final_consensus_tape.csv
2026-07-27,0,0.19217803406319,0.3765764121714329,2.151564,2.480004,0.75,0.560439,0.493454,0.98969,0.65,0.6,0.827317,0.322653,0.099992,0.714302,0,high_risk_veto,FLAT,0.0,0.0,0.0,0.0,0,0.130612,0.884425,0.107311,0.381745,part2a21_soft_caution_overlay,artifacts_part2_g532/predictions/g532_final_consensus_tape.csv
2026-07-28,0,0.2018333030906235,0.3982023619336131,2.227524,2.272141,0.75,0.561821,0.493533,0.882437,0.65,0.6,0.823368,0.321113,0.099284,0.71575,0,high_risk_veto,FLAT,0.0,0.0,0.0,0.0,0,0.127537,0.882002,0.114657,0.395555,part2a21_soft_caution_overlay,artifacts_part2_g532/predictions/g532_final_consensus_tape.csv
2026-07-29,0,0.2232883487746308,0.4558315917103302,2.550632,2.309907,0.75,0.575879,0.494336,0.901205,0.65,0.6,0.783202,0.305449,0.108474,0.6974,0,high_risk_veto,FLAT,0.0,0.0,0.0,0.0,0,0.141681,0.777886,0.161215,0.483084,part2a21_soft_caution_overlay,artifacts_part2_g532/predictions/g532_final_consensus_tape.csv
2026-07-30,0,0.2008984768837558,0.3925824948479282,0.979783,1.919313,0.5,0.574919,0.494281,0.698357,0.65,0.6,0.785945,0.306519,0.142754,0.636531,0,high_risk_veto,FLAT,0.0,0.0,0.0,0.0,0,0.175729,0.874853,0.136331,0.436303,part2a21_soft_caution_overlay,artifacts_part2_g532/predictions/g532_final_consensus_tape.csv
2026-07-31,0,0.1988841186048973,0.4160513246487061,1.777752,1.769389,0.5,0.567199,0.49384,0.621994,0.65,0.6,0.808003,0.315121,0.137809,0.644647,0,high_risk_veto,FLAT,0.0,0.0,0.0,0.0,0,0.155705,0.88078,0.118361,0.402519,part2a21_soft_caution_overlay,artifacts_part2_g532/predictions/g532_final_consensus_tape.csv
2026-08-03,0,0.1900524778591229,0.402013118709579,1.454176,1.403903,0.5,0.568031,0.493887,0.432653,0.65,0.6,0.805627,0.314194,0.147801,0.628455,0,high_risk_veto,FLAT,0.0,0.0,0.0,0.0,0,0.158509,0.880274,0.119896,0.405405,part2a21_soft_caution_overlay,artifacts_part2_g532/predictions/g532_final_consensus_tape.csv
2026-08-04,0,0.2177786421865255,0.438670392036626,1.135626,1.455851,0.5,0.570335,0.494019,0.458896,0.65,0.6,0.799042,0.311626,0.152279,0.621459,0,high_risk_veto,FLAT,0.0,0.0,0.0,0.0,0,0.151777,0.795906,0.133139,0.430301,part2a21_soft_caution_overlay,artifacts_part2_g532/predictions/g532_final_consensus_tape.csv
2026-08-05,0,0.201640122365251,0.398197441762293,2.384747,1.658183,0.75,0.547071,0.49269,0.568946,0.65,0.6,0.86551,0.337549,0.154491,0.618061,0,high_risk_veto,FLAT,0.0,0.0,0.0,0.0,0,0.09097,0.91565,0.079275,0.329036,part2a21_soft_caution_overlay,artifacts_part2_g532/predictions/g532_final_consensus_tape.csv
2026-08-06,0,0.2209477786018489,0.453798524926866,2.182585,1.900986,0.75,0.555556,0.493175,0.691936,0.65,0.6,0.841267,0.328094,0.13939,0.642031,0,high_risk_veto,FLAT,0.0,0.0,0.0,0.0,0,0.109799,0.828486,0.100996,0.369873,part2a21_soft_caution_overlay,artifacts_part2_g532/predictions/g532_final_consensus_tape.csv
2026-08-07,0,0.22249243495507,0.4718632261215449,1.772102,2.113145,0.5,0.555295,0.49316,0.801073,0.65,0.6,0.842013,0.328385,0.136894,0.646171,0,high_risk_veto,FLAT,0.0,0.0,0.0,0.0,0,0.113842,0.829651,0.097463,0.36323,part2a21_soft_caution_overlay,artifacts_part2_g532/predictions/g532_final_consensus_tape.csv
2026-08-10,0,0.213903951073285,0.4261622907901798,2.226471,2.060386,0.75,0.555558,0.493175,0.773913,0.65,0.6,0.841263,0.328093,0.132049,0.654366,0,high_risk_veto,FLAT,0.0,0.0,0.0,0.0,0,0.109591,0.828442,0.10113,0.370125,part2a21_soft_caution_overlay,artifacts_part2_g532/predictions/g532_final_consensus_tape.csv
2026-08-11,0,0.204796180320257,0.3963375053225489,2.260501,2.086358,0.75,0.563943,0.493654,0.786348,0.65,0.6,0.817306,0.31875,0.137504,0.645155,0,high_risk_veto,FLAT,0.0,0.0,0.0,0.0,0,0.146543,0.905112,0.111225,0.389102,part2a21_soft_caution_overlay,artifacts_part2_g532/predictions/g532_final_consensus_tape.csv
2026-08-12,0,0.207827195273912,0.4214428308644201,1.988767,2.15858,0.5,0.555751,0.493186,0.824395,0.65,0.6,0.840711,0.327877,0.109535,0.695343,0,high_risk_veto,FLAT,0.0,0.0,0.0,0.0,0,0.11295,0.828877,0.099809,0.367641,part2a21_soft_caution_overlay,artifacts_part2_g532/predictions/g532_final_consensus_tape.csv
2026-08-13,0,0.2052901166105957,0.4396839690232464,1.913839,2.054369,0.5,0.552376,0.492993,0.771193,0.65,0.6,0.850355,0.331639,0.092955,0.728958,0,high_risk_veto,FLAT,0.0,0.0,0.0,0.0,0,0.105867,0.911811,0.090915,0.350921,part2a21_soft_caution_overlay,artifacts_part2_g532/predictions/g532_final_consensus_tape.csv
2026-08-14,0,0.2264951675532983,0.5219103102797692,2.365551,2.089386,0.75,0.557258,0.493272,0.788642,0.65,0.6,0.836404,0.326198,0.088678,0.738165,0,high_risk_veto,FLAT,0.0,0.0,0.0,0.0,0,0.106238,0.825549,0.109902,0.386615,part2a21_soft_caution_overlay,artifacts_part2_g532/predictions/g532_final_consensus_tape.csv
2026-08-17,0,0.226783961857041,0.5183078111901654,2.398841,2.226077,0.75,0.547223,0.492698,0.859726,0.65,0.6,0.865076,0.33738,0.07847,0.761104,0,high_risk_veto,FLAT,0.0,0.0,0.0,0.0,0,0.094841,0.836244,0.077474,0.32565,part2a21_soft_caution_overlay,artifacts_part2_g532/predictions/g532_final_consensus_tape.csv
2026-08-18,0,0.2117138118667776,0.435474578905739,2.739281,2.501224,0.75,0.564203,0.493669,1.0,0.65,0.6,0.816562,0.318459,0.063259,0.798063,0,high_risk_veto,FLAT,0.0,0.0,0.0,0.0,0,0.1435,0.824152,0.114137,0.394577,part2a21_soft_caution_overlay,artifacts_part2_g532/predictions/g532_final_consensus_tape.csv
2026-08-19,0,0.2311869600193973,0.5298187660803162,2.217589,2.451904,0.75,0.55381,0.493075,0.975287,0.65,0.6,0.846257,0.33004,0.063369,0.797782,0,high_risk_veto,FLAT,0.0,0.0,0.0,0.0,0,0.107683,0.83032,0.095435,0.359418,part2a21_soft_caution_overlay,artifacts_part2_g532/predictions/g532_final_consensus_tape.csv
2026-08-20,0,0.2338676653789759,0.5198896829384968,2.42131,2.459393,0.75,0.572938,0.494168,0.978928,0.65,0.6,0.791607,0.308727,0.064982,0.793695,0,high_risk_veto,FLAT,0.0,0.0,0.0,0.0,0,0.153107,0.814593,0.142555,0.448004,part2a21_soft_caution_overlay,artifacts_part2_g532/predictions/g532_final_consensus_tape.csv
2026-08-21,0,0.2430175907169052,0.5682745325344001,2.106721,2.24854,0.5,0.573886,0.494222,0.869447,0.65,0.6,0.788898,0.30767,0.069672,0.782051,0,high_risk_veto,FLAT,0.0,0.0,0.0,0.0,0,0.160626,0.815085,0.141626,0.446256,part2a21_soft_caution_overlay,artifacts_part2_g532/predictions/g532_final_consensus_tape.csv
2026-08-24,0,0.2352657184193756,0.5332513102616322,2.447002,2.325011,0.75,0.56641,0.493795,0.909501,0.65,0.6,0.810256,0.316,0.066439,0.79004,0,high_risk_veto,FLAT,0.0,0.0,0.0,0.0,0,0.148692,0.822348,0.119604,0.404856,part2a21_soft_caution_overlay,artifacts_part2_g532/predictions/g532_final_consensus_tape.csv
2026-08-25,0,0.2329019782377089,0.5260401372409308,1.918983,2.157569,0.5,0.566825,0.493819,0.822866,0.65,0.6,0.809073,0.315538,0.064775,0.794218,0,high_risk_veto,FLAT,0.0,0.0,0.0,0.0,0,0.150099,0.822098,0.120362,0.406281,part2a21_soft_caution_overlay,artifacts_part2_g532/predictions/g532_final_consensus_tape.csv
2026-08-26,1,0.2342349260247047,0.5241933628183933,2.118386,2.161457,0.75,0.571646,0.494094,0.824439,0.65,0.6,0.795297,0.310166,0.063377,0.79776,0,high_risk_veto,FLAT,0.0,0.0,0.0,0.0,0,0.152914,0.816416,0.137591,0.438672,part2a21_soft_caution_overlay,artifacts_part2_g532/predictions/g532_final_consensus_tape.csv
