{
  "part": "part2a21_alpha",
  "version": "PART_2A21_HARDENED_CROSS_SECTIONAL_ALPHA_V1",
  "horizon": 7,
  "holdout_start": "2020-01-01",
  "panel_rows": 23445,
  "realized_panel_rows": 23340,
  "dates": 1563,
  "realized_dates": 1292,
  "classification_raw": {
    "auc": 0.4984644355333397,
    "pr": 0.4957179004110549,
    "lift": 0.9947601922099579,
    "brier": 0.2512961869142629,
    "ece": 0.03562031838509808
  },
  "classification_cal_candidate": {
    "auc": 0.48817379031870495,
    "pr": 0.49338614571858475,
    "lift": 0.9900810455740493,
    "brier": 0.25103424407821273,
    "ece": 0.013892741127580443
  },
  "classification_final_used": {
    "auc": 0.5069006100778253,
    "pr": 0.5044217266536355,
    "lift": 1.0122262144352034,
    "brier": 0.25074471997080194,
    "ece": 0.016708341180122016
  },
  "calibration_gate_on_rate": 0.5118362124120281,
  "alpha_drift_alarm_rate": 0.09852847088931542,
  "risk_rmse": 0.02477287150473072,
  "risk_mae": 0.017966820363019633,
  "rel_mae_zero": 0.0179408722369769,
  "alpha_rmse": 0.025801814274249005,
  "alpha_mae": 0.01844655849741888,
  "alpha_mae_zero": 0.017966820363019633,
  "mean_rank_ic": 0.020837747074362003,
  "mean_topk_rel_ret_net": 0.0001201287275188429,
  "ir_topk_rel_ret_net": 0.6053668709871433,
  "mean_selection_hit_rate": 0.5410216718266254,
  "mean_breadth_selected": 1.0123839009287925,
  "mean_eligible_breadth": 4.008513931888545,
  "mean_budget_used": 0.03831269349845201,
  "live_eligible_names": [
    "EEM",
    "EFA",
    "IWM",
    "SMH"
  ],
  "shuffle_auc_median": 0.4999505607637842,
  "final_pass": true,
  "positions_out": "./artifacts_part2a_alpha/predictions/part2a21_alpha_positions.csv",
  "summary_tape_out": "./artifacts_part2a_alpha/predictions/part2a21_alpha_summary_tape.csv",
  "eligibility_out": "./artifacts_part2a_alpha/predictions/part2a21_alpha_eligibility.csv"
}