Date,is_live,prob_voo,p0,alpha_score_raw,alpha_score,component_agreement,entry_z_eff,agreement_min_eff,signal_strength,defense_alpha_scale,governance_mult,caution_shrink,alpha_scale_effective,excess_vol10,vol_shrink,eligible,eligibility_reason,alpha_leg,alpha_position,alpha_abs,w_alpha_voo,w_alpha_ief,dist_overlay_on_g53,dist_overlay_strength_g53,dist_trust_score_g53,dist_width_caution_g53,uncertainty_penalty_g5,prob_source,tape_source
2020-01-01,0,0.2247711273289561,0.5636272847470103,,,0.0,0.536241,0.510355,,0.75,0.6,0.896454,0.403404,0.054613,0.820715,0,weak_score,FLAT,0.0,0.0,0.0,0.0,0,0.136617,0.796132,0.132454,0.429013,part2a21_soft_caution_overlay,artifacts_part2_g532/predictions/g532_final_consensus_tape.csv
2020-01-02,0,0.2175663794557425,0.5486237697102262,,,0.0,0.537944,0.510841,,0.75,0.6,0.891587,0.401214,0.055686,0.817834,0,weak_score,FLAT,0.0,0.0,0.0,0.0,0,0.153501,0.795584,0.134117,0.43214,part2a21_soft_caution_overlay,artifacts_part2_g532/predictions/g532_final_consensus_tape.csv
2020-01-03,0,0.2267487549417967,0.5774407553146957,,,0.0,0.540042,0.511441,,0.75,0.6,0.885594,0.398517,0.090712,0.733758,0,weak_score,FLAT,0.0,0.0,0.0,0.0,0,0.154679,0.787754,0.148804,0.459752,part2a21_soft_caution_overlay,artifacts_part2_g532/predictions/g532_final_consensus_tape.csv
2020-01-06,0,0.2905049680374,0.6898034653461703,,,0.0,0.53791,0.510831,,0.65,0.6,0.891686,0.347758,0.0941,0.726533,0,high_risk_veto,FLAT,0.0,0.0,0.0,0.0,0,0.150683,0.795069,0.135677,0.435074,part2a21_soft_caution_overlay,artifacts_part2_g532/predictions/g532_final_consensus_tape.csv
2020-01-07,0,0.2141347401172023,0.542857357280062,,,0.0,0.537523,0.510721,,0.75,0.6,0.892793,0.401757,0.093954,0.726841,0,weak_score,FLAT,0.0,0.0,0.0,0.0,0,0.14672,0.795167,0.13538,0.434515,part2a21_soft_caution_overlay,artifacts_part2_g532/predictions/g532_final_consensus_tape.csv
2020-01-08,0,0.214953728993379,0.5470921061812075,,,0.0,0.537066,0.51059,,0.75,0.6,0.894097,0.402344,0.101766,0.7107,0,weak_score,FLAT,0.0,0.0,0.0,0.0,0,0.145606,0.796039,0.132736,0.429544,part2a21_soft_caution_overlay,artifacts_part2_g532/predictions/g532_final_consensus_tape.csv
2020-01-09,0,0.2027728224291174,0.5084464462751465,,,0.0,0.537892,0.510826,,0.75,0.6,0.891737,0.401282,0.104705,0.704811,0,weak_score,FLAT,0.0,0.0,0.0,0.0,0,0.161721,0.877458,0.128434,0.421456,part2a21_soft_caution_overlay,artifacts_part2_g532/predictions/g532_final_consensus_tape.csv
2020-01-10,0,0.2477018271589773,0.6298127447845628,,,0.0,0.540042,0.511441,,0.75,0.6,0.885594,0.398517,0.108268,0.697802,0,weak_score,FLAT,0.0,0.0,0.0,0.0,0,0.161349,0.791105,0.144507,0.451673,part2a21_soft_caution_overlay,artifacts_part2_g532/predictions/g532_final_consensus_tape.csv
2020-01-13,0,0.2044927210070763,0.5134801641516156,,,0.0,0.5368,0.510514,,0.75,0.6,0.894858,0.402686,0.109718,0.694989,0,weak_score,FLAT,0.0,0.0,0.0,0.0,0,0.159026,0.879539,0.122126,0.409597,part2a21_soft_caution_overlay,artifacts_part2_g532/predictions/g532_final_consensus_tape.csv
2020-01-14,0,0.2076991341886709,0.5250106850415684,,,0.0,0.538163,0.510904,,0.75,0.6,0.890964,0.400934,0.10901,0.696359,0,weak_score,FLAT,0.0,0.0,0.0,0.0,0,0.146064,0.793473,0.140516,0.444171,part2a21_soft_caution_overlay,artifacts_part2_g532/predictions/g532_final_consensus_tape.csv
2020-01-15,0,0.2091735325032064,0.5357332698318487,,,0.0,0.535661,0.510189,,0.75,0.6,0.898112,0.40415,0.10907,0.696243,0,weak_score,FLAT,0.0,0.0,0.0,0.0,0,0.134998,0.797197,0.129224,0.422941,part2a21_soft_caution_overlay,artifacts_part2_g532/predictions/g532_final_consensus_tape.csv
2020-01-16,0,0.209698439021894,0.5347532395001203,,,0.0,0.536361,0.510389,,0.75,0.6,0.896113,0.403251,0.118702,0.678055,0,weak_score,FLAT,0.0,0.0,0.0,0.0,0,0.143278,0.797258,0.129041,0.422598,part2a21_soft_caution_overlay,artifacts_part2_g532/predictions/g532_final_consensus_tape.csv
2020-01-17,0,0.2204810346498435,0.5612811253728903,,,0.0,0.536021,0.510292,,0.75,0.6,0.897082,0.403687,0.082959,0.750842,0,weak_score,FLAT,0.0,0.0,0.0,0.0,0,0.141668,0.79774,0.12758,0.419851,part2a21_soft_caution_overlay,artifacts_part2_g532/predictions/g532_final_consensus_tape.csv
2020-01-20,0,0.2216107607454389,0.5638190806572334,,,0.0,0.5364,0.5104,,0.75,0.6,0.896001,0.4032,0.083667,0.74925,0,weak_score,FLAT,0.0,0.0,0.0,0.0,0,0.143959,0.797308,0.12889,0.422314,part2a21_soft_caution_overlay,artifacts_part2_g532/predictions/g532_final_consensus_tape.csv
2020-01-21,0,0.2235845300283223,0.5690943166481294,,,0.0,0.53782,0.510806,,0.75,0.6,0.891943,0.401374,0.09266,0.729586,0,weak_score,FLAT,0.0,0.0,0.0,0.0,0,0.144193,0.793908,0.139198,0.441693,part2a21_soft_caution_overlay,artifacts_part2_g532/predictions/g532_final_consensus_tape.csv
2020-01-22,0,0.2530443350773256,0.6288847992181501,,,0.0,0.538128,0.510894,,0.75,0.6,0.891063,0.400978,0.088025,0.739589,0,weak_score,FLAT,0.0,0.0,0.0,0.0,0,0.150463,0.794493,0.137425,0.43836,part2a21_soft_caution_overlay,artifacts_part2_g532/predictions/g532_final_consensus_tape.csv
2020-01-23,0,0.2357162962137136,0.6006961940119667,,,0.0,0.539014,0.511147,,0.75,0.6,0.888532,0.399839,0.084754,0.746817,0,weak_score,FLAT,0.0,0.0,0.0,0.0,0,0.153724,0.793033,0.141849,0.446677,part2a21_soft_caution_overlay,artifacts_part2_g532/predictions/g532_final_consensus_tape.csv
2020-01-24,0,0.2742050626424638,0.6601196203403773,,,0.0,0.539694,0.511341,,0.65,0.6,0.886588,0.345769,0.105425,0.703383,0,high_risk_veto,FLAT,0.0,0.0,0.0,0.0,0,0.157175,0.791005,0.144636,0.451916,part2a21_soft_caution_overlay,artifacts_part2_g532/predictions/g532_final_consensus_tape.csv
2020-01-27,0,0.267258551008316,0.6472684602576378,,,0.0,0.551989,0.514854,,0.65,0.6,0.85146,0.33207,0.145171,0.632638,0,high_risk_veto,FLAT,0.0,0.0,0.0,0.0,1,0.198514,0.73764,0.208534,0.572043,part2a21_soft_caution_overlay,artifacts_part2_g532/predictions/g532_final_consensus_tape.csv
2020-01-28,0,0.2432031306806886,0.6176796767487248,,,0.0,0.54843,0.513837,,0.75,0.6,0.861629,0.387733,0.169215,0.596353,0,weak_score,FLAT,0.0,0.0,0.0,0.0,0,0.192652,0.757235,0.186104,0.529876,part2a21_soft_caution_overlay,artifacts_part2_g532/predictions/g532_final_consensus_tape.csv
2020-01-29,0,0.2026396289623933,0.482718002001524,-1.752652,-1.752652,0.5,0.55146,0.514703,0.0,0.75,0.6,0.852973,0.383838,0.170397,0.594676,0,weak_score,FLAT,0.0,0.0,0.0,0.0,0,0.232558,0.840127,0.182701,0.523478,part2a21_soft_caution_overlay,artifacts_part2_g532/predictions/g532_final_consensus_tape.csv
2020-01-30,0,0.245982866162463,0.6152781650655922,-1.599506,-1.676079,0.75,0.543961,0.51256,0.0,0.75,0.6,0.874397,0.393479,0.158223,0.612411,0,weak_score,FLAT,0.0,0.0,0.0,0.0,0,0.174684,0.775005,0.164772,0.489772,part2a21_soft_caution_overlay,artifacts_part2_g532/predictions/g532_final_consensus_tape.csv
2020-01-31,0,0.2609225982967537,0.650834628540254,-1.100909,-1.484356,0.5,0.555755,0.51593,0.0,0.75,0.6,0.8407,0.378315,0.181918,0.578813,0,weak_score,FLAT,0.0,0.0,0.0,0.0,1,0.251554,0.823365,0.202091,0.55993,part2a21_soft_caution_overlay,artifacts_part2_g532/predictions/g532_final_consensus_tape.csv
2020-02-03,0,0.234507461273459,0.5942059766573379,-1.47471,-1.391708,0.75,0.546148,0.513185,0.0,0.75,0.6,0.86815,0.390667,0.193039,0.564285,0,weak_score,FLAT,0.0,0.0,0.0,0.0,0,0.180999,0.765085,0.176806,0.512395,part2a21_soft_caution_overlay,artifacts_part2_g532/predictions/g532_final_consensus_tape.csv
2020-02-04,0,0.2485231395793709,0.6321688944645708,-0.276808,-0.950809,0.75,0.544907,0.512831,0.0,0.75,0.6,0.871694,0.392263,0.232104,0.51856,0,weak_score,FLAT,0.0,0.0,0.0,0.0,0,0.179429,0.771812,0.168681,0.497121,part2a21_soft_caution_overlay,artifacts_part2_g532/predictions/g532_final_consensus_tape.csv
2020-02-05,0,0.2302177746491721,0.6073992677759574,0.812538,-0.312993,0.75,0.547455,0.513559,0.0,0.75,0.6,0.864415,0.388987,0.248521,0.501483,0,weak_score,FLAT,0.0,0.0,0.0,0.0,0,0.191753,0.762824,0.179503,0.517466,part2a21_soft_caution_overlay,artifacts_part2_g532/predictions/g532_final_consensus_tape.csv
2020-02-06,0,0.2014631547504873,0.5078725332279065,0.552335,0.362689,0.75,0.548714,0.513918,0.0,0.75,0.6,0.860818,0.387368,0.248925,0.501077,0,weak_score,FLAT,0.0,0.0,0.0,0.0,0,0.220893,0.85073,0.169998,0.499596,part2a21_soft_caution_overlay,artifacts_part2_g532/predictions/g532_final_consensus_tape.csv
2020-02-07,0,0.2364706588781201,0.6244592121071505,0.389446,0.584773,0.5,0.544511,0.512718,0.020589,0.75,0.6,0.872825,0.392771,0.245247,0.504798,0,low_agreement,FLAT,0.0,0.0,0.0,0.0,0,0.174255,0.771467,0.169101,0.49791,part2a21_soft_caution_overlay,artifacts_part2_g532/predictions/g532_final_consensus_tape.csv
2020-02-10,0,0.239217516511243,0.6151727087835177,-0.370467,0.190438,0.75,0.541044,0.511727,0.0,0.75,0.6,0.882732,0.397229,0.209434,0.544148,0,weak_score,FLAT,0.0,0.0,0.0,0.0,0,0.164455,0.786908,0.149883,0.46178,part2a21_soft_caution_overlay,artifacts_part2_g532/predictions/g532_final_consensus_tape.csv
2020-02-11,0,0.2328583675591719,0.5954015230419611,0.671973,0.230317,0.5,0.543897,0.512542,0.0,0.75,0.6,0.874579,0.393561,0.200413,0.555046,0,weak_score,FLAT,0.0,0.0,0.0,0.0,0,0.17838,0.777316,0.161922,0.484413,part2a21_soft_caution_overlay,artifacts_part2_g532/predictions/g532_final_consensus_tape.csv
2020-02-12,0,0.2163170127630259,0.562797829974667,0.825174,0.37556,0.75,0.538881,0.511109,0.0,0.75,0.6,0.88891,0.40001,0.197994,0.558043,0,weak_score,FLAT,0.0,0.0,0.0,0.0,0,0.155874,0.793812,0.139488,0.442237,part2a21_soft_caution_overlay,artifacts_part2_g532/predictions/g532_final_consensus_tape.csv
2020-02-13,0,0.2231243470429679,0.5897009442229015,1.216423,0.904523,0.5,0.538549,0.511014,0.186583,0.75,0.6,0.88986,0.400437,0.199773,0.555836,0,low_agreement,FLAT,0.0,0.0,0.0,0.0,0,0.148828,0.793122,0.14158,0.44617,part2a21_soft_caution_overlay,artifacts_part2_g532/predictions/g532_final_consensus_tape.csv
2020-02-14,0,0.2082559272244362,0.5331585165814773,0.68694,0.909512,0.5,0.535582,0.510166,0.190352,0.75,0.6,0.898338,0.404252,0.140375,0.64041,0,low_agreement,FLAT,0.0,0.0,0.0,0.0,0,0.133266,0.797022,0.129757,0.423943,part2a21_soft_caution_overlay,artifacts_part2_g532/predictions/g532_final_consensus_tape.csv
2020-02-17,0,0.2017050322399948,0.5051893624720202,0.779496,0.894286,0.5,0.537274,0.51065,0.181896,0.75,0.6,0.893504,0.402077,0.141788,0.638099,0,low_agreement,FLAT,0.0,0.0,0.0,0.0,0,0.158064,0.878182,0.126238,0.417328,part2a21_soft_caution_overlay,artifacts_part2_g532/predictions/g532_final_consensus_tape.csv
2020-02-18,0,0.2292950171830268,0.5796682562189249,0.576347,0.680927,0.5,0.541474,0.51185,0.071203,0.75,0.6,0.881504,0.396677,0.113063,0.688585,0,low_agreement,FLAT,0.0,0.0,0.0,0.0,0,0.168721,0.786581,0.150299,0.462562,part2a21_soft_caution_overlay,artifacts_part2_g532/predictions/g532_final_consensus_tape.csv
2020-02-19,0,0.2365210580463393,0.5962045208383703,0.295543,0.550462,0.75,0.537701,0.510772,0.006503,0.75,0.6,0.892284,0.401528,0.086814,0.742249,1,ok,FLAT,0.0,0.0,0.0,0.0,0,0.154138,0.796311,0.131911,0.427992,part2a21_soft_caution_overlay,artifacts_part2_g532/predictions/g532_final_consensus_tape.csv
2020-02-20,0,0.2322244620705003,0.5853222014472729,1.08751,0.653133,0.5,0.543599,0.512457,0.055988,0.75,0.6,0.875432,0.393944,0.094229,0.72626,0,low_agreement,FLAT,0.0,0.0,0.0,0.0,0,0.176007,0.777855,0.161253,0.483156,part2a21_soft_caution_overlay,artifacts_part2_g532/predictions/g532_final_consensus_tape.csv
2020-02-21,0,0.2748066660630033,0.7194293585167575,0.659182,0.680745,0.5,0.548064,0.513732,0.067974,0.65,0.6,0.862675,0.336443,0.109226,0.695941,0,high_risk_veto,FLAT,0.0,0.0,0.0,0.0,0,0.20145,0.764305,0.177738,0.514147,part2a21_soft_caution_overlay,artifacts_part2_g532/predictions/g532_final_consensus_tape.csv
2020-02-24,0,0.2193815184237237,0.5541233582266328,-0.897003,0.283229,0.5,0.571787,0.520511,0.0,0.65,0.6,0.794894,0.310009,0.229267,0.52163,0,high_risk_veto,FLAT,0.0,0.0,0.0,0.0,1,0.268065,0.786666,0.372964,0.634964,part2a21_soft_caution_overlay,artifacts_part2_g532/predictions/g532_final_consensus_tape.csv
2020-02-25,0,0.2167377346836401,0.5436304239185324,-1.390157,-0.54266,0.5,0.568983,0.51971,0.0,0.65,0.6,0.802905,0.313133,0.261256,0.488992,0,high_risk_veto,FLAT,0.0,0.0,0.0,0.0,1,0.264095,0.791899,0.343044,0.624624,part2a21_soft_caution_overlay,artifacts_part2_g532/predictions/g532_final_consensus_tape.csv
2020-02-26,0,0.2228135189081775,0.3596513650124358,-2.501977,-1.596379,0.75,0.573947,0.521128,0.0,0.65,0.6,0.788724,0.307602,0.243962,0.506112,0,high_risk_veto,FLAT,0.0,0.0,0.0,0.0,1,0.296028,0.787277,0.369463,0.633762,part2a21_soft_caution_overlay,artifacts_part2_g532/predictions/g532_final_consensus_tape.csv
2020-02-27,0,0.1983119604966426,0.588012568759282,-1.126923,-1.673019,0.5,0.580961,0.523132,0.0,0.65,0.6,0.768683,0.299786,0.30937,0.446931,0,high_risk_veto,FLAT,0.0,0.0,0.0,0.0,1,0.303041,0.773973,0.452783,0.65,part2a21_soft_caution_overlay,artifacts_part2_g532/predictions/g532_final_consensus_tape.csv
2020-02-28,0,0.222122980305694,0.4031656299103776,-2.588697,-2.072532,0.75,0.579591,0.52274,0.0,0.65,0.6,0.772598,0.301313,0.298982,0.455388,0,high_risk_veto,FLAT,0.0,0.0,0.0,0.0,1,0.31253,0.778374,0.421345,0.65,part2a21_soft_caution_overlay,artifacts_part2_g532/predictions/g532_final_consensus_tape.csv
2020-03-02,0,0.2019156580238876,0.5572384341656925,-3.799155,-2.504925,0.75,0.567653,0.51933,0.0,0.65,0.6,0.806705,0.314615,0.424784,0.370489,0,high_risk_veto,FLAT,0.0,0.0,0.0,0.0,1,0.266984,0.795272,0.323797,0.617898,part2a21_soft_caution_overlay,artifacts_part2_g532/predictions/g532_final_consensus_tape.csv
2020-03-03,0,0.1912886517241666,0.6782307689711257,-1.590582,-2.659478,0.5,0.571183,0.520338,0.0,0.65,0.6,0.796619,0.310681,0.442741,0.360885,0,high_risk_veto,FLAT,0.0,0.0,0.0,0.0,1,0.283481,0.790825,0.349176,0.626755,part2a21_soft_caution_overlay,artifacts_part2_g532/predictions/g532_final_consensus_tape.csv
2020-03-04,0,0.1981675473385247,0.5960867670652111,-3.21318,-2.867639,0.75,0.564541,0.51844,0.0,0.65,0.6,0.815596,0.318083,0.52541,0.32241,0,high_risk_veto,FLAT,0.0,0.0,0.0,0.0,1,0.254851,0.799645,0.2989,0.609109,part2a21_soft_caution_overlay,artifacts_part2_g532/predictions/g532_final_consensus_tape.csv
2020-03-05,0,0.1851341146780266,0.7279892450930293,-1.758115,-2.187292,0.5,0.563997,0.518285,0.0,0.65,0.6,0.817152,0.318689,0.546291,0.313956,0,high_risk_veto,FLAT,0.0,0.0,0.0,0.0,1,0.254895,0.800815,0.29225,0.606744,part2a21_soft_caution_overlay,artifacts_part2_g532/predictions/g532_final_consensus_tape.csv
2020-03-06,0,0.2004908529517365,0.6119604542578692,-2.396798,-2.456031,0.5,0.562824,0.51795,0.0,0.65,0.6,0.820503,0.319996,0.549179,0.312821,0,high_risk_veto,FLAT,0.0,0.0,0.0,0.0,1,0.257215,0.803752,0.275574,0.60078,part2a21_soft_caution_overlay,artifacts_part2_g532/predictions/g532_final_consensus_tape.csv
2020-03-09,0,0.1819727581445822,0.7829479268827931,-1.130702,-1.761872,0.5,0.569275,0.519793,0.0,0.65,0.6,0.802071,0.312808,0.651577,0.277292,0,high_risk_veto,FLAT,0.0,0.0,0.0,0.0,1,0.275573,0.793417,0.334375,0.621602,part2a21_soft_caution_overlay,artifacts_part2_g532/predictions/g532_final_consensus_tape.csv
2020-03-10,0,0.190882380621213,0.6699685655514088,-3.903708,-2.47707,0.75,0.567915,0.519404,0.0,0.65,0.6,0.805958,0.314324,0.787035,0.241072,0,high_risk_veto,FLAT,0.0,0.0,0.0,0.0,1,0.268099,0.794924,0.325785,0.618596,part2a21_soft_caution_overlay,artifacts_part2_g532/predictions/g532_final_consensus_tape.csv
2020-03-11,0,0.1806775999341137,0.8207923057160453,-1.259097,-2.097836,0.5,0.569799,0.519943,0.0,0.5,0.6,0.800573,0.144103,0.798891,0.238347,0,high_risk_veto,FLAT,0.0,0.0,0.0,0.0,1,0.276008,0.792381,0.34029,0.623666,part2a21_soft_caution_overlay,artifacts_part2_g532/predictions/g532_final_consensus_tape.csv
2020-03-12,0,0.1797139239256784,0.8240102524329885,-0.603147,-1.921984,0.5,0.568517,0.519576,0.0,0.5,0.6,0.804238,0.144763,0.899276,0.217528,0,high_risk_veto,FLAT,0.0,0.0,0.0,0.0,1,0.217339,0.704178,0.387217,0.639842,part2a21_soft_caution_overlay,artifacts_part2_g532/predictions/g532_final_consensus_tape.csv
2020-03-13,0,0.1997364170917255,0.6408366782901228,-3.715558,-1.859267,0.75,0.566417,0.518976,0.0,0.5,0.6,0.810237,0.145843,1.072647,0.189015,0,high_risk_veto,FLAT,0.0,0.0,0.0,0.0,1,0.261281,0.796845,0.31484,0.614748,part2a21_soft_caution_overlay,artifacts_part2_g532/predictions/g532_final_consensus_tape.csv
2020-03-16,0,0.1868449620417382,0.8115403797262267,-1.370015,-1.89624,0.5,0.571921,0.520549,0.0,0.5,0.6,0.794511,0.143012,1.236145,0.16822,0,high_risk_veto,FLAT,0.0,0.0,0.0,0.0,1,0.283828,0.789318,0.357791,0.629738,part2a21_soft_caution_overlay,artifacts_part2_g532/predictions/g532_final_consensus_tape.csv
2020-03-17,0,0.1897061940787732,0.7699538845325874,-3.639598,-2.90839,0.75,0.569962,0.519989,0.0,0.5,0.6,0.800109,0.14402,1.365351,0.154765,0,high_risk_veto,FLAT,0.0,0.0,0.0,0.0,1,0.273894,0.791641,0.344518,0.625137,part2a21_soft_caution_overlay,artifacts_part2_g532/predictions/g532_final_consensus_tape.csv
2020-03-18,0,0.1772080113849382,0.8571857826222672,-1.0818,-2.030471,0.5,0.569104,0.519744,0.0,0.5,0.6,0.802559,0.144461,1.329569,0.158271,0,high_risk_veto,FLAT,0.0,0.0,0.0,0.0,1,0.27443,0.793568,0.333517,0.621303,part2a21_soft_caution_overlay,artifacts_part2_g532/predictions/g532_final_consensus_tape.csv
2020-03-19,0,0.1788043330787954,0.8452037309932683,-1.638884,-2.120094,0.75,0.562383,0.517824,0.0,0.5,0.6,0.821764,0.147918,1.329162,0.158312,0,high_risk_veto,FLAT,0.0,0.0,0.0,0.0,1,0.247353,0.802852,0.280683,0.602612,part2a21_soft_caution_overlay,artifacts_part2_g532/predictions/g532_final_consensus_tape.csv
2020-03-20,0,0.1764133945006416,0.8630957103430349,-0.945598,-1.222094,0.5,0.557667,0.516476,0.0,0.5,0.6,0.835237,0.150343,1.352396,0.156016,0,high_risk_veto,FLAT,0.0,0.0,0.0,0.0,1,0.247705,0.81299,0.223301,0.581765,part2a21_soft_caution_overlay,artifacts_part2_g532/predictions/g532_final_consensus_tape.csv
2020-03-23,0,0.1823754737883963,0.8413214697224807,-1.567758,-1.38408,0.75,0.566901,0.519114,0.0,0.5,0.6,0.808855,0.145594,1.309583,0.160299,0,high_risk_veto,FLAT,0.0,0.0,0.0,0.0,1,0.260416,0.795652,0.321635,0.617139,part2a21_soft_caution_overlay,artifacts_part2_g532/predictions/g532_final_consensus_tape.csv
2020-03-24,0,0.19337962240059,0.7753125551986169,-2.239375,-1.584243,0.75,0.566581,0.519023,0.0,0.5,0.6,0.80977,0.145759,1.371822,0.154148,0,high_risk_veto,FLAT,0.0,0.0,0.0,0.0,1,0.259001,0.79607,0.31925,0.616301,part2a21_soft_caution_overlay,artifacts_part2_g532/predictions/g532_final_consensus_tape.csv
2020-03-25,0,0.2108409767192772,0.8185318650432301,-1.124704,-1.643945,0.5,0.577337,0.522096,0.0,0.5,0.6,0.779038,0.140227,1.371704,0.154159,0,high_risk_veto,FLAT,0.0,0.0,0.0,0.0,1,0.280322,0.777246,0.429408,0.65,part2a21_soft_caution_overlay,artifacts_part2_g532/predictions/g532_final_consensus_tape.csv
2020-03-26,0,0.2150632691451232,0.7594478308885472,-1.775042,-1.71304,0.75,0.578933,0.522552,0.0,0.5,0.6,0.774477,0.139406,1.307309,0.160533,0,high_risk_veto,FLAT,0.0,0.0,0.0,0.0,1,0.288037,0.775403,0.442568,0.65,part2a21_soft_caution_overlay,artifacts_part2_g532/predictions/g532_final_consensus_tape.csv
2020-03-27,0,0.2106926752744323,0.8232250792456476,-0.570892,-1.156879,0.5,0.566934,0.519124,0.0,0.5,0.6,0.808761,0.145577,1.21441,0.170717,0,high_risk_veto,FLAT,0.0,0.0,0.0,0.0,1,0.206062,0.705447,0.379942,0.637356,part2a21_soft_caution_overlay,artifacts_part2_g532/predictions/g532_final_consensus_tape.csv
2020-03-30,0,0.2181240933993126,0.6840844811638703,-1.465912,-1.270615,0.75,0.572454,0.520701,0.0,0.5,0.6,0.79299,0.142738,0.92899,0.212046,0,high_risk_veto,FLAT,0.0,0.0,0.0,0.0,1,0.273602,0.786278,0.375184,0.635726,part2a21_soft_caution_overlay,artifacts_part2_g532/predictions/g532_final_consensus_tape.csv
2020-03-31,0,0.2124425300466606,0.7481218409224359,-0.736175,-0.924326,0.5,0.566966,0.519133,0.0,0.5,0.6,0.808669,0.14556,0.819235,0.233812,0,high_risk_veto,FLAT,0.0,0.0,0.0,0.0,1,0.204679,0.705122,0.381809,0.637995,part2a21_soft_caution_overlay,artifacts_part2_g532/predictions/g532_final_consensus_tape.csv
2020-04-01,0,0.2116790075162373,0.7784171835025301,-0.521098,-0.907728,0.5,0.575606,0.521602,0.0,0.5,0.6,0.783983,0.141117,0.831097,0.231247,0,high_risk_veto,FLAT,0.0,0.0,0.0,0.0,1,0.272873,0.779432,0.414454,0.649079,part2a21_soft_caution_overlay,artifacts_part2_g532/predictions/g532_final_consensus_tape.csv
2020-04-02,0,0.2225650017259913,0.5990450252272195,-1.555714,-0.937662,0.75,0.577386,0.52211,0.0,0.5,0.6,0.778898,0.140202,0.840877,0.229173,0,high_risk_veto,FLAT,0.0,0.0,0.0,0.0,1,0.281622,0.777375,0.428482,0.65,part2a21_soft_caution_overlay,artifacts_part2_g532/predictions/g532_final_consensus_tape.csv
2020-04-03,0,0.2132935888056853,0.725527909936941,-1.201969,-1.092927,0.5,0.576076,0.521736,0.0,0.5,0.6,0.78264,0.140875,0.754705,0.248829,0,high_risk_veto,FLAT,0.0,0.0,0.0,0.0,1,0.276514,0.77911,0.416307,0.649703,part2a21_soft_caution_overlay,artifacts_part2_g532/predictions/g532_final_consensus_tape.csv
2020-04-06,0,0.2150647828499027,0.6375863787798378,-1.878271,-1.545318,0.75,0.578263,0.522361,0.0,0.5,0.6,0.776393,0.139751,0.765501,0.246184,0,high_risk_veto,FLAT,0.0,0.0,0.0,0.0,1,0.29281,0.777579,0.427024,0.65,part2a21_soft_caution_overlay,artifacts_part2_g532/predictions/g532_final_consensus_tape.csv
2020-04-07,0,0.2134637855273569,0.7087329946186417,-0.652011,-1.244084,0.75,0.580475,0.522993,0.0,0.5,0.6,0.770071,0.138613,0.617521,0.288178,0,high_risk_veto,FLAT,0.0,0.0,0.0,0.0,1,0.285079,0.771801,0.468298,0.65,part2a21_soft_caution_overlay,artifacts_part2_g532/predictions/g532_final_consensus_tape.csv
2020-04-08,0,0.216189044798445,0.6268027290308452,-0.962418,-1.164233,0.75,0.577365,0.522104,0.0,0.5,0.6,0.778957,0.140212,0.632405,0.283317,0,high_risk_veto,FLAT,0.0,0.0,0.0,0.0,1,0.275734,0.776386,0.435545,0.65,part2a21_soft_caution_overlay,artifacts_part2_g532/predictions/g532_final_consensus_tape.csv
2020-04-09,0,0.2124230593328759,0.6462898402925606,-0.31057,-0.641666,0.75,0.571243,0.520355,0.0,0.5,0.6,0.79645,0.143361,0.578853,0.301622,0,high_risk_veto,FLAT,0.0,0.0,0.0,0.0,1,0.266968,0.787621,0.367499,0.633086,part2a21_soft_caution_overlay,artifacts_part2_g532/predictions/g532_final_consensus_tape.csv
2020-04-10,0,0.2084901323587786,0.7838855410155441,-0.28566,-0.519549,0.75,0.5623,0.5178,0.0,0.5,0.6,0.821999,0.14796,0.52686,0.321808,0,high_risk_veto,FLAT,0.0,0.0,0.0,0.0,1,0.195767,0.7134,0.334476,0.621638,part2a21_soft_caution_overlay,artifacts_part2_g532/predictions/g532_final_consensus_tape.csv
2020-04-13,0,0.211486899001027,0.6864381166322898,-0.142086,-0.246105,0.75,0.559313,0.516946,0.0,0.5,0.6,0.830536,0.149496,0.519769,0.324773,0,high_risk_veto,FLAT,0.0,0.0,0.0,0.0,1,0.192534,0.719168,0.301618,0.610073,part2a21_soft_caution_overlay,artifacts_part2_g532/predictions/g532_final_consensus_tape.csv
2020-04-14,0,0.2141366670631055,0.6231598240042132,-0.319909,-0.249218,0.75,0.581158,0.523188,0.0,0.5,0.6,0.768119,0.138261,0.515284,0.326676,0,high_risk_veto,FLAT,0.0,0.0,0.0,0.0,1,0.292704,0.771769,0.468525,0.65,part2a21_soft_caution_overlay,artifacts_part2_g532/predictions/g532_final_consensus_tape.csv
2020-04-15,0,0.2144947891107159,0.6465681395129139,0.418211,-0.014595,0.5,0.565735,0.518781,0.0,0.5,0.6,0.812187,0.146194,0.458132,0.353042,0,high_risk_veto,FLAT,0.0,0.0,0.0,0.0,1,0.209163,0.708579,0.362014,0.631196,part2a21_soft_caution_overlay,artifacts_part2_g532/predictions/g532_final_consensus_tape.csv
2020-04-16,0,0.2164691019240968,0.5863643379067955,0.209342,0.102548,0.75,0.573592,0.521026,0.0,0.5,0.6,0.789736,0.142152,0.455332,0.354443,0,high_risk_veto,FLAT,0.0,0.0,0.0,0.0,1,0.295435,0.787921,0.365779,0.632494,part2a21_soft_caution_overlay,artifacts_part2_g532/predictions/g532_final_consensus_tape.csv
2020-04-17,0,0.2164729681656624,0.5932280034015651,0.034503,0.220686,0.75,0.56084,0.517383,0.0,0.5,0.6,0.82617,0.148711,0.440338,0.362141,0,high_risk_veto,FLAT,0.0,0.0,0.0,0.0,1,0.206079,0.718437,0.305776,0.611547,part2a21_soft_caution_overlay,artifacts_part2_g532/predictions/g532_final_consensus_tape.csv
2020-04-20,0,0.2144551906227641,0.6453525223180819,0.288098,0.177314,0.5,0.565027,0.518579,0.0,0.5,0.6,0.814207,0.146557,0.345102,0.420096,0,high_risk_veto,FLAT,0.0,0.0,0.0,0.0,1,0.208455,0.709954,0.354154,0.62848,part2a21_soft_caution_overlay,artifacts_part2_g532/predictions/g532_final_consensus_tape.csv
2020-04-21,0,0.2163455330825658,0.6203783941666433,0.267811,0.196804,0.5,0.5717,0.520486,0.0,0.5,0.6,0.795144,0.143126,0.397806,0.385918,0,high_risk_veto,FLAT,0.0,0.0,0.0,0.0,1,0.218751,0.697745,0.425841,0.65,part2a21_soft_caution_overlay,artifacts_part2_g532/predictions/g532_final_consensus_tape.csv
2020-04-22,0,0.2228749467505553,0.4043043957930676,-0.48094,0.024989,0.75,0.555515,0.515862,0.0,0.5,0.6,0.841385,0.151449,0.37769,0.398286,0,high_risk_veto,FLAT,0.0,0.0,0.0,0.0,0,0.177418,0.724448,0.271625,0.59936,part2a21_soft_caution_overlay,artifacts_part2_g532/predictions/g532_final_consensus_tape.csv
2020-04-23,0,0.2201300491069331,0.3328419914088741,-0.074318,-0.095816,0.5,0.565487,0.51871,0.0,0.5,0.6,0.812896,0.146321,0.371819,0.402046,0,high_risk_veto,FLAT,0.0,0.0,0.0,0.0,1,0.205177,0.708365,0.363241,0.631619,part2a21_soft_caution_overlay,artifacts_part2_g532/predictions/g532_final_consensus_tape.csv
2020-04-24,0,0.2213879766362233,0.3625253165292803,-0.394837,-0.316699,0.75,0.569247,0.519785,0.0,0.5,0.6,0.80215,0.144387,0.379234,0.397309,0,high_risk_veto,FLAT,0.0,0.0,0.0,0.0,1,0.211583,0.701551,0.402287,0.644966,part2a21_soft_caution_overlay,artifacts_part2_g532/predictions/g532_final_consensus_tape.csv
2020-04-27,0,0.219948658591852,0.3278827732916541,-0.162954,-0.210703,0.75,0.570362,0.520103,0.0,0.5,0.6,0.798967,0.143814,0.387047,0.392436,0,high_risk_veto,FLAT,0.0,0.0,0.0,0.0,1,0.211201,0.699109,0.416311,0.649705,part2a21_soft_caution_overlay,artifacts_part2_g532/predictions/g532_final_consensus_tape.csv
2020-04-28,0,0.2168692588887095,0.2504706775886986,0.114841,-0.14765,0.5,0.566379,0.518965,0.0,0.5,0.6,0.810346,0.145862,0.36375,0.407332,0,high_risk_veto,FLAT,0.0,0.0,0.0,0.0,1,0.201525,0.705784,0.378016,0.636697,part2a21_soft_caution_overlay,artifacts_part2_g532/predictions/g532_final_consensus_tape.csv
2020-04-29,0,0.2182528819868855,0.2852286820793197,-0.205635,-0.084583,0.75,0.562048,0.517728,0.0,0.5,0.6,0.822721,0.14809,0.34097,0.423033,0,high_risk_veto,FLAT,0.0,0.0,0.0,0.0,1,0.190213,0.712903,0.337313,0.622628,part2a21_soft_caution_overlay,artifacts_part2_g532/predictions/g532_final_consensus_tape.csv
2020-04-30,0,0.2185402187072251,0.2896117373491407,0.347553,0.085587,0.5,0.55817,0.51662,0.0,0.5,0.6,0.833799,0.150084,0.346107,0.419388,0,high_risk_veto,FLAT,0.0,0.0,0.0,0.0,1,0.179499,0.719171,0.301597,0.610066,part2a21_soft_caution_overlay,artifacts_part2_g532/predictions/g532_final_consensus_tape.csv
2020-05-01,0,0.218581230609801,0.2927950959396864,0.451115,0.197678,0.5,0.56508,0.518594,0.0,0.5,0.6,0.814057,0.14653,0.35086,0.41607,0,high_risk_veto,FLAT,0.0,0.0,0.0,0.0,1,0.203418,0.708903,0.360161,0.630557,part2a21_soft_caution_overlay,artifacts_part2_g532/predictions/g532_final_consensus_tape.csv
2020-05-04,0,0.2213866084444796,0.3665765075543796,-0.033768,0.254967,0.75,0.569952,0.519986,0.0,0.5,0.6,0.800137,0.144025,0.33417,0.427958,0,high_risk_veto,FLAT,0.0,0.0,0.0,0.0,1,0.212593,0.700239,0.409818,0.647514,part2a21_soft_caution_overlay,artifacts_part2_g532/predictions/g532_final_consensus_tape.csv
2020-05-05,0,0.2268367149493687,0.5365172146282055,0.026752,0.148033,0.75,0.580152,0.522901,0.0,0.75,0.6,0.770994,0.346947,0.273762,0.477316,0,weak_score,FLAT,0.0,0.0,0.0,0.0,1,0.304537,0.775853,0.439357,0.65,part2a21_soft_caution_overlay,artifacts_part2_g532/predictions/g532_final_consensus_tape.csv
2020-05-06,0,0.2256240914196907,0.5335559154394546,0.288575,0.093853,0.75,0.576372,0.52182,0.0,0.75,0.6,0.781795,0.351808,0.252757,0.497258,0,weak_score,FLAT,0.0,0.0,0.0,0.0,1,0.286517,0.780343,0.40922,0.647312,part2a21_soft_caution_overlay,artifacts_part2_g532/predictions/g532_final_consensus_tape.csv
2020-05-07,0,0.2233937794949444,0.4298250210290781,0.225873,0.1804,0.75,0.58173,0.523351,0.0,0.75,0.6,0.766486,0.344919,0.2525,0.497513,0,weak_score,FLAT,0.0,0.0,0.0,0.0,1,0.317907,0.775037,0.445185,0.65,part2a21_soft_caution_overlay,artifacts_part2_g532/predictions/g532_final_consensus_tape.csv
2020-05-08,0,0.2218821604947883,0.3996325141605366,0.38562,0.300022,0.75,0.563388,0.518111,0.0,0.75,0.6,0.81889,0.368501,0.26099,0.489247,0,weak_score,FLAT,0.0,0.0,0.0,0.0,1,0.239923,0.799318,0.300761,0.60977,part2a21_soft_caution_overlay,artifacts_part2_g532/predictions/g532_final_consensus_tape.csv
2020-05-11,0,0.2215145283579782,0.363417417457515,0.454497,0.35533,0.75,0.549434,0.514124,0.0,0.5,0.6,0.858759,0.154577,0.245269,0.504777,0,weak_score,FLAT,0.0,0.0,0.0,0.0,0,0.163992,0.734931,0.212355,0.57772,part2a21_soft_caution_overlay,artifacts_part2_g532/predictions/g532_final_consensus_tape.csv
2020-05-12,0,0.2248644887218634,0.49583551991321,0.764382,0.534833,0.5,0.569519,0.519863,0.0,0.5,0.6,0.801373,0.144247,0.273048,0.477968,0,weak_score,FLAT,0.0,0.0,0.0,0.0,1,0.267086,0.791314,0.346384,0.625786,part2a21_soft_caution_overlay,artifacts_part2_g532/predictions/g532_final_consensus_tape.csv
2020-05-13,0,0.2260579466001977,0.5190243590297622,0.476529,0.565136,0.5,0.584596,0.52417,0.0,0.5,0.6,0.758297,0.136493,0.249614,0.500386,0,weak_score,FLAT,0.0,0.0,0.0,0.0,1,0.316759,0.769103,0.487567,0.65,part2a21_soft_caution_overlay,artifacts_part2_g532/predictions/g532_final_consensus_tape.csv
2020-05-14,0,0.2244181170657623,0.459228883142224,0.053458,0.431456,0.75,0.575399,0.521543,0.0,0.5,0.6,0.784575,0.141223,0.259317,0.490853,0,weak_score,FLAT,0.0,0.0,0.0,0.0,1,0.28355,0.781861,0.400507,0.644362,part2a21_soft_caution_overlay,artifacts_part2_g532/predictions/g532_final_consensus_tape.csv
2020-05-15,0,0.2257797640519928,0.4975507663848592,0.13069,0.220226,0.75,0.574713,0.521346,0.0,0.5,0.6,0.786535,0.141576,0.213787,0.53904,0,weak_score,FLAT,0.0,0.0,0.0,0.0,1,0.288551,0.784253,0.386788,0.639696,part2a21_soft_caution_overlay,artifacts_part2_g532/predictions/g532_final_consensus_tape.csv
2020-05-18,0,0.2220664578073284,0.399963424990737,0.200873,0.12834,0.75,0.551474,0.514707,0.0,0.5,0.6,0.852932,0.153528,0.277977,0.473506,0,weak_score,FLAT,0.0,0.0,0.0,0.0,0,0.169453,0.731593,0.231189,0.584667,part2a21_soft_caution_overlay,artifacts_part2_g532/predictions/g532_final_consensus_tape.csv
2020-05-19,0,0.2197572436147779,0.3377999638723246,0.599115,0.310226,0.5,0.55227,0.514934,0.0,0.5,0.6,0.850658,0.153118,0.287746,0.464904,0,weak_score,FLAT,0.0,0.0,0.0,0.0,0,0.169199,0.729845,0.241068,0.588284,part2a21_soft_caution_overlay,artifacts_part2_g532/predictions/g532_final_consensus_tape.csv
2020-05-20,0,0.197762394647814,0.3776001546475048,0.416979,0.405656,0.75,0.555663,0.515904,0.0,0.5,0.6,0.840963,0.151373,0.293869,0.459669,0,weak_score,FLAT,0.0,0.0,0.0,0.0,1,0.191089,0.726688,0.258933,0.59478,part2a21_soft_caution_overlay,artifacts_part2_g532/predictions/g532_final_consensus_tape.csv
2020-05-21,0,0.1946595205368867,0.3709251431824756,0.848377,0.62149,0.5,0.562392,0.517826,0.030501,0.5,0.6,0.821736,0.147913,0.299571,0.454901,0,low_agreement,FLAT,0.0,0.0,0.0,0.0,1,0.243247,0.802064,0.285154,0.604212,part2a21_soft_caution_overlay,artifacts_part2_g532/predictions/g532_final_consensus_tape.csv
2020-05-22,0,0.1965686093726573,0.3731629079763542,0.608217,0.624524,0.75,0.553654,0.51533,0.036412,0.75,0.6,0.846704,0.381017,0.283842,0.468304,1,ok,FLAT,0.0,0.0,0.0,0.0,1,0.182503,0.729375,0.243726,0.589254,part2a21_soft_caution_overlay,artifacts_part2_g532/predictions/g532_final_consensus_tape.csv
2020-05-25,0,0.2059815711418324,0.4712911538665379,0.644568,0.700387,0.5,0.55718,0.516337,0.073711,0.75,0.6,0.836627,0.376482,0.283584,0.46853,0,low_agreement,FLAT,0.0,0.0,0.0,0.0,1,0.194456,0.724076,0.273735,0.600119,part2a21_soft_caution_overlay,artifacts_part2_g532/predictions/g532_final_consensus_tape.csv
2020-05-26,0,0.1981005616865878,0.387991300211129,0.721712,0.658166,0.5,0.549555,0.514159,0.055685,0.75,0.6,0.858414,0.386286,0.257292,0.492813,0,low_agreement,FLAT,0.0,0.0,0.0,0.0,0,0.171448,0.73807,0.208053,0.571139,part2a21_soft_caution_overlay,artifacts_part2_g532/predictions/g532_final_consensus_tape.csv
2020-05-27,0,0.2038347712820315,0.4686837329639677,0.543708,0.636663,0.75,0.552676,0.51505,0.043129,0.75,0.6,0.849498,0.382274,0.221241,0.530514,1,ok,FLAT,0.0,0.0,0.0,0.0,0,0.206346,0.817629,0.208546,0.572066,part2a21_soft_caution_overlay,artifacts_part2_g532/predictions/g532_final_consensus_tape.csv
2020-05-28,0,0.200403383897049,0.4170498805589882,0.572227,0.612549,0.5,0.5528,0.515086,0.030685,0.75,0.6,0.849144,0.382115,0.224777,0.526562,0,low_agreement,FLAT,0.0,0.0,0.0,0.0,0,0.207671,0.817579,0.208603,0.572173,part2a21_soft_caution_overlay,artifacts_part2_g532/predictions/g532_final_consensus_tape.csv
2020-05-29,0,0.196979571644195,0.380677238113666,0.434759,0.516898,0.75,0.552207,0.514916,0.0,0.75,0.6,0.850837,0.382877,0.226293,0.524887,0,weak_score,FLAT,0.0,0.0,0.0,0.0,0,0.209789,0.822672,0.202876,0.561406,part2a21_soft_caution_overlay,artifacts_part2_g532/predictions/g532_final_consensus_tape.csv
2020-06-01,0,0.2120155561609358,0.5061261080281917,0.762202,0.58973,0.75,0.553921,0.515406,0.018401,0.75,0.6,0.845941,0.380673,0.151977,0.621926,1,ok,VOO,0.000653,0.000653,0.000653,0.0,0,0.223381,0.819244,0.206737,0.568666,part2a21_soft_caution_overlay,artifacts_part2_g532/predictions/g532_final_consensus_tape.csv
2020-06-02,0,0.208200239215246,0.4712362125587674,0.839253,0.678738,0.75,0.555355,0.515816,0.063448,0.75,0.6,0.841843,0.378829,0.128335,0.660789,1,ok,VOO,0.000653,0.000653,0.000653,0.0,0,0.237941,0.818191,0.207918,0.570885,part2a21_soft_caution_overlay,artifacts_part2_g532/predictions/g532_final_consensus_tape.csv
2020-06-03,0,0.2043752585110201,0.461608262875224,1.004274,0.868576,0.75,0.550931,0.514552,0.162973,0.5,0.6,0.854482,0.153807,0.136337,0.647104,1,ok,VOO,0.000653,0.000653,0.000653,0.0,0,0.182907,0.735606,0.210803,0.576309,part2a21_soft_caution_overlay,artifacts_part2_g532/predictions/g532_final_consensus_tape.csv
2020-06-04,0,0.1959657997543931,0.390478122885231,1.213749,1.019092,1.0,0.552327,0.514951,0.239653,0.5,0.6,0.850493,0.153089,0.117415,0.68043,1,ok,VOO,0.000653,0.000653,0.000653,0.0,0,0.212505,0.823435,0.202011,0.55978,part2a21_soft_caution_overlay,artifacts_part2_g532/predictions/g532_final_consensus_tape.csv
2020-06-05,0,0.2008645999679778,0.4283790160996819,0.942027,1.05335,0.75,0.551121,0.514606,0.257702,0.5,0.6,0.85394,0.153709,0.161457,0.607597,1,ok,VOO,0.000653,0.000653,0.000653,0.0,0,0.178675,0.734072,0.217198,0.579513,part2a21_soft_caution_overlay,artifacts_part2_g532/predictions/g532_final_consensus_tape.csv
2020-06-08,0,0.1980263614848579,0.4277702585270758,1.216389,1.124055,0.75,0.55121,0.514632,0.293949,0.5,0.6,0.853685,0.153663,0.152615,0.620941,1,ok,VOO,0.004207,0.004207,0.004207,0.0,0,0.2011,0.824207,0.201135,0.558134,part2a21_soft_caution_overlay,artifacts_part2_g532/predictions/g532_final_consensus_tape.csv
2020-06-09,0,0.2134405146515305,0.5698786901566218,1.150175,1.102864,0.75,0.551486,0.51471,0.282973,0.5,0.6,0.852897,0.153522,0.182704,0.577762,1,ok,VOO,0.004207,0.004207,0.004207,0.0,0,0.211632,0.828375,0.196378,0.549192,part2a21_soft_caution_overlay,artifacts_part2_g532/predictions/g532_final_consensus_tape.csv
2020-06-10,0,0.2111840594624415,0.535652734387007,1.071644,1.146069,0.75,0.551265,0.514647,0.305226,0.5,0.6,0.853528,0.153635,0.208559,0.545186,1,ok,VOO,0.004207,0.004207,0.004207,0.0,0,0.210387,0.829093,0.195555,0.547643,part2a21_soft_caution_overlay,artifacts_part2_g532/predictions/g532_final_consensus_tape.csv
2020-06-11,0,0.1972463326639693,0.4132121716463645,1.843252,1.355023,0.5,0.592426,0.526407,0.399773,0.5,0.6,0.735926,0.132467,0.401977,0.383449,0,high_risk_veto,VOO,0.004207,0.004207,0.004207,0.0,1,0.326022,0.755065,0.587842,0.65,part2a21_soft_caution_overlay,artifacts_part2_g532/predictions/g532_final_consensus_tape.csv
2020-06-12,0,0.195762415398253,0.3519833965329557,0.948029,1.287641,0.75,0.574419,0.521263,0.370393,0.5,0.6,0.787373,0.141727,0.409177,0.379261,0,high_risk_veto,VOO,0.004207,0.004207,0.004207,0.0,1,0.285307,0.784273,0.386673,0.639656,part2a21_soft_caution_overlay,artifacts_part2_g532/predictions/g532_final_consensus_tape.csv
2020-06-15,0,0.2013609112782573,0.4545311899099005,1.030606,1.273962,0.75,0.579293,0.522655,0.361674,0.5,0.6,0.773448,0.139221,0.411551,0.3779,0,high_risk_veto,FLAT,0.0,0.0,0.0,0.0,1,0.298637,0.776537,0.434466,0.65,part2a21_soft_caution_overlay,artifacts_part2_g532/predictions/g532_final_consensus_tape.csv
2020-06-16,0,0.2095279645782263,0.5315068836051152,1.001092,0.993242,0.75,0.554194,0.515484,0.225638,0.5,0.6,0.84516,0.152129,0.422629,0.371676,0,high_risk_veto,FLAT,0.0,0.0,0.0,0.0,1,0.181651,0.728061,0.251159,0.59196,part2a21_soft_caution_overlay,artifacts_part2_g532/predictions/g532_final_consensus_tape.csv
2020-06-17,0,0.1636887775074613,0.4098935166744817,1.247977,1.093225,0.75,0.567717,0.519348,0.271962,0.5,0.6,0.806522,0.145174,0.412971,0.37709,0,high_risk_veto,FLAT,0.0,0.0,0.0,0.0,1,0.256466,0.793174,0.335764,0.622087,part2a21_soft_caution_overlay,artifacts_part2_g532/predictions/g532_final_consensus_tape.csv
2020-06-18,0,0.1605496945469612,0.3773653628413585,1.193111,1.147393,0.75,0.570276,0.520079,0.299067,0.5,0.6,0.799212,0.143858,0.412835,0.377168,0,high_risk_veto,FLAT,0.0,0.0,0.0,0.0,1,0.211994,0.699439,0.414412,0.649065,part2a21_soft_caution_overlay,artifacts_part2_g532/predictions/g532_final_consensus_tape.csv
2020-06-19,0,0.1717472568556353,0.36588830922307,1.256557,1.232548,0.5,0.565983,0.518852,0.344653,0.5,0.6,0.811476,0.146066,0.374887,0.400072,0,high_risk_veto,FLAT,0.0,0.0,0.0,0.0,1,0.21181,0.708543,0.362222,0.631268,part2a21_soft_caution_overlay,artifacts_part2_g532/predictions/g532_final_consensus_tape.csv
2020-06-22,0,0.1770696592413999,0.386011276724491,1.039425,1.163031,0.75,0.564187,0.518339,0.30935,0.5,0.6,0.816608,0.146989,0.371294,0.402386,0,high_risk_veto,FLAT,0.0,0.0,0.0,0.0,1,0.210592,0.712143,0.341649,0.624139,part2a21_soft_caution_overlay,artifacts_part2_g532/predictions/g532_final_consensus_tape.csv
2020-06-23,0,0.2109661415401444,0.4488500926010657,1.129495,1.141826,0.75,0.573151,0.5209,0.295132,0.5,0.6,0.790998,0.14238,0.372575,0.401558,0,high_risk_veto,FLAT,0.0,0.0,0.0,0.0,1,0.286323,0.787164,0.370113,0.633985,part2a21_soft_caution_overlay,artifacts_part2_g532/predictions/g532_final_consensus_tape.csv
2020-06-24,0,0.1718066083957714,0.3856865923544858,1.475973,1.214964,0.5,0.578583,0.522452,0.331204,0.65,0.6,0.775477,0.302436,0.389971,0.390643,0,high_risk_veto,FLAT,0.0,0.0,0.0,0.0,1,0.241589,0.687975,0.495629,0.65,part2a21_soft_caution_overlay,artifacts_part2_g532/predictions/g532_final_consensus_tape.csv
2020-06-25,0,0.2688713854829824,0.4533431934893985,0.871339,1.158936,0.75,0.577233,0.522066,0.302534,0.65,0.6,0.779335,0.303941,0.219879,0.532052,0,high_risk_veto,FLAT,0.0,0.0,0.0,0.0,1,0.302089,0.78141,0.403094,0.645239,part2a21_soft_caution_overlay,artifacts_part2_g532/predictions/g532_final_consensus_tape.csv
2020-06-26,0,0.2008625282664971,0.4152476428320767,1.356466,1.234593,0.5,0.577132,0.522038,0.341916,0.65,0.6,0.779621,0.304052,0.252408,0.497603,0,high_risk_veto,FLAT,0.0,0.0,0.0,0.0,1,0.249352,0.692234,0.465202,0.65,part2a21_soft_caution_overlay,artifacts_part2_g532/predictions/g532_final_consensus_tape.csv
2020-06-29,0,0.2043744204634345,0.4171724857911272,0.607552,0.945119,0.75,0.568969,0.519705,0.194792,0.65,0.6,0.802947,0.313149,0.257517,0.492594,0,high_risk_veto,FLAT,0.0,0.0,0.0,0.0,1,0.263375,0.791795,0.343634,0.62483,part2a21_soft_caution_overlay,artifacts_part2_g532/predictions/g532_final_consensus_tape.csv
2020-06-30,0,0.226154683781877,0.4108256627143166,0.688593,0.884204,0.75,0.566078,0.518879,0.164498,0.65,0.6,0.811206,0.31637,0.243538,0.506547,0,high_risk_veto,FLAT,0.0,0.0,0.0,0.0,1,0.255934,0.79657,0.316403,0.615299,part2a21_soft_caution_overlay,artifacts_part2_g532/predictions/g532_final_consensus_tape.csv
2020-07-01,0,0.2779786387206864,0.5162185750528031,0.831855,0.709333,0.75,0.574676,0.521336,0.06994,0.65,0.6,0.78664,0.306789,0.24694,0.503079,0,high_risk_veto,FLAT,0.0,0.0,0.0,0.0,1,0.278981,0.782548,0.396563,0.643024,part2a21_soft_caution_overlay,artifacts_part2_g532/predictions/g532_final_consensus_tape.csv
2020-07-02,0,0.256020062813611,0.4803862707496311,1.014734,0.845061,0.75,0.570369,0.520105,0.142355,0.65,0.6,0.798946,0.311589,0.247634,0.502377,0,high_risk_veto,FLAT,0.0,0.0,0.0,0.0,1,0.270365,0.790115,0.353233,0.628161,part2a21_soft_caution_overlay,artifacts_part2_g532/predictions/g532_final_consensus_tape.csv
2020-07-03,0,0.2356889543512279,0.4781263065325454,1.114451,0.987013,0.5,0.573414,0.520975,0.21468,0.65,0.6,0.790247,0.308196,0.244985,0.505066,0,high_risk_veto,FLAT,0.0,0.0,0.0,0.0,1,0.273324,0.784182,0.387194,0.639834,part2a21_soft_caution_overlay,artifacts_part2_g532/predictions/g532_final_consensus_tape.csv
2020-07-06,0,0.2379174805769367,0.4458480883368436,0.840797,0.989994,0.75,0.565678,0.518765,0.219362,0.65,0.6,0.812349,0.316816,0.256283,0.493795,0,high_risk_veto,FLAT,0.0,0.0,0.0,0.0,1,0.261331,0.79843,0.305814,0.61156,part2a21_soft_caution_overlay,artifacts_part2_g532/predictions/g532_final_consensus_tape.csv
2020-07-07,0,0.1928262464706382,0.4240798771208744,1.268959,1.074736,0.5,0.569841,0.519955,0.261582,0.65,0.6,0.800454,0.312177,0.266813,0.483734,0,high_risk_veto,FLAT,0.0,0.0,0.0,0.0,1,0.2252,0.702823,0.394986,0.642488,part2a21_soft_caution_overlay,artifacts_part2_g532/predictions/g532_final_consensus_tape.csv
2020-07-08,0,0.2915549595117991,0.4799502332600691,0.957279,1.022345,0.75,0.570905,0.520259,0.234017,0.65,0.6,0.797415,0.310992,0.219054,0.532987,0,high_risk_veto,FLAT,0.0,0.0,0.0,0.0,1,0.279574,0.79069,0.349948,0.627023,part2a21_soft_caution_overlay,artifacts_part2_g532/predictions/g532_final_consensus_tape.csv
2020-07-09,0,0.1718528929208297,0.3373034694859355,1.022649,1.082962,0.75,0.566931,0.519123,0.266949,0.75,0.6,0.808768,0.363946,0.223144,0.52838,1,ok,FLAT,0.0,0.0,0.0,0.0,1,0.215227,0.707161,0.370128,0.63399,part2a21_soft_caution_overlay,artifacts_part2_g532/predictions/g532_final_consensus_tape.csv
2020-07-10,0,0.193428203477822,0.3502782090863159,1.117201,1.032376,0.75,0.562908,0.517974,0.242357,0.75,0.6,0.820263,0.369119,0.161888,0.60696,1,ok,FLAT,0.0,0.0,0.0,0.0,1,0.20908,0.714588,0.3277,0.619267,part2a21_soft_caution_overlay,artifacts_part2_g532/predictions/g532_final_consensus_tape.csv
2020-07-13,0,0.179575322886531,0.35549791970618,1.389795,1.176548,0.5,0.559525,0.517007,0.317975,0.75,0.6,0.829928,0.373468,0.172972,0.591056,0,low_agreement,FLAT,0.0,0.0,0.0,0.0,1,0.236665,0.806956,0.257415,0.59423,part2a21_soft_caution_overlay,artifacts_part2_g532/predictions/g532_final_consensus_tape.csv
2020-07-14,0,0.2118199594389849,0.3725637170301516,0.894885,1.13396,0.75,0.556027,0.516008,0.297295,0.75,0.6,0.839924,0.377966,0.169964,0.59529,1,ok,FLAT,0.0,0.0,0.0,0.0,0,0.223837,0.812032,0.228709,0.583756,part2a21_soft_caution_overlay,artifacts_part2_g532/predictions/g532_final_consensus_tape.csv
2020-07-15,0,0.162064545637466,0.2323530690618827,1.130217,1.138299,0.75,0.551152,0.514615,0.301279,0.75,0.6,0.853852,0.384233,0.170681,0.594274,1,ok,FLAT,0.0,0.0,0.0,0.0,0,0.203595,0.825998,0.199097,0.554303,part2a21_soft_caution_overlay,artifacts_part2_g532/predictions/g532_final_consensus_tape.csv
2020-07-16,0,0.1631604257949726,0.2373709744359882,1.236632,1.087245,0.5,0.552535,0.51501,0.274567,0.75,0.6,0.8499,0.382455,0.174019,0.589597,0,low_agreement,FLAT,0.0,0.0,0.0,0.0,0,0.209922,0.820607,0.205205,0.565786,part2a21_soft_caution_overlay,artifacts_part2_g532/predictions/g532_final_consensus_tape.csv
2020-07-17,0,0.1461535634364323,0.1631943364861456,1.102629,1.156493,0.5,0.551926,0.514836,0.310341,0.75,0.6,0.851641,0.383238,0.173479,0.590348,0,low_agreement,FLAT,0.0,0.0,0.0,0.0,0,0.213361,0.826519,0.198503,0.553185,part2a21_soft_caution_overlay,artifacts_part2_g532/predictions/g532_final_consensus_tape.csv
2020-07-20,0,0.1484136119285007,0.171283119753855,0.779481,1.039581,0.5,0.550716,0.51449,0.250792,0.75,0.6,0.855096,0.384793,0.157909,0.612882,0,low_agreement,FLAT,0.0,0.0,0.0,0.0,0,0.206265,0.830296,0.19417,0.54504,part2a21_soft_caution_overlay,artifacts_part2_g532/predictions/g532_final_consensus_tape.csv
2020-07-21,0,0.1400748190850993,0.1587188813540514,1.432441,1.104851,0.75,0.552029,0.514865,0.283793,0.75,0.6,0.851345,0.383105,0.13293,0.652862,1,ok,FLAT,0.0,0.0,0.0,0.0,0,0.211665,0.824892,0.200357,0.556672,part2a21_soft_caution_overlay,artifacts_part2_g532/predictions/g532_final_consensus_tape.csv
2020-07-22,0,0.1383231763591652,0.1550634905268084,1.174651,1.128858,0.5,0.551289,0.514654,0.296385,0.75,0.6,0.853459,0.384057,0.129819,0.658208,0,low_agreement,FLAT,0.0,0.0,0.0,0.0,0,0.20814,0.827676,0.19718,0.550699,part2a21_soft_caution_overlay,artifacts_part2_g532/predictions/g532_final_consensus_tape.csv
2020-07-23,0,0.1531964390497879,0.1897108467901558,1.610526,1.405873,0.75,0.549715,0.514204,0.438991,0.75,0.6,0.857958,0.386081,0.142706,0.636609,1,ok,FLAT,0.0,0.0,0.0,0.0,0,0.19394,0.829806,0.194735,0.546102,part2a21_soft_caution_overlay,artifacts_part2_g532/predictions/g532_final_consensus_tape.csv
2020-07-24,0,0.1670711332818278,0.2065324991740853,1.242015,1.342398,0.75,0.551618,0.514748,0.405865,0.75,0.6,0.852519,0.383634,0.137618,0.644964,1,ok,FLAT,0.0,0.0,0.0,0.0,0,0.204907,0.823722,0.201685,0.559168,part2a21_soft_caution_overlay,artifacts_part2_g532/predictions/g532_final_consensus_tape.csv
2020-07-27,0,0.149945733223217,0.1717734412425903,0.887671,1.246738,0.5,0.548707,0.513916,0.357727,0.75,0.6,0.860838,0.387377,0.128528,0.660454,0,low_agreement,FLAT,0.0,0.0,0.0,0.0,0,0.196741,0.837744,0.185508,0.528755,part2a21_soft_caution_overlay,artifacts_part2_g532/predictions/g532_final_consensus_tape.csv
2020-07-28,0,0.1489323033154206,0.1803406153890087,1.286433,1.138706,0.75,0.549783,0.514224,0.301978,0.75,0.6,0.857763,0.385993,0.123976,0.668493,1,ok,FLAT,0.0,0.0,0.0,0.0,0,0.196124,0.830592,0.193829,0.544399,part2a21_soft_caution_overlay,artifacts_part2_g532/predictions/g532_final_consensus_tape.csv
2020-07-29,0,0.1574574493493204,0.1836197382059017,0.92188,1.031995,0.5,0.550619,0.514462,0.246938,0.75,0.6,0.855375,0.384919,0.12727,0.662655,0,low_agreement,FLAT,0.0,0.0,0.0,0.0,0,0.202732,0.828944,0.195726,0.547965,part2a21_soft_caution_overlay,artifacts_part2_g532/predictions/g532_final_consensus_tape.csv
2020-07-30,0,0.1577075633977136,0.210109508688166,1.134586,1.1143,0.5,0.549597,0.514171,0.289531,0.75,0.6,0.858294,0.386233,0.128728,0.660104,0,low_agreement,FLAT,0.0,0.0,0.0,0.0,0,0.200048,0.833957,0.189932,0.537072,part2a21_soft_caution_overlay,artifacts_part2_g532/predictions/g532_final_consensus_tape.csv
2020-07-31,0,0.1647086895297621,0.2234431957295117,0.922529,0.992998,0.5,0.54915,0.514043,0.227516,0.75,0.6,0.859572,0.386808,0.134099,0.650873,0,low_agreement,FLAT,0.0,0.0,0.0,0.0,0,0.197327,0.83528,0.188392,0.534176,part2a21_soft_caution_overlay,artifacts_part2_g532/predictions/g532_final_consensus_tape.csv
2020-08-03,0,0.1644612339300832,0.2152560575953571,1.059345,1.03882,0.5,0.549126,0.514036,0.251013,0.75,0.6,0.859641,0.386838,0.132947,0.652831,0,low_agreement,FLAT,0.0,0.0,0.0,0.0,0,0.197193,0.835357,0.188301,0.534006,part2a21_soft_caution_overlay,artifacts_part2_g532/predictions/g532_final_consensus_tape.csv
2020-08-04,0,0.1596919721578834,0.2119067051723511,1.19752,1.059798,0.5,0.549937,0.514268,0.261459,0.75,0.6,0.857322,0.385795,0.132943,0.652839,0,low_agreement,FLAT,0.0,0.0,0.0,0.0,0,0.199705,0.831606,0.192658,0.542197,part2a21_soft_caution_overlay,artifacts_part2_g532/predictions/g532_final_consensus_tape.csv
2020-08-05,0,0.1541841508056391,0.1771360362484316,1.235622,1.164162,0.5,0.548624,0.513893,0.315438,0.75,0.6,0.861073,0.387483,0.138532,0.643447,0,low_agreement,FLAT,0.0,0.0,0.0,0.0,0,0.196879,0.838336,0.184812,0.527446,part2a21_soft_caution_overlay,artifacts_part2_g532/predictions/g532_final_consensus_tape.csv
2020-08-06,0,0.1584120196411878,0.1969605374202737,1.014883,1.149342,0.5,0.550271,0.514363,0.307259,0.75,0.6,0.85637,0.385366,0.114446,0.685973,0,low_agreement,FLAT,0.0,0.0,0.0,0.0,0,0.209048,0.834677,0.189094,0.535497,part2a21_soft_caution_overlay,artifacts_part2_g532/predictions/g532_final_consensus_tape.csv
2020-08-07,0,0.1584883459330333,0.1956874583120781,1.441019,1.230508,0.75,0.549508,0.514145,0.349143,0.75,0.6,0.858549,0.386347,0.10292,0.708376,1,ok,FLAT,0.0,0.0,0.0,0.0,0,0.207129,0.838419,0.184714,0.527262,part2a21_soft_caution_overlay,artifacts_part2_g532/predictions/g532_final_consensus_tape.csv
2020-08-10,0,0.1574270463017651,0.1987021750628972,1.279055,1.244985,0.75,0.548879,0.513965,0.356772,0.75,0.6,0.860346,0.387156,0.099332,0.715652,1,ok,VOO,0.014828,0.014828,0.014828,0.0,0,0.201338,0.839184,0.183814,0.52557,part2a21_soft_caution_overlay,artifacts_part2_g532/predictions/g532_final_consensus_tape.csv
2020-08-11,0,0.1713068820790171,0.2228005194661571,1.423865,1.381313,0.75,0.550553,0.514444,0.426152,0.75,0.6,0.855564,0.385004,0.087231,0.741332,1,ok,VOO,0.014828,0.014828,0.014828,0.0,0,0.202648,0.829319,0.195295,0.547154,part2a21_soft_caution_overlay,artifacts_part2_g532/predictions/g532_final_consensus_tape.csv
2020-08-12,0,0.1833144486092692,0.2387564552068194,0.68134,1.128087,0.5,0.554378,0.515537,0.294871,0.75,0.6,0.844634,0.380085,0.103506,0.707202,0,low_agreement,VOO,0.014828,0.014828,0.014828,0.0,0,0.236415,0.823703,0.201707,0.559209,part2a21_soft_caution_overlay,artifacts_part2_g532/predictions/g532_final_consensus_tape.csv
2020-08-13,0,0.1782313885076613,0.213522306667594,1.100899,1.068701,0.5,0.551877,0.514822,0.265293,0.75,0.6,0.851779,0.383301,0.092639,0.729631,0,low_agreement,VOO,0.014828,0.014828,0.014828,0.0,0,0.220694,0.830946,0.193421,0.543632,part2a21_soft_caution_overlay,artifacts_part2_g532/predictions/g532_final_consensus_tape.csv
2020-08-14,0,0.1785285178739001,0.218501941813085,1.146794,0.976344,0.75,0.552695,0.515056,0.217557,0.75,0.6,0.849442,0.382249,0.09459,0.725499,1,ok,VOO,0.014828,0.014828,0.014828,0.0,0,0.230156,0.83101,0.193347,0.543492,part2a21_soft_caution_overlay,artifacts_part2_g532/predictions/g532_final_consensus_tape.csv
2020-08-17,0,0.1770746364456753,0.2159780220525025,1.043824,1.097172,0.5,0.551359,0.514674,0.280099,0.75,0.6,0.853259,0.383967,0.09412,0.72649,0,low_agreement,FLAT,0.0,0.0,0.0,0.0,0,0.219171,0.833393,0.190588,0.538306,part2a21_soft_caution_overlay,artifacts_part2_g532/predictions/g532_final_consensus_tape.csv
2020-08-18,0,0.1789580271100706,0.2160105239135041,1.054414,1.081677,0.5,0.550438,0.514411,0.272491,0.75,0.6,0.85589,0.385151,0.094489,0.725713,0,low_agreement,FLAT,0.0,0.0,0.0,0.0,0,0.217086,0.838048,0.185151,0.528083,part2a21_soft_caution_overlay,artifacts_part2_g532/predictions/g532_final_consensus_tape.csv
2020-08-19,0,0.1963224707685839,0.3152872696168989,1.299997,1.132745,0.75,0.549239,0.514068,0.299117,0.75,0.6,0.859317,0.386692,0.093137,0.728572,1,ok,FLAT,0.0,0.0,0.0,0.0,0,0.205885,0.839419,0.183536,0.525048,part2a21_soft_caution_overlay,artifacts_part2_g532/predictions/g532_final_consensus_tape.csv
2020-08-20,0,0.1952238151096615,0.3001302434570964,0.9462,1.100204,0.5,0.55152,0.51472,0.281596,0.75,0.6,0.852801,0.383761,0.091757,0.731513,0,low_agreement,FLAT,0.0,0.0,0.0,0.0,0,0.219918,0.832791,0.191287,0.539619,part2a21_soft_caution_overlay,artifacts_part2_g532/predictions/g532_final_consensus_tape.csv
2020-08-21,0,0.1938172389351754,0.2925876734879551,1.031766,1.092654,0.5,0.551853,0.514815,0.277598,0.75,0.6,0.851847,0.383331,0.09181,0.7314,0,low_agreement,FLAT,0.0,0.0,0.0,0.0,0,0.219529,0.830447,0.193996,0.544713,part2a21_soft_caution_overlay,artifacts_part2_g532/predictions/g532_final_consensus_tape.csv
2020-08-24,0,0.1997873898936266,0.3299278761817624,1.151101,1.043022,0.5,0.55083,0.514523,0.252514,0.75,0.6,0.854771,0.384647,0.103666,0.706882,0,low_agreement,FLAT,0.0,0.0,0.0,0.0,0,0.215054,0.834462,0.189345,0.535968,part2a21_soft_caution_overlay,artifacts_part2_g532/predictions/g532_final_consensus_tape.csv
2020-08-25,0,0.1926598584830197,0.2994097410837595,1.175178,1.119348,0.5,0.551756,0.514788,0.291335,0.75,0.6,0.852125,0.383456,0.09639,0.721729,0,low_agreement,FLAT,0.0,0.0,0.0,0.0,0,0.221638,0.832242,0.191922,0.540814,part2a21_soft_caution_overlay,artifacts_part2_g532/predictions/g532_final_consensus_tape.csv
2020-08-26,0,0.2050476243491219,0.3511102217621937,0.891673,1.07265,0.5,0.553711,0.515346,0.26663,0.75,0.6,0.846541,0.380943,0.076454,0.765805,0,low_agreement,FLAT,0.0,0.0,0.0,0.0,0,0.229957,0.824366,0.200954,0.557794,part2a21_soft_caution_overlay,artifacts_part2_g532/predictions/g532_final_consensus_tape.csv
2020-08-27,0,0.228847407001102,0.4775487566741101,1.364182,1.143677,0.75,0.547476,0.513564,0.305349,0.75,0.6,0.864355,0.38896,0.075868,0.767182,1,ok,FLAT,0.0,0.0,0.0,0.0,0,0.172765,0.75227,0.19189,0.540753,part2a21_soft_caution_overlay,artifacts_part2_g532/predictions/g532_final_consensus_tape.csv
2020-08-28,0,0.2054086047139447,0.3552481649127945,1.177611,1.144488,0.5,0.553394,0.515256,0.303654,0.75,0.6,0.847445,0.38135,0.072636,0.774868,0,low_agreement,FLAT,0.0,0.0,0.0,0.0,0,0.231132,0.827077,0.197866,0.551988,part2a21_soft_caution_overlay,artifacts_part2_g532/predictions/g532_final_consensus_tape.csv
2020-08-31,0,0.2384805627046835,0.5210479087964074,1.189245,1.243679,0.5,0.553703,0.515344,0.354507,0.75,0.6,0.846562,0.380953,0.084167,0.748129,0,low_agreement,FLAT,0.0,0.0,0.0,0.0,1,0.194462,0.731505,0.231687,0.584849,part2a21_soft_caution_overlay,artifacts_part2_g532/predictions/g532_final_consensus_tape.csv
2020-09-01,0,0.2228404625355559,0.4445516460467842,1.066921,1.144592,0.5,0.557307,0.516373,0.302305,0.75,0.6,0.836266,0.37632,0.083195,0.750312,0,low_agreement,FLAT,0.0,0.0,0.0,0.0,1,0.204361,0.725657,0.264773,0.596891,part2a21_soft_caution_overlay,artifacts_part2_g532/predictions/g532_final_consensus_tape.csv
2020-09-02,0,0.223735509625808,0.4513950234945976,1.179785,1.145317,0.5,0.548367,0.513819,0.305872,0.75,0.6,0.861807,0.387813,0.084642,0.747067,0,low_agreement,FLAT,0.0,0.0,0.0,0.0,0,0.173147,0.746774,0.198211,0.552638,part2a21_soft_caution_overlay,artifacts_part2_g532/predictions/g532_final_consensus_tape.csv
2020-09-03,0,0.2130037911316877,0.4030423549341648,2.244447,1.497051,0.75,0.57814,0.522326,0.478136,0.75,0.6,0.776742,0.349534,0.228665,0.522286,1,ok,FLAT,0.0,0.0,0.0,0.0,1,0.308046,0.780588,0.407815,0.646837,part2a21_soft_caution_overlay,artifacts_part2_g532/predictions/g532_final_consensus_tape.csv
2020-09-04,0,0.205899790281032,0.3655551053550236,1.476908,1.633713,0.75,0.579754,0.522787,0.548867,0.75,0.6,0.77213,0.347459,0.229608,0.521259,1,ok,FLAT,0.0,0.0,0.0,0.0,1,0.310099,0.777621,0.426726,0.65,part2a21_soft_caution_overlay,artifacts_part2_g532/predictions/g532_final_consensus_tape.csv
2020-09-07,0,0.2072632744515767,0.3720863253463515,1.195349,1.638901,0.75,0.571132,0.520323,0.553573,0.75,0.6,0.796765,0.358544,0.222564,0.529029,1,ok,VOO,0.01575,0.01575,0.01575,0.0,1,0.286384,0.791475,0.345461,0.625465,part2a21_soft_caution_overlay,artifacts_part2_g532/predictions/g532_final_consensus_tape.csv
2020-09-08,0,0.1933242865909022,0.2970909035490223,1.860153,1.510803,0.75,0.574162,0.521189,0.486355,0.65,0.6,0.788109,0.307363,0.265774,0.484709,0,high_risk_veto,VOO,0.01575,0.01575,0.01575,0.0,1,0.289538,0.78561,0.379013,0.637038,part2a21_soft_caution_overlay,artifacts_part2_g532/predictions/g532_final_consensus_tape.csv
2020-09-09,0,0.1832444930918033,0.24684645682006,0.398527,1.151343,0.5,0.565113,0.518604,0.302979,0.65,0.6,0.813963,0.317445,0.283305,0.468775,0,high_risk_veto,VOO,0.01575,0.01575,0.01575,0.0,1,0.256079,0.798655,0.304535,0.611107,part2a21_soft_caution_overlay,artifacts_part2_g532/predictions/g532_final_consensus_tape.csv
2020-09-10,0,0.162102356545499,0.1796226514466331,1.323849,1.194176,0.75,0.57623,0.52178,0.321216,0.65,0.6,0.782201,0.305059,0.290541,0.4625,0,high_risk_veto,VOO,0.01575,0.01575,0.01575,0.0,1,0.283866,0.780152,0.410319,0.647684,part2a21_soft_caution_overlay,artifacts_part2_g532/predictions/g532_final_consensus_tape.csv
2020-09-11,0,0.1715274206873748,0.2223617526803403,1.015244,0.91254,0.75,0.57219,0.520626,0.176547,0.65,0.6,0.793743,0.30956,0.286635,0.465866,0,high_risk_veto,VOO,0.01575,0.01575,0.01575,0.0,1,0.274812,0.787065,0.370681,0.63418,part2a21_soft_caution_overlay,artifacts_part2_g532/predictions/g532_final_consensus_tape.csv
2020-09-14,0,0.1616099945270748,0.1725565280630891,0.624805,0.987966,0.5,0.575041,0.52144,0.214511,0.65,0.6,0.785597,0.306383,0.302565,0.452435,0,high_risk_veto,FLAT,0.0,0.0,0.0,0.0,1,0.278855,0.781748,0.401154,0.644582,part2a21_soft_caution_overlay,artifacts_part2_g532/predictions/g532_final_consensus_tape.csv
2020-09-15,0,0.1643780563153859,0.1800833708258631,0.791171,0.810407,0.5,0.569212,0.519775,0.124921,0.65,0.6,0.802253,0.312879,0.302212,0.452725,0,high_risk_veto,FLAT,0.0,0.0,0.0,0.0,1,0.265161,0.791611,0.344687,0.625196,part2a21_soft_caution_overlay,artifacts_part2_g532/predictions/g532_final_consensus_tape.csv
2020-09-16,0,0.1632573264152621,0.1587812591010427,1.377623,0.9312,0.75,0.573062,0.520875,0.185859,0.65,0.6,0.791252,0.308588,0.287708,0.464936,0,high_risk_veto,FLAT,0.0,0.0,0.0,0.0,1,0.280131,0.786199,0.375637,0.635881,part2a21_soft_caution_overlay,artifacts_part2_g532/predictions/g532_final_consensus_tape.csv
2020-09-17,0,0.1753975250285416,0.2010805397940881,1.32832,1.165705,0.75,0.557362,0.516389,0.313153,0.65,0.6,0.836109,0.326083,0.231723,0.51897,0,high_risk_veto,FLAT,0.0,0.0,0.0,0.0,0,0.220681,0.808589,0.248167,0.590872,part2a21_soft_caution_overlay,artifacts_part2_g532/predictions/g532_final_consensus_tape.csv
2020-09-18,0,0.1727928660125439,0.1960884907280381,1.213045,1.306329,0.75,0.560619,0.51732,0.384509,0.65,0.6,0.826803,0.322453,0.23541,0.515029,0,high_risk_veto,FLAT,0.0,0.0,0.0,0.0,1,0.234148,0.80415,0.273318,0.599969,part2a21_soft_caution_overlay,artifacts_part2_g532/predictions/g532_final_consensus_tape.csv
2020-09-21,0,0.171051146853107,0.1984291205180192,0.732544,1.091303,0.5,0.562278,0.517794,0.273014,0.65,0.6,0.822064,0.320605,0.23896,0.511289,0,high_risk_veto,FLAT,0.0,0.0,0.0,0.0,1,0.236141,0.800982,0.291301,0.606405,part2a21_soft_caution_overlay,artifacts_part2_g532/predictions/g532_final_consensus_tape.csv
2020-09-22,0,0.1841269445335683,0.2563886837793217,0.488398,0.811329,0.5,0.555853,0.515958,0.131408,0.65,0.6,0.840421,0.327764,0.201568,0.553626,0,high_risk_veto,FLAT,0.0,0.0,0.0,0.0,0,0.215677,0.810878,0.235226,0.586147,part2a21_soft_caution_overlay,artifacts_part2_g532/predictions/g532_final_consensus_tape.csv
2020-09-23,0,0.1760927315828732,0.2161139624025095,1.276537,0.832493,0.5,0.558249,0.516643,0.141235,0.65,0.6,0.833574,0.325094,0.194864,0.56197,0,high_risk_veto,FLAT,0.0,0.0,0.0,0.0,0,0.221811,0.806906,0.257697,0.594332,part2a21_soft_caution_overlay,artifacts_part2_g532/predictions/g532_final_consensus_tape.csv
2020-09-24,0,0.1914509395464162,0.2873387341858693,0.536631,0.767189,0.75,0.559646,0.517042,0.106962,0.65,0.6,0.829584,0.323538,0.181031,0.580005,0,high_risk_veto,FLAT,0.0,0.0,0.0,0.0,0,0.226872,0.804869,0.26924,0.598502,part2a21_soft_caution_overlay,artifacts_part2_g532/predictions/g532_final_consensus_tape.csv
2020-09-25,0,0.1804420108217523,0.2314452574923425,0.207133,0.673434,0.75,0.560139,0.517183,0.058403,0.65,0.6,0.828174,0.322988,0.20235,0.552669,0,high_risk_veto,FLAT,0.0,0.0,0.0,0.0,0,0.224981,0.803462,0.277221,0.601371,part2a21_soft_caution_overlay,artifacts_part2_g532/predictions/g532_final_consensus_tape.csv
2020-09-28,0,0.1766439875751134,0.2310614615723907,0.446523,0.396762,0.5,0.564136,0.518325,0.0,0.65,0.6,0.816755,0.318534,0.208965,0.544703,0,high_risk_veto,FLAT,0.0,0.0,0.0,0.0,1,0.243805,0.798448,0.305709,0.611523,part2a21_soft_caution_overlay,artifacts_part2_g532/predictions/g532_final_consensus_tape.csv
2020-09-29,0,0.1636368322798636,0.1837025049142412,0.937327,0.530328,0.75,0.560587,0.517311,0.0,0.75,0.6,0.826894,0.372102,0.207075,0.546956,0,weak_score,FLAT,0.0,0.0,0.0,0.0,1,0.230793,0.803591,0.276486,0.601107,part2a21_soft_caution_overlay,artifacts_part2_g532/predictions/g532_final_consensus_tape.csv
2020-09-30,0,0.1776804413501698,0.2283960646013856,0.735647,0.706499,0.5,0.55402,0.515434,0.078356,0.75,0.6,0.845657,0.380545,0.216129,0.536332,0,low_agreement,FLAT,0.0,0.0,0.0,0.0,0,0.219973,0.816627,0.209666,0.574171,part2a21_soft_caution_overlay,artifacts_part2_g532/predictions/g532_final_consensus_tape.csv
2020-10-01,0,0.1744264859611303,0.2158254017767251,0.680489,0.784488,0.5,0.553905,0.515401,0.118485,0.75,0.6,0.845986,0.380694,0.212987,0.539972,0,low_agreement,FLAT,0.0,0.0,0.0,0.0,0,0.219728,0.817245,0.208975,0.572873,part2a21_soft_caution_overlay,artifacts_part2_g532/predictions/g532_final_consensus_tape.csv
2020-10-02,0,0.1738242119651969,0.2075905770928302,1.516064,0.9774,0.75,0.552128,0.514894,0.218327,0.75,0.6,0.851064,0.382979,0.209631,0.543914,1,ok,FLAT,0.0,0.0,0.0,0.0,0,0.206253,0.821172,0.204569,0.564589,part2a21_soft_caution_overlay,artifacts_part2_g532/predictions/g532_final_consensus_tape.csv
2020-10-05,0,0.1879829328279747,0.2557584469303116,0.727352,0.974635,0.5,0.558488,0.516711,0.214342,0.75,0.6,0.83289,0.374801,0.22249,0.529112,0,low_agreement,FLAT,0.0,0.0,0.0,0.0,1,0.236207,0.809085,0.245364,0.589851,part2a21_soft_caution_overlay,artifacts_part2_g532/predictions/g532_final_consensus_tape.csv
2020-10-06,0,0.1727181731629968,0.1861412540139,1.461218,1.234878,0.75,0.566637,0.519039,0.345637,0.75,0.6,0.80961,0.364324,0.242883,0.50722,1,ok,FLAT,0.0,0.0,0.0,0.0,1,0.254648,0.795139,0.324558,0.618166,part2a21_soft_caution_overlay,artifacts_part2_g532/predictions/g532_final_consensus_tape.csv
2020-10-07,0,0.1975317981155291,0.2202898378976626,0.844296,1.010955,0.5,0.567251,0.519215,0.229571,0.75,0.6,0.807854,0.363534,0.21158,0.541618,0,low_agreement,FLAT,0.0,0.0,0.0,0.0,1,0.252664,0.793458,0.334142,0.621521,part2a21_soft_caution_overlay,artifacts_part2_g532/predictions/g532_final_consensus_tape.csv
2020-10-08,0,0.179920530806299,0.1412424845451479,1.137902,1.147805,0.5,0.569803,0.519944,0.299453,0.75,0.6,0.800563,0.360253,0.210404,0.543001,0,low_agreement,FLAT,0.0,0.0,0.0,0.0,1,0.256981,0.788826,0.360606,0.63071,part2a21_soft_caution_overlay,artifacts_part2_g532/predictions/g532_final_consensus_tape.csv
2020-10-09,0,0.1689709532272792,0.1346052764890027,0.939451,0.973883,0.5,0.56394,0.518268,0.211741,0.75,0.6,0.817315,0.367792,0.205977,0.548274,0,low_agreement,FLAT,0.0,0.0,0.0,0.0,1,0.236849,0.797569,0.310716,0.613293,part2a21_soft_caution_overlay,artifacts_part2_g532/predictions/g532_final_consensus_tape.csv
2020-10-12,0,0.1660851015264812,0.1245347094627857,0.76862,0.948658,0.5,0.567149,0.519185,0.197381,0.75,0.6,0.808146,0.363666,0.20351,0.551255,0,low_agreement,FLAT,0.0,0.0,0.0,0.0,1,0.25074,0.793317,0.334946,0.621802,part2a21_soft_caution_overlay,artifacts_part2_g532/predictions/g532_final_consensus_tape.csv
2020-10-13,0,0.1793041302736605,0.1478654008370142,1.337948,1.01534,0.75,0.566284,0.518938,0.232224,0.75,0.6,0.810616,0.364777,0.207506,0.546441,1,ok,FLAT,0.0,0.0,0.0,0.0,1,0.246022,0.79428,0.329453,0.619881,part2a21_soft_caution_overlay,artifacts_part2_g532/predictions/g532_final_consensus_tape.csv
2020-10-14,0,0.1908187072333983,0.1889732238666747,1.487233,1.197934,0.75,0.567449,0.519271,0.326245,0.75,0.6,0.807289,0.36328,0.214318,0.538424,1,ok,FLAT,0.0,0.0,0.0,0.0,1,0.255641,0.793592,0.333377,0.621253,part2a21_soft_caution_overlay,artifacts_part2_g532/predictions/g532_final_consensus_tape.csv
2020-10-15,0,0.1920768915945338,0.1938363095645217,1.457802,1.427661,0.75,0.567252,0.519215,0.445174,0.75,0.6,0.807852,0.363534,0.215047,0.53758,1,ok,FLAT,0.0,0.0,0.0,0.0,1,0.254157,0.793736,0.332559,0.620968,part2a21_soft_caution_overlay,artifacts_part2_g532/predictions/g532_final_consensus_tape.csv
2020-10-16,0,0.1969142683446137,0.2055262301767453,1.335625,1.426887,0.75,0.569414,0.519833,0.444151,0.75,0.6,0.801673,0.360753,0.206232,0.547966,1,ok,FLAT,0.0,0.0,0.0,0.0,1,0.262688,0.790717,0.349791,0.626968,part2a21_soft_caution_overlay,artifacts_part2_g532/predictions/g532_final_consensus_tape.csv
2020-10-19,0,0.2135139504005053,0.2897775150686767,1.560357,1.451261,0.75,0.565997,0.518856,0.457737,0.75,0.6,0.811436,0.365146,0.192494,0.56498,1,ok,VOO,0.014165,0.014165,0.014165,0.0,1,0.198855,0.706099,0.37621,0.636078,part2a21_soft_caution_overlay,artifacts_part2_g532/predictions/g532_final_consensus_tape.csv
2020-10-20,0,0.2121524590557212,0.2905598422019538,1.241231,1.379071,0.5,0.560851,0.517386,0.421948,0.75,0.6,0.826141,0.371763,0.168699,0.597088,0,low_agreement,VOO,0.014165,0.014165,0.014165,0.0,1,0.1904,0.715489,0.322564,0.617466,part2a21_soft_caution_overlay,artifacts_part2_g532/predictions/g532_final_consensus_tape.csv
2020-10-21,0,0.2074590376978552,0.2698100993049516,1.302247,1.367945,0.75,0.558356,0.516673,0.416961,0.75,0.6,0.833269,0.374971,0.139332,0.642125,1,ok,VOO,0.014165,0.014165,0.014165,0.0,1,0.183381,0.7195,0.299726,0.609402,part2a21_soft_caution_overlay,artifacts_part2_g532/predictions/g532_final_consensus_tape.csv
2020-10-22,0,0.2044207154656065,0.2510543079550687,1.382825,1.308768,0.75,0.561862,0.517675,0.385373,0.75,0.6,0.82325,0.370463,0.142128,0.637547,1,ok,VOO,0.014165,0.014165,0.014165,0.0,1,0.23306,0.801293,0.289536,0.605776,part2a21_soft_caution_overlay,artifacts_part2_g532/predictions/g532_final_consensus_tape.csv
2020-10-23,0,0.1979953501936486,0.2223595129179226,1.336909,1.34066,0.5,0.562465,0.517847,0.401642,0.75,0.6,0.821529,0.369688,0.134564,0.650086,0,low_agreement,VOO,0.014165,0.014165,0.014165,0.0,1,0.23365,0.800118,0.296213,0.608154,part2a21_soft_caution_overlay,artifacts_part2_g532/predictions/g532_final_consensus_tape.csv
2020-10-26,0,0.2072851069778278,0.2634033131668763,1.511819,1.410518,0.75,0.571405,0.520401,0.43509,0.75,0.6,0.795987,0.358194,0.145949,0.631394,1,ok,VOO,0.01476,0.01476,0.01476,0.0,1,0.214368,0.697568,0.427106,0.65,part2a21_soft_caution_overlay,artifacts_part2_g532/predictions/g532_final_consensus_tape.csv
2020-10-27,0,0.2293547419972167,0.3741765904684178,1.018956,1.289228,0.5,0.570981,0.52028,0.372338,0.75,0.6,0.797197,0.358739,0.143637,0.635103,0,low_agreement,VOO,0.01476,0.01476,0.01476,0.0,1,0.220645,0.699549,0.413782,0.648852,part2a21_soft_caution_overlay,artifacts_part2_g532/predictions/g532_final_consensus_tape.csv
2020-10-28,0,0.2159482023246655,0.2987050243427919,1.888733,1.47317,0.75,0.596376,0.527536,0.460592,0.65,0.6,0.72464,0.282609,0.215601,0.53694,0,high_risk_veto,VOO,0.01476,0.01476,0.01476,0.0,1,0.32995,0.747852,0.639363,0.65,part2a21_soft_caution_overlay,artifacts_part2_g532/predictions/g532_final_consensus_tape.csv
2020-10-29,0,0.2108368589749764,0.2717409651227369,0.865038,1.257576,0.5,0.576868,0.521962,0.353958,0.65,0.6,0.780377,0.304347,0.238385,0.511891,0,high_risk_veto,VOO,0.01476,0.01476,0.01476,0.0,1,0.228576,0.689127,0.487397,0.65,part2a21_soft_caution_overlay,artifacts_part2_g532/predictions/g532_final_consensus_tape.csv
2020-10-30,0,0.2018416259010206,0.2149637354917593,1.76055,1.504774,0.75,0.586787,0.524796,0.479814,0.5,0.6,0.752039,0.135367,0.237785,0.512521,0,high_risk_veto,VOO,0.01476,0.01476,0.01476,0.0,1,0.303921,0.762476,0.534906,0.65,part2a21_soft_caution_overlay,artifacts_part2_g532/predictions/g532_final_consensus_tape.csv
2020-11-02,0,0.1969464712575124,0.1966158498817649,1.202584,1.276058,0.75,0.585237,0.524353,0.360787,0.5,0.6,0.756466,0.136164,0.243731,0.506349,0,high_risk_veto,FLAT,0.0,0.0,0.0,0.0,1,0.279821,0.761358,0.542892,0.65,part2a21_soft_caution_overlay,artifacts_part2_g532/predictions/g532_final_consensus_tape.csv
2020-11-03,0,0.1994394818172236,0.2225510732670902,1.09733,1.353488,0.75,0.585184,0.524338,0.401242,0.5,0.6,0.756616,0.136191,0.266347,0.484171,0,high_risk_veto,FLAT,0.0,0.0,0.0,0.0,1,0.282317,0.7619,0.539022,0.65,part2a21_soft_caution_overlay,artifacts_part2_g532/predictions/g532_final_consensus_tape.csv
2020-11-04,0,0.1929344405034518,0.1341016053990859,0.518354,0.939422,0.5,0.573239,0.520925,0.190051,0.5,0.6,0.790745,0.142334,0.277416,0.474009,0,low_agreement,FLAT,0.0,0.0,0.0,0.0,1,0.268718,0.783695,0.389984,0.640785,part2a21_soft_caution_overlay,artifacts_part2_g532/predictions/g532_final_consensus_tape.csv
2020-11-05,0,0.1974540827562776,0.1462824488030258,1.046019,0.887234,0.5,0.578972,0.522563,0.160467,0.5,0.6,0.774367,0.139386,0.291794,0.46143,0,low_agreement,FLAT,0.0,0.0,0.0,0.0,1,0.292139,0.776044,0.437991,0.65,part2a21_soft_caution_overlay,artifacts_part2_g532/predictions/g532_final_consensus_tape.csv
2020-11-06,0,0.192146598619598,0.1343842999228076,1.519387,1.02792,0.75,0.575663,0.521618,0.23502,0.5,0.6,0.783821,0.141088,0.291988,0.461265,1,ok,FLAT,0.0,0.0,0.0,0.0,1,0.285287,0.781623,0.401872,0.644825,part2a21_soft_caution_overlay,artifacts_part2_g532/predictions/g532_final_consensus_tape.csv
2020-11-09,0,0.1963468560389018,0.142532519865359,2.160421,1.575275,1.0,0.576408,0.521831,0.519272,0.5,0.6,0.78169,0.140704,0.276239,0.475069,1,ok,VOO,0.005207,0.005207,0.005207,0.0,1,0.272288,0.777696,0.42619,0.65,part2a21_soft_caution_overlay,artifacts_part2_g532/predictions/g532_final_consensus_tape.csv
2020-11-10,0,0.182417707867178,0.1118459885832643,2.001286,1.893698,1.0,0.574114,0.521175,0.685183,0.5,0.6,0.788247,0.141884,0.270735,0.480091,1,ok,VOO,0.005207,0.005207,0.005207,0.0,1,0.265232,0.781185,0.404386,0.645677,part2a21_soft_caution_overlay,artifacts_part2_g532/predictions/g532_final_consensus_tape.csv
2020-11-11,0,0.1822604974129852,0.1241869002705891,1.180621,1.780776,0.75,0.551697,0.514771,0.630846,0.5,0.6,0.852294,0.153413,0.148083,0.628009,1,ok,VOO,0.005207,0.005207,0.005207,0.0,0,0.191597,0.815571,0.210842,0.576383,part2a21_soft_caution_overlay,artifacts_part2_g532/predictions/g532_final_consensus_tape.csv
2020-11-12,0,0.1972325180400239,0.1494167095613013,1.542287,1.574731,0.75,0.565672,0.518764,0.521659,0.5,0.6,0.812365,0.146226,0.190402,0.567663,1,ok,VOO,0.005207,0.005207,0.005207,0.0,1,0.239667,0.7944,0.328771,0.619642,part2a21_soft_caution_overlay,artifacts_part2_g532/predictions/g532_final_consensus_tape.csv
2020-11-13,0,0.1894224016858366,0.1349759435498866,1.380643,1.36785,0.75,0.551664,0.514761,0.418914,0.5,0.6,0.852388,0.15343,0.173607,0.59017,1,ok,VOO,0.005207,0.005207,0.005207,0.0,0,0.192393,0.816248,0.210088,0.574965,part2a21_soft_caution_overlay,artifacts_part2_g532/predictions/g532_final_consensus_tape.csv
2020-11-16,0,0.176086067660417,0.1072417722818862,1.561634,1.494855,0.75,0.548266,0.51379,0.484999,0.5,0.6,0.862096,0.155177,0.174503,0.588924,1,ok,VOO,0.006648,0.006648,0.006648,0.0,0,0.174296,0.828072,0.196726,0.549845,part2a21_soft_caution_overlay,artifacts_part2_g532/predictions/g532_final_consensus_tape.csv
2020-11-17,0,0.1875553983500235,0.1274558050139687,1.831095,1.591124,1.0,0.553436,0.515267,0.533087,0.5,0.6,0.847325,0.152519,0.183668,0.576478,1,ok,VOO,0.006648,0.006648,0.006648,0.0,0,0.198023,0.812742,0.224704,0.582282,part2a21_soft_caution_overlay,artifacts_part2_g532/predictions/g532_final_consensus_tape.csv
2020-11-18,0,0.1866914202943684,0.1220297857220976,1.959914,1.784214,1.0,0.560094,0.51717,0.63102,0.5,0.6,0.828302,0.149094,0.200798,0.554572,1,ok,VOO,0.006648,0.006648,0.006648,0.0,0,0.222612,0.803116,0.279185,0.602075,part2a21_soft_caution_overlay,artifacts_part2_g532/predictions/g532_final_consensus_tape.csv
2020-11-19,0,0.1860629615930024,0.1190163888179451,1.731276,1.840762,0.75,0.554291,0.515512,0.661184,0.5,0.6,0.844884,0.152079,0.181843,0.578913,1,ok,VOO,0.006648,0.006648,0.006648,0.0,0,0.200534,0.811385,0.232364,0.585098,part2a21_soft_caution_overlay,artifacts_part2_g532/predictions/g532_final_consensus_tape.csv
2020-11-20,0,0.183787133860076,0.1157421745471343,2.002446,1.897878,1.0,0.551431,0.514695,0.690993,0.75,0.6,0.853055,0.383875,0.190046,0.568123,1,ok,VOO,0.006648,0.006648,0.006648,0.0,0,0.189844,0.816318,0.21001,0.57482,part2a21_soft_caution_overlay,artifacts_part2_g532/predictions/g532_final_consensus_tape.csv
2020-11-23,0,0.1912161565837917,0.1280744484725984,1.953741,1.895821,1.0,0.553419,0.515263,0.68962,0.75,0.6,0.847375,0.381319,0.165715,0.601373,1,ok,VOO,0.023721,0.023721,0.023721,0.0,0,0.19921,0.813001,0.223242,0.581744,part2a21_soft_caution_overlay,artifacts_part2_g532/predictions/g532_final_consensus_tape.csv
2020-11-24,0,0.1802533699668564,0.1086525585111497,1.766232,1.907473,0.75,0.550882,0.514538,0.696002,0.75,0.6,0.854623,0.38458,0.187474,0.571463,1,ok,VOO,0.023721,0.023721,0.023721,0.0,0,0.187074,0.818337,0.207755,0.570579,part2a21_soft_caution_overlay,artifacts_part2_g532/predictions/g532_final_consensus_tape.csv
2020-11-25,0,0.1820138838750708,0.1153148152864822,1.942205,1.887392,0.75,0.5504,0.5144,0.685778,0.75,0.6,0.856,0.3852,0.187242,0.571766,1,ok,VOO,0.023721,0.023721,0.023721,0.0,0,0.181682,0.818403,0.207681,0.57044,part2a21_soft_caution_overlay,artifacts_part2_g532/predictions/g532_final_consensus_tape.csv
2020-11-26,0,0.1852609861486002,0.1202536814529452,2.066945,1.925127,1.0,0.550093,0.514312,0.705179,0.75,0.6,0.856878,0.385595,0.164935,0.602505,1,ok,VOO,0.023721,0.023721,0.023721,0.0,0,0.183553,0.82149,0.20421,0.563915,part2a21_soft_caution_overlay,artifacts_part2_g532/predictions/g532_final_consensus_tape.csv
2020-11-27,0,0.1871577998353608,0.1235358905421511,1.874545,1.961232,0.75,0.551131,0.514609,0.723548,0.75,0.6,0.853912,0.384261,0.150437,0.624318,1,ok,VOO,0.023721,0.023721,0.023721,0.0,0,0.189712,0.818219,0.207886,0.570826,part2a21_soft_caution_overlay,artifacts_part2_g532/predictions/g532_final_consensus_tape.csv
2020-11-30,0,0.1904161554336172,0.133304273311101,2.009862,1.983784,0.75,0.548012,0.513718,0.735543,0.75,0.6,0.862823,0.38827,0.13689,0.646179,1,ok,VOO,0.027681,0.027681,0.027681,0.0,0,0.175503,0.830378,0.194076,0.544863,part2a21_soft_caution_overlay,artifacts_part2_g532/predictions/g532_final_consensus_tape.csv
2020-12-01,0,0.1743560647630048,0.1029117572165681,1.911365,1.931924,0.75,0.54811,0.513746,0.708961,0.75,0.6,0.862543,0.388144,0.153802,0.619115,1,ok,VOO,0.027681,0.027681,0.027681,0.0,0,0.179139,0.831783,0.192454,0.541813,part2a21_soft_caution_overlay,artifacts_part2_g532/predictions/g532_final_consensus_tape.csv
2020-12-02,0,0.1770573107703157,0.100322953360267,2.206536,2.042588,1.0,0.547974,0.513707,0.765673,0.75,0.6,0.862933,0.38832,0.133379,0.652097,1,ok,VOO,0.027681,0.027681,0.027681,0.0,0,0.179716,0.832971,0.191078,0.539226,part2a21_soft_caution_overlay,artifacts_part2_g532/predictions/g532_final_consensus_tape.csv
2020-12-03,0,0.174610547769642,0.0984162514216277,2.282362,2.133421,1.0,0.550457,0.514416,0.811967,0.75,0.6,0.855838,0.385127,0.137223,0.645623,1,ok,VOO,0.027681,0.027681,0.027681,0.0,0,0.18542,0.820178,0.205689,0.566694,part2a21_soft_caution_overlay,artifacts_part2_g532/predictions/g532_final_consensus_tape.csv
2020-12-04,0,0.1832551052242249,0.1267749816783262,2.387528,2.292142,0.75,0.548285,0.513796,0.8935,0.75,0.6,0.862042,0.387919,0.129081,0.659489,1,ok,VOO,0.027681,0.027681,0.027681,0.0,0,0.186186,0.834581,0.189206,0.535707,part2a21_soft_caution_overlay,artifacts_part2_g532/predictions/g532_final_consensus_tape.csv
2020-12-07,0,0.1692617626920786,0.091112264527808,2.346653,2.338848,0.75,0.548443,0.513841,0.917424,0.75,0.6,0.861591,0.387716,0.136675,0.646538,1,ok,VOO,0.034496,0.034496,0.034496,0.0,0,0.184558,0.832678,0.191417,0.539865,part2a21_soft_caution_overlay,artifacts_part2_g532/predictions/g532_final_consensus_tape.csv
2020-12-08,0,0.1834385310463771,0.1369674375662726,2.376852,2.370344,0.75,0.549251,0.514072,0.933535,0.75,0.6,0.859284,0.386678,0.112107,0.690404,1,ok,VOO,0.034496,0.034496,0.034496,0.0,0,0.187706,0.829286,0.195333,0.547226,part2a21_soft_caution_overlay,artifacts_part2_g532/predictions/g532_final_consensus_tape.csv
2020-12-09,0,0.1943142368659905,0.1754372928959182,2.818719,2.514074,1.0,0.550944,0.514555,1.0,0.75,0.6,0.854447,0.384501,0.120754,0.674302,1,ok,VOO,0.034496,0.034496,0.034496,0.0,0,0.198461,0.82444,0.200871,0.557637,part2a21_soft_caution_overlay,artifacts_part2_g532/predictions/g532_final_consensus_tape.csv
2020-12-10,0,0.191498397493878,0.1592599650896059,2.295859,2.497143,0.75,0.55072,0.514491,0.998534,0.75,0.6,0.855087,0.384789,0.122471,0.671193,1,ok,VOO,0.034496,0.034496,0.034496,0.0,0,0.196494,0.824775,0.200489,0.55692,part2a21_soft_caution_overlay,artifacts_part2_g532/predictions/g532_final_consensus_tape.csv
2020-12-11,0,0.198497678015154,0.1862782762670524,2.290515,2.468364,1.0,0.558687,0.516768,0.983704,0.75,0.6,0.832323,0.374546,0.124449,0.667648,1,ok,VOO,0.034496,0.034496,0.034496,0.0,0,0.217606,0.805185,0.267448,0.597856,part2a21_soft_caution_overlay,artifacts_part2_g532/predictions/g532_final_consensus_tape.csv
2020-12-14,0,0.2033422445413032,0.193163938451797,2.208861,2.265078,0.75,0.559604,0.51703,0.878931,0.75,0.6,0.829702,0.373366,0.124632,0.667322,1,ok,VOO,0.032849,0.032849,0.032849,0.0,0,0.221873,0.804023,0.274037,0.600227,part2a21_soft_caution_overlay,artifacts_part2_g532/predictions/g532_final_consensus_tape.csv
2020-12-15,0,0.2008576292883972,0.2056038474671049,2.190956,2.230111,0.75,0.550378,0.514394,0.861568,0.75,0.6,0.856062,0.385228,0.119408,0.676758,1,ok,VOO,0.032849,0.032849,0.032849,0.0,0,0.195974,0.826688,0.19831,0.552823,part2a21_soft_caution_overlay,artifacts_part2_g532/predictions/g532_final_consensus_tape.csv
2020-12-16,0,0.1922495772642898,0.1507036207226338,2.288307,2.229375,0.75,0.549429,0.514122,0.861258,0.75,0.6,0.858775,0.386449,0.118608,0.678227,1,ok,VOO,0.032849,0.032849,0.032849,0.0,0,0.189101,0.828927,0.195746,0.548002,part2a21_soft_caution_overlay,artifacts_part2_g532/predictions/g532_final_consensus_tape.csv
2020-12-17,0,0.1980521443505474,0.1939287625795945,2.311863,2.263709,0.75,0.548355,0.513816,0.878927,0.75,0.6,0.861844,0.38783,0.119742,0.676147,1,ok,VOO,0.032849,0.032849,0.032849,0.0,0,0.185753,0.833904,0.189994,0.537189,part2a21_soft_caution_overlay,artifacts_part2_g532/predictions/g532_final_consensus_tape.csv
2020-12-18,0,0.1948734091130389,0.1762177332014122,2.578003,2.392725,1.0,0.547698,0.513628,0.945052,0.75,0.6,0.86372,0.388674,0.104344,0.705529,1,ok,VOO,0.032849,0.032849,0.032849,0.0,0,0.184365,0.837278,0.186054,0.529781,part2a21_soft_caution_overlay,artifacts_part2_g532/predictions/g532_final_consensus_tape.csv
2020-12-21,0,0.2135376493213057,0.2323823636708284,2.418518,2.436128,1.0,0.548056,0.51373,0.967278,0.75,0.6,0.862697,0.388214,0.102934,0.708348,1,ok,VOO,0.039899,0.039899,0.039899,0.0,0,0.157137,0.739693,0.206234,0.567719,part2a21_soft_caution_overlay,artifacts_part2_g532/predictions/g532_final_consensus_tape.csv
2020-12-22,0,0.2138719160411843,0.2478712889968248,2.34016,2.44556,0.75,0.547112,0.513461,0.972123,0.75,0.6,0.865394,0.389427,0.103939,0.706336,1,ok,VOO,0.039899,0.039899,0.039899,0.0,0,0.156821,0.745657,0.199486,0.555033,part2a21_soft_caution_overlay,artifacts_part2_g532/predictions/g532_final_consensus_tape.csv
2020-12-23,0,0.208744961983808,0.2350661146411492,2.589701,2.449459,1.0,0.544112,0.512604,0.97416,0.75,0.6,0.873965,0.393284,0.097173,0.720103,1,ok,VOO,0.039899,0.039899,0.039899,0.0,0,0.148152,0.759889,0.182982,0.524007,part2a21_soft_caution_overlay,artifacts_part2_g532/predictions/g532_final_consensus_tape.csv
2020-12-24,0,0.1893790447310236,0.1362404682058786,2.358196,2.429352,0.75,0.548034,0.513724,0.963807,0.75,0.6,0.862761,0.388242,0.09579,0.722983,1,ok,VOO,0.039899,0.039899,0.039899,0.0,0,0.188509,0.837447,0.185856,0.52941,part2a21_soft_caution_overlay,artifacts_part2_g532/predictions/g532_final_consensus_tape.csv
2020-12-25,0,0.1981779800693825,0.1872127133981147,2.447348,2.465081,1.0,0.547466,0.513562,0.982116,0.75,0.6,0.864382,0.388972,0.092985,0.728895,1,ok,VOO,0.039899,0.039899,0.039899,0.0,0,0.186691,0.840001,0.182849,0.523757,part2a21_soft_caution_overlay,artifacts_part2_g532/predictions/g532_final_consensus_tape.csv
2020-12-28,0,0.2066031047356152,0.2129703914986887,2.156197,2.32058,0.75,0.543857,0.512531,0.908279,0.75,0.6,0.874693,0.393612,0.093913,0.726927,1,ok,VOO,0.038982,0.038982,0.038982,0.0,0,0.146924,0.760807,0.181897,0.521966,part2a21_soft_caution_overlay,artifacts_part2_g532/predictions/g532_final_consensus_tape.csv
2020-12-29,0,0.2210260892677897,0.3020434208283284,2.346704,2.316749,1.0,0.545694,0.513056,0.906232,0.75,0.6,0.869445,0.39125,0.067578,0.787208,1,ok,VOO,0.038982,0.038982,0.038982,0.0,0,0.158399,0.75559,0.18803,0.533496,part2a21_soft_caution_overlay,artifacts_part2_g532/predictions/g532_final_consensus_tape.csv
2020-12-30,0,0.226558372771173,0.2653971159520992,2.44745,2.316783,1.0,0.54229,0.512083,0.906413,0.75,0.6,0.87917,0.395627,0.067156,0.788255,1,ok,VOO,0.038982,0.038982,0.038982,0.0,0,0.14854,0.771291,0.169316,0.498314,part2a21_soft_caution_overlay,artifacts_part2_g532/predictions/g532_final_consensus_tape.csv
2020-12-31,0,0.2229144566501102,0.2689122450853563,2.365531,2.386561,0.75,0.543631,0.512466,0.942016,0.75,0.6,0.87534,0.393903,0.064275,0.795481,1,ok,VOO,0.038982,0.038982,0.038982,0.0,0,0.154575,0.766341,0.1753,0.509564,part2a21_soft_caution_overlay,artifacts_part2_g532/predictions/g532_final_consensus_tape.csv
2021-01-01,0,0.2271027100189107,0.2800001114325939,2.412015,2.408332,1.0,0.543667,0.512476,0.953143,0.75,0.6,0.875238,0.393857,0.060806,0.80436,1,ok,VOO,0.038982,0.038982,0.038982,0.0,0,0.15474,0.76621,0.175457,0.509859,part2a21_soft_caution_overlay,artifacts_part2_g532/predictions/g532_final_consensus_tape.csv
2021-01-04,0,0.290259425133778,0.4327327307246213,2.661341,2.479629,1.0,0.559144,0.516898,0.989504,0.65,0.6,0.831017,0.324097,0.094857,0.724938,0,high_risk_veto,FLAT,0.0,0.0,0.0,0.0,1,0.201853,0.721266,0.289686,0.60583,part2a21_soft_caution_overlay,artifacts_part2_g532/predictions/g532_final_consensus_tape.csv
2021-01-05,0,0.2197456376526189,0.2503534313537008,2.243623,2.438993,0.75,0.54563,0.513037,0.968784,0.75,0.6,0.869628,0.391333,0.102008,0.710212,1,ok,FLAT,0.0,0.0,0.0,0.0,0,0.155724,0.754517,0.18928,0.535847,part2a21_soft_caution_overlay,artifacts_part2_g532/predictions/g532_final_consensus_tape.csv
2021-01-06,0,0.2106419702654384,0.2716226427709726,2.796587,2.567184,1.0,0.547645,0.513613,1.0,0.75,0.6,0.863873,0.388743,0.115271,0.684424,1,ok,FLAT,0.0,0.0,0.0,0.0,0,0.158423,0.743114,0.202375,0.560465,part2a21_soft_caution_overlay,artifacts_part2_g532/predictions/g532_final_consensus_tape.csv
2021-01-07,0,0.1871830137328294,0.2300781911083755,2.073228,2.371146,0.75,0.546979,0.513423,0.934023,0.75,0.6,0.865773,0.389598,0.141239,0.638995,1,ok,FLAT,0.0,0.0,0.0,0.0,0,0.18828,0.843885,0.178239,0.51509,part2a21_soft_caution_overlay,artifacts_part2_g532/predictions/g532_final_consensus_tape.csv
2021-01-08,0,0.1538064796255876,0.1444856019919446,2.420833,2.430216,0.75,0.543573,0.512449,0.964331,0.75,0.6,0.875506,0.393978,0.141386,0.638755,1,ok,FLAT,0.0,0.0,0.0,0.0,0,0.168715,0.854201,0.16576,0.491628,part2a21_soft_caution_overlay,artifacts_part2_g532/predictions/g532_final_consensus_tape.csv
2021-01-11,0,0.1745341202327339,0.1779314717574969,2.950653,2.481571,1.0,0.546312,0.513232,0.990567,0.75,0.6,0.86768,0.390456,0.146349,0.630757,1,ok,VOO,0.036594,0.036594,0.036594,0.0,0,0.181176,0.844167,0.177903,0.514457,part2a21_soft_caution_overlay,artifacts_part2_g532/predictions/g532_final_consensus_tape.csv
2021-01-12,0,0.1923063734219036,0.2307632481368017,2.768588,2.713358,1.0,0.549425,0.514122,1.0,0.75,0.6,0.858785,0.386453,0.14457,0.6336,1,ok,VOO,0.036594,0.036594,0.036594,0.0,0,0.196107,0.832859,0.191207,0.539469,part2a21_soft_caution_overlay,artifacts_part2_g532/predictions/g532_final_consensus_tape.csv
2021-01-13,0,0.1549731877994742,0.1417137814720118,2.526213,2.748485,0.75,0.543744,0.512498,1.0,0.75,0.6,0.875018,0.393758,0.145699,0.631793,1,ok,VOO,0.036594,0.036594,0.036594,0.0,0,0.169286,0.853475,0.16665,0.493302,part2a21_soft_caution_overlay,artifacts_part2_g532/predictions/g532_final_consensus_tape.csv
2021-01-14,0,0.1761065265389471,0.1904854152123107,2.898754,2.731185,1.0,0.545922,0.513121,1.0,0.75,0.6,0.868794,0.390957,0.147058,0.629631,1,ok,VOO,0.036594,0.036594,0.036594,0.0,0,0.175463,0.843489,0.178711,0.515978,part2a21_soft_caution_overlay,artifacts_part2_g532/predictions/g532_final_consensus_tape.csv
2021-01-15,0,0.1770148798992737,0.1979462867297077,2.866549,2.763839,1.0,0.549855,0.514244,1.0,0.75,0.6,0.857557,0.385901,0.159953,0.609827,1,ok,VOO,0.036594,0.036594,0.036594,0.0,0,0.198265,0.831326,0.192982,0.542805,part2a21_soft_caution_overlay,artifacts_part2_g532/predictions/g532_final_consensus_tape.csv
2021-01-18,0,0.1980571434487882,0.2354455850041211,2.673271,2.812858,1.0,0.547507,0.513573,1.0,0.75,0.6,0.864265,0.388919,0.135178,0.649051,1,ok,VOO,0.037864,0.037864,0.037864,0.0,0,0.192225,0.842757,0.179583,0.517616,part2a21_soft_caution_overlay,artifacts_part2_g532/predictions/g532_final_consensus_tape.csv
2021-01-19,0,0.1851710748926395,0.2081075075178853,2.407743,2.649188,0.75,0.54403,0.51258,1.0,0.75,0.6,0.8742,0.39339,0.133489,0.651908,1,ok,VOO,0.037864,0.037864,0.037864,0.0,0,0.171441,0.852886,0.16737,0.494656,part2a21_soft_caution_overlay,artifacts_part2_g532/predictions/g532_final_consensus_tape.csv
2021-01-20,0,0.1405762912194361,0.1203023353426274,2.254219,2.445077,0.75,0.542159,0.512045,0.971947,0.75,0.6,0.879546,0.395796,0.135776,0.648044,1,ok,VOO,0.037864,0.037864,0.037864,0.0,0,0.160538,0.858367,0.160618,0.481963,part2a21_soft_caution_overlay,artifacts_part2_g532/predictions/g532_final_consensus_tape.csv
2021-01-21,0,0.1341897603234907,0.1109175747476607,2.608051,2.423337,0.75,0.540824,0.511664,0.96087,0.75,0.6,0.883359,0.397512,0.105828,0.702588,1,ok,VOO,0.037864,0.037864,0.037864,0.0,0,0.154623,0.863181,0.154601,0.470651,part2a21_soft_caution_overlay,artifacts_part2_g532/predictions/g532_final_consensus_tape.csv
2021-01-22,0,0.1495704915844398,0.1241831592008938,2.790511,2.550927,1.0,0.544616,0.512747,1.0,0.75,0.6,0.872526,0.392637,0.102615,0.708988,1,ok,VOO,0.037864,0.037864,0.037864,0.0,0,0.171354,0.849293,0.171741,0.502874,part2a21_soft_caution_overlay,artifacts_part2_g532/predictions/g532_final_consensus_tape.csv
2021-01-25,0,0.1912034612082997,0.185895211655534,2.445092,2.614551,0.75,0.542931,0.512266,1.0,0.75,0.6,0.877341,0.394803,0.099198,0.715926,1,ok,VOO,0.042397,0.042397,0.042397,0.0,0,0.167887,0.857604,0.161565,0.483742,part2a21_soft_caution_overlay,artifacts_part2_g532/predictions/g532_final_consensus_tape.csv
2021-01-26,0,0.2043559594783697,0.2120224322781228,2.575808,2.603804,1.0,0.543696,0.512485,1.0,0.75,0.6,0.875154,0.393819,0.099591,0.715122,1,ok,VOO,0.042397,0.042397,0.042397,0.0,0,0.172685,0.855543,0.164111,0.488528,part2a21_soft_caution_overlay,artifacts_part2_g532/predictions/g532_final_consensus_tape.csv
2021-01-27,0,0.3026586703518846,0.5639402543103765,3.155345,2.725415,1.0,0.579106,0.522602,1.0,0.65,0.6,0.773983,0.301854,0.165391,0.601842,0,high_risk_veto,VOO,0.042397,0.042397,0.042397,0.0,1,0.238145,0.686326,0.507402,0.65,part2a21_soft_caution_overlay,artifacts_part2_g532/predictions/g532_final_consensus_tape.csv
2021-01-28,0,0.304752098168507,0.5381335940377134,2.404241,2.711798,0.75,0.578705,0.522487,1.0,0.65,0.6,0.775129,0.3023,0.177893,0.584258,0,high_risk_veto,VOO,0.042397,0.042397,0.042397,0.0,1,0.237934,0.687091,0.50194,0.65,part2a21_soft_caution_overlay,artifacts_part2_g532/predictions/g532_final_consensus_tape.csv
2021-01-29,0,0.2658565562240453,0.6594110344156382,3.01164,2.857075,1.0,0.578736,0.522496,1.0,0.75,0.6,0.775039,0.348768,0.194581,0.562327,1,ok,VOO,0.042397,0.042397,0.042397,0.0,1,0.23795,0.687031,0.502366,0.65,part2a21_soft_caution_overlay,artifacts_part2_g532/predictions/g532_final_consensus_tape.csv
2021-02-01,0,0.2487919306373094,0.7141156031797355,2.053392,2.489757,0.75,0.579237,0.522639,0.994667,0.75,0.6,0.773609,0.348124,0.21209,0.54102,1,ok,VOO,0.028101,0.028101,0.028101,0.0,1,0.238213,0.686076,0.509189,0.65,part2a21_soft_caution_overlay,artifacts_part2_g532/predictions/g532_final_consensus_tape.csv
2021-02-02,0,0.2431293691825293,0.6980374093683839,2.335362,2.466798,0.75,0.561895,0.517684,0.982869,0.75,0.6,0.823156,0.37042,0.226358,0.524816,1,ok,VOO,0.028101,0.028101,0.028101,0.0,1,0.201005,0.71524,0.323981,0.617963,part2a21_soft_caution_overlay,artifacts_part2_g532/predictions/g532_final_consensus_tape.csv
2021-02-03,0,0.1894918774585666,0.8219892242991155,2.793187,2.39398,1.0,0.553048,0.515156,0.945546,0.75,0.6,0.848435,0.381796,0.216673,0.535708,1,ok,VOO,0.028101,0.028101,0.028101,0.0,0,0.208225,0.816262,0.210073,0.574937,part2a21_soft_caution_overlay,artifacts_part2_g532/predictions/g532_final_consensus_tape.csv
2021-02-04,0,0.1795803365522975,0.8506926717064935,2.479517,2.536022,0.75,0.55307,0.515163,1.0,0.75,0.6,0.848371,0.381767,0.224352,0.527035,1,ok,VOO,0.028101,0.028101,0.028101,0.0,0,0.209695,0.816961,0.209292,0.573469,part2a21_soft_caution_overlay,artifacts_part2_g532/predictions/g532_final_consensus_tape.csv
2021-02-05,0,0.1689902279631945,0.8608667717173318,2.732761,2.668488,0.75,0.552836,0.515096,1.0,0.75,0.6,0.84904,0.382068,0.223256,0.528255,1,ok,VOO,0.028101,0.028101,0.028101,0.0,0,0.208996,0.818102,0.208017,0.571073,part2a21_soft_caution_overlay,artifacts_part2_g532/predictions/g532_final_consensus_tape.csv
2021-02-08,0,0.1808819480194045,0.8482792279677844,2.738098,2.650125,0.75,0.555185,0.515767,1.0,0.75,0.6,0.842328,0.379048,0.224359,0.527027,1,ok,VOO,0.029965,0.029965,0.029965,0.0,0,0.216092,0.812382,0.226732,0.583029,part2a21_soft_caution_overlay,artifacts_part2_g532/predictions/g532_final_consensus_tape.csv
2021-02-09,0,0.1701964621644604,0.8732011840788526,2.861268,2.777376,1.0,0.555185,0.515767,1.0,0.75,0.6,0.842329,0.379048,0.224556,0.526809,1,ok,VOO,0.029965,0.029965,0.029965,0.0,0,0.213551,0.811908,0.22941,0.584013,part2a21_soft_caution_overlay,artifacts_part2_g532/predictions/g532_final_consensus_tape.csv
2021-02-10,0,0.1820273831414657,0.8239293555577305,2.895688,2.831685,1.0,0.54752,0.513577,1.0,0.75,0.6,0.864228,0.388903,0.165726,0.601357,1,ok,VOO,0.029965,0.029965,0.029965,0.0,0,0.178158,0.834978,0.188743,0.534838,part2a21_soft_caution_overlay,artifacts_part2_g532/predictions/g532_final_consensus_tape.csv
2021-02-11,0,0.1793446436377853,0.8317002629511331,2.755042,2.837333,0.75,0.547074,0.51345,1.0,0.75,0.6,0.865503,0.389476,0.162326,0.606316,1,ok,VOO,0.029965,0.029965,0.029965,0.0,0,0.177077,0.837192,0.186155,0.529972,part2a21_soft_caution_overlay,artifacts_part2_g532/predictions/g532_final_consensus_tape.csv
2021-02-12,0,0.1721667816705416,0.8372784702005521,2.8391,2.829943,0.75,0.544073,0.512592,1.0,0.75,0.6,0.874077,0.393335,0.104245,0.705726,1,ok,VOO,0.029965,0.029965,0.029965,0.0,0,0.170252,0.851999,0.168453,0.496692,part2a21_soft_caution_overlay,artifacts_part2_g532/predictions/g532_final_consensus_tape.csv
2021-02-15,0,0.1634304767105354,0.8712417305173821,2.957635,2.850592,1.0,0.542662,0.512189,1.0,0.75,0.6,0.878109,0.395149,0.097255,0.719931,1,ok,VOO,0.042672,0.042672,0.042672,0.0,0,0.163681,0.857013,0.162296,0.485117,part2a21_soft_caution_overlay,artifacts_part2_g532/predictions/g532_final_consensus_tape.csv
2021-02-16,0,0.2035298125173963,0.8132795275880711,3.085271,2.960669,1.0,0.544198,0.512628,1.0,0.75,0.6,0.873721,0.393175,0.073195,0.773527,1,ok,VOO,0.042672,0.042672,0.042672,0.0,0,0.176512,0.854546,0.165337,0.490833,part2a21_soft_caution_overlay,artifacts_part2_g532/predictions/g532_final_consensus_tape.csv
2021-02-17,0,0.1846826694893978,0.8505334659867785,3.027156,3.023354,1.0,0.543121,0.51232,1.0,0.75,0.6,0.876796,0.394558,0.076649,0.765348,1,ok,VOO,0.042672,0.042672,0.042672,0.0,0,0.166575,0.855784,0.163814,0.48797,part2a21_soft_caution_overlay,artifacts_part2_g532/predictions/g532_final_consensus_tape.csv
2021-02-18,0,0.2383374041381305,0.7111184668321565,2.965699,3.026042,1.0,0.542459,0.512131,1.0,0.75,0.6,0.878688,0.39541,0.072161,0.776009,1,ok,VOO,0.042672,0.042672,0.042672,0.0,0,0.14885,0.770432,0.17036,0.500277,part2a21_soft_caution_overlay,artifacts_part2_g532/predictions/g532_final_consensus_tape.csv
2021-02-19,0,0.2477726431439321,0.6899398859954897,3.133479,3.042111,1.0,0.543301,0.512372,1.0,0.75,0.6,0.876283,0.394327,0.068648,0.784565,1,ok,VOO,0.042672,0.042672,0.042672,0.0,0,0.146563,0.76406,0.178031,0.514699,part2a21_soft_caution_overlay,artifacts_part2_g532/predictions/g532_final_consensus_tape.csv
2021-02-22,0,0.218055196289029,0.7717804872239705,3.506867,3.202015,1.0,0.546336,0.513239,1.0,0.75,0.6,0.867612,0.390425,0.072373,0.7755,1,ok,VOO,0.045416,0.045416,0.045416,0.0,0,0.157335,0.75093,0.193439,0.543666,part2a21_soft_caution_overlay,artifacts_part2_g532/predictions/g532_final_consensus_tape.csv
2021-02-23,0,0.2498719164600606,0.6799767259276005,2.941531,3.193959,1.0,0.545182,0.512909,1.0,0.75,0.6,0.870908,0.391908,0.071549,0.777485,1,ok,VOO,0.045416,0.045416,0.045416,0.0,0,0.153836,0.7563,0.187199,0.531935,part2a21_soft_caution_overlay,artifacts_part2_g532/predictions/g532_final_consensus_tape.csv
2021-02-24,0,0.1745572194944548,0.3863115069578171,2.722444,3.056947,0.75,0.536157,0.51033,1.0,0.75,0.6,0.896695,0.403513,0.089476,0.73643,1,ok,VOO,0.045416,0.045416,0.045416,0.0,0,0.139407,0.876931,0.130033,0.424462,part2a21_soft_caution_overlay,artifacts_part2_g532/predictions/g532_final_consensus_tape.csv
2021-02-25,0,0.2343418159592424,0.6239388159527554,3.665049,3.109675,1.0,0.571345,0.520384,1.0,0.75,0.6,0.796156,0.35827,0.110599,0.693291,1,ok,VOO,0.045416,0.045416,0.045416,0.0,1,0.28844,0.791405,0.345866,0.625606,part2a21_soft_caution_overlay,artifacts_part2_g532/predictions/g532_final_consensus_tape.csv
2021-02-26,0,0.2769658064761621,0.6395720783384227,2.667941,3.018478,0.75,0.551413,0.514689,1.0,0.65,0.6,0.853105,0.332711,0.125148,0.666404,0,high_risk_veto,VOO,0.045416,0.045416,0.045416,0.0,1,0.188515,0.735665,0.210738,0.576187,part2a21_soft_caution_overlay,artifacts_part2_g532/predictions/g532_final_consensus_tape.csv
2021-03-01,0,0.2478907669559539,0.6073496336094156,2.26544,2.866143,0.75,0.542757,0.512216,1.0,0.75,0.6,0.877837,0.395027,0.183865,0.576217,1,ok,VOO,0.034143,0.034143,0.034143,0.0,0,0.162301,0.775725,0.163886,0.488107,part2a21_soft_caution_overlay,artifacts_part2_g532/predictions/g532_final_consensus_tape.csv
2021-03-02,0,0.1909304619137839,0.4620335652635862,3.201803,2.711728,1.0,0.544117,0.512605,1.0,0.75,0.6,0.87395,0.393278,0.188361,0.570306,1,ok,VOO,0.034143,0.034143,0.034143,0.0,0,0.18024,0.856974,0.162345,0.485208,part2a21_soft_caution_overlay,artifacts_part2_g532/predictions/g532_final_consensus_tape.csv
2021-03-03,0,0.251673700056138,0.6321782327029491,3.451932,2.973058,1.0,0.549885,0.514253,1.0,0.75,0.6,0.857471,0.385862,0.191944,0.565682,1,ok,VOO,0.034143,0.034143,0.034143,0.0,0,0.1862,0.744347,0.200977,0.557836,part2a21_soft_caution_overlay,artifacts_part2_g532/predictions/g532_final_consensus_tape.csv
2021-03-04,0,0.2577169542465883,0.6400787014005163,3.054397,3.236044,1.0,0.547243,0.513498,1.0,0.75,0.6,0.865021,0.389259,0.193992,0.563073,1,ok,VOO,0.034143,0.034143,0.034143,0.0,0,0.175362,0.755186,0.188501,0.534382,part2a21_soft_caution_overlay,artifacts_part2_g532/predictions/g532_final_consensus_tape.csv
2021-03-05,0,0.1867086789954074,0.4503071677978434,2.383031,2.96312,0.75,0.543514,0.512433,1.0,0.75,0.6,0.875674,0.394053,0.221247,0.530507,1,ok,VOO,0.034143,0.034143,0.034143,0.0,0,0.178537,0.859669,0.158999,0.478919,part2a21_soft_caution_overlay,artifacts_part2_g532/predictions/g532_final_consensus_tape.csv
2021-03-08,0,0.1871479570039314,0.4455149683619182,3.191555,2.876328,0.75,0.546793,0.51337,1.0,0.75,0.6,0.866305,0.389837,0.218554,0.533556,1,ok,VOO,0.0312,0.0312,0.0312,0.0,0,0.188,0.844881,0.177049,0.512853,part2a21_soft_caution_overlay,artifacts_part2_g532/predictions/g532_final_consensus_tape.csv
2021-03-09,0,0.2257856321356448,0.5579575149388307,1.691024,2.42187,0.75,0.5432,0.512343,0.960073,0.75,0.6,0.876571,0.394457,0.222683,0.528896,1,ok,VOO,0.0312,0.0312,0.0312,0.0,0,0.161681,0.772739,0.16755,0.494993,part2a21_soft_caution_overlay,artifacts_part2_g532/predictions/g532_final_consensus_tape.csv
2021-03-10,0,0.1813743961915739,0.4276358097986639,2.606802,2.49646,1.0,0.542555,0.512159,0.998192,0.75,0.6,0.878415,0.395287,0.215113,0.537504,1,ok,VOO,0.0312,0.0312,0.0312,0.0,0,0.173888,0.862918,0.154932,0.471271,part2a21_soft_caution_overlay,artifacts_part2_g532/predictions/g532_final_consensus_tape.csv
2021-03-11,0,0.1619522588568306,0.3220610578289185,2.163785,2.153871,0.75,0.540319,0.51152,0.823375,0.75,0.6,0.884803,0.398162,0.210041,0.54343,1,ok,VOO,0.0312,0.0312,0.0312,0.0,0,0.158794,0.868234,0.148191,0.4586,part2a21_soft_caution_overlay,artifacts_part2_g532/predictions/g532_final_consensus_tape.csv
2021-03-12,0,0.1645086937366976,0.3450821122790779,2.906011,2.558866,1.0,0.538526,0.511007,1.0,0.75,0.6,0.889926,0.400467,0.187595,0.571304,1,ok,VOO,0.0312,0.0312,0.0312,0.0,0,0.145157,0.871672,0.143775,0.450298,part2a21_soft_caution_overlay,artifacts_part2_g532/predictions/g532_final_consensus_tape.csv
2021-03-15,0,0.1473129170489421,0.2467331787192422,2.54489,2.538229,0.75,0.53383,0.509666,1.0,0.75,0.6,0.903342,0.406504,0.150765,0.623807,1,ok,VOO,0.038037,0.038037,0.038037,0.0,0,0.118577,0.878154,0.126323,0.417487,part2a21_soft_caution_overlay,artifacts_part2_g532/predictions/g532_final_consensus_tape.csv
2021-03-16,0,0.1554641637651195,0.3057045063851592,2.579459,2.676786,0.75,0.533937,0.509696,1.0,0.75,0.6,0.903037,0.406367,0.135942,0.647765,1,ok,VOO,0.038037,0.038037,0.038037,0.0,0,0.124579,0.87917,0.123243,0.411697,part2a21_soft_caution_overlay,artifacts_part2_g532/predictions/g532_final_consensus_tape.csv
2021-03-17,0,0.1522316680917237,0.2888736856348329,2.681341,2.601896,0.75,0.533171,0.509477,1.0,0.75,0.6,0.905227,0.407352,0.118725,0.678012,1,ok,VOO,0.038037,0.038037,0.038037,0.0,0,0.125312,0.881188,0.117126,0.400197,part2a21_soft_caution_overlay,artifacts_part2_g532/predictions/g532_final_consensus_tape.csv
2021-03-18,0,0.1708186273285059,0.379816922268203,3.324152,2.861651,1.0,0.535906,0.510259,1.0,0.75,0.6,0.897411,0.403835,0.122159,0.671756,1,ok,VOO,0.038037,0.038037,0.038037,0.0,0,0.136482,0.876917,0.130073,0.424538,part2a21_soft_caution_overlay,artifacts_part2_g532/predictions/g532_final_consensus_tape.csv
2021-03-19,0,0.1847809557666451,0.4450884027915756,2.639337,2.88161,0.75,0.533732,0.509638,1.0,0.75,0.6,0.903624,0.406631,0.094846,0.724961,1,ok,VOO,0.038037,0.038037,0.038037,0.0,0,0.135744,0.882042,0.114536,0.395328,part2a21_soft_caution_overlay,artifacts_part2_g532/predictions/g532_final_consensus_tape.csv
2021-03-22,0,0.1589576215194007,0.3243468306956992,2.318093,2.760527,0.75,0.531462,0.508989,1.0,0.75,0.6,0.910108,0.409549,0.0923,0.730352,1,ok,VOO,0.044867,0.044867,0.044867,0.0,0,0.12047,0.884308,0.107666,0.382411,part2a21_soft_caution_overlay,artifacts_part2_g532/predictions/g532_final_consensus_tape.csv
2021-03-23,0,0.1777236617254461,0.4027654414235628,2.723672,2.560367,1.0,0.537918,0.510834,1.0,0.75,0.6,0.891662,0.401248,0.116025,0.683014,1,ok,VOO,0.044867,0.044867,0.044867,0.0,0,0.158268,0.87666,0.130853,0.426004,part2a21_soft_caution_overlay,artifacts_part2_g532/predictions/g532_final_consensus_tape.csv
2021-03-24,0,0.1872714805493588,0.4167286072181946,2.904182,2.648649,1.0,0.533615,0.509604,1.0,0.951394,0.6,0.903957,0.516011,0.122004,0.672037,1,ok,VOO,0.044867,0.044867,0.044867,0.0,0,0.162501,0.870649,0.096438,0.361303,part2a21_soft_caution_overlay,artifacts_part2_g532/predictions/g532_final_consensus_tape.csv
2021-03-25,0,0.1864852607777895,0.4401639419386378,2.546627,2.724827,1.0,0.528043,0.508012,1.0,0.96225,0.6,0.919876,0.53109,0.113888,0.687025,1,ok,VOO,0.044867,0.044867,0.044867,0.0,0,0.116301,0.954363,0.085177,0.340133,part2a21_soft_caution_overlay,artifacts_part2_g532/predictions/g532_final_consensus_tape.csv
2021-03-26,0,0.1846550328557282,0.4755712897043643,2.252532,2.56778,0.75,0.52681,0.50766,1.0,0.964424,0.6,0.9234,0.534329,0.14566,0.631856,1,ok,VOO,0.044867,0.044867,0.044867,0.0,0,0.112701,0.956593,0.078413,0.327417,part2a21_soft_caution_overlay,artifacts_part2_g532/predictions/g532_final_consensus_tape.csv
2021-03-29,0,0.1849831535033844,0.4540326385382141,2.597087,2.465415,1.0,0.536375,0.510393,0.982387,0.75,0.6,0.89607,0.403232,0.144764,0.63329,1,ok,VOO,0.03763,0.03763,0.03763,0.0,0,0.171692,0.945898,0.110842,0.388383,part2a21_soft_caution_overlay,artifacts_part2_g532/predictions/g532_final_consensus_tape.csv
2021-03-30,0,0.1842687403070476,0.4775038124140782,2.707835,2.519151,1.0,0.528837,0.508239,1.0,0.961164,0.6,0.91761,0.529184,0.145069,0.632801,1,ok,VOO,0.03763,0.03763,0.03763,0.0,0,0.109603,0.951013,0.095334,0.359227,part2a21_soft_caution_overlay,artifacts_part2_g532/predictions/g532_final_consensus_tape.csv
2021-03-31,0,0.1843083445506771,0.4775144240671107,2.388484,2.564469,0.75,0.528278,0.508079,1.0,0.961824,0.6,0.919205,0.530468,0.145438,0.63221,1,ok,VOO,0.03763,0.03763,0.03763,0.0,0,0.117334,0.954012,0.086241,0.342132,part2a21_soft_caution_overlay,artifacts_part2_g532/predictions/g532_final_consensus_tape.csv
2021-04-01,0,0.1846338248763252,0.4844802142148288,2.386741,2.494353,0.75,0.521378,0.506108,0.997146,0.974434,0.6,0.93892,0.54895,0.137235,0.645603,1,ok,VOO,0.03763,0.03763,0.03763,0.0,0,0.084215,0.963733,0.056768,0.286724,part2a21_soft_caution_overlay,artifacts_part2_g532/predictions/g532_final_consensus_tape.csv
2021-04-02,0,0.1838440033166584,0.498306074426357,2.776831,2.517352,1.0,0.523095,0.506599,1.0,0.970838,0.6,0.934015,0.544066,0.136529,0.646782,1,ok,VOO,0.03763,0.03763,0.03763,0.0,0,0.105696,0.964128,0.05557,0.284471,part2a21_soft_caution_overlay,artifacts_part2_g532/predictions/g532_final_consensus_tape.csv
2021-04-05,0,0.1843595461040929,0.4740435288861553,2.347287,2.50362,0.75,0.526384,0.507538,1.0,0.964883,0.6,0.924617,0.535288,0.15529,0.616843,1,ok,VOO,0.049528,0.049528,0.049528,0.0,0,0.119882,0.959154,0.07065,0.312823,part2a21_soft_caution_overlay,artifacts_part2_g532/predictions/g532_final_consensus_tape.csv
2021-04-06,0,0.1849375404564972,0.4600842273174015,2.806153,2.643424,1.0,0.524847,0.507099,1.0,0.968282,0.6,0.929007,0.539724,0.13834,0.643766,1,ok,VOO,0.049528,0.049528,0.049528,0.0,0,0.095448,0.957693,0.075079,0.321148,part2a21_soft_caution_overlay,artifacts_part2_g532/predictions/g532_final_consensus_tape.csv
2021-04-07,0,0.1872990554033702,0.4313261506673375,2.673778,2.609073,0.75,0.523511,0.506717,1.0,0.969955,0.6,0.932825,0.542879,0.124697,0.667206,1,ok,VOO,0.049528,0.049528,0.049528,0.0,0,0.111215,0.964289,0.05508,0.28355,part2a21_soft_caution_overlay,artifacts_part2_g532/predictions/g532_final_consensus_tape.csv
2021-04-08,0,0.1848293808528489,0.4700389476872503,2.467673,2.649201,0.75,0.531601,0.509029,1.0,0.955173,0.6,0.909711,0.521358,0.125705,0.665415,1,ok,VOO,0.049528,0.049528,0.049528,0.0,0,0.149983,0.952879,0.089674,0.348588,part2a21_soft_caution_overlay,artifacts_part2_g532/predictions/g532_final_consensus_tape.csv
2021-04-09,0,0.188305442336263,0.41934756393299,2.548878,2.563443,0.75,0.52468,0.507052,1.0,0.968082,0.6,0.929485,0.539891,0.100625,0.713012,1,ok,VOO,0.049528,0.049528,0.049528,0.0,0,0.109218,0.961026,0.064976,0.302155,part2a21_soft_caution_overlay,artifacts_part2_g532/predictions/g532_final_consensus_tape.csv
2021-04-12,0,0.1868221820715775,0.4376000764117009,2.703815,2.573456,1.0,0.52514,0.507183,1.0,0.966886,0.6,0.928172,0.538462,0.101463,0.711312,1,ok,VOO,0.057452,0.057452,0.057452,0.0,0,0.121698,0.962561,0.060319,0.2934,part2a21_soft_caution_overlay,artifacts_part2_g532/predictions/g532_final_consensus_tape.csv
2021-04-13,0,0.1884764182673739,0.4134914666519284,2.399093,2.550595,0.75,0.528738,0.508211,1.0,0.960669,0.6,0.917892,0.529074,0.10109,0.712067,1,ok,VOO,0.057452,0.057452,0.057452,0.0,0,0.12864,0.955299,0.08234,0.334798,part2a21_soft_caution_overlay,artifacts_part2_g532/predictions/g532_final_consensus_tape.csv
2021-04-14,0,0.1795564380368303,0.5577059946178701,2.904977,2.669295,1.0,0.529611,0.50846,1.0,0.958818,0.6,0.915398,0.52662,0.104181,0.705854,1,ok,VOO,0.057452,0.057452,0.057452,0.0,0,0.1402,0.955635,0.08132,0.332881,part2a21_soft_caution_overlay,artifacts_part2_g532/predictions/g532_final_consensus_tape.csv
2021-04-15,0,0.1790125027216414,0.5733893672937866,2.233301,2.512457,0.75,0.532509,0.509288,1.0,0.953466,0.6,0.907117,0.518943,0.102975,0.708265,1,ok,VOO,0.057452,0.057452,0.057452,0.0,0,0.155699,0.951889,0.092677,0.354232,part2a21_soft_caution_overlay,artifacts_part2_g532/predictions/g532_final_consensus_tape.csv
2021-04-16,0,0.1824720572427615,0.4583063599235591,2.547145,2.561808,1.0,0.530001,0.508572,1.0,0.958281,0.6,0.914282,0.525684,0.10317,0.707874,1,ok,VOO,0.057452,0.057452,0.057452,0.0,0,0.136967,0.953999,0.086279,0.342205,part2a21_soft_caution_overlay,artifacts_part2_g532/predictions/g532_final_consensus_tape.csv
2021-04-19,0,0.1823735399955931,0.49977593538167,2.72967,2.503372,1.0,0.530882,0.508823,1.0,0.956341,0.6,0.911766,0.523176,0.07404,0.77151,1,ok,VOO,0.060545,0.060545,0.060545,0.0,0,0.150755,0.954791,0.083879,0.337692,part2a21_soft_caution_overlay,artifacts_part2_g532/predictions/g532_final_consensus_tape.csv
2021-04-20,0,0.1880806540699071,0.3693571165773672,2.608016,2.628277,1.0,0.536335,0.510381,1.0,0.946207,0.6,0.896186,0.508786,0.088958,0.737554,1,ok,VOO,0.060545,0.060545,0.060545,0.0,0,0.1818,0.868144,0.104031,0.375578,part2a21_soft_caution_overlay,artifacts_part2_g532/predictions/g532_final_consensus_tape.csv
2021-04-21,0,0.223559887279481,0.4777596376790315,2.280863,2.539517,0.75,0.534206,0.509773,1.0,0.75,0.6,0.902267,0.40602,0.097916,0.718564,1,ok,VOO,0.060545,0.060545,0.060545,0.0,0,0.141036,0.807508,0.114623,0.395491,part2a21_soft_caution_overlay,artifacts_part2_g532/predictions/g532_final_consensus_tape.csv
2021-04-22,0,0.240444329705025,0.5444968517760445,2.745896,2.544925,1.0,0.532887,0.509396,1.0,0.75,0.6,0.906037,0.407717,0.113412,0.687924,1,ok,VOO,0.060545,0.060545,0.060545,0.0,0,0.129109,0.808178,0.112592,0.391673,part2a21_soft_caution_overlay,artifacts_part2_g532/predictions/g532_final_consensus_tape.csv
2021-04-23,0,0.2189304575660431,0.4557543286702514,2.221199,2.415986,0.75,0.532682,0.509338,0.957295,0.75,0.6,0.906623,0.407981,0.118759,0.67795,1,ok,VOO,0.060545,0.060545,0.060545,0.0,0,0.129372,0.808732,0.110911,0.388513,part2a21_soft_caution_overlay,artifacts_part2_g532/predictions/g532_final_consensus_tape.csv
2021-04-26,0,0.2113066087238711,0.4251064778898019,2.417217,2.461437,0.75,0.532184,0.509196,0.980403,0.75,0.6,0.908045,0.40862,0.119549,0.676501,1,ok,VOO,0.040652,0.040652,0.040652,0.0,0,0.123947,0.808788,0.110743,0.388196,part2a21_soft_caution_overlay,artifacts_part2_g532/predictions/g532_final_consensus_tape.csv
2021-04-27,0,0.2099326587104129,0.4198244733445676,2.678886,2.439101,1.0,0.52787,0.507963,0.96912,0.962818,0.6,0.920372,0.531691,0.119755,0.676124,1,ok,VOO,0.040652,0.040652,0.040652,0.0,0,0.108217,0.815923,0.089108,0.347522,part2a21_soft_caution_overlay,artifacts_part2_g532/predictions/g532_final_consensus_tape.csv
2021-04-28,0,0.2111682919875805,0.4364230194274582,2.616433,2.570845,1.0,0.527889,0.507968,1.0,0.962788,0.6,0.920318,0.531643,0.119605,0.676397,1,ok,VOO,0.040652,0.040652,0.040652,0.0,0,0.108186,0.815871,0.089267,0.347821,part2a21_soft_caution_overlay,artifacts_part2_g532/predictions/g532_final_consensus_tape.csv
2021-04-29,0,0.2018852776355303,0.3690900860216132,2.425254,2.573524,0.75,0.527091,0.50774,1.0,0.964176,0.6,0.922597,0.533728,0.124274,0.667961,1,ok,VOO,0.040652,0.040652,0.040652,0.0,0,0.106368,0.897422,0.084564,0.33898,part2a21_soft_caution_overlay,artifacts_part2_g532/predictions/g532_final_consensus_tape.csv
2021-04-30,0,0.210367135899953,0.4064201585429705,2.637558,2.559748,1.0,0.533592,0.509598,1.0,0.75,0.6,0.904024,0.406811,0.129064,0.65952,1,ok,VOO,0.040652,0.040652,0.040652,0.0,0,0.126937,0.806005,0.119179,0.404057,part2a21_soft_caution_overlay,artifacts_part2_g532/predictions/g532_final_consensus_tape.csv
2021-05-03,0,0.2289267460154939,0.5096966883191386,2.508441,2.523751,1.0,0.536319,0.510377,1.0,0.75,0.6,0.896233,0.403305,0.126988,0.663151,1,ok,VOO,0.040118,0.040118,0.040118,0.0,0,0.1421,0.802604,0.129491,0.423443,part2a21_soft_caution_overlay,artifacts_part2_g532/predictions/g532_final_consensus_tape.csv
2021-05-04,0,0.2274625213143904,0.5048336862869693,2.678373,2.608124,1.0,0.537001,0.510572,1.0,0.75,0.6,0.894284,0.402428,0.120577,0.674624,1,ok,VOO,0.040118,0.040118,0.040118,0.0,0,0.140129,0.800529,0.135782,0.43527,part2a21_soft_caution_overlay,artifacts_part2_g532/predictions/g532_final_consensus_tape.csv
2021-05-05,0,0.2273663825453511,0.4948243026925561,2.288203,2.491673,0.75,0.536566,0.510447,0.995759,0.75,0.6,0.895525,0.402986,0.112511,0.689634,1,ok,VOO,0.040118,0.040118,0.040118,0.0,0,0.139811,0.801516,0.132789,0.429644,part2a21_soft_caution_overlay,artifacts_part2_g532/predictions/g532_final_consensus_tape.csv
2021-05-06,0,0.2136219253130957,0.4343138831059628,1.941533,2.302703,0.5,0.529989,0.508568,0.89985,0.958917,0.6,0.914316,0.526052,0.103106,0.708003,0,low_agreement,VOO,0.040118,0.040118,0.040118,0.0,0,0.119196,0.813109,0.097641,0.363566,part2a21_soft_caution_overlay,artifacts_part2_g532/predictions/g532_final_consensus_tape.csv
2021-05-07,0,0.1975649580613596,0.3807967580003106,1.990144,2.073293,0.5,0.529598,0.508457,0.783442,0.959573,0.6,0.915434,0.527056,0.0915,0.732063,0,low_agreement,VOO,0.040118,0.040118,0.040118,0.0,0,0.119013,0.89402,0.094878,0.35837,part2a21_soft_caution_overlay,artifacts_part2_g532/predictions/g532_final_consensus_tape.csv
2021-05-10,0,0.2215707739331506,0.4701291887915378,2.664739,2.198805,0.75,0.536932,0.510552,0.846569,0.75,0.6,0.894481,0.402516,0.10115,0.711947,1,ok,VOO,0.03639,0.03639,0.03639,0.0,0,0.139232,0.800506,0.135853,0.435404,part2a21_soft_caution_overlay,artifacts_part2_g532/predictions/g532_final_consensus_tape.csv
2021-05-11,0,0.2621319952798949,0.6502595380873191,2.131949,2.262277,0.75,0.540039,0.51144,0.87871,0.75,0.6,0.885602,0.398521,0.105141,0.703946,1,ok,VOO,0.03639,0.03639,0.03639,0.0,0,0.164787,0.798329,0.142271,0.44747,part2a21_soft_caution_overlay,artifacts_part2_g532/predictions/g532_final_consensus_tape.csv
2021-05-12,0,0.2656075923918746,0.6363858003516066,2.650812,2.4825,0.75,0.563448,0.518128,0.990963,0.75,0.6,0.818721,0.368424,0.131939,0.654555,1,ok,VOO,0.03639,0.03639,0.03639,0.0,1,0.29415,0.814816,0.244026,0.589363,part2a21_soft_caution_overlay,artifacts_part2_g532/predictions/g532_final_consensus_tape.csv
2021-05-13,0,0.2430617987303062,0.5701474197386999,1.753671,2.178811,0.5,0.547788,0.513654,0.835474,0.75,0.6,0.863461,0.388558,0.132093,0.654291,0,low_agreement,VOO,0.03639,0.03639,0.03639,0.0,0,0.19594,0.768522,0.179262,0.517012,part2a21_soft_caution_overlay,artifacts_part2_g532/predictions/g532_final_consensus_tape.csv
2021-05-14,0,0.2084605667789205,0.4241360056332839,1.513239,1.972574,0.5,0.536235,0.510353,0.731421,0.75,0.6,0.896471,0.403412,0.149128,0.626366,0,low_agreement,VOO,0.03639,0.03639,0.03639,0.0,0,0.141591,0.802699,0.129203,0.422902,part2a21_soft_caution_overlay,artifacts_part2_g532/predictions/g532_final_consensus_tape.csv
2021-05-17,0,0.2153086316195676,0.4604480363887127,2.15187,1.80626,0.75,0.535364,0.510104,0.646886,0.75,0.6,0.898959,0.404532,0.149117,0.626383,1,ok,VOO,0.024587,0.024587,0.024587,0.0,0,0.134573,0.803322,0.127313,0.419349,part2a21_soft_caution_overlay,artifacts_part2_g532/predictions/g532_final_consensus_tape.csv
2021-05-18,0,0.2233178401033987,0.4928840930134471,2.155446,1.940185,0.75,0.540287,0.511511,0.714338,0.75,0.6,0.884894,0.398203,0.150857,0.623664,1,ok,VOO,0.024587,0.024587,0.024587,0.0,0,0.157138,0.793077,0.149023,0.460163,part2a21_soft_caution_overlay,artifacts_part2_g532/predictions/g532_final_consensus_tape.csv
2021-05-19,0,0.2209369158871769,0.3074715982090437,1.975559,2.094292,0.75,0.541281,0.511795,0.792871,0.75,0.6,0.882053,0.396924,0.150927,0.623554,1,ok,VOO,0.024587,0.024587,0.024587,0.0,0,0.141958,0.773902,0.166127,0.492318,part2a21_soft_caution_overlay,artifacts_part2_g532/predictions/g532_final_consensus_tape.csv
2021-05-20,0,0.2227853397603493,0.3170901805241242,1.609452,1.913486,0.5,0.537899,0.510828,0.701078,0.75,0.6,0.891718,0.401273,0.149234,0.626199,0,low_agreement,VOO,0.024587,0.024587,0.024587,0.0,0,0.128604,0.786956,0.149822,0.461665,part2a21_soft_caution_overlay,artifacts_part2_g532/predictions/g532_final_consensus_tape.csv
2021-05-21,0,0.2261325020381019,0.3368018859504213,2.18317,1.922727,0.75,0.535367,0.510105,0.706168,0.75,0.6,0.898951,0.404528,0.143368,0.635537,1,ok,VOO,0.024587,0.024587,0.024587,0.0,0,0.120308,0.79479,0.136524,0.436665,part2a21_soft_caution_overlay,artifacts_part2_g532/predictions/g532_final_consensus_tape.csv
2021-05-24,0,0.2139742714447853,0.2681186303298333,1.678962,1.823861,0.75,0.530329,0.508665,0.656725,0.75,0.6,0.913346,0.411006,0.147403,0.629084,1,ok,VOO,0.02547,0.02547,0.02547,0.0,0,0.090717,0.800738,0.11849,0.402762,part2a21_soft_caution_overlay,artifacts_part2_g532/predictions/g532_final_consensus_tape.csv
2021-05-25,0,0.2188627354824262,0.2991679601720901,2.022294,1.961475,0.75,0.536361,0.510389,0.725752,0.75,0.6,0.896112,0.40325,0.145628,0.631906,1,ok,VOO,0.02547,0.02547,0.02547,0.0,0,0.118982,0.790956,0.144698,0.452033,part2a21_soft_caution_overlay,artifacts_part2_g532/predictions/g532_final_consensus_tape.csv
2021-05-26,0,0.2233015385306272,0.3257351499154638,2.032232,1.911163,0.75,0.534898,0.509971,0.700353,0.75,0.6,0.90029,0.405131,0.110042,0.694364,1,ok,VOO,0.02547,0.02547,0.02547,0.0,0,0.121422,0.796164,0.132356,0.42883,part2a21_soft_caution_overlay,artifacts_part2_g532/predictions/g532_final_consensus_tape.csv
2021-05-27,0,0.2197579049223482,0.2800477862698866,2.216148,2.090225,1.0,0.530375,0.508679,0.791953,0.75,0.6,0.913214,0.410946,0.104619,0.704982,1,ok,VOO,0.02547,0.02547,0.02547,0.0,0,0.105431,0.803752,0.109352,0.385581,part2a21_soft_caution_overlay,artifacts_part2_g532/predictions/g532_final_consensus_tape.csv
2021-05-28,0,0.235163197860637,0.3325169313560368,2.055703,2.101361,0.75,0.530439,0.508697,0.7976,0.75,0.6,0.913032,0.410864,0.08374,0.749086,1,ok,VOO,0.02547,0.02547,0.02547,0.0,0,0.110001,0.804568,0.106876,0.380927,part2a21_soft_caution_overlay,artifacts_part2_g532/predictions/g532_final_consensus_tape.csv
2021-05-31,0,0.2380120525309565,0.3437384304689583,2.125755,2.132535,1.0,0.529684,0.508481,0.8135,0.75,0.6,0.915188,0.411835,0.083062,0.75061,1,ok,VOO,0.037721,0.037721,0.037721,0.0,0,0.101354,0.804564,0.10689,0.380954,part2a21_soft_caution_overlay,artifacts_part2_g532/predictions/g532_final_consensus_tape.csv
2021-06-01,0,0.204916821977503,0.2165557927818059,2.252282,2.14458,0.75,0.532031,0.509152,0.819397,0.75,0.6,0.908482,0.408817,0.065409,0.792621,1,ok,VOO,0.037721,0.037721,0.037721,0.0,0,0.125968,0.884094,0.108314,0.383631,part2a21_soft_caution_overlay,artifacts_part2_g532/predictions/g532_final_consensus_tape.csv
2021-06-02,0,0.2106643612323152,0.2448594656077257,2.102246,2.160094,0.75,0.530831,0.508809,0.827386,0.75,0.6,0.911912,0.41036,0.06531,0.79287,1,ok,VOO,0.037721,0.037721,0.037721,0.0,0,0.112847,0.804221,0.107928,0.382905,part2a21_soft_caution_overlay,artifacts_part2_g532/predictions/g532_final_consensus_tape.csv
2021-06-03,0,0.211343478945626,0.2485809838797338,2.346435,2.233654,0.75,0.527365,0.507819,0.86498,0.964023,0.6,0.921814,0.53319,0.060423,0.805353,1,ok,VOO,0.037721,0.037721,0.037721,0.0,0,0.097662,0.809412,0.092191,0.35332,part2a21_soft_caution_overlay,artifacts_part2_g532/predictions/g532_final_consensus_tape.csv
2021-06-04,0,0.2443704228022679,0.3689756669790647,1.675267,2.041316,0.75,0.53299,0.509426,0.766812,0.75,0.6,0.905744,0.407585,0.060782,0.804421,1,ok,VOO,0.037721,0.037721,0.037721,0.0,0,0.121493,0.800816,0.118254,0.402317,part2a21_soft_caution_overlay,artifacts_part2_g532/predictions/g532_final_consensus_tape.csv
2021-06-07,0,0.2611164423563539,0.4343891597699968,2.082088,2.034597,0.75,0.531374,0.508964,0.76359,0.75,0.6,0.910361,0.409663,0.042447,0.854856,1,ok,VOO,0.040112,0.040112,0.040112,0.0,0,0.116248,0.803626,0.109734,0.3863,part2a21_soft_caution_overlay,artifacts_part2_g532/predictions/g532_final_consensus_tape.csv
2021-06-08,0,0.2563638963138947,0.4684665046847443,2.128108,1.961821,1.0,0.538621,0.511035,0.725612,0.75,0.6,0.889653,0.400344,0.031459,0.888228,1,ok,VOO,0.040112,0.040112,0.040112,0.0,0,0.151678,0.793552,0.140277,0.443721,part2a21_soft_caution_overlay,artifacts_part2_g532/predictions/g532_final_consensus_tape.csv
2021-06-09,0,0.2520445505530272,0.430871607448968,2.087499,2.099232,1.0,0.538031,0.510866,0.795732,0.75,0.6,0.89134,0.401103,0.038495,0.866565,1,ok,VOO,0.040112,0.040112,0.040112,0.0,0,0.148364,0.794282,0.138064,0.43956,part2a21_soft_caution_overlay,artifacts_part2_g532/predictions/g532_final_consensus_tape.csv
2021-06-10,0,0.2532206437539229,0.4205673636463592,1.855834,2.023814,0.75,0.538411,0.510975,0.757245,0.75,0.6,0.890253,0.400614,0.037,0.871081,1,ok,VOO,0.040112,0.040112,0.040112,0.0,0,0.147139,0.793098,0.141655,0.446311,part2a21_soft_caution_overlay,artifacts_part2_g532/predictions/g532_final_consensus_tape.csv
2021-06-11,0,0.211928761360746,0.2588032694579741,2.094943,2.012759,0.75,0.54033,0.511523,0.751366,0.75,0.6,0.884772,0.398147,0.039411,0.863823,1,ok,VOO,0.040112,0.040112,0.040112,0.0,0,0.157268,0.787401,0.149255,0.460599,part2a21_soft_caution_overlay,artifacts_part2_g532/predictions/g532_final_consensus_tape.csv
2021-06-14,0,0.232288969041848,0.3719088560064156,1.981943,1.977573,0.75,0.534313,0.509804,0.734227,0.75,0.6,0.901963,0.405883,0.048818,0.83663,1,ok,VOO,0.037399,0.037399,0.037399,0.0,0,0.132926,0.800031,0.120633,0.40679,part2a21_soft_caution_overlay,artifacts_part2_g532/predictions/g532_final_consensus_tape.csv
2021-06-15,0,0.2267881407844802,0.3398561585369374,2.340214,2.139033,1.0,0.528233,0.508067,0.816932,0.962491,0.6,0.919333,0.53091,0.050532,0.83186,1,ok,VOO,0.037399,0.037399,0.037399,0.0,0,0.100239,0.807851,0.096925,0.362218,part2a21_soft_caution_overlay,artifacts_part2_g532/predictions/g532_final_consensus_tape.csv
2021-06-16,0,0.2064161966261025,0.5675896695542818,2.345178,2.222445,1.0,0.532231,0.509209,0.858949,0.954543,0.6,0.907912,0.519985,0.050819,0.831064,1,ok,VOO,0.037399,0.037399,0.037399,0.0,0,0.137959,0.891652,0.102057,0.371867,part2a21_soft_caution_overlay,artifacts_part2_g532/predictions/g532_final_consensus_tape.csv
2021-06-17,0,0.2129933290367806,0.491099234476114,1.968842,2.218078,0.75,0.544977,0.512851,0.855796,0.75,0.6,0.871494,0.392172,0.054838,0.820108,1,ok,VOO,0.037399,0.037399,0.037399,0.0,0,0.192942,0.783965,0.16049,0.481721,part2a21_soft_caution_overlay,artifacts_part2_g532/predictions/g532_final_consensus_tape.csv
2021-06-18,0,0.2202178018644538,0.3947710444907644,2.429804,2.247941,1.0,0.557941,0.516555,0.870211,0.75,0.6,0.834454,0.375504,0.107204,0.69988,1,ok,VOO,0.037399,0.037399,0.037399,0.0,1,0.222638,0.733212,0.2531,0.592665,part2a21_soft_caution_overlay,artifacts_part2_g532/predictions/g532_final_consensus_tape.csv
2021-06-21,0,0.2086096377698492,0.5304462528939814,2.080563,2.159737,0.75,0.537523,0.510721,0.826615,0.75,0.6,0.892791,0.401756,0.144655,0.633465,1,ok,VOO,0.031556,0.031556,0.031556,0.0,0,0.158258,0.803113,0.127949,0.420543,part2a21_soft_caution_overlay,artifacts_part2_g532/predictions/g532_final_consensus_tape.csv
2021-06-22,0,0.1996298043933004,0.6515100124862224,1.997334,2.169234,0.75,0.533759,0.509646,0.831777,0.75,0.6,0.903545,0.406595,0.145241,0.632525,1,ok,VOO,0.031556,0.031556,0.031556,0.0,0,0.136724,0.887677,0.114109,0.394525,part2a21_soft_caution_overlay,artifacts_part2_g532/predictions/g532_final_consensus_tape.csv
2021-06-23,0,0.2041862996880454,0.5756369922494202,2.257811,2.111902,1.0,0.535302,0.510086,0.802465,0.75,0.6,0.899137,0.404611,0.142657,0.636687,1,ok,VOO,0.031556,0.031556,0.031556,0.0,0,0.152257,0.887231,0.115461,0.397067,part2a21_soft_caution_overlay,artifacts_part2_g532/predictions/g532_final_consensus_tape.csv
2021-06-24,0,0.1956378621430682,0.6686484405736638,2.156818,2.137321,0.75,0.531948,0.509128,0.815717,0.955209,0.6,0.908721,0.520811,0.144976,0.632951,1,ok,VOO,0.031556,0.031556,0.031556,0.0,0,0.132315,0.89114,0.10361,0.374786,part2a21_soft_caution_overlay,artifacts_part2_g532/predictions/g532_final_consensus_tape.csv
2021-06-25,0,0.1868354167368036,0.8161930599736644,2.343754,2.252794,1.0,0.529575,0.50845,0.874542,0.959602,0.6,0.9155,0.527109,0.146517,0.630489,1,ok,VOO,0.031556,0.031556,0.031556,0.0,0,0.119297,0.894136,0.094526,0.357708,part2a21_soft_caution_overlay,artifacts_part2_g532/predictions/g532_final_consensus_tape.csv
2021-06-28,0,0.1954364252517235,0.6796089544394665,2.034497,2.178357,0.75,0.533836,0.509668,0.836411,0.75,0.6,0.903325,0.406496,0.14507,0.632799,1,ok,VOO,0.032273,0.032273,0.032273,0.0,0,0.137112,0.887573,0.114425,0.39512,part2a21_soft_caution_overlay,artifacts_part2_g532/predictions/g532_final_consensus_tape.csv
2021-06-29,0,0.2019395698590789,0.6099900418417685,2.288619,2.22229,0.75,0.532769,0.509363,0.858832,0.75,0.6,0.906374,0.407868,0.144173,0.634239,1,ok,VOO,0.032273,0.032273,0.032273,0.0,0,0.136383,0.89001,0.107036,0.381229,part2a21_soft_caution_overlay,artifacts_part2_g532/predictions/g532_final_consensus_tape.csv
2021-06-30,0,0.2042312305118243,0.5858376878939265,2.369288,2.230802,1.0,0.531082,0.508881,0.863276,0.956671,0.6,0.911193,0.523027,0.1444,0.633874,1,ok,VOO,0.032273,0.032273,0.032273,0.0,0,0.131619,0.893094,0.097685,0.363648,part2a21_soft_caution_overlay,artifacts_part2_g532/predictions/g532_final_consensus_tape.csv
2021-07-01,0,0.1989552970413527,0.670908772745526,2.279762,2.312556,1.0,0.530632,0.508752,0.90482,0.957538,0.6,0.912481,0.524241,0.144093,0.634368,1,ok,VOO,0.032273,0.032273,0.032273,0.0,0,0.128201,0.893462,0.09657,0.361551,part2a21_soft_caution_overlay,artifacts_part2_g532/predictions/g532_final_consensus_tape.csv
2021-07-02,0,0.2043739711881504,0.6103478351495918,1.967752,2.205601,0.75,0.531743,0.509069,0.850426,0.955725,0.6,0.909305,0.521428,0.084878,0.74654,1,ok,VOO,0.032273,0.032273,0.032273,0.0,0,0.127221,0.890555,0.105385,0.378123,part2a21_soft_caution_overlay,artifacts_part2_g532/predictions/g532_final_consensus_tape.csv
2021-07-05,0,0.2104255279620491,0.5244978019050329,2.25473,2.167415,1.0,0.528754,0.508215,0.831282,0.961249,0.6,0.917846,0.529367,0.04668,0.842658,1,ok,VOO,0.055622,0.055622,0.055622,0.0,0,0.111116,0.814392,0.093751,0.356251,part2a21_soft_caution_overlay,artifacts_part2_g532/predictions/g532_final_consensus_tape.csv
2021-07-06,0,0.2124986202452928,0.4926953454053572,2.081233,2.101238,0.75,0.530451,0.5087,0.797537,0.958143,0.6,0.912996,0.524868,0.06643,0.790065,1,ok,VOO,0.055622,0.055622,0.055622,0.0,0,0.119387,0.812027,0.100921,0.369732,part2a21_soft_caution_overlay,artifacts_part2_g532/predictions/g532_final_consensus_tape.csv
2021-07-07,0,0.2219961144257013,0.372131009584342,2.062188,2.132717,0.75,0.529904,0.508544,0.813571,0.959295,0.6,0.914561,0.5264,0.06654,0.789789,1,ok,VOO,0.055622,0.055622,0.055622,0.0,0,0.11238,0.811868,0.101403,0.370638,part2a21_soft_caution_overlay,artifacts_part2_g532/predictions/g532_final_consensus_tape.csv
2021-07-08,0,0.2264828714925204,0.3234222861769411,2.222812,2.122078,1.0,0.547482,0.513566,0.806444,0.75,0.6,0.864338,0.388952,0.08411,0.748257,1,ok,VOO,0.055622,0.055622,0.055622,0.0,0,0.200063,0.772629,0.174346,0.50777,part2a21_soft_caution_overlay,artifacts_part2_g532/predictions/g532_final_consensus_tape.csv
2021-07-09,0,0.2144990221784304,0.4725266005685806,1.966661,2.083887,0.75,0.534813,0.509946,0.788258,0.75,0.6,0.900536,0.405241,0.113143,0.688435,1,ok,VOO,0.055622,0.055622,0.055622,0.0,0,0.141325,0.806097,0.1189,0.403532,part2a21_soft_caution_overlay,artifacts_part2_g532/predictions/g532_final_consensus_tape.csv
2021-07-12,0,0.2072502110632138,0.5732880441384655,2.026685,2.072052,0.75,0.532196,0.509199,0.782525,0.75,0.6,0.908012,0.408605,0.113902,0.686998,1,ok,VOO,0.03295,0.03295,0.03295,0.0,0,0.125774,0.809148,0.109651,0.386144,part2a21_soft_caution_overlay,artifacts_part2_g532/predictions/g532_final_consensus_tape.csv
2021-07-13,0,0.2183020921765534,0.4205400906568684,2.102373,2.031906,1.0,0.533134,0.509467,0.76201,0.75,0.6,0.905332,0.4074,0.113974,0.686863,1,ok,VOO,0.03295,0.03295,0.03295,0.0,0,0.133052,0.808417,0.111868,0.390311,part2a21_soft_caution_overlay,artifacts_part2_g532/predictions/g532_final_consensus_tape.csv
2021-07-14,0,0.1957610207889222,0.6969660009803361,1.979061,2.036039,0.75,0.538066,0.510876,0.763519,0.75,0.6,0.891239,0.401058,0.115567,0.683869,1,ok,VOO,0.03295,0.03295,0.03295,0.0,0,0.157447,0.876126,0.132472,0.429047,part2a21_soft_caution_overlay,artifacts_part2_g532/predictions/g532_final_consensus_tape.csv
2021-07-15,0,0.2091285546944904,0.611268542929678,2.092502,2.057978,1.0,0.536594,0.510455,0.77487,0.75,0.6,0.895446,0.402951,0.118224,0.678935,1,ok,VOO,0.03295,0.03295,0.03295,0.0,0,0.134892,0.794909,0.136161,0.435984,part2a21_soft_caution_overlay,artifacts_part2_g532/predictions/g532_final_consensus_tape.csv
2021-07-16,0,0.219637539719199,0.5419171065155413,2.096488,2.056017,1.0,0.548594,0.513884,0.77248,0.75,0.6,0.861159,0.387522,0.120533,0.674704,1,ok,VOO,0.03295,0.03295,0.03295,0.0,0,0.187894,0.753572,0.19038,0.537914,part2a21_soft_caution_overlay,artifacts_part2_g532/predictions/g532_final_consensus_tape.csv
2021-07-19,0,0.201895762861747,0.6723184026132475,1.963514,2.050835,1.0,0.553871,0.515392,0.769201,0.75,0.6,0.846084,0.380738,0.162646,0.605846,1,ok,VOO,0.026615,0.026615,0.026615,0.0,0,0.24054,0.829305,0.195311,0.547185,part2a21_soft_caution_overlay,artifacts_part2_g532/predictions/g532_final_consensus_tape.csv
2021-07-20,0,0.2174038527650518,0.5499647746790518,1.542264,1.867422,0.75,0.547943,0.513698,0.675943,0.75,0.6,0.863021,0.388359,0.187403,0.571556,1,ok,VOO,0.026615,0.026615,0.026615,0.0,0,0.185091,0.756138,0.187389,0.53229,part2a21_soft_caution_overlay,artifacts_part2_g532/predictions/g532_final_consensus_tape.csv
2021-07-21,0,0.2060021712946218,0.5935540722348395,1.766216,1.757331,0.75,0.544181,0.512623,0.620277,0.75,0.6,0.873769,0.393196,0.203706,0.551017,1,ok,VOO,0.026615,0.026615,0.026615,0.0,0,0.190079,0.861692,0.156471,0.474166,part2a21_soft_caution_overlay,artifacts_part2_g532/predictions/g532_final_consensus_tape.csv
2021-07-22,0,0.1879445055969868,0.7164695355525043,1.771516,1.693332,0.75,0.543304,0.512373,0.58774,0.75,0.6,0.876274,0.394324,0.195608,0.561032,1,ok,VOO,0.026615,0.026615,0.026615,0.0,0,0.183233,0.86332,0.154426,0.47032,part2a21_soft_caution_overlay,artifacts_part2_g532/predictions/g532_final_consensus_tape.csv
2021-07-23,0,0.2055071620112696,0.6120239445576382,1.686479,1.741404,0.75,0.53984,0.511383,0.612993,0.75,0.6,0.886171,0.398777,0.187867,0.57095,1,ok,VOO,0.026615,0.026615,0.026615,0.0,0,0.161812,0.872487,0.14272,0.448314,part2a21_soft_caution_overlay,artifacts_part2_g532/predictions/g532_final_consensus_tape.csv
2021-07-26,0,0.1866921935633892,0.7272490041551808,1.93109,1.796361,1.0,0.539981,0.511423,0.641004,0.75,0.6,0.885768,0.398595,0.187405,0.571552,1,ok,VOO,0.021905,0.021905,0.021905,0.0,0,0.160407,0.870981,0.144667,0.451973,part2a21_soft_caution_overlay,artifacts_part2_g532/predictions/g532_final_consensus_tape.csv
2021-07-27,0,0.1923724250218296,0.7047814675826652,2.097981,1.905183,1.0,0.54125,0.511786,0.696328,0.75,0.6,0.882142,0.396964,0.192727,0.564682,1,ok,VOO,0.021905,0.021905,0.021905,0.0,0,0.170497,0.868767,0.14751,0.457319,part2a21_soft_caution_overlay,artifacts_part2_g532/predictions/g532_final_consensus_tape.csv
2021-07-28,0,0.2079186509426184,0.5955465739260388,1.787172,1.938747,0.75,0.53951,0.511289,0.713718,0.75,0.6,0.887115,0.399202,0.192368,0.56514,1,ok,VOO,0.021905,0.021905,0.021905,0.0,0,0.146597,0.786744,0.150092,0.462173,part2a21_soft_caution_overlay,artifacts_part2_g532/predictions/g532_final_consensus_tape.csv
2021-07-29,0,0.1998281522429121,0.627612483414781,1.902048,1.929067,0.75,0.538094,0.510884,0.708991,0.75,0.6,0.89116,0.401022,0.191742,0.565941,1,ok,VOO,0.021905,0.021905,0.021905,0.0,0,0.154048,0.875336,0.134867,0.43355,part2a21_soft_caution_overlay,artifacts_part2_g532/predictions/g532_final_consensus_tape.csv
2021-07-30,0,0.1889793220036333,0.6939269665703464,2.052987,1.914069,1.0,0.544266,0.512648,0.700404,0.75,0.6,0.873524,0.393086,0.191826,0.565833,1,ok,VOO,0.021905,0.021905,0.021905,0.0,0,0.189062,0.860664,0.157758,0.476584,part2a21_soft_caution_overlay,artifacts_part2_g532/predictions/g532_final_consensus_tape.csv
2021-08-02,0,0.2120833562372946,0.572024472770697,1.867457,1.940831,1.0,0.546493,0.513284,0.713762,0.75,0.6,0.867164,0.390224,0.143528,0.635279,1,ok,VOO,0.026541,0.026541,0.026541,0.0,0,0.177703,0.761168,0.181469,0.521162,part2a21_soft_caution_overlay,artifacts_part2_g532/predictions/g532_final_consensus_tape.csv
2021-08-03,0,0.1906746368560953,0.7036723475187522,1.679781,1.866742,0.75,0.536117,0.510319,0.677548,0.75,0.6,0.896809,0.403564,0.129331,0.659056,1,ok,VOO,0.026541,0.026541,0.026541,0.0,0,0.138937,0.876928,0.130043,0.42448,part2a21_soft_caution_overlay,artifacts_part2_g532/predictions/g532_final_consensus_tape.csv
2021-08-04,0,0.1954399188629885,0.6664878030585986,1.815213,1.787484,0.75,0.537718,0.510777,0.636894,0.75,0.6,0.892233,0.401505,0.112987,0.688729,1,ok,VOO,0.026541,0.026541,0.026541,0.0,0,0.149523,0.875288,0.135015,0.433828,part2a21_soft_caution_overlay,artifacts_part2_g532/predictions/g532_final_consensus_tape.csv
2021-08-05,0,0.1886729361764196,0.7158179311374396,1.771334,1.755443,0.75,0.538959,0.511131,0.620326,0.75,0.6,0.888689,0.39991,0.12312,0.670026,1,ok,VOO,0.026541,0.026541,0.026541,0.0,0,0.153062,0.873027,0.141869,0.446714,part2a21_soft_caution_overlay,artifacts_part2_g532/predictions/g532_final_consensus_tape.csv
2021-08-06,0,0.1994278463182833,0.6257922292578458,2.047882,1.878143,1.0,0.529154,0.50833,0.684472,0.960557,0.6,0.916703,0.528327,0.115261,0.684443,1,ok,VOO,0.026541,0.026541,0.026541,0.0,0,0.111927,0.888099,0.096172,0.360804,part2a21_soft_caution_overlay,artifacts_part2_g532/predictions/g532_final_consensus_tape.csv
2021-08-09,0,0.1896093990021598,0.7057843653550152,1.905565,1.90826,0.75,0.532797,0.509371,0.699197,0.75,0.6,0.906294,0.407832,0.114464,0.685939,1,ok,VOO,0.02934,0.02934,0.02934,0.0,0,0.125184,0.882067,0.11446,0.395184,part2a21_soft_caution_overlay,artifacts_part2_g532/predictions/g532_final_consensus_tape.csv
2021-08-10,0,0.2182102043302834,0.537580873688608,2.029811,1.994419,1.0,0.530801,0.5088,0.743256,0.75,0.6,0.911999,0.410399,0.102599,0.709021,1,ok,VOO,0.02934,0.02934,0.02934,0.0,0,0.110371,0.803769,0.109301,0.385485,part2a21_soft_caution_overlay,artifacts_part2_g532/predictions/g532_final_consensus_tape.csv
2021-08-11,0,0.2030013493457993,0.5267545553590103,1.929291,1.954889,1.0,0.534534,0.509867,0.722656,0.75,0.6,0.901331,0.405599,0.101215,0.711815,1,ok,VOO,0.02934,0.02934,0.02934,0.0,0,0.127499,0.87834,0.125759,0.416428,part2a21_soft_caution_overlay,artifacts_part2_g532/predictions/g532_final_consensus_tape.csv
2021-08-12,0,0.2024819214577984,0.5529906757282079,1.780217,1.913106,0.75,0.527456,0.507844,0.702469,0.963543,0.6,0.921555,0.532775,0.097482,0.719461,1,ok,VOO,0.02934,0.02934,0.02934,0.0,0,0.107162,0.89121,0.086738,0.343068,part2a21_soft_caution_overlay,artifacts_part2_g532/predictions/g532_final_consensus_tape.csv
2021-08-13,0,0.2023808331775154,0.5247662887534683,1.72387,1.811126,0.75,0.529843,0.508527,0.650346,0.959236,0.6,0.914735,0.526468,0.088503,0.738545,1,ok,VOO,0.02934,0.02934,0.02934,0.0,0,0.117009,0.887505,0.097972,0.364187,part2a21_soft_caution_overlay,artifacts_part2_g532/predictions/g532_final_consensus_tape.csv
2021-08-16,0,0.2119489817667197,0.5491910686418835,1.717024,1.74037,1.0,0.526979,0.507708,0.614992,0.964694,0.6,0.922918,0.5342,0.076284,0.766204,1,ok,VOO,0.037758,0.037758,0.037758,0.0,0,0.096806,0.810168,0.089898,0.349009,part2a21_soft_caution_overlay,artifacts_part2_g532/predictions/g532_final_consensus_tape.csv
2021-08-17,0,0.2225054346579667,0.6743224149161392,1.892516,1.777803,1.0,0.537046,0.510585,0.632087,0.75,0.6,0.894154,0.402369,0.081851,0.753349,1,ok,VOO,0.037758,0.037758,0.037758,0.0,0,0.146154,0.796204,0.132235,0.428602,part2a21_soft_caution_overlay,artifacts_part2_g532/predictions/g532_final_consensus_tape.csv
2021-08-18,0,0.2337791388298597,0.6755556090380083,1.922077,1.843872,1.0,0.548203,0.513772,0.663834,0.75,0.6,0.862278,0.388025,0.097021,0.720418,1,ok,VOO,0.037758,0.037758,0.037758,0.0,0,0.188125,0.756174,0.187348,0.532213,part2a21_soft_caution_overlay,artifacts_part2_g532/predictions/g532_final_consensus_tape.csv
2021-08-19,0,0.2358361514432377,0.6981072229019082,1.506909,1.773834,0.75,0.549174,0.51405,0.627765,0.75,0.6,0.859504,0.386777,0.082493,0.751897,1,ok,VOO,0.037758,0.037758,0.037758,0.0,0,0.194655,0.753651,0.190289,0.537743,part2a21_soft_caution_overlay,artifacts_part2_g532/predictions/g532_final_consensus_tape.csv
2021-08-20,0,0.2260715888059639,0.5979434958896378,1.423671,1.617552,0.75,0.544398,0.512685,0.548759,0.75,0.6,0.873147,0.392916,0.085935,0.744191,1,ok,VOO,0.037758,0.037758,0.037758,0.0,0,0.18218,0.77631,0.163165,0.486749,part2a21_soft_caution_overlay,artifacts_part2_g532/predictions/g532_final_consensus_tape.csv
2021-08-23,0,0.2158478006081631,0.6186613065090154,1.419009,1.449863,0.75,0.531121,0.508892,0.466632,0.957009,0.6,0.911082,0.523149,0.096676,0.721135,1,ok,VOO,0.026406,0.026406,0.026406,0.0,0,0.119982,0.805032,0.105469,0.378282,part2a21_soft_caution_overlay,artifacts_part2_g532/predictions/g532_final_consensus_tape.csv
2021-08-24,0,0.2070126422540699,0.563196257056009,1.843857,1.562179,0.75,0.527973,0.507992,0.524438,0.962794,0.6,0.920078,0.531507,0.09774,0.718929,1,ok,VOO,0.026406,0.026406,0.026406,0.0,0,0.103986,0.80928,0.092592,0.354072,part2a21_soft_caution_overlay,artifacts_part2_g532/predictions/g532_final_consensus_tape.csv
2021-08-25,0,0.2007178304692028,0.5553589870941066,1.991425,1.75143,1.0,0.522588,0.506454,0.62144,0.972508,0.6,0.935462,0.545846,0.101144,0.711959,1,ok,VOO,0.026406,0.026406,0.026406,0.0,0,0.081789,0.89764,0.067245,0.30642,part2a21_soft_caution_overlay,artifacts_part2_g532/predictions/g532_final_consensus_tape.csv
2021-08-26,0,0.2073120004911154,0.6038875073353199,2.15387,1.996384,1.0,0.528405,0.508116,0.744564,0.962438,0.6,0.918842,0.530597,0.105211,0.703807,1,ok,VOO,0.026406,0.026406,0.026406,0.0,0,0.093513,0.806003,0.102526,0.37275,part2a21_soft_caution_overlay,artifacts_part2_g532/predictions/g532_final_consensus_tape.csv
2021-08-27,0,0.1979633845555146,0.5243628802930796,1.760153,1.968483,0.75,0.527543,0.507869,0.73053,0.96361,0.6,0.921307,0.532669,0.106122,0.702007,1,ok,VOO,0.026406,0.026406,0.026406,0.0,0,0.101036,0.889698,0.091325,0.351691,part2a21_soft_caution_overlay,artifacts_part2_g532/predictions/g532_final_consensus_tape.csv
2021-08-30,0,0.2071808442842082,0.5556994789938431,1.731181,1.881735,0.75,0.529601,0.508457,0.686223,0.960013,0.6,0.915425,0.527292,0.106288,0.701679,1,ok,VOO,0.038084,0.038084,0.038084,0.0,0,0.106171,0.805789,0.103175,0.373969,part2a21_soft_caution_overlay,artifacts_part2_g532/predictions/g532_final_consensus_tape.csv
2021-08-31,0,0.2051024336803689,0.566341082031203,2.110042,1.867125,1.0,0.529067,0.508305,0.678896,0.960595,0.6,0.916953,0.528492,0.098496,0.717368,1,ok,VOO,0.038084,0.038084,0.038084,0.0,0,0.115014,0.888967,0.093541,0.355857,part2a21_soft_caution_overlay,artifacts_part2_g532/predictions/g532_final_consensus_tape.csv
2021-09-01,0,0.2119234545882005,0.5874520522359611,2.045591,1.962271,0.75,0.523065,0.50659,0.727999,0.97173,0.6,0.934101,0.544617,0.072468,0.775271,1,ok,VOO,0.038084,0.038084,0.038084,0.0,0,0.081395,0.816399,0.071006,0.31349,part2a21_soft_caution_overlay,artifacts_part2_g532/predictions/g532_final_consensus_tape.csv
2021-09-02,0,0.207833443175995,0.5787147571786503,2.094289,2.083307,1.0,0.523697,0.506771,0.789155,0.970703,0.6,0.932294,0.542988,0.069801,0.781736,1,ok,VOO,0.038084,0.038084,0.038084,0.0,0,0.080724,0.814721,0.076094,0.323057,part2a21_soft_caution_overlay,artifacts_part2_g532/predictions/g532_final_consensus_tape.csv
2021-09-03,0,0.2123118260274429,0.5363013413675729,2.047325,2.062401,0.75,0.523174,0.506621,0.778636,0.971552,0.6,0.933788,0.544334,0.062559,0.799849,1,ok,VOO,0.038084,0.038084,0.038084,0.0,0,0.08128,0.816108,0.071888,0.315149,part2a21_soft_caution_overlay,artifacts_part2_g532/predictions/g532_final_consensus_tape.csv
2021-09-06,0,0.2147458746166609,0.6013620614429133,2.125531,2.089048,1.0,0.524224,0.506921,0.792005,0.969644,0.6,0.930788,0.54152,0.053686,0.823219,1,ok,VOO,0.05296,0.05296,0.05296,0.0,0,0.085992,0.81456,0.076583,0.323977,part2a21_soft_caution_overlay,artifacts_part2_g532/predictions/g532_final_consensus_tape.csv
2021-09-07,0,0.2248644218536669,0.6119303454280826,2.120101,2.097652,0.75,0.536019,0.510291,0.795136,0.75,0.6,0.897087,0.403689,0.052021,0.827756,1,ok,VOO,0.05296,0.05296,0.05296,0.0,0,0.147544,0.798993,0.12378,0.412706,part2a21_soft_caution_overlay,artifacts_part2_g532/predictions/g532_final_consensus_tape.csv
2021-09-08,0,0.2169544690020279,0.5185906816585609,2.188983,2.144871,1.0,0.538398,0.510971,0.81896,0.75,0.6,0.890292,0.400631,0.050919,0.830787,1,ok,VOO,0.05296,0.05296,0.05296,0.0,0,0.161005,0.796078,0.13262,0.429325,part2a21_soft_caution_overlay,artifacts_part2_g532/predictions/g532_final_consensus_tape.csv
2021-09-09,0,0.2217605438614656,0.5768776249569324,2.196193,2.168425,1.0,0.549238,0.514068,0.830028,0.75,0.6,0.859321,0.386694,0.056152,0.816587,1,ok,VOO,0.05296,0.05296,0.05296,0.0,1,0.212542,0.763048,0.179237,0.516965,part2a21_soft_caution_overlay,artifacts_part2_g532/predictions/g532_final_consensus_tape.csv
2021-09-10,0,0.2213621560051893,0.5688371131008862,2.35065,2.245275,1.0,0.555347,0.515813,0.869013,0.75,0.6,0.841867,0.37884,0.051917,0.828043,1,ok,VOO,0.05296,0.05296,0.05296,0.0,1,0.222649,0.733264,0.221756,0.581196,part2a21_soft_caution_overlay,artifacts_part2_g532/predictions/g532_final_consensus_tape.csv
2021-09-13,0,0.2180827672959853,0.5424524668512506,2.130145,2.225663,1.0,0.551293,0.514655,0.859221,0.75,0.6,0.853448,0.384052,0.049661,0.834277,1,ok,VOO,0.041295,0.041295,0.041295,0.0,1,0.212518,0.750108,0.194387,0.545448,part2a21_soft_caution_overlay,artifacts_part2_g532/predictions/g532_final_consensus_tape.csv
2021-09-14,0,0.2168498941123761,0.5219974764984588,2.133073,2.204623,1.0,0.5297,0.508486,0.850085,0.95971,0.6,0.915142,0.526963,0.063132,0.798386,1,ok,VOO,0.041295,0.041295,0.041295,0.0,0,0.110173,0.806399,0.101325,0.370491,part2a21_soft_caution_overlay,artifacts_part2_g532/predictions/g532_final_consensus_tape.csv
2021-09-15,0,0.21283200756416,0.5121579924547225,1.896239,2.053153,0.75,0.528965,0.508276,0.773293,0.960864,0.6,0.917243,0.528807,0.086749,0.742392,1,ok,VOO,0.041295,0.041295,0.041295,0.0,0,0.112118,0.808598,0.094659,0.357959,part2a21_soft_caution_overlay,artifacts_part2_g532/predictions/g532_final_consensus_tape.csv
2021-09-16,0,0.2083291314775879,0.4467700974304707,2.148424,2.059246,1.0,0.528092,0.508026,0.776483,0.962577,0.6,0.919739,0.531191,0.08646,0.743031,1,ok,VOO,0.041295,0.041295,0.041295,0.0,0,0.104553,0.809112,0.093101,0.35503,part2a21_soft_caution_overlay,artifacts_part2_g532/predictions/g532_final_consensus_tape.csv
2021-09-17,0,0.215361213387992,0.5409723188570444,2.48852,2.177728,1.0,0.534503,0.509858,0.836035,0.75,0.6,0.901421,0.40564,0.089435,0.736518,1,ok,VOO,0.041295,0.041295,0.041295,0.0,0,0.125083,0.797904,0.127083,0.418916,part2a21_soft_caution_overlay,artifacts_part2_g532/predictions/g532_final_consensus_tape.csv
2021-09-20,0,0.2198636288273318,0.5605288732593795,2.561951,2.399632,1.0,0.55433,0.515523,0.948415,0.75,0.6,0.844772,0.380148,0.131986,0.654473,1,ok,VOO,0.035394,0.035394,0.035394,0.0,1,0.211088,0.733275,0.221692,0.581172,part2a21_soft_caution_overlay,artifacts_part2_g532/predictions/g532_final_consensus_tape.csv
2021-09-21,0,0.2271091391696829,0.6366692577721554,1.985669,2.34538,0.75,0.565305,0.518659,0.92008,0.75,0.6,0.813413,0.366036,0.131469,0.655361,1,ok,VOO,0.035394,0.035394,0.035394,0.0,1,0.300524,0.806545,0.259743,0.595073,part2a21_soft_caution_overlay,artifacts_part2_g532/predictions/g532_final_consensus_tape.csv
2021-09-22,0,0.2191980647305,0.5541216198066513,1.788174,2.111931,0.75,0.548664,0.513904,0.801127,0.75,0.6,0.86096,0.387432,0.146285,0.63086,1,ok,VOO,0.035394,0.035394,0.035394,0.0,0,0.194572,0.75682,0.186591,0.530791,part2a21_soft_caution_overlay,artifacts_part2_g532/predictions/g532_final_consensus_tape.csv
2021-09-23,0,0.2001777689122942,0.3728759724816901,1.896931,1.890258,0.75,0.535171,0.510049,0.689672,0.75,0.6,0.899512,0.40478,0.186101,0.573262,1,ok,VOO,0.035394,0.035394,0.035394,0.0,0,0.137344,0.878886,0.124104,0.413316,part2a21_soft_caution_overlay,artifacts_part2_g532/predictions/g532_final_consensus_tape.csv
2021-09-24,0,0.1935406571364178,0.2830972763486699,2.13081,1.938638,1.0,0.534215,0.509776,0.714434,0.75,0.6,0.902242,0.406009,0.185516,0.574032,1,ok,VOO,0.035394,0.035394,0.035394,0.0,0,0.125422,0.878674,0.124749,0.414527,part2a21_soft_caution_overlay,artifacts_part2_g532/predictions/g532_final_consensus_tape.csv
2021-09-27,0,0.1982761600542258,0.3532944078627859,2.394176,2.140639,1.0,0.537922,0.510835,0.816847,0.75,0.6,0.891651,0.401243,0.185587,0.573938,1,ok,VOO,0.028217,0.028217,0.028217,0.0,0,0.136765,0.870926,0.144737,0.452105,part2a21_soft_caution_overlay,artifacts_part2_g532/predictions/g532_final_consensus_tape.csv
2021-09-28,0,0.2105755419527946,0.4925577320216996,2.876368,2.467118,1.0,0.546461,0.513275,0.983168,0.75,0.6,0.867254,0.390264,0.199685,0.555944,1,ok,VOO,0.028217,0.028217,0.028217,0.0,0,0.169446,0.756848,0.186558,0.530728,part2a21_soft_caution_overlay,artifacts_part2_g532/predictions/g532_final_consensus_tape.csv
2021-09-29,0,0.2159439481169558,0.5346944473866323,2.099735,2.45676,1.0,0.546611,0.513317,0.977864,0.75,0.6,0.866826,0.390072,0.191958,0.565665,1,ok,VOO,0.028217,0.028217,0.028217,0.0,0,0.169607,0.755995,0.187557,0.532607,part2a21_soft_caution_overlay,artifacts_part2_g532/predictions/g532_final_consensus_tape.csv
2021-09-30,0,0.2177246593765611,0.5467244902517011,2.216057,2.397387,1.0,0.562166,0.517762,0.947047,0.75,0.6,0.822383,0.370072,0.202026,0.553066,1,ok,VOO,0.028217,0.028217,0.028217,0.0,1,0.226339,0.71939,0.300352,0.609624,part2a21_soft_caution_overlay,artifacts_part2_g532/predictions/g532_final_consensus_tape.csv
2021-10-01,0,0.2144607059690615,0.5205038512285283,1.843031,2.052941,0.75,0.568056,0.519445,0.768596,0.75,0.6,0.805555,0.3625,0.206356,0.547818,1,ok,VOO,0.028217,0.028217,0.028217,0.0,1,0.231709,0.707837,0.366259,0.632659,part2a21_soft_caution_overlay,artifacts_part2_g532/predictions/g532_final_consensus_tape.csv
2021-10-04,0,0.2224610456518488,0.5880377327999501,2.496515,2.185201,1.0,0.570093,0.520026,0.836884,0.75,0.6,0.799735,0.359881,0.182647,0.577839,1,ok,VOO,0.026105,0.026105,0.026105,0.0,1,0.232788,0.703701,0.389952,0.640774,part2a21_soft_caution_overlay,artifacts_part2_g532/predictions/g532_final_consensus_tape.csv
2021-10-05,0,0.2155570372091569,0.5375508871019251,1.602759,1.980768,0.75,0.539493,0.511284,0.735154,0.75,0.6,0.887162,0.399223,0.193378,0.563853,1,ok,VOO,0.026105,0.026105,0.026105,0.0,0,0.142307,0.784659,0.152736,0.467144,part2a21_soft_caution_overlay,artifacts_part2_g532/predictions/g532_final_consensus_tape.csv
2021-10-06,0,0.2224446762518187,0.6422670653162738,1.770473,1.956582,0.75,0.537878,0.510822,0.723046,0.75,0.6,0.891777,0.4013,0.189936,0.568264,1,ok,VOO,0.026105,0.026105,0.026105,0.0,0,0.138197,0.791893,0.143489,0.44976,part2a21_soft_caution_overlay,artifacts_part2_g532/predictions/g532_final_consensus_tape.csv
2021-10-07,0,0.2026747117234257,0.4774358766501128,1.746664,1.706632,0.75,0.534918,0.509977,0.596267,0.75,0.6,0.900235,0.405106,0.168168,0.597846,1,ok,VOO,0.026105,0.026105,0.026105,0.0,0,0.134973,0.878997,0.123768,0.412685,part2a21_soft_caution_overlay,artifacts_part2_g532/predictions/g532_final_consensus_tape.csv
2021-10-08,0,0.2036693455501328,0.4817639474344465,2.077071,1.864736,1.0,0.532488,0.509282,0.677123,0.75,0.6,0.907178,0.40823,0.166246,0.600606,1,ok,VOO,0.026105,0.026105,0.026105,0.0,0,0.119449,0.8816,0.115877,0.397849,part2a21_soft_caution_overlay,artifacts_part2_g532/predictions/g532_final_consensus_tape.csv
2021-10-11,0,0.2147867650860679,0.5835621096653684,2.151793,1.991843,1.0,0.534117,0.509748,0.741512,0.75,0.6,0.902523,0.406135,0.167763,0.598426,1,ok,VOO,0.027033,0.027033,0.027033,0.0,0,0.121423,0.798063,0.126601,0.418009,part2a21_soft_caution_overlay,artifacts_part2_g532/predictions/g532_final_consensus_tape.csv
2021-10-12,0,0.20946346513655,0.5383160016290935,2.004216,2.077694,1.0,0.532846,0.509385,0.785321,0.75,0.6,0.906154,0.407769,0.148402,0.627507,1,ok,VOO,0.027033,0.027033,0.027033,0.0,0,0.115375,0.799864,0.12114,0.407744,part2a21_soft_caution_overlay,artifacts_part2_g532/predictions/g532_final_consensus_tape.csv
2021-10-13,0,0.203241210764144,0.4823313626514522,1.748465,1.968158,0.75,0.5295,0.508428,0.730098,0.960196,0.6,0.915716,0.52756,0.148503,0.627348,1,ok,VOO,0.027033,0.027033,0.027033,0.0,0,0.105773,0.885951,0.102683,0.373044,part2a21_soft_caution_overlay,artifacts_part2_g532/predictions/g532_final_consensus_tape.csv
2021-10-14,0,0.1981625737901017,0.4322548454822497,1.535562,1.762748,0.75,0.526849,0.507671,0.626358,0.965024,0.6,0.923289,0.534597,0.140387,0.64039,1,ok,VOO,0.027033,0.027033,0.027033,0.0,0,0.093492,0.889779,0.091079,0.351228,part2a21_soft_caution_overlay,artifacts_part2_g532/predictions/g532_final_consensus_tape.csv
2021-10-15,0,0.1994072385810064,0.4446651179616812,1.813892,1.699306,0.75,0.526836,0.507667,0.594208,0.964897,0.6,0.923325,0.534548,0.147035,0.629668,1,ok,VOO,0.027033,0.027033,0.027033,0.0,0,0.097784,0.890722,0.088218,0.34585,part2a21_soft_caution_overlay,artifacts_part2_g532/predictions/g532_final_consensus_tape.csv
2021-10-18,0,0.2081275197717151,0.5221381636290433,1.799004,1.716153,0.75,0.529007,0.508288,0.602308,0.961159,0.6,0.917122,0.5289,0.122014,0.672018,1,ok,VOO,0.032112,0.032112,0.032112,0.0,0,0.101568,0.806253,0.101769,0.371326,part2a21_soft_caution_overlay,artifacts_part2_g532/predictions/g532_final_consensus_tape.csv
2021-10-19,0,0.1922361360014473,0.3855806769125813,1.888549,1.833815,0.75,0.52523,0.507209,0.662652,0.967875,0.6,0.927913,0.538863,0.119656,0.676304,1,ok,VOO,0.032112,0.032112,0.032112,0.0,0,0.088809,0.892715,0.082176,0.33449,part2a21_soft_caution_overlay,artifacts_part2_g532/predictions/g532_final_consensus_tape.csv
2021-10-20,0,0.1914003508377317,0.3735516376194856,2.108909,1.932154,1.0,0.529608,0.508459,0.711811,0.959821,0.6,0.915407,0.527176,0.119632,0.676348,1,ok,VOO,0.032112,0.032112,0.032112,0.0,0,0.111411,0.886887,0.099847,0.367712,part2a21_soft_caution_overlay,artifacts_part2_g532/predictions/g532_final_consensus_tape.csv
2021-10-21,0,0.1914398034757134,0.3729772877346771,1.943755,1.980404,0.75,0.529052,0.508301,0.736373,0.960791,0.6,0.916994,0.528623,0.112006,0.690595,1,ok,VOO,0.032112,0.032112,0.032112,0.0,0,0.110048,0.887946,0.096635,0.361673,part2a21_soft_caution_overlay,artifacts_part2_g532/predictions/g532_final_consensus_tape.csv
2021-10-22,0,0.1908726549272702,0.3707489340590773,2.208281,2.086982,1.0,0.528777,0.508222,0.790476,0.961375,0.6,0.917781,0.529399,0.117346,0.680557,1,ok,VOO,0.032112,0.032112,0.032112,0.0,0,0.106392,0.887839,0.096961,0.362286,part2a21_soft_caution_overlay,artifacts_part2_g532/predictions/g532_final_consensus_tape.csv
2021-10-25,0,0.191712136395654,0.3809418854676711,1.73743,1.963155,0.75,0.527198,0.507771,0.727877,0.964018,0.6,0.922292,0.533464,0.106904,0.700468,1,ok,VOO,0.040798,0.040798,0.040798,0.0,0,0.105808,0.891549,0.085711,0.341136,part2a21_soft_caution_overlay,artifacts_part2_g532/predictions/g532_final_consensus_tape.csv
2021-10-26,0,0.2085337140046395,0.5340873962946278,1.912099,1.952603,0.75,0.527807,0.507945,0.722443,0.963206,0.6,0.920552,0.532008,0.09195,0.731101,1,ok,VOO,0.040798,0.040798,0.040798,0.0,0,0.100039,0.808844,0.093914,0.356558,part2a21_soft_caution_overlay,artifacts_part2_g532/predictions/g532_final_consensus_tape.csv
2021-10-27,0,0.2037914684903299,0.4990593939819399,1.829782,1.826437,0.75,0.545777,0.513079,0.65533,0.75,0.6,0.86921,0.391144,0.119132,0.677265,1,ok,VOO,0.040798,0.040798,0.040798,0.0,0,0.20128,0.858056,0.161005,0.48269,part2a21_soft_caution_overlay,artifacts_part2_g532/predictions/g532_final_consensus_tape.csv
2021-10-28,0,0.2187081761048271,0.6202345176959483,1.676791,1.806224,0.75,0.538877,0.511108,0.646235,0.75,0.6,0.888922,0.400015,0.114805,0.685298,1,ok,VOO,0.040798,0.040798,0.040798,0.0,0,0.160039,0.794708,0.136773,0.437133,part2a21_soft_caution_overlay,artifacts_part2_g532/predictions/g532_final_consensus_tape.csv
2021-10-29,0,0.1987447179238702,0.4469094037383933,1.816698,1.774424,0.75,0.541208,0.511774,0.62958,0.75,0.6,0.882262,0.397018,0.104457,0.705304,1,ok,VOO,0.040798,0.040798,0.040798,0.0,0,0.173869,0.870701,0.145027,0.452651,part2a21_soft_caution_overlay,artifacts_part2_g532/predictions/g532_final_consensus_tape.csv
2021-11-01,0,0.2020057357311175,0.4764557448219997,1.944164,1.812551,0.75,0.532506,0.509287,0.650597,0.75,0.6,0.907125,0.408206,0.104141,0.705933,1,ok,VOO,0.028122,0.028122,0.028122,0.0,0,0.127237,0.88321,0.110994,0.388669,part2a21_soft_caution_overlay,artifacts_part2_g532/predictions/g532_final_consensus_tape.csv
2021-11-02,0,0.21304196640283,0.5723574138058827,1.898762,1.886542,0.75,0.534097,0.509742,0.687951,0.75,0.6,0.90258,0.406161,0.092265,0.730428,1,ok,VOO,0.028122,0.028122,0.028122,0.0,0,0.130114,0.799958,0.120855,0.407207,part2a21_soft_caution_overlay,artifacts_part2_g532/predictions/g532_final_consensus_tape.csv
2021-11-03,0,0.1972439115558864,0.4956477435491833,1.863722,1.902216,0.75,0.527241,0.507783,0.696981,0.963884,0.6,0.92217,0.533319,0.099061,0.716206,1,ok,VOO,0.028122,0.028122,0.028122,0.0,0,0.107614,0.891829,0.084863,0.339542,part2a21_soft_caution_overlay,artifacts_part2_g532/predictions/g532_final_consensus_tape.csv
2021-11-04,0,0.1978574602090906,0.4935430443777491,1.801212,1.854565,0.75,0.534057,0.509731,0.671692,0.75,0.6,0.902693,0.406212,0.098573,0.71721,1,ok,VOO,0.028122,0.028122,0.028122,0.0,0,0.128922,0.879801,0.12133,0.408101,part2a21_soft_caution_overlay,artifacts_part2_g532/predictions/g532_final_consensus_tape.csv
2021-11-05,0,0.2002885582487282,0.5277490992213948,2.13094,1.931958,1.0,0.533514,0.509575,0.711138,0.75,0.6,0.904245,0.40691,0.096659,0.721171,1,ok,VOO,0.028122,0.028122,0.028122,0.0,0,0.138082,0.883067,0.111428,0.389486,part2a21_soft_caution_overlay,artifacts_part2_g532/predictions/g532_final_consensus_tape.csv
2021-11-08,0,0.2096011492816084,0.6413929400783905,2.194673,2.042275,1.0,0.528185,0.508053,0.767866,0.962177,0.6,0.919471,0.530816,0.097998,0.718395,1,ok,VOO,0.043922,0.043922,0.043922,0.0,0,0.111585,0.810378,0.089261,0.34781,part2a21_soft_caution_overlay,artifacts_part2_g532/predictions/g532_final_consensus_tape.csv
2021-11-09,0,0.2038780785676397,0.5711126024077062,2.286008,2.203874,1.0,0.539572,0.511306,0.848948,0.75,0.6,0.886936,0.399121,0.10999,0.694464,1,ok,VOO,0.043922,0.043922,0.043922,0.0,0,0.166142,0.874316,0.137961,0.439366,part2a21_soft_caution_overlay,artifacts_part2_g532/predictions/g532_final_consensus_tape.csv
2021-11-10,0,0.2190361032488299,0.7277173528310099,2.457476,2.312719,1.0,0.546432,0.513266,0.904134,0.75,0.6,0.867337,0.390301,0.091551,0.731954,1,ok,VOO,0.043922,0.043922,0.043922,0.0,0,0.18527,0.765633,0.176149,0.511161,part2a21_soft_caution_overlay,artifacts_part2_g532/predictions/g532_final_consensus_tape.csv
2021-11-11,0,0.2157423137192934,0.7053375158342119,2.05438,2.265955,0.75,0.537695,0.51077,0.880729,0.75,0.6,0.8923,0.401535,0.072912,0.774204,1,ok,VOO,0.043922,0.043922,0.043922,0.0,0,0.144436,0.794263,0.138121,0.439667,part2a21_soft_caution_overlay,artifacts_part2_g532/predictions/g532_final_consensus_tape.csv
2021-11-12,0,0.2000655776867945,0.5215351818111619,1.82328,2.111712,0.75,0.531064,0.508875,0.802793,0.957075,0.6,0.911246,0.523279,0.075674,0.767639,1,ok,VOO,0.043922,0.043922,0.043922,0.0,0,0.120832,0.885352,0.1045,0.37646,part2a21_soft_caution_overlay,artifacts_part2_g532/predictions/g532_final_consensus_tape.csv
2021-11-15,0,0.2042652077988806,0.5792293882845405,2.160345,2.012668,1.0,0.527832,0.507952,0.752895,0.963005,0.6,0.92048,0.531856,0.076896,0.76477,1,ok,VOO,0.045936,0.045936,0.045936,0.0,0,0.104626,0.889757,0.091144,0.351351,part2a21_soft_caution_overlay,artifacts_part2_g532/predictions/g532_final_consensus_tape.csv
2021-11-16,0,0.1998299453888233,0.5190253315113783,1.985687,1.989771,0.75,0.528172,0.508049,0.74124,0.962407,0.6,0.919508,0.530965,0.078066,0.762042,1,ok,VOO,0.045936,0.045936,0.045936,0.0,0,0.105594,0.889137,0.093024,0.354885,part2a21_soft_caution_overlay,artifacts_part2_g532/predictions/g532_final_consensus_tape.csv
2021-11-17,0,0.1985081911889445,0.5062264776509179,2.108734,2.084922,1.0,0.533578,0.509594,0.788917,0.75,0.6,0.904063,0.406829,0.077485,0.763393,1,ok,VOO,0.045936,0.045936,0.045936,0.0,0,0.13372,0.881985,0.114707,0.39565,part2a21_soft_caution_overlay,artifacts_part2_g532/predictions/g532_final_consensus_tape.csv
2021-11-18,0,0.214178696121991,0.6843003617030569,1.822343,1.972255,0.75,0.535598,0.510171,0.731346,0.75,0.6,0.898292,0.404231,0.077701,0.76289,1,ok,VOO,0.045936,0.045936,0.045936,0.0,0,0.138173,0.798025,0.126714,0.418222,part2a21_soft_caution_overlay,artifacts_part2_g532/predictions/g532_final_consensus_tape.csv
2021-11-19,0,0.2088875066620607,0.6298560952597364,1.967132,1.96607,0.5,0.538354,0.510958,0.727815,0.75,0.6,0.890418,0.400688,0.081475,0.754206,0,low_agreement,VOO,0.045936,0.045936,0.045936,0.0,0,0.15037,0.793925,0.139147,0.441597,part2a21_soft_caution_overlay,artifacts_part2_g532/predictions/g532_final_consensus_tape.csv
2021-11-22,0,0.218729607275391,0.7241910716078537,2.401625,2.0637,1.0,0.546975,0.513421,0.776603,0.75,0.6,0.865786,0.389604,0.080203,0.75711,1,ok,VOO,0.034362,0.034362,0.034362,0.0,0,0.190204,0.764951,0.176966,0.512696,part2a21_soft_caution_overlay,artifacts_part2_g532/predictions/g532_final_consensus_tape.csv
2021-11-23,0,0.2164073112815271,0.6976006009399719,2.173417,2.180725,1.0,0.541523,0.511864,0.836978,0.75,0.6,0.881363,0.396613,0.065999,0.791141,1,ok,VOO,0.034362,0.034362,0.034362,0.0,0,0.166876,0.785358,0.151852,0.465482,part2a21_soft_caution_overlay,artifacts_part2_g532/predictions/g532_final_consensus_tape.csv
2021-11-24,0,0.2066441294345661,0.5984200941240075,1.889312,2.154785,0.75,0.535891,0.510255,0.824238,0.75,0.6,0.897453,0.403854,0.066986,0.788678,1,ok,VOO,0.034362,0.034362,0.034362,0.0,0,0.135459,0.796736,0.130624,0.425572,part2a21_soft_caution_overlay,artifacts_part2_g532/predictions/g532_final_consensus_tape.csv
2021-11-25,0,0.2193728444373686,0.7331037235776496,1.976193,2.012974,1.0,0.53493,0.50998,0.752159,0.75,0.6,0.9002,0.40509,0.067009,0.788622,1,ok,VOO,0.034362,0.034362,0.034362,0.0,0,0.137098,0.799419,0.122488,0.410278,part2a21_soft_caution_overlay,artifacts_part2_g532/predictions/g532_final_consensus_tape.csv
2021-11-26,0,0.2125192119935011,0.6557994520947796,2.234281,2.033262,0.75,0.579258,0.522645,0.757001,0.75,0.6,0.773548,0.348096,0.191776,0.565898,1,ok,VOO,0.034362,0.034362,0.034362,0.0,1,0.309378,0.778487,0.42054,0.65,part2a21_soft_caution_overlay,artifacts_part2_g532/predictions/g532_final_consensus_tape.csv
2021-11-29,0,0.2237904624014124,0.7678489975722845,1.299591,1.836688,0.5,0.560006,0.517145,0.658086,0.75,0.6,0.828554,0.372849,0.207329,0.546652,0,low_agreement,FLAT,0.0,0.0,0.0,0.0,1,0.222213,0.723229,0.278541,0.601844,part2a21_soft_caution_overlay,artifacts_part2_g532/predictions/g532_final_consensus_tape.csv
2021-11-30,0,0.2079005482698509,0.6129408082187993,2.153088,1.895653,0.75,0.578843,0.522527,0.685425,0.75,0.6,0.774733,0.34863,0.235407,0.515031,1,ok,FLAT,0.0,0.0,0.0,0.0,1,0.238007,0.686827,0.503824,0.65,part2a21_soft_caution_overlay,artifacts_part2_g532/predictions/g532_final_consensus_tape.csv
2021-12-01,0,0.1929928753442922,0.6624961498096558,2.095468,1.849382,0.75,0.570026,0.520008,0.662888,0.75,0.6,0.799925,0.359966,0.239748,0.510466,1,ok,FLAT,0.0,0.0,0.0,0.0,1,0.252355,0.707488,0.368259,0.633347,part2a21_soft_caution_overlay,artifacts_part2_g532/predictions/g532_final_consensus_tape.csv
2021-12-02,0,0.1921962051612516,0.6447645088191553,1.513976,1.920844,0.5,0.556186,0.516053,0.702052,0.75,0.6,0.839468,0.377761,0.263099,0.487236,0,low_agreement,FLAT,0.0,0.0,0.0,0.0,1,0.242107,0.815112,0.211353,0.577343,part2a21_soft_caution_overlay,artifacts_part2_g532/predictions/g532_final_consensus_tape.csv
2021-12-03,0,0.2107613535238869,0.7237744312091561,2.034517,1.88132,0.75,0.549118,0.514034,0.682872,0.75,0.6,0.859662,0.386848,0.268925,0.481765,1,ok,FLAT,0.0,0.0,0.0,0.0,0,0.175928,0.743491,0.201948,0.559662,part2a21_soft_caution_overlay,artifacts_part2_g532/predictions/g532_final_consensus_tape.csv
2021-12-06,0,0.1882313146398739,0.5906602007641397,1.398677,1.649057,0.75,0.557836,0.516525,0.561858,0.75,0.6,0.834754,0.375639,0.287201,0.465375,1,ok,VOO,0.014733,0.014733,0.014733,0.0,1,0.255314,0.814052,0.217312,0.579555,part2a21_soft_caution_overlay,artifacts_part2_g532/predictions/g532_final_consensus_tape.csv
2021-12-07,0,0.198925436106875,0.661866478309344,1.017888,1.483694,0.5,0.540689,0.511625,0.481294,0.65,0.6,0.883746,0.344661,0.317314,0.440673,0,high_risk_veto,VOO,0.014733,0.014733,0.014733,0.0,0,0.167351,0.870409,0.145403,0.453358,part2a21_soft_caution_overlay,artifacts_part2_g532/predictions/g532_final_consensus_tape.csv
2021-12-08,0,0.2134732351295039,0.715535059125994,1.796218,1.404261,0.5,0.534923,0.509978,0.442394,0.65,0.6,0.90022,0.351086,0.319651,0.438865,0,high_risk_veto,VOO,0.014733,0.014733,0.014733,0.0,0,0.113473,0.794416,0.137659,0.438798,part2a21_soft_caution_overlay,artifacts_part2_g532/predictions/g532_final_consensus_tape.csv
2021-12-09,0,0.2097841680448189,0.7085648195428785,2.101301,1.638469,0.75,0.539161,0.511189,0.560631,0.65,0.6,0.888113,0.346364,0.322292,0.43684,0,high_risk_veto,VOO,0.014733,0.014733,0.014733,0.0,0,0.141835,0.786353,0.150589,0.463107,part2a21_soft_caution_overlay,artifacts_part2_g532/predictions/g532_final_consensus_tape.csv
2021-12-10,0,0.2207972124404555,0.7503147337947143,1.37247,1.756663,0.5,0.530722,0.508778,0.622533,0.65,0.6,0.912223,0.355767,0.267238,0.483337,0,high_risk_veto,VOO,0.014733,0.014733,0.014733,0.0,0,0.089263,0.799474,0.122323,0.409968,part2a21_soft_caution_overlay,artifacts_part2_g532/predictions/g532_final_consensus_tape.csv
2021-12-13,0,0.1994243164527565,0.6536283388279925,1.955165,1.809645,0.75,0.537322,0.510664,0.648259,0.65,0.6,0.893365,0.348412,0.269455,0.481274,0,high_risk_veto,FLAT,0.0,0.0,0.0,0.0,0,0.143732,0.875018,0.135831,0.435362,part2a21_soft_caution_overlay,artifacts_part2_g532/predictions/g532_final_consensus_tape.csv
2021-12-14,0,0.2025128827290011,0.7013951763980341,1.788099,1.705245,0.75,0.536943,0.510555,0.595144,0.75,0.6,0.894448,0.402502,0.233753,0.516793,1,ok,FLAT,0.0,0.0,0.0,0.0,0,0.141098,0.875379,0.134736,0.433304,part2a21_soft_caution_overlay,artifacts_part2_g532/predictions/g532_final_consensus_tape.csv
2021-12-15,0,0.188867344436347,0.5735703930464818,0.968919,1.570728,0.5,0.533152,0.509472,0.527532,0.75,0.6,0.90528,0.407376,0.228444,0.522527,0,low_agreement,FLAT,0.0,0.0,0.0,0.0,0,0.124233,0.881003,0.117685,0.401247,part2a21_soft_caution_overlay,artifacts_part2_g532/predictions/g532_final_consensus_tape.csv
2021-12-16,0,0.2156068045977374,0.726429708960691,2.10706,1.621359,0.75,0.533691,0.509626,0.553152,0.75,0.6,0.90374,0.406683,0.230598,0.520185,1,ok,FLAT,0.0,0.0,0.0,0.0,0,0.110363,0.796747,0.130591,0.425511,part2a21_soft_caution_overlay,artifacts_part2_g532/predictions/g532_final_consensus_tape.csv
2021-12-17,0,0.2037941323247875,0.6874742909437724,1.522717,1.532899,0.75,0.549568,0.514162,0.50416,0.75,0.6,0.858376,0.386269,0.226639,0.524506,1,ok,FLAT,0.0,0.0,0.0,0.0,0,0.214886,0.842271,0.180161,0.518703,part2a21_soft_caution_overlay,artifacts_part2_g532/predictions/g532_final_consensus_tape.csv
2021-12-20,0,0.2057257858082443,0.7131847744427843,1.678434,1.769404,0.75,0.548547,0.513871,0.625614,0.75,0.6,0.861293,0.387582,0.217243,0.535054,1,ok,VOO,0.019461,0.019461,0.019461,0.0,0,0.207276,0.844466,0.177546,0.513787,part2a21_soft_caution_overlay,artifacts_part2_g532/predictions/g532_final_consensus_tape.csv
2021-12-21,0,0.2091074695413608,0.6882615194719494,1.003317,1.401489,0.5,0.532773,0.509364,0.441594,0.75,0.6,0.906364,0.407864,0.209207,0.544417,0,low_agreement,VOO,0.019461,0.019461,0.019461,0.0,0,0.107418,0.798352,0.125725,0.416363,part2a21_soft_caution_overlay,artifacts_part2_g532/predictions/g532_final_consensus_tape.csv
2021-12-22,0,0.2136463746733323,0.6834894778812988,1.301528,1.32776,0.5,0.532803,0.509372,0.404106,0.75,0.6,0.906278,0.407825,0.212618,0.540402,0,low_agreement,VOO,0.019461,0.019461,0.019461,0.0,0,0.108062,0.798415,0.125532,0.416,part2a21_soft_caution_overlay,artifacts_part2_g532/predictions/g532_final_consensus_tape.csv
2021-12-23,0,0.2001207118267957,0.6207922976338067,1.526189,1.277011,0.5,0.532541,0.509298,0.378392,0.75,0.6,0.907024,0.408161,0.210738,0.542608,0,low_agreement,VOO,0.019461,0.019461,0.019461,0.0,0,0.119837,0.881552,0.116022,0.398121,part2a21_soft_caution_overlay,artifacts_part2_g532/predictions/g532_final_consensus_tape.csv
2021-12-24,0,0.1991874148139961,0.6142975297302359,1.735691,1.521136,0.75,0.532455,0.509273,0.502495,0.75,0.6,0.90727,0.408272,0.206345,0.547831,1,ok,VOO,0.019461,0.019461,0.019461,0.0,0,0.115269,0.88079,0.118331,0.402462,part2a21_soft_caution_overlay,artifacts_part2_g532/predictions/g532_final_consensus_tape.csv
2021-12-27,0,0.2010573611715758,0.6384309308334957,1.287969,1.516616,0.5,0.533334,0.509524,0.499974,0.75,0.6,0.904761,0.407143,0.200503,0.554935,0,low_agreement,FLAT,0.0,0.0,0.0,0.0,0,0.129533,0.881689,0.115607,0.397342,part2a21_soft_caution_overlay,artifacts_part2_g532/predictions/g532_final_consensus_tape.csv
2021-12-28,0,0.1977189962141709,0.6133881599160441,1.845996,1.623219,0.75,0.534753,0.50993,0.553857,0.75,0.6,0.900705,0.405317,0.19664,0.559735,1,ok,FLAT,0.0,0.0,0.0,0.0,0,0.134367,0.879268,0.122948,0.411142,part2a21_soft_caution_overlay,artifacts_part2_g532/predictions/g532_final_consensus_tape.csv
2021-12-29,0,0.2113655042337733,0.4331433766450535,1.759063,1.63101,0.75,0.531806,0.509087,0.558483,0.75,0.6,0.909125,0.409106,0.182903,0.577496,1,ok,FLAT,0.0,0.0,0.0,0.0,0,0.107038,0.800618,0.118854,0.403445,part2a21_soft_caution_overlay,artifacts_part2_g532/predictions/g532_final_consensus_tape.csv
2021-12-30,0,0.209283865153908,0.3717553541182958,1.801959,1.80234,1.0,0.533148,0.509471,0.645291,0.75,0.6,0.90529,0.407381,0.17208,0.592304,1,ok,FLAT,0.0,0.0,0.0,0.0,0,0.110478,0.798089,0.126521,0.41786,part2a21_soft_caution_overlay,artifacts_part2_g532/predictions/g532_final_consensus_tape.csv
2021-12-31,0,0.2090964546202828,0.3722032994777736,1.891438,1.817487,1.0,0.533901,0.509686,0.652859,0.75,0.6,0.90314,0.406413,0.151686,0.622377,1,ok,FLAT,0.0,0.0,0.0,0.0,0,0.103524,0.794783,0.136544,0.436702,part2a21_soft_caution_overlay,artifacts_part2_g532/predictions/g532_final_consensus_tape.csv
2022-01-03,0,0.2103453791657144,0.4102802304503565,1.532263,1.741887,0.5,0.526425,0.50755,0.615868,0.965837,0.6,0.924501,0.53575,0.138837,0.642943,0,low_agreement,FLAT,0.0,0.0,0.0,0.0,0,0.090383,0.810149,0.089956,0.349117,part2a21_soft_caution_overlay,artifacts_part2_g532/predictions/g532_final_consensus_tape.csv
2022-01-04,0,0.2085755340237897,0.3393283786483951,2.063723,1.829141,1.0,0.535082,0.510023,0.658582,0.75,0.6,0.899766,0.404895,0.113633,0.687507,1,ok,FLAT,0.0,0.0,0.0,0.0,0,0.111834,0.793681,0.139884,0.442983,part2a21_soft_caution_overlay,artifacts_part2_g532/predictions/g532_final_consensus_tape.csv
2022-01-05,0,0.2136777517788364,0.4897339242583613,2.384888,1.993625,1.0,0.539394,0.511255,0.741725,0.75,0.6,0.887445,0.39935,0.146341,0.63077,1,ok,FLAT,0.0,0.0,0.0,0.0,0,0.136091,0.78206,0.15601,0.473299,part2a21_soft_caution_overlay,artifacts_part2_g532/predictions/g532_final_consensus_tape.csv
2022-01-06,0,0.2115704430035799,0.4290797376439094,1.610713,2.019775,1.0,0.53742,0.510691,0.755309,0.75,0.6,0.893086,0.401889,0.14224,0.637365,1,ok,FLAT,0.0,0.0,0.0,0.0,0,0.126113,0.788461,0.147902,0.458056,part2a21_soft_caution_overlay,artifacts_part2_g532/predictions/g532_final_consensus_tape.csv
2022-01-07,0,0.2111660184141678,0.4114908804963013,1.80514,1.93358,1.0,0.535243,0.510069,0.71171,0.75,0.6,0.899306,0.404688,0.142294,0.637276,1,ok,FLAT,0.0,0.0,0.0,0.0,0,0.116119,0.794201,0.13831,0.440022,part2a21_soft_caution_overlay,artifacts_part2_g532/predictions/g532_final_consensus_tape.csv
2022-01-10,0,0.2129110475278489,0.4641799418631002,1.457127,1.624327,1.0,0.539698,0.511342,0.553297,0.75,0.6,0.886578,0.39896,0.124166,0.668153,1,ok,VOO,0.022124,0.022124,0.022124,0.0,0,0.14379,0.784226,0.153283,0.468173,part2a21_soft_caution_overlay,artifacts_part2_g532/predictions/g532_final_consensus_tape.csv
2022-01-11,0,0.2128318800967084,0.4588173533974121,1.198898,1.487055,0.75,0.53223,0.509208,0.485232,0.75,0.6,0.907915,0.408562,0.128294,0.660862,1,ok,VOO,0.022124,0.022124,0.022124,0.0,0,0.111656,0.800571,0.118997,0.403713,part2a21_soft_caution_overlay,artifacts_part2_g532/predictions/g532_final_consensus_tape.csv
2022-01-12,0,0.2104204839920705,0.3955746283631847,1.510687,1.388904,0.75,0.5301,0.5086,0.435963,0.75,0.6,0.913999,0.4113,0.125,0.666667,1,ok,VOO,0.022124,0.022124,0.022124,0.0,0,0.101185,0.803517,0.110063,0.386919,part2a21_soft_caution_overlay,artifacts_part2_g532/predictions/g532_final_consensus_tape.csv
2022-01-13,0,0.2133585695190882,0.4734921349666955,2.204224,1.637937,1.0,0.535512,0.510146,0.561176,0.75,0.6,0.898536,0.404341,0.149982,0.625029,1,ok,VOO,0.022124,0.022124,0.022124,0.0,0,0.115839,0.793487,0.140474,0.444092,part2a21_soft_caution_overlay,artifacts_part2_g532/predictions/g532_final_consensus_tape.csv
2022-01-14,0,0.2176581147244807,0.6081446456000899,1.450186,1.721699,0.75,0.53115,0.5089,0.604693,0.75,0.6,0.911,0.40995,0.155281,0.616856,1,ok,VOO,0.022124,0.022124,0.022124,0.0,0,0.104724,0.801719,0.115514,0.397166,part2a21_soft_caution_overlay,artifacts_part2_g532/predictions/g532_final_consensus_tape.csv
2022-01-17,0,0.2125586443271384,0.4549320667763559,1.623903,1.759437,1.0,0.530767,0.508791,0.623933,0.75,0.6,0.912093,0.410442,0.129275,0.659152,1,ok,VOO,0.02532,0.02532,0.02532,0.0,0,0.104184,0.802534,0.113043,0.39252,part2a21_soft_caution_overlay,artifacts_part2_g532/predictions/g532_final_consensus_tape.csv
2022-01-18,0,0.2133991303211342,0.4989557230382972,2.265845,1.779978,1.0,0.543573,0.512449,0.631971,0.75,0.6,0.875506,0.393978,0.13555,0.648424,1,ok,VOO,0.02532,0.02532,0.02532,0.0,0,0.163765,0.771591,0.168951,0.497628,part2a21_soft_caution_overlay,artifacts_part2_g532/predictions/g532_final_consensus_tape.csv
2022-01-19,0,0.2123826547229634,0.4703791906321868,1.807718,1.899155,1.0,0.544665,0.512762,0.692715,0.75,0.6,0.872385,0.392573,0.130344,0.657299,1,ok,VOO,0.02532,0.02532,0.02532,0.0,0,0.170211,0.768383,0.172841,0.50494,part2a21_soft_caution_overlay,artifacts_part2_g532/predictions/g532_final_consensus_tape.csv
2022-01-20,0,0.2166573625323341,0.5990892579637479,1.745373,1.939645,0.75,0.543641,0.512469,0.713573,0.75,0.6,0.87531,0.39389,0.139078,0.642544,1,ok,VOO,0.02532,0.02532,0.02532,0.0,0,0.165076,0.771871,0.16861,0.496987,part2a21_soft_caution_overlay,artifacts_part2_g532/predictions/g532_final_consensus_tape.csv
2022-01-21,0,0.2181056023576401,0.6387804976384993,2.02613,1.85974,0.75,0.548632,0.513895,0.671892,0.5,0.6,0.861053,0.154989,0.174533,0.588882,1,ok,VOO,0.02532,0.02532,0.02532,0.0,0,0.181486,0.749764,0.194784,0.546193,part2a21_soft_caution_overlay,artifacts_part2_g532/predictions/g532_final_consensus_tape.csv
2022-01-24,0,0.2173531120822047,0.6139750195304197,1.145596,1.639033,0.5,0.555761,0.515932,0.55717,0.5,0.6,0.840684,0.151323,0.182245,0.578376,0,low_agreement,FLAT,0.0,0.0,0.0,0.0,1,0.202946,0.728695,0.247572,0.590655,part2a21_soft_caution_overlay,artifacts_part2_g532/predictions/g532_final_consensus_tape.csv
2022-01-25,0,0.2156124884376137,0.5612631457430829,1.76904,1.646922,0.75,0.547754,0.513644,0.563028,0.5,0.6,0.863561,0.155441,0.170378,0.594703,1,ok,FLAT,0.0,0.0,0.0,0.0,0,0.171054,0.749542,0.195039,0.546673,part2a21_soft_caution_overlay,artifacts_part2_g532/predictions/g532_final_consensus_tape.csv
2022-01-26,0,0.2121092674930985,0.6055871720265499,1.115655,1.343431,0.75,0.546155,0.513187,0.408055,0.5,0.6,0.868127,0.156263,0.174144,0.589422,1,ok,FLAT,0.0,0.0,0.0,0.0,0,0.164905,0.756272,0.187233,0.531998,part2a21_soft_caution_overlay,artifacts_part2_g532/predictions/g532_final_consensus_tape.csv
2022-01-27,0,0.2161463046129344,0.6678188806342628,1.14799,1.344228,0.75,0.548046,0.513727,0.40789,0.5,0.6,0.862725,0.155291,0.166088,0.600834,1,ok,FLAT,0.0,0.0,0.0,0.0,0,0.182683,0.754156,0.189701,0.536638,part2a21_soft_caution_overlay,artifacts_part2_g532/predictions/g532_final_consensus_tape.csv
2022-01-28,0,0.2121578724883076,0.5949092147025924,-0.014824,0.749607,0.5,0.542982,0.51228,0.105582,0.5,0.6,0.877195,0.157895,0.210484,0.542907,0,low_agreement,FLAT,0.0,0.0,0.0,0.0,0,0.159777,0.773053,0.167166,0.494273,part2a21_soft_caution_overlay,artifacts_part2_g532/predictions/g532_final_consensus_tape.csv
2022-01-31,0,0.2142522606602335,0.6273763291588411,0.1582,0.430456,0.5,0.541995,0.511999,0.0,0.5,0.6,0.880014,0.158403,0.240166,0.510032,0,weak_score,FLAT,0.0,0.0,0.0,0.0,0,0.153827,0.775849,0.163734,0.48782,part2a21_soft_caution_overlay,artifacts_part2_g532/predictions/g532_final_consensus_tape.csv
2022-02-01,0,0.2218528419268035,0.7022739297593285,0.970998,0.371458,0.5,0.540756,0.511645,0.0,0.5,0.6,0.883554,0.15904,0.242642,0.507468,0,weak_score,FLAT,0.0,0.0,0.0,0.0,0,0.145291,0.778775,0.160112,0.48101,part2a21_soft_caution_overlay,artifacts_part2_g532/predictions/g532_final_consensus_tape.csv
2022-02-02,0,0.2213472688220944,0.7099374382519145,0.848592,0.659263,0.5,0.543512,0.512432,0.059163,0.5,0.6,0.875681,0.157623,0.236987,0.513361,0,low_agreement,FLAT,0.0,0.0,0.0,0.0,0,0.148148,0.763614,0.178562,0.515697,part2a21_soft_caution_overlay,artifacts_part2_g532/predictions/g532_final_consensus_tape.csv
2022-02-03,0,0.2026637110704737,0.5144746660366877,2.058368,1.292653,0.75,0.542866,0.512247,0.383104,0.5,0.6,0.877526,0.157955,0.248511,0.501493,1,ok,FLAT,0.0,0.0,0.0,0.0,0,0.17435,0.86133,0.156924,0.475017,part2a21_soft_caution_overlay,artifacts_part2_g532/predictions/g532_final_consensus_tape.csv
2022-02-04,0,0.2157831999169118,0.6401822197322904,0.618704,1.175221,0.5,0.5401,0.511457,0.324058,0.5,0.6,0.885428,0.159377,0.208782,0.544921,0,low_agreement,FLAT,0.0,0.0,0.0,0.0,0,0.141932,0.780913,0.157446,0.475998,part2a21_soft_caution_overlay,artifacts_part2_g532/predictions/g532_final_consensus_tape.csv
2022-02-07,0,0.2225268295972293,0.7223236419856943,1.162356,1.279809,0.75,0.538951,0.511129,0.377787,0.5,0.6,0.888711,0.159968,0.211828,0.541327,1,ok,VOO,0.004907,0.004907,0.004907,0.0,0,0.135455,0.784325,0.153158,0.467937,part2a21_soft_caution_overlay,artifacts_part2_g532/predictions/g532_final_consensus_tape.csv
2022-02-08,0,0.2163330202929248,0.6739877101713613,0.713166,0.831409,0.5,0.537165,0.510618,0.149908,0.5,0.6,0.893815,0.160887,0.200182,0.55533,0,low_agreement,VOO,0.004907,0.004907,0.004907,0.0,0,0.130759,0.79225,0.143028,0.448892,part2a21_soft_caution_overlay,artifacts_part2_g532/predictions/g532_final_consensus_tape.csv
2022-02-09,0,0.2118008309969479,0.6401320601649179,0.624158,0.833227,0.5,0.534147,0.509756,0.152137,0.75,0.6,0.902436,0.406096,0.204158,0.550469,0,low_agreement,VOO,0.004907,0.004907,0.004907,0.0,0,0.117343,0.797121,0.129455,0.423375,part2a21_soft_caution_overlay,artifacts_part2_g532/predictions/g532_final_consensus_tape.csv
2022-02-10,0,0.2166203390922426,0.680073812939415,1.761039,1.032788,0.75,0.541845,0.511956,0.250717,0.75,0.6,0.880443,0.396199,0.20256,0.552413,1,ok,VOO,0.004907,0.004907,0.004907,0.0,0,0.150879,0.775202,0.16453,0.489316,part2a21_soft_caution_overlay,artifacts_part2_g532/predictions/g532_final_consensus_tape.csv
2022-02-11,0,0.2233154773546823,0.734098535872307,1.725425,1.370207,0.75,0.54693,0.513409,0.42153,0.65,0.6,0.865915,0.337707,0.252498,0.497515,0,high_risk_veto,VOO,0.004907,0.004907,0.004907,0.0,0,0.170177,0.754295,0.189539,0.536333,part2a21_soft_caution_overlay,artifacts_part2_g532/predictions/g532_final_consensus_tape.csv
2022-02-14,0,0.2076977420722495,0.554535808580272,0.856192,1.447552,0.5,0.554611,0.515603,0.459004,0.65,0.6,0.843968,0.329148,0.234624,0.515864,0,high_risk_veto,FLAT,0.0,0.0,0.0,0.0,1,0.245493,0.827332,0.197574,0.551438,part2a21_soft_caution_overlay,artifacts_part2_g532/predictions/g532_final_consensus_tape.csv
2022-02-15,0,0.2082807969451515,0.5846967575352201,0.385322,0.98898,0.5,0.547712,0.513632,0.226026,0.65,0.6,0.863681,0.336836,0.251723,0.498283,0,high_risk_veto,FLAT,0.0,0.0,0.0,0.0,0,0.178722,0.75408,0.18979,0.536805,part2a21_soft_caution_overlay,artifacts_part2_g532/predictions/g532_final_consensus_tape.csv
2022-02-16,0,0.2152565654865857,0.680564631267213,1.137271,0.792928,0.75,0.544714,0.512776,0.126945,0.65,0.6,0.872245,0.340176,0.248764,0.501239,0,high_risk_veto,FLAT,0.0,0.0,0.0,0.0,0,0.164929,0.765252,0.176605,0.512018,part2a21_soft_caution_overlay,artifacts_part2_g532/predictions/g532_final_consensus_tape.csv
2022-02-17,0,0.226801927909598,0.7652888278361417,1.756607,1.093067,0.75,0.54827,0.513791,0.279135,0.65,0.6,0.862085,0.336213,0.267159,0.48341,0,high_risk_veto,FLAT,0.0,0.0,0.0,0.0,0,0.183522,0.753202,0.19081,0.538722,part2a21_soft_caution_overlay,artifacts_part2_g532/predictions/g532_final_consensus_tape.csv
2022-02-18,0,0.2090536389211392,0.5816010622506521,1.14955,1.347809,0.75,0.542004,0.512001,0.411546,0.65,0.6,0.879989,0.343196,0.258842,0.491312,0,high_risk_veto,FLAT,0.0,0.0,0.0,0.0,0,0.153831,0.775798,0.163796,0.487936,part2a21_soft_caution_overlay,artifacts_part2_g532/predictions/g532_final_consensus_tape.csv
2022-02-21,0,0.2099009814136735,0.598024279525503,0.823441,1.2432,0.75,0.542257,0.512073,0.358036,0.65,0.6,0.879267,0.342914,0.259349,0.490823,0,high_risk_veto,FLAT,0.0,0.0,0.0,0.0,0,0.15502,0.774908,0.164892,0.489997,part2a21_soft_caution_overlay,artifacts_part2_g532/predictions/g532_final_consensus_tape.csv
2022-02-22,0,0.2137162196957936,0.6375378472058418,1.113213,1.028735,0.75,0.54516,0.512903,0.247373,0.65,0.6,0.87097,0.339678,0.248997,0.501005,0,high_risk_veto,FLAT,0.0,0.0,0.0,0.0,0,0.169913,0.765191,0.176679,0.512156,part2a21_soft_caution_overlay,artifacts_part2_g532/predictions/g532_final_consensus_tape.csv
2022-02-23,0,0.2043652773203109,0.5405391430268143,1.508028,1.148227,0.75,0.555367,0.515819,0.30487,0.65,0.6,0.841807,0.328305,0.228814,0.522123,0,high_risk_veto,FLAT,0.0,0.0,0.0,0.0,0,0.223598,0.813397,0.221007,0.58092,part2a21_soft_caution_overlay,artifacts_part2_g532/predictions/g532_final_consensus_tape.csv
2022-02-24,0,0.2076400551889969,0.6275219136053726,0.11481,0.912017,0.5,0.543507,0.512431,0.188352,0.65,0.6,0.875695,0.341521,0.25102,0.498982,0,high_risk_veto,FLAT,0.0,0.0,0.0,0.0,0,0.158881,0.7694,0.171611,0.502629,part2a21_soft_caution_overlay,artifacts_part2_g532/predictions/g532_final_consensus_tape.csv
2022-02-25,0,0.2047767706443102,0.5973196165250271,0.654311,0.75905,0.5,0.542007,0.512002,0.11085,0.65,0.6,0.87998,0.343192,0.243383,0.506706,0,high_risk_veto,FLAT,0.0,0.0,0.0,0.0,0,0.168742,0.86349,0.154212,0.469918,part2a21_soft_caution_overlay,artifacts_part2_g532/predictions/g532_final_consensus_tape.csv
2022-02-28,0,0.2126027467117381,0.7036021715529069,0.91202,0.56038,0.5,0.544635,0.512753,0.008052,0.65,0.6,0.872471,0.340264,0.250927,0.499075,0,high_risk_veto,FLAT,0.0,0.0,0.0,0.0,0,0.155764,0.760781,0.181927,0.522023,part2a21_soft_caution_overlay,artifacts_part2_g532/predictions/g532_final_consensus_tape.csv
2022-03-01,0,0.211063200026338,0.626591645025368,1.213827,0.926719,0.75,0.54805,0.513728,0.193995,0.65,0.6,0.862715,0.336459,0.244104,0.505966,0,high_risk_veto,FLAT,0.0,0.0,0.0,0.0,0,0.169986,0.74704,0.197907,0.552066,part2a21_soft_caution_overlay,artifacts_part2_g532/predictions/g532_final_consensus_tape.csv
2022-03-02,0,0.2066267309253913,0.5804735030861924,0.558655,0.894834,0.5,0.543597,0.512456,0.179532,0.65,0.6,0.875438,0.341421,0.316045,0.441661,0,high_risk_veto,FLAT,0.0,0.0,0.0,0.0,0,0.169631,0.774538,0.165347,0.490853,part2a21_soft_caution_overlay,artifacts_part2_g532/predictions/g532_final_consensus_tape.csv
2022-03-03,0,0.2081477617113693,0.6711217339255438,1.22509,0.999191,0.75,0.545517,0.513005,0.23212,0.65,0.6,0.869953,0.339282,0.290403,0.462618,0,high_risk_veto,FLAT,0.0,0.0,0.0,0.0,0,0.15777,0.756364,0.187125,0.531795,part2a21_soft_caution_overlay,artifacts_part2_g532/predictions/g532_final_consensus_tape.csv
2022-03-04,0,0.2157568788205899,0.7159496275686221,0.927834,0.90386,0.75,0.546009,0.513145,0.183138,0.65,0.6,0.868545,0.338733,0.299949,0.454588,0,high_risk_veto,FLAT,0.0,0.0,0.0,0.0,0,0.160195,0.754594,0.189191,0.535678,part2a21_soft_caution_overlay,artifacts_part2_g532/predictions/g532_final_consensus_tape.csv
2022-03-07,0,0.2121337655613461,0.6380126084074894,1.401918,1.184948,0.75,0.549224,0.514064,0.325882,0.65,0.6,0.85936,0.33515,0.321722,0.437275,0,high_risk_veto,FLAT,0.0,0.0,0.0,0.0,0,0.159744,0.734586,0.2143,0.578441,part2a21_soft_caution_overlay,artifacts_part2_g532/predictions/g532_final_consensus_tape.csv
2022-03-08,0,0.2118688420295091,0.6619210698278141,0.571937,0.96723,0.75,0.549371,0.514106,0.214218,0.65,0.6,0.858941,0.334987,0.320223,0.438425,0,high_risk_veto,FLAT,0.0,0.0,0.0,0.0,0,0.171398,0.739255,0.206726,0.568644,part2a21_soft_caution_overlay,artifacts_part2_g532/predictions/g532_final_consensus_tape.csv
2022-03-09,0,0.2123967710937133,0.669132736801806,-0.29917,0.558228,0.5,0.545239,0.512925,0.006645,0.65,0.6,0.870747,0.339591,0.362205,0.40836,0,high_risk_veto,FLAT,0.0,0.0,0.0,0.0,0,0.17073,0.765149,0.176729,0.512251,part2a21_soft_caution_overlay,artifacts_part2_g532/predictions/g532_final_consensus_tape.csv
2022-03-10,0,0.2070697140919024,0.6668585401523067,0.892173,0.388313,0.75,0.543746,0.512499,0.0,0.65,0.6,0.875011,0.341254,0.355863,0.412634,0,high_risk_veto,FLAT,0.0,0.0,0.0,0.0,0,0.156591,0.766717,0.174848,0.508714,part2a21_soft_caution_overlay,artifacts_part2_g532/predictions/g532_final_consensus_tape.csv
2022-03-11,0,0.2104846095042437,0.6849499395798465,0.957119,0.516707,0.75,0.545219,0.51292,0.0,0.65,0.6,0.870803,0.339613,0.336751,0.426075,0,high_risk_veto,FLAT,0.0,0.0,0.0,0.0,0,0.158267,0.758504,0.184614,0.527074,part2a21_soft_caution_overlay,artifacts_part2_g532/predictions/g532_final_consensus_tape.csv
2022-03-14,0,0.210472573077813,0.6617716916459155,0.768165,0.872486,0.75,0.545191,0.512912,0.16743,0.65,0.6,0.870882,0.339644,0.334777,0.427513,0,high_risk_veto,FLAT,0.0,0.0,0.0,0.0,0,0.161834,0.760625,0.182112,0.522371,part2a21_soft_caution_overlay,artifacts_part2_g532/predictions/g532_final_consensus_tape.csv
2022-03-15,0,0.2123322875437044,0.6783756689317869,-0.481913,0.414457,0.5,0.54407,0.512591,0.0,0.65,0.6,0.874085,0.340893,0.328183,0.432389,0,high_risk_veto,FLAT,0.0,0.0,0.0,0.0,0,0.159098,0.766075,0.175619,0.510164,part2a21_soft_caution_overlay,artifacts_part2_g532/predictions/g532_final_consensus_tape.csv
2022-03-16,0,0.2240115160171555,0.8245561257632256,-0.229128,0.019042,0.5,0.537048,0.510585,0.0,0.75,0.6,0.89415,0.402367,0.30535,0.450166,0,weak_score,FLAT,0.0,0.0,0.0,0.0,0,0.14293,0.795515,0.134325,0.432531,part2a21_soft_caution_overlay,artifacts_part2_g532/predictions/g532_final_consensus_tape.csv
2022-03-17,0,0.2154052344169155,0.7681857278572265,0.568247,-0.047598,0.5,0.535919,0.510263,0.0,0.75,0.6,0.897374,0.403818,0.304287,0.45103,0,weak_score,FLAT,0.0,0.0,0.0,0.0,0,0.125511,0.794554,0.137239,0.438009,part2a21_soft_caution_overlay,artifacts_part2_g532/predictions/g532_final_consensus_tape.csv
2022-03-18,0,0.2117998850358468,0.7096100345715263,0.440644,0.259921,0.5,0.537742,0.510783,0.0,0.75,0.6,0.892165,0.401474,0.278466,0.473068,0,weak_score,FLAT,0.0,0.0,0.0,0.0,0,0.139427,0.793084,0.141697,0.446389,part2a21_soft_caution_overlay,artifacts_part2_g532/predictions/g532_final_consensus_tape.csv
2022-03-21,0,0.2165355843534935,0.7147548436811683,1.032921,0.680604,0.75,0.54352,0.512434,0.070067,0.75,0.6,0.875657,0.394046,0.212556,0.540475,1,ok,VOO,0.002238,0.002238,0.002238,0.0,0,0.16748,0.773869,0.166167,0.492395,part2a21_soft_caution_overlay,artifacts_part2_g532/predictions/g532_final_consensus_tape.csv
2022-03-22,0,0.2215212817518963,0.7586759613266052,0.632849,0.702138,0.5,0.537345,0.51067,0.083964,0.75,0.6,0.893299,0.401985,0.204152,0.550477,0,low_agreement,VOO,0.002238,0.002238,0.002238,0.0,0,0.141949,0.794584,0.137149,0.437839,part2a21_soft_caution_overlay,artifacts_part2_g532/predictions/g532_final_consensus_tape.csv
2022-03-23,0,0.211344200220513,0.6869175272049265,1.38982,1.01853,0.75,0.539989,0.511426,0.244152,0.75,0.6,0.885744,0.398585,0.226679,0.524462,1,ok,VOO,0.002238,0.002238,0.002238,0.0,0,0.133659,0.777284,0.161961,0.484487,part2a21_soft_caution_overlay,artifacts_part2_g532/predictions/g532_final_consensus_tape.csv
2022-03-24,0,0.2105546205216993,0.6898961439014514,0.547067,0.856579,0.5,0.538664,0.511047,0.162091,0.75,0.6,0.889531,0.400289,0.231852,0.518832,0,low_agreement,VOO,0.002238,0.002238,0.002238,0.0,0,0.143053,0.789829,0.146148,0.454759,part2a21_soft_caution_overlay,artifacts_part2_g532/predictions/g532_final_consensus_tape.csv
2022-03-25,0,0.2052567313116684,0.5794672563592952,1.16378,1.033556,0.75,0.537831,0.510809,0.252641,0.75,0.6,0.891911,0.40136,0.198611,0.557276,1,ok,VOO,0.002238,0.002238,0.002238,0.0,0,0.146195,0.874306,0.137992,0.439424,part2a21_soft_caution_overlay,artifacts_part2_g532/predictions/g532_final_consensus_tape.csv
2022-03-28,0,0.2129477264954992,0.7271304597208169,0.839493,0.850113,0.5,0.534911,0.509975,0.160401,0.75,0.6,0.900254,0.405114,0.199387,0.556313,0,low_agreement,FLAT,0.0,0.0,0.0,0.0,0,0.122607,0.796385,0.131687,0.427572,part2a21_soft_caution_overlay,artifacts_part2_g532/predictions/g532_final_consensus_tape.csv
2022-03-29,0,0.2108596681869617,0.6903137157206576,1.020482,1.007918,0.5,0.534614,0.50989,0.24082,0.75,0.6,0.901104,0.405497,0.191582,0.566147,0,low_agreement,FLAT,0.0,0.0,0.0,0.0,0,0.121848,0.796947,0.129984,0.424371,part2a21_soft_caution_overlay,artifacts_part2_g532/predictions/g532_final_consensus_tape.csv
2022-03-30,0,0.2122804408263102,0.7108476533552364,1.621687,1.160554,0.75,0.534725,0.509922,0.318443,0.75,0.6,0.900785,0.405353,0.201474,0.553742,1,ok,FLAT,0.0,0.0,0.0,0.0,0,0.122046,0.796718,0.130679,0.425677,part2a21_soft_caution_overlay,artifacts_part2_g532/predictions/g532_final_consensus_tape.csv
2022-03-31,0,0.2119298312694946,0.6940545099396319,1.663961,1.435377,0.75,0.53441,0.509831,0.45837,0.75,0.6,0.901686,0.405759,0.230424,0.520374,1,ok,FLAT,0.0,0.0,0.0,0.0,0,0.120161,0.797083,0.129571,0.423593,part2a21_soft_caution_overlay,artifacts_part2_g532/predictions/g532_final_consensus_tape.csv
2022-04-01,0,0.2164584090787968,0.7893873241846375,1.378239,1.554629,0.75,0.533526,0.509579,0.519256,0.75,0.6,0.904211,0.406895,0.231137,0.519602,1,ok,FLAT,0.0,0.0,0.0,0.0,0,0.117562,0.798677,0.124737,0.414506,part2a21_soft_caution_overlay,artifacts_part2_g532/predictions/g532_final_consensus_tape.csv
2022-04-04,0,0.2166964346278345,0.7657598326920269,0.967277,1.336492,0.5,0.533485,0.509567,0.40834,0.75,0.6,0.904328,0.406948,0.227521,0.523537,0,low_agreement,FLAT,0.0,0.0,0.0,0.0,0,0.115654,0.798371,0.125665,0.416251,part2a21_soft_caution_overlay,artifacts_part2_g532/predictions/g532_final_consensus_tape.csv
2022-04-05,0,0.2170566726365561,0.784971637850875,2.010921,1.452146,0.75,0.536378,0.510394,0.466367,0.75,0.6,0.896063,0.403228,0.21524,0.537357,1,ok,FLAT,0.0,0.0,0.0,0.0,0,0.1226,0.792663,0.142492,0.447886,part2a21_soft_caution_overlay,artifacts_part2_g532/predictions/g532_final_consensus_tape.csv
2022-04-06,0,0.2156448698740148,0.7635711074065381,1.799127,1.592442,0.75,0.539523,0.511292,0.537073,0.75,0.6,0.887077,0.399185,0.186839,0.572293,1,ok,FLAT,0.0,0.0,0.0,0.0,0,0.141019,0.78383,0.153783,0.469113,part2a21_soft_caution_overlay,artifacts_part2_g532/predictions/g532_final_consensus_tape.csv
2022-04-07,0,0.216495307634538,0.7831742735417234,1.038662,1.616237,0.5,0.533301,0.509515,0.550636,0.75,0.6,0.904853,0.407184,0.163473,0.604634,0,low_agreement,FLAT,0.0,0.0,0.0,0.0,0,0.115494,0.798784,0.124415,0.4139,part2a21_soft_caution_overlay,artifacts_part2_g532/predictions/g532_final_consensus_tape.csv
2022-04-08,0,0.2118214662956903,0.7059758559570563,1.347074,1.394954,0.75,0.534162,0.509761,0.437875,0.75,0.6,0.902394,0.406077,0.145575,0.631992,1,ok,FLAT,0.0,0.0,0.0,0.0,0,0.118311,0.797292,0.128938,0.422404,part2a21_soft_caution_overlay,artifacts_part2_g532/predictions/g532_final_consensus_tape.csv
2022-04-11,0,0.2097083310099165,0.6267613917363457,1.592241,1.325992,0.75,0.544611,0.512746,0.399604,0.75,0.6,0.872541,0.392643,0.157625,0.613309,1,ok,VOO,0.014434,0.014434,0.014434,0.0,0,0.156512,0.76134,0.181265,0.520779,part2a21_soft_caution_overlay,artifacts_part2_g532/predictions/g532_final_consensus_tape.csv
2022-04-12,0,0.2092657838303779,0.6225139967214285,1.059304,1.332873,0.75,0.543413,0.512404,0.403488,0.75,0.6,0.875964,0.394184,0.153349,0.61981,1,ok,VOO,0.014434,0.014434,0.014434,0.0,0,0.159406,0.770252,0.170579,0.500689,part2a21_soft_caution_overlay,artifacts_part2_g532/predictions/g532_final_consensus_tape.csv
2022-04-13,0,0.2121757954469467,0.6905160880120483,0.581151,1.077565,0.5,0.533498,0.509571,0.276668,0.75,0.6,0.904293,0.406932,0.157469,0.613544,0,low_agreement,VOO,0.014434,0.014434,0.014434,0.0,0,0.111923,0.797548,0.128161,0.420942,part2a21_soft_caution_overlay,artifacts_part2_g532/predictions/g532_final_consensus_tape.csv
2022-04-14,0,0.2138813103109419,0.698750890597201,1.711204,1.11722,0.75,0.53773,0.51078,0.295316,0.75,0.6,0.8922,0.40149,0.129322,0.65907,1,ok,VOO,0.014434,0.014434,0.014434,0.0,0,0.123647,0.78542,0.151773,0.465333,part2a21_soft_caution_overlay,artifacts_part2_g532/predictions/g532_final_consensus_tape.csv
2022-04-15,0,0.2098494262260138,0.6302829025396787,1.057208,1.116521,0.75,0.538421,0.510977,0.294712,0.75,0.6,0.890226,0.400602,0.119922,0.675819,1,ok,VOO,0.014434,0.014434,0.014434,0.0,0,0.129605,0.784432,0.153023,0.467683,part2a21_soft_caution_overlay,artifacts_part2_g532/predictions/g532_final_consensus_tape.csv
2022-04-18,0,0.2094574037473116,0.6416969409464788,1.030682,1.266365,0.75,0.533928,0.509694,0.372538,0.75,0.6,0.903062,0.406378,0.110093,0.694264,1,ok,VOO,0.015766,0.015766,0.015766,0.0,0,0.115531,0.797269,0.129008,0.422536,part2a21_soft_caution_overlay,artifacts_part2_g532/predictions/g532_final_consensus_tape.csv
2022-04-19,0,0.2107584396672839,0.6654088056222576,0.642429,0.910107,0.5,0.533745,0.509642,0.19141,0.75,0.6,0.903585,0.406613,0.161079,0.608156,0,low_agreement,VOO,0.015766,0.015766,0.015766,0.0,0,0.109406,0.796411,0.131607,0.427422,part2a21_soft_caution_overlay,artifacts_part2_g532/predictions/g532_final_consensus_tape.csv
2022-04-20,0,0.2094161301687998,0.6177536440846373,1.463555,1.045555,0.75,0.539936,0.51141,0.257961,0.75,0.6,0.885898,0.398654,0.163948,0.603941,1,ok,VOO,0.015766,0.015766,0.015766,0.0,0,0.126856,0.774048,0.165947,0.491981,part2a21_soft_caution_overlay,artifacts_part2_g532/predictions/g532_final_consensus_tape.csv
2022-04-21,0,0.2078408504833475,0.6557594804913995,1.522568,1.209517,0.75,0.53943,0.511266,0.341782,0.75,0.6,0.887344,0.399305,0.167624,0.598624,1,ok,VOO,0.015766,0.015766,0.015766,0.0,0,0.125402,0.776315,0.163159,0.486739,part2a21_soft_caution_overlay,artifacts_part2_g532/predictions/g532_final_consensus_tape.csv
2022-04-22,0,0.2069129691932929,0.6414152154399946,1.61917,1.535098,0.75,0.547371,0.513535,0.505844,0.75,0.6,0.864654,0.389094,0.215817,0.536692,1,ok,VOO,0.015766,0.015766,0.015766,0.0,0,0.157513,0.744373,0.200947,0.557781,part2a21_soft_caution_overlay,artifacts_part2_g532/predictions/g532_final_consensus_tape.csv
2022-04-25,0,0.2132332888692358,0.7305726428029112,0.608329,1.250022,0.5,0.546094,0.51317,0.360267,0.75,0.6,0.868304,0.390737,0.209949,0.543538,0,low_agreement,FLAT,0.0,0.0,0.0,0.0,0,0.160069,0.75399,0.189894,0.537,part2a21_soft_caution_overlay,artifacts_part2_g532/predictions/g532_final_consensus_tape.csv
2022-04-26,0,0.2103293440152818,0.6810807638175179,1.788026,1.338508,0.75,0.548874,0.513964,0.404707,0.65,0.6,0.860361,0.335541,0.268196,0.482443,0,high_risk_veto,FLAT,0.0,0.0,0.0,0.0,0,0.165758,0.739277,0.2067,0.568597,part2a21_soft_caution_overlay,artifacts_part2_g532/predictions/g532_final_consensus_tape.csv
2022-04-27,0,0.2058913553576115,0.6527999594594737,0.670281,1.022212,0.75,0.55238,0.514966,0.241234,0.65,0.6,0.850343,0.331634,0.266968,0.483589,0,high_risk_veto,FLAT,0.0,0.0,0.0,0.0,0,0.216666,0.825454,0.199717,0.555468,part2a21_soft_caution_overlay,artifacts_part2_g532/predictions/g532_final_consensus_tape.csv
2022-04-28,0,0.2117786349863952,0.7110278558781059,-0.191895,0.755471,0.5,0.547305,0.513516,0.106604,0.65,0.6,0.864844,0.337289,0.310442,0.446076,0,high_risk_veto,FLAT,0.0,0.0,0.0,0.0,0,0.159369,0.745854,0.199262,0.554612,part2a21_soft_caution_overlay,artifacts_part2_g532/predictions/g532_final_consensus_tape.csv
2022-04-29,0,0.2145040090008798,0.7161762937945699,1.918443,0.798943,0.75,0.546949,0.513414,0.129026,0.65,0.6,0.86586,0.337685,0.343831,0.420995,0,high_risk_veto,FLAT,0.0,0.0,0.0,0.0,0,0.160806,0.748951,0.195718,0.54795,part2a21_soft_caution_overlay,artifacts_part2_g532/predictions/g532_final_consensus_tape.csv
2022-05-02,0,0.2053653032635154,0.6287477054155778,0.385544,0.704031,0.5,0.552523,0.515007,0.077797,0.65,0.6,0.849934,0.331474,0.35525,0.413053,0,high_risk_veto,FLAT,0.0,0.0,0.0,0.0,0,0.219675,0.82623,0.198832,0.553804,part2a21_soft_caution_overlay,artifacts_part2_g532/predictions/g532_final_consensus_tape.csv
2022-05-03,0,0.2125860725604239,0.6960344183129464,0.871372,1.058453,0.5,0.547634,0.51361,0.261641,0.65,0.6,0.863902,0.336922,0.326382,0.43374,0,high_risk_veto,FLAT,0.0,0.0,0.0,0.0,0,0.169699,0.749546,0.195034,0.546664,part2a21_soft_caution_overlay,artifacts_part2_g532/predictions/g532_final_consensus_tape.csv
2022-05-04,0,0.2128066925088331,0.6782434391234365,0.045828,0.434248,0.5,0.546834,0.513381,0.0,0.65,0.6,0.86619,0.337814,0.3583,0.410981,0,high_risk_veto,FLAT,0.0,0.0,0.0,0.0,0,0.167986,0.753692,0.190241,0.537653,part2a21_soft_caution_overlay,artifacts_part2_g532/predictions/g532_final_consensus_tape.csv
2022-05-05,0,0.2155441628522732,0.7329024535851923,2.095482,1.004227,0.75,0.555076,0.515736,0.230935,0.65,0.6,0.84264,0.328629,0.375155,0.399901,0,high_risk_veto,FLAT,0.0,0.0,0.0,0.0,1,0.193673,0.728424,0.249104,0.591213,part2a21_soft_caution_overlay,artifacts_part2_g532/predictions/g532_final_consensus_tape.csv
2022-05-06,0,0.215170109337006,0.7436061478207296,0.843823,0.995045,0.75,0.554029,0.515437,0.22663,0.65,0.6,0.845631,0.329796,0.35186,0.415379,0,high_risk_veto,FLAT,0.0,0.0,0.0,0.0,0,0.230273,0.822477,0.203096,0.561821,part2a21_soft_caution_overlay,artifacts_part2_g532/predictions/g532_final_consensus_tape.csv
2022-05-09,0,0.2158278204581809,0.7358803003708648,1.287612,1.408972,0.75,0.565101,0.5186,0.436132,0.65,0.6,0.813997,0.317459,0.400307,0.384434,0,high_risk_veto,FLAT,0.0,0.0,0.0,0.0,1,0.197799,0.707811,0.366412,0.632712,part2a21_soft_caution_overlay,artifacts_part2_g532/predictions/g532_final_consensus_tape.csv
2022-05-10,0,0.2106285692470634,0.7071801520842742,-0.044101,0.695778,0.5,0.556121,0.516034,0.071845,0.65,0.6,0.839655,0.327466,0.364515,0.406825,0,high_risk_veto,FLAT,0.0,0.0,0.0,0.0,1,0.249028,0.819534,0.206412,0.568054,part2a21_soft_caution_overlay,artifacts_part2_g532/predictions/g532_final_consensus_tape.csv
2022-05-11,0,0.2175708169358744,0.7514200986227385,0.774507,0.672673,0.75,0.549552,0.514158,0.063124,0.65,0.6,0.858424,0.334785,0.371766,0.402081,0,high_risk_veto,FLAT,0.0,0.0,0.0,0.0,0,0.166448,0.735205,0.211249,0.577148,part2a21_soft_caution_overlay,artifacts_part2_g532/predictions/g532_final_consensus_tape.csv
2022-05-12,0,0.213645463606997,0.7275976296993335,-0.006036,0.241457,0.75,0.549252,0.514072,0.0,0.65,0.6,0.85928,0.335119,0.327931,0.432578,0,high_risk_veto,FLAT,0.0,0.0,0.0,0.0,0,0.172212,0.7405,0.205326,0.566013,part2a21_soft_caution_overlay,artifacts_part2_g532/predictions/g532_final_consensus_tape.csv
2022-05-13,0,0.2076627131532952,0.6463792294220836,-0.76558,0.000964,0.5,0.548672,0.513906,0.0,0.65,0.6,0.860938,0.335766,0.346827,0.418882,0,high_risk_veto,FLAT,0.0,0.0,0.0,0.0,0,0.17829,0.747712,0.197138,0.55062,part2a21_soft_caution_overlay,artifacts_part2_g532/predictions/g532_final_consensus_tape.csv
2022-05-16,0,0.2118959878279098,0.6546749181638404,0.335852,-0.145254,0.75,0.556117,0.516033,0.0,0.65,0.6,0.839666,0.32747,0.335274,0.42715,0,high_risk_veto,FLAT,0.0,0.0,0.0,0.0,1,0.18728,0.725007,0.268458,0.59822,part2a21_soft_caution_overlay,artifacts_part2_g532/predictions/g532_final_consensus_tape.csv
2022-05-17,0,0.2118354359250452,0.6541647606308648,-0.480638,-0.303455,0.5,0.54919,0.514054,0.0,0.65,0.6,0.859456,0.335188,0.371228,0.402429,0,high_risk_veto,FLAT,0.0,0.0,0.0,0.0,0,0.176494,0.743344,0.202115,0.559976,part2a21_soft_caution_overlay,artifacts_part2_g532/predictions/g532_final_consensus_tape.csv
2022-05-18,0,0.2070289431777219,0.6315554203118164,1.262053,0.372422,0.75,0.564003,0.518287,0.0,0.65,0.6,0.817133,0.318682,0.403511,0.382549,0,high_risk_veto,FLAT,0.0,0.0,0.0,0.0,1,0.190325,0.708756,0.361003,0.630847,part2a21_soft_caution_overlay,artifacts_part2_g532/predictions/g532_final_consensus_tape.csv
2022-05-19,0,0.2032056301564358,0.6123092487661576,0.158292,0.313236,0.75,0.56087,0.517391,0.0,0.65,0.6,0.826085,0.322173,0.393292,0.388626,0,high_risk_veto,FLAT,0.0,0.0,0.0,0.0,1,0.247004,0.806015,0.262741,0.596157,part2a21_soft_caution_overlay,artifacts_part2_g532/predictions/g532_final_consensus_tape.csv
2022-05-20,0,0.2023451352303751,0.5940474568334154,-0.03861,0.460578,0.75,0.561786,0.517653,0.0,0.65,0.6,0.823469,0.321153,0.391809,0.389524,0,high_risk_veto,FLAT,0.0,0.0,0.0,0.0,1,0.2344,0.801706,0.287188,0.604938,part2a21_soft_caution_overlay,artifacts_part2_g532/predictions/g532_final_consensus_tape.csv
2022-05-23,0,0.2204537180747086,0.6503140891955098,-0.570365,-0.150228,0.5,0.547061,0.513446,0.0,0.65,0.6,0.865541,0.337561,0.378707,0.397642,0,high_risk_veto,FLAT,0.0,0.0,0.0,0.0,0,0.164129,0.750097,0.194399,0.545471,part2a21_soft_caution_overlay,artifacts_part2_g532/predictions/g532_final_consensus_tape.csv
2022-05-24,0,0.2226782351091872,0.6631701180651763,0.184229,-0.141582,0.75,0.557991,0.516569,0.0,0.65,0.6,0.83431,0.325381,0.385226,0.393561,0,high_risk_veto,FLAT,0.0,0.0,0.0,0.0,1,0.197041,0.722828,0.280818,0.60266,part2a21_soft_caution_overlay,artifacts_part2_g532/predictions/g532_final_consensus_tape.csv
2022-05-25,0,0.2093566081121555,0.6048584034956695,-0.467798,-0.284645,0.5,0.54957,0.514163,0.0,0.65,0.6,0.858371,0.334765,0.371768,0.402079,0,high_risk_veto,FLAT,0.0,0.0,0.0,0.0,0,0.175156,0.740104,0.205772,0.566851,part2a21_soft_caution_overlay,artifacts_part2_g532/predictions/g532_final_consensus_tape.csv
2022-05-26,0,0.2155295371672637,0.6240998518401796,-0.479538,-0.254369,0.5,0.544801,0.5128,0.0,0.65,0.6,0.871997,0.340079,0.384519,0.393999,0,high_risk_veto,FLAT,0.0,0.0,0.0,0.0,0,0.153283,0.758389,0.184749,0.527328,part2a21_soft_caution_overlay,artifacts_part2_g532/predictions/g532_final_consensus_tape.csv
2022-05-27,0,0.2130277014787677,0.6210286881869067,-0.407736,-0.451691,0.5,0.548152,0.513758,0.0,0.65,0.6,0.862422,0.336345,0.375224,0.399857,0,high_risk_veto,FLAT,0.0,0.0,0.0,0.0,0,0.169759,0.746251,0.198809,0.55376,part2a21_soft_caution_overlay,artifacts_part2_g532/predictions/g532_final_consensus_tape.csv
2022-05-30,0,0.213051276580254,0.6126776532350448,0.471493,-0.138594,0.75,0.545575,0.513021,0.0,0.65,0.6,0.869786,0.339216,0.371791,0.402064,0,high_risk_veto,FLAT,0.0,0.0,0.0,0.0,0,0.158821,0.756574,0.186879,0.531333,part2a21_soft_caution_overlay,artifacts_part2_g532/predictions/g532_final_consensus_tape.csv
2022-05-31,0,0.2270567548267923,0.6528499226136727,0.587275,0.21701,0.75,0.544711,0.512774,0.0,0.65,0.6,0.872255,0.340179,0.345664,0.4197,0,high_risk_veto,FLAT,0.0,0.0,0.0,0.0,0,0.153739,0.759205,0.183789,0.525524,part2a21_soft_caution_overlay,artifacts_part2_g532/predictions/g532_final_consensus_tape.csv
2022-06-01,0,0.2134575317642796,0.6318859138681315,0.727212,0.595326,0.75,0.548395,0.513827,0.024047,0.75,0.6,0.861728,0.387778,0.224625,0.526731,1,ok,FLAT,0.0,0.0,0.0,0.0,0,0.170677,0.745199,0.200007,0.556013,part2a21_soft_caution_overlay,artifacts_part2_g532/predictions/g532_final_consensus_tape.csv
2022-06-02,0,0.2179992009639977,0.6538723127590184,-0.072461,0.414009,0.5,0.547285,0.51351,0.0,0.75,0.6,0.8649,0.389205,0.215886,0.536612,0,weak_score,FLAT,0.0,0.0,0.0,0.0,0,0.170551,0.75225,0.191914,0.540798,part2a21_soft_caution_overlay,artifacts_part2_g532/predictions/g532_final_consensus_tape.csv
2022-06-03,0,0.2227828301956031,0.6571359357496754,1.200716,0.618489,0.75,0.544599,0.512742,0.037788,0.75,0.6,0.872576,0.392659,0.236029,0.514373,1,ok,FLAT,0.0,0.0,0.0,0.0,0,0.156065,0.761172,0.181464,0.521153,part2a21_soft_caution_overlay,artifacts_part2_g532/predictions/g532_final_consensus_tape.csv
2022-06-06,0,0.2214454024072524,0.6442637258821241,0.424561,0.517606,0.5,0.542663,0.51219,0.0,0.75,0.6,0.878104,0.395147,0.21441,0.538317,0,weak_score,FLAT,0.0,0.0,0.0,0.0,0,0.148143,0.768815,0.172319,0.50396,part2a21_soft_caution_overlay,artifacts_part2_g532/predictions/g532_final_consensus_tape.csv
2022-06-07,0,0.214876875631233,0.6423492845949481,0.222126,0.615801,0.5,0.543956,0.512559,0.03673,0.75,0.6,0.87441,0.393485,0.180625,0.580552,0,low_agreement,FLAT,0.0,0.0,0.0,0.0,0,0.152511,0.763226,0.179026,0.516568,part2a21_soft_caution_overlay,artifacts_part2_g532/predictions/g532_final_consensus_tape.csv
2022-06-08,0,0.2125556724350905,0.6206879746500411,0.60702,0.417903,0.75,0.542937,0.512268,0.0,0.75,0.6,0.877321,0.394795,0.194597,0.562307,0,weak_score,FLAT,0.0,0.0,0.0,0.0,0,0.149755,0.768004,0.173299,0.505802,part2a21_soft_caution_overlay,artifacts_part2_g532/predictions/g532_final_consensus_tape.csv
2022-06-09,0,0.2213477754888418,0.6637380476188325,1.010522,0.613223,0.75,0.543968,0.512562,0.035406,0.75,0.6,0.874378,0.39347,0.223209,0.528308,1,ok,FLAT,0.0,0.0,0.0,0.0,0,0.152623,0.763216,0.179037,0.51659,part2a21_soft_caution_overlay,artifacts_part2_g532/predictions/g532_final_consensus_tape.csv
2022-06-10,0,0.2221223973681474,0.7054271910769865,1.068936,0.895493,0.75,0.548936,0.513982,0.177625,0.65,0.6,0.860184,0.335472,0.209501,0.544068,0,high_risk_veto,FLAT,0.0,0.0,0.0,0.0,0,0.1738,0.743468,0.201974,0.559711,part2a21_soft_caution_overlay,artifacts_part2_g532/predictions/g532_final_consensus_tape.csv
2022-06-13,0,0.2355037360410438,0.7322976403257325,0.995302,1.02492,0.75,0.555148,0.515757,0.241546,0.65,0.6,0.842434,0.328549,0.227903,0.523118,0,high_risk_veto,FLAT,0.0,0.0,0.0,0.0,1,0.186435,0.726917,0.257634,0.594309,part2a21_soft_caution_overlay,artifacts_part2_g532/predictions/g532_final_consensus_tape.csv
2022-06-14,0,0.2023789978630286,0.6453843530424831,-0.111572,0.650889,0.5,0.573146,0.520899,0.040347,0.65,0.6,0.791011,0.308494,0.228644,0.522309,0,high_risk_veto,FLAT,0.0,0.0,0.0,0.0,1,0.244829,0.699445,0.41438,0.649054,part2a21_soft_caution_overlay,artifacts_part2_g532/predictions/g532_final_consensus_tape.csv
2022-06-15,0,0.2653633448195992,0.7711885131929757,-0.567272,0.105486,0.5,0.577371,0.522106,0.0,0.65,0.6,0.778939,0.303786,0.230022,0.52081,0,high_risk_veto,FLAT,0.0,0.0,0.0,0.0,1,0.237187,0.689628,0.483822,0.65,part2a21_soft_caution_overlay,artifacts_part2_g532/predictions/g532_final_consensus_tape.csv
2022-06-16,0,0.2298627808093782,0.7016489947495614,0.749766,0.023641,0.75,0.593383,0.526681,0.0,0.65,0.6,0.733191,0.285944,0.254848,0.495199,0,high_risk_veto,FLAT,0.0,0.0,0.0,0.0,1,0.327021,0.753325,0.600271,0.65,part2a21_soft_caution_overlay,artifacts_part2_g532/predictions/g532_final_consensus_tape.csv
2022-06-17,0,0.2098555365540171,0.6621765849042104,-0.46503,-0.094179,0.5,0.585961,0.52456,0.0,0.65,0.6,0.754396,0.294214,0.261229,0.489017,0,high_risk_veto,FLAT,0.0,0.0,0.0,0.0,1,0.340548,0.770536,0.477335,0.65,part2a21_soft_caution_overlay,artifacts_part2_g532/predictions/g532_final_consensus_tape.csv
2022-06-20,0,0.2228312889189767,0.681751449246541,-0.136045,0.049564,0.75,0.551821,0.514806,0.0,0.65,0.6,0.851941,0.332257,0.244919,0.505133,0,high_risk_veto,FLAT,0.0,0.0,0.0,0.0,0,0.17896,0.732629,0.225338,0.582516,part2a21_soft_caution_overlay,artifacts_part2_g532/predictions/g532_final_consensus_tape.csv
2022-06-21,0,0.2128179287445462,0.6624654502026505,-0.878159,-0.493078,0.5,0.586917,0.524833,0.0,0.65,0.6,0.751667,0.29315,0.307661,0.448301,0,high_risk_veto,FLAT,0.0,0.0,0.0,0.0,1,0.328325,0.766486,0.506261,0.65,part2a21_soft_caution_overlay,artifacts_part2_g532/predictions/g532_final_consensus_tape.csv
2022-06-22,0,0.2254611118904897,0.6786987886099425,-0.280773,-0.431659,0.75,0.565331,0.518666,0.0,0.65,0.6,0.81334,0.317203,0.309824,0.446569,0,high_risk_veto,FLAT,0.0,0.0,0.0,0.0,1,0.220673,0.711585,0.344836,0.625247,part2a21_soft_caution_overlay,artifacts_part2_g532/predictions/g532_final_consensus_tape.csv
2022-06-23,0,0.2047650329773132,0.6342770112239727,-0.657294,-0.605408,0.5,0.57472,0.521349,0.0,0.65,0.6,0.786513,0.30674,0.303966,0.451291,0,high_risk_veto,FLAT,0.0,0.0,0.0,0.0,1,0.242694,0.695893,0.439066,0.65,part2a21_soft_caution_overlay,artifacts_part2_g532/predictions/g532_final_consensus_tape.csv
2022-06-24,0,0.2260410279686285,0.6798989805606735,-0.963328,-0.633798,0.5,0.556281,0.51608,0.0,0.65,0.6,0.839196,0.327287,0.349398,0.417085,0,high_risk_veto,FLAT,0.0,0.0,0.0,0.0,1,0.195302,0.726154,0.261955,0.595873,part2a21_soft_caution_overlay,artifacts_part2_g532/predictions/g532_final_consensus_tape.csv
2022-06-27,0,0.2142244950336848,0.6279607631651154,0.147975,-0.490882,0.75,0.556316,0.51609,0.0,0.65,0.6,0.839097,0.327248,0.328298,0.432303,0,high_risk_veto,FLAT,0.0,0.0,0.0,0.0,1,0.192183,0.725498,0.265675,0.597217,part2a21_soft_caution_overlay,artifacts_part2_g532/predictions/g532_final_consensus_tape.csv
2022-06-28,0,0.2185760168795656,0.6368102657808375,0.53391,-0.093814,0.75,0.550031,0.514294,0.0,0.65,0.6,0.857055,0.334252,0.351366,0.41572,0,high_risk_veto,FLAT,0.0,0.0,0.0,0.0,0,0.17198,0.735239,0.211211,0.577076,part2a21_soft_caution_overlay,artifacts_part2_g532/predictions/g532_final_consensus_tape.csv
2022-06-29,0,0.2226178999022021,0.6665760944855986,-0.544639,0.045749,0.5,0.551921,0.514835,0.0,0.65,0.6,0.851655,0.332145,0.353066,0.414549,0,high_risk_veto,FLAT,0.0,0.0,0.0,0.0,0,0.180974,0.732792,0.224421,0.582178,part2a21_soft_caution_overlay,artifacts_part2_g532/predictions/g532_final_consensus_tape.csv
2022-06-30,0,0.2199225901999917,0.6536797590832925,-0.34935,-0.120026,0.75,0.553386,0.515253,0.0,0.65,0.6,0.847468,0.330513,0.294788,0.458894,0,high_risk_veto,FLAT,0.0,0.0,0.0,0.0,1,0.183731,0.730176,0.239196,0.5876,part2a21_soft_caution_overlay,artifacts_part2_g532/predictions/g532_final_consensus_tape.csv
2022-07-01,0,0.221875593335057,0.6451130838227236,-0.924987,-0.606325,0.5,0.550695,0.514484,0.0,0.65,0.6,0.855157,0.333511,0.294816,0.458871,0,high_risk_veto,FLAT,0.0,0.0,0.0,0.0,0,0.171785,0.733693,0.219335,0.580302,part2a21_soft_caution_overlay,artifacts_part2_g532/predictions/g532_final_consensus_tape.csv
2022-07-04,0,0.2173174708220849,0.6272351627578291,-0.743895,-0.672744,0.75,0.549264,0.514075,0.0,0.65,0.6,0.859246,0.335106,0.294816,0.458871,0,high_risk_veto,FLAT,0.0,0.0,0.0,0.0,0,0.167291,0.737594,0.208585,0.57214,part2a21_soft_caution_overlay,artifacts_part2_g532/predictions/g532_final_consensus_tape.csv
2022-07-05,0,0.2118957915229889,0.6020647470179977,-1.056228,-0.90837,0.5,0.549534,0.514152,0.0,0.65,0.6,0.858475,0.334805,0.248255,0.501751,0,high_risk_veto,FLAT,0.0,0.0,0.0,0.0,0,0.172861,0.739025,0.206983,0.569128,part2a21_soft_caution_overlay,artifacts_part2_g532/predictions/g532_final_consensus_tape.csv
2022-07-06,0,0.2111573974533581,0.6106296773339549,-0.707563,-0.835895,0.5,0.549126,0.514036,0.0,0.65,0.6,0.859641,0.33526,0.247125,0.502892,0,high_risk_veto,FLAT,0.0,0.0,0.0,0.0,0,0.170526,0.740361,0.205483,0.566307,part2a21_soft_caution_overlay,artifacts_part2_g532/predictions/g532_final_consensus_tape.csv
2022-07-07,0,0.2095567249753085,0.606297255727843,-0.706067,-0.823286,0.5,0.555218,0.515776,0.0,0.75,0.6,0.842235,0.379006,0.267082,0.483482,0,weak_score,FLAT,0.0,0.0,0.0,0.0,0,0.233983,0.816815,0.209456,0.573777,part2a21_soft_caution_overlay,artifacts_part2_g532/predictions/g532_final_consensus_tape.csv
2022-07-08,0,0.2069132861190498,0.5867439325972291,-0.071643,-0.495091,0.5,0.548402,0.513829,0.0,0.75,0.6,0.861709,0.387769,0.200934,0.554405,0,weak_score,FLAT,0.0,0.0,0.0,0.0,0,0.16797,0.743622,0.201799,0.559382,part2a21_soft_caution_overlay,artifacts_part2_g532/predictions/g532_final_consensus_tape.csv
2022-07-11,0,0.2189737256941149,0.6205983862990384,0.229053,-0.182886,0.75,0.553526,0.515293,0.0,0.75,0.6,0.847069,0.381181,0.219969,0.53195,0,weak_score,FLAT,0.0,0.0,0.0,0.0,0,0.176317,0.728491,0.248721,0.591074,part2a21_soft_caution_overlay,artifacts_part2_g532/predictions/g532_final_consensus_tape.csv
2022-07-12,0,0.2073719321817123,0.5951144039329378,-0.017849,0.046521,0.75,0.555768,0.515934,0.0,0.75,0.6,0.840663,0.378299,0.19673,0.559622,0,weak_score,FLAT,0.0,0.0,0.0,0.0,1,0.238035,0.815522,0.210896,0.576485,part2a21_soft_caution_overlay,artifacts_part2_g532/predictions/g532_final_consensus_tape.csv
2022-07-13,0,0.2176477945672757,0.5617105377506938,-0.274353,-0.021049,0.75,0.543748,0.5125,0.0,0.75,0.6,0.875004,0.393752,0.198024,0.558006,0,weak_score,FLAT,0.0,0.0,0.0,0.0,0,0.117113,0.660543,0.200302,0.556569,part2a21_soft_caution_overlay,artifacts_part2_g532/predictions/g532_final_consensus_tape.csv
2022-07-14,0,0.2167784299461046,0.4954150495823772,-0.360257,-0.217486,0.5,0.543135,0.512324,0.0,0.75,0.6,0.876758,0.394541,0.183583,0.57659,0,weak_score,FLAT,0.0,0.0,0.0,0.0,0,0.11933,0.66574,0.194354,0.545385,part2a21_soft_caution_overlay,artifacts_part2_g532/predictions/g532_final_consensus_tape.csv
2022-07-15,0,0.2168226688045811,0.5099306750557046,-0.630442,-0.421684,0.5,0.541199,0.511771,0.0,0.75,0.6,0.882288,0.397029,0.199125,0.556638,0,weak_score,FLAT,0.0,0.0,0.0,0.0,0,0.115629,0.675912,0.182487,0.523075,part2a21_soft_caution_overlay,artifacts_part2_g532/predictions/g532_final_consensus_tape.csv
2022-07-18,0,0.2180922235008479,0.5894702903455739,0.056097,-0.311534,0.75,0.541739,0.511925,0.0,0.75,0.6,0.880746,0.396336,0.202068,0.553015,0,weak_score,FLAT,0.0,0.0,0.0,0.0,0,0.110301,0.669594,0.189893,0.537,part2a21_soft_caution_overlay,artifacts_part2_g532/predictions/g532_final_consensus_tape.csv
2022-07-19,0,0.2170672658559435,0.5408848219880605,-0.680943,-0.418429,0.5,0.538805,0.511087,0.0,0.75,0.6,0.889128,0.400108,0.251849,0.498157,0,weak_score,FLAT,0.0,0.0,0.0,0.0,0,0.104779,0.684808,0.171849,0.503076,part2a21_soft_caution_overlay,artifacts_part2_g532/predictions/g532_final_consensus_tape.csv
2022-07-20,0,0.2187709118709817,0.6304417516140156,-0.037884,-0.22091,0.5,0.543552,0.512443,0.0,0.75,0.6,0.875566,0.394005,0.2488,0.501203,0,weak_score,FLAT,0.0,0.0,0.0,0.0,0,0.116715,0.66159,0.199111,0.554328,part2a21_soft_caution_overlay,artifacts_part2_g532/predictions/g532_final_consensus_tape.csv
2022-07-21,0,0.2180645831544148,0.5712577206460988,0.059703,-0.219708,0.5,0.543221,0.512349,0.0,0.75,0.6,0.876513,0.394431,0.230768,0.520002,0,weak_score,FLAT,0.0,0.0,0.0,0.0,0,0.114657,0.662565,0.197998,0.552235,part2a21_soft_caution_overlay,artifacts_part2_g532/predictions/g532_final_consensus_tape.csv
2022-07-22,0,0.2185877170458441,0.6174626223647975,0.662657,0.228159,0.75,0.539328,0.511237,0.0,0.75,0.6,0.887633,0.399435,0.254281,0.495756,0,weak_score,FLAT,0.0,0.0,0.0,0.0,0,0.104639,0.681535,0.175792,0.510489,part2a21_soft_caution_overlay,artifacts_part2_g532/predictions/g532_final_consensus_tape.csv
2022-07-25,0,0.2173956844468723,0.5457358616528456,0.28081,0.33439,0.75,0.539713,0.511346,0.0,0.75,0.6,0.886535,0.398941,0.233751,0.516795,0,weak_score,FLAT,0.0,0.0,0.0,0.0,0,0.105993,0.6799,0.177749,0.514168,part2a21_soft_caution_overlay,artifacts_part2_g532/predictions/g532_final_consensus_tape.csv
2022-07-26,0,0.2184238357372957,0.6030740126562866,0.497129,0.480199,0.75,0.541817,0.511948,0.0,0.75,0.6,0.880522,0.396235,0.235082,0.515377,0,weak_score,FLAT,0.0,0.0,0.0,0.0,0,0.107837,0.667727,0.192059,0.541072,part2a21_soft_caution_overlay,artifacts_part2_g532/predictions/g532_final_consensus_tape.csv
2022-07-27,0,0.2172789203727718,0.5504388102976773,-0.889754,-0.037271,0.5,0.538248,0.510928,0.0,0.75,0.6,0.890721,0.400824,0.25208,0.497929,0,weak_score,FLAT,0.0,0.0,0.0,0.0,0,0.106948,0.689326,0.166346,0.492731,part2a21_soft_caution_overlay,artifacts_part2_g532/predictions/g532_final_consensus_tape.csv
2022-07-28,0,0.2184721560924114,0.6127168657316925,-0.012735,-0.13512,0.5,0.540634,0.51161,0.0,0.75,0.6,0.883903,0.397756,0.252117,0.497892,0,weak_score,FLAT,0.0,0.0,0.0,0.0,0,0.110318,0.676538,0.181746,0.521682,part2a21_soft_caution_overlay,artifacts_part2_g532/predictions/g532_final_consensus_tape.csv
2022-07-29,0,0.2174688785528513,0.5509117725642557,-0.231914,-0.378135,0.5,0.539679,0.511337,0.0,0.75,0.6,0.886631,0.398984,0.250799,0.499202,0,weak_score,FLAT,0.0,0.0,0.0,0.0,0,0.104224,0.679151,0.178642,0.515848,part2a21_soft_caution_overlay,artifacts_part2_g532/predictions/g532_final_consensus_tape.csv
2022-08-01,0,0.2178432128721608,0.5742577913512535,0.281792,0.012381,0.75,0.538699,0.511057,0.0,0.75,0.6,0.889432,0.400244,0.255156,0.494897,0,weak_score,FLAT,0.0,0.0,0.0,0.0,0,0.103594,0.684824,0.171828,0.503037,part2a21_soft_caution_overlay,artifacts_part2_g532/predictions/g532_final_consensus_tape.csv
2022-08-02,0,0.2166586752084904,0.4580304178387946,0.514778,0.188219,0.75,0.539021,0.511149,0.0,0.75,0.6,0.888511,0.39983,0.207274,0.546718,0,weak_score,FLAT,0.0,0.0,0.0,0.0,0,0.10845,0.685449,0.171072,0.501616,part2a21_soft_caution_overlay,artifacts_part2_g532/predictions/g532_final_consensus_tape.csv
2022-08-03,0,0.2171158534881827,0.4849748452791769,-0.115268,0.227101,0.5,0.5437,0.512486,0.0,0.75,0.6,0.875143,0.393814,0.211284,0.541965,0,weak_score,FLAT,0.0,0.0,0.0,0.0,0,0.112087,0.658003,0.203183,0.561984,part2a21_soft_caution_overlay,artifacts_part2_g532/predictions/g532_final_consensus_tape.csv
2022-08-04,0,0.217160113151509,0.5060584836232608,0.532055,0.310522,0.5,0.543683,0.512481,0.0,0.75,0.6,0.875192,0.393836,0.214552,0.538153,0,weak_score,FLAT,0.0,0.0,0.0,0.0,0,0.110912,0.657444,0.203815,0.563172,part2a21_soft_caution_overlay,artifacts_part2_g532/predictions/g532_final_consensus_tape.csv
2022-08-05,0,0.2160934502837003,0.4723576926973286,0.95765,0.458146,0.75,0.537859,0.510817,0.0,0.75,0.6,0.89183,0.401324,0.180277,0.581021,0,weak_score,FLAT,0.0,0.0,0.0,0.0,0,0.104653,0.690452,0.164965,0.490135,part2a21_soft_caution_overlay,artifacts_part2_g532/predictions/g532_final_consensus_tape.csv
2022-08-08,0,0.2172339177352257,0.5292155781701124,0.775433,0.755046,0.75,0.538809,0.511088,0.110258,0.75,0.6,0.889117,0.400103,0.189676,0.568601,1,ok,VOO,0.003763,0.003763,0.003763,0.0,0,0.098932,0.681657,0.175645,0.510213,part2a21_soft_caution_overlay,artifacts_part2_g532/predictions/g532_final_consensus_tape.csv
2022-08-09,0,0.2158615207230348,0.4546149768526982,0.777376,0.83682,0.75,0.538296,0.510942,0.152176,0.75,0.6,0.890582,0.400762,0.169846,0.595456,1,ok,VOO,0.003763,0.003763,0.003763,0.0,0,0.100182,0.685457,0.171063,0.501598,part2a21_soft_caution_overlay,artifacts_part2_g532/predictions/g532_final_consensus_tape.csv
2022-08-10,0,0.2030184688703333,0.4333376483901855,0.029373,0.527394,0.5,0.544121,0.512606,0.0,0.75,0.6,0.87394,0.393273,0.159039,0.611189,0,weak_score,VOO,0.003763,0.003763,0.003763,0.0,0,0.158147,0.782327,0.176607,0.512022,part2a21_soft_caution_overlay,artifacts_part2_g532/predictions/g532_final_consensus_tape.csv
2022-08-11,0,0.1966851183863168,0.3509242183659189,0.922292,0.576347,0.75,0.542741,0.512212,0.01717,0.75,0.6,0.877883,0.395047,0.15897,0.611292,1,ok,VOO,0.003763,0.003763,0.003763,0.0,0,0.147363,0.785003,0.173392,0.505977,part2a21_soft_caution_overlay,artifacts_part2_g532/predictions/g532_final_consensus_tape.csv
2022-08-12,0,0.1915067889028029,0.3205796631565606,0.334932,0.428866,0.5,0.542188,0.512054,0.0,0.75,0.6,0.879463,0.395758,0.157203,0.613945,0,weak_score,VOO,0.003763,0.003763,0.003763,0.0,0,0.146689,0.788006,0.169755,0.49914,part2a21_soft_caution_overlay,artifacts_part2_g532/predictions/g532_final_consensus_tape.csv
2022-08-15,0,0.1912112055500166,0.3184355353941546,0.608213,0.621813,0.5,0.540988,0.511711,0.041258,0.75,0.6,0.882892,0.397301,0.139888,0.641209,0,low_agreement,FLAT,0.0,0.0,0.0,0.0,0,0.141223,0.792352,0.16444,0.489147,part2a21_soft_caution_overlay,artifacts_part2_g532/predictions/g532_final_consensus_tape.csv
2022-08-16,0,0.1962911354788909,0.3641759630289172,0.800808,0.581318,0.75,0.542394,0.512113,0.019883,0.75,0.6,0.878875,0.395494,0.14031,0.640517,1,ok,FLAT,0.0,0.0,0.0,0.0,0,0.145765,0.786266,0.171866,0.503109,part2a21_soft_caution_overlay,artifacts_part2_g532/predictions/g532_final_consensus_tape.csv
2022-08-17,0,0.2070791373138748,0.4649770133050868,0.881537,0.763519,0.75,0.538156,0.510902,0.114873,0.75,0.6,0.890982,0.400942,0.138457,0.643572,1,ok,FLAT,0.0,0.0,0.0,0.0,0,0.110058,0.712979,0.163668,0.487695,part2a21_soft_caution_overlay,artifacts_part2_g532/predictions/g532_final_consensus_tape.csv
2022-08-18,0,0.2060982371508934,0.462625044766945,0.478262,0.720202,0.5,0.541729,0.511922,0.091138,0.75,0.6,0.880775,0.396349,0.128244,0.660949,0,low_agreement,FLAT,0.0,0.0,0.0,0.0,0,0.144958,0.789867,0.167487,0.494876,part2a21_soft_caution_overlay,artifacts_part2_g532/predictions/g532_final_consensus_tape.csv
2022-08-19,0,0.2043947371663074,0.4485547170796397,0.963022,0.774274,0.75,0.542651,0.512186,0.118335,0.75,0.6,0.878139,0.395163,0.129981,0.657928,1,ok,FLAT,0.0,0.0,0.0,0.0,0,0.146524,0.785103,0.173272,0.505751,part2a21_soft_caution_overlay,artifacts_part2_g532/predictions/g532_final_consensus_tape.csv
2022-08-22,0,0.2210680622424487,0.5830866529549161,0.965055,0.802113,0.75,0.557818,0.516519,0.125784,0.75,0.6,0.834807,0.375663,0.15853,0.61195,1,ok,VOO,0.004337,0.004337,0.004337,0.0,1,0.198394,0.740528,0.27728,0.601392,part2a21_soft_caution_overlay,artifacts_part2_g532/predictions/g532_final_consensus_tape.csv
2022-08-23,0,0.2394771719953918,0.7216175436498533,0.341778,0.756618,0.75,0.545849,0.5131,0.107857,0.75,0.6,0.869002,0.391051,0.158028,0.612704,1,ok,VOO,0.004337,0.004337,0.004337,0.0,0,0.131845,0.676729,0.206279,0.567805,part2a21_soft_caution_overlay,artifacts_part2_g532/predictions/g532_final_consensus_tape.csv
2022-08-24,0,0.2255986829280343,0.6137185598670776,0.329806,0.545546,0.5,0.545723,0.513064,0.0,0.75,0.6,0.869363,0.391213,0.126368,0.664244,0,weak_score,VOO,0.004337,0.004337,0.004337,0.0,0,0.133386,0.678436,0.204358,0.564193,part2a21_soft_caution_overlay,artifacts_part2_g532/predictions/g532_final_consensus_tape.csv
2022-08-25,0,0.2278280102070973,0.6137022964224221,0.020979,0.230854,0.5,0.541707,0.511916,0.0,0.75,0.6,0.880836,0.396376,0.128363,0.660741,0,weak_score,VOO,0.004337,0.004337,0.004337,0.0,0,0.118398,0.695725,0.184445,0.526756,part2a21_soft_caution_overlay,artifacts_part2_g532/predictions/g532_final_consensus_tape.csv
2022-08-26,0,0.2107921016731884,0.4797274170323237,1.357479,0.569421,0.75,0.552898,0.515114,0.008486,0.65,0.6,0.848862,0.331056,0.20038,0.555087,0,high_risk_veto,VOO,0.004337,0.004337,0.004337,0.0,0,0.135716,0.659323,0.284122,0.603843,part2a21_soft_caution_overlay,artifacts_part2_g532/predictions/g532_final_consensus_tape.csv
2022-08-29,0,0.2473719490514632,0.7400149878673918,0.456261,0.611573,0.75,0.549035,0.51401,0.032055,0.65,0.6,0.859901,0.335361,0.199305,0.556415,0,high_risk_veto,FLAT,0.0,0.0,0.0,0.0,0,0.139063,0.668199,0.233844,0.585641,part2a21_soft_caution_overlay,artifacts_part2_g532/predictions/g532_final_consensus_tape.csv
2022-08-30,0,0.213725410272349,0.5088562154006695,0.391974,0.735238,0.75,0.547717,0.513634,0.096052,0.65,0.6,0.863664,0.336829,0.19808,0.557936,0,high_risk_veto,FLAT,0.0,0.0,0.0,0.0,0,0.130303,0.669376,0.227199,0.583201,part2a21_soft_caution_overlay,artifacts_part2_g532/predictions/g532_final_consensus_tape.csv
2022-08-31,0,0.2204360620711227,0.5596344372543437,0.263665,0.370633,0.75,0.552651,0.515043,0.0,0.65,0.6,0.849568,0.331332,0.196296,0.560166,0,high_risk_veto,FLAT,0.0,0.0,0.0,0.0,1,0.142073,0.661037,0.274391,0.600355,part2a21_soft_caution_overlay,artifacts_part2_g532/predictions/g532_final_consensus_tape.csv
2022-09-01,0,0.2334685335333254,0.670487693992896,0.143088,0.266242,0.75,0.551814,0.514804,0.0,0.65,0.6,0.85196,0.332264,0.211485,0.541729,0,high_risk_veto,FLAT,0.0,0.0,0.0,0.0,1,0.14614,0.663585,0.25995,0.595148,part2a21_soft_caution_overlay,artifacts_part2_g532/predictions/g532_final_consensus_tape.csv
2022-09-02,0,0.216535347854874,0.5124646428752963,0.458036,0.288263,0.75,0.548784,0.513938,0.0,0.65,0.6,0.860616,0.33564,0.21939,0.532606,0,high_risk_veto,FLAT,0.0,0.0,0.0,0.0,0,0.129438,0.666935,0.240993,0.588256,part2a21_soft_caution_overlay,artifacts_part2_g532/predictions/g532_final_consensus_tape.csv
2022-09-05,0,0.2194072458494755,0.5505961614994818,0.069446,0.223524,0.75,0.546404,0.513258,0.0,0.65,0.6,0.867418,0.338293,0.211365,0.541871,0,high_risk_veto,FLAT,0.0,0.0,0.0,0.0,0,0.127521,0.671665,0.214289,0.578437,part2a21_soft_caution_overlay,artifacts_part2_g532/predictions/g532_final_consensus_tape.csv
2022-09-06,0,0.2273376396048864,0.6199809727186382,0.325122,0.284202,0.75,0.546092,0.513169,0.0,0.65,0.6,0.86831,0.338641,0.218966,0.533088,0,high_risk_veto,FLAT,0.0,0.0,0.0,0.0,0,0.13048,0.67435,0.208944,0.572815,part2a21_soft_caution_overlay,artifacts_part2_g532/predictions/g532_final_consensus_tape.csv
2022-09-07,0,0.2103678630192627,0.6816519570598242,-0.237089,0.052493,0.5,0.540657,0.511616,0.0,0.65,0.6,0.883838,0.344697,0.226169,0.525024,0,high_risk_veto,FLAT,0.0,0.0,0.0,0.0,0,0.081843,0.605924,0.200261,0.556491,part2a21_soft_caution_overlay,artifacts_part2_g532/predictions/g532_final_consensus_tape.csv
2022-09-08,0,0.2167782967392081,0.6400958217604084,0.278719,0.122251,0.5,0.539202,0.511201,0.0,0.65,0.6,0.887994,0.346318,0.229257,0.521641,0,high_risk_veto,FLAT,0.0,0.0,0.0,0.0,0,0.079737,0.614065,0.190907,0.538906,part2a21_soft_caution_overlay,artifacts_part2_g532/predictions/g532_final_consensus_tape.csv
2022-09-09,0,0.2150893905100942,0.6359421808460696,-0.030228,0.003801,0.5,0.538715,0.511061,0.0,0.65,0.6,0.889387,0.346861,0.165301,0.601973,0,high_risk_veto,FLAT,0.0,0.0,0.0,0.0,0,0.081193,0.617949,0.186378,0.530391,part2a21_soft_caution_overlay,artifacts_part2_g532/predictions/g532_final_consensus_tape.csv
2022-09-12,0,0.2101112797946259,0.6944984564523673,0.304671,0.184387,0.5,0.539306,0.51123,0.0,0.65,0.6,0.887698,0.346202,0.172592,0.591587,0,high_risk_veto,FLAT,0.0,0.0,0.0,0.0,0,0.083325,0.615398,0.189358,0.535993,part2a21_soft_caution_overlay,artifacts_part2_g532/predictions/g532_final_consensus_tape.csv
2022-09-13,0,0.2042212317655471,0.7276242238705085,1.742072,0.672172,0.75,0.552795,0.515084,0.061307,0.65,0.6,0.849157,0.331171,0.270088,0.480688,0,high_risk_veto,FLAT,0.0,0.0,0.0,0.0,0,0.132039,0.662727,0.286772,0.60479,part2a21_soft_caution_overlay,artifacts_part2_g532/predictions/g532_final_consensus_tape.csv
2022-09-14,0,0.2198560931744278,0.6692362697350349,0.060759,0.702501,0.5,0.54164,0.511897,0.082141,0.65,0.6,0.881029,0.343601,0.268913,0.481776,0,high_risk_veto,FLAT,0.0,0.0,0.0,0.0,0,0.087119,0.602535,0.204101,0.563709,part2a21_soft_caution_overlay,artifacts_part2_g532/predictions/g532_final_consensus_tape.csv
2022-09-15,0,0.2146936396922284,0.6818673684547067,0.651101,0.817977,0.75,0.54177,0.511934,0.14105,0.65,0.6,0.880657,0.343456,0.267198,0.483374,0,high_risk_veto,FLAT,0.0,0.0,0.0,0.0,0,0.08491,0.60042,0.206482,0.568186,part2a21_soft_caution_overlay,artifacts_part2_g532/predictions/g532_final_consensus_tape.csv
2022-09-16,0,0.2141467485513635,0.710657397372397,0.382401,0.364754,0.75,0.542346,0.512099,0.0,0.65,0.6,0.87901,0.342814,0.257198,0.492904,0,high_risk_veto,FLAT,0.0,0.0,0.0,0.0,0,0.08531,0.596853,0.21047,0.575684,part2a21_soft_caution_overlay,artifacts_part2_g532/predictions/g532_final_consensus_tape.csv
2022-09-19,0,0.2082640452665711,0.743834405745455,0.096703,0.376735,0.5,0.540197,0.511485,0.0,0.65,0.6,0.885152,0.345209,0.261894,0.488382,0,high_risk_veto,FLAT,0.0,0.0,0.0,0.0,0,0.082482,0.609251,0.196461,0.549347,part2a21_soft_caution_overlay,artifacts_part2_g532/predictions/g532_final_consensus_tape.csv
2022-09-20,0,0.2009561576630079,0.7832099331668955,0.46,0.313035,0.75,0.545583,0.513024,0.0,0.65,0.6,0.869764,0.339208,0.261341,0.48891,0,high_risk_veto,FLAT,0.0,0.0,0.0,0.0,0,0.128067,0.680179,0.206751,0.568693,part2a21_soft_caution_overlay,artifacts_part2_g532/predictions/g532_final_consensus_tape.csv
2022-09-21,0,0.2097720243691628,0.7530036045830467,0.663983,0.406895,0.75,0.541546,0.51187,0.0,0.65,0.6,0.881298,0.343706,0.274822,0.476352,0,high_risk_veto,FLAT,0.0,0.0,0.0,0.0,0,0.085217,0.602062,0.204634,0.564712,part2a21_soft_caution_overlay,artifacts_part2_g532/predictions/g532_final_consensus_tape.csv
2022-09-22,0,0.2318557472494288,0.6131298669675792,0.461227,0.528403,0.75,0.540982,0.511709,0.0,0.65,0.6,0.882908,0.344334,0.270637,0.480181,0,high_risk_veto,FLAT,0.0,0.0,0.0,0.0,0,0.085986,0.606163,0.199989,0.555979,part2a21_soft_caution_overlay,artifacts_part2_g532/predictions/g532_final_consensus_tape.csv
2022-09-23,0,0.2064029914862277,0.776509954584356,0.390062,0.50509,0.75,0.563148,0.518042,0.0,0.65,0.6,0.819577,0.319635,0.257978,0.492147,0,high_risk_veto,FLAT,0.0,0.0,0.0,0.0,1,0.157317,0.645374,0.38579,0.639355,part2a21_soft_caution_overlay,artifacts_part2_g532/predictions/g532_final_consensus_tape.csv
2022-09-26,0,0.2499067831629361,0.5101090335580559,0.149116,0.333468,0.75,0.575332,0.521523,0.0,0.65,0.6,0.784765,0.306058,0.245941,0.504092,0,high_risk_veto,FLAT,0.0,0.0,0.0,0.0,1,0.187359,0.625934,0.516976,0.65,part2a21_soft_caution_overlay,artifacts_part2_g532/predictions/g532_final_consensus_tape.csv
2022-09-27,0,0.2285235456017095,0.6423989125204415,0.135108,0.224762,0.5,0.551712,0.514775,0.0,0.65,0.6,0.852252,0.332378,0.175565,0.587454,0,high_risk_veto,FLAT,0.0,0.0,0.0,0.0,1,0.095686,0.578252,0.312221,0.613824,part2a21_soft_caution_overlay,artifacts_part2_g532/predictions/g532_final_consensus_tape.csv
2022-09-28,0,0.2243165846846681,0.61347219138195,-0.421631,-0.045802,0.5,0.54635,0.513243,0.0,0.65,0.6,0.86757,0.338352,0.172168,0.592181,0,high_risk_veto,FLAT,0.0,0.0,0.0,0.0,1,0.094074,0.589394,0.248975,0.591166,part2a21_soft_caution_overlay,artifacts_part2_g532/predictions/g532_final_consensus_tape.csv
2022-09-29,0,0.2225017780002589,0.6810196654818436,0.75859,0.157356,0.75,0.555733,0.515924,0.0,0.65,0.6,0.840762,0.327897,0.183142,0.577178,0,high_risk_veto,FLAT,0.0,0.0,0.0,0.0,1,0.095743,0.569691,0.361074,0.630872,part2a21_soft_caution_overlay,artifacts_part2_g532/predictions/g532_final_consensus_tape.csv
2022-09-30,0,0.221854576319551,0.6662399728655237,0.43476,0.25724,0.75,0.549888,0.514254,0.0,0.65,0.6,0.857464,0.334411,0.186865,0.57226,0,high_risk_veto,FLAT,0.0,0.0,0.0,0.0,1,0.092931,0.581629,0.293011,0.607015,part2a21_soft_caution_overlay,artifacts_part2_g532/predictions/g532_final_consensus_tape.csv
2022-10-03,0,0.2091537427876593,0.7676672480137577,-0.715147,0.159401,0.5,0.551953,0.514844,0.0,0.65,0.6,0.851563,0.332109,0.196371,0.560072,0,high_risk_veto,FLAT,0.0,0.0,0.0,0.0,1,0.093402,0.577311,0.317579,0.615713,part2a21_soft_caution_overlay,artifacts_part2_g532/predictions/g532_final_consensus_tape.csv
2022-10-04,0,0.2052614106309386,0.7734849742377657,-0.593996,-0.291461,0.5,0.545739,0.513068,0.0,0.65,0.6,0.869318,0.339034,0.254482,0.495558,0,high_risk_veto,FLAT,0.0,0.0,0.0,0.0,0,0.128853,0.679607,0.207393,0.5699,part2a21_soft_caution_overlay,artifacts_part2_g532/predictions/g532_final_consensus_tape.csv
2022-10-05,0,0.2207492524655002,0.6880266569240016,0.3347,-0.324814,0.75,0.541903,0.511972,0.0,0.65,0.6,0.880276,0.343308,0.229655,0.521208,0,high_risk_veto,FLAT,0.0,0.0,0.0,0.0,0,0.105031,0.650281,0.194501,0.545662,part2a21_soft_caution_overlay,artifacts_part2_g532/predictions/g532_final_consensus_tape.csv
2022-10-06,0,0.2353739749369442,0.732892631410543,0.603595,0.114766,0.75,0.541062,0.511732,0.0,0.65,0.6,0.88268,0.344245,0.230168,0.520651,0,high_risk_veto,FLAT,0.0,0.0,0.0,0.0,0,0.104142,0.655136,0.188876,0.535087,part2a21_soft_caution_overlay,artifacts_part2_g532/predictions/g532_final_consensus_tape.csv
2022-10-07,0,0.2478011533644421,0.7542450273576741,1.249442,0.729246,0.75,0.542677,0.512194,0.095318,0.65,0.6,0.878064,0.342445,0.244012,0.50606,0,high_risk_veto,FLAT,0.0,0.0,0.0,0.0,0,0.106487,0.646124,0.199263,0.554614,part2a21_soft_caution_overlay,artifacts_part2_g532/predictions/g532_final_consensus_tape.csv
2022-10-10,0,0.2477426089873431,0.7549466188359492,0.338398,0.730478,0.75,0.544748,0.512785,0.094991,0.65,0.6,0.872148,0.340138,0.24091,0.509258,0,high_risk_veto,FLAT,0.0,0.0,0.0,0.0,0,0.111175,0.635341,0.211574,0.577431,part2a21_soft_caution_overlay,artifacts_part2_g532/predictions/g532_final_consensus_tape.csv
2022-10-11,0,0.2611389949907684,0.7746571913821466,0.355037,0.647626,0.75,0.543657,0.512473,0.053145,0.65,0.6,0.875265,0.341354,0.242552,0.50756,0,high_risk_veto,FLAT,0.0,0.0,0.0,0.0,0,0.108818,0.641084,0.204975,0.565352,part2a21_soft_caution_overlay,artifacts_part2_g532/predictions/g532_final_consensus_tape.csv
2022-10-12,0,0.2425785763637811,0.7424630427291913,-0.011792,0.227215,0.75,0.543582,0.512452,0.0,0.65,0.6,0.875479,0.341437,0.243483,0.506603,0,high_risk_veto,FLAT,0.0,0.0,0.0,0.0,0,0.106305,0.640135,0.206042,0.567359,part2a21_soft_caution_overlay,artifacts_part2_g532/predictions/g532_final_consensus_tape.csv
2022-10-13,0,0.2564351046994517,0.7726338947650394,-0.646769,-0.101174,0.5,0.54431,0.51266,0.0,0.65,0.6,0.873401,0.340626,0.278383,0.473141,0,high_risk_veto,FLAT,0.0,0.0,0.0,0.0,0,0.111704,0.638461,0.20792,0.570889,part2a21_soft_caution_overlay,artifacts_part2_g532/predictions/g532_final_consensus_tape.csv
2022-10-14,0,0.2565806520567391,0.772067363694283,0.715767,0.019069,0.75,0.542853,0.512244,0.0,0.65,0.6,0.877564,0.34225,0.28578,0.466609,0,high_risk_veto,FLAT,0.0,0.0,0.0,0.0,0,0.106919,0.645237,0.200274,0.556514,part2a21_soft_caution_overlay,artifacts_part2_g532/predictions/g532_final_consensus_tape.csv
2022-10-17,0,0.2518248248103267,0.7547954383563384,-0.775861,-0.235621,0.5,0.542431,0.512123,0.0,0.65,0.6,0.878769,0.34272,0.301525,0.453289,0,high_risk_veto,FLAT,0.0,0.0,0.0,0.0,0,0.108674,0.648944,0.196037,0.54855,part2a21_soft_caution_overlay,artifacts_part2_g532/predictions/g532_final_consensus_tape.csv
2022-10-18,0,0.2303868325462326,0.7057500471968,-0.066539,-0.042211,0.5,0.541995,0.511998,0.0,0.65,0.6,0.880015,0.343206,0.270908,0.479931,0,high_risk_veto,FLAT,0.0,0.0,0.0,0.0,0,0.106467,0.6505,0.194248,0.545186,part2a21_soft_caution_overlay,artifacts_part2_g532/predictions/g532_final_consensus_tape.csv
2022-10-19,0,0.2336076336266903,0.6991540885559803,0.254261,-0.196046,0.75,0.543103,0.512315,0.0,0.65,0.6,0.876848,0.341971,0.268689,0.481984,0,high_risk_veto,FLAT,0.0,0.0,0.0,0.0,0,0.108762,0.644658,0.200931,0.557751,part2a21_soft_caution_overlay,artifacts_part2_g532/predictions/g532_final_consensus_tape.csv
2022-10-20,0,0.237795113192024,0.6906812615963962,0.3242,0.170641,0.75,0.543203,0.512344,0.0,0.75,0.6,0.876564,0.394454,0.267102,0.483463,0,weak_score,FLAT,0.0,0.0,0.0,0.0,0,0.110101,0.644774,0.2008,0.557504,part2a21_soft_caution_overlay,artifacts_part2_g532/predictions/g532_final_consensus_tape.csv
2022-10-21,0,0.2445140898454858,0.6991882719804762,-0.402702,0.058586,0.5,0.541805,0.511944,0.0,0.75,0.6,0.880558,0.396251,0.246922,0.503097,0,weak_score,FLAT,0.0,0.0,0.0,0.0,0,0.104595,0.650669,0.194054,0.544821,part2a21_soft_caution_overlay,artifacts_part2_g532/predictions/g532_final_consensus_tape.csv
2022-10-24,0,0.2464343063923401,0.707119554682906,-0.05097,-0.043157,0.5,0.542031,0.512009,0.0,0.75,0.6,0.879913,0.395961,0.246615,0.503408,0,weak_score,FLAT,0.0,0.0,0.0,0.0,0,0.105708,0.649846,0.195001,0.546601,part2a21_soft_caution_overlay,artifacts_part2_g532/predictions/g532_final_consensus_tape.csv
2022-10-25,0,0.2325750000283536,0.6876928546923917,-0.239587,-0.231086,0.5,0.542989,0.512283,0.0,0.75,0.6,0.877175,0.394729,0.231254,0.519476,0,weak_score,FLAT,0.0,0.0,0.0,0.0,0,0.111004,0.646666,0.198645,0.553453,part2a21_soft_caution_overlay,artifacts_part2_g532/predictions/g532_final_consensus_tape.csv
2022-10-26,0,0.2300660981453251,0.6881934697265736,0.774954,0.161466,0.75,0.543111,0.512318,0.0,0.75,0.6,0.876825,0.394571,0.243891,0.506185,0,weak_score,FLAT,0.0,0.0,0.0,0.0,0,0.107519,0.643899,0.201793,0.55937,part2a21_soft_caution_overlay,artifacts_part2_g532/predictions/g532_final_consensus_tape.csv
2022-10-27,0,0.2286142247147871,0.6892132088173791,0.550047,0.361805,0.75,0.543622,0.512463,0.0,0.75,0.6,0.875366,0.393915,0.226463,0.5247,0,weak_score,FLAT,0.0,0.0,0.0,0.0,0,0.110162,0.642083,0.203848,0.563234,part2a21_soft_caution_overlay,artifacts_part2_g532/predictions/g532_final_consensus_tape.csv
2022-10-28,0,0.2294537363726159,0.6836110903711492,-0.515765,0.269745,0.5,0.543197,0.512342,0.0,0.75,0.6,0.876581,0.394461,0.226513,0.524645,0,weak_score,FLAT,0.0,0.0,0.0,0.0,0,0.109837,0.644662,0.200927,0.557743,part2a21_soft_caution_overlay,artifacts_part2_g532/predictions/g532_final_consensus_tape.csv
2022-10-31,0,0.2077768538567459,0.6429990808827372,0.433322,0.155868,0.75,0.547986,0.51371,0.0,0.75,0.6,0.862897,0.388304,0.211713,0.541462,0,weak_score,FLAT,0.0,0.0,0.0,0.0,0,0.110491,0.628293,0.251382,0.592041,part2a21_soft_caution_overlay,artifacts_part2_g532/predictions/g532_final_consensus_tape.csv
2022-11-01,0,0.2281702026563905,0.6921390064483212,0.470415,0.129324,0.75,0.544489,0.512711,0.0,0.75,0.6,0.872888,0.3928,0.214874,0.53778,0,weak_score,FLAT,0.0,0.0,0.0,0.0,0,0.112283,0.637612,0.208869,0.572673,part2a21_soft_caution_overlay,artifacts_part2_g532/predictions/g532_final_consensus_tape.csv
2022-11-02,0,0.2000245537411819,0.3157292145997811,0.903419,0.602386,0.75,0.541711,0.511917,0.030984,0.75,0.6,0.880826,0.396372,0.256847,0.493245,1,ok,FLAT,0.0,0.0,0.0,0.0,0,0.093242,0.626034,0.200678,0.557275,part2a21_soft_caution_overlay,artifacts_part2_g532/predictions/g532_final_consensus_tape.csv
2022-11-03,0,0.2036997242037175,0.3535288828561477,0.401005,0.591613,0.75,0.540704,0.51163,0.025983,0.75,0.6,0.883701,0.397666,0.259485,0.490691,1,ok,FLAT,0.0,0.0,0.0,0.0,0,0.095787,0.633921,0.191628,0.540261,part2a21_soft_caution_overlay,artifacts_part2_g532/predictions/g532_final_consensus_tape.csv
2022-11-04,0,0.2064161078936442,0.3788193733608007,-0.418688,0.295245,0.5,0.538756,0.511073,0.0,0.75,0.6,0.889269,0.400171,0.249524,0.500476,0,weak_score,FLAT,0.0,0.0,0.0,0.0,0,0.090653,0.643338,0.180586,0.519501,part2a21_soft_caution_overlay,artifacts_part2_g532/predictions/g532_final_consensus_tape.csv
2022-11-07,0,0.2033030763604285,0.344887315996474,-0.231727,-0.083137,0.5,0.540444,0.511555,0.0,0.75,0.6,0.884447,0.398001,0.249071,0.500931,0,weak_score,FLAT,0.0,0.0,0.0,0.0,0,0.09046,0.632614,0.19314,0.543102,part2a21_soft_caution_overlay,artifacts_part2_g532/predictions/g532_final_consensus_tape.csv
2022-11-08,0,0.1999372747154148,0.3093728478707613,-0.203462,-0.284626,0.5,0.539277,0.511222,0.0,0.75,0.6,0.88778,0.399501,0.248236,0.501771,0,weak_score,FLAT,0.0,0.0,0.0,0.0,0,0.087528,0.638374,0.186439,0.530506,part2a21_soft_caution_overlay,artifacts_part2_g532/predictions/g532_final_consensus_tape.csv
2022-11-09,0,0.2049788350712258,0.3353441437409084,0.420832,-0.004785,0.75,0.540102,0.511458,0.0,0.65,0.6,0.885424,0.345315,0.269636,0.481106,0,high_risk_veto,FLAT,0.0,0.0,0.0,0.0,0,0.089014,0.633986,0.191553,0.540119,part2a21_soft_caution_overlay,artifacts_part2_g532/predictions/g532_final_consensus_tape.csv
2022-11-10,0,0.2010579278569006,0.3423889301134927,-1.321113,-0.367914,0.5,0.54193,0.51198,0.0,0.65,0.6,0.8802,0.343278,0.306801,0.448993,0,high_risk_veto,FLAT,0.0,0.0,0.0,0.0,0,0.099635,0.628232,0.198174,0.552566,part2a21_soft_caution_overlay,artifacts_part2_g532/predictions/g532_final_consensus_tape.csv
2022-11-11,0,0.1956064659296596,0.2740799871926914,-0.079792,-0.326691,0.5,0.538446,0.510985,0.0,0.65,0.6,0.890155,0.34716,0.278126,0.473372,0,high_risk_veto,FLAT,0.0,0.0,0.0,0.0,0,0.090571,0.645211,0.178357,0.515312,part2a21_soft_caution_overlay,artifacts_part2_g532/predictions/g532_final_consensus_tape.csv
2022-11-14,0,0.1979433835314542,0.2878241264637162,0.523751,-0.292385,0.75,0.540588,0.511597,0.0,0.65,0.6,0.884035,0.344774,0.279777,0.471897,0,high_risk_veto,FLAT,0.0,0.0,0.0,0.0,0,0.092437,0.632797,0.192928,0.542705,part2a21_soft_caution_overlay,artifacts_part2_g532/predictions/g532_final_consensus_tape.csv
2022-11-15,0,0.1997435228056016,0.3165927241567014,0.073489,0.172483,0.5,0.539959,0.511417,0.0,0.65,0.6,0.885833,0.345475,0.278617,0.472933,0,high_risk_veto,FLAT,0.0,0.0,0.0,0.0,0,0.094352,0.637844,0.18706,0.531674,part2a21_soft_caution_overlay,artifacts_part2_g532/predictions/g532_final_consensus_tape.csv
2022-11-16,0,0.2008433388599297,0.3071478778912145,0.535295,0.377512,0.75,0.543675,0.512479,0.0,0.65,0.6,0.875215,0.341334,0.258297,0.491838,0,high_risk_veto,FLAT,0.0,0.0,0.0,0.0,0,0.09439,0.615649,0.21634,0.579196,part2a21_soft_caution_overlay,artifacts_part2_g532/predictions/g532_final_consensus_tape.csv
2022-11-17,0,0.2098056990200596,0.4062542747820467,0.223133,0.277306,0.75,0.537248,0.510642,0.0,0.65,0.6,0.893576,0.348495,0.254,0.496031,0,high_risk_veto,FLAT,0.0,0.0,0.0,0.0,0,0.05233,0.551713,0.194179,0.545056,part2a21_soft_caution_overlay,artifacts_part2_g532/predictions/g532_final_consensus_tape.csv
2022-11-18,0,0.2078946920809689,0.382756162878453,0.215348,0.324592,0.75,0.536598,0.510457,0.0,0.65,0.6,0.895435,0.349219,0.244573,0.505487,0,high_risk_veto,FLAT,0.0,0.0,0.0,0.0,0,0.05215,0.555749,0.189505,0.536269,part2a21_soft_caution_overlay,artifacts_part2_g532/predictions/g532_final_consensus_tape.csv
2022-11-21,0,0.1945976800169607,0.2921833321631053,0.424245,0.287575,0.75,0.540993,0.511712,0.0,0.65,0.6,0.882877,0.344322,0.237822,0.512482,0,high_risk_veto,FLAT,0.0,0.0,0.0,0.0,0,0.090387,0.629054,0.197233,0.550799,part2a21_soft_caution_overlay,artifacts_part2_g532/predictions/g532_final_consensus_tape.csv
2022-11-22,0,0.197011077930013,0.3053266659452645,-0.19484,0.148251,0.5,0.539377,0.511251,0.0,0.65,0.6,0.887494,0.346123,0.239926,0.510281,0,high_risk_veto,FLAT,0.0,0.0,0.0,0.0,0,0.09093,0.639614,0.184984,0.52777,part2a21_soft_caution_overlay,artifacts_part2_g532/predictions/g532_final_consensus_tape.csv
2022-11-23,0,0.1960757240519055,0.2954540707936086,-0.041892,0.062505,0.5,0.537869,0.51082,0.0,0.75,0.6,0.891804,0.401312,0.19369,0.563456,0,weak_score,FLAT,0.0,0.0,0.0,0.0,0,0.088347,0.647565,0.17554,0.510016,part2a21_soft_caution_overlay,artifacts_part2_g532/predictions/g532_final_consensus_tape.csv
2022-11-24,0,0.1972659400538995,0.2768718638095445,0.229139,-0.002531,0.75,0.537079,0.510594,0.0,0.75,0.6,0.894059,0.402327,0.121448,0.673041,0,weak_score,FLAT,0.0,0.0,0.0,0.0,0,0.087799,0.652087,0.17008,0.49975,part2a21_soft_caution_overlay,artifacts_part2_g532/predictions/g532_final_consensus_tape.csv
2022-11-25,0,0.1978877608708592,0.275520328074499,0.324127,0.170458,0.75,0.53841,0.510974,0.0,0.75,0.6,0.890256,0.400615,0.10584,0.702562,0,weak_score,FLAT,0.0,0.0,0.0,0.0,0,0.093974,0.647263,0.175903,0.510697,part2a21_soft_caution_overlay,artifacts_part2_g532/predictions/g532_final_consensus_tape.csv
2022-11-28,0,0.2030222048140088,0.3106771660969832,0.395441,0.316236,0.75,0.541042,0.511726,0.0,0.75,0.6,0.882737,0.397232,0.131693,0.654977,0,weak_score,FLAT,0.0,0.0,0.0,0.0,0,0.092383,0.629863,0.196306,0.549056,part2a21_soft_caution_overlay,artifacts_part2_g532/predictions/g532_final_consensus_tape.csv
2022-11-29,0,0.2070332484176021,0.3568393159626612,0.29258,0.337383,0.75,0.537339,0.510668,0.0,0.75,0.6,0.893317,0.401993,0.132684,0.65328,0,weak_score,FLAT,0.0,0.0,0.0,0.0,0,0.052803,0.551398,0.194542,0.545739,part2a21_soft_caution_overlay,artifacts_part2_g532/predictions/g532_final_consensus_tape.csv
2022-11-30,0,0.2095754316056936,0.5145634136909477,-0.892024,-0.068001,0.5,0.534315,0.509804,0.0,0.75,0.6,0.901957,0.405881,0.150716,0.623883,0,weak_score,FLAT,0.0,0.0,0.0,0.0,0,0.034047,0.523159,0.184358,0.526593,part2a21_soft_caution_overlay,artifacts_part2_g532/predictions/g532_final_consensus_tape.csv
2022-12-01,0,0.2097358751966799,0.5499835818673665,0.212117,-0.129109,0.5,0.535066,0.510019,0.0,0.75,0.6,0.899811,0.404915,0.164194,0.603582,0,weak_score,FLAT,0.0,0.0,0.0,0.0,0,0.032608,0.517633,0.190817,0.538736,part2a21_soft_caution_overlay,artifacts_part2_g532/predictions/g532_final_consensus_tape.csv
2022-12-02,0,0.2089182670625284,0.528950322759618,0.297249,-0.127553,0.75,0.53521,0.51006,0.0,0.75,0.6,0.899399,0.404729,0.160722,0.608684,0,weak_score,FLAT,0.0,0.0,0.0,0.0,0,0.033358,0.517134,0.191396,0.539825,part2a21_soft_caution_overlay,artifacts_part2_g532/predictions/g532_final_consensus_tape.csv
2022-12-05,0,0.209151232830291,0.5150563751821515,0.655,0.388122,0.75,0.536268,0.510362,0.0,0.75,0.6,0.896377,0.40337,0.164916,0.602532,0,weak_score,FLAT,0.0,0.0,0.0,0.0,0,0.029307,0.508064,0.201794,0.559374,part2a21_soft_caution_overlay,artifacts_part2_g532/predictions/g532_final_consensus_tape.csv
2022-12-06,0,0.2143758662721092,0.6078606363154476,0.568072,0.506774,0.75,0.536325,0.510378,0.0,0.75,0.6,0.896215,0.403297,0.185554,0.573981,0,weak_score,FLAT,0.0,0.0,0.0,0.0,0,0.031345,0.508854,0.200898,0.557687,part2a21_soft_caution_overlay,artifacts_part2_g532/predictions/g532_final_consensus_tape.csv
2022-12-07,0,0.2136946766704599,0.5792071743136055,0.032855,0.418642,0.75,0.538508,0.511002,0.0,0.75,0.6,0.889978,0.40049,0.187112,0.571936,0,weak_score,FLAT,0.0,0.0,0.0,0.0,0,0.028032,0.497295,0.22405,0.582041,part2a21_soft_caution_overlay,artifacts_part2_g532/predictions/g532_final_consensus_tape.csv
2022-12-08,0,0.2143603846774875,0.5782701936123021,-0.26183,0.113032,0.5,0.541843,0.511955,0.0,0.75,0.6,0.880448,0.396202,0.207542,0.546397,0,weak_score,FLAT,0.0,0.0,0.0,0.0,1,0.02686,0.48995,0.265593,0.597187,part2a21_soft_caution_overlay,artifacts_part2_g532/predictions/g532_final_consensus_tape.csv
2022-12-09,0,0.2142675548996471,0.5679236502319199,0.344693,0.038572,0.75,0.545123,0.512892,0.0,0.75,0.6,0.871077,0.391985,0.207498,0.546451,0,weak_score,FLAT,0.0,0.0,0.0,0.0,1,0.022024,0.482048,0.310481,0.61321,part2a21_soft_caution_overlay,artifacts_part2_g532/predictions/g532_final_consensus_tape.csv
2022-12-12,0,0.2124187652563604,0.4823276558324349,-0.12346,-0.013533,0.5,0.545928,0.513122,0.0,0.75,0.6,0.868776,0.390949,0.21281,0.540179,0,weak_score,FLAT,0.0,0.0,0.0,0.0,1,0.022149,0.480354,0.320127,0.616609,part2a21_soft_caution_overlay,artifacts_part2_g532/predictions/g532_final_consensus_tape.csv
2022-12-13,0,0.2140637499293198,0.4534492841549271,-0.001771,0.073154,0.5,0.537115,0.510604,0.0,0.75,0.6,0.893957,0.402281,0.212454,0.540594,0,weak_score,FLAT,0.0,0.0,0.0,0.0,0,0.03029,0.503093,0.207397,0.569907,part2a21_soft_caution_overlay,artifacts_part2_g532/predictions/g532_final_consensus_tape.csv
2022-12-14,0,0.2109026404685726,0.5563107048061938,0.364591,0.079786,0.75,0.535066,0.510019,0.0,0.75,0.6,0.899812,0.404915,0.176787,0.585772,0,weak_score,FLAT,0.0,0.0,0.0,0.0,0,0.033869,0.518334,0.190003,0.537205,part2a21_soft_caution_overlay,artifacts_part2_g532/predictions/g532_final_consensus_tape.csv
2022-12-15,0,0.2149193143314098,0.5491524909558593,0.896791,0.41987,0.75,0.536236,0.510353,0.0,0.75,0.6,0.89647,0.403411,0.210644,0.542719,0,weak_score,FLAT,0.0,0.0,0.0,0.0,0,0.032781,0.510244,0.199316,0.554715,part2a21_soft_caution_overlay,artifacts_part2_g532/predictions/g532_final_consensus_tape.csv
2022-12-16,0,0.2139603261948076,0.5677957544193643,0.234598,0.49866,0.75,0.536341,0.510383,0.0,0.75,0.6,0.896168,0.403275,0.211524,0.541684,0,weak_score,FLAT,0.0,0.0,0.0,0.0,0,0.032785,0.509562,0.200093,0.556175,part2a21_soft_caution_overlay,artifacts_part2_g532/predictions/g532_final_consensus_tape.csv
2022-12-19,0,0.2125441717406696,0.55667063008237,0.317043,0.482811,0.75,0.536213,0.510347,0.0,0.75,0.6,0.896534,0.40344,0.212627,0.540393,0,weak_score,FLAT,0.0,0.0,0.0,0.0,0,0.032428,0.510189,0.199379,0.554832,part2a21_soft_caution_overlay,artifacts_part2_g532/predictions/g532_final_consensus_tape.csv
2022-12-20,0,0.2133439116004387,0.5057708755012628,-0.032531,0.173037,0.75,0.535944,0.51027,0.0,0.75,0.6,0.897304,0.403787,0.202762,0.552166,0,weak_score,FLAT,0.0,0.0,0.0,0.0,0,0.033427,0.512489,0.19675,0.54989,part2a21_soft_caution_overlay,artifacts_part2_g532/predictions/g532_final_consensus_tape.csv
2022-12-21,0,0.2095325371492675,0.5047813384728946,-0.342525,-0.019338,0.5,0.534965,0.50999,0.0,0.75,0.6,0.900101,0.405045,0.210168,0.54328,0,weak_score,FLAT,0.0,0.0,0.0,0.0,0,0.034129,0.519118,0.18909,0.53549,part2a21_soft_caution_overlay,artifacts_part2_g532/predictions/g532_final_consensus_tape.csv
2022-12-22,0,0.2130926878157786,0.5363352754873274,0.512523,0.045822,0.75,0.535592,0.510169,0.0,0.75,0.6,0.89831,0.404239,0.207379,0.546593,0,weak_score,FLAT,0.0,0.0,0.0,0.0,0,0.032811,0.5144,0.194555,0.545763,part2a21_soft_caution_overlay,artifacts_part2_g532/predictions/g532_final_consensus_tape.csv
2022-12-23,0,0.2092015328974271,0.4866766982925065,-0.15927,0.003576,0.5,0.534878,0.509965,0.0,0.75,0.6,0.900349,0.405157,0.21652,0.535882,0,weak_score,FLAT,0.0,0.0,0.0,0.0,0,0.034521,0.519883,0.188198,0.533812,part2a21_soft_caution_overlay,artifacts_part2_g532/predictions/g532_final_consensus_tape.csv
2022-12-26,0,0.2106419607632849,0.490344465017043,-0.094736,0.086172,0.75,0.536169,0.510334,0.0,0.75,0.6,0.896659,0.403497,0.195585,0.561061,0,weak_score,FLAT,0.0,0.0,0.0,0.0,0,0.031276,0.50982,0.199799,0.555622,part2a21_soft_caution_overlay,artifacts_part2_g532/predictions/g532_final_consensus_tape.csv
2022-12-27,0,0.2143251087236468,0.4001264588272301,0.161041,-0.030988,0.75,0.535482,0.510138,0.0,0.75,0.6,0.898622,0.40438,0.19897,0.55683,0,weak_score,FLAT,0.0,0.0,0.0,0.0,0,0.034081,0.515808,0.192931,0.54271,part2a21_soft_caution_overlay,artifacts_part2_g532/predictions/g532_final_consensus_tape.csv
2022-12-28,0,0.2119996634151805,0.5967596836302668,-0.065067,0.000413,0.75,0.542356,0.512102,0.0,0.75,0.6,0.878984,0.395543,0.200114,0.555415,0,weak_score,FLAT,0.0,0.0,0.0,0.0,1,0.021986,0.483508,0.276961,0.601277,part2a21_soft_caution_overlay,artifacts_part2_g532/predictions/g532_final_consensus_tape.csv
2022-12-29,0,0.2110370481261702,0.6450521490946384,-0.847716,-0.250581,0.5,0.539279,0.511223,0.0,0.75,0.6,0.887775,0.399499,0.15884,0.611485,0,weak_score,FLAT,0.0,0.0,0.0,0.0,0,0.074414,0.589661,0.194902,0.546415,part2a21_soft_caution_overlay,artifacts_part2_g532/predictions/g532_final_consensus_tape.csv
2022-12-30,0,0.2069160275397616,0.7334277447407541,-0.09458,-0.335788,0.75,0.534414,0.509833,0.0,0.75,0.6,0.901673,0.405753,0.146565,0.630414,0,weak_score,FLAT,0.0,0.0,0.0,0.0,0,0.03244,0.517217,0.186126,0.529916,part2a21_soft_caution_overlay,artifacts_part2_g532/predictions/g532_final_consensus_tape.csv
2023-01-02,0,0.2069091717574135,0.725518145231292,-0.107264,-0.349853,0.75,0.534329,0.509808,0.0,0.75,0.6,0.901918,0.405863,0.146276,0.630874,0,weak_score,FLAT,0.0,0.0,0.0,0.0,0,0.0325,0.517788,0.185456,0.528657,part2a21_soft_caution_overlay,artifacts_part2_g532/predictions/g532_final_consensus_tape.csv
2023-01-03,0,0.2098731075610105,0.6522536228399317,-0.001106,-0.06765,0.75,0.544058,0.512588,0.0,0.75,0.6,0.87412,0.393354,0.158037,0.612689,0,weak_score,FLAT,0.0,0.0,0.0,0.0,1,0.020545,0.479606,0.299125,0.609189,part2a21_soft_caution_overlay,artifacts_part2_g532/predictions/g532_final_consensus_tape.csv
2023-01-04,0,0.2097321580171802,0.6471938701580998,-0.174223,-0.094198,0.5,0.536554,0.510444,0.0,0.75,0.6,0.895561,0.403003,0.140627,0.639997,0,weak_score,FLAT,0.0,0.0,0.0,0.0,0,0.027055,0.500481,0.205347,0.566053,part2a21_soft_caution_overlay,artifacts_part2_g532/predictions/g532_final_consensus_tape.csv
2023-01-05,0,0.2091821867215229,0.650666922790773,0.313462,0.046044,0.75,0.536643,0.510469,0.0,0.75,0.6,0.895305,0.402887,0.130677,0.656725,0,weak_score,FLAT,0.0,0.0,0.0,0.0,0,0.026335,0.499481,0.206471,0.568165,part2a21_soft_caution_overlay,artifacts_part2_g532/predictions/g532_final_consensus_tape.csv
2023-01-06,0,0.2039079656666832,0.7280474134421587,-0.740762,-0.200508,0.5,0.538974,0.511135,0.0,0.75,0.6,0.888646,0.399891,0.129751,0.658326,0,weak_score,FLAT,0.0,0.0,0.0,0.0,0,0.067565,0.587773,0.197069,0.55049,part2a21_soft_caution_overlay,artifacts_part2_g532/predictions/g532_final_consensus_tape.csv
2023-01-09,0,0.2117423560023411,0.5719784646632501,-0.021309,-0.149536,0.5,0.536599,0.510457,0.0,0.75,0.6,0.895432,0.402945,0.130547,0.65695,0,weak_score,FLAT,0.0,0.0,0.0,0.0,0,0.027355,0.500357,0.205487,0.566316,part2a21_soft_caution_overlay,artifacts_part2_g532/predictions/g532_final_consensus_tape.csv
2023-01-10,0,0.2031019398458735,0.7146341137894341,0.017698,-0.248124,0.5,0.53877,0.511077,0.0,0.75,0.6,0.889227,0.400152,0.147099,0.629566,0,weak_score,FLAT,0.0,0.0,0.0,0.0,0,0.073713,0.592512,0.19161,0.540226,part2a21_soft_caution_overlay,artifacts_part2_g532/predictions/g532_final_consensus_tape.csv
2023-01-11,0,0.2032149041910344,0.7056134052680963,-0.148025,-0.050545,0.5,0.538593,0.511026,0.0,0.75,0.6,0.889735,0.400381,0.137921,0.644461,0,weak_score,FLAT,0.0,0.0,0.0,0.0,0,0.070092,0.591628,0.192633,0.54215,part2a21_soft_caution_overlay,artifacts_part2_g532/predictions/g532_final_consensus_tape.csv
2023-01-12,0,0.2002534861583901,0.7130963131946845,0.152785,0.007486,0.5,0.536187,0.510339,0.0,0.75,0.6,0.896608,0.403474,0.127369,0.662481,0,weak_score,FLAT,0.0,0.0,0.0,0.0,0,0.066108,0.604516,0.177487,0.513675,part2a21_soft_caution_overlay,artifacts_part2_g532/predictions/g532_final_consensus_tape.csv
2023-01-13,0,0.2003744006405413,0.7303902090518135,0.219294,0.074685,0.5,0.536459,0.510417,0.0,0.75,0.6,0.895831,0.403124,0.135451,0.64859,0,weak_score,FLAT,0.0,0.0,0.0,0.0,0,0.068557,0.604159,0.177913,0.514476,part2a21_soft_caution_overlay,artifacts_part2_g532/predictions/g532_final_consensus_tape.csv
2023-01-16,0,0.1993254296747578,0.7229146681130588,0.406044,0.259374,0.75,0.536279,0.510365,0.0,0.75,0.6,0.896347,0.403356,0.135451,0.64859,0,weak_score,FLAT,0.0,0.0,0.0,0.0,0,0.067684,0.604802,0.177145,0.513032,part2a21_soft_caution_overlay,artifacts_part2_g532/predictions/g532_final_consensus_tape.csv
2023-01-17,0,0.2022614256225916,0.708919484800559,0.399765,0.341701,0.5,0.537121,0.510606,0.0,0.75,0.6,0.893941,0.402273,0.116159,0.682764,0,weak_score,FLAT,0.0,0.0,0.0,0.0,0,0.070433,0.60108,0.181574,0.521358,part2a21_soft_caution_overlay,artifacts_part2_g532/predictions/g532_final_consensus_tape.csv
2023-01-18,0,0.204247716886103,0.6612364710868365,0.710474,0.505427,0.75,0.539277,0.511222,0.0,0.75,0.6,0.88778,0.399501,0.199072,0.556704,0,weak_score,FLAT,0.0,0.0,0.0,0.0,0,0.07059,0.587527,0.197351,0.551019,part2a21_soft_caution_overlay,artifacts_part2_g532/predictions/g532_final_consensus_tape.csv
2023-01-19,0,0.2085473424878269,0.6370693617647898,0.477573,0.529271,0.75,0.537164,0.510618,0.0,0.75,0.6,0.893818,0.402218,0.194946,0.561866,0,weak_score,FLAT,0.0,0.0,0.0,0.0,0,0.026792,0.496317,0.210011,0.574821,part2a21_soft_caution_overlay,artifacts_part2_g532/predictions/g532_final_consensus_tape.csv
2023-01-20,0,0.2071553591085058,0.648014942599959,-0.287981,0.300022,0.5,0.538229,0.510923,0.0,0.75,0.6,0.890775,0.400849,0.228736,0.522208,0,weak_score,FLAT,0.0,0.0,0.0,0.0,0,0.026456,0.493159,0.222349,0.581415,part2a21_soft_caution_overlay,artifacts_part2_g532/predictions/g532_final_consensus_tape.csv
2023-01-23,0,0.2049598486264698,0.6439756914154362,0.033328,0.074307,0.5,0.545092,0.512883,0.0,0.75,0.6,0.871165,0.392024,0.237513,0.512806,0,weak_score,FLAT,0.0,0.0,0.0,0.0,0,0.073331,0.567258,0.255705,0.59361,part2a21_soft_caution_overlay,artifacts_part2_g532/predictions/g532_final_consensus_tape.csv
2023-01-24,0,0.2051855072344279,0.647187744286683,0.596747,0.114032,0.75,0.541142,0.511755,0.0,0.75,0.6,0.882452,0.397104,0.23446,0.516039,0,weak_score,FLAT,0.0,0.0,0.0,0.0,0,0.074849,0.577815,0.208339,0.571677,part2a21_soft_caution_overlay,artifacts_part2_g532/predictions/g532_final_consensus_tape.csv
2023-01-25,0,0.186338753924633,0.2229105298067115,0.572325,0.4008,0.75,0.539555,0.511301,0.0,0.75,0.6,0.886985,0.399143,0.232694,0.517927,0,weak_score,FLAT,0.0,0.0,0.0,0.0,0,0.072383,0.586745,0.198245,0.5527,part2a21_soft_caution_overlay,artifacts_part2_g532/predictions/g532_final_consensus_tape.csv
2023-01-26,0,0.1880569103495518,0.2435411958209451,0.16225,0.443774,0.5,0.539534,0.511296,0.0,0.75,0.6,0.887044,0.39917,0.2402,0.509995,0,weak_score,FLAT,0.0,0.0,0.0,0.0,0,0.07226,0.586809,0.198171,0.552562,part2a21_soft_caution_overlay,artifacts_part2_g532/predictions/g532_final_consensus_tape.csv
2023-01-27,0,0.1860647088653505,0.2192840225727645,0.498988,0.411188,0.5,0.540843,0.511669,0.0,0.75,0.6,0.883307,0.397488,0.237473,0.512849,0,weak_score,FLAT,0.0,0.0,0.0,0.0,0,0.07594,0.580405,0.205433,0.566214,part2a21_soft_caution_overlay,artifacts_part2_g532/predictions/g532_final_consensus_tape.csv
2023-01-30,0,0.1978662943416227,0.3916500330103292,1.202871,0.62137,0.75,0.540663,0.511618,0.041191,0.75,0.6,0.883821,0.39772,0.244077,0.505994,1,ok,VOO,0.001243,0.001243,0.001243,0.0,0,0.075299,0.581215,0.20452,0.564498,part2a21_soft_caution_overlay,artifacts_part2_g532/predictions/g532_final_consensus_tape.csv
2023-01-31,0,0.1921791381810129,0.293805727500082,0.320981,0.67428,0.5,0.539973,0.511421,0.068523,0.75,0.6,0.885793,0.398607,0.247583,0.502429,0,low_agreement,VOO,0.001243,0.001243,0.001243,0.0,0,0.073489,0.584673,0.200606,0.55714,part2a21_soft_caution_overlay,artifacts_part2_g532/predictions/g532_final_consensus_tape.csv
2023-02-01,0,0.1863834787445301,0.2305397613305152,0.322474,0.615442,0.5,0.53947,0.511277,0.038751,0.75,0.6,0.88723,0.399253,0.174942,0.588316,0,low_agreement,VOO,0.001243,0.001243,0.001243,0.0,0,0.073284,0.587803,0.197034,0.550424,part2a21_soft_caution_overlay,artifacts_part2_g532/predictions/g532_final_consensus_tape.csv
2023-02-02,0,0.1940412387884843,0.3363982987025475,0.302239,0.315231,0.5,0.543115,0.512319,0.0,0.75,0.6,0.876813,0.394566,0.170833,0.59406,0,weak_score,VOO,0.001243,0.001243,0.001243,0.0,0,0.074058,0.571617,0.231053,0.584617,part2a21_soft_caution_overlay,artifacts_part2_g532/predictions/g532_final_consensus_tape.csv
2023-02-03,0,0.1929344958831639,0.3114709178631613,1.62775,0.750821,0.75,0.538393,0.510969,0.108293,0.75,0.6,0.890307,0.400638,0.1406,0.640041,1,ok,VOO,0.001243,0.001243,0.001243,0.0,0,0.074635,0.595416,0.188233,0.533878,part2a21_soft_caution_overlay,artifacts_part2_g532/predictions/g532_final_consensus_tape.csv
2023-02-06,0,0.1998161858668988,0.3959294268331623,1.344757,1.091582,0.75,0.539599,0.511314,0.281566,0.75,0.6,0.88686,0.399087,0.126797,0.663488,1,ok,VOO,0.011183,0.011183,0.011183,0.0,0,0.073848,0.587289,0.197623,0.551531,part2a21_soft_caution_overlay,artifacts_part2_g532/predictions/g532_final_consensus_tape.csv
2023-02-07,0,0.198967972730157,0.393852510156383,0.70395,1.225486,0.5,0.554061,0.515446,0.345039,0.75,0.6,0.84554,0.380493,0.12649,0.664028,0,low_agreement,VOO,0.011183,0.011183,0.011183,0.0,1,0.086711,0.550623,0.350332,0.627156,part2a21_soft_caution_overlay,artifacts_part2_g532/predictions/g532_final_consensus_tape.csv
2023-02-08,0,0.1994885780076456,0.3895651922362413,1.560627,1.203111,0.75,0.539397,0.511256,0.338526,0.75,0.6,0.887437,0.399347,0.160347,0.609241,1,ok,VOO,0.011183,0.011183,0.011183,0.0,0,0.074648,0.589035,0.195621,0.547768,part2a21_soft_caution_overlay,artifacts_part2_g532/predictions/g532_final_consensus_tape.csv
2023-02-09,0,0.2082450458266599,0.5105387522173221,1.262866,1.175815,0.75,0.537368,0.510676,0.325301,0.75,0.6,0.893236,0.401956,0.153843,0.619052,1,ok,VOO,0.011183,0.011183,0.011183,0.0,0,0.02736,0.495298,0.211145,0.576953,part2a21_soft_caution_overlay,artifacts_part2_g532/predictions/g532_final_consensus_tape.csv
2023-02-10,0,0.2080535970620027,0.5012104107091503,1.029526,1.28434,0.75,0.538062,0.510875,0.380378,0.75,0.6,0.89125,0.401063,0.15568,0.616249,1,ok,VOO,0.011183,0.011183,0.011183,0.0,0,0.026995,0.493616,0.219772,0.580464,part2a21_soft_caution_overlay,artifacts_part2_g532/predictions/g532_final_consensus_tape.csv
2023-02-13,0,0.2078913969841077,0.5087060335458619,0.482923,0.925105,0.5,0.53816,0.510903,0.197236,0.75,0.6,0.89097,0.400937,0.143324,0.635609,0,low_agreement,FLAT,0.0,0.0,0.0,0.0,0,0.027047,0.493416,0.220899,0.58088,part2a21_soft_caution_overlay,artifacts_part2_g532/predictions/g532_final_consensus_tape.csv
2023-02-14,0,0.2005724851507721,0.4153094388160177,0.872061,0.794837,0.5,0.539116,0.511176,0.130411,0.75,0.6,0.88824,0.399708,0.140884,0.639576,0,low_agreement,FLAT,0.0,0.0,0.0,0.0,0,0.07511,0.591091,0.193254,0.543317,part2a21_soft_caution_overlay,artifacts_part2_g532/predictions/g532_final_consensus_tape.csv
2023-02-15,0,0.1919536132977943,0.3028139434079095,0.964841,0.773275,0.5,0.539642,0.511326,0.119179,0.75,0.6,0.886738,0.399032,0.141442,0.638664,0,low_agreement,FLAT,0.0,0.0,0.0,0.0,0,0.076254,0.588367,0.196388,0.549209,part2a21_soft_caution_overlay,artifacts_part2_g532/predictions/g532_final_consensus_tape.csv
2023-02-16,0,0.1959036868769047,0.3313218301723684,1.579766,1.138889,0.75,0.541198,0.511771,0.305131,0.75,0.6,0.88229,0.397031,0.145644,0.631882,1,ok,FLAT,0.0,0.0,0.0,0.0,0,0.073342,0.576571,0.209727,0.574287,part2a21_soft_caution_overlay,artifacts_part2_g532/predictions/g532_final_consensus_tape.csv
2023-02-17,0,0.2003482759726515,0.3969576559529115,1.196297,1.246968,0.75,0.540838,0.511668,0.360425,0.75,0.6,0.883321,0.397494,0.149732,0.625419,1,ok,FLAT,0.0,0.0,0.0,0.0,0,0.072969,0.578732,0.207311,0.569746,part2a21_soft_caution_overlay,artifacts_part2_g532/predictions/g532_final_consensus_tape.csv
2023-02-20,0,0.1997067395902508,0.3909320133301683,1.000134,1.258732,0.75,0.541109,0.511745,0.366342,0.75,0.6,0.882546,0.397146,0.149434,0.625886,1,ok,VOO,0.013659,0.013659,0.013659,0.0,0,0.074727,0.577961,0.208176,0.57137,part2a21_soft_caution_overlay,artifacts_part2_g532/predictions/g532_final_consensus_tape.csv
2023-02-21,0,0.208481632356809,0.5321167899510627,1.504643,1.233692,0.75,0.545827,0.513093,0.351998,0.75,0.6,0.869066,0.39108,0.132089,0.654297,1,ok,VOO,0.013659,0.013659,0.013659,0.0,1,0.019826,0.475699,0.321364,0.617044,part2a21_soft_caution_overlay,artifacts_part2_g532/predictions/g532_final_consensus_tape.csv
2023-02-22,0,0.1869175476248508,0.545377881219752,0.928791,1.144523,0.5,0.550542,0.514441,0.30469,0.75,0.6,0.855593,0.385017,0.111302,0.691941,0,low_agreement,VOO,0.013659,0.013659,0.013659,0.0,1,0.084965,0.557798,0.309411,0.612832,part2a21_soft_caution_overlay,artifacts_part2_g532/predictions/g532_final_consensus_tape.csv
2023-02-23,0,0.186569031247929,0.5248358718814679,0.827881,1.087105,0.5,0.548303,0.513801,0.276069,0.75,0.6,0.861991,0.387896,0.109719,0.694986,0,low_agreement,VOO,0.013659,0.013659,0.013659,0.0,1,0.017607,0.470007,0.353849,0.628375,part2a21_soft_caution_overlay,artifacts_part2_g532/predictions/g532_final_consensus_tape.csv
2023-02-24,0,0.1867491434272256,0.5309835093177088,1.463367,1.073347,0.75,0.542492,0.512141,0.271189,0.75,0.6,0.878594,0.395367,0.103753,0.706709,1,ok,VOO,0.013659,0.013659,0.013659,0.0,1,0.083154,0.574651,0.213934,0.578305,part2a21_soft_caution_overlay,artifacts_part2_g532/predictions/g532_final_consensus_tape.csv
2023-02-27,0,0.1874240871348645,0.5570641064117421,0.873065,1.054771,0.5,0.541604,0.511887,0.262035,0.75,0.6,0.881133,0.39651,0.087424,0.740907,0,low_agreement,FLAT,0.0,0.0,0.0,0.0,1,0.085175,0.580712,0.205087,0.565564,part2a21_soft_caution_overlay,artifacts_part2_g532/predictions/g532_final_consensus_tape.csv
2023-02-28,0,0.1909023297369959,0.6517447865781304,1.106161,1.147531,0.75,0.541753,0.51193,0.309347,0.75,0.6,0.880705,0.396317,0.081204,0.754821,1,ok,FLAT,0.0,0.0,0.0,0.0,0,0.08274,0.578333,0.207759,0.570586,part2a21_soft_caution_overlay,artifacts_part2_g532/predictions/g532_final_consensus_tape.csv
2023-03-01,0,0.1902158882019613,0.6301039559740877,1.312206,1.097144,0.75,0.540456,0.511559,0.284091,0.75,0.6,0.884411,0.397985,0.075191,0.76878,1,ok,FLAT,0.0,0.0,0.0,0.0,0,0.083371,0.587134,0.1978,0.551865,part2a21_soft_caution_overlay,artifacts_part2_g532/predictions/g532_final_consensus_tape.csv
2023-03-02,0,0.1923158474626825,0.6617891617136914,0.939635,1.119334,0.5,0.54058,0.511594,0.29537,0.75,0.6,0.884058,0.397826,0.094059,0.726619,0,low_agreement,FLAT,0.0,0.0,0.0,0.0,0,0.084851,0.587173,0.197756,0.551781,part2a21_soft_caution_overlay,artifacts_part2_g532/predictions/g532_final_consensus_tape.csv
2023-03-03,0,0.1945945655063027,0.6890382415797833,0.679112,0.976985,0.5,0.539944,0.511413,0.222974,0.75,0.6,0.885874,0.398643,0.099761,0.714773,0,low_agreement,FLAT,0.0,0.0,0.0,0.0,0,0.085249,0.591468,0.192818,0.542498,part2a21_soft_caution_overlay,artifacts_part2_g532/predictions/g532_final_consensus_tape.csv
2023-03-06,0,0.1923912508767961,0.6916403395038585,1.160374,0.926374,0.5,0.547753,0.513644,0.193941,0.75,0.6,0.863562,0.388603,0.10064,0.712982,0,low_agreement,FLAT,0.0,0.0,0.0,0.0,1,0.020156,0.471654,0.344442,0.625111,part2a21_soft_caution_overlay,artifacts_part2_g532/predictions/g532_final_consensus_tape.csv
2023-03-07,0,0.1890535599305082,0.6203763505954986,1.483482,1.107656,0.75,0.560277,0.517222,0.282194,0.75,0.6,0.82778,0.372501,0.121674,0.672632,1,ok,FLAT,0.0,0.0,0.0,0.0,1,0.08252,0.53675,0.432949,0.65,part2a21_soft_caution_overlay,artifacts_part2_g532/predictions/g532_final_consensus_tape.csv
2023-03-08,0,0.1924742928878397,0.6581848316863281,1.003355,1.215737,0.5,0.539881,0.511395,0.344803,0.75,0.6,0.886055,0.398725,0.120802,0.674214,0,low_agreement,FLAT,0.0,0.0,0.0,0.0,0,0.077899,0.587756,0.197089,0.550527,part2a21_soft_caution_overlay,artifacts_part2_g532/predictions/g532_final_consensus_tape.csv
2023-03-09,0,0.1881681699475037,0.5955101694422631,1.423703,1.303513,0.75,0.555645,0.515899,0.384635,0.65,0.6,0.841014,0.327995,0.174225,0.589309,0,high_risk_veto,FLAT,0.0,0.0,0.0,0.0,1,0.001869,0.451899,0.467596,0.65,part2a21_soft_caution_overlay,artifacts_part2_g532/predictions/g532_final_consensus_tape.csv
2023-03-10,0,0.189180916563073,0.6360624548626971,1.006294,1.14445,0.75,0.562816,0.517947,0.300247,0.65,0.6,0.820527,0.320005,0.232591,0.518037,0,high_risk_veto,FLAT,0.0,0.0,0.0,0.0,0,0.0,0.437231,0.572367,0.65,part2a21_soft_caution_overlay,artifacts_part2_g532/predictions/g532_final_consensus_tape.csv
2023-03-13,0,0.1864605717371735,0.5497928013706881,0.194095,0.874697,0.5,0.569433,0.519838,0.158122,0.65,0.6,0.801621,0.312632,0.234302,0.516206,0,high_risk_veto,FLAT,0.0,0.0,0.0,0.0,0,0.0,0.423997,0.666896,0.65,part2a21_soft_caution_overlay,artifacts_part2_g532/predictions/g532_final_consensus_tape.csv
2023-03-14,0,0.1845403494582815,0.4925322810862515,0.057774,0.419388,0.5,0.575588,0.521597,0.0,0.65,0.6,0.784035,0.305774,0.28526,0.467063,0,high_risk_veto,FLAT,0.0,0.0,0.0,0.0,0,0.0,0.411687,0.754826,0.65,part2a21_soft_caution_overlay,artifacts_part2_g532/predictions/g532_final_consensus_tape.csv
2023-03-15,0,0.1868771125840776,0.5540699086797009,0.367134,0.206334,0.5,0.575465,0.521561,0.0,0.65,0.6,0.784386,0.30591,0.293936,0.459613,0,high_risk_veto,FLAT,0.0,0.0,0.0,0.0,0,0.0,0.411933,0.753071,0.65,part2a21_soft_caution_overlay,artifacts_part2_g532/predictions/g532_final_consensus_tape.csv
2023-03-16,0,0.1852110769766937,0.4987027723082848,0.069721,0.164876,0.5,0.565806,0.518802,0.0,0.65,0.6,0.811983,0.316673,0.324984,0.434795,0,high_risk_veto,FLAT,0.0,0.0,0.0,0.0,0,0.0,0.431251,0.615084,0.65,part2a21_soft_caution_overlay,artifacts_part2_g532/predictions/g532_final_consensus_tape.csv
2023-03-17,0,0.185263554448205,0.5129219999143719,0.704397,0.380417,0.75,0.558162,0.516618,0.0,0.65,0.6,0.833822,0.32519,0.329474,0.431426,0,high_risk_veto,FLAT,0.0,0.0,0.0,0.0,1,0.07378,0.539481,0.414175,0.648985,part2a21_soft_caution_overlay,artifacts_part2_g532/predictions/g532_final_consensus_tape.csv
2023-03-20,0,0.188454509922256,0.6047686166629048,0.460821,0.411647,0.5,0.549973,0.514278,0.0,0.65,0.6,0.857219,0.334315,0.341887,0.422378,0,high_risk_veto,FLAT,0.0,0.0,0.0,0.0,1,0.01513,0.465988,0.376845,0.636295,part2a21_soft_caution_overlay,artifacts_part2_g532/predictions/g532_final_consensus_tape.csv
2023-03-21,0,0.1876256379706365,0.5602705990492542,0.447992,0.537737,0.5,0.542576,0.512165,0.0,0.65,0.6,0.878355,0.342558,0.36407,0.40712,0,high_risk_veto,FLAT,0.0,0.0,0.0,0.0,1,0.025261,0.483649,0.276156,0.600989,part2a21_soft_caution_overlay,artifacts_part2_g532/predictions/g532_final_consensus_tape.csv
2023-03-22,0,0.156044991960299,0.4554471650681346,1.028364,0.645726,0.75,0.556157,0.516045,0.046078,0.65,0.6,0.839551,0.327425,0.387202,0.39234,0,high_risk_veto,FLAT,0.0,0.0,0.0,0.0,1,0.144877,0.654683,0.313933,0.614428,part2a21_soft_caution_overlay,artifacts_part2_g532/predictions/g532_final_consensus_tape.csv
2023-03-23,0,0.1857701602833271,0.538930244654363,0.27987,0.585409,0.5,0.546678,0.513337,0.019828,0.65,0.6,0.866633,0.337987,0.372546,0.401577,0,high_risk_veto,FLAT,0.0,0.0,0.0,0.0,0,0.13631,0.674447,0.209508,0.573875,part2a21_soft_caution_overlay,artifacts_part2_g532/predictions/g532_final_consensus_tape.csv
2023-03-24,0,0.177008505775781,0.4948837863913531,0.441773,0.583335,0.5,0.544174,0.512621,0.020023,0.65,0.6,0.873789,0.340778,0.33709,0.425829,0,high_risk_veto,FLAT,0.0,0.0,0.0,0.0,0,0.126426,0.685132,0.197435,0.551178,part2a21_soft_caution_overlay,artifacts_part2_g532/predictions/g532_final_consensus_tape.csv
2023-03-27,0,0.1881194966244571,0.5854285572690122,0.805486,0.509043,0.75,0.544437,0.512696,0.0,0.65,0.6,0.873038,0.340485,0.333542,0.428418,0,high_risk_veto,FLAT,0.0,0.0,0.0,0.0,0,0.127575,0.684087,0.19863,0.553424,part2a21_soft_caution_overlay,artifacts_part2_g532/predictions/g532_final_consensus_tape.csv
2023-03-28,0,0.1830241164440786,0.650701143679905,0.761119,0.669459,0.75,0.54361,0.51246,0.064327,0.65,0.6,0.8754,0.341406,0.308254,0.447825,0,high_risk_veto,FLAT,0.0,0.0,0.0,0.0,0,0.12557,0.688268,0.193833,0.544406,part2a21_soft_caution_overlay,artifacts_part2_g532/predictions/g532_final_consensus_tape.csv
2023-03-29,0,0.1993197617931477,0.6798957091345957,0.359527,0.642044,0.5,0.541653,0.511901,0.051263,0.75,0.6,0.880991,0.396446,0.292949,0.460449,0,low_agreement,FLAT,0.0,0.0,0.0,0.0,0,0.123528,0.699462,0.180741,0.519792,part2a21_soft_caution_overlay,artifacts_part2_g532/predictions/g532_final_consensus_tape.csv
2023-03-30,0,0.1815264782364374,0.6435762995310902,0.702616,0.607754,0.5,0.542385,0.51211,0.033392,0.75,0.6,0.878899,0.395505,0.2664,0.484121,0,low_agreement,FLAT,0.0,0.0,0.0,0.0,0,0.126427,0.696481,0.184264,0.526416,part2a21_soft_caution_overlay,artifacts_part2_g532/predictions/g532_final_consensus_tape.csv
2023-03-31,0,0.1958697045251544,0.6970353467704341,0.63723,0.566458,0.5,0.540995,0.511713,0.012998,0.75,0.6,0.882872,0.397292,0.22919,0.521714,0,low_agreement,FLAT,0.0,0.0,0.0,0.0,0,0.121025,0.702179,0.177505,0.51371,part2a21_soft_caution_overlay,artifacts_part2_g532/predictions/g532_final_consensus_tape.csv
2023-04-03,0,0.1946508485625397,0.6979505249554112,0.948555,0.7628,0.75,0.544865,0.512819,0.111468,0.75,0.6,0.871815,0.392317,0.226009,0.525201,1,ok,VOO,0.003445,0.003445,0.003445,0.0,0,0.129296,0.682292,0.200674,0.557266,part2a21_soft_caution_overlay,artifacts_part2_g532/predictions/g532_final_consensus_tape.csv
2023-04-04,0,0.2038269602679302,0.7292863847688409,0.823593,0.803126,0.75,0.541833,0.511952,0.133438,0.75,0.6,0.880477,0.396215,0.213322,0.539582,1,ok,VOO,0.003445,0.003445,0.003445,0.0,0,0.125,0.699147,0.181115,0.520495,part2a21_soft_caution_overlay,artifacts_part2_g532/predictions/g532_final_consensus_tape.csv
2023-04-05,0,0.21424778771376,0.7618579467939814,0.765158,0.845769,0.75,0.537332,0.510666,0.157152,0.75,0.6,0.893337,0.402002,0.141821,0.638046,1,ok,VOO,0.003445,0.003445,0.003445,0.0,0,0.084661,0.625131,0.173964,0.507052,part2a21_soft_caution_overlay,artifacts_part2_g532/predictions/g532_final_consensus_tape.csv
2023-04-06,0,0.2283042127993584,0.7813989347591123,0.367107,0.651953,0.5,0.537682,0.510766,0.058233,0.75,0.6,0.892337,0.401552,0.138011,0.644311,0,low_agreement,VOO,0.003445,0.003445,0.003445,0.0,0,0.087419,0.624467,0.174763,0.508554,part2a21_soft_caution_overlay,artifacts_part2_g532/predictions/g532_final_consensus_tape.csv
2023-04-07,0,0.2169602446910956,0.7788536718540998,0.55239,0.561552,0.75,0.537852,0.510815,0.012079,0.75,0.6,0.891852,0.401334,0.137638,0.644931,1,ok,VOO,0.003445,0.003445,0.003445,0.0,0,0.086956,0.623177,0.176311,0.511464,part2a21_soft_caution_overlay,artifacts_part2_g532/predictions/g532_final_consensus_tape.csv
2023-04-10,0,0.2156779164205036,0.7153246208340013,0.709217,0.542905,0.75,0.538069,0.510877,0.002465,0.75,0.6,0.891231,0.401054,0.131226,0.655779,1,ok,VOO,9.7e-05,9.7e-05,9.7e-05,0.0,0,0.083227,0.619821,0.180314,0.51899,part2a21_soft_caution_overlay,artifacts_part2_g532/predictions/g532_final_consensus_tape.csv
2023-04-11,0,0.2015003181068501,0.6767187091101768,0.894408,0.718671,0.75,0.542807,0.512231,0.089855,0.75,0.6,0.877694,0.394962,0.130269,0.65743,1,ok,VOO,9.7e-05,9.7e-05,9.7e-05,0.0,0,0.129899,0.695742,0.185132,0.528049,part2a21_soft_caution_overlay,artifacts_part2_g532/predictions/g532_final_consensus_tape.csv
2023-04-12,0,0.1934223191077398,0.6009390666506554,0.828485,0.810703,0.75,0.543348,0.512385,0.136639,0.75,0.6,0.876148,0.394267,0.113653,0.687468,1,ok,VOO,9.7e-05,9.7e-05,9.7e-05,0.0,0,0.130867,0.692872,0.188493,0.534367,part2a21_soft_caution_overlay,artifacts_part2_g532/predictions/g532_final_consensus_tape.csv
2023-04-13,0,0.2381559459745551,0.7449911777560551,0.218047,0.64698,0.5,0.53859,0.511026,0.055261,0.75,0.6,0.889744,0.400385,0.138646,0.643259,0,low_agreement,VOO,9.7e-05,9.7e-05,9.7e-05,0.0,0,0.085032,0.617566,0.182985,0.524012,part2a21_soft_caution_overlay,artifacts_part2_g532/predictions/g532_final_consensus_tape.csv
2023-04-14,0,0.2232377857826382,0.7249365322723138,0.808879,0.61847,0.75,0.537793,0.510798,0.041116,0.75,0.6,0.892021,0.401409,0.133426,0.652016,1,ok,VOO,9.7e-05,9.7e-05,9.7e-05,0.0,0,0.086833,0.623473,0.175957,0.510798,part2a21_soft_caution_overlay,artifacts_part2_g532/predictions/g532_final_consensus_tape.csv
2023-04-17,0,0.2189473996087599,0.7009822096732536,0.784039,0.603655,0.5,0.537227,0.510636,0.033844,0.75,0.6,0.893637,0.402137,0.140357,0.64044,0,low_agreement,FLAT,0.0,0.0,0.0,0.0,0,0.089008,0.628087,0.170389,0.500332,part2a21_soft_caution_overlay,artifacts_part2_g532/predictions/g532_final_consensus_tape.csv
2023-04-18,0,0.207172640416116,0.6525084745017601,0.779996,0.790971,0.75,0.538277,0.510936,0.128812,0.75,0.6,0.890638,0.400787,0.118967,0.677568,1,ok,FLAT,0.0,0.0,0.0,0.0,0,0.085565,0.619801,0.180338,0.519035,part2a21_soft_caution_overlay,artifacts_part2_g532/predictions/g532_final_consensus_tape.csv
2023-04-19,0,0.1924528519318658,0.2606140832508356,0.771306,0.778447,0.75,0.537585,0.510738,0.122738,0.75,0.6,0.892615,0.401677,0.106783,0.700706,1,ok,FLAT,0.0,0.0,0.0,0.0,0,0.113372,0.695083,0.157324,0.47577,part2a21_soft_caution_overlay,artifacts_part2_g532/predictions/g532_final_consensus_tape.csv
2023-04-20,0,0.1955261429548966,0.3150971213569611,0.857821,0.803041,0.75,0.538053,0.510872,0.135064,0.75,0.6,0.891277,0.401075,0.131523,0.655269,1,ok,FLAT,0.0,0.0,0.0,0.0,0,0.112714,0.691972,0.161198,0.483052,part2a21_soft_caution_overlay,artifacts_part2_g532/predictions/g532_final_consensus_tape.csv
2023-04-21,0,0.1932363623935221,0.2705418294006657,0.684922,0.77135,0.5,0.536631,0.510466,0.119549,0.75,0.6,0.89534,0.402903,0.130904,0.656333,0,low_agreement,FLAT,0.0,0.0,0.0,0.0,0,0.11156,0.699732,0.151469,0.464762,part2a21_soft_caution_overlay,artifacts_part2_g532/predictions/g532_final_consensus_tape.csv
2023-04-24,0,0.2005333445854689,0.4147624856190957,0.700345,0.747696,0.75,0.538853,0.511101,0.10649,0.75,0.6,0.888991,0.400046,0.125073,0.666537,1,ok,VOO,0.004259,0.004259,0.004259,0.0,0,0.115333,0.688566,0.165401,0.490954,part2a21_soft_caution_overlay,artifacts_part2_g532/predictions/g532_final_consensus_tape.csv
2023-04-25,0,0.2002286766912076,0.399007470831614,0.955654,0.780307,0.75,0.539237,0.511211,0.122947,0.75,0.6,0.887893,0.399552,0.184428,0.57547,1,ok,VOO,0.004259,0.004259,0.004259,0.0,0,0.110094,0.683477,0.171606,0.502619,part2a21_soft_caution_overlay,artifacts_part2_g532/predictions/g532_final_consensus_tape.csv
2023-04-26,0,0.2003054755049765,0.3945333093055774,0.340337,0.665445,0.5,0.540776,0.51165,0.063632,0.75,0.6,0.883497,0.397573,0.181921,0.578809,0,low_agreement,VOO,0.004259,0.004259,0.004259,0.0,0,0.120169,0.679457,0.176446,0.511719,part2a21_soft_caution_overlay,artifacts_part2_g532/predictions/g532_final_consensus_tape.csv
2023-04-27,0,0.1995151019005568,0.3904762560305834,-0.04292,0.41769,0.5,0.538962,0.511132,0.0,0.75,0.6,0.88868,0.399906,0.212476,0.540568,0,weak_score,VOO,0.004259,0.004259,0.004259,0.0,0,0.117028,0.688803,0.16511,0.490407,part2a21_soft_caution_overlay,artifacts_part2_g532/predictions/g532_final_consensus_tape.csv
2023-04-28,0,0.1964920382663751,0.3408438256970245,0.473644,0.25702,0.5,0.53915,0.511186,0.0,0.75,0.6,0.888142,0.399664,0.212022,0.5411,0,weak_score,VOO,0.004259,0.004259,0.004259,0.0,0,0.110575,0.68426,0.170656,0.500834,part2a21_soft_caution_overlay,artifacts_part2_g532/predictions/g532_final_consensus_tape.csv
2023-05-01,0,0.1927879206274664,0.2643010471246657,0.782702,0.404475,0.75,0.536457,0.510416,0.0,0.75,0.6,0.895837,0.403127,0.2139,0.538909,0,weak_score,FLAT,0.0,0.0,0.0,0.0,0,0.108647,0.699261,0.152066,0.465883,part2a21_soft_caution_overlay,artifacts_part2_g532/predictions/g532_final_consensus_tape.csv
2023-05-02,0,0.2003310336980633,0.4034124414929348,0.811206,0.689184,0.75,0.539188,0.511197,0.076497,0.75,0.6,0.888034,0.399615,0.246549,0.503475,1,ok,FLAT,0.0,0.0,0.0,0.0,0,0.108037,0.682681,0.172569,0.504429,part2a21_soft_caution_overlay,artifacts_part2_g532/predictions/g532_final_consensus_tape.csv
2023-05-03,0,0.197818600265023,0.3465380659958818,0.671498,0.755135,0.75,0.539546,0.511299,0.109969,0.65,0.6,0.887012,0.345935,0.251327,0.498677,0,high_risk_veto,FLAT,0.0,0.0,0.0,0.0,0,0.113441,0.683381,0.171722,0.502837,part2a21_soft_caution_overlay,artifacts_part2_g532/predictions/g532_final_consensus_tape.csv
2023-05-04,0,0.2002693359092314,0.3934237606129134,0.580711,0.687805,0.5,0.544326,0.512665,0.073366,0.65,0.6,0.873355,0.340608,0.248547,0.501458,0,high_risk_veto,FLAT,0.0,0.0,0.0,0.0,0,0.123936,0.659139,0.200158,0.556297,part2a21_soft_caution_overlay,artifacts_part2_g532/predictions/g532_final_consensus_tape.csv
2023-05-05,0,0.1978670178496385,0.3522010327518874,0.056452,0.43622,0.75,0.537571,0.510735,0.0,0.75,0.6,0.892654,0.401694,0.282399,0.469572,0,weak_score,FLAT,0.0,0.0,0.0,0.0,0,0.110464,0.693662,0.159098,0.479105,part2a21_soft_caution_overlay,artifacts_part2_g532/predictions/g532_final_consensus_tape.csv
2023-05-08,0,0.1961454838336022,0.3199198448169157,0.626252,0.421138,0.75,0.536771,0.510506,0.0,0.75,0.6,0.894941,0.402723,0.284758,0.467501,0,weak_score,FLAT,0.0,0.0,0.0,0.0,0,0.10938,0.697808,0.153902,0.469336,part2a21_soft_caution_overlay,artifacts_part2_g532/predictions/g532_final_consensus_tape.csv
2023-05-09,0,0.1975395696463017,0.3398228421430203,0.832811,0.505172,0.5,0.538373,0.510964,0.0,0.75,0.6,0.890364,0.400664,0.24827,0.501736,0,weak_score,FLAT,0.0,0.0,0.0,0.0,0,0.111625,0.689501,0.164252,0.488793,part2a21_soft_caution_overlay,artifacts_part2_g532/predictions/g532_final_consensus_tape.csv
2023-05-10,0,0.1947693218745866,0.2921594467940165,0.373975,0.611013,0.75,0.536278,0.510365,0.038058,0.75,0.6,0.896348,0.403357,0.24933,0.500671,1,ok,FLAT,0.0,0.0,0.0,0.0,0,0.108414,0.700182,0.150898,0.463688,part2a21_soft_caution_overlay,artifacts_part2_g532/predictions/g532_final_consensus_tape.csv
2023-05-11,0,0.1975413968595985,0.3440201030351559,0.543354,0.58338,0.75,0.53679,0.510511,0.023732,0.75,0.6,0.894886,0.402699,0.209847,0.543659,1,ok,FLAT,0.0,0.0,0.0,0.0,0,0.107483,0.696725,0.155266,0.4719,part2a21_soft_caution_overlay,artifacts_part2_g532/predictions/g532_final_consensus_tape.csv
2023-05-12,0,0.1984593090767417,0.3624407217511569,0.747383,0.554904,0.5,0.538003,0.510858,0.008614,0.75,0.6,0.89142,0.401139,0.211783,0.541379,0,low_agreement,FLAT,0.0,0.0,0.0,0.0,0,0.111183,0.691474,0.161815,0.484213,part2a21_soft_caution_overlay,artifacts_part2_g532/predictions/g532_final_consensus_tape.csv
2023-05-15,0,0.200956214228826,0.4132625537504514,0.585791,0.625509,0.75,0.538483,0.510995,0.044367,0.75,0.6,0.89005,0.400522,0.204629,0.549898,1,ok,VOO,0.001466,0.001466,0.001466,0.0,0,0.115002,0.690608,0.162886,0.486226,part2a21_soft_caution_overlay,artifacts_part2_g532/predictions/g532_final_consensus_tape.csv
2023-05-16,0,0.1971032893968433,0.3312118919059794,0.674871,0.669348,0.5,0.537987,0.510854,0.066952,0.75,0.6,0.891465,0.401159,0.162441,0.606147,0,low_agreement,VOO,0.001466,0.001466,0.001466,0.0,0,0.108698,0.690272,0.1633,0.487005,part2a21_soft_caution_overlay,artifacts_part2_g532/predictions/g532_final_consensus_tape.csv
2023-05-17,0,0.196709700324566,0.409202880294828,0.453489,0.571384,0.5,0.537551,0.510729,0.01724,0.75,0.6,0.892712,0.40172,0.156663,0.61476,0,low_agreement,VOO,0.001466,0.001466,0.001466,0.0,0,0.087163,0.607454,0.173962,0.507049,part2a21_soft_caution_overlay,artifacts_part2_g532/predictions/g532_final_consensus_tape.csv
2023-05-18,0,0.1929487080470981,0.3429865029004111,0.474002,0.534121,0.5,0.536657,0.510474,0.0,0.75,0.6,0.895265,0.402869,0.156083,0.615638,0,weak_score,VOO,0.001466,0.001466,0.001466,0.0,0,0.086085,0.612307,0.168078,0.495986,part2a21_soft_caution_overlay,artifacts_part2_g532/predictions/g532_final_consensus_tape.csv
2023-05-19,0,0.1943433794816801,0.3688935837131925,1.082952,0.670148,0.75,0.536048,0.510299,0.068281,0.75,0.6,0.897007,0.403653,0.120236,0.675245,1,ok,VOO,0.001466,0.001466,0.001466,0.0,0,0.083893,0.614821,0.164999,0.490198,part2a21_soft_caution_overlay,artifacts_part2_g532/predictions/g532_final_consensus_tape.csv
2023-05-22,0,0.1994562133707338,0.4430695475227164,1.062348,0.873101,0.5,0.536704,0.510487,0.171343,0.75,0.6,0.89513,0.402809,0.119026,0.677459,0,low_agreement,FLAT,0.0,0.0,0.0,0.0,0,0.089271,0.613703,0.166371,0.492778,part2a21_soft_caution_overlay,artifacts_part2_g532/predictions/g532_final_consensus_tape.csv
2023-05-23,0,0.2002479955916623,0.4579498341545298,1.409767,1.185022,0.75,0.54304,0.512297,0.328051,0.75,0.6,0.87703,0.394663,0.141346,0.638821,1,ok,FLAT,0.0,0.0,0.0,0.0,1,0.08352,0.573549,0.22015,0.580603,part2a21_soft_caution_overlay,artifacts_part2_g532/predictions/g532_final_consensus_tape.csv
2023-05-24,0,0.2079047623768621,0.5467135616850304,1.128629,1.200248,0.75,0.539221,0.511206,0.337125,0.75,0.6,0.887939,0.399573,0.143574,0.635204,1,ok,FLAT,0.0,0.0,0.0,0.0,1,0.027845,0.491297,0.232859,0.585279,part2a21_soft_caution_overlay,artifacts_part2_g532/predictions/g532_final_consensus_tape.csv
2023-05-25,0,0.2068871974383215,0.5414031523011164,0.495143,1.01118,0.5,0.537533,0.510724,0.241353,0.75,0.6,0.892762,0.401743,0.151058,0.623351,0,low_agreement,FLAT,0.0,0.0,0.0,0.0,0,0.028377,0.495006,0.211934,0.577564,part2a21_soft_caution_overlay,artifacts_part2_g532/predictions/g532_final_consensus_tape.csv
2023-05-26,0,0.2170431743150726,0.6148331636132593,0.651369,0.75838,0.5,0.534324,0.509807,0.113984,0.75,0.6,0.901931,0.405869,0.155228,0.616937,0,low_agreement,FLAT,0.0,0.0,0.0,0.0,0,0.037782,0.520704,0.182019,0.522196,part2a21_soft_caution_overlay,artifacts_part2_g532/predictions/g532_final_consensus_tape.csv
2023-05-29,0,0.2018591749675765,0.4762005110337351,1.357573,0.834695,0.75,0.536296,0.51037,0.151957,0.75,0.6,0.896297,0.403334,0.156743,0.614639,1,ok,VOO,0.005651,0.005651,0.005651,0.0,0,0.079017,0.610752,0.169972,0.499547,part2a21_soft_caution_overlay,artifacts_part2_g532/predictions/g532_final_consensus_tape.csv
2023-05-30,0,0.2025080220793302,0.4774668995859414,1.22073,1.076557,0.5,0.537314,0.510661,0.274748,0.75,0.6,0.893388,0.402025,0.163393,0.604751,0,low_agreement,VOO,0.005651,0.005651,0.005651,0.0,0,0.082385,0.606343,0.175297,0.509559,part2a21_soft_caution_overlay,artifacts_part2_g532/predictions/g532_final_consensus_tape.csv
2023-05-31,0,0.2065482716002106,0.5272752821056548,1.363948,1.314084,0.75,0.533317,0.509519,0.396997,0.75,0.6,0.904807,0.407163,0.161203,0.607973,1,ok,VOO,0.005651,0.005651,0.005651,0.0,0,0.040326,0.528279,0.172966,0.505177,part2a21_soft_caution_overlay,artifacts_part2_g532/predictions/g532_final_consensus_tape.csv
2023-06-01,0,0.2007750323086227,0.4406000899630684,0.934328,1.173002,0.5,0.537733,0.510781,0.323742,0.75,0.6,0.892192,0.401487,0.143302,0.635643,0,low_agreement,VOO,0.005651,0.005651,0.005651,0.0,0,0.085957,0.605692,0.176079,0.511028,part2a21_soft_caution_overlay,artifacts_part2_g532/predictions/g532_final_consensus_tape.csv
2023-06-02,0,0.2045355616229585,0.4746980324226399,1.196055,1.164777,0.5,0.536544,0.510441,0.319963,0.75,0.6,0.89559,0.403015,0.182121,0.578541,0,low_agreement,VOO,0.005651,0.005651,0.005651,0.0,0,0.085047,0.612446,0.167908,0.495668,part2a21_soft_caution_overlay,artifacts_part2_g532/predictions/g532_final_consensus_tape.csv
2023-06-05,0,0.200062679512971,0.4299959910527429,1.394711,1.175031,0.5,0.537044,0.510584,0.325014,0.75,0.6,0.894161,0.402372,0.183188,0.577116,0,low_agreement,FLAT,0.0,0.0,0.0,0.0,0,0.080501,0.606989,0.174521,0.508099,part2a21_soft_caution_overlay,artifacts_part2_g532/predictions/g532_final_consensus_tape.csv
2023-06-06,0,0.1994414707786193,0.4209058814398217,1.465011,1.351926,0.75,0.537325,0.510664,0.415046,0.75,0.6,0.893357,0.40201,0.163899,0.604012,1,ok,FLAT,0.0,0.0,0.0,0.0,0,0.082467,0.606319,0.175326,0.509613,part2a21_soft_caution_overlay,artifacts_part2_g532/predictions/g532_final_consensus_tape.csv
2023-06-07,0,0.1983788421830043,0.3937369586245068,1.89087,1.58353,0.75,0.539265,0.511219,0.532589,0.75,0.6,0.887813,0.399516,0.157228,0.613906,1,ok,FLAT,0.0,0.0,0.0,0.0,0,0.083754,0.594943,0.188784,0.534915,part2a21_soft_caution_overlay,artifacts_part2_g532/predictions/g532_final_consensus_tape.csv
2023-06-08,0,0.1930456442471704,0.3294807034408957,1.083982,1.479954,0.5,0.536774,0.510507,0.480424,0.75,0.6,0.894931,0.402719,0.146661,0.630261,0,low_agreement,FLAT,0.0,0.0,0.0,0.0,0,0.081833,0.609345,0.171678,0.502755,part2a21_soft_caution_overlay,artifacts_part2_g532/predictions/g532_final_consensus_tape.csv
2023-06-09,0,0.1963849803581961,0.3626690123346685,1.366044,1.446965,0.5,0.537086,0.510596,0.463535,0.75,0.6,0.89404,0.402318,0.140146,0.640786,0,low_agreement,FLAT,0.0,0.0,0.0,0.0,0,0.084976,0.609121,0.171949,0.503264,part2a21_soft_caution_overlay,artifacts_part2_g532/predictions/g532_final_consensus_tape.csv
2023-06-12,0,0.1935074101861603,0.3540973536335898,1.056147,1.168724,0.5,0.536339,0.510382,0.322044,0.75,0.6,0.896176,0.403279,0.142043,0.637685,0,low_agreement,FLAT,0.0,0.0,0.0,0.0,0,0.078178,0.61005,0.170824,0.50115,part2a21_soft_caution_overlay,artifacts_part2_g532/predictions/g532_final_consensus_tape.csv
2023-06-13,0,0.1951848605012049,0.3558168108886277,1.478288,1.30016,0.5,0.536703,0.510487,0.388864,0.75,0.6,0.895133,0.40281,0.138635,0.643277,0,low_agreement,FLAT,0.0,0.0,0.0,0.0,0,0.079649,0.608613,0.172564,0.50442,part2a21_soft_caution_overlay,artifacts_part2_g532/predictions/g532_final_consensus_tape.csv
2023-06-14,0,0.1829752762356968,0.5975725374242277,1.546493,1.36031,0.5,0.538453,0.510987,0.418984,0.75,0.6,0.890133,0.40056,0.11925,0.677048,0,low_agreement,FLAT,0.0,0.0,0.0,0.0,0,0.129736,0.736903,0.153177,0.467972,part2a21_soft_caution_overlay,artifacts_part2_g532/predictions/g532_final_consensus_tape.csv
2023-06-15,0,0.1812423269182105,0.6431973859237271,1.342792,1.455858,0.5,0.537793,0.510798,0.467874,0.75,0.6,0.89202,0.401409,0.119194,0.677152,0,low_agreement,FLAT,0.0,0.0,0.0,0.0,0,0.129434,0.740577,0.14851,0.459199,part2a21_soft_caution_overlay,artifacts_part2_g532/predictions/g532_final_consensus_tape.csv
2023-06-16,0,0.1827102237225026,0.6132536559521223,1.870221,1.586502,0.75,0.537993,0.510855,0.534406,0.75,0.6,0.891449,0.401152,0.074656,0.770045,1,ok,FLAT,0.0,0.0,0.0,0.0,0,0.134583,0.742022,0.146662,0.455724,part2a21_soft_caution_overlay,artifacts_part2_g532/predictions/g532_final_consensus_tape.csv
2023-06-19,0,0.1831570289091184,0.6251565118367765,1.689946,1.63432,0.75,0.53743,0.510694,0.558905,0.75,0.6,0.893058,0.401876,0.071947,0.776525,1,ok,VOO,0.026162,0.026162,0.026162,0.0,0,0.136264,0.745763,0.141433,0.445894,part2a21_soft_caution_overlay,artifacts_part2_g532/predictions/g532_final_consensus_tape.csv
2023-06-20,0,0.1855660089089084,0.5731789490320595,1.646217,1.735461,0.75,0.537647,0.510756,0.610397,0.75,0.6,0.892437,0.401597,0.091394,0.732293,1,ok,VOO,0.026162,0.026162,0.026162,0.0,0,0.132759,0.743088,0.145291,0.453147,part2a21_soft_caution_overlay,artifacts_part2_g532/predictions/g532_final_consensus_tape.csv
2023-06-21,0,0.1805690229078582,0.6396037291394436,1.872391,1.736185,0.75,0.538285,0.510938,0.610639,0.75,0.6,0.890615,0.400777,0.101682,0.710869,1,ok,VOO,0.026162,0.026162,0.026162,0.0,0,0.132548,0.739312,0.150123,0.462231,part2a21_soft_caution_overlay,artifacts_part2_g532/predictions/g532_final_consensus_tape.csv
2023-06-22,0,0.1836466069241642,0.6013597004397518,1.211922,1.576843,0.5,0.537927,0.510836,0.529499,0.75,0.6,0.891637,0.401237,0.10735,0.699594,0,low_agreement,VOO,0.026162,0.026162,0.026162,0.0,0,0.130186,0.740185,0.149011,0.46014,part2a21_soft_caution_overlay,artifacts_part2_g532/predictions/g532_final_consensus_tape.csv
2023-06-23,0,0.1813006061199996,0.6221998590166816,1.676431,1.586915,0.75,0.538567,0.511019,0.534481,0.75,0.6,0.88981,0.400414,0.127629,0.662025,1,ok,VOO,0.026162,0.026162,0.026162,0.0,0,0.132498,0.73765,0.152232,0.466196,part2a21_soft_caution_overlay,artifacts_part2_g532/predictions/g532_final_consensus_tape.csv
2023-06-26,0,0.1950427692525797,0.4896732449369305,1.754704,1.547686,0.75,0.541974,0.511992,0.513636,0.75,0.6,0.880075,0.396034,0.127122,0.662915,1,ok,VOO,0.020227,0.020227,0.020227,0.0,0,0.145792,0.724344,0.168755,0.497259,part2a21_soft_caution_overlay,artifacts_part2_g532/predictions/g532_final_consensus_tape.csv
2023-06-27,0,0.192751516614558,0.5055213243425386,1.083323,1.504819,0.5,0.540433,0.511552,0.492143,0.75,0.6,0.884479,0.398015,0.12969,0.658432,0,low_agreement,VOO,0.020227,0.020227,0.020227,0.0,0,0.140612,0.730859,0.160743,0.482198,part2a21_soft_caution_overlay,artifacts_part2_g532/predictions/g532_final_consensus_tape.csv
2023-06-28,0,0.1883587818323363,0.5972811370760666,1.526408,1.454811,0.5,0.541173,0.511764,0.466421,0.75,0.6,0.882363,0.397063,0.130705,0.656676,0,low_agreement,VOO,0.020227,0.020227,0.020227,0.0,0,0.139536,0.725872,0.16689,0.493753,part2a21_soft_caution_overlay,artifacts_part2_g532/predictions/g532_final_consensus_tape.csv
2023-06-29,0,0.1867563805314084,0.6076000038035386,1.696154,1.435295,0.75,0.539965,0.511419,0.456793,0.75,0.6,0.885814,0.398616,0.148589,0.627212,1,ok,VOO,0.020227,0.020227,0.020227,0.0,0,0.13981,0.733208,0.157819,0.4767,part2a21_soft_caution_overlay,artifacts_part2_g532/predictions/g532_final_consensus_tape.csv
2023-06-30,0,0.1882584781017772,0.577140428918997,1.248446,1.490336,0.5,0.541739,0.511925,0.484408,0.75,0.6,0.880746,0.396336,0.155844,0.616,0,low_agreement,VOO,0.020227,0.020227,0.020227,0.0,0,0.137826,0.721542,0.172157,0.503656,part2a21_soft_caution_overlay,artifacts_part2_g532/predictions/g532_final_consensus_tape.csv
2023-07-03,0,0.188641578909669,0.5464596578343138,1.675149,1.539916,0.5,0.540868,0.511676,0.509944,0.75,0.6,0.883235,0.397456,0.157685,0.613219,0,low_agreement,FLAT,0.0,0.0,0.0,0.0,0,0.144778,0.73044,0.161263,0.483175,part2a21_soft_caution_overlay,artifacts_part2_g532/predictions/g532_final_consensus_tape.csv
2023-07-04,0,0.1894404539193744,0.538356351338042,1.739274,1.55429,0.75,0.540473,0.511564,0.517378,0.75,0.6,0.884363,0.397963,0.149374,0.62598,1,ok,FLAT,0.0,0.0,0.0,0.0,0,0.139564,0.730073,0.161718,0.484029,part2a21_soft_caution_overlay,artifacts_part2_g532/predictions/g532_final_consensus_tape.csv
2023-07-05,0,0.1925910562740659,0.5134722592189505,1.76336,1.725928,0.75,0.541133,0.511752,0.604837,0.75,0.6,0.882476,0.397114,0.140816,0.639688,1,ok,FLAT,0.0,0.0,0.0,0.0,0,0.138498,0.725563,0.167267,0.494462,part2a21_soft_caution_overlay,artifacts_part2_g532/predictions/g532_final_consensus_tape.csv
2023-07-06,0,0.1944638611317388,0.4627111834776099,1.998455,1.833696,0.75,0.544879,0.512823,0.659201,0.75,0.6,0.871773,0.392298,0.137704,0.644823,1,ok,FLAT,0.0,0.0,0.0,0.0,0,0.150477,0.70895,0.187132,0.531809,part2a21_soft_caution_overlay,artifacts_part2_g532/predictions/g532_final_consensus_tape.csv
2023-07-07,0,0.1951046502961781,0.4848965680112112,1.948017,1.903277,0.75,0.545678,0.513051,0.694665,0.75,0.6,0.869492,0.391272,0.115646,0.683721,1,ok,FLAT,0.0,0.0,0.0,0.0,0,0.15439,0.70607,0.19049,0.538122,part2a21_soft_caution_overlay,artifacts_part2_g532/predictions/g532_final_consensus_tape.csv
2023-07-10,0,0.1932516211909854,0.5201139453268161,1.880647,1.942373,0.75,0.546576,0.513307,0.714539,0.75,0.6,0.866926,0.390117,0.107012,0.700257,1,ok,VOO,0.02928,0.02928,0.02928,0.0,0,0.155334,0.700865,0.196496,0.549413,part2a21_soft_caution_overlay,artifacts_part2_g532/predictions/g532_final_consensus_tape.csv
2023-07-11,0,0.1951203981095157,0.47889627274906,1.827633,1.885432,0.5,0.546915,0.513404,0.685335,0.75,0.6,0.865956,0.38968,0.089792,0.735745,0,low_agreement,VOO,0.02928,0.02928,0.02928,0.0,0,0.161127,0.701938,0.195264,0.547097,part2a21_soft_caution_overlay,artifacts_part2_g532/predictions/g532_final_consensus_tape.csv
2023-07-12,0,0.1824682777696797,0.6420171541036696,1.620064,1.776115,0.5,0.544154,0.512615,0.629886,0.75,0.6,0.873846,0.393231,0.086689,0.742526,0,low_agreement,VOO,0.02928,0.02928,0.02928,0.0,0,0.19751,0.865647,0.151486,0.464793,part2a21_soft_caution_overlay,artifacts_part2_g532/predictions/g532_final_consensus_tape.csv
2023-07-13,0,0.1709911227302086,0.6208475545198582,1.559824,1.669174,0.5,0.5457,0.513057,0.574873,0.75,0.6,0.869427,0.391242,0.062138,0.800928,0,low_agreement,VOO,0.02928,0.02928,0.02928,0.0,0,0.2081,0.862027,0.156051,0.473375,part2a21_soft_caution_overlay,artifacts_part2_g532/predictions/g532_final_consensus_tape.csv
2023-07-14,0,0.1930387483897871,0.6993342888845374,1.95617,1.71202,0.75,0.542934,0.512267,0.597366,0.75,0.6,0.87733,0.394799,0.046936,0.841932,1,ok,VOO,0.02928,0.02928,0.02928,0.0,0,0.192204,0.870004,0.145924,0.454337,part2a21_soft_caution_overlay,artifacts_part2_g532/predictions/g532_final_consensus_tape.csv
2023-07-17,0,0.1935383029139493,0.6956526093426203,1.758026,1.758007,0.5,0.543408,0.512402,0.620773,0.75,0.6,0.875976,0.394189,0.037878,0.868424,0,low_agreement,FLAT,0.0,0.0,0.0,0.0,0,0.190862,0.866597,0.150278,0.462523,part2a21_soft_caution_overlay,artifacts_part2_g532/predictions/g532_final_consensus_tape.csv
2023-07-18,0,0.1980931698883516,0.7075750431375846,1.795921,1.836706,0.5,0.54387,0.512534,0.660915,0.75,0.6,0.874656,0.393595,0.047016,0.841707,0,low_agreement,FLAT,0.0,0.0,0.0,0.0,0,0.191068,0.864016,0.153548,0.46867,part2a21_soft_caution_overlay,artifacts_part2_g532/predictions/g532_final_consensus_tape.csv
2023-07-19,0,0.1959017668054615,0.6778035327655864,1.998447,1.850798,0.75,0.540803,0.511658,0.668639,0.75,0.6,0.883421,0.397539,0.048176,0.83843,1,ok,FLAT,0.0,0.0,0.0,0.0,0,0.184786,0.87529,0.135007,0.433814,part2a21_soft_caution_overlay,artifacts_part2_g532/predictions/g532_final_consensus_tape.csv
2023-07-20,0,0.2142172961674118,0.6797040256046719,2.511302,2.10189,0.75,0.538999,0.511143,0.796986,0.75,0.6,0.888574,0.399858,0.047896,0.839218,1,ok,FLAT,0.0,0.0,0.0,0.0,0,0.156351,0.793628,0.140048,0.44329,part2a21_soft_caution_overlay,artifacts_part2_g532/predictions/g532_final_consensus_tape.csv
2023-07-21,0,0.2002208342323347,0.6385691005866742,1.914993,2.141581,0.75,0.542699,0.5122,0.816881,0.75,0.6,0.878002,0.395101,0.047476,0.840403,1,ok,FLAT,0.0,0.0,0.0,0.0,0,0.192908,0.871699,0.143739,0.45023,part2a21_soft_caution_overlay,artifacts_part2_g532/predictions/g532_final_consensus_tape.csv
2023-07-24,0,0.2065093733291172,0.6006920076840913,1.727586,2.051294,0.5,0.541242,0.511783,0.770923,0.75,0.6,0.882167,0.396975,0.049809,0.833865,0,low_agreement,FLAT,0.0,0.0,0.0,0.0,0,0.161203,0.784107,0.153433,0.468455,part2a21_soft_caution_overlay,artifacts_part2_g532/predictions/g532_final_consensus_tape.csv
2023-07-25,0,0.2168506976633728,0.6738962761777346,1.624293,1.755624,0.5,0.54012,0.511463,0.620193,0.75,0.6,0.885371,0.398417,0.050529,0.831866,0,low_agreement,FLAT,0.0,0.0,0.0,0.0,0,0.153903,0.78691,0.149881,0.461776,part2a21_soft_caution_overlay,artifacts_part2_g532/predictions/g532_final_consensus_tape.csv
2023-07-26,0,0.2223734285359596,0.7451804801357764,1.893696,1.748525,0.75,0.538044,0.51087,0.616976,0.75,0.6,0.891302,0.401086,0.053779,0.822968,1,ok,FLAT,0.0,0.0,0.0,0.0,0,0.151466,0.794908,0.136165,0.435989,part2a21_soft_caution_overlay,artifacts_part2_g532/predictions/g532_final_consensus_tape.csv
2023-07-27,0,0.2242732246170313,0.6935652012230112,1.947413,1.821801,0.75,0.541468,0.511848,0.653721,0.75,0.6,0.881521,0.396684,0.053294,0.824284,1,ok,FLAT,0.0,0.0,0.0,0.0,0,0.163919,0.784174,0.153349,0.468296,part2a21_soft_caution_overlay,artifacts_part2_g532/predictions/g532_final_consensus_tape.csv
2023-07-28,0,0.2119255460348651,0.6715544441806158,1.462505,1.767872,0.5,0.537861,0.510817,0.626872,0.75,0.6,0.891826,0.401322,0.056515,0.815622,0,low_agreement,FLAT,0.0,0.0,0.0,0.0,0,0.163141,0.797835,0.127291,0.419306,part2a21_soft_caution_overlay,artifacts_part2_g532/predictions/g532_final_consensus_tape.csv
2023-07-31,0,0.2090549976190541,0.6244956923873682,1.977042,1.795653,0.75,0.537717,0.510776,0.641058,0.75,0.6,0.892238,0.401507,0.057278,0.813596,1,ok,VOO,0.031412,0.031412,0.031412,0.0,0,0.155666,0.796597,0.131045,0.426364,part2a21_soft_caution_overlay,artifacts_part2_g532/predictions/g532_final_consensus_tape.csv
2023-08-01,0,0.214281266076338,0.6289321580305598,2.056734,1.832094,0.75,0.538226,0.510922,0.65954,0.75,0.6,0.890784,0.400853,0.05314,0.824703,1,ok,VOO,0.031412,0.031412,0.031412,0.0,0,0.153168,0.79483,0.136402,0.436436,part2a21_soft_caution_overlay,artifacts_part2_g532/predictions/g532_final_consensus_tape.csv
2023-08-02,0,0.2377840594975871,0.7142607539755774,2.523948,2.185908,0.75,0.546872,0.513392,0.839185,0.75,0.6,0.866081,0.389737,0.088077,0.739475,1,ok,VOO,0.031412,0.031412,0.031412,0.0,0,0.176151,0.757954,0.18526,0.52829,part2a21_soft_caution_overlay,artifacts_part2_g532/predictions/g532_final_consensus_tape.csv
2023-08-03,0,0.2391841340851147,0.682105414830254,1.974469,2.18505,0.75,0.547234,0.513495,0.838716,0.75,0.6,0.865047,0.389271,0.08981,0.735705,1,ok,VOO,0.031412,0.031412,0.031412,0.0,0,0.179908,0.757746,0.185505,0.528749,part2a21_soft_caution_overlay,artifacts_part2_g532/predictions/g532_final_consensus_tape.csv
2023-08-04,0,0.2488722913513215,0.7340916789022124,2.008131,2.168849,0.75,0.552233,0.514924,0.829984,0.75,0.6,0.850763,0.382844,0.123817,0.668777,1,ok,VOO,0.031412,0.031412,0.031412,0.0,1,0.188521,0.733537,0.220217,0.580628,part2a21_soft_caution_overlay,artifacts_part2_g532/predictions/g532_final_consensus_tape.csv
2023-08-07,0,0.2432768781952032,0.6944155192387509,1.671332,1.884644,0.5,0.546337,0.513239,0.685024,0.75,0.6,0.867609,0.390424,0.133022,0.652704,0,deploy_downside_veto,FLAT,0.0,0.0,0.0,0.0,0,0.174207,0.760233,0.182576,0.523242,part2a21_soft_caution_overlay,artifacts_part2_g532/predictions/g532_final_consensus_tape.csv
2023-08-08,0,0.2539352298747812,0.75661883736352,2.035688,1.90505,0.75,0.54716,0.513474,0.695341,0.75,0.6,0.865256,0.389365,0.138852,0.642918,1,ok,FLAT,0.0,0.0,0.0,0.0,0,0.176374,0.756263,0.187243,0.532017,part2a21_soft_caution_overlay,artifacts_part2_g532/predictions/g532_final_consensus_tape.csv
2023-08-09,0,0.2141093327360278,0.3848671782647687,2.078921,1.928647,0.75,0.546664,0.513333,0.707499,0.75,0.6,0.866675,0.390004,0.142157,0.637499,1,ok,FLAT,0.0,0.0,0.0,0.0,0,0.173337,0.757713,0.185544,0.528822,part2a21_soft_caution_overlay,artifacts_part2_g532/predictions/g532_final_consensus_tape.csv
2023-08-10,0,0.2161376545115139,0.3722410132673033,1.79363,1.969413,0.5,0.545138,0.512897,0.728581,0.75,0.6,0.871034,0.391965,0.148053,0.628058,0,low_agreement,FLAT,0.0,0.0,0.0,0.0,0,0.167752,0.764164,0.177906,0.514464,part2a21_soft_caution_overlay,artifacts_part2_g532/predictions/g532_final_consensus_tape.csv
2023-08-11,0,0.2061402388045461,0.4813233586739567,2.003617,1.958723,0.75,0.540255,0.511501,0.723802,0.75,0.6,0.884986,0.398244,0.145475,0.63215,1,ok,FLAT,0.0,0.0,0.0,0.0,0,0.166528,0.872474,0.142738,0.448348,part2a21_soft_caution_overlay,artifacts_part2_g532/predictions/g532_final_consensus_tape.csv
2023-08-14,0,0.2125117646614596,0.4229026688272642,1.529146,1.775464,0.5,0.538693,0.511055,0.630585,0.75,0.6,0.889447,0.400251,0.151435,0.622766,0,low_agreement,FLAT,0.0,0.0,0.0,0.0,0,0.142879,0.789573,0.146476,0.455376,part2a21_soft_caution_overlay,artifacts_part2_g532/predictions/g532_final_consensus_tape.csv
2023-08-15,0,0.218651664672094,0.366988406495023,2.125822,1.886195,0.75,0.545599,0.513028,0.685937,0.75,0.6,0.869717,0.391373,0.15651,0.614991,1,ok,FLAT,0.0,0.0,0.0,0.0,0,0.171541,0.763365,0.178859,0.516255,part2a21_soft_caution_overlay,artifacts_part2_g532/predictions/g532_final_consensus_tape.csv
2023-08-16,0,0.2192802073883607,0.3610763855635211,2.087053,1.914007,0.75,0.545515,0.513004,0.70018,0.75,0.6,0.869957,0.39148,0.146626,0.630316,1,ok,FLAT,0.0,0.0,0.0,0.0,0,0.175948,0.766255,0.175403,0.509757,part2a21_soft_caution_overlay,artifacts_part2_g532/predictions/g532_final_consensus_tape.csv
2023-08-17,0,0.2166964189552135,0.4013533615817912,2.009913,2.074263,0.75,0.546392,0.513255,0.782076,0.75,0.6,0.86745,0.390353,0.145767,0.631685,1,ok,FLAT,0.0,0.0,0.0,0.0,0,0.173461,0.75948,0.183465,0.524914,part2a21_soft_caution_overlay,artifacts_part2_g532/predictions/g532_final_consensus_tape.csv
2023-08-18,0,0.2151182161247523,0.39044179044691,1.672487,1.923151,0.75,0.547551,0.513586,0.704551,0.75,0.6,0.864139,0.388863,0.125387,0.665979,1,ok,FLAT,0.0,0.0,0.0,0.0,0,0.177851,0.754613,0.189169,0.535638,part2a21_soft_caution_overlay,artifacts_part2_g532/predictions/g532_final_consensus_tape.csv
2023-08-21,0,0.224664176027337,0.316621914181194,1.31626,1.66622,0.5,0.56374,0.518211,0.569386,0.75,0.6,0.817887,0.368049,0.129329,0.659058,0,low_agreement,FLAT,0.0,0.0,0.0,0.0,1,0.290875,0.808085,0.251019,0.591909,part2a21_soft_caution_overlay,artifacts_part2_g532/predictions/g532_final_consensus_tape.csv
2023-08-22,0,0.2159054967128424,0.3923146767535317,1.820782,1.603176,0.75,0.55515,0.515757,0.538873,0.75,0.6,0.842429,0.379093,0.121074,0.67372,1,ok,FLAT,0.0,0.0,0.0,0.0,1,0.207301,0.730814,0.235589,0.58628,part2a21_soft_caution_overlay,artifacts_part2_g532/predictions/g532_final_consensus_tape.csv
2023-08-23,0,0.2240742377597269,0.3098153720679912,1.341139,1.492727,0.5,0.545818,0.513091,0.484555,0.75,0.6,0.869092,0.391091,0.114109,0.686607,0,low_agreement,FLAT,0.0,0.0,0.0,0.0,0,0.171851,0.762178,0.180271,0.51891,part2a21_soft_caution_overlay,artifacts_part2_g532/predictions/g532_final_consensus_tape.csv
2023-08-24,0,0.2153998005367423,0.395265020148828,2.299031,1.820317,0.75,0.547712,0.513632,0.651853,0.75,0.6,0.863679,0.388656,0.116381,0.68235,1,ok,FLAT,0.0,0.0,0.0,0.0,0,0.175165,0.7521,0.192087,0.541123,part2a21_soft_caution_overlay,artifacts_part2_g532/predictions/g532_final_consensus_tape.csv
2023-08-25,0,0.2097645615702358,0.4519363356203154,1.507222,1.715797,0.5,0.537941,0.51084,0.600317,0.75,0.6,0.891598,0.401219,0.120357,0.675024,0,low_agreement,FLAT,0.0,0.0,0.0,0.0,0,0.137684,0.791279,0.144281,0.451249,part2a21_soft_caution_overlay,artifacts_part2_g532/predictions/g532_final_consensus_tape.csv
2023-08-28,0,0.2033971300994913,0.5373358359300789,1.556191,1.787481,0.5,0.543844,0.512527,0.635756,0.75,0.6,0.874731,0.393629,0.115059,0.684822,0,low_agreement,FLAT,0.0,0.0,0.0,0.0,0,0.18145,0.859225,0.159553,0.479959,part2a21_soft_caution_overlay,artifacts_part2_g532/predictions/g532_final_consensus_tape.csv
2023-08-29,0,0.200721175368824,0.5507421755411953,1.217316,1.42691,0.5,0.540674,0.511621,0.452317,0.75,0.6,0.883789,0.397705,0.111018,0.692486,0,low_agreement,FLAT,0.0,0.0,0.0,0.0,0,0.163082,0.86835,0.148044,0.458322,part2a21_soft_caution_overlay,artifacts_part2_g532/predictions/g532_final_consensus_tape.csv
2023-08-30,0,0.1979547930905791,0.5784210033080887,1.682536,1.485347,0.5,0.544219,0.512634,0.481203,0.75,0.6,0.87366,0.393147,0.109916,0.694606,0,low_agreement,FLAT,0.0,0.0,0.0,0.0,0,0.17788,0.855135,0.164612,0.489471,part2a21_soft_caution_overlay,artifacts_part2_g532/predictions/g532_final_consensus_tape.csv
2023-08-31,0,0.2057930021532256,0.4616252433229582,1.767553,1.555801,0.5,0.54544,0.512983,0.516925,0.75,0.6,0.870171,0.391577,0.10383,0.706553,0,low_agreement,FLAT,0.0,0.0,0.0,0.0,0,0.189526,0.853923,0.166102,0.492271,part2a21_soft_caution_overlay,artifacts_part2_g532/predictions/g532_final_consensus_tape.csv
2023-09-01,0,0.201239854975637,0.5410877966868015,1.939354,1.796481,0.75,0.539415,0.511261,0.641169,0.75,0.6,0.887386,0.399324,0.106387,0.701484,1,ok,FLAT,0.0,0.0,0.0,0.0,0,0.162097,0.873839,0.139407,0.442084,part2a21_soft_caution_overlay,artifacts_part2_g532/predictions/g532_final_consensus_tape.csv
2023-09-04,0,0.2033990728480094,0.4880480745639827,1.905556,1.870821,0.75,0.540893,0.511684,0.678844,0.75,0.6,0.883162,0.397423,0.090506,0.734201,1,ok,VOO,0.029712,0.029712,0.029712,0.0,0,0.172865,0.871996,0.143356,0.44951,part2a21_soft_caution_overlay,artifacts_part2_g532/predictions/g532_final_consensus_tape.csv
2023-09-05,0,0.2016713405470638,0.532811704614515,1.849958,1.89829,0.5,0.540661,0.511617,0.692901,0.75,0.6,0.883825,0.397721,0.086748,0.742395,0,low_agreement,VOO,0.029712,0.029712,0.029712,0.0,0,0.168155,0.87097,0.144681,0.451999,part2a21_soft_caution_overlay,artifacts_part2_g532/predictions/g532_final_consensus_tape.csv
2023-09-06,0,0.2164014182574467,0.5357993261922301,2.168432,1.974649,0.75,0.538544,0.511013,0.732163,0.75,0.6,0.889874,0.400443,0.091968,0.731063,1,ok,VOO,0.029712,0.029712,0.029712,0.0,0,0.127416,0.712868,0.155341,0.472041,part2a21_soft_caution_overlay,artifacts_part2_g532/predictions/g532_final_consensus_tape.csv
2023-09-07,0,0.218304198816703,0.5381243754228501,2.030266,2.016219,0.75,0.537233,0.510638,0.753521,0.75,0.6,0.89362,0.402129,0.081864,0.75332,1,ok,VOO,0.029712,0.029712,0.029712,0.0,0,0.126971,0.720242,0.145972,0.454428,part2a21_soft_caution_overlay,artifacts_part2_g532/predictions/g532_final_consensus_tape.csv
2023-09-08,0,0.2257246393018103,0.5886329692166596,1.755021,1.984573,0.5,0.537749,0.510785,0.737329,0.75,0.6,0.892145,0.401465,0.076695,0.76524,0,low_agreement,VOO,0.029712,0.029712,0.029712,0.0,0,0.12998,0.718789,0.147835,0.457929,part2a21_soft_caution_overlay,artifacts_part2_g532/predictions/g532_final_consensus_tape.csv
2023-09-11,0,0.2263141986924296,0.561500271688686,1.507398,1.764229,0.5,0.537053,0.510587,0.62517,0.75,0.6,0.894133,0.40236,0.083854,0.74883,0,low_agreement,FLAT,0.0,0.0,0.0,0.0,0,0.125512,0.72054,0.145589,0.453707,part2a21_soft_caution_overlay,artifacts_part2_g532/predictions/g532_final_consensus_tape.csv
2023-09-12,0,0.2248461120423815,0.552758622417917,2.095232,1.785884,0.75,0.536148,0.510328,0.63637,0.75,0.6,0.89672,0.403524,0.087701,0.7403,1,ok,FLAT,0.0,0.0,0.0,0.0,0,0.123392,0.723824,0.140288,0.443742,part2a21_soft_caution_overlay,artifacts_part2_g532/predictions/g532_final_consensus_tape.csv
2023-09-13,0,0.2333519059051914,0.5776031052219678,1.650176,1.750936,0.5,0.533492,0.509569,0.619089,0.75,0.6,0.904309,0.406939,0.084845,0.746614,0,low_agreement,FLAT,0.0,0.0,0.0,0.0,0,0.123405,0.730278,0.120721,0.406956,part2a21_soft_caution_overlay,artifacts_part2_g532/predictions/g532_final_consensus_tape.csv
2023-09-14,0,0.2269083533581802,0.5509423732950393,1.600351,1.78192,0.5,0.532037,0.509153,0.635115,0.75,0.6,0.908465,0.408809,0.098755,0.716835,0,low_agreement,FLAT,0.0,0.0,0.0,0.0,0,0.117141,0.73248,0.114044,0.394404,part2a21_soft_caution_overlay,artifacts_part2_g532/predictions/g532_final_consensus_tape.csv
2023-09-15,0,0.2207808953131906,0.5382416245555094,2.308103,1.852877,0.75,0.540297,0.511513,0.669785,0.75,0.6,0.884865,0.398189,0.103532,0.70715,1,ok,FLAT,0.0,0.0,0.0,0.0,0,0.133571,0.705679,0.164283,0.488852,part2a21_soft_caution_overlay,artifacts_part2_g532/predictions/g532_final_consensus_tape.csv
2023-09-18,0,0.2305238193348309,0.5943283493812886,1.718843,1.875766,0.5,0.541058,0.511731,0.681341,0.75,0.6,0.882691,0.397211,0.103552,0.707109,0,low_agreement,FLAT,0.0,0.0,0.0,0.0,0,0.140531,0.704768,0.165402,0.490957,part2a21_soft_caution_overlay,artifacts_part2_g532/predictions/g532_final_consensus_tape.csv
2023-09-19,0,0.2255144830289042,0.5575012054330478,1.824465,1.95047,0.75,0.542535,0.512153,0.719265,0.75,0.6,0.878471,0.395312,0.103517,0.707179,1,ok,FLAT,0.0,0.0,0.0,0.0,0,0.144651,0.69801,0.173624,0.506413,part2a21_soft_caution_overlay,artifacts_part2_g532/predictions/g532_final_consensus_tape.csv
2023-09-20,0,0.2243324206761263,0.5418239295748265,2.155866,1.899725,0.75,0.54382,0.51252,0.693139,0.75,0.6,0.874801,0.39366,0.110036,0.694375,1,ok,FLAT,0.0,0.0,0.0,0.0,0,0.137691,0.68626,0.187569,0.532629,part2a21_soft_caution_overlay,artifacts_part2_g532/predictions/g532_final_consensus_tape.csv
2023-09-21,0,0.2314369539753761,0.5494869617599052,2.237938,2.072756,0.75,0.546716,0.513347,0.781269,0.75,0.6,0.866526,0.389937,0.114452,0.685961,1,ok,FLAT,0.0,0.0,0.0,0.0,0,0.141756,0.669931,0.206276,0.5678,part2a21_soft_caution_overlay,artifacts_part2_g532/predictions/g532_final_consensus_tape.csv
2023-09-22,0,0.240980894155397,0.6025775539414766,1.686927,2.02691,0.75,0.547222,0.513492,0.757735,0.75,0.6,0.86508,0.389286,0.116307,0.682488,0,deploy_downside_veto,FLAT,0.0,0.0,0.0,0.0,1,0.141867,0.666665,0.209931,0.57467,part2a21_soft_caution_overlay,artifacts_part2_g532/predictions/g532_final_consensus_tape.csv
2023-09-25,0,0.2437805476878979,0.615184236435706,1.611934,1.8456,0.5,0.546599,0.513314,0.664994,0.75,0.6,0.866859,0.390086,0.125153,0.666394,0,deploy_downside_veto,FLAT,0.0,0.0,0.0,0.0,0,0.143491,0.671686,0.2043,0.564084,part2a21_soft_caution_overlay,artifacts_part2_g532/predictions/g532_final_consensus_tape.csv
2023-09-26,0,0.2440836723453828,0.5940400813602659,2.131731,1.810197,0.75,0.54641,0.51326,0.646905,0.75,0.6,0.867399,0.39033,0.139199,0.642345,1,ok,FLAT,0.0,0.0,0.0,0.0,0,0.138683,0.670172,0.206005,0.56729,part2a21_soft_caution_overlay,artifacts_part2_g532/predictions/g532_final_consensus_tape.csv
2023-09-27,0,0.2452411573007621,0.628578619073905,1.696094,1.813253,0.5,0.548388,0.513825,0.648113,0.75,0.6,0.861749,0.387787,0.143394,0.635496,0,deploy_downside_veto,FLAT,0.0,0.0,0.0,0.0,1,0.151306,0.665071,0.213121,0.578004,part2a21_soft_caution_overlay,artifacts_part2_g532/predictions/g532_final_consensus_tape.csv
2023-09-28,0,0.2513447840535736,0.6821545287520209,1.594345,1.80739,0.5,0.547587,0.513596,0.645254,0.75,0.6,0.864037,0.388817,0.128558,0.6604,0,low_agreement,FLAT,0.0,0.0,0.0,0.0,1,0.146218,0.666768,0.209816,0.574454,part2a21_soft_caution_overlay,artifacts_part2_g532/predictions/g532_final_consensus_tape.csv
2023-09-29,0,0.2324254929331157,0.5872739220985906,1.846649,1.712363,0.5,0.54864,0.513897,0.596365,0.75,0.6,0.861028,0.387462,0.122962,0.670309,0,low_agreement,FLAT,0.0,0.0,0.0,0.0,1,0.148826,0.664067,0.218781,0.580098,part2a21_soft_caution_overlay,artifacts_part2_g532/predictions/g532_final_consensus_tape.csv
2023-10-02,0,0.2499003823865111,0.6521866240295472,1.632107,1.691034,0.5,0.56711,0.519174,0.581473,0.75,0.6,0.808258,0.363716,0.132866,0.65297,0,low_agreement,FLAT,0.0,0.0,0.0,0.0,1,0.25522,0.724513,0.329702,0.619968,part2a21_soft_caution_overlay,artifacts_part2_g532/predictions/g532_final_consensus_tape.csv
2023-10-03,0,0.2502698185754676,0.628978029638318,2.311913,1.930223,0.75,0.54672,0.513349,0.708297,0.75,0.6,0.866513,0.389931,0.133213,0.652379,1,ok,FLAT,0.0,0.0,0.0,0.0,1,0.14557,0.672083,0.203852,0.563242,part2a21_soft_caution_overlay,artifacts_part2_g532/predictions/g532_final_consensus_tape.csv
2023-10-04,0,0.2268429441086781,0.6738999461103755,1.449841,1.797954,0.5,0.553205,0.515201,0.639384,0.75,0.6,0.847987,0.381594,0.128233,0.660968,0,low_agreement,FLAT,0.0,0.0,0.0,0.0,1,0.203508,0.739757,0.216124,0.579116,part2a21_soft_caution_overlay,artifacts_part2_g532/predictions/g532_final_consensus_tape.csv
2023-10-05,0,0.2237138005671844,0.6328520712071052,1.856911,1.872888,0.75,0.554872,0.515678,0.677599,0.75,0.6,0.843224,0.379451,0.120708,0.674385,1,ok,FLAT,0.0,0.0,0.0,0.0,1,0.209056,0.737231,0.230376,0.584368,part2a21_soft_caution_overlay,artifacts_part2_g532/predictions/g532_final_consensus_tape.csv
2023-10-06,0,0.2169386023575029,0.5725629105793498,1.413639,1.573464,0.5,0.56632,0.518949,0.520843,0.75,0.6,0.810513,0.364731,0.144997,0.632915,0,low_agreement,FLAT,0.0,0.0,0.0,0.0,1,0.309094,0.811473,0.262952,0.596233,part2a21_soft_caution_overlay,artifacts_part2_g532/predictions/g532_final_consensus_tape.csv
2023-10-09,0,0.2188751348472596,0.6050839652655379,1.66197,1.644173,0.5,0.551729,0.51478,0.560725,0.75,0.6,0.852202,0.383491,0.13977,0.641403,0,low_agreement,FLAT,0.0,0.0,0.0,0.0,1,0.19674,0.743823,0.207764,0.570597,part2a21_soft_caution_overlay,artifacts_part2_g532/predictions/g532_final_consensus_tape.csv
2023-10-10,0,0.2166075761559668,0.580619276089867,1.712604,1.596071,0.5,0.555038,0.515725,0.535246,0.75,0.6,0.842748,0.379236,0.115643,0.683727,0,low_agreement,FLAT,0.0,0.0,0.0,0.0,1,0.207531,0.73659,0.234,0.585698,part2a21_soft_caution_overlay,artifacts_part2_g532/predictions/g532_final_consensus_tape.csv
2023-10-11,0,0.2144404127045968,0.586210158500961,1.620703,1.665093,0.5,0.552217,0.514919,0.571355,0.75,0.6,0.850809,0.382864,0.116341,0.682424,0,low_agreement,FLAT,0.0,0.0,0.0,0.0,1,0.197999,0.741333,0.210544,0.575822,part2a21_soft_caution_overlay,artifacts_part2_g532/predictions/g532_final_consensus_tape.csv
2023-10-12,0,0.2206923335184139,0.6224546977501336,1.927386,1.753565,0.75,0.566833,0.519095,0.613879,0.75,0.6,0.809049,0.364072,0.116528,0.682077,1,ok,FLAT,0.0,0.0,0.0,0.0,1,0.3021,0.809072,0.276564,0.601135,part2a21_soft_caution_overlay,artifacts_part2_g532/predictions/g532_final_consensus_tape.csv
2023-10-13,0,0.2247166254394204,0.6609983404006906,2.025277,1.857789,0.75,0.557351,0.516386,0.669415,0.75,0.6,0.836141,0.376263,0.13403,0.65099,1,ok,FLAT,0.0,0.0,0.0,0.0,1,0.211102,0.732317,0.258167,0.594502,part2a21_soft_caution_overlay,artifacts_part2_g532/predictions/g532_final_consensus_tape.csv
2023-10-16,0,0.2258427017659081,0.6681260933081953,1.436495,1.796386,0.5,0.550823,0.514521,0.63902,0.75,0.6,0.854791,0.384656,0.151463,0.622723,0,low_agreement,FLAT,0.0,0.0,0.0,0.0,1,0.207992,0.756075,0.193843,0.544424,part2a21_soft_caution_overlay,artifacts_part2_g532/predictions/g532_final_consensus_tape.csv
2023-10-17,0,0.2216535033132138,0.6332566436336964,1.930268,1.797347,0.75,0.551468,0.514705,0.639394,0.75,0.6,0.852949,0.383827,0.150571,0.624109,1,ok,FLAT,0.0,0.0,0.0,0.0,1,0.20571,0.750648,0.20006,0.556113,part2a21_soft_caution_overlay,artifacts_part2_g532/predictions/g532_final_consensus_tape.csv
2023-10-18,0,0.2162815558786759,0.5716420258091227,2.180736,1.849166,0.75,0.552111,0.514889,0.665877,0.75,0.6,0.85111,0.383,0.162484,0.606084,1,ok,FLAT,0.0,0.0,0.0,0.0,1,0.200819,0.743656,0.207951,0.570948,part2a21_soft_caution_overlay,artifacts_part2_g532/predictions/g532_final_consensus_tape.csv
2023-10-19,0,0.2256245047238218,0.658983626967273,2.018734,2.043246,0.75,0.550367,0.514391,0.765723,0.75,0.6,0.856095,0.385243,0.163296,0.604893,1,ok,FLAT,0.0,0.0,0.0,0.0,1,0.199351,0.754157,0.196049,0.548573,part2a21_soft_caution_overlay,artifacts_part2_g532/predictions/g532_final_consensus_tape.csv
2023-10-20,0,0.2212962277317524,0.6120572614377228,2.087981,2.095817,0.75,0.551371,0.514677,0.792581,0.75,0.6,0.853226,0.383952,0.168498,0.597374,1,ok,FLAT,0.0,0.0,0.0,0.0,1,0.195638,0.745542,0.205835,0.56697,part2a21_soft_caution_overlay,artifacts_part2_g532/predictions/g532_final_consensus_tape.csv
2023-10-23,0,0.2270883673905896,0.6545354083499739,1.568789,1.891835,0.5,0.564225,0.51835,0.685829,0.75,0.6,0.816499,0.367425,0.168826,0.596907,0,low_agreement,FLAT,0.0,0.0,0.0,0.0,1,0.285401,0.81152,0.262684,0.596136,part2a21_soft_caution_overlay,artifacts_part2_g532/predictions/g532_final_consensus_tape.csv
2023-10-24,0,0.2273672642728628,0.669378442713969,1.43393,1.6969,0.5,0.557074,0.516307,0.586654,0.75,0.6,0.836931,0.376619,0.166947,0.599597,0,low_agreement,FLAT,0.0,0.0,0.0,0.0,1,0.270226,0.830899,0.199774,0.555574,part2a21_soft_caution_overlay,artifacts_part2_g532/predictions/g532_final_consensus_tape.csv
2023-10-25,0,0.22805249444275,0.6590406686468545,2.353875,1.785531,0.75,0.551654,0.514758,0.633295,0.75,0.6,0.852418,0.383588,0.168098,0.597946,1,ok,FLAT,0.0,0.0,0.0,0.0,1,0.207652,0.750545,0.200177,0.556332,part2a21_soft_caution_overlay,artifacts_part2_g532/predictions/g532_final_consensus_tape.csv
2023-10-26,0,0.2207658509811894,0.5976730760503027,2.160831,1.982879,0.75,0.551576,0.514736,0.734595,0.75,0.6,0.85264,0.383688,0.187083,0.571974,1,ok,FLAT,0.0,0.0,0.0,0.0,1,0.198266,0.745703,0.205654,0.566629,part2a21_soft_caution_overlay,artifacts_part2_g532/predictions/g532_final_consensus_tape.csv
2023-10-27,0,0.2243925650291915,0.6306963315944447,1.473309,1.996005,0.5,0.555056,0.51573,0.740869,0.75,0.6,0.842697,0.379213,0.182894,0.577509,0,low_agreement,FLAT,0.0,0.0,0.0,0.0,1,0.206642,0.736385,0.235155,0.586121,part2a21_soft_caution_overlay,artifacts_part2_g532/predictions/g532_final_consensus_tape.csv
2023-10-30,0,0.2219179324949919,0.5942519552606691,1.260507,1.631549,0.5,0.553314,0.515233,0.553882,0.75,0.6,0.847675,0.381454,0.179714,0.581782,0,low_agreement,FLAT,0.0,0.0,0.0,0.0,1,0.213421,0.742999,0.208686,0.572329,part2a21_soft_caution_overlay,artifacts_part2_g532/predictions/g532_final_consensus_tape.csv
2023-10-31,0,0.2174693434470644,0.5635979709665131,1.519792,1.417869,0.5,0.549431,0.514123,0.445223,0.75,0.6,0.858768,0.386446,0.176199,0.58658,0,low_agreement,FLAT,0.0,0.0,0.0,0.0,0,0.199353,0.760115,0.18916,0.53562,part2a21_soft_caution_overlay,artifacts_part2_g532/predictions/g532_final_consensus_tape.csv
2023-11-01,0,0.2110023189942394,0.6138458601427824,1.129689,1.303329,0.5,0.546515,0.51329,0.387417,0.75,0.6,0.867099,0.390195,0.174721,0.588622,0,low_agreement,FLAT,0.0,0.0,0.0,0.0,0,0.187606,0.826818,0.175255,0.50948,part2a21_soft_caution_overlay,artifacts_part2_g532/predictions/g532_final_consensus_tape.csv
2023-11-02,0,0.2070446796854939,0.5924133110634592,1.189452,1.279645,0.5,0.544242,0.512641,0.376019,0.75,0.6,0.873593,0.393117,0.191661,0.566045,0,low_agreement,FLAT,0.0,0.0,0.0,0.0,0,0.180502,0.836805,0.163096,0.486621,part2a21_soft_caution_overlay,artifacts_part2_g532/predictions/g532_final_consensus_tape.csv
2023-11-03,0,0.2040545318216597,0.5888740182343287,1.546328,1.28849,0.5,0.545376,0.512965,0.380182,0.75,0.6,0.870353,0.391659,0.167062,0.599431,0,low_agreement,FLAT,0.0,0.0,0.0,0.0,0,0.187332,0.913591,0.167045,0.494045,part2a21_soft_caution_overlay,artifacts_part2_g532/predictions/g532_final_consensus_tape.csv
2023-11-06,0,0.2105163278923983,0.6172607294780923,1.732828,1.489536,0.5,0.542293,0.512084,0.483853,0.75,0.6,0.879163,0.395623,0.165706,0.601386,0,low_agreement,FLAT,0.0,0.0,0.0,0.0,0,0.167717,0.841726,0.156979,0.475121,part2a21_soft_caution_overlay,artifacts_part2_g532/predictions/g532_final_consensus_tape.csv
2023-11-07,0,0.2095072937838573,0.603590373440443,1.531899,1.603685,0.5,0.542112,0.512032,0.542203,0.75,0.6,0.879679,0.395855,0.165838,0.601196,0,low_agreement,FLAT,0.0,0.0,0.0,0.0,0,0.172553,0.845258,0.152534,0.466764,part2a21_soft_caution_overlay,artifacts_part2_g532/predictions/g532_final_consensus_tape.csv
2023-11-08,0,0.2051684216181242,0.5861842146179808,1.70863,1.657785,0.5,0.549013,0.514004,0.568314,0.75,0.6,0.859962,0.386983,0.163804,0.60415,0,low_agreement,FLAT,0.0,0.0,0.0,0.0,0,0.194789,0.895177,0.189023,0.535364,part2a21_soft_caution_overlay,artifacts_part2_g532/predictions/g532_final_consensus_tape.csv
2023-11-09,0,0.1967569104698935,0.5483734736907635,1.975496,1.738675,0.75,0.549543,0.514155,0.609668,0.75,0.6,0.858449,0.386302,0.113396,0.687954,1,ok,FLAT,0.0,0.0,0.0,0.0,0,0.194844,0.891847,0.192888,0.542629,part2a21_soft_caution_overlay,artifacts_part2_g532/predictions/g532_final_consensus_tape.csv
2023-11-10,0,0.2059338863699721,0.6002358070991286,1.205145,1.629757,0.5,0.552716,0.515062,0.553099,0.75,0.6,0.849383,0.382222,0.111672,0.691234,0,low_agreement,FLAT,0.0,0.0,0.0,0.0,0,0.211627,0.880838,0.20544,0.566227,part2a21_soft_caution_overlay,artifacts_part2_g532/predictions/g532_final_consensus_tape.csv
2023-11-13,0,0.1940277133333608,0.5337177948227687,1.891576,1.690739,0.75,0.546906,0.513402,0.585652,0.75,0.6,0.865983,0.389692,0.100651,0.712959,1,ok,VOO,0.024407,0.024407,0.024407,0.0,0,0.180581,0.900602,0.182659,0.523399,part2a21_soft_caution_overlay,artifacts_part2_g532/predictions/g532_final_consensus_tape.csv
2023-11-14,0,0.2037811002183322,0.5878364842612167,1.275923,1.457548,0.5,0.544472,0.512706,0.466921,0.75,0.6,0.872936,0.392821,0.097968,0.718457,0,low_agreement,VOO,0.024407,0.024407,0.024407,0.0,0,0.183012,0.916744,0.163171,0.486762,part2a21_soft_caution_overlay,artifacts_part2_g532/predictions/g532_final_consensus_tape.csv
2023-11-15,0,0.1908298073733216,0.5317276149827264,1.939732,1.70241,0.5,0.542257,0.512074,0.592597,0.75,0.6,0.879265,0.395669,0.099898,0.714495,0,low_agreement,VOO,0.024407,0.024407,0.024407,0.0,0,0.168427,0.922301,0.156259,0.473767,part2a21_soft_caution_overlay,artifacts_part2_g532/predictions/g532_final_consensus_tape.csv
2023-11-16,0,0.1930890432661107,0.5361260946142138,1.791762,1.669139,0.5,0.549458,0.514131,0.574036,0.75,0.6,0.858693,0.386412,0.102008,0.710211,0,low_agreement,VOO,0.024407,0.024407,0.024407,0.0,0,0.193863,0.891845,0.19289,0.542634,part2a21_soft_caution_overlay,artifacts_part2_g532/predictions/g532_final_consensus_tape.csv
2023-11-17,0,0.1903474681121861,0.5148873620978673,1.84948,1.860325,0.75,0.542244,0.51207,0.673261,0.75,0.6,0.879303,0.395686,0.102307,0.709608,1,ok,VOO,0.024407,0.024407,0.024407,0.0,0,0.167079,0.921685,0.15703,0.475216,part2a21_soft_caution_overlay,artifacts_part2_g532/predictions/g532_final_consensus_tape.csv
2023-11-20,0,0.197156775048698,0.5531003625635564,1.520978,1.72074,0.5,0.547017,0.513433,0.60099,0.75,0.6,0.865666,0.38955,0.100364,0.713543,0,low_agreement,FLAT,0.0,0.0,0.0,0.0,0,0.179681,0.899418,0.184056,0.526025,part2a21_soft_caution_overlay,artifacts_part2_g532/predictions/g532_final_consensus_tape.csv
2023-11-21,0,0.1904952061870769,0.5218398059907873,2.001285,1.790581,0.75,0.543498,0.512428,0.637404,0.75,0.6,0.875719,0.394073,0.102042,0.710142,1,ok,FLAT,0.0,0.0,0.0,0.0,0,0.17181,0.916706,0.163218,0.48685,part2a21_soft_caution_overlay,artifacts_part2_g532/predictions/g532_final_consensus_tape.csv
2023-11-22,0,0.1903672995995872,0.5202021223549982,1.743119,1.755127,0.5,0.537077,0.510593,0.620529,0.75,0.6,0.894066,0.40233,0.097442,0.719546,0,low_agreement,FLAT,0.0,0.0,0.0,0.0,0,0.149526,0.937285,0.130291,0.424946,part2a21_soft_caution_overlay,artifacts_part2_g532/predictions/g532_final_consensus_tape.csv
2023-11-23,0,0.1915090523302289,0.5314902212276184,1.860241,1.868215,0.75,0.538656,0.511044,0.677882,0.75,0.6,0.889555,0.4003,0.098722,0.716904,1,ok,FLAT,0.0,0.0,0.0,0.0,0,0.157475,0.93514,0.136794,0.437173,part2a21_soft_caution_overlay,artifacts_part2_g532/predictions/g532_final_consensus_tape.csv
2023-11-24,0,0.1919796888147292,0.5262367222981859,1.949179,1.850846,0.75,0.537301,0.510658,0.669255,0.75,0.6,0.893425,0.402041,0.078084,0.761999,1,ok,FLAT,0.0,0.0,0.0,0.0,0,0.161236,0.939229,0.124397,0.413866,part2a21_soft_caution_overlay,artifacts_part2_g532/predictions/g532_final_consensus_tape.csv
2023-11-27,0,0.1893129488125971,0.5190177722492327,1.869757,1.893059,0.75,0.537932,0.510838,0.690663,0.75,0.6,0.891622,0.40123,0.096606,0.721281,1,ok,VOO,0.029982,0.029982,0.029982,0.0,0,0.160885,0.937622,0.129271,0.423029,part2a21_soft_caution_overlay,artifacts_part2_g532/predictions/g532_final_consensus_tape.csv
2023-11-28,0,0.1905255823934583,0.5180820344727097,1.758045,1.858994,0.5,0.535228,0.510065,0.67375,0.75,0.6,0.899349,0.404707,0.097668,0.719076,0,low_agreement,VOO,0.029982,0.029982,0.029982,0.0,0,0.152043,0.942311,0.115052,0.396297,part2a21_soft_caution_overlay,artifacts_part2_g532/predictions/g532_final_consensus_tape.csv
2023-11-29,0,0.1863390941675518,0.4767935087554247,1.914438,1.847413,0.75,0.53722,0.510634,0.667519,0.75,0.6,0.893658,0.402146,0.086087,0.743855,1,ok,VOO,0.029982,0.029982,0.029982,0.0,0,0.168065,0.907911,0.119397,0.404466,part2a21_soft_caution_overlay,artifacts_part2_g532/predictions/g532_final_consensus_tape.csv
2023-11-30,0,0.188771653670991,0.4982436178229413,1.95197,1.874818,0.75,0.539433,0.511266,0.681122,0.75,0.6,0.887336,0.399301,0.094101,0.726532,1,ok,VOO,0.029982,0.029982,0.029982,0.0,0,0.180262,0.905129,0.127832,0.420324,part2a21_soft_caution_overlay,artifacts_part2_g532/predictions/g532_final_consensus_tape.csv
2023-12-01,0,0.1869389775344301,0.4644236567727752,1.848088,1.904832,0.5,0.538662,0.511046,0.69655,0.75,0.6,0.889538,0.400292,0.096027,0.722488,0,low_agreement,VOO,0.029982,0.029982,0.029982,0.0,0,0.16494,0.903745,0.132028,0.428212,part2a21_soft_caution_overlay,artifacts_part2_g532/predictions/g532_final_consensus_tape.csv
2023-12-04,0,0.1914811886082425,0.5173924919834175,2.223888,2.007982,0.75,0.537862,0.510818,0.749244,0.75,0.6,0.891823,0.40132,0.089633,0.736089,1,ok,VOO,0.0332,0.0332,0.0332,0.0,0,0.169593,0.906676,0.123142,0.411506,part2a21_soft_caution_overlay,artifacts_part2_g532/predictions/g532_final_consensus_tape.csv
2023-12-05,0,0.1900076422672141,0.5183458566802076,1.741569,1.937848,0.5,0.537383,0.510681,0.71357,0.75,0.6,0.893191,0.401936,0.094498,0.725694,0,low_agreement,VOO,0.0332,0.0332,0.0332,0.0,0,0.155751,0.904898,0.128534,0.421644,part2a21_soft_caution_overlay,artifacts_part2_g532/predictions/g532_final_consensus_tape.csv
2023-12-06,0,0.1891841714597306,0.4965868308557188,1.96158,1.975679,0.75,0.540765,0.511647,0.732385,0.75,0.6,0.883528,0.397588,0.094755,0.725153,1,ok,VOO,0.0332,0.0332,0.0332,0.0,0,0.174798,0.900731,0.141167,0.445393,part2a21_soft_caution_overlay,artifacts_part2_g532/predictions/g532_final_consensus_tape.csv
2023-12-07,0,0.1882131404835616,0.4829184119814144,1.483729,1.728959,0.5,0.538393,0.510969,0.606934,0.75,0.6,0.890306,0.400638,0.111356,0.691838,0,low_agreement,VOO,0.0332,0.0332,0.0332,0.0,0,0.171073,0.905701,0.126097,0.417062,part2a21_soft_caution_overlay,artifacts_part2_g532/predictions/g532_final_consensus_tape.csv
2023-12-08,0,0.1904255876693056,0.5099626557297589,1.804291,1.749867,0.5,0.539012,0.511146,0.617472,0.75,0.6,0.888537,0.399842,0.122625,0.670915,0,low_agreement,VOO,0.0332,0.0332,0.0332,0.0,0,0.186686,0.907515,0.120597,0.406722,part2a21_soft_caution_overlay,artifacts_part2_g532/predictions/g532_final_consensus_tape.csv
2023-12-11,0,0.1876850693671992,0.4665809093859083,1.81078,1.6996,0.5,0.539101,0.511172,0.59182,0.75,0.6,0.888282,0.399727,0.115135,0.684679,0,low_agreement,FLAT,0.0,0.0,0.0,0.0,0,0.180317,0.905945,0.125357,0.415671,part2a21_soft_caution_overlay,artifacts_part2_g532/predictions/g532_final_consensus_tape.csv
2023-12-12,0,0.1878319735819341,0.4781688487491499,1.838342,1.817805,0.5,0.535583,0.510166,0.652724,0.75,0.6,0.898336,0.404251,0.113722,0.687338,0,low_agreement,FLAT,0.0,0.0,0.0,0.0,0,0.15632,0.909392,0.114908,0.396027,part2a21_soft_caution_overlay,artifacts_part2_g532/predictions/g532_final_consensus_tape.csv
2023-12-13,0,0.18703844534713,0.4441751676849996,1.77805,1.809057,0.5,0.537746,0.510785,0.647883,0.75,0.6,0.892153,0.401469,0.108175,0.697984,0,low_agreement,FLAT,0.0,0.0,0.0,0.0,0,0.1717,0.907405,0.120933,0.407355,part2a21_soft_caution_overlay,artifacts_part2_g532/predictions/g532_final_consensus_tape.csv
2023-12-14,0,0.1872957383583587,0.4519986466729556,2.20762,1.941337,0.75,0.537995,0.510856,0.715259,0.75,0.6,0.891444,0.40115,0.104387,0.705444,1,ok,FLAT,0.0,0.0,0.0,0.0,0,0.166719,0.905743,0.12597,0.416824,part2a21_soft_caution_overlay,artifacts_part2_g532/predictions/g532_final_consensus_tape.csv
2023-12-15,0,0.1866025496063725,0.4492252991580243,2.053357,2.013009,0.5,0.538548,0.511014,0.751719,0.75,0.6,0.889862,0.400438,0.102649,0.708921,0,low_agreement,FLAT,0.0,0.0,0.0,0.0,0,0.168015,0.904674,0.129212,0.422919,part2a21_soft_caution_overlay,artifacts_part2_g532/predictions/g532_final_consensus_tape.csv
2023-12-18,0,0.1893106326424094,0.4913959953136824,1.985709,2.082229,0.5,0.536987,0.510568,0.787179,0.75,0.6,0.894323,0.402445,0.10901,0.69636,0,low_agreement,FLAT,0.0,0.0,0.0,0.0,0,0.173688,0.909671,0.11406,0.394434,part2a21_soft_caution_overlay,artifacts_part2_g532/predictions/g532_final_consensus_tape.csv
2023-12-19,0,0.1873991016179878,0.4665571694259045,2.047555,2.028874,0.5,0.53648,0.510423,0.76006,0.75,0.6,0.895772,0.403098,0.098767,0.716811,0,low_agreement,FLAT,0.0,0.0,0.0,0.0,0,0.169387,0.90999,0.113095,0.392619,part2a21_soft_caution_overlay,artifacts_part2_g532/predictions/g532_final_consensus_tape.csv
2023-12-20,0,0.1883542597612951,0.4890654315443137,2.541291,2.191518,0.75,0.547019,0.513434,0.842046,0.75,0.6,0.86566,0.389547,0.139558,0.641753,1,ok,FLAT,0.0,0.0,0.0,0.0,0,0.212072,0.883753,0.163201,0.486817,part2a21_soft_caution_overlay,artifacts_part2_g532/predictions/g532_final_consensus_tape.csv
2023-12-21,0,0.1932532367802213,0.546897065034631,1.88814,2.158995,0.5,0.548851,0.513957,0.825229,0.75,0.6,0.860427,0.387192,0.143074,0.636013,0,low_agreement,FLAT,0.0,0.0,0.0,0.0,0,0.236379,0.885511,0.161027,0.48273,part2a21_soft_caution_overlay,artifacts_part2_g532/predictions/g532_final_consensus_tape.csv
2023-12-22,0,0.1877188487453956,0.450114663204082,2.18214,2.203857,0.5,0.543225,0.51235,0.848658,0.75,0.6,0.8765,0.394425,0.13408,0.650905,0,low_agreement,FLAT,0.0,0.0,0.0,0.0,0,0.200329,0.899875,0.14283,0.448521,part2a21_soft_caution_overlay,artifacts_part2_g532/predictions/g532_final_consensus_tape.csv
2023-12-25,0,0.1873056522883679,0.4483610592728593,2.222764,2.097682,0.75,0.542377,0.512108,0.794486,0.75,0.6,0.878922,0.395515,0.132954,0.65282,1,ok,VOO,0.03077,0.03077,0.03077,0.0,0,0.195498,0.901214,0.139701,0.442638,part2a21_soft_caution_overlay,artifacts_part2_g532/predictions/g532_final_consensus_tape.csv
2023-12-26,0,0.1871288873208958,0.4365130655249661,2.106523,2.170476,0.5,0.542764,0.512218,0.831638,0.75,0.6,0.877817,0.395018,0.133374,0.652104,0,low_agreement,VOO,0.03077,0.03077,0.03077,0.0,0,0.199768,0.901183,0.139796,0.442816,part2a21_soft_caution_overlay,artifacts_part2_g532/predictions/g532_final_consensus_tape.csv
2023-12-27,0,0.1955727608303792,0.6568724926287094,2.174052,2.167779,0.5,0.531542,0.509012,0.831228,0.955925,0.6,0.909879,0.521866,0.136962,0.646059,0,low_agreement,VOO,0.03077,0.03077,0.03077,0.0,0,0.131095,0.913844,0.10141,0.370652,part2a21_soft_caution_overlay,artifacts_part2_g532/predictions/g532_final_consensus_tape.csv
2023-12-28,0,0.2024515005272993,0.6774146181388178,2.263916,2.181497,0.75,0.539214,0.511204,0.837563,0.75,0.6,0.88796,0.399582,0.135013,0.649329,1,ok,VOO,0.03077,0.03077,0.03077,0.0,0,0.178036,0.905187,0.127656,0.419994,part2a21_soft_caution_overlay,artifacts_part2_g532/predictions/g532_final_consensus_tape.csv
2023-12-29,0,0.1956907744270375,0.637274693844712,2.320922,2.252963,0.75,0.536862,0.510532,0.874162,0.75,0.6,0.89468,0.402606,0.134882,0.64955,1,ok,VOO,0.03077,0.03077,0.03077,0.0,0,0.161942,0.907479,0.120706,0.406928,part2a21_soft_caution_overlay,artifacts_part2_g532/predictions/g532_final_consensus_tape.csv
2024-01-01,0,0.1966258274928164,0.6450337823160585,2.189177,2.258005,0.75,0.536805,0.510516,0.876734,0.75,0.6,0.894842,0.402679,0.129138,0.65939,1,ok,VOO,0.034919,0.034919,0.034919,0.0,0,0.163182,0.90788,0.119492,0.404645,part2a21_soft_caution_overlay,artifacts_part2_g532/predictions/g532_final_consensus_tape.csv
2024-01-02,0,0.2086594394367739,0.689035070678516,2.613419,2.374506,0.75,0.546668,0.513334,0.935754,0.75,0.6,0.866663,0.389998,0.127586,0.662101,1,ok,VOO,0.034919,0.034919,0.034919,0.0,0,0.200764,0.799923,0.167903,0.495658,part2a21_soft_caution_overlay,artifacts_part2_g532/predictions/g532_final_consensus_tape.csv
2024-01-03,0,0.2076896153871249,0.6975915612554197,2.207264,2.33662,0.75,0.545237,0.512925,0.91642,0.75,0.6,0.870752,0.391838,0.092186,0.730596,1,ok,VOO,0.034919,0.034919,0.034919,0.0,0,0.189931,0.802827,0.164343,0.488965,part2a21_soft_caution_overlay,artifacts_part2_g532/predictions/g532_final_consensus_tape.csv
2024-01-04,0,0.2129047351659785,0.6710661217135167,2.053333,2.291339,0.75,0.547294,0.513513,0.893142,0.75,0.6,0.864874,0.389193,0.071754,0.77699,1,ok,VOO,0.034919,0.034919,0.034919,0.0,0,0.198229,0.794773,0.174147,0.507396,part2a21_soft_caution_overlay,artifacts_part2_g532/predictions/g532_final_consensus_tape.csv
2024-01-05,0,0.2093506457799991,0.6277400383041606,1.938661,2.066419,0.5,0.545336,0.512953,0.778182,0.75,0.6,0.87047,0.391711,0.074667,0.77002,0,low_agreement,VOO,0.034919,0.034919,0.034919,0.0,0,0.195237,0.805006,0.161652,0.483907,part2a21_soft_caution_overlay,artifacts_part2_g532/predictions/g532_final_consensus_tape.csv
2024-01-08,0,0.200556580639668,0.6134287530458881,1.442609,1.811534,0.5,0.541606,0.511887,0.648454,0.75,0.6,0.881126,0.396507,0.0935,0.727802,0,low_agreement,FLAT,0.0,0.0,0.0,0.0,0,0.186906,0.901262,0.139556,0.442366,part2a21_soft_caution_overlay,artifacts_part2_g532/predictions/g532_final_consensus_tape.csv
2024-01-09,0,0.2057551491257752,0.657751751589359,2.049088,1.810119,0.5,0.541654,0.511901,0.647723,0.75,0.6,0.88099,0.396445,0.093039,0.728779,0,low_agreement,FLAT,0.0,0.0,0.0,0.0,0,0.18584,0.90092,0.140594,0.444317,part2a21_soft_caution_overlay,artifacts_part2_g532/predictions/g532_final_consensus_tape.csv
2024-01-10,0,0.2128872186067396,0.7167312176019549,1.887071,1.792923,0.5,0.542038,0.512011,0.638871,0.75,0.6,0.87989,0.395951,0.093884,0.72699,0,low_agreement,FLAT,0.0,0.0,0.0,0.0,0,0.177101,0.815027,0.149059,0.46023,part2a21_soft_caution_overlay,artifacts_part2_g532/predictions/g532_final_consensus_tape.csv
2024-01-11,0,0.2078469213528598,0.7175397852112297,1.997044,1.977735,0.5,0.551179,0.514623,0.73201,0.75,0.6,0.853774,0.384198,0.099397,0.715518,0,low_agreement,FLAT,0.0,0.0,0.0,0.0,0,0.213044,0.778601,0.19321,0.543234,part2a21_soft_caution_overlay,artifacts_part2_g532/predictions/g532_final_consensus_tape.csv
2024-01-12,0,0.2135466184373451,0.7228813148858904,1.992602,1.958906,0.75,0.553447,0.51527,0.722025,0.75,0.6,0.847295,0.381283,0.100413,0.713443,1,ok,FLAT,0.0,0.0,0.0,0.0,1,0.235249,0.776526,0.1956,0.547727,part2a21_soft_caution_overlay,artifacts_part2_g532/predictions/g532_final_consensus_tape.csv
2024-01-15,0,0.2131460850785476,0.719883931329688,2.004875,1.998174,0.75,0.536052,0.5103,0.744481,0.75,0.6,0.896995,0.403648,0.100413,0.713443,1,ok,VOO,0.032159,0.032159,0.032159,0.0,0,0.14823,0.826533,0.123576,0.412322,part2a21_soft_caution_overlay,artifacts_part2_g532/predictions/g532_final_consensus_tape.csv
2024-01-16,0,0.2173246909127514,0.7111408552814994,2.036205,2.011227,0.75,0.544943,0.512841,0.749996,0.75,0.6,0.871591,0.392216,0.100875,0.712505,1,ok,VOO,0.032159,0.032159,0.032159,0.0,0,0.196546,0.808007,0.15792,0.47689,part2a21_soft_caution_overlay,artifacts_part2_g532/predictions/g532_final_consensus_tape.csv
2024-01-17,0,0.2130933262235333,0.6966125384421189,2.16109,2.06739,0.75,0.546797,0.513371,0.778512,0.75,0.6,0.866293,0.389832,0.08345,0.749738,1,ok,VOO,0.032159,0.032159,0.032159,0.0,0,0.209655,0.803814,0.163126,0.486678,part2a21_soft_caution_overlay,artifacts_part2_g532/predictions/g532_final_consensus_tape.csv
2024-01-18,0,0.2026257976246048,0.59180207916602,1.652399,1.949898,0.5,0.554079,0.515451,0.717305,0.75,0.6,0.845489,0.38047,0.095326,0.723953,0,low_agreement,VOO,0.032159,0.032159,0.032159,0.0,1,0.269366,0.871332,0.17827,0.515149,part2a21_soft_caution_overlay,artifacts_part2_g532/predictions/g532_final_consensus_tape.csv
2024-01-19,0,0.2069539721542285,0.6327482266724397,1.558687,1.790725,0.5,0.547857,0.513673,0.636669,0.75,0.6,0.863267,0.38847,0.106012,0.702223,0,low_agreement,VOO,0.032159,0.032159,0.032159,0.0,0,0.192926,0.788441,0.181706,0.521607,part2a21_soft_caution_overlay,artifacts_part2_g532/predictions/g532_final_consensus_tape.csv
2024-01-22,0,0.2077929114679785,0.6677805358693157,2.108036,1.77304,0.5,0.542219,0.512063,0.628682,0.75,0.6,0.879375,0.395719,0.099155,0.716014,0,low_agreement,FLAT,0.0,0.0,0.0,0.0,0,0.193771,0.821233,0.139646,0.442535,part2a21_soft_caution_overlay,artifacts_part2_g532/predictions/g532_final_consensus_tape.csv
2024-01-23,0,0.2036814595777943,0.6134418525430306,2.029608,1.898777,0.5,0.540031,0.511437,0.693249,0.75,0.6,0.885626,0.398532,0.097156,0.720137,0,low_agreement,FLAT,0.0,0.0,0.0,0.0,0,0.178539,0.90331,0.133348,0.430695,part2a21_soft_caution_overlay,artifacts_part2_g532/predictions/g532_final_consensus_tape.csv
2024-01-24,0,0.1924671138125089,0.3357927837874825,2.010471,2.049371,0.5,0.551288,0.514654,0.768756,0.75,0.6,0.853463,0.384058,0.093095,0.728662,0,low_agreement,FLAT,0.0,0.0,0.0,0.0,0,0.230497,0.878535,0.182764,0.523596,part2a21_soft_caution_overlay,artifacts_part2_g532/predictions/g532_final_consensus_tape.csv
2024-01-25,0,0.1927702175824315,0.4234330006733763,2.156207,2.065429,0.5,0.547146,0.51347,0.777469,0.75,0.6,0.865297,0.389384,0.081629,0.753854,0,low_agreement,FLAT,0.0,0.0,0.0,0.0,0,0.218694,0.897431,0.159871,0.480557,part2a21_soft_caution_overlay,artifacts_part2_g532/predictions/g532_final_consensus_tape.csv
2024-01-26,0,0.1925871232843981,0.3636713618908652,2.295972,2.154217,0.75,0.547374,0.513536,0.822914,0.75,0.6,0.864645,0.38909,0.076773,0.765057,1,ok,FLAT,0.0,0.0,0.0,0.0,0,0.225082,0.899383,0.157436,0.475979,part2a21_soft_caution_overlay,artifacts_part2_g532/predictions/g532_final_consensus_tape.csv
2024-01-29,0,0.1927439018632274,0.4063700506760446,1.807781,2.086654,0.5,0.546552,0.513301,0.788402,0.75,0.6,0.866995,0.390148,0.075346,0.768413,0,low_agreement,FLAT,0.0,0.0,0.0,0.0,0,0.220985,0.902105,0.154018,0.469554,part2a21_soft_caution_overlay,artifacts_part2_g532/predictions/g532_final_consensus_tape.csv
2024-01-30,0,0.1924809484867915,0.3157732526803828,2.189689,2.097814,0.75,0.546942,0.513412,0.794074,0.75,0.6,0.865881,0.389646,0.080466,0.756508,1,ok,FLAT,0.0,0.0,0.0,0.0,0,0.220083,0.899356,0.15747,0.476044,part2a21_soft_caution_overlay,artifacts_part2_g532/predictions/g532_final_consensus_tape.csv
2024-01-31,0,0.1927536284099814,0.4101027695339048,2.442944,2.146805,0.75,0.553166,0.51519,0.81858,0.75,0.6,0.848097,0.381643,0.161078,0.608157,1,ok,FLAT,0.0,0.0,0.0,0.0,0,0.250475,0.877722,0.183723,0.5254,part2a21_soft_caution_overlay,artifacts_part2_g532/predictions/g532_final_consensus_tape.csv
2024-02-01,0,0.1925930199680738,0.3526510896295161,1.448016,2.026883,0.5,0.547856,0.513673,0.757642,0.75,0.6,0.86327,0.388471,0.154919,0.617407,0,low_agreement,FLAT,0.0,0.0,0.0,0.0,0,0.219286,0.893515,0.164713,0.489661,part2a21_soft_caution_overlay,artifacts_part2_g532/predictions/g532_final_consensus_tape.csv
2024-02-02,0,0.1923455101434,0.2860384866502397,1.363794,1.751585,0.5,0.553631,0.515323,0.615481,0.75,0.6,0.846769,0.381046,0.185827,0.573622,0,low_agreement,FLAT,0.0,0.0,0.0,0.0,0,0.252433,0.875884,0.185884,0.529462,part2a21_soft_caution_overlay,artifacts_part2_g532/predictions/g532_final_consensus_tape.csv
2024-02-05,0,0.1926619756892268,0.3781212773137199,1.932296,1.581369,0.75,0.553426,0.515264,0.528078,0.75,0.6,0.847355,0.38131,0.18663,0.572567,1,ok,VOO,0.017294,0.017294,0.017294,0.0,0,0.244187,0.872631,0.189685,0.536608,part2a21_soft_caution_overlay,artifacts_part2_g532/predictions/g532_final_consensus_tape.csv
2024-02-06,0,0.1925348395122902,0.3399997756093629,1.894058,1.730049,0.75,0.547453,0.513558,0.605669,0.75,0.6,0.864421,0.388989,0.186912,0.572198,1,ok,VOO,0.017294,0.017294,0.017294,0.0,0,0.209966,0.891035,0.167752,0.495374,part2a21_soft_caution_overlay,artifacts_part2_g532/predictions/g532_final_consensus_tape.csv
2024-02-07,0,0.1923934552726032,0.3156056479006379,1.542678,1.789677,0.5,0.545494,0.512998,0.636572,0.75,0.6,0.870017,0.391508,0.191606,0.566115,0,low_agreement,VOO,0.017294,0.017294,0.017294,0.0,0,0.181878,0.888014,0.171427,0.502282,part2a21_soft_caution_overlay,artifacts_part2_g532/predictions/g532_final_consensus_tape.csv
2024-02-08,0,0.1924353652700753,0.3347812400428117,1.868846,1.768527,0.5,0.543928,0.512551,0.62605,0.75,0.6,0.874492,0.393521,0.191758,0.565921,0,low_agreement,VOO,0.017294,0.017294,0.017294,0.0,0,0.182749,0.897863,0.159332,0.479545,part2a21_soft_caution_overlay,artifacts_part2_g532/predictions/g532_final_consensus_tape.csv
2024-02-09,0,0.1927130556304282,0.4223386879754531,1.684804,1.698776,0.5,0.545848,0.513099,0.589989,0.75,0.6,0.869006,0.391053,0.19326,0.564003,0,low_agreement,VOO,0.017294,0.017294,0.017294,0.0,0,0.187791,0.889007,0.170222,0.500017,part2a21_soft_caution_overlay,artifacts_part2_g532/predictions/g532_final_consensus_tape.csv
2024-02-12,0,0.1925045383446737,0.3276829197179813,2.090916,1.881522,0.75,0.551252,0.514643,0.682628,0.75,0.6,0.853566,0.384105,0.19439,0.562569,1,ok,VOO,0.022126,0.022126,0.022126,0.0,0,0.233958,0.880642,0.180269,0.518905,part2a21_soft_caution_overlay,artifacts_part2_g532/predictions/g532_final_consensus_tape.csv
2024-02-13,0,0.1923591899034948,0.3165154971713821,2.417889,2.064537,0.75,0.562959,0.517988,0.775191,0.75,0.6,0.820116,0.369052,0.1952,0.561546,1,ok,VOO,0.022126,0.022126,0.022126,0.0,1,0.276201,0.845471,0.257111,0.59412,part2a21_soft_caution_overlay,artifacts_part2_g532/predictions/g532_final_consensus_tape.csv
2024-02-14,0,0.192477223425656,0.3227362679412925,1.64326,2.050689,0.5,0.557371,0.516392,0.76871,0.75,0.6,0.836083,0.376238,0.121656,0.672665,0,low_agreement,VOO,0.022126,0.022126,0.022126,0.0,1,0.271689,0.862773,0.201016,0.55791,part2a21_soft_caution_overlay,artifacts_part2_g532/predictions/g532_final_consensus_tape.csv
2024-02-15,0,0.192621528742846,0.3655912828920868,1.885674,1.982275,0.5,0.550132,0.514323,0.734482,0.75,0.6,0.856766,0.385545,0.121711,0.672566,0,low_agreement,VOO,0.022126,0.022126,0.022126,0.0,0,0.222035,0.881118,0.179703,0.517842,part2a21_soft_caution_overlay,artifacts_part2_g532/predictions/g532_final_consensus_tape.csv
2024-02-16,0,0.1924718130105635,0.3183849236167055,2.2106,1.913178,0.75,0.558256,0.516644,0.697786,0.75,0.6,0.833556,0.3751,0.072263,0.775765,1,ok,VOO,0.022126,0.022126,0.022126,0.0,1,0.271729,0.857021,0.207505,0.57011,part2a21_soft_caution_overlay,artifacts_part2_g532/predictions/g532_final_consensus_tape.csv
2024-02-19,0,0.1926592585218293,0.3793445175860133,1.935171,2.010482,0.75,0.550437,0.514411,0.748909,0.75,0.6,0.855893,0.385152,0.071302,0.778083,1,ok,VOO,0.033665,0.033665,0.033665,0.0,0,0.218665,0.877381,0.184125,0.526156,part2a21_soft_caution_overlay,artifacts_part2_g532/predictions/g532_final_consensus_tape.csv
2024-02-20,0,0.1923453168448977,0.2973759026236937,2.165865,2.103879,0.75,0.556466,0.516133,0.796185,0.75,0.6,0.838668,0.377401,0.08354,0.749535,1,ok,VOO,0.033665,0.033665,0.033665,0.0,0,0.245876,0.853902,0.210987,0.576656,part2a21_soft_caution_overlay,artifacts_part2_g532/predictions/g532_final_consensus_tape.csv
2024-02-21,0,0.1833314870549659,0.3468607203691083,2.006019,2.035685,0.75,0.541083,0.511738,0.762974,0.75,0.6,0.882619,0.397178,0.072092,0.776175,1,ok,VOO,0.033665,0.033665,0.033665,0.0,1,0.088737,0.586117,0.198961,0.554047,part2a21_soft_caution_overlay,artifacts_part2_g532/predictions/g532_final_consensus_tape.csv
2024-02-22,0,0.1825350737622311,0.3321281561024048,1.062892,1.744925,0.5,0.540028,0.511437,0.614752,0.75,0.6,0.885635,0.398536,0.121472,0.672998,0,low_agreement,VOO,0.033665,0.033665,0.033665,0.0,0,0.09077,0.594004,0.189878,0.536971,part2a21_soft_caution_overlay,artifacts_part2_g532/predictions/g532_final_consensus_tape.csv
2024-02-23,0,0.1825157974178228,0.3311882740556485,1.941579,1.670163,0.75,0.539672,0.511335,0.576685,0.75,0.6,0.886652,0.398994,0.12336,0.669595,1,ok,VOO,0.033665,0.033665,0.033665,0.0,0,0.094935,0.59854,0.184572,0.526995,part2a21_soft_caution_overlay,artifacts_part2_g532/predictions/g532_final_consensus_tape.csv
2024-02-26,0,0.1822069031676045,0.3269901264413862,1.895146,1.633206,0.75,0.539721,0.511349,0.557821,0.75,0.6,0.886511,0.39893,0.12398,0.668484,1,ok,VOO,0.022314,0.022314,0.022314,0.0,0,0.091971,0.596602,0.186846,0.53127,part2a21_soft_caution_overlay,artifacts_part2_g532/predictions/g532_final_consensus_tape.csv
2024-02-27,0,0.1845358108531191,0.3552879856852771,1.878791,1.905172,0.5,0.538675,0.51105,0.696721,0.75,0.6,0.8895,0.400275,0.121334,0.673248,0,low_agreement,VOO,0.022314,0.022314,0.022314,0.0,0,0.088583,0.60129,0.181325,0.520891,part2a21_soft_caution_overlay,artifacts_part2_g532/predictions/g532_final_consensus_tape.csv
2024-02-28,0,0.1834612452697527,0.3402363866737731,2.033137,1.935691,0.75,0.540153,0.511472,0.712065,0.75,0.6,0.885278,0.398375,0.125323,0.666093,1,ok,VOO,0.022314,0.022314,0.022314,0.0,0,0.090214,0.592903,0.191157,0.539375,part2a21_soft_caution_overlay,artifacts_part2_g532/predictions/g532_final_consensus_tape.csv
2024-02-29,0,0.1850828838180724,0.3656291049702158,1.689379,1.867102,0.5,0.537684,0.510767,0.677474,0.75,0.6,0.892332,0.401549,0.124502,0.667553,0,low_agreement,VOO,0.022314,0.022314,0.022314,0.0,0,0.08849,0.607349,0.174088,0.507285,part2a21_soft_caution_overlay,artifacts_part2_g532/predictions/g532_final_consensus_tape.csv
2024-03-01,0,0.1876306903196006,0.4081907037166747,1.535113,1.752543,0.5,0.536504,0.51043,0.619323,0.75,0.6,0.895702,0.403066,0.125447,0.665873,0,low_agreement,VOO,0.022314,0.022314,0.022314,0.0,0,0.082258,0.611209,0.169416,0.498502,part2a21_soft_caution_overlay,artifacts_part2_g532/predictions/g532_final_consensus_tape.csv
2024-03-04,0,0.1832766264684028,0.3316690926105203,2.117023,1.780505,0.75,0.534535,0.509867,0.633931,0.75,0.6,0.901328,0.405598,0.125161,0.66638,1,ok,VOO,0.025701,0.025701,0.025701,0.0,0,0.046003,0.523854,0.178276,0.515159,part2a21_soft_caution_overlay,artifacts_part2_g532/predictions/g532_final_consensus_tape.csv
2024-03-05,0,0.1893196566880267,0.448448713726805,2.408511,2.020216,0.75,0.540762,0.511646,0.755117,0.75,0.6,0.883538,0.397592,0.149173,0.626296,1,ok,VOO,0.025701,0.025701,0.025701,0.0,0,0.087573,0.587535,0.197342,0.551003,part2a21_soft_caution_overlay,artifacts_part2_g532/predictions/g532_final_consensus_tape.csv
2024-03-06,0,0.1867491644397685,0.4013666460339244,1.693355,2.072963,0.5,0.541169,0.511763,0.781994,0.75,0.6,0.882375,0.397069,0.148489,0.62737,0,low_agreement,VOO,0.025701,0.025701,0.025701,0.0,0,0.084196,0.582989,0.202516,0.56073,part2a21_soft_caution_overlay,artifacts_part2_g532/predictions/g532_final_consensus_tape.csv
2024-03-07,0,0.1852929809575121,0.3681440038215872,1.478307,1.860058,0.5,0.54154,0.511868,0.673242,0.75,0.6,0.881316,0.396592,0.109723,0.69498,0,low_agreement,VOO,0.025701,0.025701,0.025701,0.0,1,0.087034,0.582192,0.203417,0.562424,part2a21_soft_caution_overlay,artifacts_part2_g532/predictions/g532_final_consensus_tape.csv
2024-03-08,0,0.1897366425711583,0.4632562021719168,2.286815,1.819493,0.75,0.541924,0.511978,0.652461,0.75,0.6,0.880216,0.396097,0.113003,0.6887,1,ok,VOO,0.025701,0.025701,0.025701,0.0,1,0.083637,0.577724,0.20844,0.571867,part2a21_soft_caution_overlay,artifacts_part2_g532/predictions/g532_final_consensus_tape.csv
2024-03-11,0,0.1852751095047442,0.3749762962236755,1.952489,1.90587,0.75,0.542069,0.51202,0.696552,0.75,0.6,0.879802,0.395911,0.112839,0.689011,1,ok,VOO,0.028502,0.028502,0.028502,0.0,1,0.087971,0.579265,0.206714,0.568622,part2a21_soft_caution_overlay,artifacts_part2_g532/predictions/g532_final_consensus_tape.csv
2024-03-12,0,0.1895408006318641,0.4565830398383905,1.420072,1.886458,0.5,0.537659,0.51076,0.687342,0.75,0.6,0.892403,0.401581,0.135405,0.648668,0,low_agreement,VOO,0.028502,0.028502,0.028502,0.0,0,0.087117,0.606768,0.174787,0.5086,part2a21_soft_caution_overlay,artifacts_part2_g532/predictions/g532_final_consensus_tape.csv
2024-03-13,0,0.187382416446859,0.4190113307301166,2.035219,1.802593,0.75,0.537267,0.510648,0.644676,0.75,0.6,0.893524,0.402086,0.131584,0.655164,1,ok,VOO,0.028502,0.028502,0.028502,0.0,0,0.08861,0.609957,0.170936,0.50136,part2a21_soft_caution_overlay,artifacts_part2_g532/predictions/g532_final_consensus_tape.csv
2024-03-14,0,0.1831979900677703,0.343197271459805,1.814593,1.756628,0.75,0.536629,0.510465,0.62138,0.75,0.6,0.895347,0.402906,0.133179,0.652437,1,ok,VOO,0.028502,0.028502,0.028502,0.0,0,0.088646,0.61383,0.166216,0.492485,part2a21_soft_caution_overlay,artifacts_part2_g532/predictions/g532_final_consensus_tape.csv
2024-03-15,0,0.1819136696368556,0.3193939564423482,2.09602,1.981944,0.75,0.536797,0.510513,0.736117,0.75,0.6,0.894867,0.40269,0.13551,0.648491,1,ok,VOO,0.028502,0.028502,0.028502,0.0,0,0.090825,0.613965,0.166049,0.492172,part2a21_soft_caution_overlay,artifacts_part2_g532/predictions/g532_final_consensus_tape.csv
2024-03-18,0,0.1865478779861893,0.4004450563739815,1.490246,1.800286,0.5,0.537826,0.510807,0.643399,0.75,0.6,0.891926,0.401367,0.139929,0.641143,0,low_agreement,FLAT,0.0,0.0,0.0,0.0,0,0.088839,0.606667,0.174908,0.508827,part2a21_soft_caution_overlay,artifacts_part2_g532/predictions/g532_final_consensus_tape.csv
2024-03-19,0,0.186723951342979,0.4010631881975695,1.668009,1.751425,0.5,0.537084,0.510596,0.618641,0.75,0.6,0.894045,0.40232,0.101101,0.712047,0,low_agreement,FLAT,0.0,0.0,0.0,0.0,0,0.088687,0.611103,0.169545,0.498744,part2a21_soft_caution_overlay,artifacts_part2_g532/predictions/g532_final_consensus_tape.csv
2024-03-20,0,0.1937781442623594,0.2996531387349952,1.444337,1.534197,0.5,0.54133,0.511809,0.506909,0.75,0.6,0.881915,0.396862,0.102446,0.709328,0,low_agreement,FLAT,0.0,0.0,0.0,0.0,0,0.134234,0.716867,0.17146,0.502345,part2a21_soft_caution_overlay,artifacts_part2_g532/predictions/g532_final_consensus_tape.csv
2024-03-21,0,0.1928259440340571,0.3265228845255798,1.717477,1.609941,0.5,0.541227,0.511779,0.545604,0.75,0.6,0.88221,0.396994,0.09891,0.716516,0,low_agreement,FLAT,0.0,0.0,0.0,0.0,0,0.136554,0.718724,0.169205,0.498105,part2a21_soft_caution_overlay,artifacts_part2_g532/predictions/g532_final_consensus_tape.csv
2024-03-22,0,0.1941966697236501,0.2485373191757905,1.730253,1.630689,0.5,0.539257,0.511216,0.556642,0.75,0.6,0.887836,0.399526,0.097214,0.720016,0,low_agreement,FLAT,0.0,0.0,0.0,0.0,0,0.130531,0.727343,0.158585,0.478139,part2a21_soft_caution_overlay,artifacts_part2_g532/predictions/g532_final_consensus_tape.csv
2024-03-25,0,0.1940761333282031,0.2986499316941027,1.879086,1.775605,0.75,0.539127,0.511179,0.630575,0.75,0.6,0.888209,0.399694,0.097502,0.71942,1,ok,VOO,0.027198,0.027198,0.027198,0.0,0,0.137949,0.731914,0.152845,0.467349,part2a21_soft_caution_overlay,artifacts_part2_g532/predictions/g532_final_consensus_tape.csv
2024-03-26,0,0.1942936192425463,0.2634792166382482,1.8434,1.817579,0.75,0.540447,0.511556,0.651747,0.75,0.6,0.884438,0.397997,0.077522,0.763308,1,ok,VOO,0.027198,0.027198,0.027198,0.0,0,0.133418,0.721768,0.165483,0.491108,part2a21_soft_caution_overlay,artifacts_part2_g532/predictions/g532_final_consensus_tape.csv
2024-03-27,0,0.1940786497583368,0.2439736657166711,1.66061,1.794365,0.5,0.541696,0.511913,0.63967,0.75,0.6,0.880869,0.396391,0.079879,0.757855,0,low_agreement,VOO,0.027198,0.027198,0.027198,0.0,0,0.150547,0.723262,0.163645,0.487653,part2a21_soft_caution_overlay,artifacts_part2_g532/predictions/g532_final_consensus_tape.csv
2024-03-28,0,0.1941897275469413,0.2287808052598149,1.826013,1.776674,0.75,0.540165,0.511476,0.630925,0.75,0.6,0.885243,0.39836,0.076988,0.764555,1,ok,VOO,0.027198,0.027198,0.027198,0.0,0,0.128844,0.721058,0.166354,0.492746,part2a21_soft_caution_overlay,artifacts_part2_g532/predictions/g532_final_consensus_tape.csv
2024-03-29,0,0.1938085058847848,0.2341312239422564,1.767654,1.751426,0.75,0.539879,0.511394,0.618098,0.75,0.6,0.886061,0.398727,0.06934,0.782866,1,ok,VOO,0.027198,0.027198,0.027198,0.0,0,0.131433,0.724125,0.16258,0.485651,part2a21_soft_caution_overlay,artifacts_part2_g532/predictions/g532_final_consensus_tape.csv
2024-04-01,0,0.1937674869437328,0.2924238964499097,1.744788,1.779485,0.5,0.541858,0.51196,0.632041,0.75,0.6,0.880405,0.396182,0.070234,0.780678,0,low_agreement,FLAT,0.0,0.0,0.0,0.0,0,0.142671,0.718139,0.169916,0.499442,part2a21_soft_caution_overlay,artifacts_part2_g532/predictions/g532_final_consensus_tape.csv
2024-04-02,0,0.1946750472456039,0.2475208573069761,2.011066,1.841169,0.75,0.546497,0.513285,0.662744,0.75,0.6,0.867152,0.390219,0.075799,0.767345,1,ok,FLAT,0.0,0.0,0.0,0.0,0,0.156561,0.696811,0.195122,0.54683,part2a21_soft_caution_overlay,artifacts_part2_g532/predictions/g532_final_consensus_tape.csv
2024-04-03,0,0.1938284526859747,0.2942217130525345,1.695327,1.81706,0.5,0.542786,0.512225,0.651065,0.75,0.6,0.877754,0.394989,0.069296,0.782972,0,low_agreement,FLAT,0.0,0.0,0.0,0.0,0,0.147517,0.715074,0.173625,0.506416,part2a21_soft_caution_overlay,artifacts_part2_g532/predictions/g532_final_consensus_tape.csv
2024-04-04,0,0.193491592569428,0.2400285592230546,2.152176,1.952856,0.75,0.547467,0.513562,0.719778,0.75,0.6,0.86438,0.388971,0.103281,0.707651,1,ok,FLAT,0.0,0.0,0.0,0.0,1,0.156371,0.690442,0.20239,0.560493,part2a21_soft_caution_overlay,artifacts_part2_g532/predictions/g532_final_consensus_tape.csv
2024-04-05,0,0.1944735282011092,0.2390333730784892,1.35803,1.735178,0.5,0.54755,0.513586,0.608276,0.75,0.6,0.864142,0.388864,0.136515,0.646806,0,low_agreement,FLAT,0.0,0.0,0.0,0.0,0,0.154602,0.68889,0.204144,0.563791,part2a21_soft_caution_overlay,artifacts_part2_g532/predictions/g532_final_consensus_tape.csv
2024-04-08,0,0.1934046661633176,0.3161910962837079,1.785279,1.765162,0.75,0.54771,0.513631,0.623602,0.75,0.6,0.863685,0.388658,0.136851,0.646243,1,ok,VOO,0.023494,0.023494,0.023494,0.0,1,0.160493,0.691205,0.201525,0.558867,part2a21_soft_caution_overlay,artifacts_part2_g532/predictions/g532_final_consensus_tape.csv
2024-04-09,0,0.1943749111721419,0.2556627411459953,1.738982,1.62743,0.5,0.547895,0.513684,0.553011,0.75,0.6,0.863156,0.38842,0.135429,0.648628,0,low_agreement,VOO,0.023494,0.023494,0.023494,0.0,1,0.16648,0.693398,0.19903,0.554177,part2a21_soft_caution_overlay,artifacts_part2_g532/predictions/g532_final_consensus_tape.csv
2024-04-10,0,0.1942647165746683,0.2938492164364532,2.082073,1.868778,0.75,0.54681,0.513374,0.676825,0.75,0.6,0.866256,0.389815,0.134581,0.650058,1,ok,VOO,0.023494,0.023494,0.023494,0.0,0,0.156695,0.694872,0.197346,0.55101,part2a21_soft_caution_overlay,artifacts_part2_g532/predictions/g532_final_consensus_tape.csv
2024-04-11,0,0.1929052886733336,0.3388844901897934,1.382196,1.734417,0.5,0.544222,0.512635,0.608553,0.75,0.6,0.873652,0.393144,0.140033,0.640971,0,low_agreement,VOO,0.023494,0.023494,0.023494,0.0,0,0.152858,0.709112,0.180755,0.51982,part2a21_soft_caution_overlay,artifacts_part2_g532/predictions/g532_final_consensus_tape.csv
2024-04-12,0,0.1933730905932738,0.366783190510918,2.235541,1.899937,0.75,0.546261,0.513217,0.692864,0.75,0.6,0.867825,0.390521,0.171184,0.593565,1,ok,VOO,0.023494,0.023494,0.023494,0.0,0,0.15784,0.699029,0.192564,0.54202,part2a21_soft_caution_overlay,artifacts_part2_g532/predictions/g532_final_consensus_tape.csv
2024-04-15,0,0.1949658426922057,0.294146391764459,2.241114,1.952951,0.75,0.548316,0.513805,0.719704,0.75,0.6,0.861953,0.387879,0.167595,0.598667,1,ok,VOO,0.025068,0.025068,0.025068,0.0,1,0.165126,0.689901,0.203003,0.561645,part2a21_soft_caution_overlay,artifacts_part2_g532/predictions/g532_final_consensus_tape.csv
2024-04-16,0,0.1966870644519216,0.2630551025106094,1.724455,2.067037,0.75,0.546766,0.513362,0.778335,0.75,0.6,0.866382,0.389872,0.167667,0.598563,1,ok,VOO,0.025068,0.025068,0.025068,0.0,0,0.154061,0.69367,0.19872,0.553593,part2a21_soft_caution_overlay,artifacts_part2_g532/predictions/g532_final_consensus_tape.csv
2024-04-17,0,0.3456127241918338,0.6479085507291729,1.990498,1.985356,0.75,0.549041,0.514012,0.73621,0.65,0.6,0.859882,0.335354,0.177182,0.585231,0,high_risk_veto,VOO,0.025068,0.025068,0.025068,0.0,1,0.172855,0.710513,0.203362,0.562321,part2a21_soft_caution_overlay,artifacts_part2_g532/predictions/g532_final_consensus_tape.csv
2024-04-18,0,0.3827582554443784,0.6806123827662923,1.802002,1.838985,0.75,0.54607,0.513163,0.6617,0.65,0.6,0.868371,0.338665,0.160037,0.609701,0,high_risk_veto,VOO,0.025068,0.025068,0.025068,0.0,0,0.165405,0.725355,0.186282,0.53021,part2a21_soft_caution_overlay,artifacts_part2_g532/predictions/g532_final_consensus_tape.csv
2024-04-19,0,0.326103439574496,0.6438153094831245,2.212974,2.001825,0.75,0.547289,0.513511,0.74488,0.65,0.6,0.864889,0.337307,0.131731,0.654912,0,high_risk_veto,VOO,0.025068,0.025068,0.025068,0.0,0,0.162224,0.715837,0.197306,0.550936,part2a21_soft_caution_overlay,artifacts_part2_g532/predictions/g532_final_consensus_tape.csv
2024-04-22,0,0.3807349386922906,0.6970892719313829,1.336603,1.78386,0.5,0.547197,0.513485,0.633276,0.65,0.6,0.86515,0.337409,0.141812,0.638062,0,high_risk_veto,FLAT,0.0,0.0,0.0,0.0,0,0.162204,0.716414,0.196646,0.549694,part2a21_soft_caution_overlay,artifacts_part2_g532/predictions/g532_final_consensus_tape.csv
2024-04-23,0,0.2964130212836929,0.622115446146619,1.207806,1.585794,0.5,0.54737,0.513534,0.531808,0.65,0.6,0.864658,0.337217,0.157582,0.613374,0,high_risk_veto,FLAT,0.0,0.0,0.0,0.0,0,0.162536,0.715492,0.197701,0.551678,part2a21_soft_caution_overlay,artifacts_part2_g532/predictions/g532_final_consensus_tape.csv
2024-04-24,0,0.3505374131179329,0.6689617260082326,1.658524,1.400978,0.5,0.548796,0.513942,0.436747,0.65,0.6,0.860584,0.335628,0.156597,0.614859,0,high_risk_veto,FLAT,0.0,0.0,0.0,0.0,1,0.175178,0.713428,0.200056,0.556106,part2a21_soft_caution_overlay,artifacts_part2_g532/predictions/g532_final_consensus_tape.csv
2024-04-25,0,0.3362679616453711,0.6497064789980859,1.929572,1.598634,0.75,0.548708,0.513917,0.538067,0.65,0.6,0.860834,0.335725,0.147031,0.629673,0,high_risk_veto,FLAT,0.0,0.0,0.0,0.0,0,0.167017,0.709355,0.204669,0.564778,part2a21_soft_caution_overlay,artifacts_part2_g532/predictions/g532_final_consensus_tape.csv
2024-04-26,0,0.3374236495647639,0.654488074264615,1.293665,1.627254,0.5,0.544974,0.51285,0.553589,0.65,0.6,0.871504,0.339887,0.12398,0.668485,0,high_risk_veto,FLAT,0.0,0.0,0.0,0.0,0,0.160778,0.729676,0.18119,0.520636,part2a21_soft_caution_overlay,artifacts_part2_g532/predictions/g532_final_consensus_tape.csv
2024-04-29,0,0.3071469093128792,0.6341755279211082,1.673466,1.632234,0.5,0.545485,0.512996,0.55602,0.65,0.6,0.870043,0.339317,0.11843,0.678555,0,high_risk_veto,FLAT,0.0,0.0,0.0,0.0,0,0.158885,0.725447,0.186175,0.530008,part2a21_soft_caution_overlay,artifacts_part2_g532/predictions/g532_final_consensus_tape.csv
2024-04-30,0,0.3310647276367611,0.6394396691071096,2.320953,1.762695,0.75,0.546702,0.513343,0.622533,0.65,0.6,0.866567,0.337961,0.132887,0.652933,0,high_risk_veto,FLAT,0.0,0.0,0.0,0.0,0,0.162784,0.71991,0.192621,0.542127,part2a21_soft_caution_overlay,artifacts_part2_g532/predictions/g532_final_consensus_tape.csv
2024-05-01,0,0.3194492597893495,0.633589039133807,1.898131,1.964183,0.75,0.546311,0.513232,0.725741,0.65,0.6,0.867682,0.338396,0.121892,0.672238,0,high_risk_veto,FLAT,0.0,0.0,0.0,0.0,0,0.164775,0.723489,0.188465,0.534314,part2a21_soft_caution_overlay,artifacts_part2_g532/predictions/g532_final_consensus_tape.csv
2024-05-02,0,0.3151717131300242,0.64456477704544,1.31873,1.845938,0.5,0.544795,0.512799,0.665476,0.65,0.6,0.872014,0.340086,0.123889,0.668648,0,high_risk_veto,FLAT,0.0,0.0,0.0,0.0,0,0.160134,0.730435,0.180289,0.518943,part2a21_soft_caution_overlay,artifacts_part2_g532/predictions/g532_final_consensus_tape.csv
2024-05-03,0,0.400054759650806,0.7193364011426041,1.146449,1.454437,0.5,0.542039,0.512011,0.465994,0.65,0.6,0.879889,0.343157,0.113086,0.688542,0,high_risk_veto,FLAT,0.0,0.0,0.0,0.0,0,0.151691,0.742738,0.165434,0.491016,part2a21_soft_caution_overlay,artifacts_part2_g532/predictions/g532_final_consensus_tape.csv
2024-05-06,0,0.408595054058308,0.7285492793647372,1.405378,1.290186,0.5,0.541455,0.511844,0.382289,0.65,0.6,0.881557,0.343807,0.114135,0.686558,0,high_risk_veto,FLAT,0.0,0.0,0.0,0.0,0,0.147183,0.743873,0.164039,0.488393,part2a21_soft_caution_overlay,artifacts_part2_g532/predictions/g532_final_consensus_tape.csv
2024-05-07,0,0.3974511894959693,0.7163619847176047,1.701988,1.417938,0.75,0.541438,0.511839,0.447522,0.65,0.6,0.881607,0.343827,0.103117,0.70798,0,high_risk_veto,FLAT,0.0,0.0,0.0,0.0,0,0.149709,0.745295,0.162284,0.485094,part2a21_soft_caution_overlay,artifacts_part2_g532/predictions/g532_final_consensus_tape.csv
2024-05-08,0,0.3242120327398163,0.6540169800934422,1.716075,1.607814,0.75,0.541393,0.511827,0.544479,0.65,0.6,0.881735,0.343876,0.103346,0.707523,0,high_risk_veto,FLAT,0.0,0.0,0.0,0.0,0,0.14828,0.744817,0.162875,0.486204,part2a21_soft_caution_overlay,artifacts_part2_g532/predictions/g532_final_consensus_tape.csv
2024-05-09,0,0.2816902873711049,0.6195688471001172,1.574932,1.664332,0.5,0.541203,0.511772,0.573377,0.65,0.6,0.882276,0.344088,0.103368,0.707477,0,high_risk_veto,FLAT,0.0,0.0,0.0,0.0,0,0.141774,0.742546,0.16567,0.49146,part2a21_soft_caution_overlay,artifacts_part2_g532/predictions/g532_final_consensus_tape.csv
2024-05-10,0,0.2798763061668726,0.6225857192274781,1.599753,1.630253,0.5,0.540797,0.511656,0.556071,0.65,0.6,0.883438,0.344541,0.099829,0.714635,0,high_risk_veto,FLAT,0.0,0.0,0.0,0.0,0,0.145233,0.746776,0.160448,0.481642,part2a21_soft_caution_overlay,artifacts_part2_g532/predictions/g532_final_consensus_tape.csv
2024-05-13,0,0.2726940683822197,0.6006489650788214,1.620239,1.598308,0.5,0.546208,0.513202,0.538491,0.65,0.6,0.867977,0.338511,0.100126,0.714028,0,high_risk_veto,FLAT,0.0,0.0,0.0,0.0,0,0.167101,0.725419,0.186207,0.530069,part2a21_soft_caution_overlay,artifacts_part2_g532/predictions/g532_final_consensus_tape.csv
2024-05-14,0,0.2286087068776653,0.5735898882549112,1.49608,1.572024,0.5,0.545031,0.512866,0.525324,0.75,0.6,0.871339,0.392103,0.073367,0.773115,0,low_agreement,FLAT,0.0,0.0,0.0,0.0,0,0.165303,0.731771,0.178699,0.515955,part2a21_soft_caution_overlay,artifacts_part2_g532/predictions/g532_final_consensus_tape.csv
2024-05-15,0,0.1989051448028619,0.6335558015852655,1.201392,1.439237,0.5,0.540064,0.511447,0.458777,0.75,0.6,0.885532,0.398489,0.051132,0.8302,0,low_agreement,FLAT,0.0,0.0,0.0,0.0,0,0.172684,0.93715,0.137364,0.438245,part2a21_soft_caution_overlay,artifacts_part2_g532/predictions/g532_final_consensus_tape.csv
2024-05-16,0,0.1914661515517904,0.5211625563279114,1.734761,1.477411,0.75,0.541971,0.511992,0.477746,0.75,0.6,0.880084,0.396038,0.053435,0.823898,1,ok,FLAT,0.0,0.0,0.0,0.0,0,0.180258,0.932174,0.146524,0.455465,part2a21_soft_caution_overlay,artifacts_part2_g532/predictions/g532_final_consensus_tape.csv
2024-05-17,0,0.1929258006153765,0.5441873634890271,1.685595,1.540583,0.75,0.541843,0.511955,0.510041,0.75,0.6,0.88045,0.396202,0.050098,0.833061,1,ok,FLAT,0.0,0.0,0.0,0.0,0,0.190045,0.93652,0.139276,0.441838,part2a21_soft_caution_overlay,artifacts_part2_g532/predictions/g532_final_consensus_tape.csv
2024-05-20,0,0.20035950085008,0.647868124357363,1.554518,1.658291,0.5,0.543399,0.5124,0.569811,0.75,0.6,0.876004,0.394202,0.03534,0.876149,0,low_agreement,FLAT,0.0,0.0,0.0,0.0,0,0.199248,0.933511,0.144805,0.452233,part2a21_soft_caution_overlay,artifacts_part2_g532/predictions/g532_final_consensus_tape.csv
2024-05-21,0,0.1892026213590007,0.4874724683085336,1.623428,1.62118,0.5,0.541786,0.511939,0.551214,0.75,0.6,0.880611,0.396275,0.032503,0.884945,0,low_agreement,FLAT,0.0,0.0,0.0,0.0,0,0.177234,0.931714,0.147114,0.456574,part2a21_soft_caution_overlay,artifacts_part2_g532/predictions/g532_final_consensus_tape.csv
2024-05-22,0,0.1887983334560776,0.4813417546472707,1.711773,1.629906,0.75,0.543044,0.512298,0.555384,0.75,0.6,0.877016,0.394657,0.037563,0.869376,1,ok,FLAT,0.0,0.0,0.0,0.0,0,0.182505,0.9271,0.152984,0.46761,part2a21_soft_caution_overlay,artifacts_part2_g532/predictions/g532_final_consensus_tape.csv
2024-05-23,0,0.1966651906162776,0.5975395685233557,1.809199,1.7148,0.75,0.546872,0.513392,0.597978,0.75,0.6,0.866079,0.389736,0.046689,0.842632,1,ok,FLAT,0.0,0.0,0.0,0.0,0,0.203272,0.91518,0.167791,0.495446,part2a21_soft_caution_overlay,artifacts_part2_g532/predictions/g532_final_consensus_tape.csv
2024-05-24,0,0.1909135750918665,0.513357334481736,1.446407,1.655793,0.5,0.542549,0.512157,0.568721,0.75,0.6,0.878432,0.395294,0.048948,0.836267,0,low_agreement,FLAT,0.0,0.0,0.0,0.0,0,0.192137,0.934809,0.143129,0.449083,part2a21_soft_caution_overlay,artifacts_part2_g532/predictions/g532_final_consensus_tape.csv
2024-05-27,0,0.1899637219685285,0.5011105967193384,1.732427,1.662678,0.75,0.540923,0.511692,0.572593,0.75,0.6,0.883077,0.397385,0.047732,0.839682,1,ok,VOO,0.028659,0.028659,0.028659,0.0,0,0.184249,0.937521,0.136239,0.436129,part2a21_soft_caution_overlay,artifacts_part2_g532/predictions/g532_final_consensus_tape.csv
2024-05-28,0,0.1964897150130061,0.5940240918119434,1.59242,1.590418,0.5,0.547325,0.513521,0.534187,0.75,0.6,0.864787,0.389154,0.054124,0.822033,0,low_agreement,VOO,0.028659,0.028659,0.028659,0.0,0,0.20856,0.915242,0.167714,0.495303,part2a21_soft_caution_overlay,artifacts_part2_g532/predictions/g532_final_consensus_tape.csv
2024-05-29,0,0.1904246939458487,0.5057385187143456,1.883792,1.736213,0.75,0.556902,0.516258,0.606923,0.75,0.6,0.837422,0.37684,0.055062,0.819505,1,ok,VOO,0.028659,0.028659,0.028659,0.0,1,0.27119,0.889696,0.197887,0.552027,part2a21_soft_caution_overlay,artifacts_part2_g532/predictions/g532_final_consensus_tape.csv
2024-05-30,0,0.1898536451224278,0.4893062191077018,2.048169,1.84146,0.75,0.551146,0.514613,0.662089,0.75,0.6,0.853868,0.384241,0.085147,0.745942,1,ok,VOO,0.028659,0.028659,0.028659,0.0,0,0.2374,0.907331,0.177274,0.513274,part2a21_soft_caution_overlay,artifacts_part2_g532/predictions/g532_final_consensus_tape.csv
2024-05-31,0,0.1928937661575823,0.5378707726728414,1.652209,1.86139,0.75,0.543668,0.512477,0.673568,0.75,0.6,0.875235,0.393856,0.084321,0.747784,1,ok,VOO,0.028659,0.028659,0.028659,0.0,0,0.189151,0.926856,0.153293,0.46819,part2a21_soft_caution_overlay,artifacts_part2_g532/predictions/g532_final_consensus_tape.csv
2024-06-03,0,0.1916957617045877,0.5236162495426012,1.384762,1.695046,0.5,0.54667,0.513334,0.587907,0.75,0.6,0.866656,0.389995,0.086871,0.742125,0,low_agreement,FLAT,0.0,0.0,0.0,0.0,0,0.207705,0.918718,0.163448,0.487283,part2a21_soft_caution_overlay,artifacts_part2_g532/predictions/g532_final_consensus_tape.csv
2024-06-04,0,0.1976235380934504,0.6127177400191223,1.377596,1.471522,0.5,0.546336,0.513239,0.473565,0.75,0.6,0.867612,0.390425,0.088216,0.739173,0,low_agreement,FLAT,0.0,0.0,0.0,0.0,0,0.20193,0.917697,0.164705,0.489646,part2a21_soft_caution_overlay,artifacts_part2_g532/predictions/g532_final_consensus_tape.csv
2024-06-05,0,0.2038883753941452,0.7106735003744463,0.909126,1.223828,0.5,0.544801,0.5128,0.347293,0.75,0.6,0.871996,0.392398,0.100394,0.713483,0,low_agreement,FLAT,0.0,0.0,0.0,0.0,0,0.191834,0.921573,0.159912,0.480634,part2a21_soft_caution_overlay,artifacts_part2_g532/predictions/g532_final_consensus_tape.csv
2024-06-06,0,0.2076980515461978,0.7603005862798473,1.498148,1.261623,0.75,0.543461,0.512417,0.367058,0.75,0.6,0.875827,0.394122,0.098393,0.717579,1,ok,FLAT,0.0,0.0,0.0,0.0,0,0.183996,0.845431,0.155088,0.471565,part2a21_soft_caution_overlay,artifacts_part2_g532/predictions/g532_final_consensus_tape.csv
2024-06-07,0,0.2018153769553514,0.6820976843728904,1.579222,1.328832,0.75,0.541936,0.511982,0.401875,0.75,0.6,0.880182,0.396082,0.105816,0.70261,1,ok,FLAT,0.0,0.0,0.0,0.0,0,0.182765,0.933625,0.144657,0.451956,part2a21_soft_caution_overlay,artifacts_part2_g532/predictions/g532_final_consensus_tape.csv
2024-06-10,0,0.1984281099565007,0.6208932689205321,1.465996,1.514456,0.5,0.54407,0.512591,0.496125,0.75,0.6,0.874087,0.393339,0.108629,0.697099,0,low_agreement,FLAT,0.0,0.0,0.0,0.0,0,0.199474,0.929768,0.149599,0.461247,part2a21_soft_caution_overlay,artifacts_part2_g532/predictions/g532_final_consensus_tape.csv
2024-06-11,0,0.1966812863486045,0.5957145921539481,1.342579,1.462599,0.5,0.5492,0.514057,0.468218,0.75,0.6,0.859428,0.386743,0.105734,0.702771,0,low_agreement,FLAT,0.0,0.0,0.0,0.0,0,0.224747,0.912463,0.171096,0.50166,part2a21_soft_caution_overlay,artifacts_part2_g532/predictions/g532_final_consensus_tape.csv
2024-06-12,0,0.1896204425928808,0.597992077612087,1.174667,1.327747,0.5,0.540464,0.511561,0.40177,0.75,0.6,0.88439,0.397975,0.105692,0.702854,0,low_agreement,FLAT,0.0,0.0,0.0,0.0,0,0.122975,0.671439,0.172335,0.503991,part2a21_soft_caution_overlay,artifacts_part2_g532/predictions/g532_final_consensus_tape.csv
2024-06-13,0,0.1844265446488955,0.5340132467478885,1.345042,1.287429,0.5,0.539966,0.511419,0.381352,0.75,0.6,0.885812,0.398615,0.08706,0.741708,0,low_agreement,FLAT,0.0,0.0,0.0,0.0,0,0.121773,0.673822,0.169446,0.498558,part2a21_soft_caution_overlay,artifacts_part2_g532/predictions/g532_final_consensus_tape.csv
2024-06-14,0,0.1857775615279077,0.5383814799716279,1.275764,1.265157,0.5,0.541434,0.511838,0.369517,0.75,0.6,0.881617,0.396728,0.086581,0.742763,0,low_agreement,FLAT,0.0,0.0,0.0,0.0,0,0.123527,0.665778,0.179127,0.516759,part2a21_soft_caution_overlay,artifacts_part2_g532/predictions/g532_final_consensus_tape.csv
2024-06-17,0,0.18597693206392,0.5365122102091737,1.183644,1.26815,0.5,0.543248,0.512357,0.370462,0.75,0.6,0.876434,0.394395,0.097348,0.719739,0,low_agreement,FLAT,0.0,0.0,0.0,0.0,0,0.123839,0.654568,0.192283,0.541493,part2a21_soft_caution_overlay,artifacts_part2_g532/predictions/g532_final_consensus_tape.csv
2024-06-18,0,0.1858464901480475,0.5293316377977586,1.499803,1.319737,0.75,0.539195,0.511198,0.398072,0.75,0.6,0.888016,0.399607,0.093135,0.728576,1,ok,FLAT,0.0,0.0,0.0,0.0,0,0.12076,0.67793,0.164419,0.489107,part2a21_soft_caution_overlay,artifacts_part2_g532/predictions/g532_final_consensus_tape.csv
2024-06-19,0,0.1870048895437805,0.5489624280871711,1.51103,1.398159,0.75,0.539917,0.511405,0.43786,0.75,0.6,0.885952,0.398678,0.088579,0.738381,1,ok,FLAT,0.0,0.0,0.0,0.0,0,0.124525,0.675572,0.167311,0.494545,part2a21_soft_caution_overlay,artifacts_part2_g532/predictions/g532_final_consensus_tape.csv
2024-06-20,0,0.1976116052304678,0.6243012966549516,1.723969,1.578267,0.75,0.539859,0.511388,0.529762,0.75,0.6,0.886118,0.398753,0.088847,0.737797,1,ok,FLAT,0.0,0.0,0.0,0.0,0,0.123649,0.67546,0.167449,0.494803,part2a21_soft_caution_overlay,artifacts_part2_g532/predictions/g532_final_consensus_tape.csv
2024-06-21,0,0.1910284242295637,0.509803202457871,1.609713,1.614904,0.75,0.54029,0.511511,0.548353,0.75,0.6,0.884885,0.398198,0.080567,0.756277,1,ok,FLAT,0.0,0.0,0.0,0.0,0,0.126542,0.674384,0.168761,0.497271,part2a21_soft_caution_overlay,artifacts_part2_g532/predictions/g532_final_consensus_tape.csv
2024-06-24,0,0.1942936294386062,0.5760652761370849,1.811021,1.714901,0.75,0.540011,0.511432,0.599437,0.75,0.6,0.885682,0.398557,0.078434,0.761188,1,ok,VOO,0.027278,0.027278,0.027278,0.0,0,0.125947,0.675753,0.16709,0.494129,part2a21_soft_caution_overlay,artifacts_part2_g532/predictions/g532_final_consensus_tape.csv
2024-06-25,0,0.1939709744104444,0.5828498338177126,1.103081,1.507938,0.5,0.540563,0.511589,0.493701,0.75,0.6,0.884107,0.397848,0.078471,0.761103,0,low_agreement,VOO,0.027278,0.027278,0.027278,0.0,0,0.127527,0.673256,0.170133,0.499851,part2a21_soft_caution_overlay,artifacts_part2_g532/predictions/g532_final_consensus_tape.csv
2024-06-26,0,0.1948309561711917,0.5751643734468196,1.386637,1.43358,0.5,0.541384,0.511824,0.455524,0.75,0.6,0.881761,0.396792,0.084963,0.746351,0,low_agreement,VOO,0.027278,0.027278,0.027278,0.0,0,0.128546,0.668793,0.175522,0.509982,part2a21_soft_caution_overlay,artifacts_part2_g532/predictions/g532_final_consensus_tape.csv
2024-06-27,0,0.1938296454662994,0.5447764235031127,1.376635,1.288784,0.5,0.540294,0.511513,0.38194,0.75,0.6,0.884874,0.398193,0.079787,0.758065,0,low_agreement,VOO,0.027278,0.027278,0.027278,0.0,0,0.129184,0.675755,0.167088,0.494125,part2a21_soft_caution_overlay,artifacts_part2_g532/predictions/g532_final_consensus_tape.csv
2024-06-28,0,0.1927498135823983,0.5458065218603704,1.676175,1.479816,0.75,0.53908,0.511166,0.479742,0.75,0.6,0.888343,0.399755,0.078223,0.761678,1,ok,VOO,0.027278,0.027278,0.027278,0.0,0,0.122641,0.679597,0.162362,0.48524,part2a21_soft_caution_overlay,artifacts_part2_g532/predictions/g532_final_consensus_tape.csv
2024-07-01,0,0.192011129069003,0.5999507836507176,1.345791,1.4662,0.5,0.537889,0.510825,0.473119,0.75,0.6,0.891747,0.401286,0.067798,0.786662,0,low_agreement,FLAT,0.0,0.0,0.0,0.0,0,0.121574,0.686075,0.154278,0.470042,part2a21_soft_caution_overlay,artifacts_part2_g532/predictions/g532_final_consensus_tape.csv
2024-07-02,0,0.1906752904203094,0.5763973281734068,1.245742,1.422569,0.5,0.53896,0.511132,0.450582,0.75,0.6,0.888685,0.399908,0.065912,0.791359,0,low_agreement,FLAT,0.0,0.0,0.0,0.0,0,0.125785,0.68194,0.159456,0.479777,part2a21_soft_caution_overlay,artifacts_part2_g532/predictions/g532_final_consensus_tape.csv
2024-07-03,0,0.1877914746355689,0.5685072995996071,1.320762,1.304098,0.5,0.539213,0.511204,0.390091,0.75,0.6,0.887962,0.399583,0.068327,0.785356,0,low_agreement,FLAT,0.0,0.0,0.0,0.0,0,0.122625,0.678793,0.163355,0.487108,part2a21_soft_caution_overlay,artifacts_part2_g532/predictions/g532_final_consensus_tape.csv
2024-07-04,0,0.1871026658990113,0.5554731877871666,1.572466,1.379656,0.75,0.538341,0.510955,0.428879,0.75,0.6,0.890453,0.400704,0.068163,0.78576,1,ok,FLAT,0.0,0.0,0.0,0.0,0,0.120366,0.682795,0.15839,0.477773,part2a21_soft_caution_overlay,artifacts_part2_g532/predictions/g532_final_consensus_tape.csv
2024-07-05,0,0.1880873563296636,0.5374910161210819,1.304886,1.399371,0.5,0.540706,0.51163,0.438252,0.75,0.6,0.883696,0.397663,0.064963,0.793743,0,low_agreement,FLAT,0.0,0.0,0.0,0.0,0,0.130549,0.673987,0.169245,0.498181,part2a21_soft_caution_overlay,artifacts_part2_g532/predictions/g532_final_consensus_tape.csv
2024-07-08,0,0.1881733870367616,0.5519477589376407,1.555947,1.477766,0.5,0.540546,0.511585,0.478307,0.75,0.6,0.884154,0.397869,0.058304,0.810889,0,low_agreement,FLAT,0.0,0.0,0.0,0.0,0,0.12971,0.674512,0.168605,0.496978,part2a21_soft_caution_overlay,artifacts_part2_g532/predictions/g532_final_consensus_tape.csv
2024-07-09,0,0.1894096382420812,0.5621313607002304,1.602019,1.487617,0.5,0.541235,0.511781,0.483153,0.75,0.6,0.882185,0.396983,0.058039,0.811585,0,low_agreement,FLAT,0.0,0.0,0.0,0.0,0,0.129713,0.670327,0.173677,0.506513,part2a21_soft_caution_overlay,artifacts_part2_g532/predictions/g532_final_consensus_tape.csv
2024-07-10,0,0.1963635212510845,0.6242184011463044,1.326358,1.494775,0.5,0.539589,0.511311,0.487237,0.75,0.6,0.886889,0.3991,0.061896,0.80155,0,low_agreement,FLAT,0.0,0.0,0.0,0.0,0,0.122179,0.67631,0.166408,0.492848,part2a21_soft_caution_overlay,artifacts_part2_g532/predictions/g532_final_consensus_tape.csv
2024-07-11,0,0.1948478729830975,0.6120950202648358,2.206514,1.711631,0.75,0.5389,0.511114,0.597996,0.75,0.6,0.888857,0.399986,0.106644,0.70098,1,ok,FLAT,0.0,0.0,0.0,0.0,0,0.11835,0.678431,0.163802,0.487948,part2a21_soft_caution_overlay,artifacts_part2_g532/predictions/g532_final_consensus_tape.csv
2024-07-12,0,0.1933328185337214,0.596319556994585,1.374158,1.635677,0.5,0.540349,0.511528,0.55894,0.75,0.6,0.884717,0.398123,0.107812,0.698691,0,low_agreement,FLAT,0.0,0.0,0.0,0.0,0,0.123939,0.672647,0.170872,0.50124,part2a21_soft_caution_overlay,artifacts_part2_g532/predictions/g532_final_consensus_tape.csv
2024-07-15,0,0.1936582143655844,0.5936573222099365,1.479521,1.686731,0.5,0.538982,0.511138,0.585282,0.75,0.6,0.888624,0.399881,0.101101,0.712047,0,low_agreement,FLAT,0.0,0.0,0.0,0.0,0,0.119468,0.678527,0.163683,0.487725,part2a21_soft_caution_overlay,artifacts_part2_g532/predictions/g532_final_consensus_tape.csv
2024-07-16,0,0.1925780944490383,0.590769741540384,1.589588,1.481089,0.75,0.538901,0.511114,0.480439,0.75,0.6,0.888855,0.399985,0.1006,0.713063,1,ok,FLAT,0.0,0.0,0.0,0.0,0,0.119542,0.679049,0.163039,0.486513,part2a21_soft_caution_overlay,artifacts_part2_g532/predictions/g532_final_consensus_tape.csv
2024-07-17,0,0.196827852429203,0.6223732802887499,2.355825,1.808312,0.75,0.542307,0.512088,0.646682,0.75,0.6,0.879122,0.395605,0.127387,0.66245,1,ok,FLAT,0.0,0.0,0.0,0.0,0,0.118239,0.657427,0.188964,0.535252,part2a21_soft_caution_overlay,artifacts_part2_g532/predictions/g532_final_consensus_tape.csv
2024-07-18,0,0.1897386675940823,0.5353761469590586,1.619319,1.854911,0.75,0.544094,0.512598,0.670184,0.75,0.6,0.874017,0.393308,0.128928,0.659756,1,ok,FLAT,0.0,0.0,0.0,0.0,0,0.118107,0.6459,0.202206,0.560148,part2a21_soft_caution_overlay,artifacts_part2_g532/predictions/g532_final_consensus_tape.csv
2024-07-19,0,0.1931259371389726,0.5690175823894249,1.735133,1.903426,0.75,0.543127,0.512322,0.695139,0.75,0.6,0.87678,0.394551,0.129153,0.659364,1,ok,FLAT,0.0,0.0,0.0,0.0,0,0.117475,0.651784,0.195493,0.547527,part2a21_soft_caution_overlay,artifacts_part2_g532/predictions/g532_final_consensus_tape.csv
2024-07-22,0,0.1865211650283383,0.4850736863410652,1.093063,1.482505,0.5,0.543256,0.512359,0.480006,0.75,0.6,0.87641,0.394385,0.144236,0.634138,0,low_agreement,FLAT,0.0,0.0,0.0,0.0,0,0.128881,0.657312,0.189097,0.535502,part2a21_soft_caution_overlay,artifacts_part2_g532/predictions/g532_final_consensus_tape.csv
2024-07-23,0,0.1878906643839194,0.5029049712000416,1.605864,1.47802,0.75,0.543177,0.512336,0.477735,0.75,0.6,0.876636,0.394486,0.143568,0.635215,1,ok,FLAT,0.0,0.0,0.0,0.0,0,0.130581,0.658749,0.18742,0.53235,part2a21_soft_caution_overlay,artifacts_part2_g532/predictions/g532_final_consensus_tape.csv
2024-07-24,0,0.1878759016357606,0.5170419648900223,2.517505,1.73881,0.75,0.540643,0.511612,0.61151,0.75,0.6,0.883876,0.397744,0.163829,0.604115,1,ok,FLAT,0.0,0.0,0.0,0.0,1,0.077713,0.565355,0.202823,0.561308,part2a21_soft_caution_overlay,artifacts_part2_g532/predictions/g532_final_consensus_tape.csv
2024-07-25,0,0.1880246266019666,0.5167643310958846,1.679719,1.934362,0.75,0.544804,0.512801,0.7107,0.75,0.6,0.87199,0.392395,0.153487,0.619599,1,ok,FLAT,0.0,0.0,0.0,0.0,0,0.124305,0.644811,0.203439,0.562465,part2a21_soft_caution_overlay,artifacts_part2_g532/predictions/g532_final_consensus_tape.csv
2024-07-26,0,0.1867970113175874,0.4987719789712144,1.017591,1.738271,0.5,0.543944,0.512556,0.610579,0.75,0.6,0.874445,0.3935,0.156976,0.614287,0,low_agreement,FLAT,0.0,0.0,0.0,0.0,0,0.118789,0.647259,0.200664,0.557249,part2a21_soft_caution_overlay,artifacts_part2_g532/predictions/g532_final_consensus_tape.csv
2024-07-29,0,0.1896206399600183,0.53473727752809,1.270024,1.322444,0.5,0.543509,0.512431,0.398129,0.75,0.6,0.875689,0.39406,0.14935,0.626018,0,low_agreement,FLAT,0.0,0.0,0.0,0.0,0,0.119466,0.650451,0.197022,0.550401,part2a21_soft_caution_overlay,artifacts_part2_g532/predictions/g532_final_consensus_tape.csv
2024-07-30,0,0.193864686899676,0.5974087657902469,1.706923,1.331512,0.75,0.544217,0.512634,0.402547,0.75,0.6,0.873665,0.393149,0.147811,0.628439,1,ok,FLAT,0.0,0.0,0.0,0.0,0,0.117685,0.644857,0.203386,0.562367,part2a21_soft_caution_overlay,artifacts_part2_g532/predictions/g532_final_consensus_tape.csv
2024-07-31,0,0.1925784269768421,0.5619191118106265,0.445438,1.140795,0.5,0.544682,0.512766,0.304867,0.75,0.6,0.872337,0.392552,0.147742,0.628549,0,low_agreement,FLAT,0.0,0.0,0.0,0.0,0,0.119954,0.643119,0.205346,0.566051,part2a21_soft_caution_overlay,artifacts_part2_g532/predictions/g532_final_consensus_tape.csv
2024-08-01,0,0.1940764786904427,0.5844933701401963,1.888671,1.347011,0.75,0.543931,0.512552,0.410558,0.75,0.6,0.874484,0.393518,0.167943,0.598167,1,ok,FLAT,0.0,0.0,0.0,0.0,0,0.118182,0.647004,0.200954,0.557794,part2a21_soft_caution_overlay,artifacts_part2_g532/predictions/g532_final_consensus_tape.csv
2024-08-02,0,0.1959464262291384,0.5965523345737987,1.605471,1.313193,0.75,0.547006,0.51343,0.392314,0.75,0.6,0.865697,0.389564,0.226866,0.524256,1,ok,FLAT,0.0,0.0,0.0,0.0,1,0.121362,0.634785,0.228056,0.583516,part2a21_soft_caution_overlay,artifacts_part2_g532/predictions/g532_final_consensus_tape.csv
2024-08-05,0,0.194417564963288,0.586233377447405,1.794827,1.76299,0.75,0.553339,0.51524,0.621398,0.65,0.6,0.847602,0.330565,0.234665,0.51582,0,high_risk_veto,FLAT,0.0,0.0,0.0,0.0,1,0.118558,0.620739,0.307681,0.612221,part2a21_soft_caution_overlay,artifacts_part2_g532/predictions/g532_final_consensus_tape.csv
2024-08-06,0,0.1908115303860724,0.5523793474129138,0.694621,1.364973,0.5,0.555693,0.515912,0.416231,0.65,0.6,0.840878,0.327942,0.276417,0.474909,0,high_risk_veto,FLAT,0.0,0.0,0.0,0.0,1,0.122351,0.616428,0.332245,0.620858,part2a21_soft_caution_overlay,artifacts_part2_g532/predictions/g532_final_consensus_tape.csv
2024-08-07,0,0.2000582389725204,0.5979932208175902,1.309749,1.266399,0.75,0.550334,0.514381,0.367276,0.65,0.6,0.856189,0.333914,0.268472,0.482186,0,high_risk_veto,FLAT,0.0,0.0,0.0,0.0,0,0.18319,0.75827,0.206221,0.567695,part2a21_soft_caution_overlay,artifacts_part2_g532/predictions/g532_final_consensus_tape.csv
2024-08-08,0,0.2016192071693795,0.4583665498534067,0.175759,0.72671,0.5,0.549484,0.514138,0.090861,0.65,0.6,0.858617,0.334861,0.315166,0.442348,0,high_risk_veto,FLAT,0.0,0.0,0.0,0.0,0,0.181139,0.762641,0.201285,0.558415,part2a21_soft_caution_overlay,artifacts_part2_g532/predictions/g532_final_consensus_tape.csv
2024-08-09,0,0.2014321955276099,0.4630373197292164,0.89302,0.792843,0.5,0.549922,0.514263,0.12457,0.65,0.6,0.857367,0.334373,0.311216,0.445462,0,high_risk_veto,FLAT,0.0,0.0,0.0,0.0,0,0.182616,0.760637,0.203554,0.562681,part2a21_soft_caution_overlay,artifacts_part2_g532/predictions/g532_final_consensus_tape.csv
2024-08-12,0,0.2014646180142215,0.4460186261940252,0.932566,0.667115,0.5,0.552333,0.514952,0.058933,0.65,0.6,0.850477,0.331686,0.310903,0.44571,0,high_risk_veto,FLAT,0.0,0.0,0.0,0.0,0,0.186502,0.751511,0.223555,0.581859,part2a21_soft_caution_overlay,artifacts_part2_g532/predictions/g532_final_consensus_tape.csv
2024-08-13,0,0.2014491116361025,0.4557716531186371,0.324861,0.716816,0.5,0.551138,0.514611,0.085013,0.65,0.6,0.853892,0.333018,0.320637,0.438107,0,high_risk_veto,FLAT,0.0,0.0,0.0,0.0,0,0.189934,0.756865,0.207796,0.570656,part2a21_soft_caution_overlay,artifacts_part2_g532/predictions/g532_final_consensus_tape.csv
2024-08-14,0,0.2002071471322452,0.5318074094155046,1.022493,0.759974,0.75,0.542992,0.512283,0.110874,0.65,0.6,0.877166,0.342095,0.316224,0.441521,0,high_risk_veto,FLAT,0.0,0.0,0.0,0.0,0,0.151915,0.787391,0.172307,0.503937,part2a21_soft_caution_overlay,artifacts_part2_g532/predictions/g532_final_consensus_tape.csv
2024-08-15,0,0.200508713632886,0.4943848772938219,0.428118,0.591824,0.5,0.545573,0.513021,0.023665,0.65,0.6,0.869791,0.339218,0.329036,0.431752,0,high_risk_veto,FLAT,0.0,0.0,0.0,0.0,0,0.166721,0.779475,0.181775,0.521738,part2a21_soft_caution_overlay,artifacts_part2_g532/predictions/g532_final_consensus_tape.csv
2024-08-16,0,0.2003328992768002,0.5062345833358707,1.161331,0.870647,0.5,0.533362,0.509532,0.171503,0.65,0.6,0.904679,0.352825,0.266171,0.484336,0,high_risk_veto,FLAT,0.0,0.0,0.0,0.0,0,0.110815,0.816207,0.127879,0.420413,part2a21_soft_caution_overlay,artifacts_part2_g532/predictions/g532_final_consensus_tape.csv
2024-08-19,0,0.2000465364157938,0.5402132019500364,0.836647,0.808699,0.5,0.535061,0.510017,0.13926,0.75,0.6,0.899827,0.404922,0.174428,0.589029,0,low_agreement,FLAT,0.0,0.0,0.0,0.0,0,0.124341,0.814956,0.13167,0.427539,part2a21_soft_caution_overlay,artifacts_part2_g532/predictions/g532_final_consensus_tape.csv
2024-08-20,0,0.2012758031573558,0.4835653697281251,1.225634,1.074537,0.75,0.536422,0.510406,0.274048,0.75,0.6,0.895936,0.403171,0.177097,0.585347,1,ok,FLAT,0.0,0.0,0.0,0.0,0,0.131565,0.813184,0.137043,0.437642,part2a21_soft_caution_overlay,artifacts_part2_g532/predictions/g532_final_consensus_tape.csv
2024-08-21,0,0.2014948049359722,0.4315942707543816,1.068522,1.043601,0.5,0.537944,0.510841,0.257718,0.75,0.6,0.891588,0.401215,0.171514,0.5931,0,low_agreement,FLAT,0.0,0.0,0.0,0.0,0,0.133425,0.807691,0.147051,0.456456,part2a21_soft_caution_overlay,artifacts_part2_g532/predictions/g532_final_consensus_tape.csv
2024-08-22,0,0.2014133298441898,0.4661741325935086,1.670613,1.32159,0.75,0.543684,0.512481,0.397638,0.75,0.6,0.875189,0.393835,0.138253,0.64391,1,ok,FLAT,0.0,0.0,0.0,0.0,0,0.162791,0.788969,0.170395,0.500342,part2a21_soft_caution_overlay,artifacts_part2_g532/predictions/g532_final_consensus_tape.csv
2024-08-23,0,0.2020728362065197,0.3683013081676547,0.87144,1.203525,0.5,0.535054,0.510015,0.340198,0.75,0.6,0.899846,0.404931,0.137429,0.64528,0,low_agreement,FLAT,0.0,0.0,0.0,0.0,0,0.119086,0.813856,0.135006,0.433811,part2a21_soft_caution_overlay,artifacts_part2_g532/predictions/g532_final_consensus_tape.csv
2024-08-26,0,0.2019679574041348,0.3938549241972531,1.40507,1.315708,0.75,0.535402,0.510115,0.397183,0.75,0.6,0.898852,0.404483,0.136148,0.64742,1,ok,VOO,0.015602,0.015602,0.015602,0.0,0,0.120684,0.81335,0.136539,0.436694,part2a21_soft_caution_overlay,artifacts_part2_g532/predictions/g532_final_consensus_tape.csv
2024-08-27,0,0.2021622054938012,0.3593601044084489,1.037487,1.104665,0.5,0.534369,0.50982,0.290134,0.75,0.6,0.901802,0.405811,0.129337,0.659045,0,low_agreement,VOO,0.015602,0.015602,0.015602,0.0,0,0.117454,0.815172,0.131016,0.42631,part2a21_soft_caution_overlay,artifacts_part2_g532/predictions/g532_final_consensus_tape.csv
2024-08-28,0,0.2020256056890184,0.3909563676137519,1.426317,1.289624,0.75,0.543789,0.512511,0.381265,0.75,0.6,0.874889,0.3937,0.136166,0.647391,1,ok,VOO,0.015602,0.015602,0.015602,0.0,0,0.16489,0.789446,0.169816,0.499253,part2a21_soft_caution_overlay,artifacts_part2_g532/predictions/g532_final_consensus_tape.csv
2024-08-29,0,0.2017535313428741,0.4169126088600317,1.153095,1.205633,0.75,0.53228,0.509223,0.3422,0.75,0.6,0.907772,0.408498,0.07215,0.776035,1,ok,VOO,0.015602,0.015602,0.015602,0.0,0,0.120348,0.820862,0.113765,0.393877,part2a21_soft_caution_overlay,artifacts_part2_g532/predictions/g532_final_consensus_tape.csv
2024-08-30,0,0.2019668471779424,0.3827200625045965,0.801723,1.127045,0.5,0.53165,0.509043,0.302484,0.75,0.6,0.909571,0.409307,0.095397,0.723805,0,low_agreement,VOO,0.015602,0.015602,0.015602,0.0,0,0.116181,0.821505,0.111815,0.390212,part2a21_soft_caution_overlay,artifacts_part2_g532/predictions/g532_final_consensus_tape.csv
2024-09-02,0,0.2019519597911305,0.3876678326858649,1.167033,1.040617,0.75,0.530745,0.508784,0.258916,0.75,0.6,0.912158,0.410471,0.088224,0.739155,1,ok,VOO,0.011783,0.011783,0.011783,0.0,0,0.113769,0.823192,0.1067,0.380595,part2a21_soft_caution_overlay,artifacts_part2_g532/predictions/g532_final_consensus_tape.csv
2024-09-03,0,0.2012886668290839,0.4898619154052614,1.923471,1.297409,0.75,0.551751,0.514786,0.382732,0.75,0.6,0.85214,0.383463,0.164469,0.603181,1,ok,VOO,0.011783,0.011783,0.011783,0.0,1,0.205659,0.761853,0.202178,0.560096,part2a21_soft_caution_overlay,artifacts_part2_g532/predictions/g532_final_consensus_tape.csv
2024-09-04,0,0.1970289723657109,0.4573002697625751,1.043053,1.377853,0.75,0.541273,0.511792,0.427104,0.75,0.6,0.882076,0.396934,0.167206,0.599225,1,ok,VOO,0.011783,0.011783,0.011783,0.0,0,0.108684,0.644337,0.187508,0.532515,part2a21_soft_caution_overlay,artifacts_part2_g532/predictions/g532_final_consensus_tape.csv
2024-09-05,0,0.1973287870326161,0.4705559971679282,0.95646,1.307661,0.5,0.540972,0.511706,0.391362,0.75,0.6,0.882936,0.397321,0.167606,0.59865,0,low_agreement,VOO,0.011783,0.011783,0.011783,0.0,0,0.109828,0.646856,0.184553,0.526961,part2a21_soft_caution_overlay,artifacts_part2_g532/predictions/g532_final_consensus_tape.csv
2024-09-06,0,0.1920938390747346,0.3725581610507029,1.688992,1.229502,0.75,0.540799,0.511657,0.351522,0.5,0.6,0.88343,0.159017,0.17719,0.58522,1,ok,VOO,0.011783,0.011783,0.011783,0.0,0,0.10554,0.645587,0.186044,0.529762,part2a21_soft_caution_overlay,artifacts_part2_g532/predictions/g532_final_consensus_tape.csv
2024-09-09,0,0.1957677001831058,0.4506866273625527,0.472318,1.039257,0.5,0.541839,0.511954,0.254023,0.5,0.6,0.880461,0.158483,0.191479,0.566279,0,low_agreement,FLAT,0.0,0.0,0.0,0.0,0,0.10803,0.640397,0.192091,0.541131,part2a21_soft_caution_overlay,artifacts_part2_g532/predictions/g532_final_consensus_tape.csv
2024-09-10,0,0.1888819140708699,0.3399934024877668,0.564185,0.908498,0.5,0.540883,0.511681,0.187644,0.5,0.6,0.883192,0.158975,0.190196,0.567929,0,low_agreement,FLAT,0.0,0.0,0.0,0.0,0,0.109613,0.647299,0.184032,0.52598,part2a21_soft_caution_overlay,artifacts_part2_g532/predictions/g532_final_consensus_tape.csv
2024-09-11,0,0.188476927107266,0.3280524061245864,0.292434,0.442979,0.5,0.53898,0.511137,0.0,0.5,0.6,0.88863,0.159953,0.203812,0.550889,0,weak_score,FLAT,0.0,0.0,0.0,0.0,0,0.101188,0.654519,0.175447,0.50984,part2a21_soft_caution_overlay,artifacts_part2_g532/predictions/g532_final_consensus_tape.csv
2024-09-12,0,0.1939048768590138,0.4262896025941607,0.67758,0.5114,0.5,0.530467,0.508705,0.0,0.5,0.6,0.912951,0.164331,0.212646,0.54037,0,weak_score,FLAT,0.0,0.0,0.0,0.0,0,0.074472,0.68525,0.129976,0.424354,part2a21_soft_caution_overlay,artifacts_part2_g532/predictions/g532_final_consensus_tape.csv
2024-09-13,0,0.1915713877653927,0.4033556948032144,0.881694,0.617236,0.5,0.527439,0.50784,0.045523,0.5,0.6,0.921604,0.165889,0.199664,0.555971,0,low_agreement,FLAT,0.0,0.0,0.0,0.0,0,0.06528,0.690652,0.113598,0.393565,part2a21_soft_caution_overlay,artifacts_part2_g532/predictions/g532_final_consensus_tape.csv
2024-09-16,0,0.188365244475054,0.3508275410256324,1.112573,0.890616,0.75,0.529345,0.508384,0.183325,0.5,0.6,0.916157,0.164908,0.199362,0.556345,1,ok,VOO,0.002523,0.002523,0.002523,0.0,0,0.071636,0.687372,0.123542,0.412259,part2a21_soft_caution_overlay,artifacts_part2_g532/predictions/g532_final_consensus_tape.csv
2024-09-17,0,0.1889916330186564,0.3541253182548554,0.994708,0.996325,0.75,0.531471,0.508992,0.236143,0.5,0.6,0.910084,0.163815,0.145709,0.631777,1,ok,VOO,0.002523,0.002523,0.002523,0.0,0,0.07994,0.683974,0.133844,0.431626,part2a21_soft_caution_overlay,artifacts_part2_g532/predictions/g532_final_consensus_tape.csv
2024-09-18,0,0.1908449603788103,0.3813168398932295,1.195934,1.101072,0.75,0.529993,0.508569,0.289887,0.5,0.6,0.914306,0.164575,0.137382,0.645358,1,ok,VOO,0.002523,0.002523,0.002523,0.0,0,0.075376,0.686593,0.125903,0.416697,part2a21_soft_caution_overlay,artifacts_part2_g532/predictions/g532_final_consensus_tape.csv
2024-09-19,0,0.1885471552572455,0.3473077005653754,0.375405,0.855349,0.5,0.528367,0.508105,0.165843,0.5,0.6,0.918951,0.165411,0.155644,0.616305,0,low_agreement,VOO,0.002523,0.002523,0.002523,0.0,0,0.070097,0.68942,0.117332,0.400583,part2a21_soft_caution_overlay,artifacts_part2_g532/predictions/g532_final_consensus_tape.csv
2024-09-20,0,0.1966193285756699,0.4759980563979626,1.204236,0.925192,0.75,0.524601,0.507029,0.20279,0.969685,0.6,0.929711,0.540916,0.104324,0.705568,1,ok,VOO,0.002523,0.002523,0.002523,0.0,0,0.066744,0.697855,0.091759,0.352507,part2a21_soft_caution_overlay,artifacts_part2_g532/predictions/g532_final_consensus_tape.csv
2024-09-23,0,0.1895342229686249,0.37436521821692,1.080508,0.886716,0.5,0.524199,0.506914,0.183478,0.970376,0.6,0.930859,0.54197,0.101635,0.710965,0,low_agreement,FLAT,0.0,0.0,0.0,0.0,0,0.066048,0.698682,0.08925,0.347791,part2a21_soft_caution_overlay,artifacts_part2_g532/predictions/g532_final_consensus_tape.csv
2024-09-24,0,0.1941902821024889,0.4565810168537211,1.024094,1.102946,0.5,0.523858,0.506817,0.29304,0.970965,0.6,0.931835,0.542867,0.099579,0.715146,0,low_agreement,FLAT,0.0,0.0,0.0,0.0,0,0.065452,0.699385,0.087119,0.343783,part2a21_soft_caution_overlay,artifacts_part2_g532/predictions/g532_final_consensus_tape.csv
2024-09-25,0,0.1944743780635316,0.4445676075878349,1.178968,1.094523,0.5,0.524053,0.506872,0.288707,0.97074,0.6,0.931278,0.542418,0.09419,0.726344,0,low_agreement,FLAT,0.0,0.0,0.0,0.0,0,0.062586,0.698303,0.0904,0.349952,part2a21_soft_caution_overlay,artifacts_part2_g532/predictions/g532_final_consensus_tape.csv
2024-09-26,0,0.1902805009459368,0.4079815220181173,1.088137,1.097067,0.5,0.523787,0.506796,0.29009,0.971058,0.6,0.932038,0.543038,0.087771,0.740146,0,low_agreement,FLAT,0.0,0.0,0.0,0.0,0,0.066166,0.69971,0.086134,0.341932,part2a21_soft_caution_overlay,artifacts_part2_g532/predictions/g532_final_consensus_tape.csv
2024-09-27,0,0.1879796061080609,0.3720238103409928,1.457352,1.241486,0.75,0.525148,0.507185,0.36273,0.968691,0.6,0.928148,0.539453,0.097878,0.718642,1,ok,FLAT,0.0,0.0,0.0,0.0,0,0.069211,0.69705,0.094199,0.357094,part2a21_soft_caution_overlay,artifacts_part2_g532/predictions/g532_final_consensus_tape.csv
2024-09-30,0,0.1912857386543043,0.3968557023690588,1.169593,1.238361,0.5,0.525827,0.507379,0.360928,0.967483,0.6,0.92621,0.537655,0.098066,0.718254,0,low_agreement,FLAT,0.0,0.0,0.0,0.0,0,0.071557,0.695901,0.097682,0.363643,part2a21_soft_caution_overlay,artifacts_part2_g532/predictions/g532_final_consensus_tape.csv
2024-10-01,0,0.189029075213669,0.3612562924557462,1.612359,1.413101,0.75,0.538601,0.511029,0.445855,0.75,0.6,0.889711,0.40037,0.128088,0.661222,1,ok,FLAT,0.0,0.0,0.0,0.0,0,0.107917,0.660404,0.168325,0.496452,part2a21_soft_caution_overlay,artifacts_part2_g532/predictions/g532_final_consensus_tape.csv
2024-10-02,0,0.1843599898816681,0.6808025632583972,1.167834,1.316595,0.5,0.538369,0.510963,0.396724,0.75,0.6,0.890374,0.400668,0.128163,0.661091,0,low_agreement,FLAT,0.0,0.0,0.0,0.0,0,0.153561,0.858853,0.137206,0.437947,part2a21_soft_caution_overlay,artifacts_part2_g532/predictions/g532_final_consensus_tape.csv
2024-10-03,0,0.190304706449702,0.6448115386536565,1.257528,1.345907,0.75,0.537324,0.510664,0.41198,0.75,0.6,0.89336,0.402012,0.092569,0.72978,1,ok,FLAT,0.0,0.0,0.0,0.0,0,0.153039,0.86128,0.129847,0.424112,part2a21_soft_caution_overlay,artifacts_part2_g532/predictions/g532_final_consensus_tape.csv
2024-10-04,0,0.1964360348685466,0.6023133867581317,0.983539,1.1363,0.5,0.534515,0.509861,0.306176,0.75,0.6,0.901386,0.405624,0.129288,0.65913,0,low_agreement,FLAT,0.0,0.0,0.0,0.0,0,0.144392,0.866265,0.114733,0.395698,part2a21_soft_caution_overlay,artifacts_part2_g532/predictions/g532_final_consensus_tape.csv
2024-10-07,0,0.1846896489257875,0.6767975062276411,1.655449,1.298838,0.75,0.539545,0.511299,0.387305,0.75,0.6,0.887015,0.399157,0.135196,0.64902,1,ok,VOO,0.01505,0.01505,0.01505,0.0,0,0.159522,0.857265,0.142022,0.447002,part2a21_soft_caution_overlay,artifacts_part2_g532/predictions/g532_final_consensus_tape.csv
2024-10-08,0,0.1943282190952572,0.6110728427038211,0.889453,1.176147,0.5,0.538482,0.510995,0.325087,0.75,0.6,0.890052,0.400523,0.139555,0.641757,0,low_agreement,VOO,0.01505,0.01505,0.01505,0.0,0,0.157181,0.859349,0.135703,0.435121,part2a21_soft_caution_overlay,artifacts_part2_g532/predictions/g532_final_consensus_tape.csv
2024-10-09,0,0.1946917305587858,0.6076088995770891,1.149669,1.231524,0.5,0.536474,0.510421,0.35398,0.75,0.6,0.895789,0.403105,0.145398,0.632275,0,low_agreement,VOO,0.01505,0.01505,0.01505,0.0,0,0.142187,0.861039,0.130578,0.425486,part2a21_soft_caution_overlay,artifacts_part2_g532/predictions/g532_final_consensus_tape.csv
2024-10-10,0,0.1886614947936223,0.6408733410058693,1.415174,1.151432,0.75,0.538468,0.510991,0.312492,0.75,0.6,0.89009,0.400541,0.147038,0.629662,1,ok,VOO,0.01505,0.01505,0.01505,0.0,0,0.15191,0.858261,0.139001,0.441321,part2a21_soft_caution_overlay,artifacts_part2_g532/predictions/g532_final_consensus_tape.csv
2024-10-11,0,0.1951898528242867,0.6042840203813492,1.317289,1.294044,0.5,0.534286,0.509796,0.386505,0.75,0.6,0.90204,0.405918,0.140728,0.639831,0,low_agreement,VOO,0.01505,0.01505,0.01505,0.0,0,0.142163,0.866348,0.114482,0.395225,part2a21_soft_caution_overlay,artifacts_part2_g532/predictions/g532_final_consensus_tape.csv
2024-10-14,0,0.1890143813379484,0.6387221861785594,1.123796,1.28542,0.5,0.53563,0.51018,0.381695,0.75,0.6,0.898199,0.40419,0.143334,0.635592,0,low_agreement,FLAT,0.0,0.0,0.0,0.0,0,0.137628,0.86212,0.127303,0.419329,part2a21_soft_caution_overlay,artifacts_part2_g532/predictions/g532_final_consensus_tape.csv
2024-10-15,0,0.1894182350065864,0.6348472153628375,1.686091,1.375725,0.75,0.53668,0.51048,0.42736,0.75,0.6,0.895201,0.40284,0.142452,0.637021,1,ok,FLAT,0.0,0.0,0.0,0.0,0,0.144283,0.860985,0.130744,0.425798,part2a21_soft_caution_overlay,artifacts_part2_g532/predictions/g532_final_consensus_tape.csv
2024-10-16,0,0.190812391252869,0.6221759640492271,1.226844,1.345577,0.75,0.538752,0.511072,0.411384,0.75,0.6,0.889281,0.400177,0.142541,0.636876,1,ok,FLAT,0.0,0.0,0.0,0.0,0,0.147314,0.855749,0.144047,0.450809,part2a21_soft_caution_overlay,artifacts_part2_g532/predictions/g532_final_consensus_tape.csv
2024-10-17,0,0.1942938766067461,0.5967965277666211,1.226373,1.379769,0.5,0.53854,0.511011,0.428879,0.75,0.6,0.889886,0.400449,0.14263,0.636732,0,low_agreement,FLAT,0.0,0.0,0.0,0.0,0,0.144962,0.855784,0.144003,0.450725,part2a21_soft_caution_overlay,artifacts_part2_g532/predictions/g532_final_consensus_tape.csv
2024-10-18,0,0.2056945368265536,0.5158615871299147,1.096101,1.183106,0.5,0.539344,0.511241,0.32834,0.75,0.6,0.887589,0.399415,0.116748,0.681667,0,low_agreement,FLAT,0.0,0.0,0.0,0.0,0,0.154506,0.85596,0.143775,0.450297,part2a21_soft_caution_overlay,artifacts_part2_g532/predictions/g532_final_consensus_tape.csv
2024-10-21,0,0.2143835032387633,0.472442335868634,1.261745,1.194739,0.5,0.535775,0.510221,0.335483,0.75,0.6,0.897786,0.404004,0.10883,0.696708,0,low_agreement,FLAT,0.0,0.0,0.0,0.0,0,0.124441,0.778966,0.136865,0.437306,part2a21_soft_caution_overlay,artifacts_part2_g532/predictions/g532_final_consensus_tape.csv
2024-10-22,0,0.2069963221444915,0.5169294842128008,1.269411,1.209085,0.5,0.53478,0.509937,0.34312,0.75,0.6,0.90063,0.405283,0.106414,0.701431,0,low_agreement,FLAT,0.0,0.0,0.0,0.0,0,0.122902,0.781056,0.130527,0.425391,part2a21_soft_caution_overlay,artifacts_part2_g532/predictions/g532_final_consensus_tape.csv
2024-10-23,0,0.2084122404576331,0.5076360616920358,1.729178,1.420111,0.75,0.533353,0.509529,0.450898,0.75,0.6,0.904706,0.407118,0.107165,0.699957,1,ok,FLAT,0.0,0.0,0.0,0.0,0,0.121631,0.784251,0.120842,0.407183,part2a21_soft_caution_overlay,artifacts_part2_g532/predictions/g532_final_consensus_tape.csv
2024-10-24,0,0.2042786959561682,0.5409214070407453,1.079348,1.359312,0.5,0.535386,0.51011,0.419383,0.75,0.6,0.898898,0.404504,0.106316,0.701624,0,low_agreement,FLAT,0.0,0.0,0.0,0.0,0,0.147023,0.86471,0.119449,0.404564,part2a21_soft_caution_overlay,artifacts_part2_g532/predictions/g532_final_consensus_tape.csv
2024-10-25,0,0.1947777883136425,0.609538518888355,1.209455,1.339327,0.5,0.537436,0.510696,0.408594,0.75,0.6,0.89304,0.401868,0.103686,0.706841,0,low_agreement,FLAT,0.0,0.0,0.0,0.0,0,0.154089,0.861232,0.129994,0.424389,part2a21_soft_caution_overlay,artifacts_part2_g532/predictions/g532_final_consensus_tape.csv
2024-10-28,0,0.21149050794047,0.5043015168636966,1.421289,1.236698,0.75,0.532818,0.509376,0.357811,0.75,0.6,0.906235,0.407806,0.094854,0.724945,1,ok,VOO,0.015867,0.015867,0.015867,0.0,0,0.128557,0.787023,0.112438,0.391383,part2a21_soft_caution_overlay,artifacts_part2_g532/predictions/g532_final_consensus_tape.csv
2024-10-29,0,0.1847494264415295,0.679550836339244,1.210523,1.280423,0.5,0.538597,0.511028,0.378212,0.75,0.6,0.889724,0.400376,0.059688,0.807263,0,low_agreement,VOO,0.015867,0.015867,0.015867,0.0,0,0.161374,0.859961,0.133846,0.431631,part2a21_soft_caution_overlay,artifacts_part2_g532/predictions/g532_final_consensus_tape.csv
2024-10-30,0,0.199443791756773,0.3753672666240172,1.672715,1.434843,0.75,0.531919,0.50912,0.458784,0.75,0.6,0.908802,0.408961,0.061835,0.801705,1,ok,VOO,0.015867,0.015867,0.015867,0.0,0,0.102559,0.697767,0.122572,0.410434,part2a21_soft_caution_overlay,artifacts_part2_g532/predictions/g532_final_consensus_tape.csv
2024-10-31,0,0.1995653590901898,0.3833389354122385,2.216551,1.69993,0.75,0.535949,0.510271,0.592643,0.75,0.6,0.897287,0.403779,0.117499,0.680275,1,ok,VOO,0.015867,0.015867,0.015867,0.0,0,0.104121,0.684212,0.151244,0.464338,part2a21_soft_caution_overlay,artifacts_part2_g532/predictions/g532_final_consensus_tape.csv
2024-11-01,0,0.2103492688992517,0.469183398199394,1.255992,1.715086,0.5,0.535983,0.510281,0.600353,0.75,0.6,0.89719,0.403736,0.129715,0.658388,0,low_agreement,VOO,0.015867,0.015867,0.015867,0.0,0,0.119131,0.691417,0.141822,0.446625,part2a21_soft_caution_overlay,artifacts_part2_g532/predictions/g532_final_consensus_tape.csv
2024-11-04,0,0.1927070991699289,0.3168147643660593,1.568771,1.680438,0.75,0.53621,0.510346,0.582663,0.75,0.6,0.896544,0.403445,0.128861,0.659872,1,ok,VOO,0.023268,0.023268,0.023268,0.0,0,0.11174,0.686563,0.14825,0.458711,part2a21_soft_caution_overlay,artifacts_part2_g532/predictions/g532_final_consensus_tape.csv
2024-11-05,0,0.1905624543506622,0.3098318187582424,1.108546,1.311103,0.5,0.535406,0.510116,0.394838,0.75,0.6,0.89884,0.404478,0.144652,0.63347,0,low_agreement,VOO,0.023268,0.023268,0.023268,0.0,0,0.105971,0.68828,0.14605,0.454574,part2a21_soft_caution_overlay,artifacts_part2_g532/predictions/g532_final_consensus_tape.csv
2024-11-06,0,0.1868856301545873,0.2554577459045586,0.815008,1.164108,0.5,0.534006,0.509716,0.320501,0.75,0.6,0.902841,0.406279,0.223822,0.527625,0,low_agreement,VOO,0.023268,0.023268,0.023268,0.0,0,0.10333,0.692863,0.137439,0.438385,part2a21_soft_caution_overlay,artifacts_part2_g532/predictions/g532_final_consensus_tape.csv
2024-11-07,0,0.1811854336553545,0.1988135604814345,1.188617,1.03739,0.5,0.538132,0.510895,0.254481,0.75,0.6,0.89105,0.400973,0.223963,0.527468,0,low_agreement,VOO,0.023268,0.023268,0.023268,0.0,0,0.110707,0.674758,0.163075,0.486581,part2a21_soft_caution_overlay,artifacts_part2_g532/predictions/g532_final_consensus_tape.csv
2024-11-08,0,0.1840892443395102,0.2339354427488015,1.596349,1.199991,0.5,0.529682,0.508481,0.340203,0.75,0.6,0.915194,0.411837,0.223868,0.527573,0,low_agreement,VOO,0.023268,0.023268,0.023268,0.0,0,0.083009,0.699045,0.118694,0.403146,part2a21_soft_caution_overlay,artifacts_part2_g532/predictions/g532_final_consensus_tape.csv
2024-11-11,0,0.1807758711194997,0.2071375839815762,1.688388,1.491118,0.75,0.530438,0.508697,0.487763,0.75,0.6,0.913035,0.410866,0.223657,0.527808,1,ok,VOO,0.015866,0.015866,0.015866,0.0,0,0.083156,0.697241,0.124166,0.413432,part2a21_soft_caution_overlay,artifacts_part2_g532/predictions/g532_final_consensus_tape.csv
2024-11-12,0,0.1914038049122298,0.3027779892660589,1.712602,1.66578,0.75,0.527335,0.50781,0.57711,0.96467,0.6,0.921901,0.533598,0.223289,0.528218,1,ok,VOO,0.015866,0.015866,0.015866,0.0,0,0.080416,0.704195,0.103081,0.373792,part2a21_soft_caution_overlay,artifacts_part2_g532/predictions/g532_final_consensus_tape.csv
2024-11-13,0,0.1833999481770924,0.2350290574511024,1.678646,1.693212,0.75,0.528552,0.508158,0.590764,0.75,0.6,0.918423,0.41329,0.221921,0.529749,1,ok,VOO,0.015866,0.015866,0.015866,0.0,0,0.084764,0.702163,0.109242,0.385375,part2a21_soft_caution_overlay,artifacts_part2_g532/predictions/g532_final_consensus_tape.csv
2024-11-14,0,0.1907788175376409,0.2940761903337289,1.809048,1.733432,0.75,0.529688,0.508482,0.610941,0.75,0.6,0.915177,0.41183,0.190991,0.566906,1,ok,VOO,0.015866,0.015866,0.015866,0.0,0,0.086767,0.69983,0.116317,0.398676,part2a21_soft_caution_overlay,artifacts_part2_g532/predictions/g532_final_consensus_tape.csv
2024-11-15,0,0.1954405208507894,0.3629182005190395,2.208073,1.898589,0.75,0.53412,0.509748,0.694076,0.75,0.6,0.902515,0.406132,0.209797,0.543718,1,ok,VOO,0.015866,0.015866,0.015866,0.0,0,0.104744,0.692886,0.137369,0.438253,part2a21_soft_caution_overlay,artifacts_part2_g532/predictions/g532_final_consensus_tape.csv
2024-11-18,0,0.193392693510905,0.3315671750191923,1.275617,1.764246,0.5,0.534429,0.509837,0.625679,0.75,0.6,0.90163,0.405734,0.201884,0.55324,0,low_agreement,FLAT,0.0,0.0,0.0,0.0,0,0.103564,0.691883,0.140409,0.443969,part2a21_soft_caution_overlay,artifacts_part2_g532/predictions/g532_final_consensus_tape.csv
2024-11-19,0,0.2011228280458134,0.4164947768285571,1.262138,1.581943,0.5,0.534252,0.509786,0.532973,0.75,0.6,0.902138,0.405962,0.197576,0.558564,0,low_agreement,FLAT,0.0,0.0,0.0,0.0,0,0.107029,0.693051,0.136868,0.437313,part2a21_soft_caution_overlay,artifacts_part2_g532/predictions/g532_final_consensus_tape.csv
2024-11-20,0,0.2101486644056363,0.4729800026002147,1.515216,1.35099,0.75,0.530131,0.508609,0.416707,0.75,0.6,0.913911,0.41126,0.084833,0.746642,1,ok,FLAT,0.0,0.0,0.0,0.0,0,0.067116,0.614577,0.132242,0.428615,part2a21_soft_caution_overlay,artifacts_part2_g532/predictions/g532_final_consensus_tape.csv
2024-11-21,0,0.1956794934859403,0.3361619566765821,1.441146,1.406166,0.5,0.538109,0.510888,0.44246,0.75,0.6,0.891118,0.401003,0.09006,0.735164,0,low_agreement,FLAT,0.0,0.0,0.0,0.0,0,0.12014,0.679786,0.156823,0.474827,part2a21_soft_caution_overlay,artifacts_part2_g532/predictions/g532_final_consensus_tape.csv
2024-11-22,0,0.1918006967592123,0.285068971268611,1.510498,1.488953,0.5,0.52923,0.508351,0.486979,0.75,0.6,0.916486,0.412419,0.090366,0.734504,0,low_agreement,FLAT,0.0,0.0,0.0,0.0,0,0.08898,0.701412,0.111518,0.389654,part2a21_soft_caution_overlay,artifacts_part2_g532/predictions/g532_final_consensus_tape.csv
2024-11-25,0,0.1869071298956536,0.2450579202678726,1.474052,1.475232,0.5,0.530145,0.508613,0.479775,0.75,0.6,0.913871,0.411242,0.095721,0.723126,0,low_agreement,FLAT,0.0,0.0,0.0,0.0,0,0.09155,0.699736,0.116601,0.399209,part2a21_soft_caution_overlay,artifacts_part2_g532/predictions/g532_final_consensus_tape.csv
2024-11-26,0,0.193869178090177,0.3098699255079147,1.299144,1.427898,0.5,0.529972,0.508563,0.455794,0.75,0.6,0.914367,0.411465,0.103418,0.707377,0,low_agreement,FLAT,0.0,0.0,0.0,0.0,0,0.090709,0.699978,0.115865,0.397827,part2a21_soft_caution_overlay,artifacts_part2_g532/predictions/g532_final_consensus_tape.csv
2024-11-27,0,0.2177420899593823,0.542956990354235,1.645722,1.472973,0.75,0.524684,0.507052,0.480069,0.75,0.6,0.929475,0.418264,0.108126,0.698078,1,ok,FLAT,0.0,0.0,0.0,0.0,0,0.03453,0.562508,0.113124,0.392673,part2a21_soft_caution_overlay,artifacts_part2_g532/predictions/g532_final_consensus_tape.csv
2024-11-28,0,0.1954835626387965,0.3879190028823847,1.396475,1.447114,0.75,0.525772,0.507363,0.466685,0.75,0.6,0.926366,0.416865,0.104611,0.704997,1,ok,FLAT,0.0,0.0,0.0,0.0,0,0.057219,0.644686,0.106519,0.380256,part2a21_soft_caution_overlay,artifacts_part2_g532/predictions/g532_final_consensus_tape.csv
2024-11-29,0,0.1928844993526672,0.3779267607465242,1.137891,1.393363,0.5,0.525506,0.507287,0.439534,0.968463,0.6,0.927125,0.538732,0.076862,0.764849,0,low_agreement,FLAT,0.0,0.0,0.0,0.0,0,0.058633,0.645632,0.10365,0.374863,part2a21_soft_caution_overlay,artifacts_part2_g532/predictions/g532_final_consensus_tape.csv
2024-12-02,0,0.1914343777843939,0.3743603653336255,1.147444,1.22727,0.5,0.52498,0.507137,0.355586,0.969277,0.6,0.92863,0.54006,0.077446,0.763485,0,low_agreement,FLAT,0.0,0.0,0.0,0.0,0,0.060368,0.64728,0.098656,0.365473,part2a21_soft_caution_overlay,artifacts_part2_g532/predictions/g532_final_consensus_tape.csv
2024-12-03,0,0.1937727980417298,0.380514091323556,1.419994,1.23511,0.5,0.526009,0.507431,0.359222,0.967394,0.6,0.925687,0.537302,0.078219,0.761686,0,low_agreement,FLAT,0.0,0.0,0.0,0.0,0,0.065354,0.645838,0.103026,0.373689,part2a21_soft_caution_overlay,artifacts_part2_g532/predictions/g532_final_consensus_tape.csv
2024-12-04,0,0.1913664987618431,0.364222547116799,1.151823,1.239754,0.5,0.524454,0.506987,0.362077,0.9703,0.6,0.930131,0.541504,0.078471,0.761101,0,low_agreement,FLAT,0.0,0.0,0.0,0.0,0,0.056031,0.647634,0.097581,0.363453,part2a21_soft_caution_overlay,artifacts_part2_g532/predictions/g532_final_consensus_tape.csv
2024-12-05,0,0.1922488741397619,0.3635515155387051,1.565334,1.37905,0.75,0.526976,0.507707,0.431862,0.75,0.6,0.922927,0.415317,0.075134,0.768914,1,ok,FLAT,0.0,0.0,0.0,0.0,0,0.063006,0.642993,0.111654,0.389909,part2a21_soft_caution_overlay,artifacts_part2_g532/predictions/g532_final_consensus_tape.csv
2024-12-06,0,0.1914843763642011,0.3710749880466829,1.267949,1.328368,0.5,0.52866,0.508189,0.405667,0.75,0.6,0.918115,0.413152,0.074262,0.770982,0,low_agreement,FLAT,0.0,0.0,0.0,0.0,0,0.068174,0.64,0.120726,0.406966,part2a21_soft_caution_overlay,artifacts_part2_g532/predictions/g532_final_consensus_tape.csv
2024-12-09,0,0.1956232398748432,0.4024508758251778,1.779359,1.537547,0.75,0.524668,0.507048,0.512764,0.969937,0.6,0.92952,0.540945,0.062692,0.79951,1,ok,VOO,0.033265,0.033265,0.033265,0.0,0,0.056268,0.647165,0.099004,0.366127,part2a21_soft_caution_overlay,artifacts_part2_g532/predictions/g532_final_consensus_tape.csv
2024-12-10,0,0.1974313389562577,0.4118930763831432,1.615958,1.554422,0.75,0.524724,0.507064,0.521293,0.969728,0.6,0.92936,0.540736,0.048521,0.837462,1,ok,VOO,0.033265,0.033265,0.033265,0.0,0,0.05961,0.647739,0.097262,0.362853,part2a21_soft_caution_overlay,artifacts_part2_g532/predictions/g532_final_consensus_tape.csv
2024-12-11,0,0.1964518038934423,0.4041500531164996,1.085235,1.493517,0.5,0.531307,0.508945,0.488756,0.75,0.6,0.910552,0.409748,0.058584,0.810152,0,low_agreement,VOO,0.033265,0.033265,0.033265,0.0,0,0.07975,0.636032,0.132759,0.429586,part2a21_soft_caution_overlay,artifacts_part2_g532/predictions/g532_final_consensus_tape.csv
2024-12-12,0,0.2000167202286763,0.4309880805529742,1.848874,1.516689,0.75,0.525479,0.50728,0.502,0.968285,0.6,0.927204,0.538679,0.059899,0.806714,1,ok,VOO,0.033265,0.033265,0.033265,0.0,0,0.065072,0.647068,0.099298,0.366681,part2a21_soft_caution_overlay,artifacts_part2_g532/predictions/g532_final_consensus_tape.csv
2024-12-13,0,0.196219173194376,0.4051948058407958,1.513889,1.482666,0.5,0.53087,0.50882,0.483358,0.75,0.6,0.911799,0.41031,0.062089,0.801054,0,low_agreement,VOO,0.033265,0.033265,0.033265,0.0,0,0.084064,0.638009,0.126765,0.418317,part2a21_soft_caution_overlay,artifacts_part2_g532/predictions/g532_final_consensus_tape.csv
2024-12-16,0,0.2078711398015456,0.4939689070237461,1.417656,1.593473,0.5,0.528038,0.508011,0.540292,0.75,0.6,0.919891,0.413951,0.062571,0.799817,0,low_agreement,FLAT,0.0,0.0,0.0,0.0,0,0.05051,0.557756,0.12753,0.419757,part2a21_soft_caution_overlay,artifacts_part2_g532/predictions/g532_final_consensus_tape.csv
2024-12-17,0,0.2058843476105693,0.4621592887474945,1.948621,1.626722,0.75,0.535482,0.510138,0.555474,0.75,0.6,0.898622,0.40438,0.068595,0.784696,1,ok,FLAT,0.0,0.0,0.0,0.0,0,0.097184,0.625025,0.152273,0.466273,part2a21_soft_caution_overlay,artifacts_part2_g532/predictions/g532_final_consensus_tape.csv
2024-12-18,0,0.1920127050907978,0.3179793366316188,2.821586,2.062621,0.75,0.537124,0.510607,0.777174,0.75,0.6,0.893932,0.402269,0.133577,0.65176,1,ok,FLAT,0.0,0.0,0.0,0.0,0,0.080397,0.606443,0.175178,0.509334,part2a21_soft_caution_overlay,artifacts_part2_g532/predictions/g532_final_consensus_tape.csv
2024-12-19,0,0.1977471214878774,0.3828070018603411,1.740576,2.170261,0.75,0.537229,0.510637,0.832003,0.75,0.6,0.893633,0.402135,0.1365,0.646831,1,ok,FLAT,0.0,0.0,0.0,0.0,0,0.087668,0.609687,0.171263,0.501975,part2a21_soft_caution_overlay,artifacts_part2_g532/predictions/g532_final_consensus_tape.csv
2024-12-20,0,0.2291834034088674,0.5953979419247277,1.336962,1.966375,0.5,0.535524,0.51015,0.728363,0.75,0.6,0.898504,0.404327,0.142873,0.636337,0,low_agreement,FLAT,0.0,0.0,0.0,0.0,0,0.09885,0.625633,0.151503,0.464826,part2a21_soft_caution_overlay,artifacts_part2_g532/predictions/g532_final_consensus_tape.csv
2024-12-23,0,0.2300366792678583,0.6002130227896688,1.315758,1.464432,0.5,0.530459,0.508703,0.474208,0.75,0.6,0.912973,0.410838,0.153537,0.619521,0,low_agreement,FLAT,0.0,0.0,0.0,0.0,0,0.054662,0.552515,0.142684,0.448246,part2a21_soft_caution_overlay,artifacts_part2_g532/predictions/g532_final_consensus_tape.csv
2024-12-24,0,0.1995120818546657,0.4254778247594094,1.244449,1.299056,0.5,0.530897,0.508828,0.390106,0.75,0.6,0.911722,0.410275,0.158257,0.612359,0,low_agreement,FLAT,0.0,0.0,0.0,0.0,0,0.085291,0.638204,0.126174,0.417207,part2a21_soft_caution_overlay,artifacts_part2_g532/predictions/g532_final_consensus_tape.csv
2024-12-25,0,0.2028007804257164,0.4052579851944717,1.667406,1.409204,0.75,0.540541,0.511583,0.443318,0.75,0.6,0.88417,0.397876,0.15187,0.622091,1,ok,FLAT,0.0,0.0,0.0,0.0,0,0.17922,0.867577,0.136663,0.436926,part2a21_soft_caution_overlay,artifacts_part2_g532/predictions/g532_final_consensus_tape.csv
2024-12-26,0,0.2057752816806774,0.4314711127611677,1.709056,1.540304,0.75,0.542645,0.512184,0.509697,0.75,0.6,0.878158,0.395171,0.151609,0.622496,1,ok,FLAT,0.0,0.0,0.0,0.0,0,0.200189,0.866923,0.138647,0.440657,part2a21_soft_caution_overlay,artifacts_part2_g532/predictions/g532_final_consensus_tape.csv
2024-12-27,0,0.2043176450986222,0.412853284121194,2.092958,1.82314,0.75,0.540624,0.511607,0.654553,0.75,0.6,0.883932,0.397769,0.157021,0.614219,1,ok,FLAT,0.0,0.0,0.0,0.0,0,0.182096,0.867986,0.135423,0.434595,part2a21_soft_caution_overlay,artifacts_part2_g532/predictions/g532_final_consensus_tape.csv
2024-12-30,0,0.2033389251298373,0.4081389191703353,2.017603,1.939872,0.75,0.548546,0.51387,0.712969,0.75,0.6,0.861296,0.387583,0.177305,0.585063,1,ok,VOO,0.024251,0.024251,0.024251,0.0,0,0.222593,0.845475,0.167669,0.495219,part2a21_soft_caution_overlay,artifacts_part2_g532/predictions/g532_final_consensus_tape.csv
2024-12-31,0,0.2069046142041173,0.4526376531071913,1.861183,1.990581,0.75,0.550952,0.514558,0.738632,0.75,0.6,0.854424,0.384491,0.176856,0.585677,1,ok,VOO,0.024251,0.024251,0.024251,0.0,0,0.224069,0.831494,0.18443,0.526729,part2a21_soft_caution_overlay,artifacts_part2_g532/predictions/g532_final_consensus_tape.csv
2025-01-01,0,0.1995436742066973,0.3920638310418534,1.592187,1.823658,0.75,0.548246,0.513785,0.653469,0.75,0.6,0.862155,0.38797,0.135623,0.648301,1,ok,VOO,0.024251,0.024251,0.024251,0.0,0,0.208749,0.839943,0.174376,0.507827,part2a21_soft_caution_overlay,artifacts_part2_g532/predictions/g532_final_consensus_tape.csv
2025-01-02,0,0.2051273109348962,0.4325057471236073,1.681002,1.711457,0.75,0.546907,0.513402,0.59626,0.75,0.6,0.86598,0.389691,0.13502,0.649317,1,ok,VOO,0.024251,0.024251,0.024251,0.0,0,0.211145,0.849298,0.162974,0.486392,part2a21_soft_caution_overlay,artifacts_part2_g532/predictions/g532_final_consensus_tape.csv
2025-01-03,0,0.2069620425922327,0.4383257690326055,1.164319,1.47917,0.5,0.538357,0.510959,0.479605,0.75,0.6,0.89041,0.400684,0.149726,0.625428,0,low_agreement,VOO,0.024251,0.024251,0.024251,0.0,0,0.147586,0.786159,0.140963,0.44501,part2a21_soft_caution_overlay,artifacts_part2_g532/predictions/g532_final_consensus_tape.csv
2025-01-06,0,0.2092252032667129,0.4440054994983823,1.36688,1.404067,0.5,0.53804,0.510869,0.441409,0.75,0.6,0.891313,0.401091,0.141502,0.638567,0,low_agreement,FLAT,0.0,0.0,0.0,0.0,0,0.153394,0.788161,0.134892,0.433597,part2a21_soft_caution_overlay,artifacts_part2_g532/predictions/g532_final_consensus_tape.csv
2025-01-07,0,0.1985489684526382,0.3930576103596301,2.271537,1.600912,0.75,0.546595,0.513313,0.539733,0.75,0.6,0.866873,0.390093,0.133844,0.651307,1,ok,FLAT,0.0,0.0,0.0,0.0,0,0.217245,0.854309,0.156742,0.474675,part2a21_soft_caution_overlay,artifacts_part2_g532/predictions/g532_final_consensus_tape.csv
2025-01-08,0,0.2090668810753042,0.4592138221814458,1.670757,1.769725,0.75,0.543228,0.512351,0.626796,0.75,0.6,0.876492,0.394421,0.133723,0.651511,1,ok,FLAT,0.0,0.0,0.0,0.0,0,0.177074,0.773437,0.157833,0.476726,part2a21_soft_caution_overlay,artifacts_part2_g532/predictions/g532_final_consensus_tape.csv
2025-01-09,0,0.2039816849745061,0.4227221480874848,1.675315,1.872536,0.75,0.546433,0.513266,0.678811,0.75,0.6,0.867335,0.390301,0.133927,0.651166,1,ok,FLAT,0.0,0.0,0.0,0.0,0,0.210595,0.851831,0.159835,0.48049,part2a21_soft_caution_overlay,artifacts_part2_g532/predictions/g532_final_consensus_tape.csv
2025-01-10,0,0.2169939711272461,0.5137044417835742,2.186608,1.844227,0.75,0.553437,0.515268,0.663112,0.75,0.6,0.847323,0.381295,0.134202,0.650699,1,ok,FLAT,0.0,0.0,0.0,0.0,1,0.258088,0.834556,0.180812,0.519927,part2a21_soft_caution_overlay,artifacts_part2_g532/predictions/g532_final_consensus_tape.csv
2025-01-13,0,0.2410613102919575,0.5832356362601997,1.791169,1.884364,0.75,0.545554,0.513015,0.685007,0.75,0.6,0.869846,0.391431,0.104085,0.706045,1,ok,VOO,0.028397,0.028397,0.028397,0.0,0,0.188515,0.765539,0.167591,0.495071,part2a21_soft_caution_overlay,artifacts_part2_g532/predictions/g532_final_consensus_tape.csv
2025-01-14,0,0.210646467278551,0.4736140677891631,1.749366,1.909048,0.75,0.544624,0.51275,0.697781,0.75,0.6,0.872504,0.392627,0.103089,0.708037,1,ok,VOO,0.028397,0.028397,0.028397,0.0,0,0.164942,0.75865,0.175929,0.510747,part2a21_soft_caution_overlay,artifacts_part2_g532/predictions/g532_final_consensus_tape.csv
2025-01-15,0,0.2093880721298282,0.4420702495109807,0.985539,1.508691,0.5,0.541312,0.511803,0.493891,0.75,0.6,0.881965,0.396884,0.108643,0.697071,0,low_agreement,VOO,0.028397,0.028397,0.028397,0.0,0,0.156739,0.774239,0.15683,0.47484,part2a21_soft_caution_overlay,artifacts_part2_g532/predictions/g532_final_consensus_tape.csv
2025-01-16,0,0.2069623274239182,0.440570730334948,1.906287,1.547064,0.75,0.543113,0.512318,0.513035,0.75,0.6,0.876819,0.394569,0.109674,0.695074,1,ok,VOO,0.028397,0.028397,0.028397,0.0,0,0.161124,0.765803,0.167268,0.494464,part2a21_soft_caution_overlay,artifacts_part2_g532/predictions/g532_final_consensus_tape.csv
2025-01-17,0,0.2088729859403396,0.4307441161970977,1.231306,1.374377,0.5,0.539297,0.511228,0.425909,0.75,0.6,0.887722,0.399475,0.093227,0.728381,0,low_agreement,VOO,0.028397,0.028397,0.028397,0.0,0,0.150425,0.782731,0.146061,0.454594,part2a21_soft_caution_overlay,artifacts_part2_g532/predictions/g532_final_consensus_tape.csv
2025-01-20,0,0.2125706864569374,0.4575760882553361,1.757479,1.631691,0.75,0.540277,0.511508,0.556922,0.75,0.6,0.884922,0.398215,0.087093,0.741634,1,ok,VOO,0.024671,0.024671,0.024671,0.0,0,0.1541,0.778933,0.15091,0.463711,part2a21_soft_caution_overlay,artifacts_part2_g532/predictions/g532_final_consensus_tape.csv
2025-01-21,0,0.2007607425257794,0.3686886230775464,1.537517,1.508767,0.5,0.540003,0.511429,0.494268,0.75,0.6,0.885706,0.398568,0.081798,0.753471,0,low_agreement,VOO,0.024671,0.024671,0.024671,0.0,0,0.168684,0.866644,0.139492,0.442244,part2a21_soft_caution_overlay,artifacts_part2_g532/predictions/g532_final_consensus_tape.csv
2025-01-22,0,0.2014752806488597,0.7949477216003848,1.359885,1.551627,0.5,0.537542,0.510726,0.516742,0.75,0.6,0.892737,0.401731,0.087833,0.740011,0,low_agreement,VOO,0.024671,0.024671,0.024671,0.0,0,0.145776,0.786086,0.136132,0.435929,part2a21_soft_caution_overlay,artifacts_part2_g532/predictions/g532_final_consensus_tape.csv
2025-01-23,0,0.2080567983699763,0.7233014333998874,1.667148,1.521517,0.5,0.535509,0.510145,0.501915,0.75,0.6,0.898545,0.404345,0.091401,0.732277,0,low_agreement,VOO,0.024671,0.024671,0.024671,0.0,0,0.115219,0.704529,0.140851,0.4448,part2a21_soft_caution_overlay,artifacts_part2_g532/predictions/g532_final_consensus_tape.csv
2025-01-24,0,0.2013725128846057,0.782666836147076,1.878104,1.635046,0.75,0.529684,0.508481,0.561007,0.959685,0.6,0.915189,0.526976,0.082109,0.752765,1,ok,VOO,0.024671,0.024671,0.024671,0.0,0,0.111667,0.797923,0.100242,0.368456,part2a21_soft_caution_overlay,artifacts_part2_g532/predictions/g532_final_consensus_tape.csv
2025-01-27,0,0.2091265273939583,0.6961623937025146,2.459262,2.001504,0.75,0.533947,0.509699,0.746449,0.75,0.6,0.903008,0.406354,0.145268,0.632482,1,ok,VOO,0.028777,0.028777,0.028777,0.0,0,0.098789,0.704831,0.139935,0.443078,part2a21_soft_caution_overlay,artifacts_part2_g532/predictions/g532_final_consensus_tape.csv
2025-01-28,0,0.2117551895503747,0.6718224523242277,1.037739,1.791701,0.5,0.534641,0.509897,0.639609,0.75,0.6,0.901026,0.405462,0.14973,0.625423,0,low_agreement,VOO,0.028777,0.028777,0.028777,0.0,0,0.100439,0.702681,0.143979,0.45068,part2a21_soft_caution_overlay,artifacts_part2_g532/predictions/g532_final_consensus_tape.csv
2025-01-29,0,0.2083411157586144,0.7202802792478843,1.613555,1.703519,0.75,0.5327,0.509343,0.59514,0.75,0.6,0.906572,0.407957,0.147626,0.628732,1,ok,VOO,0.028777,0.028777,0.028777,0.0,0,0.092006,0.706419,0.135121,0.434027,part2a21_soft_caution_overlay,artifacts_part2_g532/predictions/g532_final_consensus_tape.csv
2025-01-30,0,0.2061462285207218,0.7521391636512647,1.451922,1.367739,0.5,0.533315,0.509519,0.424279,0.75,0.6,0.904815,0.407167,0.145774,0.631674,0,low_agreement,VOO,0.028777,0.028777,0.028777,0.0,0,0.110355,0.788825,0.127826,0.420313,part2a21_soft_caution_overlay,artifacts_part2_g532/predictions/g532_final_consensus_tape.csv
2025-01-31,0,0.2076595340312424,0.7381754597806046,1.662343,1.57594,0.75,0.534772,0.509935,0.529795,0.75,0.6,0.900651,0.405293,0.141352,0.638811,1,ok,VOO,0.028777,0.028777,0.028777,0.0,0,0.097812,0.700614,0.146639,0.455681,part2a21_soft_caution_overlay,artifacts_part2_g532/predictions/g532_final_consensus_tape.csv
2025-02-03,0,0.2044992216503335,0.7648736149632457,1.836243,1.650169,0.75,0.542163,0.512047,0.565934,0.75,0.6,0.879535,0.395791,0.146139,0.631092,1,ok,VOO,0.021204,0.021204,0.021204,0.0,0,0.149261,0.763609,0.167912,0.495675,part2a21_soft_caution_overlay,artifacts_part2_g532/predictions/g532_final_consensus_tape.csv
2025-02-04,0,0.2129827053619882,0.684946049902677,1.24293,1.580505,0.5,0.540863,0.511675,0.530664,0.75,0.6,0.88325,0.397462,0.144432,0.633823,0,low_agreement,VOO,0.021204,0.021204,0.021204,0.0,0,0.114119,0.672747,0.18098,0.520243,part2a21_soft_caution_overlay,artifacts_part2_g532/predictions/g532_final_consensus_tape.csv
2025-02-05,0,0.1987408074638881,0.8231136178908264,1.46963,1.516268,0.5,0.538464,0.51099,0.498489,0.75,0.6,0.890104,0.400547,0.135315,0.64882,0,low_agreement,VOO,0.021204,0.021204,0.021204,0.0,0,0.133717,0.777441,0.150689,0.463294,part2a21_soft_caution_overlay,artifacts_part2_g532/predictions/g532_final_consensus_tape.csv
2025-02-06,0,0.2005847527995587,0.7997149301861975,1.428546,1.380369,0.5,0.542945,0.51227,0.4279,0.75,0.6,0.877301,0.394786,0.129348,0.659026,0,low_agreement,VOO,0.021204,0.021204,0.021204,0.0,0,0.15437,0.761586,0.170376,0.500307,part2a21_soft_caution_overlay,artifacts_part2_g532/predictions/g532_final_consensus_tape.csv
2025-02-07,0,0.2154455733290272,0.6627057714519298,1.992948,1.630375,0.75,0.537918,0.510834,0.556784,0.75,0.6,0.891664,0.401249,0.130399,0.657204,1,ok,VOO,0.021204,0.021204,0.021204,0.0,0,0.107598,0.687208,0.163497,0.487374,part2a21_soft_caution_overlay,artifacts_part2_g532/predictions/g532_final_consensus_tape.csv
2025-02-10,0,0.204020131071219,0.7687234324451587,1.275422,1.565639,0.5,0.535665,0.51019,0.524337,0.75,0.6,0.898099,0.404144,0.090166,0.734935,0,low_agreement,FLAT,0.0,0.0,0.0,0.0,0,0.136961,0.788771,0.127992,0.420625,part2a21_soft_caution_overlay,artifacts_part2_g532/predictions/g532_final_consensus_tape.csv
2025-02-11,0,0.2105925158926335,0.697415743984447,1.682482,1.650284,0.75,0.529675,0.508478,0.568743,0.75,0.6,0.915215,0.411847,0.081501,0.754145,1,ok,FLAT,0.0,0.0,0.0,0.0,0,0.095357,0.714479,0.110685,0.388087,part2a21_soft_caution_overlay,artifacts_part2_g532/predictions/g532_final_consensus_tape.csv
2025-02-12,0,0.2166368613314082,0.6358987449520327,1.672077,1.543327,0.75,0.535153,0.510044,0.513106,0.75,0.6,0.899563,0.404804,0.08106,0.755151,1,ok,FLAT,0.0,0.0,0.0,0.0,0,0.115444,0.705443,0.138081,0.439593,part2a21_soft_caution_overlay,artifacts_part2_g532/predictions/g532_final_consensus_tape.csv
2025-02-13,0,0.2037246068502672,0.7652316297445617,1.255496,1.536685,0.5,0.538627,0.511036,0.508857,0.75,0.6,0.889636,0.400336,0.081055,0.755161,0,low_agreement,FLAT,0.0,0.0,0.0,0.0,0,0.154893,0.785388,0.138249,0.439907,part2a21_soft_caution_overlay,artifacts_part2_g532/predictions/g532_final_consensus_tape.csv
2025-02-14,0,0.1954368908495684,0.8427289192583141,1.605909,1.511161,0.5,0.534201,0.509772,0.496978,0.75,0.6,0.902283,0.406027,0.081712,0.753666,0,low_agreement,FLAT,0.0,0.0,0.0,0.0,0,0.132686,0.791419,0.119962,0.405528,part2a21_soft_caution_overlay,artifacts_part2_g532/predictions/g532_final_consensus_tape.csv
2025-02-17,0,0.1955745772361701,0.8401543141417234,1.737627,1.533011,0.75,0.534776,0.509936,0.507949,0.75,0.6,0.900639,0.405287,0.068995,0.783711,1,ok,VOO,0.024201,0.024201,0.024201,0.0,0,0.136017,0.790729,0.122054,0.409461,part2a21_soft_caution_overlay,artifacts_part2_g532/predictions/g532_final_consensus_tape.csv
2025-02-18,0,0.2112279375777215,0.7059153170727228,1.74157,1.695036,0.5,0.534418,0.509834,0.59047,0.75,0.6,0.901664,0.405749,0.076267,0.766243,0,low_agreement,VOO,0.024201,0.024201,0.024201,0.0,0,0.113285,0.70677,0.134058,0.432029,part2a21_soft_caution_overlay,artifacts_part2_g532/predictions/g532_final_consensus_tape.csv
2025-02-19,0,0.2137637466717965,0.600488621506064,1.757222,1.745473,0.75,0.532455,0.509273,0.616514,0.75,0.6,0.907272,0.408273,0.074042,0.771504,1,ok,VOO,0.024201,0.024201,0.024201,0.0,0,0.099466,0.690573,0.128508,0.421596,part2a21_soft_caution_overlay,artifacts_part2_g532/predictions/g532_final_consensus_tape.csv
2025-02-20,0,0.2196841344852578,0.4680029186013103,1.901906,1.800233,0.75,0.534213,0.509775,0.644027,0.75,0.6,0.902248,0.406012,0.08294,0.750885,1,ok,VOO,0.024201,0.024201,0.024201,0.0,0,0.10312,0.687078,0.139103,0.441514,part2a21_soft_caution_overlay,artifacts_part2_g532/predictions/g532_final_consensus_tape.csv
2025-02-21,0,0.2120786683762249,0.6460949577406234,2.326934,1.995354,0.75,0.537714,0.510775,0.742828,0.75,0.6,0.892247,0.401511,0.143934,0.634624,1,ok,VOO,0.024201,0.024201,0.024201,0.0,0,0.096462,0.664551,0.169169,0.498038,part2a21_soft_caution_overlay,artifacts_part2_g532/predictions/g532_final_consensus_tape.csv
2025-02-24,0,0.213567682163258,0.6241134882154097,1.958289,2.062376,0.75,0.541076,0.511736,0.7766,0.5,0.6,0.882639,0.158875,0.139334,0.642122,1,ok,VOO,0.011884,0.011884,0.011884,0.0,0,0.106011,0.648944,0.187779,0.533025,part2a21_soft_caution_overlay,artifacts_part2_g532/predictions/g532_final_consensus_tape.csv
2025-02-25,0,0.2128096829329466,0.6333994255968453,1.859629,2.048284,0.75,0.536668,0.510477,0.769924,0.5,0.6,0.895233,0.161142,0.14495,0.632991,1,ok,VOO,0.011884,0.011884,0.011884,0.0,0,0.090812,0.667867,0.165113,0.490413,part2a21_soft_caution_overlay,artifacts_part2_g532/predictions/g532_final_consensus_tape.csv
2025-02-26,0,0.2149846714021968,0.5980190619441177,1.368548,1.728822,0.5,0.537834,0.51081,0.606976,0.5,0.6,0.891903,0.160542,0.139574,0.641727,0,low_agreement,VOO,0.011884,0.011884,0.011884,0.0,0,0.093803,0.662408,0.17177,0.502928,part2a21_soft_caution_overlay,artifacts_part2_g532/predictions/g532_final_consensus_tape.csv
2025-02-27,0,0.2144526113662564,0.6086576180947644,2.197473,1.80855,0.75,0.537634,0.510753,0.647645,0.5,0.6,0.892475,0.160645,0.142327,0.637223,1,ok,VOO,0.011884,0.011884,0.011884,0.0,0,0.089601,0.661389,0.173002,0.505245,part2a21_soft_caution_overlay,artifacts_part2_g532/predictions/g532_final_consensus_tape.csv
2025-02-28,0,0.2152563573333192,0.587645806385697,0.747388,1.437803,0.5,0.538554,0.511016,0.458462,0.5,0.6,0.889844,0.160172,0.16379,0.604171,0,low_agreement,VOO,0.011884,0.011884,0.011884,0.0,0,0.09675,0.659584,0.175175,0.509329,part2a21_soft_caution_overlay,artifacts_part2_g532/predictions/g532_final_consensus_tape.csv
2025-03-03,0,0.2138706699373985,0.6153193100966595,1.871302,1.605388,0.75,0.539344,0.511241,0.543718,0.5,0.6,0.887589,0.159766,0.179983,0.581419,1,ok,VOO,0.007576,0.007576,0.007576,0.0,0,0.095838,0.654218,0.181575,0.521362,part2a21_soft_caution_overlay,artifacts_part2_g532/predictions/g532_final_consensus_tape.csv
2025-03-04,0,0.2158978228780841,0.5743762245668834,1.396417,1.338369,0.75,0.540346,0.511528,0.407226,0.5,0.6,0.884725,0.15925,0.159161,0.611007,1,ok,VOO,0.007576,0.007576,0.007576,0.0,0,0.095789,0.647906,0.188989,0.5353,part2a21_soft_caution_overlay,artifacts_part2_g532/predictions/g532_final_consensus_tape.csv
2025-03-05,0,0.2180492976610937,0.5294706251224724,0.957717,1.408479,0.5,0.540434,0.511553,0.442978,0.5,0.6,0.884474,0.159205,0.200186,0.555326,0,high_risk_veto,VOO,0.007576,0.007576,0.007576,0.0,0,0.10377,0.651746,0.184493,0.526847,part2a21_soft_caution_overlay,artifacts_part2_g532/predictions/g532_final_consensus_tape.csv
2025-03-06,0,0.2158678811753677,0.5686695840787707,2.128737,1.49429,0.75,0.534953,0.509987,0.488201,0.5,0.6,0.900134,0.162024,0.207306,0.54668,0,high_risk_veto,VOO,0.007576,0.007576,0.007576,0.0,0,0.090871,0.67803,0.152443,0.466593,part2a21_soft_caution_overlay,artifacts_part2_g532/predictions/g532_final_consensus_tape.csv
2025-03-07,0,0.2162312399326628,0.5728806530690655,1.103943,1.396799,0.5,0.537394,0.510684,0.43789,0.5,0.6,0.89316,0.160769,0.200835,0.554526,0,high_risk_veto,VOO,0.007576,0.007576,0.007576,0.0,0,0.093365,0.664845,0.16881,0.497364,part2a21_soft_caution_overlay,artifacts_part2_g532/predictions/g532_final_consensus_tape.csv
2025-03-10,0,0.2147616624901845,0.5904945599949208,2.388368,1.873683,0.75,0.542235,0.512067,0.680086,0.5,0.6,0.879329,0.158279,0.24736,0.502654,0,high_risk_veto,FLAT,0.0,0.0,0.0,0.0,0,0.093859,0.634693,0.204139,0.563781,part2a21_soft_caution_overlay,artifacts_part2_g532/predictions/g532_final_consensus_tape.csv
2025-03-11,0,0.2143171980076134,0.6131211764132184,1.252933,1.581748,0.75,0.542422,0.512121,0.530925,0.5,0.6,0.878795,0.158183,0.246119,0.503912,0,high_risk_veto,FLAT,0.0,0.0,0.0,0.0,0,0.094618,0.633904,0.205028,0.565453,part2a21_soft_caution_overlay,artifacts_part2_g532/predictions/g532_final_consensus_tape.csv
2025-03-12,0,0.2181139253917516,0.5228934708600698,0.878284,1.506528,0.5,0.543047,0.512299,0.492337,0.5,0.6,0.877008,0.157862,0.256445,0.493637,0,high_risk_veto,FLAT,0.0,0.0,0.0,0.0,0,0.102431,0.634286,0.204598,0.564644,part2a21_soft_caution_overlay,artifacts_part2_g532/predictions/g532_final_consensus_tape.csv
2025-03-13,0,0.2161167585895292,0.5574588339513594,1.665577,1.265598,0.75,0.543181,0.512338,0.369179,0.5,0.6,0.876624,0.157792,0.258759,0.491391,0,high_risk_veto,FLAT,0.0,0.0,0.0,0.0,0,0.095609,0.629482,0.209983,0.574767,part2a21_soft_caution_overlay,artifacts_part2_g532/predictions/g532_final_consensus_tape.csv
2025-03-14,0,0.215482670324025,0.5818274180181843,0.459179,1.001013,0.5,0.542123,0.512035,0.234382,0.5,0.6,0.87965,0.158337,0.290422,0.462601,0,high_risk_veto,FLAT,0.0,0.0,0.0,0.0,0,0.104684,0.64155,0.196338,0.549116,part2a21_soft_caution_overlay,artifacts_part2_g532/predictions/g532_final_consensus_tape.csv
2025-03-17,0,0.2175358236853006,0.5323338029213838,1.058175,1.060977,0.5,0.544756,0.512787,0.264019,0.5,0.6,0.872127,0.156983,0.280416,0.471328,0,high_risk_veto,FLAT,0.0,0.0,0.0,0.0,0,0.111791,0.628435,0.211149,0.57696,part2a21_soft_caution_overlay,artifacts_part2_g532/predictions/g532_final_consensus_tape.csv
2025-03-18,0,0.2158590104978794,0.567993959691706,1.716626,1.077993,0.75,0.544201,0.512629,0.272928,0.5,0.6,0.873712,0.157268,0.282687,0.469318,0,high_risk_veto,FLAT,0.0,0.0,0.0,0.0,0,0.107561,0.629656,0.209789,0.574403,part2a21_soft_caution_overlay,artifacts_part2_g532/predictions/g532_final_consensus_tape.csv
2025-03-19,0,0.2393937854283489,0.4759333488238451,0.798214,1.191005,0.5,0.545504,0.513001,0.330265,0.5,0.6,0.869988,0.156598,0.26856,0.482105,0,high_risk_veto,FLAT,0.0,0.0,0.0,0.0,0,0.137102,0.689375,0.200352,0.556662,part2a21_soft_caution_overlay,artifacts_part2_g532/predictions/g532_final_consensus_tape.csv
2025-03-20,0,0.2247498495436635,0.416228238396579,1.265368,1.260069,0.75,0.543135,0.512324,0.366369,0.5,0.6,0.876757,0.157816,0.256303,0.493775,0,high_risk_veto,FLAT,0.0,0.0,0.0,0.0,0,0.129527,0.700276,0.187788,0.533041,part2a21_soft_caution_overlay,artifacts_part2_g532/predictions/g532_final_consensus_tape.csv
2025-03-21,0,0.2179856591518754,0.3892293966779703,1.058756,1.04078,0.5,0.540479,0.511565,0.255318,0.5,0.6,0.884346,0.159182,0.252623,0.497391,0,high_risk_veto,FLAT,0.0,0.0,0.0,0.0,0,0.119097,0.711112,0.174948,0.508903,part2a21_soft_caution_overlay,artifacts_part2_g532/predictions/g532_final_consensus_tape.csv
2025-03-24,0,0.2168575524132952,0.3738815617327669,0.617473,0.980533,0.5,0.531916,0.509119,0.227946,0.5,0.6,0.90881,0.163586,0.213612,0.539244,0,low_agreement,FLAT,0.0,0.0,0.0,0.0,0,0.094082,0.742075,0.128014,0.420666,part2a21_soft_caution_overlay,artifacts_part2_g532/predictions/g532_final_consensus_tape.csv
2025-03-25,0,0.2433403390771149,0.4715792550397535,1.111264,0.929164,0.5,0.531103,0.508887,0.202175,0.5,0.6,0.911134,0.164004,0.209711,0.54382,0,low_agreement,FLAT,0.0,0.0,0.0,0.0,0,0.092992,0.743819,0.122726,0.410724,part2a21_soft_caution_overlay,artifacts_part2_g532/predictions/g532_final_consensus_tape.csv
2025-03-26,0,0.223603345800352,0.4087571300641774,1.828745,1.185827,0.75,0.536536,0.510439,0.330687,0.5,0.6,0.895613,0.16121,0.218146,0.534021,1,ok,FLAT,0.0,0.0,0.0,0.0,0,0.113453,0.731651,0.149546,0.461147,part2a21_soft_caution_overlay,artifacts_part2_g532/predictions/g532_final_consensus_tape.csv
2025-03-27,0,0.2181997264944833,0.3931251783907722,1.363765,1.434591,0.75,0.536861,0.510532,0.457293,0.5,0.6,0.894682,0.161043,0.192384,0.56512,1,ok,FLAT,0.0,0.0,0.0,0.0,0,0.115138,0.730619,0.150859,0.463615,part2a21_soft_caution_overlay,artifacts_part2_g532/predictions/g532_final_consensus_tape.csv
2025-03-28,0,0.2578815783374938,0.5071059825506794,1.868465,1.686992,0.75,0.541331,0.511809,0.584918,0.5,0.6,0.881912,0.158744,0.215265,0.537328,0,high_risk_veto,FLAT,0.0,0.0,0.0,0.0,0,0.123781,0.708393,0.178204,0.515024,part2a21_soft_caution_overlay,artifacts_part2_g532/predictions/g532_final_consensus_tape.csv
2025-03-31,0,0.2666932974695321,0.5265264127633846,0.924567,1.385599,0.75,0.543584,0.512453,0.430387,0.5,0.6,0.875474,0.157585,0.212071,0.541043,0,high_risk_veto,FLAT,0.0,0.0,0.0,0.0,0,0.123905,0.694301,0.194716,0.546066,part2a21_soft_caution_overlay,artifacts_part2_g532/predictions/g532_final_consensus_tape.csv
2025-04-01,0,0.2455843431642187,0.4924762532275337,0.709887,1.16764,0.5,0.542968,0.512277,0.319193,0.5,0.6,0.877233,0.157902,0.204953,0.549507,0,high_risk_veto,FLAT,0.0,0.0,0.0,0.0,0,0.12382,0.698173,0.190237,0.537646,part2a21_soft_caution_overlay,artifacts_part2_g532/predictions/g532_final_consensus_tape.csv
2025-04-02,0,0.2796184551242744,0.5627726698520059,0.800368,0.811608,0.5,0.540689,0.511625,0.138272,0.5,0.6,0.883746,0.159074,0.204477,0.550083,0,high_risk_veto,FLAT,0.0,0.0,0.0,0.0,0,0.123684,0.712284,0.173538,0.506252,part2a21_soft_caution_overlay,artifacts_part2_g532/predictions/g532_final_consensus_tape.csv
2025-04-03,0,0.2185419505166254,0.3916986649466543,2.190198,1.233484,0.75,0.552455,0.514987,0.349686,0.5,0.6,0.850128,0.153023,0.357973,0.411203,0,high_risk_veto,FLAT,0.0,0.0,0.0,0.0,0,0.138123,0.66812,0.276204,0.601006,part2a21_soft_caution_overlay,artifacts_part2_g532/predictions/g532_final_consensus_tape.csv
2025-04-04,0,0.2228432465028727,0.4219809867827099,1.965976,1.652181,0.75,0.559066,0.516876,0.56319,0.5,0.6,0.831241,0.149623,0.451224,0.35652,0,high_risk_veto,FLAT,0.0,0.0,0.0,0.0,1,0.148744,0.656003,0.34518,0.625367,part2a21_soft_caution_overlay,artifacts_part2_g532/predictions/g532_final_consensus_tape.csv
2025-04-07,0,0.2132501057393641,0.3898951069082554,0.506385,1.554186,0.5,0.55377,0.515363,0.514028,0.5,0.6,0.846371,0.152347,0.422576,0.371705,0,high_risk_veto,FLAT,0.0,0.0,0.0,0.0,1,0.147336,0.667033,0.282369,0.603216,part2a21_soft_caution_overlay,artifacts_part2_g532/predictions/g532_final_consensus_tape.csv
2025-04-08,0,0.2041813279997849,0.3480359519925946,1.066954,1.179772,0.75,0.552086,0.514882,0.322235,0.5,0.6,0.851184,0.153213,0.415431,0.375697,0,high_risk_veto,FLAT,0.0,0.0,0.0,0.0,0,0.177948,0.756352,0.229603,0.584084,part2a21_soft_caution_overlay,artifacts_part2_g532/predictions/g532_final_consensus_tape.csv
2025-04-09,0,0.2386104424786865,0.4658558728447275,-0.441124,0.377405,0.5,0.554554,0.515587,0.0,0.5,0.6,0.844131,0.151944,0.681432,0.268404,0,high_risk_veto,FLAT,0.0,0.0,0.0,0.0,1,0.204085,0.755965,0.231793,0.584888,part2a21_soft_caution_overlay,artifacts_part2_g532/predictions/g532_final_consensus_tape.csv
2025-04-10,0,0.2309144668485267,0.4396611367466083,2.18257,0.936133,0.75,0.55426,0.515503,0.196261,0.5,0.6,0.84497,0.152095,0.690872,0.265711,0,high_risk_veto,FLAT,0.0,0.0,0.0,0.0,1,0.223091,0.76132,0.209426,0.573721,part2a21_soft_caution_overlay,artifacts_part2_g532/predictions/g532_final_consensus_tape.csv
2025-04-11,0,0.2174332824954661,0.4169204512672838,0.347676,0.696374,0.5,0.569039,0.519725,0.065944,0.5,0.6,0.802746,0.144494,0.696484,0.264135,0,high_risk_veto,FLAT,0.0,0.0,0.0,0.0,1,0.23063,0.730021,0.379397,0.63717,part2a21_soft_caution_overlay,artifacts_part2_g532/predictions/g532_final_consensus_tape.csv
2025-04-14,0,0.231206636801535,0.4519581260678467,0.651264,1.060504,0.5,0.557353,0.516387,0.259002,0.5,0.6,0.836133,0.150504,0.696245,0.264202,0,high_risk_veto,FLAT,0.0,0.0,0.0,0.0,1,0.161572,0.662046,0.310721,0.613295,part2a21_soft_caution_overlay,artifacts_part2_g532/predictions/g532_final_consensus_tape.csv
2025-04-15,0,0.2316116489593239,0.464067995668659,0.885411,0.628117,0.5,0.564381,0.518395,0.032928,0.5,0.6,0.816054,0.14689,0.696175,0.264222,0,high_risk_veto,FLAT,0.0,0.0,0.0,0.0,1,0.228544,0.739557,0.324906,0.618287,part2a21_soft_caution_overlay,artifacts_part2_g532/predictions/g532_final_consensus_tape.csv
2025-04-16,0,0.214144983349059,0.4404883573677047,1.755264,1.097313,0.75,0.555175,0.515764,0.278759,0.5,0.6,0.842357,0.151624,0.702519,0.262462,0,high_risk_veto,FLAT,0.0,0.0,0.0,0.0,1,0.142773,0.652602,0.304246,0.611005,part2a21_soft_caution_overlay,artifacts_part2_g532/predictions/g532_final_consensus_tape.csv
2025-04-17,0,0.2123255030099374,0.4877682743135565,0.929651,1.190109,0.75,0.56828,0.519509,0.321904,0.5,0.6,0.804914,0.144884,0.639473,0.281065,0,high_risk_veto,FLAT,0.0,0.0,0.0,0.0,1,0.225448,0.720089,0.375674,0.635894,part2a21_soft_caution_overlay,artifacts_part2_g532/predictions/g532_final_consensus_tape.csv
2025-04-18,0,0.2143131899651122,0.5023578624895414,0.923557,1.202824,0.75,0.566493,0.518998,0.329107,0.5,0.6,0.810019,0.145803,0.538552,0.317037,0,high_risk_veto,FLAT,0.0,0.0,0.0,0.0,1,0.221573,0.723173,0.358027,0.62982,part2a21_soft_caution_overlay,artifacts_part2_g532/predictions/g532_final_consensus_tape.csv
2025-04-21,0,0.2157860746095543,0.5452686354650297,1.704315,1.185841,0.75,0.56949,0.519854,0.319268,0.5,0.6,0.801457,0.144262,0.552133,0.311669,0,high_risk_veto,FLAT,0.0,0.0,0.0,0.0,1,0.230711,0.718494,0.384815,0.639022,part2a21_soft_caution_overlay,artifacts_part2_g532/predictions/g532_final_consensus_tape.csv
2025-04-22,0,0.2165967838026875,0.4792218409423752,0.175977,0.934616,0.5,0.563323,0.518092,0.191717,0.5,0.6,0.819077,0.147434,0.5561,0.310135,0,high_risk_veto,FLAT,0.0,0.0,0.0,0.0,1,0.223427,0.730276,0.317489,0.615681,part2a21_soft_caution_overlay,artifacts_part2_g532/predictions/g532_final_consensus_tape.csv
2025-04-23,0,0.2216714106757286,0.4893874371162598,0.379114,0.753136,0.5,0.544376,0.512679,0.106748,0.5,0.6,0.873212,0.157178,0.301639,0.453195,0,high_risk_veto,FLAT,0.0,0.0,0.0,0.0,0,0.118497,0.675546,0.204031,0.563578,part2a21_soft_caution_overlay,artifacts_part2_g532/predictions/g532_final_consensus_tape.csv
2025-04-24,0,0.2229678898707655,0.4439273557498105,0.325427,0.293506,0.5,0.542278,0.512079,0.0,0.5,0.6,0.879206,0.158257,0.268798,0.481883,0,high_risk_veto,FLAT,0.0,0.0,0.0,0.0,0,0.112151,0.685492,0.192671,0.542221,part2a21_soft_caution_overlay,artifacts_part2_g532/predictions/g532_final_consensus_tape.csv
2025-04-25,0,0.2211632348979047,0.4488241199834292,0.804741,0.503094,0.5,0.540263,0.511504,0.0,0.5,0.6,0.884962,0.159293,0.245294,0.504751,0,weak_score,FLAT,0.0,0.0,0.0,0.0,0,0.114488,0.69938,0.176329,0.511499,part2a21_soft_caution_overlay,artifacts_part2_g532/predictions/g532_final_consensus_tape.csv
2025-04-28,0,0.2205130944910351,0.4656524920209516,1.122582,0.750917,0.75,0.543668,0.512477,0.105937,0.5,0.6,0.875233,0.157542,0.246355,0.503671,1,ok,VOO,0.001261,0.001261,0.001261,0.0,0,0.12265,0.682475,0.196145,0.548753,part2a21_soft_caution_overlay,artifacts_part2_g532/predictions/g532_final_consensus_tape.csv
2025-04-29,0,0.224866207215131,0.4958588180082038,0.908959,0.945428,0.5,0.543102,0.512315,0.205594,0.5,0.6,0.876851,0.157833,0.243685,0.506395,0,low_agreement,VOO,0.001261,0.001261,0.001261,0.0,0,0.120712,0.685012,0.193225,0.543262,part2a21_soft_caution_overlay,artifacts_part2_g532/predictions/g532_final_consensus_tape.csv
2025-04-30,0,0.2260173700155456,0.4231463795372308,1.044524,1.025355,0.75,0.537213,0.510632,0.248699,0.5,0.6,0.893677,0.160862,0.188532,0.570084,1,ok,VOO,0.001261,0.001261,0.001261,0.0,0,0.107511,0.714075,0.158364,0.477725,part2a21_soft_caution_overlay,artifacts_part2_g532/predictions/g532_final_consensus_tape.csv
2025-05-01,0,0.2235682025893683,0.4259102725538189,0.718447,0.890644,0.5,0.53977,0.511363,0.178996,0.5,0.6,0.88637,0.159547,0.192022,0.565582,0,low_agreement,VOO,0.001261,0.001261,0.001261,0.0,0,0.112657,0.701418,0.17388,0.506894,part2a21_soft_caution_overlay,artifacts_part2_g532/predictions/g532_final_consensus_tape.csv
2025-05-02,0,0.2232782965782115,0.4215257446619888,0.788212,0.850394,0.5,0.539135,0.511181,0.158736,0.5,0.6,0.888187,0.159874,0.205465,0.548889,0,low_agreement,VOO,0.001261,0.001261,0.001261,0.0,0,0.117492,0.707834,0.166083,0.492236,part2a21_soft_caution_overlay,artifacts_part2_g532/predictions/g532_final_consensus_tape.csv
2025-05-05,0,0.2255024220639332,0.4496216881231762,1.440564,0.982408,0.75,0.535648,0.510185,0.227434,0.5,0.6,0.898149,0.161667,0.161599,0.607387,1,ok,VOO,0.00335,0.00335,0.00335,0.0,0,0.112818,0.725844,0.143419,0.449628,part2a21_soft_caution_overlay,artifacts_part2_g532/predictions/g532_final_consensus_tape.csv
2025-05-06,0,0.2242869627528188,0.4623604725778141,1.512689,1.247155,0.75,0.535293,0.510084,0.362325,0.75,0.6,0.899163,0.404623,0.162828,0.605579,1,ok,VOO,0.00335,0.00335,0.00335,0.0,0,0.108369,0.725649,0.143671,0.450102,part2a21_soft_caution_overlay,artifacts_part2_g532/predictions/g532_final_consensus_tape.csv
2025-05-07,0,0.2269462144300584,0.4443816619305411,1.090302,1.347852,0.5,0.534324,0.509807,0.413867,0.75,0.6,0.901932,0.405869,0.15353,0.619533,0,low_agreement,VOO,0.00335,0.00335,0.00335,0.0,0,0.100925,0.7271,0.141332,0.445705,part2a21_soft_caution_overlay,artifacts_part2_g532/predictions/g532_final_consensus_tape.csv
2025-05-08,0,0.2280306236151429,0.4346725426703385,1.043777,1.215589,0.5,0.535571,0.510163,0.346166,0.75,0.6,0.898369,0.404266,0.151581,0.622539,0,low_agreement,VOO,0.00335,0.00335,0.00335,0.0,0,0.102635,0.721173,0.149414,0.460899,part2a21_soft_caution_overlay,artifacts_part2_g532/predictions/g532_final_consensus_tape.csv
2025-05-09,0,0.2337402372890951,0.4769790907087598,1.395033,1.176371,0.75,0.532379,0.509251,0.327295,0.75,0.6,0.907489,0.40837,0.154227,0.618464,1,ok,VOO,0.00335,0.00335,0.00335,0.0,0,0.096606,0.730906,0.129793,0.424011,part2a21_soft_caution_overlay,artifacts_part2_g532/predictions/g532_final_consensus_tape.csv
2025-05-12,0,0.2248067525035486,0.442000686659066,0.378698,0.939169,0.5,0.538293,0.510941,0.204351,0.75,0.6,0.890592,0.400766,0.232558,0.518073,0,low_agreement,FLAT,0.0,0.0,0.0,0.0,0,0.117488,0.712852,0.159887,0.480588,part2a21_soft_caution_overlay,artifacts_part2_g532/predictions/g532_final_consensus_tape.csv
2025-05-13,0,0.2252833864490294,0.4510857782365584,1.269173,1.014301,0.5,0.54644,0.513268,0.239492,0.75,0.6,0.867316,0.390292,0.231101,0.519641,0,low_agreement,FLAT,0.0,0.0,0.0,0.0,0,0.194271,0.784293,0.170404,0.500359,part2a21_soft_caution_overlay,artifacts_part2_g532/predictions/g532_final_consensus_tape.csv
2025-05-14,0,0.2246197220477943,0.5320119269540659,1.565897,1.071256,0.5,0.543406,0.512402,0.26978,0.75,0.6,0.875982,0.394192,0.226584,0.524566,0,low_agreement,FLAT,0.0,0.0,0.0,0.0,0,0.13943,0.689239,0.183404,0.5248,part2a21_soft_caution_overlay,artifacts_part2_g532/predictions/g532_final_consensus_tape.csv
2025-05-15,0,0.2265651992733287,0.514091943255394,1.644334,1.493135,0.5,0.538288,0.510939,0.486742,0.75,0.6,0.890606,0.400773,0.231055,0.519691,0,low_agreement,FLAT,0.0,0.0,0.0,0.0,0,0.117777,0.708843,0.159663,0.480167,part2a21_soft_caution_overlay,artifacts_part2_g532/predictions/g532_final_consensus_tape.csv
2025-05-16,0,0.2278392389845657,0.5973669265978475,1.545942,1.585391,0.5,0.539874,0.511392,0.533393,0.75,0.6,0.886075,0.398734,0.217639,0.5346,0,low_agreement,FLAT,0.0,0.0,0.0,0.0,0,0.122902,0.702045,0.16804,0.495915,part2a21_soft_caution_overlay,artifacts_part2_g532/predictions/g532_final_consensus_tape.csv
2025-05-19,0,0.227006348472149,0.5500952316132898,1.637003,1.609093,0.5,0.537746,0.510785,0.545978,0.75,0.6,0.892153,0.401469,0.213252,0.539664,0,low_agreement,FLAT,0.0,0.0,0.0,0.0,0,0.122454,0.714424,0.152663,0.467007,part2a21_soft_caution_overlay,artifacts_part2_g532/predictions/g532_final_consensus_tape.csv
2025-05-20,0,0.2267110163987301,0.5385160488837818,1.787388,1.656778,0.75,0.538794,0.511084,0.570049,0.75,0.6,0.889161,0.400123,0.197411,0.55877,1,ok,FLAT,0.0,0.0,0.0,0.0,0,0.122623,0.708359,0.160266,0.481299,part2a21_soft_caution_overlay,artifacts_part2_g532/predictions/g532_final_consensus_tape.csv
2025-05-21,0,0.2211905309614648,0.4706841396127947,2.119392,1.847928,0.75,0.540159,0.511474,0.667283,0.75,0.6,0.885261,0.398368,0.214041,0.538745,1,ok,FLAT,0.0,0.0,0.0,0.0,0,0.128264,0.703156,0.166682,0.493363,part2a21_soft_caution_overlay,artifacts_part2_g532/predictions/g532_final_consensus_tape.csv
2025-05-22,0,0.2218668959626202,0.4822022133425714,1.603025,1.836602,0.5,0.539573,0.511306,0.661605,0.75,0.6,0.886935,0.399121,0.212385,0.540676,0,low_agreement,FLAT,0.0,0.0,0.0,0.0,0,0.122876,0.703843,0.16584,0.491779,part2a21_soft_caution_overlay,artifacts_part2_g532/predictions/g532_final_consensus_tape.csv
2025-05-23,0,0.220550009576549,0.4767190751280652,1.897642,1.873353,0.75,0.543655,0.512473,0.679685,0.75,0.6,0.875272,0.393872,0.221664,0.530038,1,ok,FLAT,0.0,0.0,0.0,0.0,0,0.136593,0.686125,0.187062,0.531676,part2a21_soft_caution_overlay,artifacts_part2_g532/predictions/g532_final_consensus_tape.csv
2025-05-26,0,0.2214004229802772,0.4999462599014397,1.610061,1.703576,0.75,0.54204,0.512011,0.593238,0.75,0.6,0.879886,0.395949,0.095128,0.724369,1,ok,VOO,0.025522,0.025522,0.025522,0.0,0,0.134286,0.694919,0.176655,0.512111,part2a21_soft_caution_overlay,artifacts_part2_g532/predictions/g532_final_consensus_tape.csv
2025-05-27,0,0.2237063706983472,0.5040741495070415,0.945749,1.484484,0.5,0.5395,0.511286,0.482012,0.75,0.6,0.887143,0.399214,0.122539,0.67107,0,low_agreement,VOO,0.025522,0.025522,0.025522,0.0,0,0.126703,0.706283,0.162838,0.486135,part2a21_soft_caution_overlay,artifacts_part2_g532/predictions/g532_final_consensus_tape.csv
2025-05-28,0,0.2234838989416203,0.4789193016435793,1.815417,1.457076,0.75,0.537552,0.510729,0.468559,0.75,0.6,0.892708,0.401719,0.120339,0.675056,1,ok,VOO,0.025522,0.025522,0.025522,0.0,0,0.121056,0.714842,0.152134,0.466012,part2a21_soft_caution_overlay,artifacts_part2_g532/predictions/g532_final_consensus_tape.csv
2025-05-29,0,0.2255411695023772,0.4759178281627086,1.547565,1.436244,0.5,0.536121,0.51032,0.458339,0.75,0.6,0.896796,0.403558,0.120204,0.675304,0,low_agreement,VOO,0.025522,0.025522,0.025522,0.0,0,0.114701,0.719891,0.145693,0.453904,part2a21_soft_caution_overlay,artifacts_part2_g532/predictions/g532_final_consensus_tape.csv
2025-05-30,0,0.2263570854433139,0.4565023506060317,1.635757,1.666246,0.75,0.537243,0.510641,0.575213,0.75,0.6,0.893591,0.402116,0.115367,0.684244,1,ok,VOO,0.025522,0.025522,0.025522,0.0,0,0.118778,0.715481,0.151325,0.464491,part2a21_soft_caution_overlay,artifacts_part2_g532/predictions/g532_final_consensus_tape.csv
2025-06-02,0,0.2236549394920253,0.4178889298659248,1.365793,1.516372,0.5,0.539849,0.511385,0.498187,0.75,0.6,0.886145,0.398765,0.126781,0.663515,0,low_agreement,FLAT,0.0,0.0,0.0,0.0,0,0.12222,0.701833,0.168299,0.496402,part2a21_soft_caution_overlay,artifacts_part2_g532/predictions/g532_final_consensus_tape.csv
2025-06-03,0,0.2256895812087289,0.5110159031068844,1.455034,1.485528,0.5,0.537909,0.510831,0.482964,0.75,0.6,0.891687,0.401259,0.131454,0.655388,0,low_agreement,FLAT,0.0,0.0,0.0,0.0,0,0.124414,0.714473,0.152602,0.466891,part2a21_soft_caution_overlay,artifacts_part2_g532/predictions/g532_final_consensus_tape.csv
2025-06-04,0,0.2301691771125035,0.508080356159228,1.606367,1.475732,0.5,0.535404,0.510115,0.478637,0.75,0.6,0.898845,0.40448,0.12758,0.662111,0,low_agreement,FLAT,0.0,0.0,0.0,0.0,0,0.11257,0.722762,0.141785,0.446555,part2a21_soft_caution_overlay,artifacts_part2_g532/predictions/g532_final_consensus_tape.csv
2025-06-05,0,0.2265729617145307,0.5201835819529746,1.90126,1.65422,0.75,0.538185,0.51091,0.568879,0.75,0.6,0.890901,0.400905,0.126559,0.663906,1,ok,FLAT,0.0,0.0,0.0,0.0,0,0.121044,0.711138,0.156799,0.474781,part2a21_soft_caution_overlay,artifacts_part2_g532/predictions/g532_final_consensus_tape.csv
2025-06-06,0,0.2267194034121646,0.4841476551271852,1.419105,1.642244,0.5,0.536807,0.510516,0.563081,0.75,0.6,0.894836,0.402676,0.140093,0.640872,0,low_agreement,FLAT,0.0,0.0,0.0,0.0,0,0.122179,0.71971,0.145925,0.454339,part2a21_soft_caution_overlay,artifacts_part2_g532/predictions/g532_final_consensus_tape.csv
2025-06-09,0,0.2269197977274282,0.5038863360425208,1.664982,1.661782,0.5,0.535079,0.510023,0.573409,0.75,0.6,0.899773,0.404898,0.140637,0.63998,0,low_agreement,FLAT,0.0,0.0,0.0,0.0,0,0.115316,0.724135,0.137623,0.438732,part2a21_soft_caution_overlay,artifacts_part2_g532/predictions/g532_final_consensus_tape.csv
2025-06-10,0,0.2272475078071009,0.5301923138523338,1.519332,1.534473,0.5,0.536653,0.510472,0.508224,0.75,0.6,0.895277,0.402875,0.121184,0.67352,0,low_agreement,FLAT,0.0,0.0,0.0,0.0,0,0.126918,0.722778,0.141736,0.446465,part2a21_soft_caution_overlay,artifacts_part2_g532/predictions/g532_final_consensus_tape.csv
2025-06-11,0,0.2245587243447066,0.7504596270646579,1.773282,1.652532,0.75,0.532993,0.509427,0.569159,0.75,0.6,0.905734,0.40758,0.127212,0.662758,1,ok,FLAT,0.0,0.0,0.0,0.0,0,0.087759,0.666902,0.140017,0.443232,part2a21_soft_caution_overlay,artifacts_part2_g532/predictions/g532_final_consensus_tape.csv
2025-06-12,0,0.2219820431007899,0.6801572818197146,1.531877,1.608163,0.5,0.5355,0.510143,0.546024,0.75,0.6,0.898572,0.404358,0.127332,0.662547,0,low_agreement,FLAT,0.0,0.0,0.0,0.0,0,0.095,0.657075,0.153809,0.46916,part2a21_soft_caution_overlay,artifacts_part2_g532/predictions/g532_final_consensus_tape.csv
2025-06-13,0,0.2181228847705975,0.6228922543175579,1.967081,1.757413,0.75,0.539356,0.511245,0.621253,0.75,0.6,0.887553,0.399399,0.132731,0.653199,1,ok,FLAT,0.0,0.0,0.0,0.0,0,0.100321,0.636697,0.17878,0.516106,part2a21_soft_caution_overlay,artifacts_part2_g532/predictions/g532_final_consensus_tape.csv
2025-06-16,0,0.2181276138672042,0.6094687113931282,1.26497,1.587976,0.5,0.536302,0.510372,0.535558,0.75,0.6,0.896281,0.403326,0.1391,0.642509,0,low_agreement,FLAT,0.0,0.0,0.0,0.0,0,0.095679,0.652711,0.159277,0.479441,part2a21_soft_caution_overlay,artifacts_part2_g532/predictions/g532_final_consensus_tape.csv
2025-06-17,0,0.221847277879283,0.7043690586861571,1.908138,1.713396,0.75,0.541044,0.511727,0.598458,0.75,0.6,0.882731,0.397229,0.154369,0.618248,1,ok,FLAT,0.0,0.0,0.0,0.0,0,0.098399,0.625054,0.192447,0.5418,part2a21_soft_caution_overlay,artifacts_part2_g532/predictions/g532_final_consensus_tape.csv
2025-06-18,0,0.2201275334483656,0.6630094564436211,1.621048,1.598052,0.75,0.538421,0.510977,0.540193,0.75,0.6,0.890226,0.400602,0.14866,0.627101,1,ok,FLAT,0.0,0.0,0.0,0.0,0,0.092656,0.63833,0.176829,0.512439,part2a21_soft_caution_overlay,artifacts_part2_g532/predictions/g532_final_consensus_tape.csv
2025-06-19,0,0.2206734100003222,0.6659178808409082,1.615004,1.71473,0.75,0.536877,0.510536,0.599989,0.75,0.6,0.894637,0.402587,0.148259,0.627732,1,ok,FLAT,0.0,0.0,0.0,0.0,0,0.092769,0.647769,0.165388,0.490929,part2a21_soft_caution_overlay,artifacts_part2_g532/predictions/g532_final_consensus_tape.csv
2025-06-20,0,0.220512744568796,0.6171946746092174,1.777328,1.671127,0.75,0.538012,0.510861,0.577534,0.75,0.6,0.891394,0.401127,0.111051,0.692423,1,ok,FLAT,0.0,0.0,0.0,0.0,0,0.098923,0.644174,0.169781,0.499188,part2a21_soft_caution_overlay,artifacts_part2_g532/predictions/g532_final_consensus_tape.csv
2025-06-23,0,0.2222632079892909,0.6920370970976077,1.307085,1.566472,0.5,0.537755,0.510787,0.524255,0.75,0.6,0.89213,0.401458,0.118961,0.677579,0,low_agreement,FLAT,0.0,0.0,0.0,0.0,0,0.095294,0.643809,0.170224,0.500021,part2a21_soft_caution_overlay,artifacts_part2_g532/predictions/g532_final_consensus_tape.csv
2025-06-24,0,0.2306340060869774,0.7788182115191473,1.204376,1.429596,0.5,0.535433,0.510124,0.455145,0.75,0.6,0.898764,0.404444,0.124164,0.668156,0,low_agreement,FLAT,0.0,0.0,0.0,0.0,0,0.092016,0.65594,0.155237,0.471846,part2a21_soft_caution_overlay,artifacts_part2_g532/predictions/g532_final_consensus_tape.csv
2025-06-25,0,0.2267698094773448,0.7394929576877921,1.562606,1.358022,0.5,0.535772,0.510221,0.418612,0.75,0.6,0.897793,0.404007,0.119062,0.677393,0,low_agreement,FLAT,0.0,0.0,0.0,0.0,0,0.095092,0.655526,0.155757,0.472824,part2a21_soft_caution_overlay,artifacts_part2_g532/predictions/g532_final_consensus_tape.csv
2025-06-26,0,0.2283133220227992,0.7918301538832274,1.370203,1.379062,0.5,0.533271,0.509506,0.43005,0.75,0.6,0.904941,0.407223,0.120807,0.674205,0,low_agreement,FLAT,0.0,0.0,0.0,0.0,0,0.085401,0.665087,0.14358,0.449931,part2a21_soft_caution_overlay,artifacts_part2_g532/predictions/g532_final_consensus_tape.csv
2025-06-27,0,0.2281100785846677,0.8112634577723544,1.531678,1.488162,0.5,0.536068,0.510305,0.48479,0.5,0.6,0.896948,0.161451,0.116149,0.682783,0,low_agreement,FLAT,0.0,0.0,0.0,0.0,0,0.088644,0.650445,0.16209,0.484729,part2a21_soft_caution_overlay,artifacts_part2_g532/predictions/g532_final_consensus_tape.csv
2025-06-30,0,0.2280035031347953,0.7998777401320245,1.453731,1.451871,0.5,0.531984,0.509138,0.467418,0.5,0.6,0.908616,0.163551,0.10069,0.71288,0,low_agreement,FLAT,0.0,0.0,0.0,0.0,0,0.080504,0.667811,0.137263,0.438055,part2a21_soft_caution_overlay,artifacts_part2_g532/predictions/g532_final_consensus_tape.csv
2025-07-01,0,0.2258598845875076,0.7722855901378466,1.893844,1.626418,0.75,0.536289,0.510368,0.555137,0.5,0.6,0.896316,0.161337,0.061082,0.803647,1,ok,FLAT,0.0,0.0,0.0,0.0,0,0.097226,0.653584,0.158189,0.477395,part2a21_soft_caution_overlay,artifacts_part2_g532/predictions/g532_final_consensus_tape.csv
2025-07-02,0,0.2210758075810384,0.6304469882759307,1.475336,1.607637,0.5,0.535245,0.51007,0.545815,0.5,0.6,0.8993,0.161874,0.061229,0.803268,0,low_agreement,FLAT,0.0,0.0,0.0,0.0,0,0.100047,0.661115,0.148682,0.459522,part2a21_soft_caution_overlay,artifacts_part2_g532/predictions/g532_final_consensus_tape.csv
2025-07-03,0,0.2165991339904834,0.5509415539336038,1.410622,1.593267,0.5,0.534671,0.509906,0.538636,0.5,0.6,0.90094,0.162169,0.072677,0.774768,0,low_agreement,FLAT,0.0,0.0,0.0,0.0,0,0.099696,0.664235,0.14468,0.451999,part2a21_soft_caution_overlay,artifacts_part2_g532/predictions/g532_final_consensus_tape.csv
2025-07-04,0,0.2214261989657501,0.6951304726670169,1.713472,1.533144,0.75,0.533648,0.509614,0.508299,0.5,0.6,0.903862,0.162695,0.063947,0.796313,1,ok,FLAT,0.0,0.0,0.0,0.0,0,0.094374,0.666717,0.14058,0.444289,part2a21_soft_caution_overlay,artifacts_part2_g532/predictions/g532_final_consensus_tape.csv
2025-07-07,0,0.2129959799179911,0.4741988556456327,1.951342,1.691812,0.75,0.534714,0.509918,0.588768,0.5,0.6,0.900818,0.162147,0.078563,0.76089,1,ok,VOO,0.010896,0.010896,0.010896,0.0,0,0.09912,0.663701,0.145367,0.45329,part2a21_soft_caution_overlay,artifacts_part2_g532/predictions/g532_final_consensus_tape.csv
2025-07-08,0,0.2181351429712691,0.5792434082541936,1.744263,1.803026,0.75,0.535378,0.510108,0.645238,0.5,0.6,0.89892,0.161806,0.076374,0.765992,1,ok,VOO,0.010896,0.010896,0.010896,0.0,0,0.098553,0.659591,0.150623,0.463172,part2a21_soft_caution_overlay,artifacts_part2_g532/predictions/g532_final_consensus_tape.csv
2025-07-09,0,0.2179902815678207,0.7515523137339734,1.51308,1.736228,0.5,0.528547,0.508156,0.612584,0.5,0.6,0.918437,0.165319,0.075773,0.767406,0,low_agreement,VOO,0.010896,0.010896,0.010896,0.0,0,0.055101,0.601037,0.128319,0.421241,part2a21_soft_caution_overlay,artifacts_part2_g532/predictions/g532_final_consensus_tape.csv
2025-07-10,0,0.2180486033962625,0.764995840655562,1.727146,1.661496,0.75,0.527266,0.50779,0.574953,0.5,0.6,0.922097,0.165977,0.075459,0.768145,1,ok,VOO,0.010896,0.010896,0.010896,0.0,0,0.050793,0.603233,0.121662,0.408724,part2a21_soft_caution_overlay,artifacts_part2_g532/predictions/g532_final_consensus_tape.csv
2025-07-11,0,0.2169895143790693,0.7042842539078705,1.768559,1.669595,0.75,0.528763,0.508218,0.578739,0.5,0.6,0.917821,0.165208,0.071065,0.778657,1,ok,VOO,0.010896,0.010896,0.010896,0.0,0,0.05661,0.600835,0.128934,0.422396,part2a21_soft_caution_overlay,artifacts_part2_g532/predictions/g532_final_consensus_tape.csv
2025-07-14,0,0.2172464507279437,0.6559761303898138,1.616745,1.70415,0.5,0.527032,0.507723,0.596623,0.5,0.6,0.922767,0.166098,0.070745,0.779435,0,low_agreement,FLAT,0.0,0.0,0.0,0.0,0,0.055198,0.604739,0.117097,0.400143,part2a21_soft_caution_overlay,artifacts_part2_g532/predictions/g532_final_consensus_tape.csv
2025-07-15,0,0.2166314281795442,0.6743566379949021,1.713901,1.699735,0.5,0.530718,0.508777,0.593626,0.5,0.6,0.912234,0.164202,0.072005,0.776385,0,low_agreement,FLAT,0.0,0.0,0.0,0.0,0,0.070357,0.599007,0.134476,0.432815,part2a21_soft_caution_overlay,artifacts_part2_g532/predictions/g532_final_consensus_tape.csv
2025-07-16,0,0.2163088603962074,0.6464823905605362,1.672993,1.66788,0.5,0.532963,0.509418,0.576968,0.5,0.6,0.90582,0.163048,0.068044,0.786054,0,low_agreement,FLAT,0.0,0.0,0.0,0.0,0,0.069799,0.589283,0.151366,0.464567,part2a21_soft_caution_overlay,artifacts_part2_g532/predictions/g532_final_consensus_tape.csv
2025-07-17,0,0.2175059854616453,0.7363348007014974,1.519497,1.635464,0.5,0.53012,0.508606,0.561122,0.75,0.6,0.913942,0.411274,0.045479,0.846084,0,low_agreement,FLAT,0.0,0.0,0.0,0.0,0,0.060421,0.598347,0.136477,0.436576,part2a21_soft_caution_overlay,artifacts_part2_g532/predictions/g532_final_consensus_tape.csv
2025-07-18,0,0.2181015948870302,0.7672172791531927,1.779829,1.65744,0.75,0.526479,0.507565,0.573068,0.75,0.6,0.924346,0.415955,0.050069,0.833143,1,ok,FLAT,0.0,0.0,0.0,0.0,0,0.050932,0.605174,0.115777,0.39766,part2a21_soft_caution_overlay,artifacts_part2_g532/predictions/g532_final_consensus_tape.csv
2025-07-21,0,0.2183019879326976,0.7759184151820118,1.582195,1.627174,0.5,0.527869,0.507963,0.55742,0.75,0.6,0.920374,0.414168,0.042126,0.855794,0,low_agreement,FLAT,0.0,0.0,0.0,0.0,0,0.05474,0.602607,0.12356,0.412293,part2a21_soft_caution_overlay,artifacts_part2_g532/predictions/g532_final_consensus_tape.csv
2025-07-22,0,0.2189306142351,0.8086519743068322,1.913505,1.75851,0.75,0.527599,0.507885,0.624067,0.75,0.6,0.921146,0.414516,0.046356,0.843581,1,ok,FLAT,0.0,0.0,0.0,0.0,0,0.051575,0.602591,0.123609,0.412385,part2a21_soft_caution_overlay,artifacts_part2_g532/predictions/g532_final_consensus_tape.csv
2025-07-23,0,0.218255566491757,0.7741582159137722,1.58059,1.692097,0.5,0.527703,0.507915,0.590375,0.75,0.6,0.920849,0.414382,0.073761,0.772175,0,low_agreement,FLAT,0.0,0.0,0.0,0.0,0,0.050395,0.602088,0.125135,0.415253,part2a21_soft_caution_overlay,artifacts_part2_g532/predictions/g532_final_consensus_tape.csv
2025-07-24,0,0.2184529683897663,0.7839611974416932,1.647368,1.713821,0.5,0.526411,0.507546,0.60165,0.75,0.6,0.924541,0.416043,0.073214,0.77348,0,low_agreement,FLAT,0.0,0.0,0.0,0.0,0,0.048304,0.604782,0.116967,0.399898,part2a21_soft_caution_overlay,artifacts_part2_g532/predictions/g532_final_consensus_tape.csv
2025-07-25,0,0.2182923092335571,0.7209822654045128,1.60717,1.611709,0.5,0.52709,0.50774,0.549756,0.75,0.6,0.922599,0.41517,0.073143,0.773651,0,low_agreement,FLAT,0.0,0.0,0.0,0.0,0,0.050391,0.603575,0.120627,0.406778,part2a21_soft_caution_overlay,artifacts_part2_g532/predictions/g532_final_consensus_tape.csv
2025-07-28,0,0.2183822933693695,0.7826162659156338,1.609017,1.621185,0.5,0.52936,0.508389,0.554046,0.75,0.6,0.916114,0.412251,0.073061,0.773848,0,low_agreement,FLAT,0.0,0.0,0.0,0.0,0,0.057866,0.599651,0.132523,0.429144,part2a21_soft_caution_overlay,artifacts_part2_g532/predictions/g532_final_consensus_tape.csv
2025-07-29,0,0.2186587230023881,0.7961657279463679,1.73256,1.649583,0.75,0.529089,0.508311,0.568516,0.75,0.6,0.916888,0.4126,0.090899,0.733354,1,ok,FLAT,0.0,0.0,0.0,0.0,0,0.056546,0.600028,0.131379,0.426992,part2a21_soft_caution_overlay,artifacts_part2_g532/predictions/g532_final_consensus_tape.csv
2025-07-30,0,0.2187634964571571,0.8002562815616612,1.655912,1.66583,0.5,0.527738,0.507925,0.577049,0.75,0.6,0.920748,0.414336,0.091181,0.73275,0,low_agreement,FLAT,0.0,0.0,0.0,0.0,0,0.050445,0.602012,0.125364,0.415684,part2a21_soft_caution_overlay,artifacts_part2_g532/predictions/g532_final_consensus_tape.csv
2025-07-31,0,0.2170951988608373,0.724360620712012,1.789147,1.725873,0.75,0.532352,0.509244,0.606572,0.75,0.6,0.907565,0.408404,0.089691,0.735962,1,ok,FLAT,0.0,0.0,0.0,0.0,0,0.06003,0.587862,0.153164,0.467948,part2a21_soft_caution_overlay,artifacts_part2_g532/predictions/g532_final_consensus_tape.csv
2025-08-01,0,0.2159316730751153,0.6394500044726396,2.131065,1.858708,0.75,0.538777,0.511079,0.673014,0.75,0.6,0.88921,0.400144,0.166944,0.599601,1,ok,FLAT,0.0,0.0,0.0,0.0,0,0.055229,0.545603,0.203565,0.562702,part2a21_soft_caution_overlay,artifacts_part2_g532/predictions/g532_final_consensus_tape.csv
2025-08-04,0,0.2168339783276364,0.7156460145844203,0.988406,1.636206,0.5,0.536988,0.510568,0.559965,0.75,0.6,0.894321,0.402444,0.186208,0.573121,0,low_agreement,FLAT,0.0,0.0,0.0,0.0,0,0.049706,0.554028,0.193951,0.544627,part2a21_soft_caution_overlay,artifacts_part2_g532/predictions/g532_final_consensus_tape.csv
2025-08-05,0,0.2170996918067785,0.7315214815667099,1.755424,1.624965,0.75,0.535102,0.510029,0.554666,0.75,0.6,0.899709,0.404869,0.186642,0.572551,1,ok,FLAT,0.0,0.0,0.0,0.0,0,0.055145,0.568832,0.176559,0.511932,part2a21_soft_caution_overlay,artifacts_part2_g532/predictions/g532_final_consensus_tape.csv
2025-08-06,0,0.2133074495561143,0.7347540689176971,1.17635,1.306727,0.5,0.538901,0.511114,0.391528,0.75,0.6,0.888855,0.399985,0.179775,0.5817,0,low_agreement,FLAT,0.0,0.0,0.0,0.0,0,0.133993,0.783873,0.153728,0.469009,part2a21_soft_caution_overlay,artifacts_part2_g532/predictions/g532_final_consensus_tape.csv
2025-08-07,0,0.2114153249026942,0.8009970199395129,1.527383,1.486386,0.5,0.534495,0.509856,0.484298,0.75,0.6,0.901443,0.405649,0.17887,0.582928,0,low_agreement,FLAT,0.0,0.0,0.0,0.0,0,0.119557,0.796748,0.130587,0.425503,part2a21_soft_caution_overlay,artifacts_part2_g532/predictions/g532_final_consensus_tape.csv
2025-08-08,0,0.2120061239711146,0.7982210694550703,1.345049,1.349594,0.5,0.537627,0.51075,0.413768,0.75,0.6,0.892495,0.401623,0.187944,0.570849,0,low_agreement,FLAT,0.0,0.0,0.0,0.0,0,0.129632,0.789044,0.147156,0.456653,part2a21_soft_caution_overlay,artifacts_part2_g532/predictions/g532_final_consensus_tape.csv
2025-08-11,0,0.2120727875731801,0.7727321703364826,1.70243,1.524954,0.75,0.534969,0.509991,0.503801,0.75,0.6,0.900089,0.40504,0.187298,0.571693,1,ok,VOO,0.017499,0.017499,0.017499,0.0,0,0.121299,0.795967,0.132954,0.429953,part2a21_soft_caution_overlay,artifacts_part2_g532/predictions/g532_final_consensus_tape.csv
2025-08-12,0,0.2115023752279837,0.8100126454379857,1.28575,1.44441,0.5,0.53606,0.510303,0.462514,0.75,0.6,0.89697,0.403637,0.191004,0.566889,0,low_agreement,VOO,0.017499,0.017499,0.017499,0.0,0,0.125744,0.794261,0.138129,0.439682,part2a21_soft_caution_overlay,artifacts_part2_g532/predictions/g532_final_consensus_tape.csv
2025-08-13,0,0.2113552989710898,0.8117424753255312,1.691497,1.559893,0.75,0.53574,0.510211,0.521394,0.75,0.6,0.897887,0.404049,0.190792,0.567161,1,ok,VOO,0.017499,0.017499,0.017499,0.0,0,0.122388,0.794326,0.137929,0.439306,part2a21_soft_caution_overlay,artifacts_part2_g532/predictions/g532_final_consensus_tape.csv
2025-08-14,0,0.2120147756646025,0.7840157496545506,1.668001,1.548416,0.75,0.537091,0.510597,0.515218,0.75,0.6,0.894027,0.402312,0.189143,0.56929,1,ok,VOO,0.017499,0.017499,0.017499,0.0,0,0.134892,0.793703,0.13982,0.442861,part2a21_soft_caution_overlay,artifacts_part2_g532/predictions/g532_final_consensus_tape.csv
2025-08-15,0,0.2131904038389385,0.7171609795455495,1.761856,1.707118,0.75,0.534669,0.509905,0.596566,0.75,0.6,0.900946,0.405426,0.098867,0.716605,1,ok,VOO,0.017499,0.017499,0.017499,0.0,0,0.12833,0.79819,0.126215,0.417284,part2a21_soft_caution_overlay,artifacts_part2_g532/predictions/g532_final_consensus_tape.csv
2025-08-18,0,0.2133741777110414,0.7140267311245214,1.64023,1.690029,0.75,0.535266,0.510076,0.587745,0.75,0.6,0.89924,0.404658,0.083143,0.750428,1,ok,VOO,0.026772,0.026772,0.026772,0.0,0,0.132176,0.797557,0.128134,0.420891,part2a21_soft_caution_overlay,artifacts_part2_g532/predictions/g532_final_consensus_tape.csv
2025-08-19,0,0.2141988456886687,0.6895762196897044,1.977987,1.793358,0.75,0.539135,0.511181,0.639627,0.75,0.6,0.888187,0.399684,0.093619,0.727549,1,ok,VOO,0.026772,0.026772,0.026772,0.0,0,0.148308,0.789767,0.146228,0.454909,part2a21_soft_caution_overlay,artifacts_part2_g532/predictions/g532_final_consensus_tape.csv
2025-08-20,0,0.2144487775861896,0.6865132578764769,1.67579,1.764669,0.75,0.53976,0.51136,0.624877,0.75,0.6,0.886401,0.398881,0.092144,0.730686,1,ok,VOO,0.026772,0.026772,0.026772,0.0,0,0.150416,0.787231,0.149471,0.461006,part2a21_soft_caution_overlay,artifacts_part2_g532/predictions/g532_final_consensus_tape.csv
2025-08-21,0,0.2140750684167784,0.7004207374521,1.63667,1.763482,0.75,0.540138,0.511468,0.624199,0.75,0.6,0.88532,0.398394,0.092623,0.729664,1,ok,VOO,0.026772,0.026772,0.026772,0.0,0,0.151526,0.785601,0.151543,0.464901,part2a21_soft_caution_overlay,artifacts_part2_g532/predictions/g532_final_consensus_tape.csv
2025-08-22,0,0.215665201662733,0.5970773055931464,1.070874,1.461111,0.5,0.538889,0.511111,0.470255,0.75,0.6,0.888888,0.4,0.091826,0.731365,0,low_agreement,VOO,0.026772,0.026772,0.026772,0.0,0,0.15344,0.793276,0.141114,0.445294,part2a21_soft_caution_overlay,artifacts_part2_g532/predictions/g532_final_consensus_tape.csv
2025-08-25,0,0.2158021024343162,0.595587452366347,1.641958,1.449834,0.75,0.536901,0.510543,0.465047,0.75,0.6,0.894568,0.402556,0.091719,0.731596,1,ok,VOO,0.020544,0.020544,0.020544,0.0,0,0.140849,0.795429,0.134587,0.433023,part2a21_soft_caution_overlay,artifacts_part2_g532/predictions/g532_final_consensus_tape.csv
2025-08-26,0,0.2162640382671845,0.5611614028552349,1.395268,1.369367,0.5,0.533849,0.509671,0.424951,0.75,0.6,0.903289,0.40648,0.073435,0.772952,0,low_agreement,VOO,0.020544,0.020544,0.020544,0.0,0,0.124139,0.799291,0.122876,0.411006,part2a21_soft_caution_overlay,artifacts_part2_g532/predictions/g532_final_consensus_tape.csv
2025-08-27,0,0.2156154482641162,0.6128577213400214,1.467347,1.501524,0.5,0.535168,0.510048,0.491826,0.75,0.6,0.899519,0.404784,0.073476,0.772854,0,low_agreement,VOO,0.020544,0.020544,0.020544,0.0,0,0.130275,0.79739,0.12864,0.421842,part2a21_soft_caution_overlay,artifacts_part2_g532/predictions/g532_final_consensus_tape.csv
2025-08-28,0,0.2138945666569143,0.6928175898792422,1.313123,1.391913,0.5,0.53458,0.50988,0.436209,0.75,0.6,0.901201,0.40554,0.071621,0.777311,0,low_agreement,VOO,0.020544,0.020544,0.020544,0.0,0,0.122295,0.797124,0.129447,0.42336,part2a21_soft_caution_overlay,artifacts_part2_g532/predictions/g532_final_consensus_tape.csv
2025-08-29,0,0.2145054889322192,0.6801379441779526,1.808953,1.529808,0.75,0.539393,0.511255,0.505157,0.75,0.6,0.887447,0.399351,0.075433,0.768206,1,ok,VOO,0.020544,0.020544,0.020544,0.0,0,0.147348,0.787796,0.148751,0.459653,part2a21_soft_caution_overlay,artifacts_part2_g532/predictions/g532_final_consensus_tape.csv
2025-09-01,0,0.2144451537592693,0.6840162269272657,1.443174,1.52175,0.75,0.538417,0.510976,0.501296,0.75,0.6,0.890238,0.400607,0.075207,0.768741,1,ok,VOO,0.023157,0.023157,0.023157,0.0,0,0.142736,0.791086,0.144531,0.451719,part2a21_soft_caution_overlay,artifacts_part2_g532/predictions/g532_final_consensus_tape.csv
2025-09-02,0,0.2162221889262313,0.6054638050365652,1.699178,1.650435,0.75,0.53945,0.511271,0.56667,0.75,0.6,0.887286,0.399279,0.067285,0.787935,1,ok,VOO,0.023157,0.023157,0.023157,0.0,0,0.14681,0.787197,0.149514,0.461087,part2a21_soft_caution_overlay,artifacts_part2_g532/predictions/g532_final_consensus_tape.csv
2025-09-03,0,0.211303186891281,0.6054430613584,1.177998,1.440116,0.5,0.538543,0.511012,0.459645,0.75,0.6,0.889877,0.400445,0.064576,0.794721,0,low_agreement,VOO,0.023157,0.023157,0.023157,0.0,0,0.144119,0.791056,0.144569,0.45179,part2a21_soft_caution_overlay,artifacts_part2_g532/predictions/g532_final_consensus_tape.csv
2025-09-04,0,0.2114392430284281,0.6486575309369215,1.132945,1.336707,0.5,0.537806,0.510802,0.407147,0.75,0.6,0.891984,0.401393,0.066496,0.789898,0,low_agreement,VOO,0.023157,0.023157,0.023157,0.0,0,0.140262,0.793107,0.141625,0.446255,part2a21_soft_caution_overlay,artifacts_part2_g532/predictions/g532_final_consensus_tape.csv
2025-09-05,0,0.2117332695266049,0.7930451268416944,1.436815,1.249253,0.5,0.541381,0.511823,0.361414,0.75,0.6,0.88177,0.396796,0.056824,0.814799,0,low_agreement,VOO,0.023157,0.023157,0.023157,0.0,0,0.157923,0.781613,0.156571,0.474353,part2a21_soft_caution_overlay,artifacts_part2_g532/predictions/g532_final_consensus_tape.csv
2025-09-08,0,0.2117691538644971,0.8053893872318024,1.313664,1.294475,0.5,0.542883,0.512252,0.38403,0.75,0.6,0.877478,0.394865,0.05649,0.815688,0,low_agreement,FLAT,0.0,0.0,0.0,0.0,0,0.164058,0.775893,0.163679,0.487716,part2a21_soft_caution_overlay,artifacts_part2_g532/predictions/g532_final_consensus_tape.csv
2025-09-09,0,0.2117022752731471,0.7832655173925914,1.350589,1.367023,0.5,0.542658,0.512188,0.421166,0.75,0.6,0.878121,0.395154,0.062645,0.799629,0,low_agreement,FLAT,0.0,0.0,0.0,0.0,0,0.163468,0.776928,0.162402,0.485316,part2a21_soft_caution_overlay,artifacts_part2_g532/predictions/g532_final_consensus_tape.csv
2025-09-10,0,0.2116817457972896,0.7798842089883219,1.340725,1.334993,0.75,0.54054,0.511583,0.405445,0.75,0.6,0.884172,0.397878,0.062564,0.799837,1,ok,FLAT,0.0,0.0,0.0,0.0,0,0.15334,0.784188,0.153332,0.468264,part2a21_soft_caution_overlay,artifacts_part2_g532/predictions/g532_final_consensus_tape.csv
2025-09-11,0,0.211674975741914,0.7743452825522082,1.195265,1.295526,0.5,0.537779,0.510794,0.386168,0.75,0.6,0.892061,0.401428,0.071958,0.776498,0,low_agreement,FLAT,0.0,0.0,0.0,0.0,0,0.142086,0.79356,0.140251,0.443672,part2a21_soft_caution_overlay,artifacts_part2_g532/predictions/g532_final_consensus_tape.csv
2025-09-12,0,0.2116438297106006,0.751265566825702,1.278516,1.271502,0.5,0.537267,0.510648,0.374088,0.75,0.6,0.893522,0.402085,0.067454,0.787515,0,low_agreement,FLAT,0.0,0.0,0.0,0.0,0,0.139232,0.794196,0.138326,0.440052,part2a21_soft_caution_overlay,artifacts_part2_g532/predictions/g532_final_consensus_tape.csv
2025-09-15,0,0.2114807089422962,0.6741636907440359,1.161989,1.211923,0.5,0.534775,0.509936,0.344565,0.75,0.6,0.900644,0.40529,0.068748,0.784318,0,low_agreement,FLAT,0.0,0.0,0.0,0.0,0,0.132284,0.798774,0.124446,0.413958,part2a21_soft_caution_overlay,artifacts_part2_g532/predictions/g532_final_consensus_tape.csv
2025-09-16,0,0.2115732580192327,0.7431043158016443,1.442747,1.294417,0.75,0.539033,0.511152,0.38521,0.75,0.6,0.888477,0.399815,0.064209,0.795649,1,ok,FLAT,0.0,0.0,0.0,0.0,0,0.154386,0.793128,0.141563,0.446138,part2a21_soft_caution_overlay,artifacts_part2_g532/predictions/g532_final_consensus_tape.csv
2025-09-17,0,0.2116203612862935,0.7452589245172158,1.490139,1.364958,0.75,0.537247,0.510642,0.421709,0.75,0.6,0.89358,0.402111,0.064195,0.795684,1,ok,FLAT,0.0,0.0,0.0,0.0,0,0.139541,0.794311,0.137975,0.439393,part2a21_soft_caution_overlay,artifacts_part2_g532/predictions/g532_final_consensus_tape.csv
2025-09-18,0,0.2114774461106934,0.676032238780805,1.278302,1.403729,0.5,0.538551,0.511015,0.441091,0.75,0.6,0.889854,0.400434,0.071926,0.776575,0,low_agreement,FLAT,0.0,0.0,0.0,0.0,0,0.151228,0.793627,0.14005,0.443293,part2a21_soft_caution_overlay,artifacts_part2_g532/predictions/g532_final_consensus_tape.csv
2025-09-19,0,0.2116207661435676,0.7591245408307822,1.343033,1.370491,0.5,0.535879,0.510251,0.424929,0.75,0.6,0.89749,0.40387,0.051328,0.829661,0,low_agreement,FLAT,0.0,0.0,0.0,0.0,0,0.140971,0.797938,0.126979,0.41872,part2a21_soft_caution_overlay,artifacts_part2_g532/predictions/g532_final_consensus_tape.csv
2025-09-22,0,0.2114615154111526,0.6881355312499116,1.376243,1.332526,0.5,0.540238,0.511497,0.404277,0.75,0.6,0.885034,0.398265,0.0502,0.832779,0,low_agreement,FLAT,0.0,0.0,0.0,0.0,0,0.165946,0.79228,0.142989,0.448818,part2a21_soft_caution_overlay,artifacts_part2_g532/predictions/g532_final_consensus_tape.csv
2025-09-23,0,0.2115152928970683,0.7245623651440679,1.769834,1.49637,0.75,0.534116,0.509748,0.489476,0.75,0.6,0.902525,0.406136,0.076474,0.765757,1,ok,FLAT,0.0,0.0,0.0,0.0,0,0.126561,0.799156,0.123287,0.41178,part2a21_soft_caution_overlay,artifacts_part2_g532/predictions/g532_final_consensus_tape.csv
2025-09-24,0,0.2114114611070869,0.6632643821789156,1.685596,1.610558,0.75,0.537777,0.510793,0.546717,0.75,0.6,0.892067,0.40143,0.077268,0.7639,1,ok,FLAT,0.0,0.0,0.0,0.0,0,0.147606,0.794739,0.136679,0.436957,part2a21_soft_caution_overlay,artifacts_part2_g532/predictions/g532_final_consensus_tape.csv
2025-09-25,0,0.2114424997801556,0.6901403567051414,1.682839,1.712757,0.75,0.536635,0.510467,0.599034,0.75,0.6,0.89533,0.402898,0.076701,0.765225,1,ok,FLAT,0.0,0.0,0.0,0.0,0,0.139813,0.795856,0.133291,0.430588,part2a21_soft_caution_overlay,artifacts_part2_g532/predictions/g532_final_consensus_tape.csv
2025-09-26,0,0.2115249149704504,0.7109379168936588,1.439604,1.60268,0.5,0.533425,0.50955,0.543714,0.75,0.6,0.904499,0.407025,0.080653,0.75608,0,low_agreement,FLAT,0.0,0.0,0.0,0.0,0,0.126038,0.800724,0.118533,0.402843,part2a21_soft_caution_overlay,artifacts_part2_g532/predictions/g532_final_consensus_tape.csv
2025-09-29,0,0.2115095810173551,0.7196707915030444,1.450527,1.524323,0.5,0.532515,0.50929,0.5041,0.75,0.6,0.9071,0.408195,0.080426,0.7566,0,low_agreement,FLAT,0.0,0.0,0.0,0.0,0,0.120695,0.801799,0.115273,0.396714,part2a21_soft_caution_overlay,artifacts_part2_g532/predictions/g532_final_consensus_tape.csv
2025-09-30,0,0.211492749032375,0.7047781767571024,1.483654,1.457928,0.5,0.534283,0.509795,0.469877,0.75,0.6,0.90205,0.405922,0.079188,0.759445,0,low_agreement,FLAT,0.0,0.0,0.0,0.0,0,0.128147,0.799089,0.123489,0.412159,part2a21_soft_caution_overlay,artifacts_part2_g532/predictions/g532_final_consensus_tape.csv
2025-10-01,0,0.3795893340825015,0.6315663052573418,1.41628,1.450153,0.5,0.532725,0.50935,0.466345,0.65,0.6,0.906501,0.353536,0.079561,0.758585,0,high_risk_veto,FLAT,0.0,0.0,0.0,0.0,0,0.127518,0.80274,0.11242,0.39135,part2a21_soft_caution_overlay,artifacts_part2_g532/predictions/g532_final_consensus_tape.csv
2025-10-02,0,0.392796192570756,0.6693370716800184,1.483375,1.461103,0.5,0.53193,0.509123,0.472124,0.65,0.6,0.90877,0.35442,0.07212,0.776108,0,high_risk_veto,FLAT,0.0,0.0,0.0,0.0,0,0.11435,0.80187,0.115057,0.396308,part2a21_soft_caution_overlay,artifacts_part2_g532/predictions/g532_final_consensus_tape.csv
2025-10-03,0,0.383178227389396,0.6498613278744445,1.708102,1.535919,0.75,0.536778,0.510508,0.508929,0.65,0.6,0.894921,0.349019,0.068989,0.783725,0,high_risk_veto,FLAT,0.0,0.0,0.0,0.0,0,0.136779,0.794864,0.136299,0.436243,part2a21_soft_caution_overlay,artifacts_part2_g532/predictions/g532_final_consensus_tape.csv
2025-10-06,0,0.3891571094992513,0.6513458288177378,1.403696,1.531724,0.5,0.533892,0.509683,0.507517,0.65,0.6,0.903166,0.352235,0.06853,0.784855,0,high_risk_veto,FLAT,0.0,0.0,0.0,0.0,0,0.122614,0.798862,0.124177,0.413453,part2a21_soft_caution_overlay,artifacts_part2_g532/predictions/g532_final_consensus_tape.csv
2025-10-07,0,0.4005502462019,0.6895313285330875,1.740829,1.617542,0.75,0.536381,0.510395,0.550596,0.65,0.6,0.896054,0.349461,0.061776,0.801859,0,high_risk_veto,FLAT,0.0,0.0,0.0,0.0,0,0.135098,0.79547,0.134463,0.43279,part2a21_soft_caution_overlay,artifacts_part2_g532/predictions/g532_final_consensus_tape.csv
2025-10-08,0,0.3980670715002055,0.6617985779129465,1.271882,1.472136,0.5,0.532913,0.509404,0.477469,0.65,0.6,0.905962,0.353325,0.065028,0.793581,0,high_risk_veto,FLAT,0.0,0.0,0.0,0.0,0,0.119279,0.80053,0.11912,0.403946,part2a21_soft_caution_overlay,artifacts_part2_g532/predictions/g532_final_consensus_tape.csv
2025-10-09,0,0.3987661696532888,0.6606223855272403,1.631752,1.548154,0.75,0.533039,0.50944,0.516083,0.65,0.6,0.905604,0.353185,0.063956,0.796291,0,high_risk_veto,FLAT,0.0,0.0,0.0,0.0,0,0.121723,0.800745,0.118468,0.40272,part2a21_soft_caution_overlay,artifacts_part2_g532/predictions/g532_final_consensus_tape.csv
2025-10-10,0,0.3623446593929648,0.6193474246006203,2.504235,1.802623,0.75,0.545805,0.513087,0.643138,0.65,0.6,0.869128,0.33896,0.183168,0.577144,0,high_risk_veto,FLAT,0.0,0.0,0.0,0.0,0,0.173279,0.76303,0.179258,0.517005,part2a21_soft_caution_overlay,artifacts_part2_g532/predictions/g532_final_consensus_tape.csv
2025-10-13,0,0.3423397777994039,0.5526142252774281,0.827483,1.65449,0.5,0.548497,0.513856,0.566739,0.65,0.6,0.861438,0.335961,0.201903,0.553216,0,high_risk_veto,FLAT,0.0,0.0,0.0,0.0,0,0.168424,0.743262,0.202207,0.560148,part2a21_soft_caution_overlay,artifacts_part2_g532/predictions/g532_final_consensus_tape.csv
2025-10-14,0,0.3600784829031264,0.6089165164119571,1.672619,1.668112,0.75,0.543468,0.51242,0.574815,0.65,0.6,0.875804,0.341564,0.200412,0.555047,0,high_risk_veto,FLAT,0.0,0.0,0.0,0.0,0,0.163657,0.772165,0.168251,0.496312,part2a21_soft_caution_overlay,artifacts_part2_g532/predictions/g532_final_consensus_tape.csv
2025-10-15,0,0.3464698320846265,0.5765994653262071,1.30663,1.268911,0.5,0.53948,0.51128,0.37206,0.65,0.6,0.887199,0.346008,0.203564,0.551191,0,high_risk_veto,FLAT,0.0,0.0,0.0,0.0,0,0.140161,0.783639,0.154023,0.469564,part2a21_soft_caution_overlay,artifacts_part2_g532/predictions/g532_final_consensus_tape.csv
2025-10-16,0,0.3730005614342151,0.6411633589375062,1.605087,1.528112,0.75,0.546605,0.513316,0.502462,0.65,0.6,0.866843,0.338069,0.209524,0.544041,0,high_risk_veto,FLAT,0.0,0.0,0.0,0.0,0,0.172416,0.757577,0.185703,0.529122,part2a21_soft_caution_overlay,artifacts_part2_g532/predictions/g532_final_consensus_tape.csv
2025-10-17,0,0.366277324300053,0.5909866057425833,1.326232,1.41265,0.5,0.53999,0.511426,0.445232,0.65,0.6,0.885743,0.34544,0.214016,0.538774,0,high_risk_veto,FLAT,0.0,0.0,0.0,0.0,0,0.134916,0.777935,0.161154,0.48297,part2a21_soft_caution_overlay,artifacts_part2_g532/predictions/g532_final_consensus_tape.csv
2025-10-20,0,0.38242626728129,0.6322203345516737,1.174956,1.368758,0.5,0.532113,0.509175,0.425149,0.65,0.6,0.908249,0.354217,0.217397,0.534877,0,high_risk_veto,FLAT,0.0,0.0,0.0,0.0,0,0.115806,0.801737,0.115462,0.397069,part2a21_soft_caution_overlay,artifacts_part2_g532/predictions/g532_final_consensus_tape.csv
2025-10-21,0,0.3813900185283685,0.6210399124795413,1.589557,1.363582,0.75,0.53418,0.509766,0.421911,0.65,0.6,0.902343,0.351914,0.215949,0.536539,0,high_risk_veto,FLAT,0.0,0.0,0.0,0.0,0,0.120561,0.797726,0.12762,0.419926,part2a21_soft_caution_overlay,artifacts_part2_g532/predictions/g532_final_consensus_tape.csv
2025-10-22,0,0.3961253692397868,0.6683460300877342,1.802743,1.522419,0.75,0.535077,0.510022,0.502484,0.65,0.6,0.89978,0.350914,0.213445,0.539439,0,high_risk_veto,FLAT,0.0,0.0,0.0,0.0,0,0.124509,0.796387,0.131682,0.427561,part2a21_soft_caution_overlay,artifacts_part2_g532/predictions/g532_final_consensus_tape.csv
2025-10-23,0,0.3700744445752038,0.6011048114103549,1.313939,1.568746,0.5,0.536749,0.5105,0.525657,0.65,0.6,0.895002,0.349051,0.220591,0.531247,0,high_risk_veto,FLAT,0.0,0.0,0.0,0.0,0,0.12773,0.79301,0.141921,0.446811,part2a21_soft_caution_overlay,artifacts_part2_g532/predictions/g532_final_consensus_tape.csv
2025-10-24,0,0.3995367824777006,0.6715126494390876,1.257894,1.458192,0.5,0.529954,0.508558,0.471176,0.65,0.6,0.914417,0.356623,0.128824,0.659937,0,high_risk_veto,FLAT,0.0,0.0,0.0,0.0,0,0.105074,0.804699,0.10648,0.380182,part2a21_soft_caution_overlay,artifacts_part2_g532/predictions/g532_final_consensus_tape.csv
2025-10-27,0,0.3804246403689207,0.621980870185103,1.098495,1.223443,0.5,0.534851,0.509957,0.350402,0.65,0.6,0.900427,0.351166,0.122779,0.670639,0,high_risk_veto,FLAT,0.0,0.0,0.0,0.0,0,0.139357,0.800092,0.120449,0.406443,part2a21_soft_caution_overlay,artifacts_part2_g532/predictions/g532_final_consensus_tape.csv
2025-10-28,0,0.3815315060528463,0.6301619678234752,1.394165,1.250185,0.5,0.533325,0.509522,0.364503,0.65,0.6,0.904785,0.352866,0.117222,0.680788,0,high_risk_veto,FLAT,0.0,0.0,0.0,0.0,0,0.13914,0.80375,0.109356,0.38559,part2a21_soft_caution_overlay,artifacts_part2_g532/predictions/g532_final_consensus_tape.csv
2025-10-29,0,0.2132374005429174,0.5991991151850731,1.504882,1.332514,0.5,0.535598,0.510171,0.405679,0.75,0.6,0.898292,0.404231,0.118136,0.679096,0,low_agreement,FLAT,0.0,0.0,0.0,0.0,0,0.142345,0.798912,0.124025,0.413167,part2a21_soft_caution_overlay,artifacts_part2_g532/predictions/g532_final_consensus_tape.csv
2025-10-30,0,0.2131300396770851,0.6647744250346959,2.098074,1.665707,0.75,0.531555,0.509016,0.576167,0.75,0.6,0.909844,0.40943,0.111323,0.691902,1,ok,FLAT,0.0,0.0,0.0,0.0,0,0.114614,0.802839,0.11212,0.390785,part2a21_soft_caution_overlay,artifacts_part2_g532/predictions/g532_final_consensus_tape.csv
2025-10-31,0,0.2131400413612948,0.6351243351004255,1.480852,1.694603,0.5,0.533317,0.509519,0.590479,0.75,0.6,0.90481,0.407164,0.109656,0.69511,0,low_agreement,FLAT,0.0,0.0,0.0,0.0,0,0.119971,0.799698,0.121642,0.408688,part2a21_soft_caution_overlay,artifacts_part2_g532/predictions/g532_final_consensus_tape.csv
2025-11-03,0,0.2131813680911661,0.646673133776861,1.475085,1.68467,0.5,0.531987,0.509139,0.585709,0.75,0.6,0.908609,0.408874,0.104567,0.705085,0,low_agreement,FLAT,0.0,0.0,0.0,0.0,0,0.118096,0.802529,0.113058,0.39255,part2a21_soft_caution_overlay,artifacts_part2_g532/predictions/g532_final_consensus_tape.csv
2025-11-04,0,0.2130372210428745,0.634045157860433,2.157022,1.70432,0.75,0.534523,0.509864,0.595172,0.75,0.6,0.901364,0.405614,0.129192,0.659297,1,ok,FLAT,0.0,0.0,0.0,0.0,0,0.122167,0.797235,0.129109,0.422726,part2a21_soft_caution_overlay,artifacts_part2_g532/predictions/g532_final_consensus_tape.csv
2025-11-05,0,0.2130373758908272,0.6675749863455049,1.429124,1.687077,0.5,0.534514,0.509861,0.586401,0.75,0.6,0.901388,0.405625,0.12683,0.66343,0,low_agreement,FLAT,0.0,0.0,0.0,0.0,0,0.12515,0.79789,0.127124,0.418993,part2a21_soft_caution_overlay,artifacts_part2_g532/predictions/g532_final_consensus_tape.csv
2025-11-06,0,0.2129772418566571,0.6456331470405311,2.085701,1.890616,0.75,0.534353,0.509815,0.689983,0.75,0.6,0.901849,0.405832,0.151303,0.622971,1,ok,FLAT,0.0,0.0,0.0,0.0,0,0.124662,0.798178,0.126252,0.417354,part2a21_soft_caution_overlay,artifacts_part2_g532/predictions/g532_final_consensus_tape.csv
2025-11-07,0,0.2129997640897251,0.6419408410730175,1.57698,1.697268,0.75,0.535119,0.510034,0.59146,0.75,0.6,0.899659,0.404847,0.146213,0.630974,1,ok,FLAT,0.0,0.0,0.0,0.0,0,0.123129,0.795991,0.132882,0.429819,part2a21_soft_caution_overlay,artifacts_part2_g532/predictions/g532_final_consensus_tape.csv
2025-11-10,0,0.2129668512341391,0.6930561257291408,0.858968,1.507216,0.5,0.533084,0.509453,0.495259,0.75,0.6,0.905474,0.407463,0.159125,0.61106,0,low_agreement,FLAT,0.0,0.0,0.0,0.0,0,0.118858,0.800026,0.120647,0.406817,part2a21_soft_caution_overlay,artifacts_part2_g532/predictions/g532_final_consensus_tape.csv
2025-11-11,0,0.2130253062102833,0.657639478316913,1.570866,1.335605,0.75,0.533146,0.50947,0.407991,0.75,0.6,0.905298,0.407384,0.15889,0.611412,1,ok,FLAT,0.0,0.0,0.0,0.0,0,0.12417,0.801006,0.117678,0.401234,part2a21_soft_caution_overlay,artifacts_part2_g532/predictions/g532_final_consensus_tape.csv
2025-11-12,0,0.213027810747553,0.675214700231519,1.482369,1.304068,0.75,0.531939,0.509125,0.39233,0.75,0.6,0.908745,0.408935,0.154056,0.618726,1,ok,FLAT,0.0,0.0,0.0,0.0,0,0.114904,0.801966,0.114765,0.395759,part2a21_soft_caution_overlay,artifacts_part2_g532/predictions/g532_final_consensus_tape.csv
2025-11-13,0,0.2129448913368756,0.6155317503191328,2.066919,1.706718,0.75,0.535992,0.510283,0.59609,0.75,0.6,0.897165,0.403724,0.161916,0.60692,1,ok,FLAT,0.0,0.0,0.0,0.0,0,0.130201,0.795374,0.134754,0.433337,part2a21_soft_caution_overlay,artifacts_part2_g532/predictions/g532_final_consensus_tape.csv
2025-11-14,0,0.2128315108424196,0.6546853628969139,1.397427,1.648905,0.5,0.535217,0.510062,0.566825,0.75,0.6,0.89938,0.404721,0.161318,0.607802,0,low_agreement,FLAT,0.0,0.0,0.0,0.0,0,0.12262,0.795645,0.133931,0.43179,part2a21_soft_caution_overlay,artifacts_part2_g532/predictions/g532_final_consensus_tape.csv
2025-11-17,0,0.21275557338979,0.6307737760930077,1.654637,1.706328,0.75,0.543471,0.51242,0.594347,0.75,0.6,0.875796,0.394108,0.165855,0.601171,1,ok,VOO,0.021122,0.021122,0.021122,0.0,0,0.16314,0.771875,0.168605,0.496976,part2a21_soft_caution_overlay,artifacts_part2_g532/predictions/g532_final_consensus_tape.csv
2025-11-18,0,0.2127392501869976,0.6319869420520109,1.752688,1.601584,0.75,0.545557,0.513016,0.540321,0.75,0.6,0.869836,0.391426,0.16133,0.607784,1,ok,VOO,0.021122,0.021122,0.021122,0.0,0,0.145887,0.749503,0.195083,0.546757,part2a21_soft_caution_overlay,artifacts_part2_g532/predictions/g532_final_consensus_tape.csv
2025-11-19,0,0.2128393857180135,0.6246251549060506,1.178508,1.528611,0.5,0.542248,0.512071,0.503824,0.75,0.6,0.87929,0.395681,0.156113,0.615592,0,low_agreement,VOO,0.021122,0.021122,0.021122,0.0,0,0.150795,0.772735,0.167555,0.495003,part2a21_soft_caution_overlay,artifacts_part2_g532/predictions/g532_final_consensus_tape.csv
2025-11-20,0,0.2127730340226104,0.6554787980339436,1.986572,1.639256,0.75,0.544194,0.512627,0.559903,0.75,0.6,0.87373,0.393179,0.160764,0.608621,1,ok,VOO,0.021122,0.021122,0.021122,0.0,0,0.145359,0.757847,0.185386,0.528526,part2a21_soft_caution_overlay,artifacts_part2_g532/predictions/g532_final_consensus_tape.csv
2025-11-21,0,0.2131100349422473,0.5787901191706954,1.016812,1.393964,0.5,0.542324,0.512093,0.435026,0.75,0.6,0.879073,0.395583,0.167108,0.599365,0,low_agreement,VOO,0.021122,0.021122,0.021122,0.0,0,0.158188,0.77616,0.16335,0.487099,part2a21_soft_caution_overlay,artifacts_part2_g532/predictions/g532_final_consensus_tape.csv
2025-11-24,0,0.2131712430378814,0.6374853079010738,0.559004,1.187463,0.5,0.539098,0.511171,0.330646,0.75,0.6,0.888291,0.399731,0.156409,0.615144,0,low_agreement,FLAT,0.0,0.0,0.0,0.0,0,0.140636,0.786106,0.150903,0.463697,part2a21_soft_caution_overlay,artifacts_part2_g532/predictions/g532_final_consensus_tape.csv
2025-11-25,0,0.2133461182260857,0.5455216621686062,1.162283,0.9127,0.5,0.542956,0.512273,0.18893,0.75,0.6,0.877269,0.394771,0.163281,0.604915,0,low_agreement,FLAT,0.0,0.0,0.0,0.0,0,0.163367,0.775094,0.164663,0.489566,part2a21_soft_caution_overlay,artifacts_part2_g532/predictions/g532_final_consensus_tape.csv
2025-11-26,0,0.2172951754139576,0.3932971914626879,1.116319,0.945869,0.5,0.542394,0.512113,0.206106,0.75,0.6,0.878875,0.395494,0.167974,0.598123,0,low_agreement,FLAT,0.0,0.0,0.0,0.0,0,0.166894,0.780269,0.158251,0.477512,part2a21_soft_caution_overlay,artifacts_part2_g532/predictions/g532_final_consensus_tape.csv
2025-11-27,0,0.2083317397238156,0.3173327924075043,1.395801,1.224801,0.75,0.541646,0.511899,0.348842,0.75,0.6,0.881012,0.396455,0.153598,0.619428,1,ok,FLAT,0.0,0.0,0.0,0.0,0,0.161425,0.781855,0.156267,0.473782,part2a21_soft_caution_overlay,artifacts_part2_g532/predictions/g532_final_consensus_tape.csv
2025-11-28,0,0.2034915157123018,0.3027082322975554,1.202536,1.238219,0.5,0.540338,0.511525,0.356123,0.75,0.6,0.884748,0.398137,0.157837,0.61299,0,low_agreement,FLAT,0.0,0.0,0.0,0.0,0,0.170175,0.873313,0.141001,0.445081,part2a21_soft_caution_overlay,artifacts_part2_g532/predictions/g532_final_consensus_tape.csv
2025-12-01,0,0.206733332302695,0.3027189930210873,1.601994,1.40011,0.75,0.531839,0.509097,0.441159,0.75,0.6,0.909033,0.409065,0.145142,0.632683,1,ok,VOO,0.017126,0.017126,0.017126,0.0,0,0.118687,0.803015,0.111586,0.389782,part2a21_soft_caution_overlay,artifacts_part2_g532/predictions/g532_final_consensus_tape.csv
2025-12-02,0,0.2121416288778169,0.3245684990610122,1.334093,1.379541,0.5,0.52882,0.508234,0.43158,0.961361,0.6,0.917657,0.52932,0.130205,0.657541,0,low_agreement,VOO,0.017126,0.017126,0.017126,0.0,0,0.104724,0.807379,0.098356,0.364908,part2a21_soft_caution_overlay,artifacts_part2_g532/predictions/g532_final_consensus_tape.csv
2025-12-03,0,0.215574747620377,0.4267639951829974,1.512231,1.482773,0.5,0.532062,0.509161,0.4831,0.75,0.6,0.908394,0.408777,0.130071,0.657771,0,low_agreement,VOO,0.017126,0.017126,0.017126,0.0,0,0.118414,0.802414,0.113409,0.393208,part2a21_soft_caution_overlay,artifacts_part2_g532/predictions/g532_final_consensus_tape.csv
2025-12-04,0,0.2098567218204916,0.3457388996918777,1.616074,1.487466,0.75,0.534689,0.509911,0.484797,0.75,0.6,0.900889,0.4054,0.06526,0.792997,1,ok,VOO,0.017126,0.017126,0.017126,0.0,0,0.135998,0.799771,0.121421,0.408271,part2a21_soft_caution_overlay,artifacts_part2_g532/predictions/g532_final_consensus_tape.csv
2025-12-05,0,0.2169049146860042,0.3880170102838657,1.513938,1.547415,0.5,0.534844,0.509955,0.515262,0.75,0.6,0.900446,0.405201,0.064431,0.795087,0,low_agreement,VOO,0.017126,0.017126,0.017126,0.0,0,0.139576,0.800154,0.120259,0.406086,part2a21_soft_caution_overlay,artifacts_part2_g532/predictions/g532_final_consensus_tape.csv
2025-12-08,0,0.2044530468258737,0.279516194302067,1.698742,1.609585,0.75,0.530664,0.508761,0.54786,0.957689,0.6,0.912388,0.52427,0.047084,0.841513,1,ok,VOO,0.036256,0.036256,0.036256,0.0,0,0.122274,0.886629,0.100628,0.36918,part2a21_soft_caution_overlay,artifacts_part2_g532/predictions/g532_final_consensus_tape.csv
2025-12-09,0,0.2045272808818404,0.2971276209992749,1.623859,1.61218,0.5,0.535241,0.510069,0.548128,0.75,0.6,0.899312,0.40469,0.043481,0.851843,0,low_agreement,VOO,0.036256,0.036256,0.036256,0.0,0,0.14603,0.880562,0.119023,0.403763,part2a21_soft_caution_overlay,artifacts_part2_g532/predictions/g532_final_consensus_tape.csv
2025-12-10,0,0.2058343981623112,0.3374807539190705,1.550679,1.624427,0.5,0.534472,0.509849,0.554535,0.75,0.6,0.901508,0.405679,0.038866,0.865455,0,low_agreement,VOO,0.036256,0.036256,0.036256,0.0,0,0.149259,0.883116,0.111281,0.389208,part2a21_soft_caution_overlay,artifacts_part2_g532/predictions/g532_final_consensus_tape.csv
2025-12-11,0,0.2067161802683495,0.309864715742386,1.729248,1.634595,0.75,0.532459,0.509274,0.560159,0.75,0.6,0.90726,0.408267,0.037026,0.871003,1,ok,VOO,0.036256,0.036256,0.036256,0.0,0,0.124824,0.802812,0.112202,0.390939,part2a21_soft_caution_overlay,artifacts_part2_g532/predictions/g532_final_consensus_tape.csv
2025-12-12,0,0.2149788112457759,0.3591576598189392,2.137456,1.805794,0.75,0.535169,0.510048,0.646684,0.75,0.6,0.899516,0.404782,0.055866,0.81735,1,ok,VOO,0.036256,0.036256,0.036256,0.0,0,0.136688,0.798751,0.124515,0.414088,part2a21_soft_caution_overlay,artifacts_part2_g532/predictions/g532_final_consensus_tape.csv
2025-12-15,0,0.2130867909593232,0.3447922965461216,1.645248,1.837317,0.75,0.53315,0.509471,0.663074,0.75,0.6,0.905287,0.407379,0.057992,0.811709,1,ok,VOO,0.032889,0.032889,0.032889,0.0,0,0.123778,0.800913,0.11796,0.401764,part2a21_soft_caution_overlay,artifacts_part2_g532/predictions/g532_final_consensus_tape.csv
2025-12-16,0,0.212834904970996,0.3349527236992757,1.445719,1.742807,0.5,0.533785,0.509653,0.614898,0.75,0.6,0.903471,0.406562,0.06547,0.792469,0,low_agreement,VOO,0.032889,0.032889,0.032889,0.0,0,0.126638,0.799976,0.120799,0.407101,part2a21_soft_caution_overlay,artifacts_part2_g532/predictions/g532_final_consensus_tape.csv
2025-12-17,0,0.2210023365190518,0.3766127766377117,2.03135,1.707439,0.75,0.535274,0.510078,0.596605,0.75,0.6,0.899218,0.404648,0.083687,0.749204,1,ok,VOO,0.032889,0.032889,0.032889,0.0,0,0.12532,0.796081,0.132608,0.429303,part2a21_soft_caution_overlay,artifacts_part2_g532/predictions/g532_final_consensus_tape.csv
2025-12-18,0,0.2327376887548309,0.424394620768389,1.051751,1.509607,0.5,0.53494,0.509983,0.495998,0.75,0.6,0.900172,0.405078,0.085577,0.744986,0,low_agreement,VOO,0.032889,0.032889,0.032889,0.0,0,0.130035,0.797895,0.127111,0.418968,part2a21_soft_caution_overlay,artifacts_part2_g532/predictions/g532_final_consensus_tape.csv
2025-12-19,0,0.211452875314982,0.343493532355573,1.142863,1.408654,0.5,0.537972,0.510849,0.443767,0.75,0.6,0.891509,0.401179,0.103565,0.707083,0,low_agreement,VOO,0.032889,0.032889,0.032889,0.0,0,0.145908,0.793904,0.139211,0.441716,part2a21_soft_caution_overlay,artifacts_part2_g532/predictions/g532_final_consensus_tape.csv
2025-12-22,0,0.2113974322641701,0.2954372144183334,1.403406,1.19934,0.5,0.537954,0.510844,0.33709,0.75,0.6,0.891559,0.401202,0.110754,0.692994,0,low_agreement,FLAT,0.0,0.0,0.0,0.0,0,0.147769,0.794341,0.137884,0.439222,part2a21_soft_caution_overlay,artifacts_part2_g532/predictions/g532_final_consensus_tape.csv
2025-12-23,0,0.2143628121258326,0.3205156002702017,1.368254,1.304841,0.5,0.535422,0.510121,0.391646,0.75,0.6,0.898793,0.404457,0.113372,0.688,0,low_agreement,FLAT,0.0,0.0,0.0,0.0,0,0.1379,0.798394,0.125597,0.416123,part2a21_soft_caution_overlay,artifacts_part2_g532/predictions/g532_final_consensus_tape.csv
2025-12-24,0,0.2141535531276288,0.4103592617660199,1.416513,1.396058,0.5,0.530591,0.50874,0.439455,0.958037,0.6,0.912596,0.524581,0.112515,0.689626,0,low_agreement,FLAT,0.0,0.0,0.0,0.0,0,0.115711,0.805411,0.104321,0.376123,part2a21_soft_caution_overlay,artifacts_part2_g532/predictions/g532_final_consensus_tape.csv
2025-12-25,0,0.2157785410679876,0.3763344541135607,1.5095,1.431422,0.75,0.531042,0.508869,0.457288,0.75,0.6,0.911308,0.410088,0.112033,0.690545,1,ok,FLAT,0.0,0.0,0.0,0.0,0,0.115992,0.804376,0.10746,0.382024,part2a21_soft_caution_overlay,artifacts_part2_g532/predictions/g532_final_consensus_tape.csv
2025-12-26,0,0.2134089208557126,0.454590874445917,1.49752,1.474511,0.75,0.531135,0.508896,0.479147,0.956803,0.6,0.911042,0.523013,0.102301,0.709621,1,ok,FLAT,0.0,0.0,0.0,0.0,0,0.125254,0.806119,0.102176,0.372091,part2a21_soft_caution_overlay,artifacts_part2_g532/predictions/g532_final_consensus_tape.csv
2025-12-29,0,0.2149752278938365,0.3920718113686944,1.632168,1.546396,0.75,0.529893,0.508541,0.515963,0.959273,0.6,0.914592,0.526406,0.105548,0.703139,1,ok,VOO,0.028647,0.028647,0.028647,0.0,0,0.113535,0.806646,0.100578,0.369086,part2a21_soft_caution_overlay,artifacts_part2_g532/predictions/g532_final_consensus_tape.csv
2025-12-30,0,0.2152315090455346,0.3884834238540107,1.553331,1.561006,0.75,0.530485,0.50871,0.523236,0.958325,0.6,0.9129,0.524913,0.099928,0.714434,1,ok,VOO,0.028647,0.028647,0.028647,0.0,0,0.112514,0.80499,0.105598,0.378523,part2a21_soft_caution_overlay,artifacts_part2_g532/predictions/g532_final_consensus_tape.csv
2025-12-31,0,0.2138427829504783,0.4187865211199673,1.739208,1.641569,0.75,0.534,0.509714,0.563362,0.75,0.6,0.902856,0.406285,0.080832,0.75567,1,ok,VOO,0.028647,0.028647,0.028647,0.0,0,0.135089,0.80125,0.116937,0.399842,part2a21_soft_caution_overlay,artifacts_part2_g532/predictions/g532_final_consensus_tape.csv
2026-01-01,0,0.2131328689928598,0.4336659085864703,1.474021,1.588853,0.75,0.535415,0.510119,0.536214,0.75,0.6,0.898814,0.404466,0.079437,0.75887,1,ok,VOO,0.028647,0.028647,0.028647,0.0,0,0.143079,0.799512,0.122206,0.409748,part2a21_soft_caution_overlay,artifacts_part2_g532/predictions/g532_final_consensus_tape.csv
2026-01-02,0,0.2151898906771603,0.3884327810287959,1.518293,1.577174,0.75,0.53436,0.509817,0.530521,0.75,0.6,0.901829,0.405823,0.059238,0.808439,1,ok,VOO,0.028647,0.028647,0.028647,0.0,0,0.134423,0.800235,0.120015,0.405627,part2a21_soft_caution_overlay,artifacts_part2_g532/predictions/g532_final_consensus_tape.csv
2026-01-05,0,0.2133110567425673,0.4279286290409608,1.240083,1.410799,0.5,0.534344,0.509813,0.445884,0.75,0.6,0.901874,0.405843,0.049491,0.83475,0,low_agreement,FLAT,0.0,0.0,0.0,0.0,0,0.135346,0.800469,0.119304,0.404292,part2a21_soft_caution_overlay,artifacts_part2_g532/predictions/g532_final_consensus_tape.csv
2026-01-06,0,0.2155996055376058,0.3780548814516124,1.31111,1.356495,0.5,0.531258,0.508931,0.41917,0.956723,0.6,0.91069,0.522767,0.054208,0.821807,0,low_agreement,FLAT,0.0,0.0,0.0,0.0,0,0.12167,0.805058,0.105393,0.378138,part2a21_soft_caution_overlay,artifacts_part2_g532/predictions/g532_final_consensus_tape.csv
2026-01-07,0,0.2142352490900008,0.4068656680693785,1.552042,1.367745,0.5,0.533401,0.509543,0.424257,0.75,0.6,0.90457,0.407056,0.060541,0.805048,0,low_agreement,FLAT,0.0,0.0,0.0,0.0,0,0.130774,0.80179,0.115301,0.396765,part2a21_soft_caution_overlay,artifacts_part2_g532/predictions/g532_final_consensus_tape.csv
2026-01-08,0,0.2150011185123612,0.393320731738342,1.768698,1.54395,0.75,0.537361,0.510674,0.512875,0.75,0.6,0.893255,0.401965,0.062487,0.800032,1,ok,FLAT,0.0,0.0,0.0,0.0,0,0.1521,0.796704,0.130721,0.425755,part2a21_soft_caution_overlay,artifacts_part2_g532/predictions/g532_final_consensus_tape.csv
2026-01-09,0,0.2113461079843824,0.4902708336668849,1.313647,1.544796,0.5,0.537885,0.510824,0.513176,0.75,0.6,0.891756,0.40129,0.067903,0.786403,0,low_agreement,FLAT,0.0,0.0,0.0,0.0,0,0.161765,0.797483,0.128358,0.421313,part2a21_soft_caution_overlay,artifacts_part2_g532/predictions/g532_final_consensus_tape.csv
2026-01-12,0,0.2160579675549757,0.3704735642005965,1.595787,1.559377,0.5,0.536339,0.510383,0.520985,0.75,0.6,0.896175,0.403279,0.060567,0.804981,0,low_agreement,FLAT,0.0,0.0,0.0,0.0,0,0.148932,0.798512,0.125237,0.415446,part2a21_soft_caution_overlay,artifacts_part2_g532/predictions/g532_final_consensus_tape.csv
2026-01-13,0,0.2095252894743161,0.5266794835440418,1.684442,1.531292,0.75,0.539619,0.51132,0.505857,0.75,0.6,0.886802,0.399061,0.064715,0.794369,1,ok,FLAT,0.0,0.0,0.0,0.0,0,0.162954,0.793525,0.140358,0.443873,part2a21_soft_caution_overlay,artifacts_part2_g532/predictions/g532_final_consensus_tape.csv
2026-01-14,0,0.2120795301855931,0.4582016332080187,1.934763,1.738331,0.75,0.53227,0.50922,0.61292,0.75,0.6,0.907799,0.408509,0.072542,0.775092,1,ok,FLAT,0.0,0.0,0.0,0.0,0,0.116584,0.801519,0.116122,0.398309,part2a21_soft_caution_overlay,artifacts_part2_g532/predictions/g532_final_consensus_tape.csv
2026-01-15,0,0.2126737799070389,0.4444430439016719,1.520465,1.713223,0.5,0.533329,0.509522,0.599945,0.75,0.6,0.904776,0.407149,0.074762,0.769794,0,low_agreement,FLAT,0.0,0.0,0.0,0.0,0,0.122772,0.800264,0.119926,0.405462,part2a21_soft_caution_overlay,artifacts_part2_g532/predictions/g532_final_consensus_tape.csv
2026-01-16,0,0.2121961962317002,0.4564355315069421,1.689354,1.714861,0.75,0.536907,0.510545,0.60005,0.75,0.6,0.894552,0.402549,0.07494,0.769372,1,ok,FLAT,0.0,0.0,0.0,0.0,0,0.149466,0.797247,0.129075,0.422661,part2a21_soft_caution_overlay,artifacts_part2_g532/predictions/g532_final_consensus_tape.csv
2026-01-19,0,0.2137140351892383,0.4229929028120138,1.661599,1.623806,0.75,0.536954,0.510558,0.553656,0.75,0.6,0.894417,0.402488,0.074154,0.771238,1,ok,VOO,0.025779,0.025779,0.025779,0.0,0,0.149239,0.797083,0.129571,0.423593,part2a21_soft_caution_overlay,artifacts_part2_g532/predictions/g532_final_consensus_tape.csv
2026-01-20,0,0.2128030294948661,0.4459600015386035,2.385651,1.912201,0.75,0.53866,0.511046,0.700308,0.75,0.6,0.889544,0.400295,0.108605,0.697146,1,ok,VOO,0.025779,0.025779,0.025779,0.0,0,0.141938,0.789295,0.146834,0.456048,part2a21_soft_caution_overlay,artifacts_part2_g532/predictions/g532_final_consensus_tape.csv
2026-01-21,0,0.2066624331827009,0.560100197851931,1.337505,1.794918,0.5,0.538503,0.511001,0.640539,0.75,0.6,0.889991,0.400496,0.117031,0.681141,0,low_agreement,VOO,0.025779,0.025779,0.025779,0.0,0,0.15795,0.795172,0.135366,0.434487,part2a21_soft_caution_overlay,artifacts_part2_g532/predictions/g532_final_consensus_tape.csv
2026-01-22,0,0.206399449323126,0.6067118076943627,1.547016,1.756724,0.5,0.536854,0.51053,0.621385,0.75,0.6,0.894703,0.402616,0.119273,0.677006,0,low_agreement,VOO,0.025779,0.025779,0.025779,0.0,0,0.158899,0.87938,0.122608,0.410503,part2a21_soft_caution_overlay,artifacts_part2_g532/predictions/g532_final_consensus_tape.csv
2026-01-23,0,0.2061020320035323,0.6285027171447708,1.668936,1.517819,0.5,0.54004,0.51144,0.498877,0.75,0.6,0.8856,0.39852,0.115809,0.683417,0,low_agreement,VOO,0.025779,0.025779,0.025779,0.0,0,0.173091,0.874658,0.136925,0.437419,part2a21_soft_caution_overlay,artifacts_part2_g532/predictions/g532_final_consensus_tape.csv
2026-01-26,0,0.2061940310248265,0.6095464913439302,1.589039,1.601663,0.5,0.53811,0.510889,0.542107,0.75,0.6,0.891114,0.401002,0.116507,0.682114,0,low_agreement,FLAT,0.0,0.0,0.0,0.0,0,0.157575,0.876048,0.132711,0.429496,part2a21_soft_caution_overlay,artifacts_part2_g532/predictions/g532_final_consensus_tape.csv
2026-01-27,0,0.2059946870328138,0.631647654354128,1.489189,1.582388,0.5,0.536459,0.510417,0.532675,0.75,0.6,0.895832,0.403124,0.118137,0.679096,0,low_agreement,FLAT,0.0,0.0,0.0,0.0,0,0.146672,0.877741,0.127577,0.419844,part2a21_soft_caution_overlay,artifacts_part2_g532/predictions/g532_final_consensus_tape.csv
2026-01-28,0,0.206227377506181,0.5790167552681825,1.698473,1.592234,0.5,0.535829,0.510237,0.537837,0.75,0.6,0.897632,0.403934,0.110496,0.693488,0,low_agreement,FLAT,0.0,0.0,0.0,0.0,0,0.152652,0.880541,0.119086,0.403882,part2a21_soft_caution_overlay,artifacts_part2_g532/predictions/g532_final_consensus_tape.csv
2026-01-29,0,0.2062449144332629,0.6255741084563731,1.948034,1.711899,0.75,0.537528,0.510722,0.598414,0.75,0.6,0.892777,0.40175,0.110826,0.692854,1,ok,FLAT,0.0,0.0,0.0,0.0,0,0.153801,0.876659,0.130858,0.426013,part2a21_soft_caution_overlay,artifacts_part2_g532/predictions/g532_final_consensus_tape.csv
2026-01-30,0,0.2070724353010766,0.5432502010663521,2.016415,1.887641,0.75,0.539325,0.511236,0.687679,0.75,0.6,0.887644,0.39944,0.110937,0.692642,1,ok,FLAT,0.0,0.0,0.0,0.0,0,0.148028,0.788535,0.147807,0.457877,part2a21_soft_caution_overlay,artifacts_part2_g532/predictions/g532_final_consensus_tape.csv
2026-02-02,0,0.2070274476200189,0.5440885762338099,1.456332,1.806927,0.5,0.536292,0.510369,0.647059,0.75,0.6,0.896307,0.403338,0.11696,0.681274,0,low_agreement,FLAT,0.0,0.0,0.0,0.0,0,0.13677,0.79604,0.132732,0.429537,part2a21_soft_caution_overlay,artifacts_part2_g532/predictions/g532_final_consensus_tape.csv
2026-02-03,0,0.2070693123068012,0.5388895680878435,2.087671,1.853472,0.75,0.539292,0.511226,0.670258,0.75,0.6,0.887737,0.399482,0.090251,0.734751,1,ok,FLAT,0.0,0.0,0.0,0.0,0,0.150708,0.79007,0.145839,0.454177,part2a21_soft_caution_overlay,artifacts_part2_g532/predictions/g532_final_consensus_tape.csv
2026-02-04,0,0.2067553219361795,0.5877199786861954,2.034107,1.85937,0.75,0.538876,0.511107,0.673335,0.75,0.6,0.888926,0.400017,0.085123,0.745995,1,ok,FLAT,0.0,0.0,0.0,0.0,0,0.137636,0.785874,0.151197,0.46425,part2a21_soft_caution_overlay,artifacts_part2_g532/predictions/g532_final_consensus_tape.csv
2026-02-05,0,0.2062183824270835,0.6389413697628624,1.870964,1.99758,0.75,0.548013,0.513718,0.742611,0.75,0.6,0.862821,0.388269,0.119922,0.675818,1,ok,FLAT,0.0,0.0,0.0,0.0,0,0.193543,0.840333,0.182457,0.523019,part2a21_soft_caution_overlay,artifacts_part2_g532/predictions/g532_final_consensus_tape.csv
2026-02-06,0,0.2065397547512451,0.5651655731569605,0.783585,1.562885,0.5,0.541362,0.511818,0.521548,0.75,0.6,0.881821,0.39682,0.161889,0.606959,0,low_agreement,FLAT,0.0,0.0,0.0,0.0,0,0.140366,0.772576,0.16775,0.49537,part2a21_soft_caution_overlay,artifacts_part2_g532/predictions/g532_final_consensus_tape.csv
2026-02-09,0,0.2067749893337571,0.4991910068097607,1.239236,1.297928,0.5,0.534327,0.509808,0.388468,0.75,0.6,0.901923,0.405865,0.16249,0.606075,0,low_agreement,FLAT,0.0,0.0,0.0,0.0,0,0.133421,0.800102,0.120418,0.406385,part2a21_soft_caution_overlay,artifacts_part2_g532/predictions/g532_final_consensus_tape.csv
2026-02-10,0,0.2056465888873253,0.6828473401238755,1.60485,1.209224,0.75,0.541894,0.51197,0.340804,0.75,0.6,0.880302,0.396136,0.162919,0.605445,1,ok,FLAT,0.0,0.0,0.0,0.0,0,0.171858,0.865734,0.151375,0.464585,part2a21_soft_caution_overlay,artifacts_part2_g532/predictions/g532_final_consensus_tape.csv
2026-02-11,0,0.2060245102186614,0.6467082098516312,1.45022,1.431435,0.5,0.537202,0.510629,0.455591,0.75,0.6,0.893707,0.402168,0.163924,0.603976,0,low_agreement,FLAT,0.0,0.0,0.0,0.0,0,0.148132,0.876245,0.132112,0.428371,part2a21_soft_caution_overlay,artifacts_part2_g532/predictions/g532_final_consensus_tape.csv
2026-02-12,0,0.2058281404878067,0.6586050038648553,2.0703,1.708456,0.75,0.544415,0.51269,0.595239,0.75,0.6,0.8731,0.392895,0.193929,0.563153,1,ok,FLAT,0.0,0.0,0.0,0.0,0,0.184296,0.857316,0.161922,0.484413,part2a21_soft_caution_overlay,artifacts_part2_g532/predictions/g532_final_consensus_tape.csv
2026-02-13,0,0.2057745387533542,0.6671283037979414,1.407316,1.642612,0.5,0.544405,0.512687,0.561572,0.75,0.6,0.873127,0.392907,0.193914,0.563172,0,low_agreement,FLAT,0.0,0.0,0.0,0.0,0,0.17743,0.85378,0.166276,0.492598,part2a21_soft_caution_overlay,artifacts_part2_g532/predictions/g532_final_consensus_tape.csv
2026-02-16,0,0.2059120128430918,0.6623841157043238,1.474744,1.650787,0.75,0.544418,0.512691,0.565749,0.75,0.6,0.873091,0.392891,0.18609,0.573277,1,ok,VOO,0.019114,0.019114,0.019114,0.0,0,0.177205,0.853585,0.166515,0.493048,part2a21_soft_caution_overlay,artifacts_part2_g532/predictions/g532_final_consensus_tape.csv
2026-02-17,0,0.2062671556337152,0.6011476346655832,1.431232,1.437764,0.75,0.543214,0.512347,0.457153,0.75,0.6,0.876532,0.394439,0.185048,0.574649,1,ok,VOO,0.019114,0.019114,0.019114,0.0,0,0.179827,0.862102,0.155958,0.4732,part2a21_soft_caution_overlay,artifacts_part2_g532/predictions/g532_final_consensus_tape.csv
2026-02-18,0,0.2004791554099398,0.5795146399859441,1.228053,1.37801,0.5,0.53501,0.510003,0.42901,0.75,0.6,0.89997,0.404987,0.190753,0.567211,0,low_agreement,VOO,0.019114,0.019114,0.019114,0.0,0,0.126288,0.809102,0.130046,0.424486,part2a21_soft_caution_overlay,artifacts_part2_g532/predictions/g532_final_consensus_tape.csv
2026-02-19,0,0.1990295797799062,0.5357434238816067,1.566126,1.40847,0.75,0.543041,0.512297,0.442232,0.75,0.6,0.877026,0.394661,0.167296,0.599095,1,ok,VOO,0.019114,0.019114,0.019114,0.0,0,0.171281,0.790887,0.160191,0.481159,part2a21_soft_caution_overlay,artifacts_part2_g532/predictions/g532_final_consensus_tape.csv
2026-02-20,0,0.1967342810186005,0.532308257329933,1.175538,1.323239,0.5,0.536688,0.510482,0.400625,0.75,0.6,0.895176,0.402829,0.136165,0.647391,0,low_agreement,VOO,0.019114,0.019114,0.019114,0.0,0,0.139129,0.807755,0.134128,0.432162,part2a21_soft_caution_overlay,artifacts_part2_g532/predictions/g532_final_consensus_tape.csv
2026-02-23,0,0.199755865328627,0.591686608612177,1.770148,1.503938,0.75,0.54471,0.512774,0.490581,0.75,0.6,0.872256,0.392515,0.145091,0.632766,1,ok,VOO,0.018277,0.018277,0.018277,0.0,0,0.173362,0.781962,0.171143,0.50175,part2a21_soft_caution_overlay,artifacts_part2_g532/predictions/g532_final_consensus_tape.csv
2026-02-24,0,0.1980706095191311,0.5933750237284051,1.084171,1.343286,0.5,0.533548,0.509585,0.411776,0.75,0.6,0.904149,0.406867,0.151968,0.62194,0,low_agreement,VOO,0.018277,0.018277,0.018277,0.0,0,0.120573,0.811439,0.122958,0.411161,part2a21_soft_caution_overlay,artifacts_part2_g532/predictions/g532_final_consensus_tape.csv
2026-02-25,0,0.1930951891052985,0.5683397957040115,1.030042,1.294787,0.5,0.532187,0.509196,0.387537,0.75,0.6,0.908036,0.408616,0.160421,0.609131,0,low_agreement,VOO,0.018277,0.018277,0.018277,0.0,0,0.114819,0.813521,0.116647,0.399296,part2a21_soft_caution_overlay,artifacts_part2_g532/predictions/g532_final_consensus_tape.csv
2026-02-26,0,0.1880502586560641,0.4586688139694759,1.82478,1.312998,0.75,0.541095,0.511741,0.394048,0.75,0.6,0.882585,0.397163,0.121058,0.673748,1,ok,VOO,0.018277,0.018277,0.018277,0.0,0,0.165044,0.799085,0.149881,0.461775,part2a21_soft_caution_overlay,artifacts_part2_g532/predictions/g532_final_consensus_tape.csv
2026-02-27,0,0.1915809009058336,0.5392349889023517,1.544347,1.46639,0.75,0.537648,0.510757,0.47328,0.75,0.6,0.892434,0.401595,0.128286,0.660876,1,ok,VOO,0.018277,0.018277,0.018277,0.0,0,0.143924,0.806444,0.138104,0.439636,part2a21_soft_caution_overlay,artifacts_part2_g532/predictions/g532_final_consensus_tape.csv
2026-03-02,0,0.1967225605831944,0.5164608260965745,1.445007,1.604711,0.5,0.542065,0.512019,0.542738,0.75,0.6,0.879814,0.395916,0.132444,0.653691,0,low_agreement,FLAT,0.0,0.0,0.0,0.0,0,0.148628,0.784872,0.167601,0.49509,part2a21_soft_caution_overlay,artifacts_part2_g532/predictions/g532_final_consensus_tape.csv
2026-03-03,0,0.1974170461809395,0.573996455800945,1.768421,1.585925,0.75,0.545443,0.512984,0.532336,0.75,0.6,0.870163,0.391573,0.138286,0.643855,1,ok,FLAT,0.0,0.0,0.0,0.0,0,0.171256,0.776349,0.177895,0.514443,part2a21_soft_caution_overlay,artifacts_part2_g532/predictions/g532_final_consensus_tape.csv
2026-03-04,0,0.1930121773915287,0.5526208923890615,1.089795,1.434408,0.5,0.537521,0.51072,0.457017,0.75,0.6,0.892798,0.401759,0.141822,0.638044,0,low_agreement,FLAT,0.0,0.0,0.0,0.0,0,0.132959,0.803493,0.144232,0.451156,part2a21_soft_caution_overlay,artifacts_part2_g532/predictions/g532_final_consensus_tape.csv
2026-03-05,0,0.1987077315214384,0.5840279578773414,1.657752,1.505323,0.75,0.547129,0.513466,0.490659,0.75,0.6,0.865345,0.389405,0.141162,0.639122,1,ok,FLAT,0.0,0.0,0.0,0.0,0,0.170747,0.765523,0.19064,0.538403,part2a21_soft_caution_overlay,artifacts_part2_g532/predictions/g532_final_consensus_tape.csv
2026-03-06,0,0.1933858299962773,0.5536116782808578,1.994119,1.580556,0.75,0.544238,0.51264,0.529879,0.75,0.6,0.873605,0.393122,0.147904,0.628292,1,ok,FLAT,0.0,0.0,0.0,0.0,0,0.154781,0.774885,0.17964,0.517723,part2a21_soft_caution_overlay,artifacts_part2_g532/predictions/g532_final_consensus_tape.csv
2026-03-09,0,0.1999068838580734,0.6467786924381779,1.132125,1.594666,0.5,0.540098,0.511456,0.538072,0.75,0.6,0.885435,0.398446,0.136761,0.646395,0,low_agreement,FLAT,0.0,0.0,0.0,0.0,0,0.145288,0.794828,0.155265,0.471898,part2a21_soft_caution_overlay,artifacts_part2_g532/predictions/g532_final_consensus_tape.csv
2026-03-10,0,0.2067993312579071,0.6034996331868127,1.563707,1.563317,0.75,0.542183,0.512052,0.521568,0.75,0.6,0.879477,0.395765,0.130517,0.657001,1,ok,FLAT,0.0,0.0,0.0,0.0,0,0.144228,0.701829,0.171304,0.502052,part2a21_soft_caution_overlay,artifacts_part2_g532/predictions/g532_final_consensus_tape.csv
2026-03-11,0,0.2060725605099758,0.5566678400194464,1.589629,1.428487,0.75,0.542448,0.512128,0.452626,0.75,0.6,0.878721,0.395424,0.121054,0.673757,1,ok,FLAT,0.0,0.0,0.0,0.0,0,0.176347,0.796975,0.152558,0.46681,part2a21_soft_caution_overlay,artifacts_part2_g532/predictions/g532_final_consensus_tape.csv
2026-03-12,0,0.2018501434358445,0.6406951102024115,2.081946,1.745094,0.75,0.544868,0.51282,0.613885,0.75,0.6,0.871804,0.392312,0.128668,0.660209,1,ok,FLAT,0.0,0.0,0.0,0.0,0,0.16783,0.77804,0.175872,0.510639,part2a21_soft_caution_overlay,artifacts_part2_g532/predictions/g532_final_consensus_tape.csv
2026-03-13,0,0.1996896637744926,0.5940614355338325,1.735469,1.802348,0.75,0.539545,0.511298,0.644138,0.75,0.6,0.887016,0.399157,0.124171,0.668143,1,ok,FLAT,0.0,0.0,0.0,0.0,0,0.140989,0.795864,0.153962,0.469448,part2a21_soft_caution_overlay,artifacts_part2_g532/predictions/g532_final_consensus_tape.csv
2026-03-16,0,0.2005343587898864,0.6477422883559673,1.182767,1.666728,0.5,0.534727,0.509922,0.576002,0.75,0.6,0.900779,0.405351,0.122624,0.670918,0,low_agreement,FLAT,0.0,0.0,0.0,0.0,0,0.121313,0.808732,0.131167,0.426594,part2a21_soft_caution_overlay,artifacts_part2_g532/predictions/g532_final_consensus_tape.csv
2026-03-17,0,0.1994173281898977,0.5996802409710854,1.456516,1.458251,0.5,0.534389,0.509826,0.470012,0.75,0.6,0.901745,0.405785,0.117853,0.67962,0,low_agreement,FLAT,0.0,0.0,0.0,0.0,0,0.123581,0.810035,0.127216,0.419167,part2a21_soft_caution_overlay,artifacts_part2_g532/predictions/g532_final_consensus_tape.csv
2026-03-18,0,0.1954290035679193,0.4363556772497731,2.066293,1.568525,0.75,0.540368,0.511534,0.524668,0.75,0.6,0.884662,0.398098,0.111418,0.691719,1,ok,FLAT,0.0,0.0,0.0,0.0,0,0.16795,0.872537,0.142656,0.448194,part2a21_soft_caution_overlay,artifacts_part2_g532/predictions/g532_final_consensus_tape.csv
2026-03-19,0,0.1953551111701048,0.4275220319692901,1.739058,1.753956,0.75,0.537828,0.510808,0.619786,0.75,0.6,0.89192,0.401364,0.111417,0.691722,1,ok,FLAT,0.0,0.0,0.0,0.0,0,0.145743,0.874218,0.138257,0.439924,part2a21_soft_caution_overlay,artifacts_part2_g532/predictions/g532_final_consensus_tape.csv
2026-03-20,0,0.2113389857646824,0.5205016776987321,2.17323,1.99286,0.75,0.539457,0.511273,0.741327,0.75,0.6,0.887266,0.39927,0.097596,0.719225,1,ok,FLAT,0.0,0.0,0.0,0.0,0,0.15325,0.790398,0.145417,0.453384,part2a21_soft_caution_overlay,artifacts_part2_g532/predictions/g532_final_consensus_tape.csv
2026-03-23,0,0.207312943831485,0.4708722058095061,1.232945,1.715078,0.5,0.540582,0.511595,0.59941,0.75,0.6,0.884051,0.397823,0.102422,0.709378,0,low_agreement,FLAT,0.0,0.0,0.0,0.0,0,0.14971,0.782081,0.155984,0.473249,part2a21_soft_caution_overlay,artifacts_part2_g532/predictions/g532_final_consensus_tape.csv
2026-03-24,0,0.2044336129861097,0.4499556206419088,1.80132,1.735832,0.75,0.546767,0.513362,0.608768,0.75,0.6,0.866381,0.389872,0.101463,0.711312,1,ok,FLAT,0.0,0.0,0.0,0.0,0,0.202202,0.852615,0.167701,0.495279,part2a21_soft_caution_overlay,artifacts_part2_g532/predictions/g532_final_consensus_tape.csv
2026-03-25,0,0.1970660334834376,0.3996626996491947,1.365465,1.466577,0.5,0.542663,0.512189,0.472026,0.75,0.6,0.878107,0.395148,0.09809,0.718205,0,low_agreement,FLAT,0.0,0.0,0.0,0.0,0,0.179471,0.865141,0.152127,0.465998,part2a21_soft_caution_overlay,artifacts_part2_g532/predictions/g532_final_consensus_tape.csv
2026-03-26,0,0.215108604444976,0.5582198320003272,2.328496,1.83176,0.75,0.54382,0.51252,0.658396,0.75,0.6,0.874801,0.393661,0.091573,0.731908,1,ok,FLAT,0.0,0.0,0.0,0.0,0,0.159758,0.767963,0.173348,0.505894,part2a21_soft_caution_overlay,artifacts_part2_g532/predictions/g532_final_consensus_tape.csv
2026-03-27,0,0.2120616805225768,0.5668638439145498,2.13816,1.94404,0.75,0.544294,0.512656,0.715724,0.75,0.6,0.873445,0.39305,0.120201,0.675309,1,ok,FLAT,0.0,0.0,0.0,0.0,0,0.166136,0.76847,0.172736,0.504743,part2a21_soft_caution_overlay,artifacts_part2_g532/predictions/g532_final_consensus_tape.csv
2026-03-30,0,0.1968253587751165,0.4714599002036175,1.639074,2.035243,0.75,0.548985,0.513996,0.761787,0.5,0.6,0.860042,0.154807,0.115266,0.684433,1,ok,VOO,0.012107,0.012107,0.012107,0.0,0,0.210158,0.843318,0.178915,0.51636,part2a21_soft_caution_overlay,artifacts_part2_g532/predictions/g532_final_consensus_tape.csv
2026-03-31,0,0.2138174786284137,0.6199962132765983,0.415311,1.397515,0.5,0.548839,0.513954,0.434959,0.5,0.6,0.860461,0.154883,0.193894,0.563198,0,low_agreement,VOO,0.012107,0.012107,0.012107,0.0,0,0.177796,0.746359,0.198685,0.553528,part2a21_soft_caution_overlay,artifacts_part2_g532/predictions/g532_final_consensus_tape.csv
2026-04-01,0,0.1973442035444602,0.444003478890848,1.163809,1.072731,0.5,0.547792,0.513655,0.268895,0.75,0.6,0.863453,0.388554,0.196295,0.560167,0,low_agreement,VOO,0.012107,0.012107,0.012107,0.0,0,0.215637,0.853521,0.166593,0.493195,part2a21_soft_caution_overlay,artifacts_part2_g532/predictions/g532_final_consensus_tape.csv
2026-04-02,0,0.1927764538353215,0.4332095784620404,1.535868,1.038329,0.5,0.553991,0.515426,0.248888,0.75,0.6,0.845739,0.380583,0.19596,0.560589,0,low_agreement,VOO,0.012107,0.012107,0.012107,0.0,1,0.255696,0.836954,0.186434,0.530497,part2a21_soft_caution_overlay,artifacts_part2_g532/predictions/g532_final_consensus_tape.csv
2026-04-03,0,0.1897111302389032,0.4789819369254908,1.571815,1.423831,0.75,0.545855,0.513101,0.449289,0.75,0.6,0.868986,0.391044,0.193587,0.563587,1,ok,VOO,0.012107,0.012107,0.012107,0.0,0,0.205588,0.859824,0.158807,0.478556,part2a21_soft_caution_overlay,artifacts_part2_g532/predictions/g532_final_consensus_tape.csv
2026-04-06,0,0.1986155458278428,0.4466828912112408,1.440606,1.516096,0.5,0.549046,0.514013,0.495681,0.75,0.6,0.859869,0.386941,0.193007,0.564325,0,low_agreement,FLAT,0.0,0.0,0.0,0.0,0,0.22139,0.848977,0.172123,0.503592,part2a21_soft_caution_overlay,artifacts_part2_g532/predictions/g532_final_consensus_tape.csv
2026-04-07,0,0.19146699085883,0.3701883361665301,1.581199,1.531206,0.75,0.549846,0.514242,0.503222,0.75,0.6,0.857582,0.385912,0.193346,0.563893,1,ok,FLAT,0.0,0.0,0.0,0.0,0,0.223286,0.845095,0.176794,0.512373,part2a21_soft_caution_overlay,artifacts_part2_g532/predictions/g532_final_consensus_tape.csv
2026-04-08,0,0.1909529323791017,0.3993377610013309,0.726764,1.249523,0.5,0.53868,0.511051,0.362431,0.75,0.6,0.889486,0.400269,0.224051,0.527369,0,low_agreement,FLAT,0.0,0.0,0.0,0.0,0,0.157762,0.874703,0.136788,0.437162,part2a21_soft_caution_overlay,artifacts_part2_g532/predictions/g532_final_consensus_tape.csv
2026-04-09,0,0.1974445149586829,0.4384372006395473,1.442425,1.250129,0.5,0.535086,0.510024,0.363906,0.75,0.6,0.899755,0.40489,0.213784,0.539044,0,low_agreement,FLAT,0.0,0.0,0.0,0.0,0,0.152803,0.882379,0.113515,0.393408,part2a21_soft_caution_overlay,artifacts_part2_g532/predictions/g532_final_consensus_tape.csv
2026-04-10,0,0.2025676348930721,0.4289421852366608,1.587431,1.252207,0.5,0.538967,0.511133,0.363706,0.75,0.6,0.888667,0.3999,0.179796,0.581671,0,low_agreement,FLAT,0.0,0.0,0.0,0.0,0,0.174681,0.877602,0.127998,0.420636,part2a21_soft_caution_overlay,artifacts_part2_g532/predictions/g532_final_consensus_tape.csv
2026-04-13,0,0.2009683566836563,0.4321779955997943,1.329504,1.45312,0.5,0.533033,0.509438,0.46777,0.75,0.6,0.905621,0.40753,0.154766,0.61764,0,low_agreement,FLAT,0.0,0.0,0.0,0.0,0,0.127031,0.881888,0.115003,0.396205,part2a21_soft_caution_overlay,artifacts_part2_g532/predictions/g532_final_consensus_tape.csv
2026-04-14,0,0.2009010646435601,0.5593253543046233,1.121412,1.346116,0.5,0.538945,0.511127,0.4116,0.75,0.6,0.888729,0.399928,0.115184,0.684586,0,low_agreement,FLAT,0.0,0.0,0.0,0.0,0,0.174716,0.877663,0.127813,0.420289,part2a21_soft_caution_overlay,artifacts_part2_g532/predictions/g532_final_consensus_tape.csv
2026-04-15,0,0.195223892331778,0.4659450062304133,1.310844,1.25392,0.5,0.532363,0.509246,0.366713,0.75,0.6,0.907535,0.408391,0.116336,0.682434,0,low_agreement,FLAT,0.0,0.0,0.0,0.0,0,0.111757,0.712761,0.119911,0.405432,part2a21_soft_caution_overlay,artifacts_part2_g532/predictions/g532_final_consensus_tape.csv
2026-04-16,0,0.2021433867228902,0.5191300850967239,1.66797,1.366742,0.5,0.533668,0.509619,0.423669,0.75,0.6,0.903806,0.406713,0.110114,0.694224,0,low_agreement,FLAT,0.0,0.0,0.0,0.0,0,0.121953,0.711758,0.122952,0.41115,part2a21_soft_caution_overlay,artifacts_part2_g532/predictions/g532_final_consensus_tape.csv
2026-04-17,0,0.1969653878307697,0.478611573173878,1.403366,1.460727,0.5,0.535694,0.510198,0.470921,0.75,0.6,0.898016,0.404107,0.103897,0.70642,0,low_agreement,FLAT,0.0,0.0,0.0,0.0,0,0.127078,0.707925,0.134573,0.432998,part2a21_soft_caution_overlay,artifacts_part2_g532/predictions/g532_final_consensus_tape.csv
2026-04-20,0,0.2008059593746975,0.5127324087021238,1.938007,1.669781,0.75,0.531829,0.509094,0.578178,0.75,0.6,0.909061,0.409077,0.111778,0.691031,1,ok,VOO,0.024516,0.024516,0.024516,0.0,0,0.097767,0.711085,0.124993,0.414987,part2a21_soft_caution_overlay,artifacts_part2_g532/predictions/g532_final_consensus_tape.csv
2026-04-21,0,0.2008553819755109,0.5153970219879198,2.021377,1.787583,0.75,0.533576,0.509593,0.63771,0.75,0.6,0.904069,0.406831,0.112418,0.689812,1,ok,VOO,0.024516,0.024516,0.024516,0.0,0,0.100213,0.707362,0.136282,0.43621,part2a21_soft_caution_overlay,artifacts_part2_g532/predictions/g532_final_consensus_tape.csv
2026-04-22,0,0.1876982354604303,0.4091740912153518,1.397257,1.785547,0.5,0.534443,0.509841,0.636514,0.75,0.6,0.901592,0.405717,0.0698,0.781737,0,low_agreement,VOO,0.024516,0.024516,0.024516,0.0,0,0.112585,0.707885,0.134694,0.433225,part2a21_soft_caution_overlay,artifacts_part2_g532/predictions/g532_final_consensus_tape.csv
2026-04-23,0,0.1972495137385448,0.483118776856253,2.113906,1.84418,0.75,0.536306,0.510373,0.666027,0.75,0.6,0.896268,0.40332,0.07877,0.76041,1,ok,VOO,0.024516,0.024516,0.024516,0.0,0,0.116874,0.702705,0.145654,0.45383,part2a21_soft_caution_overlay,artifacts_part2_g532/predictions/g532_final_consensus_tape.csv
2026-04-24,0,0.1863561003716772,0.3967344853974269,1.425573,1.645579,0.5,0.532733,0.509352,0.565681,0.75,0.6,0.906476,0.407914,0.07707,0.764363,0,low_agreement,VOO,0.024516,0.024516,0.024516,0.0,0,0.105078,0.710441,0.126944,0.418655,part2a21_soft_caution_overlay,artifacts_part2_g532/predictions/g532_final_consensus_tape.csv
2026-04-27,0,0.198077603131718,0.4908289359268376,2.003536,1.847672,0.75,0.532157,0.509188,0.668506,0.75,0.6,0.908122,0.408655,0.075399,0.768288,1,ok,VOO,0.031483,0.031483,0.031483,0.0,0,0.101075,0.71099,0.125281,0.415529,part2a21_soft_caution_overlay,artifacts_part2_g532/predictions/g532_final_consensus_tape.csv
2026-04-28,0,0.2022620477333545,0.5219376521809843,2.259593,1.896234,0.75,0.53794,0.51084,0.69228,0.75,0.6,0.891601,0.401221,0.081212,0.754804,1,ok,VOO,0.031483,0.031483,0.031483,0.0,0,0.127063,0.698429,0.151117,0.464099,part2a21_soft_caution_overlay,artifacts_part2_g532/predictions/g532_final_consensus_tape.csv
2026-04-29,0,0.1904453585792828,0.4349532391039351,1.835437,2.032855,0.5,0.530492,0.508712,0.762811,0.75,0.6,0.912879,0.410795,0.0719,0.776638,0,low_agreement,VOO,0.031483,0.031483,0.031483,0.0,0,0.096006,0.713956,0.116288,0.398621,part2a21_soft_caution_overlay,artifacts_part2_g532/predictions/g532_final_consensus_tape.csv
2026-04-30,0,0.2070054146307339,0.5509488706613331,1.773715,1.956248,0.5,0.530689,0.508768,0.723887,0.75,0.6,0.912317,0.410543,0.076445,0.765825,0,low_agreement,VOO,0.031483,0.031483,0.031483,0.0,0,0.079162,0.629899,0.128588,0.421745,part2a21_soft_caution_overlay,artifacts_part2_g532/predictions/g532_final_consensus_tape.csv
2026-05-01,0,0.2029337003650181,0.5237159992574357,1.832024,1.813725,0.5,0.53598,0.51028,0.650577,0.75,0.6,0.897199,0.40374,0.073277,0.773331,0,low_agreement,VOO,0.031483,0.031483,0.031483,0.0,0,0.127241,0.707265,0.136574,0.436759,part2a21_soft_caution_overlay,artifacts_part2_g532/predictions/g532_final_consensus_tape.csv
2026-05-04,0,0.1888063191016634,0.4194207301676131,2.218473,1.941404,0.75,0.529644,0.50847,0.7165,0.75,0.6,0.915303,0.411887,0.072122,0.776103,1,ok,VOO,0.034356,0.034356,0.034356,0.0,0,0.094511,0.715699,0.111002,0.388685,part2a21_soft_caution_overlay,artifacts_part2_g532/predictions/g532_final_consensus_tape.csv
2026-05-05,0,0.2168167306564405,0.6086903514675456,1.818794,1.956431,0.5,0.528174,0.50805,0.724332,0.75,0.6,0.919502,0.413776,0.06917,0.78328,0,low_agreement,VOO,0.034356,0.034356,0.034356,0.0,0,0.075526,0.635233,0.112415,0.39134,part2a21_soft_caution_overlay,artifacts_part2_g532/predictions/g532_final_consensus_tape.csv
2026-05-06,0,0.1947396187725466,0.4522001831765723,1.6203,1.885856,0.5,0.533232,0.509495,0.687739,0.75,0.6,0.905051,0.407273,0.06879,0.784216,0,low_agreement,VOO,0.034356,0.034356,0.034356,0.0,0,0.112321,0.710769,0.12595,0.416786,part2a21_soft_caution_overlay,artifacts_part2_g532/predictions/g532_final_consensus_tape.csv
2026-05-07,1,0.1922597976577869,0.4356497049898007,2.28361,1.907568,0.75,0.531038,0.508868,0.699115,0.75,0.6,0.911321,0.410094,0.063879,0.796486,1,ok,VOO,0.034356,0.034356,0.034356,0.0,0,0.095182,0.712456,0.120834,0.407168,part2a21_soft_caution_overlay,artifacts_part2_g532/predictions/g532_final_consensus_tape.csv
