{
  "part": "part2a21_alpha",
  "version": "PART_2A21_HARDENED_CROSS_SECTIONAL_ALPHA_V1",
  "horizon": 7,
  "holdout_start": "2020-01-01",
  "panel_rows": 23355,
  "realized_panel_rows": 23250,
  "dates": 1557,
  "realized_dates": 1289,
  "classification_raw": {
    "auc": 0.49871636601237546,
    "pr": 0.4956597224904213,
    "lift": 0.9951717226167786,
    "brier": 0.2513136789101812,
    "ece": 0.034656882109180547
  },
  "classification_cal_candidate": {
    "auc": 0.48743297251858464,
    "pr": 0.4917185438862447,
    "lift": 0.9872587344866313,
    "brier": 0.2510619359347576,
    "ece": 0.01390392349536618
  },
  "classification_final_used": {
    "auc": 0.505268317120349,
    "pr": 0.5019338202889899,
    "lift": 1.0077686806320394,
    "brier": 0.25086038818845313,
    "ece": 0.016911399954386272
  },
  "calibration_gate_on_rate": 0.5067437379576107,
  "alpha_drift_alarm_rate": 0.10468850353243417,
  "risk_rmse": 0.024779948305918016,
  "risk_mae": 0.017973621485972466,
  "rel_mae_zero": 0.017947868402485457,
  "alpha_rmse": 0.025815173348574715,
  "alpha_mae": 0.018456621947019494,
  "alpha_mae_zero": 0.017973621485972466,
  "mean_rank_ic": 0.01803536978407695,
  "mean_topk_rel_ret_net": 0.0001190664583752586,
  "ir_topk_rel_ret_net": 0.6000979568475155,
  "mean_selection_hit_rate": 0.5391776570985259,
  "mean_breadth_selected": 1.0139643134212568,
  "mean_eligible_breadth": 4.008533747090768,
  "mean_budget_used": 0.038324282389449175,
  "live_eligible_names": [
    "EEM",
    "EFA",
    "IWM",
    "SMH"
  ],
  "shuffle_auc_median": 0.5006356807011467,
  "final_pass": true,
  "positions_out": "./artifacts_part2a_alpha/predictions/part2a21_alpha_positions.csv",
  "summary_tape_out": "./artifacts_part2a_alpha/predictions/part2a21_alpha_summary_tape.csv",
  "eligibility_out": "./artifacts_part2a_alpha/predictions/part2a21_alpha_eligibility.csv"
}