{
  "part": "part2a21_alpha",
  "version": "PART_2A21_HARDENED_CROSS_SECTIONAL_ALPHA_V1",
  "horizon": 7,
  "holdout_start": "2020-01-01",
  "panel_rows": 23430,
  "realized_panel_rows": 23325,
  "dates": 1562,
  "realized_dates": 1293,
  "classification_raw": {
    "auc": 0.49883323390847706,
    "pr": 0.49624272903275485,
    "lift": 0.9959440418765279,
    "brier": 0.25125766981997105,
    "ece": 0.035133431611975935
  },
  "classification_cal_candidate": {
    "auc": 0.4867051696646242,
    "pr": 0.4925130044674674,
    "lift": 0.9884585982794422,
    "brier": 0.251134414159791,
    "ece": 0.013782438611622145
  },
  "classification_final_used": {
    "auc": 0.5055864263006985,
    "pr": 0.5039330224350995,
    "lift": 1.0113782264927462,
    "brier": 0.25082059636347503,
    "ece": 0.016468118726089553
  },
  "calibration_gate_on_rate": 0.5102432778489117,
  "alpha_drift_alarm_rate": 0.0998719590268886,
  "risk_rmse": 0.024774430715473632,
  "risk_mae": 0.01796657521473575,
  "rel_mae_zero": 0.017940941159226828,
  "alpha_rmse": 0.025805210588192972,
  "alpha_mae": 0.01844764768549806,
  "alpha_mae_zero": 0.01796657521473575,
  "mean_rank_ic": 0.01848376275952074,
  "mean_topk_rel_ret_net": 0.00010770302956925536,
  "ir_topk_rel_ret_net": 0.5461751920284126,
  "mean_selection_hit_rate": 0.5378963650425367,
  "mean_breadth_selected": 1.0108275328692962,
  "mean_eligible_breadth": 4.008507347254447,
  "mean_budget_used": 0.038267594740912604,
  "live_eligible_names": [
    "EEM",
    "EFA",
    "IWM",
    "SMH"
  ],
  "shuffle_auc_median": 0.4997368362350495,
  "final_pass": true,
  "positions_out": "./artifacts_part2a_alpha/predictions/part2a21_alpha_positions.csv",
  "summary_tape_out": "./artifacts_part2a_alpha/predictions/part2a21_alpha_summary_tape.csv",
  "eligibility_out": "./artifacts_part2a_alpha/predictions/part2a21_alpha_eligibility.csv"
}