{
  "part": "part2a21_alpha",
  "version": "PART_2A21_HARDENED_CROSS_SECTIONAL_ALPHA_V1",
  "horizon": 7,
  "holdout_start": "2020-01-01",
  "panel_rows": 23370,
  "realized_panel_rows": 23265,
  "dates": 1558,
  "realized_dates": 1291,
  "classification_raw": {
    "auc": 0.49968610572418,
    "pr": 0.4961786666278596,
    "lift": 0.9961681635396232,
    "brier": 0.25126719101738243,
    "ece": 0.03266132299986648
  },
  "classification_cal_candidate": {
    "auc": 0.4893659575073144,
    "pr": 0.4938318337408308,
    "lift": 0.9914564732464989,
    "brier": 0.2511188054842762,
    "ece": 0.013857116361920968
  },
  "classification_final_used": {
    "auc": 0.5096753435713781,
    "pr": 0.5050972418604956,
    "lift": 1.0140738118643797,
    "brier": 0.2507910146873937,
    "ece": 0.013609563228644036
  },
  "calibration_gate_on_rate": 0.5102695763799743,
  "alpha_drift_alarm_rate": 0.10077021822849808,
  "risk_rmse": 0.02477722756466226,
  "risk_mae": 0.01797286611470263,
  "rel_mae_zero": 0.01794705855325531,
  "alpha_rmse": 0.025815335536431543,
  "alpha_mae": 0.01845908553391852,
  "alpha_mae_zero": 0.01797286611470263,
  "mean_rank_ic": 0.017504120143089438,
  "mean_topk_rel_ret_net": 0.00010951780626740336,
  "ir_topk_rel_ret_net": 0.5553490890816843,
  "mean_selection_hit_rate": 0.5375677769171185,
  "mean_breadth_selected": 1.0123934934159566,
  "mean_eligible_breadth": 4.00852052672347,
  "mean_budget_used": 0.03835786212238575,
  "live_eligible_names": [
    "EEM",
    "EFA",
    "IWM",
    "SMH"
  ],
  "shuffle_auc_median": 0.5006245386809476,
  "final_pass": true,
  "positions_out": "./artifacts_part2a_alpha/predictions/part2a21_alpha_positions.csv",
  "summary_tape_out": "./artifacts_part2a_alpha/predictions/part2a21_alpha_summary_tape.csv",
  "eligibility_out": "./artifacts_part2a_alpha/predictions/part2a21_alpha_eligibility.csv"
}