{
  "part": "part2a21_alpha",
  "version": "PART_2A21_HARDENED_CROSS_SECTIONAL_ALPHA_V1",
  "horizon": 7,
  "holdout_start": "2020-01-01",
  "panel_rows": 23400,
  "realized_panel_rows": 23295,
  "dates": 1560,
  "realized_dates": 1291,
  "classification_raw": {
    "auc": 0.4997562441120368,
    "pr": 0.4964204916748598,
    "lift": 0.9965628536337348,
    "brier": 0.25126368185057163,
    "ece": 0.03418406926656801
  },
  "classification_cal_candidate": {
    "auc": 0.4859700771541914,
    "pr": 0.49037531376141985,
    "lift": 0.9844271746011958,
    "brier": 0.2510978328796603,
    "ece": 0.01411282595894778
  },
  "classification_final_used": {
    "auc": 0.5061748444837656,
    "pr": 0.5039870052661717,
    "lift": 1.0117526101064693,
    "brier": 0.2507893523200942,
    "ece": 0.016565677045043994
  },
  "calibration_gate_on_rate": 0.5083333333333333,
  "alpha_drift_alarm_rate": 0.09871794871794871,
  "risk_rmse": 0.024772513667058706,
  "risk_mae": 0.017968804570379984,
  "rel_mae_zero": 0.017943040031387143,
  "alpha_rmse": 0.025803367301937278,
  "alpha_mae": 0.018449756840630716,
  "alpha_mae_zero": 0.017968804570379984,
  "mean_rank_ic": 0.019545720788683617,
  "mean_topk_rel_ret_net": 0.00011800110899321996,
  "ir_topk_rel_ret_net": 0.5984930589997133,
  "mean_selection_hit_rate": 0.5410534469403563,
  "mean_breadth_selected": 1.013168086754454,
  "mean_eligible_breadth": 4.00852052672347,
  "mean_budget_used": 0.038373353989155694,
  "live_eligible_names": [
    "EEM",
    "EFA",
    "IWM",
    "SMH"
  ],
  "shuffle_auc_median": 0.5000652244273143,
  "final_pass": true,
  "positions_out": "./artifacts_part2a_alpha/predictions/part2a21_alpha_positions.csv",
  "summary_tape_out": "./artifacts_part2a_alpha/predictions/part2a21_alpha_summary_tape.csv",
  "eligibility_out": "./artifacts_part2a_alpha/predictions/part2a21_alpha_eligibility.csv"
}