{
  "part": "part2",
  "version": "GEN5_PART2_GEN532_SOFT_CAUTION_OVERLAY",
  "schema_version": "part2.g5.phase3_2.schema1",
  "horizon": 7,
  "holdout_start": "2020-01-01",
  "rows_rebalance": 235,
  "rows_realized": 233,
  "rows_audit": 233,
  "model_feature_count": 14,
  "forbidden_feature_count": 22,
  "forbidden_features_excluded": [
    "Date",
    "bench_60_40",
    "calendar_name",
    "decision_is_tuesday",
    "decision_weekday",
    "excess_ret",
    "fwd_ief",
    "fwd_ief_reg",
    "fwd_spread",
    "fwd_voo",
    "fwd_voo_reg",
    "is_revealed_master",
    "master_row_num",
    "px_ief_fwd",
    "px_ief_t",
    "px_voo_fwd",
    "px_voo_t",
    "row_num_in_calendar",
    "target_date",
    "y_avail",
    "y_rel_tail_voo_vs_ief",
    "y_voo"
  ],
  "script_version": "GEN5_PART2_G532_DEEPDIAG_V4",
  "contract_profile": "live_locked_14",
  "expected_model_feature_count": 14,
  "expected_forbidden_count": 22,
  "contract_missing_locked": [],
  "contract_missing_optional": [
    "bench_excess_voo_minus_ief",
    "bench_ief",
    "bench_voo"
  ],
  "contract_extra_locked": [],
  "classification_base": {
    "auc": 0.6059018201875345,
    "pr": 0.22000408393587773,
    "lift": 1.3615777940102267,
    "brier": 0.14519122412722085,
    "ece": 0.08434430386817902
  },
  "classification_dist": {
    "auc": 0.4138168781025924,
    "pr": 0.129840512083284,
    "lift": 0.3403944485025567,
    "brier": 0.23570326912043515,
    "ece": 0.27492911770040174
  },
  "classification_final_used": {
    "auc": 0.6059018201875345,
    "pr": 0.22000408393587773,
    "lift": 1.3615777940102267,
    "brier": 0.14519122412722085,
    "ece": 0.08434430386817902
  },
  "distributional_diagnostics": {
    "raw_coverage": 0.776824034334764,
    "conf_coverage": 0.9356223175965666,
    "median_rmse": 0.03591252749564228
  },
  "calibration_gate_on_rate": 0.8297872340425532,
  "high_risk_state_rate": 0.5361702127659574,
  "drift_base_ece": 0.08434430386817902,
  "drift_base_brier": 0.14519122412722085,
  "drift_alarm_rate": 0.10212765957446808,
  "deploy_downside_rate": 0.10638297872340426,
  "defense_trigger_mean": 0.2941772082360625,
  "defense_trigger_threshold_median": 0.36680000000000007,
  "deploy_upside_rate": 0.0,
  "raw_val_auc_median": 0.6678321678321678,
  "active_ret_net_mean": 0.001421207819255279,
  "active_ret_net_ir": 0.4255524645753115,
  "strategy_ret_net_ir": 0.645550446726655,
  "negative_benchmark_active_mean": 0.005579095509243911,
  "negative_benchmark_hit_rate": 0.68,
  "downside_capture_ratio": -0.06527861195408287,
  "avg_abs_active_weight_raw": 0.01702127659574468,
  "avg_abs_active_weight_capped": 0.01702127659574468,
  "shuffle_auc_median": 0.47397156975997945,
  "suspicious_perf_flag": false,
  "stress_panel": {
    "slippage_5_0bps": {
      "active_mean": 0.0014267013814870384,
      "active_ir": 0.4271856769186968,
      "strategy_ir": 0.6472976250157884
    },
    "slippage_7_5bps": {
      "active_mean": 0.0014239546003711584,
      "active_ir": 0.4263691364759247,
      "strategy_ir": 0.6464241279362438
    },
    "slippage_10_0bps": {
      "active_mean": 0.001421207819255279,
      "active_ir": 0.4255524645753115,
      "strategy_ir": 0.645550446726655
    }
  },
  "tail_event_threshold": -0.015,
  "part1_version_consumed": "V19_P1_HARDENED",
  "environment": {
    "utc_run_ts": "2026-04-09T07:04:29.872016+00:00",
    "python": "3.12.13",
    "platform": "Linux-6.6.113+-x86_64-with-glibc2.35",
    "pandas": "2.2.2",
    "numpy": "2.0.2",
    "script_path": "part2_predictor.py",
    "script_sha256": "904bef9b3130634033e6fdf558b6e88414015c638fbacbf9aee334236f241760"
  },
  "build_variant": "PHASE3_2_BASE_PLUS_SOFT_CAUTION_OVERLAY",
  "dist_overlay_on_rate": 0.774468085106383,
  "dist_trust_mean": 0.5257544964958638,
  "dist_overlay_strength_mean": 0.11409104234274237,
  "active_ir_final_pass_min": 0.04,
  "active_ir_fail_closed_min": 0.04,
  "effective_drift_ece_max": 0.17,
  "effective_drift_brier_max": 0.22,
  "effective_final_pass_drift_rate_max": 0.4,
  "effective_fail_closed_drift_rate": 0.4,
  "effective_fail_closed_cal_gate": 0.85,
  "final_pass": true,
  "out_path": "./artifacts_part2_g532/predictions/g532_final_consensus_tape.csv",
  "publish_mode": "NORMAL",
  "output_hashes": {
    "consensus_tape_sha256": "7f3ea7118525302779fe7011020285b73fe3048554b5ea34294a8d811f15fc6a",
    "summary_payload_sha256": "3de04da2d72ef173ac5b300980a1be0567952cf23533e353d976ea44c17b0cb9"
  }
}