Date,rank_ic,topk_rel_ret_net,breadth_selected,eligible_breadth,gross_alpha_budget_used,alpha_drift_alarm,alpha_overlay_scale,is_live,alpha_leg,alpha_position,alpha_abs,alpha_turnover,alpha_cost_model,topk_rel_ret_gross,realized_spread_voo_minus_ief,signal_spread_proxy,prob_voo,p0,eligible,eligibility_reason,y_avail,dist_overlay_on_g53,dist_overlay_strength_g53,dist_width_caution_g53,uncertainty_penalty_g5,caution_shrink,alpha_scale_effective,positions_source,eligibility_source,source_tape
2020-01-01,,,0,0,0.0,0,0.487923,0,FLAT,0.0,0.0,0.0,0.0,,0.004202,0.0,0.2284985528648169,0.576755579164877,0,stale_tape,1,0,0.1499,0.143065,0.448962,0.79268,0.59451,part2a21_alpha_positions.csv,part2a21_alpha_eligibility.csv,artifacts_part2_g532/predictions/g532_final_consensus_tape.csv
2020-01-02,,,0,0,0.0,0,0.482143,0,FLAT,0.0,0.0,0.0,0.0,,-0.013993,0.0,0.2185784290864242,0.5497256907125754,0,stale_tape,1,0,0.165806,0.14234,0.447599,0.786048,0.589536,part2a21_alpha_positions.csv,part2a21_alpha_eligibility.csv,artifacts_part2_g532/predictions/g532_final_consensus_tape.csv
2020-01-03,,,0,0,0.0,0,0.428314,0,FLAT,0.0,0.0,0.0,0.0,,0.004817,0.0,0.2343064209756074,0.5947635632253925,0,stale_tape,1,0,0.16334,0.154537,0.47053,0.778303,0.583727,part2a21_alpha_positions.csv,part2a21_alpha_eligibility.csv,artifacts_part2_g532/predictions/g532_final_consensus_tape.csv
2020-01-06,,,0,0,0.0,0,0.092872,0,FLAT,0.0,0.0,0.0,0.0,,-0.001323,0.0,0.2910476878899067,0.694835695594234,0,stale_tape,1,0,0.162659,0.143476,0.449735,0.78664,0.127829,part2a21_alpha_positions.csv,part2a21_alpha_eligibility.csv,artifacts_part2_g532/predictions/g532_final_consensus_tape.csv
2020-01-07,,,0,0,0.0,0,0.433149,0,FLAT,0.0,0.0,0.0,0.0,,0.007488,0.0,0.2166852478938502,0.5520981127068575,0,stale_tape,1,0,0.153631,0.138137,0.439697,0.794579,0.595934,part2a21_alpha_positions.csv,part2a21_alpha_eligibility.csv,artifacts_part2_g532/predictions/g532_final_consensus_tape.csv
2020-01-08,,,0,0,0.0,0,0.422799,0,FLAT,0.0,0.0,0.0,0.0,,0.006166,0.0,0.2153208584348308,0.5460787790729368,0,stale_tape,1,0,0.155977,0.138569,0.44051,0.793209,0.594907,part2a21_alpha_positions.csv,part2a21_alpha_eligibility.csv,artifacts_part2_g532/predictions/g532_final_consensus_tape.csv
2020-01-09,,,0,0,0.0,0,0.4163,0,FLAT,0.0,0.0,0.0,0.0,,-0.005029,0.0,0.2019083646512686,0.5009098862740035,0,stale_tape,1,0,0.175844,0.134064,0.43204,0.78754,0.590655,part2a21_alpha_positions.csv,part2a21_alpha_eligibility.csv,artifacts_part2_g532/predictions/g532_final_consensus_tape.csv
2020-01-10,,,0,0,0.0,0,0.407122,0,FLAT,0.0,0.0,0.0,0.0,,0.007763,0.0,0.2471133569696045,0.6325762341612102,0,stale_tape,1,0,0.171187,0.150212,0.462399,0.777912,0.583434,part2a21_alpha_positions.csv,part2a21_alpha_eligibility.csv,artifacts_part2_g532/predictions/g532_final_consensus_tape.csv
2020-01-13,,,0,0,0.0,0,0.415809,0,FLAT,0.0,0.0,0.0,0.0,,-0.003306,0.0,0.2059686556542959,0.5190725342469446,0,stale_tape,1,0,0.16634,0.125924,0.416738,0.797726,0.598294,part2a21_alpha_positions.csv,part2a21_alpha_eligibility.csv,artifacts_part2_g532/predictions/g532_final_consensus_tape.csv
2020-01-14,,,0,0,0.0,0,0.417636,0,FLAT,0.0,0.0,0.0,0.0,,-0.000287,0.0,0.2162688942070737,0.5545365254750726,0,stale_tape,1,0,0.144642,0.136718,0.437029,0.799654,0.599741,part2a21_alpha_positions.csv,part2a21_alpha_eligibility.csv,artifacts_part2_g532/predictions/g532_final_consensus_tape.csv
2020-01-15,,,0,0,0.0,0,0.421144,0,FLAT,0.0,0.0,0.0,0.0,,0.010386,0.0,0.2088267158069287,0.5349389503747525,0,stale_tape,1,0,0.13865,0.130995,0.426271,0.806505,0.604879,part2a21_alpha_positions.csv,part2a21_alpha_eligibility.csv,artifacts_part2_g532/predictions/g532_final_consensus_tape.csv
2020-01-16,,,0,0,0.0,0,0.403356,0,FLAT,0.0,0.0,0.0,0.0,,0.004191,0.0,0.2190623126509274,0.5638111843888608,0,stale_tape,1,0,0.157414,0.137746,0.438963,0.79316,0.59487,part2a21_alpha_positions.csv,part2a21_alpha_eligibility.csv,artifacts_part2_g532/predictions/g532_final_consensus_tape.csv
2020-01-17,,,0,0,0.0,0,0.452191,0,FLAT,0.0,0.0,0.0,0.0,,0.0,0.0,0.213917589857001,0.5426436946287211,0,stale_tape,1,0,0.14702,0.130651,0.425624,0.802988,0.602241,part2a21_alpha_positions.csv,part2a21_alpha_eligibility.csv,artifacts_part2_g532/predictions/g532_final_consensus_tape.csv
2020-01-20,,,0,0,0.0,0,0.451694,0,FLAT,0.0,0.0,0.0,0.0,,-0.006013,0.0,0.2150979825507695,0.5454412990039484,0,stale_tape,1,0,0.146291,0.12997,0.424343,0.803811,0.602858,part2a21_alpha_positions.csv,part2a21_alpha_eligibility.csv,artifacts_part2_g532/predictions/g532_final_consensus_tape.csv
2020-01-21,,,0,0,0.0,0,0.430358,0,FLAT,0.0,0.0,0.0,0.0,,8.4e-05,0.0,0.2186359444429396,0.557408844564241,0,stale_tape,1,0,0.156398,0.147574,0.45744,0.786482,0.589862,part2a21_alpha_positions.csv,part2a21_alpha_eligibility.csv,artifacts_part2_g532/predictions/g532_final_consensus_tape.csv
2020-01-22,,,0,0,0.0,0,0.227314,0,FLAT,0.0,0.0,0.0,0.0,,-0.001518,0.0,0.2685226432744841,0.6623515499728708,0,stale_tape,1,0,0.160336,0.142941,0.448729,0.788073,0.307349,part2a21_alpha_positions.csv,part2a21_alpha_eligibility.csv,artifacts_part2_g532/predictions/g532_final_consensus_tape.csv
2020-01-23,,,0,0,0.0,0,0.445395,0,FLAT,0.0,0.0,0.0,0.0,,-0.012726,0.0,0.2321150955863033,0.5942134120061268,0,stale_tape,1,0,0.150627,0.139167,0.441633,0.795183,0.596387,part2a21_alpha_positions.csv,part2a21_alpha_eligibility.csv,artifacts_part2_g532/predictions/g532_final_consensus_tape.csv
2020-01-24,,,0,0,0.0,0,0.214866,0,FLAT,0.0,0.0,0.0,0.0,,-0.022756,0.0,0.2699018047850646,0.6532975139740186,0,stale_tape,1,0,0.163959,0.147317,0.456956,0.783266,0.305474,part2a21_alpha_positions.csv,part2a21_alpha_eligibility.csv,artifacts_part2_g532/predictions/g532_final_consensus_tape.csv
2020-01-27,,,0,0,0.0,0,0.170313,0,FLAT,0.0,0.0,0.0,0.0,,0.014138,0.0,0.2754593616920714,0.6590151463978978,0,stale_tape,1,1,0.265611,0.213122,0.578005,0.690282,0.26921,part2a21_alpha_positions.csv,part2a21_alpha_eligibility.csv,artifacts_part2_g532/predictions/g532_final_consensus_tape.csv
2020-01-28,,,0,0,0.0,0,0.329103,0,FLAT,0.0,0.0,0.0,0.0,,-0.005775,0.0,0.2497993893577218,0.6291267216537054,0,stale_tape,1,1,0.199002,0.19096,0.539004,0.735812,0.551859,part2a21_alpha_positions.csv,part2a21_alpha_eligibility.csv,artifacts_part2_g532/predictions/g532_final_consensus_tape.csv
2020-01-29,,,0,0,0.0,0,0.195665,0,FLAT,0.0,0.0,0.0,0.0,,0.002157,0.0,0.2039578535184822,0.4636038510561963,0,stale_tape,1,0,0.221692,0.183284,0.524575,0.731174,0.329028,part2a21_alpha_positions.csv,part2a21_alpha_eligibility.csv,artifacts_part2_g532/predictions/g532_final_consensus_tape.csv
2020-01-30,,,0,0,0.0,0,0.355025,0,FLAT,0.0,0.0,0.0,0.0,,-0.023108,0.0,0.2400388625767449,0.5975785972675038,0,stale_tape,1,0,0.161176,0.163246,0.486902,0.772955,0.579716,part2a21_alpha_positions.csv,part2a21_alpha_eligibility.csv,artifacts_part2_g532/predictions/g532_final_consensus_tape.csv
2020-01-31,,,0,0,0.0,0,0.165655,0,FLAT,0.0,0.0,0.0,0.0,,0.008097,0.0,0.2674949224574374,0.6705315067107968,0,stale_tape,1,0,0.187629,0.200728,0.557369,0.733838,0.286197,part2a21_alpha_positions.csv,part2a21_alpha_eligibility.csv,artifacts_part2_g532/predictions/g532_final_consensus_tape.csv
2020-02-03,,,0,0,0.0,0,0.319269,0,FLAT,0.0,0.0,0.0,0.0,,0.02111,0.0,0.2356982991710347,0.587377694639405,0,stale_tape,1,0,0.174605,0.180495,0.519331,0.754388,0.565791,part2a21_alpha_positions.csv,part2a21_alpha_eligibility.csv,artifacts_part2_g532/predictions/g532_final_consensus_tape.csv
2020-02-04,,,0,0,0.0,0,0.295861,0,FLAT,0.0,0.0,0.0,0.0,,0.015586,0.0,0.2486897247960219,0.6391714721890073,0,stale_tape,1,0,0.174097,0.172086,0.503521,0.760722,0.570542,part2a21_alpha_positions.csv,part2a21_alpha_eligibility.csv,artifacts_part2_g532/predictions/g532_final_consensus_tape.csv
2020-02-05,,,0,0,0.0,0,0.283678,0,FLAT,0.0,0.0,0.0,0.0,,0.002685,0.0,0.230362063444754,0.6371971265252232,0,stale_tape,1,0,0.185012,0.174253,0.507595,0.754237,0.565678,part2a21_alpha_positions.csv,part2a21_alpha_eligibility.csv,artifacts_part2_g532/predictions/g532_final_consensus_tape.csv
2020-02-06,,,0,0,0.0,0,0.167773,0,FLAT,0.0,0.0,0.0,0.0,,-0.009876,0.0,0.204148886580142,0.5247308798272311,0,stale_tape,1,0,0.216092,0.169014,0.497746,0.744055,0.334825,part2a21_alpha_positions.csv,part2a21_alpha_eligibility.csv,artifacts_part2_g532/predictions/g532_final_consensus_tape.csv
2020-02-07,,,0,0,0.0,0,0.289425,0,FLAT,0.0,0.0,0.0,0.0,,0.005206,0.0,0.2333120565562683,0.6461003349877287,0,stale_tape,1,0,0.17322,0.167477,0.494856,0.764463,0.573347,part2a21_alpha_positions.csv,part2a21_alpha_eligibility.csv,artifacts_part2_g532/predictions/g532_final_consensus_tape.csv
2020-02-10,,,0,0,0.0,0,0.319681,0,FLAT,0.0,0.0,0.0,0.0,,0.004202,0.0,0.235129995560068,0.6104082979851276,0,stale_tape,1,0,0.160984,0.149092,0.460293,0.783317,0.587487,part2a21_alpha_positions.csv,part2a21_alpha_eligibility.csv,artifacts_part2_g532/predictions/g532_final_consensus_tape.csv
2020-02-11,,,0,0,0.0,0,0.319903,0,FLAT,0.0,0.0,0.0,0.0,,0.008971,0.0,0.2385636152058439,0.6233770331144859,0,stale_tape,1,0,0.174078,0.161426,0.483481,0.76847,0.576352,part2a21_alpha_positions.csv,part2a21_alpha_eligibility.csv,artifacts_part2_g532/predictions/g532_final_consensus_tape.csv
2020-02-12,,,0,0,0.0,0,0.33382,0,FLAT,0.0,0.0,0.0,0.0,,-0.001853,0.0,0.2155842815907855,0.5758198346986462,0,stale_tape,1,0,0.149006,0.13685,0.437278,0.797594,0.598196,part2a21_alpha_positions.csv,part2a21_alpha_eligibility.csv,artifacts_part2_g532/predictions/g532_final_consensus_tape.csv
2020-02-13,,,0,0,0.0,0,0.332172,0,FLAT,0.0,0.0,0.0,0.0,,-0.000797,0.0,0.2198903702088825,0.6037052919392327,0,stale_tape,1,0,0.145416,0.140161,0.443502,0.796806,0.597605,part2a21_alpha_positions.csv,part2a21_alpha_eligibility.csv,artifacts_part2_g532/predictions/g532_final_consensus_tape.csv
2020-02-14,,,0,0,0.0,0,0.385974,0,FLAT,0.0,0.0,0.0,0.0,,0.0,0.0,0.1984214542853438,0.4837850891232763,0,stale_tape,1,0,0.148794,0.128713,0.421981,0.803597,0.602698,part2a21_alpha_positions.csv,part2a21_alpha_eligibility.csv,artifacts_part2_g532/predictions/g532_final_consensus_tape.csv
2020-02-17,,,0,0,0.0,0,0.384114,0,FLAT,0.0,0.0,0.0,0.0,,-0.004331,0.0,0.2017745928751209,0.5028353491513886,0,stale_tape,1,0,0.155679,0.125789,0.416484,0.802622,0.601966,part2a21_alpha_positions.csv,part2a21_alpha_eligibility.csv,artifacts_part2_g532/predictions/g532_final_consensus_tape.csv
2020-02-18,,,0,0,0.0,0,0.403848,0,FLAT,0.0,0.0,0.0,0.0,,0.00498,0.0,0.2165286233577233,0.534992417026586,0,stale_tape,1,0,0.163332,0.149463,0.46099,0.781991,0.586493,part2a21_alpha_positions.csv,part2a21_alpha_eligibility.csv,artifacts_part2_g532/predictions/g532_final_consensus_tape.csv
2020-02-19,,,0,0,0.0,0,0.447984,0,FLAT,0.0,0.0,0.0,0.0,,-0.006836,0.0,0.2301200177234131,0.5731794472186164,0,stale_tape,1,0,0.145325,0.129295,0.423075,0.804735,0.603552,part2a21_alpha_positions.csv,part2a21_alpha_eligibility.csv,artifacts_part2_g532/predictions/g532_final_consensus_tape.csv
2020-02-20,,,0,0,0.0,0,0.419271,0,FLAT,0.0,0.0,0.0,0.0,,-0.014453,0.0,0.2262521488103122,0.5635540591542008,0,stale_tape,1,0,0.171924,0.16101,0.482698,0.769741,0.577306,part2a21_alpha_positions.csv,part2a21_alpha_eligibility.csv,artifacts_part2_g532/predictions/g532_final_consensus_tape.csv
2020-02-21,,,0,0,0.0,0,0.084856,0,FLAT,0.0,0.0,0.0,0.0,,-0.041775,0.0,0.2733711193852977,0.6898184725824986,0,stale_tape,1,0,0.193787,0.174177,0.507453,0.750343,0.121931,part2a21_alpha_positions.csv,part2a21_alpha_eligibility.csv,artifacts_part2_g532/predictions/g532_final_consensus_tape.csv
2020-02-24,,,0,0,0.0,0,0.146406,0,FLAT,0.0,0.0,0.0,0.0,,-0.033279,0.0,0.2162878684757974,0.5312806181267687,0,stale_tape,1,1,0.266032,0.370681,0.63418,0.623711,0.28067,part2a21_alpha_positions.csv,part2a21_alpha_eligibility.csv,artifacts_part2_g532/predictions/g532_final_consensus_tape.csv
2020-02-25,,,0,0,0.0,0,0.142482,0,FLAT,0.0,0.0,0.0,0.0,,-0.00391,0.0,0.2224651919536949,0.5498228381054037,0,stale_tape,1,1,0.253886,0.326974,0.619013,0.647508,0.291379,part2a21_alpha_positions.csv,part2a21_alpha_eligibility.csv,artifacts_part2_g532/predictions/g532_final_consensus_tape.csv
2020-02-26,,,0,0,0.0,0,0.121366,0,FLAT,0.0,0.0,0.0,0.0,,-0.050178,0.0,0.2192093100081099,0.3954456424702712,0,stale_tape,1,1,0.299257,0.356093,0.629151,0.614872,0.2398,part2a21_alpha_positions.csv,part2a21_alpha_eligibility.csv,artifacts_part2_g532/predictions/g532_final_consensus_tape.csv
2020-02-27,,,0,0,0.0,0,0.10439,0,FLAT,0.0,0.0,0.0,0.0,,-0.017202,0.0,0.1927309156784476,0.6019865999819114,0,stale_tape,1,1,0.284834,0.409796,0.647507,0.598895,0.233569,part2a21_alpha_positions.csv,part2a21_alpha_eligibility.csv,artifacts_part2_g532/predictions/g532_final_consensus_tape.csv
2020-02-28,,,0,0,0.0,0,0.106573,0,FLAT,0.0,0.0,0.0,0.0,,0.044354,0.0,0.2277377133045989,0.4151201563047729,0,stale_tape,1,1,0.306446,0.383725,0.63865,0.600066,0.234026,part2a21_alpha_positions.csv,part2a21_alpha_eligibility.csv,artifacts_part2_g532/predictions/g532_final_consensus_tape.csv
2020-03-02,,,0,0,0.0,0,0.09816,0,FLAT,0.0,0.0,0.0,0.0,,-0.039524,0.0,0.1939015191941627,0.587020672617477,0,stale_tape,1,1,0.24212,0.263935,0.596588,0.679352,0.264947,part2a21_alpha_positions.csv,part2a21_alpha_eligibility.csv,artifacts_part2_g532/predictions/g532_final_consensus_tape.csv
2020-03-03,,,0,0,0.0,0,0.092253,0,FLAT,0.0,0.0,0.0,0.0,,0.042806,0.0,0.1851567786474851,0.6852278221704897,0,stale_tape,1,1,0.262858,0.298475,0.608958,0.655456,0.255628,part2a21_alpha_positions.csv,part2a21_alpha_eligibility.csv,artifacts_part2_g532/predictions/g532_final_consensus_tape.csv
2020-03-04,,,0,0,0.0,0,0.085303,0,FLAT,0.0,0.0,0.0,0.0,,-0.04292,0.0,0.1996907516629219,0.5804821214231944,0,stale_tape,1,1,0.242725,0.265522,0.597161,0.678409,0.26458,part2a21_alpha_positions.csv,part2a21_alpha_eligibility.csv,artifacts_part2_g532/predictions/g532_final_consensus_tape.csv
2020-03-05,,,0,0,0.0,0,0.08298,0,FLAT,0.0,0.0,0.0,0.0,,-0.027015,0.0,0.1776740511504599,0.7341961348820657,0,stale_tape,1,1,0.244073,0.26575,0.597244,0.677706,0.264305,part2a21_alpha_positions.csv,part2a21_alpha_eligibility.csv,artifacts_part2_g532/predictions/g532_final_consensus_tape.csv
2020-03-06,,,0,0,0.0,0,0.08289,0,FLAT,0.0,0.0,0.0,0.0,,-0.089232,0.0,0.1946062881838789,0.6302146838248456,0,stale_tape,1,1,0.247495,0.258032,0.594453,0.679426,0.264976,part2a21_alpha_positions.csv,part2a21_alpha_eligibility.csv,artifacts_part2_g532/predictions/g532_final_consensus_tape.csv
2020-03-09,,,0,0,0.0,0,0.071248,0,FLAT,0.0,0.0,0.0,0.0,,0.068575,0.0,0.1742934668240024,0.7871572252286326,0,stale_tape,1,1,0.258831,0.294776,0.607643,0.658826,0.256942,part2a21_alpha_positions.csv,part2a21_alpha_eligibility.csv,artifacts_part2_g532/predictions/g532_final_consensus_tape.csv
2020-03-10,,,0,0,0.0,0,0.063684,0,FLAT,0.0,0.0,0.0,0.0,,-0.040823,0.0,0.1838188582172507,0.6799037781022773,0,stale_tape,1,1,0.242697,0.268042,0.59807,0.677357,0.264169,part2a21_alpha_positions.csv,part2a21_alpha_eligibility.csv,artifacts_part2_g532/predictions/g532_final_consensus_tape.csv
2020-03-11,,,0,0,0.0,1,0.028507,0,FLAT,0.0,0.0,0.0,0.0,,-0.102228,0.0,0.172781896780484,0.8243411568501454,0,stale_tape,1,1,0.254371,0.286149,0.604567,0.664467,0.119604,part2a21_alpha_positions.csv,part2a21_alpha_eligibility.csv,artifacts_part2_g532/predictions/g532_final_consensus_tape.csv
2020-03-12,,,0,0,0.0,1,0.025389,0,FLAT,0.0,0.0,0.0,0.0,,0.09586,0.0,0.1713180205276672,0.828587758180828,0,stale_tape,1,1,0.257504,0.320919,0.616888,0.648424,0.116716,part2a21_alpha_positions.csv,part2a21_alpha_eligibility.csv,artifacts_part2_g532/predictions/g532_final_consensus_tape.csv
2020-03-13,,,0,0,0.0,1,0.023364,0,FLAT,0.0,0.0,0.0,0.0,,-0.150944,0.0,0.1966845963306085,0.6460458679451078,0,stale_tape,1,1,0.234995,0.254076,0.593019,0.686722,0.12361,part2a21_alpha_positions.csv,part2a21_alpha_eligibility.csv,artifacts_part2_g532/predictions/g532_final_consensus_tape.csv
2020-03-16,,,0,0,0.0,1,0.019599,0,FLAT,0.0,0.0,0.0,0.0,,0.088809,0.0,0.1788527577840546,0.8184524560151595,0,stale_tape,1,1,0.267061,0.31345,0.614258,0.647264,0.116507,part2a21_alpha_positions.csv,part2a21_alpha_eligibility.csv,artifacts_part2_g532/predictions/g532_final_consensus_tape.csv
2020-03-17,,,0,0,0.0,1,0.018524,0,FLAT,0.0,0.0,0.0,0.0,,-0.042236,0.0,0.1822153410721225,0.7787084492556356,0,stale_tape,1,1,0.24957,0.290155,0.605997,0.66494,0.119689,part2a21_alpha_positions.csv,part2a21_alpha_eligibility.csv,artifacts_part2_g532/predictions/g532_final_consensus_tape.csv
2020-03-18,,,0,0,0.0,1,0.018901,0,FLAT,0.0,0.0,0.0,0.0,,-0.002414,0.0,0.1698150483617716,0.8587311122099232,0,stale_tape,1,1,0.255908,0.286924,0.604844,0.663449,0.119421,part2a21_alpha_positions.csv,part2a21_alpha_eligibility.csv,artifacts_part2_g532/predictions/g532_final_consensus_tape.csv
2020-03-19,,,0,0,0.0,1,0.019299,0,FLAT,0.0,0.0,0.0,0.0,,-0.069705,0.0,0.1703508964094428,0.8494360447897761,0,stale_tape,1,1,0.242201,0.268812,0.598347,0.677256,0.121906,part2a21_alpha_positions.csv,part2a21_alpha_eligibility.csv,artifacts_part2_g532/predictions/g532_final_consensus_tape.csv
2020-03-20,,,0,0,0.0,1,0.019888,0,FLAT,0.0,0.0,0.0,0.0,,-0.042948,0.0,0.1693337884410618,0.8636857212298025,0,stale_tape,1,0,0.235516,0.206359,0.567956,0.708201,0.127476,part2a21_alpha_positions.csv,part2a21_alpha_eligibility.csv,artifacts_part2_g532/predictions/g532_final_consensus_tape.csv
2020-03-23,,,0,0,0.0,1,0.018962,0,FLAT,0.0,0.0,0.0,0.0,,0.097912,0.0,0.173145353819536,0.8468602416169165,0,stale_tape,1,1,0.252982,0.304919,0.611243,0.657188,0.118294,part2a21_alpha_positions.csv,part2a21_alpha_eligibility.csv,artifacts_part2_g532/predictions/g532_final_consensus_tape.csv
2020-03-24,,,0,0,0.0,1,0.018407,0,FLAT,0.0,0.0,0.0,0.0,,0.012161,0.0,0.1826795981496575,0.7962040060831811,0,stale_tape,1,1,0.249282,0.294094,0.6074,0.66341,0.119414,part2a21_alpha_positions.csv,part2a21_alpha_eligibility.csv,artifacts_part2_g532/predictions/g532_final_consensus_tape.csv
2020-03-25,,,0,0,0.0,1,0.017511,0,FLAT,0.0,0.0,0.0,0.0,,0.055947,0.0,0.2115759722411282,0.8264026770354261,0,stale_tape,1,1,0.207634,0.416009,0.649603,0.631041,0.113587,part2a21_alpha_positions.csv,part2a21_alpha_eligibility.csv,artifacts_part2_g532/predictions/g532_final_consensus_tape.csv
2020-03-26,,,0,0,0.0,1,0.016955,0,FLAT,0.0,0.0,0.0,0.0,,-0.038586,0.0,0.2155382910324637,0.7690740366052982,0,stale_tape,1,1,0.287823,0.43925,0.65,0.586742,0.105614,part2a21_alpha_positions.csv,part2a21_alpha_eligibility.csv,artifacts_part2_g532/predictions/g532_final_consensus_tape.csv
2020-03-27,,,0,0,0.0,1,0.020221,0,FLAT,0.0,0.0,0.0,0.0,,0.029514,0.0,0.2119549649474479,0.8240997998675335,0,stale_tape,1,1,0.201577,0.357988,0.629806,0.658033,0.118446,part2a21_alpha_positions.csv,part2a21_alpha_eligibility.csv,artifacts_part2_g532/predictions/g532_final_consensus_tape.csv
2020-03-30,,,0,0,0.0,1,0.024503,0,FLAT,0.0,0.0,0.0,0.0,,-0.016775,0.0,0.2163676529666151,0.7278642550107084,0,stale_tape,1,1,0.209528,0.387831,0.640051,0.641961,0.115553,part2a21_alpha_positions.csv,part2a21_alpha_eligibility.csv,artifacts_part2_g532/predictions/g532_final_consensus_tape.csv
2020-03-31,,,0,0,0.0,1,0.027513,0,FLAT,0.0,0.0,0.0,0.0,,-0.050165,0.0,0.2138114907972242,0.7467824823348255,0,stale_tape,1,1,0.199859,0.370123,0.633988,0.653723,0.11767,part2a21_alpha_positions.csv,part2a21_alpha_eligibility.csv,artifacts_part2_g532/predictions/g532_final_consensus_tape.csv
2020-04-01,,,0,0,0.0,1,0.026858,0,FLAT,0.0,0.0,0.0,0.0,,0.022958,0.0,0.2130767714212326,0.7770750727846073,0,stale_tape,1,1,0.201121,0.388998,0.640449,0.645256,0.116146,part2a21_alpha_positions.csv,part2a21_alpha_eligibility.csv,artifacts_part2_g532/predictions/g532_final_consensus_tape.csv
2020-04-02,,,0,0,0.0,1,0.024456,0,FLAT,0.0,0.0,0.0,0.0,,-0.015626,0.0,0.2183568668607699,0.6432589638246856,0,stale_tape,1,1,0.283219,0.427673,0.65,0.592866,0.106716,part2a21_alpha_positions.csv,part2a21_alpha_eligibility.csv,artifacts_part2_g532/predictions/g532_final_consensus_tape.csv
2020-04-03,,,0,0,0.0,1,0.027094,0,FLAT,0.0,0.0,0.0,0.0,,0.070327,0.0,0.2138175326425601,0.7367553149545074,0,stale_tape,1,1,0.272863,0.408252,0.646985,0.604926,0.108887,part2a21_alpha_positions.csv,part2a21_alpha_eligibility.csv,artifacts_part2_g532/predictions/g532_final_consensus_tape.csv
2020-04-06,,,0,0,0.0,1,0.026219,0,FLAT,0.0,0.0,0.0,0.0,,0.004992,0.0,0.2165074360420199,0.6337749432557,0,stale_tape,1,1,0.291274,0.420722,0.65,0.591674,0.106501,part2a21_alpha_positions.csv,part2a21_alpha_eligibility.csv,artifacts_part2_g532/predictions/g532_final_consensus_tape.csv
2020-04-07,,,0,0,0.0,1,0.030056,0,FLAT,0.0,0.0,0.0,0.0,,0.034619,0.0,0.2140861676048533,0.7183539322537094,0,stale_tape,1,1,0.278994,0.471511,0.65,0.579424,0.104296,part2a21_alpha_positions.csv,part2a21_alpha_eligibility.csv,artifacts_part2_g532/predictions/g532_final_consensus_tape.csv
2020-04-08,,,0,0,0.0,1,0.030488,0,FLAT,0.0,0.0,0.0,0.0,,0.012584,0.0,0.2155703314136133,0.6541840393461432,0,stale_tape,1,1,0.27141,0.428667,0.65,0.597832,0.10761,part2a21_alpha_positions.csv,part2a21_alpha_eligibility.csv,artifacts_part2_g532/predictions/g532_final_consensus_tape.csv
2020-04-09,,,0,0,0.0,1,0.034504,0,FLAT,0.0,0.0,0.0,0.0,,0.0,0.0,0.213545572916312,0.6493629635936227,0,stale_tape,1,1,0.259319,0.349697,0.626936,0.635525,0.114395,part2a21_alpha_positions.csv,part2a21_alpha_eligibility.csv,artifacts_part2_g532/predictions/g532_final_consensus_tape.csv
2020-04-10,,,0,0,0.0,1,0.039088,0,FLAT,0.0,0.0,0.0,0.0,,-0.007595,0.0,0.2099457860836199,0.7843455484753236,0,stale_tape,1,1,0.189946,0.330527,0.620257,0.674788,0.121462,part2a21_alpha_positions.csv,part2a21_alpha_eligibility.csv,artifacts_part2_g532/predictions/g532_final_consensus_tape.csv
2020-04-13,,,0,0,0.0,1,0.040759,0,FLAT,0.0,0.0,0.0,0.0,,0.028749,0.0,0.2122301662983979,0.6953599715789921,0,stale_tape,1,1,0.184842,0.282658,0.603319,0.697227,0.125501,part2a21_alpha_positions.csv,part2a21_alpha_eligibility.csv,artifacts_part2_g532/predictions/g532_final_consensus_tape.csv
2020-04-14,,,0,0,0.0,1,0.033876,0,FLAT,0.0,0.0,0.0,0.0,,-0.030906,0.0,0.2146343459799719,0.6347153283868691,0,stale_tape,1,1,0.288458,0.468839,0.65,0.5761,0.103698,part2a21_alpha_positions.csv,part2a21_alpha_eligibility.csv,artifacts_part2_g532/predictions/g532_final_consensus_tape.csv
2020-04-15,,,0,0,0.0,1,0.042432,0,FLAT,0.0,0.0,0.0,0.0,,0.003976,0.0,0.2153513571681937,0.6524641080615808,0,stale_tape,1,1,0.200824,0.335721,0.622072,0.667712,0.120188,part2a21_alpha_positions.csv,part2a21_alpha_eligibility.csv,artifacts_part2_g532/predictions/g532_final_consensus_tape.csv
2020-04-16,,,0,0,0.0,1,0.041938,0,FLAT,0.0,0.0,0.0,0.0,,0.02985,0.0,0.2176325727940131,0.5857743997651162,0,stale_tape,1,1,0.219148,0.340792,0.62384,0.657338,0.118321,part2a21_alpha_positions.csv,part2a21_alpha_eligibility.csv,artifacts_part2_g532/predictions/g532_final_consensus_tape.csv
2020-04-17,,,0,0,0.0,1,0.044888,0,FLAT,0.0,0.0,0.0,0.0,,-0.020809,0.0,0.2164876360844153,0.6108048346138603,0,stale_tape,1,1,0.198478,0.288537,0.60542,0.688613,0.12395,part2a21_alpha_positions.csv,part2a21_alpha_eligibility.csv,artifacts_part2_g532/predictions/g532_final_consensus_tape.csv
2020-04-20,,,0,0,0.0,1,0.049726,0,FLAT,0.0,0.0,0.0,0.0,,-0.033815,0.0,0.21535527243496,0.6506754129006609,0,stale_tape,1,1,0.205034,0.355307,0.628879,0.657601,0.118368,part2a21_alpha_positions.csv,part2a21_alpha_eligibility.csv,artifacts_part2_g532/predictions/g532_final_consensus_tape.csv
2020-04-21,,,0,0,0.0,1,0.044009,0,FLAT,0.0,0.0,0.0,0.0,,0.024867,0.0,0.2164043953396338,0.6376736462278179,0,stale_tape,1,1,0.212964,0.404282,0.645642,0.633539,0.114037,part2a21_alpha_positions.csv,part2a21_alpha_eligibility.csv,artifacts_part2_g532/predictions/g532_final_consensus_tape.csv
2020-04-22,,,0,0,0.0,1,0.048781,0,FLAT,0.0,0.0,0.0,0.0,,-0.00085,0.0,0.2225914373019492,0.4006028971026933,0,stale_tape,1,1,0.191989,0.314913,0.614774,0.680431,0.122478,part2a21_alpha_positions.csv,part2a21_alpha_eligibility.csv,artifacts_part2_g532/predictions/g532_final_consensus_tape.csv
2020-04-23,,,0,0,0.0,1,0.046592,0,FLAT,0.0,0.0,0.0,0.0,,0.014158,0.0,0.2213180712305913,0.3292561481993176,0,stale_tape,1,1,0.211072,0.381738,0.63797,0.643815,0.115887,part2a21_alpha_positions.csv,part2a21_alpha_eligibility.csv,artifacts_part2_g532/predictions/g532_final_consensus_tape.csv
2020-04-24,,,0,0,0.0,1,0.045005,0,FLAT,0.0,0.0,0.0,0.0,,0.019686,0.0,0.2219959428002926,0.3624893342708222,0,stale_tape,1,1,0.218517,0.408449,0.647052,0.6293,0.113274,part2a21_alpha_positions.csv,part2a21_alpha_eligibility.csv,artifacts_part2_g532/predictions/g532_final_consensus_tape.csv
2020-04-27,,,0,0,0.0,1,0.041678,0,FLAT,0.0,0.0,0.0,0.0,,-0.008987,0.0,0.2212539652304827,0.3242898482063217,0,stale_tape,1,1,0.287281,0.430592,0.65,0.590016,0.106203,part2a21_alpha_positions.csv,part2a21_alpha_eligibility.csv,artifacts_part2_g532/predictions/g532_final_consensus_tape.csv
2020-04-28,,,0,0,0.0,1,0.04424,0,FLAT,0.0,0.0,0.0,0.0,,0.025938,0.0,0.2197861799175234,0.2492910911005212,0,stale_tape,1,1,0.27892,0.405413,0.646025,0.603386,0.10861,part2a21_alpha_positions.csv,part2a21_alpha_eligibility.csv,artifacts_part2_g532/predictions/g532_final_consensus_tape.csv
2020-04-29,,,0,0,0.0,1,0.050257,0,FLAT,0.0,0.0,0.0,0.0,,-0.006379,0.0,0.2204583611882404,0.2823326975599288,0,stale_tape,1,1,0.195828,0.359457,0.630314,0.660005,0.118801,part2a21_alpha_positions.csv,part2a21_alpha_eligibility.csv,artifacts_part2_g532/predictions/g532_final_consensus_tape.csv
2020-04-30,,,0,0,0.0,1,0.052767,0,FLAT,0.0,0.0,0.0,0.0,,-0.029015,0.0,0.2205762330813919,0.2885950291080138,0,stale_tape,1,1,0.177376,0.286445,0.604673,0.698991,0.125818,part2a21_alpha_positions.csv,part2a21_alpha_eligibility.csv,artifacts_part2_g532/predictions/g532_final_consensus_tape.csv
2020-05-01,,,0,0,0.0,1,0.048752,0,FLAT,0.0,0.0,0.0,0.0,,0.002987,0.0,0.2205811640038119,0.2895517007383056,0,stale_tape,1,1,0.206527,0.369564,0.633796,0.650956,0.117172,part2a21_alpha_positions.csv,part2a21_alpha_eligibility.csv,artifacts_part2_g532/predictions/g532_final_consensus_tape.csv
2020-05-04,,,0,0,0.0,1,0.047199,0,FLAT,0.0,0.0,0.0,0.0,,0.009905,0.0,0.2218688364794393,0.3569590631180721,0,stale_tape,1,1,0.223677,0.447501,0.65,0.61272,0.11029,part2a21_alpha_positions.csv,part2a21_alpha_eligibility.csv,artifacts_part2_g532/predictions/g532_final_consensus_tape.csv
2020-05-05,,,0,0,0.0,1,0.048155,0,FLAT,0.0,0.0,0.0,0.0,,-0.003045,0.0,0.2238489972485516,0.4756184814229582,0,stale_tape,1,1,0.315797,0.478312,0.65,0.560482,0.100887,part2a21_alpha_positions.csv,part2a21_alpha_eligibility.csv,artifacts_part2_g532/predictions/g532_final_consensus_tape.csv
2020-05-06,,,0,0,0.0,1,0.05177,0,FLAT,0.0,0.0,0.0,0.0,,0.00567,0.0,0.2244188781312325,0.5099222562632909,0,stale_tape,1,1,0.307193,0.438204,0.65,0.578392,0.104111,part2a21_alpha_positions.csv,part2a21_alpha_eligibility.csv,artifacts_part2_g532/predictions/g532_final_consensus_tape.csv
2020-05-07,,,0,0,0.0,1,0.051013,0,FLAT,0.0,0.0,0.0,0.0,,0.019867,0.0,0.2230538071562962,0.4234139955599836,0,stale_tape,1,1,0.321417,0.444925,0.65,0.569639,0.102535,part2a21_alpha_positions.csv,part2a21_alpha_eligibility.csv,artifacts_part2_g532/predictions/g532_final_consensus_tape.csv
2020-05-08,,,0,0,0.0,1,0.056902,0,FLAT,0.0,0.0,0.0,0.0,,0.00295,0.0,0.222074445654234,0.3699461333604947,0,stale_tape,1,1,0.255561,0.328426,0.619522,0.646144,0.116306,part2a21_alpha_positions.csv,part2a21_alpha_eligibility.csv,artifacts_part2_g532/predictions/g532_final_consensus_tape.csv
2020-05-11,,,0,0,0.0,1,0.066035,0,FLAT,0.0,0.0,0.0,0.0,,-0.023625,0.0,0.2220285524526405,0.3656468003400058,0,stale_tape,1,0,0.173995,0.224287,0.582129,0.726776,0.13082,part2a21_alpha_positions.csv,part2a21_alpha_eligibility.csv,artifacts_part2_g532/predictions/g532_final_consensus_tape.csv
2020-05-12,,,0,0,0.0,1,0.054817,0,FLAT,0.0,0.0,0.0,0.0,,-0.019942,0.0,0.2239380626474694,0.481291348994193,0,stale_tape,1,1,0.267842,0.336679,0.622407,0.637152,0.114687,part2a21_alpha_positions.csv,part2a21_alpha_eligibility.csv,artifacts_part2_g532/predictions/g532_final_consensus_tape.csv
2020-05-13,,,0,0,0.0,1,0.050818,0,FLAT,0.0,0.0,0.0,0.0,,0.010428,0.0,0.2238675305114991,0.4718940169263463,0,stale_tape,1,1,0.314352,0.469526,0.65,0.564208,0.101557,part2a21_alpha_positions.csv,part2a21_alpha_eligibility.csv,artifacts_part2_g532/predictions/g532_final_consensus_tape.csv
2020-05-14,,,0,0,0.0,1,0.054054,0,FLAT,0.0,0.0,0.0,0.0,,0.005152,0.0,0.2235963864266232,0.4585045933188438,0,stale_tape,1,1,0.282279,0.381704,0.637959,0.611786,0.110122,part2a21_alpha_positions.csv,part2a21_alpha_eligibility.csv,artifacts_part2_g532/predictions/g532_final_consensus_tape.csv
2020-05-15,,,0,0,0.0,1,0.057437,0,FLAT,0.0,0.0,0.0,0.0,,0.036277,0.0,0.2241191571724818,0.4871848422633307,0,stale_tape,1,1,0.300198,0.409826,0.647517,0.591968,0.106554,part2a21_alpha_positions.csv,part2a21_alpha_eligibility.csv,artifacts_part2_g532/predictions/g532_final_consensus_tape.csv
2020-05-18,,,0,0,0.0,1,0.058458,0,FLAT,0.0,0.0,0.0,0.0,,-0.01229,0.0,0.2221964347225309,0.3765014031810511,0,stale_tape,1,1,0.190493,0.303562,0.610762,0.685879,0.123458,part2a21_alpha_positions.csv,part2a21_alpha_eligibility.csv,artifacts_part2_g532/predictions/g532_final_consensus_tape.csv
2020-05-19,,,0,0,0.0,1,0.060342,0,FLAT,0.0,0.0,0.0,0.0,,0.015933,0.0,0.221163859286043,0.3196894932039619,0,stale_tape,1,0,0.168799,0.243263,0.589085,0.721082,0.129795,part2a21_alpha_positions.csv,part2a21_alpha_eligibility.csv,artifacts_part2_g532/predictions/g532_final_consensus_tape.csv
2020-05-20,,,0,0,0.0,1,0.058344,0,FLAT,0.0,0.0,0.0,0.0,,-0.007866,0.0,0.198162843496102,0.3698666503545851,0,stale_tape,1,1,0.191073,0.257252,0.594171,0.705145,0.126926,part2a21_alpha_positions.csv,part2a21_alpha_eligibility.csv,artifacts_part2_g532/predictions/g532_final_consensus_tape.csv
2020-05-21,,,0,0,0.0,1,0.055348,0,FLAT,0.0,0.0,0.0,0.0,,0.00036,0.0,0.1999024807968531,0.3648267473317005,0,stale_tape,1,1,0.238306,0.276059,0.600954,0.675951,0.121671,part2a21_alpha_positions.csv,part2a21_alpha_eligibility.csv,artifacts_part2_g532/predictions/g532_final_consensus_tape.csv
2020-05-22,,,0,0,0.0,0,0.147309,0,FLAT,0.0,0.0,0.0,0.0,,0.0,0.0,0.1988426729697886,0.3649389970375683,0,stale_tape,1,0,0.229548,0.23081,0.584528,0.699014,0.314556,part2a21_alpha_positions.csv,part2a21_alpha_eligibility.csv,artifacts_part2_g532/predictions/g532_final_consensus_tape.csv
2020-05-25,,,0,0,0.0,0,0.142058,0,FLAT,0.0,0.0,0.0,0.0,,0.015399,0.0,0.2042733565413472,0.4327052772096412,0,stale_tape,1,1,0.248324,0.270532,0.598967,0.673775,0.303199,part2a21_alpha_positions.csv,part2a21_alpha_eligibility.csv,artifacts_part2_g532/predictions/g532_final_consensus_tape.csv
2020-05-26,,,0,0,0.0,0,0.158499,0,FLAT,0.0,0.0,0.0,0.0,,0.013652,0.0,0.201407043528899,0.3859397365686921,0,stale_tape,1,0,0.22,0.207009,0.569178,0.714711,0.32162,part2a21_alpha_positions.csv,part2a21_alpha_eligibility.csv,artifacts_part2_g532/predictions/g532_final_consensus_tape.csv
2020-05-27,,,0,0,0.0,0,0.177371,0,FLAT,0.0,0.0,0.0,0.0,,-0.001068,0.0,0.2086879829278376,0.4523034871029844,0,stale_tape,1,0,0.15588,0.207826,0.570713,0.742972,0.334337,part2a21_alpha_positions.csv,part2a21_alpha_eligibility.csv,artifacts_part2_g532/predictions/g532_final_consensus_tape.csv
2020-05-28,,,0,0,0.0,0,0.171461,0,FLAT,0.0,0.0,0.0,0.0,,0.001275,0.0,0.204272986437018,0.4069513152003279,0,stale_tape,1,0,0.199744,0.207312,0.569746,0.723607,0.325623,part2a21_alpha_positions.csv,part2a21_alpha_eligibility.csv,artifacts_part2_g532/predictions/g532_final_consensus_tape.csv
2020-05-29,,,0,0,0.0,0,0.170204,0,FLAT,0.0,0.0,0.0,0.0,,0.004746,0.0,0.2020072698339343,0.384372011018679,0,stale_tape,1,0,0.210901,0.204548,0.56455,0.720593,0.324267,part2a21_alpha_positions.csv,part2a21_alpha_eligibility.csv,artifacts_part2_g532/predictions/g532_final_consensus_tape.csv
2020-06-01,,,0,0,0.0,0,0.198942,0,FLAT,0.0,0.0,0.0,0.0,,0.009831,0.0,0.2060632024324218,0.4695726892766381,0,stale_tape,1,0,0.227481,0.207701,0.570477,0.710843,0.319879,part2a21_alpha_positions.csv,part2a21_alpha_eligibility.csv,artifacts_part2_g532/predictions/g532_final_consensus_tape.csv
2020-06-02,,,0,0,0.0,0,0.208786,0,FLAT,0.0,0.0,0.0,0.0,,0.019056,0.0,0.2035769220026571,0.4090665115030492,0,stale_tape,1,1,0.243884,0.209526,0.573909,0.702136,0.315961,part2a21_alpha_positions.csv,part2a21_alpha_eligibility.csv,artifacts_part2_g532/predictions/g532_final_consensus_tape.csv
2020-06-03,,,0,0,0.0,1,0.082175,0,FLAT,0.0,0.0,0.0,0.0,,0.001433,0.0,0.2075578880440065,0.433382053348018,0,stale_tape,1,0,0.230797,0.214192,0.578401,0.705494,0.126989,part2a21_alpha_positions.csv,part2a21_alpha_eligibility.csv,artifacts_part2_g532/predictions/g532_final_consensus_tape.csv
2020-06-04,,,0,0,0.0,1,0.08845,0,FLAT,0.0,0.0,0.0,0.0,,0.030244,0.0,0.203591626329312,0.387841772657883,0,stale_tape,1,0,0.208786,0.203682,0.562922,0.722173,0.129991,part2a21_alpha_positions.csv,part2a21_alpha_eligibility.csv,artifacts_part2_g532/predictions/g532_final_consensus_tape.csv
2020-06-05,,,0,0,0.0,1,0.077754,0,FLAT,0.0,0.0,0.0,0.0,,0.010967,0.0,0.2052937241647482,0.4106104147917699,0,stale_tape,1,1,0.188238,0.246553,0.590284,0.710942,0.12797,part2a21_alpha_positions.csv,part2a21_alpha_eligibility.csv,artifacts_part2_g532/predictions/g532_final_consensus_tape.csv
2020-06-08,,,0,0,0.0,1,0.083414,0,FLAT,0.0,0.0,0.0,0.0,,-0.010705,0.0,0.2075083231643434,0.4238917390178604,0,stale_tape,1,0,0.157538,0.202208,0.560151,0.746305,0.134335,part2a21_alpha_positions.csv,part2a21_alpha_eligibility.csv,artifacts_part2_g532/predictions/g532_final_consensus_tape.csv
2020-06-09,,,0,0,0.0,1,0.074211,0,FLAT,0.0,0.0,0.0,0.0,,-0.013707,0.0,0.2151689742002568,0.5394895415318813,0,stale_tape,1,0,0.224418,0.205824,0.56695,0.713584,0.128445,part2a21_alpha_positions.csv,part2a21_alpha_eligibility.csv,artifacts_part2_g532/predictions/g532_final_consensus_tape.csv
2020-06-10,,,0,0,0.0,1,0.073173,0,FLAT,0.0,0.0,0.0,0.0,,-0.062904,0.0,0.2163187547521056,0.5405867705165065,0,stale_tape,1,0,0.166417,0.197607,0.551501,0.74565,0.134217,part2a21_alpha_positions.csv,part2a21_alpha_eligibility.csv,artifacts_part2_g532/predictions/g532_final_consensus_tape.csv
2020-06-11,,,0,0,0.0,1,0.037034,0,FLAT,0.0,0.0,0.0,0.0,,0.014201,0.0,0.2067249186902175,0.4127445097842097,0,stale_tape,1,1,0.321774,0.538965,0.65,0.536564,0.096582,part2a21_alpha_positions.csv,part2a21_alpha_eligibility.csv,artifacts_part2_g532/predictions/g532_final_consensus_tape.csv
2020-06-12,,,0,0,0.0,1,0.043217,0,FLAT,0.0,0.0,0.0,0.0,,0.009901,0.0,0.198491827480188,0.336999780303727,0,stale_tape,1,1,0.274581,0.339221,0.623293,0.633053,0.113949,part2a21_alpha_positions.csv,part2a21_alpha_eligibility.csv,artifacts_part2_g532/predictions/g532_final_consensus_tape.csv
2020-06-15,,,0,0,0.0,1,0.04382,0,FLAT,0.0,0.0,0.0,0.0,,0.021435,0.0,0.2101773318359897,0.4496617744577909,0,stale_tape,1,1,0.216194,0.375296,0.635765,0.644206,0.115957,part2a21_alpha_positions.csv,part2a21_alpha_eligibility.csv,artifacts_part2_g532/predictions/g532_final_consensus_tape.csv
2020-06-16,,,0,0,0.0,1,0.04858,0,FLAT,0.0,0.0,0.0,0.0,,-0.006167,0.0,0.2150609556035702,0.5344183446732795,0,stale_tape,1,0,0.178041,0.221487,0.581097,0.726142,0.130706,part2a21_alpha_positions.csv,part2a21_alpha_eligibility.csv,artifacts_part2_g532/predictions/g532_final_consensus_tape.csv
2020-06-17,,,0,0,0.0,1,0.042996,0,FLAT,0.0,0.0,0.0,0.0,,-0.001317,0.0,0.1659801536041583,0.4046338085954295,0,stale_tape,1,1,0.261019,0.352847,0.628028,0.633439,0.114019,part2a21_alpha_positions.csv,part2a21_alpha_eligibility.csv,artifacts_part2_g532/predictions/g532_final_consensus_tape.csv
2020-06-18,,,0,0,0.0,1,0.041131,0,FLAT,0.0,0.0,0.0,0.0,,-0.006242,0.0,0.1644185673881028,0.3771411657956338,0,stale_tape,1,1,0.273823,0.405016,0.64589,0.605846,0.109052,part2a21_alpha_positions.csv,part2a21_alpha_eligibility.csv,artifacts_part2_g532/predictions/g532_final_consensus_tape.csv
2020-06-19,,,0,0,0.0,1,0.045987,0,FLAT,0.0,0.0,0.0,0.0,,0.007516,0.0,0.1776835353594921,0.366859163887055,0,stale_tape,1,1,0.265437,0.33582,0.622107,0.638595,0.114947,part2a21_alpha_positions.csv,part2a21_alpha_eligibility.csv,artifacts_part2_g532/predictions/g532_final_consensus_tape.csv
2020-06-22,,,0,0,0.0,1,0.048578,0,FLAT,0.0,0.0,0.0,0.0,,0.004851,0.0,0.1832903588325589,0.3891607654963164,0,stale_tape,1,1,0.201882,0.327498,0.619196,0.670689,0.120724,part2a21_alpha_positions.csv,part2a21_alpha_eligibility.csv,artifacts_part2_g532/predictions/g532_final_consensus_tape.csv
2020-06-23,,,0,0,0.0,1,0.045298,0,FLAT,0.0,0.0,0.0,0.0,,-0.027802,0.0,0.1975097805569705,0.4131202999097525,0,stale_tape,1,1,0.274941,0.353988,0.628422,0.626697,0.112805,part2a21_alpha_positions.csv,part2a21_alpha_eligibility.csv,artifacts_part2_g532/predictions/g532_final_consensus_tape.csv
2020-06-24,,,0,0,0.0,1,0.041312,0,FLAT,0.0,0.0,0.0,0.0,,0.010357,0.0,0.1742230516514728,0.381458883560234,0,stale_tape,1,1,0.23852,0.500417,0.65,0.58752,0.105754,part2a21_alpha_positions.csv,part2a21_alpha_eligibility.csv,artifacts_part2_g532/predictions/g532_final_consensus_tape.csv
2020-06-25,,,0,0,0.0,0,0.139876,0,FLAT,0.0,0.0,0.0,0.0,,-0.026423,0.0,0.2280019101249388,0.3933499389757647,0,stale_tape,1,1,0.304676,0.424782,0.65,0.584222,0.2629,part2a21_alpha_positions.csv,part2a21_alpha_eligibility.csv,artifacts_part2_g532/predictions/g532_final_consensus_tape.csv
2020-06-26,,,0,0,0.0,0,0.135677,0,FLAT,0.0,0.0,0.0,0.0,,0.013504,0.0,0.2058084713518864,0.4119469277345478,0,stale_tape,1,1,0.238698,0.447634,0.65,0.605914,0.272661,part2a21_alpha_positions.csv,part2a21_alpha_eligibility.csv,artifacts_part2_g532/predictions/g532_final_consensus_tape.csv
2020-06-29,,,0,0,0.0,0,0.147118,0,FLAT,0.0,0.0,0.0,0.0,,0.015051,0.0,0.201662693859814,0.4000655974555096,0,stale_tape,1,1,0.240327,0.303006,0.610566,0.663688,0.298659,part2a21_alpha_positions.csv,part2a21_alpha_eligibility.csv,artifacts_part2_g532/predictions/g532_final_consensus_tape.csv
2020-06-30,,,0,0,0.0,0,0.151819,0,FLAT,0.0,0.0,0.0,0.0,,0.008383,0.0,0.2123771940127091,0.3869617087149549,0,stale_tape,1,1,0.24198,0.295667,0.60796,0.666034,0.299715,part2a21_alpha_positions.csv,part2a21_alpha_eligibility.csv,artifacts_part2_g532/predictions/g532_final_consensus_tape.csv
2020-07-01,,,0,0,0.0,0,0.14138,0,FLAT,0.0,0.0,0.0,0.0,,0.0038,0.0,0.2138181961544226,0.4414909861755355,0,stale_tape,1,1,0.263393,0.371607,0.634498,0.624511,0.28103,part2a21_alpha_positions.csv,part2a21_alpha_eligibility.csv,artifacts_part2_g532/predictions/g532_final_consensus_tape.csv
2020-07-02,,,0,0,0.0,0,0.145282,0,FLAT,0.0,0.0,0.0,0.0,,0.0,0.0,0.2231618582699953,0.4428922853305008,0,stale_tape,1,1,0.257256,0.334944,0.621801,0.642644,0.28919,part2a21_alpha_positions.csv,part2a21_alpha_eligibility.csv,artifacts_part2_g532/predictions/g532_final_consensus_tape.csv
2020-07-03,,,0,0,0.0,0,0.145451,0,FLAT,0.0,0.0,0.0,0.0,,0.016876,0.0,0.210799226549468,0.4409430662716925,0,stale_tape,1,1,0.25297,0.345918,0.625624,0.639967,0.287985,part2a21_alpha_positions.csv,part2a21_alpha_eligibility.csv,artifacts_part2_g532/predictions/g532_final_consensus_tape.csv
2020-07-06,,,0,0,0.0,0,0.151249,0,FLAT,0.0,0.0,0.0,0.0,,-0.013627,0.0,0.2167491511339879,0.417654837038752,0,stale_tape,1,1,0.236847,0.266444,0.597494,0.680665,0.306299,part2a21_alpha_positions.csv,part2a21_alpha_eligibility.csv,artifacts_part2_g532/predictions/g532_final_consensus_tape.csv
2020-07-07,,,0,0,0.0,0,0.139806,0,FLAT,0.0,0.0,0.0,0.0,,0.008956,0.0,0.1857888960482757,0.3991294354404409,0,stale_tape,1,1,0.216702,0.379404,0.637172,0.642258,0.289016,part2a21_alpha_positions.csv,part2a21_alpha_eligibility.csv,artifacts_part2_g532/predictions/g532_final_consensus_tape.csv
2020-07-08,,,0,0,0.0,0,0.153986,0,FLAT,0.0,0.0,0.0,0.0,,-0.008308,0.0,0.2351109056563767,0.4127064811688345,0,stale_tape,1,1,0.265398,0.327686,0.619262,0.642028,0.288913,part2a21_alpha_positions.csv,part2a21_alpha_eligibility.csv,artifacts_part2_g532/predictions/g532_final_consensus_tape.csv
2020-07-09,,,0,0,0.0,0,0.1554,0,FLAT,0.0,0.0,0.0,0.0,,0.011955,0.0,0.170857544216862,0.3248744663914407,0,stale_tape,1,1,0.207109,0.362699,0.631433,0.653569,0.294106,part2a21_alpha_positions.csv,part2a21_alpha_eligibility.csv,artifacts_part2_g532/predictions/g532_final_consensus_tape.csv
2020-07-10,,,0,0,0.0,0,0.182286,0,FLAT,0.0,0.0,0.0,0.0,,-0.010154,0.0,0.1903170520008388,0.3334954729458506,0,stale_tape,1,1,0.206104,0.330832,0.620364,0.667389,0.300325,part2a21_alpha_positions.csv,part2a21_alpha_eligibility.csv,artifacts_part2_g532/predictions/g532_final_consensus_tape.csv
2020-07-13,,,0,0,0.0,0,0.186672,0,FLAT,0.0,0.0,0.0,0.0,,0.013377,0.0,0.193915130532977,0.3723406785214705,0,stale_tape,1,0,0.220422,0.233835,0.585637,0.701841,0.315828,part2a21_alpha_positions.csv,part2a21_alpha_eligibility.csv,artifacts_part2_g532/predictions/g532_final_consensus_tape.csv
2020-07-14,,,0,0,0.0,0,0.189448,0,FLAT,0.0,0.0,0.0,0.0,,0.009162,0.0,0.1917158852667586,0.3232398946682872,0,stale_tape,1,0,0.21864,0.223049,0.581673,0.70721,0.318245,part2a21_alpha_positions.csv,part2a21_alpha_eligibility.csv,artifacts_part2_g532/predictions/g532_final_consensus_tape.csv
2020-07-15,,,0,0,0.0,0,0.192213,0,FLAT,0.0,0.0,0.0,0.0,,-0.003651,0.0,0.1595849659236606,0.2300854663094601,0,stale_tape,1,0,0.206049,0.21008,0.57495,0.71876,0.323442,part2a21_alpha_positions.csv,part2a21_alpha_eligibility.csv,artifacts_part2_g532/predictions/g532_final_consensus_tape.csv
2020-07-16,,,0,0,0.0,0,0.182884,0,FLAT,0.0,0.0,0.0,0.0,,0.002889,0.0,0.1683044988579428,0.2648014324063619,0,stale_tape,1,0,0.227037,0.25645,0.59388,0.6893,0.310185,part2a21_alpha_positions.csv,part2a21_alpha_eligibility.csv,artifacts_part2_g532/predictions/g532_final_consensus_tape.csv
2020-07-17,,,0,0,0.0,0,0.189894,0,FLAT,0.0,0.0,0.0,0.0,,0.007633,0.0,0.1446680426719232,0.1774343675624049,0,stale_tape,1,0,0.215329,0.209769,0.574366,0.71481,0.321664,part2a21_alpha_positions.csv,part2a21_alpha_eligibility.csv,artifacts_part2_g532/predictions/g532_final_consensus_tape.csv
2020-07-20,,,0,0,0.0,0,0.197475,0,FLAT,0.0,0.0,0.0,0.0,,0.001015,0.0,0.1475005264330753,0.1802397100093805,0,stale_tape,1,0,0.214244,0.208783,0.572512,0.716014,0.322206,part2a21_alpha_positions.csv,part2a21_alpha_eligibility.csv,artifacts_part2_g532/predictions/g532_final_consensus_tape.csv
2020-07-21,,,0,0,0.0,0,0.210809,0,FLAT,0.0,0.0,0.0,0.0,,0.005349,0.0,0.1398248136530361,0.1604263570830355,0,stale_tape,1,0,0.211089,0.208621,0.572207,0.717551,0.322898,part2a21_alpha_positions.csv,part2a21_alpha_eligibility.csv,artifacts_part2_g532/predictions/g532_final_consensus_tape.csv
2020-07-22,,,0,0,0.0,0,0.215278,0,FLAT,0.0,0.0,0.0,0.0,,-0.013007,0.0,0.1382682988951611,0.155795911943191,0,stale_tape,1,0,0.205682,0.199218,0.554529,0.726811,0.327065,part2a21_alpha_positions.csv,part2a21_alpha_eligibility.csv,artifacts_part2_g532/predictions/g532_final_consensus_tape.csv
2020-07-23,,,0,0,0.0,0,0.207502,0,FLAT,0.0,0.0,0.0,0.0,,-0.006001,0.0,0.1532148546958524,0.1877916730205636,0,stale_tape,1,0,0.200071,0.206111,0.567489,0.724332,0.325949,part2a21_alpha_positions.csv,part2a21_alpha_eligibility.csv,artifacts_part2_g532/predictions/g532_final_consensus_tape.csv
2020-07-24,,,0,0,0.0,0,0.206751,0,FLAT,0.0,0.0,0.0,0.0,,0.008821,0.0,0.1673962384920715,0.2169416312409711,0,stale_tape,1,0,0.212277,0.21765,0.57968,0.712362,0.320563,part2a21_alpha_positions.csv,part2a21_alpha_eligibility.csv,artifacts_part2_g532/predictions/g532_final_consensus_tape.csv
2020-07-27,,,0,0,0.0,0,0.364028,0,FLAT,0.0,0.0,0.0,0.0,,-0.008587,0.0,0.1500990204484035,0.1741865106388807,0,stale_tape,1,0,0.196365,0.193839,0.544418,0.734909,0.551181,part2a21_alpha_positions.csv,part2a21_alpha_eligibility.csv,artifacts_part2_g532/predictions/g532_final_consensus_tape.csv
2020-07-28,,,0,0,0.0,0,0.217802,0,FLAT,0.0,0.0,0.0,0.0,,0.010718,0.0,0.1486953244620527,0.1815204731366335,0,stale_tape,1,0,0.200936,0.205994,0.567269,0.724027,0.325812,part2a21_alpha_positions.csv,part2a21_alpha_eligibility.csv,artifacts_part2_g532/predictions/g532_final_consensus_tape.csv
2020-07-29,,,0,0,0.0,0,0.214746,0,FLAT,0.0,0.0,0.0,0.0,,-0.005042,0.0,0.1581964353288134,0.184082227017178,0,stale_tape,1,0,0.208119,0.206873,0.568922,0.720157,0.32407,part2a21_alpha_positions.csv,part2a21_alpha_eligibility.csv,artifacts_part2_g532/predictions/g532_final_consensus_tape.csv
2020-07-30,,,0,0,0.0,0,0.365058,0,FLAT,0.0,0.0,0.0,0.0,,0.008089,0.0,0.1573873231951272,0.2049017045152578,0,stale_tape,1,0,0.19301,0.192514,0.541926,0.73738,0.553035,part2a21_alpha_positions.csv,part2a21_alpha_eligibility.csv,artifacts_part2_g532/predictions/g532_final_consensus_tape.csv
2020-07-31,,,0,0,0.0,0,0.36005,0,FLAT,0.0,0.0,0.0,0.0,,0.006767,0.0,0.164590893209015,0.2180036465500411,0,stale_tape,1,0,0.193559,0.191893,0.540759,0.737584,0.553188,part2a21_alpha_positions.csv,part2a21_alpha_eligibility.csv,artifacts_part2_g532/predictions/g532_final_consensus_tape.csv
2020-08-03,,,0,0,0.0,0,0.360684,0,FLAT,0.0,0.0,0.0,0.0,,0.000778,0.0,0.1650984953208034,0.2068605385256553,0,stale_tape,1,0,0.193729,0.193053,0.54294,0.736665,0.552499,part2a21_alpha_positions.csv,part2a21_alpha_eligibility.csv,artifacts_part2_g532/predictions/g532_final_consensus_tape.csv
2020-08-04,,,0,0,0.0,0,0.213532,0,FLAT,0.0,0.0,0.0,0.0,,0.00955,0.0,0.1601674331722821,0.1983405283599552,0,stale_tape,1,0,0.202839,0.200916,0.557721,0.726858,0.327086,part2a21_alpha_positions.csv,part2a21_alpha_eligibility.csv,artifacts_part2_g532/predictions/g532_final_consensus_tape.csv
2020-08-05,,,0,0,0.0,0,0.211567,0,FLAT,0.0,0.0,0.0,0.0,,0.005556,0.0,0.1547149526750288,0.1787017320133918,0,stale_tape,1,0,0.202331,0.195966,0.548415,0.73068,0.328806,part2a21_alpha_positions.csv,part2a21_alpha_eligibility.csv,artifacts_part2_g532/predictions/g532_final_consensus_tape.csv
2020-08-06,,,0,0,0.0,0,0.223359,0,FLAT,0.0,0.0,0.0,0.0,,0.00264,0.0,0.159232087802193,0.1929896676269368,0,stale_tape,1,0,0.213553,0.198783,0.553712,0.723584,0.325613,part2a21_alpha_positions.csv,part2a21_alpha_eligibility.csv,artifacts_part2_g532/predictions/g532_final_consensus_tape.csv
2020-08-07,,,0,0,0.0,0,0.230777,0,FLAT,0.0,0.0,0.0,0.0,,0.004245,0.0,0.1591199343527879,0.1945804156192623,0,stale_tape,1,0,0.213377,0.198357,0.55291,0.723973,0.325788,part2a21_alpha_positions.csv,part2a21_alpha_eligibility.csv,artifacts_part2_g532/predictions/g532_final_consensus_tape.csv
2020-08-10,,,0,0,0.0,0,0.233806,0,FLAT,0.0,0.0,0.0,0.0,,-0.004671,0.0,0.1639750567285844,0.2596934808700367,0,stale_tape,1,0,0.208341,0.198663,0.553487,0.726017,0.326708,part2a21_alpha_positions.csv,part2a21_alpha_eligibility.csv,artifacts_part2_g532/predictions/g532_final_consensus_tape.csv
2020-08-11,,,0,0,0.0,0,0.241616,0,FLAT,0.0,0.0,0.0,0.0,,0.016562,0.0,0.1721463317728032,0.2215133069807456,0,stale_tape,1,0,0.204372,0.203517,0.562611,0.724279,0.325926,part2a21_alpha_positions.csv,part2a21_alpha_eligibility.csv,artifacts_part2_g532/predictions/g532_final_consensus_tape.csv
2020-08-12,,,0,0,0.0,0,0.226907,0,FLAT,0.0,0.0,0.0,0.0,,0.000347,0.0,0.1824700737641659,0.2309423383819445,0,stale_tape,1,0,0.235304,0.199868,0.555752,0.713009,0.320854,part2a21_alpha_positions.csv,part2a21_alpha_eligibility.csv,artifacts_part2_g532/predictions/g532_final_consensus_tape.csv
2020-08-13,,,0,0,0.0,0,0.240419,0,FLAT,0.0,0.0,0.0,0.0,,-0.000494,0.0,0.1776450292493564,0.2116956278782195,0,stale_tape,1,0,0.215432,0.185693,0.529103,0.732242,0.329509,part2a21_alpha_positions.csv,part2a21_alpha_eligibility.csv,artifacts_part2_g532/predictions/g532_final_consensus_tape.csv
2020-08-14,,,0,0,0.0,0,0.238432,0,FLAT,0.0,0.0,0.0,0.0,,0.001581,0.0,0.177652217022411,0.2223752393088849,0,stale_tape,1,0,0.220246,0.185352,0.528462,0.730324,0.328646,part2a21_alpha_positions.csv,part2a21_alpha_eligibility.csv,artifacts_part2_g532/predictions/g532_final_consensus_tape.csv
2020-08-17,,,0,0,0.0,0,0.237813,0,FLAT,0.0,0.0,0.0,0.0,,0.000366,0.0,0.1764656450089017,0.2136641313672514,0,stale_tape,1,0,0.218172,0.190618,0.538362,0.727434,0.327345,part2a21_alpha_positions.csv,part2a21_alpha_eligibility.csv,artifacts_part2_g532/predictions/g532_final_consensus_tape.csv
2020-08-18,,,0,0,0.0,0,0.240045,0,FLAT,0.0,0.0,0.0,0.0,,-0.002937,0.0,0.1784560740499934,0.2194522240126004,0,stale_tape,1,0,0.219896,0.179061,0.516635,0.735048,0.330772,part2a21_alpha_positions.csv,part2a21_alpha_eligibility.csv,artifacts_part2_g532/predictions/g532_final_consensus_tape.csv
2020-08-19,,,0,0,0.0,0,0.24409,0,FLAT,0.0,0.0,0.0,0.0,,0.000286,0.0,0.1952258883567492,0.3146725372924505,0,stale_tape,1,0,0.202124,0.177054,0.512861,0.744503,0.335026,part2a21_alpha_positions.csv,part2a21_alpha_eligibility.csv,artifacts_part2_g532/predictions/g532_final_consensus_tape.csv
2020-08-20,,,0,0,0.0,0,0.242834,0,FLAT,0.0,0.0,0.0,0.0,,0.002827,0.0,0.199691226576599,0.3169774872241682,0,stale_tape,1,0,0.20943,0.181908,0.521988,0.737691,0.331961,part2a21_alpha_positions.csv,part2a21_alpha_eligibility.csv,artifacts_part2_g532/predictions/g532_final_consensus_tape.csv
2020-08-21,,,0,0,0.0,0,0.241999,0,FLAT,0.0,0.0,0.0,0.0,,0.011504,0.0,0.1959516228284065,0.2865972288102992,0,stale_tape,1,0,0.210125,0.184813,0.527449,0.735269,0.330871,part2a21_alpha_positions.csv,part2a21_alpha_eligibility.csv,artifacts_part2_g532/predictions/g532_final_consensus_tape.csv
2020-08-24,,,0,0,0.0,0,0.233285,0,FLAT,0.0,0.0,0.0,0.0,,0.005866,0.0,0.1988275648449957,0.3174816947300279,0,stale_tape,1,0,0.212041,0.18623,0.530113,0.733378,0.33002,part2a21_alpha_positions.csv,part2a21_alpha_eligibility.csv,artifacts_part2_g532/predictions/g532_final_consensus_tape.csv
2020-08-25,,,0,0,0.0,0,0.23834,0,FLAT,0.0,0.0,0.0,0.0,,0.010574,0.0,0.1909244593138949,0.3003083617810687,0,stale_tape,1,0,0.214493,0.184051,0.526015,0.733857,0.330236,part2a21_alpha_positions.csv,part2a21_alpha_eligibility.csv,artifacts_part2_g532/predictions/g532_final_consensus_tape.csv
2020-08-26,,,0,0,0.0,0,0.429839,0,FLAT,0.0,0.0,0.0,0.0,,0.005544,0.0,0.2108689089587983,0.3579764711035149,0,stale_tape,1,0,0.172925,0.189805,0.536834,0.748385,0.561289,part2a21_alpha_positions.csv,part2a21_alpha_eligibility.csv,artifacts_part2_g532/predictions/g532_final_consensus_tape.csv
2020-08-27,,,0,0,0.0,0,0.431445,0,FLAT,0.0,0.0,0.0,0.0,,0.004829,0.0,0.2369931877084721,0.4856738812315749,0,stale_tape,1,0,0.170195,0.189501,0.536261,0.749835,0.562376,part2a21_alpha_positions.csv,part2a21_alpha_eligibility.csv,artifacts_part2_g532/predictions/g532_final_consensus_tape.csv
2020-08-28,,,0,0,0.0,0,0.436115,0,FLAT,0.0,0.0,0.0,0.0,,-0.004585,0.0,0.2162736621135051,0.3976510435001992,0,stale_tape,1,0,0.17279,0.187071,0.531693,0.750431,0.562824,part2a21_alpha_positions.csv,part2a21_alpha_eligibility.csv,artifacts_part2_g532/predictions/g532_final_consensus_tape.csv
2020-08-31,,,0,0,0.0,0,0.247146,0,FLAT,0.0,0.0,0.0,0.0,,0.006029,0.0,0.2407632599145268,0.4874148406903354,0,stale_tape,1,0,0.179755,0.205223,0.565819,0.734119,0.330353,part2a21_alpha_positions.csv,part2a21_alpha_eligibility.csv,artifacts_part2_g532/predictions/g532_final_consensus_tape.csv
2020-09-01,,,0,0,0.0,0,0.245925,0,FLAT,0.0,0.0,0.0,0.0,,0.013068,0.0,0.2379353084818013,0.4777083585489416,0,stale_tape,1,0,0.183859,0.210604,0.575935,0.728365,0.327764,part2a21_alpha_positions.csv,part2a21_alpha_eligibility.csv,artifacts_part2_g532/predictions/g532_final_consensus_tape.csv
2020-09-02,,,0,0,0.0,0,0.417435,0,FLAT,0.0,0.0,0.0,0.0,,-0.036541,0.0,0.2365675150399643,0.471216877343811,0,stale_tape,1,0,0.172948,0.194423,0.545514,0.745023,0.558767,part2a21_alpha_positions.csv,part2a21_alpha_eligibility.csv,artifacts_part2_g532/predictions/g532_final_consensus_tape.csv
2020-09-03,,,0,0,0.0,0,0.122215,0,FLAT,0.0,0.0,0.0,0.0,,-0.002453,0.0,0.2153145935875187,0.3918539366679138,0,stale_tape,1,1,0.302296,0.388343,0.640226,0.600002,0.234001,part2a21_alpha_positions.csv,part2a21_alpha_eligibility.csv,artifacts_part2_g532/predictions/g532_final_consensus_tape.csv
2020-09-04,,,0,0,0.0,0,0.118328,0,FLAT,0.0,0.0,0.0,0.0,,0.0,0.0,0.2096488052806778,0.3572140085544208,0,stale_tape,1,1,0.30982,0.424328,0.65,0.582066,0.227006,part2a21_alpha_positions.csv,part2a21_alpha_eligibility.csv,artifacts_part2_g532/predictions/g532_final_consensus_tape.csv
2020-09-07,,,0,0,0.0,0,0.137746,0,FLAT,0.0,0.0,0.0,0.0,,-0.029999,0.0,0.210058070842354,0.3791581113261852,0,stale_tape,1,1,0.21204,0.323898,0.617934,0.667631,0.260376,part2a21_alpha_positions.csv,part2a21_alpha_eligibility.csv,artifacts_part2_g532/predictions/g532_final_consensus_tape.csv
2020-09-08,,,0,0,0.0,0,0.113284,0,FLAT,0.0,0.0,0.0,0.0,,0.020029,0.0,0.194480075944381,0.2993905591093839,0,stale_tape,1,1,0.291436,0.401776,0.644793,0.599274,0.233717,part2a21_alpha_positions.csv,part2a21_alpha_eligibility.csv,artifacts_part2_g532/predictions/g532_final_consensus_tape.csv
2020-09-09,,,0,0,0.0,0,0.115241,0,FLAT,0.0,0.0,0.0,0.0,,-0.018875,0.0,0.1843485701807428,0.2452635126999566,0,stale_tape,1,1,0.265141,0.355795,0.629048,0.630349,0.245836,part2a21_alpha_positions.csv,part2a21_alpha_eligibility.csv,artifacts_part2_g532/predictions/g532_final_consensus_tape.csv
2020-09-10,,,0,0,0.0,0,0.105324,0,FLAT,0.0,0.0,0.0,0.0,,-0.000809,0.0,0.1631768978742784,0.1774696823574262,0,stale_tape,1,1,0.288724,0.446159,0.65,0.583919,0.227728,part2a21_alpha_positions.csv,part2a21_alpha_eligibility.csv,artifacts_part2_g532/predictions/g532_final_consensus_tape.csv
2020-09-11,,,0,0,0.0,0,0.106398,0,FLAT,0.0,0.0,0.0,0.0,,0.013816,0.0,0.1721964116607833,0.213447215492377,0,stale_tape,1,1,0.290832,0.438613,0.65,0.585611,0.228388,part2a21_alpha_positions.csv,part2a21_alpha_eligibility.csv,artifacts_part2_g532/predictions/g532_final_consensus_tape.csv
2020-09-14,,,0,0,0.0,0,0.102526,0,FLAT,0.0,0.0,0.0,0.0,,0.005625,0.0,0.1627808377825376,0.1699557550230554,0,stale_tape,1,1,0.290636,0.451895,0.65,0.581051,0.22661,part2a21_alpha_positions.csv,part2a21_alpha_eligibility.csv,artifacts_part2_g532/predictions/g532_final_consensus_tape.csv
2020-09-15,,,0,0,0.0,0,0.106012,0,FLAT,0.0,0.0,0.0,0.0,,-0.003465,0.0,0.1654586243238305,0.178954319832959,0,stale_tape,1,1,0.278966,0.412457,0.648405,0.600424,0.234165,part2a21_alpha_positions.csv,part2a21_alpha_eligibility.csv,artifacts_part2_g532/predictions/g532_final_consensus_tape.csv
2020-09-16,,,0,0,0.0,0,0.106229,0,FLAT,0.0,0.0,0.0,0.0,,-0.009103,0.0,0.1641056299966075,0.1575790580202164,0,stale_tape,1,1,0.293032,0.435098,0.65,0.585851,0.228482,part2a21_alpha_positions.csv,part2a21_alpha_eligibility.csv,artifacts_part2_g532/predictions/g532_final_consensus_tape.csv
2020-09-17,,,0,0,0.0,0,0.134175,0,FLAT,0.0,0.0,0.0,0.0,,-0.010798,0.0,0.1750043142482449,0.1953908072474429,0,stale_tape,1,1,0.235319,0.310161,0.613097,0.66293,0.258543,part2a21_alpha_positions.csv,part2a21_alpha_eligibility.csv,artifacts_part2_g532/predictions/g532_final_consensus_tape.csv
2020-09-18,,,0,0,0.0,0,0.131705,0,FLAT,0.0,0.0,0.0,0.0,,-0.012718,0.0,0.173370932975683,0.1987274955977497,0,stale_tape,1,1,0.243944,0.318119,0.615903,0.655703,0.255724,part2a21_alpha_positions.csv,part2a21_alpha_eligibility.csv,artifacts_part2_g532/predictions/g532_final_consensus_tape.csv
2020-09-21,,,0,0,0.0,0,0.128709,0,FLAT,0.0,0.0,0.0,0.0,,0.010059,0.0,0.1717918463559281,0.2043382401638684,0,stale_tape,1,1,0.24507,0.341262,0.624004,0.645476,0.251736,part2a21_alpha_positions.csv,part2a21_alpha_eligibility.csv,artifacts_part2_g532/predictions/g532_final_consensus_tape.csv
2020-09-22,,,0,0,0.0,0,0.165577,0,FLAT,0.0,0.0,0.0,0.0,,-0.02344,0.0,0.1864308172180675,0.2608297384541941,0,stale_tape,1,1,0.235943,0.305471,0.611439,0.664623,0.29908,part2a21_alpha_positions.csv,part2a21_alpha_eligibility.csv,artifacts_part2_g532/predictions/g532_final_consensus_tape.csv
2020-09-23,,,0,0,0.0,0,0.166651,0,FLAT,0.0,0.0,0.0,0.0,,0.002259,0.0,0.1773436876586642,0.217022193030986,0,stale_tape,1,1,0.235838,0.318957,0.616198,0.658999,0.296549,part2a21_alpha_positions.csv,part2a21_alpha_eligibility.csv,artifacts_part2_g532/predictions/g532_final_consensus_tape.csv
2020-09-24,,,0,0,0.0,0,0.164862,0,FLAT,0.0,0.0,0.0,0.0,,0.015067,0.0,0.1930163963481959,0.2935800646706074,0,stale_tape,1,1,0.255361,0.363184,0.6316,0.631653,0.284244,part2a21_alpha_positions.csv,part2a21_alpha_eligibility.csv,artifacts_part2_g532/predictions/g532_final_consensus_tape.csv
2020-09-25,,,0,0,0.0,0,0.16266,0,FLAT,0.0,0.0,0.0,0.0,,0.016775,0.0,0.1812749203313849,0.2314054743659259,0,stale_tape,1,1,0.23928,0.327071,0.619047,0.65404,0.294318,part2a21_alpha_positions.csv,part2a21_alpha_eligibility.csv,artifacts_part2_g532/predictions/g532_final_consensus_tape.csv
2020-09-28,,,0,0,0.0,0,0.150194,0,FLAT,0.0,0.0,0.0,0.0,,-0.006456,0.0,0.177296386245342,0.2290227928693357,0,stale_tape,1,1,0.271071,0.391472,0.641292,0.612744,0.275735,part2a21_alpha_positions.csv,part2a21_alpha_eligibility.csv,artifacts_part2_g532/predictions/g532_final_consensus_tape.csv
2020-09-29,,,0,0,0.0,0,0.156976,0,FLAT,0.0,0.0,0.0,0.0,,0.010373,0.0,0.1646402203667656,0.1833063434961565,0,stale_tape,1,1,0.253942,0.350099,0.627075,0.637776,0.286999,part2a21_alpha_positions.csv,part2a21_alpha_eligibility.csv,artifacts_part2_g532/predictions/g532_final_consensus_tape.csv
2020-09-30,,,0,0,0.0,0,0.157817,0,FLAT,0.0,0.0,0.0,0.0,,0.005752,0.0,0.1787311336139459,0.2298071682749811,0,stale_tape,1,1,0.256916,0.308536,0.612523,0.653895,0.294253,part2a21_alpha_positions.csv,part2a21_alpha_eligibility.csv,artifacts_part2_g532/predictions/g532_final_consensus_tape.csv
2020-10-01,,,0,0,0.0,0,0.165331,0,FLAT,0.0,0.0,0.0,0.0,,-0.00836,0.0,0.175178738678994,0.2269001449857875,0,stale_tape,1,1,0.23891,0.264843,0.596916,0.680412,0.306185,part2a21_alpha_positions.csv,part2a21_alpha_eligibility.csv,artifacts_part2_g532/predictions/g532_final_consensus_tape.csv
2020-10-02,,,0,0,0.0,0,0.17297,0,FLAT,0.0,0.0,0.0,0.0,,0.023671,0.0,0.1743647918342319,0.2038822813476278,0,stale_tape,1,0,0.213518,0.229726,0.584129,0.706687,0.318009,part2a21_alpha_positions.csv,part2a21_alpha_eligibility.csv,artifacts_part2_g532/predictions/g532_final_consensus_tape.csv
2020-10-05,,,0,0,0.0,0,0.155494,0,FLAT,0.0,0.0,0.0,0.0,,-0.016382,0.0,0.1880605637807944,0.2531520438388373,0,stale_tape,1,1,0.254609,0.312998,0.614099,0.653057,0.293875,part2a21_alpha_positions.csv,part2a21_alpha_eligibility.csv,artifacts_part2_g532/predictions/g532_final_consensus_tape.csv
2020-10-06,,,0,0,0.0,0,0.147105,0,FLAT,0.0,0.0,0.0,0.0,,0.019905,0.0,0.1727760594150095,0.1819712688050352,0,stale_tape,1,1,0.249494,0.338867,0.62317,0.64449,0.290021,part2a21_alpha_positions.csv,part2a21_alpha_eligibility.csv,artifacts_part2_g532/predictions/g532_final_consensus_tape.csv
2020-10-07,,,0,0,0.0,0,0.154979,0,FLAT,0.0,0.0,0.0,0.0,,0.006993,0.0,0.1972645877773404,0.2114777422460658,0,stale_tape,1,1,0.257248,0.351103,0.627423,0.635868,0.28614,part2a21_alpha_positions.csv,part2a21_alpha_eligibility.csv,artifacts_part2_g532/predictions/g532_final_consensus_tape.csv
2020-10-08,,,0,0,0.0,0,0.154976,0,FLAT,0.0,0.0,0.0,0.0,,0.009355,0.0,0.1802636202439038,0.1410918289516358,0,stale_tape,1,1,0.253272,0.359257,0.630245,0.634239,0.285407,part2a21_alpha_positions.csv,part2a21_alpha_eligibility.csv,artifacts_part2_g532/predictions/g532_final_consensus_tape.csv
2020-10-09,,,0,0,0.0,0,0.162265,0,FLAT,0.0,0.0,0.0,0.0,,0.014932,0.0,0.1689490379691859,0.1288282845783106,0,stale_tape,1,1,0.239187,0.31851,0.616041,0.657679,0.295956,part2a21_alpha_positions.csv,part2a21_alpha_eligibility.csv,artifacts_part2_g532/predictions/g532_final_consensus_tape.csv
2020-10-12,,,0,0,0.0,0,0.158611,0,FLAT,0.0,0.0,0.0,0.0,,-0.008641,0.0,0.1663473969191119,0.1230418705459108,0,stale_tape,1,1,0.25323,0.347008,0.626002,0.639394,0.287727,part2a21_alpha_positions.csv,part2a21_alpha_eligibility.csv,artifacts_part2_g532/predictions/g532_final_consensus_tape.csv
2020-10-13,,,0,0,0.0,0,0.160411,0,FLAT,0.0,0.0,0.0,0.0,,-0.006598,0.0,0.1796469484362081,0.1458324035913394,0,stale_tape,1,1,0.245383,0.324564,0.618168,0.652347,0.293556,part2a21_alpha_positions.csv,part2a21_alpha_eligibility.csv,artifacts_part2_g532/predictions/g532_final_consensus_tape.csv
2020-10-14,,,0,0,0.0,0,0.154119,0,FLAT,0.0,0.0,0.0,0.0,,-0.000119,0.0,0.1910256953522587,0.1849580371961907,0,stale_tape,1,1,0.260063,0.347558,0.626193,0.636088,0.286239,part2a21_alpha_positions.csv,part2a21_alpha_eligibility.csv,artifacts_part2_g532/predictions/g532_final_consensus_tape.csv
2020-10-15,,,0,0,0.0,0,0.153656,0,FLAT,0.0,0.0,0.0,0.0,,-0.000269,0.0,0.1917412061435224,0.1825438977649981,0,stale_tape,1,1,0.257783,0.352182,0.627797,0.635175,0.285829,part2a21_alpha_positions.csv,part2a21_alpha_eligibility.csv,artifacts_part2_g532/predictions/g532_final_consensus_tape.csv
2020-10-16,,,0,0,0.0,0,0.155705,0,FLAT,0.0,0.0,0.0,0.0,,-0.013574,0.0,0.1964739387471192,0.1984112733873781,0,stale_tape,1,1,0.262311,0.356215,0.629193,0.631446,0.284151,part2a21_alpha_positions.csv,part2a21_alpha_eligibility.csv,artifacts_part2_g532/predictions/g532_final_consensus_tape.csv
2020-10-19,,,0,0,0.0,0,0.164441,0,FLAT,0.0,0.0,0.0,0.0,,0.006089,0.0,0.2127609232772743,0.2789839535104379,0,stale_tape,1,1,0.198282,0.388375,0.640237,0.646795,0.291058,part2a21_alpha_positions.csv,part2a21_alpha_eligibility.csv,artifacts_part2_g532/predictions/g532_final_consensus_tape.csv
2020-10-20,,,0,0,0.0,0,0.181524,0,FLAT,0.0,0.0,0.0,0.0,,-0.000483,0.0,0.2118705168155362,0.2848374354243494,0,stale_tape,1,1,0.18985,0.328727,0.619627,0.675588,0.304014,part2a21_alpha_positions.csv,part2a21_alpha_eligibility.csv,artifacts_part2_g532/predictions/g532_final_consensus_tape.csv
2020-10-21,,,0,0,0.0,0,0.191774,0,FLAT,0.0,0.0,0.0,0.0,,0.008967,0.0,0.2068953331932788,0.2620219011298842,0,stale_tape,1,1,0.23661,0.307014,0.611985,0.663674,0.298653,part2a21_alpha_positions.csv,part2a21_alpha_eligibility.csv,artifacts_part2_g532/predictions/g532_final_consensus_tape.csv
2020-10-22,,,0,0,0.0,0,0.19305,0,FLAT,0.0,0.0,0.0,0.0,,0.001992,0.0,0.2045202370484584,0.2466331597127961,0,stale_tape,1,1,0.231309,0.2908,0.606227,0.672886,0.302798,part2a21_alpha_positions.csv,part2a21_alpha_eligibility.csv,artifacts_part2_g532/predictions/g532_final_consensus_tape.csv
2020-10-23,,,0,0,0.0,0,0.194704,0,FLAT,0.0,0.0,0.0,0.0,,-0.021242,0.0,0.1983225046269216,0.2206066202629364,0,stale_tape,1,1,0.23507,0.304184,0.610983,0.665558,0.299501,part2a21_alpha_positions.csv,part2a21_alpha_eligibility.csv,artifacts_part2_g532/predictions/g532_final_consensus_tape.csv
2020-10-26,,,0,0,0.0,0,0.179565,0,FLAT,0.0,0.0,0.0,0.0,,-0.005543,0.0,0.2077165161146996,0.2609769127720265,0,stale_tape,1,1,0.20809,0.413268,0.648679,0.63198,0.284391,part2a21_alpha_positions.csv,part2a21_alpha_eligibility.csv,artifacts_part2_g532/predictions/g532_final_consensus_tape.csv
2020-10-27,,,0,0,0.0,0,0.178378,0,FLAT,0.0,0.0,0.0,0.0,,-0.034955,0.0,0.2319106178322768,0.3789822264379066,0,stale_tape,1,1,0.220411,0.419086,0.65,0.624135,0.280861,part2a21_alpha_positions.csv,part2a21_alpha_eligibility.csv,artifacts_part2_g532/predictions/g532_final_consensus_tape.csv
2020-10-28,,,0,0,0.0,0,0.105148,0,FLAT,0.0,0.0,0.0,0.0,,0.014702,0.0,0.2161022472509251,0.2941495908120814,0,stale_tape,1,1,0.329126,0.627913,0.65,0.502124,0.195828,part2a21_alpha_positions.csv,part2a21_alpha_eligibility.csv,artifacts_part2_g532/predictions/g532_final_consensus_tape.csv
2020-10-29,,,0,0,0.0,0,0.118138,0,FLAT,0.0,0.0,0.0,0.0,,-0.008066,0.0,0.2103039391238387,0.261958755723,0,stale_tape,1,1,0.226798,0.503364,0.65,0.591764,0.230788,part2a21_alpha_positions.csv,part2a21_alpha_eligibility.csv,artifacts_part2_g532/predictions/g532_final_consensus_tape.csv
2020-10-30,,,0,0,0.0,1,0.05023,0,FLAT,0.0,0.0,0.0,0.0,,0.009858,0.0,0.2026356791216062,0.2149754782220833,0,stale_tape,1,1,0.300315,0.543947,0.65,0.544477,0.098006,part2a21_alpha_positions.csv,part2a21_alpha_eligibility.csv,artifacts_part2_g532/predictions/g532_final_consensus_tape.csv
2020-11-02,,,0,0,0.0,1,0.050998,0,FLAT,0.0,0.0,0.0,0.0,,0.019733,0.0,0.1973764855464432,0.1951100146238323,0,stale_tape,1,1,0.277495,0.530242,0.65,0.559542,0.100718,part2a21_alpha_positions.csv,part2a21_alpha_eligibility.csv,artifacts_part2_g532/predictions/g532_final_consensus_tape.csv
2020-11-03,,,0,0,0.0,1,0.048062,0,FLAT,0.0,0.0,0.0,0.0,,0.013881,0.0,0.1965883910449808,0.1993692061801326,0,stale_tape,1,1,0.286375,0.541871,0.65,0.551476,0.099266,part2a21_alpha_positions.csv,part2a21_alpha_eligibility.csv,artifacts_part2_g532/predictions/g532_final_consensus_tape.csv
2020-11-04,,,0,0,0.0,1,0.050549,0,FLAT,0.0,0.0,0.0,0.0,,0.019557,0.0,0.1930283282961847,0.1355388003104472,0,stale_tape,1,1,0.280641,0.43215,0.65,0.592459,0.106643,part2a21_alpha_positions.csv,part2a21_alpha_eligibility.csv,artifacts_part2_g532/predictions/g532_final_consensus_tape.csv
2020-11-05,,,0,0,0.0,1,0.046388,0,FLAT,0.0,0.0,0.0,0.0,,0.003273,0.0,0.1972546595168904,0.1448732751119116,0,stale_tape,1,1,0.309061,0.492613,0.65,0.558508,0.100531,part2a21_alpha_positions.csv,part2a21_alpha_eligibility.csv,artifacts_part2_g532/predictions/g532_final_consensus_tape.csv
2020-11-06,,,0,0,0.0,1,0.048434,0,FLAT,0.0,0.0,0.0,0.0,,0.019799,0.0,0.1924235717108682,0.1379414619995341,0,stale_tape,1,1,0.296363,0.43795,0.65,0.583354,0.105004,part2a21_alpha_positions.csv,part2a21_alpha_eligibility.csv,artifacts_part2_g532/predictions/g532_final_consensus_tape.csv
2020-11-09,,,0,0,0.0,1,0.04949,0,FLAT,0.0,0.0,0.0,0.0,,0.001557,0.0,0.1964709408818915,0.1434456807921361,0,stale_tape,1,1,0.288935,0.460645,0.65,0.578754,0.104176,part2a21_alpha_positions.csv,part2a21_alpha_eligibility.csv,artifacts_part2_g532/predictions/g532_final_consensus_tape.csv
2020-11-10,,,0,0,0.0,1,0.050824,0,FLAT,0.0,0.0,0.0,0.0,,0.005422,0.0,0.1822528179368039,0.1133591231217057,0,stale_tape,1,1,0.280444,0.444772,0.65,0.58813,0.105863,part2a21_alpha_positions.csv,part2a21_alpha_eligibility.csv,artifacts_part2_g532/predictions/g532_final_consensus_tape.csv
2020-11-11,,,0,0,0.0,1,0.078243,0,FLAT,0.0,0.0,0.0,0.0,,-0.014968,0.0,0.182996873313372,0.135753154352856,0,stale_tape,1,0,0.205325,0.272814,0.599788,0.692161,0.124589,part2a21_alpha_positions.csv,part2a21_alpha_eligibility.csv,artifacts_part2_g532/predictions/g532_final_consensus_tape.csv
2020-11-12,,,0,0,0.0,1,0.063095,0,FLAT,0.0,0.0,0.0,0.0,,0.014827,0.0,0.1973221472166425,0.1502630647108335,0,stale_tape,1,1,0.252742,0.399858,0.644142,0.617488,0.111148,part2a21_alpha_positions.csv,part2a21_alpha_eligibility.csv,artifacts_part2_g532/predictions/g532_final_consensus_tape.csv
2020-11-13,,,0,0,0.0,1,0.072887,0,FLAT,0.0,0.0,0.0,0.0,,0.012805,0.0,0.1897229641356851,0.1398500156735758,0,stale_tape,1,0,0.211519,0.280526,0.602556,0.686121,0.123502,part2a21_alpha_positions.csv,part2a21_alpha_eligibility.csv,artifacts_part2_g532/predictions/g532_final_consensus_tape.csv
2020-11-16,,,0,0,0.0,1,0.076086,0,FLAT,0.0,0.0,0.0,0.0,,-0.00758,0.0,0.1762259106024002,0.1143724864163162,0,stale_tape,1,0,0.188741,0.22994,0.584208,0.717746,0.129194,part2a21_alpha_positions.csv,part2a21_alpha_eligibility.csv,artifacts_part2_g532/predictions/g532_final_consensus_tape.csv
2020-11-17,,,0,0,0.0,1,0.070731,0,FLAT,0.0,0.0,0.0,0.0,,-0.011874,0.0,0.1876556476765013,0.1330580069958695,0,stale_tape,1,0,0.214406,0.288084,0.605258,0.681636,0.122695,part2a21_alpha_positions.csv,part2a21_alpha_eligibility.csv,artifacts_part2_g532/predictions/g532_final_consensus_tape.csv
2020-11-18,,,0,0,0.0,1,0.06499,0,FLAT,0.0,0.0,0.0,0.0,,0.003096,0.0,0.1868172984295367,0.1253890476228284,0,stale_tape,1,1,0.233399,0.34049,0.623735,0.651052,0.117189,part2a21_alpha_positions.csv,part2a21_alpha_eligibility.csv,artifacts_part2_g532/predictions/g532_final_consensus_tape.csv
2020-11-19,,,0,0,0.0,1,0.072356,0,FLAT,0.0,0.0,0.0,0.0,,-0.00846,0.0,0.1859947144563024,0.1206466451371347,0,stale_tape,1,0,0.206186,0.266678,0.597578,0.694363,0.124985,part2a21_alpha_positions.csv,part2a21_alpha_eligibility.csv,artifacts_part2_g532/predictions/g532_final_consensus_tape.csv
2020-11-20,,,0,0,0.0,0,0.181359,0,FLAT,0.0,0.0,0.0,0.0,,0.007888,0.0,0.1837495818653295,0.1181992764138905,0,stale_tape,1,0,0.196294,0.241656,0.588499,0.709389,0.319225,part2a21_alpha_positions.csv,part2a21_alpha_eligibility.csv,artifacts_part2_g532/predictions/g532_final_consensus_tape.csv
2020-11-23,,,0,0,0.0,0,0.187495,0,FLAT,0.0,0.0,0.0,0.0,,0.01765,0.0,0.1915370064680312,0.1305608641602541,0,stale_tape,1,0,0.207929,0.268439,0.598213,0.692836,0.311776,part2a21_alpha_positions.csv,part2a21_alpha_eligibility.csv,artifacts_part2_g532/predictions/g532_final_consensus_tape.csv
2020-11-24,,,0,0,0.0,0,0.183168,0,FLAT,0.0,0.0,0.0,0.0,,-0.001982,0.0,0.1800693443365917,0.1104702552960508,0,stale_tape,1,0,0.19309,0.238239,0.58725,0.712276,0.320524,part2a21_alpha_positions.csv,part2a21_alpha_eligibility.csv,artifacts_part2_g532/predictions/g532_final_consensus_tape.csv
2020-11-25,,,0,0,0.0,0,0.187454,0,FLAT,0.0,0.0,0.0,0.0,,0.0,0.0,0.1817531146406426,0.1162784782548367,0,stale_tape,1,0,0.180862,0.212799,0.577885,0.728556,0.32785,part2a21_alpha_positions.csv,part2a21_alpha_eligibility.csv,artifacts_part2_g532/predictions/g532_final_consensus_tape.csv
2020-11-26,,,0,0,0.0,0,0.195261,0,FLAT,0.0,0.0,0.0,0.0,,-0.000146,0.0,0.1863846536874587,0.1320837390265814,0,stale_tape,1,0,0.186455,0.226618,0.582987,0.720182,0.324082,part2a21_alpha_positions.csv,part2a21_alpha_eligibility.csv,artifacts_part2_g532/predictions/g532_final_consensus_tape.csv
2020-11-27,,,0,0,0.0,0,0.200279,0,FLAT,0.0,0.0,0.0,0.0,,-0.003835,0.0,0.1869864177386812,0.1235354585054785,0,stale_tape,1,0,0.193795,0.236064,0.586454,0.712879,0.320796,part2a21_alpha_positions.csv,part2a21_alpha_eligibility.csv,artifacts_part2_g532/predictions/g532_final_consensus_tape.csv
2020-11-30,,,0,0,0.0,0,0.21359,0,FLAT,0.0,0.0,0.0,0.0,,0.016276,0.0,0.1901014165129543,0.1318699194987479,0,stale_tape,1,0,0.179757,0.204644,0.564731,0.734538,0.330542,part2a21_alpha_positions.csv,part2a21_alpha_eligibility.csv,artifacts_part2_g532/predictions/g532_final_consensus_tape.csv
2020-12-01,,,0,0,0.0,0,0.205648,0,FLAT,0.0,0.0,0.0,0.0,,0.003782,0.0,0.1737925478147858,0.1022186021512329,0,stale_tape,1,0,0.180083,0.199483,0.555028,0.738138,0.332162,part2a21_alpha_positions.csv,part2a21_alpha_eligibility.csv,artifacts_part2_g532/predictions/g532_final_consensus_tape.csv
2020-12-02,,,0,0,0.0,0,0.367174,0,FLAT,0.0,0.0,0.0,0.0,,-0.002972,0.0,0.1835101062170376,0.4212866043049943,0,stale_tape,1,0,0.172094,0.187061,0.531675,0.750751,0.563063,part2a21_alpha_positions.csv,part2a21_alpha_eligibility.csv,artifacts_part2_g532/predictions/g532_final_consensus_tape.csv
2020-12-03,,,0,0,0.0,0,0.359023,0,FLAT,0.0,0.0,0.0,0.0,,0.012502,0.0,0.1814685260915172,0.4240767753911394,0,stale_tape,1,0,0.177176,0.19673,0.549853,0.741444,0.556083,part2a21_alpha_positions.csv,part2a21_alpha_eligibility.csv,artifacts_part2_g532/predictions/g532_final_consensus_tape.csv
2020-12-04,,,0,0,0.0,0,0.371742,0,FLAT,0.0,0.0,0.0,0.0,,-0.004952,0.0,0.1848674082805933,0.4291391186038422,0,stale_tape,1,0,0.177654,0.182487,0.523076,0.75157,0.563678,part2a21_alpha_positions.csv,part2a21_alpha_eligibility.csv,artifacts_part2_g532/predictions/g532_final_consensus_tape.csv
2020-12-07,,,0,0,0.0,0,0.364236,0,FLAT,0.0,0.0,0.0,0.0,,0.001883,0.0,0.1783591896666109,0.4174472018007519,0,stale_tape,1,0,0.175185,0.184605,0.527057,0.751143,0.563358,part2a21_alpha_positions.csv,part2a21_alpha_eligibility.csv,artifacts_part2_g532/predictions/g532_final_consensus_tape.csv
2020-12-08,,,0,0,0.0,0,0.386602,0,FLAT,0.0,0.0,0.0,0.0,,-0.007498,0.0,0.1835302499943125,0.4260155738717817,0,stale_tape,1,0,0.180401,0.187615,0.532716,0.746611,0.559958,part2a21_alpha_positions.csv,part2a21_alpha_eligibility.csv,artifacts_part2_g532/predictions/g532_final_consensus_tape.csv
2020-12-09,,,0,0,0.0,0,0.371115,0,FLAT,0.0,0.0,0.0,0.0,,-0.002729,0.0,0.190187754923365,0.453401106164787,0,stale_tape,1,0,0.196841,0.195042,0.54668,0.733821,0.550365,part2a21_alpha_positions.csv,part2a21_alpha_eligibility.csv,artifacts_part2_g532/predictions/g532_final_consensus_tape.csv
2020-12-10,,,0,0,0.0,0,0.220653,0,FLAT,0.0,0.0,0.0,0.0,,-0.003276,0.0,0.1899841634106792,0.4559401818559555,0,stale_tape,1,0,0.197593,0.199086,0.554282,0.730547,0.328746,part2a21_alpha_positions.csv,part2a21_alpha_eligibility.csv,artifacts_part2_g532/predictions/g532_final_consensus_tape.csv
2020-12-11,,,0,0,0.0,0,0.207144,0,FLAT,0.0,0.0,0.0,0.0,,-0.004004,0.0,0.1961798112235051,0.4838705359482849,0,stale_tape,1,0,0.21707,0.266693,0.597584,0.689459,0.310257,part2a21_alpha_positions.csv,part2a21_alpha_eligibility.csv,artifacts_part2_g532/predictions/g532_final_consensus_tape.csv
2020-12-14,,,0,0,0.0,0,0.204878,0,FLAT,0.0,0.0,0.0,0.0,,0.014726,0.0,0.2010563941568048,0.4892319616906773,0,stale_tape,1,0,0.224423,0.275933,0.600908,0.682251,0.307013,part2a21_alpha_positions.csv,part2a21_alpha_eligibility.csv,artifacts_part2_g532/predictions/g532_final_consensus_tape.csv
2020-12-15,,,0,0,0.0,0,0.373009,0,FLAT,0.0,0.0,0.0,0.0,,0.002364,0.0,0.1956534215242062,0.4662657336858919,0,stale_tape,1,0,0.193209,0.195817,0.548137,0.734893,0.551169,part2a21_alpha_positions.csv,part2a21_alpha_eligibility.csv,artifacts_part2_g532/predictions/g532_final_consensus_tape.csv
2020-12-16,,,0,0,0.0,0,0.379415,0,FLAT,0.0,0.0,0.0,0.0,,0.00615,0.0,0.1896852088255552,0.4256333899716089,0,stale_tape,1,0,0.180233,0.188706,0.534767,0.745895,0.559421,part2a21_alpha_positions.csv,part2a21_alpha_eligibility.csv,artifacts_part2_g532/predictions/g532_final_consensus_tape.csv
2020-12-17,,,0,0,0.0,0,0.378453,0,FLAT,0.0,0.0,0.0,0.0,,-0.003178,0.0,0.1904669220413477,0.4119501317564081,0,stale_tape,1,0,0.18164,0.187286,0.532098,0.746292,0.559719,part2a21_alpha_positions.csv,part2a21_alpha_eligibility.csv,artifacts_part2_g532/predictions/g532_final_consensus_tape.csv
2020-12-18,,,0,0,0.0,0,0.395426,0,FLAT,0.0,0.0,0.0,0.0,,-0.003756,0.0,0.189505467164126,0.4144237173651627,0,stale_tape,1,0,0.182001,0.185691,0.5291,0.747288,0.560466,part2a21_alpha_positions.csv,part2a21_alpha_eligibility.csv,artifacts_part2_g532/predictions/g532_final_consensus_tape.csv
2020-12-21,,,0,0,0.0,0,0.23818,0,FLAT,0.0,0.0,0.0,0.0,,-0.003644,0.0,0.2102772253836568,0.5153585824411384,0,stale_tape,1,0,0.153854,0.203237,0.562086,0.747216,0.336247,part2a21_alpha_positions.csv,part2a21_alpha_eligibility.csv,artifacts_part2_g532/predictions/g532_final_consensus_tape.csv
2020-12-22,,,0,0,0.0,0,0.231242,0,FLAT,0.0,0.0,0.0,0.0,,0.002888,0.0,0.206920807492303,0.4782396219125819,0,stale_tape,1,0,0.19995,0.201796,0.559376,0.727519,0.327383,part2a21_alpha_positions.csv,part2a21_alpha_eligibility.csv,artifacts_part2_g532/predictions/g532_final_consensus_tape.csv
2020-12-23,,,0,0,0.0,0,0.404704,0,FLAT,0.0,0.0,0.0,0.0,,0.002568,0.0,0.2017432409074024,0.4516008750911789,0,stale_tape,1,0,0.185052,0.180967,0.520218,0.749345,0.562008,part2a21_alpha_positions.csv,part2a21_alpha_eligibility.csv,artifacts_part2_g532/predictions/g532_final_consensus_tape.csv
2020-12-24,,,0,0,0.0,0,0.406456,0,FLAT,0.0,0.0,0.0,0.0,,0.0,0.0,0.1895583354537395,0.4353249318723766,0,stale_tape,1,0,0.183149,0.181807,0.521798,0.749591,0.562193,part2a21_alpha_positions.csv,part2a21_alpha_eligibility.csv,artifacts_part2_g532/predictions/g532_final_consensus_tape.csv
2020-12-25,,,0,0,0.0,0,0.409643,0,FLAT,0.0,0.0,0.0,0.0,,0.008576,0.0,0.1924285872062187,0.4373297331524859,0,stale_tape,1,0,0.184794,0.181128,0.520521,0.749344,0.562008,part2a21_alpha_positions.csv,part2a21_alpha_eligibility.csv,artifacts_part2_g532/predictions/g532_final_consensus_tape.csv
2020-12-28,,,0,0,0.0,0,0.412354,0,FLAT,0.0,0.0,0.0,0.0,,-0.00194,0.0,0.1986858170973181,0.447622886802631,0,stale_tape,1,0,0.177851,0.175795,0.510495,0.75634,0.567255,part2a21_alpha_positions.csv,part2a21_alpha_eligibility.csv,artifacts_part2_g532/predictions/g532_final_consensus_tape.csv
2020-12-29,,,0,0,0.0,0,0.448135,0,FLAT,0.0,0.0,0.0,0.0,,0.000679,0.0,0.207732992710821,0.416529473836332,0,stale_tape,1,0,0.156363,0.18541,0.52857,0.75903,0.569272,part2a21_alpha_positions.csv,part2a21_alpha_eligibility.csv,artifacts_part2_g532/predictions/g532_final_consensus_tape.csv
2020-12-30,,,0,0,0.0,0,0.458209,0,FLAT,0.0,0.0,0.0,0.0,,0.004701,0.0,0.2276526589516813,0.2631841482196728,0,stale_tape,1,0,0.148367,0.168284,0.496373,0.775061,0.581296,part2a21_alpha_positions.csv,part2a21_alpha_eligibility.csv,artifacts_part2_g532/predictions/g532_final_consensus_tape.csv
2020-12-31,,,0,0,0.0,0,0.456735,0,FLAT,0.0,0.0,0.0,0.0,,0.0,0.0,0.2255576547275874,0.2694562177269401,0,stale_tape,1,0,0.156345,0.176439,0.511705,0.76555,0.574163,part2a21_alpha_positions.csv,part2a21_alpha_eligibility.csv,artifacts_part2_g532/predictions/g532_final_consensus_tape.csv
2021-01-01,,,0,0,0.0,0,0.463679,0,FLAT,0.0,0.0,0.0,0.0,,-0.013901,0.0,0.2285592928467222,0.2787836395657025,0,stale_tape,1,0,0.153147,0.174201,0.507498,0.768614,0.57646,part2a21_alpha_positions.csv,part2a21_alpha_eligibility.csv,artifacts_part2_g532/predictions/g532_final_consensus_tape.csv
2021-01-04,,,0,0,0.0,0,0.074605,0,FLAT,0.0,0.0,0.0,0.0,,0.008892,0.0,0.2804694468388056,0.4319112729838195,0,stale_tape,1,1,0.28095,0.331794,0.6207,0.633305,0.102912,part2a21_alpha_positions.csv,part2a21_alpha_eligibility.csv,artifacts_part2_g532/predictions/g532_final_consensus_tape.csv
2021-01-05,,,0,0,0.0,0,0.237959,0,FLAT,0.0,0.0,0.0,0.0,,0.011912,0.0,0.2225133939663583,0.2497380867390455,0,stale_tape,1,0,0.164043,0.200584,0.557097,0.744557,0.335051,part2a21_alpha_positions.csv,part2a21_alpha_eligibility.csv,artifacts_part2_g532/predictions/g532_final_consensus_tape.csv
2021-01-06,,,0,0,0.0,0,0.227182,0,FLAT,0.0,0.0,0.0,0.0,,0.018367,0.0,0.2138197784561434,0.2672767827288061,0,stale_tape,1,0,0.163703,0.210347,0.575453,0.737621,0.33193,part2a21_alpha_positions.csv,part2a21_alpha_eligibility.csv,artifacts_part2_g532/predictions/g532_final_consensus_tape.csv
2021-01-07,,,0,0,0.0,0,0.35435,0,FLAT,0.0,0.0,0.0,0.0,,0.008481,0.0,0.1913011895116272,0.2183420619946915,0,stale_tape,1,0,0.199643,0.185643,0.52901,0.739384,0.554538,part2a21_alpha_positions.csv,part2a21_alpha_eligibility.csv,artifacts_part2_g532/predictions/g532_final_consensus_tape.csv
2021-01-08,,,0,0,0.0,0,0.364678,0,FLAT,0.0,0.0,0.0,0.0,,-0.00461,0.0,0.1651164220534682,0.1465784779796012,0,stale_tape,1,0,0.17576,0.17037,0.500295,0.761219,0.570915,part2a21_alpha_positions.csv,part2a21_alpha_eligibility.csv,artifacts_part2_g532/predictions/g532_final_consensus_tape.csv
2021-01-11,,,0,0,0.0,0,0.353459,0,FLAT,0.0,0.0,0.0,0.0,,0.000256,0.0,0.1798383791646915,0.1658653538690733,0,stale_tape,1,0,0.186679,0.182971,0.523986,0.747157,0.560368,part2a21_alpha_positions.csv,part2a21_alpha_eligibility.csv,artifacts_part2_g532/predictions/g532_final_consensus_tape.csv
2021-01-12,,,0,0,0.0,0,0.350542,0,FLAT,0.0,0.0,0.0,0.0,,-0.000973,0.0,0.192479122338442,0.207388707507111,0,stale_tape,1,0,0.19389,0.191575,0.540161,0.737666,0.55325,part2a21_alpha_positions.csv,part2a21_alpha_eligibility.csv,artifacts_part2_g532/predictions/g532_final_consensus_tape.csv
2021-01-13,,,0,0,0.0,0,0.363695,0,FLAT,0.0,0.0,0.0,0.0,,-0.001103,0.0,0.1662185295918404,0.1435052198874832,0,stale_tape,1,0,0.167571,0.166746,0.493482,0.767536,0.575652,part2a21_alpha_positions.csv,part2a21_alpha_eligibility.csv,artifacts_part2_g532/predictions/g532_final_consensus_tape.csv
2021-01-14,,,0,0,0.0,0,0.354086,0,FLAT,0.0,0.0,0.0,0.0,,-0.00986,0.0,0.1825727310536519,0.1822184606805865,0,stale_tape,1,0,0.180368,0.183212,0.524438,0.749822,0.562367,part2a21_alpha_positions.csv,part2a21_alpha_eligibility.csv,artifacts_part2_g532/predictions/g532_final_consensus_tape.csv
2021-01-15,,,0,0,0.0,0,0.335042,0,FLAT,0.0,0.0,0.0,0.0,,0.0,0.0,0.1848910364277055,0.1946212637948025,0,stale_tape,1,0,0.199487,0.195172,0.546924,0.732536,0.549402,part2a21_alpha_positions.csv,part2a21_alpha_eligibility.csv,artifacts_part2_g532/predictions/g532_final_consensus_tape.csv
2021-01-18,,,0,0,0.0,0,0.363715,0,FLAT,0.0,0.0,0.0,0.0,,0.007283,0.0,0.2059974465143758,0.2412216688283799,0,stale_tape,1,0,0.191238,0.180128,0.518641,0.74717,0.560377,part2a21_alpha_positions.csv,part2a21_alpha_eligibility.csv,artifacts_part2_g532/predictions/g532_final_consensus_tape.csv
2021-01-19,,,0,0,0.0,0,0.372087,0,FLAT,0.0,0.0,0.0,0.0,,0.013075,0.0,0.193980803044458,0.2111612769035415,0,stale_tape,1,0,0.17589,0.170566,0.500665,0.761019,0.570764,part2a21_alpha_positions.csv,part2a21_alpha_eligibility.csv,artifacts_part2_g532/predictions/g532_final_consensus_tape.csv
2021-01-20,,,0,0,0.0,0,0.372847,0,FLAT,0.0,0.0,0.0,0.0,,0.00237,0.0,0.1539586542390876,0.1259847012547283,0,stale_tape,1,0,0.16863,0.166662,0.493324,0.76712,0.57534,part2a21_alpha_positions.csv,part2a21_alpha_eligibility.csv,artifacts_part2_g532/predictions/g532_final_consensus_tape.csv
2021-01-21,,,0,0,0.0,0,0.409517,0,FLAT,0.0,0.0,0.0,0.0,,-0.005093,0.0,0.1487887702106229,0.1171921931659293,0,stale_tape,1,0,0.160884,0.157631,0.476346,0.777162,0.582872,part2a21_alpha_positions.csv,part2a21_alpha_eligibility.csv,artifacts_part2_g532/predictions/g532_final_consensus_tape.csv
2021-01-22,,,0,0,0.0,0,0.404498,0,FLAT,0.0,0.0,0.0,0.0,,1.6e-05,0.0,0.1620255861003278,0.1264046471234964,0,stale_tape,1,0,0.171994,0.17341,0.506011,0.760707,0.57053,part2a21_alpha_positions.csv,part2a21_alpha_eligibility.csv,artifacts_part2_g532/predictions/g532_final_consensus_tape.csv
2021-01-25,,,0,0,0.0,0,0.412428,0,FLAT,0.0,0.0,0.0,0.0,,-0.001165,0.0,0.2044676381990172,0.2039554225639178,0,stale_tape,1,0,0.169958,0.164484,0.48923,0.768104,0.576078,part2a21_alpha_positions.csv,part2a21_alpha_eligibility.csv,artifacts_part2_g532/predictions/g532_final_consensus_tape.csv
2021-01-26,,,0,0,0.0,0,0.417145,0,FLAT,0.0,0.0,0.0,0.0,,-0.025738,0.0,0.2225560670048997,0.2470412961046708,0,stale_tape,1,0,0.143182,0.167778,0.495422,0.777762,0.583321,part2a21_alpha_positions.csv,part2a21_alpha_eligibility.csv,artifacts_part2_g532/predictions/g532_final_consensus_tape.csv
2021-01-27,,,0,0,0.0,0,0.138978,0,FLAT,0.0,0.0,0.0,0.0,,0.010965,0.0,0.2920318476762241,0.6079144172172862,0,stale_tape,1,1,0.237398,0.488777,0.65,0.592099,0.230919,part2a21_alpha_positions.csv,part2a21_alpha_eligibility.csv,artifacts_part2_g532/predictions/g532_final_consensus_tape.csv
2021-01-28,,,0,0,0.0,0,0.136515,0,FLAT,0.0,0.0,0.0,0.0,,-0.018456,0.0,0.2997922305798884,0.5835256070733292,0,stale_tape,1,1,0.236403,0.470023,0.65,0.599111,0.233653,part2a21_alpha_positions.csv,part2a21_alpha_eligibility.csv,artifacts_part2_g532/predictions/g532_final_consensus_tape.csv
2021-01-29,,,0,0,0.0,0,0.148126,0,FLAT,0.0,0.0,0.0,0.0,,0.015052,0.0,0.2484957920261237,0.7220562564511144,0,stale_tape,1,1,0.238133,0.507069,0.65,0.585366,0.263415,part2a21_alpha_positions.csv,part2a21_alpha_eligibility.csv,artifacts_part2_g532/predictions/g532_final_consensus_tape.csv
2021-02-01,,,0,0,0.0,0,0.135316,0,FLAT,0.0,0.0,0.0,0.0,,0.016802,0.0,0.248663065992847,0.7173081782856242,0,stale_tape,1,1,0.31702,0.490102,0.65,0.555805,0.250112,part2a21_alpha_positions.csv,part2a21_alpha_eligibility.csv,artifacts_part2_g532/predictions/g532_final_consensus_tape.csv
2021-02-02,,,0,0,0.0,0,0.162091,0,FLAT,0.0,0.0,0.0,0.0,,0.003449,0.0,0.2434867240904977,0.719493248159158,0,stale_tape,1,1,0.193582,0.29917,0.609205,0.686338,0.308852,part2a21_alpha_positions.csv,part2a21_alpha_eligibility.csv,artifacts_part2_g532/predictions/g532_final_consensus_tape.csv
2021-02-03,,,0,0,0.0,0,0.172861,0,FLAT,0.0,0.0,0.0,0.0,,0.01147,0.0,0.1923040942502414,0.8266182359709657,0,stale_tape,1,0,0.209807,0.210094,0.574977,0.717059,0.322676,part2a21_alpha_positions.csv,part2a21_alpha_eligibility.csv,artifacts_part2_g532/predictions/g532_final_consensus_tape.csv
2021-02-04,,,0,0,0.0,0,0.169963,0,FLAT,0.0,0.0,0.0,0.0,,0.006112,0.0,0.1810554437866297,0.8585466006266507,0,stale_tape,1,0,0.210398,0.21031,0.575383,0.716636,0.322486,part2a21_alpha_positions.csv,part2a21_alpha_eligibility.csv,artifacts_part2_g532/predictions/g532_final_consensus_tape.csv
2021-02-05,,,0,0,0.0,0,0.170912,0,FLAT,0.0,0.0,0.0,0.0,,0.006928,0.0,0.1709471951147147,0.869603572877593,0,stale_tape,1,0,0.207817,0.208691,0.572338,0.718973,0.323538,part2a21_alpha_positions.csv,part2a21_alpha_eligibility.csv,artifacts_part2_g532/predictions/g532_final_consensus_tape.csv
2021-02-08,,,0,0,0.0,0,0.168734,0,FLAT,0.0,0.0,0.0,0.0,,-0.001571,0.0,0.184850849967821,0.8482169731467536,0,stale_tape,1,0,0.213274,0.218703,0.580069,0.711467,0.32016,part2a21_alpha_positions.csv,part2a21_alpha_eligibility.csv,artifacts_part2_g532/predictions/g532_final_consensus_tape.csv
2021-02-09,,,0,0,0.0,0,0.166291,0,FLAT,0.0,0.0,0.0,0.0,,-0.00293,0.0,0.1736207758466533,0.8724533330102936,0,stale_tape,1,0,0.218523,0.236755,0.586707,0.701459,0.315657,part2a21_alpha_positions.csv,part2a21_alpha_eligibility.csv,artifacts_part2_g532/predictions/g532_final_consensus_tape.csv
2021-02-10,,,0,0,0.0,0,0.339236,0,FLAT,0.0,0.0,0.0,0.0,,0.002377,0.0,0.1831365939799598,0.8416906768922922,0,stale_tape,1,0,0.171336,0.18559,0.528909,0.75216,0.56412,part2a21_alpha_positions.csv,part2a21_alpha_eligibility.csv,artifacts_part2_g532/predictions/g532_final_consensus_tape.csv
2021-02-11,,,0,0,0.0,0,0.342487,0,FLAT,0.0,0.0,0.0,0.0,,0.008387,0.0,0.1803460136475505,0.848671535201572,0,stale_tape,1,0,0.171005,0.184419,0.526708,0.753159,0.56487,part2a21_alpha_positions.csv,part2a21_alpha_eligibility.csv,artifacts_part2_g532/predictions/g532_final_consensus_tape.csv
2021-02-12,,,0,0,0.0,0,0.406437,0,FLAT,0.0,0.0,0.0,0.0,,0.0,0.0,0.1761614990540806,0.8472160866205395,0,stale_tape,1,0,0.16436,0.16825,0.49631,0.767888,0.575916,part2a21_alpha_positions.csv,part2a21_alpha_eligibility.csv,artifacts_part2_g532/predictions/g532_final_consensus_tape.csv
2021-02-15,,,0,0,0.0,0,0.416639,0,FLAT,0.0,0.0,0.0,0.0,,0.0063,0.0,0.1683800054512119,0.8697969743967932,0,stale_tape,1,0,0.163089,0.163883,0.4881,0.771631,0.578723,part2a21_alpha_positions.csv,part2a21_alpha_eligibility.csv,artifacts_part2_g532/predictions/g532_final_consensus_tape.csv
2021-02-16,,,0,0,0.0,0,0.445115,0,FLAT,0.0,0.0,0.0,0.0,,-0.000462,0.0,0.2050279280028825,0.8121305252824277,0,stale_tape,1,0,0.173579,0.163414,0.487219,0.767251,0.575438,part2a21_alpha_positions.csv,part2a21_alpha_eligibility.csv,artifacts_part2_g532/predictions/g532_final_consensus_tape.csv
2021-02-17,,,0,0,0.0,0,0.442096,0,FLAT,0.0,0.0,0.0,0.0,,-0.004192,0.0,0.1867342199493543,0.8494225293018403,0,stale_tape,1,0,0.166896,0.163504,0.487388,0.770193,0.577645,part2a21_alpha_positions.csv,part2a21_alpha_eligibility.csv,artifacts_part2_g532/predictions/g532_final_consensus_tape.csv
2021-02-18,,,0,0,0.0,0,0.453641,0,FLAT,0.0,0.0,0.0,0.0,,0.002186,0.0,0.2429155766145409,0.7162361088568171,0,stale_tape,1,0,0.142946,0.165597,0.491323,0.779451,0.584588,part2a21_alpha_positions.csv,part2a21_alpha_eligibility.csv,artifacts_part2_g532/predictions/g532_final_consensus_tape.csv
2021-02-19,,,0,0,0.0,0,0.236432,0,FLAT,0.0,0.0,0.0,0.0,,-0.006263,0.0,0.2672742722827922,0.6561570402973548,0,stale_tape,1,0,0.143683,0.174423,0.507916,0.772711,0.301357,part2a21_alpha_positions.csv,part2a21_alpha_eligibility.csv,artifacts_part2_g532/predictions/g532_final_consensus_tape.csv
2021-02-22,,,0,0,0.0,0,0.441369,0,FLAT,0.0,0.0,0.0,0.0,,0.000491,0.0,0.2271342927827059,0.7581322576226198,0,stale_tape,1,0,0.152052,0.188323,0.534047,0.758854,0.569141,part2a21_alpha_positions.csv,part2a21_alpha_eligibility.csv,artifacts_part2_g532/predictions/g532_final_consensus_tape.csv
2021-02-23,,,0,0,0.0,0,0.445286,0,FLAT,0.0,0.0,0.0,0.0,,0.012375,0.0,0.2637345827239845,0.6642426359294673,0,stale_tape,1,0,0.14982,0.183124,0.524273,0.763633,0.572725,part2a21_alpha_positions.csv,part2a21_alpha_eligibility.csv,artifacts_part2_g532/predictions/g532_final_consensus_tape.csv
2021-02-24,,,0,0,0.0,0,0.440077,0,FLAT,0.0,0.0,0.0,0.0,,-0.010862,0.0,0.171323315591748,0.3940971465385918,0,stale_tape,1,0,0.154629,0.134498,0.432856,0.796772,0.597579,part2a21_alpha_positions.csv,part2a21_alpha_eligibility.csv,artifacts_part2_g532/predictions/g532_final_consensus_tape.csv
2021-02-25,,,0,0,0.0,0,0.197653,0,FLAT,0.0,0.0,0.0,0.0,,-0.014443,0.0,0.2310699087249664,0.6159122073985978,0,stale_tape,1,1,0.288731,0.3229,0.617584,0.63354,0.285093,part2a21_alpha_positions.csv,part2a21_alpha_eligibility.csv,artifacts_part2_g532/predictions/g532_final_consensus_tape.csv
2021-02-26,,,0,0,0.0,0,0.079079,0,FLAT,0.0,0.0,0.0,0.0,,0.025232,0.0,0.2982805888927294,0.6562796290195267,0,stale_tape,1,0,0.187924,0.205492,0.566324,0.730247,0.118665,part2a21_alpha_positions.csv,part2a21_alpha_eligibility.csv,artifacts_part2_g532/predictions/g532_final_consensus_tape.csv
2021-03-01,,,0,0,0.0,0,0.072356,0,FLAT,0.0,0.0,0.0,0.0,,-0.00958,0.0,0.28316366641331,0.6570618333167727,0,stale_tape,1,0,0.16054,0.163927,0.488183,0.772746,0.125571,part2a21_alpha_positions.csv,part2a21_alpha_eligibility.csv,artifacts_part2_g532/predictions/g532_final_consensus_tape.csv
2021-03-02,,,0,0,0.0,0,0.327407,0,FLAT,0.0,0.0,0.0,0.0,,-0.007916,0.0,0.1935829180703159,0.4784080039600404,0,stale_tape,1,0,0.179024,0.162515,0.485528,0.765453,0.57409,part2a21_alpha_positions.csv,part2a21_alpha_eligibility.csv,artifacts_part2_g532/predictions/g532_final_consensus_tape.csv
2021-03-03,,,0,0,0.0,0,0.180337,0,FLAT,0.0,0.0,0.0,0.0,,-0.007434,0.0,0.210088841417149,0.5554279028993295,0,stale_tape,1,1,0.243652,0.200995,0.55787,0.708434,0.318795,part2a21_alpha_positions.csv,part2a21_alpha_eligibility.csv,artifacts_part2_g532/predictions/g532_final_consensus_tape.csv
2021-03-04,,,0,0,0.0,0,0.18943,0,FLAT,0.0,0.0,0.0,0.0,,0.019566,0.0,0.2414730707414354,0.6060757663286582,0,stale_tape,1,0,0.178903,0.187177,0.531894,0.747603,0.336421,part2a21_alpha_positions.csv,part2a21_alpha_eligibility.csv,artifacts_part2_g532/predictions/g532_final_consensus_tape.csv
2021-03-05,,,0,0,0.0,0,0.304765,0,FLAT,0.0,0.0,0.0,0.0,,-0.000977,0.0,0.1702107550873924,0.4037662646389928,0,stale_tape,1,0,0.186331,0.157267,0.475663,0.765975,0.574481,part2a21_alpha_positions.csv,part2a21_alpha_eligibility.csv,artifacts_part2_g532/predictions/g532_final_consensus_tape.csv
2021-03-08,,,0,0,0.0,0,0.301654,0,FLAT,0.0,0.0,0.0,0.0,,0.009166,0.0,0.1696941325474585,0.3968083246045592,0,stale_tape,1,0,0.191466,0.170822,0.501146,0.753823,0.565368,part2a21_alpha_positions.csv,part2a21_alpha_eligibility.csv,artifacts_part2_g532/predictions/g532_final_consensus_tape.csv
2021-03-09,,,0,0,0.0,0,0.179248,0,FLAT,0.0,0.0,0.0,0.0,,0.00407,0.0,0.193187043715635,0.4852478989538127,0,stale_tape,1,0,0.203228,0.164479,0.48922,0.753136,0.338911,part2a21_alpha_positions.csv,part2a21_alpha_eligibility.csv,artifacts_part2_g532/predictions/g532_final_consensus_tape.csv
2021-03-10,,,0,0,0.0,0,0.309449,0,FLAT,0.0,0.0,0.0,0.0,,0.01085,0.0,0.1707145434955163,0.4014090981637206,0,stale_tape,1,0,0.181973,0.157697,0.47647,0.767625,0.575718,part2a21_alpha_positions.csv,part2a21_alpha_eligibility.csv,artifacts_part2_g532/predictions/g532_final_consensus_tape.csv
2021-03-11,,,0,0,0.0,0,0.317478,0,FLAT,0.0,0.0,0.0,0.0,,0.00867,0.0,0.153639879227378,0.3073634914055462,0,stale_tape,1,0,0.171077,0.148846,0.45983,0.778953,0.584215,part2a21_alpha_positions.csv,part2a21_alpha_eligibility.csv,artifacts_part2_g532/predictions/g532_final_consensus_tape.csv
2021-03-12,,,0,0,0.0,0,0.337333,0,FLAT,0.0,0.0,0.0,0.0,,0.00455,0.0,0.1603096493446846,0.3368229141520932,0,stale_tape,1,0,0.155553,0.146991,0.456344,0.787286,0.590464,part2a21_alpha_positions.csv,part2a21_alpha_eligibility.csv,artifacts_part2_g532/predictions/g532_final_consensus_tape.csv
2021-03-15,,,0,0,0.0,0,0.382184,0,FLAT,0.0,0.0,0.0,0.0,,-0.00095,0.0,0.1418531968854319,0.2448564744750958,0,stale_tape,1,0,0.122618,0.126632,0.418068,0.816887,0.612665,part2a21_alpha_positions.csv,part2a21_alpha_eligibility.csv,artifacts_part2_g532/predictions/g532_final_consensus_tape.csv
2021-03-16,,,0,0,0.0,0,0.398299,0,FLAT,0.0,0.0,0.0,0.0,,0.004932,0.0,0.1486917668549509,0.2977154702582796,0,stale_tape,1,0,0.12483,0.121187,0.407832,0.819844,0.614883,part2a21_alpha_positions.csv,part2a21_alpha_eligibility.csv,artifacts_part2_g532/predictions/g532_final_consensus_tape.csv
2021-03-17,,,0,0,0.0,0,0.420067,0,FLAT,0.0,0.0,0.0,0.0,,-0.008554,0.0,0.1454296223138802,0.2808677723455358,0,stale_tape,1,0,0.123562,0.113386,0.393166,0.826079,0.619559,part2a21_alpha_positions.csv,part2a21_alpha_eligibility.csv,artifacts_part2_g532/predictions/g532_final_consensus_tape.csv
2021-03-18,,,0,0,0.0,0,0.407041,0,FLAT,0.0,0.0,0.0,0.0,,-0.001161,0.0,0.160594312210362,0.3571875992051603,0,stale_tape,1,0,0.138658,0.129047,0.422609,0.807916,0.605937,part2a21_alpha_positions.csv,part2a21_alpha_eligibility.csv,artifacts_part2_g532/predictions/g532_final_consensus_tape.csv
2021-03-19,,,0,0,0.0,0,0.445114,0,FLAT,0.0,0.0,0.0,0.0,,0.004606,0.0,0.1699613035103111,0.405061348822985,0,stale_tape,1,0,0.141032,0.112804,0.392072,0.81864,0.61398,part2a21_alpha_positions.csv,part2a21_alpha_eligibility.csv,artifacts_part2_g532/predictions/g532_final_consensus_tape.csv
2021-03-22,,,0,0,0.0,0,0.451261,0,FLAT,0.0,0.0,0.0,0.0,,-0.012299,0.0,0.1499156416526393,0.3073337939333833,0,stale_tape,1,0,0.134114,0.109962,0.386728,0.823816,0.617862,part2a21_alpha_positions.csv,part2a21_alpha_eligibility.csv,artifacts_part2_g532/predictions/g532_final_consensus_tape.csv
2021-03-23,,,0,0,0.0,0,0.410997,0,FLAT,0.0,0.0,0.0,0.0,,-0.006867,0.0,0.1725133890098602,0.3965659679361096,0,stale_tape,1,0,0.151644,0.128717,0.421988,0.802312,0.601734,part2a21_alpha_positions.csv,part2a21_alpha_eligibility.csv,artifacts_part2_g532/predictions/g532_final_consensus_tape.csv
2021-03-24,,,0,0,0.0,0,0.407775,0,FLAT,0.0,0.0,0.0,0.0,,0.006923,0.0,0.1859188521988419,0.4303477048005233,0,stale_tape,1,0,0.170064,0.108053,0.383139,0.809025,0.606769,part2a21_alpha_positions.csv,part2a21_alpha_eligibility.csv,artifacts_part2_g532/predictions/g532_final_consensus_tape.csv
2021-03-25,,,0,0,0.0,0,0.424919,0,FLAT,0.0,0.0,0.0,0.0,,0.019522,0.0,0.1833022964753002,0.4400810324813225,0,stale_tape,1,0,0.138002,0.106412,0.380054,0.824644,0.618483,part2a21_alpha_positions.csv,part2a21_alpha_eligibility.csv,artifacts_part2_g532/predictions/g532_final_consensus_tape.csv
2021-03-26,,,0,0,0.0,0,0.497918,0,FLAT,0.0,0.0,0.0,0.0,,0.002835,0.0,0.1874352838257832,0.4924835559116043,0,stale_tape,1,0,0.138161,0.104401,0.376274,0.826032,0.788016,part2a21_alpha_positions.csv,part2a21_alpha_eligibility.csv,artifacts_part2_g532/predictions/g532_final_consensus_tape.csv
2021-03-29,,,0,0,0.0,0,0.380791,0,FLAT,0.0,0.0,0.0,0.0,,-0.001676,0.0,0.1877429427236941,0.465416055350268,0,stale_tape,1,0,0.164781,0.121399,0.40823,0.801713,0.601285,part2a21_alpha_positions.csv,part2a21_alpha_eligibility.csv,artifacts_part2_g532/predictions/g532_final_consensus_tape.csv
2021-03-30,,,0,0,0.0,0,0.391449,0,FLAT,0.0,0.0,0.0,0.0,,0.005376,0.0,0.1852876847326123,0.4728620352965999,0,stale_tape,1,0,0.126066,0.113611,0.393588,0.824789,0.618592,part2a21_alpha_positions.csv,part2a21_alpha_eligibility.csv,artifacts_part2_g532/predictions/g532_final_consensus_tape.csv
2021-03-31,,,0,0,0.0,0,0.505826,0,FLAT,0.0,0.0,0.0,0.0,,0.00612,0.0,0.1855740129065712,0.4598163067620811,0,stale_tape,1,0,0.120789,0.102136,0.372015,0.835494,0.800083,part2a21_alpha_positions.csv,part2a21_alpha_eligibility.csv,artifacts_part2_g532/predictions/g532_final_consensus_tape.csv
2021-04-01,,,0,0,0.0,0,0.526861,0,FLAT,0.0,0.0,0.0,0.0,,0.0,0.0,0.1842939592149345,0.482541568744804,0,stale_tape,1,0,0.113394,0.088971,0.347265,0.84838,0.816071,part2a21_alpha_positions.csv,part2a21_alpha_eligibility.csv,artifacts_part2_g532/predictions/g532_final_consensus_tape.csv
2021-04-02,,,0,0,0.0,0,0.526544,0,FLAT,0.0,0.0,0.0,0.0,,0.017147,0.0,0.1857896568008047,0.4869248005532869,0,stale_tape,1,0,0.123042,0.084847,0.339513,0.847032,0.814092,part2a21_alpha_positions.csv,part2a21_alpha_eligibility.csv,artifacts_part2_g532/predictions/g532_final_consensus_tape.csv
2021-04-05,,,0,0,0.0,0,0.493832,0,FLAT,0.0,0.0,0.0,0.0,,-0.005417,0.0,0.1891446931347746,0.4977188217868535,0,stale_tape,1,0,0.132279,0.094022,0.356761,0.836215,0.800574,part2a21_alpha_positions.csv,part2a21_alpha_eligibility.csv,artifacts_part2_g532/predictions/g532_final_consensus_tape.csv
2021-04-06,,,0,0,0.0,0,0.517501,0,FLAT,0.0,0.0,0.0,0.0,,0.001875,0.0,0.1839463823785692,0.4536201042824143,0,stale_tape,1,0,0.121355,0.097487,0.363276,0.838614,0.803864,part2a21_alpha_positions.csv,part2a21_alpha_eligibility.csv,artifacts_part2_g532/predictions/g532_final_consensus_tape.csv
2021-04-07,,,0,0,0.0,0,0.546394,0,FLAT,0.0,0.0,0.0,0.0,,0.001428,0.0,0.1820256023042431,0.4297727214177783,0,stale_tape,1,0,0.120848,0.080853,0.332004,0.850919,0.81893,part2a21_alpha_positions.csv,part2a21_alpha_eligibility.csv,artifacts_part2_g532/predictions/g532_final_consensus_tape.csv
2021-04-08,,,0,0,0.0,0,0.521129,0,FLAT,0.0,0.0,0.0,0.0,,0.009801,0.0,0.1836206989340789,0.4349337334296039,0,stale_tape,1,0,0.153814,0.099635,0.367313,0.822449,0.783165,part2a21_alpha_positions.csv,part2a21_alpha_eligibility.csv,artifacts_part2_g532/predictions/g532_final_consensus_tape.csv
2021-04-09,,,0,0,0.0,0,0.589114,0,FLAT,0.0,0.0,0.0,0.0,,0.001065,0.0,0.1843121740753304,0.431608719922351,0,stale_tape,1,0,0.118182,0.074418,0.319905,0.856791,0.826236,part2a21_alpha_positions.csv,part2a21_alpha_eligibility.csv,artifacts_part2_g532/predictions/g532_final_consensus_tape.csv
2021-04-12,,,0,0,0.0,0,0.57376,0,FLAT,0.0,0.0,0.0,0.0,,-0.001413,0.0,0.1854244155113107,0.4413704407509551,0,stale_tape,1,0,0.14131,0.081238,0.332728,0.841432,0.806627,part2a21_alpha_positions.csv,part2a21_alpha_eligibility.csv,artifacts_part2_g532/predictions/g532_final_consensus_tape.csv
2021-04-13,,,0,0,0.0,0,0.562779,0,FLAT,0.0,0.0,0.0,0.0,,-0.001991,0.0,0.1801108859485722,0.3953798293814197,0,stale_tape,1,0,0.144456,0.097609,0.363506,0.82813,0.790349,part2a21_alpha_positions.csv,part2a21_alpha_eligibility.csv,artifacts_part2_g532/predictions/g532_final_consensus_tape.csv
2021-04-14,,,0,0,0.0,0,0.559232,0,FLAT,0.0,0.0,0.0,0.0,,0.004287,0.0,0.2027603179838563,0.5525725974940522,0,stale_tape,1,0,0.147524,0.093397,0.355586,0.829808,0.79228,part2a21_alpha_positions.csv,part2a21_alpha_eligibility.csv,artifacts_part2_g532/predictions/g532_final_consensus_tape.csv
2021-04-15,,,0,0,0.0,0,0.429744,0,FLAT,0.0,0.0,0.0,0.0,,0.006208,0.0,0.2030078076208907,0.564466792126469,0,stale_tape,1,0,0.169825,0.108219,0.383452,0.809012,0.606759,part2a21_alpha_positions.csv,part2a21_alpha_eligibility.csv,artifacts_part2_g532/predictions/g532_final_consensus_tape.csv
2021-04-16,,,0,0,0.0,0,0.55975,0,FLAT,0.0,0.0,0.0,0.0,,-0.003889,0.0,0.1876830861664975,0.4676613437333725,0,stale_tape,1,0,0.142985,0.098122,0.364469,0.828421,0.79075,part2a21_alpha_positions.csv,part2a21_alpha_eligibility.csv,artifacts_part2_g532/predictions/g532_final_consensus_tape.csv
2021-04-19,,,0,0,0.0,0,0.595631,0,FLAT,0.0,0.0,0.0,0.0,,-0.010335,0.0,0.1997254697605446,0.5049804034657902,0,stale_tape,1,0,0.169602,0.101975,0.371714,0.813645,0.77204,part2a21_alpha_positions.csv,part2a21_alpha_eligibility.csv,artifacts_part2_g532/predictions/g532_final_consensus_tape.csv
2021-04-20,,,0,0,0.0,0,0.440511,0,FLAT,0.0,0.0,0.0,0.0,,0.008827,0.0,0.1839392472732196,0.4031237958679586,0,stale_tape,1,0,0.190629,0.112775,0.392016,0.796343,0.597257,part2a21_alpha_positions.csv,part2a21_alpha_eligibility.csv,artifacts_part2_g532/predictions/g532_final_consensus_tape.csv
2021-04-21,,,0,0,0.0,0,0.439487,0,FLAT,0.0,0.0,0.0,0.0,,-0.010005,0.0,0.2188233974364646,0.4665745463707456,0,stale_tape,1,0,0.148094,0.112768,0.392003,0.815488,0.611616,part2a21_alpha_positions.csv,part2a21_alpha_eligibility.csv,artifacts_part2_g532/predictions/g532_final_consensus_tape.csv
2021-04-22,,,0,0,0.0,0,0.419691,0,FLAT,0.0,0.0,0.0,0.0,,0.011913,0.0,0.2360248837021358,0.5426956282374428,0,stale_tape,1,0,0.142295,0.119175,0.404049,0.813446,0.610084,part2a21_alpha_positions.csv,part2a21_alpha_eligibility.csv,artifacts_part2_g532/predictions/g532_final_consensus_tape.csv
2021-04-23,,,0,0,0.0,0,0.418207,0,FLAT,0.0,0.0,0.0,0.0,,0.003213,0.0,0.2157752372155338,0.4506999955158002,0,stale_tape,1,0,0.138315,0.109183,0.385264,0.822492,0.616869,part2a21_alpha_positions.csv,part2a21_alpha_eligibility.csv,artifacts_part2_g532/predictions/g532_final_consensus_tape.csv
2021-04-26,,,0,0,0.0,0,0.413516,0,FLAT,0.0,0.0,0.0,0.0,,0.003629,0.0,0.2060802686714305,0.4016666750338135,0,stale_tape,1,0,0.147652,0.113703,0.393762,0.815008,0.611256,part2a21_alpha_positions.csv,part2a21_alpha_eligibility.csv,artifacts_part2_g532/predictions/g532_final_consensus_tape.csv
2021-04-27,,,0,0,0.0,0,0.543323,0,FLAT,0.0,0.0,0.0,0.0,,-0.001785,0.0,0.2043616485870247,0.3872731223881529,0,stale_tape,1,0,0.129396,0.092516,0.35393,0.838605,0.803583,part2a21_alpha_positions.csv,part2a21_alpha_eligibility.csv,artifacts_part2_g532/predictions/g532_final_consensus_tape.csv
2021-04-28,,,0,0,0.0,0,0.542201,0,FLAT,0.0,0.0,0.0,0.0,,0.008407,0.0,0.2040569999116784,0.4007774742986434,0,stale_tape,1,0,0.131618,0.093296,0.355397,0.837039,0.801599,part2a21_alpha_positions.csv,part2a21_alpha_eligibility.csv,artifacts_part2_g532/predictions/g532_final_consensus_tape.csv
2021-04-29,,,0,0,0.0,0,0.545239,0,FLAT,0.0,0.0,0.0,0.0,,-0.007504,0.0,0.2006773211180237,0.356552689470811,0,stale_tape,1,0,0.115325,0.087473,0.344449,0.848598,0.816273,part2a21_alpha_positions.csv,part2a21_alpha_eligibility.csv,artifacts_part2_g532/predictions/g532_final_consensus_tape.csv
2021-04-30,,,0,0,0.0,0,0.402968,0,FLAT,0.0,0.0,0.0,0.0,,0.000564,0.0,0.2071747402667063,0.3855857509789008,0,stale_tape,1,0,0.13788,0.120226,0.406025,0.81467,0.611002,part2a21_alpha_positions.csv,part2a21_alpha_eligibility.csv,artifacts_part2_g532/predictions/g532_final_consensus_tape.csv
2021-05-03,,,0,0,0.0,0,0.396303,0,FLAT,0.0,0.0,0.0,0.0,,-0.007419,0.0,0.2296666472840565,0.5302606587064959,0,stale_tape,1,0,0.15635,0.133381,0.430757,0.796808,0.597606,part2a21_alpha_positions.csv,part2a21_alpha_eligibility.csv,artifacts_part2_g532/predictions/g532_final_consensus_tape.csv
2021-05-04,,,0,0,0.0,0,0.394018,0,FLAT,0.0,0.0,0.0,0.0,,-0.001041,0.0,0.221855436295213,0.49278743604594,0,stale_tape,1,0,0.169507,0.150106,0.462198,0.778745,0.584059,part2a21_alpha_positions.csv,part2a21_alpha_eligibility.csv,artifacts_part2_g532/predictions/g532_final_consensus_tape.csv
2021-05-05,,,0,0,0.0,0,0.404347,0,FLAT,0.0,0.0,0.0,0.0,,0.007667,0.0,0.2260908552817984,0.5022463468998675,0,stale_tape,1,0,0.166178,0.148009,0.458257,0.781765,0.586324,part2a21_alpha_positions.csv,part2a21_alpha_eligibility.csv,artifacts_part2_g532/predictions/g532_final_consensus_tape.csv
2021-05-06,,,0,0,0.0,0,0.561486,0,FLAT,0.0,0.0,0.0,0.0,,0.006763,0.0,0.211062237224726,0.4276913238906013,0,stale_tape,1,0,0.128234,0.105201,0.377779,0.829919,0.793057,part2a21_alpha_positions.csv,part2a21_alpha_eligibility.csv,artifacts_part2_g532/predictions/g532_final_consensus_tape.csv
2021-05-07,,,0,0,0.0,0,0.578573,0,FLAT,0.0,0.0,0.0,0.0,,-0.00783,0.0,0.1923923448098982,0.3501028738276959,0,stale_tape,1,0,0.142238,0.099082,0.366275,0.828059,0.790336,part2a21_alpha_positions.csv,part2a21_alpha_eligibility.csv,artifacts_part2_g532/predictions/g532_final_consensus_tape.csv
2021-05-10,,,0,0,0.0,0,0.417723,0,FLAT,0.0,0.0,0.0,0.0,,-0.007145,0.0,0.2085799821130154,0.4069342228771726,0,stale_tape,1,0,0.163573,0.148866,0.459868,0.782315,0.586736,part2a21_alpha_positions.csv,part2a21_alpha_eligibility.csv,artifacts_part2_g532/predictions/g532_final_consensus_tape.csv
2021-05-11,,,0,0,0.0,0,0.245642,0,FLAT,0.0,0.0,0.0,0.0,,-0.016745,0.0,0.2549056804045505,0.6651888910268876,0,stale_tape,1,0,0.180773,0.147666,0.457613,0.775446,0.348951,part2a21_alpha_positions.csv,part2a21_alpha_eligibility.csv,artifacts_part2_g532/predictions/g532_final_consensus_tape.csv
2021-05-12,,,0,0,0.0,0,0.184156,0,FLAT,0.0,0.0,0.0,0.0,,0.008474,0.0,0.2495795947406121,0.6041967418242543,0,stale_tape,1,1,0.326469,0.302302,0.610316,0.62522,0.281349,part2a21_alpha_positions.csv,part2a21_alpha_eligibility.csv,artifacts_part2_g532/predictions/g532_final_consensus_tape.csv
2021-05-13,,,0,0,0.0,0,0.207953,0,FLAT,0.0,0.0,0.0,0.0,,0.013043,0.0,0.2279102792889855,0.5157844616641589,0,stale_tape,1,1,0.263511,0.19163,0.540265,0.706296,0.317833,part2a21_alpha_positions.csv,part2a21_alpha_eligibility.csv,artifacts_part2_g532/predictions/g532_final_consensus_tape.csv
2021-05-14,,,0,0,0.0,0,0.3712,0,FLAT,0.0,0.0,0.0,0.0,,-0.001442,0.0,0.1997552384691265,0.3538825132048792,0,stale_tape,1,0,0.176725,0.129887,0.424187,0.790176,0.592632,part2a21_alpha_positions.csv,part2a21_alpha_eligibility.csv,artifacts_part2_g532/predictions/g532_final_consensus_tape.csv
2021-05-17,,,0,0,0.0,0,0.375983,0,FLAT,0.0,0.0,0.0,0.0,,-0.008675,0.0,0.2051169993778394,0.4078336198900054,0,stale_tape,1,0,0.159484,0.12658,0.41797,0.800335,0.600251,part2a21_alpha_positions.csv,part2a21_alpha_eligibility.csv,artifacts_part2_g532/predictions/g532_final_consensus_tape.csv
2021-05-18,,,0,0,0.0,0,0.362997,0,FLAT,0.0,0.0,0.0,0.0,,0.000342,0.0,0.2179224522257073,0.4753942042502788,0,stale_tape,1,0,0.167393,0.155117,0.471619,0.776058,0.582044,part2a21_alpha_positions.csv,part2a21_alpha_eligibility.csv,artifacts_part2_g532/predictions/g532_final_consensus_tape.csv
2021-05-19,,,0,0,0.0,0,0.36458,0,FLAT,0.0,0.0,0.0,0.0,,0.006487,0.0,0.2218962495316938,0.3139770163610145,0,stale_tape,1,0,0.143,0.165385,0.490924,0.779581,0.584686,part2a21_alpha_positions.csv,part2a21_alpha_eligibility.csv,artifacts_part2_g532/predictions/g532_final_consensus_tape.csv
2021-05-20,,,0,0,0.0,0,0.373515,0,FLAT,0.0,0.0,0.0,0.0,,-0.00111,0.0,0.221504634794545,0.3078383929005275,0,stale_tape,1,0,0.132307,0.150344,0.462646,0.795312,0.596484,part2a21_alpha_positions.csv,part2a21_alpha_eligibility.csv,artifacts_part2_g532/predictions/g532_final_consensus_tape.csv
2021-05-21,,,0,0,0.0,0,0.384983,0,FLAT,0.0,0.0,0.0,0.0,,0.009079,0.0,0.2254269141572238,0.3340609978603571,0,stale_tape,1,0,0.126386,0.136968,0.437499,0.807688,0.605766,part2a21_alpha_positions.csv,part2a21_alpha_eligibility.csv,artifacts_part2_g532/predictions/g532_final_consensus_tape.csv
2021-05-24,,,0,0,0.0,0,0.39505,0,FLAT,0.0,0.0,0.0,0.0,,-0.005771,0.0,0.2133743064073644,0.2600373149894833,0,stale_tape,1,0,0.09344,0.116585,0.39918,0.837311,0.627983,part2a21_alpha_positions.csv,part2a21_alpha_eligibility.csv,artifacts_part2_g532/predictions/g532_final_consensus_tape.csv
2021-05-25,,,0,0,0.0,0,0.381916,0,FLAT,0.0,0.0,0.0,0.0,,0.002952,0.0,0.2196303262475049,0.2961422922097359,0,stale_tape,1,0,0.116526,0.145595,0.453719,0.805861,0.604396,part2a21_alpha_positions.csv,part2a21_alpha_eligibility.csv,artifacts_part2_g532/predictions/g532_final_consensus_tape.csv
2021-05-26,,,0,0,0.0,0,0.425804,0,FLAT,0.0,0.0,0.0,0.0,,0.002188,0.0,0.2217563159164652,0.3380560407733906,0,stale_tape,1,0,0.12105,0.126562,0.417936,0.817644,0.613233,part2a21_alpha_positions.csv,part2a21_alpha_eligibility.csv,artifacts_part2_g532/predictions/g532_final_consensus_tape.csv
2021-05-27,,,0,0,0.0,0,0.440796,0,FLAT,0.0,0.0,0.0,0.0,,0.002032,0.0,0.2155372590933351,0.2881397925718784,0,stale_tape,1,0,0.11298,0.109469,0.385803,0.833684,0.625263,part2a21_alpha_positions.csv,part2a21_alpha_eligibility.csv,artifacts_part2_g532/predictions/g532_final_consensus_tape.csv
2021-05-28,,,0,0,0.0,0,0.468421,0,FLAT,0.0,0.0,0.0,0.0,,0.0,0.0,0.2232859030435187,0.3298078542407245,0,stale_tape,1,0,0.117272,0.106693,0.380582,0.833769,0.625327,part2a21_alpha_positions.csv,part2a21_alpha_eligibility.csv,artifacts_part2_g532/predictions/g532_final_consensus_tape.csv
2021-05-31,,,0,0,0.0,0,0.608078,0,FLAT,0.0,0.0,0.0,0.0,,-0.000594,0.0,0.2256278907781368,0.3370947495115672,0,stale_tape,1,0,0.105014,0.101188,0.370234,0.843281,0.810115,part2a21_alpha_positions.csv,part2a21_alpha_eligibility.csv,artifacts_part2_g532/predictions/g532_final_consensus_tape.csv
2021-06-01,,,0,0,0.0,0,0.627943,0,FLAT,0.0,0.0,0.0,0.0,,0.000547,0.0,0.2052922493983573,0.2176013125264346,0,stale_tape,1,0,0.130742,0.104477,0.376417,0.829316,0.792242,part2a21_alpha_positions.csv,part2a21_alpha_eligibility.csv,artifacts_part2_g532/predictions/g532_final_consensus_tape.csv
2021-06-02,,,0,0,0.0,0,0.634733,0,FLAT,0.0,0.0,0.0,0.0,,-0.001273,0.0,0.2082553713673764,0.2379296460390008,0,stale_tape,1,0,0.121915,0.100858,0.369612,0.835916,0.800558,part2a21_alpha_positions.csv,part2a21_alpha_eligibility.csv,artifacts_part2_g532/predictions/g532_final_consensus_tape.csv
2021-06-03,,,0,0,0.0,0,0.65703,0,FLAT,0.0,0.0,0.0,0.0,,0.003519,0.0,0.2100788541913872,0.2381850819667162,0,stale_tape,1,0,0.105365,0.094519,0.357696,0.847965,0.815836,part2a21_alpha_positions.csv,part2a21_alpha_eligibility.csv,artifacts_part2_g532/predictions/g532_final_consensus_tape.csv
2021-06-04,,,0,0,0.0,0,0.495386,0,FLAT,0.0,0.0,0.0,0.0,,-6.5e-05,0.0,0.2231240604018418,0.3239617068075679,0,stale_tape,1,0,0.132781,0.114511,0.39528,0.821114,0.615835,part2a21_alpha_positions.csv,part2a21_alpha_eligibility.csv,artifacts_part2_g532/predictions/g532_final_consensus_tape.csv
2021-06-07,,,0,0,0.0,0,0.679948,0,FLAT,0.0,0.0,0.0,0.0,,-0.002719,0.0,0.2240748328139732,0.3300176902735924,0,stale_tape,1,0,0.127035,0.103332,0.374265,0.831815,0.7954,part2a21_alpha_positions.csv,part2a21_alpha_eligibility.csv,artifacts_part2_g532/predictions/g532_final_consensus_tape.csv
2021-06-08,,,0,0,0.0,0,0.527904,0,FLAT,0.0,0.0,0.0,0.0,,-0.004698,0.0,0.2383234738800956,0.4151399600632624,0,stale_tape,1,0,0.159998,0.137125,0.437794,0.792448,0.594336,part2a21_alpha_positions.csv,part2a21_alpha_eligibility.csv,artifacts_part2_g532/predictions/g532_final_consensus_tape.csv
2021-06-09,,,0,0,0.0,0,0.518066,0,FLAT,0.0,0.0,0.0,0.0,,0.00106,0.0,0.2425692650801643,0.4272947448471036,0,stale_tape,1,0,0.149776,0.137022,0.437601,0.797123,0.597842,part2a21_alpha_positions.csv,part2a21_alpha_eligibility.csv,artifacts_part2_g532/predictions/g532_final_consensus_tape.csv
2021-06-10,,,0,0,0.0,0,0.515767,0,FLAT,0.0,0.0,0.0,0.0,,0.003214,0.0,0.229923752894281,0.3767376113143374,0,stale_tape,1,0,0.151978,0.14619,0.454838,0.789476,0.592107,part2a21_alpha_positions.csv,part2a21_alpha_eligibility.csv,artifacts_part2_g532/predictions/g532_final_consensus_tape.csv
2021-06-11,,,0,0,0.0,0,0.504117,0,FLAT,0.0,0.0,0.0,0.0,,0.005628,0.0,0.21251908923881,0.2562181315799817,0,stale_tape,1,0,0.164783,0.153892,0.469316,0.778122,0.583592,part2a21_alpha_positions.csv,part2a21_alpha_eligibility.csv,artifacts_part2_g532/predictions/g532_final_consensus_tape.csv
2021-06-14,,,0,0,0.0,0,0.519582,0,FLAT,0.0,0.0,0.0,0.0,,-0.002273,0.0,0.2294741684038894,0.3496419132616172,0,stale_tape,1,0,0.129287,0.107106,0.381359,0.828062,0.621047,part2a21_alpha_positions.csv,part2a21_alpha_eligibility.csv,artifacts_part2_g532/predictions/g532_final_consensus_tape.csv
2021-06-15,,,0,0,0.0,0,0.668736,0,FLAT,0.0,0.0,0.0,0.0,,0.001378,0.0,0.2261414294887741,0.3359507067983683,0,stale_tape,1,0,0.118022,0.099625,0.367295,0.838562,0.803914,part2a21_alpha_positions.csv,part2a21_alpha_eligibility.csv,artifacts_part2_g532/predictions/g532_final_consensus_tape.csv
2021-06-16,,,0,0,0.0,0,0.667225,0,FLAT,0.0,0.0,0.0,0.0,,-0.003936,0.0,0.2050015825539688,0.5904665136824229,0,stale_tape,1,0,0.129085,0.093531,0.355838,0.838009,0.802866,part2a21_alpha_positions.csv,part2a21_alpha_eligibility.csv,artifacts_part2_g532/predictions/g532_final_consensus_tape.csv
2021-06-17,,,0,0,0.0,0,0.279095,0,FLAT,0.0,0.0,0.0,0.0,,-0.019005,0.0,0.2067079365683595,0.565037365252501,0,stale_tape,1,0,0.210242,0.15582,0.472941,0.756266,0.34032,part2a21_alpha_positions.csv,part2a21_alpha_eligibility.csv,artifacts_part2_g532/predictions/g532_final_consensus_tape.csv
2021-06-18,,,0,0,0.0,0,0.195725,0,FLAT,0.0,0.0,0.0,0.0,,0.017112,0.0,0.2164850881629118,0.4295958660136541,0,stale_tape,1,1,0.248202,0.395243,0.642575,0.621459,0.279657,part2a21_alpha_positions.csv,part2a21_alpha_eligibility.csv,artifacts_part2_g532/predictions/g532_final_consensus_tape.csv
2021-06-21,,,0,0,0.0,0,0.389944,0,FLAT,0.0,0.0,0.0,0.0,,0.003471,0.0,0.2116593310882398,0.4916683667264758,0,stale_tape,1,0,0.14037,0.110279,0.387325,0.82077,0.615578,part2a21_alpha_positions.csv,part2a21_alpha_eligibility.csv,artifacts_part2_g532/predictions/g532_final_consensus_tape.csv
2021-06-22,,,0,0,0.0,0,0.387535,0,FLAT,0.0,0.0,0.0,0.0,,0.000919,0.0,0.2003763503930141,0.6538609686590723,0,stale_tape,1,0,0.140616,0.115443,0.397033,0.816911,0.612683,part2a21_alpha_positions.csv,part2a21_alpha_eligibility.csv,artifacts_part2_g532/predictions/g532_final_consensus_tape.csv
2021-06-23,,,0,0,0.0,0,0.391136,0,FLAT,0.0,0.0,0.0,0.0,,0.005878,0.0,0.2045000706581155,0.5810023218231685,0,stale_tape,1,0,0.144409,0.110063,0.386918,0.81911,0.614333,part2a21_alpha_positions.csv,part2a21_alpha_eligibility.csv,artifacts_part2_g532/predictions/g532_final_consensus_tape.csv
2021-06-24,,,0,0,0.0,0,0.391365,0,FLAT,0.0,0.0,0.0,0.0,,0.005778,0.0,0.1960134590004194,0.6947075969374247,0,stale_tape,1,0,0.135565,0.108218,0.383449,0.82443,0.618322,part2a21_alpha_positions.csv,part2a21_alpha_eligibility.csv,artifacts_part2_g532/predictions/g532_final_consensus_tape.csv
2021-06-25,,,0,0,0.0,0,0.513982,0,FLAT,0.0,0.0,0.0,0.0,,-0.001046,0.0,0.1883650250074645,0.8191092394501046,0,stale_tape,1,0,0.110482,0.09185,0.352679,0.8476,0.815215,part2a21_alpha_positions.csv,part2a21_alpha_eligibility.csv,artifacts_part2_g532/predictions/g532_final_consensus_tape.csv
2021-06-28,,,0,0,0.0,0,0.393384,0,FLAT,0.0,0.0,0.0,0.0,,-8.1e-05,0.0,0.1963983069079533,0.6959263923920984,0,stale_tape,1,0,0.125342,0.108427,0.383842,0.828878,0.621659,part2a21_alpha_positions.csv,part2a21_alpha_eligibility.csv,artifacts_part2_g532/predictions/g532_final_consensus_tape.csv
2021-06-29,,,0,0,0.0,0,0.391115,0,FLAT,0.0,0.0,0.0,0.0,,-0.000645,0.0,0.2016494735482632,0.6247039119997922,0,stale_tape,1,0,0.140753,0.108037,0.383109,0.822226,0.61667,part2a21_alpha_positions.csv,part2a21_alpha_eligibility.csv,artifacts_part2_g532/predictions/g532_final_consensus_tape.csv
2021-06-30,,,0,0,0.0,0,0.50757,0,FLAT,0.0,0.0,0.0,0.0,,0.006345,0.0,0.2081483861815155,0.5495162059132094,0,stale_tape,1,0,0.123404,0.099666,0.367372,0.836111,0.800745,part2a21_alpha_positions.csv,part2a21_alpha_eligibility.csv,artifacts_part2_g532/predictions/g532_final_consensus_tape.csv
2021-07-01,,,0,0,0.0,0,0.516068,0,FLAT,0.0,0.0,0.0,0.0,,0.003942,0.0,0.1995215585874071,0.684000843847549,0,stale_tape,1,0,0.11881,0.08828,0.345966,0.846444,0.813516,part2a21_alpha_positions.csv,part2a21_alpha_eligibility.csv,artifacts_part2_g532/predictions/g532_final_consensus_tape.csv
2021-07-02,,,0,0,0.0,0,0.60684,0,FLAT,0.0,0.0,0.0,0.0,,0.0,0.0,0.2084598387201536,0.5581261068425839,0,stale_tape,1,0,0.108934,0.095503,0.359546,0.845644,0.812873,part2a21_alpha_positions.csv,part2a21_alpha_eligibility.csv,artifacts_part2_g532/predictions/g532_final_consensus_tape.csv
2021-07-05,,,0,0,0.0,0,0.695859,0,FLAT,0.0,0.0,0.0,0.0,,-0.007139,0.0,0.2152709644526964,0.4589682086984505,0,stale_tape,1,0,0.103225,0.084765,0.339359,0.856009,0.825789,part2a21_alpha_positions.csv,part2a21_alpha_eligibility.csv,artifacts_part2_g532/predictions/g532_final_consensus_tape.csv
2021-07-06,,,0,0,0.0,0,0.485964,0,FLAT,0.0,0.0,0.0,0.0,,0.000519,0.0,0.2125857210358385,0.4834444303212034,0,stale_tape,1,0,0.136094,0.113822,0.393985,0.820123,0.615093,part2a21_alpha_positions.csv,part2a21_alpha_eligibility.csv,artifacts_part2_g532/predictions/g532_final_consensus_tape.csv
2021-07-07,,,0,0,0.0,0,0.472614,0,FLAT,0.0,0.0,0.0,0.0,,-0.010562,0.0,0.2236989875198276,0.3413166037953551,0,stale_tape,1,0,0.158839,0.130373,0.425101,0.797872,0.598404,part2a21_alpha_positions.csv,part2a21_alpha_eligibility.csv,artifacts_part2_g532/predictions/g532_final_consensus_tape.csv
2021-07-08,,,0,0,0.0,0,0.238392,0,FLAT,0.0,0.0,0.0,0.0,,0.015551,0.0,0.2242851111668688,0.331079678863161,0,stale_tape,1,1,0.233091,0.208152,0.571327,0.707991,0.318596,part2a21_alpha_positions.csv,part2a21_alpha_eligibility.csv,artifacts_part2_g532/predictions/g532_final_consensus_tape.csv
2021-07-09,,,0,0,0.0,0,0.417673,0,FLAT,0.0,0.0,0.0,0.0,,0.004131,0.0,0.2106143406469707,0.5220184735173029,0,stale_tape,1,0,0.148498,0.121548,0.408509,0.808932,0.606699,part2a21_alpha_positions.csv,part2a21_alpha_eligibility.csv,artifacts_part2_g532/predictions/g532_final_consensus_tape.csv
2021-07-12,,,0,0,0.0,0,0.416385,0,FLAT,0.0,0.0,0.0,0.0,,-0.000292,0.0,0.2057328631697894,0.5944405593770764,0,stale_tape,1,0,0.152606,0.120114,0.405814,0.808125,0.606094,part2a21_alpha_positions.csv,part2a21_alpha_eligibility.csv,artifacts_part2_g532/predictions/g532_final_consensus_tape.csv
2021-07-13,,,0,0,0.0,0,0.417407,0,FLAT,0.0,0.0,0.0,0.0,,-0.002928,0.0,0.2144804830193164,0.4622504051760054,0,stale_tape,1,0,0.14425,0.122343,0.410006,0.810266,0.6077,part2a21_alpha_positions.csv,part2a21_alpha_eligibility.csv,artifacts_part2_g532/predictions/g532_final_consensus_tape.csv
2021-07-14,,,0,0,0.0,0,0.410243,0,FLAT,0.0,0.0,0.0,0.0,,-0.00742,0.0,0.2074311673125348,0.5949686574873266,0,stale_tape,1,0,0.142473,0.1378,0.439063,0.799845,0.599884,part2a21_alpha_positions.csv,part2a21_alpha_eligibility.csv,artifacts_part2_g532/predictions/g532_final_consensus_tape.csv
2021-07-15,,,0,0,0.0,0,0.4077,0,FLAT,0.0,0.0,0.0,0.0,,-0.00764,0.0,0.2041521653446522,0.6205651181898423,0,stale_tape,1,0,0.150579,0.131647,0.427497,0.800664,0.600498,part2a21_alpha_positions.csv,part2a21_alpha_eligibility.csv,artifacts_part2_g532/predictions/g532_final_consensus_tape.csv
2021-07-16,,,0,0,0.0,0,0.386166,0,FLAT,0.0,0.0,0.0,0.0,,-0.023578,0.0,0.2097035881519834,0.5457197394761598,0,stale_tape,1,0,0.170554,0.170964,0.501413,0.76313,0.572348,part2a21_alpha_positions.csv,part2a21_alpha_eligibility.csv,artifacts_part2_g532/predictions/g532_final_consensus_tape.csv
2021-07-19,,,0,0,0.0,0,0.189395,0,FLAT,0.0,0.0,0.0,0.0,,0.015303,0.0,0.2020677403372765,0.6649417999921329,0,stale_tape,1,1,0.258426,0.210765,0.576239,0.694693,0.312612,part2a21_alpha_positions.csv,part2a21_alpha_eligibility.csv,artifacts_part2_g532/predictions/g532_final_consensus_tape.csv
2021-07-20,,,0,0,0.0,0,0.328285,0,FLAT,0.0,0.0,0.0,0.0,,0.014159,0.0,0.2080183353471537,0.5600585953857272,0,stale_tape,1,0,0.174198,0.164991,0.490183,0.765828,0.574371,part2a21_alpha_positions.csv,part2a21_alpha_eligibility.csv,artifacts_part2_g532/predictions/g532_final_consensus_tape.csv
2021-07-21,,,0,0,0.0,0,0.320994,0,FLAT,0.0,0.0,0.0,0.0,,-0.000177,0.0,0.2025051712256833,0.5997234403836763,0,stale_tape,1,0,0.178676,0.147195,0.456727,0.776732,0.582549,part2a21_alpha_positions.csv,part2a21_alpha_eligibility.csv,artifacts_part2_g532/predictions/g532_final_consensus_tape.csv
2021-07-22,,,0,0,0.0,0,0.333308,0,FLAT,0.0,0.0,0.0,0.0,,0.011475,0.0,0.1928142057187388,0.7193409044810798,0,stale_tape,1,0,0.156394,0.139794,0.442812,0.792132,0.594099,part2a21_alpha_positions.csv,part2a21_alpha_eligibility.csv,artifacts_part2_g532/predictions/g532_final_consensus_tape.csv
2021-07-23,,,0,0,0.0,0,0.331028,0,FLAT,0.0,0.0,0.0,0.0,,0.003227,0.0,0.2014590766217957,0.6294590106896475,0,stale_tape,1,0,0.179275,0.1519,0.465572,0.773047,0.579785,part2a21_alpha_positions.csv,part2a21_alpha_eligibility.csv,artifacts_part2_g532/predictions/g532_final_consensus_tape.csv
2021-07-26,,,0,0,0.0,0,0.336673,0,FLAT,0.0,0.0,0.0,0.0,,-0.008709,0.0,0.1921184042014539,0.7298356141131109,0,stale_tape,1,0,0.161832,0.145695,0.453907,0.785401,0.589051,part2a21_alpha_positions.csv,part2a21_alpha_eligibility.csv,artifacts_part2_g532/predictions/g532_final_consensus_tape.csv
2021-07-27,,,0,0,0.0,0,0.337109,0,FLAT,0.0,0.0,0.0,0.0,,-0.001395,0.0,0.1968890846890666,0.6971233103931143,0,stale_tape,1,0,0.152177,0.137097,0.437742,0.795988,0.596991,part2a21_alpha_positions.csv,part2a21_alpha_eligibility.csv,artifacts_part2_g532/predictions/g532_final_consensus_tape.csv
2021-07-28,,,0,0,0.0,0,0.337586,0,FLAT,0.0,0.0,0.0,0.0,,0.007367,0.0,0.2025756361331001,0.6128034951812024,0,stale_tape,1,0,0.154257,0.135145,0.434073,0.796469,0.597352,part2a21_alpha_positions.csv,part2a21_alpha_eligibility.csv,artifacts_part2_g532/predictions/g532_final_consensus_tape.csv
2021-07-29,,,0,0,0.0,0,0.34664,0,FLAT,0.0,0.0,0.0,0.0,,-0.007707,0.0,0.1994250069277186,0.6374386349058017,0,stale_tape,1,0,0.132997,0.120495,0.40653,0.816672,0.612504,part2a21_alpha_positions.csv,part2a21_alpha_eligibility.csv,artifacts_part2_g532/predictions/g532_final_consensus_tape.csv
2021-07-30,,,0,0,0.0,0,0.337397,0,FLAT,0.0,0.0,0.0,0.0,,-0.006413,0.0,0.1950347621524007,0.6829122370579702,0,stale_tape,1,0,0.153256,0.137722,0.438918,0.795049,0.596286,part2a21_alpha_positions.csv,part2a21_alpha_eligibility.csv,artifacts_part2_g532/predictions/g532_final_consensus_tape.csv
2021-08-02,,,0,0,0.0,0,0.363424,0,FLAT,0.0,0.0,0.0,0.0,,0.007792,0.0,0.2085981927426087,0.5408735142297734,0,stale_tape,1,0,0.167669,0.173255,0.505719,0.762766,0.572074,part2a21_alpha_positions.csv,part2a21_alpha_eligibility.csv,artifacts_part2_g532/predictions/g532_final_consensus_tape.csv
2021-08-03,,,0,0,0.0,0,0.401489,0,FLAT,0.0,0.0,0.0,0.0,,-0.004541,0.0,0.1955222154304509,0.7024949834379801,0,stale_tape,1,0,0.133327,0.126367,0.417569,0.812261,0.609195,part2a21_alpha_positions.csv,part2a21_alpha_eligibility.csv,artifacts_part2_g532/predictions/g532_final_consensus_tape.csv
2021-08-04,,,0,0,0.0,0,0.415795,0,FLAT,0.0,0.0,0.0,0.0,,0.00987,0.0,0.2018356231121278,0.6188110589383459,0,stale_tape,1,0,0.140873,0.131745,0.427681,0.80496,0.60372,part2a21_alpha_positions.csv,part2a21_alpha_eligibility.csv,artifacts_part2_g532/predictions/g532_final_consensus_tape.csv
2021-08-05,,,0,0,0.0,0,0.398613,0,FLAT,0.0,0.0,0.0,0.0,,0.007601,0.0,0.195955534670763,0.6967044161349016,0,stale_tape,1,0,0.152372,0.140764,0.444637,0.793238,0.594928,part2a21_alpha_positions.csv,part2a21_alpha_eligibility.csv,artifacts_part2_g532/predictions/g532_final_consensus_tape.csv
2021-08-06,,,0,0,0.0,0,0.571567,0,FLAT,0.0,0.0,0.0,0.0,,0.00118,0.0,0.2003772613820257,0.613696631204138,0,stale_tape,1,0,0.092681,0.081316,0.332874,0.863258,0.835092,part2a21_alpha_positions.csv,part2a21_alpha_eligibility.csv,artifacts_part2_g532/predictions/g532_final_consensus_tape.csv
2021-08-09,,,0,0,0.0,0,0.42339,0,FLAT,0.0,0.0,0.0,0.0,,0.00314,0.0,0.1931608796198072,0.7140806633900989,0,stale_tape,1,0,0.127371,0.115271,0.396709,0.822997,0.617248,part2a21_alpha_positions.csv,part2a21_alpha_eligibility.csv,artifacts_part2_g532/predictions/g532_final_consensus_tape.csv
2021-08-10,,,0,0,0.0,0,0.439911,0,FLAT,0.0,0.0,0.0,0.0,,0.00129,0.0,0.2048314863158067,0.5720183795920115,0,stale_tape,1,0,0.125214,0.110714,0.388143,0.827275,0.620456,part2a21_alpha_positions.csv,part2a21_alpha_eligibility.csv,artifacts_part2_g532/predictions/g532_final_consensus_tape.csv
2021-08-11,,,0,0,0.0,0,0.437593,0,FLAT,0.0,0.0,0.0,0.0,,0.003942,0.0,0.2016871891851266,0.5039178529661231,0,stale_tape,1,0,0.121114,0.123712,0.412579,0.819684,0.614763,part2a21_alpha_positions.csv,part2a21_alpha_eligibility.csv,artifacts_part2_g532/predictions/g532_final_consensus_tape.csv
2021-08-12,,,0,0,0.0,0,0.594311,0,FLAT,0.0,0.0,0.0,0.0,,-0.003753,0.0,0.2029163126463459,0.5410591480640147,0,stale_tape,1,0,0.102221,0.085128,0.34004,0.856198,0.826056,part2a21_alpha_positions.csv,part2a21_alpha_eligibility.csv,artifacts_part2_g532/predictions/g532_final_consensus_tape.csv
2021-08-13,,,0,0,0.0,0,0.598654,0,FLAT,0.0,0.0,0.0,0.0,,0.000172,0.0,0.2034173381158233,0.5409679348546138,0,stale_tape,1,0,0.110377,0.097123,0.362592,0.843819,0.81059,part2a21_alpha_positions.csv,part2a21_alpha_eligibility.csv,artifacts_part2_g532/predictions/g532_final_consensus_tape.csv
2021-08-16,,,0,0,0.0,0,0.639385,0,FLAT,0.0,0.0,0.0,0.0,,-0.006106,0.0,0.2107691033913744,0.551577621605487,0,stale_tape,1,0,0.086322,0.086175,0.342009,0.862592,0.83449,part2a21_alpha_positions.csv,part2a21_alpha_eligibility.csv,artifacts_part2_g532/predictions/g532_final_consensus_tape.csv
2021-08-17,,,0,0,0.0,0,0.464013,0,FLAT,0.0,0.0,0.0,0.0,,-0.010301,0.0,0.2255020368767088,0.6879176775614239,0,stale_tape,1,0,0.125495,0.118842,0.403423,0.821248,0.615936,part2a21_alpha_positions.csv,part2a21_alpha_eligibility.csv,artifacts_part2_g532/predictions/g532_final_consensus_tape.csv
2021-08-18,,,0,0,0.0,0,0.402295,0,FLAT,0.0,0.0,0.0,0.0,,-0.000802,0.0,0.2334414708886187,0.6766083284518863,0,stale_tape,1,0,0.186445,0.186694,0.530984,0.74456,0.55842,part2a21_alpha_positions.csv,part2a21_alpha_eligibility.csv,artifacts_part2_g532/predictions/g532_final_consensus_tape.csv
2021-08-19,,,0,0,0.0,0,0.246583,0,FLAT,0.0,0.0,0.0,0.0,,0.008817,0.0,0.2372341427783615,0.7099391016660138,0,stale_tape,1,1,0.199033,0.200636,0.557195,0.728774,0.327948,part2a21_alpha_positions.csv,part2a21_alpha_eligibility.csv,artifacts_part2_g532/predictions/g532_final_consensus_tape.csv
2021-08-20,,,0,0,0.0,0,0.423003,0,FLAT,0.0,0.0,0.0,0.0,,0.008563,0.0,0.2248238566268718,0.6156172298681807,0,stale_tape,1,0,0.185376,0.16902,0.497758,0.757872,0.568404,part2a21_alpha_positions.csv,part2a21_alpha_eligibility.csv,artifacts_part2_g532/predictions/g532_final_consensus_tape.csv
2021-08-23,,,0,0,0.0,0,0.581882,0,FLAT,0.0,0.0,0.0,0.0,,0.004305,0.0,0.2159145798169436,0.6077049996040497,0,stale_tape,1,0,0.110917,0.100934,0.369755,0.840809,0.806895,part2a21_alpha_positions.csv,part2a21_alpha_eligibility.csv,artifacts_part2_g532/predictions/g532_final_consensus_tape.csv
2021-08-24,,,0,0,0.0,0,0.601261,0,FLAT,0.0,0.0,0.0,0.0,,0.005775,0.0,0.2079181771983904,0.5700508143813391,0,stale_tape,1,0,0.088751,0.08253,0.335156,0.864145,0.836325,part2a21_alpha_positions.csv,part2a21_alpha_eligibility.csv,artifacts_part2_g532/predictions/g532_final_consensus_tape.csv
2021-08-25,,,0,0,0.0,0,0.593888,0,FLAT,0.0,0.0,0.0,0.0,,-0.005858,0.0,0.2023845147334396,0.5561552023982766,0,stale_tape,1,0,0.092018,0.082795,0.335655,0.862483,0.834157,part2a21_alpha_positions.csv,part2a21_alpha_eligibility.csv,artifacts_part2_g532/predictions/g532_final_consensus_tape.csv
2021-08-26,,,0,0,0.0,0,0.443564,0,FLAT,0.0,0.0,0.0,0.0,,0.005586,0.0,0.2095774844444058,0.6074470031603462,0,stale_tape,1,0,0.098718,0.109182,0.385263,0.84031,0.630233,part2a21_alpha_positions.csv,part2a21_alpha_eligibility.csv,artifacts_part2_g532/predictions/g532_final_consensus_tape.csv
2021-08-27,,,0,0,0.0,0,0.575439,0,FLAT,0.0,0.0,0.0,0.0,,0.002619,0.0,0.1986583388520716,0.5170764224067907,0,stale_tape,1,0,0.10214,0.0923,0.353525,0.851027,0.819702,part2a21_alpha_positions.csv,part2a21_alpha_eligibility.csv,artifacts_part2_g532/predictions/g532_final_consensus_tape.csv
2021-08-30,,,0,0,0.0,0,0.572641,0,FLAT,0.0,0.0,0.0,0.0,,0.000167,0.0,0.2080344665579864,0.5681080819300189,0,stale_tape,1,0,0.099408,0.098145,0.364512,0.848013,0.816098,part2a21_alpha_positions.csv,part2a21_alpha_eligibility.csv,artifacts_part2_g532/predictions/g532_final_consensus_tape.csv
2021-08-31,,,0,0,0.0,0,0.595066,0,FLAT,0.0,0.0,0.0,0.0,,0.000633,0.0,0.2067677769019303,0.5772141483416114,0,stale_tape,1,0,0.09904,0.08336,0.336717,0.858913,0.829509,part2a21_alpha_positions.csv,part2a21_alpha_eligibility.csv,artifacts_part2_g532/predictions/g532_final_consensus_tape.csv
2021-09-01,,,0,0,0.0,0,0.655336,0,FLAT,0.0,0.0,0.0,0.0,,0.001786,0.0,0.2134645739970201,0.6066874633611091,0,stale_tape,1,0,0.084044,0.075653,0.322227,0.871256,0.845297,part2a21_alpha_positions.csv,part2a21_alpha_eligibility.csv,artifacts_part2_g532/predictions/g532_final_consensus_tape.csv
2021-09-02,,,0,0,0.0,0,0.655582,0,FLAT,0.0,0.0,0.0,0.0,,0.002006,0.0,0.2094339596315263,0.5904113167762635,0,stale_tape,1,0,0.086896,0.081192,0.332642,0.865951,0.838623,part2a21_alpha_positions.csv,part2a21_alpha_eligibility.csv,artifacts_part2_g532/predictions/g532_final_consensus_tape.csv
2021-09-03,,,0,0,0.0,0,0.671103,0,FLAT,0.0,0.0,0.0,0.0,,0.0,0.0,0.2121293263765107,0.5639422173676264,0,stale_tape,1,0,0.090127,0.078599,0.327766,0.86638,0.839042,part2a21_alpha_positions.csv,part2a21_alpha_eligibility.csv,artifacts_part2_g532/predictions/g532_final_consensus_tape.csv
2021-09-06,,,0,0,0.0,0,0.692339,0,FLAT,0.0,0.0,0.0,0.0,,0.000236,0.0,0.2151332151628114,0.6030124962657729,0,stale_tape,1,0,0.087962,0.077828,0.326316,0.867914,0.841017,part2a21_alpha_positions.csv,part2a21_alpha_eligibility.csv,artifacts_part2_g532/predictions/g532_final_consensus_tape.csv
2021-09-07,,,0,0,0.0,0,0.661385,0,FLAT,0.0,0.0,0.0,0.0,,-0.003706,0.0,0.22477545007016,0.6322348788744113,0,stale_tape,1,0,0.119007,0.104519,0.376495,0.834566,0.799013,part2a21_alpha_positions.csv,part2a21_alpha_eligibility.csv,artifacts_part2_g532/predictions/g532_final_consensus_tape.csv
2021-09-08,,,0,0,0.0,0,0.485758,0,FLAT,0.0,0.0,0.0,0.0,,-0.007316,0.0,0.2213461395241028,0.6444911356306952,0,stale_tape,1,0,0.175152,0.14543,0.453409,0.779599,0.5847,part2a21_alpha_positions.csv,part2a21_alpha_eligibility.csv,artifacts_part2_g532/predictions/g532_final_consensus_tape.csv
2021-09-09,,,0,0,0.0,0,0.270933,0,FLAT,0.0,0.0,0.0,0.0,,-0.004595,0.0,0.2261973196256081,0.658884950905287,0,stale_tape,1,1,0.209766,0.182227,0.522587,0.737309,0.331789,part2a21_alpha_positions.csv,part2a21_alpha_eligibility.csv,artifacts_part2_g532/predictions/g532_final_consensus_tape.csv
2021-09-10,,,0,0,0.0,0,0.255334,0,FLAT,0.0,0.0,0.0,0.0,,0.001143,0.0,0.2252438447502404,0.6839068157958087,0,stale_tape,1,1,0.225587,0.267607,0.597913,0.685241,0.308358,part2a21_alpha_positions.csv,part2a21_alpha_eligibility.csv,artifacts_part2_g532/predictions/g532_final_consensus_tape.csv
2021-09-13,,,0,0,0.0,0,0.27421,0,FLAT,0.0,0.0,0.0,0.0,,-0.008957,0.0,0.2227944510227558,0.6542716676461319,0,stale_tape,1,1,0.209484,0.191919,0.540808,0.730399,0.32868,part2a21_alpha_positions.csv,part2a21_alpha_eligibility.csv,artifacts_part2_g532/predictions/g532_final_consensus_tape.csv
2021-09-14,,,0,0,0.0,0,0.640732,0,FLAT,0.0,0.0,0.0,0.0,,0.01002,0.0,0.2221689381430165,0.6532815159787008,0,stale_tape,1,0,0.112883,0.104561,0.376575,0.837291,0.802537,part2a21_alpha_positions.csv,part2a21_alpha_eligibility.csv,artifacts_part2_g532/predictions/g532_final_consensus_tape.csv
2021-09-15,,,0,0,0.0,0,0.598967,0,FLAT,0.0,0.0,0.0,0.0,,0.001436,0.0,0.2129630274733745,0.5713415476945992,0,stale_tape,1,0,0.118654,0.095935,0.360358,0.840957,0.806813,part2a21_alpha_positions.csv,part2a21_alpha_eligibility.csv,artifacts_part2_g532/predictions/g532_final_consensus_tape.csv
2021-09-16,,,0,0,0.0,0,0.601972,0,FLAT,0.0,0.0,0.0,0.0,,-0.006937,0.0,0.2097501974988802,0.6093328604749216,0,stale_tape,1,0,0.110306,0.09765,0.363581,0.843468,0.810164,part2a21_alpha_positions.csv,part2a21_alpha_eligibility.csv,artifacts_part2_g532/predictions/g532_final_consensus_tape.csv
2021-09-17,,,0,0,0.0,0,0.45136,0,FLAT,0.0,0.0,0.0,0.0,,-0.021522,0.0,0.2147105016595968,0.6015996569104504,0,stale_tape,1,0,0.127714,0.123165,0.411551,0.817111,0.612833,part2a21_alpha_positions.csv,part2a21_alpha_eligibility.csv,artifacts_part2_g532/predictions/g532_final_consensus_tape.csv
2021-09-20,,,0,0,0.0,0,0.21261,0,FLAT,0.0,0.0,0.0,0.0,,-0.000377,0.0,0.223806629097346,0.6753509752557019,0,stale_tape,1,1,0.207189,0.205038,0.565472,0.721907,0.324858,part2a21_alpha_positions.csv,part2a21_alpha_eligibility.csv,artifacts_part2_g532/predictions/g532_final_consensus_tape.csv
2021-09-21,,,0,0,0.0,0,0.201963,0,FLAT,0.0,0.0,0.0,0.0,,0.008663,0.0,0.2281553322554376,0.6194574764093598,0,stale_tape,1,1,0.286195,0.207142,0.569426,0.684827,0.308172,part2a21_alpha_positions.csv,part2a21_alpha_eligibility.csv,artifacts_part2_g532/predictions/g532_final_consensus_tape.csv
2021-09-22,,,0,0,0.0,0,0.356344,0,FLAT,0.0,0.0,0.0,0.0,,0.021101,0.0,0.2221886984033435,0.5963337624766843,0,stale_tape,1,0,0.184937,0.175804,0.510511,0.753145,0.564859,part2a21_alpha_positions.csv,part2a21_alpha_eligibility.csv,artifacts_part2_g532/predictions/g532_final_consensus_tape.csv
2021-09-23,,,0,0,0.0,0,0.346947,0,FLAT,0.0,0.0,0.0,0.0,,0.004683,0.0,0.200344951147103,0.5728672663775733,0,stale_tape,1,0,0.141682,0.128496,0.421573,0.806955,0.605216,part2a21_alpha_positions.csv,part2a21_alpha_eligibility.csv,artifacts_part2_g532/predictions/g532_final_consensus_tape.csv
2021-09-24,,,0,0,0.0,0,0.352103,0,FLAT,0.0,0.0,0.0,0.0,,-0.000155,0.0,0.1952205946795841,0.5818202150497674,0,stale_tape,1,0,0.124736,0.123992,0.413105,0.817851,0.613388,part2a21_alpha_positions.csv,part2a21_alpha_eligibility.csv,artifacts_part2_g532/predictions/g532_final_consensus_tape.csv
2021-09-27,,,0,0,0.0,0,0.343524,0,FLAT,0.0,0.0,0.0,0.0,,-0.016367,0.0,0.1986358351752579,0.5797182407005165,0,stale_tape,1,0,0.138754,0.14257,0.448031,0.798055,0.598541,part2a21_alpha_positions.csv,part2a21_alpha_eligibility.csv,artifacts_part2_g532/predictions/g532_final_consensus_tape.csv
2021-09-28,,,0,0,0.0,0,0.317337,0,FLAT,0.0,0.0,0.0,0.0,,0.00053,0.0,0.2079479528936106,0.5483279749692022,0,stale_tape,1,0,0.166534,0.176288,0.511422,0.761074,0.570806,part2a21_alpha_positions.csv,part2a21_alpha_eligibility.csv,artifacts_part2_g532/predictions/g532_final_consensus_tape.csv
2021-09-29,,,0,0,0.0,0,0.32518,0,FLAT,0.0,0.0,0.0,0.0,,-0.013963,0.0,0.2129545100354296,0.56844018220773,0,stale_tape,1,0,0.157525,0.174424,0.507917,0.766482,0.574861,part2a21_alpha_positions.csv,part2a21_alpha_eligibility.csv,artifacts_part2_g532/predictions/g532_final_consensus_tape.csv
2021-09-30,,,0,0,0.0,0,0.164557,0,FLAT,0.0,0.0,0.0,0.0,,0.007823,0.0,0.2149225164356363,0.5468112086892415,0,stale_tape,1,1,0.229218,0.320834,0.616858,0.661188,0.297535,part2a21_alpha_positions.csv,part2a21_alpha_eligibility.csv,artifacts_part2_g532/predictions/g532_final_consensus_tape.csv
2021-10-01,,,0,0,0.0,0,0.153836,0,FLAT,0.0,0.0,0.0,0.0,,-0.011167,0.0,0.2155449440623715,0.6117147425402041,0,stale_tape,1,1,0.302164,0.331145,0.620473,0.624031,0.280814,part2a21_alpha_positions.csv,part2a21_alpha_eligibility.csv,artifacts_part2_g532/predictions/g532_final_consensus_tape.csv
2021-10-04,,,0,0,0.0,0,0.175694,0,FLAT,0.0,0.0,0.0,0.0,,0.012791,0.0,0.2251013723125401,0.6277131105667525,0,stale_tape,1,1,0.218836,0.297513,0.608616,0.675671,0.304052,part2a21_alpha_positions.csv,part2a21_alpha_eligibility.csv,artifacts_part2_g532/predictions/g532_final_consensus_tape.csv
2021-10-05,,,0,0,0.0,0,0.334404,0,FLAT,0.0,0.0,0.0,0.0,,0.004176,0.0,0.2161215953662149,0.583031096130935,0,stale_tape,1,0,0.142118,0.150544,0.463023,0.790752,0.593064,part2a21_alpha_positions.csv,part2a21_alpha_eligibility.csv,artifacts_part2_g532/predictions/g532_final_consensus_tape.csv
2021-10-06,,,0,0,0.0,0,0.342281,0,FLAT,0.0,0.0,0.0,0.0,,0.012571,0.0,0.2316411819804437,0.654094635942309,0,stale_tape,1,0,0.131755,0.139964,0.443133,0.803096,0.602322,part2a21_alpha_positions.csv,part2a21_alpha_eligibility.csv,artifacts_part2_g532/predictions/g532_final_consensus_tape.csv
2021-10-07,,,0,0,0.0,0,0.365319,0,FLAT,0.0,0.0,0.0,0.0,,0.000296,0.0,0.2070133236019019,0.5032552780636275,0,stale_tape,1,0,0.133196,0.123036,0.411308,0.814738,0.611053,part2a21_alpha_positions.csv,part2a21_alpha_eligibility.csv,artifacts_part2_g532/predictions/g532_final_consensus_tape.csv
2021-10-08,,,0,0,0.0,0,0.369451,0,FLAT,0.0,0.0,0.0,0.0,,-0.004857,0.0,0.2067267551363926,0.4961838910748186,0,stale_tape,1,0,0.124929,0.120686,0.40689,0.820164,0.615123,part2a21_alpha_positions.csv,part2a21_alpha_eligibility.csv,artifacts_part2_g532/predictions/g532_final_consensus_tape.csv
2021-10-11,,,0,0,0.0,0,0.369039,0,FLAT,0.0,0.0,0.0,0.0,,-0.006549,0.0,0.210824255153352,0.5363282859734361,0,stale_tape,1,0,0.11778,0.122264,0.409856,0.822236,0.616677,part2a21_alpha_positions.csv,part2a21_alpha_eligibility.csv,artifacts_part2_g532/predictions/g532_final_consensus_tape.csv
2021-10-12,,,0,0,0.0,0,0.388031,0,FLAT,0.0,0.0,0.0,0.0,,0.001288,0.0,0.2082635872888142,0.5159650334707792,0,stale_tape,1,0,0.113858,0.121594,0.408597,0.824487,0.618365,part2a21_alpha_positions.csv,part2a21_alpha_eligibility.csv,artifacts_part2_g532/predictions/g532_final_consensus_tape.csv
2021-10-13,,,0,0,0.0,0,0.393052,0,FLAT,0.0,0.0,0.0,0.0,,0.014312,0.0,0.2057139421305919,0.4944003123595877,0,stale_tape,1,0,0.110815,0.108494,0.383968,0.835367,0.626525,part2a21_alpha_positions.csv,part2a21_alpha_eligibility.csv,artifacts_part2_g532/predictions/g532_final_consensus_tape.csv
2021-10-14,,,0,0,0.0,0,0.525696,0,FLAT,0.0,0.0,0.0,0.0,,0.012725,0.0,0.1995696050431929,0.4440137485178553,0,stale_tape,1,0,0.100474,0.092055,0.353064,0.851954,0.820898,part2a21_alpha_positions.csv,part2a21_alpha_eligibility.csv,artifacts_part2_g532/predictions/g532_final_consensus_tape.csv
2021-10-15,,,0,0,0.0,0,0.518155,0,FLAT,0.0,0.0,0.0,0.0,,0.004442,0.0,0.1967171445574244,0.426121299693568,0,stale_tape,1,0,0.100062,0.090081,0.349352,0.853573,0.822902,part2a21_alpha_positions.csv,part2a21_alpha_eligibility.csv,artifacts_part2_g532/predictions/g532_final_consensus_tape.csv
2021-10-18,,,0,0,0.0,0,0.5417,0,FLAT,0.0,0.0,0.0,0.0,,0.011341,0.0,0.1997722789902293,0.4484810361402831,0,stale_tape,1,0,0.11439,0.099569,0.36719,0.840238,0.806079,part2a21_alpha_positions.csv,part2a21_alpha_eligibility.csv,artifacts_part2_g532/predictions/g532_final_consensus_tape.csv
2021-10-19,,,0,0,0.0,0,0.561245,0,FLAT,0.0,0.0,0.0,0.0,,0.004317,0.0,0.1963200660000594,0.4241669223348261,0,stale_tape,1,0,0.097398,0.084039,0.337994,0.859159,0.829869,part2a21_alpha_positions.csv,part2a21_alpha_eligibility.csv,artifacts_part2_g532/predictions/g532_final_consensus_tape.csv
2021-10-20,,,0,0,0.0,0,0.420351,0,FLAT,0.0,0.0,0.0,0.0,,0.005085,0.0,0.1891206801301743,0.3704280722685449,0,stale_tape,1,0,0.124401,0.109302,0.385488,0.828666,0.6215,part2a21_alpha_positions.csv,part2a21_alpha_eligibility.csv,artifacts_part2_g532/predictions/g532_final_consensus_tape.csv
2021-10-21,,,0,0,0.0,0,0.563977,0,FLAT,0.0,0.0,0.0,0.0,,-0.003556,0.0,0.1891207211320044,0.3687917222237211,0,stale_tape,1,0,0.106601,0.092789,0.354443,0.848665,0.816652,part2a21_alpha_positions.csv,part2a21_alpha_eligibility.csv,artifacts_part2_g532/predictions/g532_final_consensus_tape.csv
2021-10-22,,,0,0,0.0,0,0.548385,0,FLAT,0.0,0.0,0.0,0.0,,0.003945,0.0,0.1886729597302205,0.3691445045767975,0,stale_tape,1,0,0.110169,0.102678,0.373034,0.83988,0.805786,part2a21_alpha_positions.csv,part2a21_alpha_eligibility.csv,artifacts_part2_g532/predictions/g532_final_consensus_tape.csv
2021-10-25,,,0,0,0.0,0,0.573456,0,FLAT,0.0,0.0,0.0,0.0,,-0.000272,0.0,0.1896474543715604,0.3789917763680592,0,stale_tape,1,0,0.109415,0.088669,0.346697,0.85039,0.818672,part2a21_alpha_positions.csv,part2a21_alpha_eligibility.csv,artifacts_part2_g532/predictions/g532_final_consensus_tape.csv
2021-10-26,,,0,0,0.0,0,0.592341,0,FLAT,0.0,0.0,0.0,0.0,,-0.009938,0.0,0.2061708313934738,0.5040868032079372,0,stale_tape,1,0,0.112179,0.096375,0.361185,0.843551,0.810202,part2a21_alpha_positions.csv,part2a21_alpha_eligibility.csv,artifacts_part2_g532/predictions/g532_final_consensus_tape.csv
2021-10-27,,,0,0,0.0,0,0.389933,0,FLAT,0.0,0.0,0.0,0.0,,0.012344,0.0,0.2037489756818208,0.4946223979786648,0,stale_tape,1,0,0.190576,0.152315,0.466352,0.76766,0.575745,part2a21_alpha_positions.csv,part2a21_alpha_eligibility.csv,artifacts_part2_g532/predictions/g532_final_consensus_tape.csv
2021-10-28,,,0,0,0.0,0,0.410319,0,FLAT,0.0,0.0,0.0,0.0,,0.001342,0.0,0.2169968230949253,0.5806559200389602,0,stale_tape,1,0,0.156204,0.131383,0.427,0.798324,0.598743,part2a21_alpha_positions.csv,part2a21_alpha_eligibility.csv,artifacts_part2_g532/predictions/g532_final_consensus_tape.csv
2021-10-29,,,0,0,0.0,0,0.415339,0,FLAT,0.0,0.0,0.0,0.0,,0.002184,0.0,0.1967991385848026,0.4361514401006388,0,stale_tape,1,0,0.170801,0.140454,0.444053,0.78517,0.588878,part2a21_alpha_positions.csv,part2a21_alpha_eligibility.csv,artifacts_part2_g532/predictions/g532_final_consensus_tape.csv
2021-11-01,,,0,0,0.0,0,0.434621,0,FLAT,0.0,0.0,0.0,0.0,,0.001427,0.0,0.200167632728648,0.4616405142335399,0,stale_tape,1,0,0.130077,0.116498,0.399016,0.820888,0.615666,part2a21_alpha_positions.csv,part2a21_alpha_eligibility.csv,artifacts_part2_g532/predictions/g532_final_consensus_tape.csv
2021-11-02,,,0,0,0.0,0,0.452567,0,FLAT,0.0,0.0,0.0,0.0,,0.00915,0.0,0.2137793727461426,0.5566596277383443,0,stale_tape,1,0,0.119569,0.115802,0.397708,0.826122,0.619591,part2a21_alpha_positions.csv,part2a21_alpha_eligibility.csv,artifacts_part2_g532/predictions/g532_final_consensus_tape.csv
2021-11-03,,,0,0,0.0,0,0.580712,0,FLAT,0.0,0.0,0.0,0.0,,-0.000732,0.0,0.1988902049915965,0.50912770059053,0,stale_tape,1,0,0.113927,0.094533,0.357722,0.844102,0.810816,part2a21_alpha_positions.csv,part2a21_alpha_eligibility.csv,artifacts_part2_g532/predictions/g532_final_consensus_tape.csv
2021-11-04,,,0,0,0.0,0,0.439959,0,FLAT,0.0,0.0,0.0,0.0,,-0.002064,0.0,0.2000889052295341,0.5193929336277787,0,stale_tape,1,0,0.128592,0.121522,0.408462,0.817909,0.613431,part2a21_alpha_positions.csv,part2a21_alpha_eligibility.csv,artifacts_part2_g532/predictions/g532_final_consensus_tape.csv
2021-11-05,,,0,0,0.0,0,0.44784,0,FLAT,0.0,0.0,0.0,0.0,,0.005537,0.0,0.2071367749366077,0.6049729263488792,0,stale_tape,1,0,0.122651,0.111323,0.389288,0.827986,0.62099,part2a21_alpha_positions.csv,part2a21_alpha_eligibility.csv,artifacts_part2_g532/predictions/g532_final_consensus_tape.csv
2021-11-08,,,0,0,0.0,0,0.594422,0,FLAT,0.0,0.0,0.0,0.0,,-0.008097,0.0,0.2087109803603312,0.6171884852855899,0,stale_tape,1,0,0.101433,0.08411,0.338128,0.857291,0.827429,part2a21_alpha_positions.csv,part2a21_alpha_eligibility.csv,artifacts_part2_g532/predictions/g532_final_consensus_tape.csv
2021-11-09,,,0,0,0.0,0,0.416458,0,FLAT,0.0,0.0,0.0,0.0,,0.000506,0.0,0.2017071492170128,0.5381877967386763,0,stale_tape,1,0,0.155775,0.129927,0.424262,0.799574,0.599681,part2a21_alpha_positions.csv,part2a21_alpha_eligibility.csv,artifacts_part2_g532/predictions/g532_final_consensus_tape.csv
2021-11-10,,,0,0,0.0,0,0.415881,0,FLAT,0.0,0.0,0.0,0.0,,0.003558,0.0,0.2196710071568857,0.7199245713054608,0,stale_tape,1,0,0.181498,0.171839,0.503058,0.75757,0.568178,part2a21_alpha_positions.csv,part2a21_alpha_eligibility.csv,artifacts_part2_g532/predictions/g532_final_consensus_tape.csv
2021-11-11,,,0,0,0.0,0,0.464056,0,FLAT,0.0,0.0,0.0,0.0,,0.00531,0.0,0.2194104162951297,0.7215765682346215,0,stale_tape,1,0,0.146546,0.13617,0.436,0.799194,0.599396,part2a21_alpha_positions.csv,part2a21_alpha_eligibility.csv,artifacts_part2_g532/predictions/g532_final_consensus_tape.csv
2021-11-12,,,0,0,0.0,0,0.614063,0,FLAT,0.0,0.0,0.0,0.0,,0.004399,0.0,0.2013098931298972,0.5344348310361354,0,stale_tape,1,0,0.12106,0.102125,0.371995,0.83538,0.799935,part2a21_alpha_positions.csv,part2a21_alpha_eligibility.csv,artifacts_part2_g532/predictions/g532_final_consensus_tape.csv
2021-11-15,,,0,0,0.0,0,0.626686,0,FLAT,0.0,0.0,0.0,0.0,,0.004685,0.0,0.205725165964201,0.5864039686570975,0,stale_tape,1,0,0.109269,0.087901,0.345254,0.851013,0.819441,part2a21_alpha_positions.csv,part2a21_alpha_eligibility.csv,artifacts_part2_g532/predictions/g532_final_consensus_tape.csv
2021-11-16,,,0,0,0.0,0,0.623468,0,FLAT,0.0,0.0,0.0,0.0,,-0.006001,0.0,0.2009105271755826,0.529367365761753,0,stale_tape,1,0,0.109476,0.089213,0.34772,0.849967,0.818151,part2a21_alpha_positions.csv,part2a21_alpha_eligibility.csv,artifacts_part2_g532/predictions/g532_final_consensus_tape.csv
2021-11-17,,,0,0,0.0,0,0.46895,0,FLAT,0.0,0.0,0.0,0.0,,0.002844,0.0,0.1985882123889186,0.5074236955406545,0,stale_tape,1,0,0.13516,0.115873,0.397841,0.819054,0.614291,part2a21_alpha_positions.csv,part2a21_alpha_eligibility.csv,artifacts_part2_g532/predictions/g532_final_consensus_tape.csv
2021-11-18,,,0,0,0.0,0,0.46933,0,FLAT,0.0,0.0,0.0,0.0,,-0.00458,0.0,0.2113076773977219,0.6428376944842024,0,stale_tape,1,0,0.131661,0.116384,0.398802,0.820258,0.615193,part2a21_alpha_positions.csv,part2a21_alpha_eligibility.csv,artifacts_part2_g532/predictions/g532_final_consensus_tape.csv
2021-11-19,,,0,0,0.0,0,0.456251,0,FLAT,0.0,0.0,0.0,0.0,,0.004692,0.0,0.2077788526618333,0.6097514724192536,0,stale_tape,1,0,0.143899,0.127635,0.419954,0.806582,0.604937,part2a21_alpha_positions.csv,part2a21_alpha_eligibility.csv,artifacts_part2_g532/predictions/g532_final_consensus_tape.csv
2021-11-22,,,0,0,0.0,0,0.433432,0,FLAT,0.0,0.0,0.0,0.0,,0.005432,0.0,0.2198629124937668,0.7223857995598398,0,stale_tape,1,0,0.179973,0.164885,0.489984,0.763305,0.572479,part2a21_alpha_positions.csv,part2a21_alpha_eligibility.csv,artifacts_part2_g532/predictions/g532_final_consensus_tape.csv
2021-11-23,,,0,0,0.0,0,0.470367,0,FLAT,0.0,0.0,0.0,0.0,,-0.000618,0.0,0.22190882648819,0.738307915931463,0,stale_tape,1,0,0.152512,0.141394,0.44582,0.792718,0.594538,part2a21_alpha_positions.csv,part2a21_alpha_eligibility.csv,artifacts_part2_g532/predictions/g532_final_consensus_tape.csv
2021-11-24,,,0,0,0.0,0,0.474976,0,FLAT,0.0,0.0,0.0,0.0,,0.0,0.0,0.2052061834441591,0.5779298093576792,0,stale_tape,1,0,0.152835,0.127049,0.418851,0.802987,0.60224,part2a21_alpha_positions.csv,part2a21_alpha_eligibility.csv,artifacts_part2_g532/predictions/g532_final_consensus_tape.csv
2021-11-25,,,0,0,0.0,0,0.481474,0,FLAT,0.0,0.0,0.0,0.0,,-0.034823,0.0,0.2198426904700408,0.722610687210283,0,stale_tape,1,0,0.137031,0.121635,0.408673,0.814029,0.610522,part2a21_alpha_positions.csv,part2a21_alpha_eligibility.csv,artifacts_part2_g532/predictions/g532_final_consensus_tape.csv
2021-11-26,,,0,0,0.0,0,0.160469,0,FLAT,0.0,0.0,0.0,0.0,,0.014265,0.0,0.215935285006673,0.6840107878974054,0,stale_tape,1,1,0.232833,0.391021,0.641138,0.63014,0.283563,part2a21_alpha_positions.csv,part2a21_alpha_eligibility.csv,artifacts_part2_g532/predictions/g532_final_consensus_tape.csv
2021-11-29,,,0,0,0.0,0,0.176627,0,FLAT,0.0,0.0,0.0,0.0,,-0.025309,0.0,0.2276426287389675,0.7818898974951082,0,stale_tape,1,1,0.205953,0.211171,0.577001,0.718011,0.323105,part2a21_alpha_positions.csv,part2a21_alpha_eligibility.csv,artifacts_part2_g532/predictions/g532_final_consensus_tape.csv
2021-11-30,,,0,0,0.0,0,0.137307,0,FLAT,0.0,0.0,0.0,0.0,,-0.013451,0.0,0.2098876905485113,0.6277100877192662,0,stale_tape,1,1,0.237359,0.487851,0.65,0.592441,0.266598,part2a21_alpha_positions.csv,part2a21_alpha_eligibility.csv,artifacts_part2_g532/predictions/g532_final_consensus_tape.csv
2021-12-01,,,0,0,0.0,0,0.140082,0,FLAT,0.0,0.0,0.0,0.0,,0.0173,0.0,0.1866606232242502,0.6938920765992721,0,stale_tape,1,1,0.246816,0.42603,0.65,0.609822,0.27442,part2a21_alpha_positions.csv,part2a21_alpha_eligibility.csv,artifacts_part2_g532/predictions/g532_final_consensus_tape.csv
2021-12-02,,,0,0,0.0,0,0.154077,0,FLAT,0.0,0.0,0.0,0.0,,-0.014746,0.0,0.1900910970797522,0.6980712106060292,0,stale_tape,1,1,0.244248,0.208486,0.571953,0.702728,0.316227,part2a21_alpha_positions.csv,part2a21_alpha_eligibility.csv,artifacts_part2_g532/predictions/g532_final_consensus_tape.csv
2021-12-03,,,0,0,0.0,0,0.159204,0,FLAT,0.0,0.0,0.0,0.0,,0.016873,0.0,0.2162167762590948,0.7397948607083104,0,stale_tape,1,0,0.17849,0.20568,0.566679,0.734356,0.33046,part2a21_alpha_positions.csv,part2a21_alpha_eligibility.csv,artifacts_part2_g532/predictions/g532_final_consensus_tape.csv
2021-12-06,,,0,0,0.0,0,0.141959,0,FLAT,0.0,0.0,0.0,0.0,,0.024154,0.0,0.1815532320652951,0.6236469640468328,0,stale_tape,1,1,0.263297,0.24489,0.589678,0.677869,0.305041,part2a21_alpha_positions.csv,part2a21_alpha_eligibility.csv,artifacts_part2_g532/predictions/g532_final_consensus_tape.csv
2021-12-07,,,0,0,0.0,0,0.133796,0,FLAT,0.0,0.0,0.0,0.0,,0.006019,0.0,0.1923789887898356,0.6609665120877041,0,stale_tape,1,0,0.17104,0.14948,0.461021,0.77851,0.303619,part2a21_alpha_positions.csv,part2a21_alpha_eligibility.csv,artifacts_part2_g532/predictions/g532_final_consensus_tape.csv
2021-12-08,,,0,0,0.0,0,0.133796,0,FLAT,0.0,0.0,0.0,0.0,,-0.009352,0.0,0.2115172910298961,0.6966046848101027,0,stale_tape,1,0,0.140336,0.164096,0.4885,0.781715,0.304869,part2a21_alpha_positions.csv,part2a21_alpha_eligibility.csv,artifacts_part2_g532/predictions/g532_final_consensus_tape.csv
2021-12-09,,,0,0,0.0,0,0.133425,0,FLAT,0.0,0.0,0.0,0.0,,0.0088,0.0,0.2125798718271455,0.7141815765165663,0,stale_tape,1,0,0.147059,0.157937,0.476921,0.783161,0.305433,part2a21_alpha_positions.csv,part2a21_alpha_eligibility.csv,artifacts_part2_g532/predictions/g532_final_consensus_tape.csv
2021-12-10,,,0,0,0.0,0,0.15151,0,FLAT,0.0,0.0,0.0,0.0,,-0.013669,0.0,0.2320954349646136,0.751316296965241,0,stale_tape,1,0,0.120049,0.146303,0.45505,0.803762,0.313467,part2a21_alpha_positions.csv,part2a21_alpha_eligibility.csv,artifacts_part2_g532/predictions/g532_final_consensus_tape.csv
2021-12-13,,,0,0,0.0,0,0.149569,0,FLAT,0.0,0.0,0.0,0.0,,-0.005102,0.0,0.1995268154333854,0.6820130503507298,0,stale_tape,1,0,0.145688,0.139905,0.443022,0.796869,0.310779,part2a21_alpha_positions.csv,part2a21_alpha_eligibility.csv,artifacts_part2_g532/predictions/g532_final_consensus_tape.csv
2021-12-14,,,0,0,0.0,0,0.310164,0,FLAT,0.0,0.0,0.0,0.0,,0.01698,0.0,0.1987738167320726,0.7126894526606803,0,stale_tape,1,0,0.144404,0.136075,0.43582,0.800228,0.600171,part2a21_alpha_positions.csv,part2a21_alpha_eligibility.csv,artifacts_part2_g532/predictions/g532_final_consensus_tape.csv
2021-12-15,,,0,0,0.0,0,0.321216,0,FLAT,0.0,0.0,0.0,0.0,,-0.011984,0.0,0.1825961750298676,0.6019057999705888,0,stale_tape,1,0,0.126964,0.12013,0.405845,0.819652,0.614739,part2a21_alpha_positions.csv,part2a21_alpha_eligibility.csv,artifacts_part2_g532/predictions/g532_final_consensus_tape.csv
2021-12-16,,,0,0,0.0,0,0.320637,0,FLAT,0.0,0.0,0.0,0.0,,-0.012675,0.0,0.2250120152061356,0.7313676037466554,0,stale_tape,1,0,0.111344,0.126773,0.418333,0.821858,0.616394,part2a21_alpha_positions.csv,part2a21_alpha_eligibility.csv,artifacts_part2_g532/predictions/g532_final_consensus_tape.csv
2021-12-17,,,0,0,0.0,0,0.175654,0,FLAT,0.0,0.0,0.0,0.0,,-0.010012,0.0,0.1986730174372942,0.6843900364742858,0,stale_tape,1,0,0.20758,0.174071,0.507253,0.744213,0.334896,part2a21_alpha_positions.csv,part2a21_alpha_eligibility.csv,artifacts_part2_g532/predictions/g532_final_consensus_tape.csv
2021-12-20,,,0,0,0.0,0,0.179311,0,FLAT,0.0,0.0,0.0,0.0,,0.021568,0.0,0.2039449669789926,0.7229580953776713,0,stale_tape,1,0,0.206244,0.174186,0.507469,0.744732,0.335129,part2a21_alpha_positions.csv,part2a21_alpha_eligibility.csv,artifacts_part2_g532/predictions/g532_final_consensus_tape.csv
2021-12-21,,,0,0,0.0,0,0.33274,0,FLAT,0.0,0.0,0.0,0.0,,0.009098,0.0,0.2111465552537757,0.6908882968262026,0,stale_tape,1,0,0.117831,0.132317,0.428755,0.814914,0.611186,part2a21_alpha_positions.csv,part2a21_alpha_eligibility.csv,artifacts_part2_g532/predictions/g532_final_consensus_tape.csv
2021-12-22,,,0,0,0.0,0,0.337685,0,FLAT,0.0,0.0,0.0,0.0,,0.008224,0.0,0.2209847850691448,0.680335795589739,0,stale_tape,1,0,0.101087,0.117549,0.400993,0.83317,0.624877,part2a21_alpha_positions.csv,part2a21_alpha_eligibility.csv,artifacts_part2_g532/predictions/g532_final_consensus_tape.csv
2021-12-23,,,0,0,0.0,0,0.338386,0,FLAT,0.0,0.0,0.0,0.0,,0.0,0.0,0.2006050350721537,0.6381713756247547,0,stale_tape,1,0,0.112788,0.112585,0.39166,0.831509,0.623631,part2a21_alpha_positions.csv,part2a21_alpha_eligibility.csv,artifacts_part2_g532/predictions/g532_final_consensus_tape.csv
2021-12-24,,,0,0,0.0,0,0.338129,0,FLAT,0.0,0.0,0.0,0.0,,0.013813,0.0,0.204720273558685,0.6538141939679095,0,stale_tape,1,0,0.117287,0.121577,0.408565,0.822956,0.617217,part2a21_alpha_positions.csv,part2a21_alpha_eligibility.csv,artifacts_part2_g532/predictions/g532_final_consensus_tape.csv
2021-12-27,,,0,0,0.0,0,0.341884,0,FLAT,0.0,0.0,0.0,0.0,,-0.000579,0.0,0.1972577662533394,0.6389214681298002,0,stale_tape,1,0,0.126309,0.118071,0.401974,0.821441,0.616081,part2a21_alpha_positions.csv,part2a21_alpha_eligibility.csv,artifacts_part2_g532/predictions/g532_final_consensus_tape.csv
2021-12-28,,,0,0,0.0,0,0.338671,0,FLAT,0.0,0.0,0.0,0.0,,0.006337,0.0,0.191805009138984,0.6099514071174091,0,stale_tape,1,0,0.139159,0.130354,0.425065,0.806742,0.605056,part2a21_alpha_positions.csv,part2a21_alpha_eligibility.csv,artifacts_part2_g532/predictions/g532_final_consensus_tape.csv
2021-12-29,,,0,0,0.0,0,0.359289,0,FLAT,0.0,0.0,0.0,0.0,,-0.006135,0.0,0.2109869085855359,0.4179335089670307,0,stale_tape,1,0,0.107673,0.118479,0.40274,0.829532,0.622149,part2a21_alpha_positions.csv,part2a21_alpha_eligibility.csv,artifacts_part2_g532/predictions/g532_final_consensus_tape.csv
2021-12-30,,,0,0,0.0,0,0.363201,0,FLAT,0.0,0.0,0.0,0.0,,-0.001615,0.0,0.2086683142050646,0.3637558405932097,0,stale_tape,1,0,0.118231,0.128372,0.42134,0.817598,0.613199,part2a21_alpha_positions.csv,part2a21_alpha_eligibility.csv,artifacts_part2_g532/predictions/g532_final_consensus_tape.csv
2021-12-31,,,0,0,0.0,0,0.379681,0,FLAT,0.0,0.0,0.0,0.0,,0.015468,0.0,0.2089120307259899,0.3738728125433745,0,stale_tape,1,0,0.109728,0.13943,0.442128,0.813397,0.610047,part2a21_alpha_positions.csv,part2a21_alpha_eligibility.csv,artifacts_part2_g532/predictions/g532_final_consensus_tape.csv
2022-01-03,,,0,0,0.0,0,0.521498,0,FLAT,0.0,0.0,0.0,0.0,,0.000117,0.0,0.2103881056266908,0.4096334180434426,0,stale_tape,1,0,0.100357,0.103133,0.373889,0.843965,0.811109,part2a21_alpha_positions.csv,part2a21_alpha_eligibility.csv,artifacts_part2_g532/predictions/g532_final_consensus_tape.csv
2022-01-04,,,0,0,0.0,0,0.416818,0,FLAT,0.0,0.0,0.0,0.0,,-0.015116,0.0,0.2081822684710933,0.3391491868998407,0,stale_tape,1,0,0.116014,0.142462,0.447829,0.808366,0.606275,part2a21_alpha_positions.csv,part2a21_alpha_eligibility.csv,artifacts_part2_g532/predictions/g532_final_consensus_tape.csv
2022-01-05,,,0,0,0.0,0,0.378298,0,FLAT,0.0,0.0,0.0,0.0,,0.001125,0.0,0.2150562479086361,0.500549968701249,0,stale_tape,1,0,0.12925,0.146257,0.454963,0.799655,0.599741,part2a21_alpha_positions.csv,part2a21_alpha_eligibility.csv,artifacts_part2_g532/predictions/g532_final_consensus_tape.csv
2022-01-06,,,0,0,0.0,0,0.387119,0,FLAT,0.0,0.0,0.0,0.0,,-0.000194,0.0,0.2120538735994976,0.4324902955868288,0,stale_tape,1,0,0.118693,0.138785,0.440916,0.80983,0.607373,part2a21_alpha_positions.csv,part2a21_alpha_eligibility.csv,artifacts_part2_g532/predictions/g532_final_consensus_tape.csv
2022-01-07,,,0,0,0.0,0,0.388238,0,FLAT,0.0,0.0,0.0,0.0,,-0.001041,0.0,0.2114621198131004,0.4124943986180855,0,stale_tape,1,0,0.117831,0.135939,0.435566,0.812284,0.609213,part2a21_alpha_positions.csv,part2a21_alpha_eligibility.csv,artifacts_part2_g532/predictions/g532_final_consensus_tape.csv
2022-01-10,,,0,0,0.0,0,0.405716,0,FLAT,0.0,0.0,0.0,0.0,,0.00633,0.0,0.2135369915201085,0.4621204156888359,0,stale_tape,1,0,0.125332,0.13495,0.433706,0.809627,0.60722,part2a21_alpha_positions.csv,part2a21_alpha_eligibility.csv,artifacts_part2_g532/predictions/g532_final_consensus_tape.csv
2022-01-11,,,0,0,0.0,0,0.410609,0,FLAT,0.0,0.0,0.0,0.0,,0.002807,0.0,0.2149290158609562,0.4902374232382397,0,stale_tape,1,0,0.111511,0.117615,0.401117,0.828431,0.621324,part2a21_alpha_positions.csv,part2a21_alpha_eligibility.csv,artifacts_part2_g532/predictions/g532_final_consensus_tape.csv
2022-01-12,,,0,0,0.0,0,0.415358,0,FLAT,0.0,0.0,0.0,0.0,,-0.017062,0.0,0.2101011889318361,0.3873318992508756,0,stale_tape,1,0,0.108085,0.116591,0.399191,0.830717,0.623038,part2a21_alpha_positions.csv,part2a21_alpha_eligibility.csv,artifacts_part2_g532/predictions/g532_final_consensus_tape.csv
2022-01-13,,,0,0,0.0,0,0.380807,0,FLAT,0.0,0.0,0.0,0.0,,0.007208,0.0,0.2146327736713289,0.4834411444727038,0,stale_tape,1,0,0.11363,0.138448,0.440282,0.812354,0.609265,part2a21_alpha_positions.csv,part2a21_alpha_eligibility.csv,artifacts_part2_g532/predictions/g532_final_consensus_tape.csv
2022-01-14,,,0,0,0.0,0,0.382234,0,FLAT,0.0,0.0,0.0,0.0,,0.0,0.0,0.2186439726712872,0.584400174258818,0,stale_tape,1,0,0.11334,0.119556,0.404765,0.826199,0.61965,part2a21_alpha_positions.csv,part2a21_alpha_eligibility.csv,artifacts_part2_g532/predictions/g532_final_consensus_tape.csv
2022-01-17,,,0,0,0.0,0,0.413293,0,FLAT,0.0,0.0,0.0,0.0,,-0.010108,0.0,0.2128248400060773,0.4461873836726393,0,stale_tape,1,0,0.102925,0.112496,0.391493,0.836012,0.627009,part2a21_alpha_positions.csv,part2a21_alpha_eligibility.csv,artifacts_part2_g532/predictions/g532_final_consensus_tape.csv
2022-01-18,,,0,0,0.0,0,0.377715,0,FLAT,0.0,0.0,0.0,0.0,,-0.012975,0.0,0.2145974882750516,0.508456351741504,0,stale_tape,1,0,0.155151,0.161843,0.484265,0.776684,0.582513,part2a21_alpha_positions.csv,part2a21_alpha_eligibility.csv,artifacts_part2_g532/predictions/g532_final_consensus_tape.csv
2022-01-19,,,0,0,0.0,0,0.381719,0,FLAT,0.0,0.0,0.0,0.0,,-0.013205,0.0,0.2139713957956435,0.494587588940915,0,stale_tape,1,0,0.156935,0.163995,0.48831,0.774319,0.580739,part2a21_alpha_positions.csv,part2a21_alpha_eligibility.csv,artifacts_part2_g532/predictions/g532_final_consensus_tape.csv
2022-01-20,,,0,0,0.0,0,0.371444,0,FLAT,0.0,0.0,0.0,0.0,,-0.025616,0.0,0.2187525625764737,0.6110676018697169,0,stale_tape,1,0,0.162384,0.165493,0.491127,0.770779,0.578085,part2a21_alpha_positions.csv,part2a21_alpha_eligibility.csv,artifacts_part2_g532/predictions/g532_final_consensus_tape.csv
2022-01-21,,,0,0,0.0,1,0.079083,0,FLAT,0.0,0.0,0.0,0.0,,0.00505,0.0,0.2207615718717748,0.6545775922992041,0,stale_tape,1,0,0.177548,0.190125,0.537435,0.746073,0.134293,part2a21_alpha_positions.csv,part2a21_alpha_eligibility.csv,artifacts_part2_g532/predictions/g532_final_consensus_tape.csv
2022-01-24,,,0,0,0.0,1,0.076982,0,FLAT,0.0,0.0,0.0,0.0,,-0.010886,0.0,0.2188306661297057,0.6078272129747727,0,stale_tape,1,0,0.178337,0.198768,0.553683,0.739443,0.1331,part2a21_alpha_positions.csv,part2a21_alpha_eligibility.csv,artifacts_part2_g532/predictions/g532_final_consensus_tape.csv
2022-01-25,,,0,0,0.0,1,0.080278,0,FLAT,0.0,0.0,0.0,0.0,,0.004872,0.0,0.2170816468171965,0.5654139407272957,0,stale_tape,1,0,0.168173,0.190611,0.538349,0.749938,0.134989,part2a21_alpha_positions.csv,part2a21_alpha_eligibility.csv,artifacts_part2_g532/predictions/g532_final_consensus_tape.csv
2022-01-26,,,0,0,0.0,1,0.078897,0,FLAT,0.0,0.0,0.0,0.0,,-0.009275,0.0,0.2125085977245689,0.6249799060183694,0,stale_tape,1,0,0.173224,0.196163,0.548786,0.743635,0.133854,part2a21_alpha_positions.csv,part2a21_alpha_eligibility.csv,artifacts_part2_g532/predictions/g532_final_consensus_tape.csv
2022-01-27,,,0,0,0.0,1,0.08102,0,FLAT,0.0,0.0,0.0,0.0,,0.021904,0.0,0.2146298356350758,0.6653588454775244,0,stale_tape,1,0,0.178321,0.185426,0.5286,0.749136,0.134845,part2a21_alpha_positions.csv,part2a21_alpha_eligibility.csv,artifacts_part2_g532/predictions/g532_final_consensus_tape.csv
2022-01-28,,,0,0,0.0,1,0.074588,0,FLAT,0.0,0.0,0.0,0.0,,0.018123,0.0,0.2107051858855254,0.6002113466889533,0,stale_tape,1,0,0.164019,0.174846,0.508711,0.763253,0.137385,part2a21_alpha_positions.csv,part2a21_alpha_eligibility.csv,artifacts_part2_g532/predictions/g532_final_consensus_tape.csv
2022-01-31,,,0,0,0.0,1,0.070757,0,FLAT,0.0,0.0,0.0,0.0,,0.007858,0.0,0.2160031781807319,0.6553548603046363,0,stale_tape,1,0,0.155013,0.17013,0.499844,0.77073,0.138731,part2a21_alpha_positions.csv,part2a21_alpha_eligibility.csv,artifacts_part2_g532/predictions/g532_final_consensus_tape.csv
2022-02-01,,,0,0,0.0,1,0.071061,0,FLAT,0.0,0.0,0.0,0.0,,0.007443,0.0,0.2266118260611078,0.7399824484000536,0,stale_tape,1,0,0.146206,0.165657,0.491435,0.777941,0.140029,part2a21_alpha_positions.csv,part2a21_alpha_eligibility.csv,artifacts_part2_g532/predictions/g532_final_consensus_tape.csv
2022-02-02,,,0,0,0.0,1,0.070874,0,FLAT,0.0,0.0,0.0,0.0,,-0.019242,0.0,0.2248304365167105,0.739681441859244,0,stale_tape,1,0,0.147523,0.179922,0.518253,0.766991,0.138058,part2a21_alpha_positions.csv,part2a21_alpha_eligibility.csv,artifacts_part2_g532/predictions/g532_final_consensus_tape.csv
2022-02-03,,,0,0,0.0,1,0.068459,0,FLAT,0.0,0.0,0.0,0.0,,0.012393,0.0,0.201168075930862,0.5176044268435159,0,stale_tape,1,0,0.187533,0.166971,0.493905,0.758389,0.13651,part2a21_alpha_positions.csv,part2a21_alpha_eligibility.csv,artifacts_part2_g532/predictions/g532_final_consensus_tape.csv
2022-02-04,,,0,0,0.0,1,0.076894,0,FLAT,0.0,0.0,0.0,0.0,,-0.003572,0.0,0.2178854706322275,0.6706783729870329,0,stale_tape,1,0,0.142607,0.159623,0.480091,0.78394,0.141109,part2a21_alpha_positions.csv,part2a21_alpha_eligibility.csv,artifacts_part2_g532/predictions/g532_final_consensus_tape.csv
2022-02-07,,,0,0,0.0,1,0.07581,0,FLAT,0.0,0.0,0.0,0.0,,0.011308,0.0,0.2232815667071117,0.733518509622432,0,stale_tape,1,0,0.146993,0.16505,0.490294,0.778027,0.140045,part2a21_alpha_positions.csv,part2a21_alpha_eligibility.csv,artifacts_part2_g532/predictions/g532_final_consensus_tape.csv
2022-02-08,,,0,0,0.0,1,0.079429,0,FLAT,0.0,0.0,0.0,0.0,,0.01321,0.0,0.216314712634562,0.6828406602005508,0,stale_tape,1,0,0.135956,0.149051,0.460216,0.794609,0.14303,part2a21_alpha_positions.csv,part2a21_alpha_eligibility.csv,artifacts_part2_g532/predictions/g532_final_consensus_tape.csv
2022-02-09,,,0,0,0.0,0,0.33671,0,FLAT,0.0,0.0,0.0,0.0,,-0.008498,0.0,0.2125357504502855,0.6547575913670566,0,stale_tape,1,0,0.11716,0.13183,0.427841,0.815569,0.611677,part2a21_alpha_positions.csv,part2a21_alpha_eligibility.csv,artifacts_part2_g532/predictions/g532_final_consensus_tape.csv
2022-02-10,,,0,0,0.0,0,0.320841,0,FLAT,0.0,0.0,0.0,0.0,,-0.030455,0.0,0.2185771157193982,0.7011810356238645,0,stale_tape,1,0,0.151314,0.16737,0.494657,0.774398,0.580798,part2a21_alpha_positions.csv,part2a21_alpha_eligibility.csv,artifacts_part2_g532/predictions/g532_final_consensus_tape.csv
2022-02-11,,,0,0,0.0,0,0.144305,0,FLAT,0.0,0.0,0.0,0.0,,0.003687,0.0,0.2204676888484905,0.7161868002787194,0,stale_tape,1,0,0.174816,0.195058,0.546708,0.743721,0.290051,part2a21_alpha_positions.csv,part2a21_alpha_eligibility.csv,artifacts_part2_g532/predictions/g532_final_consensus_tape.csv
2022-02-14,,,0,0,0.0,0,0.142695,0,FLAT,0.0,0.0,0.0,0.0,,0.018922,0.0,0.2074101590306978,0.5711270936609982,0,stale_tape,1,1,0.246428,0.198135,0.552493,0.709262,0.276612,part2a21_alpha_positions.csv,part2a21_alpha_eligibility.csv,artifacts_part2_g532/predictions/g532_final_consensus_tape.csv
2022-02-15,,,0,0,0.0,0,0.145679,0,FLAT,0.0,0.0,0.0,0.0,,-0.000893,0.0,0.2072146864237223,0.5847113228046252,0,stale_tape,1,0,0.174566,0.187054,0.531662,0.749644,0.292361,part2a21_alpha_positions.csv,part2a21_alpha_eligibility.csv,artifacts_part2_g532/predictions/g532_final_consensus_tape.csv
2022-02-16,,,0,0,0.0,0,0.149571,0,FLAT,0.0,0.0,0.0,0.0,,-0.026828,0.0,0.2161813914010249,0.6899949150963964,0,stale_tape,1,0,0.160735,0.174293,0.50767,0.765133,0.298402,part2a21_alpha_positions.csv,part2a21_alpha_eligibility.csv,artifacts_part2_g532/predictions/g532_final_consensus_tape.csv
2022-02-17,,,0,0,0.0,0,0.140964,0,FLAT,0.0,0.0,0.0,0.0,,-0.009658,0.0,0.2276450508532409,0.7684603754937123,0,stale_tape,1,0,0.178909,0.187034,0.531624,0.747704,0.291605,part2a21_alpha_positions.csv,part2a21_alpha_eligibility.csv,artifacts_part2_g532/predictions/g532_final_consensus_tape.csv
2022-02-18,,,0,0,0.0,0,0.14594,0,FLAT,0.0,0.0,0.0,0.0,,0.0,0.0,0.2073365678694811,0.5790751395486908,0,stale_tape,1,0,0.166105,0.175764,0.510436,0.761648,0.297043,part2a21_alpha_positions.csv,part2a21_alpha_eligibility.csv,artifacts_part2_g532/predictions/g532_final_consensus_tape.csv
2022-02-21,,,0,0,0.0,0,0.145998,0,FLAT,0.0,0.0,0.0,0.0,,-0.010914,0.0,0.2103793051798007,0.6145241494814495,0,stale_tape,1,0,0.164775,0.175127,0.509239,0.762709,0.297457,part2a21_alpha_positions.csv,part2a21_alpha_eligibility.csv,artifacts_part2_g532/predictions/g532_final_consensus_tape.csv
2022-02-22,,,0,0,0.0,0,0.145606,0,FLAT,0.0,0.0,0.0,0.0,,-0.012939,0.0,0.2136656162269079,0.6451593454108765,0,stale_tape,1,0,0.180186,0.189691,0.53662,0.7452,0.290628,part2a21_alpha_positions.csv,part2a21_alpha_eligibility.csv,artifacts_part2_g532/predictions/g532_final_consensus_tape.csv
2022-02-23,,,0,0,0.0,0,0.148087,0,FLAT,0.0,0.0,0.0,0.0,,0.012904,0.0,0.2093025427115089,0.5461328383235561,0,stale_tape,1,0,0.172153,0.225133,0.58244,0.727247,0.283626,part2a21_alpha_positions.csv,part2a21_alpha_eligibility.csv,artifacts_part2_g532/predictions/g532_final_consensus_tape.csv
2022-02-24,,,0,0,0.0,0,0.146418,0,FLAT,0.0,0.0,0.0,0.0,,0.021875,0.0,0.2100144020978925,0.6534675284169116,0,stale_tape,1,0,0.169571,0.186355,0.530347,0.752399,0.293436,part2a21_alpha_positions.csv,part2a21_alpha_eligibility.csv,artifacts_part2_g532/predictions/g532_final_consensus_tape.csv
2022-02-25,,,0,0,0.0,0,0.153648,0,FLAT,0.0,0.0,0.0,0.0,,-0.013815,0.0,0.2072615411497422,0.6154565295076252,0,stale_tape,1,0,0.148821,0.164622,0.489489,0.777515,0.303231,part2a21_alpha_positions.csv,part2a21_alpha_eligibility.csv,artifacts_part2_g532/predictions/g532_final_consensus_tape.csv
2022-02-28,,,0,0,0.0,0,0.146986,0,FLAT,0.0,0.0,0.0,0.0,,-0.024805,0.0,0.2145087722351434,0.726430766762658,0,stale_tape,1,0,0.158554,0.189363,0.536003,0.755173,0.294517,part2a21_alpha_positions.csv,part2a21_alpha_eligibility.csv,artifacts_part2_g532/predictions/g532_final_consensus_tape.csv
2022-03-01,,,0,0,0.0,0,0.145987,0,FLAT,0.0,0.0,0.0,0.0,,0.033341,0.0,0.2183353970043938,0.6473267272591151,0,stale_tape,1,0,0.171707,0.202355,0.560427,0.739822,0.288531,part2a21_alpha_positions.csv,part2a21_alpha_eligibility.csv,artifacts_part2_g532/predictions/g532_final_consensus_tape.csv
2022-03-02,,,0,0,0.0,0,0.127378,0,FLAT,0.0,0.0,0.0,0.0,,-0.009329,0.0,0.2138562669888783,0.6091005940016329,0,stale_tape,1,0,0.224734,0.169924,0.499457,0.739505,0.288407,part2a21_alpha_positions.csv,part2a21_alpha_eligibility.csv,artifacts_part2_g532/predictions/g532_final_consensus_tape.csv
2022-03-03,,,0,0,0.0,0,0.134567,0,FLAT,0.0,0.0,0.0,0.0,,-0.017992,0.0,0.2082222402530367,0.6948196986318754,0,stale_tape,1,0,0.16403,0.198812,0.553767,0.745849,0.290881,part2a21_alpha_positions.csv,part2a21_alpha_eligibility.csv,artifacts_part2_g532/predictions/g532_final_consensus_tape.csv
2022-03-04,,,0,0,0.0,0,0.132256,0,FLAT,0.0,0.0,0.0,0.0,,-0.025709,0.0,0.2194490333468832,0.721896168057741,0,stale_tape,1,0,0.164563,0.198289,0.552784,0.745988,0.290935,part2a21_alpha_positions.csv,part2a21_alpha_eligibility.csv,artifacts_part2_g532/predictions/g532_final_consensus_tape.csv
2022-03-07,,,0,0,0.0,0,0.121375,0,FLAT,0.0,0.0,0.0,0.0,,-0.001067,0.0,0.2111336954418046,0.5182848134757579,0,stale_tape,1,0,0.170637,0.263456,0.596415,0.711721,0.277571,part2a21_alpha_positions.csv,part2a21_alpha_eligibility.csv,artifacts_part2_g532/predictions/g532_final_consensus_tape.csv
2022-03-08,,,0,0,0.0,0,0.124009,0,FLAT,0.0,0.0,0.0,0.0,,0.032495,0.0,0.2126357017876663,0.6314076252527827,0,stale_tape,1,0,0.172034,0.229951,0.584212,0.72526,0.282851,part2a21_alpha_positions.csv,part2a21_alpha_eligibility.csv,artifacts_part2_g532/predictions/g532_final_consensus_tape.csv
2022-03-09,,,0,0,0.0,0,0.118982,0,FLAT,0.0,0.0,0.0,0.0,,0.000137,0.0,0.2167446944168734,0.6973157429006309,0,stale_tape,1,0,0.173588,0.191178,0.539415,0.74709,0.291365,part2a21_alpha_positions.csv,part2a21_alpha_eligibility.csv,artifacts_part2_g532/predictions/g532_final_consensus_tape.csv
2022-03-10,,,0,0,0.0,0,0.121444,0,FLAT,0.0,0.0,0.0,0.0,,-0.012569,0.0,0.2073384153002851,0.7035353021267493,0,stale_tape,1,0,0.16351,0.187011,0.53158,0.754651,0.294314,part2a21_alpha_positions.csv,part2a21_alpha_eligibility.csv,artifacts_part2_g532/predictions/g532_final_consensus_tape.csv
2022-03-11,,,0,0,0.0,0,0.124919,0,FLAT,0.0,0.0,0.0,0.0,,0.005414,0.0,0.209783996805422,0.6842117051847758,0,stale_tape,1,0,0.161993,0.191942,0.540851,0.751753,0.293184,part2a21_alpha_positions.csv,part2a21_alpha_eligibility.csv,artifacts_part2_g532/predictions/g532_final_consensus_tape.csv
2022-03-14,,,0,0,0.0,0,0.124937,0,FLAT,0.0,0.0,0.0,0.0,,0.022159,0.0,0.2124340983415966,0.6532338521113477,0,stale_tape,1,0,0.165565,0.193057,0.542947,0.749336,0.292241,part2a21_alpha_positions.csv,part2a21_alpha_eligibility.csv,artifacts_part2_g532/predictions/g532_final_consensus_tape.csv
2022-03-15,,,0,0,0.0,0,0.12841,0,FLAT,0.0,0.0,0.0,0.0,,0.023491,0.0,0.2177196409082332,0.7041504626732881,0,stale_tape,1,0,0.159743,0.179945,0.518296,0.761476,0.296976,part2a21_alpha_positions.csv,part2a21_alpha_eligibility.csv,artifacts_part2_g532/predictions/g532_final_consensus_tape.csv
2022-03-16,,,0,0,0.0,0,0.269133,0,FLAT,0.0,0.0,0.0,0.0,,0.014089,0.0,0.2294592613269608,0.828252861640888,0,stale_tape,1,0,0.145027,0.139947,0.443101,0.797136,0.597852,part2a21_alpha_positions.csv,part2a21_alpha_eligibility.csv,artifacts_part2_g532/predictions/g532_final_consensus_tape.csv
2022-03-17,,,0,0,0.0,0,0.271159,0,FLAT,0.0,0.0,0.0,0.0,,0.008052,0.0,0.2165771418194406,0.7727571564116027,0,stale_tape,1,0,0.129689,0.143305,0.449413,0.801601,0.601201,part2a21_alpha_positions.csv,part2a21_alpha_eligibility.csv,artifacts_part2_g532/predictions/g532_final_consensus_tape.csv
2022-03-18,,,0,0,0.0,0,0.285549,0,FLAT,0.0,0.0,0.0,0.0,,0.013154,0.0,0.2154260433807845,0.7184395529002385,0,stale_tape,1,0,0.132233,0.137301,0.438126,0.804814,0.603611,part2a21_alpha_positions.csv,part2a21_alpha_eligibility.csv,artifacts_part2_g532/predictions/g532_final_consensus_tape.csv
2022-03-21,,,0,0,0.0,0,0.309577,0,FLAT,0.0,0.0,0.0,0.0,,0.017041,0.0,0.2259330805354386,0.712134044409425,0,stale_tape,1,0,0.170683,0.170075,0.499741,0.763718,0.572789,part2a21_alpha_positions.csv,part2a21_alpha_eligibility.csv,artifacts_part2_g532/predictions/g532_final_consensus_tape.csv
2022-03-22,,,0,0,0.0,0,0.325365,0,FLAT,0.0,0.0,0.0,0.0,,-0.019664,0.0,0.2306423685186075,0.7562941554979057,0,stale_tape,1,0,0.150866,0.1488,0.459744,0.788081,0.591061,part2a21_alpha_positions.csv,part2a21_alpha_eligibility.csv,artifacts_part2_g532/predictions/g532_final_consensus_tape.csv
2022-03-23,,,0,0,0.0,0,0.304074,0,FLAT,0.0,0.0,0.0,0.0,,0.020337,0.0,0.2089464238755553,0.6700860142483615,0,stale_tape,1,0,0.145474,0.172854,0.504966,0.773045,0.579783,part2a21_alpha_positions.csv,part2a21_alpha_eligibility.csv,artifacts_part2_g532/predictions/g532_final_consensus_tape.csv
2022-03-24,,,0,0,0.0,0,0.175455,0,FLAT,0.0,0.0,0.0,0.0,,0.015376,0.0,0.2058741919872096,0.6615056529470392,0,stale_tape,1,0,0.203365,0.16665,0.493302,0.751498,0.338174,part2a21_alpha_positions.csv,part2a21_alpha_eligibility.csv,artifacts_part2_g532/predictions/g532_final_consensus_tape.csv
2022-03-25,,,0,0,0.0,0,0.323812,0,FLAT,0.0,0.0,0.0,0.0,,0.004613,0.0,0.1978701019233488,0.5851783798531046,0,stale_tape,1,0,0.170784,0.154818,0.471057,0.77475,0.581062,part2a21_alpha_positions.csv,part2a21_alpha_eligibility.csv,artifacts_part2_g532/predictions/g532_final_consensus_tape.csv
2022-03-28,,,0,0,0.0,0,0.33154,0,FLAT,0.0,0.0,0.0,0.0,,0.007598,0.0,0.2186376220990751,0.7455806431072345,0,stale_tape,1,0,0.139094,0.147098,0.456544,0.794615,0.595961,part2a21_alpha_positions.csv,part2a21_alpha_eligibility.csv,artifacts_part2_g532/predictions/g532_final_consensus_tape.csv
2022-03-29,,,0,0,0.0,0,0.342677,0,FLAT,0.0,0.0,0.0,0.0,,-0.010165,0.0,0.2131105952834243,0.7102525453260639,0,stale_tape,1,0,0.12741,0.13722,0.437974,0.807044,0.605283,part2a21_alpha_positions.csv,part2a21_alpha_eligibility.csv,artifacts_part2_g532/predictions/g532_final_consensus_tape.csv
2022-03-30,,,0,0,0.0,0,0.333382,0,FLAT,0.0,0.0,0.0,0.0,,-0.01735,0.0,0.2164521679496494,0.7245910934551066,0,stale_tape,1,0,0.12974,0.141705,0.446406,0.802739,0.602054,part2a21_alpha_positions.csv,part2a21_alpha_eligibility.csv,artifacts_part2_g532/predictions/g532_final_consensus_tape.csv
2022-03-31,,,0,0,0.0,0,0.313729,0,FLAT,0.0,0.0,0.0,0.0,,0.009299,0.0,0.2040298405004382,0.6296485416825844,0,stale_tape,1,0,0.140952,0.133219,0.430451,0.803855,0.602891,part2a21_alpha_positions.csv,part2a21_alpha_eligibility.csv,artifacts_part2_g532/predictions/g532_final_consensus_tape.csv
2022-04-01,,,0,0,0.0,0,0.317702,0,FLAT,0.0,0.0,0.0,0.0,,0.0091,0.0,0.2217609026538904,0.7783184592895523,0,stale_tape,1,0,0.124024,0.128024,0.420685,0.815244,0.611433,part2a21_alpha_positions.csv,part2a21_alpha_eligibility.csv,artifacts_part2_g532/predictions/g532_final_consensus_tape.csv
2022-04-04,,,0,0,0.0,0,0.321801,0,FLAT,0.0,0.0,0.0,0.0,,-0.000451,0.0,0.2258336165089948,0.7701313290490625,0,stale_tape,1,0,0.118361,0.125596,0.41612,0.819555,0.614666,part2a21_alpha_positions.csv,part2a21_alpha_eligibility.csv,artifacts_part2_g532/predictions/g532_final_consensus_tape.csv
2022-04-05,,,0,0,0.0,0,0.320782,0,FLAT,0.0,0.0,0.0,0.0,,-0.006661,0.0,0.2258360489339679,0.7851385932126513,0,stale_tape,1,0,0.133193,0.148917,0.459965,0.795949,0.596962,part2a21_alpha_positions.csv,part2a21_alpha_eligibility.csv,artifacts_part2_g532/predictions/g532_final_consensus_tape.csv
2022-04-06,,,0,0,0.0,0,0.336443,0,FLAT,0.0,0.0,0.0,0.0,,0.007511,0.0,0.2253473522712886,0.7777776537374647,0,stale_tape,1,0,0.1452,0.158141,0.477306,0.78385,0.587887,part2a21_alpha_positions.csv,part2a21_alpha_eligibility.csv,artifacts_part2_g532/predictions/g532_final_consensus_tape.csv
2022-04-07,,,0,0,0.0,0,0.371805,0,FLAT,0.0,0.0,0.0,0.0,,0.002649,0.0,0.2262085208567611,0.7906851803805343,0,stale_tape,1,0,0.114994,0.127202,0.41914,0.819904,0.614928,part2a21_alpha_positions.csv,part2a21_alpha_eligibility.csv,artifacts_part2_g532/predictions/g532_final_consensus_tape.csv
2022-04-08,,,0,0,0.0,0,0.3812,0,FLAT,0.0,0.0,0.0,0.0,,-0.012665,0.0,0.2111889320087011,0.6961046414575843,0,stale_tape,1,0,0.129149,0.140016,0.44323,0.804231,0.603173,part2a21_alpha_positions.csv,part2a21_alpha_eligibility.csv,artifacts_part2_g532/predictions/g532_final_consensus_tape.csv
2022-04-11,,,0,0,0.0,0,0.203395,0,FLAT,0.0,0.0,0.0,0.0,,-0.008478,0.0,0.2056179193428979,0.6133018617026897,0,stale_tape,1,0,0.202401,0.187255,0.53204,0.736972,0.331637,part2a21_alpha_positions.csv,part2a21_alpha_eligibility.csv,artifacts_part2_g532/predictions/g532_final_consensus_tape.csv
2022-04-12,,,0,0,0.0,0,0.208123,0,FLAT,0.0,0.0,0.0,0.0,,0.009023,0.0,0.2048841477415235,0.6111808972519698,0,stale_tape,1,0,0.202685,0.17438,0.507834,0.746192,0.335786,part2a21_alpha_positions.csv,part2a21_alpha_eligibility.csv,artifacts_part2_g532/predictions/g532_final_consensus_tape.csv
2022-04-13,,,0,0,0.0,0,0.376271,0,FLAT,0.0,0.0,0.0,0.0,,-0.003176,0.0,0.2117001077639573,0.679730957303477,0,stale_tape,1,0,0.113929,0.130902,0.426096,0.817697,0.613273,part2a21_alpha_positions.csv,part2a21_alpha_eligibility.csv,artifacts_part2_g532/predictions/g532_final_consensus_tape.csv
2022-04-14,,,0,0,0.0,0,0.394181,0,FLAT,0.0,0.0,0.0,0.0,,0.0,0.0,0.2163023146964919,0.6926217871525444,0,stale_tape,1,0,0.123003,0.153169,0.467957,0.797448,0.598086,part2a21_alpha_positions.csv,part2a21_alpha_eligibility.csv,artifacts_part2_g532/predictions/g532_final_consensus_tape.csv
2022-04-15,,,0,0,0.0,0,0.393939,0,FLAT,0.0,0.0,0.0,0.0,,0.003079,0.0,0.206170707969769,0.6193540815072994,0,stale_tape,1,0,0.160254,0.157957,0.476958,0.777209,0.582907,part2a21_alpha_positions.csv,part2a21_alpha_eligibility.csv,artifacts_part2_g532/predictions/g532_final_consensus_tape.csv
2022-04-18,,,0,0,0.0,0,0.424554,0,FLAT,0.0,0.0,0.0,0.0,,0.02246,0.0,0.2087581621407875,0.6566642066642475,0,stale_tape,1,0,0.11774,0.131766,0.427719,0.815355,0.611516,part2a21_alpha_positions.csv,part2a21_alpha_eligibility.csv,artifacts_part2_g532/predictions/g532_final_consensus_tape.csv
2022-04-19,,,0,0,0.0,0,0.371863,0,FLAT,0.0,0.0,0.0,0.0,,-0.008536,0.0,0.2100429435792208,0.6668986909254585,0,stale_tape,1,0,0.112546,0.135094,0.433977,0.815276,0.611457,part2a21_alpha_positions.csv,part2a21_alpha_eligibility.csv,artifacts_part2_g532/predictions/g532_final_consensus_tape.csv
2022-04-20,,,0,0,0.0,0,0.358949,0,FLAT,0.0,0.0,0.0,0.0,,-0.009403,0.0,0.2171071436030561,0.6544978990504831,0,stale_tape,1,0,0.122742,0.160208,0.481192,0.792455,0.594341,part2a21_alpha_positions.csv,part2a21_alpha_eligibility.csv,artifacts_part2_g532/predictions/g532_final_consensus_tape.csv
2022-04-21,,,0,0,0.0,0,0.356489,0,FLAT,0.0,0.0,0.0,0.0,,-0.02816,0.0,0.2064365573111759,0.6426676815283209,0,stale_tape,1,0,0.134259,0.150927,0.463742,0.794011,0.595508,part2a21_alpha_positions.csv,part2a21_alpha_eligibility.csv,artifacts_part2_g532/predictions/g532_final_consensus_tape.csv
2022-04-22,,,0,0,0.0,0,0.176415,0,FLAT,0.0,0.0,0.0,0.0,,-0.000954,0.0,0.2062922520369856,0.6399168217519341,0,stale_tape,1,0,0.198032,0.198935,0.553998,0.730459,0.328707,part2a21_alpha_positions.csv,part2a21_alpha_eligibility.csv,artifacts_part2_g532/predictions/g532_final_consensus_tape.csv
2022-04-25,,,0,0,0.0,0,0.159673,0,FLAT,0.0,0.0,0.0,0.0,,-0.035661,0.0,0.2170428940179377,0.7271490956651375,0,stale_tape,1,0,0.163891,0.188716,0.534786,0.753241,0.293764,part2a21_alpha_positions.csv,part2a21_alpha_eligibility.csv,artifacts_part2_g532/predictions/g532_final_consensus_tape.csv
2022-04-26,,,0,0,0.0,0,0.138655,0,FLAT,0.0,0.0,0.0,0.0,,0.008172,0.0,0.2153345765911652,0.6990778473849542,0,stale_tape,1,0,0.169178,0.207913,0.570876,0.736925,0.287401,part2a21_alpha_positions.csv,part2a21_alpha_eligibility.csv,artifacts_part2_g532/predictions/g532_final_consensus_tape.csv
2022-04-27,,,0,0,0.0,0,0.134438,0,FLAT,0.0,0.0,0.0,0.0,,0.026198,0.0,0.2018945740547414,0.6303504528160442,0,stale_tape,1,0,0.227216,0.205138,0.56566,0.712823,0.278001,part2a21_alpha_positions.csv,part2a21_alpha_eligibility.csv,artifacts_part2_g532/predictions/g532_final_consensus_tape.csv
2022-04-28,,,0,0,0.0,0,0.128284,0,FLAT,0.0,0.0,0.0,0.0,,-0.032086,0.0,0.216289186663075,0.7189224182703914,0,stale_tape,1,0,0.168533,0.207672,0.570423,0.73739,0.287582,part2a21_alpha_positions.csv,part2a21_alpha_eligibility.csv,artifacts_part2_g532/predictions/g532_final_consensus_tape.csv
2022-04-29,,,0,0,0.0,0,0.122586,0,FLAT,0.0,0.0,0.0,0.0,,0.013743,0.0,0.2230315596510729,0.7301571371857226,0,stale_tape,1,0,0.165008,0.197143,0.550629,0.74662,0.291182,part2a21_alpha_positions.csv,part2a21_alpha_eligibility.csv,artifacts_part2_g532/predictions/g532_final_consensus_tape.csv
2022-05-02,,,0,0,0.0,0,0.114821,0,FLAT,0.0,0.0,0.0,0.0,,0.003144,0.0,0.202235823436402,0.6165235706659713,0,stale_tape,1,0,0.229661,0.20369,0.562938,0.712774,0.277982,part2a21_alpha_positions.csv,part2a21_alpha_eligibility.csv,artifacts_part2_g532/predictions/g532_final_consensus_tape.csv
2022-05-03,,,0,0,0.0,0,0.126431,0,FLAT,0.0,0.0,0.0,0.0,,0.023436,0.0,0.2176945256414116,0.7016603135209368,0,stale_tape,1,0,0.16779,0.194323,0.545328,0.747416,0.291492,part2a21_alpha_positions.csv,part2a21_alpha_eligibility.csv,artifacts_part2_g532/predictions/g532_final_consensus_tape.csv
2022-05-04,,,0,0,0.0,0,0.121487,0,FLAT,0.0,0.0,0.0,0.0,,-0.025674,0.0,0.2168915842708114,0.6757716733616993,0,stale_tape,1,0,0.159769,0.184775,0.527376,0.757958,0.295604,part2a21_alpha_positions.csv,part2a21_alpha_eligibility.csv,artifacts_part2_g532/predictions/g532_final_consensus_tape.csv
2022-05-05,,,0,0,0.0,0,0.11061,0,FLAT,0.0,0.0,0.0,0.0,,-0.00058,0.0,0.2208176675674917,0.7261651943589875,0,stale_tape,1,1,0.194144,0.244346,0.58948,0.709218,0.276595,part2a21_alpha_positions.csv,part2a21_alpha_eligibility.csv,artifacts_part2_g532/predictions/g532_final_consensus_tape.csv
2022-05-06,,,0,0,0.0,0,0.117749,0,FLAT,0.0,0.0,0.0,0.0,,-0.04019,0.0,0.2155528834161461,0.7114089241369973,0,stale_tape,1,0,0.221139,0.189574,0.536399,0.726857,0.283474,part2a21_alpha_positions.csv,part2a21_alpha_eligibility.csv,artifacts_part2_g532/predictions/g532_final_consensus_tape.csv
2022-05-09,,,0,0,0.0,0,0.098995,0,FLAT,0.0,0.0,0.0,0.0,,-0.000768,0.0,0.2226154999625876,0.7356646515251462,0,stale_tape,1,1,0.194283,0.360463,0.630661,0.660278,0.257509,part2a21_alpha_positions.csv,part2a21_alpha_eligibility.csv,artifacts_part2_g532/predictions/g532_final_consensus_tape.csv
2022-05-10,,,0,0,0.0,0,0.111728,0,FLAT,0.0,0.0,0.0,0.0,,-0.022388,0.0,0.2075510268109273,0.668671434174346,0,stale_tape,1,1,0.249547,0.203182,0.561982,0.704194,0.274636,part2a21_alpha_positions.csv,part2a21_alpha_eligibility.csv,artifacts_part2_g532/predictions/g532_final_consensus_tape.csv
2022-05-11,,,0,0,0.0,0,0.116338,0,FLAT,0.0,0.0,0.0,0.0,,-0.004078,0.0,0.2246270279406644,0.7455593604351579,0,stale_tape,1,0,0.159194,0.207251,0.569631,0.741899,0.289341,part2a21_alpha_positions.csv,part2a21_alpha_eligibility.csv,artifacts_part2_g532/predictions/g532_final_consensus_tape.csv
2022-05-12,,,0,0,0.0,0,0.125316,0,FLAT,0.0,0.0,0.0,0.0,,0.028571,0.0,0.2150226078090392,0.7065849152781049,0,stale_tape,1,0,0.168295,0.200353,0.556664,0.742811,0.289696,part2a21_alpha_positions.csv,part2a21_alpha_eligibility.csv,artifacts_part2_g532/predictions/g532_final_consensus_tape.csv
2022-05-13,,,0,0,0.0,0,0.122265,0,FLAT,0.0,0.0,0.0,0.0,,-0.007764,0.0,0.2089302131832678,0.6547005314479072,0,stale_tape,1,0,0.176505,0.18753,0.532557,0.748425,0.291886,part2a21_alpha_positions.csv,part2a21_alpha_eligibility.csv,artifacts_part2_g532/predictions/g532_final_consensus_tape.csv
2022-05-16,,,0,0,0.0,0,0.122454,0,FLAT,0.0,0.0,0.0,0.0,,0.02741,0.0,0.2152382522247501,0.6501993636589218,0,stale_tape,1,0,0.175821,0.20635,0.567939,0.73507,0.286677,part2a21_alpha_positions.csv,part2a21_alpha_eligibility.csv,artifacts_part2_g532/predictions/g532_final_consensus_tape.csv
2022-05-17,,,0,0,0.0,0,0.117888,0,FLAT,0.0,0.0,0.0,0.0,,-0.047524,0.0,0.2133134477640196,0.6390807913387221,0,stale_tape,1,0,0.169158,0.18836,0.534117,0.751129,0.29294,part2a21_alpha_positions.csv,part2a21_alpha_eligibility.csv,artifacts_part2_g532/predictions/g532_final_consensus_tape.csv
2022-05-18,,,0,0,0.0,0,0.099155,0,FLAT,0.0,0.0,0.0,0.0,,-0.010297,0.0,0.2078035406183825,0.6277549786116658,0,stale_tape,1,1,0.190763,0.353931,0.628403,0.6646,0.259194,part2a21_alpha_positions.csv,part2a21_alpha_eligibility.csv,artifacts_part2_g532/predictions/g532_final_consensus_tape.csv
2022-05-19,,,0,0,0.0,0,0.104675,0,FLAT,0.0,0.0,0.0,0.0,,-0.004382,0.0,0.1958381797124809,0.586078428514185,0,stale_tape,1,1,0.23662,0.243105,0.589027,0.690629,0.269345,part2a21_alpha_positions.csv,part2a21_alpha_eligibility.csv,artifacts_part2_g532/predictions/g532_final_consensus_tape.csv
2022-05-20,,,0,0,0.0,0,0.103697,0,FLAT,0.0,0.0,0.0,0.0,,0.024874,0.0,0.2054815070512156,0.6024553177484774,0,stale_tape,1,1,0.231694,0.267352,0.597821,0.6826,0.266214,part2a21_alpha_positions.csv,part2a21_alpha_eligibility.csv,artifacts_part2_g532/predictions/g532_final_consensus_tape.csv
2022-05-23,,,0,0,0.0,0,0.116803,0,FLAT,0.0,0.0,0.0,0.0,,-0.015821,0.0,0.2219463486710899,0.6504792343176911,0,stale_tape,1,0,0.162606,0.189601,0.536451,0.753177,0.293739,part2a21_alpha_positions.csv,part2a21_alpha_eligibility.csv,artifacts_part2_g532/predictions/g532_final_consensus_tape.csv
2022-05-24,,,0,0,0.0,0,0.109621,0,FLAT,0.0,0.0,0.0,0.0,,0.006288,0.0,0.2277260310306671,0.6644687691226806,0,stale_tape,1,1,0.187732,0.239404,0.587676,0.714194,0.278536,part2a21_alpha_positions.csv,part2a21_alpha_eligibility.csv,artifacts_part2_g532/predictions/g532_final_consensus_tape.csv
2022-05-25,,,0,0,0.0,0,0.113746,0,FLAT,0.0,0.0,0.0,0.0,,0.020164,0.0,0.2003548467124718,0.5690788038413167,0,stale_tape,1,0,0.214201,0.195924,0.548336,0.725369,0.282894,part2a21_alpha_positions.csv,part2a21_alpha_eligibility.csv,artifacts_part2_g532/predictions/g532_final_consensus_tape.csv
2022-05-26,,,0,0,0.0,0,0.11782,0,FLAT,0.0,0.0,0.0,0.0,,0.02333,0.0,0.2153549880135181,0.6118505115477557,0,stale_tape,1,0,0.149259,0.179165,0.516831,0.766759,0.299036,part2a21_alpha_positions.csv,part2a21_alpha_eligibility.csv,artifacts_part2_g532/predictions/g532_final_consensus_tape.csv
2022-05-27,,,0,0,0.0,0,0.115941,0,FLAT,0.0,0.0,0.0,0.0,,0.0,0.0,0.2131298779430655,0.6093463215455861,0,stale_tape,1,0,0.171159,0.197665,0.551611,0.743473,0.289955,part2a21_alpha_positions.csv,part2a21_alpha_eligibility.csv,artifacts_part2_g532/predictions/g532_final_consensus_tape.csv
2022-05-30,,,0,0,0.0,0,0.119621,0,FLAT,0.0,0.0,0.0,0.0,,0.004926,0.0,0.2153393607413534,0.6092723905092027,0,stale_tape,1,0,0.155764,0.180499,0.519339,0.762864,0.297517,part2a21_alpha_positions.csv,part2a21_alpha_eligibility.csv,artifacts_part2_g532/predictions/g532_final_consensus_tape.csv
2022-05-31,,,0,0,0.0,0,0.125656,0,FLAT,0.0,0.0,0.0,0.0,,-0.002765,0.0,0.2273979836865891,0.6407063720588907,0,stale_tape,1,0,0.149157,0.177963,0.514571,0.767678,0.299394,part2a21_alpha_positions.csv,part2a21_alpha_eligibility.csv,artifacts_part2_g532/predictions/g532_final_consensus_tape.csv
2022-06-01,,,0,0,0.0,0,0.297069,0,FLAT,0.0,0.0,0.0,0.0,,0.017352,0.0,0.214250169100349,0.6430272263364666,0,stale_tape,1,0,0.164324,0.190182,0.537542,0.751982,0.563987,part2a21_alpha_positions.csv,part2a21_alpha_eligibility.csv,artifacts_part2_g532/predictions/g532_final_consensus_tape.csv
2022-06-02,,,0,0,0.0,0,0.305734,0,FLAT,0.0,0.0,0.0,0.0,,-0.014371,0.0,0.2166105915454881,0.6494352667662894,0,stale_tape,1,0,0.161049,0.181629,0.521463,0.759665,0.569749,part2a21_alpha_positions.csv,part2a21_alpha_eligibility.csv,artifacts_part2_g532/predictions/g532_final_consensus_tape.csv
2022-06-03,,,0,0,0.0,0,0.29647,0,FLAT,0.0,0.0,0.0,0.0,,0.010261,0.0,0.2266686927455502,0.6562888233968623,0,stale_tape,1,0,0.152562,0.174723,0.50848,0.768498,0.576373,part2a21_alpha_positions.csv,part2a21_alpha_eligibility.csv,artifacts_part2_g532/predictions/g532_final_consensus_tape.csv
2022-06-06,,,0,0,0.0,0,0.311243,0,FLAT,0.0,0.0,0.0,0.0,,0.005709,0.0,0.2287159272351846,0.6553263672337809,0,stale_tape,1,0,0.150305,0.172806,0.504876,0.770906,0.578179,part2a21_alpha_positions.csv,part2a21_alpha_eligibility.csv,artifacts_part2_g532/predictions/g532_final_consensus_tape.csv
2022-06-07,,,0,0,0.0,0,0.335539,0,FLAT,0.0,0.0,0.0,0.0,,-0.007273,0.0,0.2155152875630366,0.6411173690057127,0,stale_tape,1,0,0.149731,0.173548,0.50627,0.770625,0.577969,part2a21_alpha_positions.csv,part2a21_alpha_eligibility.csv,artifacts_part2_g532/predictions/g532_final_consensus_tape.csv
2022-06-08,,,0,0,0.0,0,0.325831,0,FLAT,0.0,0.0,0.0,0.0,,-0.022916,0.0,0.223224547222149,0.6552071873967372,0,stale_tape,1,0,0.150023,0.170634,0.500792,0.77261,0.579457,part2a21_alpha_positions.csv,part2a21_alpha_eligibility.csv,artifacts_part2_g532/predictions/g532_final_consensus_tape.csv
2022-06-09,,,0,0,0.0,0,0.155257,0,FLAT,0.0,0.0,0.0,0.0,,-0.019902,0.0,0.2189414989226576,0.6509879833427581,0,stale_tape,1,0,0.166217,0.18687,0.531316,0.753535,0.293879,part2a21_alpha_positions.csv,part2a21_alpha_eligibility.csv,artifacts_part2_g532/predictions/g532_final_consensus_tape.csv
2022-06-10,,,0,0,0.0,0,0.158568,0,FLAT,0.0,0.0,0.0,0.0,,-0.021379,0.0,0.2148955243225424,0.6842453662949629,0,stale_tape,1,0,0.168561,0.193994,0.544709,0.747308,0.29145,part2a21_alpha_positions.csv,part2a21_alpha_eligibility.csv,artifacts_part2_g532/predictions/g532_final_consensus_tape.csv
2022-06-13,,,0,0,0.0,0,0.149483,0,FLAT,0.0,0.0,0.0,0.0,,0.005517,0.0,0.2466526774554249,0.7525799417745339,0,stale_tape,1,0,0.173831,0.210842,0.576383,0.732705,0.285755,part2a21_alpha_positions.csv,part2a21_alpha_eligibility.csv,artifacts_part2_g532/predictions/g532_final_consensus_tape.csv
2022-06-14,,,0,0,0.0,0,0.130833,0,FLAT,0.0,0.0,0.0,0.0,,0.000355,0.0,0.1988191698559345,0.6722079167617099,0,stale_tape,1,1,0.237959,0.356503,0.629293,0.642284,0.250491,part2a21_alpha_positions.csv,part2a21_alpha_eligibility.csv,artifacts_part2_g532/predictions/g532_final_consensus_tape.csv
2022-06-15,,,0,0,0.0,0,0.118155,0,FLAT,0.0,0.0,0.0,0.0,,-0.039915,0.0,0.2221157881158414,0.4954643401461872,0,stale_tape,1,1,0.238502,0.517026,0.65,0.581715,0.226869,part2a21_alpha_positions.csv,part2a21_alpha_eligibility.csv,artifacts_part2_g532/predictions/g532_final_consensus_tape.csv
2022-06-16,,,0,0,0.0,0,0.105556,0,FLAT,0.0,0.0,0.0,0.0,,0.002308,0.0,0.2299609915545527,0.5839885576514955,0,stale_tape,1,1,0.241008,0.614248,0.65,0.54656,0.213158,part2a21_alpha_positions.csv,part2a21_alpha_eligibility.csv,artifacts_part2_g532/predictions/g532_final_consensus_tape.csv
2022-06-17,,,0,0,0.0,0,0.042961,0,FLAT,0.0,0.0,0.0,0.0,,0.0,0.0,0.248183711611903,0.7251167627584764,0,stale_tape,1,1,0.339202,0.504936,0.65,0.540631,0.087853,part2a21_alpha_positions.csv,part2a21_alpha_eligibility.csv,artifacts_part2_g532/predictions/g532_final_consensus_tape.csv
2022-06-20,,,0,0,0.0,0,0.144532,0,FLAT,0.0,0.0,0.0,0.0,,0.029409,0.0,0.2270759056347628,0.5620499499255848,0,stale_tape,1,0,0.173925,0.209473,0.573809,0.733657,0.286126,part2a21_alpha_positions.csv,part2a21_alpha_eligibility.csv,artifacts_part2_g532/predictions/g532_final_consensus_tape.csv
2022-06-21,,,0,0,0.0,0,0.097235,0,FLAT,0.0,0.0,0.0,0.0,,-0.014672,0.0,0.2399510916633237,0.673411734606486,0,stale_tape,1,1,0.325988,0.477605,0.65,0.556144,0.216896,part2a21_alpha_positions.csv,part2a21_alpha_eligibility.csv,artifacts_part2_g532/predictions/g532_final_consensus_tape.csv
2022-06-22,,,0,0,0.0,0,0.115994,0,FLAT,0.0,0.0,0.0,0.0,,0.004821,0.0,0.221012505724111,0.5156602834041256,0,stale_tape,1,1,0.215237,0.32432,0.618082,0.666015,0.259746,part2a21_alpha_positions.csv,part2a21_alpha_eligibility.csv,artifacts_part2_g532/predictions/g532_final_consensus_tape.csv
2022-06-23,,,0,0,0.0,0,0.105148,0,FLAT,0.0,0.0,0.0,0.0,,0.034212,0.0,0.2398115640645746,0.6882527350001649,0,stale_tape,1,1,0.313282,0.382694,0.638297,0.59742,0.232994,part2a21_alpha_positions.csv,part2a21_alpha_eligibility.csv,artifacts_part2_g532/predictions/g532_final_consensus_tape.csv
2022-06-24,,,0,0,0.0,0,0.114616,0,FLAT,0.0,0.0,0.0,0.0,,0.001894,0.0,0.2232621231975533,0.5382737191500399,0,stale_tape,1,1,0.198303,0.250792,0.591827,0.704621,0.274802,part2a21_alpha_positions.csv,part2a21_alpha_eligibility.csv,artifacts_part2_g532/predictions/g532_final_consensus_tape.csv
2022-06-27,,,0,0,0.0,0,0.118979,0,FLAT,0.0,0.0,0.0,0.0,,-0.023137,0.0,0.2137400125080819,0.4716093025812293,0,stale_tape,1,1,0.191014,0.256017,0.593723,0.705693,0.27522,part2a21_alpha_positions.csv,part2a21_alpha_eligibility.csv,artifacts_part2_g532/predictions/g532_final_consensus_tape.csv
2022-06-28,,,0,0,0.0,0,0.115771,0,FLAT,0.0,0.0,0.0,0.0,,-0.007518,0.0,0.206406468663886,0.3872826273921206,0,stale_tape,1,0,0.218774,0.208668,0.572295,0.714059,0.278483,part2a21_alpha_positions.csv,part2a21_alpha_eligibility.csv,artifacts_part2_g532/predictions/g532_final_consensus_tape.csv
2022-06-29,,,0,0,0.0,0,0.118171,0,FLAT,0.0,0.0,0.0,0.0,,-0.015579,0.0,0.2195085068039199,0.5111738301473393,0,stale_tape,1,0,0.179736,0.209641,0.574125,0.730919,0.285059,part2a21_alpha_positions.csv,part2a21_alpha_eligibility.csv,artifacts_part2_g532/predictions/g532_final_consensus_tape.csv
2022-06-30,,,0,0,0.0,0,0.148014,0,FLAT,0.0,0.0,0.0,0.0,,-0.000452,0.0,0.2181316272705393,0.4992168581192469,0,stale_tape,1,1,0.185972,0.235199,0.586137,0.716766,0.322545,part2a21_alpha_positions.csv,part2a21_alpha_eligibility.csv,artifacts_part2_g532/predictions/g532_final_consensus_tape.csv
2022-07-01,,,0,0,0.0,0,0.144811,0,FLAT,0.0,0.0,0.0,0.0,,0.0,0.0,0.2132640610475439,0.4443463846233511,0,stale_tape,1,0,0.229395,0.225593,0.58261,0.701292,0.315582,part2a21_alpha_positions.csv,part2a21_alpha_eligibility.csv,artifacts_part2_g532/predictions/g532_final_consensus_tape.csv
2022-07-04,,,0,0,0.0,0,0.152426,0,FLAT,0.0,0.0,0.0,0.0,,-0.001907,0.0,0.2107265228498633,0.4225464292827333,0,stale_tape,1,0,0.169023,0.206291,0.567826,0.738173,0.332178,part2a21_alpha_positions.csv,part2a21_alpha_eligibility.csv,artifacts_part2_g532/predictions/g532_final_consensus_tape.csv
2022-07-05,,,0,0,0.0,0,0.160894,0,FLAT,0.0,0.0,0.0,0.0,,0.01214,0.0,0.2017325687220425,0.348022292354957,0,stale_tape,1,0,0.221456,0.209031,0.572978,0.712588,0.320665,part2a21_alpha_positions.csv,part2a21_alpha_eligibility.csv,artifacts_part2_g532/predictions/g532_final_consensus_tape.csv
2022-07-06,,,0,0,0.0,0,0.167921,0,FLAT,0.0,0.0,0.0,0.0,,0.020718,0.0,0.2075452408694796,0.393032726055309,0,stale_tape,1,0,0.170072,0.200339,0.556637,0.742021,0.33391,part2a21_alpha_positions.csv,part2a21_alpha_eligibility.csv,artifacts_part2_g532/predictions/g532_final_consensus_tape.csv
2022-07-07,,,0,0,0.0,0,0.15541,0,FLAT,0.0,0.0,0.0,0.0,,0.005503,0.0,0.2103812788080948,0.4216482068533547,0,stale_tape,1,0,0.22903,0.201968,0.5597,0.714308,0.321439,part2a21_alpha_positions.csv,part2a21_alpha_eligibility.csv,artifacts_part2_g532/predictions/g532_final_consensus_tape.csv
2022-07-08,,,0,0,0.0,0,0.180805,0,FLAT,0.0,0.0,0.0,0.0,,-0.019223,0.0,0.2057421448378273,0.3899047876750232,0,stale_tape,1,0,0.211189,0.19868,0.553519,0.724723,0.326125,part2a21_alpha_positions.csv,part2a21_alpha_eligibility.csv,artifacts_part2_g532/predictions/g532_final_consensus_tape.csv
2022-07-11,,,0,0,0.0,0,0.168005,0,FLAT,0.0,0.0,0.0,0.0,,-0.011615,0.0,0.1996171884449291,0.3106695658511389,0,stale_tape,1,0,0.219035,0.235311,0.586178,0.70184,0.315828,part2a21_alpha_positions.csv,part2a21_alpha_eligibility.csv,artifacts_part2_g532/predictions/g532_final_consensus_tape.csv
2022-07-12,,,0,0,0.0,0,0.177132,0,FLAT,0.0,0.0,0.0,0.0,,-0.00895,0.0,0.2102921255028225,0.4251052671686614,0,stale_tape,1,1,0.23956,0.21049,0.575722,0.703382,0.316522,part2a21_alpha_positions.csv,part2a21_alpha_eligibility.csv,artifacts_part2_g532/predictions/g532_final_consensus_tape.csv
2022-07-13,,,0,0,0.0,0,0.188258,0,FLAT,0.0,0.0,0.0,0.0,,0.002906,0.0,0.2208811811471216,0.5581443497336193,0,stale_tape,1,0,0.154961,0.199088,0.554286,0.74973,0.337378,part2a21_alpha_positions.csv,part2a21_alpha_eligibility.csv,artifacts_part2_g532/predictions/g532_final_consensus_tape.csv
2022-07-14,,,0,0,0.0,0,0.325334,0,FLAT,0.0,0.0,0.0,0.0,,0.015321,0.0,0.2178078717661453,0.4960117622084863,0,stale_tape,1,0,0.157629,0.193871,0.544478,0.752316,0.564237,part2a21_alpha_positions.csv,part2a21_alpha_eligibility.csv,artifacts_part2_g532/predictions/g532_final_consensus_tape.csv
2022-07-15,,,0,0,0.0,0,0.317341,0,FLAT,0.0,0.0,0.0,0.0,,-0.005387,0.0,0.218257195661109,0.509733889847703,0,stale_tape,1,0,0.157125,0.183409,0.524809,0.760139,0.570104,part2a21_alpha_positions.csv,part2a21_alpha_eligibility.csv,artifacts_part2_g532/predictions/g532_final_consensus_tape.csv
2022-07-18,,,0,0,0.0,0,0.316502,0,FLAT,0.0,0.0,0.0,0.0,,0.031381,0.0,0.2225311553528045,0.5914471850146161,0,stale_tape,1,0,0.143384,0.187855,0.533167,0.763095,0.572321,part2a21_alpha_positions.csv,part2a21_alpha_eligibility.csv,artifacts_part2_g532/predictions/g532_final_consensus_tape.csv
2022-07-19,,,0,0,0.0,0,0.286487,0,FLAT,0.0,0.0,0.0,0.0,,0.007367,0.0,0.2192428986589132,0.5345097467923976,0,stale_tape,1,0,0.145675,0.181341,0.520921,0.766793,0.575095,part2a21_alpha_positions.csv,part2a21_alpha_eligibility.csv,artifacts_part2_g532/predictions/g532_final_consensus_tape.csv
2022-07-20,,,0,0,0.0,0,0.168987,0,FLAT,0.0,0.0,0.0,0.0,,-0.00126,0.0,0.2245409604643946,0.6248292627858397,0,stale_tape,1,0,0.156562,0.198755,0.55366,0.749251,0.337163,part2a21_alpha_positions.csv,part2a21_alpha_eligibility.csv,artifacts_part2_g532/predictions/g532_final_consensus_tape.csv
2022-07-21,,,0,0,0.0,0,0.175133,0,FLAT,0.0,0.0,0.0,0.0,,-0.020539,0.0,0.2219181346109383,0.5652160045973492,0,stale_tape,1,0,0.15471,0.201035,0.557946,0.748429,0.336793,part2a21_alpha_positions.csv,part2a21_alpha_eligibility.csv,artifacts_part2_g532/predictions/g532_final_consensus_tape.csv
2022-07-22,,,0,0,0.0,0,0.286755,0,FLAT,0.0,0.0,0.0,0.0,,0.004546,0.0,0.2240854934363128,0.6145818931259678,0,stale_tape,1,0,0.13998,0.178762,0.516073,0.771228,0.578421,part2a21_alpha_positions.csv,part2a21_alpha_eligibility.csv,artifacts_part2_g532/predictions/g532_final_consensus_tape.csv
2022-07-25,,,0,0,0.0,0,0.294702,0,FLAT,0.0,0.0,0.0,0.0,,-0.012448,0.0,0.22033564094069,0.5495200113934766,0,stale_tape,1,0,0.151624,0.186549,0.530713,0.760335,0.570251,part2a21_alpha_positions.csv,part2a21_alpha_eligibility.csv,artifacts_part2_g532/predictions/g532_final_consensus_tape.csv
2022-07-26,,,0,0,0.0,0,0.292886,0,FLAT,0.0,0.0,0.0,0.0,,0.023837,0.0,0.223332524663561,0.6011424724367119,0,stale_tape,1,0,0.144961,0.194271,0.54523,0.757727,0.568295,part2a21_alpha_positions.csv,part2a21_alpha_eligibility.csv,artifacts_part2_g532/predictions/g532_final_consensus_tape.csv
2022-07-27,,,0,0,0.0,0,0.286922,0,FLAT,0.0,0.0,0.0,0.0,,0.002716,0.0,0.2200243894995647,0.5472913960180197,0,stale_tape,1,0,0.150473,0.176278,0.511403,0.768309,0.576232,part2a21_alpha_positions.csv,part2a21_alpha_eligibility.csv,artifacts_part2_g532/predictions/g532_final_consensus_tape.csv
2022-07-28,,,0,0,0.0,0,0.286263,0,FLAT,0.0,0.0,0.0,0.0,,0.014166,0.0,0.2237348255527159,0.6092457012572464,0,stale_tape,1,0,0.144726,0.182194,0.522526,0.7666,0.57495,part2a21_alpha_positions.csv,part2a21_alpha_eligibility.csv,artifacts_part2_g532/predictions/g532_final_consensus_tape.csv
2022-07-29,,,0,0,0.0,0,0.289516,0,FLAT,0.0,0.0,0.0,0.0,,-0.008846,0.0,0.2205371562622231,0.5521968328475545,0,stale_tape,1,0,0.13674,0.177947,0.514541,0.773278,0.579958,part2a21_alpha_positions.csv,part2a21_alpha_eligibility.csv,artifacts_part2_g532/predictions/g532_final_consensus_tape.csv
2022-08-01,,,0,0,0.0,0,0.287407,0,FLAT,0.0,0.0,0.0,0.0,,0.00744,0.0,0.2216617712322692,0.5711604375088853,0,stale_tape,1,0,0.138093,0.175667,0.510255,0.774323,0.580743,part2a21_alpha_positions.csv,part2a21_alpha_eligibility.csv,artifacts_part2_g532/predictions/g532_final_consensus_tape.csv
2022-08-02,,,0,0,0.0,0,0.313314,0,FLAT,0.0,0.0,0.0,0.0,,0.011376,0.0,0.2176818943467344,0.4780370062747165,0,stale_tape,1,0,0.153577,0.180141,0.518665,0.764108,0.573081,part2a21_alpha_positions.csv,part2a21_alpha_eligibility.csv,artifacts_part2_g532/predictions/g532_final_consensus_tape.csv
2022-08-03,,,0,0,0.0,0,0.180891,0,FLAT,0.0,0.0,0.0,0.0,,-0.005843,0.0,0.2185298057492027,0.4882277265228714,0,stale_tape,1,0,0.157137,0.208789,0.572523,0.741707,0.333768,part2a21_alpha_positions.csv,part2a21_alpha_eligibility.csv,artifacts_part2_g532/predictions/g532_final_consensus_tape.csv
2022-08-04,,,0,0,0.0,0,0.179369,0,FLAT,0.0,0.0,0.0,0.0,,0.012491,0.0,0.2181479462533476,0.4789626306898469,0,stale_tape,1,0,0.156136,0.210835,0.576371,0.740672,0.333303,part2a21_alpha_positions.csv,part2a21_alpha_eligibility.csv,artifacts_part2_g532/predictions/g532_final_consensus_tape.csv
2022-08-05,,,0,0,0.0,0,0.340688,0,FLAT,0.0,0.0,0.0,0.0,,-0.006767,0.0,0.2163538982362468,0.4792795660871893,0,stale_tape,1,0,0.136857,0.166124,0.492312,0.781809,0.586356,part2a21_alpha_positions.csv,part2a21_alpha_eligibility.csv,artifacts_part2_g532/predictions/g532_final_consensus_tape.csv
2022-08-08,,,0,0,0.0,0,0.331661,0,FLAT,0.0,0.0,0.0,0.0,,-0.000979,0.0,0.2193266561914463,0.5203928294504032,0,stale_tape,1,0,0.129857,0.176099,0.511065,0.777717,0.583288,part2a21_alpha_positions.csv,part2a21_alpha_eligibility.csv,artifacts_part2_g532/predictions/g532_final_consensus_tape.csv
2022-08-09,,,0,0,0.0,0,0.348516,0,FLAT,0.0,0.0,0.0,0.0,,0.020151,0.0,0.2158947906031277,0.4711525765750471,0,stale_tape,1,0,0.129564,0.172607,0.5045,0.780384,0.585288,part2a21_alpha_positions.csv,part2a21_alpha_eligibility.csv,artifacts_part2_g532/predictions/g532_final_consensus_tape.csv
2022-08-10,,,0,0,0.0,0,0.341537,0,FLAT,0.0,0.0,0.0,0.0,,0.00666,0.0,0.2050512699646854,0.4594958092439307,0,stale_tape,1,0,0.177487,0.191543,0.540101,0.745071,0.558803,part2a21_alpha_positions.csv,part2a21_alpha_eligibility.csv,artifacts_part2_g532/predictions/g532_final_consensus_tape.csv
2022-08-11,,,0,0,0.0,0,0.348732,0,FLAT,0.0,0.0,0.0,0.0,,0.013014,0.0,0.1941075291016669,0.3472988474020929,0,stale_tape,1,0,0.157536,0.182468,0.52304,0.760637,0.570478,part2a21_alpha_positions.csv,part2a21_alpha_eligibility.csv,artifacts_part2_g532/predictions/g532_final_consensus_tape.csv
2022-08-12,,,0,0,0.0,0,0.351013,0,FLAT,0.0,0.0,0.0,0.0,,0.00109,0.0,0.188797857260445,0.3224393282340358,0,stale_tape,1,0,0.161325,0.177823,0.514307,0.762304,0.571728,part2a21_alpha_positions.csv,part2a21_alpha_eligibility.csv,artifacts_part2_g532/predictions/g532_final_consensus_tape.csv
2022-08-15,,,0,0,0.0,0,0.375191,0,FLAT,0.0,0.0,0.0,0.0,,0.002903,0.0,0.1905021522108356,0.3347538124733735,0,stale_tape,1,0,0.14266,0.16479,0.489804,0.780166,0.585124,part2a21_alpha_positions.csv,part2a21_alpha_eligibility.csv,artifacts_part2_g532/predictions/g532_final_consensus_tape.csv
2022-08-16,,,0,0,0.0,0,0.366825,0,FLAT,0.0,0.0,0.0,0.0,,-9.6e-05,0.0,0.1978079337042512,0.3932619121715723,0,stale_tape,1,0,0.158711,0.177665,0.51401,0.763595,0.572696,part2a21_alpha_positions.csv,part2a21_alpha_eligibility.csv,artifacts_part2_g532/predictions/g532_final_consensus_tape.csv
2022-08-17,,,0,0,0.0,0,0.384912,0,FLAT,0.0,0.0,0.0,0.0,,0.001143,0.0,0.212524049250641,0.5119244141349242,0,stale_tape,1,0,0.112208,0.15987,0.480555,0.797441,0.598081,part2a21_alpha_positions.csv,part2a21_alpha_eligibility.csv,artifacts_part2_g532/predictions/g532_final_consensus_tape.csv
2022-08-18,,,0,0,0.0,0,0.392515,0,FLAT,0.0,0.0,0.0,0.0,,-0.005246,0.0,0.2075396115804313,0.4799931274403577,0,stale_tape,1,0,0.114409,0.166252,0.492553,0.791817,0.593863,part2a21_alpha_positions.csv,part2a21_alpha_eligibility.csv,artifacts_part2_g532/predictions/g532_final_consensus_tape.csv
2022-08-19,,,0,0,0.0,0,0.381392,0,FLAT,0.0,0.0,0.0,0.0,,-0.016901,0.0,0.2063900891439644,0.4731734951719736,0,stale_tape,1,0,0.147723,0.171641,0.502686,0.772913,0.579685,part2a21_alpha_positions.csv,part2a21_alpha_eligibility.csv,artifacts_part2_g532/predictions/g532_final_consensus_tape.csv
2022-08-22,,,0,0,0.0,0,0.172789,0,FLAT,0.0,0.0,0.0,0.0,,8.2e-05,0.0,0.2322969314732922,0.6484173244601487,0,stale_tape,1,1,0.147311,0.259249,0.594894,0.723994,0.282358,part2a21_alpha_positions.csv,part2a21_alpha_eligibility.csv,artifacts_part2_g532/predictions/g532_final_consensus_tape.csv
2022-08-23,,,0,0,0.0,0,0.074558,0,FLAT,0.0,0.0,0.0,0.0,,0.006375,0.0,0.2446360849913754,0.7224273074331355,0,stale_tape,1,0,0.140916,0.209014,0.572946,0.748844,0.121687,part2a21_alpha_positions.csv,part2a21_alpha_eligibility.csv,artifacts_part2_g532/predictions/g532_final_consensus_tape.csv
2022-08-24,,,0,0,0.0,0,0.196797,0,FLAT,0.0,0.0,0.0,0.0,,0.00808,0.0,0.226880571190037,0.6062784926466859,0,stale_tape,1,0,0.133001,0.199004,0.554127,0.759673,0.296272,part2a21_alpha_positions.csv,part2a21_alpha_eligibility.csv,artifacts_part2_g532/predictions/g532_final_consensus_tape.csv
2022-08-25,,,0,0,0.0,0,0.198379,0,FLAT,0.0,0.0,0.0,0.0,,-0.033698,0.0,0.2348288870575472,0.6279809514303891,0,stale_tape,1,0,0.125743,0.189499,0.536258,0.769839,0.300237,part2a21_alpha_positions.csv,part2a21_alpha_eligibility.csv,artifacts_part2_g532/predictions/g532_final_consensus_tape.csv
2022-08-26,,,0,0,0.0,0,0.152668,0,FLAT,0.0,0.0,0.0,0.0,,-0.000922,0.0,0.214660786189471,0.5102757661754133,0,stale_tape,1,1,0.1459,0.305301,0.611379,0.705214,0.275034,part2a21_alpha_positions.csv,part2a21_alpha_eligibility.csv,artifacts_part2_g532/predictions/g532_final_consensus_tape.csv
2022-08-29,,,0,0,0.0,0,0.151238,0,FLAT,0.0,0.0,0.0,0.0,,-0.010627,0.0,0.2535394980907871,0.7342647111131267,0,stale_tape,1,1,0.208153,0.258467,0.594611,0.696945,0.271809,part2a21_alpha_positions.csv,part2a21_alpha_eligibility.csv,artifacts_part2_g532/predictions/g532_final_consensus_tape.csv
2022-08-30,,,0,0,0.0,0,0.156891,0,FLAT,0.0,0.0,0.0,0.0,,-0.003747,0.0,0.2102895983568675,0.4802129385818653,0,stale_tape,1,0,0.18396,0.227285,0.583232,0.721022,0.281198,part2a21_alpha_positions.csv,part2a21_alpha_eligibility.csv,artifacts_part2_g532/predictions/g532_final_consensus_tape.csv
2022-08-31,,,0,0,0.0,0,0.155757,0,FLAT,0.0,0.0,0.0,0.0,,0.011061,0.0,0.2187590204849286,0.537161029016322,0,stale_tape,1,1,0.149676,0.282874,0.603396,0.71296,0.278055,part2a21_alpha_positions.csv,part2a21_alpha_eligibility.csv,artifacts_part2_g532/predictions/g532_final_consensus_tape.csv
2022-09-01,,,0,0,0.0,0,0.142431,0,FLAT,0.0,0.0,0.0,0.0,,-0.016128,0.0,0.2324743874909018,0.6403620310757562,0,stale_tape,1,1,0.221924,0.297822,0.608726,0.674151,0.262919,part2a21_alpha_positions.csv,part2a21_alpha_eligibility.csv,artifacts_part2_g532/predictions/g532_final_consensus_tape.csv
2022-09-02,,,0,0,0.0,0,0.152272,0,FLAT,0.0,0.0,0.0,0.0,,0.0,0.0,0.2208022421628781,0.5274205968037118,0,stale_tape,1,0,0.13675,0.249003,0.591176,0.733076,0.2859,part2a21_alpha_positions.csv,part2a21_alpha_eligibility.csv,artifacts_part2_g532/predictions/g532_final_consensus_tape.csv
2022-09-05,,,0,0,0.0,0,0.156898,0,FLAT,0.0,0.0,0.0,0.0,,0.007841,0.0,0.2197081771442441,0.5431612795013795,0,stale_tape,1,0,0.136355,0.227314,0.583243,0.742432,0.289548,part2a21_alpha_positions.csv,part2a21_alpha_eligibility.csv,artifacts_part2_g532/predictions/g532_final_consensus_tape.csv
2022-09-06,,,0,0,0.0,0,0.155585,0,FLAT,0.0,0.0,0.0,0.0,,0.01125,0.0,0.2362276490837583,0.6474446399230164,0,stale_tape,1,0,0.139134,0.210805,0.576313,0.748345,0.291855,part2a21_alpha_positions.csv,part2a21_alpha_eligibility.csv,artifacts_part2_g532/predictions/g532_final_consensus_tape.csv
2022-09-07,,,0,0,0.0,0,0.161886,0,FLAT,0.0,0.0,0.0,0.0,,0.01022,0.0,0.2108242988574366,0.6739030432255712,0,stale_tape,1,0,0.067931,0.196717,0.549827,0.790615,0.30834,part2a21_alpha_positions.csv,part2a21_alpha_eligibility.csv,artifacts_part2_g532/predictions/g532_final_consensus_tape.csv
2022-09-08,,,0,0,0.0,0,0.162344,0,FLAT,0.0,0.0,0.0,0.0,,0.015213,0.0,0.217561378305657,0.6330227436655389,0,stale_tape,1,0,0.06667,0.187337,0.532193,0.797992,0.311217,part2a21_alpha_positions.csv,part2a21_alpha_eligibility.csv,artifacts_part2_g532/predictions/g532_final_consensus_tape.csv
2022-09-09,,,0,0,0.0,0,0.187928,0,FLAT,0.0,0.0,0.0,0.0,,0.013347,0.0,0.2183848518285461,0.6268142525115624,0,stale_tape,1,0,0.066189,0.184214,0.526322,0.800476,0.312186,part2a21_alpha_positions.csv,part2a21_alpha_eligibility.csv,artifacts_part2_g532/predictions/g532_final_consensus_tape.csv
2022-09-12,,,0,0,0.0,0,0.183472,0,FLAT,0.0,0.0,0.0,0.0,,-0.038947,0.0,0.2077132148629582,0.7131394091271899,0,stale_tape,1,0,0.068824,0.189826,0.536874,0.795215,0.310134,part2a21_alpha_positions.csv,part2a21_alpha_eligibility.csv,artifacts_part2_g532/predictions/g532_final_consensus_tape.csv
2022-09-13,,,0,0,0.0,0,0.140596,0,FLAT,0.0,0.0,0.0,0.0,,0.003224,0.0,0.2038998167809333,0.7242670699983398,0,stale_tape,1,0,0.106211,0.241553,0.588461,0.749969,0.292488,part2a21_alpha_positions.csv,part2a21_alpha_eligibility.csv,artifacts_part2_g532/predictions/g532_final_consensus_tape.csv
2022-09-14,,,0,0,0.0,0,0.147867,0,FLAT,0.0,0.0,0.0,0.0,,-0.007786,0.0,0.2217080509926061,0.6637218333095264,0,stale_tape,1,0,0.073951,0.197998,0.552237,0.786975,0.30692,part2a21_alpha_positions.csv,part2a21_alpha_eligibility.csv,artifacts_part2_g532/predictions/g532_final_consensus_tape.csv
2022-09-15,,,0,0,0.0,0,0.147283,0,FLAT,0.0,0.0,0.0,0.0,,-0.008704,0.0,0.213447184381002,0.6987084352011942,0,stale_tape,1,0,0.06866,0.209131,0.573166,0.781274,0.304697,part2a21_alpha_positions.csv,part2a21_alpha_eligibility.csv,artifacts_part2_g532/predictions/g532_final_consensus_tape.csv
2022-09-16,,,0,0,0.0,0,0.149735,0,FLAT,0.0,0.0,0.0,0.0,,0.010484,0.0,0.2132639094010421,0.7175840743488694,0,stale_tape,1,0,0.069266,0.212443,0.577753,0.778925,0.303781,part2a21_alpha_positions.csv,part2a21_alpha_eligibility.csv,artifacts_part2_g532/predictions/g532_final_consensus_tape.csv
2022-09-19,,,0,0,0.0,0,0.15073,0,FLAT,0.0,0.0,0.0,0.0,,-0.005111,0.0,0.2074053780807564,0.7492499724865677,0,stale_tape,1,0,0.068109,0.19558,0.547691,0.79136,0.30863,part2a21_alpha_positions.csv,part2a21_alpha_eligibility.csv,artifacts_part2_g532/predictions/g532_final_consensus_tape.csv
2022-09-20,,,0,0,0.0,0,0.147197,0,FLAT,0.0,0.0,0.0,0.0,,-0.021737,0.0,0.2008038173332482,0.7837105724465842,0,stale_tape,1,0,0.109462,0.196642,0.549687,0.77198,0.301072,part2a21_alpha_positions.csv,part2a21_alpha_eligibility.csv,artifacts_part2_g532/predictions/g532_final_consensus_tape.csv
2022-09-21,,,0,0,0.0,0,0.146436,0,FLAT,0.0,0.0,0.0,0.0,,0.006713,0.0,0.2093469493145972,0.7496504575680412,0,stale_tape,1,0,0.067964,0.199971,0.555946,0.788237,0.307412,part2a21_alpha_positions.csv,part2a21_alpha_eligibility.csv,artifacts_part2_g532/predictions/g532_final_consensus_tape.csv
2022-09-22,,,0,0,0.0,0,0.143022,0,FLAT,0.0,0.0,0.0,0.0,,-0.017999,0.0,0.2294554639989819,0.6518334815510561,0,stale_tape,1,0,0.121305,0.200676,0.55727,0.763722,0.297852,part2a21_alpha_positions.csv,part2a21_alpha_eligibility.csv,artifacts_part2_g532/predictions/g532_final_consensus_tape.csv
2022-09-23,,,0,0,0.0,0,0.128054,0,FLAT,0.0,0.0,0.0,0.0,,0.007034,0.0,0.2058260343104823,0.7807449943684053,0,stale_tape,1,1,0.137482,0.405093,0.645916,0.667167,0.260195,part2a21_alpha_positions.csv,part2a21_alpha_eligibility.csv,artifacts_part2_g532/predictions/g532_final_consensus_tape.csv
2022-09-26,,,0,0,0.0,0,0.122849,0,FLAT,0.0,0.0,0.0,0.0,,0.004022,0.0,0.2538382258625858,0.5206792890290105,0,stale_tape,1,1,0.153652,0.502788,0.65,0.624881,0.243704,part2a21_alpha_positions.csv,part2a21_alpha_eligibility.csv,artifacts_part2_g532/predictions/g532_final_consensus_tape.csv
2022-09-27,,,0,0,0.0,0,0.167876,0,FLAT,0.0,0.0,0.0,0.0,,-0.002824,0.0,0.2299292422511359,0.6443512071221463,0,stale_tape,1,1,0.073535,0.317273,0.615605,0.732743,0.28577,part2a21_alpha_positions.csv,part2a21_alpha_eligibility.csv,artifacts_part2_g532/predictions/g532_final_consensus_tape.csv
2022-09-28,,,0,0,0.0,0,0.17426,0,FLAT,0.0,0.0,0.0,0.0,,-0.016408,0.0,0.2249584234343389,0.6358102297553275,0,stale_tape,1,1,0.075467,0.26349,0.596428,0.754533,0.294268,part2a21_alpha_positions.csv,part2a21_alpha_eligibility.csv,artifacts_part2_g532/predictions/g532_final_consensus_tape.csv
2022-09-29,,,0,0,0.0,0,0.162522,0,FLAT,0.0,0.0,0.0,0.0,,-0.012754,0.0,0.2209904448492614,0.7018722930065183,0,stale_tape,1,1,0.071923,0.344576,0.625157,0.722001,0.281581,part2a21_alpha_positions.csv,part2a21_alpha_eligibility.csv,artifacts_part2_g532/predictions/g532_final_consensus_tape.csv
2022-09-30,,,0,0,0.0,0,0.165425,0,FLAT,0.0,0.0,0.0,0.0,,0.014297,0.0,0.2185398875493462,0.704927995047167,0,stale_tape,1,1,0.070453,0.300439,0.609655,0.741211,0.289072,part2a21_alpha_positions.csv,part2a21_alpha_eligibility.csv,artifacts_part2_g532/predictions/g532_final_consensus_tape.csv
2022-10-03,,,0,0,0.0,0,0.159983,0,FLAT,0.0,0.0,0.0,0.0,,0.027845,0.0,0.2074301922961675,0.7763115090190963,0,stale_tape,1,1,0.069622,0.32221,0.617341,0.732428,0.285647,part2a21_alpha_positions.csv,part2a21_alpha_eligibility.csv,artifacts_part2_g532/predictions/g532_final_consensus_tape.csv
2022-10-04,,,0,0,0.0,0,0.149371,0,FLAT,0.0,0.0,0.0,0.0,,0.007787,0.0,0.206245124751513,0.7671324588825351,0,stale_tape,1,0,0.111058,0.194428,0.545525,0.772869,0.301419,part2a21_alpha_positions.csv,part2a21_alpha_eligibility.csv,artifacts_part2_g532/predictions/g532_final_consensus_tape.csv
2022-10-05,,,0,0,0.0,0,0.155769,0,FLAT,0.0,0.0,0.0,0.0,,-0.005063,0.0,0.2157722517530521,0.6766990940694835,0,stale_tape,1,0,0.114935,0.201065,0.558003,0.766306,0.298859,part2a21_alpha_positions.csv,part2a21_alpha_eligibility.csv,artifacts_part2_g532/predictions/g532_final_consensus_tape.csv
2022-10-06,,,0,0,0.0,0,0.156489,0,FLAT,0.0,0.0,0.0,0.0,,-0.023557,0.0,0.2349401029169573,0.7273199303645361,0,stale_tape,1,0,0.115788,0.19452,0.545697,0.770674,0.300563,part2a21_alpha_positions.csv,part2a21_alpha_eligibility.csv,artifacts_part2_g532/predictions/g532_final_consensus_tape.csv
2022-10-07,,,0,0,0.0,0,0.150791,0,FLAT,0.0,0.0,0.0,0.0,,-0.0016,0.0,0.2430035585553344,0.7413144770119414,0,stale_tape,1,0,0.117158,0.202835,0.561331,0.76402,0.297968,part2a21_alpha_positions.csv,part2a21_alpha_eligibility.csv,artifacts_part2_g532/predictions/g532_final_consensus_tape.csv
2022-10-10,,,0,0,0.0,0,0.148428,0,FLAT,0.0,0.0,0.0,0.0,,-0.009143,0.0,0.2386334780048577,0.7476844508161232,0,stale_tape,1,0,0.123464,0.229455,0.58403,0.747326,0.291457,part2a21_alpha_positions.csv,part2a21_alpha_eligibility.csv,artifacts_part2_g532/predictions/g532_final_consensus_tape.csv
2022-10-11,,,0,0,0.0,0,0.150438,0,FLAT,0.0,0.0,0.0,0.0,,-0.00637,0.0,0.2457266028103411,0.7581582741812963,0,stale_tape,1,0,0.118473,0.207584,0.570257,0.759982,0.296393,part2a21_alpha_positions.csv,part2a21_alpha_eligibility.csv,artifacts_part2_g532/predictions/g532_final_consensus_tape.csv
2022-10-12,,,0,0,0.0,0,0.149356,0,FLAT,0.0,0.0,0.0,0.0,,0.03006,0.0,0.229467692238323,0.7248750946322154,0,stale_tape,1,0,0.11815,0.214765,0.578613,0.755942,0.294817,part2a21_alpha_positions.csv,part2a21_alpha_eligibility.csv,artifacts_part2_g532/predictions/g532_final_consensus_tape.csv
2022-10-13,,,0,0,0.0,0,0.14099,0,FLAT,0.0,0.0,0.0,0.0,,-0.017167,0.0,0.2513830834581796,0.7653274186016025,0,stale_tape,1,0,0.117217,0.202738,0.561148,0.764064,0.297985,part2a21_alpha_positions.csv,part2a21_alpha_eligibility.csv,artifacts_part2_g532/predictions/g532_final_consensus_tape.csv
2022-10-14,,,0,0,0.0,0,0.139018,0,FLAT,0.0,0.0,0.0,0.0,,0.02403,0.0,0.2524534714005723,0.7650790331435703,0,stale_tape,1,0,0.116676,0.203266,0.562141,0.763924,0.29793,part2a21_alpha_positions.csv,part2a21_alpha_eligibility.csv,artifacts_part2_g532/predictions/g532_final_consensus_tape.csv
2022-10-17,,,0,0,0.0,0,0.135979,0,FLAT,0.0,0.0,0.0,0.0,,0.009172,0.0,0.2545904051002089,0.7645811235766855,0,stale_tape,1,0,0.115676,0.19664,0.549683,0.769185,0.299982,part2a21_alpha_positions.csv,part2a21_alpha_eligibility.csv,artifacts_part2_g532/predictions/g532_final_consensus_tape.csv
2022-10-18,,,0,0,0.0,0,0.14357,0,FLAT,0.0,0.0,0.0,0.0,,0.003572,0.0,0.2320517888821069,0.7139453426103657,0,stale_tape,1,0,0.117588,0.198404,0.552999,0.767044,0.299147,part2a21_alpha_positions.csv,part2a21_alpha_eligibility.csv,artifacts_part2_g532/predictions/g532_final_consensus_tape.csv
2022-10-19,,,0,0,0.0,0,0.144062,0,FLAT,0.0,0.0,0.0,0.0,,-0.000739,0.0,0.2359397366000185,0.7208939735020367,0,stale_tape,1,0,0.1176,0.199289,0.554664,0.766396,0.298894,part2a21_alpha_positions.csv,part2a21_alpha_eligibility.csv,artifacts_part2_g532/predictions/g532_final_consensus_tape.csv
2022-10-20,,,0,0,0.0,0,0.166964,0,FLAT,0.0,0.0,0.0,0.0,,0.021488,0.0,0.2435522523148597,0.703540012005836,0,stale_tape,1,0,0.116694,0.198409,0.553009,0.767443,0.345349,part2a21_alpha_positions.csv,part2a21_alpha_eligibility.csv,artifacts_part2_g532/predictions/g532_final_consensus_tape.csv
2022-10-21,,,0,0,0.0,0,0.173876,0,FLAT,0.0,0.0,0.0,0.0,,0.0134,0.0,0.2504392623274628,0.7100757985477362,0,stale_tape,1,0,0.112916,0.199952,0.55591,0.768023,0.34561,part2a21_alpha_positions.csv,part2a21_alpha_eligibility.csv,artifacts_part2_g532/predictions/g532_final_consensus_tape.csv
2022-10-24,,,0,0,0.0,0,0.17312,0,FLAT,0.0,0.0,0.0,0.0,,0.003736,0.0,0.2526738612978007,0.7201827262722649,0,stale_tape,1,0,0.115675,0.203486,0.562554,0.764215,0.343897,part2a21_alpha_positions.csv,part2a21_alpha_eligibility.csv,artifacts_part2_g532/predictions/g532_final_consensus_tape.csv
2022-10-25,,,0,0,0.0,0,0.177818,0,FLAT,0.0,0.0,0.0,0.0,,-0.012575,0.0,0.2384952180723418,0.69514323877243,0,stale_tape,1,0,0.117352,0.207328,0.569776,0.760672,0.342302,part2a21_alpha_positions.csv,part2a21_alpha_eligibility.csv,artifacts_part2_g532/predictions/g532_final_consensus_tape.csv
2022-10-26,,,0,0,0.0,0,0.150473,0,FLAT,0.0,0.0,0.0,0.0,,-0.012422,0.0,0.2362456487872613,0.689580592708758,0,stale_tape,1,0,0.115648,0.206243,0.567737,0.762226,0.297268,part2a21_alpha_positions.csv,part2a21_alpha_eligibility.csv,artifacts_part2_g532/predictions/g532_final_consensus_tape.csv
2022-10-27,,,0,0,0.0,0,0.15582,0,FLAT,0.0,0.0,0.0,0.0,,0.028222,0.0,0.2343585404473549,0.694317134592843,0,stale_tape,1,0,0.11709,0.206402,0.568035,0.761462,0.29697,part2a21_alpha_positions.csv,part2a21_alpha_eligibility.csv,artifacts_part2_g532/predictions/g532_final_consensus_tape.csv
2022-10-28,,,0,0,0.0,0,0.156459,0,FLAT,0.0,0.0,0.0,0.0,,-0.002278,0.0,0.2345862804693015,0.6909968693796618,0,stale_tape,1,0,0.115958,0.202688,0.561053,0.764668,0.29822,part2a21_alpha_positions.csv,part2a21_alpha_eligibility.csv,artifacts_part2_g532/predictions/g532_final_consensus_tape.csv
2022-10-31,,,0,0,0.0,0,0.153453,0,FLAT,0.0,0.0,0.0,0.0,,-0.003856,0.0,0.2127342897619164,0.6399731999883839,0,stale_tape,1,1,0.122796,0.279027,0.602018,0.726679,0.283405,part2a21_alpha_positions.csv,part2a21_alpha_eligibility.csv,artifacts_part2_g532/predictions/g532_final_consensus_tape.csv
2022-11-01,,,0,0,0.0,0,0.159064,0,FLAT,0.0,0.0,0.0,0.0,,-0.024146,0.0,0.2345377875785063,0.695972816730551,0,stale_tape,1,0,0.119683,0.209003,0.572925,0.758407,0.295779,part2a21_alpha_positions.csv,part2a21_alpha_eligibility.csv,artifacts_part2_g532/predictions/g532_final_consensus_tape.csv
2022-11-02,,,0,0,0.0,0,0.147404,0,FLAT,0.0,0.0,0.0,0.0,,-0.00634,0.0,0.1991536404570983,0.3124052211416435,0,stale_tape,1,0,0.113828,0.201796,0.559377,0.766273,0.298847,part2a21_alpha_positions.csv,part2a21_alpha_eligibility.csv,artifacts_part2_g532/predictions/g532_final_consensus_tape.csv
2022-11-03,,,0,0,0.0,0,0.147634,0,FLAT,0.0,0.0,0.0,0.0,,0.016674,0.0,0.2034809079024609,0.3530928831474529,0,stale_tape,1,0,0.116025,0.193284,0.543374,0.771465,0.300871,part2a21_alpha_positions.csv,part2a21_alpha_eligibility.csv,artifacts_part2_g532/predictions/g532_final_consensus_tape.csv
2022-11-04,,,0,0,0.0,0,0.152442,0,FLAT,0.0,0.0,0.0,0.0,,0.013094,0.0,0.2045212805031002,0.3657012448686894,0,stale_tape,1,0,0.109726,0.184028,0.525972,0.781019,0.304597,part2a21_alpha_positions.csv,part2a21_alpha_eligibility.csv,artifacts_part2_g532/predictions/g532_final_consensus_tape.csv
2022-11-07,,,0,0,0.0,0,0.151215,0,FLAT,0.0,0.0,0.0,0.0,,-0.001211,0.0,0.2027339180088078,0.3412603033406387,0,stale_tape,1,0,0.110105,0.193422,0.543633,0.774028,0.301871,part2a21_alpha_positions.csv,part2a21_alpha_eligibility.csv,artifacts_part2_g532/predictions/g532_final_consensus_tape.csv
2022-11-08,,,0,0,0.0,0,0.152111,0,FLAT,0.0,0.0,0.0,0.0,,-0.024046,0.0,0.1985227279700499,0.3031334999987963,0,stale_tape,1,0,0.108301,0.19002,0.537238,0.77731,0.303151,part2a21_alpha_positions.csv,part2a21_alpha_eligibility.csv,artifacts_part2_g532/predictions/g532_final_consensus_tape.csv
2022-11-09,,,0,0,0.0,0,0.145282,0,FLAT,0.0,0.0,0.0,0.0,,0.031094,0.0,0.2036362432901916,0.3286951562589958,0,stale_tape,1,0,0.110377,0.192879,0.542612,0.7743,0.301977,part2a21_alpha_positions.csv,part2a21_alpha_eligibility.csv,artifacts_part2_g532/predictions/g532_final_consensus_tape.csv
2022-11-10,,,0,0,0.0,0,0.133819,0,FLAT,0.0,0.0,0.0,0.0,,0.011605,0.0,0.2005052475286696,0.342416711209186,0,stale_tape,1,0,0.121298,0.200003,0.556005,0.764214,0.298044,part2a21_alpha_positions.csv,part2a21_alpha_eligibility.csv,artifacts_part2_g532/predictions/g532_final_consensus_tape.csv
2022-11-11,,,0,0,0.0,0,0.145205,0,FLAT,0.0,0.0,0.0,0.0,,-0.005662,0.0,0.1959820845776491,0.2761603548339592,0,stale_tape,1,0,0.10772,0.177679,0.514037,0.786531,0.306747,part2a21_alpha_positions.csv,part2a21_alpha_eligibility.csv,artifacts_part2_g532/predictions/g532_final_consensus_tape.csv
2022-11-14,,,0,0,0.0,0,0.142358,0,FLAT,0.0,0.0,0.0,0.0,,0.000835,0.0,0.1969591469837872,0.2840027442638059,0,stale_tape,1,0,0.113076,0.192278,0.541482,0.773522,0.301674,part2a21_alpha_positions.csv,part2a21_alpha_eligibility.csv,artifacts_part2_g532/predictions/g532_final_consensus_tape.csv
2022-11-15,,,0,0,0.0,0,0.27473,0,FLAT,0.0,0.0,0.0,0.0,,-0.014957,0.0,0.1995595845323669,0.3192474043647734,0,stale_tape,1,0,0.114929,0.189716,0.536667,0.774548,0.580911,part2a21_alpha_positions.csv,part2a21_alpha_eligibility.csv,artifacts_part2_g532/predictions/g532_final_consensus_tape.csv
2022-11-16,,,0,0,0.0,0,0.163737,0,FLAT,0.0,0.0,0.0,0.0,,0.003925,0.0,0.2009663599951756,0.3057853176362594,0,stale_tape,1,0,0.124015,0.246655,0.590322,0.739799,0.33291,part2a21_alpha_positions.csv,part2a21_alpha_eligibility.csv,artifacts_part2_g532/predictions/g532_final_consensus_tape.csv
2022-11-17,,,0,0,0.0,0,0.174436,0,FLAT,0.0,0.0,0.0,0.0,,0.007936,0.0,0.2112786596523129,0.4158756548059872,0,stale_tape,1,0,0.074714,0.2051,0.565589,0.781476,0.351664,part2a21_alpha_positions.csv,part2a21_alpha_eligibility.csv,artifacts_part2_g532/predictions/g532_final_consensus_tape.csv
2022-11-18,,,0,0,0.0,0,0.300556,0,FLAT,0.0,0.0,0.0,0.0,,-0.002898,0.0,0.2093572593587379,0.3903524537462102,0,stale_tape,1,0,0.072918,0.190635,0.538394,0.792786,0.594589,part2a21_alpha_positions.csv,part2a21_alpha_eligibility.csv,artifacts_part2_g532/predictions/g532_final_consensus_tape.csv
2022-11-21,,,0,0,0.0,0,0.177096,0,FLAT,0.0,0.0,0.0,0.0,,0.00752,0.0,0.1943744034398258,0.2919039003348407,0,stale_tape,1,0,0.114825,0.198903,0.553938,0.767925,0.345566,part2a21_alpha_positions.csv,part2a21_alpha_eligibility.csv,artifacts_part2_g532/predictions/g532_final_consensus_tape.csv
2022-11-22,,,0,0,0.0,0,0.296055,0,FLAT,0.0,0.0,0.0,0.0,,0.000871,0.0,0.1957913530681767,0.2991618306965863,0,stale_tape,1,0,0.116202,0.190268,0.537704,0.773575,0.580181,part2a21_alpha_positions.csv,part2a21_alpha_eligibility.csv,artifacts_part2_g532/predictions/g532_final_consensus_tape.csv
2022-11-23,,,0,0,0.0,0,0.331172,0,FLAT,0.0,0.0,0.0,0.0,,0.0,0.0,0.1954386058021441,0.2930136223446647,0,stale_tape,1,0,0.110186,0.180091,0.518571,0.78367,0.587753,part2a21_alpha_positions.csv,part2a21_alpha_eligibility.csv,artifacts_part2_g532/predictions/g532_final_consensus_tape.csv
2022-11-24,,,0,0,0.0,0,0.397413,0,FLAT,0.0,0.0,0.0,0.0,,0.000201,0.0,0.1965786643699634,0.2741408510676202,0,stale_tape,1,0,0.108805,0.175944,0.510774,0.787303,0.590477,part2a21_alpha_positions.csv,part2a21_alpha_eligibility.csv,artifacts_part2_g532/predictions/g532_final_consensus_tape.csv
2022-11-25,,,0,0,0.0,0,0.412721,0,FLAT,0.0,0.0,0.0,0.0,,-0.016358,0.0,0.1972933606254748,0.2747440250651917,0,stale_tape,1,0,0.113297,0.178714,0.515982,0.78327,0.587452,part2a21_alpha_positions.csv,part2a21_alpha_eligibility.csv,artifacts_part2_g532/predictions/g532_final_consensus_tape.csv
2022-11-28,,,0,0,0.0,0,0.378888,0,FLAT,0.0,0.0,0.0,0.0,,0.002469,0.0,0.2017452249153477,0.3062168995739229,0,stale_tape,1,0,0.114231,0.194623,0.545891,0.7713,0.578475,part2a21_alpha_positions.csv,part2a21_alpha_eligibility.csv,artifacts_part2_g532/predictions/g532_final_consensus_tape.csv
2022-11-29,,,0,0,0.0,0,0.389075,0,FLAT,0.0,0.0,0.0,0.0,,0.021356,0.0,0.2084935891599799,0.3648394499850642,0,stale_tape,1,0,0.073148,0.188689,0.534736,0.794095,0.595571,part2a21_alpha_positions.csv,part2a21_alpha_eligibility.csv,artifacts_part2_g532/predictions/g532_final_consensus_tape.csv
2022-11-30,,,0,0,0.0,0,0.382186,0,FLAT,0.0,0.0,0.0,0.0,,-0.010729,0.0,0.2091944466158074,0.2336741010006893,0,stale_tape,1,0,0.032311,0.182743,0.523557,0.816789,0.612591,part2a21_alpha_positions.csv,part2a21_alpha_eligibility.csv,artifacts_part2_g532/predictions/g532_final_consensus_tape.csv
2022-12-01,,,0,0,0.0,0,0.368575,0,FLAT,0.0,0.0,0.0,0.0,,-0.003472,0.0,0.2082860741751281,0.2215765740584679,0,stale_tape,1,0,0.031483,0.186835,0.53125,0.814191,0.610643,part2a21_alpha_positions.csv,part2a21_alpha_eligibility.csv,artifacts_part2_g532/predictions/g532_final_consensus_tape.csv
2022-12-02,,,0,0,0.0,0,0.371634,0,FLAT,0.0,0.0,0.0,0.0,,-0.007783,0.0,0.2078237525677464,0.2061621694231257,0,stale_tape,1,0,0.032024,0.18667,0.53094,0.814067,0.61055,part2a21_alpha_positions.csv,part2a21_alpha_eligibility.csv,artifacts_part2_g532/predictions/g532_final_consensus_tape.csv
2022-12-05,,,0,0,0.0,0,0.366903,0,FLAT,0.0,0.0,0.0,0.0,,-0.020684,0.0,0.2087946084545973,0.222413822559585,0,stale_tape,1,0,0.029658,0.191107,0.539281,0.81191,0.608933,part2a21_alpha_positions.csv,part2a21_alpha_eligibility.csv,artifacts_part2_g532/predictions/g532_final_consensus_tape.csv
2022-12-06,,,0,0,0.0,0,0.349315,0,FLAT,0.0,0.0,0.0,0.0,,-0.010648,0.0,0.2129039780187635,0.3136256047764705,0,stale_tape,1,0,0.031652,0.190521,0.538179,0.811439,0.608579,part2a21_alpha_positions.csv,part2a21_alpha_eligibility.csv,artifacts_part2_g532/predictions/g532_final_consensus_tape.csv
2022-12-07,,,0,0,0.0,0,0.205476,0,FLAT,0.0,0.0,0.0,0.0,,0.013521,0.0,0.2132873961462733,0.3194508771370445,0,stale_tape,1,0,0.026158,0.21235,0.577719,0.798362,0.359263,part2a21_alpha_positions.csv,part2a21_alpha_eligibility.csv,artifacts_part2_g532/predictions/g532_final_consensus_tape.csv
2022-12-08,,,0,0,0.0,0,0.19156,0,FLAT,0.0,0.0,0.0,0.0,,0.000102,0.0,0.2138607400174985,0.3310684299734449,0,stale_tape,1,1,0.024501,0.259668,0.595046,0.779081,0.350587,part2a21_alpha_positions.csv,part2a21_alpha_eligibility.csv,artifacts_part2_g532/predictions/g532_final_consensus_tape.csv
2022-12-09,,,0,0,0.0,0,0.187445,0,FLAT,0.0,0.0,0.0,0.0,,0.015604,0.0,0.2138823245293206,0.3329031482177135,0,stale_tape,1,1,0.019587,0.304789,0.611197,0.76227,0.343022,part2a21_alpha_positions.csv,part2a21_alpha_eligibility.csv,artifacts_part2_g532/predictions/g532_final_consensus_tape.csv
2022-12-12,,,0,0,0.0,0,0.184466,0,FLAT,0.0,0.0,0.0,0.0,,-0.001602,0.0,0.2132156504354416,0.3197929097939478,0,stale_tape,1,1,0.019499,0.312971,0.614089,0.758868,0.341491,part2a21_alpha_positions.csv,part2a21_alpha_eligibility.csv,artifacts_part2_g532/predictions/g532_final_consensus_tape.csv
2022-12-13,,,0,0,0.0,0,0.195345,0,FLAT,0.0,0.0,0.0,0.0,,-0.00879,0.0,0.217036203211846,0.4501511001237077,0,stale_tape,1,0,0.028889,0.203848,0.563234,0.803006,0.361353,part2a21_alpha_positions.csv,part2a21_alpha_eligibility.csv,artifacts_part2_g532/predictions/g532_final_consensus_tape.csv
2022-12-14,,,0,0,0.0,0,0.359458,0,FLAT,0.0,0.0,0.0,0.0,,-0.026846,0.0,0.2101945939440285,0.2619909285521904,0,stale_tape,1,0,0.033378,0.18014,0.518663,0.818198,0.613649,part2a21_alpha_positions.csv,part2a21_alpha_eligibility.csv,artifacts_part2_g532/predictions/g532_final_consensus_tape.csv
2022-12-15,,,0,0,0.0,0,0.196972,0,FLAT,0.0,0.0,0.0,0.0,,-0.009463,0.0,0.215751640895854,0.3914734387217606,0,stale_tape,1,0,0.030851,0.197789,0.551844,0.806522,0.362935,part2a21_alpha_positions.csv,part2a21_alpha_eligibility.csv,artifacts_part2_g532/predictions/g532_final_consensus_tape.csv
2022-12-16,,,0,0,0.0,0,0.328524,0,FLAT,0.0,0.0,0.0,0.0,,-0.000511,0.0,0.2139165375276554,0.3391127245789819,0,stale_tape,1,0,0.031654,0.194361,0.545399,0.808649,0.606487,part2a21_alpha_positions.csv,part2a21_alpha_eligibility.csv,artifacts_part2_g532/predictions/g532_final_consensus_tape.csv
2022-12-19,,,0,0,0.0,0,0.169678,0,FLAT,0.0,0.0,0.0,0.0,,0.008808,0.0,0.2117108409791933,0.2711219062469761,0,stale_tape,1,0,0.030192,0.200151,0.556285,0.805104,0.31399,part2a21_alpha_positions.csv,part2a21_alpha_eligibility.csv,artifacts_part2_g532/predictions/g532_final_consensus_tape.csv
2022-12-20,,,0,0,0.0,0,0.17365,0,FLAT,0.0,0.0,0.0,0.0,,0.013611,0.0,0.2147379289522762,0.3672062904192745,0,stale_tape,1,0,0.031355,0.197671,0.551622,0.806381,0.314489,part2a21_alpha_positions.csv,part2a21_alpha_eligibility.csv,artifacts_part2_g532/predictions/g532_final_consensus_tape.csv
2022-12-21,,,0,0,0.0,0,0.172146,0,FLAT,0.0,0.0,0.0,0.0,,-0.013851,0.0,0.2095764424081821,0.2373813976235785,0,stale_tape,1,0,0.033529,0.187933,0.533315,0.812472,0.316864,part2a21_alpha_positions.csv,part2a21_alpha_eligibility.csv,artifacts_part2_g532/predictions/g532_final_consensus_tape.csv
2022-12-22,,,0,0,0.0,0,0.173275,0,FLAT,0.0,0.0,0.0,0.0,,0.010124,0.0,0.212769128127973,0.308062811110668,0,stale_tape,1,0,0.03252,0.188049,0.533532,0.812842,0.317009,part2a21_alpha_positions.csv,part2a21_alpha_eligibility.csv,artifacts_part2_g532/predictions/g532_final_consensus_tape.csv
2022-12-23,,,0,0,0.0,0,0.169973,0,FLAT,0.0,0.0,0.0,0.0,,0.0,0.0,0.2099478246040074,0.2426957631353012,0,stale_tape,1,0,0.034208,0.186388,0.530409,0.813289,0.317183,part2a21_alpha_positions.csv,part2a21_alpha_eligibility.csv,artifacts_part2_g532/predictions/g532_final_consensus_tape.csv
2022-12-26,,,0,0,0.0,0,0.177592,0,FLAT,0.0,0.0,0.0,0.0,,0.00442,0.0,0.2104534110462888,0.2567193791622873,0,stale_tape,1,0,0.031989,0.190076,0.537342,0.81161,0.316528,part2a21_alpha_positions.csv,part2a21_alpha_eligibility.csv,artifacts_part2_g532/predictions/g532_final_consensus_tape.csv
2022-12-27,,,0,0,0.0,0,0.175709,0,FLAT,0.0,0.0,0.0,0.0,,-0.009945,0.0,0.2184355104790455,0.4963746637370643,0,stale_tape,1,0,0.032615,0.193138,0.5431,0.809105,0.315551,part2a21_alpha_positions.csv,part2a21_alpha_eligibility.csv,artifacts_part2_g532/predictions/g532_final_consensus_tape.csv
2022-12-28,,,0,0,0.0,0,0.167185,0,FLAT,0.0,0.0,0.0,0.0,,0.012682,0.0,0.2116732180371937,0.6088885622811122,0,stale_tape,1,1,0.021843,0.27972,0.602267,0.771815,0.301008,part2a21_alpha_positions.csv,part2a21_alpha_eligibility.csv,artifacts_part2_g532/predictions/g532_final_consensus_tape.csv
2022-12-29,,,0,0,0.0,0,0.216562,0,FLAT,0.0,0.0,0.0,0.0,,0.001411,0.0,0.2114101710492308,0.6393670382405904,0,stale_tape,1,0,0.074814,0.197408,0.551127,0.787015,0.354157,part2a21_alpha_positions.csv,part2a21_alpha_eligibility.csv,artifacts_part2_g532/predictions/g532_final_consensus_tape.csv
2022-12-30,,,0,0,0.0,0,0.383193,0,FLAT,0.0,0.0,0.0,0.0,,0.0,0.0,0.2072337604281301,0.7375948190044328,0,stale_tape,1,0,0.031338,0.192068,0.541088,0.810456,0.607842,part2a21_alpha_positions.csv,part2a21_alpha_eligibility.csv,artifacts_part2_g532/predictions/g532_final_consensus_tape.csv
2023-01-02,,,0,0,0.0,0,0.383759,0,FLAT,0.0,0.0,0.0,0.0,,-0.01165,0.0,0.2071222558153144,0.7338435927492063,0,stale_tape,1,0,0.031458,0.191159,0.53938,0.811062,0.608297,part2a21_alpha_positions.csv,part2a21_alpha_eligibility.csv,artifacts_part2_g532/predictions/g532_final_consensus_tape.csv
2023-01-03,,,0,0,0.0,0,0.203963,0,FLAT,0.0,0.0,0.0,0.0,,-0.000463,0.0,0.2095910115490946,0.6703254940518448,0,stale_tape,1,1,0.014714,0.363599,0.631743,0.739771,0.332897,part2a21_alpha_positions.csv,part2a21_alpha_eligibility.csv,artifacts_part2_g532/predictions/g532_final_consensus_tape.csv
2023-01-04,,,0,0,0.0,0,0.230625,0,FLAT,0.0,0.0,0.0,0.0,,-0.009541,0.0,0.2098567043203664,0.6493257148502405,0,stale_tape,1,0,0.02623,0.208559,0.572091,0.800782,0.360352,part2a21_alpha_positions.csv,part2a21_alpha_eligibility.csv,artifacts_part2_g532/predictions/g532_final_consensus_tape.csv
2023-01-05,,,0,0,0.0,0,0.236365,0,FLAT,0.0,0.0,0.0,0.0,,0.009702,0.0,0.2089724399860048,0.6657719882664,0,stale_tape,1,0,0.02526,0.210506,0.575751,0.799806,0.359913,part2a21_alpha_positions.csv,part2a21_alpha_eligibility.csv,artifacts_part2_g532/predictions/g532_final_consensus_tape.csv
2023-01-06,,,0,0,0.0,0,0.234017,0,FLAT,0.0,0.0,0.0,0.0,,-0.003268,0.0,0.2046266983615947,0.7315630823231745,0,stale_tape,1,0,0.067742,0.197774,0.551815,0.789932,0.355469,part2a21_alpha_positions.csv,part2a21_alpha_eligibility.csv,artifacts_part2_g532/predictions/g532_final_consensus_tape.csv
2023-01-09,,,0,0,0.0,0,0.237542,0,FLAT,0.0,0.0,0.0,0.0,,0.013409,0.0,0.211544364009158,0.5794501212890096,0,stale_tape,1,0,0.026956,0.20435,0.564177,0.803512,0.36158,part2a21_alpha_positions.csv,part2a21_alpha_eligibility.csv,artifacts_part2_g532/predictions/g532_final_consensus_tape.csv
2023-01-10,,,0,0,0.0,0,0.373497,0,FLAT,0.0,0.0,0.0,0.0,,0.006274,0.0,0.204185977695891,0.710816460113885,0,stale_tape,1,0,0.071861,0.193734,0.54422,0.791011,0.593258,part2a21_alpha_positions.csv,part2a21_alpha_eligibility.csv,artifacts_part2_g532/predictions/g532_final_consensus_tape.csv
2023-01-11,,,0,0,0.0,0,0.383394,0,FLAT,0.0,0.0,0.0,0.0,,-0.005147,0.0,0.2042096620538012,0.7038449100643317,0,stale_tape,1,0,0.070193,0.191748,0.540485,0.793204,0.594903,part2a21_alpha_positions.csv,part2a21_alpha_eligibility.csv,artifacts_part2_g532/predictions/g532_final_consensus_tape.csv
2023-01-12,,,0,0,0.0,0,0.394486,0,FLAT,0.0,0.0,0.0,0.0,,0.009225,0.0,0.2013348488376208,0.7142809356094828,0,stale_tape,1,0,0.069764,0.190983,0.539048,0.793953,0.595464,part2a21_alpha_positions.csv,part2a21_alpha_eligibility.csv,artifacts_part2_g532/predictions/g532_final_consensus_tape.csv
2023-01-13,,,0,0,0.0,0,0.390742,0,FLAT,0.0,0.0,0.0,0.0,,0.0,0.0,0.2016316503488464,0.7286382878285851,0,stale_tape,1,0,0.067609,0.179499,0.517457,0.80326,0.602445,part2a21_alpha_positions.csv,part2a21_alpha_eligibility.csv,artifacts_part2_g532/predictions/g532_final_consensus_tape.csv
2023-01-16,,,0,0,0.0,0,0.389734,0,FLAT,0.0,0.0,0.0,0.0,,0.001606,0.0,0.2005921097281515,0.7227495501107813,0,stale_tape,1,0,0.067917,0.182163,0.522466,0.801187,0.600891,part2a21_alpha_positions.csv,part2a21_alpha_eligibility.csv,artifacts_part2_g532/predictions/g532_final_consensus_tape.csv
2023-01-17,,,0,0,0.0,0,0.408496,0,FLAT,0.0,0.0,0.0,0.0,,-0.029866,0.0,0.2033633023978709,0.7053125232172454,0,stale_tape,1,0,0.07035,0.185418,0.528586,0.797729,0.598297,part2a21_alpha_positions.csv,part2a21_alpha_eligibility.csv,artifacts_part2_g532/predictions/g532_final_consensus_tape.csv
2023-01-18,,,0,0,0.0,0,0.197545,0,FLAT,0.0,0.0,0.0,0.0,,-0.005324,0.0,0.2050337811645755,0.6588896937155003,0,stale_tape,1,0,0.070435,0.198005,0.552249,0.788553,0.354849,part2a21_alpha_positions.csv,part2a21_alpha_eligibility.csv,artifacts_part2_g532/predictions/g532_final_consensus_tape.csv
2023-01-19,,,0,0,0.0,0,0.198712,0,FLAT,0.0,0.0,0.0,0.0,,0.024862,0.0,0.2088059618143703,0.6345334793395431,0,stale_tape,1,0,0.025504,0.242411,0.588774,0.785924,0.353666,part2a21_alpha_positions.csv,part2a21_alpha_eligibility.csv,artifacts_part2_g532/predictions/g532_final_consensus_tape.csv
2023-01-20,,,0,0,0.0,0,0.17225,0,FLAT,0.0,0.0,0.0,0.0,,0.015339,0.0,0.2075694853518909,0.6468370583978662,0,stale_tape,1,1,0.081753,0.307878,0.61229,0.732996,0.329848,part2a21_alpha_positions.csv,part2a21_alpha_eligibility.csv,artifacts_part2_g532/predictions/g532_final_consensus_tape.csv
2023-01-23,,,0,0,0.0,0,0.172684,0,FLAT,0.0,0.0,0.0,0.0,,-0.006809,0.0,0.2055898517497853,0.6448878983249196,0,stale_tape,1,1,0.075732,0.277936,0.601627,0.748317,0.336743,part2a21_alpha_positions.csv,part2a21_alpha_eligibility.csv,artifacts_part2_g532/predictions/g532_final_consensus_tape.csv
2023-01-24,,,0,0,0.0,0,0.180883,0,FLAT,0.0,0.0,0.0,0.0,,-0.000753,0.0,0.205662183572426,0.6523573358425385,0,stale_tape,1,0,0.074314,0.208844,0.572626,0.778938,0.350522,part2a21_alpha_positions.csv,part2a21_alpha_eligibility.csv,artifacts_part2_g532/predictions/g532_final_consensus_tape.csv
2023-01-25,,,0,0,0.0,0,0.183303,0,FLAT,0.0,0.0,0.0,0.0,,0.01425,0.0,0.1867517192030282,0.2197379285227055,0,stale_tape,1,0,0.076123,0.197331,0.550982,0.786482,0.353917,part2a21_alpha_positions.csv,part2a21_alpha_eligibility.csv,artifacts_part2_g532/predictions/g532_final_consensus_tape.csv
2023-01-26,,,0,0,0.0,0,0.179114,0,FLAT,0.0,0.0,0.0,0.0,,0.004361,0.0,0.188533899449694,0.2421446266823514,0,stale_tape,1,0,0.077801,0.204585,0.564621,0.780461,0.351207,part2a21_alpha_positions.csv,part2a21_alpha_eligibility.csv,artifacts_part2_g532/predictions/g532_final_consensus_tape.csv
2023-01-27,,,0,0,0.0,0,0.17973,0,FLAT,0.0,0.0,0.0,0.0,,-0.009441,0.0,0.1865175082129128,0.2163077414248082,0,stale_tape,1,0,0.080733,0.205069,0.56553,0.77879,0.350455,part2a21_alpha_positions.csv,part2a21_alpha_eligibility.csv,artifacts_part2_g532/predictions/g532_final_consensus_tape.csv
2023-01-30,,,0,0,0.0,0,0.178366,0,FLAT,0.0,0.0,0.0,0.0,,0.009051,0.0,0.1987415413132499,0.4042384073049194,0,stale_tape,1,0,0.079044,0.199836,0.555692,0.783349,0.352507,part2a21_alpha_positions.csv,part2a21_alpha_eligibility.csv,artifacts_part2_g532/predictions/g532_final_consensus_tape.csv
2023-01-31,,,0,0,0.0,0,0.177576,0,FLAT,0.0,0.0,0.0,0.0,,0.003727,0.0,0.1923319698960532,0.2864176987595461,0,stale_tape,1,0,0.076505,0.19857,0.553311,0.785411,0.353435,part2a21_alpha_positions.csv,part2a21_alpha_eligibility.csv,artifacts_part2_g532/predictions/g532_final_consensus_tape.csv
2023-02-01,,,0,0,0.0,0,0.348966,0,FLAT,0.0,0.0,0.0,0.0,,0.014629,0.0,0.1874540308962894,0.2394638546894003,0,stale_tape,1,0,0.075702,0.191534,0.540084,0.79088,0.59316,part2a21_alpha_positions.csv,part2a21_alpha_eligibility.csv,artifacts_part2_g532/predictions/g532_final_consensus_tape.csv
2023-02-02,,,0,0,0.0,0,0.204823,0,FLAT,0.0,0.0,0.0,0.0,,5.6e-05,0.0,0.1943006036890068,0.3270669284556108,0,stale_tape,1,0,0.078535,0.232653,0.585204,0.76619,0.344786,part2a21_alpha_positions.csv,part2a21_alpha_eligibility.csv,artifacts_part2_g532/predictions/g532_final_consensus_tape.csv
2023-02-03,,,0,0,0.0,0,0.383264,0,FLAT,0.0,0.0,0.0,0.0,,0.002861,0.0,0.193584757157548,0.3130527365864347,0,stale_tape,1,0,0.077132,0.180264,0.518896,0.798419,0.598814,part2a21_alpha_positions.csv,part2a21_alpha_eligibility.csv,artifacts_part2_g532/predictions/g532_final_consensus_tape.csv
2023-02-06,,,0,0,0.0,0,0.234331,0,FLAT,0.0,0.0,0.0,0.0,,0.015279,0.0,0.1995796352491754,0.3806099683256905,0,stale_tape,1,0,0.078394,0.198176,0.552571,0.784847,0.353181,part2a21_alpha_positions.csv,part2a21_alpha_eligibility.csv,artifacts_part2_g532/predictions/g532_final_consensus_tape.csv
2023-02-07,,,0,0,0.0,0,0.210485,0,FLAT,0.0,0.0,0.0,0.0,,-0.014702,0.0,0.2016251035917664,0.4479145394177892,0,stale_tape,1,1,0.092809,0.364123,0.631923,0.704408,0.316984,part2a21_alpha_positions.csv,part2a21_alpha_eligibility.csv,artifacts_part2_g532/predictions/g532_final_consensus_tape.csv
2023-02-08,,,0,0,0.0,0,0.362129,0,FLAT,0.0,0.0,0.0,0.0,,-0.004091,0.0,0.1991308547338907,0.3686059308518023,0,stale_tape,1,0,0.076704,0.188646,0.534655,0.792526,0.594395,part2a21_alpha_positions.csv,part2a21_alpha_eligibility.csv,artifacts_part2_g532/predictions/g532_final_consensus_tape.csv
2023-02-09,,,0,0,0.0,0,0.22287,0,FLAT,0.0,0.0,0.0,0.0,,0.007265,0.0,0.208431403777693,0.5089211859246757,0,stale_tape,1,0,0.033654,0.204978,0.565359,0.800042,0.360019,part2a21_alpha_positions.csv,part2a21_alpha_eligibility.csv,artifacts_part2_g532/predictions/g532_final_consensus_tape.csv
2023-02-10,,,0,0,0.0,0,0.221779,0,FLAT,0.0,0.0,0.0,0.0,,0.009111,0.0,0.2091371460353837,0.5223770837808415,0,stale_tape,1,0,0.034385,0.204933,0.565273,0.799746,0.359886,part2a21_alpha_positions.csv,part2a21_alpha_eligibility.csv,artifacts_part2_g532/predictions/g532_final_consensus_tape.csv
2023-02-13,,,0,0,0.0,0,0.228838,0,FLAT,0.0,0.0,0.0,0.0,,0.004169,0.0,0.2094809322021629,0.5391835379711717,0,stale_tape,1,0,0.033932,0.20477,0.564967,0.800068,0.36003,part2a21_alpha_positions.csv,part2a21_alpha_eligibility.csv,artifacts_part2_g532/predictions/g532_final_consensus_tape.csv
2023-02-14,,,0,0,0.0,0,0.380436,0,FLAT,0.0,0.0,0.0,0.0,,0.006345,0.0,0.2016507261942812,0.4305894677352476,0,stale_tape,1,0,0.07762,0.187284,0.532093,0.793103,0.594827,part2a21_alpha_positions.csv,part2a21_alpha_eligibility.csv,artifacts_part2_g532/predictions/g532_final_consensus_tape.csv
2023-02-15,,,0,0,0.0,0,0.382138,0,FLAT,0.0,0.0,0.0,0.0,,-0.010678,0.0,0.1934019827476312,0.3212786528798603,0,stale_tape,1,0,0.076727,0.181384,0.521002,0.797788,0.598341,part2a21_alpha_positions.csv,part2a21_alpha_eligibility.csv,artifacts_part2_g532/predictions/g532_final_consensus_tape.csv
2023-02-16,,,0,0,0.0,0,0.223104,0,FLAT,0.0,0.0,0.0,0.0,,-0.005393,0.0,0.1963712964767934,0.3336972580069988,0,stale_tape,1,0,0.07666,0.199564,0.555181,0.784619,0.353079,part2a21_alpha_positions.csv,part2a21_alpha_eligibility.csv,artifacts_part2_g532/predictions/g532_final_consensus_tape.csv
2023-02-17,,,0,0,0.0,0,0.220258,0,FLAT,0.0,0.0,0.0,0.0,,0.0,0.0,0.2013324356686296,0.4112528301095279,0,stale_tape,1,0,0.07645,0.202455,0.560615,0.782615,0.352177,part2a21_alpha_positions.csv,part2a21_alpha_eligibility.csv,artifacts_part2_g532/predictions/g532_final_consensus_tape.csv
2023-02-20,,,0,0,0.0,0,0.219543,0,FLAT,0.0,0.0,0.0,0.0,,-0.009104,0.0,0.2010628248610936,0.4144315884159317,0,stale_tape,1,0,0.079902,0.204617,0.564679,0.779493,0.350772,part2a21_alpha_positions.csv,part2a21_alpha_eligibility.csv,artifacts_part2_g532/predictions/g532_final_consensus_tape.csv
2023-02-21,,,0,0,0.0,0,0.212368,0,FLAT,0.0,0.0,0.0,0.0,,-0.003036,0.0,0.2091179632030726,0.5353346950484889,0,stale_tape,1,1,0.087718,0.329383,0.619856,0.721272,0.324572,part2a21_alpha_positions.csv,part2a21_alpha_eligibility.csv,artifacts_part2_g532/predictions/g532_final_consensus_tape.csv
2023-02-22,,,0,0,0.0,0,0.22474,0,FLAT,0.0,0.0,0.0,0.0,,0.001144,0.0,0.1878449162387247,0.546628671941637,0,stale_tape,1,1,0.089521,0.326275,0.618768,0.721766,0.324795,part2a21_alpha_positions.csv,part2a21_alpha_eligibility.csv,artifacts_part2_g532/predictions/g532_final_consensus_tape.csv
2023-02-23,,,0,0,0.0,0,0.221301,0,FLAT,0.0,0.0,0.0,0.0,,-0.004693,0.0,0.1882037458985535,0.5536055737494693,0,stale_tape,1,1,0.092485,0.356839,0.629409,0.707606,0.318423,part2a21_alpha_positions.csv,part2a21_alpha_eligibility.csv,artifacts_part2_g532/predictions/g532_final_consensus_tape.csv
2023-02-24,,,0,0,0.0,0,0.244042,0,FLAT,0.0,0.0,0.0,0.0,,0.000416,0.0,0.1878684632743133,0.5397344502400466,0,stale_tape,1,1,0.089749,0.217925,0.579782,0.767383,0.345322,part2a21_alpha_positions.csv,part2a21_alpha_eligibility.csv,artifacts_part2_g532/predictions/g532_final_consensus_tape.csv
2023-02-27,,,0,0,0.0,0,0.257815,0,FLAT,0.0,0.0,0.0,0.0,,-0.005351,0.0,0.1893055513845932,0.5967910498917472,0,stale_tape,1,1,0.088053,0.208143,0.571308,0.773265,0.347969,part2a21_alpha_positions.csv,part2a21_alpha_eligibility.csv,artifacts_part2_g532/predictions/g532_final_consensus_tape.csv
2023-02-28,,,0,0,0.0,0,0.262684,0,FLAT,0.0,0.0,0.0,0.0,,0.004368,0.0,0.1909580805915604,0.628152265856987,0,stale_tape,1,1,0.0876,0.208319,0.571639,0.77334,0.348003,part2a21_alpha_positions.csv,part2a21_alpha_eligibility.csv,artifacts_part2_g532/predictions/g532_final_consensus_tape.csv
2023-03-01,,,0,0,0.0,0,0.268935,0,FLAT,0.0,0.0,0.0,0.0,,0.011565,0.0,0.1906170337459147,0.6218435985533749,0,stale_tape,1,0,0.087445,0.202855,0.561368,0.777377,0.34982,part2a21_alpha_positions.csv,part2a21_alpha_eligibility.csv,artifacts_part2_g532/predictions/g532_final_consensus_tape.csv
2023-03-02,,,0,0,0.0,0,0.252539,0,FLAT,0.0,0.0,0.0,0.0,,0.0077,0.0,0.1932969651177698,0.6749253456320737,0,stale_tape,1,1,0.089199,0.208703,0.572362,0.772342,0.347554,part2a21_alpha_positions.csv,part2a21_alpha_eligibility.csv,artifacts_part2_g532/predictions/g532_final_consensus_tape.csv
2023-03-03,,,0,0,0.0,0,0.249114,0,FLAT,0.0,0.0,0.0,0.0,,0.002999,0.0,0.1948704844297828,0.6914889848744142,0,stale_tape,1,0,0.087311,0.206914,0.568997,0.774491,0.348521,part2a21_alpha_positions.csv,part2a21_alpha_eligibility.csv,artifacts_part2_g532/predictions/g532_final_consensus_tape.csv
2023-03-06,,,0,0,0.0,0,0.231625,0,FLAT,0.0,0.0,0.0,0.0,,-0.015695,0.0,0.1933993982917069,0.713704902430424,0,stale_tape,1,1,0.017543,0.403202,0.645276,0.721929,0.324868,part2a21_alpha_positions.csv,part2a21_alpha_eligibility.csv,artifacts_part2_g532/predictions/g532_final_consensus_tape.csv
2023-03-07,,,0,0,0.0,0,0.203181,0,FLAT,0.0,0.0,0.0,0.0,,0.001872,0.0,0.1910922439781904,0.6566394353287118,0,stale_tape,1,1,0.087465,0.455359,0.65,0.671265,0.302069,part2a21_alpha_positions.csv,part2a21_alpha_eligibility.csv,artifacts_part2_g532/predictions/g532_final_consensus_tape.csv
2023-03-08,,,0,0,0.0,0,0.236409,0,FLAT,0.0,0.0,0.0,0.0,,-0.024668,0.0,0.1929765087877358,0.6604281747544493,0,stale_tape,1,0,0.081512,0.204006,0.563532,0.779211,0.350645,part2a21_alpha_positions.csv,part2a21_alpha_eligibility.csv,artifacts_part2_g532/predictions/g532_final_consensus_tape.csv
2023-03-09,,,0,0,0.0,0,0.187313,0,FLAT,0.0,0.0,0.0,0.0,,-0.032692,0.0,0.1893299098244396,0.603656537178736,0,stale_tape,1,1,0.01029,0.45438,0.65,0.706336,0.317851,part2a21_alpha_positions.csv,part2a21_alpha_eligibility.csv,artifacts_part2_g532/predictions/g532_final_consensus_tape.csv
2023-03-10,,,0,0,0.0,0,0.153295,0,FLAT,0.0,0.0,0.0,0.0,,-0.013744,0.0,0.190201568653457,0.6421182252492518,0,stale_tape,1,0,0.0,0.606878,0.65,0.657593,0.295917,part2a21_alpha_positions.csv,part2a21_alpha_eligibility.csv,artifacts_part2_g532/predictions/g532_final_consensus_tape.csv
2023-03-13,,,0,0,0.0,0,0.142137,0,FLAT,0.0,0.0,0.0,0.0,,0.025956,0.0,0.1886116233222224,0.5938846947434727,0,stale_tape,1,0,0.0,0.737457,0.65,0.61189,0.275351,part2a21_alpha_positions.csv,part2a21_alpha_eligibility.csv,artifacts_part2_g532/predictions/g532_final_consensus_tape.csv
2023-03-14,,,0,0,0.0,0,0.126397,0,FLAT,0.0,0.0,0.0,0.0,,-0.020532,0.0,0.1856060293225305,0.4905977971247254,0,stale_tape,1,0,0.0,0.767481,0.65,0.601382,0.270622,part2a21_alpha_positions.csv,part2a21_alpha_eligibility.csv,artifacts_part2_g532/predictions/g532_final_consensus_tape.csv
2023-03-15,,,0,0,0.0,0,0.123514,0,FLAT,0.0,0.0,0.0,0.0,,0.025994,0.0,0.1885496273114799,0.5709045910587401,0,stale_tape,1,0,0.0,0.779456,0.65,0.597191,0.268736,part2a21_alpha_positions.csv,part2a21_alpha_eligibility.csv,artifacts_part2_g532/predictions/g532_final_consensus_tape.csv
2023-03-16,,,0,0,0.0,0,0.126374,0,FLAT,0.0,0.0,0.0,0.0,,-0.022754,0.0,0.186015671857571,0.4917948000077537,0,stale_tape,1,0,0.0,0.640299,0.65,0.645895,0.290653,part2a21_alpha_positions.csv,part2a21_alpha_eligibility.csv,artifacts_part2_g532/predictions/g532_final_consensus_tape.csv
2023-03-17,,,0,0,0.0,0,0.139343,0,FLAT,0.0,0.0,0.0,0.0,,0.013028,0.0,0.186091738472285,0.4841150703646713,0,stale_tape,1,1,0.012761,0.418619,0.65,0.717741,0.322983,part2a21_alpha_positions.csv,part2a21_alpha_eligibility.csv,artifacts_part2_g532/predictions/g532_final_consensus_tape.csv
2023-03-20,,,0,0,0.0,0,0.118963,0,FLAT,0.0,0.0,0.0,0.0,,0.021733,0.0,0.1882830771131329,0.5634914593573851,0,stale_tape,1,1,0.017551,0.402589,0.645068,0.722182,0.281651,part2a21_alpha_positions.csv,part2a21_alpha_eligibility.csv,artifacts_part2_g532/predictions/g532_final_consensus_tape.csv
2023-03-21,,,0,0,0.0,0,0.119687,0,FLAT,0.0,0.0,0.0,0.0,,-0.029798,0.0,0.188362078828018,0.5559476737402735,0,stale_tape,1,1,0.02702,0.316954,0.615493,0.753808,0.293985,part2a21_alpha_positions.csv,part2a21_alpha_eligibility.csv,artifacts_part2_g532/predictions/g532_final_consensus_tape.csv
2023-03-22,,,0,0,0.0,0,0.109639,0,FLAT,0.0,0.0,0.0,0.0,,-0.00335,0.0,0.19538250857626,0.5902389567739709,0,stale_tape,1,1,0.129571,0.295863,0.60803,0.716535,0.279449,part2a21_alpha_positions.csv,part2a21_alpha_eligibility.csv,artifacts_part2_g532/predictions/g532_final_consensus_tape.csv
2023-03-23,,,0,0,0.0,0,0.122777,0,FLAT,0.0,0.0,0.0,0.0,,0.006343,0.0,0.2093472961651393,0.547450550905701,0,stale_tape,1,0,0.075684,0.201099,0.558066,0.783944,0.305738,part2a21_alpha_positions.csv,part2a21_alpha_eligibility.csv,artifacts_part2_g532/predictions/g532_final_consensus_tape.csv
2023-03-24,,,0,0,0.0,0,0.127733,0,FLAT,0.0,0.0,0.0,0.0,,0.014039,0.0,0.2057699351121858,0.5619370555494386,0,stale_tape,1,0,0.115624,0.196736,0.549864,0.769139,0.299964,part2a21_alpha_positions.csv,part2a21_alpha_eligibility.csv,artifacts_part2_g532/predictions/g532_final_consensus_tape.csv
2023-03-27,,,0,0,0.0,0,0.131582,0,FLAT,0.0,0.0,0.0,0.0,,-0.001151,0.0,0.214178640407168,0.579998712789772,0,stale_tape,1,0,0.073654,0.197424,0.551157,0.787526,0.307135,part2a21_alpha_positions.csv,part2a21_alpha_eligibility.csv,artifacts_part2_g532/predictions/g532_final_consensus_tape.csv
2023-03-28,,,0,0,0.0,0,0.134257,0,FLAT,0.0,0.0,0.0,0.0,,0.015847,0.0,0.191919873538475,0.5080862694918696,0,stale_tape,1,0,0.118695,0.195414,0.547378,0.768717,0.2998,part2a21_alpha_positions.csv,part2a21_alpha_eligibility.csv,artifacts_part2_g532/predictions/g532_final_consensus_tape.csv
2023-03-29,,,0,0,0.0,0,0.140044,0,FLAT,0.0,0.0,0.0,0.0,,0.004427,0.0,0.2013444386940518,0.4991828356943372,0,stale_tape,1,0,0.116262,0.181563,0.521338,0.779868,0.304148,part2a21_alpha_positions.csv,part2a21_alpha_eligibility.csv,artifacts_part2_g532/predictions/g532_final_consensus_tape.csv
2023-03-30,,,0,0,0.0,0,0.282199,0,FLAT,0.0,0.0,0.0,0.0,,0.008407,0.0,0.1918661338458891,0.5140358978420906,0,stale_tape,1,0,0.117902,0.184198,0.526292,0.777217,0.582913,part2a21_alpha_positions.csv,part2a21_alpha_eligibility.csv,artifacts_part2_g532/predictions/g532_final_consensus_tape.csv
2023-03-31,,,0,0,0.0,0,0.308063,0,FLAT,0.0,0.0,0.0,0.0,,-0.000746,0.0,0.1916067320271786,0.4559690502168996,0,stale_tape,1,0,0.110717,0.174749,0.508527,0.78731,0.590482,part2a21_alpha_positions.csv,part2a21_alpha_eligibility.csv,artifacts_part2_g532/predictions/g532_final_consensus_tape.csv
2023-04-03,,,0,0,0.0,0,0.180476,0,FLAT,0.0,0.0,0.0,0.0,,-0.012076,0.0,0.1917163181333641,0.4771604828041322,0,stale_tape,1,0,0.119848,0.201707,0.55921,0.763629,0.343633,part2a21_alpha_positions.csv,part2a21_alpha_eligibility.csv,artifacts_part2_g532/predictions/g532_final_consensus_tape.csv
2023-04-04,,,0,0,0.0,0,0.315355,0,FLAT,0.0,0.0,0.0,0.0,,-0.006617,0.0,0.1968361238229543,0.4801190687043639,0,stale_tape,1,0,0.116585,0.182203,0.522542,0.779257,0.584443,part2a21_alpha_positions.csv,part2a21_alpha_eligibility.csv,artifacts_part2_g532/predictions/g532_final_consensus_tape.csv
2023-04-05,,,0,0,0.0,0,0.379102,0,FLAT,0.0,0.0,0.0,0.0,,0.003513,0.0,0.2023198916598949,0.4810159163866348,0,stale_tape,1,0,0.110513,0.16812,0.496065,0.792214,0.594161,part2a21_alpha_positions.csv,part2a21_alpha_eligibility.csv,artifacts_part2_g532/predictions/g532_final_consensus_tape.csv
2023-04-06,,,0,0,0.0,0,0.389032,0,FLAT,0.0,0.0,0.0,0.0,,0.0,0.0,0.2108070850358854,0.4873563421125248,0,stale_tape,1,0,0.076326,0.171613,0.502633,0.805062,0.603796,part2a21_alpha_positions.csv,part2a21_alpha_eligibility.csv,artifacts_part2_g532/predictions/g532_final_consensus_tape.csv
2023-04-07,,,0,0,0.0,0,0.377697,0,FLAT,0.0,0.0,0.0,0.0,,0.010991,0.0,0.2017703761405219,0.4667763342083681,0,stale_tape,1,0,0.118728,0.178679,0.515916,0.780852,0.585639,part2a21_alpha_positions.csv,part2a21_alpha_eligibility.csv,artifacts_part2_g532/predictions/g532_final_consensus_tape.csv
2023-04-10,,,0,0,0.0,0,0.39435,0,FLAT,0.0,0.0,0.0,0.0,,0.000535,0.0,0.2089615063569193,0.5009326465108327,0,stale_tape,1,0,0.073426,0.177913,0.514476,0.801794,0.601345,part2a21_alpha_positions.csv,part2a21_alpha_eligibility.csv,artifacts_part2_g532/predictions/g532_final_consensus_tape.csv
2023-04-11,,,0,0,0.0,0,0.378663,0,FLAT,0.0,0.0,0.0,0.0,,-0.006905,0.0,0.2029224675598515,0.50212207132043,0,stale_tape,1,0,0.124066,0.19312,0.543066,0.767965,0.575974,part2a21_alpha_positions.csv,part2a21_alpha_eligibility.csv,artifacts_part2_g532/predictions/g532_final_consensus_tape.csv
2023-04-12,,,0,0,0.0,0,0.406977,0,FLAT,0.0,0.0,0.0,0.0,,0.016194,0.0,0.2184026577142531,0.583859399268493,0,stale_tape,1,0,0.078036,0.192227,0.541387,0.789327,0.591995,part2a21_alpha_positions.csv,part2a21_alpha_eligibility.csv,artifacts_part2_g532/predictions/g532_final_consensus_tape.csv
2023-04-13,,,0,0,0.0,0,0.386397,0,FLAT,0.0,0.0,0.0,0.0,,0.002885,0.0,0.2237437725477399,0.5362775195664442,0,stale_tape,1,0,0.074327,0.178565,0.515703,0.800914,0.600686,part2a21_alpha_positions.csv,part2a21_alpha_eligibility.csv,artifacts_part2_g532/predictions/g532_final_consensus_tape.csv
2023-04-14,,,0,0,0.0,0,0.391162,0,FLAT,0.0,0.0,0.0,0.0,,0.009787,0.0,0.2143305963691587,0.5137062348347708,0,stale_tape,1,0,0.077938,0.177722,0.514117,0.799902,0.599927,part2a21_alpha_positions.csv,part2a21_alpha_eligibility.csv,artifacts_part2_g532/predictions/g532_final_consensus_tape.csv
2023-04-17,,,0,0,0.0,0,0.386838,0,FLAT,0.0,0.0,0.0,0.0,,-0.000943,0.0,0.2142314192296419,0.5217214036662602,0,stale_tape,1,0,0.078169,0.170065,0.499722,0.805357,0.604017,part2a21_alpha_positions.csv,part2a21_alpha_eligibility.csv,artifacts_part2_g532/predictions/g532_final_consensus_tape.csv
2023-04-18,,,0,0,0.0,0,0.405123,0,FLAT,0.0,0.0,0.0,0.0,,0.002083,0.0,0.2178255753826201,0.5658643121805019,0,stale_tape,1,0,0.076913,0.182068,0.522287,0.797208,0.597906,part2a21_alpha_positions.csv,part2a21_alpha_eligibility.csv,artifacts_part2_g532/predictions/g532_final_consensus_tape.csv
2023-04-19,,,0,0,0.0,0,0.424405,0,FLAT,0.0,0.0,0.0,0.0,,-0.011451,0.0,0.1941275057302043,0.2788507999184006,0,stale_tape,1,0,0.096323,0.155762,0.472832,0.807572,0.605679,part2a21_alpha_positions.csv,part2a21_alpha_eligibility.csv,artifacts_part2_g532/predictions/g532_final_consensus_tape.csv
2023-04-20,,,0,0,0.0,0,0.39692,0,FLAT,0.0,0.0,0.0,0.0,,0.003013,0.0,0.1997921700825907,0.3275327680725746,0,stale_tape,1,0,0.09303,0.157706,0.476488,0.807642,0.605731,part2a21_alpha_positions.csv,part2a21_alpha_eligibility.csv,artifacts_part2_g532/predictions/g532_final_consensus_tape.csv
2023-04-21,,,0,0,0.0,0,0.401224,0,FLAT,0.0,0.0,0.0,0.0,,-0.003538,0.0,0.1949876800524321,0.2819464341831297,0,stale_tape,1,0,0.093234,0.147338,0.456996,0.815077,0.611308,part2a21_alpha_positions.csv,part2a21_alpha_eligibility.csv,artifacts_part2_g532/predictions/g532_final_consensus_tape.csv
2023-04-24,,,0,0,0.0,0,0.410979,0,FLAT,0.0,0.0,0.0,0.0,,-0.025772,0.0,0.2085837457937512,0.4041102079471757,0,stale_tape,1,0,0.056741,0.160266,0.481299,0.822113,0.616585,part2a21_alpha_positions.csv,part2a21_alpha_eligibility.csv,artifacts_part2_g532/predictions/g532_final_consensus_tape.csv
2023-04-25,,,0,0,0.0,0,0.344751,0,FLAT,0.0,0.0,0.0,0.0,,-0.000553,0.0,0.2059122560891716,0.3776380705063112,0,stale_tape,1,0,0.089821,0.17192,0.50321,0.798767,0.599075,part2a21_alpha_positions.csv,part2a21_alpha_eligibility.csv,artifacts_part2_g532/predictions/g532_final_consensus_tape.csv
2023-04-26,,,0,0,0.0,0,0.34701,0,FLAT,0.0,0.0,0.0,0.0,,0.026192,0.0,0.2063736626297926,0.3787589982984766,0,stale_tape,1,0,0.10059,0.164427,0.489123,0.799361,0.59952,part2a21_alpha_positions.csv,part2a21_alpha_eligibility.csv,artifacts_part2_g532/predictions/g532_final_consensus_tape.csv
2023-04-27,,,0,0,0.0,0,0.325362,0,FLAT,0.0,0.0,0.0,0.0,,0.001069,0.0,0.2056138795149742,0.3736310975179139,0,stale_tape,1,0,0.098907,0.161125,0.482915,0.802515,0.601886,part2a21_alpha_positions.csv,part2a21_alpha_eligibility.csv,artifacts_part2_g532/predictions/g532_final_consensus_tape.csv
2023-04-28,,,0,0,0.0,0,0.323661,0,FLAT,0.0,0.0,0.0,0.0,,0.011159,0.0,0.1987034434361779,0.3369894332758025,0,stale_tape,1,0,0.093993,0.171033,0.501542,0.797533,0.59815,part2a21_alpha_positions.csv,part2a21_alpha_eligibility.csv,artifacts_part2_g532/predictions/g532_final_consensus_tape.csv
2023-05-01,,,0,0,0.0,0,0.326778,0,FLAT,0.0,0.0,0.0,0.0,,-0.024208,0.0,0.1925452319159924,0.2732368789409373,0,stale_tape,1,0,0.095055,0.155283,0.471932,0.80849,0.606367,part2a21_alpha_positions.csv,part2a21_alpha_eligibility.csv,artifacts_part2_g532/predictions/g532_final_consensus_tape.csv
2023-05-02,,,0,0,0.0,0,0.302514,0,FLAT,0.0,0.0,0.0,0.0,,-0.013496,0.0,0.2001506892392797,0.3526617498632143,0,stale_tape,1,0,0.090783,0.168066,0.495964,0.801132,0.600849,part2a21_alpha_positions.csv,part2a21_alpha_eligibility.csv,artifacts_part2_g532/predictions/g532_final_consensus_tape.csv
2023-05-03,,,0,0,0.0,0,0.156178,0,FLAT,0.0,0.0,0.0,0.0,,-0.007137,0.0,0.1972439496570264,0.3188382657517631,0,stale_tape,1,0,0.092034,0.16467,0.48958,0.803034,0.313183,part2a21_alpha_positions.csv,part2a21_alpha_eligibility.csv,artifacts_part2_g532/predictions/g532_final_consensus_tape.csv
2023-05-04,,,0,0,0.0,0,0.152041,0,FLAT,0.0,0.0,0.0,0.0,,0.023589,0.0,0.205829359393894,0.3818958573660924,0,stale_tape,1,0,0.102103,0.193699,0.544154,0.777428,0.303197,part2a21_alpha_positions.csv,part2a21_alpha_eligibility.csv,artifacts_part2_g532/predictions/g532_final_consensus_tape.csv
2023-05-05,,,0,0,0.0,0,0.285257,0,FLAT,0.0,0.0,0.0,0.0,,0.006692,0.0,0.1988948535494236,0.3371243341093315,0,stale_tape,1,0,0.09327,0.154344,0.470166,0.809975,0.607481,part2a21_alpha_positions.csv,part2a21_alpha_eligibility.csv,artifacts_part2_g532/predictions/g532_final_consensus_tape.csv
2023-05-08,,,0,0,0.0,0,0.283216,0,FLAT,0.0,0.0,0.0,0.0,,-0.003122,0.0,0.1960442368109132,0.318523748147276,0,stale_tape,1,0,0.095141,0.156261,0.473771,0.807741,0.605806,part2a21_alpha_positions.csv,part2a21_alpha_eligibility.csv,artifacts_part2_g532/predictions/g532_final_consensus_tape.csv
2023-05-09,,,0,0,0.0,0,0.299473,0,FLAT,0.0,0.0,0.0,0.0,,-0.003089,0.0,0.2017489092172724,0.359641041360224,0,stale_tape,1,0,0.099438,0.170005,0.499609,0.79583,0.596872,part2a21_alpha_positions.csv,part2a21_alpha_eligibility.csv,artifacts_part2_g532/predictions/g532_final_consensus_tape.csv
2023-05-10,,,0,0,0.0,0,0.304381,0,FLAT,0.0,0.0,0.0,0.0,,-0.005103,0.0,0.1932985732245009,0.2871113005447998,0,stale_tape,1,0,0.09707,0.151137,0.464137,0.810593,0.607945,part2a21_alpha_positions.csv,part2a21_alpha_eligibility.csv,artifacts_part2_g532/predictions/g532_final_consensus_tape.csv
2023-05-11,,,0,0,0.0,0,0.328882,0,FLAT,0.0,0.0,0.0,0.0,,0.004666,0.0,0.1977747752372828,0.3267623020226429,0,stale_tape,1,0,0.091865,0.159881,0.480576,0.806587,0.60494,part2a21_alpha_positions.csv,part2a21_alpha_eligibility.csv,artifacts_part2_g532/predictions/g532_final_consensus_tape.csv
2023-05-12,,,0,0,0.0,0,0.327231,0,FLAT,0.0,0.0,0.0,0.0,,0.005672,0.0,0.2064423442828825,0.3883884644158364,0,stale_tape,1,0,0.09316,0.16,0.4808,0.805918,0.604439,part2a21_alpha_positions.csv,part2a21_alpha_eligibility.csv,artifacts_part2_g532/predictions/g532_final_consensus_tape.csv
2023-05-15,,,0,0,0.0,0,0.340985,0,FLAT,0.0,0.0,0.0,0.0,,-0.003407,0.0,0.2070693938150967,0.4097424787264185,0,stale_tape,1,0,0.058099,0.152994,0.467628,0.826782,0.620087,part2a21_alpha_positions.csv,part2a21_alpha_eligibility.csv,artifacts_part2_g532/predictions/g532_final_consensus_tape.csv
2023-05-16,,,0,0,0.0,0,0.365832,0,FLAT,0.0,0.0,0.0,0.0,,0.015107,0.0,0.1984890704587387,0.3322198735997601,0,stale_tape,1,0,0.093148,0.161661,0.483922,0.804718,0.603538,part2a21_alpha_positions.csv,part2a21_alpha_eligibility.csv,artifacts_part2_g532/predictions/g532_final_consensus_tape.csv
2023-05-17,,,0,0,0.0,0,0.367562,0,FLAT,0.0,0.0,0.0,0.0,,0.015936,0.0,0.1959953450065645,0.4083338398285951,0,stale_tape,1,0,0.086736,0.175994,0.510868,0.797197,0.597898,part2a21_alpha_positions.csv,part2a21_alpha_eligibility.csv,artifacts_part2_g532/predictions/g532_final_consensus_tape.csv
2023-05-18,,,0,0,0.0,0,0.370107,0,FLAT,0.0,0.0,0.0,0.0,,0.002198,0.0,0.191455093514153,0.3354561151703861,0,stale_tape,1,0,0.086234,0.170284,0.500135,0.801568,0.601176,part2a21_alpha_positions.csv,part2a21_alpha_eligibility.csv,artifacts_part2_g532/predictions/g532_final_consensus_tape.csv
2023-05-19,,,0,0,0.0,0,0.406686,0,FLAT,0.0,0.0,0.0,0.0,,0.002391,0.0,0.1931346999935979,0.3651978157825149,0,stale_tape,1,0,0.084873,0.169106,0.497919,0.803036,0.602277,part2a21_alpha_positions.csv,part2a21_alpha_eligibility.csv,artifacts_part2_g532/predictions/g532_final_consensus_tape.csv
2023-05-22,,,0,0,0.0,0,0.40882,0,FLAT,0.0,0.0,0.0,0.0,,-0.012879,0.0,0.1991955019678191,0.4419122906953674,0,stale_tape,1,0,0.086959,0.165641,0.491405,0.804613,0.60346,part2a21_alpha_positions.csv,part2a21_alpha_eligibility.csv,artifacts_part2_g532/predictions/g532_final_consensus_tape.csv
2023-05-23,,,0,0,0.0,0,0.213439,0,FLAT,0.0,0.0,0.0,0.0,,-0.004954,0.0,0.199400385921378,0.4514506657951442,0,stale_tape,1,1,0.08571,0.281135,0.602774,0.742478,0.334115,part2a21_alpha_positions.csv,part2a21_alpha_eligibility.csv,artifacts_part2_g532/predictions/g532_final_consensus_tape.csv
2023-05-24,,,0,0,0.0,0,0.227435,0,FLAT,0.0,0.0,0.0,0.0,,0.01496,0.0,0.2094886214870103,0.5555268625486258,0,stale_tape,1,0,0.028558,0.216159,0.579129,0.795668,0.35805,part2a21_alpha_positions.csv,part2a21_alpha_eligibility.csv,artifacts_part2_g532/predictions/g532_final_consensus_tape.csv
2023-05-25,,,0,0,0.0,0,0.208323,0,FLAT,0.0,0.0,0.0,0.0,,0.011052,0.0,0.204508854282452,0.5220358511386226,0,stale_tape,1,1,0.084481,0.282003,0.603084,0.742666,0.3342,part2a21_alpha_positions.csv,part2a21_alpha_eligibility.csv,artifacts_part2_g532/predictions/g532_final_consensus_tape.csv
2023-05-26,,,0,0,0.0,0,0.375615,0,FLAT,0.0,0.0,0.0,0.0,,0.0,0.0,0.2185419715232112,0.605888837156395,0,stale_tape,1,0,0.037793,0.186233,0.530119,0.811787,0.608841,part2a21_alpha_positions.csv,part2a21_alpha_eligibility.csv,artifacts_part2_g532/predictions/g532_final_consensus_tape.csv
2023-05-29,,,0,0,0.0,0,0.368722,0,FLAT,0.0,0.0,0.0,0.0,,-0.0075,0.0,0.2009223578820536,0.4694540367052693,0,stale_tape,1,0,0.080207,0.17636,0.511558,0.799869,0.599902,part2a21_alpha_positions.csv,part2a21_alpha_eligibility.csv,artifacts_part2_g532/predictions/g532_final_consensus_tape.csv
2023-05-30,,,0,0,0.0,0,0.360113,0,FLAT,0.0,0.0,0.0,0.0,,-0.009235,0.0,0.2022579458808464,0.4755636238038326,0,stale_tape,1,0,0.083096,0.182701,0.523478,0.793966,0.595474,part2a21_alpha_positions.csv,part2a21_alpha_eligibility.csv,artifacts_part2_g532/predictions/g532_final_consensus_tape.csv
2023-05-31,,,0,0,0.0,0,0.363697,0,FLAT,0.0,0.0,0.0,0.0,,0.006763,0.0,0.2055360180586627,0.5170195200899776,0,stale_tape,1,0,0.081346,0.178761,0.51607,0.797614,0.598211,part2a21_alpha_positions.csv,part2a21_alpha_eligibility.csv,artifacts_part2_g532/predictions/g532_final_consensus_tape.csv
2023-06-01,,,0,0,0.0,0,0.381056,0,FLAT,0.0,0.0,0.0,0.0,,0.022558,0.0,0.1991168212623116,0.4292714471499561,0,stale_tape,1,0,0.081402,0.176398,0.511629,0.799304,0.599478,part2a21_alpha_positions.csv,part2a21_alpha_eligibility.csv,artifacts_part2_g532/predictions/g532_final_consensus_tape.csv
2023-06-02,,,0,0,0.0,0,0.348089,0,FLAT,0.0,0.0,0.0,0.0,,-0.001626,0.0,0.2047223763526204,0.4684452841784968,0,stale_tape,1,0,0.082209,0.171879,0.503132,0.802222,0.601666,part2a21_alpha_positions.csv,part2a21_alpha_eligibility.csv,artifacts_part2_g532/predictions/g532_final_consensus_tape.csv
2023-06-05,,,0,0,0.0,0,0.345018,0,FLAT,0.0,0.0,0.0,0.0,,0.001445,0.0,0.2008181242696912,0.4302827886161424,0,stale_tape,1,0,0.08118,0.179564,0.517579,0.797106,0.597829,part2a21_alpha_positions.csv,part2a21_alpha_eligibility.csv,artifacts_part2_g532/predictions/g532_final_consensus_tape.csv
2023-06-06,,,0,0,0.0,0,0.361854,0,FLAT,0.0,0.0,0.0,0.0,,0.004034,0.0,0.1981941881182002,0.4083516224484422,0,stale_tape,1,0,0.082082,0.176706,0.512207,0.798775,0.599081,part2a21_alpha_positions.csv,part2a21_alpha_eligibility.csv,artifacts_part2_g532/predictions/g532_final_consensus_tape.csv
2023-06-07,,,0,0,0.0,0,0.365391,0,FLAT,0.0,0.0,0.0,0.0,,-0.000727,0.0,0.1950747373765156,0.3646142362609504,0,stale_tape,1,0,0.082802,0.18341,0.524811,0.793583,0.595187,part2a21_alpha_positions.csv,part2a21_alpha_eligibility.csv,artifacts_part2_g532/predictions/g532_final_consensus_tape.csv
2023-06-08,,,0,0,0.0,0,0.378467,0,FLAT,0.0,0.0,0.0,0.0,,0.005276,0.0,0.1918953011237588,0.3251196512622901,0,stale_tape,1,0,0.081339,0.174583,0.508216,0.80065,0.600488,part2a21_alpha_positions.csv,part2a21_alpha_eligibility.csv,artifacts_part2_g532/predictions/g532_final_consensus_tape.csv
2023-06-09,,,0,0,0.0,0,0.384178,0,FLAT,0.0,0.0,0.0,0.0,,0.007498,0.0,0.1953081129866288,0.3583325323049978,0,stale_tape,1,0,0.087314,0.172624,0.504533,0.799384,0.599538,part2a21_alpha_positions.csv,part2a21_alpha_eligibility.csv,artifacts_part2_g532/predictions/g532_final_consensus_tape.csv
2023-06-12,,,0,0,0.0,0,0.382367,0,FLAT,0.0,0.0,0.0,0.0,,0.013707,0.0,0.1913408566340241,0.3450552597514569,0,stale_tape,1,0,0.079385,0.1774,0.513511,0.799485,0.599614,part2a21_alpha_positions.csv,part2a21_alpha_eligibility.csv,artifacts_part2_g532/predictions/g532_final_consensus_tape.csv
2023-06-13,,,0,0,0.0,0,0.385294,0,FLAT,0.0,0.0,0.0,0.0,,-0.000576,0.0,0.1936242602687174,0.3502719433015664,0,stale_tape,1,0,0.078631,0.179079,0.516669,0.798604,0.598953,part2a21_alpha_positions.csv,part2a21_alpha_eligibility.csv,artifacts_part2_g532/predictions/g532_final_consensus_tape.csv
2023-06-14,,,0,0,0.0,0,0.404006,0,FLAT,0.0,0.0,0.0,0.0,,0.005003,0.0,0.1840332775529491,0.5895591989561045,0,stale_tape,1,0,0.131324,0.150521,0.462979,0.795626,0.59672,part2a21_alpha_positions.csv,part2a21_alpha_eligibility.csv,artifacts_part2_g532/predictions/g532_final_consensus_tape.csv
2023-06-15,,,0,0,0.0,0,0.405063,0,FLAT,0.0,0.0,0.0,0.0,,0.000632,0.0,0.1823146160997692,0.6421083383823883,0,stale_tape,1,0,0.13043,0.148375,0.458945,0.797586,0.59819,part2a21_alpha_positions.csv,part2a21_alpha_eligibility.csv,artifacts_part2_g532/predictions/g532_final_consensus_tape.csv
2023-06-16,,,0,0,0.0,0,0.458501,0,FLAT,0.0,0.0,0.0,0.0,,0.0,0.0,0.1837337723105714,0.6084491311662437,0,stale_tape,1,0,0.137368,0.149155,0.460412,0.793898,0.595423,part2a21_alpha_positions.csv,part2a21_alpha_eligibility.csv,artifacts_part2_g532/predictions/g532_final_consensus_tape.csv
2023-06-19,,,0,0,0.0,0,0.465817,0,FLAT,0.0,0.0,0.0,0.0,,-0.007614,0.0,0.1841257772132421,0.6211745550831685,0,stale_tape,1,0,0.137972,0.1406,0.444329,0.799837,0.599877,part2a21_alpha_positions.csv,part2a21_alpha_eligibility.csv,artifacts_part2_g532/predictions/g532_final_consensus_tape.csv
2023-06-20,,,0,0,0.0,0,0.437835,0,FLAT,0.0,0.0,0.0,0.0,,-0.00642,0.0,0.1864361939751875,0.5634386988386227,0,stale_tape,1,0,0.13795,0.144252,0.451194,0.797195,0.597897,part2a21_alpha_positions.csv,part2a21_alpha_eligibility.csv,artifacts_part2_g532/predictions/g532_final_consensus_tape.csv
2023-06-21,,,0,0,0.0,0,0.422984,0,FLAT,0.0,0.0,0.0,0.0,,0.009304,0.0,0.1818463546725694,0.6316402406932454,0,stale_tape,1,0,0.135204,0.151228,0.464309,0.793367,0.595025,part2a21_alpha_positions.csv,part2a21_alpha_eligibility.csv,artifacts_part2_g532/predictions/g532_final_consensus_tape.csv
2023-06-22,,,0,0,0.0,0,0.416452,0,FLAT,0.0,0.0,0.0,0.0,,-0.011657,0.0,0.1846582620017857,0.5933660366266614,0,stale_tape,1,0,0.138065,0.148988,0.460097,0.793706,0.595279,part2a21_alpha_positions.csv,part2a21_alpha_eligibility.csv,artifacts_part2_g532/predictions/g532_final_consensus_tape.csv
2023-06-23,,,0,0,0.0,0,0.391944,0,FLAT,0.0,0.0,0.0,0.0,,-0.006606,0.0,0.1826291832192327,0.608987093129088,0,stale_tape,1,0,0.138055,0.154948,0.471301,0.789383,0.592038,part2a21_alpha_positions.csv,part2a21_alpha_eligibility.csv,artifacts_part2_g532/predictions/g532_final_consensus_tape.csv
2023-06-26,,,0,0,0.0,0,0.389559,0,FLAT,0.0,0.0,0.0,0.0,,0.014519,0.0,0.1949699862189979,0.4864086537755601,0,stale_tape,1,0,0.142586,0.160206,0.481187,0.783527,0.587645,part2a21_alpha_positions.csv,part2a21_alpha_eligibility.csv,artifacts_part2_g532/predictions/g532_final_consensus_tape.csv
2023-06-27,,,0,0,0.0,0,0.389233,0,FLAT,0.0,0.0,0.0,0.0,,-0.003565,0.0,0.192363168085316,0.5265253119727404,0,stale_tape,1,0,0.139862,0.155459,0.472262,0.788199,0.591149,part2a21_alpha_positions.csv,part2a21_alpha_eligibility.csv,artifacts_part2_g532/predictions/g532_final_consensus_tape.csv
2023-06-28,,,0,0,0.0,0,0.38322,0,FLAT,0.0,0.0,0.0,0.0,,0.014144,0.0,0.1886594230727224,0.601437554700336,0,stale_tape,1,0,0.142828,0.167533,0.494961,0.778099,0.583574,part2a21_alpha_positions.csv,part2a21_alpha_eligibility.csv,artifacts_part2_g532/predictions/g532_final_consensus_tape.csv
2023-06-29,,,0,0,0.0,0,0.36978,0,FLAT,0.0,0.0,0.0,0.0,,0.009605,0.0,0.1875391614744879,0.6006973946648472,0,stale_tape,1,0,0.142042,0.157028,0.475213,0.786079,0.589559,part2a21_alpha_positions.csv,part2a21_alpha_eligibility.csv,artifacts_part2_g532/predictions/g532_final_consensus_tape.csv
2023-06-30,,,0,0,0.0,0,0.363465,0,FLAT,0.0,0.0,0.0,0.0,,0.00626,0.0,0.1888323370354905,0.5686901942818442,0,stale_tape,1,0,0.130945,0.163025,0.486487,0.786719,0.590039,part2a21_alpha_positions.csv,part2a21_alpha_eligibility.csv,artifacts_part2_g532/predictions/g532_final_consensus_tape.csv
2023-07-03,,,0,0,0.0,0,0.363064,0,FLAT,0.0,0.0,0.0,0.0,,0.0,0.0,0.1887665665589752,0.5571888114208621,0,stale_tape,1,0,0.138273,0.154768,0.470964,0.789415,0.592061,part2a21_alpha_positions.csv,part2a21_alpha_eligibility.csv,artifacts_part2_g532/predictions/g532_final_consensus_tape.csv
2023-07-04,,,0,0,0.0,0,0.371722,0,FLAT,0.0,0.0,0.0,0.0,,0.002573,0.0,0.1898105346179478,0.5352664900728411,0,stale_tape,1,0,0.132377,0.155187,0.471752,0.791765,0.593823,part2a21_alpha_positions.csv,part2a21_alpha_eligibility.csv,artifacts_part2_g532/predictions/g532_final_consensus_tape.csv
2023-07-05,,,0,0,0.0,0,0.3753,0,FLAT,0.0,0.0,0.0,0.0,,1.4e-05,0.0,0.1931372943247712,0.4878400244311509,0,stale_tape,1,0,0.140243,0.163409,0.487208,0.782256,0.586692,part2a21_alpha_positions.csv,part2a21_alpha_eligibility.csv,artifacts_part2_g532/predictions/g532_final_consensus_tape.csv
2023-07-06,,,0,0,0.0,0,0.367261,0,FLAT,0.0,0.0,0.0,0.0,,-0.001062,0.0,0.1950867761568271,0.4240142793000539,0,stale_tape,1,0,0.154012,0.186349,0.530337,0.759405,0.569554,part2a21_alpha_positions.csv,part2a21_alpha_eligibility.csv,artifacts_part2_g532/predictions/g532_final_consensus_tape.csv
2023-07-07,,,0,0,0.0,0,0.388366,0,FLAT,0.0,0.0,0.0,0.0,,-0.00249,0.0,0.1953006963103353,0.4662096507211368,0,stale_tape,1,0,0.157108,0.187245,0.532021,0.757361,0.568021,part2a21_alpha_positions.csv,part2a21_alpha_eligibility.csv,artifacts_part2_g532/predictions/g532_final_consensus_tape.csv
2023-07-10,,,0,0,0.0,0,0.236002,0,FLAT,0.0,0.0,0.0,0.0,,0.004289,0.0,0.1933306767870718,0.5148293691504683,0,stale_tape,1,0,0.158126,0.198217,0.552647,0.748938,0.337022,part2a21_alpha_positions.csv,part2a21_alpha_eligibility.csv,artifacts_part2_g532/predictions/g532_final_consensus_tape.csv
2023-07-11,,,0,0,0.0,0,0.412393,0,FLAT,0.0,0.0,0.0,0.0,,-0.001873,0.0,0.195000415509932,0.4741789794606518,0,stale_tape,1,0,0.165433,0.195877,0.548249,0.747348,0.560511,part2a21_alpha_positions.csv,part2a21_alpha_eligibility.csv,artifacts_part2_g532/predictions/g532_final_consensus_tape.csv
2023-07-12,,,0,0,0.0,0,0.43023,0,FLAT,0.0,0.0,0.0,0.0,,-0.000163,0.0,0.1890476544251542,0.6704709731241606,0,stale_tape,1,0,0.18877,0.146699,0.455794,0.77255,0.579412,part2a21_alpha_positions.csv,part2a21_alpha_eligibility.csv,artifacts_part2_g532/predictions/g532_final_consensus_tape.csv
2023-07-13,,,0,0,0.0,0,0.274171,0,FLAT,0.0,0.0,0.0,0.0,,0.004161,0.0,0.1770062963681853,0.6394162435173729,0,stale_tape,1,0,0.20332,0.153996,0.469512,0.760705,0.342317,part2a21_alpha_positions.csv,part2a21_alpha_eligibility.csv,artifacts_part2_g532/predictions/g532_final_consensus_tape.csv
2023-07-14,,,0,0,0.0,0,0.48576,0,FLAT,0.0,0.0,0.0,0.0,,0.001826,0.0,0.1910267262505649,0.7044764742670466,0,stale_tape,1,0,0.19442,0.147708,0.457692,0.769275,0.576956,part2a21_alpha_positions.csv,part2a21_alpha_eligibility.csv,artifacts_part2_g532/predictions/g532_final_consensus_tape.csv
2023-07-17,,,0,0,0.0,0,0.500524,0,FLAT,0.0,0.0,0.0,0.0,,0.006415,0.0,0.1874584443875755,0.6725729456998125,0,stale_tape,1,0,0.192588,0.149946,0.461898,0.768475,0.576356,part2a21_alpha_positions.csv,part2a21_alpha_eligibility.csv,artifacts_part2_g532/predictions/g532_final_consensus_tape.csv
2023-07-18,,,0,0,0.0,0,0.483465,0,FLAT,0.0,0.0,0.0,0.0,,-0.001249,0.0,0.1956818208088867,0.7090442452483234,0,stale_tape,1,0,0.191581,0.154195,0.469886,0.765843,0.574382,part2a21_alpha_positions.csv,part2a21_alpha_eligibility.csv,artifacts_part2_g532/predictions/g532_final_consensus_tape.csv
2023-07-19,,,0,0,0.0,0,0.495934,0,FLAT,0.0,0.0,0.0,0.0,,0.00141,0.0,0.1943414083556259,0.6950696738001548,0,stale_tape,1,0,0.176596,0.132049,0.428252,0.788664,0.591498,part2a21_alpha_positions.csv,part2a21_alpha_eligibility.csv,artifacts_part2_g532/predictions/g532_final_consensus_tape.csv
2023-07-20,,,0,0,0.0,0,0.505354,0,FLAT,0.0,0.0,0.0,0.0,,-0.00071,0.0,0.2150201652899097,0.6630482673194894,0,stale_tape,1,0,0.14511,0.131971,0.428105,0.802889,0.602167,part2a21_alpha_positions.csv,part2a21_alpha_eligibility.csv,artifacts_part2_g532/predictions/g532_final_consensus_tape.csv
2023-07-21,,,0,0,0.0,0,0.49952,0,FLAT,0.0,0.0,0.0,0.0,,0.006614,0.0,0.2084093996515754,0.6565815649674556,0,stale_tape,1,0,0.158625,0.137903,0.439258,0.792501,0.594376,part2a21_alpha_positions.csv,part2a21_alpha_eligibility.csv,artifacts_part2_g532/predictions/g532_final_consensus_tape.csv
2023-07-24,,,0,0,0.0,0,0.491524,0,FLAT,0.0,0.0,0.0,0.0,,0.004815,0.0,0.2153412264117797,0.6414716507843857,0,stale_tape,1,0,0.155083,0.149152,0.460405,0.785928,0.589446,part2a21_alpha_positions.csv,part2a21_alpha_eligibility.csv,artifacts_part2_g532/predictions/g532_final_consensus_tape.csv
2023-07-25,,,0,0,0.0,0,0.492761,0,FLAT,0.0,0.0,0.0,0.0,,-0.003192,0.0,0.2185502379029018,0.6721452129958555,0,stale_tape,1,0,0.152873,0.145188,0.452954,0.789801,0.592351,part2a21_alpha_positions.csv,part2a21_alpha_eligibility.csv,artifacts_part2_g532/predictions/g532_final_consensus_tape.csv
2023-07-26,,,0,0,0.0,0,0.495928,0,FLAT,0.0,0.0,0.0,0.0,,0.00415,0.0,0.2203213815905509,0.7563540684367785,0,stale_tape,1,0,0.147554,0.129651,0.423743,0.803474,0.602606,part2a21_alpha_positions.csv,part2a21_alpha_eligibility.csv,artifacts_part2_g532/predictions/g532_final_consensus_tape.csv
2023-07-27,,,0,0,0.0,0,0.479109,0,FLAT,0.0,0.0,0.0,0.0,,0.006445,0.0,0.2260712097374685,0.7072270909779458,0,stale_tape,1,0,0.168679,0.155799,0.472901,0.774985,0.581239,part2a21_alpha_positions.csv,part2a21_alpha_eligibility.csv,artifacts_part2_g532/predictions/g532_final_consensus_tape.csv
2023-07-28,,,0,0,0.0,0,0.490877,0,FLAT,0.0,0.0,0.0,0.0,,0.000673,0.0,0.2210121741150714,0.6998274701193715,0,stale_tape,1,0,0.157295,0.125023,0.415043,0.802451,0.601838,part2a21_alpha_positions.csv,part2a21_alpha_eligibility.csv,artifacts_part2_g532/predictions/g532_final_consensus_tape.csv
2023-07-31,,,0,0,0.0,0,0.490746,0,FLAT,0.0,0.0,0.0,0.0,,0.002765,0.0,0.2239925621649773,0.6692085475847488,0,stale_tape,1,0,0.148318,0.128128,0.420881,0.804236,0.603177,part2a21_alpha_positions.csv,part2a21_alpha_eligibility.csv,artifacts_part2_g532/predictions/g532_final_consensus_tape.csv
2023-08-01,,,0,0,0.0,0,0.497392,0,FLAT,0.0,0.0,0.0,0.0,,-0.011947,0.0,0.2220370768177489,0.6322342842776256,0,stale_tape,1,0,0.145072,0.130259,0.424886,0.80415,0.603112,part2a21_alpha_positions.csv,part2a21_alpha_eligibility.csv,artifacts_part2_g532/predictions/g532_final_consensus_tape.csv
2023-08-02,,,0,0,0.0,0,0.249066,0,FLAT,0.0,0.0,0.0,0.0,,0.004582,0.0,0.2436312162350947,0.7108730981120664,0,stale_tape,1,0,0.174537,0.18868,0.534719,0.748476,0.336814,part2a21_alpha_positions.csv,part2a21_alpha_eligibility.csv,artifacts_part2_g532/predictions/g532_final_consensus_tape.csv
2023-08-03,,,0,0,0.0,0,0.247926,0,FLAT,0.0,0.0,0.0,0.0,,-0.015487,0.0,0.2526864740077826,0.6810052183178792,0,stale_tape,1,0,0.179248,0.185225,0.528222,0.748865,0.336989,part2a21_alpha_positions.csv,part2a21_alpha_eligibility.csv,artifacts_part2_g532/predictions/g532_final_consensus_tape.csv
2023-08-04,,,0,0,0.0,0,0.219182,0,FLAT,0.0,0.0,0.0,0.0,,0.011398,0.0,0.2577860800613831,0.7367636538219444,0,stale_tape,1,0,0.181424,0.212804,0.577887,0.7283,0.327735,part2a21_alpha_positions.csv,part2a21_alpha_eligibility.csv,artifacts_part2_g532/predictions/g532_final_consensus_tape.csv
2023-08-07,,,0,0,0.0,0,0.220229,0,FLAT,0.0,0.0,0.0,0.0,,-0.009381,0.0,0.2492014418225214,0.6923778032830373,0,stale_tape,1,0,0.175847,0.186044,0.529763,0.749801,0.33741,part2a21_alpha_positions.csv,part2a21_alpha_eligibility.csv,artifacts_part2_g532/predictions/g532_final_consensus_tape.csv
2023-08-08,,,0,0,0.0,0,0.361198,0,FLAT,0.0,0.0,0.0,0.0,,-0.007298,0.0,0.2504926603781666,0.7562037355410677,0,stale_tape,1,0,0.174431,0.187916,0.533282,0.749079,0.561809,part2a21_alpha_positions.csv,part2a21_alpha_eligibility.csv,artifacts_part2_g532/predictions/g532_final_consensus_tape.csv
2023-08-09,,,0,0,0.0,0,0.360211,0,FLAT,0.0,0.0,0.0,0.0,,0.008271,0.0,0.2139929810936784,0.2998892440926764,0,stale_tape,1,0,0.165121,0.187759,0.532987,0.753382,0.565037,part2a21_alpha_positions.csv,part2a21_alpha_eligibility.csv,artifacts_part2_g532/predictions/g532_final_consensus_tape.csv
2023-08-10,,,0,0,0.0,0,0.358797,0,FLAT,0.0,0.0,0.0,0.0,,0.00437,0.0,0.2136582863984717,0.3057761324485952,0,stale_tape,1,0,0.161147,0.178756,0.516061,0.761707,0.57128,part2a21_alpha_positions.csv,part2a21_alpha_eligibility.csv,artifacts_part2_g532/predictions/g532_final_consensus_tape.csv
2023-08-11,,,0,0,0.0,0,0.383568,0,FLAT,0.0,0.0,0.0,0.0,,0.007221,0.0,0.2212393981757874,0.2892560665417242,0,stale_tape,1,0,0.129458,0.133226,0.430466,0.809021,0.606766,part2a21_alpha_positions.csv,part2a21_alpha_eligibility.csv,artifacts_part2_g532/predictions/g532_final_consensus_tape.csv
2023-08-14,,,0,0,0.0,0,0.370631,0,FLAT,0.0,0.0,0.0,0.0,,-0.009613,0.0,0.2214823495609591,0.2902306745532939,0,stale_tape,1,0,0.13793,0.149336,0.460752,0.793513,0.595135,part2a21_alpha_positions.csv,part2a21_alpha_eligibility.csv,artifacts_part2_g532/predictions/g532_final_consensus_tape.csv
2023-08-15,,,0,0,0.0,0,0.347846,0,FLAT,0.0,0.0,0.0,0.0,,-0.003578,0.0,0.2204871043845044,0.2887255715568514,0,stale_tape,1,0,0.1663,0.185976,0.529635,0.754146,0.56561,part2a21_alpha_positions.csv,part2a21_alpha_eligibility.csv,artifacts_part2_g532/predictions/g532_final_consensus_tape.csv
2023-08-16,,,0,0,0.0,0,0.355105,0,FLAT,0.0,0.0,0.0,0.0,,-0.006842,0.0,0.2195566316711991,0.2883160923809424,0,stale_tape,1,0,0.173346,0.185715,0.529144,0.751165,0.563374,part2a21_alpha_positions.csv,part2a21_alpha_eligibility.csv,artifacts_part2_g532/predictions/g532_final_consensus_tape.csv
2023-08-17,,,0,0,0.0,0,0.356709,0,FLAT,0.0,0.0,0.0,0.0,,-0.002073,0.0,0.2156333317343988,0.322534027640635,0,stale_tape,1,0,0.166795,0.187355,0.532227,0.752923,0.564692,part2a21_alpha_positions.csv,part2a21_alpha_eligibility.csv,artifacts_part2_g532/predictions/g532_final_consensus_tape.csv
2023-08-18,,,0,0,0.0,0,0.371191,0,FLAT,0.0,0.0,0.0,0.0,,0.012801,0.0,0.2281563676719953,0.252952545905266,0,stale_tape,1,0,0.174432,0.196088,0.548646,0.743145,0.557359,part2a21_alpha_positions.csv,part2a21_alpha_eligibility.csv,artifacts_part2_g532/predictions/g532_final_consensus_tape.csv
2023-08-21,,,0,0,0.0,0,0.200949,0,FLAT,0.0,0.0,0.0,0.0,,-0.003233,0.0,0.2051610901608641,0.3493303972301407,0,stale_tape,1,1,0.218868,0.292998,0.60701,0.677558,0.304901,part2a21_alpha_positions.csv,part2a21_alpha_eligibility.csv,artifacts_part2_g532/predictions/g532_final_consensus_tape.csv
2023-08-22,,,0,0,0.0,0,0.197855,0,FLAT,0.0,0.0,0.0,0.0,,-7.2e-05,0.0,0.2170345243160448,0.3040725313991717,0,stale_tape,1,1,0.272361,0.295075,0.607749,0.652611,0.293675,part2a21_alpha_positions.csv,part2a21_alpha_eligibility.csv,artifacts_part2_g532/predictions/g532_final_consensus_tape.csv
2023-08-23,,,0,0,0.0,0,0.226571,0,FLAT,0.0,0.0,0.0,0.0,,-0.009656,0.0,0.2009357495198027,0.3713764575943634,0,stale_tape,1,0,0.210409,0.18735,0.532218,0.7333,0.329985,part2a21_alpha_positions.csv,part2a21_alpha_eligibility.csv,artifacts_part2_g532/predictions/g532_final_consensus_tape.csv
2023-08-24,,,0,0,0.0,0,0.22837,0,FLAT,0.0,0.0,0.0,0.0,,0.006923,0.0,0.2227341279282839,0.2812530951419895,0,stale_tape,1,0,0.167606,0.199508,0.555075,0.743734,0.33468,part2a21_alpha_positions.csv,part2a21_alpha_eligibility.csv,artifacts_part2_g532/predictions/g532_final_consensus_tape.csv
2023-08-25,,,0,0,0.0,0,0.402044,0,FLAT,0.0,0.0,0.0,0.0,,0.003788,0.0,0.224266095996515,0.2818349802543264,0,stale_tape,1,0,0.136667,0.14927,0.460628,0.79413,0.595597,part2a21_alpha_positions.csv,part2a21_alpha_eligibility.csv,artifacts_part2_g532/predictions/g532_final_consensus_tape.csv
2023-08-28,,,0,0,0.0,0,0.399154,0,FLAT,0.0,0.0,0.0,0.0,,0.007,0.0,0.2319899791839326,0.2810635628921562,0,stale_tape,1,0,0.146675,0.166465,0.492955,0.777142,0.582857,part2a21_alpha_positions.csv,part2a21_alpha_eligibility.csv,artifacts_part2_g532/predictions/g532_final_consensus_tape.csv
2023-08-29,,,0,0,0.0,0,0.41034,0,FLAT,0.0,0.0,0.0,0.0,,0.004265,0.0,0.2162713318432227,0.3262732380958716,0,stale_tape,1,0,0.136181,0.155147,0.471676,0.790082,0.592562,part2a21_alpha_positions.csv,part2a21_alpha_eligibility.csv,artifacts_part2_g532/predictions/g532_final_consensus_tape.csv
2023-08-30,,,0,0,0.0,0,0.405011,0,FLAT,0.0,0.0,0.0,0.0,,-0.003286,0.0,0.2147179608649353,0.3328807998171344,0,stale_tape,1,0,0.139336,0.170599,0.500727,0.777444,0.583083,part2a21_alpha_positions.csv,part2a21_alpha_eligibility.csv,artifacts_part2_g532/predictions/g532_final_consensus_tape.csv
2023-08-31,,,0,0,0.0,0,0.398874,0,FLAT,0.0,0.0,0.0,0.0,,0.008256,0.0,0.1959579790223893,0.4107337640136417,0,stale_tape,1,0,0.188814,0.173992,0.507105,0.752716,0.564537,part2a21_alpha_positions.csv,part2a21_alpha_eligibility.csv,artifacts_part2_g532/predictions/g532_final_consensus_tape.csv
2023-09-01,,,0,0,0.0,0,0.419353,0,FLAT,0.0,0.0,0.0,0.0,,0.0,0.0,0.2113990566984844,0.3500160811384142,0,stale_tape,1,0,0.137372,0.144769,0.452166,0.79708,0.59781,part2a21_alpha_positions.csv,part2a21_alpha_eligibility.csv,artifacts_part2_g532/predictions/g532_final_consensus_tape.csv
2023-09-04,,,0,0,0.0,0,0.426249,0,FLAT,0.0,0.0,0.0,0.0,,0.001709,0.0,0.2002267384091202,0.3866560282826611,0,stale_tape,1,0,0.182234,0.148636,0.459436,0.774085,0.580564,part2a21_alpha_positions.csv,part2a21_alpha_eligibility.csv,artifacts_part2_g532/predictions/g532_final_consensus_tape.csv
2023-09-05,,,0,0,0.0,0,0.441892,0,FLAT,0.0,0.0,0.0,0.0,,-0.004354,0.0,0.214494723832631,0.3288894524211205,0,stale_tape,1,0,0.135654,0.150581,0.463092,0.793634,0.595226,part2a21_alpha_positions.csv,part2a21_alpha_eligibility.csv,artifacts_part2_g532/predictions/g532_final_consensus_tape.csv
2023-09-06,,,0,0,0.0,0,0.419227,0,FLAT,0.0,0.0,0.0,0.0,,-0.006408,0.0,0.2207679186057583,0.56709461780588,0,stale_tape,1,0,0.174331,0.166597,0.493202,0.764602,0.573451,part2a21_alpha_positions.csv,part2a21_alpha_eligibility.csv,artifacts_part2_g532/predictions/g532_final_consensus_tape.csv
2023-09-07,,,0,0,0.0,0,0.439329,0,FLAT,0.0,0.0,0.0,0.0,,0.001155,0.0,0.2222296922783496,0.5641442789892044,0,stale_tape,1,0,0.166659,0.153466,0.468517,0.777587,0.58319,part2a21_alpha_positions.csv,part2a21_alpha_eligibility.csv,artifacts_part2_g532/predictions/g532_final_consensus_tape.csv
2023-09-08,,,0,0,0.0,0,0.444257,0,FLAT,0.0,0.0,0.0,0.0,,0.008262,0.0,0.2247112642406848,0.5990642702288654,0,stale_tape,1,0,0.167907,0.157551,0.476196,0.77406,0.580545,part2a21_alpha_positions.csv,part2a21_alpha_eligibility.csv,artifacts_part2_g532/predictions/g532_final_consensus_tape.csv
2023-09-11,,,0,0,0.0,0,0.436771,0,FLAT,0.0,0.0,0.0,0.0,,-0.006769,0.0,0.2294855701996888,0.5593769500473669,0,stale_tape,1,0,0.167664,0.152693,0.467063,0.777696,0.583272,part2a21_alpha_positions.csv,part2a21_alpha_eligibility.csv,artifacts_part2_g532/predictions/g532_final_consensus_tape.csv
2023-09-12,,,0,0,0.0,0,0.435223,0,FLAT,0.0,0.0,0.0,0.0,,-6e-06,0.0,0.2302009593580538,0.570600264556122,0,stale_tape,1,0,0.165446,0.145565,0.453662,0.783869,0.587902,part2a21_alpha_positions.csv,part2a21_alpha_eligibility.csv,artifacts_part2_g532/predictions/g532_final_consensus_tape.csv
2023-09-13,,,0,0,0.0,0,0.448763,0,FLAT,0.0,0.0,0.0,0.0,,0.010861,0.0,0.2371118215514157,0.5696595221059357,0,stale_tape,1,0,0.162101,0.123465,0.412113,0.801419,0.601064,part2a21_alpha_positions.csv,part2a21_alpha_eligibility.csv,artifacts_part2_g532/predictions/g532_final_consensus_tape.csv
2023-09-14,,,0,0,0.0,0,0.438425,0,FLAT,0.0,0.0,0.0,0.0,,-0.009435,0.0,0.2342335775599119,0.5535199719478209,0,stale_tape,1,0,0.151015,0.110963,0.388611,0.815484,0.611613,part2a21_alpha_positions.csv,part2a21_alpha_eligibility.csv,artifacts_part2_g532/predictions/g532_final_consensus_tape.csv
2023-09-15,,,0,0,0.0,0,0.404156,0,FLAT,0.0,0.0,0.0,0.0,,0.000134,0.0,0.2248276756742152,0.5397938076736105,0,stale_tape,1,0,0.176162,0.168986,0.497695,0.762043,0.571532,part2a21_alpha_positions.csv,part2a21_alpha_eligibility.csv,artifacts_part2_g532/predictions/g532_final_consensus_tape.csv
2023-09-18,,,0,0,0.0,0,0.403034,0,FLAT,0.0,0.0,0.0,0.0,,0.00165,0.0,0.2282232048649624,0.6094330215156177,0,stale_tape,1,0,0.183586,0.167238,0.494408,0.759971,0.569978,part2a21_alpha_positions.csv,part2a21_alpha_eligibility.csv,artifacts_part2_g532/predictions/g532_final_consensus_tape.csv
2023-09-19,,,0,0,0.0,0,0.401383,0,FLAT,0.0,0.0,0.0,0.0,,-0.008644,0.0,0.2260559578616329,0.5654423191493451,0,stale_tape,1,0,0.185918,0.170185,0.499947,0.756783,0.567587,part2a21_alpha_positions.csv,part2a21_alpha_eligibility.csv,artifacts_part2_g532/predictions/g532_final_consensus_tape.csv
2023-09-20,,,0,0,0.0,0,0.389692,0,FLAT,0.0,0.0,0.0,0.0,,-0.009059,0.0,0.2271771562709673,0.5470887181594194,0,stale_tape,1,0,0.179393,0.185932,0.529552,0.748287,0.561215,part2a21_alpha_positions.csv,part2a21_alpha_eligibility.csv,artifacts_part2_g532/predictions/g532_final_consensus_tape.csv
2023-09-21,,,0,0,0.0,0,0.225576,0,FLAT,0.0,0.0,0.0,0.0,,-0.006317,0.0,0.2383017118981357,0.5866549504673347,0,stale_tape,1,0,0.186578,0.205599,0.566525,0.730775,0.328849,part2a21_alpha_positions.csv,part2a21_alpha_eligibility.csv,artifacts_part2_g532/predictions/g532_final_consensus_tape.csv
2023-09-22,,,0,0,0.0,0,0.224468,0,FLAT,0.0,0.0,0.0,0.0,,0.011531,0.0,0.2407852380006442,0.5932144621713473,0,stale_tape,1,0,0.185302,0.206235,0.567722,0.730887,0.328899,part2a21_alpha_positions.csv,part2a21_alpha_eligibility.csv,artifacts_part2_g532/predictions/g532_final_consensus_tape.csv
2023-09-25,,,0,0,0.0,0,0.220982,0,FLAT,0.0,0.0,0.0,0.0,,-0.014458,0.0,0.2421555426528811,0.6188601340421794,0,stale_tape,1,0,0.186213,0.197377,0.551068,0.736909,0.331609,part2a21_alpha_positions.csv,part2a21_alpha_eligibility.csv,artifacts_part2_g532/predictions/g532_final_consensus_tape.csv
2023-09-26,,,0,0,0.0,0,0.212449,0,FLAT,0.0,0.0,0.0,0.0,,0.004709,0.0,0.248022148065642,0.5796488084562286,0,stale_tape,1,0,0.182795,0.202158,0.560057,0.734976,0.330739,part2a21_alpha_positions.csv,part2a21_alpha_eligibility.csv,artifacts_part2_g532/predictions/g532_final_consensus_tape.csv
2023-09-27,,,0,0,0.0,0,0.205122,0,FLAT,0.0,0.0,0.0,0.0,,0.003083,0.0,0.238234509097009,0.5861818446988271,0,stale_tape,1,1,0.206245,0.212453,0.577757,0.71728,0.322776,part2a21_alpha_positions.csv,part2a21_alpha_eligibility.csv,artifacts_part2_g532/predictions/g532_final_consensus_tape.csv
2023-09-28,,,0,0,0.0,0,0.215979,0,FLAT,0.0,0.0,0.0,0.0,,-0.002609,0.0,0.2392454097340207,0.6712326126135132,0,stale_tape,1,1,0.19745,0.204389,0.564252,0.726761,0.327042,part2a21_alpha_positions.csv,part2a21_alpha_eligibility.csv,artifacts_part2_g532/predictions/g532_final_consensus_tape.csv
2023-09-29,,,0,0,0.0,0,0.213451,0,FLAT,0.0,0.0,0.0,0.0,,0.008068,0.0,0.2326357413126276,0.6050239691923779,0,stale_tape,1,1,0.207436,0.233953,0.58568,0.707634,0.318435,part2a21_alpha_positions.csv,part2a21_alpha_eligibility.csv,artifacts_part2_g532/predictions/g532_final_consensus_tape.csv
2023-10-02,,,0,0,0.0,0,0.174815,0,FLAT,0.0,0.0,0.0,0.0,,-0.005226,0.0,0.2442928669761031,0.6789089565175215,0,stale_tape,1,1,0.325891,0.375065,0.635685,0.594939,0.267723,part2a21_alpha_positions.csv,part2a21_alpha_eligibility.csv,artifacts_part2_g532/predictions/g532_final_consensus_tape.csv
2023-10-03,,,0,0,0.0,0,0.21534,0,FLAT,0.0,0.0,0.0,0.0,,0.001006,0.0,0.2477155674235094,0.6137441943085782,0,stale_tape,1,0,0.191394,0.198836,0.553812,0.733518,0.330083,part2a21_alpha_positions.csv,part2a21_alpha_eligibility.csv,artifacts_part2_g532/predictions/g532_final_consensus_tape.csv
2023-10-04,,,0,0,0.0,0,0.203571,0,FLAT,0.0,0.0,0.0,0.0,,-0.002724,0.0,0.2365589614670509,0.7308694438038944,0,stale_tape,1,1,0.219974,0.27554,0.600767,0.684419,0.307989,part2a21_alpha_positions.csv,part2a21_alpha_eligibility.csv,artifacts_part2_g532/predictions/g532_final_consensus_tape.csv
2023-10-05,,,0,0,0.0,0,0.212859,0,FLAT,0.0,0.0,0.0,0.0,,0.017722,0.0,0.2201839372414132,0.6266265545102075,0,stale_tape,1,1,0.210094,0.245846,0.590027,0.701406,0.315633,part2a21_alpha_positions.csv,part2a21_alpha_eligibility.csv,artifacts_part2_g532/predictions/g532_final_consensus_tape.csv
2023-10-06,,,0,0,0.0,0,0.19223,0,FLAT,0.0,0.0,0.0,0.0,,-0.006044,0.0,0.2149095924787973,0.5801291952306739,0,stale_tape,1,1,0.283942,0.229874,0.584184,0.674934,0.30372,part2a21_alpha_positions.csv,part2a21_alpha_eligibility.csv,artifacts_part2_g532/predictions/g532_final_consensus_tape.csv
2023-10-09,,,0,0,0.0,0,0.205588,0,FLAT,0.0,0.0,0.0,0.0,,0.007123,0.0,0.2171628959294066,0.6045810712794044,0,stale_tape,1,1,0.201629,0.229138,0.583913,0.712286,0.320529,part2a21_alpha_positions.csv,part2a21_alpha_eligibility.csv,artifacts_part2_g532/predictions/g532_final_consensus_tape.csv
2023-10-10,,,0,0,0.0,0,0.222939,0,FLAT,0.0,0.0,0.0,0.0,,-0.001253,0.0,0.2124101780213451,0.5647544510533686,0,stale_tape,1,1,0.196144,0.208189,0.571396,0.72459,0.326065,part2a21_alpha_positions.csv,part2a21_alpha_eligibility.csv,artifacts_part2_g532/predictions/g532_final_consensus_tape.csv
2023-10-11,,,0,0,0.0,0,0.220853,0,FLAT,0.0,0.0,0.0,0.0,,0.003631,0.0,0.2131268133115321,0.5760310613529066,0,stale_tape,1,1,0.198534,0.216153,0.579127,0.719181,0.323631,part2a21_alpha_positions.csv,part2a21_alpha_eligibility.csv,artifacts_part2_g532/predictions/g532_final_consensus_tape.csv
2023-10-12,,,0,0,0.0,0,0.212102,0,FLAT,0.0,0.0,0.0,0.0,,-0.011661,0.0,0.2194742830627661,0.619548807569755,0,stale_tape,1,1,0.269957,0.208655,0.572271,0.691036,0.310966,part2a21_alpha_positions.csv,part2a21_alpha_eligibility.csv,artifacts_part2_g532/predictions/g532_final_consensus_tape.csv
2023-10-13,,,0,0,0.0,0,0.206648,0,FLAT,0.0,0.0,0.0,0.0,,0.016351,0.0,0.2266369101546425,0.6709818516723973,0,stale_tape,1,1,0.202704,0.244227,0.589437,0.705416,0.317437,part2a21_alpha_positions.csv,part2a21_alpha_eligibility.csv,artifacts_part2_g532/predictions/g532_final_consensus_tape.csv
2023-10-16,,,0,0,0.0,0,0.203739,0,FLAT,0.0,0.0,0.0,0.0,,0.009886,0.0,0.2252164567796727,0.6643180776030522,0,stale_tape,1,1,0.207643,0.197663,0.551607,0.727057,0.327176,part2a21_alpha_positions.csv,part2a21_alpha_eligibility.csv,artifacts_part2_g532/predictions/g532_final_consensus_tape.csv
2023-10-17,,,0,0,0.0,0,0.202306,0,FLAT,0.0,0.0,0.0,0.0,,-0.008783,0.0,0.2181742821459541,0.6183141257067096,0,stale_tape,1,1,0.204658,0.208761,0.572472,0.720343,0.324154,part2a21_alpha_positions.csv,part2a21_alpha_eligibility.csv,artifacts_part2_g532/predictions/g532_final_consensus_tape.csv
2023-10-18,,,0,0,0.0,0,0.197277,0,FLAT,0.0,0.0,0.0,0.0,,-0.003578,0.0,0.2104761415041229,0.5508856731251074,0,stale_tape,1,1,0.198373,0.208551,0.572076,0.723324,0.325496,part2a21_alpha_positions.csv,part2a21_alpha_eligibility.csv,artifacts_part2_g532/predictions/g532_final_consensus_tape.csv
2023-10-19,,,0,0,0.0,0,0.19947,0,FLAT,0.0,0.0,0.0,0.0,,-0.01836,0.0,0.22300123840764,0.6385682137624367,0,stale_tape,1,1,0.195209,0.197453,0.551213,0.732805,0.329762,part2a21_alpha_positions.csv,part2a21_alpha_eligibility.csv,artifacts_part2_g532/predictions/g532_final_consensus_tape.csv
2023-10-20,,,0,0,0.0,0,0.195681,0,FLAT,0.0,0.0,0.0,0.0,,-0.006442,0.0,0.2169546573796753,0.596460965079848,0,stale_tape,1,1,0.192615,0.205772,0.566852,0.727933,0.32757,part2a21_alpha_positions.csv,part2a21_alpha_eligibility.csv,artifacts_part2_g532/predictions/g532_final_consensus_tape.csv
2023-10-23,,,0,0,0.0,0,0.171332,0,FLAT,0.0,0.0,0.0,0.0,,0.005675,0.0,0.2230276483935806,0.6459322151715131,0,stale_tape,1,1,0.294721,0.30623,0.611707,0.637853,0.287034,part2a21_alpha_positions.csv,part2a21_alpha_eligibility.csv,artifacts_part2_g532/predictions/g532_final_consensus_tape.csv
2023-10-24,,,0,0,0.0,0,0.186885,0,FLAT,0.0,0.0,0.0,0.0,,-0.005395,0.0,0.2264002309566021,0.6687217177560977,0,stale_tape,1,1,0.269742,0.206585,0.56838,0.692635,0.311686,part2a21_alpha_positions.csv,part2a21_alpha_eligibility.csv,artifacts_part2_g532/predictions/g532_final_consensus_tape.csv
2023-10-25,,,0,0,0.0,0,0.187523,0,FLAT,0.0,0.0,0.0,0.0,,-0.01994,0.0,0.2261127839397476,0.6612787711682783,0,stale_tape,1,1,0.267945,0.201802,0.559388,0.696917,0.313612,part2a21_alpha_positions.csv,part2a21_alpha_eligibility.csv,artifacts_part2_g532/predictions/g532_final_consensus_tape.csv
2023-10-26,,,0,0,0.0,0,0.187491,0,FLAT,0.0,0.0,0.0,0.0,,-0.005998,0.0,0.2201991884906963,0.6201121678818919,0,stale_tape,1,1,0.193192,0.204721,0.564875,0.728436,0.327796,part2a21_alpha_positions.csv,part2a21_alpha_eligibility.csv,artifacts_part2_g532/predictions/g532_final_consensus_tape.csv
2023-10-27,,,0,0,0.0,0,0.183741,0,FLAT,0.0,0.0,0.0,0.0,,0.015296,0.0,0.2172942301688051,0.6001971341562112,0,stale_tape,1,1,0.204032,0.23901,0.587532,0.707026,0.318162,part2a21_alpha_positions.csv,part2a21_alpha_eligibility.csv,artifacts_part2_g532/predictions/g532_final_consensus_tape.csv
2023-10-30,,,0,0,0.0,0,0.180732,0,FLAT,0.0,0.0,0.0,0.0,,0.00815,0.0,0.2147861318022778,0.5785372661312137,0,stale_tape,1,1,0.269353,0.209992,0.574786,0.690337,0.310652,part2a21_alpha_positions.csv,part2a21_alpha_eligibility.csv,artifacts_part2_g532/predictions/g532_final_consensus_tape.csv
2023-10-31,,,0,0,0.0,0,0.187373,0,FLAT,0.0,0.0,0.0,0.0,,-0.000501,0.0,0.2144049488225353,0.575635844747923,0,stale_tape,1,1,0.252378,0.193639,0.544041,0.709848,0.319432,part2a21_alpha_positions.csv,part2a21_alpha_eligibility.csv,artifacts_part2_g532/predictions/g532_final_consensus_tape.csv
2023-11-01,,,0,0,0.0,0,0.329753,0,FLAT,0.0,0.0,0.0,0.0,,0.012645,0.0,0.2195640604780423,0.6014490427425466,0,stale_tape,1,0,0.192892,0.179411,0.517292,0.746946,0.56021,part2a21_alpha_positions.csv,part2a21_alpha_eligibility.csv,artifacts_part2_g532/predictions/g532_final_consensus_tape.csv
2023-11-02,,,0,0,0.0,0,0.32686,0,FLAT,0.0,0.0,0.0,0.0,,0.001537,0.0,0.2197546040645827,0.6061658760369327,0,stale_tape,1,0,0.174692,0.159043,0.479001,0.769924,0.577443,part2a21_alpha_positions.csv,part2a21_alpha_eligibility.csv,artifacts_part2_g532/predictions/g532_final_consensus_tape.csv
2023-11-03,,,0,0,0.0,0,0.341961,0,FLAT,0.0,0.0,0.0,0.0,,0.007727,0.0,0.2135281919889508,0.6099758161928139,0,stale_tape,1,0,0.180394,0.168305,0.496413,0.760634,0.570475,part2a21_alpha_positions.csv,part2a21_alpha_eligibility.csv,artifacts_part2_g532/predictions/g532_final_consensus_tape.csv
2023-11-06,,,0,0,0.0,0,0.351031,0,FLAT,0.0,0.0,0.0,0.0,,-0.002872,0.0,0.2237963758764026,0.642198203832752,0,stale_tape,1,0,0.164495,0.153867,0.46927,0.77827,0.583702,part2a21_alpha_positions.csv,part2a21_alpha_eligibility.csv,artifacts_part2_g532/predictions/g532_final_consensus_tape.csv
2023-11-07,,,0,0,0.0,0,0.352039,0,FLAT,0.0,0.0,0.0,0.0,,-0.003209,0.0,0.2169876026201918,0.6042778576743677,0,stale_tape,1,0,0.167542,0.148563,0.459299,0.780749,0.585562,part2a21_alpha_positions.csv,part2a21_alpha_eligibility.csv,artifacts_part2_g532/predictions/g532_final_consensus_tape.csv
2023-11-08,,,0,0,0.0,0,0.19932,0,FLAT,0.0,0.0,0.0,0.0,,0.00237,0.0,0.2123160952572462,0.5800200715137868,0,stale_tape,1,0,0.188089,0.201393,0.558619,0.733148,0.329917,part2a21_alpha_positions.csv,part2a21_alpha_eligibility.csv,artifacts_part2_g532/predictions/g532_final_consensus_tape.csv
2023-11-09,,,0,0,0.0,0,0.379315,0,FLAT,0.0,0.0,0.0,0.0,,0.014385,0.0,0.2054488545336002,0.5485915537542737,0,stale_tape,1,0,0.196648,0.193325,0.543451,0.735154,0.551366,part2a21_alpha_positions.csv,part2a21_alpha_eligibility.csv,artifacts_part2_g532/predictions/g532_final_consensus_tape.csv
2023-11-10,,,0,0,0.0,0,0.225959,0,FLAT,0.0,0.0,0.0,0.0,,-0.000465,0.0,0.2142944207267368,0.6067262858160986,0,stale_tape,1,0,0.186213,0.212141,0.577641,0.726426,0.326892,part2a21_alpha_positions.csv,part2a21_alpha_eligibility.csv,artifacts_part2_g532/predictions/g532_final_consensus_tape.csv
2023-11-13,,,0,0,0.0,0,0.405411,0,FLAT,0.0,0.0,0.0,0.0,,0.004108,0.0,0.2044440247064016,0.5508413699112447,0,stale_tape,1,0,0.169751,0.178291,0.515187,0.758173,0.56863,part2a21_alpha_positions.csv,part2a21_alpha_eligibility.csv,artifacts_part2_g532/predictions/g532_final_consensus_tape.csv
2023-11-14,,,0,0,0.0,0,0.416974,0,FLAT,0.0,0.0,0.0,0.0,,0.009995,0.0,0.2073974905320372,0.5856906408232733,0,stale_tape,1,0,0.163321,0.160709,0.482132,0.773831,0.580373,part2a21_alpha_positions.csv,part2a21_alpha_eligibility.csv,artifacts_part2_g532/predictions/g532_final_consensus_tape.csv
2023-11-15,,,0,0,0.0,0,0.41269,0,FLAT,0.0,0.0,0.0,0.0,,-0.006087,0.0,0.1969463112163295,0.5349566631743845,0,stale_tape,1,0,0.17198,0.160443,0.481633,0.770127,0.577595,part2a21_alpha_positions.csv,part2a21_alpha_eligibility.csv,artifacts_part2_g532/predictions/g532_final_consensus_tape.csv
2023-11-16,,,0,0,0.0,0,0.395792,0,FLAT,0.0,0.0,0.0,0.0,,0.000825,0.0,0.200352016445747,0.5504823555948973,0,stale_tape,1,0,0.18523,0.189522,0.536302,0.743053,0.55729,part2a21_alpha_positions.csv,part2a21_alpha_eligibility.csv,artifacts_part2_g532/predictions/g532_final_consensus_tape.csv
2023-11-17,,,0,0,0.0,0,0.405415,0,FLAT,0.0,0.0,0.0,0.0,,0.006098,0.0,0.1973236644033628,0.5231704962965534,0,stale_tape,1,0,0.18044,0.166717,0.493428,0.761765,0.571324,part2a21_alpha_positions.csv,part2a21_alpha_eligibility.csv,artifacts_part2_g532/predictions/g532_final_consensus_tape.csv
2023-11-20,,,0,0,0.0,0,0.399872,0,FLAT,0.0,0.0,0.0,0.0,,-0.003908,0.0,0.2047025029894208,0.5704838255504594,0,stale_tape,1,0,0.181513,0.186104,0.529876,0.747208,0.560406,part2a21_alpha_positions.csv,part2a21_alpha_eligibility.csv,artifacts_part2_g532/predictions/g532_final_consensus_tape.csv
2023-11-21,,,0,0,0.0,0,0.40846,0,FLAT,0.0,0.0,0.0,0.0,,0.004637,0.0,0.1984188029249904,0.5364353545919405,0,stale_tape,1,0,0.172581,0.1645,0.48926,0.766911,0.575184,part2a21_alpha_positions.csv,part2a21_alpha_eligibility.csv,artifacts_part2_g532/predictions/g532_final_consensus_tape.csv
2023-11-22,,,0,0,0.0,0,0.426298,0,FLAT,0.0,0.0,0.0,0.0,,0.0,0.0,0.1985716309012773,0.5349333615770501,0,stale_tape,1,0,0.160546,0.14024,0.443652,0.78994,0.592455,part2a21_alpha_positions.csv,part2a21_alpha_eligibility.csv,artifacts_part2_g532/predictions/g532_final_consensus_tape.csv
2023-11-23,,,0,0,0.0,0,0.42842,0,FLAT,0.0,0.0,0.0,0.0,,0.005739,0.0,0.1994687768476286,0.5464318512133054,0,stale_tape,1,0,0.152462,0.135804,0.435312,0.796798,0.597599,part2a21_alpha_positions.csv,part2a21_alpha_eligibility.csv,artifacts_part2_g532/predictions/g532_final_consensus_tape.csv
2023-11-24,,,0,0,0.0,0,0.456961,0,FLAT,0.0,0.0,0.0,0.0,,-0.009304,0.0,0.1982810988669212,0.5301919716172082,0,stale_tape,1,0,0.159649,0.127507,0.419714,0.799588,0.599691,part2a21_alpha_positions.csv,part2a21_alpha_eligibility.csv,artifacts_part2_g532/predictions/g532_final_consensus_tape.csv
2023-11-27,,,0,0,0.0,0,0.435359,0,FLAT,0.0,0.0,0.0,0.0,,-0.003419,0.0,0.1965437007598159,0.5359693457056406,0,stale_tape,1,0,0.151475,0.125403,0.415757,0.804794,0.603596,part2a21_alpha_positions.csv,part2a21_alpha_eligibility.csv,artifacts_part2_g532/predictions/g532_final_consensus_tape.csv
2023-11-28,,,0,0,0.0,0,0.430705,0,FLAT,0.0,0.0,0.0,0.0,,-0.00588,0.0,0.1981345709214388,0.5244551289769119,0,stale_tape,1,0,0.168408,0.123395,0.411983,0.798632,0.598974,part2a21_alpha_positions.csv,part2a21_alpha_eligibility.csv,artifacts_part2_g532/predictions/g532_final_consensus_tape.csv
2023-11-29,,,0,0,0.0,0,0.450835,0,FLAT,0.0,0.0,0.0,0.0,,0.008783,0.0,0.1899368314880101,0.4730938062926298,0,stale_tape,1,0,0.163217,0.113553,0.39348,0.808113,0.606085,part2a21_alpha_positions.csv,part2a21_alpha_eligibility.csv,artifacts_part2_g532/predictions/g532_final_consensus_tape.csv
2023-11-30,,,0,0,0.0,0,0.43151,0,FLAT,0.0,0.0,0.0,0.0,,-0.003543,0.0,0.1919956404652142,0.5276508768914724,0,stale_tape,1,0,0.181424,0.124571,0.414194,0.791921,0.59394,part2a21_alpha_positions.csv,part2a21_alpha_eligibility.csv,artifacts_part2_g532/predictions/g532_final_consensus_tape.csv
2023-12-01,,,0,0,0.0,0,0.436205,0,FLAT,0.0,0.0,0.0,0.0,,-0.000882,0.0,0.1899578293443924,0.4674670131408878,0,stale_tape,1,0,0.153925,0.123577,0.412325,0.805017,0.603763,part2a21_alpha_positions.csv,part2a21_alpha_eligibility.csv,artifacts_part2_g532/predictions/g532_final_consensus_tape.csv
2023-12-04,,,0,0,0.0,0,0.446378,0,FLAT,0.0,0.0,0.0,0.0,,-0.007333,0.0,0.1915739832728626,0.5159264177279371,0,stale_tape,1,0,0.158452,0.115876,0.397846,0.808571,0.606428,part2a21_alpha_positions.csv,part2a21_alpha_eligibility.csv,artifacts_part2_g532/predictions/g532_final_consensus_tape.csv
2023-12-05,,,0,0,0.0,0,0.440638,0,FLAT,0.0,0.0,0.0,0.0,,-0.008306,0.0,0.1914869480003935,0.5159740170403228,0,stale_tape,1,0,0.152557,0.118105,0.402037,0.809605,0.607204,part2a21_alpha_positions.csv,part2a21_alpha_eligibility.csv,artifacts_part2_g532/predictions/g532_final_consensus_tape.csv
2023-12-06,,,0,0,0.0,0,0.432533,0,FLAT,0.0,0.0,0.0,0.0,,0.009275,0.0,0.1919914970240584,0.5275761719961943,0,stale_tape,1,0,0.161277,0.132392,0.428897,0.795309,0.596481,part2a21_alpha_positions.csv,part2a21_alpha_eligibility.csv,artifacts_part2_g532/predictions/g532_final_consensus_tape.csv
2023-12-07,,,0,0,0.0,0,0.413592,0,FLAT,0.0,0.0,0.0,0.0,,0.010713,0.0,0.1905885790485777,0.4945096096419308,0,stale_tape,1,0,0.168908,0.125196,0.415368,0.797099,0.597824,part2a21_alpha_positions.csv,part2a21_alpha_eligibility.csv,artifacts_part2_g532/predictions/g532_final_consensus_tape.csv
2023-12-08,,,0,0,0.0,0,0.404196,0,FLAT,0.0,0.0,0.0,0.0,,0.003764,0.0,0.1920024586593638,0.5240400331232032,0,stale_tape,1,0,0.166738,0.118027,0.401892,0.80328,0.60246,part2a21_alpha_positions.csv,part2a21_alpha_eligibility.csv,artifacts_part2_g532/predictions/g532_final_consensus_tape.csv
2023-12-11,,,0,0,0.0,0,0.409695,0,FLAT,0.0,0.0,0.0,0.0,,0.002831,0.0,0.1900781112838393,0.4650621801604063,0,stale_tape,1,0,0.169202,0.123993,0.413108,0.79784,0.59838,part2a21_alpha_positions.csv,part2a21_alpha_eligibility.csv,artifacts_part2_g532/predictions/g532_final_consensus_tape.csv
2023-12-12,,,0,0,0.0,0,0.424507,0,FLAT,0.0,0.0,0.0,0.0,,-0.001234,0.0,0.1909379640152514,0.4808117004035117,0,stale_tape,1,0,0.139439,0.107117,0.38138,0.823486,0.617614,part2a21_alpha_positions.csv,part2a21_alpha_eligibility.csv,artifacts_part2_g532/predictions/g532_final_consensus_tape.csv
2023-12-13,,,0,0,0.0,0,0.423402,0,FLAT,0.0,0.0,0.0,0.0,,-0.005346,0.0,0.1898131674739204,0.442634104283822,0,stale_tape,1,0,0.157785,0.115953,0.397992,0.808815,0.606611,part2a21_alpha_positions.csv,part2a21_alpha_eligibility.csv,artifacts_part2_g532/predictions/g532_final_consensus_tape.csv
2023-12-14,,,0,0,0.0,0,0.425209,0,FLAT,0.0,0.0,0.0,0.0,,-0.00069,0.0,0.1906197463427243,0.465328270302338,0,stale_tape,1,0,0.158976,0.122297,0.409919,0.803673,0.602755,part2a21_alpha_positions.csv,part2a21_alpha_eligibility.csv,artifacts_part2_g532/predictions/g532_final_consensus_tape.csv
2023-12-15,,,0,0,0.0,0,0.427611,0,FLAT,0.0,0.0,0.0,0.0,,0.007831,0.0,0.190004823201548,0.4503541115704359,0,stale_tape,1,0,0.153383,0.124974,0.414951,0.804246,0.603185,part2a21_alpha_positions.csv,part2a21_alpha_eligibility.csv,artifacts_part2_g532/predictions/g532_final_consensus_tape.csv
2023-12-18,,,0,0,0.0,0,0.423031,0,FLAT,0.0,0.0,0.0,0.0,,0.004188,0.0,0.1908885685545108,0.4883185162711663,0,stale_tape,1,0,0.161963,0.111748,0.390087,0.809987,0.607491,part2a21_alpha_positions.csv,part2a21_alpha_eligibility.csv,artifacts_part2_g532/predictions/g532_final_consensus_tape.csv
2023-12-19,,,0,0,0.0,0,0.437513,0,FLAT,0.0,0.0,0.0,0.0,,-0.019425,0.0,0.1899523555157549,0.4588877076075546,0,stale_tape,1,0,0.158758,0.108465,0.383913,0.813814,0.61036,part2a21_alpha_positions.csv,part2a21_alpha_eligibility.csv,artifacts_part2_g532/predictions/g532_final_consensus_tape.csv
2023-12-20,,,0,0,0.0,0,0.36746,0,FLAT,0.0,0.0,0.0,0.0,,0.011251,0.0,0.1899576147868567,0.4716235899888236,0,stale_tape,1,0,0.193289,0.156432,0.474092,0.76345,0.572588,part2a21_alpha_positions.csv,part2a21_alpha_eligibility.csv,artifacts_part2_g532/predictions/g532_final_consensus_tape.csv
2023-12-21,,,0,0,0.0,0,0.212946,0,FLAT,0.0,0.0,0.0,0.0,,0.003258,0.0,0.1904147096369451,0.487288426947923,0,stale_tape,1,0,0.228504,0.161356,0.48335,0.744029,0.334813,part2a21_alpha_positions.csv,part2a21_alpha_eligibility.csv,artifacts_part2_g532/predictions/g532_final_consensus_tape.csv
2023-12-22,,,0,0,0.0,0,0.375692,0,FLAT,0.0,0.0,0.0,0.0,,0.0,0.0,0.1895485560679839,0.4463088443613401,0,stale_tape,1,0,0.198022,0.145059,0.452711,0.769577,0.577183,part2a21_alpha_positions.csv,part2a21_alpha_eligibility.csv,artifacts_part2_g532/predictions/g532_final_consensus_tape.csv
2023-12-25,,,0,0,0.0,0,0.379209,0,FLAT,0.0,0.0,0.0,0.0,,0.003526,0.0,0.1895222688054694,0.455151883181237,0,stale_tape,1,0,0.192135,0.141922,0.446813,0.774504,0.580878,part2a21_alpha_positions.csv,part2a21_alpha_eligibility.csv,artifacts_part2_g532/predictions/g532_final_consensus_tape.csv
2023-12-26,,,0,0,0.0,0,0.379131,0,FLAT,0.0,0.0,0.0,0.0,,-0.005934,0.0,0.1891877791178991,0.4418332630186445,0,stale_tape,1,0,0.193816,0.139928,0.443064,0.775195,0.581396,part2a21_alpha_positions.csv,part2a21_alpha_eligibility.csv,artifacts_part2_g532/predictions/g532_final_consensus_tape.csv
2023-12-27,,,0,0,0.0,0,0.396616,0,FLAT,0.0,0.0,0.0,0.0,,0.003981,0.0,0.196363185832554,0.6577668540202192,0,stale_tape,1,0,0.141956,0.112378,0.39127,0.818533,0.6139,part2a21_alpha_positions.csv,part2a21_alpha_eligibility.csv,artifacts_part2_g532/predictions/g532_final_consensus_tape.csv
2023-12-28,,,0,0,0.0,0,0.387187,0,FLAT,0.0,0.0,0.0,0.0,,-0.000188,0.0,0.203302823589872,0.678569060541565,0,stale_tape,1,0,0.175156,0.124144,0.413391,0.795051,0.596288,part2a21_alpha_positions.csv,part2a21_alpha_eligibility.csv,artifacts_part2_g532/predictions/g532_final_consensus_tape.csv
2023-12-29,,,0,0,0.0,0,0.394953,0,FLAT,0.0,0.0,0.0,0.0,,0.0,0.0,0.1999059669290174,0.666170356114025,0,stale_tape,1,0,0.152216,0.116779,0.399545,0.810721,0.608041,part2a21_alpha_positions.csv,part2a21_alpha_eligibility.csv,artifacts_part2_g532/predictions/g532_final_consensus_tape.csv
2024-01-01,,,0,0,0.0,0,0.399253,0,FLAT,0.0,0.0,0.0,0.0,,-0.002666,0.0,0.2027234100800439,0.6916761423949751,0,stale_tape,1,0,0.155466,0.119458,0.404581,0.807314,0.605485,part2a21_alpha_positions.csv,part2a21_alpha_eligibility.csv,artifacts_part2_g532/predictions/g532_final_consensus_tape.csv
2024-01-02,,,0,0,0.0,0,0.223451,0,FLAT,0.0,0.0,0.0,0.0,,-0.009839,0.0,0.2093637220965809,0.6908575957896396,0,stale_tape,1,0,0.202562,0.169251,0.498192,0.749971,0.337487,part2a21_alpha_positions.csv,part2a21_alpha_eligibility.csv,artifacts_part2_g532/predictions/g532_final_consensus_tape.csv
2024-01-03,,,0,0,0.0,0,0.245885,0,FLAT,0.0,0.0,0.0,0.0,,0.002881,0.0,0.2138951341357103,0.733637858584998,0,stale_tape,1,0,0.200774,0.173218,0.505649,0.747896,0.336553,part2a21_alpha_positions.csv,part2a21_alpha_eligibility.csv,artifacts_part2_g532/predictions/g532_final_consensus_tape.csv
2024-01-04,,,0,0,0.0,0,0.258177,0,FLAT,0.0,0.0,0.0,0.0,,0.004945,0.0,0.2144034184786861,0.6891730945425989,0,stale_tape,1,0,0.209901,0.180643,0.519609,0.738398,0.332279,part2a21_alpha_positions.csv,part2a21_alpha_eligibility.csv,artifacts_part2_g532/predictions/g532_final_consensus_tape.csv
2024-01-05,,,0,0,0.0,0,0.260649,0,FLAT,0.0,0.0,0.0,0.0,,0.010851,0.0,0.2057904335372115,0.6234430039020573,0,stale_tape,1,0,0.215571,0.158092,0.477213,0.752218,0.338498,part2a21_alpha_positions.csv,part2a21_alpha_eligibility.csv,artifacts_part2_g532/predictions/g532_final_consensus_tape.csv
2024-01-08,,,0,0,0.0,0,0.426886,0,FLAT,0.0,0.0,0.0,0.0,,-0.002015,0.0,0.2024153758509303,0.6455633995318434,0,stale_tape,1,0,0.184412,0.136306,0.436254,0.782057,0.586543,part2a21_alpha_positions.csv,part2a21_alpha_eligibility.csv,artifacts_part2_g532/predictions/g532_final_consensus_tape.csv
2024-01-09,,,0,0,0.0,0,0.427888,0,FLAT,0.0,0.0,0.0,0.0,,0.008145,0.0,0.2073280239322597,0.6767010036958055,0,stale_tape,1,0,0.173179,0.142187,0.447312,0.782842,0.587131,part2a21_alpha_positions.csv,part2a21_alpha_eligibility.csv,artifacts_part2_g532/predictions/g532_final_consensus_tape.csv
2024-01-10,,,0,0,0.0,0,0.423784,0,FLAT,0.0,0.0,0.0,0.0,,-0.005671,0.0,0.2114920116182559,0.7003079903773971,0,stale_tape,1,0,0.175613,0.148395,0.458982,0.77724,0.58293,part2a21_alpha_positions.csv,part2a21_alpha_eligibility.csv,artifacts_part2_g532/predictions/g532_final_consensus_tape.csv
2024-01-11,,,0,0,0.0,0,0.235135,0,FLAT,0.0,0.0,0.0,0.0,,-0.002249,0.0,0.2088524140543372,0.7119064855396934,0,stale_tape,1,0,0.210717,0.19133,0.5397,0.730272,0.328622,part2a21_alpha_positions.csv,part2a21_alpha_eligibility.csv,artifacts_part2_g532/predictions/g532_final_consensus_tape.csv
2024-01-12,,,0,0,0.0,0,0.231651,0,FLAT,0.0,0.0,0.0,0.0,,0.0,0.0,0.2160088181371293,0.7295129321550876,0,stale_tape,1,1,0.229322,0.191819,0.540619,0.721545,0.324695,part2a21_alpha_positions.csv,part2a21_alpha_eligibility.csv,artifacts_part2_g532/predictions/g532_final_consensus_tape.csv
2024-01-15,,,0,0,0.0,0,0.432407,0,FLAT,0.0,0.0,0.0,0.0,,0.004731,0.0,0.2145442850403568,0.7205168575351942,0,stale_tape,1,0,0.14611,0.124155,0.413412,0.808114,0.606086,part2a21_alpha_positions.csv,part2a21_alpha_eligibility.csv,artifacts_part2_g532/predictions/g532_final_consensus_tape.csv
2024-01-16,,,0,0,0.0,0,0.411306,0,FLAT,0.0,0.0,0.0,0.0,,-0.00233,0.0,0.2202807821346444,0.727718585949671,0,stale_tape,1,0,0.185213,0.152839,0.467338,0.769693,0.57727,part2a21_alpha_positions.csv,part2a21_alpha_eligibility.csv,artifacts_part2_g532/predictions/g532_final_consensus_tape.csv
2024-01-17,,,0,0,0.0,0,0.427047,0,FLAT,0.0,0.0,0.0,0.0,,0.011063,0.0,0.2167209118344163,0.7202015248479666,0,stale_tape,1,0,0.199825,0.157875,0.476805,0.759462,0.569596,part2a21_alpha_positions.csv,part2a21_alpha_eligibility.csv,artifacts_part2_g532/predictions/g532_final_consensus_tape.csv
2024-01-18,,,0,0,0.0,0,0.234997,0,FLAT,0.0,0.0,0.0,0.0,,0.01206,0.0,0.203624604382607,0.6280612696529282,0,stale_tape,1,0,0.259514,0.173387,0.505967,0.72134,0.324603,part2a21_alpha_positions.csv,part2a21_alpha_eligibility.csv,artifacts_part2_g532/predictions/g532_final_consensus_tape.csv
2024-01-19,,,0,0,0.0,0,0.390983,0,FLAT,0.0,0.0,0.0,0.0,,-0.000774,0.0,0.2077932521984665,0.6562354893689851,0,stale_tape,1,0,0.195116,0.18433,0.526541,0.742374,0.55678,part2a21_alpha_positions.csv,part2a21_alpha_eligibility.csv,artifacts_part2_g532/predictions/g532_final_consensus_tape.csv
2024-01-22,,,0,0,0.0,0,0.418064,0,FLAT,0.0,0.0,0.0,0.0,,0.00549,0.0,0.2099609577477856,0.6889556609486552,0,stale_tape,1,0,0.190111,0.137664,0.438808,0.778506,0.58388,part2a21_alpha_positions.csv,part2a21_alpha_eligibility.csv,artifacts_part2_g532/predictions/g532_final_consensus_tape.csv
2024-01-23,,,0,0,0.0,0,0.425088,0,FLAT,0.0,0.0,0.0,0.0,,0.003676,0.0,0.2044936185975188,0.6420231536286501,0,stale_tape,1,0,0.178216,0.133264,0.430536,0.787053,0.59029,part2a21_alpha_positions.csv,part2a21_alpha_eligibility.csv,artifacts_part2_g532/predictions/g532_final_consensus_tape.csv
2024-01-24,,,0,0,0.0,0,0.237734,0,FLAT,0.0,0.0,0.0,0.0,,0.001293,0.0,0.1909140537145002,0.3285942490092288,0,stale_tape,1,0,0.237098,0.182199,0.522535,0.725029,0.326263,part2a21_alpha_positions.csv,part2a21_alpha_eligibility.csv,artifacts_part2_g532/predictions/g532_final_consensus_tape.csv
2024-01-25,,,0,0,0.0,0,0.253109,0,FLAT,0.0,0.0,0.0,0.0,,0.001186,0.0,0.1923301086090667,0.4241347118853009,0,stale_tape,1,0,0.224639,0.160863,0.482423,0.746126,0.335757,part2a21_alpha_positions.csv,part2a21_alpha_eligibility.csv,artifacts_part2_g532/predictions/g532_final_consensus_tape.csv
2024-01-26,,,0,0,0.0,0,0.256845,0,FLAT,0.0,0.0,0.0,0.0,,0.001262,0.0,0.1915887044588817,0.3670088301898904,0,stale_tape,1,0,0.229557,0.157923,0.476895,0.746047,0.335721,part2a21_alpha_positions.csv,part2a21_alpha_eligibility.csv,artifacts_part2_g532/predictions/g532_final_consensus_tape.csv
2024-01-29,,,0,0,0.0,0,0.259059,0,FLAT,0.0,0.0,0.0,0.0,,-0.002069,0.0,0.1922831087567299,0.4117658338931458,0,stale_tape,1,0,0.225112,0.156345,0.473929,0.749193,0.337137,part2a21_alpha_positions.csv,part2a21_alpha_eligibility.csv,artifacts_part2_g532/predictions/g532_final_consensus_tape.csv
2024-01-30,,,0,0,0.0,0,0.253445,0,FLAT,0.0,0.0,0.0,0.0,,-0.024753,0.0,0.1912086787676951,0.3232034294928712,0,stale_tape,1,0,0.22652,0.161949,0.484465,0.744491,0.335021,part2a21_alpha_positions.csv,part2a21_alpha_eligibility.csv,artifacts_part2_g532/predictions/g532_final_consensus_tape.csv
2024-01-31,,,0,0,0.0,0,0.196627,0,FLAT,0.0,0.0,0.0,0.0,,0.006898,0.0,0.1924470009731322,0.4242707981023096,0,stale_tape,1,0,0.247516,0.184765,0.527358,0.718479,0.323315,part2a21_alpha_positions.csv,part2a21_alpha_eligibility.csv,artifacts_part2_g532/predictions/g532_final_consensus_tape.csv
2024-02-01,,,0,0,0.0,0,0.204736,0,FLAT,0.0,0.0,0.0,0.0,,0.023321,0.0,0.192045366465781,0.385570164785859,0,stale_tape,1,0,0.228201,0.171362,0.502161,0.736901,0.331605,part2a21_alpha_positions.csv,part2a21_alpha_eligibility.csv,artifacts_part2_g532/predictions/g532_final_consensus_tape.csv
2024-02-02,,,0,0,0.0,0,0.184454,0,FLAT,0.0,0.0,0.0,0.0,,0.006119,0.0,0.1902988334950038,0.2740898701273304,0,stale_tape,1,0,0.254462,0.185834,0.529367,0.714577,0.32156,part2a21_alpha_positions.csv,part2a21_alpha_eligibility.csv,artifacts_part2_g532/predictions/g532_final_consensus_tape.csv
2024-02-05,,,0,0,0.0,0,0.182583,0,FLAT,0.0,0.0,0.0,0.0,,-0.002264,0.0,0.1916354041255734,0.3629550277603116,0,stale_tape,1,0,0.252902,0.194987,0.546575,0.708634,0.318885,part2a21_alpha_positions.csv,part2a21_alpha_eligibility.csv,artifacts_part2_g532/predictions/g532_final_consensus_tape.csv
2024-02-06,,,0,0,0.0,0,0.193491,0,FLAT,0.0,0.0,0.0,0.0,,0.00997,0.0,0.191482167749232,0.3506709591129513,0,stale_tape,1,0,0.207089,0.164407,0.489085,0.75145,0.338153,part2a21_alpha_positions.csv,part2a21_alpha_eligibility.csv,artifacts_part2_g532/predictions/g532_final_consensus_tape.csv
2024-02-07,,,0,0,0.0,0,0.325267,0,FLAT,0.0,0.0,0.0,0.0,,0.003947,0.0,0.1906676949681553,0.312612108098283,0,stale_tape,1,0,0.177319,0.162712,0.485898,0.766078,0.574558,part2a21_alpha_positions.csv,part2a21_alpha_eligibility.csv,artifacts_part2_g532/predictions/g532_final_consensus_tape.csv
2024-02-08,,,0,0,0.0,0,0.325798,0,FLAT,0.0,0.0,0.0,0.0,,0.007458,0.0,0.1905404957819209,0.3140894892592302,0,stale_tape,1,0,0.183076,0.157058,0.475268,0.767592,0.575694,part2a21_alpha_positions.csv,part2a21_alpha_eligibility.csv,artifacts_part2_g532/predictions/g532_final_consensus_tape.csv
2024-02-09,,,0,0,0.0,0,0.319993,0,FLAT,0.0,0.0,0.0,0.0,,-0.001408,0.0,0.1921536642741164,0.4278483367785508,0,stale_tape,1,0,0.187994,0.169317,0.498316,0.756479,0.567359,part2a21_alpha_positions.csv,part2a21_alpha_eligibility.csv,artifacts_part2_g532/predictions/g532_final_consensus_tape.csv
2024-02-12,,,0,0,0.0,0,0.183482,0,FLAT,0.0,0.0,0.0,0.0,,-0.003138,0.0,0.1914686595178372,0.3457029710080343,0,stale_tape,1,0,0.238578,0.181632,0.521467,0.724775,0.326149,part2a21_alpha_positions.csv,part2a21_alpha_eligibility.csv,artifacts_part2_g532/predictions/g532_final_consensus_tape.csv
2024-02-13,,,0,0,0.0,0,0.174488,0,FLAT,0.0,0.0,0.0,0.0,,0.005736,0.0,0.1903163788210295,0.3022900493659188,0,stale_tape,1,1,0.260179,0.218359,0.579942,0.690506,0.310728,part2a21_alpha_positions.csv,part2a21_alpha_eligibility.csv,artifacts_part2_g532/predictions/g532_final_consensus_tape.csv
2024-02-14,,,0,0,0.0,0,0.211083,0,FLAT,0.0,0.0,0.0,0.0,,0.003976,0.0,0.1914952372006326,0.3497442182129954,0,stale_tape,1,1,0.272153,0.198616,0.553398,0.697336,0.313801,part2a21_alpha_positions.csv,part2a21_alpha_eligibility.csv,artifacts_part2_g532/predictions/g532_final_consensus_tape.csv
2024-02-15,,,0,0,0.0,0,0.220465,0,FLAT,0.0,0.0,0.0,0.0,,-0.000764,0.0,0.1921434183526414,0.3974465559827382,0,stale_tape,1,0,0.230202,0.181782,0.52175,0.728436,0.327796,part2a21_alpha_positions.csv,part2a21_alpha_eligibility.csv,artifacts_part2_g532/predictions/g532_final_consensus_tape.csv
2024-02-16,,,0,0,0.0,0,0.24139,0,FLAT,0.0,0.0,0.0,0.0,,0.0,0.0,0.191745051906408,0.363603651964818,0,stale_tape,1,1,0.272224,0.206648,0.568498,0.691473,0.311163,part2a21_alpha_positions.csv,part2a21_alpha_eligibility.csv,artifacts_part2_g532/predictions/g532_final_consensus_tape.csv
2024-02-19,,,0,0,0.0,0,0.255818,0,FLAT,0.0,0.0,0.0,0.0,,-0.007211,0.0,0.1915882835771492,0.3619393541874009,0,stale_tape,1,0,0.223074,0.183194,0.524404,0.730618,0.328778,part2a21_alpha_positions.csv,part2a21_alpha_eligibility.csv,artifacts_part2_g532/predictions/g532_final_consensus_tape.csv
2024-02-20,,,0,0,0.0,0,0.238493,0,FLAT,0.0,0.0,0.0,0.0,,0.004207,0.0,0.1906021729565514,0.302250990959225,0,stale_tape,1,0,0.243088,0.203205,0.562025,0.707084,0.318188,part2a21_alpha_positions.csv,part2a21_alpha_eligibility.csv,artifacts_part2_g532/predictions/g532_final_consensus_tape.csv
2024-02-21,,,0,0,0.0,0,0.259504,0,FLAT,0.0,0.0,0.0,0.0,,0.020684,0.0,0.1810104157504711,0.3199108938855718,0,stale_tape,1,1,0.154374,0.208756,0.572462,0.742975,0.334339,part2a21_alpha_positions.csv,part2a21_alpha_eligibility.csv,artifacts_part2_g532/predictions/g532_final_consensus_tape.csv
2024-02-22,,,0,0,0.0,0,0.381582,0,FLAT,0.0,0.0,0.0,0.0,,-0.004133,0.0,0.1788943451905817,0.2876641339325956,0,stale_tape,1,0,0.151592,0.192559,0.542011,0.755986,0.566989,part2a21_alpha_positions.csv,part2a21_alpha_eligibility.csv,artifacts_part2_g532/predictions/g532_final_consensus_tape.csv
2024-02-23,,,0,0,0.0,0,0.381545,0,FLAT,0.0,0.0,0.0,0.0,,-0.00218,0.0,0.1804566413991777,0.3113060516999197,0,stale_tape,1,0,0.155087,0.185199,0.528174,0.759757,0.569817,part2a21_alpha_positions.csv,part2a21_alpha_eligibility.csv,artifacts_part2_g532/predictions/g532_final_consensus_tape.csv
2024-02-26,,,0,0,0.0,0,0.380859,0,FLAT,0.0,0.0,0.0,0.0,,0.004086,0.0,0.1793926991321677,0.2958345874480148,0,stale_tape,1,0,0.14963,0.188727,0.534806,0.759651,0.569738,part2a21_alpha_positions.csv,part2a21_alpha_eligibility.csv,artifacts_part2_g532/predictions/g532_final_consensus_tape.csv
2024-02-27,,,0,0,0.0,0,0.386571,0,FLAT,0.0,0.0,0.0,0.0,,-0.005169,0.0,0.1822260807393478,0.3301932519402087,0,stale_tape,1,0,0.144807,0.18354,0.525056,0.765587,0.57419,part2a21_alpha_positions.csv,part2a21_alpha_eligibility.csv,artifacts_part2_g532/predictions/g532_final_consensus_tape.csv
2024-02-28,,,0,0,0.0,0,0.37693,0,FLAT,0.0,0.0,0.0,0.0,,0.001672,0.0,0.1825801506138442,0.3391891223297127,0,stale_tape,1,0,0.151971,0.194353,0.545383,0.754513,0.565885,part2a21_alpha_positions.csv,part2a21_alpha_eligibility.csv,artifacts_part2_g532/predictions/g532_final_consensus_tape.csv
2024-02-29,,,0,0,0.0,0,0.38857,0,FLAT,0.0,0.0,0.0,0.0,,0.005036,0.0,0.1816335132917846,0.3202197846347992,0,stale_tape,1,0,0.137162,0.173784,0.506714,0.77611,0.582082,part2a21_alpha_positions.csv,part2a21_alpha_eligibility.csv,artifacts_part2_g532/predictions/g532_final_consensus_tape.csv
2024-03-01,,,0,0,0.0,0,0.393313,0,FLAT,0.0,0.0,0.0,0.0,,0.001039,0.0,0.1865794203975867,0.3948449077606062,0,stale_tape,1,0,0.127898,0.163747,0.487845,0.787565,0.590674,part2a21_alpha_positions.csv,part2a21_alpha_eligibility.csv,artifacts_part2_g532/predictions/g532_final_consensus_tape.csv
2024-03-04,,,0,0,0.0,0,0.382054,0,FLAT,0.0,0.0,0.0,0.0,,-0.016213,0.0,0.1820822575857568,0.3275906391116183,0,stale_tape,1,0,0.150796,0.18141,0.521051,0.764438,0.573329,part2a21_alpha_positions.csv,part2a21_alpha_eligibility.csv,artifacts_part2_g532/predictions/g532_final_consensus_tape.csv
2024-03-05,,,0,0,0.0,0,0.211683,0,FLAT,0.0,0.0,0.0,0.0,,0.002861,0.0,0.189462215671655,0.446004383434722,0,stale_tape,1,0,0.15334,0.198216,0.552646,0.751092,0.337992,part2a21_alpha_positions.csv,part2a21_alpha_eligibility.csv,artifacts_part2_g532/predictions/g532_final_consensus_tape.csv
2024-03-06,,,0,0,0.0,0,0.20947,0,FLAT,0.0,0.0,0.0,0.0,,0.00817,0.0,0.1866488314389815,0.4022386065340989,0,stale_tape,1,1,0.154283,0.210197,0.57517,0.74197,0.333886,part2a21_alpha_positions.csv,part2a21_alpha_eligibility.csv,artifacts_part2_g532/predictions/g532_final_consensus_tape.csv
2024-03-07,,,0,0,0.0,0,0.235,0,FLAT,0.0,0.0,0.0,0.0,,-0.006818,0.0,0.1827393921005827,0.3359283433755946,0,stale_tape,1,0,0.150609,0.199457,0.554979,0.75142,0.338139,part2a21_alpha_positions.csv,part2a21_alpha_eligibility.csv,artifacts_part2_g532/predictions/g532_final_consensus_tape.csv
2024-03-08,,,0,0,0.0,0,0.229183,0,FLAT,0.0,0.0,0.0,0.0,,0.000431,0.0,0.1888444521553036,0.4392169816677008,0,stale_tape,1,1,0.154371,0.215104,0.578738,0.739499,0.332774,part2a21_alpha_positions.csv,part2a21_alpha_eligibility.csv,artifacts_part2_g532/predictions/g532_final_consensus_tape.csv
2024-03-11,,,0,0,0.0,0,0.227344,0,FLAT,0.0,0.0,0.0,0.0,,0.014754,0.0,0.1821097052307803,0.3305154538509583,0,stale_tape,1,1,0.158404,0.225608,0.582615,0.733233,0.329955,part2a21_alpha_positions.csv,part2a21_alpha_eligibility.csv,artifacts_part2_g532/predictions/g532_final_consensus_tape.csv
2024-03-12,,,0,0,0.0,0,0.376455,0,FLAT,0.0,0.0,0.0,0.0,,0.000703,0.0,0.188919619362257,0.4394996104697919,0,stale_tape,1,0,0.138882,0.175902,0.510696,0.773798,0.580349,part2a21_alpha_positions.csv,part2a21_alpha_eligibility.csv,artifacts_part2_g532/predictions/g532_final_consensus_tape.csv
2024-03-13,,,0,0,0.0,0,0.38202,0,FLAT,0.0,0.0,0.0,0.0,,0.005239,0.0,0.1862860571468427,0.3997605760238154,0,stale_tape,1,0,0.136248,0.172501,0.504302,0.777453,0.583089,part2a21_alpha_positions.csv,part2a21_alpha_eligibility.csv,artifacts_part2_g532/predictions/g532_final_consensus_tape.csv
2024-03-14,,,0,0,0.0,0,0.378313,0,FLAT,0.0,0.0,0.0,0.0,,-0.005205,0.0,0.1818198857836691,0.3318069012741724,0,stale_tape,1,0,0.144679,0.173235,0.505683,0.773125,0.579844,part2a21_alpha_positions.csv,part2a21_alpha_eligibility.csv,artifacts_part2_g532/predictions/g532_final_consensus_tape.csv
2024-03-15,,,0,0,0.0,0,0.374855,0,FLAT,0.0,0.0,0.0,0.0,,0.007411,0.0,0.1802072632902213,0.3068134524257516,0,stale_tape,1,0,0.142117,0.178134,0.514892,0.770722,0.578042,part2a21_alpha_positions.csv,part2a21_alpha_eligibility.csv,artifacts_part2_g532/predictions/g532_final_consensus_tape.csv
2024-03-18,,,0,0,0.0,0,0.371814,0,FLAT,0.0,0.0,0.0,0.0,,0.002705,0.0,0.1851275936575665,0.3798135522757788,0,stale_tape,1,0,0.13907,0.176568,0.511948,0.77323,0.579923,part2a21_alpha_positions.csv,part2a21_alpha_eligibility.csv,artifacts_part2_g532/predictions/g532_final_consensus_tape.csv
2024-03-19,,,0,0,0.0,0,0.4135,0,FLAT,0.0,0.0,0.0,0.0,,0.006346,0.0,0.1862415318134621,0.3964806236484604,0,stale_tape,1,0,0.144106,0.171979,0.50332,0.774296,0.580722,part2a21_alpha_positions.csv,part2a21_alpha_eligibility.csv,artifacts_part2_g532/predictions/g532_final_consensus_tape.csv
2024-03-20,,,0,0,0.0,0,0.427075,0,FLAT,0.0,0.0,0.0,0.0,,0.003223,0.0,0.1917748719560066,0.3057877514793004,0,stale_tape,1,0,0.08494,0.169418,0.498505,0.80278,0.602085,part2a21_alpha_positions.csv,part2a21_alpha_eligibility.csv,artifacts_part2_g532/predictions/g532_final_consensus_tape.csv
2024-03-21,,,0,0,0.0,0,0.428251,0,FLAT,0.0,0.0,0.0,0.0,,-0.006187,0.0,0.1898911497022398,0.3640804090276979,0,stale_tape,1,0,0.090542,0.174024,0.507165,0.796915,0.597686,part2a21_alpha_positions.csv,part2a21_alpha_eligibility.csv,artifacts_part2_g532/predictions/g532_final_consensus_tape.csv
2024-03-22,,,0,0,0.0,0,0.435249,0,FLAT,0.0,0.0,0.0,0.0,,5.8e-05,0.0,0.1929147905945958,0.2765023386769071,0,stale_tape,1,0,0.088576,0.162726,0.485925,0.806002,0.604501,part2a21_alpha_positions.csv,part2a21_alpha_eligibility.csv,artifacts_part2_g532/predictions/g532_final_consensus_tape.csv
2024-03-25,,,0,0,0.0,0,0.437775,0,FLAT,0.0,0.0,0.0,0.0,,-0.004292,0.0,0.1909944241783657,0.3284525091408357,0,stale_tape,1,0,0.091739,0.153396,0.468384,0.811352,0.608514,part2a21_alpha_positions.csv,part2a21_alpha_eligibility.csv,artifacts_part2_g532/predictions/g532_final_consensus_tape.csv
2024-03-26,,,0,0,0.0,0,0.458915,0,FLAT,0.0,0.0,0.0,0.0,,0.004884,0.0,0.193079752365597,0.269549282539988,0,stale_tape,1,0,0.088925,0.168534,0.496844,0.801628,0.601221,part2a21_alpha_positions.csv,part2a21_alpha_eligibility.csv,artifacts_part2_g532/predictions/g532_final_consensus_tape.csv
2024-03-27,,,0,0,0.0,0,0.454988,0,FLAT,0.0,0.0,0.0,0.0,,0.000826,0.0,0.1935748141666073,0.2571727748824822,0,stale_tape,1,0,0.099479,0.163563,0.487498,0.800488,0.600366,part2a21_alpha_positions.csv,part2a21_alpha_eligibility.csv,artifacts_part2_g532/predictions/g532_final_consensus_tape.csv
2024-03-28,,,0,0,0.0,0,0.460911,0,FLAT,0.0,0.0,0.0,0.0,,0.0,0.0,0.193968901832076,0.24381015870448,0,stale_tape,1,0,0.083769,0.168736,0.497223,0.803802,0.602852,part2a21_alpha_positions.csv,part2a21_alpha_eligibility.csv,artifacts_part2_g532/predictions/g532_final_consensus_tape.csv
2024-03-29,,,0,0,0.0,0,0.473294,0,FLAT,0.0,0.0,0.0,0.0,,0.007778,0.0,0.1940553759389762,0.2434150345731629,0,stale_tape,1,0,0.083722,0.165613,0.491352,0.80609,0.604568,part2a21_alpha_positions.csv,part2a21_alpha_eligibility.csv,artifacts_part2_g532/predictions/g532_final_consensus_tape.csv
2024-04-01,,,0,0,0.0,0,0.466954,0,FLAT,0.0,0.0,0.0,0.0,,-0.004421,0.0,0.1913841035502375,0.3130011117762531,0,stale_tape,1,0,0.093647,0.171267,0.501982,0.797519,0.598139,part2a21_alpha_positions.csv,part2a21_alpha_eligibility.csv,artifacts_part2_g532/predictions/g532_final_consensus_tape.csv
2024-04-02,,,0,0,0.0,0,0.450702,0,FLAT,0.0,0.0,0.0,0.0,,-0.000277,0.0,0.1946720312546041,0.229503241741986,0,stale_tape,1,0,0.097163,0.188901,0.535135,0.783134,0.587351,part2a21_alpha_positions.csv,part2a21_alpha_eligibility.csv,artifacts_part2_g532/predictions/g532_final_consensus_tape.csv
2024-04-03,,,0,0,0.0,0,0.471764,0,FLAT,0.0,0.0,0.0,0.0,,-0.015813,0.0,0.1928751473317224,0.2712890332154145,0,stale_tape,1,0,0.091034,0.164827,0.489874,0.803371,0.602528,part2a21_alpha_positions.csv,part2a21_alpha_eligibility.csv,artifacts_part2_g532/predictions/g532_final_consensus_tape.csv
2024-04-04,,,0,0,0.0,0,0.245998,0,FLAT,0.0,0.0,0.0,0.0,,0.017204,0.0,0.1946321142926354,0.2340288159357996,0,stale_tape,1,1,0.097704,0.203209,0.562033,0.772504,0.347627,part2a21_alpha_positions.csv,part2a21_alpha_eligibility.csv,artifacts_part2_g532/predictions/g532_final_consensus_tape.csv
2024-04-05,,,0,0,0.0,0,0.226434,0,FLAT,0.0,0.0,0.0,0.0,,0.002656,0.0,0.1944379585853722,0.2388788266127339,0,stale_tape,1,0,0.094274,0.197823,0.551908,0.777957,0.350081,part2a21_alpha_positions.csv,part2a21_alpha_eligibility.csv,artifacts_part2_g532/predictions/g532_final_consensus_tape.csv
2024-04-08,,,0,0,0.0,0,0.378004,0,FLAT,0.0,0.0,0.0,0.0,,-0.002737,0.0,0.1900331492518493,0.3558900105349096,0,stale_tape,1,0,0.095946,0.19411,0.544926,0.779901,0.584926,part2a21_alpha_positions.csv,part2a21_alpha_eligibility.csv,artifacts_part2_g532/predictions/g532_final_consensus_tape.csv
2024-04-09,,,0,0,0.0,0,0.376345,0,FLAT,0.0,0.0,0.0,0.0,,0.003652,0.0,0.1934029670753684,0.2555457426743902,0,stale_tape,1,1,0.10642,0.196266,0.54898,0.773622,0.580217,part2a21_alpha_positions.csv,part2a21_alpha_eligibility.csv,artifacts_part2_g532/predictions/g532_final_consensus_tape.csv
2024-04-10,,,0,0,0.0,0,0.381502,0,FLAT,0.0,0.0,0.0,0.0,,0.008602,0.0,0.1923066672822329,0.2876327605521916,0,stale_tape,1,0,0.097161,0.189781,0.536788,0.782497,0.586873,part2a21_alpha_positions.csv,part2a21_alpha_eligibility.csv,artifacts_part2_g532/predictions/g532_final_consensus_tape.csv
2024-04-11,,,0,0,0.0,0,0.376506,0,FLAT,0.0,0.0,0.0,0.0,,-0.017851,0.0,0.1922393887860931,0.290406201428493,0,stale_tape,1,0,0.10175,0.185971,0.529625,0.783198,0.587398,part2a21_alpha_positions.csv,part2a21_alpha_eligibility.csv,artifacts_part2_g532/predictions/g532_final_consensus_tape.csv
2024-04-12,,,0,0,0.0,0,0.34666,0,FLAT,0.0,0.0,0.0,0.0,,-0.006362,0.0,0.188526278413511,0.4064062070868474,0,stale_tape,1,0,0.103624,0.190999,0.539078,0.778704,0.584028,part2a21_alpha_positions.csv,part2a21_alpha_eligibility.csv,artifacts_part2_g532/predictions/g532_final_consensus_tape.csv
2024-04-15,,,0,0,0.0,0,0.21476,0,FLAT,0.0,0.0,0.0,0.0,,0.002141,0.0,0.1892867429553925,0.3809995052363931,0,stale_tape,1,1,0.05026,0.198634,0.553431,0.797175,0.358729,part2a21_alpha_positions.csv,part2a21_alpha_eligibility.csv,artifacts_part2_g532/predictions/g532_final_consensus_tape.csv
2024-04-16,,,0,0,0.0,0,0.350434,0,FLAT,0.0,0.0,0.0,0.0,,-0.012375,0.0,0.1913981521342833,0.3095862376236327,0,stale_tape,1,0,0.097728,0.192029,0.541015,0.780609,0.585457,part2a21_alpha_positions.csv,part2a21_alpha_eligibility.csv,artifacts_part2_g532/predictions/g532_final_consensus_tape.csv
2024-04-17,,,0,0,0.0,0,0.192516,0,FLAT,0.0,0.0,0.0,0.0,,0.001201,0.0,0.1951946333986484,0.6095577594959266,0,stale_tape,1,1,0.187798,0.204511,0.564481,0.731016,0.328957,part2a21_alpha_positions.csv,part2a21_alpha_eligibility.csv,artifacts_part2_g532/predictions/g532_final_consensus_tape.csv
2024-04-18,,,0,0,0.0,0,0.340001,0,FLAT,0.0,0.0,0.0,0.0,,-0.009711,0.0,0.19522502450179,0.5800988731293588,0,stale_tape,1,0,0.183696,0.189814,0.536851,0.743532,0.557649,part2a21_alpha_positions.csv,part2a21_alpha_eligibility.csv,artifacts_part2_g532/predictions/g532_final_consensus_tape.csv
2024-04-19,,,0,0,0.0,0,0.217972,0,FLAT,0.0,0.0,0.0,0.0,,0.008533,0.0,0.195052957599127,0.7374611459206587,0,stale_tape,1,0,0.172986,0.201852,0.559483,0.739612,0.332825,part2a21_alpha_positions.csv,part2a21_alpha_eligibility.csv,artifacts_part2_g532/predictions/g532_final_consensus_tape.csv
2024-04-22,,,0,0,0.0,0,0.359108,0,FLAT,0.0,0.0,0.0,0.0,,0.011227,0.0,0.1951426522742043,0.6671782295498806,0,stale_tape,1,0,0.164949,0.191958,0.540881,0.750411,0.562809,part2a21_alpha_positions.csv,part2a21_alpha_eligibility.csv,artifacts_part2_g532/predictions/g532_final_consensus_tape.csv
2024-04-23,,,0,0,0.0,0,0.347208,0,FLAT,0.0,0.0,0.0,0.0,,0.002321,0.0,0.1950464425396481,0.745923795862867,0,stale_tape,1,0,0.162198,0.187689,0.532855,0.754749,0.566062,part2a21_alpha_positions.csv,part2a21_alpha_eligibility.csv,artifacts_part2_g532/predictions/g532_final_consensus_tape.csv
2024-04-24,,,0,0,0.0,0,0.345358,0,FLAT,0.0,0.0,0.0,0.0,,-0.000313,0.0,0.1951465791675113,0.6638235886264958,0,stale_tape,1,0,0.176072,0.187127,0.531799,0.748913,0.561685,part2a21_alpha_positions.csv,part2a21_alpha_eligibility.csv,artifacts_part2_g532/predictions/g532_final_consensus_tape.csv
2024-04-25,,,0,0,0.0,0,0.353691,0,FLAT,0.0,0.0,0.0,0.0,,0.007223,0.0,0.1951080196765316,0.6928243976221274,0,stale_tape,1,0,0.168158,0.191996,0.540953,0.74894,0.561705,part2a21_alpha_positions.csv,part2a21_alpha_eligibility.csv,artifacts_part2_g532/predictions/g532_final_consensus_tape.csv
2024-04-26,,,0,0,0.0,0,0.384367,0,FLAT,0.0,0.0,0.0,0.0,,-0.000553,0.0,0.1951323773170327,0.6746195259664045,0,stale_tape,1,0,0.16212,0.171354,0.502146,0.766643,0.574982,part2a21_alpha_positions.csv,part2a21_alpha_eligibility.csv,artifacts_part2_g532/predictions/g532_final_consensus_tape.csv
2024-04-29,,,0,0,0.0,0,0.385343,0,FLAT,0.0,0.0,0.0,0.0,,-0.011239,0.0,0.1950729783595319,0.7280294299978586,0,stale_tape,1,0,0.169772,0.179641,0.517724,0.757184,0.567888,part2a21_alpha_positions.csv,part2a21_alpha_eligibility.csv,artifacts_part2_g532/predictions/g532_final_consensus_tape.csv
2024-04-30,,,0,0,0.0,0,0.370091,0,FLAT,0.0,0.0,0.0,0.0,,-0.007209,0.0,0.1951346912262315,0.666735339879311,0,stale_tape,1,0,0.166776,0.183468,0.52492,0.755753,0.566815,part2a21_alpha_positions.csv,part2a21_alpha_eligibility.csv,artifacts_part2_g532/predictions/g532_final_consensus_tape.csv
2024-05-01,,,0,0,0.0,0,0.382294,0,FLAT,0.0,0.0,0.0,0.0,,0.004597,0.0,0.1951318213636233,0.6723711323200163,0,stale_tape,1,0,0.167203,0.179758,0.517945,0.758254,0.568691,part2a21_alpha_positions.csv,part2a21_alpha_eligibility.csv,artifacts_part2_g532/predictions/g532_final_consensus_tape.csv
2024-05-02,,,0,0,0.0,0,0.382607,0,FLAT,0.0,0.0,0.0,0.0,,0.0068,0.0,0.195091124798745,0.7157871066269825,0,stale_tape,1,0,0.164848,0.174748,0.508526,0.762951,0.572214,part2a21_alpha_positions.csv,part2a21_alpha_eligibility.csv,artifacts_part2_g532/predictions/g532_final_consensus_tape.csv
2024-05-03,,,0,0,0.0,0,0.404897,0,FLAT,0.0,0.0,0.0,0.0,,0.00917,0.0,0.1951955708163066,0.6223807597510939,0,stale_tape,1,0,0.149898,0.154924,0.471257,0.784071,0.588054,part2a21_alpha_positions.csv,part2a21_alpha_eligibility.csv,artifacts_part2_g532/predictions/g532_final_consensus_tape.csv
2024-05-06,,,0,0,0.0,0,0.403484,0,FLAT,0.0,0.0,0.0,0.0,,-0.001159,0.0,0.1952041484616488,0.6152403349904921,0,stale_tape,1,0,0.14646,0.157713,0.4765,0.783594,0.587695,part2a21_alpha_positions.csv,part2a21_alpha_eligibility.csv,artifacts_part2_g532/predictions/g532_final_consensus_tape.csv
2024-05-07,,,0,0,0.0,0,0.416882,0,FLAT,0.0,0.0,0.0,0.0,,0.002849,0.0,0.1951983863634151,0.6194111103598522,0,stale_tape,1,0,0.149337,0.153835,0.46921,0.785114,0.588836,part2a21_alpha_positions.csv,part2a21_alpha_eligibility.csv,artifacts_part2_g532/predictions/g532_final_consensus_tape.csv
2024-05-08,,,0,0,0.0,0,0.416106,0,FLAT,0.0,0.0,0.0,0.0,,0.002704,0.0,0.1951463064835052,0.6702656363435332,0,stale_tape,1,0,0.150479,0.154441,0.47035,0.78416,0.58812,part2a21_alpha_positions.csv,part2a21_alpha_eligibility.csv,artifacts_part2_g532/predictions/g532_final_consensus_tape.csv
2024-05-09,,,0,0,0.0,0,0.414866,0,FLAT,0.0,0.0,0.0,0.0,,0.004471,0.0,0.1951061952311784,0.7077952481833277,0,stale_tape,1,0,0.14295,0.162257,0.485043,0.781874,0.586405,part2a21_alpha_positions.csv,part2a21_alpha_eligibility.csv,artifacts_part2_g532/predictions/g532_final_consensus_tape.csv
2024-05-10,,,0,0,0.0,0,0.420928,0,FLAT,0.0,0.0,0.0,0.0,,-0.001126,0.0,0.1950885851785435,0.725076015701967,0,stale_tape,1,0,0.14584,0.155671,0.472661,0.785355,0.589016,part2a21_alpha_positions.csv,part2a21_alpha_eligibility.csv,artifacts_part2_g532/predictions/g532_final_consensus_tape.csv
2024-05-13,,,0,0,0.0,0,0.402578,0,FLAT,0.0,0.0,0.0,0.0,,0.001819,0.0,0.1950624072939846,0.7350602121736894,0,stale_tape,1,0,0.176663,0.182847,0.523752,0.751755,0.563816,part2a21_alpha_positions.csv,part2a21_alpha_eligibility.csv,artifacts_part2_g532/predictions/g532_final_consensus_tape.csv
2024-05-14,,,0,0,0.0,0,0.439509,0,FLAT,0.0,0.0,0.0,0.0,,0.0046,0.0,0.194968431323481,0.804017509886299,0,stale_tape,1,0,0.175611,0.174909,0.508829,0.757991,0.568493,part2a21_alpha_positions.csv,part2a21_alpha_eligibility.csv,artifacts_part2_g532/predictions/g532_final_consensus_tape.csv
2024-05-15,,,0,0,0.0,0,0.484459,0,FLAT,0.0,0.0,0.0,0.0,,1.4e-05,0.0,0.2002755184286647,0.6317650898678301,0,stale_tape,1,0,0.183692,0.142255,0.447439,0.778061,0.583546,part2a21_alpha_positions.csv,part2a21_alpha_eligibility.csv,artifacts_part2_g532/predictions/g532_final_consensus_tape.csv
2024-05-16,,,0,0,0.0,0,0.47367,0,FLAT,0.0,0.0,0.0,0.0,,0.00459,0.0,0.1932562843770555,0.5102416965930712,0,stale_tape,1,0,0.194931,0.151145,0.464152,0.76655,0.574912,part2a21_alpha_positions.csv,part2a21_alpha_eligibility.csv,artifacts_part2_g532/predictions/g532_final_consensus_tape.csv
2024-05-17,,,0,0,0.0,0,0.483904,0,FLAT,0.0,0.0,0.0,0.0,,0.00249,0.0,0.1945223314931266,0.5328651987116744,0,stale_tape,1,0,0.192289,0.141833,0.446647,0.774499,0.580874,part2a21_alpha_positions.csv,part2a21_alpha_eligibility.csv,artifacts_part2_g532/predictions/g532_final_consensus_tape.csv
2024-05-20,,,0,0,0.0,0,0.301404,0,FLAT,0.0,0.0,0.0,0.0,,0.000108,0.0,0.1980283122725802,0.593554395535762,0,stale_tape,1,0,0.205039,0.147752,0.457773,0.764465,0.344009,part2a21_alpha_positions.csv,part2a21_alpha_eligibility.csv,artifacts_part2_g532/predictions/g532_final_consensus_tape.csv
2024-05-21,,,0,0,0.0,0,0.518366,0,FLAT,0.0,0.0,0.0,0.0,,-0.001623,0.0,0.1915072005247213,0.4831378928665806,0,stale_tape,1,0,0.172912,0.144875,0.452365,0.78101,0.585758,part2a21_alpha_positions.csv,part2a21_alpha_eligibility.csv,artifacts_part2_g532/predictions/g532_final_consensus_tape.csv
2024-05-22,,,0,0,0.0,0,0.501499,0,FLAT,0.0,0.0,0.0,0.0,,-0.003909,0.0,0.1903324832846259,0.4640505472220364,0,stale_tape,1,0,0.188622,0.151502,0.464825,0.769129,0.576847,part2a21_alpha_positions.csv,part2a21_alpha_eligibility.csv,artifacts_part2_g532/predictions/g532_final_consensus_tape.csv
2024-05-23,,,0,0,0.0,0,0.284782,0,FLAT,0.0,0.0,0.0,0.0,,0.005489,0.0,0.2000180268522187,0.6307981470877204,0,stale_tape,1,0,0.202777,0.167654,0.49519,0.751033,0.337965,part2a21_alpha_positions.csv,part2a21_alpha_eligibility.csv,artifacts_part2_g532/predictions/g532_final_consensus_tape.csv
2024-05-24,,,0,0,0.0,0,0.288637,0,FLAT,0.0,0.0,0.0,0.0,,0.0,0.0,0.1938282149858209,0.5220851223515663,0,stale_tape,1,0,0.201675,0.146361,0.455159,0.766988,0.345145,part2a21_alpha_positions.csv,part2a21_alpha_eligibility.csv,artifacts_part2_g532/predictions/g532_final_consensus_tape.csv
2024-05-27,,,0,0,0.0,0,0.488561,0,FLAT,0.0,0.0,0.0,0.0,,0.006416,0.0,0.1929826450218827,0.5075286628734601,0,stale_tape,1,0,0.193436,0.139362,0.442,0.775777,0.581833,part2a21_alpha_positions.csv,part2a21_alpha_eligibility.csv,artifacts_part2_g532/predictions/g532_final_consensus_tape.csv
2024-05-28,,,0,0,0.0,0,0.275233,0,FLAT,0.0,0.0,0.0,0.0,,-0.002182,0.0,0.1972974826548045,0.5879003653271092,0,stale_tape,1,0,0.218634,0.167461,0.494827,0.744038,0.334817,part2a21_alpha_positions.csv,part2a21_alpha_eligibility.csv,artifacts_part2_g532/predictions/g532_final_consensus_tape.csv
2024-05-29,,,0,0,0.0,0,0.260348,0,FLAT,0.0,0.0,0.0,0.0,,-0.011734,0.0,0.1926067651991762,0.5101064994398432,0,stale_tape,1,1,0.262327,0.192813,0.542488,0.705971,0.317687,part2a21_alpha_positions.csv,part2a21_alpha_eligibility.csv,artifacts_part2_g532/predictions/g532_final_consensus_tape.csv
2024-05-30,,,0,0,0.0,0,0.247458,0,FLAT,0.0,0.0,0.0,0.0,,0.004018,0.0,0.1919517481056153,0.4921344537230411,0,stale_tape,1,0,0.2279,0.171142,0.501747,0.737196,0.331738,part2a21_alpha_positions.csv,part2a21_alpha_eligibility.csv,artifacts_part2_g532/predictions/g532_final_consensus_tape.csv
2024-05-31,,,0,0,0.0,0,0.43312,0,FLAT,0.0,0.0,0.0,0.0,,-0.005435,0.0,0.1940576889698491,0.5334346015089816,0,stale_tape,1,0,0.183158,0.150561,0.463055,0.772271,0.579204,part2a21_alpha_positions.csv,part2a21_alpha_eligibility.csv,artifacts_part2_g532/predictions/g532_final_consensus_tape.csv
2024-06-03,,,0,0,0.0,0,0.252169,0,FLAT,0.0,0.0,0.0,0.0,,-0.004246,0.0,0.1926643789132547,0.510143862574237,0,stale_tape,1,0,0.204441,0.161027,0.48273,0.755096,0.339793,part2a21_alpha_positions.csv,part2a21_alpha_eligibility.csv,artifacts_part2_g532/predictions/g532_final_consensus_tape.csv
2024-06-04,,,0,0,0.0,0,0.251128,0,FLAT,0.0,0.0,0.0,0.0,,0.008266,0.0,0.1958793885184259,0.5677270404479425,0,stale_tape,1,0,0.20183,0.162802,0.486068,0.754982,0.339742,part2a21_alpha_positions.csv,part2a21_alpha_eligibility.csv,artifacts_part2_g532/predictions/g532_final_consensus_tape.csv
2024-06-05,,,0,0,0.0,0,0.40437,0,FLAT,0.0,0.0,0.0,0.0,,0.000202,0.0,0.2017871589901038,0.6727791416405188,0,stale_tape,1,0,0.196265,0.165304,0.490771,0.75567,0.566753,part2a21_alpha_positions.csv,part2a21_alpha_eligibility.csv,artifacts_part2_g532/predictions/g532_final_consensus_tape.csv
2024-06-06,,,0,0,0.0,0,0.410039,0,FLAT,0.0,0.0,0.0,0.0,,0.009291,0.0,0.2048960001616483,0.7241045219729455,0,stale_tape,1,0,0.191218,0.159863,0.480542,0.761891,0.571419,part2a21_alpha_positions.csv,part2a21_alpha_eligibility.csv,artifacts_part2_g532/predictions/g532_final_consensus_tape.csv
2024-06-07,,,0,0,0.0,0,0.404999,0,FLAT,0.0,0.0,0.0,0.0,,0.005429,0.0,0.2022208843151114,0.6789241654552484,0,stale_tape,1,0,0.190673,0.151009,0.463897,0.768565,0.576424,part2a21_alpha_positions.csv,part2a21_alpha_eligibility.csv,artifacts_part2_g532/predictions/g532_final_consensus_tape.csv
2024-06-10,,,0,0,0.0,0,0.402132,0,FLAT,0.0,0.0,0.0,0.0,,-0.002997,0.0,0.1980408106661966,0.605346625121337,0,stale_tape,1,0,0.197985,0.145665,0.453849,0.769154,0.576866,part2a21_alpha_positions.csv,part2a21_alpha_eligibility.csv,artifacts_part2_g532/predictions/g532_final_consensus_tape.csv
2024-06-11,,,0,0,0.0,0,0.233712,0,FLAT,0.0,0.0,0.0,0.0,,0.002732,0.0,0.1973498012417639,0.5917274063794196,0,stale_tape,1,0,0.226512,0.169496,0.498652,0.739016,0.332557,part2a21_alpha_positions.csv,part2a21_alpha_eligibility.csv,artifacts_part2_g532/predictions/g532_final_consensus_tape.csv
2024-06-12,,,0,0,0.0,0,0.404133,0,FLAT,0.0,0.0,0.0,0.0,,-0.004704,0.0,0.1927219258454516,0.545447837522043,0,stale_tape,1,0,0.153939,0.176413,0.511656,0.766652,0.574989,part2a21_alpha_positions.csv,part2a21_alpha_eligibility.csv,artifacts_part2_g532/predictions/g532_final_consensus_tape.csv
2024-06-13,,,0,0,0.0,0,0.427364,0,FLAT,0.0,0.0,0.0,0.0,,-0.001526,0.0,0.1932605411384663,0.6076715896860794,0,stale_tape,1,0,0.15434,0.173964,0.507052,0.768249,0.576187,part2a21_alpha_positions.csv,part2a21_alpha_eligibility.csv,artifacts_part2_g532/predictions/g532_final_consensus_tape.csv
2024-06-14,,,0,0,0.0,0,0.423908,0,FLAT,0.0,0.0,0.0,0.0,,0.012567,0.0,0.1949098060984621,0.6303138013017843,0,stale_tape,1,0,0.157497,0.182054,0.522261,0.760955,0.570716,part2a21_alpha_positions.csv,part2a21_alpha_eligibility.csv,artifacts_part2_g532/predictions/g532_final_consensus_tape.csv
2024-06-17,,,0,0,0.0,0,0.405066,0,FLAT,0.0,0.0,0.0,0.0,,-0.001684,0.0,0.1965649625241357,0.683866962473756,0,stale_tape,1,0,0.159065,0.19563,0.547784,0.750394,0.562795,part2a21_alpha_positions.csv,part2a21_alpha_eligibility.csv,artifacts_part2_g532/predictions/g532_final_consensus_tape.csv
2024-06-18,,,0,0,0.0,0,0.425978,0,FLAT,0.0,0.0,0.0,0.0,,0.0,0.0,0.1969088148030388,0.6817000904253355,0,stale_tape,1,0,0.146975,0.16295,0.486346,0.779559,0.58467,part2a21_alpha_positions.csv,part2a21_alpha_eligibility.csv,artifacts_part2_g532/predictions/g532_final_consensus_tape.csv
2024-06-19,,,0,0,0.0,0,0.427284,0,FLAT,0.0,0.0,0.0,0.0,,-0.000239,0.0,0.1956687178375059,0.6492629748446754,0,stale_tape,1,0,0.155602,0.16861,0.496987,0.771568,0.578676,part2a21_alpha_positions.csv,part2a21_alpha_eligibility.csv,artifacts_part2_g532/predictions/g532_final_consensus_tape.csv
2024-06-20,,,0,0,0.0,0,0.422675,0,FLAT,0.0,0.0,0.0,0.0,,-0.002402,0.0,0.1987972069020971,0.5628452689048117,0,stale_tape,1,0,0.158794,0.177262,0.513253,0.763851,0.572888,part2a21_alpha_positions.csv,part2a21_alpha_eligibility.csv,artifacts_part2_g532/predictions/g532_final_consensus_tape.csv
2024-06-21,,,0,0,0.0,0,0.43449,0,FLAT,0.0,0.0,0.0,0.0,,-0.003542,0.0,0.2049976324915886,0.7370616224015117,0,stale_tape,1,0,0.159906,0.173597,0.506363,0.766011,0.574508,part2a21_alpha_positions.csv,part2a21_alpha_eligibility.csv,artifacts_part2_g532/predictions/g532_final_consensus_tape.csv
2024-06-24,,,0,0,0.0,0,0.438431,0,FLAT,0.0,0.0,0.0,0.0,,0.003301,0.0,0.2023273411084327,0.6787441297138045,0,stale_tape,1,0,0.158144,0.171985,0.503332,0.767974,0.57598,part2a21_alpha_positions.csv,part2a21_alpha_eligibility.csv,artifacts_part2_g532/predictions/g532_final_consensus_tape.csv
2024-06-25,,,0,0,0.0,0,0.436585,0,FLAT,0.0,0.0,0.0,0.0,,0.007163,0.0,0.2006197641231868,0.635068413663206,0,stale_tape,1,0,0.160634,0.174777,0.50858,0.764827,0.57362,part2a21_alpha_positions.csv,part2a21_alpha_eligibility.csv,artifacts_part2_g532/predictions/g532_final_consensus_tape.csv
2024-06-26,,,0,0,0.0,0,0.424589,0,FLAT,0.0,0.0,0.0,0.0,,-0.000684,0.0,0.2030976493253878,0.6770927682769795,0,stale_tape,1,0,0.163342,0.181796,0.521776,0.758512,0.568884,part2a21_alpha_positions.csv,part2a21_alpha_eligibility.csv,artifacts_part2_g532/predictions/g532_final_consensus_tape.csv
2024-06-27,,,0,0,0.0,0,0.435108,0,FLAT,0.0,0.0,0.0,0.0,,0.001462,0.0,0.2058837072184928,0.7182084942420502,0,stale_tape,1,0,0.162704,0.172853,0.504963,0.765292,0.573969,part2a21_alpha_positions.csv,part2a21_alpha_eligibility.csv,artifacts_part2_g532/predictions/g532_final_consensus_tape.csv
2024-06-28,,,0,0,0.0,0,0.441159,0,FLAT,0.0,0.0,0.0,0.0,,0.009768,0.0,0.2041925910907144,0.7059051490583504,0,stale_tape,1,0,0.155254,0.167881,0.495616,0.772254,0.579191,part2a21_alpha_positions.csv,part2a21_alpha_eligibility.csv,artifacts_part2_g532/predictions/g532_final_consensus_tape.csv
2024-07-01,,,0,0,0.0,0,0.46281,0,FLAT,0.0,0.0,0.0,0.0,,0.002693,0.0,0.1981487489787369,0.6455061722868684,0,stale_tape,1,0,0.148124,0.155536,0.472408,0.784425,0.588319,part2a21_alpha_positions.csv,part2a21_alpha_eligibility.csv,artifacts_part2_g532/predictions/g532_final_consensus_tape.csv
2024-07-02,,,0,0,0.0,0,0.461301,0,FLAT,0.0,0.0,0.0,0.0,,-0.002134,0.0,0.1986671005740831,0.6581004869612288,0,stale_tape,1,0,0.154556,0.161463,0.48355,0.777228,0.582921,part2a21_alpha_positions.csv,part2a21_alpha_eligibility.csv,artifacts_part2_g532/predictions/g532_final_consensus_tape.csv
2024-07-03,,,0,0,0.0,0,0.454957,0,FLAT,0.0,0.0,0.0,0.0,,0.0,0.0,0.1959517316038539,0.6539215198354112,0,stale_tape,1,0,0.155723,0.167393,0.494698,0.772397,0.579298,part2a21_alpha_positions.csv,part2a21_alpha_eligibility.csv,artifacts_part2_g532/predictions/g532_final_consensus_tape.csv
2024-07-04,,,0,0,0.0,0,0.45592,0,FLAT,0.0,0.0,0.0,0.0,,0.000422,0.0,0.1963097128366473,0.6625065472487903,0,stale_tape,1,0,0.152755,0.167528,0.494953,0.773635,0.580226,part2a21_alpha_positions.csv,part2a21_alpha_eligibility.csv,artifacts_part2_g532/predictions/g532_final_consensus_tape.csv
2024-07-05,,,0,0,0.0,0,0.455807,0,FLAT,0.0,0.0,0.0,0.0,,0.000642,0.0,0.1995476602495611,0.7066362957435048,0,stale_tape,1,0,0.160464,0.173729,0.50661,0.765664,0.574248,part2a21_alpha_positions.csv,part2a21_alpha_eligibility.csv,artifacts_part2_g532/predictions/g532_final_consensus_tape.csv
2024-07-08,,,0,0,0.0,0,0.467131,0,FLAT,0.0,0.0,0.0,0.0,,0.002478,0.0,0.1974498058769065,0.6537165122994938,0,stale_tape,1,0,0.159075,0.171242,0.501936,0.768094,0.576071,part2a21_alpha_positions.csv,part2a21_alpha_eligibility.csv,artifacts_part2_g532/predictions/g532_final_consensus_tape.csv
2024-07-09,,,0,0,0.0,0,0.464755,0,FLAT,0.0,0.0,0.0,0.0,,0.008628,0.0,0.1980853430835681,0.6541860439084735,0,stale_tape,1,0,0.161899,0.175775,0.510456,0.763533,0.57265,part2a21_alpha_positions.csv,part2a21_alpha_eligibility.csv,artifacts_part2_g532/predictions/g532_final_consensus_tape.csv
2024-07-10,,,0,0,0.0,0,0.474483,0,FLAT,0.0,0.0,0.0,0.0,,-0.014959,0.0,0.1962312421616593,0.6309805573592061,0,stale_tape,1,0,0.124373,0.163577,0.487524,0.789276,0.591957,part2a21_alpha_positions.csv,part2a21_alpha_eligibility.csv,artifacts_part2_g532/predictions/g532_final_consensus_tape.csv
2024-07-11,,,0,0,0.0,0,0.418054,0,FLAT,0.0,0.0,0.0,0.0,,0.004052,0.0,0.1948550504969397,0.6158909824855155,0,stale_tape,1,0,0.11858,0.159027,0.47897,0.795186,0.596389,part2a21_alpha_positions.csv,part2a21_alpha_eligibility.csv,artifacts_part2_g532/predictions/g532_final_consensus_tape.csv
2024-07-12,,,0,0,0.0,0,0.410798,0,FLAT,0.0,0.0,0.0,0.0,,0.006192,0.0,0.1933084459478498,0.5934698651341069,0,stale_tape,1,0,0.122301,0.172203,0.503743,0.783945,0.587959,part2a21_alpha_positions.csv,part2a21_alpha_eligibility.csv,artifacts_part2_g532/predictions/g532_final_consensus_tape.csv
2024-07-15,,,0,0,0.0,0,0.424187,0,FLAT,0.0,0.0,0.0,0.0,,0.001233,0.0,0.1942110940756622,0.606132883855314,0,stale_tape,1,0,0.118883,0.160041,0.480876,0.794313,0.595735,part2a21_alpha_positions.csv,part2a21_alpha_eligibility.csv,artifacts_part2_g532/predictions/g532_final_consensus_tape.csv
2024-07-16,,,0,0,0.0,0,0.425225,0,FLAT,0.0,0.0,0.0,0.0,,-0.014908,0.0,0.1930647689001563,0.5940502131271467,0,stale_tape,1,0,0.120326,0.158032,0.477101,0.795122,0.596341,part2a21_alpha_positions.csv,part2a21_alpha_eligibility.csv,artifacts_part2_g532/predictions/g532_final_consensus_tape.csv
2024-07-17,,,0,0,0.0,0,0.386506,0,FLAT,0.0,0.0,0.0,0.0,,-0.004709,0.0,0.196462188313747,0.6255759495952967,0,stale_tape,1,0,0.116169,0.184277,0.52644,0.777939,0.583454,part2a21_alpha_positions.csv,part2a21_alpha_eligibility.csv,artifacts_part2_g532/predictions/g532_final_consensus_tape.csv
2024-07-18,,,0,0,0.0,0,0.379295,0,FLAT,0.0,0.0,0.0,0.0,,-0.00353,0.0,0.1903889592232091,0.5339053278907351,0,stale_tape,1,0,0.121418,0.196722,0.549838,0.766541,0.574906,part2a21_alpha_positions.csv,part2a21_alpha_eligibility.csv,artifacts_part2_g532/predictions/g532_final_consensus_tape.csv
2024-07-19,,,0,0,0.0,0,0.381856,0,FLAT,0.0,0.0,0.0,0.0,,0.011284,0.0,0.19391998705253,0.585837418036576,0,stale_tape,1,0,0.114859,0.193026,0.542889,0.772177,0.579133,part2a21_alpha_positions.csv,part2a21_alpha_eligibility.csv,artifacts_part2_g532/predictions/g532_final_consensus_tape.csv
2024-07-22,,,0,0,0.0,0,0.366271,0,FLAT,0.0,0.0,0.0,0.0,,-0.002409,0.0,0.1886937574363371,0.5166320728653608,0,stale_tape,1,0,0.133302,0.184422,0.526713,0.770124,0.577593,part2a21_alpha_positions.csv,part2a21_alpha_eligibility.csv,artifacts_part2_g532/predictions/g532_final_consensus_tape.csv
2024-07-23,,,0,0,0.0,0,0.367253,0,FLAT,0.0,0.0,0.0,0.0,,-0.020933,0.0,0.1892471467335784,0.516865163060543,0,stale_tape,1,0,0.133372,0.183336,0.524672,0.77088,0.57816,part2a21_alpha_positions.csv,part2a21_alpha_eligibility.csv,artifacts_part2_g532/predictions/g532_final_consensus_tape.csv
2024-07-24,,,0,0,0.0,0,0.212457,0,FLAT,0.0,0.0,0.0,0.0,,-0.007284,0.0,0.188972784133224,0.527958553583968,0,stale_tape,1,1,0.078814,0.202497,0.560695,0.781521,0.351684,part2a21_alpha_positions.csv,part2a21_alpha_eligibility.csv,artifacts_part2_g532/predictions/g532_final_consensus_tape.csv
2024-07-25,,,0,0,0.0,0,0.212031,0,FLAT,0.0,0.0,0.0,0.0,,0.006407,0.0,0.1888284935197408,0.5192161639413561,0,stale_tape,1,0,0.123829,0.203602,0.562772,0.760462,0.342208,part2a21_alpha_positions.csv,part2a21_alpha_eligibility.csv,artifacts_part2_g532/predictions/g532_final_consensus_tape.csv
2024-07-26,,,0,0,0.0,0,0.211468,0,FLAT,0.0,0.0,0.0,0.0,,-0.000943,0.0,0.1885820908460891,0.5232734588137529,0,stale_tape,1,0,0.119747,0.199881,0.555776,0.765,0.34425,part2a21_alpha_positions.csv,part2a21_alpha_eligibility.csv,artifacts_part2_g532/predictions/g532_final_consensus_tape.csv
2024-07-29,,,0,0,0.0,0,0.36016,0,FLAT,0.0,0.0,0.0,0.0,,-0.007346,0.0,0.1905359402846354,0.542413716087653,0,stale_tape,1,0,0.120266,0.196677,0.549753,0.767093,0.575319,part2a21_alpha_positions.csv,part2a21_alpha_eligibility.csv,artifacts_part2_g532/predictions/g532_final_consensus_tape.csv
2024-07-30,,,0,0,0.0,0,0.215779,0,FLAT,0.0,0.0,0.0,0.0,,0.008324,0.0,0.1938748804257132,0.6025034775164733,0,stale_tape,1,0,0.117854,0.203787,0.563119,0.763016,0.343357,part2a21_alpha_positions.csv,part2a21_alpha_eligibility.csv,artifacts_part2_g532/predictions/g532_final_consensus_tape.csv
2024-07-31,,,0,0,0.0,0,0.214625,0,FLAT,0.0,0.0,0.0,0.0,,-0.017993,0.0,0.1931653242036914,0.5707578581272034,0,stale_tape,1,0,0.121226,0.207503,0.570106,0.758801,0.34146,part2a21_alpha_positions.csv,part2a21_alpha_eligibility.csv,artifacts_part2_g532/predictions/g532_final_consensus_tape.csv
2024-08-01,,,0,0,0.0,0,0.205655,0,FLAT,0.0,0.0,0.0,0.0,,-0.033816,0.0,0.1942571282779579,0.5892134150305031,0,stale_tape,1,0,0.118939,0.201733,0.559259,0.764019,0.343808,part2a21_alpha_positions.csv,part2a21_alpha_eligibility.csv,artifacts_part2_g532/predictions/g532_final_consensus_tape.csv
2024-08-02,,,0,0,0.0,0,0.180806,0,FLAT,0.0,0.0,0.0,0.0,,-0.031509,0.0,0.1959029798928276,0.5967256930081833,0,stale_tape,1,0,0.116785,0.199786,0.555598,0.766402,0.344881,part2a21_alpha_positions.csv,part2a21_alpha_eligibility.csv,artifacts_part2_g532/predictions/g532_final_consensus_tape.csv
2024-08-05,,,0,0,0.0,0,0.176052,0,FLAT,0.0,0.0,0.0,0.0,,0.018863,0.0,0.1940949727584353,0.5821844598750759,0,stale_tape,1,0,0.104332,0.223512,0.581843,0.758453,0.341304,part2a21_alpha_positions.csv,part2a21_alpha_eligibility.csv,artifacts_part2_g532/predictions/g532_final_consensus_tape.csv
2024-08-06,,,0,0,0.0,0,0.158013,0,FLAT,0.0,0.0,0.0,0.0,,-0.003345,0.0,0.1914321946701546,0.5608065360239646,0,stale_tape,1,0,0.111061,0.261434,0.595685,0.739384,0.332723,part2a21_alpha_positions.csv,part2a21_alpha_eligibility.csv,artifacts_part2_g532/predictions/g532_final_consensus_tape.csv
2024-08-07,,,0,0,0.0,0,0.162442,0,FLAT,0.0,0.0,0.0,0.0,,0.026071,0.0,0.2013305931957553,0.5124849594605381,0,stale_tape,1,0,0.153437,0.201541,0.558896,0.748635,0.336886,part2a21_alpha_positions.csv,part2a21_alpha_eligibility.csv,artifacts_part2_g532/predictions/g532_final_consensus_tape.csv
2024-08-08,,,0,0,0.0,0,0.149395,0,FLAT,0.0,0.0,0.0,0.0,,0.000233,0.0,0.202063575270442,0.4669068181141753,0,stale_tape,1,0,0.155631,0.197592,0.551473,0.750514,0.337731,part2a21_alpha_positions.csv,part2a21_alpha_eligibility.csv,artifacts_part2_g532/predictions/g532_final_consensus_tape.csv
2024-08-09,,,0,0,0.0,0,0.150276,0,FLAT,0.0,0.0,0.0,0.0,,-0.002279,0.0,0.2022522245630764,0.4383111777149341,0,stale_tape,1,0,0.154255,0.199615,0.555277,0.749665,0.337349,part2a21_alpha_positions.csv,part2a21_alpha_eligibility.csv,artifacts_part2_g532/predictions/g532_final_consensus_tape.csv
2024-08-12,,,0,0,0.0,0,0.15121,0,FLAT,0.0,0.0,0.0,0.0,,0.012047,0.0,0.2023237162567523,0.4220367206861525,0,stale_tape,1,0,0.145657,0.199105,0.554317,0.753904,0.339257,part2a21_alpha_positions.csv,part2a21_alpha_eligibility.csv,artifacts_part2_g532/predictions/g532_final_consensus_tape.csv
2024-08-13,,,0,0,0.0,0,0.249441,0,FLAT,0.0,0.0,0.0,0.0,,0.001852,0.0,0.2022817125210524,0.4318165740502715,0,stale_tape,1,0,0.1476,0.190678,0.538474,0.759148,0.569361,part2a21_alpha_positions.csv,part2a21_alpha_eligibility.csv,artifacts_part2_g532/predictions/g532_final_consensus_tape.csv
2024-08-14,,,0,0,0.0,0,0.264877,0,FLAT,0.0,0.0,0.0,0.0,,0.023298,0.0,0.2010074643274321,0.4956231647016571,0,stale_tape,1,0,0.114564,0.155033,0.471463,0.799892,0.599919,part2a21_alpha_positions.csv,part2a21_alpha_eligibility.csv,artifacts_part2_g532/predictions/g532_final_consensus_tape.csv
2024-08-15,,,0,0,0.0,0,0.256523,0,FLAT,0.0,0.0,0.0,0.0,,0.000143,0.0,0.2009656327478617,0.4867562592468228,0,stale_tape,1,0,0.122505,0.160713,0.48214,0.792195,0.594146,part2a21_alpha_positions.csv,part2a21_alpha_eligibility.csv,artifacts_part2_g532/predictions/g532_final_consensus_tape.csv
2024-08-16,,,0,0,0.0,0,0.304781,0,FLAT,0.0,0.0,0.0,0.0,,0.008234,0.0,0.2006973870114422,0.484272777075801,0,stale_tape,1,0,0.086405,0.118566,0.402904,0.839039,0.629279,part2a21_alpha_positions.csv,part2a21_alpha_eligibility.csv,artifacts_part2_g532/predictions/g532_final_consensus_tape.csv
2024-08-19,,,0,0,0.0,0,0.359757,0,FLAT,0.0,0.0,0.0,0.0,,-0.005658,0.0,0.2002450424835397,0.5010546312039313,0,stale_tape,1,0,0.113195,0.135963,0.435611,0.814353,0.610765,part2a21_alpha_positions.csv,part2a21_alpha_eligibility.csv,artifacts_part2_g532/predictions/g532_final_consensus_tape.csv
2024-08-20,,,0,0,0.0,0,0.356131,0,FLAT,0.0,0.0,0.0,0.0,,0.001452,0.0,0.2015430818524052,0.4770774949328319,0,stale_tape,1,0,0.115417,0.138909,0.441148,0.811215,0.608411,part2a21_alpha_positions.csv,part2a21_alpha_eligibility.csv,artifacts_part2_g532/predictions/g532_final_consensus_tape.csv
2024-08-21,,,0,0,0.0,0,0.356113,0,FLAT,0.0,0.0,0.0,0.0,,-0.003512,0.0,0.2024936515641795,0.4030410676571984,0,stale_tape,1,0,0.120153,0.150635,0.463193,0.80057,0.600428,part2a21_alpha_positions.csv,part2a21_alpha_eligibility.csv,artifacts_part2_g532/predictions/g532_final_consensus_tape.csv
2024-08-22,,,0,0,0.0,0,0.373089,0,FLAT,0.0,0.0,0.0,0.0,,0.006148,0.0,0.2019003389359685,0.4579759492271229,0,stale_tape,1,0,0.144483,0.174149,0.5074,0.77255,0.579413,part2a21_alpha_positions.csv,part2a21_alpha_eligibility.csv,artifacts_part2_g532/predictions/g532_final_consensus_tape.csv
2024-08-23,,,0,0,0.0,0,0.395878,0,FLAT,0.0,0.0,0.0,0.0,,-0.001233,0.0,0.2031234753428686,0.3758215100840918,0,stale_tape,1,0,0.104463,0.136355,0.436347,0.817998,0.613499,part2a21_alpha_positions.csv,part2a21_alpha_eligibility.csv,artifacts_part2_g532/predictions/g532_final_consensus_tape.csv
2024-08-26,,,0,0,0.0,0,0.394477,0,FLAT,0.0,0.0,0.0,0.0,,0.001748,0.0,0.2027349108069521,0.4084304895894901,0,stale_tape,1,0,0.110067,0.140579,0.444289,0.812409,0.609307,part2a21_alpha_positions.csv,part2a21_alpha_eligibility.csv,artifacts_part2_g532/predictions/g532_final_consensus_tape.csv
2024-08-27,,,0,0,0.0,0,0.404398,0,FLAT,0.0,0.0,0.0,0.0,,-0.00522,0.0,0.2036115766068893,0.3552594491513853,0,stale_tape,1,0,0.106091,0.135136,0.434056,0.81815,0.613613,part2a21_alpha_positions.csv,part2a21_alpha_eligibility.csv,artifacts_part2_g532/predictions/g532_final_consensus_tape.csv
2024-08-28,,,0,0,0.0,0,0.373747,0,FLAT,0.0,0.0,0.0,0.0,,0.0019,0.0,0.2032037452789444,0.3900412427829986,0,stale_tape,1,0,0.14683,0.176551,0.511915,0.769751,0.577313,part2a21_alpha_positions.csv,part2a21_alpha_eligibility.csv,artifacts_part2_g532/predictions/g532_final_consensus_tape.csv
2024-08-29,,,0,0,0.0,0,0.482945,0,FLAT,0.0,0.0,0.0,0.0,,0.012864,0.0,0.2025818029076393,0.4152866218533757,0,stale_tape,1,0,0.10707,0.118537,0.40285,0.829761,0.62232,part2a21_alpha_positions.csv,part2a21_alpha_eligibility.csv,artifacts_part2_g532/predictions/g532_final_consensus_tape.csv
2024-08-30,,,0,0,0.0,0,0.450533,0,FLAT,0.0,0.0,0.0,0.0,,0.0,0.0,0.2032340090620708,0.3746644869925994,0,stale_tape,1,0,0.104925,0.119632,0.404907,0.829931,0.622448,part2a21_alpha_positions.csv,part2a21_alpha_eligibility.csv,artifacts_part2_g532/predictions/g532_final_consensus_tape.csv
2024-09-02,,,0,0,0.0,0,0.462968,0,FLAT,0.0,0.0,0.0,0.0,,-0.027008,0.0,0.2031294299142295,0.382482321287636,0,stale_tape,1,0,0.102702,0.113855,0.394047,0.835125,0.626344,part2a21_alpha_positions.csv,part2a21_alpha_eligibility.csv,artifacts_part2_g532/predictions/g532_final_consensus_tape.csv
2024-09-03,,,0,0,0.0,0,0.200751,0,FLAT,0.0,0.0,0.0,0.0,,-0.008319,0.0,0.2022856709723471,0.4443197586025298,0,stale_tape,1,0,0.17124,0.202952,0.561549,0.739599,0.33282,part2a21_alpha_positions.csv,part2a21_alpha_eligibility.csv,artifacts_part2_g532/predictions/g532_final_consensus_tape.csv
2024-09-04,,,0,0,0.0,0,0.34663,0,FLAT,0.0,0.0,0.0,0.0,,-0.004816,0.0,0.19650676893418,0.4716781292734947,0,stale_tape,1,0,0.128219,0.185974,0.529632,0.771284,0.578463,part2a21_alpha_positions.csv,part2a21_alpha_eligibility.csv,artifacts_part2_g532/predictions/g532_final_consensus_tape.csv
2024-09-05,,,0,0,0.0,0,0.346817,0,FLAT,0.0,0.0,0.0,0.0,,-0.018217,0.0,0.1980467112337823,0.4854702953338257,0,stale_tape,1,0,0.129626,0.183508,0.524995,0.772442,0.579331,part2a21_alpha_positions.csv,part2a21_alpha_eligibility.csv,artifacts_part2_g532/predictions/g532_final_consensus_tape.csv
2024-09-06,,,0,0,0.0,1,0.081207,0,FLAT,0.0,0.0,0.0,0.0,,0.009771,0.0,0.1880160616105411,0.382218266643356,0,stale_tape,1,0,0.129533,0.185677,0.529072,0.770909,0.138764,part2a21_alpha_positions.csv,part2a21_alpha_eligibility.csv,artifacts_part2_g532/predictions/g532_final_consensus_tape.csv
2024-09-09,,,0,0,0.0,1,0.078325,0,FLAT,0.0,0.0,0.0,0.0,,-0.000142,0.0,0.1951146626638155,0.4580167822634355,0,stale_tape,1,0,0.13033,0.188607,0.534581,0.768423,0.138316,part2a21_alpha_positions.csv,part2a21_alpha_eligibility.csv,artifacts_part2_g532/predictions/g532_final_consensus_tape.csv
2024-09-10,,,0,0,0.0,1,0.079244,0,FLAT,0.0,0.0,0.0,0.0,,0.010888,0.0,0.1862789514249585,0.3478675090473447,0,stale_tape,1,0,0.131576,0.178532,0.51564,0.775177,0.139532,part2a21_alpha_positions.csv,part2a21_alpha_eligibility.csv,artifacts_part2_g532/predictions/g532_final_consensus_tape.csv
2024-09-11,,,0,0,0.0,1,0.077957,0,FLAT,0.0,0.0,0.0,0.0,,0.01018,0.0,0.1842475110361617,0.3300598729799411,0,stale_tape,1,0,0.12135,0.169717,0.499068,0.786178,0.141512,part2a21_alpha_positions.csv,part2a21_alpha_eligibility.csv,artifacts_part2_g532/predictions/g532_final_consensus_tape.csv
2024-09-12,,,0,0,0.0,1,0.081138,0,FLAT,0.0,0.0,0.0,0.0,,0.003376,0.0,0.1912916319651247,0.3995696258752719,0,stale_tape,1,0,0.085834,0.125604,0.416136,0.834186,0.150154,part2a21_alpha_positions.csv,part2a21_alpha_eligibility.csv,artifacts_part2_g532/predictions/g532_final_consensus_tape.csv
2024-09-13,,,0,0,0.0,1,0.084629,0,FLAT,0.0,0.0,0.0,0.0,,-0.001118,0.0,0.1948556764209119,0.4301194901917144,0,stale_tape,1,0,0.078713,0.114209,0.394712,0.845664,0.152219,part2a21_alpha_positions.csv,part2a21_alpha_eligibility.csv,artifacts_part2_g532/predictions/g532_final_consensus_tape.csv
2024-09-16,,,0,0,0.0,1,0.083768,0,FLAT,0.0,0.0,0.0,0.0,,0.002281,0.0,0.1869756177501134,0.3532870469967095,0,stale_tape,1,0,0.084074,0.123514,0.412207,0.836495,0.150569,part2a21_alpha_positions.csv,part2a21_alpha_eligibility.csv,artifacts_part2_g532/predictions/g532_final_consensus_tape.csv
2024-09-17,,,0,0,0.0,1,0.093768,0,FLAT,0.0,0.0,0.0,0.0,,0.001104,0.0,0.1885238319938438,0.3662490073339119,0,stale_tape,1,0,0.094422,0.133541,0.431058,0.824559,0.148421,part2a21_alpha_positions.csv,part2a21_alpha_eligibility.csv,artifacts_part2_g532/predictions/g532_final_consensus_tape.csv
2024-09-18,,,0,0,0.0,1,0.096841,0,FLAT,0.0,0.0,0.0,0.0,,0.018107,0.0,0.189407973656151,0.3872211544339708,0,stale_tape,1,0,0.08853,0.124663,0.414366,0.833656,0.150058,part2a21_alpha_positions.csv,part2a21_alpha_eligibility.csv,artifacts_part2_g532/predictions/g532_final_consensus_tape.csv
2024-09-19,,,0,0,0.0,1,0.09375,0,FLAT,0.0,0.0,0.0,0.0,,-0.00166,0.0,0.1873018510889696,0.3556149032006274,0,stale_tape,1,0,0.080591,0.113831,0.394002,0.845093,0.152117,part2a21_alpha_positions.csv,part2a21_alpha_eligibility.csv,artifacts_part2_g532/predictions/g532_final_consensus_tape.csv
2024-09-20,,,0,0,0.0,0,0.592534,0,FLAT,0.0,0.0,0.0,0.0,,0.003069,0.0,0.1992092191483128,0.4863833579885478,0,stale_tape,1,0,0.074592,0.087988,0.345417,0.866554,0.839798,part2a21_alpha_positions.csv,part2a21_alpha_eligibility.csv,artifacts_part2_g532/predictions/g532_final_consensus_tape.csv
2024-09-23,,,0,0,0.0,0,0.602229,0,FLAT,0.0,0.0,0.0,0.0,,0.001754,0.0,0.1900521461907854,0.388610398026064,0,stale_tape,1,0,0.071006,0.082285,0.334697,0.872308,0.847059,part2a21_alpha_positions.csv,part2a21_alpha_eligibility.csv,artifacts_part2_g532/predictions/g532_final_consensus_tape.csv
2024-09-24,,,0,0,0.0,0,0.599225,0,FLAT,0.0,0.0,0.0,0.0,,0.002037,0.0,0.1976427355462445,0.4603197551189867,0,stale_tape,1,0,0.07627,0.08899,0.347301,0.865072,0.837905,part2a21_alpha_positions.csv,part2a21_alpha_eligibility.csv,artifacts_part2_g532/predictions/g532_final_consensus_tape.csv
2024-09-25,,,0,0,0.0,0,0.607867,0,FLAT,0.0,0.0,0.0,0.0,,0.004683,0.0,0.1995896568017433,0.4717667357741112,0,stale_tape,1,0,0.075169,0.09085,0.350798,0.864217,0.836885,part2a21_alpha_positions.csv,part2a21_alpha_eligibility.csv,artifacts_part2_g532/predictions/g532_final_consensus_tape.csv
2024-09-26,,,0,0,0.0,0,0.623626,0,FLAT,0.0,0.0,0.0,0.0,,-0.005267,0.0,0.197983730931538,0.458710207210269,0,stale_tape,1,0,0.074432,0.085011,0.339822,0.868787,0.84257,part2a21_alpha_positions.csv,part2a21_alpha_eligibility.csv,artifacts_part2_g532/predictions/g532_final_consensus_tape.csv
2024-09-27,,,0,0,0.0,0,0.601807,0,FLAT,0.0,0.0,0.0,0.0,,0.007097,0.0,0.1908010795314595,0.3922032331414237,0,stale_tape,1,0,0.07643,0.089422,0.348113,0.864686,0.837422,part2a21_alpha_positions.csv,part2a21_alpha_eligibility.csv,artifacts_part2_g532/predictions/g532_final_consensus_tape.csv
2024-09-30,,,0,0,0.0,0,0.593759,0,FLAT,0.0,0.0,0.0,0.0,,-0.013019,0.0,0.191431466934411,0.4048216095085984,0,stale_tape,1,0,0.085677,0.095333,0.359227,0.856233,0.826668,part2a21_alpha_positions.csv,part2a21_alpha_eligibility.csv,artifacts_part2_g532/predictions/g532_final_consensus_tape.csv
2024-10-01,,,0,0,0.0,0,0.387505,0,FLAT,0.0,0.0,0.0,0.0,,0.003028,0.0,0.1871136516623773,0.3690995764048319,0,stale_tape,1,0,0.128214,0.172056,0.503465,0.781391,0.586043,part2a21_alpha_positions.csv,part2a21_alpha_eligibility.csv,artifacts_part2_g532/predictions/g532_final_consensus_tape.csv
2024-10-02,,,0,0,0.0,0,0.391846,0,FLAT,0.0,0.0,0.0,0.0,,0.003224,0.0,0.1819332564751264,0.6827593420288345,0,stale_tape,1,0,0.158917,0.140749,0.444609,0.790303,0.592727,part2a21_alpha_positions.csv,part2a21_alpha_eligibility.csv,artifacts_part2_g532/predictions/g532_final_consensus_tape.csv
2024-10-03,,,0,0,0.0,0,0.438862,0,FLAT,0.0,0.0,0.0,0.0,,0.018872,0.0,0.1869360206586609,0.6484036963720209,0,stale_tape,1,0,0.152715,0.12873,0.422012,0.801821,0.601365,part2a21_alpha_positions.csv,part2a21_alpha_eligibility.csv,artifacts_part2_g532/predictions/g532_final_consensus_tape.csv
2024-10-04,,,0,0,0.0,0,0.399173,0,FLAT,0.0,0.0,0.0,0.0,,-0.005407,0.0,0.1975200601674766,0.5992701819310639,0,stale_tape,1,0,0.153227,0.12062,0.406765,0.807478,0.605608,part2a21_alpha_positions.csv,part2a21_alpha_eligibility.csv,artifacts_part2_g532/predictions/g532_final_consensus_tape.csv
2024-10-07,,,0,0,0.0,0,0.386227,0,FLAT,0.0,0.0,0.0,0.0,,0.008589,0.0,0.1811424959209331,0.6767914638864742,0,stale_tape,1,0,0.154967,0.138847,0.441032,0.793462,0.595097,part2a21_alpha_positions.csv,part2a21_alpha_eligibility.csv,artifacts_part2_g532/predictions/g532_final_consensus_tape.csv
2024-10-08,,,0,0,0.0,0,0.382956,0,FLAT,0.0,0.0,0.0,0.0,,0.010559,0.0,0.1936161189379967,0.6039447523836473,0,stale_tape,1,0,0.154447,0.136161,0.435983,0.795646,0.596734,part2a21_alpha_positions.csv,part2a21_alpha_eligibility.csv,artifacts_part2_g532/predictions/g532_final_consensus_tape.csv
2024-10-09,,,0,0,0.0,0,0.376508,0,FLAT,0.0,0.0,0.0,0.0,,-0.001575,0.0,0.1968797198622302,0.5962525441227924,0,stale_tape,1,0,0.158252,0.136098,0.435864,0.79398,0.595485,part2a21_alpha_positions.csv,part2a21_alpha_eligibility.csv,artifacts_part2_g532/predictions/g532_final_consensus_tape.csv
2024-10-10,,,0,0,0.0,0,0.371535,0,FLAT,0.0,0.0,0.0,0.0,,0.005618,0.0,0.1858279667479834,0.6467278183577538,0,stale_tape,1,0,0.160601,0.144608,0.451863,0.786744,0.590058,part2a21_alpha_positions.csv,part2a21_alpha_eligibility.csv,artifacts_part2_g532/predictions/g532_final_consensus_tape.csv
2024-10-11,,,0,0,0.0,0,0.387494,0,FLAT,0.0,0.0,0.0,0.0,,0.009926,0.0,0.1908754511899849,0.6142797457579899,0,stale_tape,1,0,0.151981,0.121366,0.408168,0.807497,0.605622,part2a21_alpha_positions.csv,part2a21_alpha_eligibility.csv,artifacts_part2_g532/predictions/g532_final_consensus_tape.csv
2024-10-14,,,0,0,0.0,0,0.38725,0,FLAT,0.0,0.0,0.0,0.0,,-0.012752,0.0,0.1837133966272362,0.6528124359625097,0,stale_tape,1,0,0.133646,0.126019,0.416916,0.812369,0.609277,part2a21_alpha_positions.csv,part2a21_alpha_eligibility.csv,artifacts_part2_g532/predictions/g532_final_consensus_tape.csv
2024-10-15,,,0,0,0.0,0,0.383938,0,FLAT,0.0,0.0,0.0,0.0,,0.002635,0.0,0.1836789069449859,0.6432066857274084,0,stale_tape,1,0,0.145086,0.130985,0.426253,0.803616,0.602712,part2a21_alpha_positions.csv,part2a21_alpha_eligibility.csv,artifacts_part2_g532/predictions/g532_final_consensus_tape.csv
2024-10-16,,,0,0,0.0,0,0.377659,0,FLAT,0.0,0.0,0.0,0.0,,0.005354,0.0,0.1860231466059911,0.6258813657775073,0,stale_tape,1,0,0.150507,0.145481,0.453505,0.790652,0.592989,part2a21_alpha_positions.csv,part2a21_alpha_eligibility.csv,artifacts_part2_g532/predictions/g532_final_consensus_tape.csv
2024-10-17,,,0,0,0.0,0,0.377259,0,FLAT,0.0,0.0,0.0,0.0,,0.002693,0.0,0.18939779144891,0.6034252909456103,0,stale_tape,1,0,0.149656,0.146915,0.456201,0.789994,0.592496,part2a21_alpha_positions.csv,part2a21_alpha_eligibility.csv,artifacts_part2_g532/predictions/g532_final_consensus_tape.csv
2024-10-18,,,0,0,0.0,0,0.405765,0,FLAT,0.0,0.0,0.0,0.0,,0.006198,0.0,0.2059292852765489,0.5406563673392132,0,stale_tape,1,0,0.1529,0.139833,0.442886,0.793676,0.595257,part2a21_alpha_positions.csv,part2a21_alpha_eligibility.csv,artifacts_part2_g532/predictions/g532_final_consensus_tape.csv
2024-10-21,,,0,0,0.0,0,0.422683,0,FLAT,0.0,0.0,0.0,0.0,,0.000256,0.0,0.2255908846667111,0.4516805419825278,0,stale_tape,1,0,0.124563,0.136404,0.43644,0.808917,0.606688,part2a21_alpha_positions.csv,part2a21_alpha_eligibility.csv,artifacts_part2_g532/predictions/g532_final_consensus_tape.csv
2024-10-22,,,0,0,0.0,0,0.423654,0,FLAT,0.0,0.0,0.0,0.0,,-0.006847,0.0,0.2007929284866484,0.5487644417724437,0,stale_tape,1,0,0.144006,0.129314,0.42311,0.805316,0.603987,part2a21_alpha_positions.csv,part2a21_alpha_eligibility.csv,artifacts_part2_g532/predictions/g532_final_consensus_tape.csv
2024-10-23,,,0,0,0.0,0,0.429663,0,FLAT,0.0,0.0,0.0,0.0,,4.6e-05,0.0,0.2120651954823823,0.4951923696775629,0,stale_tape,1,0,0.123885,0.123681,0.41252,0.818459,0.613845,part2a21_alpha_positions.csv,part2a21_alpha_eligibility.csv,artifacts_part2_g532/predictions/g532_final_consensus_tape.csv
2024-10-24,,,0,0,0.0,0,0.423093,0,FLAT,0.0,0.0,0.0,0.0,,0.001816,0.0,0.2056419043566506,0.5395754618656426,0,stale_tape,1,0,0.152314,0.125935,0.416757,0.80403,0.603022,part2a21_alpha_positions.csv,part2a21_alpha_eligibility.csv,artifacts_part2_g532/predictions/g532_final_consensus_tape.csv
2024-10-25,,,0,0,0.0,0,0.418359,0,FLAT,0.0,0.0,0.0,0.0,,0.005435,0.0,0.1938577191245699,0.6103915022547503,0,stale_tape,1,0,0.162777,0.139924,0.443057,0.789166,0.591874,part2a21_alpha_positions.csv,part2a21_alpha_eligibility.csv,artifacts_part2_g532/predictions/g532_final_consensus_tape.csv
2024-10-28,,,0,0,0.0,0,0.445299,0,FLAT,0.0,0.0,0.0,0.0,,0.001168,0.0,0.2277339126932756,0.4840434616249737,0,stale_tape,1,0,0.132037,0.117875,0.401605,0.819006,0.614254,part2a21_alpha_positions.csv,part2a21_alpha_eligibility.csv,artifacts_part2_g532/predictions/g532_final_consensus_tape.csv
2024-10-29,,,0,0,0.0,0,0.471865,0,FLAT,0.0,0.0,0.0,0.0,,-0.001536,0.0,0.1815356390492018,0.680065480571565,0,stale_tape,1,0,0.176077,0.145171,0.452922,0.779371,0.584528,part2a21_alpha_positions.csv,part2a21_alpha_eligibility.csv,artifacts_part2_g532/predictions/g532_final_consensus_tape.csv
2024-10-30,,,0,0,0.0,0,0.492198,0,FLAT,0.0,0.0,0.0,0.0,,-0.019342,0.0,0.1998588471844284,0.3772133101341011,0,stale_tape,1,0,0.136282,0.115816,0.397734,0.818591,0.613943,part2a21_alpha_positions.csv,part2a21_alpha_eligibility.csv,artifacts_part2_g532/predictions/g532_final_consensus_tape.csv
2024-10-31,,,0,0,0.0,0,0.402963,0,FLAT,0.0,0.0,0.0,0.0,,0.010273,0.0,0.1957080301550411,0.3611020622295922,0,stale_tape,1,0,0.149882,0.147036,0.456428,0.789805,0.592354,part2a21_alpha_positions.csv,part2a21_alpha_eligibility.csv,artifacts_part2_g532/predictions/g532_final_consensus_tape.csv
2024-11-01,,,0,0,0.0,0,0.389423,0,FLAT,0.0,0.0,0.0,0.0,,-0.007498,0.0,0.2107155426859284,0.4631614705411205,0,stale_tape,1,0,0.163488,0.140208,0.44359,0.78864,0.59148,part2a21_alpha_positions.csv,part2a21_alpha_eligibility.csv,artifacts_part2_g532/predictions/g532_final_consensus_tape.csv
2024-11-04,,,0,0,0.0,0,0.391152,0,FLAT,0.0,0.0,0.0,0.0,,0.011425,0.0,0.193663301484324,0.3264599838387061,0,stale_tape,1,0,0.149141,0.146728,0.455849,0.790362,0.592771,part2a21_alpha_positions.csv,part2a21_alpha_eligibility.csv,artifacts_part2_g532/predictions/g532_final_consensus_tape.csv
2024-11-05,,,0,0,0.0,0,0.377299,0,FLAT,0.0,0.0,0.0,0.0,,0.034944,0.0,0.1888740063902172,0.3090922150476502,0,stale_tape,1,0,0.145592,0.143718,0.45019,0.794144,0.595608,part2a21_alpha_positions.csv,part2a21_alpha_eligibility.csv,artifacts_part2_g532/predictions/g532_final_consensus_tape.csv
2024-11-06,,,0,0,0.0,0,0.319504,0,FLAT,0.0,0.0,0.0,0.0,,-0.000255,0.0,0.1816881055005507,0.2344521763182941,0,stale_tape,1,0,0.134386,0.132403,0.428918,0.807402,0.605551,part2a21_alpha_positions.csv,part2a21_alpha_eligibility.csv,artifacts_part2_g532/predictions/g532_final_consensus_tape.csv
2024-11-07,,,0,0,0.0,0,0.306376,0,FLAT,0.0,0.0,0.0,0.0,,0.002285,0.0,0.1791170325273534,0.1985733636885632,0,stale_tape,1,0,0.158554,0.162801,0.486065,0.774457,0.580843,part2a21_alpha_positions.csv,part2a21_alpha_eligibility.csv,artifacts_part2_g532/predictions/g532_final_consensus_tape.csv
2024-11-08,,,0,0,0.0,0,0.326296,0,FLAT,0.0,0.0,0.0,0.0,,0.003582,0.0,0.1819874069651647,0.2211648093191395,0,stale_tape,1,0,0.116943,0.119461,0.404587,0.824647,0.618485,part2a21_alpha_positions.csv,part2a21_alpha_eligibility.csv,artifacts_part2_g532/predictions/g532_final_consensus_tape.csv
2024-11-11,,,0,0,0.0,0,0.324652,0,FLAT,0.0,0.0,0.0,0.0,,0.003298,0.0,0.1784078577333976,0.1950273003494786,0,stale_tape,1,0,0.117373,0.125419,0.415788,0.820127,0.615096,part2a21_alpha_positions.csv,part2a21_alpha_eligibility.csv,artifacts_part2_g532/predictions/g532_final_consensus_tape.csv
2024-11-12,,,0,0,0.0,0,0.424968,0,FLAT,0.0,0.0,0.0,0.0,,0.001153,0.0,0.1882450797593533,0.2852283249365685,0,stale_tape,1,0,0.109822,0.104322,0.376126,0.838842,0.804531,part2a21_alpha_positions.csv,part2a21_alpha_eligibility.csv,artifacts_part2_g532/predictions/g532_final_consensus_tape.csv
2024-11-13,,,0,0,0.0,0,0.33164,0,FLAT,0.0,0.0,0.0,0.0,,-0.00627,0.0,0.1807880616104899,0.2292993531777089,0,stale_tape,1,0,0.114983,0.106813,0.380809,0.834711,0.626033,part2a21_alpha_positions.csv,part2a21_alpha_eligibility.csv,artifacts_part2_g532/predictions/g532_final_consensus_tape.csv
2024-11-14,,,0,0,0.0,0,0.351304,0,FLAT,0.0,0.0,0.0,0.0,,-0.013417,0.0,0.1879363655360854,0.2800898421947785,0,stale_tape,1,0,0.119305,0.115788,0.397682,0.82625,0.619688,part2a21_alpha_positions.csv,part2a21_alpha_eligibility.csv,artifacts_part2_g532/predictions/g532_final_consensus_tape.csv
2024-11-15,,,0,0,0.0,0,0.327761,0,FLAT,0.0,0.0,0.0,0.0,,0.001884,0.0,0.1974551913327697,0.379838248156046,0,stale_tape,1,0,0.140097,0.13389,0.431713,0.803753,0.602814,part2a21_alpha_positions.csv,part2a21_alpha_eligibility.csv,artifacts_part2_g532/predictions/g532_final_consensus_tape.csv
2024-11-18,,,0,0,0.0,0,0.331048,0,FLAT,0.0,0.0,0.0,0.0,,0.001501,0.0,0.1935658819146787,0.3369319729502253,0,stale_tape,1,0,0.144966,0.139017,0.441351,0.797839,0.598379,part2a21_alpha_positions.csv,part2a21_alpha_eligibility.csv,artifacts_part2_g532/predictions/g532_final_consensus_tape.csv
2024-11-19,,,0,0,0.0,0,0.33652,0,FLAT,0.0,0.0,0.0,0.0,,0.001863,0.0,0.2033114303212485,0.4297788899869998,0,stale_tape,1,0,0.144706,0.131661,0.427523,0.803297,0.602472,part2a21_alpha_positions.csv,part2a21_alpha_eligibility.csv,artifacts_part2_g532/predictions/g532_final_consensus_tape.csv
2024-11-20,,,0,0,0.0,0,0.461594,0,FLAT,0.0,0.0,0.0,0.0,,0.005569,0.0,0.2145242910216741,0.4838890386285925,0,stale_tape,1,0,0.104389,0.127722,0.420118,0.824299,0.618224,part2a21_alpha_positions.csv,part2a21_alpha_eligibility.csv,artifacts_part2_g532/predictions/g532_final_consensus_tape.csv
2024-11-21,,,0,0,0.0,0,0.427314,0,FLAT,0.0,0.0,0.0,0.0,,0.002707,0.0,0.1971631375881247,0.3463146215710067,0,stale_tape,1,0,0.170023,0.154951,0.471308,0.774995,0.581247,part2a21_alpha_positions.csv,part2a21_alpha_eligibility.csv,artifacts_part2_g532/predictions/g532_final_consensus_tape.csv
2024-11-22,,,0,0,0.0,0,0.587617,0,FLAT,0.0,0.0,0.0,0.0,,-0.007523,0.0,0.1938772311879444,0.3038787735650235,0,stale_tape,1,0,0.116088,0.105306,0.377976,0.835308,0.800013,part2a21_alpha_positions.csv,part2a21_alpha_eligibility.csv,artifacts_part2_g532/predictions/g532_final_consensus_tape.csv
2024-11-25,,,0,0,0.0,0,0.442253,0,FLAT,0.0,0.0,0.0,0.0,,0.007709,0.0,0.1877788324206547,0.2547486802257078,0,stale_tape,1,0,0.136237,0.120182,0.405942,0.815441,0.611581,part2a21_alpha_positions.csv,part2a21_alpha_eligibility.csv,artifacts_part2_g532/predictions/g532_final_consensus_tape.csv
2024-11-26,,,0,0,0.0,0,0.432561,0,FLAT,0.0,0.0,0.0,0.0,,-0.007209,0.0,0.1989464967393789,0.3474341747770537,0,stale_tape,1,0,0.134111,0.121653,0.408707,0.81533,0.611498,part2a21_alpha_positions.csv,part2a21_alpha_eligibility.csv,artifacts_part2_g532/predictions/g532_final_consensus_tape.csv
2024-11-27,,,0,0,0.0,0,0.452845,0,FLAT,0.0,0.0,0.0,0.0,,0.0,0.0,0.213312104485468,0.5272322662700275,0,stale_tape,1,0,0.035609,0.11438,0.395034,0.864936,0.648702,part2a21_alpha_positions.csv,part2a21_alpha_eligibility.csv,artifacts_part2_g532/predictions/g532_final_consensus_tape.csv
2024-11-28,,,0,0,0.0,0,0.454126,0,FLAT,0.0,0.0,0.0,0.0,,0.001043,0.0,0.196322071891786,0.3928390221540606,0,stale_tape,1,0,0.057926,0.108905,0.38474,0.858869,0.644151,part2a21_alpha_positions.csv,part2a21_alpha_eligibility.csv,artifacts_part2_g532/predictions/g532_final_consensus_tape.csv
2024-11-29,,,0,0,0.0,0,0.491396,0,FLAT,0.0,0.0,0.0,0.0,,0.002899,0.0,0.1940221975611551,0.3838799143606391,0,stale_tape,1,0,0.062261,0.109294,0.385474,0.856635,0.642476,part2a21_alpha_positions.csv,part2a21_alpha_eligibility.csv,artifacts_part2_g532/predictions/g532_final_consensus_tape.csv
2024-12-02,,,0,0,0.0,0,0.491226,0,FLAT,0.0,0.0,0.0,0.0,,0.003084,0.0,0.1927482375517994,0.3806459028892825,0,stale_tape,1,0,0.063196,0.107013,0.381185,0.85787,0.643402,part2a21_alpha_positions.csv,part2a21_alpha_eligibility.csv,artifacts_part2_g532/predictions/g532_final_consensus_tape.csv
2024-12-03,,,0,0,0.0,0,0.488661,0,FLAT,0.0,0.0,0.0,0.0,,0.002488,0.0,0.1950304974865253,0.3878522599575196,0,stale_tape,1,0,0.06607,0.10863,0.384224,0.855403,0.641553,part2a21_alpha_positions.csv,part2a21_alpha_eligibility.csv,artifacts_part2_g532/predictions/g532_final_consensus_tape.csv
2024-12-04,,,0,0,0.0,0,0.637711,0,FLAT,0.0,0.0,0.0,0.0,,-0.001561,0.0,0.1921626264341777,0.3675316909566932,0,stale_tape,1,0,0.05812,0.100968,0.36982,0.864543,0.837881,part2a21_alpha_positions.csv,part2a21_alpha_eligibility.csv,artifacts_part2_g532/predictions/g532_final_consensus_tape.csv
2024-12-05,,,0,0,0.0,0,0.489691,0,FLAT,0.0,0.0,0.0,0.0,,-0.001166,0.0,0.1929167876604595,0.3664704467360979,0,stale_tape,1,0,0.067193,0.116547,0.399109,0.84915,0.636862,part2a21_alpha_positions.csv,part2a21_alpha_eligibility.csv,artifacts_part2_g532/predictions/g532_final_consensus_tape.csv
2024-12-06,,,0,0,0.0,0,0.485119,0,FLAT,0.0,0.0,0.0,0.0,,-0.001751,0.0,0.1912094367912977,0.3679201696122573,0,stale_tape,1,0,0.070163,0.128734,0.42202,0.838965,0.629224,part2a21_alpha_positions.csv,part2a21_alpha_eligibility.csv,artifacts_part2_g532/predictions/g532_final_consensus_tape.csv
2024-12-09,,,0,0,0.0,0,0.67087,0,FLAT,0.0,0.0,0.0,0.0,,-0.001054,0.0,0.1993681044370253,0.4277795838317033,0,stale_tape,1,0,0.058008,0.099681,0.3674,0.865528,0.839104,part2a21_alpha_positions.csv,part2a21_alpha_eligibility.csv,artifacts_part2_g532/predictions/g532_final_consensus_tape.csv
2024-12-10,,,0,0,0.0,0,0.697326,0,FLAT,0.0,0.0,0.0,0.0,,0.010507,0.0,0.20231857438745,0.4471179167710321,0,stale_tape,1,0,0.059678,0.105752,0.378814,0.860369,0.832665,part2a21_alpha_positions.csv,part2a21_alpha_eligibility.csv,artifacts_part2_g532/predictions/g532_final_consensus_tape.csv
2024-12-11,,,0,0,0.0,0,0.510302,0,FLAT,0.0,0.0,0.0,0.0,,-0.001352,0.0,0.1971854397676311,0.4090189931000808,0,stale_tape,1,0,0.077213,0.123167,0.411554,0.839835,0.629876,part2a21_alpha_positions.csv,part2a21_alpha_eligibility.csv,artifacts_part2_g532/predictions/g532_final_consensus_tape.csv
2024-12-12,,,0,0,0.0,0,0.67195,0,FLAT,0.0,0.0,0.0,0.0,,0.004613,0.0,0.1989637647479611,0.4247486569098389,0,stale_tape,1,0,0.065616,0.101541,0.370897,0.860754,0.832936,part2a21_alpha_positions.csv,part2a21_alpha_eligibility.csv,artifacts_part2_g532/predictions/g532_final_consensus_tape.csv
2024-12-13,,,0,0,0.0,0,0.507898,0,FLAT,0.0,0.0,0.0,0.0,,0.003596,0.0,0.196992326978728,0.410298681384998,0,stale_tape,1,0,0.076377,0.116059,0.39819,0.845372,0.634029,part2a21_alpha_positions.csv,part2a21_alpha_eligibility.csv,artifacts_part2_g532/predictions/g532_final_consensus_tape.csv
2024-12-16,,,0,0,0.0,0,0.510736,0,FLAT,0.0,0.0,0.0,0.0,,-0.004204,0.0,0.2123882675966001,0.5330232167154382,0,stale_tape,1,0,0.048695,0.124898,0.414808,0.851411,0.638559,part2a21_alpha_positions.csv,part2a21_alpha_eligibility.csv,artifacts_part2_g532/predictions/g532_final_consensus_tape.csv
2024-12-17,,,0,0,0.0,0,0.47963,0,FLAT,0.0,0.0,0.0,0.0,,-0.022044,0.0,0.2050761432909811,0.4600642346500742,0,stale_tape,1,0,0.094316,0.14682,0.456022,0.814966,0.611225,part2a21_alpha_positions.csv,part2a21_alpha_eligibility.csv,artifacts_part2_g532/predictions/g532_final_consensus_tape.csv
2024-12-18,,,0,0,0.0,0,0.390187,0,FLAT,0.0,0.0,0.0,0.0,,0.004171,0.0,0.1915558020158744,0.3138788376001445,0,stale_tape,1,0,0.07991,0.178814,0.51617,0.798222,0.598666,part2a21_alpha_positions.csv,part2a21_alpha_eligibility.csv,artifacts_part2_g532/predictions/g532_final_consensus_tape.csv
2024-12-19,,,0,0,0.0,0,0.386967,0,FLAT,0.0,0.0,0.0,0.0,,0.007577,0.0,0.199863064104008,0.3986655570395425,0,stale_tape,1,0,0.088725,0.174112,0.50733,0.797669,0.598252,part2a21_alpha_positions.csv,part2a21_alpha_eligibility.csv,artifacts_part2_g532/predictions/g532_final_consensus_tape.csv
2024-12-20,,,0,0,0.0,0,0.399137,0,FLAT,0.0,0.0,0.0,0.0,,0.01157,0.0,0.2295221129870044,0.6158168749850823,0,stale_tape,1,0,0.054353,0.142177,0.447293,0.836321,0.62724,part2a21_alpha_positions.csv,part2a21_alpha_eligibility.csv,artifacts_part2_g532/predictions/g532_final_consensus_tape.csv
2024-12-23,,,0,0,0.0,0,0.391459,0,FLAT,0.0,0.0,0.0,0.0,,0.009694,0.0,0.2273317061911357,0.6031933330150151,0,stale_tape,1,0,0.053262,0.134343,0.432565,0.842499,0.631874,part2a21_alpha_positions.csv,part2a21_alpha_eligibility.csv,artifacts_part2_g532/predictions/g532_final_consensus_tape.csv
2024-12-24,,,0,0,0.0,0,0.386832,0,FLAT,0.0,0.0,0.0,0.0,,0.0,0.0,0.2007437357892107,0.4355962834071524,0,stale_tape,1,0,0.081659,0.117048,0.40005,0.842277,0.631708,part2a21_alpha_positions.csv,part2a21_alpha_eligibility.csv,artifacts_part2_g532/predictions/g532_final_consensus_tape.csv
2024-12-25,,,0,0,0.0,0,0.366348,0,FLAT,0.0,0.0,0.0,0.0,,-0.000777,0.0,0.205880536069442,0.4124464189691487,0,stale_tape,1,0,0.171952,0.139699,0.442634,0.7852,0.5889,part2a21_alpha_positions.csv,part2a21_alpha_eligibility.csv,artifacts_part2_g532/predictions/g532_final_consensus_tape.csv
2024-12-26,,,0,0,0.0,0,0.369652,0,FLAT,0.0,0.0,0.0,0.0,,-0.007816,0.0,0.2082424514012419,0.4398834663511263,0,stale_tape,1,0,0.159258,0.138521,0.44042,0.791768,0.593826,part2a21_alpha_positions.csv,part2a21_alpha_eligibility.csv,artifacts_part2_g532/predictions/g532_final_consensus_tape.csv
2024-12-27,,,0,0,0.0,0,0.366597,0,FLAT,0.0,0.0,0.0,0.0,,-0.017042,0.0,0.2054226071855196,0.4113179247128637,0,stale_tape,1,0,0.163805,0.130145,0.424672,0.795802,0.596852,part2a21_alpha_positions.csv,part2a21_alpha_eligibility.csv,artifacts_part2_g532/predictions/g532_final_consensus_tape.csv
2024-12-30,,,0,0,0.0,0,0.197709,0,FLAT,0.0,0.0,0.0,0.0,,-0.002201,0.0,0.2053084758648866,0.4098470018488551,0,stale_tape,1,0,0.211398,0.162419,0.485348,0.750955,0.33793,part2a21_alpha_positions.csv,part2a21_alpha_eligibility.csv,artifacts_part2_g532/predictions/g532_final_consensus_tape.csv
2024-12-31,,,0,0,0.0,0,0.333995,0,FLAT,0.0,0.0,0.0,0.0,,0.0,0.0,0.2099996418130432,0.4682739713715891,0,stale_tape,1,0,0.168309,0.176167,0.511194,0.760364,0.570273,part2a21_alpha_positions.csv,part2a21_alpha_eligibility.csv,artifacts_part2_g532/predictions/g532_final_consensus_tape.csv
2025-01-01,,,0,0,0.0,0,0.218575,0,FLAT,0.0,0.0,0.0,0.0,,-0.003049,0.0,0.2015838585096007,0.3935075577523106,0,stale_tape,1,0,0.200262,0.171706,0.502807,0.749224,0.337151,part2a21_alpha_positions.csv,part2a21_alpha_eligibility.csv,artifacts_part2_g532/predictions/g532_final_consensus_tape.csv
2025-01-02,,,0,0,0.0,0,0.368912,0,FLAT,0.0,0.0,0.0,0.0,,0.014453,0.0,0.205495719980437,0.4294974888205827,0,stale_tape,1,0,0.199465,0.160748,0.482205,0.757538,0.568153,part2a21_alpha_positions.csv,part2a21_alpha_eligibility.csv,artifacts_part2_g532/predictions/g532_final_consensus_tape.csv
2025-01-03,,,0,0,0.0,0,0.375678,0,FLAT,0.0,0.0,0.0,0.0,,0.006781,0.0,0.2078185250302484,0.4394369292766352,0,stale_tape,1,0,0.143114,0.135953,0.435592,0.800897,0.600672,part2a21_alpha_positions.csv,part2a21_alpha_eligibility.csv,artifacts_part2_g532/predictions/g532_final_consensus_tape.csv
2025-01-06,,,0,0,0.0,0,0.384715,0,FLAT,0.0,0.0,0.0,0.0,,-0.006751,0.0,0.2123352457823621,0.4607085179494644,0,stale_tape,1,0,0.146006,0.130869,0.426033,0.803287,0.602465,part2a21_alpha_positions.csv,part2a21_alpha_eligibility.csv,artifacts_part2_g532/predictions/g532_final_consensus_tape.csv
2025-01-07,,,0,0,0.0,0,0.222207,0,FLAT,0.0,0.0,0.0,0.0,,-0.000393,0.0,0.2010110935659032,0.4016505175584244,0,stale_tape,1,0,0.207461,0.15494,0.471287,0.758157,0.34117,part2a21_alpha_positions.csv,part2a21_alpha_eligibility.csv,artifacts_part2_g532/predictions/g532_final_consensus_tape.csv
2025-01-08,,,0,0,0.0,0,0.221471,0,FLAT,0.0,0.0,0.0,0.0,,0.0,0.0,0.2059400855738731,0.4418902748373969,0,stale_tape,1,0,0.210939,0.156568,0.474348,0.755409,0.339934,part2a21_alpha_positions.csv,part2a21_alpha_eligibility.csv,artifacts_part2_g532/predictions/g532_final_consensus_tape.csv
2025-01-09,,,0,0,0.0,0,0.221857,0,FLAT,0.0,0.0,0.0,0.0,,-0.008025,0.0,0.2051063178095414,0.4280316597630733,0,stale_tape,1,0,0.203398,0.158874,0.478683,0.757128,0.340708,part2a21_alpha_positions.csv,part2a21_alpha_eligibility.csv,artifacts_part2_g532/predictions/g532_final_consensus_tape.csv
2025-01-10,,,0,0,0.0,0,0.211722,0,FLAT,0.0,0.0,0.0,0.0,,0.003045,0.0,0.2135253846260424,0.5063342479748966,0,stale_tape,1,0,0.246438,0.179125,0.516755,0.723058,0.325376,part2a21_alpha_positions.csv,part2a21_alpha_eligibility.csv,artifacts_part2_g532/predictions/g532_final_consensus_tape.csv
2025-01-13,,,0,0,0.0,0,0.406015,0,FLAT,0.0,0.0,0.0,0.0,,0.000942,0.0,0.219647459030788,0.5224999159462825,0,stale_tape,1,0,0.182411,0.158643,0.478249,0.76674,0.575055,part2a21_alpha_positions.csv,part2a21_alpha_eligibility.csv,artifacts_part2_g532/predictions/g532_final_consensus_tape.csv
2025-01-14,,,0,0,0.0,0,0.41137,0,FLAT,0.0,0.0,0.0,0.0,,0.007653,0.0,0.2141429710006533,0.4913858311609891,0,stale_tape,1,0,0.159326,0.162032,0.484621,0.774668,0.581001,part2a21_alpha_positions.csv,part2a21_alpha_eligibility.csv,artifacts_part2_g532/predictions/g532_final_consensus_tape.csv
2025-01-15,,,0,0,0.0,0,0.417838,0,FLAT,0.0,0.0,0.0,0.0,,-0.003871,0.0,0.2136549621429084,0.4638976256284694,0,stale_tape,1,0,0.141817,0.13906,0.441434,0.799225,0.599418,part2a21_alpha_positions.csv,part2a21_alpha_eligibility.csv,artifacts_part2_g532/predictions/g532_final_consensus_tape.csv
2025-01-16,,,0,0,0.0,0,0.405989,0,FLAT,0.0,0.0,0.0,0.0,,0.008788,0.0,0.2101988117786618,0.4557613205144133,0,stale_tape,1,0,0.15679,0.157925,0.476898,0.778791,0.584094,part2a21_alpha_positions.csv,part2a21_alpha_eligibility.csv,artifacts_part2_g532/predictions/g532_final_consensus_tape.csv
2025-01-17,,,0,0,0.0,0,0.439216,0,FLAT,0.0,0.0,0.0,0.0,,0.0,0.0,0.2117444487910181,0.4387130975461762,0,stale_tape,1,0,0.141419,0.132728,0.429528,0.804001,0.603001,part2a21_alpha_positions.csv,part2a21_alpha_eligibility.csv,artifacts_part2_g532/predictions/g532_final_consensus_tape.csv
2025-01-20,,,0,0,0.0,0,0.446739,0,FLAT,0.0,0.0,0.0,0.0,,0.005711,0.0,0.2188800378366538,0.4909605525610981,0,stale_tape,1,0,0.141216,0.134015,0.431948,0.803158,0.602368,part2a21_alpha_positions.csv,part2a21_alpha_eligibility.csv,artifacts_part2_g532/predictions/g532_final_consensus_tape.csv
2025-01-21,,,0,0,0.0,0,0.449067,0,FLAT,0.0,0.0,0.0,0.0,,0.008256,0.0,0.2038026085463396,0.3736051578123802,0,stale_tape,1,0,0.15894,0.134735,0.433301,0.79466,0.595995,part2a21_alpha_positions.csv,part2a21_alpha_eligibility.csv,artifacts_part2_g532/predictions/g532_final_consensus_tape.csv
2025-01-22,,,0,0,0.0,0,0.437278,0,FLAT,0.0,0.0,0.0,0.0,,0.008124,0.0,0.2012744785053834,0.803227333281955,0,stale_tape,1,0,0.166442,0.139433,0.442134,0.787872,0.590904,part2a21_alpha_positions.csv,part2a21_alpha_eligibility.csv,artifacts_part2_g532/predictions/g532_final_consensus_tape.csv
2025-01-23,,,0,0,0.0,0,0.438553,0,FLAT,0.0,0.0,0.0,0.0,,-0.005075,0.0,0.207203062368414,0.7402755579789209,0,stale_tape,1,0,0.135842,0.143741,0.450233,0.798515,0.598886,part2a21_alpha_positions.csv,part2a21_alpha_eligibility.csv,artifacts_part2_g532/predictions/g532_final_consensus_tape.csv
2025-01-24,,,0,0,0.0,0,0.467261,0,FLAT,0.0,0.0,0.0,0.0,,-0.020483,0.0,0.2017265781150975,0.7876435299540304,0,stale_tape,1,0,0.130761,0.10679,0.380765,0.827628,0.620721,part2a21_alpha_positions.csv,part2a21_alpha_eligibility.csv,artifacts_part2_g532/predictions/g532_final_consensus_tape.csv
2025-01-27,,,0,0,0.0,0,0.381753,0,FLAT,0.0,0.0,0.0,0.0,,0.008239,0.0,0.2102676177967878,0.6973085414859824,0,stale_tape,1,0,0.119468,0.145272,0.453111,0.804772,0.603579,part2a21_alpha_positions.csv,part2a21_alpha_eligibility.csv,artifacts_part2_g532/predictions/g532_final_consensus_tape.csv
2025-01-28,,,0,0,0.0,0,0.379388,0,FLAT,0.0,0.0,0.0,0.0,,-0.003217,0.0,0.212202014257169,0.6799469559954306,0,stale_tape,1,0,0.115691,0.142046,0.447046,0.808814,0.60661,part2a21_alpha_positions.csv,part2a21_alpha_eligibility.csv,artifacts_part2_g532/predictions/g532_final_consensus_tape.csv
2025-01-29,,,0,0,0.0,0,0.386562,0,FLAT,0.0,0.0,0.0,0.0,,0.00306,0.0,0.2102100980601915,0.7111258400225672,0,stale_tape,1,0,0.105636,0.133184,0.430386,0.819772,0.614829,part2a21_alpha_positions.csv,part2a21_alpha_eligibility.csv,artifacts_part2_g532/predictions/g532_final_consensus_tape.csv
2025-01-30,,,0,0,0.0,0,0.388558,0,FLAT,0.0,0.0,0.0,0.0,,-0.003742,0.0,0.2076884752843189,0.7446684785335839,0,stale_tape,1,0,0.104634,0.133259,0.430526,0.820169,0.615127,part2a21_alpha_positions.csv,part2a21_alpha_eligibility.csv,artifacts_part2_g532/predictions/g532_final_consensus_tape.csv
2025-01-31,,,0,0,0.0,0,0.389096,0,FLAT,0.0,0.0,0.0,0.0,,-0.007293,0.0,0.2082562558217776,0.7412517154067736,0,stale_tape,1,0,0.10993,0.14105,0.445174,0.812129,0.609097,part2a21_alpha_positions.csv,part2a21_alpha_eligibility.csv,artifacts_part2_g532/predictions/g532_final_consensus_tape.csv
2025-02-03,,,0,0,0.0,0,0.364855,0,FLAT,0.0,0.0,0.0,0.0,,0.004142,0.0,0.2058621477889223,0.7587441949249967,0,stale_tape,1,0,0.164738,0.163942,0.48821,0.770846,0.578135,part2a21_alpha_positions.csv,part2a21_alpha_eligibility.csv,artifacts_part2_g532/predictions/g532_final_consensus_tape.csv
2025-02-04,,,0,0,0.0,0,0.369407,0,FLAT,0.0,0.0,0.0,0.0,,-0.001694,0.0,0.2103542366716945,0.7235083600891224,0,stale_tape,1,0,0.133895,0.174447,0.50796,0.777099,0.582824,part2a21_alpha_positions.csv,part2a21_alpha_eligibility.csv,artifacts_part2_g532/predictions/g532_final_consensus_tape.csv
2025-02-05,,,0,0,0.0,0,0.385907,0,FLAT,0.0,0.0,0.0,0.0,,0.004769,0.0,0.1981436358698217,0.8343307941651514,0,stale_tape,1,0,0.146413,0.144724,0.452081,0.793045,0.594784,part2a21_alpha_positions.csv,part2a21_alpha_eligibility.csv,artifacts_part2_g532/predictions/g532_final_consensus_tape.csv
2025-02-06,,,0,0,0.0,0,0.379442,0,FLAT,0.0,0.0,0.0,0.0,,-0.006445,0.0,0.2009554079773026,0.8020861136965602,0,stale_tape,1,0,0.170357,0.164815,0.489852,0.767684,0.575763,part2a21_alpha_positions.csv,part2a21_alpha_eligibility.csv,artifacts_part2_g532/predictions/g532_final_consensus_tape.csv
2025-02-07,,,0,0,0.0,0,0.389538,0,FLAT,0.0,0.0,0.0,0.0,,0.007343,0.0,0.2111705109054225,0.7076612030013143,0,stale_tape,1,0,0.126379,0.16093,0.482549,0.790294,0.592721,part2a21_alpha_positions.csv,part2a21_alpha_eligibility.csv,artifacts_part2_g532/predictions/g532_final_consensus_tape.csv
2025-02-10,,,0,0,0.0,0,0.439419,0,FLAT,0.0,0.0,0.0,0.0,,0.003479,0.0,0.2043864346184227,0.7707711734069447,0,stale_tape,1,0,0.158044,0.131791,0.427767,0.7972,0.5979,part2a21_alpha_positions.csv,part2a21_alpha_eligibility.csv,artifacts_part2_g532/predictions/g532_final_consensus_tape.csv
2025-02-11,,,0,0,0.0,0,0.467368,0,FLAT,0.0,0.0,0.0,0.0,,0.003603,0.0,0.2109469800456569,0.7003719822285049,0,stale_tape,1,0,0.116646,0.117361,0.400639,0.826305,0.619729,part2a21_alpha_positions.csv,part2a21_alpha_eligibility.csv,artifacts_part2_g532/predictions/g532_final_consensus_tape.csv
2025-02-12,,,0,0,0.0,0,0.452675,0,FLAT,0.0,0.0,0.0,0.0,,0.003054,0.0,0.2175394799563083,0.6340449651719315,0,stale_tape,1,0,0.138126,0.141299,0.445643,0.79926,0.599445,part2a21_alpha_positions.csv,part2a21_alpha_eligibility.csv,artifacts_part2_g532/predictions/g532_final_consensus_tape.csv
2025-02-13,,,0,0,0.0,0,0.439573,0,FLAT,0.0,0.0,0.0,0.0,,-0.004152,0.0,0.2054437162413561,0.7506931300678302,0,stale_tape,1,0,0.182277,0.145811,0.454125,0.776116,0.582087,part2a21_alpha_positions.csv,part2a21_alpha_eligibility.csv,artifacts_part2_g532/predictions/g532_final_consensus_tape.csv
2025-02-14,,,0,0,0.0,0,0.451312,0,FLAT,0.0,0.0,0.0,0.0,,0.0,0.0,0.1959049293106701,0.8416720145548222,0,stale_tape,1,0,0.156637,0.130981,0.426244,0.798421,0.598816,part2a21_alpha_positions.csv,part2a21_alpha_eligibility.csv,artifacts_part2_g532/predictions/g532_final_consensus_tape.csv
2025-02-17,,,0,0,0.0,0,0.469279,0,FLAT,0.0,0.0,0.0,0.0,,0.008258,0.0,0.1963711179726333,0.8381673216328108,0,stale_tape,1,0,0.160211,0.12882,0.422182,0.798382,0.598786,part2a21_alpha_positions.csv,part2a21_alpha_eligibility.csv,artifacts_part2_g532/predictions/g532_final_consensus_tape.csv
2025-02-18,,,0,0,0.0,0,0.458134,0,FLAT,0.0,0.0,0.0,0.0,,0.0008,0.0,0.2092599578376132,0.7296342462725907,0,stale_tape,1,0,0.139868,0.143069,0.448969,0.797192,0.597894,part2a21_alpha_positions.csv,part2a21_alpha_eligibility.csv,artifacts_part2_g532/predictions/g532_final_consensus_tape.csv
2025-02-19,,,0,0,0.0,0,0.488557,0,FLAT,0.0,0.0,0.0,0.0,,-0.006255,0.0,0.2128370853212882,0.6029256235304284,0,stale_tape,1,0,0.069412,0.121807,0.408998,0.844332,0.633249,part2a21_alpha_positions.csv,part2a21_alpha_eligibility.csv,artifacts_part2_g532/predictions/g532_final_consensus_tape.csv
2025-02-20,,,0,0,0.0,0,0.469817,0,FLAT,0.0,0.0,0.0,0.0,,-0.023047,0.0,0.2240273936547943,0.4834013989840116,0,stale_tape,1,0,0.07414,0.132777,0.429621,0.834241,0.625681,part2a21_alpha_positions.csv,part2a21_alpha_eligibility.csv,artifacts_part2_g532/predictions/g532_final_consensus_tape.csv
2025-02-21,,,0,0,0.0,0,0.387803,0,FLAT,0.0,0.0,0.0,0.0,,-0.006873,0.0,0.2097551770835673,0.6447691580134101,0,stale_tape,1,0,0.06728,0.16385,0.488037,0.814769,0.611077,part2a21_alpha_positions.csv,part2a21_alpha_eligibility.csv,artifacts_part2_g532/predictions/g532_final_consensus_tape.csv
2025-02-24,,,0,0,0.0,1,0.091893,0,FLAT,0.0,0.0,0.0,0.0,,-0.012833,0.0,0.2127586515446419,0.621177850353561,0,stale_tape,1,0,0.07345,0.187186,0.53191,0.79505,0.143109,part2a21_alpha_positions.csv,part2a21_alpha_eligibility.csv,artifacts_part2_g532/predictions/g532_final_consensus_tape.csv
2025-02-25,,,0,0,0.0,1,0.092728,0,FLAT,0.0,0.0,0.0,0.0,,-0.002121,0.0,0.2110188195153817,0.633648997786363,0,stale_tape,1,0,0.065897,0.165982,0.492047,0.813843,0.146492,part2a21_alpha_positions.csv,part2a21_alpha_eligibility.csv,artifacts_part2_g532/predictions/g532_final_consensus_tape.csv
2025-02-26,,,0,0,0.0,1,0.093456,0,FLAT,0.0,0.0,0.0,0.0,,-0.01503,0.0,0.2153101026996708,0.5980540816391845,0,stale_tape,1,0,0.067054,0.171844,0.503067,0.809067,0.145632,part2a21_alpha_positions.csv,part2a21_alpha_eligibility.csv,artifacts_part2_g532/predictions/g532_final_consensus_tape.csv
2025-02-27,,,0,0,0.0,1,0.092899,0,FLAT,0.0,0.0,0.0,0.0,,0.00995,0.0,0.214337396984715,0.6082197709325278,0,stale_tape,1,0,0.063914,0.172606,0.504499,0.809926,0.145787,part2a21_alpha_positions.csv,part2a21_alpha_eligibility.csv,artifacts_part2_g532/predictions/g532_final_consensus_tape.csv
2025-02-28,,,0,0,0.0,1,0.087492,0,FLAT,0.0,0.0,0.0,0.0,,-0.020998,0.0,0.2161480049331332,0.5848953422392371,0,stale_tape,1,0,0.068791,0.177027,0.51281,0.804523,0.144814,part2a21_alpha_positions.csv,part2a21_alpha_eligibility.csv,artifacts_part2_g532/predictions/g532_final_consensus_tape.csv
2025-03-03,,,0,0,0.0,1,0.083855,0,FLAT,0.0,0.0,0.0,0.0,,-0.008973,0.0,0.213680778593528,0.6087591521782446,0,stale_tape,1,0,0.067736,0.18219,0.522517,0.801249,0.144225,part2a21_alpha_positions.csv,part2a21_alpha_eligibility.csv,artifacts_part2_g532/predictions/g532_final_consensus_tape.csv
2025-03-04,,,0,0,0.0,1,0.087619,0,FLAT,0.0,0.0,0.0,0.0,,0.016744,0.0,0.2176558182365364,0.5684953937025498,0,stale_tape,1,0,0.066515,0.189247,0.535785,0.796674,0.143401,part2a21_alpha_positions.csv,part2a21_alpha_eligibility.csv,artifacts_part2_g532/predictions/g532_final_consensus_tape.csv
2025-03-05,,,0,0,0.0,1,0.079878,0,FLAT,0.0,0.0,0.0,0.0,,-0.017777,0.0,0.2213400970196101,0.5329270706618356,0,stale_tape,1,0,0.071673,0.182698,0.523472,0.799109,0.14384,part2a21_alpha_positions.csv,part2a21_alpha_eligibility.csv,artifacts_part2_g532/predictions/g532_final_consensus_tape.csv
2025-03-06,,,0,0,0.0,1,0.080611,0,FLAT,0.0,0.0,0.0,0.0,,0.006648,0.0,0.2181138049537828,0.55738504058657,0,stale_tape,1,0,0.067739,0.15746,0.476024,0.819202,0.147456,part2a21_alpha_positions.csv,part2a21_alpha_eligibility.csv,artifacts_part2_g532/predictions/g532_final_consensus_tape.csv
2025-03-07,,,0,0,0.0,1,0.080994,0,FLAT,0.0,0.0,0.0,0.0,,-0.033763,0.0,0.218373558533525,0.5655754489786246,0,stale_tape,1,0,0.067134,0.168519,0.496815,0.811445,0.14606,part2a21_alpha_positions.csv,part2a21_alpha_eligibility.csv,artifacts_part2_g532/predictions/g532_final_consensus_tape.csv
2025-03-10,,,0,0,0.0,1,0.071,0,FLAT,0.0,0.0,0.0,0.0,,-0.004656,0.0,0.2150983340671286,0.5893652175421108,0,stale_tape,1,0,0.063765,0.207422,0.569953,0.784717,0.141249,part2a21_alpha_positions.csv,part2a21_alpha_eligibility.csv,artifacts_part2_g532/predictions/g532_final_consensus_tape.csv
2025-03-11,,,0,0,0.0,1,0.071332,0,FLAT,0.0,0.0,0.0,0.0,,0.0078,0.0,0.2137846965660194,0.6155040302011044,0,stale_tape,1,0,0.063817,0.205034,0.565464,0.786428,0.141557,part2a21_alpha_positions.csv,part2a21_alpha_eligibility.csv,artifacts_part2_g532/predictions/g532_final_consensus_tape.csv
2025-03-12,,,0,0,0.0,1,0.069634,0,FLAT,0.0,0.0,0.0,0.0,,-0.017163,0.0,0.2206247113195808,0.5379698995604617,0,stale_tape,1,0,0.068491,0.205919,0.567127,0.783682,0.141063,part2a21_alpha_positions.csv,part2a21_alpha_eligibility.csv,artifacts_part2_g532/predictions/g532_final_consensus_tape.csv
2025-03-13,,,0,0,0.0,1,0.069505,0,FLAT,0.0,0.0,0.0,0.0,,0.023809,0.0,0.2173876189132748,0.562675539215089,0,stale_tape,1,0,0.06218,0.206913,0.568997,0.7858,0.141444,part2a21_alpha_positions.csv,part2a21_alpha_eligibility.csv,artifacts_part2_g532/predictions/g532_final_consensus_tape.csv
2025-03-14,,,0,0,0.0,1,0.065683,0,FLAT,0.0,0.0,0.0,0.0,,0.006758,0.0,0.2162216787526711,0.584705034825295,0,stale_tape,1,0,0.070985,0.19731,0.550942,0.78881,0.141986,part2a21_alpha_positions.csv,part2a21_alpha_eligibility.csv,artifacts_part2_g532/predictions/g532_final_consensus_tape.csv
2025-03-17,,,0,0,0.0,1,0.065767,0,FLAT,0.0,0.0,0.0,0.0,,-0.011767,0.0,0.2212435899007975,0.5241668614901803,0,stale_tape,1,0,0.073127,0.217136,0.57949,0.775197,0.139536,part2a21_alpha_positions.csv,part2a21_alpha_eligibility.csv,artifacts_part2_g532/predictions/g532_final_consensus_tape.csv
2025-03-18,,,0,0,0.0,1,0.066101,0,FLAT,0.0,0.0,0.0,0.0,,0.007392,0.0,0.2171514469130104,0.5688741103017333,0,stale_tape,1,0,0.070506,0.206341,0.567921,0.782469,0.140844,part2a21_alpha_positions.csv,part2a21_alpha_eligibility.csv,artifacts_part2_g532/predictions/g532_final_consensus_tape.csv
2025-03-19,,,0,0,0.0,1,0.067247,0,FLAT,0.0,0.0,0.0,0.0,,-0.003778,0.0,0.226448862571685,0.4527070479168445,0,stale_tape,1,0,0.091331,0.203827,0.563195,0.774923,0.139486,part2a21_alpha_positions.csv,part2a21_alpha_eligibility.csv,artifacts_part2_g532/predictions/g532_final_consensus_tape.csv
2025-03-20,,,0,0,0.0,1,0.069797,0,FLAT,0.0,0.0,0.0,0.0,,0.001092,0.0,0.2256629289017818,0.401516034723741,0,stale_tape,1,0,0.087622,0.191833,0.540646,0.785299,0.141354,part2a21_alpha_positions.csv,part2a21_alpha_eligibility.csv,artifacts_part2_g532/predictions/g532_final_consensus_tape.csv
2025-03-21,,,0,0,0.0,1,0.071444,0,FLAT,0.0,0.0,0.0,0.0,,0.023202,0.0,0.2256792167117311,0.380378991972341,0,stale_tape,1,0,0.080868,0.178541,0.515658,0.797988,0.143638,part2a21_alpha_positions.csv,part2a21_alpha_eligibility.csv,artifacts_part2_g532/predictions/g532_final_consensus_tape.csv
2025-03-24,,,0,0,0.0,1,0.080699,0,FLAT,0.0,0.0,0.0,0.0,,0.000685,0.0,0.2241069945227342,0.3685406412796255,0,stale_tape,1,0,0.071781,0.138147,0.439717,0.831403,0.149653,part2a21_alpha_positions.csv,part2a21_alpha_eligibility.csv,artifacts_part2_g532/predictions/g532_final_consensus_tape.csv
2025-03-25,,,0,0,0.0,1,0.081542,0,FLAT,0.0,0.0,0.0,0.0,,-0.009406,0.0,0.2268397367707564,0.4482177109548597,0,stale_tape,1,0,0.071808,0.135912,0.435514,0.833014,0.149943,part2a21_alpha_positions.csv,part2a21_alpha_eligibility.csv,artifacts_part2_g532/predictions/g532_final_consensus_tape.csv
2025-03-26,,,0,0,0.0,1,0.078637,0,FLAT,0.0,0.0,0.0,0.0,,-0.001908,0.0,0.2258715837942347,0.4013676949034214,0,stale_tape,1,0,0.079883,0.151483,0.464788,0.818076,0.147254,part2a21_alpha_positions.csv,part2a21_alpha_eligibility.csv,artifacts_part2_g532/predictions/g532_final_consensus_tape.csv
2025-03-27,,,0,0,0.0,1,0.08311,0,FLAT,0.0,0.0,0.0,0.0,,-0.028199,0.0,0.2236017218513533,0.3834335991092277,0,stale_tape,1,0,0.080361,0.152626,0.466938,0.817031,0.147066,part2a21_alpha_positions.csv,part2a21_alpha_eligibility.csv,artifacts_part2_g532/predictions/g532_final_consensus_tape.csv
2025-03-28,,,0,0,0.0,1,0.076551,0,FLAT,0.0,0.0,0.0,0.0,,0.003129,0.0,0.2241261341670478,0.4811443435769407,0,stale_tape,1,0,0.084879,0.18502,0.527837,0.79148,0.142466,part2a21_alpha_positions.csv,part2a21_alpha_eligibility.csv,artifacts_part2_g532/predictions/g532_final_consensus_tape.csv
2025-03-31,,,0,0,0.0,1,0.076656,0,FLAT,0.0,0.0,0.0,0.0,,0.000164,0.0,0.2238707182798007,0.5185476356778705,0,stale_tape,1,0,0.081729,0.192979,0.5428,0.787119,0.141681,part2a21_alpha_positions.csv,part2a21_alpha_eligibility.csv,artifacts_part2_g532/predictions/g532_final_consensus_tape.csv
2025-04-01,,,0,0,0.0,1,0.07837,0,FLAT,0.0,0.0,0.0,0.0,,0.006955,0.0,0.2248334565938458,0.5047928523089901,0,stale_tape,1,0,0.081728,0.185803,0.52931,0.792329,0.142619,part2a21_alpha_positions.csv,part2a21_alpha_eligibility.csv,artifacts_part2_g532/predictions/g532_final_consensus_tape.csv
2025-04-02,,,0,0,0.0,1,0.078795,0,FLAT,0.0,0.0,0.0,0.0,,-0.059101,0.0,0.2286889244127091,0.5749367039640134,0,stale_tape,1,0,0.087295,0.177591,0.513871,0.795786,0.143242,part2a21_alpha_positions.csv,part2a21_alpha_eligibility.csv,artifacts_part2_g532/predictions/g532_final_consensus_tape.csv
2025-04-03,,,0,0,0.0,1,0.052145,0,FLAT,0.0,0.0,0.0,0.0,,-0.062504,0.0,0.2219214834723381,0.3736741636153866,0,stale_tape,1,1,0.092718,0.363976,0.631873,0.704511,0.126812,part2a21_alpha_positions.csv,part2a21_alpha_eligibility.csv,artifacts_part2_g532/predictions/g532_final_consensus_tape.csv
2025-04-04,,,0,0,0.0,1,0.044632,0,FLAT,0.0,0.0,0.0,0.0,,0.007762,0.0,0.2199322777527891,0.4179035030426314,0,stale_tape,1,1,0.091515,0.386819,0.639706,0.69549,0.125188,part2a21_alpha_positions.csv,part2a21_alpha_eligibility.csv,artifacts_part2_g532/predictions/g532_final_consensus_tape.csv
2025-04-07,,,0,0,0.0,1,0.048969,0,FLAT,0.0,0.0,0.0,0.0,,-0.009778,0.0,0.2203979588365615,0.4031782676827877,0,stale_tape,1,1,0.092797,0.298676,0.60903,0.731899,0.131742,part2a21_alpha_positions.csv,part2a21_alpha_eligibility.csv,artifacts_part2_g532/predictions/g532_final_consensus_tape.csv
2025-04-08,,,0,0,0.0,1,0.049967,0,FLAT,0.0,0.0,0.0,0.0,,0.091857,0.0,0.2188237151921578,0.3509866470784898,0,stale_tape,1,1,0.090436,0.284613,0.604018,0.738885,0.132999,part2a21_alpha_positions.csv,part2a21_alpha_eligibility.csv,artifacts_part2_g532/predictions/g532_final_consensus_tape.csv
2025-04-09,,,0,0,0.0,1,0.034964,0,FLAT,0.0,0.0,0.0,0.0,,-0.028483,0.0,0.2184854572800388,0.4682485159238134,0,stale_tape,1,1,0.156902,0.249736,0.591443,0.723698,0.130266,part2a21_alpha_positions.csv,part2a21_alpha_eligibility.csv,artifacts_part2_g532/predictions/g532_final_consensus_tape.csv
2025-04-10,,,0,0,0.0,1,0.034353,0,FLAT,0.0,0.0,0.0,0.0,,0.02311,0.0,0.2186746569891816,0.4013153588932454,0,stale_tape,1,1,0.176098,0.242146,0.588677,0.718269,0.129289,part2a21_alpha_positions.csv,part2a21_alpha_eligibility.csv,artifacts_part2_g532/predictions/g532_final_consensus_tape.csv
2025-04-11,,,0,0,0.0,1,0.03052,0,FLAT,0.0,0.0,0.0,0.0,,0.002011,0.0,0.2122667746162261,0.3881396309248727,0,stale_tape,1,1,0.17101,0.43179,0.65,0.641919,0.115545,part2a21_alpha_positions.csv,part2a21_alpha_eligibility.csv,artifacts_part2_g532/predictions/g532_final_consensus_tape.csv
2025-04-14,,,0,0,0.0,1,0.032116,0,FLAT,0.0,0.0,0.0,0.0,,-0.005775,0.0,0.2139230665443335,0.4247413289693376,0,stale_tape,1,1,0.167554,0.353261,0.628171,0.675325,0.121559,part2a21_alpha_positions.csv,part2a21_alpha_eligibility.csv,artifacts_part2_g532/predictions/g532_final_consensus_tape.csv
2025-04-15,,,0,0,0.0,1,0.031989,0,FLAT,0.0,0.0,0.0,0.0,,-0.026552,0.0,0.2137096187445508,0.4403413496839457,0,stale_tape,1,1,0.170916,0.356127,0.629163,0.672611,0.12107,part2a21_alpha_positions.csv,part2a21_alpha_eligibility.csv,artifacts_part2_g532/predictions/g532_final_consensus_tape.csv
2025-04-16,,,0,0,0.0,1,0.033514,0,FLAT,0.0,0.0,0.0,0.0,,0.004233,0.0,0.2194815588856847,0.4945050386290815,0,stale_tape,1,1,0.131963,0.310248,0.613128,0.709404,0.127693,part2a21_alpha_positions.csv,part2a21_alpha_eligibility.csv,artifacts_part2_g532/predictions/g532_final_consensus_tape.csv
2025-04-17,,,0,0,0.0,1,0.033339,0,FLAT,0.0,0.0,0.0,0.0,,0.0,0.0,0.218597698722315,0.3899002986939816,0,stale_tape,1,1,0.208763,0.348019,0.626353,0.658979,0.118616,part2a21_alpha_positions.csv,part2a21_alpha_eligibility.csv,artifacts_part2_g532/predictions/g532_final_consensus_tape.csv
2025-04-18,,,0,0,0.0,1,0.037804,0,FLAT,0.0,0.0,0.0,0.0,,-0.018715,0.0,0.2195620951908108,0.4228083463249859,0,stale_tape,1,1,0.207793,0.34079,0.62384,0.662448,0.119241,part2a21_alpha_positions.csv,part2a21_alpha_eligibility.csv,artifacts_part2_g532/predictions/g532_final_consensus_tape.csv
2025-04-21,,,0,0,0.0,1,0.037139,0,FLAT,0.0,0.0,0.0,0.0,,0.024178,0.0,0.2183888963201004,0.3612362596129575,0,stale_tape,1,1,0.209678,0.339825,0.623504,0.662006,0.119161,part2a21_alpha_positions.csv,part2a21_alpha_eligibility.csv,artifacts_part2_g532/predictions/g532_final_consensus_tape.csv
2025-04-22,,,0,0,0.0,1,0.037475,0,FLAT,0.0,0.0,0.0,0.0,,0.014876,0.0,0.220548562607748,0.4575672258228933,0,stale_tape,1,1,0.211335,0.31591,0.615125,0.671305,0.120835,part2a21_alpha_positions.csv,part2a21_alpha_eligibility.csv,artifacts_part2_g532/predictions/g532_final_consensus_tape.csv
2025-04-23,,,0,0,0.0,1,0.062471,0,FLAT,0.0,0.0,0.0,0.0,,0.015404,0.0,0.2228582455703125,0.5341574273321781,0,stale_tape,1,0,0.110458,0.204526,0.564508,0.765808,0.137846,part2a21_alpha_positions.csv,part2a21_alpha_eligibility.csv,artifacts_part2_g532/predictions/g532_final_consensus_tape.csv
2025-04-24,,,0,0,0.0,1,0.066846,0,FLAT,0.0,0.0,0.0,0.0,,0.003549,0.0,0.2247934673027562,0.6454391165606258,0,stale_tape,1,0,0.108834,0.198853,0.553843,0.770658,0.138718,part2a21_alpha_positions.csv,part2a21_alpha_eligibility.csv,artifacts_part2_g532/predictions/g532_final_consensus_tape.csv
2025-04-25,,,0,0,0.0,1,0.070583,0,FLAT,0.0,0.0,0.0,0.0,,-0.003371,0.0,0.2237496275465639,0.6159017734726212,0,stale_tape,1,0,0.115198,0.186347,0.530333,0.776873,0.139837,part2a21_alpha_positions.csv,part2a21_alpha_eligibility.csv,artifacts_part2_g532/predictions/g532_final_consensus_tape.csv
2025-04-28,,,0,0,0.0,1,0.06985,0,FLAT,0.0,0.0,0.0,0.0,,0.002598,0.0,0.2230290030709299,0.5543365306027321,0,stale_tape,1,0,0.113535,0.196224,0.5489,0.770451,0.138681,part2a21_alpha_positions.csv,part2a21_alpha_eligibility.csv,artifacts_part2_g532/predictions/g532_final_consensus_tape.csv
2025-04-29,,,0,0,0.0,1,0.070281,0,FLAT,0.0,0.0,0.0,0.0,,-0.001072,0.0,0.2241043727542828,0.5381832492733942,0,stale_tape,1,0,0.113012,0.195739,0.547989,0.771038,0.138787,part2a21_alpha_positions.csv,part2a21_alpha_eligibility.csv,artifacts_part2_g532/predictions/g532_final_consensus_tape.csv
2025-04-30,,,0,0,0.0,1,0.081781,0,FLAT,0.0,0.0,0.0,0.0,,0.011421,0.0,0.226863209761851,0.7075586360447255,0,stale_tape,1,0,0.105659,0.164578,0.489406,0.79697,0.143455,part2a21_alpha_positions.csv,part2a21_alpha_eligibility.csv,artifacts_part2_g532/predictions/g532_final_consensus_tape.csv
2025-05-01,,,0,0,0.0,1,0.080389,0,FLAT,0.0,0.0,0.0,0.0,,0.020971,0.0,0.2252551651239092,0.6276656952387529,0,stale_tape,1,0,0.10758,0.173483,0.506147,0.789641,0.142135,part2a21_alpha_positions.csv,part2a21_alpha_eligibility.csv,artifacts_part2_g532/predictions/g532_final_consensus_tape.csv
2025-05-02,,,0,0,0.0,1,0.077943,0,FLAT,0.0,0.0,0.0,0.0,,-0.00344,0.0,0.2254967142466353,0.6754229249584757,0,stale_tape,1,0,0.111825,0.171873,0.503121,0.788899,0.142002,part2a21_alpha_positions.csv,part2a21_alpha_eligibility.csv,artifacts_part2_g532/predictions/g532_final_consensus_tape.csv
2025-05-05,,,0,0,0.0,1,0.088672,0,FLAT,0.0,0.0,0.0,0.0,,-0.011086,0.0,0.2258352865460336,0.6559096128245075,0,stale_tape,1,0,0.106262,0.144811,0.452244,0.81105,0.145989,part2a21_alpha_positions.csv,part2a21_alpha_eligibility.csv,artifacts_part2_g532/predictions/g532_final_consensus_tape.csv
2025-05-06,,,0,0,0.0,1,0.088318,0,FLAT,0.0,0.0,0.0,0.0,,0.001872,0.0,0.2251061731873485,0.640282554128148,0,stale_tape,1,0,0.10383,0.147459,0.457222,0.810222,0.14584,part2a21_alpha_positions.csv,part2a21_alpha_eligibility.csv,artifacts_part2_g532/predictions/g532_final_consensus_tape.csv
2025-05-07,,,0,0,0.0,0,0.380144,0,FLAT,0.0,0.0,0.0,0.0,,0.014464,0.0,0.2268691813666811,0.6855165609208012,0,stale_tape,1,0,0.094119,0.142587,0.448064,0.818128,0.613596,part2a21_alpha_positions.csv,part2a21_alpha_eligibility.csv,artifacts_part2_g532/predictions/g532_final_consensus_tape.csv
2025-05-08,,,0,0,0.0,0,0.38019,0,FLAT,0.0,0.0,0.0,0.0,,-0.002072,0.0,0.2276497119650852,0.714126844320746,0,stale_tape,1,0,0.095408,0.147094,0.456537,0.814276,0.610707,part2a21_alpha_positions.csv,part2a21_alpha_eligibility.csv,artifacts_part2_g532/predictions/g532_final_consensus_tape.csv
2025-05-09,,,0,0,0.0,0,0.38212,0,FLAT,0.0,0.0,0.0,0.0,,0.039135,0.0,0.2295971462385977,0.7404830460148869,0,stale_tape,1,0,0.093856,0.134936,0.43368,0.823801,0.617851,part2a21_alpha_positions.csv,part2a21_alpha_eligibility.csv,artifacts_part2_g532/predictions/g532_final_consensus_tape.csv
2025-05-12,,,0,0,0.0,0,0.309463,0,FLAT,0.0,0.0,0.0,0.0,,0.007294,0.0,0.2255774770370744,0.6359347732438857,0,stale_tape,1,0,0.111666,0.161573,0.483757,0.796448,0.597336,part2a21_alpha_positions.csv,part2a21_alpha_eligibility.csv,artifacts_part2_g532/predictions/g532_final_consensus_tape.csv
2025-05-13,,,0,0,0.0,0,0.294168,0,FLAT,0.0,0.0,0.0,0.0,,0.004984,0.0,0.2257630272222897,0.659519438570122,0,stale_tape,1,0,0.184815,0.173601,0.50637,0.754799,0.566099,part2a21_alpha_positions.csv,part2a21_alpha_eligibility.csv,artifacts_part2_g532/predictions/g532_final_consensus_tape.csv
2025-05-14,,,0,0,0.0,0,0.302839,0,FLAT,0.0,0.0,0.0,0.0,,-0.00162,0.0,0.22618670952562,0.6376204987431305,0,stale_tape,1,0,0.135462,0.183595,0.525159,0.769752,0.577314,part2a21_alpha_positions.csv,part2a21_alpha_eligibility.csv,artifacts_part2_g532/predictions/g532_final_consensus_tape.csv
2025-05-15,,,0,0,0.0,0,0.311024,0,FLAT,0.0,0.0,0.0,0.0,,0.006109,0.0,0.226347889971328,0.7021527119084414,0,stale_tape,1,0,0.111825,0.159374,0.479622,0.797973,0.59848,part2a21_alpha_positions.csv,part2a21_alpha_eligibility.csv,artifacts_part2_g532/predictions/g532_final_consensus_tape.csv
2025-05-16,,,0,0,0.0,0,0.316588,0,FLAT,0.0,0.0,0.0,0.0,,0.001557,0.0,0.227205903673696,0.6223795132581867,0,stale_tape,1,0,0.117966,0.167106,0.494159,0.789596,0.592197,part2a21_alpha_positions.csv,part2a21_alpha_eligibility.csv,artifacts_part2_g532/predictions/g532_final_consensus_tape.csv
2025-05-19,,,0,0,0.0,0,0.323776,0,FLAT,0.0,0.0,0.0,0.0,,-0.002276,0.0,0.2280394959185113,0.6666039943898017,0,stale_tape,1,0,0.118891,0.152273,0.466273,0.799949,0.599962,part2a21_alpha_positions.csv,part2a21_alpha_eligibility.csv,artifacts_part2_g532/predictions/g532_final_consensus_tape.csv
2025-05-20,,,0,0,0.0,0,0.333259,0,FLAT,0.0,0.0,0.0,0.0,,-0.009907,0.0,0.2278544169270397,0.6643431393662046,0,stale_tape,1,0,0.117612,0.159571,0.479993,0.795226,0.59642,part2a21_alpha_positions.csv,part2a21_alpha_eligibility.csv,artifacts_part2_g532/predictions/g532_final_consensus_tape.csv
2025-05-21,,,0,0,0.0,0,0.317143,0,FLAT,0.0,0.0,0.0,0.0,,-0.003284,0.0,0.2225893793154933,0.6131167327418904,0,stale_tape,1,0,0.124289,0.169659,0.498958,0.784898,0.588673,part2a21_alpha_positions.csv,part2a21_alpha_eligibility.csv,artifacts_part2_g532/predictions/g532_final_consensus_tape.csv
2025-05-22,,,0,0,0.0,0,0.321153,0,FLAT,0.0,0.0,0.0,0.0,,-0.00966,0.0,0.2229761117891317,0.6224966646092043,0,stale_tape,1,0,0.115493,0.165349,0.490856,0.791985,0.593989,part2a21_alpha_positions.csv,part2a21_alpha_eligibility.csv,artifacts_part2_g532/predictions/g532_final_consensus_tape.csv
2025-05-23,,,0,0,0.0,0,0.306177,0,FLAT,0.0,0.0,0.0,0.0,,0.0,0.0,0.2218607266830824,0.5777799886520245,0,stale_tape,1,0,0.126753,0.188369,0.534134,0.770205,0.577654,part2a21_alpha_positions.csv,part2a21_alpha_eligibility.csv,artifacts_part2_g532/predictions/g532_final_consensus_tape.csv
2025-05-26,,,0,0,0.0,0,0.423924,0,FLAT,0.0,0.0,0.0,0.0,,0.01619,0.0,0.2224230233341823,0.595615133363166,0,stale_tape,1,0,0.126528,0.174588,0.508225,0.780312,0.585234,part2a21_alpha_positions.csv,part2a21_alpha_eligibility.csv,artifacts_part2_g532/predictions/g532_final_consensus_tape.csv
2025-05-27,,,0,0,0.0,0,0.398635,0,FLAT,0.0,0.0,0.0,0.0,,-0.002956,0.0,0.2245539539951911,0.6317827615197548,0,stale_tape,1,0,0.122413,0.160981,0.482644,0.792042,0.594032,part2a21_alpha_positions.csv,part2a21_alpha_eligibility.csv,artifacts_part2_g532/predictions/g532_final_consensus_tape.csv
2025-05-28,,,0,0,0.0,0,0.407295,0,FLAT,0.0,0.0,0.0,0.0,,-0.000302,0.0,0.2242996136595238,0.6614351539151186,0,stale_tape,1,0,0.114984,0.14847,0.459123,0.804468,0.603351,part2a21_alpha_positions.csv,part2a21_alpha_eligibility.csv,artifacts_part2_g532/predictions/g532_final_consensus_tape.csv
2025-05-29,,,0,0,0.0,0,0.411621,0,FLAT,0.0,0.0,0.0,0.0,,-0.003998,0.0,0.2261562735514529,0.7302787623549295,0,stale_tape,1,0,0.108634,0.141045,0.445164,0.812716,0.609537,part2a21_alpha_positions.csv,part2a21_alpha_eligibility.csv,artifacts_part2_g532/predictions/g532_final_consensus_tape.csv
2025-05-30,,,0,0,0.0,0,0.412985,0,FLAT,0.0,0.0,0.0,0.0,,0.009198,0.0,0.2269540147530465,0.7553530784680719,0,stale_tape,1,0,0.113846,0.148783,0.459712,0.804753,0.603564,part2a21_alpha_positions.csv,part2a21_alpha_eligibility.csv,artifacts_part2_g532/predictions/g532_final_consensus_tape.csv
2025-06-02,,,0,0,0.0,0,0.392986,0,FLAT,0.0,0.0,0.0,0.0,,0.006613,0.0,0.2253028416567667,0.7347032559836103,0,stale_tape,1,0,0.116405,0.167923,0.495696,0.789705,0.592279,part2a21_alpha_positions.csv,part2a21_alpha_eligibility.csv,artifacts_part2_g532/predictions/g532_final_consensus_tape.csv
2025-06-03,,,0,0,0.0,0,0.394532,0,FLAT,0.0,0.0,0.0,0.0,,-0.007964,0.0,0.2270860629958164,0.6668449535118449,0,stale_tape,1,0,0.118234,0.148968,0.460061,0.802644,0.601983,part2a21_alpha_positions.csv,part2a21_alpha_eligibility.csv,artifacts_part2_g532/predictions/g532_final_consensus_tape.csv
2025-06-04,,,0,0,0.0,0,0.408628,0,FLAT,0.0,0.0,0.0,0.0,,-0.00172,0.0,0.229510832525679,0.783627668790667,0,stale_tape,1,0,0.100849,0.13187,0.427916,0.82288,0.61716,part2a21_alpha_positions.csv,part2a21_alpha_eligibility.csv,artifacts_part2_g532/predictions/g532_final_consensus_tape.csv
2025-06-05,,,0,0,0.0,0,0.398092,0,FLAT,0.0,0.0,0.0,0.0,,0.018155,0.0,0.2264303397671981,0.7075794812101311,0,stale_tape,1,0,0.117115,0.154002,0.469523,0.799493,0.59962,part2a21_alpha_positions.csv,part2a21_alpha_eligibility.csv,artifacts_part2_g532/predictions/g532_final_consensus_tape.csv
2025-06-06,,,0,0,0.0,0,0.388492,0,FLAT,0.0,0.0,0.0,0.0,,-0.000745,0.0,0.2268339050822111,0.7338721428775088,0,stale_tape,1,0,0.115179,0.143133,0.44909,0.808255,0.606191,part2a21_alpha_positions.csv,part2a21_alpha_eligibility.csv,artifacts_part2_g532/predictions/g532_final_consensus_tape.csv
2025-06-09,,,0,0,0.0,0,0.394791,0,FLAT,0.0,0.0,0.0,0.0,,0.003974,0.0,0.2268196513183835,0.7063101381684044,0,stale_tape,1,0,0.10427,0.130267,0.424901,0.822505,0.616879,part2a21_alpha_positions.csv,part2a21_alpha_eligibility.csv,artifacts_part2_g532/predictions/g532_final_consensus_tape.csv
2025-06-10,,,0,0,0.0,0,0.408111,0,FLAT,0.0,0.0,0.0,0.0,,-0.006911,0.0,0.2281360953126285,0.6535661830534718,0,stale_tape,1,0,0.120616,0.140236,0.443644,0.807912,0.605934,part2a21_alpha_positions.csv,part2a21_alpha_eligibility.csv,artifacts_part2_g532/predictions/g532_final_consensus_tape.csv
2025-06-11,,,0,0,0.0,0,0.404543,0,FLAT,0.0,0.0,0.0,0.0,,-0.000568,0.0,0.2224523220918088,0.7552413393473646,0,stale_tape,1,0,0.107502,0.140174,0.443528,0.813857,0.610393,part2a21_alpha_positions.csv,part2a21_alpha_eligibility.csv,artifacts_part2_g532/predictions/g532_final_consensus_tape.csv
2025-06-12,,,0,0,0.0,0,0.398188,0,FLAT,0.0,0.0,0.0,0.0,,-0.007494,0.0,0.2212333440205205,0.6899303150374961,0,stale_tape,1,0,0.115341,0.152577,0.466844,0.801326,0.600994,part2a21_alpha_positions.csv,part2a21_alpha_eligibility.csv,artifacts_part2_g532/predictions/g532_final_consensus_tape.csv
2025-06-13,,,0,0,0.0,0,0.38102,0,FLAT,0.0,0.0,0.0,0.0,,0.012479,0.0,0.2196867219373263,0.622667973538634,0,stale_tape,1,0,0.124374,0.17945,0.517367,0.777751,0.583313,part2a21_alpha_positions.csv,part2a21_alpha_eligibility.csv,artifacts_part2_g532/predictions/g532_final_consensus_tape.csv
2025-06-16,,,0,0,0.0,0,0.386339,0,FLAT,0.0,0.0,0.0,0.0,,-0.013436,0.0,0.2199013481633365,0.5961084390203714,0,stale_tape,1,0,0.115525,0.151911,0.465593,0.801726,0.601295,part2a21_alpha_positions.csv,part2a21_alpha_eligibility.csv,artifacts_part2_g532/predictions/g532_final_consensus_tape.csv
2025-06-17,,,0,0,0.0,0,0.212699,0,FLAT,0.0,0.0,0.0,0.0,,-0.000835,0.0,0.2212680047193827,0.7049660911837167,0,stale_tape,1,0,0.120335,0.200179,0.556337,0.764519,0.344034,part2a21_alpha_positions.csv,part2a21_alpha_eligibility.csv,artifacts_part2_g532/predictions/g532_final_consensus_tape.csv
2025-06-18,,,0,0,0.0,0,0.370747,0,FLAT,0.0,0.0,0.0,0.0,,0.0,0.0,0.2209263463856475,0.6841389908282604,0,stale_tape,1,0,0.10965,0.174085,0.50728,0.788272,0.591204,part2a21_alpha_positions.csv,part2a21_alpha_eligibility.csv,artifacts_part2_g532/predictions/g532_final_consensus_tape.csv
2025-06-19,,,0,0,0.0,0,0.371904,0,FLAT,0.0,0.0,0.0,0.0,,-0.003406,0.0,0.2208802430424477,0.6744668391620839,0,stale_tape,1,0,0.114752,0.168629,0.497022,0.789937,0.592453,part2a21_alpha_positions.csv,part2a21_alpha_eligibility.csv,artifacts_part2_g532/predictions/g532_final_consensus_tape.csv
2025-06-20,,,0,0,0.0,0,0.414332,0,FLAT,0.0,0.0,0.0,0.0,,0.006763,0.0,0.221222714104609,0.6857245669263046,0,stale_tape,1,0,0.114898,0.157659,0.476398,0.797836,0.598377,part2a21_alpha_positions.csv,part2a21_alpha_eligibility.csv,artifacts_part2_g532/predictions/g532_final_consensus_tape.csv
2025-06-23,,,0,0,0.0,0,0.399848,0,FLAT,0.0,0.0,0.0,0.0,,0.007457,0.0,0.2213414289900598,0.6933009270114955,0,stale_tape,1,0,0.115988,0.172164,0.503668,0.786815,0.590111,part2a21_alpha_positions.csv,part2a21_alpha_eligibility.csv,artifacts_part2_g532/predictions/g532_final_consensus_tape.csv
2025-06-24,,,0,0,0.0,0,0.408328,0,FLAT,0.0,0.0,0.0,0.0,,8e-05,0.0,0.2246700448440901,0.8195114943085985,0,stale_tape,1,0,0.098756,0.14425,0.45119,0.814834,0.611126,part2a21_alpha_positions.csv,part2a21_alpha_eligibility.csv,artifacts_part2_g532/predictions/g532_final_consensus_tape.csv
2025-06-25,,,0,0,0.0,0,0.41124,0,FLAT,0.0,0.0,0.0,0.0,,0.004322,0.0,0.2231853181485625,0.7391037379634247,0,stale_tape,1,0,0.108389,0.145693,0.453904,0.809452,0.607089,part2a21_alpha_positions.csv,part2a21_alpha_eligibility.csv,artifacts_part2_g532/predictions/g532_final_consensus_tape.csv
2025-06-26,,,0,0,0.0,0,0.412887,0,FLAT,0.0,0.0,0.0,0.0,,0.007568,0.0,0.2237747966697379,0.7922913207504662,0,stale_tape,1,0,0.100944,0.140549,0.444232,0.816536,0.612402,part2a21_alpha_positions.csv,part2a21_alpha_eligibility.csv,artifacts_part2_g532/predictions/g532_final_consensus_tape.csv
2025-06-27,,,0,0,0.0,1,0.099965,0,FLAT,0.0,0.0,0.0,0.0,,0.00101,0.0,0.2233092904352066,0.7939711167768149,0,stale_tape,1,0,0.099966,0.145508,0.453555,0.813376,0.146408,part2a21_alpha_positions.csv,part2a21_alpha_eligibility.csv,artifacts_part2_g532/predictions/g532_final_consensus_tape.csv
2025-06-30,,,0,0,0.0,1,0.106782,0,FLAT,0.0,0.0,0.0,0.0,,0.001398,0.0,0.2234922673395133,0.7937790751651347,0,stale_tape,1,0,0.090092,0.125755,0.41642,0.83216,0.149789,part2a21_alpha_positions.csv,part2a21_alpha_eligibility.csv,artifacts_part2_g532/predictions/g532_final_consensus_tape.csv
2025-07-01,,,0,0,0.0,1,0.116522,0,FLAT,0.0,0.0,0.0,0.0,,0.006529,0.0,0.2228550991221315,0.7730536272199305,0,stale_tape,1,0,0.109531,0.150416,0.462782,0.805509,0.144992,part2a21_alpha_positions.csv,part2a21_alpha_eligibility.csv,artifacts_part2_g532/predictions/g532_final_consensus_tape.csv
2025-07-02,,,0,0,0.0,1,0.117064,0,FLAT,0.0,0.0,0.0,0.0,,0.012084,0.0,0.2209733637989903,0.6183603033370355,0,stale_tape,1,0,0.113263,0.14242,0.447749,0.809635,0.145734,part2a21_alpha_positions.csv,part2a21_alpha_eligibility.csv,artifacts_part2_g532/predictions/g532_final_consensus_tape.csv
2025-07-03,,,0,0,0.0,1,0.112683,0,FLAT,0.0,0.0,0.0,0.0,,0.0,0.0,0.2198464118463005,0.5683631771688683,0,stale_tape,1,0,0.114762,0.143734,0.450221,0.808006,0.145441,part2a21_alpha_positions.csv,part2a21_alpha_eligibility.csv,artifacts_part2_g532/predictions/g532_final_consensus_tape.csv
2025-07-04,,,0,0,0.0,1,0.116208,0,FLAT,0.0,0.0,0.0,0.0,,-0.004876,0.0,0.2213744358598828,0.651807241982826,0,stale_tape,1,0,0.113035,0.141043,0.445161,0.810737,0.145933,part2a21_alpha_positions.csv,part2a21_alpha_eligibility.csv,artifacts_part2_g532/predictions/g532_final_consensus_tape.csv
2025-07-07,,,0,0,0.0,1,0.109833,0,FLAT,0.0,0.0,0.0,0.0,,0.000817,0.0,0.2171162287976963,0.4645265898949285,0,stale_tape,1,0,0.12068,0.148431,0.45905,0.801933,0.144348,part2a21_alpha_positions.csv,part2a21_alpha_eligibility.csv,artifacts_part2_g532/predictions/g532_final_consensus_tape.csv
2025-07-08,,,0,0,0.0,1,0.110803,0,FLAT,0.0,0.0,0.0,0.0,,0.000728,0.0,0.2193324878940677,0.5781093055057315,0,stale_tape,1,0,0.116226,0.148851,0.459841,0.803632,0.144654,part2a21_alpha_positions.csv,part2a21_alpha_eligibility.csv,artifacts_part2_g532/predictions/g532_final_consensus_tape.csv
2025-07-09,,,0,0,0.0,1,0.115758,0,FLAT,0.0,0.0,0.0,0.0,,0.003452,0.0,0.2187474153691792,0.7536491644696688,0,stale_tape,1,0,0.078998,0.124562,0.414177,0.838019,0.150843,part2a21_alpha_positions.csv,part2a21_alpha_eligibility.csv,artifacts_part2_g532/predictions/g532_final_consensus_tape.csv
2025-07-10,,,0,0,0.0,1,0.115857,0,FLAT,0.0,0.0,0.0,0.0,,0.001049,0.0,0.2187529120038767,0.7631026902522372,0,stale_tape,1,0,0.077513,0.125605,0.416138,0.83793,0.150827,part2a21_alpha_positions.csv,part2a21_alpha_eligibility.csv,artifacts_part2_g532/predictions/g532_final_consensus_tape.csv
2025-07-11,,,0,0,0.0,1,0.117245,0,FLAT,0.0,0.0,0.0,0.0,,0.002393,0.0,0.2174935230871896,0.7074608512211996,0,stale_tape,1,0,0.081516,0.125064,0.41512,0.836522,0.150574,part2a21_alpha_positions.csv,part2a21_alpha_eligibility.csv,artifacts_part2_g532/predictions/g532_final_consensus_tape.csv
2025-07-14,,,0,0,0.0,1,0.11821,0,FLAT,0.0,0.0,0.0,0.0,,-0.000412,0.0,0.2174893231795351,0.67063407134475,0,stale_tape,1,0,0.07927,0.118137,0.402098,0.842561,0.151661,part2a21_alpha_positions.csv,part2a21_alpha_eligibility.csv,artifacts_part2_g532/predictions/g532_final_consensus_tape.csv
2025-07-15,,,0,0,0.0,1,0.115035,0,FLAT,0.0,0.0,0.0,0.0,,0.000517,0.0,0.2170631588655012,0.6763654333803634,0,stale_tape,1,0,0.099446,0.132361,0.428838,0.823155,0.148168,part2a21_alpha_positions.csv,part2a21_alpha_eligibility.csv,artifacts_part2_g532/predictions/g532_final_consensus_tape.csv
2025-07-16,,,0,0,0.0,1,0.115217,0,FLAT,0.0,0.0,0.0,0.0,,0.006297,0.0,0.2166706414911425,0.6454239449547886,0,stale_tape,1,0,0.097086,0.145994,0.454469,0.814319,0.146577,part2a21_alpha_positions.csv,part2a21_alpha_eligibility.csv,artifacts_part2_g532/predictions/g532_final_consensus_tape.csv
2025-07-17,,,0,0,0.0,0,0.523911,0,FLAT,0.0,0.0,0.0,0.0,,-0.003209,0.0,0.2180672895156782,0.7285285263650619,0,stale_tape,1,0,0.091569,0.133842,0.431623,0.825625,0.619219,part2a21_alpha_positions.csv,part2a21_alpha_eligibility.csv,artifacts_part2_g532/predictions/g532_final_consensus_tape.csv
2025-07-18,,,0,0,0.0,0,0.528631,0,FLAT,0.0,0.0,0.0,0.0,,-0.001706,0.0,0.218840228508623,0.7675830081045149,0,stale_tape,1,0,0.074194,0.116542,0.3991,0.846003,0.634502,part2a21_alpha_positions.csv,part2a21_alpha_eligibility.csv,artifacts_part2_g532/predictions/g532_final_consensus_tape.csv
2025-07-21,,,0,0,0.0,0,0.534469,0,FLAT,0.0,0.0,0.0,0.0,,-0.002846,0.0,0.2190499308803459,0.7694136375132912,0,stale_tape,1,0,0.082431,0.12975,0.42393,0.832707,0.624531,part2a21_alpha_positions.csv,part2a21_alpha_eligibility.csv,artifacts_part2_g532/predictions/g532_final_consensus_tape.csv
2025-07-22,,,0,0,0.0,0,0.527674,0,FLAT,0.0,0.0,0.0,0.0,,0.012045,0.0,0.2198448654093556,0.8070245666556085,0,stale_tape,1,0,0.079404,0.129817,0.424056,0.834021,0.625516,part2a21_alpha_positions.csv,part2a21_alpha_eligibility.csv,artifacts_part2_g532/predictions/g532_final_consensus_tape.csv
2025-07-23,,,0,0,0.0,0,0.477066,0,FLAT,0.0,0.0,0.0,0.0,,0.002166,0.0,0.219082215541449,0.7784700425699181,0,stale_tape,1,0,0.085869,0.139942,0.443092,0.823761,0.61782,part2a21_alpha_positions.csv,part2a21_alpha_eligibility.csv,artifacts_part2_g532/predictions/g532_final_consensus_tape.csv
2025-07-24,,,0,0,0.0,0,0.488667,0,FLAT,0.0,0.0,0.0,0.0,,0.001645,0.0,0.2192756484830929,0.7848589621156493,0,stale_tape,1,0,0.074922,0.121096,0.407661,0.842369,0.631777,part2a21_alpha_positions.csv,part2a21_alpha_eligibility.csv,artifacts_part2_g532/predictions/g532_final_consensus_tape.csv
2025-07-25,,,0,0,0.0,0,0.483202,0,FLAT,0.0,0.0,0.0,0.0,,0.00198,0.0,0.2193849988250367,0.7256992037321056,0,stale_tape,1,0,0.081639,0.130161,0.424704,0.832765,0.624574,part2a21_alpha_positions.csv,part2a21_alpha_eligibility.csv,artifacts_part2_g532/predictions/g532_final_consensus_tape.csv
2025-07-28,,,0,0,0.0,0,0.475425,0,FLAT,0.0,0.0,0.0,0.0,,-0.009137,0.0,0.2191519906884019,0.7810354990407031,0,stale_tape,1,0,0.09363,0.141478,0.445978,0.819154,0.614365,part2a21_alpha_positions.csv,part2a21_alpha_eligibility.csv,artifacts_part2_g532/predictions/g532_final_consensus_tape.csv
2025-07-29,,,0,0,0.0,0,0.454991,0,FLAT,0.0,0.0,0.0,0.0,,0.002258,0.0,0.2195316822880648,0.797786903539159,0,stale_tape,1,0,0.084662,0.13591,0.43551,0.827232,0.620424,part2a21_alpha_positions.csv,part2a21_alpha_eligibility.csv,artifacts_part2_g532/predictions/g532_final_consensus_tape.csv
2025-07-30,,,0,0,0.0,0,0.453739,0,FLAT,0.0,0.0,0.0,0.0,,-0.004605,0.0,0.2196382825770307,0.7989544640524864,0,stale_tape,1,0,0.084362,0.138291,0.439988,0.825638,0.619228,part2a21_alpha_positions.csv,part2a21_alpha_eligibility.csv,artifacts_part2_g532/predictions/g532_final_consensus_tape.csv
2025-07-31,,,0,0,0.0,0,0.444463,0,FLAT,0.0,0.0,0.0,0.0,,-0.028055,0.0,0.2175723006013855,0.7263991191182199,0,stale_tape,1,0,0.092451,0.161393,0.483419,0.805225,0.603919,part2a21_alpha_positions.csv,part2a21_alpha_eligibility.csv,artifacts_part2_g532/predictions/g532_final_consensus_tape.csv
2025-08-01,,,0,0,0.0,0,0.207865,0,FLAT,0.0,0.0,0.0,0.0,,0.013734,0.0,0.2162035779262942,0.6473443828689801,0,stale_tape,1,0,0.097292,0.206389,0.568011,0.770381,0.346671,part2a21_alpha_positions.csv,part2a21_alpha_eligibility.csv,artifacts_part2_g532/predictions/g532_final_consensus_tape.csv
2025-08-04,,,0,0,0.0,0,0.33908,0,FLAT,0.0,0.0,0.0,0.0,,-0.00409,0.0,0.2172297425806807,0.7137089004175139,0,stale_tape,1,0,0.082232,0.190287,0.53774,0.788847,0.591635,part2a21_alpha_positions.csv,part2a21_alpha_eligibility.csv,artifacts_part2_g532/predictions/g532_final_consensus_tape.csv
2025-08-05,,,0,0,0.0,0,0.34387,0,FLAT,0.0,0.0,0.0,0.0,,0.008135,0.0,0.2175633040291844,0.7302294949882261,0,stale_tape,1,0,0.085555,0.171782,0.50295,0.800787,0.60059,part2a21_alpha_positions.csv,part2a21_alpha_eligibility.csv,artifacts_part2_g532/predictions/g532_final_consensus_tape.csv
2025-08-06,,,0,0,0.0,0,0.352067,0,FLAT,0.0,0.0,0.0,0.0,,0.00013,0.0,0.213205642002027,0.736419024396076,0,stale_tape,1,0,0.123131,0.139958,0.44312,0.806982,0.605236,part2a21_alpha_positions.csv,part2a21_alpha_eligibility.csv,artifacts_part2_g532/predictions/g532_final_consensus_tape.csv
2025-08-07,,,0,0,0.0,0,0.357683,0,FLAT,0.0,0.0,0.0,0.0,,0.00993,0.0,0.2107098952480902,0.8032035970545629,0,stale_tape,1,0,0.119867,0.126629,0.418063,0.818127,0.613595,part2a21_alpha_positions.csv,part2a21_alpha_eligibility.csv,artifacts_part2_g532/predictions/g532_final_consensus_tape.csv
2025-08-08,,,0,0,0.0,0,0.353077,0,FLAT,0.0,0.0,0.0,0.0,,-0.002365,0.0,0.2114609386739018,0.8000207407697411,0,stale_tape,1,0,0.107256,0.12542,0.415789,0.82468,0.61851,part2a21_alpha_positions.csv,part2a21_alpha_eligibility.csv,artifacts_part2_g532/predictions/g532_final_consensus_tape.csv
2025-08-11,,,0,0,0.0,0,0.35237,0,FLAT,0.0,0.0,0.0,0.0,,0.010828,0.0,0.2115342291329337,0.774758632220428,0,stale_tape,1,0,0.114416,0.124929,0.414867,0.821814,0.616361,part2a21_alpha_positions.csv,part2a21_alpha_eligibility.csv,artifacts_part2_g532/predictions/g532_final_consensus_tape.csv
2025-08-12,,,0,0,0.0,0,0.35264,0,FLAT,0.0,0.0,0.0,0.0,,-7.7e-05,0.0,0.2108660204370883,0.8086082932139725,0,stale_tape,1,0,0.103771,0.12106,0.407592,0.829414,0.62206,part2a21_alpha_positions.csv,part2a21_alpha_eligibility.csv,artifacts_part2_g532/predictions/g532_final_consensus_tape.csv
2025-08-13,,,0,0,0.0,0,0.352067,0,FLAT,0.0,0.0,0.0,0.0,,0.00326,0.0,0.2106963031675488,0.8089612423345119,0,stale_tape,1,0,0.105856,0.122171,0.409682,0.827669,0.620751,part2a21_alpha_positions.csv,part2a21_alpha_eligibility.csv,artifacts_part2_g532/predictions/g532_final_consensus_tape.csv
2025-08-14,,,0,0,0.0,0,0.355193,0,FLAT,0.0,0.0,0.0,0.0,,-0.000168,0.0,0.2115733066470384,0.7812304875320318,0,stale_tape,1,0,0.10646,0.115976,0.398034,0.831895,0.623921,part2a21_alpha_positions.csv,part2a21_alpha_eligibility.csv,artifacts_part2_g532/predictions/g532_final_consensus_tape.csv
2025-08-15,,,0,0,0.0,0,0.576764,0,FLAT,0.0,0.0,0.0,0.0,,0.000591,0.0,0.2128886807270828,0.7258635558752827,0,stale_tape,1,0,0.10625,0.10631,0.379863,0.839006,0.804852,part2a21_alpha_positions.csv,part2a21_alpha_eligibility.csv,artifacts_part2_g532/predictions/g532_final_consensus_tape.csv
2025-08-18,,,0,0,0.0,0,0.463993,0,FLAT,0.0,0.0,0.0,0.0,,-0.007996,0.0,0.2130855500227676,0.724682609559378,0,stale_tape,1,0,0.122809,0.116162,0.398384,0.824403,0.618302,part2a21_alpha_positions.csv,part2a21_alpha_eligibility.csv,artifacts_part2_g532/predictions/g532_final_consensus_tape.csv
2025-08-19,,,0,0,0.0,0,0.433111,0,FLAT,0.0,0.0,0.0,0.0,,-0.004106,0.0,0.2144131286269292,0.6873471612812874,0,stale_tape,1,0,0.148976,0.142186,0.447309,0.793734,0.5953,part2a21_alpha_positions.csv,part2a21_alpha_eligibility.csv,artifacts_part2_g532/predictions/g532_final_consensus_tape.csv
2025-08-20,,,0,0,0.0,0,0.435001,0,FLAT,0.0,0.0,0.0,0.0,,-0.00101,0.0,0.2146404615335785,0.6910835695481016,0,stale_tape,1,0,0.147687,0.142929,0.448706,0.793775,0.595331,part2a21_alpha_positions.csv,part2a21_alpha_eligibility.csv,artifacts_part2_g532/predictions/g532_final_consensus_tape.csv
2025-08-21,,,0,0,0.0,0,0.429804,0,FLAT,0.0,0.0,0.0,0.0,,0.009636,0.0,0.2142061912529785,0.7028907801946591,0,stale_tape,1,0,0.152696,0.151375,0.464584,0.785389,0.589042,part2a21_alpha_positions.csv,part2a21_alpha_eligibility.csv,artifacts_part2_g532/predictions/g532_final_consensus_tape.csv
2025-08-22,,,0,0,0.0,0,0.444445,0,FLAT,0.0,0.0,0.0,0.0,,-0.002254,0.0,0.2160194065677285,0.6177389020650651,0,stale_tape,1,0,0.136203,0.127345,0.419409,0.810256,0.607692,part2a21_alpha_positions.csv,part2a21_alpha_eligibility.csv,artifacts_part2_g532/predictions/g532_final_consensus_tape.csv
2025-08-25,,,0,0,0.0,0,0.447994,0,FLAT,0.0,0.0,0.0,0.0,,0.001375,0.0,0.2163105007028917,0.6104226167219443,0,stale_tape,1,0,0.129506,0.122938,0.411123,0.81647,0.612352,part2a21_alpha_positions.csv,part2a21_alpha_eligibility.csv,artifacts_part2_g532/predictions/g532_final_consensus_tape.csv
2025-08-26,,,0,0,0.0,0,0.482351,0,FLAT,0.0,0.0,0.0,0.0,,0.000414,0.0,0.2167828311285092,0.5848198494132579,0,stale_tape,1,0,0.117247,0.109077,0.385064,0.832049,0.624037,part2a21_alpha_positions.csv,part2a21_alpha_eligibility.csv,artifacts_part2_g532/predictions/g532_final_consensus_tape.csv
2025-08-27,,,0,0,0.0,0,0.482067,0,FLAT,0.0,0.0,0.0,0.0,,0.001238,0.0,0.2157799244527927,0.6277953954630902,0,stale_tape,1,0,0.114113,0.111548,0.389711,0.831665,0.623749,part2a21_alpha_positions.csv,part2a21_alpha_eligibility.csv,artifacts_part2_g532/predictions/g532_final_consensus_tape.csv
2025-08-28,,,0,0,0.0,0,0.487331,0,FLAT,0.0,0.0,0.0,0.0,,-0.004952,0.0,0.2138899549858299,0.6972883269633172,0,stale_tape,1,0,0.106428,0.110441,0.387629,0.835927,0.626946,part2a21_alpha_positions.csv,part2a21_alpha_eligibility.csv,artifacts_part2_g532/predictions/g532_final_consensus_tape.csv
2025-08-29,,,0,0,0.0,0,0.454544,0,FLAT,0.0,0.0,0.0,0.0,,0.0,0.0,0.214933374322696,0.6707067741136016,0,stale_tape,1,0,0.149624,0.148404,0.458999,0.788928,0.591696,part2a21_alpha_positions.csv,part2a21_alpha_eligibility.csv,artifacts_part2_g532/predictions/g532_final_consensus_tape.csv
2025-09-01,,,0,0,0.0,0,0.465668,0,FLAT,0.0,0.0,0.0,0.0,,-0.004407,0.0,0.2147234606843886,0.682919496772719,0,stale_tape,1,0,0.131909,0.133565,0.431102,0.807673,0.605755,part2a21_alpha_positions.csv,part2a21_alpha_eligibility.csv,artifacts_part2_g532/predictions/g532_final_consensus_tape.csv
2025-09-02,,,0,0,0.0,0,0.465181,0,FLAT,0.0,0.0,0.0,0.0,,0.001652,0.0,0.2171423767794458,0.5998062325132937,0,stale_tape,1,0,0.149118,0.151132,0.464128,0.787175,0.590381,part2a21_alpha_positions.csv,part2a21_alpha_eligibility.csv,artifacts_part2_g532/predictions/g532_final_consensus_tape.csv
2025-09-03,,,0,0,0.0,0,0.472325,0,FLAT,0.0,0.0,0.0,0.0,,0.003722,0.0,0.2117723005597543,0.6107936581611099,0,stale_tape,1,0,0.14279,0.147803,0.45787,0.792439,0.594329,part2a21_alpha_positions.csv,part2a21_alpha_eligibility.csv,artifacts_part2_g532/predictions/g532_final_consensus_tape.csv
2025-09-04,,,0,0,0.0,0,0.470589,0,FLAT,0.0,0.0,0.0,0.0,,-0.007604,0.0,0.2117404654428014,0.6718801320076567,0,stale_tape,1,0,0.145521,0.143481,0.449744,0.794349,0.595761,part2a21_alpha_positions.csv,part2a21_alpha_eligibility.csv,artifacts_part2_g532/predictions/g532_final_consensus_tape.csv
2025-09-05,,,0,0,0.0,0,0.481596,0,FLAT,0.0,0.0,0.0,0.0,,-0.00051,0.0,0.2116880408971218,0.7883902419537953,0,stale_tape,1,0,0.150944,0.148746,0.459643,0.788085,0.591064,part2a21_alpha_positions.csv,part2a21_alpha_eligibility.csv,artifacts_part2_g532/predictions/g532_final_consensus_tape.csv
2025-09-08,,,0,0,0.0,0,0.480105,0,FLAT,0.0,0.0,0.0,0.0,,0.0048,0.0,0.2116809311455578,0.8021237517912887,0,stale_tape,1,0,0.152802,0.152134,0.466012,0.78479,0.588592,part2a21_alpha_positions.csv,part2a21_alpha_eligibility.csv,artifacts_part2_g532/predictions/g532_final_consensus_tape.csv
2025-09-09,,,0,0,0.0,0,0.465215,0,FLAT,0.0,0.0,0.0,0.0,,0.000208,0.0,0.2116924639366648,0.7859271991982437,0,stale_tape,1,0,0.162193,0.158806,0.478555,0.77572,0.58179,part2a21_alpha_positions.csv,part2a21_alpha_eligibility.csv,artifacts_part2_g532/predictions/g532_final_consensus_tape.csv
2025-09-10,,,0,0,0.0,0,0.4665,0,FLAT,0.0,0.0,0.0,0.0,,0.006578,0.0,0.2116985862931287,0.7781033219846917,0,stale_tape,1,0,0.15745,0.159074,0.479059,0.77766,0.583245,part2a21_alpha_positions.csv,part2a21_alpha_eligibility.csv,artifacts_part2_g532/predictions/g532_final_consensus_tape.csv
2025-09-11,,,0,0,0.0,0,0.47907,0,FLAT,0.0,0.0,0.0,0.0,,0.002668,0.0,0.2116980952124552,0.7777917271983958,0,stale_tape,1,0,0.119124,0.120904,0.407299,0.822618,0.616964,part2a21_alpha_positions.csv,part2a21_alpha_eligibility.csv,artifacts_part2_g532/predictions/g532_final_consensus_tape.csv
2025-09-12,,,0,0,0.0,0,0.478481,0,FLAT,0.0,0.0,0.0,0.0,,0.00355,0.0,0.2117044041869981,0.7492158653553211,0,stale_tape,1,0,0.128387,0.132389,0.428891,0.810112,0.607584,part2a21_alpha_positions.csv,part2a21_alpha_eligibility.csv,artifacts_part2_g532/predictions/g532_final_consensus_tape.csv
2025-09-15,,,0,0,0.0,0,0.465389,0,FLAT,0.0,0.0,0.0,0.0,,-0.001935,0.0,0.2117350267667261,0.680519168334306,0,stale_tape,1,0,0.156893,0.140827,0.444755,0.791157,0.593368,part2a21_alpha_positions.csv,part2a21_alpha_eligibility.csv,artifacts_part2_g532/predictions/g532_final_consensus_tape.csv
2025-09-16,,,0,0,0.0,0,0.468475,0,FLAT,0.0,0.0,0.0,0.0,,0.001009,0.0,0.2117206664540582,0.7379726085222652,0,stale_tape,1,0,0.159288,0.147738,0.457748,0.785062,0.588797,part2a21_alpha_positions.csv,part2a21_alpha_eligibility.csv,artifacts_part2_g532/predictions/g532_final_consensus_tape.csv
2025-09-17,,,0,0,0.0,0,0.47577,0,FLAT,0.0,0.0,0.0,0.0,,0.007996,0.0,0.2117090866101352,0.7453958254207235,0,stale_tape,1,0,0.144369,0.140196,0.443568,0.797252,0.597939,part2a21_alpha_positions.csv,part2a21_alpha_eligibility.csv,artifacts_part2_g532/predictions/g532_final_consensus_tape.csv
2025-09-18,,,0,0,0.0,0,0.463587,0,FLAT,0.0,0.0,0.0,0.0,,0.005067,0.0,0.2117349324394756,0.6886292765747477,0,stale_tape,1,0,0.150182,0.138386,0.440165,0.79595,0.596963,part2a21_alpha_positions.csv,part2a21_alpha_eligibility.csv,artifacts_part2_g532/predictions/g532_final_consensus_tape.csv
2025-09-19,,,0,0,0.0,0,0.500385,0,FLAT,0.0,0.0,0.0,0.0,,0.006516,0.0,0.2117108201103789,0.7552463316392682,0,stale_tape,1,0,0.14332,0.131334,0.426908,0.804157,0.603118,part2a21_alpha_positions.csv,part2a21_alpha_eligibility.csv,artifacts_part2_g532/predictions/g532_final_consensus_tape.csv
2025-09-22,,,0,0,0.0,0,0.494359,0,FLAT,0.0,0.0,0.0,0.0,,-0.008046,0.0,0.2117447611147993,0.6669433714151012,0,stale_tape,1,0,0.158243,0.139519,0.442295,0.7915,0.593625,part2a21_alpha_positions.csv,part2a21_alpha_eligibility.csv,artifacts_part2_g532/predictions/g532_final_consensus_tape.csv
2025-09-23,,,0,0,0.0,0,0.465855,0,FLAT,0.0,0.0,0.0,0.0,,-0.00065,0.0,0.2117319543009317,0.7250476260483337,0,stale_tape,1,0,0.132993,0.128112,0.420851,0.811144,0.608358,part2a21_alpha_positions.csv,part2a21_alpha_eligibility.csv,artifacts_part2_g532/predictions/g532_final_consensus_tape.csv
2025-09-24,,,0,0,0.0,0,0.461477,0,FLAT,0.0,0.0,0.0,0.0,,-0.002607,0.0,0.2117506227188284,0.6685011111323357,0,stale_tape,1,0,0.141423,0.130694,0.425705,0.805476,0.604107,part2a21_alpha_positions.csv,part2a21_alpha_eligibility.csv,artifacts_part2_g532/predictions/g532_final_consensus_tape.csv
2025-09-25,,,0,0,0.0,0,0.459132,0,FLAT,0.0,0.0,0.0,0.0,,0.006387,0.0,0.2117459642727029,0.6924349552993636,0,stale_tape,1,0,0.144163,0.136547,0.436709,0.799993,0.599995,part2a21_alpha_positions.csv,part2a21_alpha_eligibility.csv,artifacts_part2_g532/predictions/g532_final_consensus_tape.csv
2025-09-26,,,0,0,0.0,0,0.606416,0,FLAT,0.0,0.0,0.0,0.0,,-9.9e-05,0.0,0.2117273707965828,0.7181871981430769,0,stale_tape,1,0,0.112892,0.105104,0.377596,0.836893,0.802051,part2a21_alpha_positions.csv,part2a21_alpha_eligibility.csv,artifacts_part2_g532/predictions/g532_final_consensus_tape.csv
2025-09-29,,,0,0,0.0,0,0.470341,0,FLAT,0.0,0.0,0.0,0.0,,0.004095,0.0,0.2117328364204919,0.7191526652859518,0,stale_tape,1,0,0.116953,0.113642,0.393648,0.828867,0.62165,part2a21_alpha_positions.csv,part2a21_alpha_eligibility.csv,artifacts_part2_g532/predictions/g532_final_consensus_tape.csv
2025-09-30,,,0,0,0.0,0,0.471826,0,FLAT,0.0,0.0,0.0,0.0,,0.000206,0.0,0.2117360796295208,0.7027555066374532,0,stale_tape,1,0,0.115765,0.115067,0.396326,0.828367,0.621275,part2a21_alpha_positions.csv,part2a21_alpha_eligibility.csv,artifacts_part2_g532/predictions/g532_final_consensus_tape.csv
2025-10-01,,,0,0,0.0,0,0.463299,0,FLAT,0.0,0.0,0.0,0.0,,7e-05,0.0,0.2111421300768396,0.635275024504919,0,stale_tape,1,0,0.138035,0.120614,0.406753,0.814319,0.610739,part2a21_alpha_positions.csv,part2a21_alpha_eligibility.csv,artifacts_part2_g532/predictions/g532_final_consensus_tape.csv
2025-10-02,,,0,0,0.0,0,0.479083,0,FLAT,0.0,0.0,0.0,0.0,,0.00205,0.0,0.209739960675463,0.6660813773867538,0,stale_tape,1,0,0.120707,0.119327,0.404335,0.82305,0.617288,part2a21_alpha_positions.csv,part2a21_alpha_eligibility.csv,artifacts_part2_g532/predictions/g532_final_consensus_tape.csv
2025-10-03,,,0,0,0.0,0,0.464731,0,FLAT,0.0,0.0,0.0,0.0,,0.006316,0.0,0.210849557412751,0.6477655546303716,0,stale_tape,1,0,0.150656,0.145416,0.453382,0.790633,0.592974,part2a21_alpha_positions.csv,part2a21_alpha_eligibility.csv,artifacts_part2_g532/predictions/g532_final_consensus_tape.csv
2025-10-06,,,0,0,0.0,0,0.481044,0,FLAT,0.0,0.0,0.0,0.0,,-0.006063,0.0,0.2099878264116856,0.6557370396400631,0,stale_tape,1,0,0.125885,0.124165,0.413429,0.817208,0.612906,part2a21_alpha_positions.csv,part2a21_alpha_eligibility.csv,artifacts_part2_g532/predictions/g532_final_consensus_tape.csv
2025-10-07,,,0,0,0.0,0,0.475537,0,FLAT,0.0,0.0,0.0,0.0,,0.005579,0.0,0.2086980767079081,0.6896921343120329,0,stale_tape,1,0,0.150409,0.145448,0.453443,0.790721,0.59304,part2a21_alpha_positions.csv,part2a21_alpha_eligibility.csv,artifacts_part2_g532/predictions/g532_final_consensus_tape.csv
2025-10-08,,,0,0,0.0,0,0.489059,0,FLAT,0.0,0.0,0.0,0.0,,-0.001976,0.0,0.2090805956597467,0.6625887381377715,0,stale_tape,1,0,0.12597,0.117942,0.401731,0.821688,0.616266,part2a21_alpha_positions.csv,part2a21_alpha_eligibility.csv,artifacts_part2_g532/predictions/g532_final_consensus_tape.csv
2025-10-09,,,0,0,0.0,0,0.489373,0,FLAT,0.0,0.0,0.0,0.0,,-0.033462,0.0,0.2088985310478528,0.6651365968159776,0,stale_tape,1,0,0.126943,0.120467,0.406477,0.819417,0.614563,part2a21_alpha_positions.csv,part2a21_alpha_eligibility.csv,artifacts_part2_g532/predictions/g532_final_consensus_tape.csv
2025-10-10,,,0,0,0.0,0,0.321425,0,FLAT,0.0,0.0,0.0,0.0,,0.014524,0.0,0.212924529900834,0.623771808247087,0,stale_tape,1,0,0.182948,0.191606,0.540219,0.742567,0.556926,part2a21_alpha_positions.csv,part2a21_alpha_eligibility.csv,artifacts_part2_g532/predictions/g532_final_consensus_tape.csv
2025-10-13,,,0,0,0.0,0,0.182294,0,FLAT,0.0,0.0,0.0,0.0,,-0.003987,0.0,0.2160145381476808,0.5379413755409971,0,stale_tape,1,0,0.174427,0.211086,0.576841,0.732259,0.329517,part2a21_alpha_positions.csv,part2a21_alpha_eligibility.csv,artifacts_part2_g532/predictions/g532_final_consensus_tape.csv
2025-10-14,,,0,0,0.0,0,0.312053,0,FLAT,0.0,0.0,0.0,0.0,,0.005525,0.0,0.2133394746009602,0.6078898841837497,0,stale_tape,1,0,0.176254,0.186048,0.529771,0.749614,0.562211,part2a21_alpha_positions.csv,part2a21_alpha_eligibility.csv,artifacts_part2_g532/predictions/g532_final_consensus_tape.csv
2025-10-15,,,0,0,0.0,0,0.321988,0,FLAT,0.0,0.0,0.0,0.0,,-0.011253,0.0,0.2145966616046903,0.5847059027144703,0,stale_tape,1,0,0.148864,0.162697,0.48587,0.778893,0.58417,part2a21_alpha_positions.csv,part2a21_alpha_eligibility.csv,artifacts_part2_g532/predictions/g532_final_consensus_tape.csv
2025-10-16,,,0,0,0.0,0,0.304602,0,FLAT,0.0,0.0,0.0,0.0,,0.007175,0.0,0.2116071402238339,0.6484715553107941,0,stale_tape,1,0,0.182841,0.18623,0.530112,0.746519,0.559889,part2a21_alpha_positions.csv,part2a21_alpha_eligibility.csv,artifacts_part2_g532/predictions/g532_final_consensus_tape.csv
2025-10-17,,,0,0,0.0,0,0.313262,0,FLAT,0.0,0.0,0.0,0.0,,0.009106,0.0,0.2121351371572987,0.6108956729847703,0,stale_tape,1,0,0.144231,0.170588,0.500705,0.775249,0.581437,part2a21_alpha_positions.csv,part2a21_alpha_eligibility.csv,artifacts_part2_g532/predictions/g532_final_consensus_tape.csv
2025-10-20,,,0,0,0.0,0,0.326372,0,FLAT,0.0,0.0,0.0,0.0,,-0.001974,0.0,0.2109984087014961,0.62913786546642,0,stale_tape,1,0,0.12872,0.127407,0.419526,0.813578,0.610183,part2a21_alpha_positions.csv,part2a21_alpha_eligibility.csv,artifacts_part2_g532/predictions/g532_final_consensus_tape.csv
2025-10-21,,,0,0,0.0,0,0.323738,0,FLAT,0.0,0.0,0.0,0.0,,-0.005274,0.0,0.2111309423043149,0.6185120983490549,0,stale_tape,1,0,0.130195,0.13898,0.441282,0.804513,0.603385,part2a21_alpha_positions.csv,part2a21_alpha_eligibility.csv,artifacts_part2_g532/predictions/g532_final_consensus_tape.csv
2025-10-22,,,0,0,0.0,0,0.323216,0,FLAT,0.0,0.0,0.0,0.0,,0.008916,0.0,0.2092434395829986,0.6690250483867133,0,stale_tape,1,0,0.136159,0.143016,0.44887,0.798899,0.599174,part2a21_alpha_positions.csv,part2a21_alpha_eligibility.csv,artifacts_part2_g532/predictions/g532_final_consensus_tape.csv
2025-10-23,,,0,0,0.0,0,0.316252,0,FLAT,0.0,0.0,0.0,0.0,,0.007318,0.0,0.2118259339577963,0.6154226720184534,0,stale_tape,1,0,0.136574,0.149869,0.461753,0.793737,0.595303,part2a21_alpha_positions.csv,part2a21_alpha_eligibility.csv,artifacts_part2_g532/predictions/g532_final_consensus_tape.csv
2025-10-24,,,0,0,0.0,0,0.413648,0,FLAT,0.0,0.0,0.0,0.0,,0.011896,0.0,0.208882036951866,0.6714205935115514,0,stale_tape,1,0,0.109416,0.108855,0.384648,0.835734,0.626801,part2a21_alpha_positions.csv,part2a21_alpha_eligibility.csv,artifacts_part2_g532/predictions/g532_final_consensus_tape.csv
2025-10-27,,,0,0,0.0,0,0.404247,0,FLAT,0.0,0.0,0.0,0.0,,0.001756,0.0,0.2111694226510662,0.6230582866680937,0,stale_tape,1,0,0.148759,0.128583,0.421736,0.803707,0.60278,part2a21_alpha_positions.csv,part2a21_alpha_eligibility.csv,artifacts_part2_g532/predictions/g532_final_consensus_tape.csv
2025-10-28,,,0,0,0.0,0,0.412986,0,FLAT,0.0,0.0,0.0,0.0,,0.006889,0.0,0.211163580749412,0.626687882250719,0,stale_tape,1,0,0.15241,0.119251,0.404192,0.808839,0.606629,part2a21_alpha_positions.csv,part2a21_alpha_eligibility.csv,artifacts_part2_g532/predictions/g532_final_consensus_tape.csv
2025-10-29,,,0,0,0.0,0,0.414684,0,FLAT,0.0,0.0,0.0,0.0,,-0.00923,0.0,0.2140893763973407,0.5842036250153377,0,stale_tape,1,0,0.140277,0.119404,0.404479,0.814188,0.610641,part2a21_alpha_positions.csv,part2a21_alpha_eligibility.csv,artifacts_part2_g532/predictions/g532_final_consensus_tape.csv
2025-10-30,,,0,0,0.0,0,0.431119,0,FLAT,0.0,0.0,0.0,0.0,,0.002462,0.0,0.2134659818522126,0.657868600072231,0,stale_tape,1,0,0.116534,0.111257,0.389162,0.830787,0.62309,part2a21_alpha_positions.csv,part2a21_alpha_eligibility.csv,artifacts_part2_g532/predictions/g532_final_consensus_tape.csv
2025-10-31,,,0,0,0.0,0,0.428315,0,FLAT,0.0,0.0,0.0,0.0,,0.002436,0.0,0.2137136926024605,0.6175097143142364,0,stale_tape,1,0,0.120452,0.121514,0.408447,0.821577,0.616183,part2a21_alpha_positions.csv,part2a21_alpha_eligibility.csv,artifacts_part2_g532/predictions/g532_final_consensus_tape.csv
2025-11-03,,,0,0,0.0,0,0.439629,0,FLAT,0.0,0.0,0.0,0.0,,-0.012898,0.0,0.2136833383325517,0.6401027279327356,0,stale_tape,1,0,0.116039,0.110793,0.388291,0.831347,0.62351,part2a21_alpha_positions.csv,part2a21_alpha_eligibility.csv,artifacts_part2_g532/predictions/g532_final_consensus_tape.csv
2025-11-04,,,0,0,0.0,0,0.403386,0,FLAT,0.0,0.0,0.0,0.0,,0.007779,0.0,0.2134826202443736,0.6112542426252578,0,stale_tape,1,0,0.122789,0.128042,0.420719,0.815786,0.61184,part2a21_alpha_positions.csv,part2a21_alpha_eligibility.csv,artifacts_part2_g532/predictions/g532_final_consensus_tape.csv
2025-11-05,,,0,0,0.0,0,0.408527,0,FLAT,0.0,0.0,0.0,0.0,,-0.015768,0.0,0.2131738414610161,0.6565493420497482,0,stale_tape,1,0,0.121433,0.121649,0.4087,0.821038,0.615779,part2a21_alpha_positions.csv,part2a21_alpha_eligibility.csv,artifacts_part2_g532/predictions/g532_final_consensus_tape.csv
2025-11-06,,,0,0,0.0,0,0.37785,0,FLAT,0.0,0.0,0.0,0.0,,0.000641,0.0,0.2130800203036927,0.6344591085460581,0,stale_tape,1,0,0.131812,0.132203,0.428542,0.808705,0.606529,part2a21_alpha_positions.csv,part2a21_alpha_eligibility.csv,artifacts_part2_g532/predictions/g532_final_consensus_tape.csv
2025-11-07,,,0,0,0.0,0,0.384443,0,FLAT,0.0,0.0,0.0,0.0,,0.016755,0.0,0.2130576935202674,0.6378722817108619,0,stale_tape,1,0,0.123507,0.132289,0.428703,0.81238,0.609285,part2a21_alpha_positions.csv,part2a21_alpha_eligibility.csv,artifacts_part2_g532/predictions/g532_final_consensus_tape.csv
2025-11-10,,,0,0,0.0,0,0.377838,0,FLAT,0.0,0.0,0.0,0.0,,-0.000806,0.0,0.2128209391070086,0.6933349613557355,0,stale_tape,1,0,0.118565,0.11874,0.403232,0.82444,0.61833,part2a21_alpha_positions.csv,part2a21_alpha_eligibility.csv,artifacts_part2_g532/predictions/g532_final_consensus_tape.csv
2025-11-11,,,0,0,0.0,0,0.374865,0,FLAT,0.0,0.0,0.0,0.0,,0.000287,0.0,0.213243261372002,0.649671459243634,0,stale_tape,1,0,0.132289,0.119816,0.405253,0.817484,0.613113,part2a21_alpha_positions.csv,part2a21_alpha_eligibility.csv,artifacts_part2_g532/predictions/g532_final_consensus_tape.csv
2025-11-12,,,0,0,0.0,0,0.384174,0,FLAT,0.0,0.0,0.0,0.0,,-0.013524,0.0,0.2130937362891748,0.665715743470642,0,stale_tape,1,0,0.115398,0.115967,0.398019,0.827878,0.620909,part2a21_alpha_positions.csv,part2a21_alpha_eligibility.csv,artifacts_part2_g532/predictions/g532_final_consensus_tape.csv
2025-11-13,,,0,0,0.0,0,0.365709,0,FLAT,0.0,0.0,0.0,0.0,,0.001399,0.0,0.2131026315592334,0.6036410077713813,0,stale_tape,1,0,0.134678,0.137707,0.438889,0.80342,0.602565,part2a21_alpha_positions.csv,part2a21_alpha_eligibility.csv,artifacts_part2_g532/predictions/g532_final_consensus_tape.csv
2025-11-14,,,0,0,0.0,0,0.367487,0,FLAT,0.0,0.0,0.0,0.0,,-0.010556,0.0,0.2123729484644161,0.660611209208156,0,stale_tape,1,0,0.128559,0.137735,0.438942,0.806153,0.604615,part2a21_alpha_positions.csv,part2a21_alpha_eligibility.csv,artifacts_part2_g532/predictions/g532_final_consensus_tape.csv
2025-11-17,,,0,0,0.0,0,0.344371,0,FLAT,0.0,0.0,0.0,0.0,,-0.009925,0.0,0.2123637891599382,0.6190980640896028,0,stale_tape,1,0,0.167114,0.172205,0.503745,0.763778,0.572833,part2a21_alpha_positions.csv,part2a21_alpha_eligibility.csv,artifacts_part2_g532/predictions/g532_final_consensus_tape.csv
2025-11-18,,,0,0,0.0,0,0.345994,0,FLAT,0.0,0.0,0.0,0.0,,0.004342,0.0,0.212630781080882,0.6053102792674684,0,stale_tape,1,0,0.145179,0.192342,0.541604,0.759029,0.569271,part2a21_alpha_positions.csv,part2a21_alpha_eligibility.csv,artifacts_part2_g532/predictions/g532_final_consensus_tape.csv
2025-11-19,,,0,0,0.0,0,0.358595,0,FLAT,0.0,0.0,0.0,0.0,,-0.017661,0.0,0.2124548778665558,0.6376810447280912,0,stale_tape,1,0,0.147054,0.166848,0.493674,0.776694,0.582521,part2a21_alpha_positions.csv,part2a21_alpha_eligibility.csv,artifacts_part2_g532/predictions/g532_final_consensus_tape.csv
2025-11-20,,,0,0,0.0,0,0.347633,0,FLAT,0.0,0.0,0.0,0.0,,0.006603,0.0,0.2123160407807537,0.6583809732466129,0,stale_tape,1,0,0.146846,0.187801,0.533067,0.761575,0.571182,part2a21_alpha_positions.csv,part2a21_alpha_eligibility.csv,artifacts_part2_g532/predictions/g532_final_consensus_tape.csv
2025-11-21,,,0,0,0.0,0,0.347013,0,FLAT,0.0,0.0,0.0,0.0,,0.013218,0.0,0.2137938545917733,0.5619153097630359,0,stale_tape,1,0,0.160303,0.165162,0.490505,0.771956,0.578967,part2a21_alpha_positions.csv,part2a21_alpha_eligibility.csv,artifacts_part2_g532/predictions/g532_final_consensus_tape.csv
2025-11-24,,,0,0,0.0,0,0.366316,0,FLAT,0.0,0.0,0.0,0.0,,0.006693,0.0,0.2134973214555812,0.6454398352267182,0,stale_tape,1,0,0.136409,0.149611,0.461268,0.793999,0.595499,part2a21_alpha_positions.csv,part2a21_alpha_eligibility.csv,artifacts_part2_g532/predictions/g532_final_consensus_tape.csv
2025-11-25,,,0,0,0.0,0,0.346101,0,FLAT,0.0,0.0,0.0,0.0,,0.006069,0.0,0.2149595785104165,0.5005951115756785,0,stale_tape,1,0,0.1699,0.171734,0.502861,0.762866,0.572149,part2a21_alpha_positions.csv,part2a21_alpha_eligibility.csv,artifacts_part2_g532/predictions/g532_final_consensus_tape.csv
2025-11-26,,,0,0,0.0,0,0.341695,0,FLAT,0.0,0.0,0.0,0.0,,0.0,0.0,0.2193206500576862,0.3687239698933599,0,stale_tape,1,0,0.177161,0.168831,0.497402,0.761706,0.57128,part2a21_alpha_positions.csv,part2a21_alpha_eligibility.csv,artifacts_part2_g532/predictions/g532_final_consensus_tape.csv
2025-11-27,,,0,0,0.0,0,0.35832,0,FLAT,0.0,0.0,0.0,0.0,,0.007263,0.0,0.2084410519511286,0.2963972975210363,0,stale_tape,1,0,0.167582,0.161561,0.483735,0.771295,0.578471,part2a21_alpha_positions.csv,part2a21_alpha_eligibility.csv,artifacts_part2_g532/predictions/g532_final_consensus_tape.csv
2025-11-28,,,0,0,0.0,0,0.359693,0,FLAT,0.0,0.0,0.0,0.0,,0.000775,0.0,0.2041977334276035,0.2802568321004703,0,stale_tape,1,0,0.173931,0.142355,0.447627,0.782381,0.586786,part2a21_alpha_positions.csv,part2a21_alpha_eligibility.csv,artifacts_part2_g532/predictions/g532_final_consensus_tape.csv
2025-12-01,,,0,0,0.0,0,0.389844,0,FLAT,0.0,0.0,0.0,0.0,,0.000866,0.0,0.2064264078163432,0.29440221449945,0,stale_tape,1,0,0.135274,0.112339,0.391198,0.821569,0.616176,part2a21_alpha_positions.csv,part2a21_alpha_eligibility.csv,artifacts_part2_g532/predictions/g532_final_consensus_tape.csv
2025-12-02,,,0,0,0.0,0,0.535324,0,FLAT,0.0,0.0,0.0,0.0,,0.001424,0.0,0.2110802846572812,0.3078647351713681,0,stale_tape,1,0,0.104447,0.097041,0.362438,0.846547,0.81413,part2a21_alpha_positions.csv,part2a21_alpha_eligibility.csv,artifacts_part2_g532/predictions/g532_final_consensus_tape.csv
2025-12-03,,,0,0,0.0,0,0.409231,0,FLAT,0.0,0.0,0.0,0.0,,0.003941,0.0,0.2182776791074382,0.3937978323832626,0,stale_tape,1,0,0.117787,0.112212,0.390958,0.82953,0.622148,part2a21_alpha_positions.csv,part2a21_alpha_eligibility.csv,artifacts_part2_g532/predictions/g532_final_consensus_tape.csv
2025-12-04,,,0,0,0.0,0,0.478182,0,FLAT,0.0,0.0,0.0,0.0,,0.003944,0.0,0.2098518400099228,0.3271279417616441,0,stale_tape,1,0,0.146519,0.129555,0.423563,0.80401,0.603007,part2a21_alpha_positions.csv,part2a21_alpha_eligibility.csv,artifacts_part2_g532/predictions/g532_final_consensus_tape.csv
2025-12-05,,,0,0,0.0,0,0.480239,0,FLAT,0.0,0.0,0.0,0.0,,-0.000895,0.0,0.2180260041969259,0.3790255321045702,0,stale_tape,1,0,0.148919,0.126224,0.417302,0.805348,0.604011,part2a21_alpha_positions.csv,part2a21_alpha_eligibility.csv,artifacts_part2_g532/predictions/g532_final_consensus_tape.csv
2025-12-08,,,0,0,0.0,0,0.673749,0,FLAT,0.0,0.0,0.0,0.0,,0.000644,0.0,0.2042239492963268,0.278084872493581,0,stale_tape,1,0,0.122599,0.100316,0.368594,0.836001,0.800639,part2a21_alpha_positions.csv,part2a21_alpha_eligibility.csv,artifacts_part2_g532/predictions/g532_final_consensus_tape.csv
2025-12-09,,,0,0,0.0,0,0.517235,0,FLAT,0.0,0.0,0.0,0.0,,0.003224,0.0,0.2051636613552931,0.2970067230930542,0,stale_tape,1,0,0.148327,0.120743,0.406997,0.809594,0.607195,part2a21_alpha_positions.csv,part2a21_alpha_eligibility.csv,artifacts_part2_g532/predictions/g532_final_consensus_tape.csv
2025-12-10,,,0,0,0.0,0,0.529234,0,FLAT,0.0,0.0,0.0,0.0,,0.002345,0.0,0.2071144595182004,0.3117199938652037,0,stale_tape,1,0,0.139676,0.11818,0.402178,0.815347,0.61151,part2a21_alpha_positions.csv,part2a21_alpha_eligibility.csv,artifacts_part2_g532/predictions/g532_final_consensus_tape.csv
2025-12-11,,,0,0,0.0,0,0.524639,0,FLAT,0.0,0.0,0.0,0.0,,-0.008153,0.0,0.2069283751809211,0.2899135860224682,0,stale_tape,1,0,0.15879,0.123176,0.411571,0.803119,0.602339,part2a21_alpha_positions.csv,part2a21_alpha_eligibility.csv,artifacts_part2_g532/predictions/g532_final_consensus_tape.csv
2025-12-12,,,0,0,0.0,0,0.488173,0,FLAT,0.0,0.0,0.0,0.0,,-0.002284,0.0,0.2141084181510633,0.3390092835791072,0,stale_tape,1,0,0.150821,0.137442,0.438392,0.796347,0.59726,part2a21_alpha_positions.csv,part2a21_alpha_eligibility.csv,artifacts_part2_g532/predictions/g532_final_consensus_tape.csv
2025-12-15,,,0,0,0.0,0,0.498338,0,FLAT,0.0,0.0,0.0,0.0,,-0.0056,0.0,0.2130044036186372,0.3340945779586786,0,stale_tape,1,0,0.12894,0.120381,0.406316,0.81858,0.613935,part2a21_alpha_positions.csv,part2a21_alpha_eligibility.csv,artifacts_part2_g532/predictions/g532_final_consensus_tape.csv
2025-12-16,,,0,0,0.0,0,0.482644,0,FLAT,0.0,0.0,0.0,0.0,,-0.010844,0.0,0.2127490050493676,0.3250757310577293,0,stale_tape,1,0,0.134784,0.125755,0.416419,0.812049,0.609037,part2a21_alpha_positions.csv,part2a21_alpha_eligibility.csv,artifacts_part2_g532/predictions/g532_final_consensus_tape.csv
2025-12-17,,,0,0,0.0,0,0.448275,0,FLAT,0.0,0.0,0.0,0.0,,0.004933,0.0,0.2200457072405966,0.3619248937773791,0,stale_tape,1,0,0.138355,0.1432,0.449217,0.797777,0.598333,part2a21_alpha_positions.csv,part2a21_alpha_eligibility.csv,artifacts_part2_g532/predictions/g532_final_consensus_tape.csv
2025-12-18,,,0,0,0.0,0,0.447415,0,FLAT,0.0,0.0,0.0,0.0,,0.011135,0.0,0.2355259190112403,0.4350273344106374,0,stale_tape,1,0,0.141085,0.137407,0.438325,0.800754,0.600566,part2a21_alpha_positions.csv,part2a21_alpha_eligibility.csv,artifacts_part2_g532/predictions/g532_final_consensus_tape.csv
2025-12-19,,,0,0,0.0,0,0.423266,0,FLAT,0.0,0.0,0.0,0.0,,0.007318,0.0,0.2120822297566267,0.3345747789334652,0,stale_tape,1,0,0.145769,0.138105,0.439637,0.79814,0.598605,part2a21_alpha_positions.csv,part2a21_alpha_eligibility.csv,artifacts_part2_g532/predictions/g532_final_consensus_tape.csv
2025-12-22,,,0,0,0.0,0,0.41127,0,FLAT,0.0,0.0,0.0,0.0,,0.005074,0.0,0.211138586548085,0.2963350538785531,0,stale_tape,1,0,0.156734,0.140743,0.444597,0.79129,0.593467,part2a21_alpha_positions.csv,part2a21_alpha_eligibility.csv,artifacts_part2_g532/predictions/g532_final_consensus_tape.csv
2025-12-23,,,0,0,0.0,0,0.416328,0,FLAT,0.0,0.0,0.0,0.0,,0.000731,0.0,0.2140422446935735,0.3190073533211217,0,stale_tape,1,0,0.144573,0.126868,0.418513,0.806836,0.605127,part2a21_alpha_positions.csv,part2a21_alpha_eligibility.csv,artifacts_part2_g532/predictions/g532_final_consensus_tape.csv
2025-12-24,,,0,0,0.0,0,0.428622,0,FLAT,0.0,0.0,0.0,0.0,,0.0,0.0,0.2111662436285952,0.5593120799668901,0,stale_tape,1,0,0.122011,0.110734,0.38818,0.828702,0.621527,part2a21_alpha_positions.csv,part2a21_alpha_eligibility.csv,artifacts_part2_g532/predictions/g532_final_consensus_tape.csv
2025-12-25,,,0,0,0.0,0,0.430287,0,FLAT,0.0,0.0,0.0,0.0,,-0.000839,0.0,0.2124906971468651,0.6020852923170964,0,stale_tape,1,0,0.118941,0.109729,0.38629,0.830813,0.62311,part2a21_alpha_positions.csv,part2a21_alpha_eligibility.csv,artifacts_part2_g532/predictions/g532_final_consensus_tape.csv
2025-12-26,,,0,0,0.0,0,0.43489,0,FLAT,0.0,0.0,0.0,0.0,,-0.004986,0.0,0.209683312313591,0.4922389515276244,0,stale_tape,1,0,0.138708,0.116326,0.398692,0.817129,0.612847,part2a21_alpha_positions.csv,part2a21_alpha_eligibility.csv,artifacts_part2_g532/predictions/g532_final_consensus_tape.csv
2025-12-29,,,0,0,0.0,0,0.562011,0,FLAT,0.0,0.0,0.0,0.0,,-0.000356,0.0,0.21287521934924,0.6103093142367911,0,stale_tape,1,0,0.116779,0.105675,0.378669,0.83473,0.799287,part2a21_alpha_positions.csv,part2a21_alpha_eligibility.csv,artifacts_part2_g532/predictions/g532_final_consensus_tape.csv
2025-12-30,,,0,0,0.0,0,0.440806,0,FLAT,0.0,0.0,0.0,0.0,,-0.00397,0.0,0.2125789168247023,0.6017949134384418,0,stale_tape,1,0,0.126448,0.116298,0.398641,0.822666,0.616999,part2a21_alpha_positions.csv,part2a21_alpha_eligibility.csv,artifacts_part2_g532/predictions/g532_final_consensus_tape.csv
2025-12-31,,,0,0,0.0,0,0.452869,0,FLAT,0.0,0.0,0.0,0.0,,0.0,0.0,0.2131510276323078,0.6094550484387488,0,stale_tape,1,0,0.152255,0.132816,0.429694,0.799061,0.599296,part2a21_alpha_positions.csv,part2a21_alpha_eligibility.csv,artifacts_part2_g532/predictions/g532_final_consensus_tape.csv
2026-01-01,,,0,0,0.0,0,0.453367,0,FLAT,0.0,0.0,0.0,0.0,,0.002696,0.0,0.2125039166120582,0.5648575078432395,0,stale_tape,1,0,0.15498,0.134564,0.43298,0.796565,0.597424,part2a21_alpha_positions.csv,part2a21_alpha_eligibility.csv,artifacts_part2_g532/predictions/g532_final_consensus_tape.csv
2026-01-02,,,0,0,0.0,0,0.482435,0,FLAT,0.0,0.0,0.0,0.0,,0.003586,0.0,0.2156748330336406,0.6852186339883696,0,stale_tape,1,0,0.153495,0.136718,0.437029,0.79567,0.596753,part2a21_alpha_positions.csv,part2a21_alpha_eligibility.csv,artifacts_part2_g532/predictions/g532_final_consensus_tape.csv
2026-01-05,,,0,0,0.0,0,0.501656,0,FLAT,0.0,0.0,0.0,0.0,,0.006638,0.0,0.2140225965027285,0.6326716061545213,0,stale_tape,1,0,0.147002,0.133002,0.430044,0.80129,0.600967,part2a21_alpha_positions.csv,part2a21_alpha_eligibility.csv,artifacts_part2_g532/predictions/g532_final_consensus_tape.csv
2026-01-06,,,0,0,0.0,0,0.507688,0,FLAT,0.0,0.0,0.0,0.0,,-0.005079,0.0,0.2145267875807375,0.6548126450635077,0,stale_tape,1,0,0.12979,0.112805,0.392073,0.823698,0.617774,part2a21_alpha_positions.csv,part2a21_alpha_eligibility.csv,artifacts_part2_g532/predictions/g532_final_consensus_tape.csv
2026-01-07,,,0,0,0.0,0,0.48651,0,FLAT,0.0,0.0,0.0,0.0,,0.002837,0.0,0.2122270663915319,0.5635279660034286,0,stale_tape,1,0,0.142199,0.129809,0.42404,0.805769,0.604327,part2a21_alpha_positions.csv,part2a21_alpha_eligibility.csv,artifacts_part2_g532/predictions/g532_final_consensus_tape.csv
2026-01-08,,,0,0,0.0,0,0.474104,0,FLAT,0.0,0.0,0.0,0.0,,0.005537,0.0,0.2130419019162413,0.6135120454857587,0,stale_tape,1,0,0.158914,0.140969,0.445022,0.790145,0.592609,part2a21_alpha_positions.csv,part2a21_alpha_eligibility.csv,artifacts_part2_g532/predictions/g532_final_consensus_tape.csv
2026-01-09,,,0,0,0.0,0,0.463449,0,FLAT,0.0,0.0,0.0,0.0,,0.002859,0.0,0.2106103098919355,0.5277957071519358,0,stale_tape,1,0,0.173215,0.138125,0.439675,0.785774,0.589331,part2a21_alpha_positions.csv,part2a21_alpha_eligibility.csv,artifacts_part2_g532/predictions/g532_final_consensus_tape.csv
2026-01-12,,,0,0,0.0,0,0.479691,0,FLAT,0.0,0.0,0.0,0.0,,-0.003298,0.0,0.2131290402554426,0.6109980095105781,0,stale_tape,1,0,0.157856,0.135569,0.43487,0.794541,0.595906,part2a21_alpha_positions.csv,part2a21_alpha_eligibility.csv,artifacts_part2_g532/predictions/g532_final_consensus_tape.csv
2026-01-13,,,0,0,0.0,0,0.462053,0,FLAT,0.0,0.0,0.0,0.0,,-0.006929,0.0,0.2089488959291074,0.4599916772312175,0,stale_tape,1,0,0.175771,0.150623,0.463172,0.77555,0.581663,part2a21_alpha_positions.csv,part2a21_alpha_eligibility.csv,artifacts_part2_g532/predictions/g532_final_consensus_tape.csv
2026-01-14,,,0,0,0.0,0,0.473407,0,FLAT,0.0,0.0,0.0,0.0,,0.004717,0.0,0.2123052428845256,0.5846836636934017,0,stale_tape,1,0,0.128527,0.126438,0.417703,0.814369,0.610777,part2a21_alpha_positions.csv,part2a21_alpha_eligibility.csv,artifacts_part2_g532/predictions/g532_final_consensus_tape.csv
2026-01-15,,,0,0,0.0,0,0.464898,0,FLAT,0.0,0.0,0.0,0.0,,0.003017,0.0,0.2115885772561127,0.5606731530223992,0,stale_tape,1,0,0.138334,0.13294,0.429928,0.805235,0.603926,part2a21_alpha_positions.csv,part2a21_alpha_eligibility.csv,artifacts_part2_g532/predictions/g532_final_consensus_tape.csv
2026-01-16,,,0,0,0.0,0,0.457748,0,FLAT,0.0,0.0,0.0,0.0,,0.0,0.0,0.2121571610406574,0.5748719833752721,0,stale_tape,1,0,0.158378,0.136976,0.437514,0.793285,0.594964,part2a21_alpha_positions.csv,part2a21_alpha_eligibility.csv,artifacts_part2_g532/predictions/g532_final_consensus_tape.csv
2026-01-19,,,0,0,0.0,0,0.45497,0,FLAT,0.0,0.0,0.0,0.0,,-0.016584,0.0,0.2125694197624533,0.5961705009575428,0,stale_tape,1,0,0.165621,0.141745,0.44648,0.786564,0.589923,part2a21_alpha_positions.csv,part2a21_alpha_eligibility.csv,artifacts_part2_g532/predictions/g532_final_consensus_tape.csv
2026-01-20,,,0,0,0.0,0,0.410186,0,FLAT,0.0,0.0,0.0,0.0,,0.00878,0.0,0.2136311762216216,0.6310506663746487,0,stale_tape,1,0,0.147987,0.15551,0.472359,0.784505,0.588379,part2a21_alpha_positions.csv,part2a21_alpha_eligibility.csv,artifacts_part2_g532/predictions/g532_final_consensus_tape.csv
2026-01-21,,,0,0,0.0,0,0.408039,0,FLAT,0.0,0.0,0.0,0.0,,0.005295,0.0,0.2068575153240384,0.5367657073018363,0,stale_tape,1,0,0.166657,0.124336,0.413753,0.798736,0.599052,part2a21_alpha_positions.csv,part2a21_alpha_eligibility.csv,artifacts_part2_g532/predictions/g532_final_consensus_tape.csv
2026-01-22,,,0,0,0.0,0,0.413036,0,FLAT,0.0,0.0,0.0,0.0,,-0.001258,0.0,0.2067550782082924,0.6117432138408532,0,stale_tape,1,0,0.148392,0.115382,0.396918,0.813456,0.610092,part2a21_alpha_positions.csv,part2a21_alpha_eligibility.csv,artifacts_part2_g532/predictions/g532_final_consensus_tape.csv
2026-01-23,,,0,0,0.0,0,0.402074,0,FLAT,0.0,0.0,0.0,0.0,,0.003672,0.0,0.2066809676662983,0.6216686143540943,0,stale_tape,1,0,0.17373,0.139644,0.442531,0.78444,0.58833,part2a21_alpha_positions.csv,part2a21_alpha_eligibility.csv,artifacts_part2_g532/predictions/g532_final_consensus_tape.csv
2026-01-26,,,0,0,0.0,0,0.411047,0,FLAT,0.0,0.0,0.0,0.0,,0.005234,0.0,0.2067056383930734,0.6042070386426291,0,stale_tape,1,0,0.150427,0.127867,0.42039,0.803476,0.602607,part2a21_alpha_positions.csv,part2a21_alpha_eligibility.csv,artifacts_part2_g532/predictions/g532_final_consensus_tape.csv
2026-01-27,,,0,0,0.0,0,0.411092,0,FLAT,0.0,0.0,0.0,0.0,,0.000677,0.0,0.2066438819077307,0.6324113761580077,0,stale_tape,1,0,0.1468,0.125076,0.415142,0.807135,0.605351,part2a21_alpha_positions.csv,part2a21_alpha_eligibility.csv,artifacts_part2_g532/predictions/g532_final_consensus_tape.csv
2026-01-28,,,0,0,0.0,0,0.422796,0,FLAT,0.0,0.0,0.0,0.0,,-0.003124,0.0,0.2067035409125512,0.5895913770500988,0,stale_tape,1,0,0.148385,0.116171,0.398401,0.812887,0.609665,part2a21_alpha_positions.csv,part2a21_alpha_eligibility.csv,artifacts_part2_g532/predictions/g532_final_consensus_tape.csv
2026-01-29,,,0,0,0.0,0,0.41799,0,FLAT,0.0,0.0,0.0,0.0,,-0.002592,0.0,0.2067258290882604,0.6121763933429083,0,stale_tape,1,0,0.150081,0.126834,0.418447,0.804382,0.603287,part2a21_alpha_positions.csv,part2a21_alpha_eligibility.csv,artifacts_part2_g532/predictions/g532_final_consensus_tape.csv
2026-01-30,,,0,0,0.0,0,0.407349,0,FLAT,0.0,0.0,0.0,0.0,,0.007392,0.0,0.2069550402187062,0.5337088547689188,0,stale_tape,1,0,0.168378,0.143368,0.449531,0.784145,0.588109,part2a21_alpha_positions.csv,part2a21_alpha_eligibility.csv,artifacts_part2_g532/predictions/g532_final_consensus_tape.csv
2026-02-02,,,0,0,0.0,0,0.412778,0,FLAT,0.0,0.0,0.0,0.0,,-0.009625,0.0,0.206954318986747,0.5242636511081007,0,stale_tape,1,0,0.14653,0.124252,0.413594,0.807854,0.605891,part2a21_alpha_positions.csv,part2a21_alpha_eligibility.csv,artifacts_part2_g532/predictions/g532_final_consensus_tape.csv
2026-02-03,,,0,0,0.0,0,0.427873,0,FLAT,0.0,0.0,0.0,0.0,,-0.004913,0.0,0.2069540377264634,0.5297221680154842,0,stale_tape,1,0,0.18046,0.146475,0.455373,0.776452,0.582339,part2a21_alpha_positions.csv,part2a21_alpha_eligibility.csv,artifacts_part2_g532/predictions/g532_final_consensus_tape.csv
2026-02-04,,,0,0,0.0,0,0.43647,0,FLAT,0.0,0.0,0.0,0.0,,-0.018302,0.0,0.2068572376196331,0.5851794569249923,0,stale_tape,1,0,0.16599,0.150402,0.462756,0.780113,0.585085,part2a21_alpha_positions.csv,part2a21_alpha_eligibility.csv,artifacts_part2_g532/predictions/g532_final_consensus_tape.csv
2026-02-05,,,0,0,0.0,0,0.376045,0,FLAT,0.0,0.0,0.0,0.0,,0.019296,0.0,0.2067201672342843,0.6219215231445637,0,stale_tape,1,0,0.195608,0.18467,0.527179,0.741906,0.55643,part2a21_alpha_positions.csv,part2a21_alpha_eligibility.csv,artifacts_part2_g532/predictions/g532_final_consensus_tape.csv
2026-02-06,,,0,0,0.0,0,0.351778,0,FLAT,0.0,0.0,0.0,0.0,,0.004488,0.0,0.2068118103919857,0.5524611593409273,0,stale_tape,1,0,0.165885,0.160588,0.481906,0.772765,0.579574,part2a21_alpha_positions.csv,part2a21_alpha_eligibility.csv,artifacts_part2_g532/predictions/g532_final_consensus_tape.csv
2026-02-09,,,0,0,0.0,0,0.369032,0,FLAT,0.0,0.0,0.0,0.0,,-0.00717,0.0,0.2068409823004859,0.5257108524694728,0,stale_tape,1,0,0.148131,0.117754,0.401378,0.811852,0.608889,part2a21_alpha_positions.csv,part2a21_alpha_eligibility.csv,artifacts_part2_g532/predictions/g532_final_consensus_tape.csv
2026-02-10,,,0,0,0.0,0,0.355892,0,FLAT,0.0,0.0,0.0,0.0,,0.00266,0.0,0.2065547475728681,0.6699515268478001,0,stale_tape,1,0,0.161094,0.148416,0.459021,0.783758,0.587818,part2a21_alpha_positions.csv,part2a21_alpha_eligibility.csv,artifacts_part2_g532/predictions/g532_final_consensus_tape.csv
2026-02-11,,,0,0,0.0,0,0.371464,0,FLAT,0.0,0.0,0.0,0.0,,-0.021728,0.0,0.2066551790832858,0.6410656342710284,0,stale_tape,1,0,0.130758,0.117241,0.400413,0.820042,0.615031,part2a21_alpha_positions.csv,part2a21_alpha_eligibility.csv,artifacts_part2_g532/predictions/g532_final_consensus_tape.csv
2026-02-12,,,0,0,0.0,0,0.326733,0,FLAT,0.0,0.0,0.0,0.0,,-0.003278,0.0,0.2065949575532324,0.6593507335633685,0,stale_tape,1,0,0.173741,0.154595,0.470638,0.773581,0.580186,part2a21_alpha_positions.csv,part2a21_alpha_eligibility.csv,artifacts_part2_g532/predictions/g532_final_consensus_tape.csv
2026-02-13,,,0,0,0.0,0,0.325926,0,FLAT,0.0,0.0,0.0,0.0,,0.0,0.0,0.2065832866654169,0.6639254041354664,0,stale_tape,1,0,0.170004,0.15958,0.48001,0.771643,0.578732,part2a21_alpha_positions.csv,part2a21_alpha_eligibility.csv,artifacts_part2_g532/predictions/g532_final_consensus_tape.csv
2026-02-16,,,0,0,0.0,0,0.334656,0,FLAT,0.0,0.0,0.0,0.0,,0.001856,0.0,0.2066293664140133,0.6512577990207549,0,stale_tape,1,0,0.163572,0.154331,0.470142,0.778348,0.583761,part2a21_alpha_positions.csv,part2a21_alpha_eligibility.csv,artifacts_part2_g532/predictions/g532_final_consensus_tape.csv
2026-02-17,,,0,0,0.0,0,0.339466,0,FLAT,0.0,0.0,0.0,0.0,,0.007079,0.0,0.2067180515789687,0.6062960740460337,0,stale_tape,1,0,0.15887,0.144435,0.451537,0.787649,0.590737,part2a21_alpha_positions.csv,part2a21_alpha_eligibility.csv,artifacts_part2_g532/predictions/g532_final_consensus_tape.csv
2026-02-18,,,0,0,0.0,0,0.344537,0,FLAT,0.0,0.0,0.0,0.0,,-0.003497,0.0,0.200383918795714,0.5511680135020782,0,stale_tape,1,0,0.134397,0.128958,0.422441,0.809898,0.607423,part2a21_alpha_positions.csv,part2a21_alpha_eligibility.csv,artifacts_part2_g532/predictions/g532_final_consensus_tape.csv
2026-02-19,,,0,0,0.0,0,0.343808,0,FLAT,0.0,0.0,0.0,0.0,,0.007107,0.0,0.1995819388359544,0.5192579588808535,0,stale_tape,1,0,0.19167,0.155062,0.471517,0.765173,0.57388,part2a21_alpha_positions.csv,part2a21_alpha_eligibility.csv,artifacts_part2_g532/predictions/g532_final_consensus_tape.csv
2026-02-20,,,0,0,0.0,0,0.391095,0,FLAT,0.0,0.0,0.0,0.0,,-0.013728,0.0,0.1975988831078549,0.5514046050204964,0,stale_tape,1,0,0.144312,0.128898,0.422329,0.80548,0.60411,part2a21_alpha_positions.csv,part2a21_alpha_eligibility.csv,artifacts_part2_g532/predictions/g532_final_consensus_tape.csv
2026-02-23,,,0,0,0.0,0,0.361105,0,FLAT,0.0,0.0,0.0,0.0,,0.007476,0.0,0.1993373112871344,0.5815113349059139,0,stale_tape,1,0,0.18994,0.162014,0.484587,0.760905,0.570679,part2a21_alpha_positions.csv,part2a21_alpha_eligibility.csv,artifacts_part2_g532/predictions/g532_final_consensus_tape.csv
2026-02-24,,,0,0,0.0,0,0.385617,0,FLAT,0.0,0.0,0.0,0.0,,0.009201,0.0,0.198282932249487,0.596252424661067,0,stale_tape,1,0,0.118064,0.115942,0.397971,0.826697,0.620023,part2a21_alpha_positions.csv,part2a21_alpha_eligibility.csv,artifacts_part2_g532/predictions/g532_final_consensus_tape.csv
2026-02-25,,,0,0,0.0,0,0.491551,0,FLAT,0.0,0.0,0.0,0.0,,-0.008299,0.0,0.1925335266542876,0.5627399021282278,0,stale_tape,1,0,0.105794,0.104216,0.375927,0.840732,0.806973,part2a21_alpha_positions.csv,part2a21_alpha_eligibility.csv,artifacts_part2_g532/predictions/g532_final_consensus_tape.csv
2026-02-26,,,0,0,0.0,0,0.394354,0,FLAT,0.0,0.0,0.0,0.0,,-0.008589,0.0,0.1892787273954349,0.489914092619417,0,stale_tape,1,0,0.177759,0.142688,0.448253,0.780417,0.585313,part2a21_alpha_positions.csv,part2a21_alpha_eligibility.csv,artifacts_part2_g532/predictions/g532_final_consensus_tape.csv
2026-02-27,,,0,0,0.0,0,0.397172,0,FLAT,0.0,0.0,0.0,0.0,,0.006406,0.0,0.1916714779395817,0.5416577504252261,0,stale_tape,1,0,0.152562,0.129538,0.423531,0.801303,0.600977,part2a21_alpha_positions.csv,part2a21_alpha_eligibility.csv,artifacts_part2_g532/predictions/g532_final_consensus_tape.csv
2026-03-02,,,0,0,0.0,0,0.379363,0,FLAT,0.0,0.0,0.0,0.0,,-0.007713,0.0,0.1971412122650764,0.5032483672730971,0,stale_tape,1,0,0.162702,0.161153,0.482967,0.773787,0.58034,part2a21_alpha_positions.csv,part2a21_alpha_eligibility.csv,artifacts_part2_g532/predictions/g532_final_consensus_tape.csv
2026-03-03,,,0,0,0.0,0,0.36361,0,FLAT,0.0,0.0,0.0,0.0,,0.009166,0.0,0.1994887708533834,0.598014130163353,0,stale_tape,1,0,0.192695,0.171215,0.501885,0.752985,0.564739,part2a21_alpha_positions.csv,part2a21_alpha_eligibility.csv,artifacts_part2_g532/predictions/g532_final_consensus_tape.csv
2026-03-04,,,0,0,0.0,0,0.384149,0,FLAT,0.0,0.0,0.0,0.0,,-0.002258,0.0,0.1880236028768217,0.5151242474897196,0,stale_tape,1,0,0.134735,0.138578,0.440527,0.802762,0.602071,part2a21_alpha_positions.csv,part2a21_alpha_eligibility.csv,artifacts_part2_g532/predictions/g532_final_consensus_tape.csv
2026-03-05,,,0,0,0.0,0,0.355579,0,FLAT,0.0,0.0,0.0,0.0,,-0.012838,0.0,0.1964947207991942,0.5312856746185665,0,stale_tape,1,0,0.196133,0.18448,0.526822,0.741807,0.556356,part2a21_alpha_positions.csv,part2a21_alpha_eligibility.csv,artifacts_part2_g532/predictions/g532_final_consensus_tape.csv
2026-03-06,,,0,0,0.0,0,0.354001,0,FLAT,0.0,0.0,0.0,0.0,,0.00554,0.0,0.1905274941162033,0.5231934121122238,0,stale_tape,1,0,0.185518,0.178061,0.514755,0.751244,0.563433,part2a21_alpha_positions.csv,part2a21_alpha_eligibility.csv,artifacts_part2_g532/predictions/g532_final_consensus_tape.csv
2026-03-09,,,0,0,0.0,0,0.379349,0,FLAT,0.0,0.0,0.0,0.0,,0.001476,0.0,0.1995862190117954,0.6349676514294406,0,stale_tape,1,0,0.156289,0.153137,0.467898,0.782492,0.586869,part2a21_alpha_positions.csv,part2a21_alpha_eligibility.csv,artifacts_part2_g532/predictions/g532_final_consensus_tape.csv
2026-03-10,,,0,0,0.0,0,0.220916,0,FLAT,0.0,0.0,0.0,0.0,,0.003464,0.0,0.2068643644721351,0.568624390221122,0,stale_tape,1,0,0.216312,0.164519,0.489295,0.747219,0.336249,part2a21_alpha_positions.csv,part2a21_alpha_eligibility.csv,artifacts_part2_g532/predictions/g532_final_consensus_tape.csv
2026-03-11,,,0,0,0.0,0,0.228262,0,FLAT,0.0,0.0,0.0,0.0,,-0.012205,0.0,0.2074767303320699,0.5632196399376652,0,stale_tape,1,0,0.212782,0.158929,0.478786,0.752866,0.33879,part2a21_alpha_positions.csv,part2a21_alpha_eligibility.csv,artifacts_part2_g532/predictions/g532_final_consensus_tape.csv
2026-03-12,,,0,0,0.0,0,0.371339,0,FLAT,0.0,0.0,0.0,0.0,,-0.004537,0.0,0.201904378811024,0.6367341532478579,0,stale_tape,1,0,0.198229,0.171975,0.503312,0.749943,0.562457,part2a21_alpha_positions.csv,part2a21_alpha_eligibility.csv,artifacts_part2_g532/predictions/g532_final_consensus_tape.csv
2026-03-13,,,0,0,0.0,0,0.397854,0,FLAT,0.0,0.0,0.0,0.0,,0.005477,0.0,0.1994810852207733,0.5903786525536018,0,stale_tape,1,0,0.145752,0.143886,0.450505,0.79395,0.595463,part2a21_alpha_positions.csv,part2a21_alpha_eligibility.csv,artifacts_part2_g532/predictions/g532_final_consensus_tape.csv
2026-03-16,,,0,0,0.0,0,0.406232,0,FLAT,0.0,0.0,0.0,0.0,,0.000991,0.0,0.1999455726233458,0.6349632882719197,0,stale_tape,1,0,0.136014,0.131511,0.42724,0.807317,0.605488,part2a21_alpha_positions.csv,part2a21_alpha_eligibility.csv,artifacts_part2_g532/predictions/g532_final_consensus_tape.csv
2026-03-17,,,0,0,0.0,0,0.415892,0,FLAT,0.0,0.0,0.0,0.0,,-0.009306,0.0,0.198109461109767,0.5805412159693861,0,stale_tape,1,0,0.130944,0.122787,0.41084,0.815932,0.611949,part2a21_alpha_positions.csv,part2a21_alpha_eligibility.csv,artifacts_part2_g532/predictions/g532_final_consensus_tape.csv
2026-03-18,,,0,0,0.0,0,0.404033,0,FLAT,0.0,0.0,0.0,0.0,,-0.002579,0.0,0.1942276729871987,0.5643608587737471,0,stale_tape,1,0,0.177777,0.144901,0.452414,0.778802,0.584101,part2a21_alpha_positions.csv,part2a21_alpha_eligibility.csv,artifacts_part2_g532/predictions/g532_final_consensus_tape.csv
2026-03-19,,,0,0,0.0,0,0.41333,0,FLAT,0.0,0.0,0.0,0.0,,-0.005603,0.0,0.1981376218227012,0.6295942484963134,0,stale_tape,1,0,0.14935,0.13784,0.43914,0.79672,0.59754,part2a21_alpha_positions.csv,part2a21_alpha_eligibility.csv,artifacts_part2_g532/predictions/g532_final_consensus_tape.csv
2026-03-20,,,0,0,0.0,0,0.4146,0,FLAT,0.0,0.0,0.0,0.0,,0.007638,0.0,0.203242665527958,0.4605584209752772,0,stale_tape,1,0,0.196913,0.147084,0.456517,0.768607,0.576455,part2a21_alpha_positions.csv,part2a21_alpha_eligibility.csv,artifacts_part2_g532/predictions/g532_final_consensus_tape.csv
2026-03-23,,,0,0,0.0,0,0.41405,0,FLAT,0.0,0.0,0.0,0.0,,-3e-05,0.0,0.205140034518136,0.5309145532677564,0,stale_tape,1,0,0.172183,0.149143,0.460389,0.77824,0.58368,part2a21_alpha_positions.csv,part2a21_alpha_eligibility.csv,artifacts_part2_g532/predictions/g532_final_consensus_tape.csv
2026-03-24,,,0,0,0.0,0,0.402961,0,FLAT,0.0,0.0,0.0,0.0,,0.000173,0.0,0.2013589451741952,0.4824964797523947,0,stale_tape,1,0,0.199675,0.163646,0.487655,0.755339,0.566504,part2a21_alpha_positions.csv,part2a21_alpha_eligibility.csv,artifacts_part2_g532/predictions/g532_final_consensus_tape.csv
2026-03-25,,,0,0,0.0,0,0.414241,0,FLAT,0.0,0.0,0.0,0.0,,-0.009784,0.0,0.2009836230630081,0.6047167778418052,0,stale_tape,1,0,0.186591,0.152897,0.467447,0.76903,0.576773,part2a21_alpha_positions.csv,part2a21_alpha_eligibility.csv,artifacts_part2_g532/predictions/g532_final_consensus_tape.csv
2026-03-26,,,0,0,0.0,0,0.412783,0,FLAT,0.0,0.0,0.0,0.0,,-0.017262,0.0,0.204019511869692,0.429722591995326,0,stale_tape,1,0,0.195644,0.170777,0.501062,0.751976,0.563982,part2a21_alpha_positions.csv,part2a21_alpha_eligibility.csv,artifacts_part2_g532/predictions/g532_final_consensus_tape.csv
2026-03-27,,,0,0,0.0,0,0.226383,0,FLAT,0.0,0.0,0.0,0.0,,-0.010546,0.0,0.1998582394781021,0.3999823780616056,0,stale_tape,1,0,0.209569,0.171824,0.503029,0.74495,0.335227,part2a21_alpha_positions.csv,part2a21_alpha_eligibility.csv,artifacts_part2_g532/predictions/g532_final_consensus_tape.csv
2026-03-30,,,0,0,0.0,1,0.091367,0,FLAT,0.0,0.0,0.0,0.0,,0.026425,0.0,0.1913326043883622,0.4528992096672911,0,stale_tape,1,0,0.209493,0.176444,0.511714,0.74163,0.133493,part2a21_alpha_positions.csv,part2a21_alpha_eligibility.csv,artifacts_part2_g532/predictions/g532_final_consensus_tape.csv
2026-03-31,,,0,0,0.0,1,0.072994,0,FLAT,0.0,0.0,0.0,0.0,,0.008791,0.0,0.2002329792220584,0.445548178251717,0,stale_tape,1,0,0.226294,0.195779,0.548065,0.720032,0.129606,part2a21_alpha_positions.csv,part2a21_alpha_eligibility.csv,artifacts_part2_g532/predictions/g532_final_consensus_tape.csv
2026-04-01,,,0,0,0.0,0,0.189319,0,FLAT,0.0,0.0,0.0,0.0,,-0.001167,0.0,0.195453130913643,0.5362287947195363,0,stale_tape,1,0,0.21273,0.161474,0.483572,0.751041,0.337969,part2a21_alpha_positions.csv,part2a21_alpha_eligibility.csv,artifacts_part2_g532/predictions/g532_final_consensus_tape.csv
2026-04-02,,,0,0,0.0,0,0.179476,0,FLAT,0.0,0.0,0.0,0.0,,0.0,0.0,0.1933473806509585,0.563398193239019,0,stale_tape,1,1,0.260699,0.186261,0.530171,0.71146,0.320157,part2a21_alpha_positions.csv,part2a21_alpha_eligibility.csv,artifacts_part2_g532/predictions/g532_final_consensus_tape.csv
2026-04-03,,,0,0,0.0,0,0.190647,0,FLAT,0.0,0.0,0.0,0.0,,0.007062,0.0,0.1871200536883085,0.536914898703876,0,stale_tape,1,0,0.212895,0.160436,0.481621,0.75172,0.338274,part2a21_alpha_positions.csv,part2a21_alpha_eligibility.csv,artifacts_part2_g532/predictions/g532_final_consensus_tape.csv
2026-04-06,,,0,0,0.0,0,0.187793,0,FLAT,0.0,0.0,0.0,0.0,,-0.001912,0.0,0.195628419264552,0.5410879636026161,0,stale_tape,1,0,0.222282,0.17145,0.502326,0.7395,0.332775,part2a21_alpha_positions.csv,part2a21_alpha_eligibility.csv,artifacts_part2_g532/predictions/g532_final_consensus_tape.csv
2026-04-07,,,0,0,0.0,0,0.186779,0,FLAT,0.0,0.0,0.0,0.0,,0.02273,0.0,0.1964218097405039,0.6125049900869034,0,stale_tape,1,0,0.22267,0.175936,0.510759,0.736069,0.331231,part2a21_alpha_positions.csv,part2a21_alpha_eligibility.csv,artifacts_part2_g532/predictions/g532_final_consensus_tape.csv
2026-04-08,,,0,0,0.0,0,0.319138,0,FLAT,0.0,0.0,0.0,0.0,,0.00622,0.0,0.1969699087653402,0.6701469477984525,0,stale_tape,1,0,0.144909,0.126613,0.418032,0.80687,0.605153,part2a21_alpha_positions.csv,part2a21_alpha_eligibility.csv,artifacts_part2_g532/predictions/g532_final_consensus_tape.csv
2026-04-09,,,0,0,0.0,0,0.328815,0,FLAT,0.0,0.0,0.0,0.0,,0.001006,0.0,0.1942791350980477,0.5491904149523048,0,stale_tape,1,0,0.153589,0.112337,0.391193,0.813329,0.609996,part2a21_alpha_positions.csv,part2a21_alpha_eligibility.csv,artifacts_part2_g532/predictions/g532_final_consensus_tape.csv
2026-04-10,,,0,0,0.0,0,0.348494,0,FLAT,0.0,0.0,0.0,0.0,,0.007549,0.0,0.2067732426678979,0.6302133196753132,0,stale_tape,1,0,0.168776,0.122885,0.411024,0.798837,0.599127,part2a21_alpha_positions.csv,part2a21_alpha_eligibility.csv,artifacts_part2_g532/predictions/g532_final_consensus_tape.csv
2026-04-13,,,0,0,0.0,0,0.38375,0,FLAT,0.0,0.0,0.0,0.0,,0.008783,0.0,0.2045838934856046,0.6290269205742557,0,stale_tape,1,0,0.122038,0.111103,0.388873,0.828422,0.621317,part2a21_alpha_positions.csv,part2a21_alpha_eligibility.csv,artifacts_part2_g532/predictions/g532_final_consensus_tape.csv
2026-04-14,,,0,0,0.0,0,0.413442,0,FLAT,0.0,0.0,0.0,0.0,,0.010152,0.0,0.1910600680762825,0.4343184257239809,0,stale_tape,1,0,0.160186,0.11939,0.404453,0.805239,0.603929,part2a21_alpha_positions.csv,part2a21_alpha_eligibility.csv,artifacts_part2_g532/predictions/g532_final_consensus_tape.csv
2026-04-15,,,0,0,0.0,0,0.437208,0,FLAT,0.0,0.0,0.0,0.0,,0.003969,0.0,0.1945924018912795,0.4611430907704785,0,stale_tape,1,0,0.072148,0.106501,0.380223,0.854213,0.64066,part2a21_alpha_positions.csv,part2a21_alpha_eligibility.csv,artifacts_part2_g532/predictions/g532_final_consensus_tape.csv
2026-04-16,,,0,0,0.0,0,0.440189,0,FLAT,0.0,0.0,0.0,0.0,,0.006772,0.0,0.1937720259541589,0.4588239334522078,0,stale_tape,1,0,0.079589,0.113985,0.394293,0.845432,0.634074,part2a21_alpha_positions.csv,part2a21_alpha_eligibility.csv,artifacts_part2_g532/predictions/g532_final_consensus_tape.csv
2026-04-17,,,0,0,0.0,0,0.446989,0,FLAT,0.0,0.0,0.0,0.0,,-0.000963,0.0,0.1894834308221748,0.4323711285355278,0,stale_tape,1,0,0.079689,0.116347,0.398733,0.843672,0.632754,part2a21_alpha_positions.csv,part2a21_alpha_eligibility.csv,artifacts_part2_g532/predictions/g532_final_consensus_tape.csv
2026-04-20,,,0,0,0.0,0,0.444612,0,FLAT,0.0,0.0,0.0,0.0,,-0.002214,0.0,0.1964543183729784,0.4710814696542864,0,stale_tape,1,0,0.061221,0.108234,0.38348,0.857873,0.643404,part2a21_alpha_positions.csv,part2a21_alpha_eligibility.csv,artifacts_part2_g532/predictions/g532_final_consensus_tape.csv
2026-04-21,,,0,0,0.0,0,0.437016,0,FLAT,0.0,0.0,0.0,0.0,,0.009174,0.0,0.2002562978517852,0.4968547071172416,0,stale_tape,1,0,0.064529,0.124319,0.41372,0.844707,0.63353,part2a21_alpha_positions.csv,part2a21_alpha_eligibility.csv,artifacts_part2_g532/predictions/g532_final_consensus_tape.csv
2026-04-22,,,0,0,0.0,0,0.494147,0,FLAT,0.0,0.0,0.0,0.0,,-0.002474,0.0,0.1845106488075295,0.4056944992867439,0,stale_tape,1,0,0.073287,0.121491,0.408403,0.842819,0.632114,part2a21_alpha_positions.csv,part2a21_alpha_eligibility.csv,artifacts_part2_g532/predictions/g532_final_consensus_tape.csv
2026-04-23,,,0,0,0.0,0,0.471714,0,FLAT,0.0,0.0,0.0,0.0,,0.005902,0.0,0.2017469569562184,0.5069108857377909,0,stale_tape,1,0,0.079678,0.13915,0.441603,0.827122,0.620341,part2a21_alpha_positions.csv,part2a21_alpha_eligibility.csv,artifacts_part2_g532/predictions/g532_final_consensus_tape.csv
2026-04-24,,,0,0,0.0,0,0.485634,0,FLAT,0.0,0.0,0.0,0.0,,0.003949,0.0,0.1831765424379044,0.3942478060881212,0,stale_tape,1,0,0.069964,0.117616,0.401119,0.847127,0.635345,part2a21_alpha_positions.csv,part2a21_alpha_eligibility.csv,artifacts_part2_g532/predictions/g532_final_consensus_tape.csv
2026-04-27,,,0,0,0.0,0,0.489329,0,FLAT,0.0,0.0,0.0,0.0,,-0.003995,0.0,0.1865871166999289,0.4176836434894615,0,stale_tape,1,0,0.067388,0.116342,0.398724,0.849211,0.636908,part2a21_alpha_positions.csv,part2a21_alpha_eligibility.csv,artifacts_part2_g532/predictions/g532_final_consensus_tape.csv
2026-04-28,,,0,0,0.0,0,0.463646,0,FLAT,0.0,0.0,0.0,0.0,,0.004705,0.0,0.2019436615382665,0.5099192088754525,0,stale_tape,1,0,0.089458,0.144256,0.451202,0.819014,0.61426,part2a21_alpha_positions.csv,part2a21_alpha_eligibility.csv,artifacts_part2_g532/predictions/g532_final_consensus_tape.csv
2026-04-29,,,0,0,0.0,0,0.494382,0,FLAT,0.0,0.0,0.0,0.0,,0.007747,0.0,0.1910744108561562,0.4462522759897111,0,stale_tape,1,0,0.070126,0.115273,0.396714,0.848755,0.636566,part2a21_alpha_positions.csv,part2a21_alpha_eligibility.csv,artifacts_part2_g532/predictions/g532_final_consensus_tape.csv
2026-04-30,,,0,0,0.0,0,0.488664,0,FLAT,0.0,0.0,0.0,0.0,,0.002172,0.0,0.2071060247314234,0.532833744981453,0,stale_tape,1,0,0.046302,0.127248,0.419226,0.850782,0.638087,part2a21_alpha_positions.csv,part2a21_alpha_eligibility.csv,artifacts_part2_g532/predictions/g532_final_consensus_tape.csv
2026-05-01,,,0,0,0.0,0,0.490938,0,FLAT,0.0,0.0,0.0,0.0,,7.2e-05,0.0,0.2079000715942855,0.5358210640138061,0,stale_tape,1,0,0.049163,0.131446,0.427118,0.846447,0.634835,part2a21_alpha_positions.csv,part2a21_alpha_eligibility.csv,artifacts_part2_g532/predictions/g532_final_consensus_tape.csv
2026-05-04,,,0,0,0.0,0,0.495932,0,FLAT,0.0,0.0,0.0,0.0,,0.006334,0.0,0.1898256069291468,0.4374879984699049,0,stale_tape,1,0,0.069988,0.110887,0.388467,0.852002,0.639001,part2a21_alpha_positions.csv,part2a21_alpha_eligibility.csv,artifacts_part2_g532/predictions/g532_final_consensus_tape.csv
2026-05-05,,,0,0,0.0,0,0.661363,0,FLAT,0.0,0.0,0.0,0.0,,0.009011,0.0,0.2174329600561372,0.5700776432792838,0,stale_tape,1,0,0.043095,0.103675,0.37491,0.869339,0.844349,part2a21_alpha_positions.csv,part2a21_alpha_eligibility.csv,artifacts_part2_g532/predictions/g532_final_consensus_tape.csv
2026-05-06,,,0,0,0.0,0,0.498358,0,FLAT,0.0,0.0,0.0,0.0,,-9e-05,0.0,0.1887392055679915,0.416624452883169,0,stale_tape,1,0,0.074463,0.114571,0.395393,0.847313,0.635485,part2a21_alpha_positions.csv,part2a21_alpha_eligibility.csv,artifacts_part2_g532/predictions/g532_final_consensus_tape.csv
2026-05-07,,,0,0,0.0,0,0.671981,0,FLAT,0.0,0.0,0.0,0.0,,0.005509,0.0,0.1803546349688482,0.3618724140259583,0,stale_tape,1,0,0.058706,0.093709,0.356172,0.86955,0.844065,part2a21_alpha_positions.csv,part2a21_alpha_eligibility.csv,artifacts_part2_g532/predictions/g532_final_consensus_tape.csv
2026-05-08,,,0,0,0.0,0,0.666169,0,FLAT,0.0,0.0,0.0,0.0,,0.005556,0.0,0.1859302874466681,0.3925333626111477,0,stale_tape,1,0,0.060668,0.10163,0.371064,0.862916,0.835779,part2a21_alpha_positions.csv,part2a21_alpha_eligibility.csv,artifacts_part2_g532/predictions/g532_final_consensus_tape.csv
2026-05-11,,,0,0,0.0,0,0.508679,0,FLAT,0.0,0.0,0.0,0.0,,0.002135,0.0,0.1948786172023505,0.4613835320458532,0,stale_tape,1,0,0.067972,0.110655,0.388032,0.853077,0.639808,part2a21_alpha_positions.csv,part2a21_alpha_eligibility.csv,artifacts_part2_g532/predictions/g532_final_consensus_tape.csv
2026-05-12,,,0,0,0.0,0,0.529603,0,FLAT,0.0,0.0,0.0,0.0,,0.005496,0.0,0.1791490498888132,0.3751648073422975,0,stale_tape,1,0,0.074356,0.11622,0.398493,0.846165,0.634623,part2a21_alpha_positions.csv,part2a21_alpha_eligibility.csv,artifacts_part2_g532/predictions/g532_final_consensus_tape.csv
2026-05-13,,,0,0,0.0,0,0.511793,0,FLAT,0.0,0.0,0.0,0.0,,0.008402,0.0,0.1892875247567812,0.6603088129825209,0,stale_tape,1,0,0.108699,0.132879,0.429813,0.818615,0.613961,part2a21_alpha_positions.csv,part2a21_alpha_eligibility.csv,artifacts_part2_g532/predictions/g532_final_consensus_tape.csv
2026-05-14,,,0,0,0.0,0,0.678482,0,FLAT,0.0,0.0,0.0,0.0,,-0.004139,0.0,0.1901889643810451,0.6574405507484262,0,stale_tape,1,0,0.085474,0.105723,0.378759,0.848782,0.817516,part2a21_alpha_positions.csv,part2a21_alpha_eligibility.csv,artifacts_part2_g532/predictions/g532_final_consensus_tape.csv
2026-05-15,,,0,0,0.0,0,0.493175,0,FLAT,0.0,0.0,0.0,0.0,,-0.000352,0.0,0.1923306592364744,0.5926202481495876,0,stale_tape,1,0,0.090727,0.124529,0.414115,0.832765,0.624574,part2a21_alpha_positions.csv,part2a21_alpha_eligibility.csv,artifacts_part2_g532/predictions/g532_final_consensus_tape.csv
2026-05-18,,,0,0,0.0,0,0.493206,0,FLAT,0.0,0.0,0.0,0.0,,-0.002524,0.0,0.1997435938403534,0.5026866587026816,0,stale_tape,1,0,0.09834,0.117199,0.400335,0.834661,0.625995,part2a21_alpha_positions.csv,part2a21_alpha_eligibility.csv,artifacts_part2_g532/predictions/g532_final_consensus_tape.csv
2026-05-19,,,0,0,0.0,0,0.493118,0,FLAT,0.0,0.0,0.0,0.0,,0.00355,0.0,0.1981377946576036,0.5185593155061431,0,stale_tape,1,0,0.086155,0.106458,0.380142,0.847941,0.635956,part2a21_alpha_positions.csv,part2a21_alpha_eligibility.csv,artifacts_part2_g532/predictions/g532_final_consensus_tape.csv
2026-05-20,,,0,0,0.0,0,0.501764,0,FLAT,0.0,0.0,0.0,0.0,,0.001222,0.0,0.1987354101537418,0.5289934586578668,0,stale_tape,1,0,0.091314,0.112918,0.392287,0.84093,0.630698,part2a21_alpha_positions.csv,part2a21_alpha_eligibility.csv,artifacts_part2_g532/predictions/g532_final_consensus_tape.csv
2026-05-21,,,0,0,0.0,0,0.663198,0,FLAT,0.0,0.0,0.0,0.0,,0.003108,0.0,0.2003155190553304,0.5259198184460381,0,stale_tape,1,0,0.076427,0.09683,0.36204,0.859309,0.830779,part2a21_alpha_positions.csv,part2a21_alpha_eligibility.csv,artifacts_part2_g532/predictions/g532_final_consensus_tape.csv
2026-05-22,,,0,0,0.0,0,0.507053,0,FLAT,0.0,0.0,0.0,0.0,,0.0,0.0,0.2069695377356222,0.4472092291374516,0,stale_tape,1,0,0.090115,0.113263,0.392935,0.841219,0.630914,part2a21_alpha_positions.csv,part2a21_alpha_eligibility.csv,artifacts_part2_g532/predictions/g532_final_consensus_tape.csv
2026-05-25,,,0,0,0.0,0,0.670672,0,FLAT,0.0,0.0,0.0,0.0,,0.002233,0.0,0.1983744326554994,0.5705119489021847,0,stale_tape,1,0,0.075682,0.099456,0.366978,0.857738,0.828866,part2a21_alpha_positions.csv,part2a21_alpha_eligibility.csv,artifacts_part2_g532/predictions/g532_final_consensus_tape.csv
2026-05-26,,,0,0,0.0,0,0.512204,0,FLAT,0.0,0.0,0.0,0.0,,-0.000497,0.0,0.1961553097607271,0.6168304343228482,0,stale_tape,1,0,0.086904,0.111302,0.389248,0.844088,0.633066,part2a21_alpha_positions.csv,part2a21_alpha_eligibility.csv,artifacts_part2_g532/predictions/g532_final_consensus_tape.csv
2026-05-27,,,0,0,0.0,0,0.673902,0,FLAT,0.0,0.0,0.0,0.0,,0.003379,0.0,0.1976373147972811,0.6045091274501256,0,stale_tape,1,0,0.077899,0.103156,0.373934,0.854054,0.824253,part2a21_alpha_positions.csv,part2a21_alpha_eligibility.csv,artifacts_part2_g532/predictions/g532_final_consensus_tape.csv
2026-05-28,,,0,0,0.0,0,0.54414,0,FLAT,0.0,0.0,0.0,0.0,,0.001112,0.0,0.1951527361917169,0.6518433122169398,0,stale_tape,1,0,0.088419,0.109209,0.385314,0.844926,0.633694,part2a21_alpha_positions.csv,part2a21_alpha_eligibility.csv,artifacts_part2_g532/predictions/g532_final_consensus_tape.csv
2026-05-29,,,0,0,0.0,0,0.739815,0,FLAT,0.0,0.0,0.0,0.0,,0.004329,0.0,0.1951012666918876,0.6595440131071495,0,stale_tape,1,0,0.075231,0.094968,0.35854,0.861199,0.833153,part2a21_alpha_positions.csv,part2a21_alpha_eligibility.csv,artifacts_part2_g532/predictions/g532_final_consensus_tape.csv
2026-06-01,,,0,0,0.0,0,0.742708,0,FLAT,0.0,0.0,0.0,0.0,,0.000633,0.0,0.1941993611495511,0.6573721227216507,0,stale_tape,1,0,0.069806,0.08658,0.34277,0.86973,0.843902,part2a21_alpha_positions.csv,part2a21_alpha_eligibility.csv,artifacts_part2_g532/predictions/g532_final_consensus_tape.csv
2026-06-02,,,0,0,0.0,0,0.569293,0,FLAT,0.0,0.0,0.0,0.0,,-0.004492,0.0,0.2010888571829196,0.5663438294112927,0,stale_tape,1,0,0.093436,0.115015,0.396229,0.838452,0.628839,part2a21_alpha_positions.csv,part2a21_alpha_eligibility.csv,artifacts_part2_g532/predictions/g532_final_consensus_tape.csv
2026-06-03,,,0,0,0.0,0,0.718146,0,FLAT,0.0,0.0,0.0,0.0,,0.002611,0.0,0.1999924693101788,0.5936487733829384,0,stale_tape,1,0,0.076855,0.095077,0.358744,0.860389,0.832097,part2a21_alpha_positions.csv,part2a21_alpha_eligibility.csv,artifacts_part2_g532/predictions/g532_final_consensus_tape.csv
2026-06-04,,,0,0,0.0,0,0.71753,0,FLAT,0.0,0.0,0.0,0.0,,-0.020962,0.0,0.1983100975085666,0.6136244743835753,0,stale_tape,1,0,0.075963,0.094146,0.356994,0.861467,0.833458,part2a21_alpha_positions.csv,part2a21_alpha_eligibility.csv,artifacts_part2_g532/predictions/g532_final_consensus_tape.csv
2026-06-05,,,0,0,0.0,0,0.406959,0,FLAT,0.0,0.0,0.0,0.0,,0.003544,0.0,0.1944603007178779,0.5730829486540571,0,stale_tape,1,0,0.100463,0.168033,0.495902,0.796799,0.5976,part2a21_alpha_positions.csv,part2a21_alpha_eligibility.csv,artifacts_part2_g532/predictions/g532_final_consensus_tape.csv
2026-06-08,,,0,0,0.0,0,0.427414,0,FLAT,0.0,0.0,0.0,0.0,,-0.005694,0.0,0.1986812437191289,0.5491194038377077,0,stale_tape,1,0,0.079875,0.118357,0.402511,0.842129,0.631597,part2a21_alpha_positions.csv,part2a21_alpha_eligibility.csv,artifacts_part2_g532/predictions/g532_final_consensus_tape.csv
2026-06-09,,,0,0,0.0,0,0.413977,0,FLAT,0.0,0.0,0.0,0.0,,-0.01488,0.0,0.197671302017067,0.5497098086982976,0,stale_tape,1,0,0.101179,0.138677,0.440713,0.81779,0.613343,part2a21_alpha_positions.csv,part2a21_alpha_eligibility.csv,artifacts_part2_g532/predictions/g532_final_consensus_tape.csv
2026-06-10,,,0,0,0.0,0,0.393864,0,FLAT,0.0,0.0,0.0,0.0,,0.009708,0.0,0.2091349001354074,0.4517760891651123,0,stale_tape,1,0,0.069348,0.16459,0.489429,0.813301,0.609976,part2a21_alpha_positions.csv,part2a21_alpha_eligibility.csv,artifacts_part2_g532/predictions/g532_final_consensus_tape.csv
2026-06-11,,,0,0,0.0,0,0.38652,0,FLAT,0.0,0.0,0.0,0.0,,0.007167,0.0,0.1893850477312889,0.3542950248909733,0,stale_tape,1,0,0.099813,0.133963,0.431851,0.821827,0.61637,part2a21_alpha_positions.csv,part2a21_alpha_eligibility.csv,artifacts_part2_g532/predictions/g532_final_consensus_tape.csv
2026-06-12,,,0,0,0.0,0,0.388804,0,FLAT,0.0,0.0,0.0,0.0,,0.016209,0.0,0.1817913621816789,0.3120659611595824,0,stale_tape,1,0,0.087705,0.114898,0.396008,0.841117,0.630838,part2a21_alpha_positions.csv,part2a21_alpha_eligibility.csv,artifacts_part2_g532/predictions/g532_final_consensus_tape.csv
2026-06-15,,,0,0,0.0,0,0.362841,0,FLAT,0.0,0.0,0.0,0.0,,-0.00844,0.0,0.1782540825915059,0.2941559332374062,0,stale_tape,1,0,0.104628,0.120844,0.407186,0.829185,0.621888,part2a21_alpha_positions.csv,part2a21_alpha_eligibility.csv,artifacts_part2_g532/predictions/g532_final_consensus_tape.csv
2026-06-16,,,0,0,0.0,0,0.362327,0,FLAT,0.0,0.0,0.0,0.0,,-0.006861,0.0,0.1811681125184432,0.3089512111157793,0,stale_tape,1,0,0.094648,0.118031,0.401898,0.835718,0.626789,part2a21_alpha_positions.csv,part2a21_alpha_eligibility.csv,artifacts_part2_g532/predictions/g532_final_consensus_tape.csv
2026-06-17,,,0,0,0.0,0,0.356599,0,FLAT,0.0,0.0,0.0,0.0,,0.006175,0.0,0.1847792812575793,0.3277712198957957,0,stale_tape,1,0,0.09547,0.131893,0.427958,0.825285,0.618963,part2a21_alpha_positions.csv,part2a21_alpha_eligibility.csv,artifacts_part2_g532/predictions/g532_final_consensus_tape.csv
2026-06-18,,,0,0,0.0,0,0.359048,0,FLAT,0.0,0.0,0.0,0.0,,0.0,0.0,0.173060216861565,0.26321123877123,0,stale_tape,1,0,0.09465,0.116116,0.398298,0.837107,0.62783,part2a21_alpha_positions.csv,part2a21_alpha_eligibility.csv,artifacts_part2_g532/predictions/g532_final_consensus_tape.csv
2026-06-19,,,0,0,0.0,0,0.38404,0,FLAT,0.0,0.0,0.0,0.0,,0.000897,0.0,0.1791094397556314,0.297021994212531,0,stale_tape,1,0,0.103735,0.129073,0.422657,0.823612,0.617709,part2a21_alpha_positions.csv,part2a21_alpha_eligibility.csv,artifacts_part2_g532/predictions/g532_final_consensus_tape.csv
2026-06-22,,,0,0,0.0,0,0.375541,0,FLAT,0.0,0.0,0.0,0.0,,-0.015603,0.0,0.1837766513658491,0.3228621692222858,0,stale_tape,1,0,0.117884,0.147643,0.457569,0.803763,0.602822,part2a21_alpha_positions.csv,part2a21_alpha_eligibility.csv,artifacts_part2_g532/predictions/g532_final_consensus_tape.csv
2026-06-23,,,0,0,0.0,0,0.365224,0,FLAT,0.0,0.0,0.0,0.0,,-0.007422,0.0,0.2030998243937729,0.4331176348907353,0,stale_tape,1,0,0.121944,0.12645,0.417726,0.817323,0.612992,part2a21_alpha_positions.csv,part2a21_alpha_eligibility.csv,artifacts_part2_g532/predictions/g532_final_consensus_tape.csv
2026-06-24,,,0,0,0.0,0,0.376772,0,FLAT,0.0,0.0,0.0,0.0,,-0.000604,0.0,0.1858081955997631,0.3300229441260919,0,stale_tape,1,0,0.113265,0.135204,0.434184,0.814872,0.611154,part2a21_alpha_positions.csv,part2a21_alpha_eligibility.csv,artifacts_part2_g532/predictions/g532_final_consensus_tape.csv
2026-06-25,,,0,0,0.0,0,0.380777,0,FLAT,0.0,0.0,0.0,0.0,,-0.007719,0.0,0.1818870697594641,0.3107431092323676,0,stale_tape,1,0,0.106032,0.153907,0.469345,0.804549,0.603412,part2a21_alpha_positions.csv,part2a21_alpha_eligibility.csv,artifacts_part2_g532/predictions/g532_final_consensus_tape.csv
2026-06-26,,,0,0,0.0,0,0.386076,0,FLAT,0.0,0.0,0.0,0.0,,0.015596,0.0,0.1899961397923836,0.3533047317983382,0,stale_tape,1,0,0.121004,0.139995,0.44319,0.807912,0.605934,part2a21_alpha_positions.csv,part2a21_alpha_eligibility.csv,artifacts_part2_g532/predictions/g532_final_consensus_tape.csv
2026-06-29,,,0,0,0.0,0,0.39431,0,FLAT,0.0,0.0,0.0,0.0,,0.013649,0.0,0.185271041879904,0.3318418513620408,0,stale_tape,1,0,0.099835,0.135822,0.435346,0.820467,0.615351,part2a21_alpha_positions.csv,part2a21_alpha_eligibility.csv,artifacts_part2_g532/predictions/g532_final_consensus_tape.csv
2026-06-30,,,0,0,0.0,0,0.390048,0,FLAT,0.0,0.0,0.0,0.0,,0.000465,0.0,0.1769654344241342,0.2846211509020898,0,stale_tape,1,0,0.084548,0.110924,0.388536,0.845423,0.634067,part2a21_alpha_positions.csv,part2a21_alpha_eligibility.csv,artifacts_part2_g532/predictions/g532_final_consensus_tape.csv
2026-07-01,,,0,0,0.0,0,0.381337,0,FLAT,0.0,0.0,0.0,0.0,,-0.001862,0.0,0.1889553276745453,0.3518029272174744,0,stale_tape,1,0,0.110685,0.13331,0.430624,0.817409,0.613056,part2a21_alpha_positions.csv,part2a21_alpha_eligibility.csv,artifacts_part2_g532/predictions/g532_final_consensus_tape.csv
2026-07-02,,,0,0,0.0,0,0.393458,0,FLAT,0.0,0.0,0.0,0.0,,0.0,0.0,0.1893312692352725,0.3479253088385467,0,stale_tape,1,0,0.096815,0.114833,0.395886,0.837065,0.627798,part2a21_alpha_positions.csv,part2a21_alpha_eligibility.csv,artifacts_part2_g532/predictions/g532_final_consensus_tape.csv
2026-07-03,,,0,0,0.0,0,0.387754,0,FLAT,0.0,0.0,0.0,0.0,,0.007767,0.0,0.1998669030435958,0.4097815376164206,0,stale_tape,1,0,0.105464,0.126186,0.41723,0.82493,0.618698,part2a21_alpha_positions.csv,part2a21_alpha_eligibility.csv,artifacts_part2_g532/predictions/g532_final_consensus_tape.csv
2026-07-06,,,0,0,0.0,0,0.375286,0,FLAT,0.0,0.0,0.0,0.0,,-2.9e-05,0.0,0.1930332571543127,0.369701691235069,0,stale_tape,1,0,0.116857,0.140796,0.444696,0.809197,0.606897,part2a21_alpha_positions.csv,part2a21_alpha_eligibility.csv,artifacts_part2_g532/predictions/g532_final_consensus_tape.csv
2026-07-07,,,0,0,0.0,0,0.415708,0,FLAT,0.0,0.0,0.0,0.0,,-0.000623,0.0,0.2072048994047017,0.4416342274775119,0,stale_tape,1,0,0.073929,0.133006,0.430051,0.83417,0.625627,part2a21_alpha_positions.csv,part2a21_alpha_eligibility.csv,artifacts_part2_g532/predictions/g532_final_consensus_tape.csv
2026-07-08,,,0,0,0.0,0,0.433146,0,FLAT,0.0,0.0,0.0,0.0,,0.005756,0.0,0.2121952391306062,0.4404466277219639,0,stale_tape,1,0,0.079813,0.112864,0.392185,0.846145,0.634609,part2a21_alpha_positions.csv,part2a21_alpha_eligibility.csv,artifacts_part2_g532/predictions/g532_final_consensus_tape.csv
2026-07-09,,,0,0,0.0,0,0.436411,0,FLAT,0.0,0.0,0.0,0.0,,0.005433,0.0,0.2206910082310221,0.4753941283634826,0,stale_tape,1,0,0.07756,0.107471,0.382046,0.851074,0.638305,part2a21_alpha_positions.csv,part2a21_alpha_eligibility.csv,artifacts_part2_g532/predictions/g532_final_consensus_tape.csv
2026-07-10,,,0,0,0.0,0,0.447289,0,FLAT,0.0,0.0,0.0,0.0,,-0.004117,0.0,0.2286624743724919,0.4979068218107885,0,stale_tape,1,0,0.088353,0.129314,0.42311,0.830359,0.622769,part2a21_alpha_positions.csv,part2a21_alpha_eligibility.csv,artifacts_part2_g532/predictions/g532_final_consensus_tape.csv
2026-07-13,,,0,0,0.0,0,0.456277,0,FLAT,0.0,0.0,0.0,0.0,,0.000986,0.0,0.2232675934506403,0.5173317837476142,0,stale_tape,1,0,0.092728,0.146169,0.454797,0.816154,0.612116,part2a21_alpha_positions.csv,part2a21_alpha_eligibility.csv,artifacts_part2_g532/predictions/g532_final_consensus_tape.csv
2026-07-14,,,0,0,0.0,0,0.505919,0,FLAT,0.0,0.0,0.0,0.0,,0.001444,0.0,0.2101928606275565,0.4238587626046479,0,stale_tape,1,0,0.085831,0.124728,0.414489,0.834824,0.626118,part2a21_alpha_positions.csv,part2a21_alpha_eligibility.csv,artifacts_part2_g532/predictions/g532_final_consensus_tape.csv
2026-07-15,,,0,0,0.0,0,0.507358,0,FLAT,0.0,0.0,0.0,0.0,,-0.004649,0.0,0.2166796015834074,0.4667416820284715,0,stale_tape,1,0,0.085528,0.12246,0.410224,0.836607,0.627455,part2a21_alpha_positions.csv,part2a21_alpha_eligibility.csv,artifacts_part2_g532/predictions/g532_final_consensus_tape.csv
2026-07-16,,,0,0,0.0,0,0.48841,0,FLAT,0.0,0.0,0.0,0.0,,-0.01143,0.0,0.2324661728580141,0.5492780800738513,0,stale_tape,1,0,0.090403,0.141755,0.4465,0.820404,0.615303,part2a21_alpha_positions.csv,part2a21_alpha_eligibility.csv,artifacts_part2_g532/predictions/g532_final_consensus_tape.csv
2026-07-17,,,0,0,0.0,0,0.452535,0,FLAT,0.0,0.0,0.0,0.0,,0.001796,0.0,0.2243798745764843,0.5385591947586401,0,stale_tape,1,0,0.087806,0.139844,0.442907,0.822961,0.61722,part2a21_alpha_positions.csv,part2a21_alpha_eligibility.csv,artifacts_part2_g532/predictions/g532_final_consensus_tape.csv
2026-07-20,,,0,0,0.0,0,0.459457,0,FLAT,0.0,0.0,0.0,0.0,,0.010724,0.0,0.2200846120426653,0.5114290459581049,0,stale_tape,1,0,0.089508,0.154395,0.470263,0.811631,0.608723,part2a21_alpha_positions.csv,part2a21_alpha_eligibility.csv,artifacts_part2_g532/predictions/g532_final_consensus_tape.csv
2026-07-21,,,0,0,0.0,0,0.452926,0,FLAT,0.0,0.0,0.0,0.0,,0.001031,0.0,0.2481472253701321,0.6087975231628019,0,stale_tape,1,0,0.082396,0.115211,0.396596,0.843279,0.632459,part2a21_alpha_positions.csv,part2a21_alpha_eligibility.csv,artifacts_part2_g532/predictions/g532_final_consensus_tape.csv
2026-07-22,,,0,0,0.0,0,0.450535,0,FLAT,0.0,0.0,0.0,0.0,,-0.009643,0.0,0.2520976165166429,0.6290249992261266,0,stale_tape,1,0,0.08707,0.119078,0.403867,0.838368,0.628776,part2a21_alpha_positions.csv,part2a21_alpha_eligibility.csv,artifacts_part2_g532/predictions/g532_final_consensus_tape.csv
2026-07-23,,,0,0,0.0,0,0.43326,1,FLAT,0.0,0.0,0.0,0.0,,,0.0,0.2253162713363969,0.5459776000862563,0,stale_tape,0,0,0.090111,0.136508,0.436636,0.824345,0.618259,part2a21_alpha_positions.csv,part2a21_alpha_eligibility.csv,artifacts_part2_g532/predictions/g532_final_consensus_tape.csv
