Date,is_live,eligible,eligibility_reason,prob_voo,alpha_score,component_agreement,entry_z_eff,agreement_min_eff,signal_strength,excess_vol10,alpha_position,dist_overlay_on_g53,dist_overlay_strength_g53,dist_width_caution_g53,uncertainty_penalty_g5
2020-01-01,0,0,weak_score,0.2335723135506638,,0.0,0.571325,0.494076,,0.054612,0.0,0,0.146485,0.140312,0.443786
2020-01-02,0,0,weak_score,0.2148180876476788,,0.0,0.571217,0.49407,,0.055685,0.0,0,0.152921,0.135899,0.43549
2020-01-03,0,0,weak_score,0.2373576811036266,,0.0,0.573866,0.494221,,0.09071,0.0,0,0.152469,0.146604,0.455615
2020-01-06,0,0,high_risk_veto,0.2780201775508722,,0.0,0.570096,0.494006,,0.094097,0.0,0,0.149965,0.133322,0.430645
2020-01-07,0,0,weak_score,0.2133161713102252,,0.0,0.567821,0.493875,,0.093951,0.0,0,0.139878,0.130618,0.425562
2020-01-08,0,0,weak_score,0.2126421037407217,,0.0,0.567119,0.493835,,0.101763,0.0,0,0.139383,0.128164,0.420949
2020-01-09,0,0,weak_score,0.2019533621299025,,0.0,0.570222,0.494013,,0.104702,0.0,0,0.159946,0.127628,0.41994
2020-01-10,0,0,weak_score,0.2456785519864305,,0.0,0.576101,0.494349,,0.108265,0.0,0,0.164226,0.148111,0.458449
2020-01-13,0,0,weak_score,0.2001539403960243,,0.0,0.56716,0.493838,,0.109716,0.0,0,0.152473,0.120212,0.405999
2020-01-14,0,0,weak_score,0.2109866258776735,,0.0,0.573923,0.494224,,0.109009,0.0,0,0.15296,0.146523,0.455464
2020-01-15,0,0,weak_score,0.202110730833461,,0.0,0.568253,0.4939,,0.109068,0.0,0,0.147648,0.127505,0.419709
2020-01-16,0,0,weak_score,0.2185256656334311,,0.0,0.56948,0.49397,,0.1187,0.0,0,0.146921,0.132782,0.429631
2020-01-17,0,0,weak_score,0.2280519459744185,,0.0,0.565957,0.493769,,0.082958,0.0,0,0.136897,0.125132,0.415249
2020-01-20,0,0,weak_score,0.2160382132419199,,0.0,0.565788,0.493759,,0.083666,0.0,0,0.136628,0.124634,0.414312
2020-01-21,0,0,weak_score,0.2284069494715425,,0.0,0.570932,0.494053,,0.092659,0.0,0,0.143451,0.140649,0.44442
2020-01-22,0,0,weak_score,0.2556625086625601,,0.0,0.571818,0.494104,,0.088024,0.0,0,0.152489,0.138531,0.440439
2020-01-23,0,0,weak_score,0.2378128999531351,,0.0,0.568545,0.493917,,0.084754,0.0,0,0.140451,0.133111,0.430249
2020-01-24,0,0,high_risk_veto,0.2715820438238179,,0.0,0.574455,0.494255,,0.105423,0.0,0,0.158845,0.144969,0.452542
2020-01-27,0,0,high_risk_veto,0.2666830117505738,,0.0,0.596278,0.495502,,0.145169,0.0,1,0.197507,0.20689,0.568954
2020-01-28,0,0,weak_score,0.2437707884752677,,0.0,0.584536,0.494831,,0.169213,0.0,0,0.178182,0.172659,0.504599
2020-01-29,0,0,weak_score,0.2079146634865669,-1.752766,0.5,0.587437,0.494996,0.0,0.170395,0.0,0,0.178902,0.183627,0.525219
2020-01-30,0,0,weak_score,0.2562497056960465,-1.676113,0.75,0.582362,0.494706,0.0,0.15822,0.0,0,0.172671,0.167519,0.494935
2020-01-31,0,0,high_risk_veto,0.2740989548497848,-1.48437,0.5,0.594843,0.49542,0.0,0.181916,0.0,1,0.193021,0.204024,0.563566
2020-02-03,0,0,weak_score,0.2274273596546198,-1.391721,0.75,0.586415,0.494938,0.0,0.193036,0.0,0,0.178281,0.17999,0.518382
2020-02-04,0,0,weak_score,0.2413408069077273,-0.950811,0.75,0.583967,0.494798,0.0,0.232103,0.0,0,0.174026,0.172995,0.505231
2020-02-05,0,0,weak_score,0.2333876411572365,-0.312961,0.75,0.587453,0.494997,0.0,0.248521,0.0,0,0.189496,0.177126,0.512996
2020-02-06,0,0,weak_score,0.197560238151878,0.362752,0.75,0.590462,0.495169,0.0,0.248924,0.0,0,0.219817,0.170173,0.499926
2020-02-07,0,1,ok,0.2371269293281365,0.584834,0.5,0.583154,0.494752,0.000876,0.245246,0.0,0,0.173782,0.169946,0.499498
2020-02-10,0,0,weak_score,0.2360813379569488,0.190491,0.75,0.577533,0.49443,0.0,0.209433,0.0,0,0.164859,0.153354,0.468306
2020-02-11,0,0,weak_score,0.2331965770872518,0.230363,0.5,0.581237,0.494642,0.0,0.200412,0.0,0,0.174747,0.161804,0.484192
2020-02-12,0,0,weak_score,0.2214452158156077,0.375582,0.75,0.571752,0.4941,0.0,0.197993,0.0,0,0.15217,0.13847,0.440324
2020-02-13,0,1,ok,0.2237136315607643,0.904503,0.5,0.572425,0.494139,0.172278,0.199772,0.0,0,0.150343,0.142251,0.447431
2020-02-14,0,1,ok,0.2056731551020766,0.909516,0.5,0.570474,0.494027,0.175713,0.140374,0.0,0,0.156808,0.130567,0.425467
2020-02-17,0,1,ok,0.2028163070542379,0.894294,0.5,0.57012,0.494007,0.167976,0.141788,0.009643,0,0.159655,0.127406,0.419524
2020-02-18,0,1,ok,0.2201783168304041,0.680958,0.5,0.576653,0.49438,0.054231,0.113062,0.009643,0,0.164759,0.149953,0.461912
2020-02-19,0,0,deploy_downside_veto,0.2500773331417119,0.550512,0.75,0.570207,0.494012,0.0,0.086811,0.009643,0,0.151604,0.13274,0.429552
2020-02-20,0,1,ok,0.2277903415886896,0.65316,0.5,0.580623,0.494607,0.037792,0.09423,0.009643,0,0.172438,0.160818,0.482337
2020-02-21,0,0,high_risk_veto,0.2799580494412561,0.680757,0.5,0.58833,0.495047,0.048349,0.109225,0.009643,0,0.193891,0.177851,0.514361
2020-02-24,0,0,weak_score,0.2197208014124189,0.283227,0.5,0.631809,0.497532,0.0,0.229267,0.0,1,0.263778,0.373842,0.635266
2020-02-25,0,0,high_risk_veto,0.2192290670080483,-0.54266,0.5,0.624952,0.49714,0.0,0.261254,0.0,1,0.259074,0.33216,0.620828
2020-02-26,0,0,high_risk_veto,0.2195142339403077,-1.596362,0.75,0.628355,0.497335,0.0,0.24396,0.0,1,0.286328,0.326108,0.618709
2020-02-27,0,0,high_risk_veto,0.1977785886133646,-1.673014,0.5,0.640683,0.498039,0.0,0.309368,0.0,1,0.288462,0.40791,0.64687
2020-02-28,0,0,high_risk_veto,0.2201010908837198,-2.072499,0.75,0.633758,0.497643,0.0,0.298981,0.0,1,0.290664,0.358251,0.629897
2020-03-02,0,0,high_risk_veto,0.2018456028474225,-2.504906,0.75,0.618937,0.496796,0.0,0.424786,0.0,1,0.260069,0.290238,0.606027
2020-03-03,0,0,high_risk_veto,0.1921090781851576,-2.659464,0.5,0.631814,0.497532,0.0,0.442743,0.0,1,0.286389,0.349587,0.626898
2020-03-04,0,0,high_risk_veto,0.1993726606273963,-2.867627,0.75,0.617672,0.496724,0.0,0.525409,0.0,1,0.252064,0.290212,0.606017
2020-03-05,0,0,high_risk_veto,0.1851454214000133,-2.187299,0.5,0.622124,0.496978,0.0,0.54629,0.0,1,0.264188,0.307461,0.612143
2020-03-06,0,0,high_risk_veto,0.200635014903231,-2.456055,0.5,0.615064,0.496575,0.0,0.549178,0.0,1,0.252787,0.271769,0.599412
2020-03-09,0,0,high_risk_veto,0.1813629913252958,-1.761905,0.5,0.629512,0.497401,0.0,0.651579,0.0,1,0.28039,0.340347,0.623685
2020-03-10,0,0,high_risk_veto,0.1901775233960924,-2.477089,0.75,0.621753,0.496957,0.0,0.787038,0.0,1,0.262768,0.306464,0.61179
2020-03-11,0,0,high_risk_veto,0.1803788437370019,-2.097841,0.5,0.62944,0.497397,0.0,0.798895,0.0,1,0.279134,0.341202,0.623983
2020-03-12,0,0,high_risk_veto,0.1797067812576777,-1.921988,0.5,0.634999,0.497714,0.0,0.89928,0.0,1,0.282546,0.375435,0.635812
2020-03-13,0,0,high_risk_veto,0.1988393276694232,-1.859265,0.75,0.62256,0.497003,0.0,1.072651,0.0,1,0.261831,0.312949,0.614081
2020-03-16,0,0,high_risk_veto,0.1871385274332531,-1.896227,0.5,0.634378,0.497679,0.0,1.236147,0.0,1,0.290443,0.362714,0.631438
2020-03-17,0,0,high_risk_veto,0.1901127457270873,-2.908383,0.75,0.625011,0.497144,0.0,1.365351,0.0,1,0.267303,0.32375,0.617882
2020-03-18,0,0,high_risk_veto,0.1772681194623959,-2.030466,0.5,0.627374,0.497279,0.0,1.329571,0.0,1,0.276601,0.329862,0.620024
2020-03-19,0,0,high_risk_veto,0.1801421732449421,-2.120099,0.75,0.612925,0.496453,0.0,1.329164,0.0,1,0.243386,0.26731,0.597806
2020-03-20,0,0,high_risk_veto,0.1767297234584591,-1.222094,0.5,0.607776,0.496159,0.0,1.352397,0.0,1,0.251018,0.224398,0.58217
2020-03-23,0,0,high_risk_veto,0.1824105339425999,-1.384081,0.75,0.620978,0.496913,0.0,1.309584,0.0,1,0.255548,0.308923,0.61266
2020-03-24,0,0,high_risk_veto,0.1940962301757811,-1.584245,0.75,0.625157,0.497152,0.0,1.371823,0.0,1,0.261838,0.330596,0.620281
2020-03-25,0,0,high_risk_veto,0.2115719828593229,-1.643953,0.5,0.628905,0.497366,0.0,1.371705,0.0,1,0.209496,0.412423,0.648394
2020-03-26,0,0,high_risk_veto,0.2158003385390534,-1.713047,0.75,0.645563,0.498318,0.0,1.307309,0.0,1,0.291405,0.442174,0.65
2020-03-27,0,0,high_risk_veto,0.2116348483129481,-1.156885,0.5,0.622138,0.496979,0.0,1.214411,0.0,1,0.204752,0.371285,0.634388
2020-03-30,0,0,high_risk_veto,0.2183084253601361,-1.270615,0.75,0.623718,0.49707,0.0,0.928992,0.0,1,0.211362,0.37496,0.635649
2020-03-31,0,0,high_risk_veto,0.2133954554911986,-0.924333,0.5,0.61861,0.496778,0.0,0.819238,0.0,1,0.199345,0.353037,0.628093
2020-04-01,0,0,high_risk_veto,0.2126837505816904,-0.907729,0.5,0.623537,0.497059,0.0,0.8311,0.0,1,0.201605,0.384217,0.638818
2020-04-02,0,0,high_risk_veto,0.2209412514269436,-0.937663,0.75,0.629907,0.497423,0.0,0.84088,0.0,1,0.212837,0.415678,0.649492
2020-04-03,0,0,high_risk_veto,0.2134749764920624,-1.092919,0.5,0.639144,0.497951,0.0,0.754711,0.0,1,0.279449,0.407094,0.646593
2020-04-06,0,0,high_risk_veto,0.2155348338945976,-1.545315,0.75,0.642558,0.498146,0.0,0.765504,0.0,1,0.291373,0.417684,0.65
2020-04-07,0,0,high_risk_veto,0.2139141992988023,-1.244081,0.75,0.6361,0.497777,0.0,0.617522,0.0,1,0.217242,0.460278,0.65
2020-04-08,0,0,high_risk_veto,0.2164456117425377,-1.164238,0.75,0.63911,0.497949,0.0,0.632406,0.0,1,0.269441,0.41774,0.65
2020-04-09,0,0,high_risk_veto,0.2131635438991401,-0.641671,0.75,0.613728,0.496499,0.0,0.578854,0.0,1,0.195181,0.324269,0.618064
2020-04-10,0,0,high_risk_veto,0.2093768634083098,-0.519555,0.75,0.609185,0.496239,0.0,0.52686,0.0,1,0.189064,0.299952,0.609482
2020-04-13,0,0,high_risk_veto,0.2119752189444967,-0.246107,0.75,0.604042,0.495945,0.0,0.51977,0.0,1,0.185682,0.268699,0.598307
2020-04-14,0,0,high_risk_veto,0.2146612982130808,-0.24922,0.75,0.645348,0.498306,0.0,0.515284,0.0,1,0.286579,0.446624,0.65
2020-04-15,0,0,high_risk_veto,0.2152821723796491,-0.014595,0.5,0.614132,0.496522,0.0,0.458133,0.0,1,0.199781,0.322086,0.617298
2020-04-16,0,0,high_risk_veto,0.2179846557951897,0.102548,0.75,0.621141,0.496922,0.0,0.455333,0.0,1,0.222466,0.345469,0.625468
2020-04-17,0,0,high_risk_veto,0.217240215281881,0.220688,0.75,0.609088,0.496234,0.0,0.440338,0.0,1,0.202311,0.285143,0.604208
2020-04-20,0,0,high_risk_veto,0.2151672443770516,0.177318,0.5,0.615307,0.496589,0.0,0.345103,0.0,1,0.202644,0.327013,0.619026
2020-04-21,0,0,high_risk_veto,0.2169463322447551,0.196806,0.5,0.628462,0.497341,0.0,0.397807,0.0,1,0.214559,0.403939,0.645526
2020-04-22,0,0,high_risk_veto,0.2244672875285572,0.024988,0.75,0.614459,0.496541,0.0,0.377691,0.0,1,0.192385,0.332233,0.620854
2020-04-23,0,0,high_risk_veto,0.2187158946988703,-0.095821,0.5,0.630476,0.497456,0.0,0.37182,0.0,1,0.214493,0.417903,0.65
2020-04-24,0,0,high_risk_veto,0.2212718945408736,-0.316704,0.75,0.63354,0.497631,0.0,0.379235,0.0,1,0.221387,0.434056,0.65
2020-04-27,0,0,high_risk_veto,0.218392416626407,-0.210713,0.75,0.644352,0.498249,0.0,0.387048,0.0,1,0.286963,0.438005,0.65
2020-04-28,0,0,high_risk_veto,0.2123163835167184,-0.147658,0.5,0.641527,0.498087,0.0,0.363751,0.0,1,0.282918,0.420143,0.65
2020-04-29,0,0,high_risk_veto,0.2149067530590109,-0.084589,0.75,0.620628,0.496893,0.0,0.340971,0.0,1,0.19617,0.370206,0.634017
2020-04-30,0,0,high_risk_veto,0.215642196997604,0.085587,0.5,0.613749,0.4965,0.0,0.346106,0.0,1,0.186542,0.333663,0.621353
2020-05-01,0,0,high_risk_veto,0.2156553156029681,0.19768,0.5,0.630209,0.497441,0.0,0.350861,0.0,1,0.214143,0.416341,0.649715
2020-05-04,0,0,high_risk_veto,0.2210772734077609,0.254967,0.75,0.63869,0.497925,0.0,0.334171,0.0,1,0.225364,0.470982,0.65
2020-05-05,0,0,weak_score,0.2291157176331393,0.148037,0.75,0.655069,0.498861,0.0,0.273763,0.0,1,0.316724,0.487221,0.65
2020-05-06,0,0,weak_score,0.229599183282851,0.093857,0.75,0.649954,0.498569,0.0,0.252757,0.0,1,0.308213,0.45641,0.65
2020-05-07,0,0,weak_score,0.2247142901767224,0.180404,0.75,0.656022,0.498916,0.0,0.2525,0.0,1,0.322907,0.487056,0.65
2020-05-08,0,0,weak_score,0.2213153200862622,0.300024,0.75,0.623162,0.497038,0.0,0.26099,0.0,1,0.250358,0.329321,0.619835
2020-05-11,0,0,weak_score,0.2216822526884802,0.355335,0.75,0.599582,0.49569,0.0,0.245269,0.0,0,0.178096,0.246616,0.590307
2020-05-12,0,0,weak_score,0.2268031443987381,0.534838,0.5,0.637735,0.497871,0.0,0.273046,0.0,1,0.283048,0.393584,0.642011
2020-05-13,0,0,weak_score,0.2295336867279963,0.565143,0.5,0.661202,0.499212,0.0,0.249615,0.0,1,0.321096,0.531667,0.65
2020-05-14,0,0,weak_score,0.2269592807883573,0.431456,0.75,0.645732,0.498328,0.0,0.259319,0.0,1,0.296119,0.437493,0.65
2020-05-15,0,0,weak_score,0.2296412420455053,0.220223,0.75,0.648087,0.498462,0.0,0.213788,0.0,1,0.305405,0.444783,0.65
2020-05-18,0,0,weak_score,0.2218554572871404,0.128335,0.75,0.609875,0.496279,0.0,0.277979,0.0,1,0.189171,0.30452,0.611102
2020-05-19,0,0,weak_score,0.2173772379832432,0.310219,0.5,0.600587,0.495748,0.0,0.287748,0.0,0,0.171131,0.260828,0.595466
2020-05-20,0,0,weak_score,0.1975831363149543,0.405649,0.75,0.611419,0.496367,0.0,0.293871,0.0,1,0.201116,0.302226,0.610289
2020-05-21,0,1,ok,0.1945229849640707,0.621484,0.5,0.616258,0.496643,0.002774,0.299571,0.0,1,0.243502,0.289764,0.605858
2020-05-22,0,1,ok,0.1963923085226884,0.624522,0.75,0.607427,0.496139,0.009032,0.283842,0.0,1,0.192393,0.284472,0.603968
2020-05-25,0,1,ok,0.2058504004549141,0.700388,0.5,0.610964,0.496341,0.047339,0.283584,0.001022,1,0.202093,0.298095,0.608823
2020-05-26,0,1,ok,0.1978717424586618,0.658168,0.5,0.596133,0.495493,0.032583,0.257294,0.001022,0,0.178112,0.22332,0.581773
2020-05-27,0,1,ok,0.203624753720354,0.636662,0.75,0.598692,0.49564,0.019971,0.221243,0.001022,0,0.205877,0.211201,0.577058
2020-05-28,0,1,ok,0.2001515188097243,0.612548,0.5,0.598868,0.49565,0.007196,0.224779,0.001022,0,0.208597,0.210207,0.57519
2020-05-29,0,0,weak_score,0.1967370909710256,0.516893,0.75,0.599291,0.495674,0.0,0.226294,0.001022,0,0.216282,0.207108,0.569363
2020-06-01,0,0,weak_score,0.2117780365334238,0.589728,0.75,0.600788,0.495759,0.0,0.151976,0.0,0,0.224554,0.207874,0.570803
2020-06-02,0,1,ok,0.2079463368171769,0.678735,0.75,0.606074,0.496061,0.038365,0.128334,0.0,1,0.244573,0.219767,0.580462
2020-06-03,0,1,ok,0.2040974771685077,0.868574,0.75,0.600915,0.495767,0.140941,0.136337,0.0,1,0.190671,0.24224,0.588712
2020-06-04,0,1,ok,0.1957744934128728,1.019088,1.0,0.598849,0.495649,0.221044,0.117416,0.0,0,0.21319,0.207287,0.5697
2020-06-05,0,1,ok,0.200620734166693,1.053344,0.75,0.603928,0.495939,0.237025,0.16146,0.0,1,0.192567,0.260591,0.59538
2020-06-08,0,1,ok,0.1978681760014842,1.124057,0.75,0.597486,0.495571,0.276776,0.152618,0.003348,0,0.205313,0.206806,0.568795
2020-06-09,0,1,ok,0.2132730684050053,1.102863,0.75,0.605668,0.496038,0.262465,0.182707,0.003348,1,0.235861,0.226283,0.582863
2020-06-10,0,1,ok,0.2108813306454529,1.146075,0.75,0.597423,0.495567,0.288373,0.208561,0.003348,0,0.214032,0.201154,0.55817
2020-06-11,0,0,high_risk_veto,0.1970513191436065,1.355024,0.5,0.667637,0.499579,0.375137,0.401976,0.003348,1,0.325276,0.578822,0.65
2020-06-12,0,0,high_risk_veto,0.195453359583792,1.287641,0.75,0.637542,0.49786,0.349055,0.409176,0.003348,1,0.288916,0.385952,0.63941
2020-06-15,0,0,high_risk_veto,0.2011362636259059,1.273957,0.75,0.646719,0.498384,0.338447,0.41155,0.0,1,0.303799,0.435675,0.65
2020-06-16,0,0,high_risk_veto,0.2093218091897581,0.993239,0.75,0.603778,0.49593,0.205388,0.422627,0.0,1,0.188684,0.263713,0.596508
2020-06-17,0,0,high_risk_veto,0.1633169766368762,1.093224,0.75,0.626667,0.497238,0.249052,0.412968,0.0,1,0.256928,0.346135,0.625699
2020-06-18,0,0,high_risk_veto,0.1598096754741019,1.14739,0.75,0.636626,0.497807,0.274107,0.412833,0.0,1,0.270924,0.399059,0.643871
2020-06-19,0,0,high_risk_veto,0.1726477049968652,1.232543,0.5,0.622643,0.497008,0.324871,0.374883,0.0,1,0.210339,0.368729,0.633509
2020-06-22,0,0,high_risk_veto,0.1778722789935576,1.163021,0.75,0.61909,0.496805,0.289185,0.371291,0.0,1,0.206445,0.348683,0.626584
2020-06-23,0,0,high_risk_veto,0.1997064473012157,1.141819,0.75,0.626739,0.497242,0.274964,0.372572,0.0,1,0.218671,0.387733,0.640018
2020-06-24,0,0,high_risk_veto,0.1699859001624993,1.214955,0.5,0.646403,0.498366,0.306729,0.389968,0.0,1,0.242786,0.511543,0.65
2020-06-25,0,0,deploy_downside_veto,0.25458104124802,1.158932,0.75,0.645873,0.498336,0.276712,0.219875,0.0,1,0.303731,0.428857,0.65
2020-06-26,0,1,ok,0.1902817711528181,1.234594,0.5,0.644546,0.49826,0.318007,0.252409,0.0,1,0.249132,0.488227,0.65
2020-06-29,0,1,ok,0.2004302744934777,0.945124,0.75,0.627428,0.497282,0.169658,0.257518,0.003587,1,0.257961,0.35021,0.627114
2020-06-30,0,1,ok,0.2378877705875895,0.884207,0.75,0.625514,0.497172,0.138008,0.243542,0.003587,1,0.256596,0.338645,0.623092
2020-07-01,0,1,ok,0.2422164934866935,0.709331,0.75,0.640341,0.498019,0.037098,0.246944,0.003587,1,0.279636,0.415086,0.649292
2020-07-02,0,1,ok,0.2272692044263444,0.84506,0.75,0.632986,0.497599,0.11359,0.247638,0.003587,1,0.271984,0.373054,0.634995
2020-07-03,0,1,ok,0.2201692822995971,0.987013,0.5,0.637536,0.497859,0.187642,0.244989,0.003587,1,0.273388,0.402629,0.645082
2020-07-06,0,1,ok,0.2179084169561744,0.989992,0.75,0.624932,0.497139,0.194692,0.256287,0.004173,1,0.261803,0.329101,0.619758
2020-07-07,0,1,ok,0.1859859337070524,1.074735,0.5,0.632183,0.497553,0.236935,0.266818,0.004173,1,0.225785,0.417321,0.65
2020-07-08,0,0,deploy_downside_veto,0.259068699194787,1.022342,0.75,0.643505,0.4982,0.20406,0.219062,0.004173,1,0.29742,0.417647,0.65
2020-07-09,0,1,ok,0.1717725542958346,1.082966,0.75,0.631524,0.497516,0.24161,0.223152,0.004173,1,0.221229,0.417796,0.65
2020-07-10,0,1,ok,0.1861574098830466,1.032378,0.75,0.626243,0.497214,0.216749,0.161892,0.004173,1,0.220035,0.382878,0.63836
2020-07-13,0,1,ok,0.178796027685045,1.176551,0.5,0.610996,0.496343,0.299393,0.172975,0.008157,1,0.233801,0.264468,0.596781
2020-07-14,0,1,ok,0.2054312078169468,1.133957,0.75,0.607705,0.496155,0.278102,0.169966,0.008157,0,0.226554,0.249932,0.591514
2020-07-15,0,1,ok,0.1618708866358473,1.1383,0.75,0.596644,0.495522,0.28458,0.170683,0.008157,0,0.206426,0.2028,0.561264
2020-07-16,0,1,ok,0.1629674352071947,1.087248,0.5,0.599692,0.495697,0.256567,0.174019,0.008157,0,0.215281,0.20931,0.573503
2020-07-17,0,1,ok,0.1459114760196881,1.156495,0.5,0.600561,0.495746,0.292683,0.17348,0.008157,0,0.219881,0.209879,0.574572
2020-07-20,0,1,ok,0.1481796637248443,1.039577,0.5,0.597628,0.495579,0.232315,0.157909,0.00693,0,0.213919,0.20203,0.559816
2020-07-21,0,1,ok,0.1398619588795378,1.104844,0.75,0.600551,0.495746,0.265495,0.132928,0.00693,0,0.217682,0.211202,0.577059
2020-07-22,0,1,ok,0.138113764563312,1.128855,0.5,0.59767,0.495581,0.279228,0.129817,0.00693,0,0.212785,0.2029,0.561451
2020-07-23,0,1,ok,0.1529714289219896,1.405868,0.75,0.594813,0.495418,0.425709,0.142705,0.00693,0,0.199483,0.199898,0.555809
2020-07-24,0,1,ok,0.1668088926075008,1.342394,0.75,0.597296,0.49556,0.391599,0.137617,0.00693,0,0.207379,0.204778,0.564983
2020-07-27,0,1,ok,0.149713738515284,1.246734,0.5,0.59408,0.495376,0.342435,0.128527,0.011163,0,0.202027,0.195439,0.547425
2020-07-28,0,1,ok,0.1487142517445134,1.138703,0.75,0.594515,0.495401,0.285591,0.123973,0.011163,0,0.201031,0.197766,0.5518
2020-07-29,0,1,ok,0.1572071871159707,1.03199,0.5,0.598373,0.495621,0.228024,0.127268,0.011163,0,0.209985,0.207401,0.569914
2020-07-30,0,1,ok,0.1575084116952808,1.114299,0.5,0.593324,0.495333,0.273237,0.128726,0.011163,0,0.200875,0.193175,0.543169
2020-07-31,0,1,ok,0.1645057639549325,0.992999,0.5,0.592921,0.49531,0.209786,0.134098,0.011163,0,0.199028,0.192737,0.542346
2020-08-03,0,1,ok,0.1642388829451604,1.038824,0.5,0.593519,0.495344,0.233574,0.132945,0.007543,0,0.200076,0.194441,0.545549
2020-08-04,0,1,ok,0.1594886604305416,1.0598,0.5,0.592989,0.495314,0.244787,0.132941,0.007543,0,0.198274,0.19347,0.543723
2020-08-05,0,1,ok,0.1539432775672972,1.164158,0.5,0.594535,0.495402,0.298942,0.138531,0.007543,0,0.205089,0.195331,0.547222
2020-08-06,0,1,ok,0.1581865992169815,1.149335,0.5,0.59628,0.495502,0.290513,0.114443,0.007543,0,0.212162,0.197816,0.551893
2020-08-07,0,1,ok,0.1582611528879064,1.230495,0.75,0.597064,0.495547,0.33287,0.102917,0.007543,0,0.216103,0.198458,0.553101
2020-08-10,0,1,ok,0.157209063648181,1.244971,0.75,0.595854,0.495477,0.340897,0.099329,0.011958,0,0.21134,0.196646,0.549695
2020-08-11,0,1,ok,0.171062033657823,1.381301,0.75,0.59594,0.495482,0.412467,0.08723,0.011958,0,0.207009,0.199671,0.555381
2020-08-12,0,1,ok,0.1825762140771867,1.12808,0.5,0.599656,0.495695,0.278068,0.103505,0.011958,0,0.23223,0.198661,0.553483
2020-08-13,0,1,ok,0.1775013282166587,1.068701,0.5,0.594391,0.495394,0.248902,0.092638,0.011958,0,0.217519,0.187058,0.53167
2020-08-14,0,1,ok,0.1778263488292859,0.976335,0.75,0.593265,0.495329,0.200904,0.09459,0.011958,0,0.214067,0.184767,0.527362
2020-08-17,0,1,ok,0.1761976648339388,1.097165,0.5,0.592151,0.495266,0.264703,0.09412,0.009563,0,0.210676,0.182487,0.523075
2020-08-18,0,1,ok,0.1783287401257897,1.081673,0.5,0.590714,0.495184,0.257143,0.094489,0.009563,0,0.21053,0.17692,0.512609
2020-08-19,0,1,ok,0.1957605026780017,1.132745,0.75,0.58945,0.495111,0.284366,0.093135,0.009563,0,0.202133,0.177152,0.513046
2020-08-20,0,1,ok,0.1948477025171269,1.100205,0.5,0.596715,0.495527,0.264537,0.091757,0.009563,0,0.225327,0.191364,0.539765
2020-08-21,0,1,ok,0.1931023306421341,1.092652,0.5,0.596002,0.495486,0.260846,0.09181,0.009563,0,0.220886,0.191313,0.539668
2020-08-24,0,1,ok,0.1985473105257892,1.043021,0.5,0.59482,0.495418,0.235254,0.103664,0.008184,0,0.217019,0.189056,0.535425
2020-08-25,0,1,ok,0.1921095414752572,1.119347,0.5,0.596197,0.495497,0.274792,0.096389,0.008184,0,0.225634,0.189138,0.535579
2020-08-26,0,1,ok,0.2053636866785635,1.072654,0.5,0.596491,0.495514,0.25015,0.076452,0.008184,0,0.225147,0.190596,0.53832
2020-08-27,0,1,ok,0.2306916147141307,1.143686,0.75,0.588368,0.49505,0.290495,0.075867,0.008184,0,0.174307,0.190139,0.53746
2020-08-28,0,1,ok,0.2074603388368845,1.144494,0.5,0.589765,0.495129,0.290398,0.072635,0.008184,0,0.179042,0.192704,0.542284
2020-08-31,0,1,ok,0.2403617420439572,1.243681,0.5,0.598631,0.495636,0.339255,0.084166,0.012304,1,0.191717,0.225715,0.582655
2020-09-01,0,1,ok,0.224943811811964,1.14459,0.5,0.607032,0.496116,0.283977,0.083194,0.012304,1,0.206369,0.26688,0.597651
2020-09-02,0,1,ok,0.2265274279327762,1.145323,0.5,0.591201,0.495211,0.290299,0.084644,0.012304,0,0.177335,0.199411,0.554893
2020-09-03,0,1,ok,0.2120399143328192,1.497055,0.75,0.65223,0.498699,0.457213,0.228669,0.012304,1,0.314576,0.466811,0.65
2020-09-04,0,1,ok,0.2048302131758687,1.633725,0.75,0.654228,0.498813,0.53067,0.229611,0.012304,1,0.316096,0.481167,0.65
2020-09-07,0,1,ok,0.2065022715610529,1.638913,0.75,0.630236,0.497442,0.539468,0.222568,0.012096,1,0.283804,0.341615,0.624127
2020-09-08,0,1,ok,0.1920204613551487,1.51082,0.75,0.639172,0.497953,0.468419,0.265776,0.012096,1,0.289025,0.396974,0.643163
2020-09-09,0,1,ok,0.1836823795415531,1.151348,0.5,0.643516,0.498201,0.273545,0.283307,0.012096,1,0.291995,0.42471,0.65
2020-09-10,0,1,ok,0.1614101130409988,1.194178,0.75,0.654208,0.498812,0.292541,0.290544,0.012096,1,0.309704,0.489218,0.65
2020-09-11,0,1,ok,0.1705903750738498,0.912544,0.75,0.652356,0.498706,0.140821,0.286637,0.012096,1,0.309271,0.474661,0.65
2020-09-14,0,1,ok,0.1609425145454284,0.987976,0.5,0.653863,0.498792,0.18098,0.302568,0.003097,1,0.307877,0.488753,0.65
2020-09-15,0,1,ok,0.1637004690840374,0.810419,0.5,0.646747,0.498386,0.088316,0.302215,0.003097,1,0.297027,0.444612,0.65
2020-09-16,0,1,ok,0.1625733037482326,0.931208,0.75,0.652116,0.498692,0.151034,0.287711,0.003097,1,0.310149,0.471568,0.65
2020-09-17,0,1,ok,0.1745107967711244,1.165709,0.75,0.622943,0.497025,0.289158,0.231724,0.003097,1,0.247184,0.331237,0.620505
2020-09-18,0,1,ok,0.1721013743868756,1.30633,0.75,0.629119,0.497378,0.361975,0.23541,0.003097,1,0.25918,0.360429,0.630649
2020-09-21,0,1,ok,0.1704864931046323,1.091305,0.5,0.630544,0.49746,0.246468,0.238961,0.005333,1,0.258403,0.370985,0.634284
2020-09-22,0,1,ok,0.1839410239359876,0.811334,0.5,0.627265,0.497272,0.098289,0.201571,0.005333,1,0.253232,0.354178,0.628488
2020-09-23,0,1,ok,0.1760189904774461,0.832496,0.5,0.625701,0.497183,0.110332,0.194866,0.005333,1,0.249703,0.347307,0.626106
2020-09-24,0,1,ok,0.1903765573617757,0.767194,0.75,0.631611,0.497521,0.072567,0.181031,0.005333,1,0.260183,0.37635,0.636126
2020-09-25,0,1,ok,0.1797138617716351,0.673437,0.75,0.629587,0.497405,0.023444,0.20235,0.005333,1,0.252916,0.370354,0.634068
2020-09-28,0,0,weak_score,0.1758202689569681,0.396764,0.5,0.641407,0.49808,0.0,0.208964,0.0,1,0.280741,0.421958,0.65
2020-09-29,0,0,weak_score,0.1629595745443318,0.530326,0.75,0.6313,0.497503,0.0,0.207074,0.0,1,0.260666,0.373709,0.63522
2020-09-30,0,1,ok,0.1772313751432812,0.7065,0.5,0.624293,0.497102,0.043827,0.216129,0.0,1,0.258535,0.328259,0.619463
2020-10-01,0,1,ok,0.1737884925860953,0.784491,0.5,0.615879,0.496622,0.089491,0.212987,0.0,1,0.242411,0.288362,0.605358
2020-10-02,0,1,ok,0.1733121237256137,0.977407,0.75,0.611212,0.496355,0.193878,0.20963,0.0,1,0.23075,0.269182,0.598481
2020-10-05,0,1,ok,0.1862952247824171,0.974635,0.5,0.633286,0.497616,0.182861,0.22249,0.004044,1,0.276483,0.370264,0.634037
2020-10-06,0,1,ok,0.1730645330886507,1.234878,0.75,0.635686,0.497754,0.3214,0.242885,0.004044,1,0.272233,0.391226,0.641208
2020-10-07,0,1,ok,0.1968679907954076,1.010957,0.5,0.613724,0.496499,0.210591,0.211584,0.004044,1,0.131077,0.393071,0.641836
2020-10-08,0,1,ok,0.1790790503938714,1.147807,0.5,0.612434,0.496425,0.283632,0.210409,0.004044,1,0.127857,0.387718,0.640013
2020-10-09,0,1,ok,0.1681410235951207,0.973884,0.5,0.607504,0.496143,0.193596,0.205981,0.004044,1,0.124655,0.357515,0.629643
2020-10-12,0,1,ok,0.1654023469163946,0.948653,0.5,0.611503,0.496372,0.178528,0.203515,0.004527,1,0.129013,0.380117,0.637416
2020-10-13,0,1,ok,0.1786887733010831,1.01534,0.75,0.610515,0.496315,0.214252,0.207511,0.004527,1,0.127303,0.375208,0.635734
2020-10-14,0,1,ok,0.1903050578928663,1.197938,0.75,0.611302,0.49636,0.310603,0.214322,0.004527,1,0.129814,0.377883,0.636651
2020-10-15,0,1,ok,0.1914978229178973,1.427662,0.75,0.612193,0.496411,0.431967,0.215051,0.004527,1,0.129415,0.384395,0.638878
2020-10-16,0,1,ok,0.1965396267705277,1.426886,0.75,0.61475,0.496557,0.430784,0.206237,0.004527,1,0.133567,0.397403,0.643309
2020-10-19,0,1,ok,0.2128587226036162,1.451257,0.75,0.605042,0.496002,0.446562,0.192497,0.011919,1,0.066136,0.403638,0.645424
2020-10-20,0,1,ok,0.2120420310070344,1.379076,0.5,0.600644,0.495751,0.40984,0.1687,0.011919,1,0.06785,0.371746,0.634546
2020-10-21,0,1,ok,0.2067850508199086,1.36795,0.75,0.595252,0.495443,0.40567,0.139332,0.011919,1,0.066875,0.336047,0.622186
2020-10-22,0,1,ok,0.2052490150283887,1.308776,0.75,0.606619,0.496093,0.370848,0.142128,0.011919,1,0.125463,0.35062,0.627256
2020-10-23,0,1,ok,0.1973078005352561,1.34066,0.5,0.60383,0.495933,0.388589,0.134564,0.011919,1,0.122187,0.335138,0.621869
2020-10-26,0,1,ok,0.2062051039630824,1.410521,0.75,0.610886,0.496336,0.423286,0.145949,0.012325,1,0.06602,0.448881,0.65
2020-10-27,0,1,ok,0.231794008339054,1.289227,0.5,0.612811,0.496446,0.358425,0.143636,0.012325,1,0.069139,0.460584,0.65
2020-10-28,0,1,ok,0.2152589729731661,1.473169,0.75,0.649459,0.498541,0.445118,0.215603,0.012325,1,0.140631,0.667836,0.65
2020-10-29,0,1,ok,0.2099687460516287,1.257572,0.5,0.620778,0.496902,0.338861,0.238388,0.012325,1,0.063106,0.533376,0.65
2020-10-30,0,1,ok,0.2012124231207801,1.504765,0.75,0.636246,0.497785,0.466005,0.237789,0.012325,1,0.13751,0.563986,0.65
2020-11-02,0,1,ok,0.1960248434264931,1.27604,0.75,0.639854,0.497992,0.342009,0.243733,0.002807,1,0.130519,0.602425,0.65
2020-11-03,0,1,ok,0.1980555862743617,1.353466,0.75,0.638972,0.497941,0.383924,0.26635,0.002807,1,0.131125,0.594451,0.65
2020-11-04,0,1,ok,0.1928789754255218,0.939402,0.5,0.633241,0.497614,0.164007,0.27742,0.002807,1,0.269548,0.377413,0.63649
2020-11-05,0,1,ok,0.1970067006017504,0.887229,0.5,0.644495,0.498257,0.130818,0.291798,0.002807,1,0.293472,0.430805,0.65
2020-11-06,0,1,ok,0.19214529040778,1.027915,0.75,0.638325,0.497904,0.209268,0.291992,0.002807,1,0.288028,0.392257,0.641559
2020-11-09,0,1,ok,0.1963281162682985,1.575278,1.0,0.643484,0.498199,0.501905,0.276243,0.003799,1,0.284086,0.434619,0.65
2020-11-10,0,1,ok,0.1823980474088798,1.893702,1.0,0.639314,0.497961,0.674153,0.270738,0.003799,1,0.273096,0.415106,0.649299
2020-11-11,0,1,ok,0.1826261017289771,1.780781,0.75,0.600355,0.495735,0.621393,0.148086,0.003799,0,0.198571,0.230062,0.584253
2020-11-12,0,1,ok,0.1973103966045644,1.57473,0.75,0.630504,0.497457,0.50507,0.190403,0.003799,1,0.252759,0.376777,0.636272
2020-11-13,0,1,ok,0.1895264531276702,1.367843,0.75,0.608322,0.49619,0.401507,0.173607,0.003799,0,0.215043,0.266365,0.597465
2020-11-16,0,1,ok,0.1762508219106666,1.494848,0.75,0.594823,0.495418,0.47241,0.174503,0.005477,0,0.18522,0.208779,0.572504
2020-11-17,0,1,ok,0.1874393318218837,1.59112,1.0,0.605536,0.496031,0.520244,0.183666,0.005477,0,0.208087,0.25493,0.593329
2020-11-18,0,1,ok,0.1871221038334251,1.784215,1.0,0.619509,0.496829,0.619363,0.200797,0.005477,1,0.234178,0.321811,0.617201
2020-11-19,0,1,ok,0.1863462321915289,1.840764,0.75,0.602716,0.495869,0.652537,0.181841,0.005477,0,0.203665,0.24058,0.588105
2020-11-20,0,1,ok,0.1841389872883191,1.897887,1.0,0.598073,0.495604,0.683419,0.190044,0.005477,0,0.195168,0.218288,0.579916
2020-11-23,0,1,ok,0.191196144844749,1.89583,1.0,0.605455,0.496026,0.6811,0.165714,0.019318,0,0.210028,0.252318,0.592381
2020-11-24,0,1,ok,0.1807219996079104,1.907485,0.75,0.596105,0.495492,0.688788,0.187473,0.019318,0,0.19055,0.21052,0.575778
2020-11-25,0,1,ok,0.1825062322735235,1.887395,0.75,0.594419,0.495395,0.678521,0.187241,0.019318,0,0.183534,0.208234,0.571479
2020-11-26,0,1,ok,0.1854440585928943,1.925125,1.0,0.595088,0.495434,0.698214,0.164934,0.019318,0,0.187042,0.208693,0.572343
2020-11-27,0,1,ok,0.1873612817784359,1.961226,0.75,0.595711,0.495469,0.717073,0.150437,0.019318,0,0.190032,0.209292,0.57347
2020-11-30,0,1,ok,0.1905290938997006,1.983782,0.75,0.590266,0.495158,0.729691,0.136889,0.039365,0,0.180206,0.193954,0.544634
2020-12-01,0,1,ok,0.1748792717484988,1.931931,0.75,0.590717,0.495184,0.70247,0.153799,0.039365,0,0.183472,0.193705,0.544165
2020-12-02,0,1,ok,0.1742856333177712,2.042596,1.0,0.587182,0.494982,0.760874,0.133375,0.039365,0,0.177044,0.183776,0.525499
2020-12-03,0,1,ok,0.1720115942312542,2.13343,1.0,0.590171,0.495153,0.808062,0.137219,0.039365,0,0.17925,0.194173,0.545045
2020-12-04,0,1,ok,0.1830792446264344,2.292144,0.75,0.585917,0.49491,0.891407,0.129077,0.039365,0,0.180808,0.176466,0.511755
2020-12-07,0,1,ok,0.1669223393871595,2.33885,0.75,0.588156,0.495038,0.91571,0.136669,0.049829,0,0.182291,0.184359,0.526594
2020-12-08,0,1,ok,0.1892826761000331,2.370346,0.75,0.588779,0.495073,0.932162,0.1121,0.049829,0,0.185042,0.185104,0.527996
2020-12-09,0,1,ok,0.1958964765433885,2.514075,1.0,0.592511,0.495286,1.0,0.120749,0.049829,0,0.198956,0.191166,0.539393
2020-12-10,0,1,ok,0.1917435384355919,2.497142,0.75,0.593374,0.495336,0.998501,0.122466,0.049829,0,0.199408,0.194283,0.545253
2020-12-11,0,1,ok,0.1998490157668565,2.468359,1.0,0.600317,0.495732,0.983344,0.124444,0.049829,0,0.20676,0.221106,0.580956
2020-12-14,0,1,ok,0.2036352415928045,2.265074,0.75,0.606299,0.496074,0.875943,0.124627,0.027473,0,0.216405,0.251234,0.591987
2020-12-15,0,1,ok,0.2075052173269989,2.230106,0.75,0.584055,0.494803,0.859133,0.119404,0.027473,0,0.15156,0.187267,0.532063
2020-12-16,0,1,ok,0.1949808233154956,2.229369,0.75,0.58665,0.494951,0.858557,0.118604,0.027473,0,0.180189,0.179735,0.517901
2020-12-17,0,1,ok,0.2038541854840422,2.263706,0.75,0.58575,0.4949,0.87656,0.119738,0.027473,0,0.178667,0.177135,0.513014
2020-12-18,0,1,ok,0.203214646105435,2.392723,1.0,0.583926,0.494796,0.944012,0.10434,0.027473,0,0.172609,0.173713,0.50658
2020-12-21,0,1,ok,0.2183862230828496,2.436125,1.0,0.587291,0.494988,0.966605,0.102932,0.03469,0,0.155963,0.197271,0.550869
2020-12-22,0,1,ok,0.2181995291506807,2.445555,0.75,0.586235,0.494928,0.971551,0.103937,0.03469,0,0.156127,0.193015,0.542868
2020-12-23,0,1,ok,0.2165864899822579,2.449451,1.0,0.579476,0.494541,0.97368,0.09717,0.03469,0,0.14776,0.171601,0.50261
2020-12-24,0,1,ok,0.1919354165478893,2.429342,0.75,0.583345,0.494763,0.963135,0.095787,0.03469,0,0.175677,0.169522,0.498702
2020-12-25,0,1,ok,0.2026398447422692,2.465068,1.0,0.5838,0.494789,0.98177,0.092982,0.03469,0,0.179449,0.168977,0.497676
2020-12-28,0,1,ok,0.2134421120807344,2.320573,0.75,0.574843,0.494277,0.906799,0.093911,0.0583,0,0.135083,0.161224,0.483102
2020-12-29,0,1,ok,0.2370156750440403,2.316754,1.0,0.580989,0.494628,0.90451,0.067579,0.0583,0,0.154847,0.173163,0.505547
2020-12-30,0,1,ok,0.2262868883710831,2.316792,1.0,0.577906,0.494452,0.904683,0.067156,0.0583,0,0.147936,0.165315,0.490791
2020-12-31,0,1,ok,0.2226244001805111,2.386571,0.75,0.579683,0.494553,0.940932,0.064275,0.0583,0,0.152066,0.169745,0.499121
2021-01-01,0,1,ok,0.2267873686680441,2.408337,1.0,0.579808,0.49456,0.952263,0.060807,0.0583,0,0.152503,0.169969,0.499541
2021-01-04,0,0,high_risk_veto,0.2899690334399494,2.479628,1.0,0.611161,0.496352,0.989215,0.094854,0.0,1,0.20787,0.293262,0.607104
2021-01-05,0,1,ok,0.2195796360201483,2.438987,0.75,0.585835,0.494905,0.968126,0.102004,0.0,0,0.158257,0.190119,0.537423
2021-01-06,0,1,ok,0.2106097177696317,2.56718,1.0,0.586052,0.494917,1.0,0.115268,0.0,0,0.15159,0.195108,0.546803
2021-01-07,0,1,ok,0.1868745891505978,2.371143,0.75,0.587793,0.495017,0.932614,0.141236,0.0,0,0.189292,0.178588,0.515745
2021-01-08,0,1,ok,0.1535451302550882,2.430217,0.75,0.578842,0.494505,0.963677,0.141384,0.0,0,0.162083,0.160227,0.481226
2021-01-11,0,1,ok,0.1742494601232754,2.481575,1.0,0.587484,0.494999,0.990366,0.146348,0.052711,0,0.183184,0.18116,0.520581
2021-01-12,0,1,ok,0.1919973297273313,2.713371,1.0,0.590197,0.495154,1.0,0.144568,0.052711,0,0.193052,0.185718,0.529151
2021-01-13,0,1,ok,0.1547094840722686,2.748495,0.75,0.578447,0.494483,1.0,0.145697,0.052711,0,0.158993,0.16059,0.48191
2021-01-14,0,1,ok,0.1757970560091855,2.731191,1.0,0.584527,0.49483,1.0,0.147056,0.052711,0,0.173909,0.175269,0.509505
2021-01-15,0,1,ok,0.1767307795636119,2.763831,1.0,0.59133,0.495219,1.0,0.15995,0.052711,0,0.194576,0.189232,0.535756
2021-01-18,0,1,ok,0.1977835324813513,2.812846,1.0,0.586374,0.494936,1.0,0.135177,0.054999,0,0.187569,0.174074,0.507259
2021-01-19,0,1,ok,0.1848583499977614,2.649175,0.75,0.580168,0.494581,1.0,0.133488,0.054999,0,0.166392,0.162774,0.486014
2021-01-20,0,1,ok,0.1403519484721468,2.445075,0.75,0.578302,0.494474,0.971419,0.135776,0.054999,0,0.160428,0.159127,0.47916
2021-01-21,0,1,ok,0.134021877219517,2.423336,0.75,0.576844,0.494391,0.960136,0.105829,0.054999,0,0.157242,0.155365,0.472086
2021-01-22,0,1,ok,0.149352197279167,2.550931,1.0,0.582113,0.494692,1.0,0.102616,0.054999,0,0.169078,0.168765,0.497278
2021-01-25,0,1,ok,0.1909533488097044,2.614557,0.75,0.581216,0.494641,1.0,0.099198,0.061852,0,0.173357,0.162583,0.485657
2021-01-26,0,1,ok,0.2040799656607561,2.603808,1.0,0.580647,0.494608,1.0,0.099591,0.061852,0,0.172495,0.160879,0.482453
2021-01-27,0,0,high_risk_veto,0.2911035450041642,2.725418,1.0,0.661194,0.499211,1.0,0.165388,0.061852,1,0.32109,0.531609,0.65
2021-01-28,0,0,high_risk_veto,0.3031403632779302,2.711795,0.75,0.642831,0.498162,1.0,0.177889,0.061852,1,0.237419,0.489284,0.65
2021-01-29,0,1,ok,0.2534081642386265,2.857073,1.0,0.646158,0.498352,1.0,0.194579,0.061852,1,0.238434,0.515142,0.65
2021-02-01,0,1,ok,0.2483329833602204,2.489754,0.75,0.643533,0.498202,0.994481,0.212088,0.021424,1,0.237645,0.494727,0.65
2021-02-02,0,1,ok,0.235719219680077,2.466801,0.75,0.608365,0.496192,0.982449,0.226357,0.021424,1,0.190647,0.292692,0.606901
2021-02-03,0,1,ok,0.190452704906556,2.393984,1.0,0.597192,0.495554,0.944285,0.216671,0.021424,0,0.205286,0.205664,0.566649
2021-02-04,0,1,ok,0.1791556771895464,2.536026,0.75,0.596103,0.495492,1.0,0.22435,0.021424,0,0.200862,0.204122,0.56375
2021-02-05,0,1,ok,0.1692337585521954,2.668492,0.75,0.594687,0.495411,1.0,0.223254,0.021424,0,0.196495,0.201254,0.558357
2021-02-08,0,1,ok,0.1807517814410656,2.65013,0.75,0.597153,0.495552,1.0,0.224357,0.0257,0,0.204823,0.205798,0.566901
2021-02-09,0,1,ok,0.1712834620164761,2.77738,1.0,0.597513,0.495572,1.0,0.224554,0.0257,0,0.203284,0.208168,0.571357
2021-02-10,0,1,ok,0.1800204035446566,2.831683,1.0,0.587356,0.494992,1.0,0.165727,0.0257,0,0.172527,0.187261,0.532051
2021-02-11,0,1,ok,0.1802199226000577,2.837335,0.75,0.585833,0.494905,1.0,0.162328,0.0257,0,0.168766,0.183598,0.525165
2021-02-12,0,1,ok,0.1726708910241102,2.829941,0.75,0.581719,0.49467,1.0,0.104246,0.0257,0,0.16791,0.167937,0.495722
2021-02-15,0,1,ok,0.1654208265109505,2.850593,1.0,0.580188,0.494582,1.0,0.097257,0.062436,0,0.167095,0.16242,0.48535
2021-02-16,0,1,ok,0.2043751707550237,2.960667,1.0,0.580724,0.494613,1.0,0.073196,0.062436,0,0.171498,0.161797,0.484179
2021-02-17,0,1,ok,0.1860175601327388,3.023359,1.0,0.579711,0.494555,1.0,0.076649,0.062436,0,0.165479,0.161542,0.4837
2021-02-18,0,1,ok,0.2405273578852953,3.026051,1.0,0.575705,0.494326,1.0,0.072164,0.062436,0,0.140596,0.161203,0.483061
2021-02-19,0,1,ok,0.2533773367410978,3.042117,1.0,0.581315,0.494647,1.0,0.068652,0.062436,0,0.148096,0.178628,0.515821
2021-02-22,0,1,ok,0.2242665203149627,3.202022,1.0,0.584588,0.494834,1.0,0.072374,0.066158,0,0.154299,0.187665,0.532809
2021-02-23,0,1,ok,0.2579741591815037,3.193961,1.0,0.583936,0.494796,1.0,0.071551,0.066158,0,0.154008,0.185282,0.528331
2021-02-24,0,1,ok,0.1742216261661757,3.056947,0.75,0.568397,0.493908,1.0,0.089477,0.066158,0,0.142369,0.131341,0.426922
2021-02-25,0,1,ok,0.2339568885510714,3.109671,1.0,0.61586,0.496621,1.0,0.110601,0.066158,1,0.215564,0.316935,0.615486
2021-02-26,0,0,high_risk_veto,0.2767513430245346,3.01847,0.75,0.592365,0.495278,1.0,0.125148,0.066158,0,0.182295,0.20092,0.55773
2021-03-01,0,1,ok,0.2478242700395163,2.866144,0.75,0.581264,0.494644,1.0,0.183864,0.049773,0,0.16251,0.169494,0.498648
2021-03-02,0,1,ok,0.1905413906641175,2.711725,1.0,0.581834,0.494676,1.0,0.188361,0.049773,0,0.175512,0.16368,0.487718
2021-03-03,0,1,ok,0.2513790699702437,2.973063,1.0,0.59386,0.495363,1.0,0.191944,0.049773,0,0.185481,0.204827,0.565075
2021-03-04,0,1,ok,0.2574759018154519,3.236039,1.0,0.589231,0.495099,1.0,0.193992,0.049773,0,0.180679,0.189588,0.536426
2021-03-05,0,1,ok,0.1865617565237215,2.963115,0.75,0.583796,0.494788,1.0,0.221248,0.049773,0,0.191897,0.161244,0.483139
2021-03-08,0,1,ok,0.1867590971083789,2.87632,0.75,0.587201,0.494983,1.0,0.218555,0.04507,0,0.196168,0.171998,0.503356
2021-03-09,0,1,ok,0.2259123594408926,2.42187,0.75,0.580127,0.494579,0.959305,0.222684,0.04507,0,0.165791,0.162986,0.486414
2021-03-10,0,1,ok,0.181219750885193,2.496465,1.0,0.580838,0.494619,0.998158,0.215115,0.04507,0,0.183257,0.154958,0.471321
2021-03-11,0,1,ok,0.1617528020841149,2.153877,0.75,0.577972,0.494456,0.819918,0.210041,0.04507,0,0.175655,0.148392,0.458977
2021-03-12,0,1,ok,0.1642522581374118,2.558868,1.0,0.57516,0.494295,1.0,0.187597,0.04507,0,0.156209,0.14938,0.460834
2021-03-15,0,1,ok,0.1470527645479691,2.538225,0.75,0.562476,0.49357,1.0,0.150767,0.057651,0,0.115611,0.124623,0.414292
2021-03-16,0,1,ok,0.155208934263755,2.676782,0.75,0.561184,0.493496,1.0,0.135943,0.057651,0,0.118763,0.117586,0.401061
2021-03-17,0,1,ok,0.1519917791038418,2.601896,0.75,0.559177,0.493382,1.0,0.118726,0.057651,0,0.120199,0.108798,0.38454
2021-03-18,0,1,ok,0.1706300177454275,2.861651,1.0,0.566573,0.493804,1.0,0.122157,0.057651,0,0.136672,0.127693,0.420063
2021-03-19,0,1,ok,0.1844825712261543,2.881613,0.75,0.563198,0.493611,1.0,0.094843,0.057651,0,0.140109,0.112282,0.39109
2021-03-22,0,1,ok,0.1586879346795668,2.760531,0.75,0.560992,0.493485,1.0,0.092297,0.067847,0,0.131198,0.109122,0.385149
2021-03-23,0,1,ok,0.1776683325466716,2.560372,1.0,0.567978,0.493884,1.0,0.116022,0.067847,0,0.149231,0.125441,0.41583
2021-03-24,0,1,ok,0.1851351589589542,2.648648,1.0,0.560154,0.493437,1.0,0.122,0.067847,0,0.154995,0.091077,0.351225
2021-03-25,0,1,ok,0.1771308061424147,2.724823,1.0,0.554552,0.493117,1.0,0.113885,0.067847,0,0.122235,0.089334,0.347948
2021-03-26,0,1,ok,0.1714143402195674,2.567777,0.75,0.552553,0.493003,1.0,0.145655,0.067847,0,0.117704,0.084276,0.338438
2021-03-29,0,1,ok,0.1779357541887751,2.465412,1.0,0.562596,0.493577,0.982147,0.144759,0.072932,0,0.150574,0.103426,0.374441
2021-03-30,0,1,ok,0.1691468357317077,2.519149,1.0,0.556101,0.493206,1.0,0.145065,0.072932,0,0.118179,0.097944,0.364134
2021-03-31,0,1,ok,0.1716534510370412,2.564468,0.75,0.553161,0.493038,1.0,0.145434,0.072932,0,0.115795,0.087851,0.345159
2021-04-01,0,1,ok,0.1691874600537629,2.494355,0.75,0.542582,0.492433,0.997116,0.137233,0.072932,0,0.090898,0.061652,0.295907
2021-04-02,0,1,ok,0.1680525704910699,2.517354,1.0,0.545723,0.492613,1.0,0.136526,0.072932,0,0.112005,0.06093,0.294548
2021-04-05,0,1,ok,0.1720448257292633,2.503626,0.75,0.553324,0.493047,1.0,0.155287,0.075379,0,0.128112,0.08086,0.332016
2021-04-06,0,1,ok,0.1715773827932256,2.64343,1.0,0.550893,0.492908,1.0,0.138337,0.075379,0,0.110981,0.081911,0.333992
2021-04-07,0,1,ok,0.1784890682720377,2.609077,0.75,0.546502,0.492657,1.0,0.124695,0.075379,0,0.117095,0.060839,0.294377
2021-04-08,0,1,ok,0.1792779469972787,2.649198,0.75,0.557501,0.493286,1.0,0.125703,0.075379,0,0.152175,0.082383,0.334879
2021-04-09,0,1,ok,0.1871189967893583,2.563436,0.75,0.546608,0.492663,1.0,0.100624,0.075379,0,0.115105,0.062489,0.29748
2021-04-12,0,1,ok,0.1834373427115271,2.573452,1.0,0.549558,0.492832,1.0,0.101462,0.088328,0,0.129282,0.065314,0.302791
2021-04-13,0,1,ok,0.1851707396683192,2.550597,0.75,0.559588,0.493405,1.0,0.101089,0.088328,0,0.150037,0.09192,0.35281
2021-04-14,0,1,ok,0.1934410449856128,2.669299,1.0,0.555909,0.493195,1.0,0.10418,0.088328,0,0.142991,0.081808,0.333799
2021-04-15,0,1,ok,0.1929672661948027,2.512465,0.75,0.565386,0.493736,1.0,0.102974,0.088328,0,0.170938,0.101784,0.371354
2021-04-16,0,1,ok,0.1839446784084047,2.561809,1.0,0.557709,0.493298,1.0,0.103169,0.088328,0,0.139999,0.090747,0.350605
2021-04-19,0,1,ok,0.2027267764511474,2.503379,1.0,0.559528,0.493402,1.0,0.074041,0.091654,0,0.160264,0.085347,0.340452
2021-04-20,0,1,ok,0.2017421224402004,2.628276,1.0,0.569141,0.493951,1.0,0.088956,0.091654,0,0.188323,0.105785,0.378875
2021-04-21,0,1,ok,0.2238528087010689,2.539518,0.75,0.563047,0.493603,1.0,0.097915,0.091654,0,0.142174,0.110408,0.387567
2021-04-22,0,1,ok,0.2413738618293036,2.544927,1.0,0.561003,0.493486,1.0,0.113412,0.091654,0,0.126933,0.111812,0.390207
2021-04-23,0,1,ok,0.2193009162670688,2.41599,0.75,0.560896,0.49348,0.956676,0.118758,0.091654,0,0.132264,0.108083,0.383197
2021-04-26,0,1,ok,0.2120764772911972,2.461435,0.75,0.56002,0.49343,0.980121,0.119548,0.061802,0,0.122413,0.110745,0.388201
2021-04-27,0,1,ok,0.2100798679392413,2.439092,1.0,0.552416,0.492995,0.968727,0.119753,0.061802,0,0.113573,0.086299,0.342242
2021-04-28,0,1,ok,0.212146421025909,2.570834,1.0,0.550984,0.492913,1.0,0.119604,0.061802,0,0.10498,0.085988,0.341657
2021-04-29,0,1,ok,0.2019529475981622,2.573516,0.75,0.551311,0.492932,1.0,0.124271,0.061802,0,0.111949,0.082954,0.335954
2021-04-30,0,1,ok,0.2099432945621242,2.559741,1.0,0.56089,0.493479,1.0,0.129063,0.061802,0,0.121177,0.114934,0.396077
2021-05-03,0,1,ok,0.2288211486401395,2.523748,1.0,0.565445,0.49374,1.0,0.126986,0.060655,0,0.139632,0.121419,0.408267
2021-05-04,0,1,ok,0.2280783142815394,2.608118,1.0,0.568883,0.493936,1.0,0.120578,0.060655,0,0.143483,0.132564,0.429221
2021-05-05,0,1,ok,0.2285137886791637,2.491667,0.75,0.567534,0.493859,0.995688,0.112511,0.060655,0,0.138394,0.130408,0.425167
2021-05-06,0,1,ok,0.2143924903924185,2.302701,0.5,0.555925,0.493196,0.898512,0.103107,0.060655,0,0.121612,0.095126,0.358836
2021-05-07,0,1,ok,0.1962494822392989,2.073296,0.5,0.555763,0.493186,0.780529,0.091502,0.060655,0,0.123552,0.093283,0.355372
2021-05-10,0,1,ok,0.2221888348652186,2.198806,0.75,0.568772,0.49393,0.84404,0.101152,0.054319,0,0.138529,0.135199,0.434173
2021-05-11,0,1,ok,0.2618057225975439,2.262281,0.75,0.573921,0.494224,0.876579,0.105143,0.054319,0,0.166247,0.138282,0.439969
2021-05-12,0,0,high_risk_veto,0.2674804160725699,2.482508,0.75,0.624155,0.497095,0.990675,0.131942,0.054319,1,0.308184,0.274247,0.600303
2021-05-13,0,1,ok,0.2450892102003381,2.178818,0.5,0.588232,0.495042,0.831997,0.132096,0.054319,0,0.193936,0.17744,0.513587
2021-05-14,0,1,ok,0.2104056591116926,1.972576,0.5,0.563806,0.493646,0.727598,0.14913,0.054319,0,0.132527,0.119375,0.404426
2021-05-17,0,1,ok,0.2180996398206602,1.806258,0.75,0.562381,0.493565,0.641962,0.149119,0.037175,0,0.12521,0.1183,0.402404
2021-05-18,0,1,ok,0.2255106461976296,1.940183,0.75,0.574381,0.49425,0.709279,0.150859,0.037175,0,0.157389,0.145583,0.453696
2021-05-19,0,1,ok,0.2208096090518286,2.094289,0.75,0.578647,0.494494,0.788841,0.150929,0.037175,0,0.141889,0.171978,0.503318
2021-05-20,0,1,ok,0.2216173071441078,1.913483,0.5,0.57363,0.494207,0.695533,0.149235,0.037175,0,0.13258,0.158003,0.477045
2021-05-21,0,1,ok,0.2248476829637396,1.922721,0.75,0.569018,0.493944,0.701044,0.14337,0.037175,0,0.127804,0.142813,0.448488
2021-05-24,0,1,ok,0.2126935379202768,1.82386,0.75,0.557268,0.493272,0.651964,0.147405,0.038591,0,0.089798,0.120127,0.405839
2021-05-25,0,1,ok,0.2189986309094949,1.961476,0.75,0.567686,0.493868,0.721306,0.145632,0.038591,0,0.117703,0.143834,0.450408
2021-05-26,0,1,ok,0.2219179123730978,1.911167,0.75,0.565415,0.493738,0.695628,0.110044,0.038591,0,0.123137,0.131527,0.427272
2021-05-27,0,1,ok,0.2163861555764181,2.090228,1.0,0.558105,0.49332,0.788983,0.104621,0.038591,0,0.107439,0.11249,0.391481
2021-05-28,0,1,ok,0.2222764794053038,2.101363,0.75,0.558335,0.493333,0.794693,0.083743,0.038591,0,0.11438,0.10909,0.385089
2021-05-31,0,1,ok,0.234117544044191,2.13254,1.0,0.557291,0.493274,0.810852,0.083065,0.057263,0,0.106793,0.109685,0.386207
2021-06-01,0,1,ok,0.2052726382131525,2.14458,0.75,0.560726,0.49347,0.816725,0.065413,0.057263,0,0.129357,0.109218,0.38533
2021-06-02,0,1,ok,0.2089873592798878,2.160095,0.75,0.559296,0.493388,0.824855,0.065315,0.057263,0,0.118546,0.110292,0.387349
2021-06-03,0,1,ok,0.2093890133617446,2.233649,0.75,0.552925,0.493024,0.863205,0.060427,0.057263,0,0.100427,0.09645,0.361325
2021-06-04,0,1,ok,0.2316353216600704,2.041312,0.75,0.565263,0.493729,0.76292,0.060787,0.057263,0,0.131701,0.125621,0.416168
2021-06-07,0,1,ok,0.2409702831074607,2.034593,0.75,0.563581,0.493633,0.759656,0.042451,0.059785,0,0.130186,0.119942,0.40549
2021-06-08,0,1,ok,0.2462243219742701,1.961826,1.0,0.575385,0.494308,0.720373,0.031461,0.059785,0,0.161391,0.147053,0.45646
2021-06-09,0,1,ok,0.2492089721865077,2.099235,1.0,0.571861,0.494106,0.79215,0.038495,0.059785,0,0.148795,0.14099,0.445062
2021-06-10,0,1,ok,0.2549554921339302,2.023818,0.75,0.574866,0.494278,0.75265,0.037,0.059785,0,0.154334,0.149382,0.460839
2021-06-11,0,1,ok,0.2118277222044522,2.012758,0.75,0.57725,0.494414,0.746591,0.039412,0.059785,0,0.16174,0.154177,0.469852
2021-06-14,0,1,ok,0.2323058496840705,1.977573,0.75,0.584772,0.494844,0.727225,0.048819,0.051869,0,0.184498,0.16967,0.49898
2021-06-15,0,1,ok,0.2271927785062548,2.139033,1.0,0.557609,0.493292,0.814163,0.050532,0.051869,0,0.113771,0.106612,0.380431
2021-06-16,0,1,ok,0.2054344506142381,2.222449,1.0,0.557328,0.493276,0.857129,0.05082,0.051869,0,0.130499,0.095136,0.358856
2021-06-17,0,1,ok,0.2091788998183098,2.218083,0.75,0.588723,0.49507,0.852498,0.054841,0.051869,0,0.205581,0.172151,0.503644
2021-06-18,0,1,ok,0.2160842577339312,2.247943,1.0,0.620953,0.496912,0.865859,0.107205,0.051869,1,0.243494,0.321656,0.617147
2021-06-21,0,1,ok,0.206851783951458,2.159735,0.75,0.56555,0.493746,0.824103,0.144655,0.04773,0,0.147102,0.117202,0.40034
2021-06-22,0,1,ok,0.19936267817914,2.169236,0.75,0.563417,0.493624,0.829202,0.145242,0.04773,0,0.136653,0.115284,0.396735
2021-06-23,0,1,ok,0.2030016208792076,2.111901,1.0,0.565001,0.493714,0.799432,0.142658,0.04773,0,0.150787,0.11276,0.391989
2021-06-24,0,1,ok,0.1963215219522316,2.137317,0.75,0.559696,0.493411,0.813079,0.144975,0.04773,0,0.132499,0.103218,0.374051
2021-06-25,0,1,ok,0.187729947765666,2.252785,1.0,0.554866,0.493135,0.872906,0.146517,0.04773,0,0.117269,0.09365,0.356061
2021-06-28,0,1,ok,0.1956765306012335,2.17836,0.75,0.562905,0.493595,0.833958,0.14507,0.048699,0,0.137005,0.113051,0.392536
2021-06-29,0,1,ok,0.2020033437916183,2.222295,0.75,0.561525,0.493516,0.85674,0.144172,0.048699,0,0.13768,0.107202,0.38154
2021-06-30,0,1,ok,0.2021749004225755,2.230809,1.0,0.560479,0.493456,0.861208,0.1444,0.048699,0,0.138119,0.102816,0.373294
2021-07-01,0,1,ok,0.1986327983228522,2.312557,1.0,0.555952,0.493197,0.903581,0.144092,0.048699,0,0.125789,0.09264,0.354163
2021-07-02,0,1,ok,0.2040402188669006,2.205599,0.75,0.560297,0.493446,0.848224,0.084878,0.048699,0,0.130219,0.106997,0.381154
2021-07-05,0,1,ok,0.2086250988026965,2.167411,1.0,0.553769,0.493073,0.829111,0.04668,0.085271,0,0.11179,0.092728,0.354328
2021-07-06,0,1,ok,0.2103436895797124,2.101235,0.75,0.560752,0.493472,0.794371,0.066428,0.085271,0,0.132403,0.107433,0.381973
2021-07-07,0,1,ok,0.2163449742778657,2.132718,0.75,0.559602,0.493406,0.810718,0.066538,0.085271,0,0.124926,0.107542,0.382178
2021-07-08,0,1,ok,0.2225400541094971,2.12208,1.0,0.589478,0.495113,0.80219,0.084108,0.085271,0,0.204827,0.175592,0.510113
2021-07-09,0,1,ok,0.2125815124160966,2.083888,0.75,0.563894,0.493651,0.785078,0.11314,0.085271,0,0.138011,0.11632,0.398682
2021-07-12,0,1,ok,0.2056067344278839,2.072047,0.75,0.565419,0.493738,0.778788,0.1139,0.04894,0,0.146565,0.117022,0.400002
2021-07-13,0,1,ok,0.2153389484757908,2.031899,1.0,0.563948,0.493654,0.758219,0.113971,0.04894,0,0.137918,0.116594,0.399196
2021-07-14,0,1,ok,0.1956200368000705,2.036037,0.75,0.577674,0.494439,0.758645,0.115563,0.04894,0,0.179053,0.145112,0.452811
2021-07-15,0,1,ok,0.2067816851465404,2.05798,1.0,0.57425,0.494243,0.770469,0.11822,0.04894,0,0.151327,0.148824,0.459789
2021-07-16,0,1,ok,0.2178644033747041,2.05602,1.0,0.589143,0.495094,0.767654,0.12053,0.04894,0,0.188211,0.184571,0.526994
2021-07-19,0,1,ok,0.1990737087338269,2.050833,1.0,0.604888,0.495994,0.762986,0.162645,0.021851,1,0.254518,0.205437,0.566222
2021-07-20,0,1,ok,0.2119104722975945,1.867423,0.75,0.585096,0.494863,0.669656,0.187403,0.021851,0,0.179986,0.173745,0.506641
2021-07-21,0,1,ok,0.2041290760945226,1.757336,0.75,0.579867,0.494564,0.613223,0.203707,0.021851,0,0.184087,0.150621,0.463168
2021-07-22,0,1,ok,0.1889342234728441,1.693334,0.75,0.573213,0.494184,0.581341,0.195609,0.021851,0,0.158684,0.140181,0.443541
2021-07-23,0,1,ok,0.2048649504170697,1.741403,0.75,0.573387,0.494194,0.606254,0.18787,0.021851,0,0.160942,0.139467,0.442197
2021-07-26,0,1,ok,0.1885420881381769,1.796357,1.0,0.574169,0.494238,0.634629,0.187408,0.032159,0,0.159734,0.143295,0.449395
2021-07-27,0,1,ok,0.1950574573600801,1.905179,1.0,0.585669,0.494895,0.68928,0.192731,0.032159,0,0.199362,0.163987,0.488296
2021-07-28,0,1,ok,0.2044768564765673,1.938745,0.75,0.574274,0.494244,0.708549,0.192372,0.032159,0,0.164783,0.140575,0.444282
2021-07-29,0,1,ok,0.1993371105802902,1.929066,0.75,0.567986,0.493885,0.704488,0.191745,0.032159,0,0.146508,0.127158,0.419056
2021-07-30,0,1,ok,0.1889306875211599,1.91407,1.0,0.572852,0.494163,0.69596,0.19183,0.032159,0,0.158092,0.139128,0.441561
2021-08-02,0,1,ok,0.2070166554733735,1.940828,1.0,0.584054,0.494803,0.708148,0.143531,0.038456,0,0.173927,0.173397,0.505986
2021-08-03,0,1,ok,0.1918119593457705,1.86674,0.75,0.568415,0.493909,0.672155,0.129333,0.038456,0,0.145638,0.129384,0.423242
2021-08-04,0,1,ok,0.1962567432587862,1.787484,0.75,0.572588,0.494148,0.630325,0.11299,0.038456,0,0.156726,0.138935,0.441198
2021-08-05,0,1,ok,0.1895399960018215,1.755444,0.75,0.572479,0.494142,0.613724,0.123122,0.038456,0,0.15434,0.139984,0.44317
2021-08-06,0,1,ok,0.1990556553579084,1.87814,1.0,0.557287,0.493274,0.679901,0.115262,0.038456,0,0.11909,0.102049,0.371853
2021-08-09,0,1,ok,0.190092169492499,1.908256,0.75,0.563304,0.493617,0.694457,0.114465,0.043897,0,0.13071,0.118524,0.402825
2021-08-10,0,1,ok,0.2126784285754349,1.994412,1.0,0.561032,0.493488,0.739249,0.1026,0.043897,0,0.119289,0.116663,0.399327
2021-08-11,0,1,ok,0.2040662218296187,1.954882,1.0,0.566232,0.493785,0.718106,0.101216,0.043897,0,0.131577,0.129511,0.42348
2021-08-12,0,1,ok,0.2019064950026322,1.913104,0.75,0.553623,0.493064,0.698467,0.097483,0.043897,0,0.114281,0.090608,0.350344
2021-08-13,0,1,ok,0.2034088073297456,1.811129,0.75,0.558032,0.493316,0.645272,0.088506,0.043897,0,0.123428,0.102289,0.372304
2021-08-16,0,1,ok,0.2126860412489661,1.740378,1.0,0.552635,0.493008,0.609923,0.076285,0.057342,0,0.100438,0.095302,0.359168
2021-08-17,0,1,ok,0.2175883382711212,1.77781,1.0,0.565138,0.493722,0.626749,0.081853,0.057342,0,0.133538,0.123988,0.413098
2021-08-18,0,1,ok,0.2281430004969238,1.843879,1.0,0.586397,0.494937,0.657128,0.097023,0.057342,0,0.180352,0.178638,0.515839
2021-08-19,0,1,ok,0.2288644506244277,1.773839,0.75,0.59206,0.495261,0.6194,0.082495,0.057342,0,0.193787,0.192595,0.542079
2021-08-20,0,1,ok,0.225771521016873,1.617553,0.75,0.584374,0.494821,0.539343,0.085937,0.057342,0,0.184079,0.168364,0.496524
2021-08-23,0,1,ok,0.2135459669606936,1.449864,0.75,0.557075,0.493261,0.459508,0.096677,0.039867,0,0.113325,0.104785,0.376997
2021-08-24,0,1,ok,0.2061051731420614,1.562179,0.75,0.54836,0.492763,0.51947,0.097741,0.039867,0,0.090243,0.084798,0.33942
2021-08-25,0,1,ok,0.199632321190265,1.751434,1.0,0.546392,0.492651,0.616829,0.101145,0.039867,0,0.085954,0.079711,0.329858
2021-08-26,0,1,ok,0.204640150079839,1.996386,1.0,0.55518,0.493153,0.741049,0.105212,0.039867,0,0.104264,0.102944,0.373534
2021-08-27,0,1,ok,0.1980035269863268,1.968486,0.75,0.553197,0.49304,0.726981,0.106122,0.039867,0,0.106943,0.093481,0.355744
2021-08-30,0,1,ok,0.2063881715870347,1.881736,0.75,0.553437,0.493054,0.682382,0.106289,0.058548,0,0.101496,0.097801,0.363866
2021-08-31,0,1,ok,0.2039403886741723,1.867126,1.0,0.548561,0.492775,0.675688,0.098496,0.058548,0,0.096836,0.0815,0.33322
2021-09-01,0,1,ok,0.2106106992912254,1.96227,0.75,0.547306,0.492703,0.724621,0.072468,0.058548,0,0.090713,0.080357,0.331071
2021-09-02,0,1,ok,0.2063848852551626,2.083305,1.0,0.546102,0.492634,0.786737,0.069801,0.058548,0,0.084588,0.079415,0.329299
2021-09-03,0,1,ok,0.2136411623952536,2.062404,0.75,0.547345,0.492705,0.775897,0.062559,0.058548,0,0.089383,0.081336,0.332912
2021-09-06,0,1,ok,0.2131598955752154,2.089057,1.0,0.548708,0.492783,0.7894,0.053686,0.08111,0,0.092904,0.084515,0.338888
2021-09-07,0,1,ok,0.2226224261081253,2.097666,0.75,0.571584,0.494091,0.791365,0.052022,0.08111,0,0.154146,0.136585,0.43678
2021-09-08,0,1,ok,0.2188265072024554,2.144885,1.0,0.577712,0.494441,0.815264,0.050919,0.08111,0,0.176113,0.147084,0.456518
2021-09-09,0,1,ok,0.2227609015762984,2.168432,1.0,0.58834,0.495048,0.826555,0.056152,0.08111,0,0.200909,0.173541,0.506257
2021-09-10,0,1,ok,0.2230167248578412,2.245277,1.0,0.599264,0.495672,0.865987,0.051917,0.08111,1,0.214473,0.208123,0.57127
2021-09-13,0,1,ok,0.21881212190668,2.225659,1.0,0.592155,0.495266,0.856204,0.049662,0.03552,1,0.205328,0.185817,0.529337
2021-09-14,0,1,ok,0.2183663552159447,2.204619,1.0,0.561247,0.4935,0.847644,0.063133,0.03552,0,0.125334,0.113763,0.393875
2021-09-15,0,1,ok,0.2119643461504495,2.053148,0.75,0.557365,0.493278,0.769977,0.086752,0.03552,0,0.119395,0.102165,0.37207
2021-09-16,0,1,ok,0.2086826636499009,2.059242,1.0,0.555715,0.493184,0.773306,0.086462,0.03552,0,0.111266,0.100709,0.369334
2021-09-17,0,1,ok,0.2142150680189251,2.177732,1.0,0.566129,0.493779,0.833356,0.089435,0.03552,0,0.130951,0.129492,0.423445
2021-09-20,0,1,ok,0.2210485872200818,2.399635,1.0,0.598559,0.495632,0.947216,0.131989,0.030061,1,0.207342,0.20977,0.574368
2021-09-21,0,1,ok,0.2269654693413831,2.345383,0.75,0.610117,0.496292,0.918187,0.131471,0.030061,1,0.280676,0.209802,0.574428
2021-09-22,0,1,ok,0.2202464617251276,2.111926,0.75,0.587162,0.494981,0.797121,0.146288,0.030061,0,0.184782,0.178901,0.516333
2021-09-23,0,1,ok,0.1996356535317008,1.890251,0.75,0.564116,0.493664,0.685028,0.186103,0.030061,0,0.132546,0.120581,0.406693
2021-09-24,0,1,ok,0.1939937280299074,1.938632,1.0,0.560519,0.493458,0.710558,0.185517,0.030061,0,0.118737,0.114985,0.396172
2021-09-27,0,1,ok,0.1973638066934272,2.140636,1.0,0.567443,0.493854,0.814047,0.185589,0.042433,0,0.128086,0.136442,0.436511
2021-09-28,0,1,ok,0.208350436655498,2.467116,1.0,0.582777,0.49473,0.982848,0.199686,0.042433,0,0.159231,0.177483,0.513668
2021-09-29,0,1,ok,0.2129327407356402,2.456758,1.0,0.585418,0.494881,0.977414,0.191959,0.042433,0,0.164891,0.184368,0.526611
2021-09-30,0,1,ok,0.2156423332214765,2.397386,1.0,0.602758,0.495872,0.945914,0.202026,0.042433,1,0.206604,0.23774,0.587067
2021-10-01,0,1,ok,0.2137659880341416,2.052934,0.75,0.605689,0.496039,0.763995,0.206357,0.042433,1,0.215475,0.248104,0.590849
2021-10-04,0,1,ok,0.221446822559193,2.185197,1.0,0.613483,0.496485,0.83313,0.182646,0.021959,1,0.217634,0.298578,0.608995
2021-10-05,0,1,ok,0.2143869703754046,1.98076,0.75,0.569229,0.493956,0.731071,0.193377,0.021959,0,0.131145,0.141574,0.446159
2021-10-06,0,1,ok,0.2212873012499001,1.956581,0.75,0.570634,0.494036,0.718343,0.189936,0.021959,0,0.137732,0.143021,0.448879
2021-10-07,0,1,ok,0.2022071156848993,1.706627,0.75,0.567385,0.493851,0.589482,0.168167,0.021959,0,0.139708,0.12901,0.422538
2021-10-08,0,1,ok,0.2057578685175293,1.864734,1.0,0.562373,0.493564,0.672142,0.166245,0.021959,0,0.122801,0.119762,0.405152
2021-10-11,0,1,ok,0.2133328629134181,1.991842,1.0,0.564944,0.493711,0.737393,0.167762,0.040432,0,0.123198,0.129635,0.423714
2021-10-12,0,1,ok,0.2101314903986031,2.077699,1.0,0.560906,0.49348,0.782218,0.148401,0.040432,0,0.113612,0.119685,0.405008
2021-10-13,0,1,ok,0.2042148749156268,1.968158,0.75,0.556595,0.493234,0.726335,0.148502,0.040432,0,0.109266,0.105415,0.37818
2021-10-14,0,1,ok,0.1983377674297352,1.762747,0.75,0.552198,0.492983,0.621495,0.140386,0.040432,0,0.102758,0.092145,0.353232
2021-10-15,0,1,ok,0.1996051763538916,1.699298,0.75,0.549079,0.492805,0.589577,0.147034,0.040432,0,0.093223,0.085778,0.341263
2021-10-18,0,1,ok,0.2067075063198948,1.716154,0.75,0.551415,0.492938,0.597736,0.122014,0.049559,0,0.09434,0.09428,0.357247
2021-10-19,0,1,ok,0.192416583051062,1.833817,0.75,0.54947,0.492827,0.658461,0.119657,0.049559,0,0.095764,0.085743,0.341197
2021-10-20,0,1,ok,0.1914526966258684,1.932155,1.0,0.557952,0.493312,0.707605,0.119633,0.049559,0,0.116797,0.106085,0.37944
2021-10-21,0,1,ok,0.1917573035391403,1.980402,0.75,0.554539,0.493117,0.732918,0.112008,0.049559,0,0.110598,0.096498,0.361416
2021-10-22,0,1,ok,0.1907572464848632,2.086977,1.0,0.555268,0.493158,0.78762,0.117347,0.049559,0,0.10815,0.100881,0.369657
2021-10-25,0,1,ok,0.1920125018346284,1.963156,0.75,0.552124,0.492979,0.724395,0.106906,0.062376,0,0.108809,0.088103,0.345634
2021-10-26,0,1,ok,0.2054588772878254,1.952601,0.75,0.552819,0.493018,0.718876,0.091952,0.062376,0,0.106581,0.092219,0.353372
2021-10-27,0,1,ok,0.2019765507909019,1.826437,0.75,0.593377,0.495336,0.646724,0.119132,0.062376,0,0.22564,0.178036,0.514707
2021-10-28,0,1,ok,0.2161429383303526,1.806219,0.75,0.580861,0.494621,0.638494,0.114804,0.062376,0,0.184582,0.154229,0.46995
2021-10-29,0,1,ok,0.1967242483689703,1.774422,0.75,0.584398,0.494823,0.621227,0.104455,0.062376,0,0.199288,0.159031,0.478979
2021-11-01,0,1,ok,0.2001891376568457,1.812547,0.75,0.563939,0.493654,0.644922,0.10414,0.041862,0,0.133368,0.119376,0.404427
2021-11-02,0,1,ok,0.2130523716163687,1.886545,0.75,0.5629,0.493594,0.683312,0.092261,0.041862,0,0.123637,0.121319,0.40808
2021-11-03,0,1,ok,0.1968417061712907,1.902221,0.75,0.553764,0.493072,0.692854,0.099058,0.041862,0,0.118789,0.08837,0.346136
2021-11-04,0,1,ok,0.1980067590807364,1.854565,0.75,0.565529,0.493745,0.666351,0.09857,0.041862,0,0.136473,0.123711,0.412576
2021-11-05,0,1,ok,0.2005154249470454,1.931953,1.0,0.566081,0.493776,0.706272,0.096656,0.041862,0,0.149392,0.117872,0.401599
2021-11-08,0,1,ok,0.2085378888291287,2.042269,1.0,0.558938,0.493368,0.764185,0.097996,0.065474,0,0.128978,0.102417,0.372544
2021-11-09,0,1,ok,0.204100085432706,2.203877,1.0,0.569687,0.493982,0.846593,0.109987,0.065474,0,0.152976,0.129843,0.424104
2021-11-10,0,1,ok,0.2183089456384468,2.312727,1.0,0.583173,0.494753,0.902301,0.091549,0.065474,0,0.17875,0.166942,0.493851
2021-11-11,0,1,ok,0.2142847510263619,2.265963,0.75,0.55881,0.493361,0.879436,0.072911,0.065474,0,0.116111,0.109886,0.386586
2021-11-12,0,1,ok,0.200354984118859,2.111715,0.75,0.559463,0.493398,0.799908,0.075673,0.065474,0,0.12736,0.105485,0.378311
2021-11-15,0,1,ok,0.203671478055047,2.01267,1.0,0.553181,0.493039,0.749679,0.076895,0.070141,0,0.115632,0.088034,0.345503
2021-11-16,0,1,ok,0.1997477692523093,1.989766,0.75,0.556025,0.493201,0.73753,0.078065,0.070141,0,0.123424,0.094396,0.357464
2021-11-17,0,1,ok,0.1985878640178548,2.084924,1.0,0.568455,0.493912,0.785107,0.077483,0.070141,0,0.153044,0.124954,0.414913
2021-11-18,0,1,ok,0.2128310062056243,1.972256,0.75,0.567251,0.493843,0.726946,0.077699,0.070141,0,0.144609,0.125445,0.415836
2021-11-19,0,1,ok,0.2080049252278042,1.966077,0.5,0.56781,0.493875,0.72367,0.081474,0.070141,0,0.138927,0.131165,0.42659
2021-11-22,0,1,ok,0.2172865128777792,2.063703,1.0,0.585312,0.494875,0.772131,0.080203,0.049736,0,0.187663,0.169837,0.499293
2021-11-23,0,1,ok,0.2157182028784181,2.180725,1.0,0.575245,0.4943,0.834122,0.066,0.049736,0,0.161796,0.146248,0.454947
2021-11-24,0,1,ok,0.2067855788162536,2.154785,0.75,0.567473,0.493856,0.821366,0.066987,0.049736,0,0.136608,0.131278,0.426802
2021-11-25,0,1,ok,0.2179825972802206,2.012976,1.0,0.567746,0.493871,0.74795,0.06701,0.049736,0,0.146191,0.12641,0.417651
2021-11-26,0,1,ok,0.2123714358338995,2.033264,0.75,0.638105,0.497892,0.749322,0.191778,0.049736,1,0.30579,0.371649,0.634513
2021-11-29,0,1,ok,0.2225836609592287,1.836692,0.5,0.594264,0.495386,0.651942,0.207332,0.017577,1,0.19741,0.199022,0.554161
2021-11-30,0,1,ok,0.2082685518578389,1.895653,0.75,0.660544,0.499174,0.671453,0.235412,0.017577,1,0.320645,0.526879,0.65
2021-12-01,0,1,ok,0.1926621707769055,1.849383,0.75,0.64551,0.498315,0.649166,0.239752,0.017577,1,0.256144,0.487084,0.65
2021-12-02,0,1,ok,0.191864742256462,1.920838,0.5,0.616746,0.496671,0.692467,0.263102,0.017577,1,0.270892,0.263852,0.596558
2021-12-03,0,1,ok,0.2104358091274731,1.88132,0.75,0.588504,0.495057,0.676337,0.268929,0.017577,0,0.165968,0.195844,0.548187
2021-12-06,0,1,ok,0.1878993406835022,1.649055,0.75,0.603557,0.495918,0.551294,0.287204,0.012194,1,0.244945,0.206131,0.567527
2021-12-07,0,1,ok,0.1985965384673325,1.483691,0.5,0.576994,0.4944,0.4715,0.317317,0.012194,0,0.168951,0.148699,0.459553
2021-12-08,0,1,ok,0.2131452943972347,1.404254,0.5,0.574228,0.494242,0.431009,0.319654,0.012194,0,0.135507,0.158542,0.478058
2021-12-09,0,1,ok,0.2094584322921882,1.638464,0.75,0.573973,0.494227,0.552687,0.322295,0.012194,0,0.143215,0.152759,0.467187
2021-12-10,0,1,ok,0.2204743536070711,1.75666,0.5,0.569111,0.493949,0.615027,0.26724,0.012194,0,0.123815,0.145653,0.453828
2021-12-13,0,1,ok,0.1990953829147994,1.809647,0.75,0.572355,0.494135,0.641867,0.269455,0.027568,0,0.15052,0.141865,0.446707
2021-12-14,0,1,ok,0.2021849006067031,1.705243,0.75,0.57165,0.494094,0.587856,0.233752,0.027568,0,0.150517,0.139094,0.441496
2021-12-15,0,1,ok,0.1885354486317537,1.570735,0.5,0.568118,0.493892,0.518985,0.228446,0.027568,0,0.141412,0.130835,0.425969
2021-12-16,0,1,ok,0.2152824969227417,1.621362,0.75,0.564623,0.493693,0.546012,0.2306,0.027568,0,0.118938,0.131014,0.426307
2021-12-17,0,1,ok,0.2034665242275859,1.532899,0.75,0.589588,0.495119,0.493774,0.22664,0.027568,0,0.207899,0.174121,0.507348
2021-12-20,0,1,ok,0.2053987433689972,1.769396,0.75,0.589232,0.495099,0.617639,0.217243,0.01662,0,0.204135,0.175053,0.509099
2021-12-21,0,1,ok,0.2087782754996564,1.401485,0.5,0.56211,0.493549,0.433139,0.209207,0.01662,0,0.111101,0.125982,0.416846
2021-12-22,0,1,ok,0.2133176823865754,1.327761,0.5,0.559076,0.493376,0.396041,0.212619,0.01662,0,0.102757,0.11921,0.404115
2021-12-23,0,1,ok,0.1997895429266371,1.277016,0.5,0.556229,0.493213,0.370819,0.210738,0.01662,0,0.105106,0.106552,0.380319
2021-12-24,0,1,ok,0.1988561695764468,1.521138,0.75,0.558178,0.493324,0.495905,0.206345,0.01662,0,0.107683,0.112624,0.391733
2021-12-27,0,1,ok,0.2007264625286809,1.516615,0.5,0.559751,0.493414,0.493166,0.200505,0.025532,0,0.119143,0.11171,0.390014
2021-12-28,0,1,ok,0.1973872953466802,1.623215,0.75,0.565509,0.493743,0.546762,0.196641,0.025532,0,0.135471,0.124252,0.413593
2021-12-29,0,1,ok,0.2110041520717194,1.631009,0.75,0.563264,0.493615,0.551311,0.182904,0.025532,0,0.116484,0.127187,0.419111
2021-12-30,0,1,ok,0.2088166654041931,1.802342,1.0,0.561061,0.493489,0.640185,0.172081,0.025532,0,0.107526,0.124068,0.413248
2021-12-31,0,1,ok,0.2086477077304436,1.817489,1.0,0.564015,0.493658,0.647461,0.151686,0.025532,0,0.10537,0.137029,0.437615
2022-01-03,0,1,ok,0.2099353926499094,1.74189,0.5,0.551004,0.492915,0.611025,0.138837,0.048559,0,0.092067,0.094073,0.356857
2022-01-04,0,1,ok,0.2080938649217018,1.829144,1.0,0.564634,0.493693,0.65337,0.113632,0.048559,0,0.109708,0.136778,0.437143
2022-01-05,0,1,ok,0.2134447144127462,1.993628,1.0,0.57775,0.494443,0.736573,0.14634,0.048559,0,0.145534,0.166189,0.492435
2022-01-06,0,1,ok,0.2112645427156295,2.019777,1.0,0.570992,0.494057,0.751052,0.142239,0.048559,0,0.127801,0.150584,0.463097
2022-01-07,0,1,ok,0.2108207695098546,1.93358,1.0,0.565996,0.493771,0.707126,0.142293,0.048559,0,0.115907,0.138295,0.439995
2022-01-10,0,1,ok,0.2126298847122025,1.624328,1.0,0.575864,0.494335,0.544901,0.124163,0.032081,0,0.147233,0.157711,0.476496
2022-01-11,0,1,ok,0.2125548384131589,1.487054,0.75,0.560909,0.49348,0.477618,0.128291,0.032081,0,0.111911,0.12075,0.40701
2022-01-12,0,1,ok,0.2100527291993447,1.388901,0.75,0.557943,0.493311,0.427875,0.124998,0.032081,0,0.104183,0.113871,0.394077
2022-01-13,0,1,ok,0.2130976612252449,1.637931,1.0,0.56717,0.493838,0.553986,0.149982,0.032081,0,0.116277,0.142687,0.448251
2022-01-14,0,1,ok,0.2175323613125988,1.721692,0.75,0.557248,0.493271,0.599379,0.155282,0.032081,0,0.103861,0.111335,0.38931
2022-01-17,0,1,ok,0.2122512380372513,1.759432,1.0,0.557136,0.493265,0.618827,0.129278,0.038397,0,0.102855,0.111515,0.389648
2022-01-18,0,1,ok,0.2131400099810779,1.779976,1.0,0.582084,0.494691,0.62458,0.135551,0.038397,0,0.164511,0.171483,0.502388
2022-01-19,0,1,ok,0.2120809594141427,1.899155,1.0,0.580086,0.494576,0.687046,0.130347,0.038397,0,0.161741,0.165337,0.490834
2022-01-20,0,1,ok,0.2165466767586491,1.939647,0.75,0.581783,0.494673,0.707878,0.139081,0.038397,0,0.166522,0.169051,0.497817
2022-01-21,0,1,ok,0.2180644824200421,1.859736,0.75,0.592934,0.49531,0.664268,0.174535,0.038397,0,0.187088,0.200186,0.556349
2022-01-24,0,1,ok,0.2172864748565861,1.639031,0.5,0.594341,0.495391,0.548204,0.182246,0.006253,0,0.186532,0.206068,0.567407
2022-01-25,0,1,ok,0.2154555545996538,1.646918,0.75,0.592154,0.495266,0.552856,0.17038,0.006253,0,0.176671,0.203576,0.562723
2022-01-26,0,1,ok,0.2118203494246901,1.343426,0.75,0.588058,0.495032,0.395079,0.174144,0.006253,0,0.16783,0.192935,0.542718
2022-01-27,0,1,ok,0.2158222613826435,1.344224,0.75,0.587706,0.495012,0.395607,0.166087,0.006253,0,0.178805,0.184749,0.527327
2022-01-28,0,1,ok,0.2118885565161379,0.749609,0.5,0.580368,0.494592,0.088163,0.210483,0.006253,0,0.159971,0.167541,0.494977
2022-01-31,0,0,weak_score,0.2139213753112988,0.430459,0.5,0.580395,0.494594,0.0,0.240165,0.0,0,0.155246,0.170578,0.500687
2022-02-01,0,0,weak_score,0.2215475748918605,0.371464,0.5,0.577646,0.494437,0.0,0.242642,0.0,0,0.145641,0.165711,0.491537
2022-02-02,0,1,ok,0.2210637307654246,0.659264,0.5,0.581748,0.494671,0.04041,0.236986,0.0,0,0.147369,0.180786,0.519877
2022-02-03,0,1,ok,0.2022941555597543,1.292657,0.75,0.585624,0.494893,0.369328,0.24851,0.0,0,0.190546,0.169275,0.498236
2022-02-04,0,1,ok,0.2154577174132372,1.175221,0.5,0.575537,0.494316,0.311611,0.208782,0.0,0,0.142723,0.159222,0.479338
2022-02-07,0,1,ok,0.222266892745851,1.279809,0.75,0.575542,0.494317,0.365956,0.211828,0.004194,0,0.1428,0.159191,0.47928
2022-02-08,0,1,ok,0.2160074719422047,0.831412,0.5,0.570288,0.494016,0.135317,0.200183,0.004194,0,0.13075,0.145985,0.454452
2022-02-09,0,1,ok,0.2114595823179316,0.833231,0.5,0.563063,0.493604,0.139482,0.204159,0.004194,0,0.113263,0.128393,0.421378
2022-02-10,0,1,ok,0.2163170768561174,1.032794,0.75,0.578156,0.494466,0.236563,0.202561,0.004194,0,0.150462,0.164731,0.489695
2022-02-11,0,1,ok,0.2230655647319867,1.370212,0.75,0.5876,0.495006,0.40923,0.252498,0.004194,0,0.170064,0.189749,0.536729
2022-02-14,0,1,ok,0.2073799440013513,1.447552,0.5,0.601317,0.49579,0.445696,0.234623,0.011027,1,0.250253,0.194025,0.544768
2022-02-15,0,1,ok,0.2079741042725116,0.988983,0.5,0.589576,0.495119,0.209067,0.251723,0.011027,0,0.178632,0.192213,0.54136
2022-02-16,0,1,ok,0.2149205736592541,0.792929,0.75,0.583951,0.494797,0.109067,0.248764,0.011027,0,0.164719,0.178701,0.515957
2022-02-17,0,1,ok,0.2265693362189428,1.093072,0.75,0.591406,0.495223,0.262846,0.267159,0.011027,0,0.185533,0.195136,0.546856
2022-02-18,0,1,ok,0.2087081768941532,1.347805,0.75,0.578335,0.494476,0.400418,0.258842,0.011027,0,0.153684,0.16344,0.487268
2022-02-21,0,1,ok,0.2096084163533233,1.243196,0.75,0.578975,0.494513,0.345764,0.259349,0.014784,0,0.155282,0.164967,0.490137
2022-02-22,0,1,ok,0.2134223080249269,1.028728,0.75,0.58866,0.495066,0.230241,0.248997,0.014784,0,0.178964,0.188403,0.534198
2022-02-23,0,1,ok,0.2040373431297911,1.148228,0.75,0.605303,0.496017,0.28655,0.228813,0.014784,0,0.228658,0.231473,0.584771
2022-02-24,0,1,ok,0.207358859782108,0.912016,0.5,0.585226,0.49487,0.170668,0.25102,0.014784,0,0.168112,0.181615,0.521435
2022-02-25,0,1,ok,0.2044231790874854,0.75905,0.5,0.578103,0.494463,0.09415,0.243383,0.014784,0,0.167841,0.15375,0.469049
2022-02-28,0,0,weak_score,0.2123619687496474,0.560377,0.5,0.583399,0.494766,0.0,0.250926,0.0,0,0.155676,0.182135,0.522414
2022-03-01,0,1,ok,0.2108120066828857,0.926717,0.75,0.591595,0.495234,0.175603,0.244104,0.0,0,0.173826,0.203138,0.561899
2022-03-02,0,1,ok,0.2062904590999273,0.894838,0.5,0.581024,0.49463,0.163532,0.316045,0.0,0,0.167467,0.165476,0.491096
2022-03-03,0,1,ok,0.2078420887911964,0.9992,0.75,0.584457,0.494826,0.216514,0.290403,0.0,0,0.155979,0.186109,0.529884
2022-03-04,0,1,ok,0.2155452401881696,0.903864,0.75,0.586245,0.494928,0.165966,0.299949,0.0,0,0.160197,0.190532,0.538201
2022-03-07,0,1,ok,0.2119146315989032,1.184947,0.75,0.593379,0.495336,0.31027,0.321722,0.006715,0,0.161206,0.222701,0.581544
2022-03-08,0,1,ok,0.211653849034478,0.967221,0.75,0.592304,0.495275,0.196529,0.320223,0.006715,0,0.170035,0.208278,0.571563
2022-03-09,0,0,weak_score,0.2121791674132874,0.558226,0.5,0.585546,0.494888,0.0,0.362204,0.006715,0,0.171293,0.180901,0.520094
2022-03-10,0,0,weak_score,0.2067356025735592,0.388309,0.75,0.582529,0.494716,0.0,0.355863,0.006715,0,0.158172,0.177164,0.513068
2022-03-11,0,0,weak_score,0.2102287251513069,0.516704,0.75,0.586418,0.494938,0.0,0.33675,0.006715,0,0.163529,0.189146,0.535594
2022-03-14,0,1,ok,0.2101918386557936,0.872484,0.75,0.587111,0.494978,0.149184,0.334776,0.005389,0,0.164055,0.19155,0.540114
2022-03-15,0,0,weak_score,0.2120524351966783,0.414455,0.5,0.585947,0.494911,0.0,0.328181,0.005389,0,0.168144,0.184431,0.526729
2022-03-16,0,0,weak_score,0.2238521300281798,0.01904,0.5,0.572012,0.494115,0.0,0.30535,0.005389,0,0.151633,0.139827,0.442875
2022-03-17,0,0,weak_score,0.2151248731800114,-0.047601,0.5,0.568986,0.493942,0.0,0.304287,0.005389,0,0.131233,0.140563,0.444259
2022-03-18,0,0,weak_score,0.2114856110200642,0.259916,0.5,0.570173,0.49401,0.0,0.278464,0.005389,0,0.139774,0.139941,0.443089
2022-03-21,0,1,ok,0.2162049516190834,0.680605,0.75,0.581499,0.494657,0.051658,0.212555,0.00241,0,0.174598,0.162927,0.486303
2022-03-22,0,1,ok,0.2212981878299018,0.702135,0.5,0.568653,0.493923,0.069114,0.204151,0.00241,0,0.143602,0.131585,0.42738
2022-03-23,0,1,ok,0.2111680679579387,1.01853,0.75,0.575472,0.494313,0.230216,0.226678,0.00241,0,0.133585,0.164629,0.489503
2022-03-24,0,1,ok,0.2113143621142554,0.856571,0.5,0.571102,0.494063,0.147996,0.231851,0.00241,0,0.138742,0.144235,0.451162
2022-03-25,0,1,ok,0.2037507201792093,1.033554,0.75,0.572077,0.494119,0.239364,0.19861,0.00241,0,0.148929,0.141759,0.446508
2022-03-28,0,1,ok,0.2135926945430653,0.850115,0.5,0.566776,0.493816,0.146563,0.199387,0.007423,0,0.124694,0.135917,0.435524
2022-03-29,0,1,ok,0.2085342325359693,1.007919,0.5,0.564536,0.493688,0.229083,0.191582,0.007423,0,0.118559,0.130905,0.426101
2022-03-30,0,1,ok,0.2099135806670309,1.160556,0.75,0.565769,0.493758,0.307506,0.201473,0.007423,0,0.119369,0.135255,0.434279
2022-03-31,0,1,ok,0.2113635949769653,1.435374,0.75,0.565003,0.493714,0.449805,0.230422,0.007423,0,0.118382,0.132852,0.429762
2022-04-01,0,1,ok,0.2184084479313326,1.554628,0.75,0.563204,0.493612,0.511889,0.231136,0.007423,0,0.115214,0.127736,0.420144
2022-04-04,0,1,ok,0.2167969658919085,1.33649,0.5,0.563267,0.493615,0.399241,0.22752,0.019264,0,0.115193,0.127996,0.420632
2022-04-05,0,1,ok,0.2189387305363972,1.452146,0.75,0.566127,0.493779,0.458158,0.215239,0.019264,0,0.118792,0.137021,0.437599
2022-04-06,0,1,ok,0.2177314989008054,1.592446,0.75,0.573257,0.494186,0.52897,0.18684,0.019264,0,0.139162,0.152457,0.466618
2022-04-07,0,1,ok,0.2186560286027437,1.61624,0.5,0.562613,0.493578,0.543839,0.163474,0.019264,0,0.114034,0.126141,0.417145
2022-04-08,0,1,ok,0.2099173142122247,1.394958,0.75,0.564858,0.493706,0.428961,0.145575,0.019264,0,0.117994,0.132524,0.429145
2022-04-11,0,1,ok,0.2094526651123324,1.325998,0.75,0.583958,0.494798,0.387278,0.157626,0.020311,0,0.156893,0.183579,0.525128
2022-04-12,0,1,ok,0.2093625383454851,1.332878,0.75,0.581708,0.494669,0.391583,0.153351,0.020311,0,0.159424,0.173155,0.505531
2022-04-13,0,1,ok,0.2129403975213013,1.077571,0.5,0.563729,0.493642,0.265377,0.157469,0.020311,0,0.113931,0.130597,0.425523
2022-04-14,0,1,ok,0.2141917963073366,1.117224,0.75,0.571046,0.49406,0.283147,0.129323,0.020311,0,0.124012,0.153144,0.46791
2022-04-15,0,1,ok,0.2091694108231398,1.116525,0.75,0.57275,0.494157,0.282151,0.119922,0.020311,0,0.130096,0.156082,0.473433
2022-04-18,0,1,ok,0.2088673317123555,1.266364,0.75,0.56433,0.493676,0.362683,0.110093,0.023121,0,0.117071,0.131016,0.426309
2022-04-19,0,1,ok,0.2098814907245803,0.910102,0.5,0.564695,0.493697,0.178477,0.16108,0.023121,0,0.111277,0.136046,0.435766
2022-04-20,0,1,ok,0.2090871665210632,1.045553,0.75,0.573626,0.494207,0.244982,0.163948,0.023121,0,0.126601,0.161694,0.483986
2022-04-21,0,1,ok,0.207497867313029,1.20952,0.75,0.57364,0.494208,0.330094,0.167624,0.023121,0,0.127122,0.161424,0.483477
2022-04-22,0,1,ok,0.2065732500816371,1.535098,0.75,0.587966,0.495027,0.495353,0.215815,0.023121,0,0.157765,0.198813,0.553769
2022-04-25,0,1,ok,0.2128896378285138,1.250024,0.5,0.585662,0.494895,0.347045,0.209947,0.016027,0,0.161543,0.187403,0.532317
2022-04-26,0,1,ok,0.2099848506936531,1.338509,0.75,0.591647,0.495237,0.391365,0.268192,0.016027,0,0.170625,0.205325,0.566011
2022-04-27,0,1,ok,0.2055629904998241,1.022215,0.75,0.600268,0.49573,0.222108,0.266965,0.016027,0,0.228953,0.203103,0.561833
2022-04-28,0,1,ok,0.2114334244504268,0.755469,0.5,0.588266,0.495044,0.087461,0.31044,0.016027,0,0.161441,0.197715,0.551704
2022-04-29,0,1,ok,0.2141639273467041,0.798941,0.75,0.587097,0.494977,0.110745,0.34383,0.016027,0,0.161281,0.193211,0.543237
2022-05-02,0,1,ok,0.2050356902695274,0.704036,0.5,0.597399,0.495566,0.056048,0.35525,0.001128,0,0.220823,0.196849,0.550077
2022-05-03,0,1,ok,0.2122728896875838,1.058458,0.5,0.591752,0.495243,0.244573,0.326382,0.001128,0,0.176458,0.202124,0.559993
2022-05-04,0,0,high_risk_veto,0.2125071581426319,0.434254,0.5,0.588249,0.495043,0.0,0.358301,0.001128,0,0.169413,0.192705,0.542285
2022-05-05,0,0,high_risk_veto,0.2152416725507684,1.004225,0.75,0.607009,0.496115,0.209835,0.375156,0.001128,1,0.206285,0.26682,0.597629
2022-05-06,0,0,high_risk_veto,0.2148385637258988,0.995043,0.75,0.602185,0.495839,0.207006,0.351862,0.001128,1,0.244416,0.201059,0.557991
2022-05-09,0,0,high_risk_veto,0.2154981339101704,1.408974,0.75,0.630455,0.497455,0.416422,0.400308,0.0,1,0.26281,0.365642,0.632447
2022-05-10,0,0,high_risk_veto,0.2103132885830554,0.695781,0.5,0.605535,0.496031,0.047636,0.364518,0.0,1,0.26569,0.201059,0.55799
2022-05-11,0,0,high_risk_veto,0.2172324397610201,0.672671,0.75,0.589482,0.495113,0.043542,0.371769,0.0,0,0.162587,0.20179,0.559366
2022-05-12,0,0,high_risk_veto,0.2133119982384676,0.241452,0.75,0.592299,0.495274,0.0,0.327934,0.0,0,0.173958,0.205825,0.566951
2022-05-13,0,0,high_risk_veto,0.207339678086516,0.000964,0.5,0.58994,0.495139,0.0,0.34683,0.0,0,0.181993,0.191564,0.54014
2022-05-16,0,0,high_risk_veto,0.2115936052649773,-0.14525,0.75,0.593432,0.495339,0.0,0.335276,0.0,0,0.18056,0.206192,0.56764
2022-05-17,0,0,high_risk_veto,0.2115441049768387,-0.30345,0.5,0.592177,0.495267,0.0,0.371229,0.0,0,0.17955,0.20188,0.559534
2022-05-18,0,0,high_risk_veto,0.2022514657810439,0.372425,0.75,0.622707,0.497012,0.0,0.403509,0.0,1,0.237113,0.340424,0.623712
2022-05-19,0,0,high_risk_veto,0.1983171749757155,0.313242,0.75,0.60324,0.495899,0.0,0.393291,0.0,0,0.230629,0.215467,0.578873
2022-05-20,0,0,high_risk_veto,0.197586522524503,0.460587,0.75,0.604936,0.495996,0.0,0.391807,0.0,0,0.213224,0.245408,0.589867
2022-05-23,0,0,high_risk_veto,0.2189742663928248,-0.150223,0.5,0.58679,0.494959,0.0,0.378704,0.0,0,0.161647,0.191778,0.540543
2022-05-24,0,0,high_risk_veto,0.2200149385990347,-0.141585,0.75,0.600245,0.495728,0.0,0.385223,0.0,1,0.183996,0.244816,0.589651
2022-05-25,0,0,high_risk_veto,0.2085754864250112,-0.284649,0.5,0.59393,0.495367,0.0,0.371764,0.0,0,0.17999,0.208507,0.571994
2022-05-26,0,0,high_risk_veto,0.2137930229111556,-0.254367,0.5,0.581367,0.49465,0.0,0.384515,0.0,0,0.144917,0.180804,0.519912
2022-05-27,0,0,high_risk_veto,0.2100224854207164,-0.451688,0.5,0.586148,0.494923,0.0,0.375219,0.0,0,0.160528,0.189945,0.537097
2022-05-30,0,0,high_risk_veto,0.2102421597109565,-0.138594,0.75,0.582609,0.494721,0.0,0.371787,0.0,0,0.152476,0.181008,0.520295
2022-05-31,0,0,high_risk_veto,0.2262676022842581,0.217006,0.75,0.580668,0.49461,0.0,0.34566,0.0,0,0.145232,0.177859,0.514375
2022-06-01,0,1,ok,0.2154642093673537,0.595326,0.75,0.58851,0.495058,0.003566,0.224623,0.0,0,0.165237,0.196321,0.549084
2022-06-02,0,0,weak_score,0.2171458778706695,0.414007,0.5,0.58818,0.495039,0.0,0.215881,0.0,0,0.168197,0.193189,0.543195
2022-06-03,0,1,ok,0.2214014838126807,0.618487,0.75,0.580138,0.494579,0.019975,0.236026,0.0,0,0.148165,0.173956,0.507037
2022-06-06,0,0,weak_score,0.2209967082656123,0.517605,0.5,0.58185,0.494677,0.0,0.214409,0.0,0,0.152684,0.17789,0.514434
2022-06-07,0,1,ok,0.2136641090073385,0.615805,0.5,0.578488,0.494485,0.01942,0.180625,0.0,0,0.1433,0.170478,0.500499
2022-06-08,0,0,weak_score,0.2119713419420905,0.417911,0.75,0.57689,0.494394,0.0,0.194598,0.0,0,0.140063,0.166194,0.492445
2022-06-09,0,1,ok,0.2196841767367821,0.61323,0.75,0.586643,0.494951,0.013896,0.22321,0.0,0,0.16346,0.190073,0.537337
2022-06-10,0,0,high_risk_veto,0.2216656523038113,0.895497,0.75,0.588733,0.49507,0.160503,0.209503,0.0,0,0.166289,0.196546,0.549506
2022-06-13,0,0,high_risk_veto,0.2376199832340913,1.024925,0.75,0.595443,0.495454,0.225502,0.227903,0.0,0,0.173995,0.223038,0.581669
2022-06-14,0,0,high_risk_veto,0.2051502613595148,0.650892,0.5,0.630433,0.497453,0.010943,0.228644,0.0,1,0.245023,0.384611,0.638952
2022-06-15,0,0,high_risk_veto,0.2647854362709966,0.105488,0.5,0.64312,0.498178,0.0,0.230022,0.0,1,0.237513,0.491522,0.65
2022-06-16,0,0,high_risk_veto,0.2294939914979943,0.023636,0.75,0.653831,0.49879,0.0,0.254849,0.0,1,0.240249,0.575443,0.65
2022-06-17,0,0,high_risk_veto,0.2095905883231833,-0.094182,0.5,0.650281,0.498587,0.0,0.26123,0.0,1,0.33281,0.427456,0.65
2022-06-20,0,0,high_risk_veto,0.2224631295155482,0.04956,0.75,0.59245,0.495283,0.0,0.244919,0.0,0,0.169558,0.209147,0.573196
2022-06-21,0,0,high_risk_veto,0.2125307113034832,-0.493087,0.5,0.656906,0.498966,0.0,0.307662,0.0,1,0.326766,0.489312,0.65
2022-06-22,0,0,high_risk_veto,0.2251156328306091,-0.431673,0.75,0.616136,0.496636,0.0,0.309825,0.0,1,0.213499,0.32102,0.616923
2022-06-23,0,0,high_risk_veto,0.2045229629054551,-0.60542,0.5,0.627,0.497257,0.0,0.303967,0.0,1,0.231281,0.375953,0.63599
2022-06-24,0,0,high_risk_veto,0.2256553221194684,-0.633799,0.5,0.604929,0.495996,0.0,0.349399,0.0,1,0.196017,0.263688,0.596499
2022-06-27,0,0,high_risk_veto,0.2139336863720318,-0.490877,0.75,0.606598,0.496091,0.0,0.3283,0.0,1,0.195306,0.275746,0.600841
2022-06-28,0,0,high_risk_veto,0.2182637861644095,-0.093808,0.75,0.593051,0.495317,0.0,0.351367,0.0,0,0.170014,0.211231,0.577115
2022-06-29,0,0,high_risk_veto,0.2222825062209763,0.04575,0.5,0.595255,0.495443,0.0,0.353067,0.0,0,0.180532,0.21483,0.578637
2022-06-30,0,0,weak_score,0.2195985546565461,-0.120029,0.75,0.599706,0.495698,0.0,0.29479,0.0,1,0.185228,0.239867,0.587845
2022-07-01,0,0,weak_score,0.2215456656790722,-0.606325,0.5,0.593364,0.495335,0.0,0.294818,0.0,0,0.173328,0.21041,0.575571
2022-07-04,0,0,weak_score,0.2170093336628547,-0.672741,0.75,0.591619,0.495235,0.0,0.294818,0.0,0,0.168094,0.206785,0.568756
2022-07-05,0,0,weak_score,0.2116154082163537,-0.908366,0.5,0.592859,0.495306,0.0,0.248257,0.0,0,0.172277,0.209074,0.573059
2022-07-06,0,0,weak_score,0.2108815779361836,-0.835902,0.5,0.591991,0.495257,0.0,0.247127,0.0,0,0.171708,0.206008,0.567296
2022-07-07,0,0,weak_score,0.2092897421702642,-0.823291,0.5,0.592762,0.495301,0.0,0.267084,0.0,0,0.180381,0.203667,0.562894
2022-07-08,0,0,weak_score,0.2066232584802909,-0.495093,0.5,0.58933,0.495105,0.0,0.200934,0.0,0,0.168085,0.197783,0.551831
2022-07-11,0,0,weak_score,0.2186579103965362,-0.182879,0.75,0.598342,0.49562,0.0,0.21997,0.0,0,0.174288,0.242293,0.588731
2022-07-12,0,0,weak_score,0.2071274781880107,0.046522,0.75,0.612524,0.49643,0.0,0.196732,0.0,1,0.257525,0.249533,0.591369
2022-07-13,0,0,weak_score,0.2207566908206667,-0.02105,0.75,0.584946,0.494854,0.0,0.198026,0.0,0,0.13167,0.2031,0.561829
2022-07-14,0,0,weak_score,0.2175058386190201,-0.217485,0.5,0.582539,0.494717,0.0,0.183583,0.0,0,0.130509,0.194348,0.545374
2022-07-15,0,0,weak_score,0.2180763780536271,-0.421677,0.5,0.580438,0.494596,0.0,0.199125,0.0,0,0.134359,0.183692,0.525342
2022-07-18,0,0,weak_score,0.2224933652783103,-0.311528,0.75,0.579242,0.494528,0.0,0.202068,0.0,0,0.122677,0.186226,0.530105
2022-07-19,0,0,weak_score,0.2191808814765185,-0.418429,0.5,0.576004,0.494343,0.0,0.251851,0.0,0,0.123419,0.173025,0.505287
2022-07-20,0,0,weak_score,0.2248334076994683,-0.220912,0.5,0.583429,0.494767,0.0,0.248801,0.0,0,0.131409,0.197293,0.550911
2022-07-21,0,0,weak_score,0.2221396306575955,-0.219708,0.5,0.583596,0.494777,0.0,0.230771,0.0,0,0.129432,0.199174,0.554448
2022-07-22,0,0,weak_score,0.2243142616718925,0.228157,0.75,0.574585,0.494262,0.0,0.254283,0.0,0,0.11544,0.172385,0.504084
2022-07-25,0,0,weak_score,0.2199453054982474,0.334382,0.75,0.578147,0.494466,0.0,0.233753,0.0,0,0.127701,0.178804,0.516151
2022-07-26,0,0,weak_score,0.2234593433834709,0.480191,0.75,0.580155,0.49458,0.0,0.235083,0.0,0,0.124843,0.188476,0.534335
2022-07-27,0,0,weak_score,0.2200131321354156,-0.037275,0.5,0.575571,0.494318,0.0,0.252083,0.0,0,0.126298,0.169537,0.49873
2022-07-28,0,0,weak_score,0.2239597513093982,-0.135125,0.5,0.579476,0.494542,0.0,0.25212,0.0,0,0.126595,0.184721,0.527276
2022-07-29,0,0,weak_score,0.2203368155117598,-0.378135,0.5,0.577074,0.494404,0.0,0.250801,0.0,0,0.119728,0.179525,0.517507
2022-08-01,0,0,weak_score,0.2217346927223122,0.012382,0.75,0.576431,0.494367,0.0,0.255158,0.0,0,0.119238,0.177294,0.513313
2022-08-02,0,0,weak_score,0.2164342995536326,0.188222,0.75,0.57729,0.494417,0.0,0.207275,0.0,0,0.126204,0.176358,0.511553
2022-08-03,0,0,weak_score,0.2180097035267791,0.227102,0.5,0.58503,0.494859,0.0,0.211284,0.0,0,0.128611,0.205328,0.566016
2022-08-04,0,0,weak_score,0.2184485585888836,0.310519,0.5,0.584227,0.494813,0.0,0.214552,0.0,0,0.128141,0.202459,0.560624
2022-08-05,0,0,weak_score,0.2154859544387976,0.458143,0.75,0.574008,0.494229,0.0,0.180277,0.0,0,0.118144,0.168437,0.496662
2022-08-08,0,1,ok,0.2195485386061963,0.755041,0.75,0.573664,0.494209,0.094157,0.189676,0.004755,0,0.109437,0.172481,0.504264
2022-08-09,0,1,ok,0.2152433638816152,0.836823,0.75,0.573274,0.494187,0.136786,0.169848,0.004755,0,0.109888,0.170667,0.500855
2022-08-10,0,0,weak_score,0.2041219349931746,0.5274,0.5,0.580026,0.494573,0.0,0.15904,0.004755,0,0.147081,0.174186,0.50747
2022-08-11,0,0,weak_score,0.1988839917974077,0.576354,0.75,0.578911,0.494509,0.0,0.158971,0.004755,0,0.137623,0.175662,0.510245
2022-08-12,0,0,weak_score,0.191793143212253,0.428863,0.5,0.578392,0.49448,0.0,0.157203,0.004755,0,0.14106,0.171488,0.502397
2022-08-15,0,1,ok,0.1928043645455636,0.621808,0.5,0.574054,0.494232,0.024795,0.139889,0.00141,0,0.127275,0.162958,0.486362
2022-08-16,0,1,ok,0.1967980797500339,0.581317,0.75,0.576838,0.494391,0.002329,0.14031,0.00141,0,0.133314,0.170174,0.499927
2022-08-17,0,1,ok,0.2075394009784029,0.763526,0.75,0.570216,0.494012,0.100172,0.138457,0.00141,0,0.10059,0.164396,0.489065
2022-08-18,0,1,ok,0.205400520044153,0.720208,0.5,0.576021,0.494344,0.074942,0.128245,0.00141,0,0.132333,0.167566,0.495023
2022-08-19,0,1,ok,0.2042929394730182,0.774278,0.75,0.57678,0.494387,0.102691,0.129982,0.00141,0,0.132612,0.170379,0.500312
2022-08-22,0,1,ok,0.2210431606492186,0.802113,0.75,0.612954,0.496455,0.100241,0.158531,0.002804,1,0.199163,0.314742,0.614714
2022-08-23,0,1,ok,0.2381947399719811,0.756621,0.75,0.583069,0.494747,0.090536,0.158029,0.002804,0,0.117197,0.204685,0.564807
2022-08-24,0,0,weak_score,0.2247616835873319,0.545542,0.5,0.584965,0.494855,0.0,0.126368,0.002804,0,0.121585,0.209427,0.573723
2022-08-25,0,0,weak_score,0.2258053425149047,0.23085,0.5,0.57998,0.49457,0.0,0.128363,0.002804,0,0.113634,0.194736,0.546103
2022-08-26,0,0,weak_score,0.2121931507547139,0.569417,0.75,0.59805,0.495603,0.0,0.200379,0.002804,1,0.123566,0.294391,0.607506
2022-08-29,0,1,ok,0.2422442703668735,0.611577,0.75,0.590402,0.495166,0.011088,0.199304,0.000309,0,0.124632,0.241488,0.588437
2022-08-30,0,1,ok,0.2144053784642006,0.735241,0.75,0.587446,0.494997,0.077276,0.198079,0.000309,0,0.117238,0.229391,0.584007
2022-08-31,0,0,weak_score,0.2196278251261784,0.370632,0.75,0.605324,0.496018,0.0,0.196295,0.000309,1,0.136112,0.33038,0.620206
2022-09-01,0,0,weak_score,0.2323965051466646,0.266236,0.75,0.60574,0.496042,0.0,0.211484,0.000309,1,0.191438,0.274058,0.600235
2022-09-02,0,0,weak_score,0.2205411327463495,0.288256,0.75,0.587702,0.495012,0.0,0.219389,0.000309,0,0.116846,0.231538,0.584795
2022-09-05,0,0,weak_score,0.2205359776485441,0.223518,0.75,0.587452,0.494997,0.0,0.211363,0.0,0,0.119493,0.227037,0.583141
2022-09-06,0,0,weak_score,0.2257862192547013,0.284197,0.75,0.586028,0.494916,0.0,0.218963,0.0,0,0.118239,0.218765,0.580092
2022-09-07,0,0,weak_score,0.2100525738991901,0.05249,0.5,0.577131,0.494408,0.0,0.226166,0.0,0,0.089649,0.198393,0.552979
2022-09-08,0,0,weak_score,0.2164797859527782,0.122251,0.5,0.574924,0.494281,0.0,0.229254,0.0,0,0.088304,0.190539,0.538213
2022-09-09,0,0,weak_score,0.2148804068279452,0.003797,0.5,0.574594,0.494263,0.0,0.165299,0.0,0,0.087858,0.189517,0.536291
2022-09-12,0,0,weak_score,0.2097740978603933,0.184385,0.5,0.575524,0.494316,0.0,0.172591,0.0,0,0.092638,0.190216,0.537606
2022-09-13,0,1,ok,0.2039555500732256,0.672168,0.75,0.599732,0.495699,0.038119,0.270087,0.0,0,0.142514,0.285559,0.604356
2022-09-14,0,1,ok,0.2195900038958965,0.7025,0.5,0.580715,0.494612,0.063453,0.268913,0.0,0,0.098824,0.206811,0.568804
2022-09-15,0,1,ok,0.2143420181546209,0.817974,0.75,0.580747,0.494614,0.123604,0.267197,0.0,0,0.09522,0.209167,0.573235
2022-09-16,0,0,weak_score,0.2138828406588678,0.364746,0.75,0.580847,0.49462,0.0,0.257199,0.0,0,0.095086,0.209646,0.574134
2022-09-19,0,0,weak_score,0.2079772698925533,0.376735,0.5,0.576643,0.49438,0.0,0.261895,0.0,0,0.091155,0.195538,0.547612
2022-09-20,0,0,weak_score,0.2006476758623099,0.313038,0.75,0.585868,0.494907,0.0,0.261342,0.0,0,0.136243,0.203894,0.563321
2022-09-21,0,0,weak_score,0.209447089262884,0.406904,0.75,0.579412,0.494538,0.0,0.274822,0.0,0,0.093942,0.204708,0.564851
2022-09-22,0,0,weak_score,0.231586802587985,0.528412,0.75,0.57863,0.494493,0.0,0.270638,0.0,0,0.096405,0.200102,0.556192
2022-09-23,0,0,weak_score,0.2061156940050829,0.505098,0.75,0.617346,0.496705,0.0,0.257978,0.0,1,0.170058,0.375871,0.635962
2022-09-26,0,0,weak_score,0.2496566382220408,0.333478,0.75,0.651943,0.498682,0.0,0.245939,0.0,1,0.208408,0.600972,0.65
2022-09-27,0,0,weak_score,0.2282715586708357,0.224766,0.5,0.601341,0.495791,0.0,0.175563,0.0,1,0.109296,0.332022,0.62078
2022-09-28,0,0,weak_score,0.2239861160487223,-0.045798,0.5,0.590679,0.495182,0.0,0.172166,0.0,1,0.106345,0.262826,0.596188
2022-09-29,0,0,weak_score,0.2222388138032109,0.157353,0.75,0.617849,0.496734,0.0,0.18314,0.0,1,0.175197,0.373786,0.635246
2022-09-30,0,0,weak_score,0.2215586565232107,0.257243,0.75,0.595607,0.495463,0.0,0.186862,0.0,1,0.104864,0.297803,0.608719
2022-10-03,0,0,weak_score,0.2088735410000937,0.159397,0.5,0.598549,0.495631,0.0,0.196366,0.0,1,0.106255,0.316291,0.615259
2022-10-04,0,0,weak_score,0.2049562896396006,-0.291464,0.5,0.58397,0.494798,0.0,0.254477,0.0,0,0.132741,0.198595,0.553358
2022-10-05,0,0,weak_score,0.2218165261624312,-0.324821,0.75,0.579026,0.494516,0.0,0.22965,0.0,0,0.102493,0.197886,0.552026
2022-10-06,0,0,weak_score,0.2384759696119509,0.114758,0.75,0.577706,0.49444,0.0,0.230164,0.0,0,0.103297,0.192195,0.541327
2022-10-07,0,1,ok,0.2504681751268124,0.729244,0.75,0.579439,0.494539,0.078001,0.244008,0.0,0,0.103028,0.199181,0.55446
2022-10-10,0,1,ok,0.2424959821522542,0.730479,0.75,0.584861,0.494849,0.076035,0.240906,0.00198,0,0.109195,0.220503,0.580734
2022-10-11,0,1,ok,0.254258529357081,0.647634,0.75,0.581297,0.494646,0.034574,0.242548,0.00198,0,0.105929,0.204698,0.564831
2022-10-12,0,0,weak_score,0.2375940374258633,0.22722,0.75,0.58146,0.494655,0.0,0.243479,0.00198,0,0.103459,0.206869,0.568914
2022-10-13,0,0,weak_score,0.252105404061565,-0.101176,0.5,0.582169,0.494695,0.0,0.278379,0.00198,0,0.108311,0.20665,0.568502
2022-10-14,0,0,weak_score,0.2541921245860277,0.019065,0.75,0.5806,0.494606,0.0,0.285778,0.00198,0,0.104394,0.202905,0.561461
2022-10-17,0,0,weak_score,0.2531893307292926,-0.235622,0.5,0.579134,0.494522,0.0,0.301523,0.0,0,0.105129,0.19668,0.549759
2022-10-18,0,0,weak_score,0.2327759327099495,-0.042208,0.5,0.579012,0.494515,0.0,0.270907,0.0,0,0.104657,0.196491,0.549402
2022-10-19,0,0,weak_score,0.2343592868233478,-0.196044,0.75,0.579103,0.49452,0.0,0.268688,0.0,0,0.104802,0.196761,0.549912
2022-10-20,0,0,weak_score,0.2390500023860691,0.170642,0.75,0.578778,0.494502,0.0,0.267101,0.0,0,0.103671,0.196184,0.548825
2022-10-21,0,0,weak_score,0.2488770101764411,0.058587,0.5,0.578677,0.494496,0.0,0.24692,0.0,0,0.102719,0.196376,0.549187
2022-10-24,0,0,weak_score,0.2499074455839754,-0.043152,0.5,0.578841,0.494505,0.0,0.246613,0.0,0,0.103527,0.196519,0.549456
2022-10-25,0,0,weak_score,0.2359448918329396,-0.23108,0.5,0.581447,0.494654,0.0,0.231252,0.0,0,0.106787,0.204753,0.564936
2022-10-26,0,0,weak_score,0.2349648770444539,0.161473,0.75,0.581906,0.49468,0.0,0.243889,0.0,0,0.104201,0.208162,0.571345
2022-10-27,0,0,weak_score,0.2326951428322025,0.36181,0.75,0.582809,0.494732,0.0,0.226462,0.0,0,0.106429,0.210337,0.575434
2022-10-28,0,0,weak_score,0.2320667388832203,0.269748,0.5,0.580188,0.494582,0.0,0.226511,0.0,0,0.107218,0.199532,0.555119
2022-10-31,0,0,weak_score,0.2137964254700285,0.155874,0.75,0.594477,0.495399,0.0,0.211711,0.0,1,0.109131,0.28558,0.604364
2022-11-01,0,0,weak_score,0.233717903018098,0.129328,0.75,0.58279,0.494731,0.0,0.214872,0.0,0,0.107508,0.209593,0.574035
2022-11-02,0,1,ok,0.1997934585592889,0.602391,0.75,0.587792,0.495017,0.007634,0.256845,0.0,0,0.150233,0.202798,0.561259
2022-11-03,0,1,ok,0.2034433857836428,0.591611,0.75,0.585337,0.494876,0.003277,0.259483,0.0,0,0.147965,0.194537,0.54573
2022-11-04,0,0,weak_score,0.2061564019392941,0.295245,0.5,0.575163,0.494295,0.0,0.249526,0.0,0,0.100692,0.1838,0.525544
2022-11-07,0,0,weak_score,0.2030530151303771,-0.083135,0.5,0.583877,0.494793,0.0,0.249071,0.0,0,0.140813,0.193228,0.543268
2022-11-08,0,0,weak_score,0.1997003872010059,-0.284626,0.5,0.581883,0.494679,0.0,0.248236,0.0,0,0.135645,0.188584,0.534539
2022-11-09,0,0,weak_score,0.2047191690597469,-0.004782,0.75,0.583138,0.494751,0.0,0.269637,0.0,0,0.139643,0.191045,0.539165
2022-11-10,0,0,weak_score,0.2008059652853563,-0.367913,0.5,0.584641,0.494837,0.0,0.306801,0.0,0,0.151448,0.189641,0.536524
2022-11-11,0,0,weak_score,0.1953891830848693,-0.326682,0.5,0.581102,0.494634,0.0,0.278126,0.0,0,0.138646,0.183647,0.525257
2022-11-14,0,0,weak_score,0.1977146907597662,-0.292385,0.75,0.585439,0.494882,0.0,0.279776,0.0,0,0.147141,0.19545,0.547446
2022-11-15,0,0,weak_score,0.1995455959614698,0.172481,0.5,0.583105,0.494749,0.0,0.278616,0.0,0,0.147897,0.185798,0.5293
2022-11-16,0,0,weak_score,0.2004920943094157,0.377509,0.75,0.596061,0.495489,0.0,0.258298,0.0,0,0.161417,0.240579,0.588105
2022-11-17,0,0,weak_score,0.20946734330964,0.277311,0.75,0.581069,0.494632,0.0,0.254001,0.0,0,0.109303,0.201705,0.559206
2022-11-18,0,0,weak_score,0.207569821577749,0.324597,0.75,0.576973,0.494398,0.0,0.244572,0.0,0,0.102657,0.189706,0.536646
2022-11-21,0,0,weak_score,0.1943882169568039,0.287577,0.75,0.587169,0.494981,0.0,0.237822,0.0,0,0.147589,0.201982,0.559727
2022-11-22,0,0,weak_score,0.1967969156432764,0.148252,0.5,0.585561,0.494889,0.0,0.239927,0.0,0,0.145986,0.196649,0.549699
2022-11-23,0,0,weak_score,0.195832342474068,0.062503,0.5,0.583364,0.494764,0.0,0.19369,0.0,0,0.144822,0.188725,0.534803
2022-11-24,0,0,weak_score,0.1970146116359521,-0.00253,0.75,0.584024,0.494801,0.0,0.12145,0.0,0,0.148339,0.189142,0.535587
2022-11-25,0,0,weak_score,0.1976520300280326,0.17046,0.75,0.580021,0.494573,0.0,0.105842,0.0,0,0.140446,0.178279,0.515165
2022-11-28,0,0,weak_score,0.2027663674306989,0.316237,0.75,0.584462,0.494826,0.0,0.131693,0.0,0,0.145048,0.192903,0.542658
2022-11-29,0,0,weak_score,0.2067623658191571,0.337383,0.75,0.576351,0.494363,0.0,0.132684,0.0,0,0.103528,0.186721,0.531035
2022-11-30,0,0,weak_score,0.2094822870254739,-0.068003,0.5,0.568053,0.493889,0.0,0.150716,0.0,0,0.055044,0.184116,0.526139
2022-12-01,0,0,weak_score,0.2096674338704122,-0.129108,0.5,0.568407,0.493909,0.0,0.164194,0.0,0,0.055458,0.185252,0.528274
2022-12-02,0,0,weak_score,0.2089204844357148,-0.127555,0.75,0.568131,0.493893,0.0,0.160722,0.0,0,0.058123,0.182513,0.523125
2022-12-05,0,0,weak_score,0.2091229510596078,0.388122,0.75,0.572248,0.494128,0.0,0.164915,0.0,0,0.052502,0.202199,0.560134
2022-12-06,0,0,weak_score,0.2137087105839268,0.506771,0.75,0.571258,0.494072,0.0,0.185553,0.0,0,0.056097,0.196076,0.548622
2022-12-07,0,0,weak_score,0.213080899406973,0.418641,0.75,0.574395,0.494251,0.0,0.187111,0.0,0,0.056,0.208483,0.571948
2022-12-08,0,0,weak_score,0.213664682506306,0.113036,0.5,0.579684,0.494553,0.0,0.207542,0.0,0,0.057107,0.240927,0.588232
2022-12-09,0,0,weak_score,0.2136183124902776,0.038576,0.75,0.58663,0.49495,0.0,0.207497,0.0,1,0.053025,0.292287,0.606757
2022-12-12,0,0,weak_score,0.2120499556781582,-0.013529,0.5,0.586132,0.494922,0.0,0.212811,0.0,1,0.055415,0.286363,0.604644
2022-12-13,0,0,weak_score,0.213436380060345,0.073149,0.5,0.572742,0.494157,0.0,0.212455,0.0,0,0.057328,0.201153,0.558168
2022-12-14,0,0,weak_score,0.2107516187643067,0.079786,0.75,0.569071,0.493947,0.0,0.176788,0.0,0,0.057158,0.186812,0.531207
2022-12-15,0,0,weak_score,0.2141529437433634,0.41987,0.75,0.569831,0.49399,0.0,0.210645,0.0,0,0.057898,0.189344,0.535968
2022-12-16,0,0,weak_score,0.2133169885459273,0.498661,0.75,0.569845,0.493991,0.0,0.211525,0.0,0,0.057912,0.18939,0.536054
2022-12-19,0,0,weak_score,0.2120447736651112,0.482809,0.75,0.570248,0.494014,0.0,0.212628,0.0,0,0.057138,0.191456,0.539937
2022-12-20,0,0,weak_score,0.2127398054293705,0.173038,0.75,0.571495,0.494085,0.0,0.202763,0.0,0,0.058776,0.195349,0.547256
2022-12-21,0,0,weak_score,0.2093884855612635,-0.019333,0.5,0.568653,0.493923,0.0,0.210169,0.0,0,0.057469,0.184974,0.527751
2022-12-22,0,0,weak_score,0.2125810088877864,0.045821,0.75,0.569738,0.493985,0.0,0.207379,0.0,0,0.056055,0.190119,0.537424
2022-12-23,0,0,weak_score,0.2090950290736535,0.003573,0.5,0.569759,0.493986,0.0,0.216521,0.0,0,0.05772,0.189169,0.535637
2022-12-26,0,0,weak_score,0.2104039240617802,0.086167,0.75,0.572101,0.49412,0.0,0.195585,0.0,0,0.05565,0.19967,0.555379
2022-12-27,0,0,weak_score,0.2136024054929217,-0.030994,0.75,0.569098,0.493948,0.0,0.19897,0.0,0,0.057203,0.186891,0.531355
2022-12-28,0,0,weak_score,0.2125403164486999,0.000409,0.75,0.568274,0.493901,0.0,0.200114,0.0,0,0.036079,0.196739,0.54987
2022-12-29,0,0,weak_score,0.2106441336712831,-0.250581,0.5,0.573663,0.494209,0.0,0.158841,0.0,0,0.080119,0.190649,0.53842
2022-12-30,0,0,weak_score,0.2066993737547081,-0.335789,0.75,0.565667,0.493752,0.0,0.146564,0.0,0,0.03864,0.184895,0.527602
2023-01-02,0,0,weak_score,0.2065439755850736,-0.349857,0.75,0.565123,0.493721,0.0,0.146275,0.0,0,0.038692,0.182719,0.523511
2023-01-03,0,0,weak_score,0.2102335300407437,-0.067656,0.75,0.571368,0.494078,0.0,0.158036,0.0,0,0.033122,0.210749,0.576208
2023-01-04,0,0,weak_score,0.2096627015732863,-0.094204,0.5,0.569204,0.493955,0.0,0.140626,0.0,0,0.035342,0.200857,0.55761
2023-01-05,0,0,weak_score,0.2083736850821849,0.046042,0.75,0.56845,0.493911,0.0,0.130676,0.0,0,0.035034,0.198081,0.552391
2023-01-06,0,0,weak_score,0.2040813490027807,-0.200511,0.5,0.571814,0.494104,0.0,0.12975,0.0,0,0.072369,0.188176,0.533771
2023-01-09,0,0,weak_score,0.2115602742025462,-0.149534,0.5,0.568212,0.493898,0.0,0.130546,0.0,0,0.036496,0.196239,0.54893
2023-01-10,0,0,weak_score,0.2033117373130245,-0.248124,0.5,0.573312,0.494189,0.0,0.147098,0.0,0,0.078113,0.190512,0.538163
2023-01-11,0,0,weak_score,0.2032751639263023,-0.050547,0.5,0.57223,0.494127,0.0,0.137921,0.0,0,0.075899,0.187627,0.532739
2023-01-12,0,0,weak_score,0.2004509887530201,0.007488,0.5,0.569689,0.493982,0.0,0.127369,0.0,0,0.071153,0.18057,0.519472
2023-01-13,0,0,weak_score,0.200586022057008,0.074677,0.5,0.569974,0.493998,0.0,0.135451,0.0,0,0.071748,0.18132,0.520882
2023-01-16,0,0,weak_score,0.1996297403381592,0.259363,0.75,0.568497,0.493914,0.0,0.135451,0.0,0,0.069464,0.176923,0.512615
2023-01-17,0,0,weak_score,0.2023017117998444,0.341685,0.5,0.571348,0.494077,0.0,0.11616,0.0,0,0.074944,0.184748,0.527326
2023-01-18,0,0,weak_score,0.2042074596554108,0.505421,0.75,0.576279,0.494359,0.0,0.199072,0.0,0,0.079192,0.201522,0.558861
2023-01-19,0,0,weak_score,0.2081475498787495,0.529272,0.75,0.570739,0.494042,0.0,0.194946,0.0,0,0.035642,0.206713,0.568621
2023-01-20,0,0,weak_score,0.2069636469948457,0.300026,0.5,0.571324,0.494076,0.0,0.228736,0.0,0,0.036047,0.208763,0.572475
2023-01-23,0,0,weak_score,0.2049625175586713,0.074313,0.5,0.591473,0.495227,0.0,0.237514,0.0,1,0.084884,0.291104,0.606335
2023-01-24,0,0,weak_score,0.2054293443316032,0.114036,0.75,0.583109,0.494749,0.0,0.234461,0.0,0,0.084324,0.235109,0.586104
2023-01-25,0,0,weak_score,0.1860375060613778,0.400804,0.75,0.575381,0.494308,0.0,0.232695,0.0,0,0.072099,0.202384,0.560482
2023-01-26,0,0,weak_score,0.1877537530161386,0.443775,0.5,0.574756,0.494272,0.0,0.240202,0.0,0,0.073053,0.199333,0.554746
2023-01-27,0,0,weak_score,0.1857655775031911,0.41119,0.5,0.576723,0.494384,0.0,0.237475,0.0,0,0.075676,0.205447,0.566241
2023-01-30,0,1,ok,0.1975860795769445,0.621373,0.75,0.577119,0.494407,0.023014,0.244078,0.000613,0,0.075811,0.206924,0.569016
2023-01-31,0,1,ok,0.1918755337982003,0.674288,0.5,0.575134,0.494293,0.051512,0.247585,0.000613,0,0.073133,0.200771,0.55745
2023-02-01,0,1,ok,0.1860846238787423,0.615448,0.5,0.575009,0.494286,0.021007,0.174944,0.000613,0,0.073115,0.20029,0.556545
2023-02-02,0,0,weak_score,0.193748379015046,0.315235,0.5,0.579422,0.494538,0.0,0.170836,0.000613,0,0.072248,0.223066,0.581679
2023-02-03,0,1,ok,0.1926284477840759,0.750821,0.75,0.57263,0.49415,0.092453,0.140604,0.000613,0,0.074952,0.189789,0.536802
2023-02-06,0,1,ok,0.1994874466322653,1.091578,0.75,0.575093,0.494291,0.268317,0.126799,0.009438,0,0.073762,0.200218,0.556411
2023-02-07,0,1,ok,0.1986434855108361,1.225483,0.5,0.603407,0.495909,0.327997,0.12649,0.009438,1,0.085077,0.372087,0.634663
2023-02-08,0,1,ok,0.1991661025687056,1.203109,0.75,0.574758,0.494272,0.326375,0.160346,0.009438,0,0.073849,0.198846,0.553831
2023-02-09,0,1,ok,0.2079018270098198,1.175817,0.75,0.571631,0.494093,0.313314,0.153842,0.009438,0,0.026756,0.218845,0.580121
2023-02-10,0,1,ok,0.2077085876850994,1.284342,0.75,0.578836,0.494505,0.367228,0.155679,0.009438,0,0.077462,0.213583,0.578175
2023-02-13,0,1,ok,0.20755586193021,0.925107,0.5,0.571429,0.494082,0.183389,0.143323,0.006262,0,0.027313,0.216892,0.5794
2023-02-14,0,1,ok,0.2002488211114015,0.794837,0.5,0.573958,0.494226,0.11468,0.140883,0.006262,0,0.075384,0.194746,0.546123
2023-02-15,0,1,ok,0.1916388028850044,0.773275,0.5,0.574034,0.494231,0.10345,0.141442,0.006262,0,0.075295,0.195101,0.546789
2023-02-16,0,1,ok,0.195567136814432,1.138893,0.75,0.577374,0.494421,0.292059,0.145643,0.006262,0,0.073479,0.20937,0.573615
2023-02-17,0,1,ok,0.200010520931819,1.246974,0.75,0.576817,0.49439,0.348463,0.149732,0.006262,0,0.072869,0.207556,0.570205
2023-02-20,0,1,ok,0.1993761002933552,1.25874,0.75,0.576812,0.494389,0.354582,0.149434,0.011693,0,0.074822,0.206328,0.567896
2023-02-21,0,1,ok,0.2081592514128858,1.233698,0.75,0.593331,0.495333,0.335856,0.132088,0.011693,1,0.080735,0.308149,0.612386
2023-02-22,0,1,ok,0.1871786235580961,1.144527,0.5,0.591642,0.495237,0.289717,0.111302,0.011693,1,0.085723,0.291357,0.606426
2023-02-23,0,1,ok,0.187149797494505,1.08711,0.5,0.586309,0.494932,0.261694,0.109718,0.011693,1,0.021421,0.323911,0.617938
2023-02-24,0,1,ok,0.1871394049014674,1.073347,0.75,0.580204,0.494583,0.256873,0.103752,0.011693,1,0.084289,0.215553,0.578904
2023-02-27,0,1,ok,0.1884536276449726,1.054774,0.5,0.579423,0.494538,0.247504,0.087423,0.009569,1,0.087029,0.209034,0.572983
2023-02-28,0,1,ok,0.1906598496002351,1.147534,0.75,0.580278,0.494587,0.295488,0.081203,0.009569,1,0.084351,0.215987,0.579065
2023-03-01,0,1,ok,0.1904204762345378,1.097148,0.75,0.578343,0.494477,0.269978,0.075189,0.009569,1,0.085054,0.206009,0.567297
2023-03-02,0,1,ok,0.1923120945045236,1.119338,0.5,0.579215,0.494527,0.281199,0.094058,0.009569,1,0.086593,0.208489,0.571959
2023-03-03,0,1,ok,0.1941908156044638,0.97699,0.5,0.576948,0.494397,0.208024,0.099759,0.009569,0,0.085282,0.200379,0.556713
2023-03-06,0,1,ok,0.1921604580601146,0.926379,0.5,0.591034,0.495202,0.175669,0.100638,0.006255,1,0.017893,0.359867,0.630455
2023-03-07,0,1,ok,0.1897068149250894,1.107664,0.75,0.611372,0.496364,0.262779,0.121674,0.006255,1,0.082616,0.431513,0.65
2023-03-08,0,1,ok,0.1919366931802475,1.215738,0.5,0.576573,0.494376,0.332305,0.120802,0.006255,0,0.078781,0.202931,0.56151
2023-03-09,0,1,ok,0.1886063801897253,1.30351,0.75,0.599737,0.495699,0.370355,0.174225,0.006255,1,0.006245,0.434724,0.65
2023-03-10,0,1,ok,0.1892993535693665,1.144448,0.75,0.616048,0.496631,0.280474,0.232591,0.006255,0,0.0,0.575901,0.65
2023-03-13,0,1,ok,0.1867826658534278,0.874698,0.5,0.632323,0.497561,0.129773,0.234303,0.002812,0,0.0,0.708756,0.65
2023-03-14,0,0,weak_score,0.1852961311449776,0.419389,0.5,0.639033,0.497945,0.0,0.285259,0.002812,0,0.0,0.763532,0.65
2023-03-15,0,0,weak_score,0.1870482837116602,0.206331,0.5,0.641777,0.498102,0.0,0.293935,0.002812,0,0.0,0.785936,0.65
2023-03-16,0,0,weak_score,0.1855363041268407,0.164877,0.5,0.622687,0.497011,0.0,0.324984,0.002812,0,0.0,0.630099,0.65
2023-03-17,0,0,weak_score,0.1854223521577265,0.38042,0.75,0.599632,0.495693,0.0,0.329474,0.002812,1,0.005721,0.43454,0.65
2023-03-20,0,0,weak_score,0.1882309665401812,0.411646,0.5,0.596928,0.495539,0.0,0.341888,0.0,1,0.010495,0.408086,0.646929
2023-03-21,0,0,weak_score,0.1879169094150636,0.537736,0.5,0.584443,0.494825,0.0,0.36407,0.0,1,0.022131,0.31047,0.613206
2023-03-22,0,1,ok,0.1569276293429277,0.645724,0.75,0.596685,0.495525,0.025765,0.387203,0.0,1,0.104532,0.30547,0.611438
2023-03-23,0,1,ok,0.18504617719974,0.585411,0.5,0.584941,0.494854,0.000246,0.372547,0.0,0,0.103357,0.227239,0.583215
2023-03-24,0,1,ok,0.1771993412560498,0.583335,0.5,0.579117,0.494521,0.002196,0.337091,0.0,0,0.096316,0.202076,0.559903
2023-03-27,0,0,weak_score,0.191088151404407,0.509042,0.75,0.578849,0.494506,0.0,0.333543,0.0,0,0.096999,0.200595,0.557119
2023-03-28,0,1,ok,0.1829617838562631,0.669458,0.75,0.578226,0.49447,0.047473,0.308256,0.0,0,0.099292,0.196722,0.549838
2023-03-29,0,1,ok,0.2031503599947978,0.642041,0.5,0.575639,0.494322,0.034506,0.29295,0.0,0,0.100621,0.185718,0.52915
2023-03-30,0,1,ok,0.1853005731478077,0.607753,0.5,0.576599,0.494377,0.016197,0.266401,0.0,0,0.099427,0.190237,0.537646
2023-03-31,0,0,weak_score,0.1931321495645004,0.566451,0.5,0.573056,0.494175,0.0,0.229191,0.0,0,0.09435,0.179443,0.517352
2023-04-03,0,1,ok,0.1951592630107491,0.7628,0.75,0.580167,0.494581,0.095129,0.226009,0.0026,0,0.098877,0.204621,0.564688
2023-04-04,0,1,ok,0.2041635042045244,0.803122,0.75,0.575823,0.494333,0.118128,0.213322,0.0026,0,0.098425,0.187806,0.533075
2023-04-05,0,1,ok,0.213987044272162,0.845768,0.75,0.566656,0.493809,0.144367,0.141819,0.0026,0,0.059122,0.17609,0.511049
2023-04-06,0,1,ok,0.2281867006926304,0.651951,0.5,0.567581,0.493862,0.04366,0.13801,0.0026,0,0.060745,0.178725,0.516003
2023-04-07,0,0,weak_score,0.2164622914582624,0.561554,0.75,0.56723,0.493842,0.0,0.137637,0.0026,0,0.060559,0.177458,0.513622
2023-04-10,0,0,weak_score,0.2147751014236284,0.542911,0.75,0.567633,0.493865,0.0,0.131225,0.0,0,0.057538,0.180916,0.520122
2023-04-11,0,1,ok,0.2003993731377,0.718677,0.75,0.577441,0.494425,0.073462,0.130267,0.0,0,0.102037,0.191934,0.540836
2023-04-12,0,1,ok,0.1932599834428849,0.810707,0.75,0.577504,0.494429,0.121302,0.113653,0.0,0,0.103729,0.191132,0.539328
2023-04-13,0,1,ok,0.236216371384996,0.64698,0.5,0.568043,0.493888,0.040859,0.138645,0.0,0,0.058088,0.182189,0.522516
2023-04-14,0,1,ok,0.2228433195634925,0.618477,0.75,0.567614,0.493864,0.026322,0.133426,0.0,0,0.060152,0.179219,0.516932
2023-04-17,0,1,ok,0.2191804726237002,0.603661,0.5,0.565368,0.493735,0.019794,0.140356,0.00116,0,0.06148,0.169557,0.498768
2023-04-18,0,1,ok,0.2062169881636589,0.790977,0.75,0.567603,0.493863,0.115594,0.118967,0.00116,0,0.058738,0.180054,0.518502
2023-04-19,0,1,ok,0.1925867991131679,0.778449,0.75,0.569805,0.493989,0.108095,0.106781,0.00116,0,0.110664,0.156537,0.474289
2023-04-20,0,1,ok,0.1957867692496593,0.803042,0.75,0.571655,0.494095,0.119993,0.131522,0.00116,0,0.110253,0.164069,0.48845
2023-04-21,0,1,ok,0.1934222410494373,0.771353,0.5,0.567843,0.493877,0.105328,0.130904,0.00116,0,0.108812,0.149961,0.461928
2023-04-24,0,1,ok,0.19946050237558,0.747696,0.75,0.572058,0.494118,0.091101,0.125074,0.005425,0,0.113118,0.16388,0.488095
2023-04-25,0,1,ok,0.1999129343727644,0.780309,0.75,0.577824,0.494447,0.105342,0.184426,0.005425,0,0.113372,0.186414,0.530458
2023-04-26,0,1,ok,0.2001460936515511,0.665446,0.5,0.579615,0.494549,0.044695,0.181919,0.005425,0,0.124889,0.186323,0.530287
2023-04-27,0,0,weak_score,0.1995626714543427,0.417691,0.5,0.573128,0.494179,0.0,0.212475,0.005425,0,0.114699,0.167111,0.494168
2023-04-28,0,0,weak_score,0.1966839807612697,0.257018,0.5,0.574512,0.494258,0.0,0.21202,0.005425,0,0.110724,0.175023,0.509043
2023-05-01,0,0,weak_score,0.1933551742777236,0.404472,0.75,0.569527,0.493973,0.0,0.213898,0.0,0,0.109276,0.1563,0.473843
2023-05-02,0,1,ok,0.1998359891941779,0.689185,0.75,0.573291,0.494188,0.060151,0.246547,0.0,0,0.107269,0.172358,0.504032
2023-05-03,0,1,ok,0.1977924676156084,0.755141,0.75,0.572097,0.49412,0.094944,0.251325,0.0,0,0.105207,0.168938,0.497604
2023-05-04,0,1,ok,0.1990822076767809,0.687812,0.5,0.580427,0.494596,0.055942,0.248544,0.0,0,0.117491,0.194105,0.544917
2023-05-05,0,0,weak_score,0.197553089976489,0.436229,0.75,0.572048,0.494117,0.0,0.282398,0.0,0,0.108468,0.166724,0.493441
2023-05-08,0,0,weak_score,0.1958446344782305,0.42114,0.75,0.568012,0.493886,0.0,0.284756,0.0,0,0.104048,0.153579,0.468729
2023-05-09,0,0,weak_score,0.1970420577639055,0.505173,0.5,0.574604,0.494263,0.0,0.248269,0.0,0,0.11494,0.17277,0.504808
2023-05-10,0,1,ok,0.1948063512075078,0.611011,0.75,0.568182,0.493896,0.02217,0.249329,0.0,0,0.105288,0.153478,0.468539
2023-05-11,0,1,ok,0.1971457121985699,0.583384,0.75,0.568717,0.493927,0.007595,0.209847,0.0,0,0.105477,0.155467,0.472279
2023-05-12,0,0,weak_score,0.1979960534846468,0.55491,0.5,0.570066,0.494004,0.0,0.211783,0.0,0,0.108546,0.158876,0.478686
2023-05-15,0,1,ok,0.2001803585779175,0.625516,0.75,0.568669,0.493924,0.029434,0.20463,0.001464,0,0.107325,0.154134,0.469772
2023-05-16,0,1,ok,0.1966963655881339,0.669356,0.5,0.570843,0.494048,0.051065,0.162443,0.001464,0,0.106837,0.162993,0.486427
2023-05-17,0,1,ok,0.1970501699964256,0.571388,0.5,0.569938,0.493996,0.000751,0.156665,0.001464,0,0.086114,0.172273,0.503874
2023-05-18,0,0,weak_score,0.1917555228437726,0.534121,0.5,0.568253,0.4939,0.0,0.156085,0.001464,0,0.085405,0.166085,0.492239
2023-05-19,0,1,ok,0.1941894848459683,0.670144,0.75,0.567828,0.493876,0.052954,0.120238,0.001464,0,0.083744,0.165441,0.491028
2023-05-22,0,1,ok,0.1995002518445113,0.873103,0.5,0.567816,0.493875,0.158001,0.119029,0.009709,0,0.086629,0.163605,0.487577
2023-05-23,0,1,ok,0.2005763438462578,1.185026,0.75,0.583852,0.494792,0.313741,0.141351,0.009709,1,0.086305,0.238016,0.587168
2023-05-24,0,1,ok,0.2072204680775934,1.200249,0.75,0.573497,0.4942,0.325332,0.143578,0.009709,1,0.031806,0.226065,0.582783
2023-05-25,0,1,ok,0.2078168366361137,1.01118,0.5,0.571559,0.494089,0.227967,0.151062,0.009709,0,0.031215,0.213624,0.578191
2023-05-26,0,1,ok,0.2195422179772228,0.758381,0.5,0.565556,0.493746,0.09968,0.155232,0.009709,0,0.040495,0.183304,0.524612
2023-05-29,0,1,ok,0.2027931240359524,0.834697,0.75,0.569103,0.493949,0.137549,0.156747,0.007633,0,0.081096,0.1721,0.503549
2023-05-30,0,1,ok,0.2033291511816777,1.076553,0.5,0.569497,0.493971,0.262655,0.163396,0.007633,0,0.083236,0.172322,0.503966
2023-05-31,0,1,ok,0.2097263654679437,1.314081,0.75,0.563101,0.493606,0.387723,0.161204,0.007633,0,0.042084,0.172658,0.504597
2023-06-01,0,1,ok,0.198309215926755,1.172999,0.5,0.570048,0.494003,0.312417,0.143303,0.007633,0,0.08435,0.173803,0.50675
2023-06-02,0,1,ok,0.2044418562439688,1.164775,0.5,0.567608,0.493863,0.30903,0.182121,0.007633,0,0.084071,0.164372,0.489019
2023-06-05,0,1,ok,0.1983437878470298,1.17503,0.5,0.569242,0.493957,0.313757,0.183188,0.016341,0,0.081636,0.172311,0.503945
2023-06-06,0,1,ok,0.1977259586005366,1.351924,0.75,0.569902,0.493994,0.405172,0.163897,0.016341,0,0.083922,0.173491,0.506163
2023-06-07,0,1,ok,0.1964110694001351,1.583528,0.75,0.573935,0.494225,0.524174,0.157226,0.016341,0,0.086422,0.187813,0.533088
2023-06-08,0,1,ok,0.191261294072564,1.47995,0.5,0.570414,0.494024,0.471363,0.146658,0.016341,0,0.082441,0.176427,0.511683
2023-06-09,0,1,ok,0.196343863376643,1.446963,0.5,0.569676,0.493981,0.454477,0.140143,0.016341,0,0.08899,0.16946,0.498584
2023-06-12,0,1,ok,0.1927069031334848,1.168727,0.5,0.568463,0.493912,0.31077,0.142041,0.017934,0,0.079691,0.170453,0.500451
2023-06-13,0,1,ok,0.1942506556891697,1.300162,0.5,0.569264,0.493958,0.378559,0.138632,0.017934,0,0.080373,0.173181,0.50558
2023-06-14,0,1,ok,0.1879431078789271,1.360309,0.5,0.575133,0.494293,0.407912,0.119249,0.017934,0,0.147935,0.154402,0.470275
2023-06-15,0,1,ok,0.1877974770899521,1.455857,0.5,0.576351,0.494363,0.457207,0.119193,0.017934,0,0.152027,0.156657,0.474516
2023-06-16,0,1,ok,0.1878172997452871,1.586501,0.75,0.576276,0.494359,0.52514,0.074657,0.017934,0,0.158064,0.152622,0.466929
2023-06-19,0,1,ok,0.187763040267672,1.634318,0.75,0.574694,0.494268,0.550367,0.071948,0.037819,0,0.156833,0.147157,0.456656
2023-06-20,0,1,ok,0.187819951474454,1.735453,0.75,0.575347,0.494306,0.602761,0.091394,0.037819,0,0.154629,0.151093,0.464055
2023-06-21,0,1,ok,0.1878792317555777,1.736182,0.75,0.576295,0.49436,0.602944,0.101683,0.037819,0,0.155556,0.15425,0.469989
2023-06-22,0,1,ok,0.187753701780591,1.576846,0.5,0.576729,0.494385,0.520008,0.107351,0.037819,0,0.155395,0.156059,0.47339
2023-06-23,0,1,ok,0.1878624356533569,1.586921,0.75,0.577603,0.494434,0.525031,0.127628,0.037819,0,0.155598,0.15937,0.479615
2023-06-26,0,1,ok,0.1874089874145347,1.547688,0.75,0.581832,0.494676,0.50353,0.127122,0.028772,0,0.165259,0.170028,0.499652
2023-06-27,0,1,ok,0.1875918676540439,1.504821,0.5,0.579168,0.494524,0.481902,0.129692,0.028772,0,0.160207,0.162674,0.485827
2023-06-28,0,1,ok,0.1875540205380503,1.454816,0.5,0.580461,0.494598,0.455503,0.130708,0.028772,0,0.158814,0.168627,0.497018
2023-06-29,0,1,ok,0.1875365308405964,1.435298,0.75,0.575726,0.494327,0.446699,0.148591,0.028772,0,0.153898,0.153038,0.467711
2023-06-30,0,1,ok,0.1876128863380362,1.490338,0.5,0.577561,0.494432,0.474801,0.155847,0.028772,0,0.147135,0.164453,0.489172
2023-07-03,0,1,ok,0.187669968612866,1.539913,0.5,0.576615,0.494378,0.500835,0.157687,0.026988,0,0.156239,0.155087,0.471564
2023-07-04,0,1,ok,0.1876662928447645,1.554288,0.75,0.575163,0.494295,0.50868,0.149376,0.026988,0,0.14716,0.154998,0.471396
2023-07-05,0,1,ok,0.1874391537788838,1.725925,0.75,0.577337,0.494419,0.597394,0.140818,0.026988,0,0.148793,0.162545,0.485584
2023-07-06,0,1,ok,0.1875352045208547,1.833695,0.75,0.585293,0.494874,0.652007,0.137707,0.026988,0,0.165972,0.183206,0.524427
2023-07-07,0,1,ok,0.1873769763943677,1.903278,0.75,0.586004,0.494915,0.688232,0.115652,0.026988,0,0.169263,0.183964,0.525851
2023-07-10,0,1,ok,0.1873780823222213,1.942367,0.75,0.588645,0.495065,0.708253,0.107016,0.041664,0,0.171539,0.192944,0.542735
2023-07-11,0,1,ok,0.1874784779106674,1.885431,0.5,0.588111,0.495035,0.678554,0.089794,0.041664,0,0.175448,0.18842,0.53423
2023-07-12,0,1,ok,0.1823206685165381,1.776109,0.5,0.578665,0.494495,0.623235,0.08669,0.041664,0,0.193038,0.140343,0.443846
2023-07-13,0,1,ok,0.170796453221836,1.66917,0.5,0.588351,0.495049,0.565386,0.062139,0.041664,0,0.219315,0.162175,0.48489
2023-07-14,0,1,ok,0.1928031597043282,1.712017,0.75,0.581691,0.494668,0.589231,0.046936,0.041664,0,0.193904,0.151715,0.465224
2023-07-17,0,1,ok,0.1932834274640919,1.758007,0.5,0.582722,0.494727,0.612997,0.037879,0.045734,0,0.19536,0.15487,0.471155
2023-07-18,0,1,ok,0.1978724507356695,1.836707,0.5,0.582994,0.494743,0.653995,0.047016,0.045734,0,0.193477,0.157109,0.475364
2023-07-19,0,1,ok,0.1955719855244182,1.8508,0.75,0.57647,0.49437,0.662496,0.048176,0.045734,0,0.182064,0.138506,0.440392
2023-07-20,0,1,ok,0.213749487287839,2.101891,0.75,0.571473,0.494084,0.793568,0.047896,0.045734,0,0.151326,0.137896,0.439244
2023-07-21,0,1,ok,0.1999570371703262,2.141582,0.75,0.580432,0.494596,0.813282,0.047475,0.045734,0,0.194002,0.146703,0.455801
2023-07-24,0,1,ok,0.2060251587703803,2.051287,0.5,0.574899,0.49428,0.766914,0.049805,0.056549,0,0.155161,0.149003,0.460125
2023-07-25,0,1,ok,0.216372686585967,1.75562,0.5,0.572236,0.494128,0.613864,0.050526,0.056549,0,0.148101,0.142895,0.448643
2023-07-26,0,1,ok,0.2221682520864203,1.74852,0.75,0.571545,0.494088,0.61032,0.053776,0.056549,0,0.153241,0.136991,0.437543
2023-07-27,0,1,ok,0.2238089328879843,1.821803,0.75,0.579855,0.494563,0.646799,0.053292,0.056549,0,0.168395,0.160303,0.48137
2023-07-28,0,1,ok,0.211742737249181,1.767872,0.5,0.570528,0.49403,0.620555,0.056513,0.056549,0,0.160009,0.128794,0.422133
2023-07-31,0,1,ok,0.2087360422470184,1.795657,0.75,0.570984,0.494056,0.634869,0.057276,0.046324,0,0.155535,0.133361,0.430719
2023-08-01,0,1,ok,0.2138060560098704,1.832094,0.75,0.571446,0.494083,0.653675,0.053139,0.046324,0,0.149406,0.138979,0.441281
2023-08-02,0,1,ok,0.2375994933230222,2.185907,0.75,0.58721,0.494983,0.835793,0.088077,0.046324,0,0.172657,0.186607,0.530822
2023-08-03,0,1,ok,0.2386121755914099,2.18505,0.75,0.588183,0.495039,0.835261,0.089809,0.046324,0,0.178185,0.187007,0.531573
2023-08-04,0,1,ok,0.2485408628148581,2.168844,0.75,0.597819,0.49559,0.825907,0.123816,0.046324,1,0.186271,0.226019,0.582767
2023-08-07,0,1,ok,0.2426403654082544,1.88464,0.5,0.586198,0.494926,0.678462,0.133022,0.03755,0,0.173754,0.181942,0.522052
2023-08-08,0,1,ok,0.253282045041974,1.905048,0.75,0.59032,0.495161,0.688455,0.138852,0.03755,0,0.17964,0.194516,0.545689
2023-08-09,0,1,ok,0.1900160419326225,1.92865,0.75,0.591108,0.495206,0.70069,0.142157,0.03755,0,0.208586,0.179676,0.51779
2023-08-10,0,1,ok,0.1937984898335712,1.969418,0.5,0.59092,0.495195,0.722075,0.148052,0.03755,0,0.21202,0.176807,0.512397
2023-08-11,0,1,ok,0.2108000314318167,1.958725,0.75,0.567587,0.493862,0.719897,0.145475,0.03755,0,0.13657,0.131749,0.427688
2023-08-14,0,1,ok,0.1992212972188934,1.775465,0.5,0.573803,0.494217,0.623852,0.151434,0.034491,0,0.161953,0.140476,0.444095
2023-08-15,0,1,ok,0.190456248946421,1.886193,0.75,0.590975,0.495199,0.678471,0.156509,0.034491,0,0.213897,0.175861,0.51062
2023-08-16,0,1,ok,0.1919708416402724,1.914009,0.75,0.592188,0.495268,0.692847,0.146625,0.034491,0,0.218776,0.177611,0.513909
2023-08-17,0,1,ok,0.2014168151274304,2.074266,0.75,0.591875,0.49525,0.776883,0.145766,0.034491,0,0.214366,0.179114,0.516733
2023-08-18,0,1,ok,0.2032802518007184,1.92315,0.75,0.596437,0.495511,0.696963,0.125386,0.034491,0,0.223563,0.191364,0.539765
2023-08-21,0,1,ok,0.1825846951248362,1.666217,0.5,0.615671,0.49661,0.557517,0.12933,0.016605,1,0.241577,0.287844,0.605173
2023-08-22,0,1,ok,0.2010700628270474,1.603176,0.75,0.614106,0.49652,0.524457,0.121076,0.016605,1,0.276038,0.240524,0.588085
2023-08-23,0,1,ok,0.1818850780977119,1.492729,0.5,0.593047,0.495317,0.47179,0.114111,0.016605,0,0.222177,0.178884,0.516302
2023-08-24,0,1,ok,0.2072875527718379,1.82032,0.75,0.589286,0.495102,0.64428,0.116381,0.016605,0,0.177341,0.191873,0.540721
2023-08-25,0,1,ok,0.21255360339495,1.715797,0.5,0.572397,0.494137,0.593172,0.120359,0.016605,0,0.142217,0.147179,0.456696
2023-08-28,0,1,ok,0.218616082680368,1.787482,0.5,0.575652,0.494323,0.629736,0.11506,0.038029,0,0.148479,0.156105,0.473478
2023-08-29,0,1,ok,0.2132999355302541,1.426909,0.5,0.568994,0.493943,0.444284,0.11102,0.038029,0,0.132837,0.1396,0.442449
2023-08-30,0,1,ok,0.2146287842832697,1.485349,0.5,0.577152,0.494409,0.472319,0.109918,0.038029,0,0.146242,0.163397,0.487187
2023-08-31,0,1,ok,0.1857288423824719,1.555802,0.5,0.581283,0.494645,0.507901,0.103833,0.038029,0,0.180038,0.158707,0.478369
2023-09-01,0,1,ok,0.2043210866056848,1.796482,0.75,0.574717,0.49427,0.63459,0.106389,0.038029,0,0.16884,0.139806,0.442836
2023-09-04,0,1,ok,0.1888806444553058,1.870824,0.75,0.572462,0.494141,0.673586,0.090507,0.044118,0,0.162865,0.134633,0.433111
2023-09-05,0,1,ok,0.210699996284579,1.898296,0.5,0.569019,0.493944,0.688395,0.086747,0.044118,0,0.133682,0.139174,0.441647
2023-09-06,0,1,ok,0.2134825560063912,1.974657,0.75,0.573522,0.494201,0.727304,0.091967,0.044118,0,0.138752,0.153753,0.469057
2023-09-07,0,1,ok,0.212894648677023,2.016227,0.75,0.571273,0.494073,0.749175,0.081864,0.044118,0,0.138847,0.144843,0.452304
2023-09-08,0,1,ok,0.2243092383149852,1.984578,0.5,0.572296,0.494131,0.732624,0.076694,0.044118,0,0.142041,0.146888,0.45615
2023-09-11,0,1,ok,0.2206186816732888,1.764231,0.5,0.570408,0.494023,0.618692,0.083855,0.041636,0,0.136601,0.142831,0.448523
2023-09-12,0,1,ok,0.2179371197295574,1.785881,0.75,0.569175,0.493953,0.630148,0.087703,0.041636,0,0.13726,0.137572,0.438635
2023-09-13,0,1,ok,0.2249686803574009,1.750933,0.5,0.563857,0.493649,0.613114,0.084847,0.041636,0,0.135169,0.117936,0.40172
2023-09-14,0,1,ok,0.2171790911954548,1.781915,0.5,0.560506,0.493457,0.629756,0.098757,0.041636,0,0.126795,0.109939,0.386685
2023-09-15,0,1,ok,0.2155494383293585,1.852875,0.75,0.57687,0.494393,0.663505,0.103535,0.041636,0,0.146842,0.161912,0.484395
2023-09-18,0,1,ok,0.2276035968772723,1.875762,0.5,0.579127,0.494522,0.675024,0.103555,0.041558,0,0.156769,0.164642,0.489526
2023-09-19,0,1,ok,0.2212155484176771,1.950472,0.75,0.579806,0.49456,0.713816,0.10352,0.041558,0,0.159377,0.165697,0.491511
2023-09-20,0,1,ok,0.22025510988048,1.89973,0.75,0.584457,0.494826,0.686632,0.110038,0.041558,0,0.156116,0.186026,0.529728
2023-09-21,0,1,ok,0.2252814570444114,2.07276,0.75,0.590513,0.495172,0.776254,0.114454,0.041558,0,0.162943,0.205625,0.566575
2023-09-22,0,1,ok,0.2353822461879511,2.026907,0.75,0.5946,0.495406,0.751709,0.116309,0.041558,1,0.166747,0.225047,0.582409
2023-09-25,0,1,ok,0.2390792031192286,1.845594,0.5,0.589992,0.495142,0.657381,0.125154,0.021967,0,0.163527,0.203214,0.562042
2023-09-26,0,1,ok,0.2353435654139836,1.810195,0.75,0.590107,0.495149,0.638825,0.139199,0.021967,0,0.159125,0.206393,0.568019
2023-09-27,0,1,ok,0.2423980991066723,1.813254,0.5,0.591473,0.495227,0.640169,0.143393,0.021967,1,0.167881,0.206345,0.567928
2023-09-28,0,1,ok,0.2525918837073619,1.80739,0.5,0.591751,0.495243,0.637044,0.128557,0.021967,1,0.167634,0.20759,0.57027
2023-09-29,0,1,ok,0.228559919122997,1.712363,0.5,0.592916,0.49531,0.586994,0.122961,0.021967,1,0.16934,0.211119,0.576903
2023-10-02,0,1,ok,0.2522166660032751,1.691039,0.5,0.62514,0.497151,0.568522,0.132866,0.016099,1,0.274473,0.316951,0.615492
2023-10-03,0,1,ok,0.2447505446858023,1.930225,0.75,0.589201,0.495097,0.701813,0.133213,0.016099,0,0.164457,0.199524,0.555106
2023-10-04,0,1,ok,0.2294377980395873,1.797952,0.5,0.596346,0.495505,0.631211,0.128233,0.016099,1,0.195195,0.208589,0.572148
2023-10-05,0,1,ok,0.2262154371665157,1.872881,0.75,0.596577,0.495519,0.670531,0.120708,0.016099,1,0.195887,0.209069,0.573051
2023-10-06,0,1,ok,0.2196065192902551,1.573464,0.5,0.60876,0.496215,0.510091,0.144997,0.016099,1,0.272864,0.209303,0.573489
2023-10-09,0,1,ok,0.2205596026088567,1.644175,0.5,0.595965,0.495484,0.550521,0.13977,0.0173,1,0.19368,0.20803,0.571096
2023-10-10,0,1,ok,0.2185018503964593,1.596073,0.5,0.594893,0.495422,0.525525,0.115644,0.0173,1,0.194146,0.203521,0.56262
2023-10-11,0,1,ok,0.2150115115292502,1.665088,0.5,0.59643,0.49551,0.561397,0.116342,0.0173,1,0.193185,0.210165,0.57511
2023-10-12,0,1,ok,0.2227980445889807,1.753564,0.75,0.608876,0.496221,0.605295,0.116528,0.0173,1,0.261967,0.220188,0.580617
2023-10-13,0,1,ok,0.2250354091542461,1.85779,0.75,0.607793,0.49616,0.660603,0.13403,0.0173,1,0.208859,0.269382,0.598553
2023-10-16,0,1,ok,0.2277891242520779,1.796386,0.5,0.594702,0.495412,0.630706,0.151462,0.019338,1,0.204521,0.196341,0.54912
2023-10-17,0,1,ok,0.2247946322772556,1.797344,0.75,0.598168,0.49561,0.630537,0.15057,0.019338,1,0.207717,0.208,0.57104
2023-10-18,0,1,ok,0.2186638068535059,1.849163,0.75,0.598067,0.495604,0.657802,0.162483,0.019338,1,0.198831,0.214355,0.578461
2023-10-19,0,1,ok,0.224886742476854,2.043245,0.75,0.593153,0.495323,0.760466,0.163296,0.019338,0,0.19247,0.197712,0.551699
2023-10-20,0,1,ok,0.2224745016116068,2.095818,0.75,0.595161,0.495438,0.787813,0.168497,0.019338,1,0.190781,0.206661,0.568523
2023-10-23,0,1,ok,0.2293709624451668,1.891837,0.5,0.613951,0.496511,0.677547,0.168825,0.018411,1,0.219998,0.299227,0.609225
2023-10-24,0,1,ok,0.229074250922988,1.696904,0.5,0.597433,0.495568,0.577888,0.166946,0.018411,1,0.208552,0.20459,0.56463
2023-10-25,0,1,ok,0.23146490413476,1.785532,0.75,0.59699,0.495542,0.624559,0.168097,0.018411,1,0.206003,0.204425,0.564319
2023-10-26,0,1,ok,0.2251313597580294,1.982877,0.75,0.596452,0.495512,0.728337,0.187082,0.018411,1,0.194082,0.209699,0.574234
2023-10-27,0,1,ok,0.2283737439237073,1.996001,0.5,0.604282,0.495959,0.734138,0.182893,0.018411,1,0.203946,0.250864,0.591853
2023-10-30,0,1,ok,0.2261307723909299,1.631546,0.5,0.598136,0.495608,0.543367,0.179712,0.015355,1,0.205281,0.209384,0.573642
2023-10-31,0,1,ok,0.2217057830503144,1.417868,0.5,0.592919,0.49531,0.432572,0.176198,0.015355,1,0.198007,0.193362,0.543521
2023-11-01,0,1,ok,0.2107705592232106,1.303332,0.5,0.585944,0.494911,0.3748,0.174719,0.015355,0,0.176847,0.179028,0.516572
2023-11-02,0,1,ok,0.2079087685764011,1.279646,0.5,0.580274,0.494587,0.364308,0.191659,0.015355,0,0.170154,0.16086,0.482416
2023-11-03,0,1,ok,0.2080158342961456,1.288493,0.5,0.580118,0.494578,0.368968,0.167061,0.015355,0,0.164819,0.163553,0.487479
2023-11-06,0,1,ok,0.2130113211599006,1.489539,0.5,0.576063,0.494346,0.474795,0.165704,0.025142,0,0.157152,0.15235,0.466417
2023-11-07,0,1,ok,0.2134503597350828,1.603686,0.5,0.574915,0.494281,0.534403,0.165835,0.025142,0,0.156864,0.148007,0.458253
2023-11-08,0,1,ok,0.2058461985678589,1.657784,0.5,0.588416,0.495052,0.559414,0.163801,0.025142,0,0.183291,0.18476,0.527348
2023-11-09,0,1,ok,0.1985271948541353,1.738669,0.75,0.590379,0.495165,0.601318,0.113395,0.025142,0,0.188757,0.189097,0.535503
2023-11-10,0,1,ok,0.2039751893723341,1.629756,0.5,0.598036,0.495602,0.542449,0.111671,0.025142,0,0.209484,0.206386,0.568006
2023-11-13,0,1,ok,0.1951429417416418,1.690738,0.75,0.586887,0.494965,0.576992,0.100651,0.034791,0,0.177976,0.182039,0.522233
2023-11-14,0,1,ok,0.2032011576252272,1.457548,0.5,0.581442,0.494654,0.456648,0.097967,0.034791,0,0.178066,0.160552,0.481838
2023-11-15,0,1,ok,0.1903080128011554,1.702409,0.5,0.579383,0.494536,0.584722,0.099897,0.034791,0,0.170281,0.157277,0.475682
2023-11-16,0,1,ok,0.1936660569638846,1.669135,0.5,0.592677,0.495296,0.564381,0.102008,0.034791,0,0.194573,0.194536,0.545728
2023-11-17,0,1,ok,0.1904130181522392,1.860321,0.75,0.581365,0.494649,0.666596,0.102307,0.034791,0,0.175834,0.161636,0.483875
2023-11-20,0,1,ok,0.1956837275187617,1.720737,0.5,0.588103,0.495034,0.592414,0.100366,0.035584,0,0.180205,0.185441,0.52863
2023-11-21,0,1,ok,0.1904441793036143,1.79058,0.75,0.58049,0.494599,0.630416,0.102045,0.035584,0,0.170688,0.16138,0.483394
2023-11-22,0,1,ok,0.1905473474666363,1.755124,0.5,0.572176,0.494124,0.613618,0.097444,0.035584,0,0.157868,0.136608,0.436823
2023-11-23,0,1,ok,0.1915908190329582,1.868208,0.75,0.570774,0.494044,0.672515,0.098724,0.035584,0,0.152766,0.13425,0.43239
2023-11-24,0,1,ok,0.1915078541595625,1.850837,0.75,0.56924,0.493957,0.663778,0.078088,0.035584,0,0.158203,0.124846,0.41471
2023-11-27,0,1,ok,0.1891770347591928,1.893053,0.75,0.569988,0.493999,0.685522,0.096609,0.044502,0,0.15792,0.127964,0.420573
2023-11-28,0,1,ok,0.1907561596034835,1.858993,0.5,0.569498,0.493971,0.667958,0.097671,0.044502,0,0.164886,0.121719,0.408831
2023-11-29,0,1,ok,0.184702522037869,1.847412,0.75,0.573664,0.494209,0.661229,0.08609,0.044502,0,0.179863,0.12883,0.4222
2023-11-30,0,1,ok,0.1873528041690167,1.874817,0.75,0.575761,0.494329,0.675101,0.094104,0.044502,0,0.187487,0.132356,0.428829
2023-12-01,0,1,ok,0.186127135145763,1.904829,0.5,0.57283,0.494162,0.691168,0.09603,0.044502,0,0.170311,0.131466,0.427157
2023-12-04,0,1,ok,0.1907442466411117,2.007982,0.75,0.579553,0.494546,0.7438,0.089636,0.047594,0,0.195805,0.142123,0.447192
2023-12-05,0,1,ok,0.1892038434819118,1.937845,0.5,0.571651,0.494094,0.708479,0.0945,0.047594,0,0.161818,0.132092,0.428333
2023-12-06,0,1,ok,0.1878807908854886,1.975676,0.75,0.578211,0.494469,0.727169,0.094757,0.047594,0,0.178957,0.147287,0.4569
2023-12-07,0,1,ok,0.1865866926813916,1.72896,0.5,0.570106,0.494006,0.600476,0.111358,0.047594,0,0.171908,0.119758,0.405145
2023-12-08,0,1,ok,0.1903901094504885,1.74987,0.5,0.574026,0.49423,0.610519,0.122626,0.047594,0,0.192409,0.122478,0.410258
2023-12-11,0,1,ok,0.1878316946108731,1.699603,0.5,0.575271,0.494301,0.584151,0.115135,0.035318,0,0.189178,0.12938,0.423234
2023-12-12,0,1,ok,0.1863993547253118,1.817804,0.5,0.566734,0.493813,0.647128,0.113722,0.035318,0,0.160271,0.113701,0.393758
2023-12-13,0,1,ok,0.1861652809853266,1.809058,0.5,0.574796,0.494274,0.641107,0.108175,0.035318,0,0.183641,0.130943,0.426174
2023-12-14,0,1,ok,0.1868985556741683,1.94134,0.75,0.57305,0.494174,0.710081,0.104386,0.035318,0,0.170815,0.132021,0.428199
2023-12-15,0,1,ok,0.1848120387723423,2.013007,0.5,0.569926,0.493996,0.747682,0.102648,0.035318,0,0.160266,0.126264,0.417377
2023-12-18,0,1,ok,0.1880224253182841,2.082225,0.5,0.567625,0.493864,0.783802,0.10901,0.049539,0,0.169453,0.111518,0.389653
2023-12-19,0,1,ok,0.1859414718541971,2.028869,0.5,0.565676,0.493753,0.756436,0.098767,0.049539,0,0.16369,0.107419,0.381948
2023-12-20,0,1,ok,0.187405284668196,2.191517,0.75,0.58953,0.495116,0.83853,0.139558,0.049539,0,0.222033,0.165131,0.490446
2023-12-21,0,1,ok,0.1915727391528653,2.158993,0.5,0.595216,0.495441,0.820973,0.143072,0.049539,0,0.254032,0.167676,0.49523
2023-12-22,0,1,ok,0.186389510200007,2.203854,0.5,0.586943,0.494968,0.845197,0.134079,0.049539,0,0.222529,0.154642,0.470728
2023-12-25,0,1,ok,0.186442730189601,2.09768,0.75,0.586689,0.494954,0.789726,0.132953,0.02618,0,0.222418,0.153711,0.468976
2023-12-26,0,1,ok,0.186335957395275,2.170476,0.5,0.585968,0.494912,0.827838,0.133373,0.02618,0,0.222668,0.150718,0.463351
2023-12-27,0,1,ok,0.1976311821449624,2.167779,0.5,0.564626,0.493693,0.828343,0.13696,0.02618,0,0.144431,0.115224,0.396622
2023-12-28,0,1,ok,0.2065416359640119,2.181497,0.75,0.567588,0.493862,0.835178,0.135012,0.02618,0,0.15221,0.122058,0.409469
2023-12-29,0,1,ok,0.1986221458482781,2.252966,0.75,0.567029,0.49383,0.8722,0.13488,0.02618,0,0.150885,0.120681,0.40688
2024-01-01,0,1,ok,0.200753155291108,2.258012,0.75,0.566906,0.493823,0.874818,0.129136,0.05249,0,0.15104,0.120099,0.405786
2024-01-02,0,1,ok,0.2140557967833581,2.37451,0.75,0.589448,0.495111,0.934318,0.127584,0.05249,0,0.198634,0.179312,0.517106
2024-01-03,0,1,ok,0.2114165551196726,2.336623,0.75,0.583236,0.494756,0.914764,0.092185,0.05249,0,0.183324,0.164354,0.488985
2024-01-04,0,1,ok,0.2191805486657185,2.291338,0.75,0.590007,0.495143,0.890753,0.071754,0.05249,0,0.203659,0.178398,0.515389
2024-01-05,0,1,ok,0.2108090654731624,2.066424,0.5,0.584487,0.494828,0.77365,0.074666,0.05249,0,0.194547,0.162319,0.48516
2024-01-08,0,1,ok,0.2001458396822784,1.811539,0.5,0.577542,0.494431,0.641885,0.093499,0.040912,0,0.182798,0.142272,0.447471
2024-01-09,0,1,ok,0.2054444203540445,1.810124,0.5,0.574192,0.49424,0.641773,0.093038,0.040912,0,0.172609,0.135406,0.434563
2024-01-10,0,1,ok,0.2168731468061768,1.792922,0.5,0.578327,0.494476,0.632051,0.093883,0.040912,0,0.172251,0.151899,0.46557
2024-01-11,0,1,ok,0.2124470033806092,1.977733,0.5,0.594754,0.495414,0.725879,0.099397,0.040912,0,0.211405,0.192276,0.541479
2024-01-12,0,1,ok,0.2223032994796,1.958901,0.75,0.595075,0.495433,0.715947,0.100413,0.040912,1,0.221678,0.187174,0.531888
2024-01-15,0,1,ok,0.222703083048609,1.99817,0.75,0.565506,0.493743,0.740588,0.100413,0.048316,0,0.140411,0.121179,0.407817
2024-01-16,0,1,ok,0.2286839027530493,2.011224,0.75,0.591025,0.495201,0.743959,0.100875,0.048316,0,0.215135,0.175289,0.509543
2024-01-17,0,1,ok,0.219970676773114,2.067389,0.75,0.591345,0.49522,0.773342,0.08345,0.048316,0,0.214139,0.177168,0.513076
2024-01-18,0,1,ok,0.1987528363120156,1.949898,0.5,0.599644,0.495694,0.710527,0.095327,0.048316,1,0.265108,0.178237,0.515085
2024-01-19,0,1,ok,0.2026764851446639,1.790724,0.5,0.593675,0.495353,0.627935,0.106012,0.048316,0,0.223838,0.180324,0.519008
2024-01-22,0,1,ok,0.2083915524608048,1.77304,0.5,0.575056,0.494289,0.622347,0.099156,0.039381,0,0.181977,0.132995,0.430031
2024-01-23,0,1,ok,0.2026081458610039,1.898776,0.5,0.570767,0.494044,0.688361,0.097157,0.039381,0,0.164542,0.126924,0.418617
2024-01-24,0,1,ok,0.1935713349652588,2.049369,0.5,0.593038,0.495316,0.763692,0.093095,0.039381,0,0.22453,0.177387,0.513488
2024-01-25,0,1,ok,0.1931333927047882,2.065425,0.5,0.582233,0.494699,0.773395,0.081631,0.039381,0,0.204804,0.147095,0.456539
2024-01-26,0,1,ok,0.1933976261346564,2.154215,0.75,0.586482,0.494942,0.819294,0.076774,0.039381,0,0.22053,0.154068,0.469648
2024-01-29,0,1,ok,0.193208686376532,2.086651,0.5,0.583243,0.494757,0.78435,0.075347,0.031007,0,0.211224,0.147089,0.456527
2024-01-30,0,1,ok,0.1935470347789928,2.097811,0.75,0.590498,0.495171,0.789375,0.080466,0.031007,0,0.231954,0.16279,0.486046
2024-01-31,0,1,ok,0.1931463345223017,2.1468,0.75,0.595239,0.495442,0.81457,0.161077,0.031007,0,0.238138,0.177618,0.513921
2024-02-01,0,1,ok,0.1933638575676758,2.02688,0.5,0.589442,0.495111,0.752366,0.154917,0.031007,0,0.222379,0.164571,0.489393
2024-02-02,0,1,ok,0.1937935097660048,1.751585,0.5,0.591042,0.495202,0.607945,0.185827,0.031007,0,0.224996,0.169247,0.498184
2024-02-05,0,1,ok,0.1931913856491735,1.58137,0.75,0.593043,0.495317,0.518274,0.18663,0.014706,0,0.222841,0.178456,0.515498
2024-02-06,0,1,ok,0.1934499168216825,1.730054,0.75,0.582099,0.494691,0.598548,0.186911,0.014706,0,0.192828,0.15399,0.4695
2024-02-07,0,1,ok,0.1936684625871036,1.789679,0.5,0.580253,0.494586,0.629992,0.191605,0.014706,0,0.170536,0.16054,0.481814
2024-02-08,0,1,ok,0.1936421578832846,1.768525,0.5,0.580697,0.494611,0.618885,0.191757,0.014706,0,0.180236,0.156276,0.4738
2024-02-09,0,1,ok,0.193241305641643,1.698771,0.5,0.581502,0.494657,0.582366,0.193259,0.014706,0,0.177364,0.161227,0.483106
2024-02-12,0,1,ok,0.1934176340898938,1.881519,0.75,0.589102,0.495092,0.67634,0.194389,0.019145,0,0.213022,0.169031,0.497779
2024-02-13,0,1,ok,0.1935794120764056,2.064536,0.75,0.613195,0.496468,0.769206,0.195199,0.019145,1,0.272897,0.23771,0.587056
2024-02-14,0,1,ok,0.1935831902860138,2.050687,0.5,0.601835,0.495819,0.763291,0.121657,0.019145,0,0.256901,0.191943,0.540853
2024-02-15,0,1,ok,0.1933421590973136,1.982273,0.5,0.589157,0.495095,0.729058,0.121711,0.019145,0,0.211597,0.170132,0.499848
2024-02-16,0,1,ok,0.1935748190100692,1.913173,0.75,0.604426,0.495967,0.690423,0.072262,0.019145,0,0.25816,0.201362,0.558561
2024-02-19,0,1,ok,0.1934191871583057,2.010479,0.75,0.589579,0.495119,0.743763,0.071302,0.029065,0,0.205774,0.175401,0.509754
2024-02-20,0,1,ok,0.1939018981321003,2.103877,0.75,0.604479,0.49597,0.791022,0.083539,0.029065,0,0.248481,0.207567,0.570225
2024-02-21,0,1,ok,0.1835564410093638,2.035685,0.75,0.578314,0.494475,0.758382,0.072092,0.029065,1,0.084969,0.205949,0.567184
2024-02-22,0,1,ok,0.1816515926312385,1.744926,0.5,0.573684,0.494211,0.608022,0.121471,0.029065,0,0.085593,0.187339,0.532198
2024-02-23,0,1,ok,0.1819640211724172,1.670162,0.75,0.572475,0.494141,0.56948,0.123359,0.029065,0,0.090801,0.179355,0.517188
2024-02-26,0,1,ok,0.1814920349270634,1.633205,0.75,0.571997,0.494114,0.550418,0.12398,0.032879,0,0.085463,0.180782,0.519871
2024-02-27,0,1,ok,0.1835206307234982,1.905171,0.5,0.570513,0.494029,0.691716,0.121333,0.032879,0,0.083354,0.176248,0.511346
2024-02-28,0,1,ok,0.1824240762874222,1.935689,0.75,0.572898,0.494166,0.707171,0.125322,0.032879,0,0.08521,0.184483,0.526828
2024-02-29,0,1,ok,0.1842860338509768,1.867101,0.5,0.566598,0.493806,0.67265,0.124501,0.032879,0,0.080433,0.162652,0.485787
2024-03-01,0,1,ok,0.1864119035275405,1.752542,0.5,0.565399,0.493737,0.613637,0.125446,0.032879,0,0.076894,0.160128,0.481041
2024-03-04,0,1,ok,0.1830691772784816,1.780506,0.75,0.5706,0.494034,0.627089,0.12516,0.037529,0,0.088213,0.173579,0.506329
2024-03-05,0,1,ok,0.1884153331521106,2.020215,0.75,0.575956,0.49434,0.750637,0.149171,0.037529,0,0.08836,0.194566,0.545784
2024-03-06,0,1,ok,0.1862387540026369,2.072963,0.5,0.577153,0.494409,0.777914,0.148487,0.037529,0,0.084984,0.201369,0.558574
2024-03-07,0,1,ok,0.1843716223469207,1.860056,0.5,0.577414,0.494424,0.667144,0.109721,0.037529,0,0.085918,0.201819,0.559419
2024-03-08,0,1,ok,0.1892550633922727,1.819494,0.75,0.578723,0.494498,0.645805,0.113001,0.037529,1,0.084584,0.207795,0.570655
2024-03-11,0,1,ok,0.1842044153429319,1.905872,0.75,0.5803,0.494589,0.69051,0.112837,0.024747,1,0.085305,0.215121,0.578745
2024-03-12,0,1,ok,0.1892155764304124,1.886464,0.5,0.56797,0.493884,0.68244,0.135404,0.024747,0,0.081177,0.167589,0.495067
2024-03-13,0,1,ok,0.1872696855306826,1.802597,0.75,0.569437,0.493968,0.638757,0.131584,0.024747,0,0.085374,0.17076,0.501029
2024-03-14,0,1,ok,0.1825366728530178,1.756627,0.75,0.568212,0.493898,0.615189,0.133178,0.024747,0,0.08198,0.168044,0.495923
2024-03-15,0,1,ok,0.1814277814082122,1.98194,0.75,0.570869,0.49405,0.731454,0.13551,0.024747,0,0.086916,0.175441,0.509829
2024-03-18,0,1,ok,0.1859923580414875,1.800282,0.5,0.568647,0.493923,0.637706,0.139929,0.036975,0,0.081941,0.16978,0.499186
2024-03-19,0,1,ok,0.1865403212289207,1.751425,0.5,0.568524,0.493916,0.612434,0.101103,0.036975,0,0.088107,0.165474,0.49109
2024-03-20,0,1,ok,0.1934422838373198,1.534196,0.5,0.576203,0.494354,0.49797,0.102449,0.036975,0,0.130552,0.169384,0.498443
2024-03-21,0,1,ok,0.1924927402138521,1.609941,0.5,0.576454,0.494369,0.537282,0.098913,0.036975,0,0.132169,0.169371,0.498418
2024-03-22,0,1,ok,0.1938576126024074,1.630689,0.5,0.574858,0.494278,0.548443,0.097217,0.036975,0,0.133001,0.162575,0.48564
2024-03-25,0,1,ok,0.1937397402688556,1.775609,0.75,0.571932,0.49411,0.624292,0.097505,0.040142,0,0.132647,0.151281,0.464408
2024-03-26,0,1,ok,0.1939552611743558,1.817581,0.75,0.576593,0.494377,0.645203,0.077525,0.040142,0,0.134961,0.168188,0.496194
2024-03-27,0,1,ok,0.1937397527047769,1.794365,0.5,0.577322,0.494418,0.632994,0.079882,0.040142,0,0.146415,0.163957,0.488239
2024-03-28,0,1,ok,0.1938500529982571,1.776673,0.75,0.574466,0.494255,0.62435,0.076991,0.040142,0,0.128679,0.163713,0.48778
2024-03-29,0,1,ok,0.1934696442310357,1.751426,0.75,0.574235,0.494242,0.611285,0.069343,0.040142,0,0.128835,0.162705,0.485886
2024-04-01,0,1,ok,0.1934314971031252,1.779487,0.5,0.574729,0.49427,0.625761,0.070238,0.043224,0,0.134806,0.160947,0.482581
2024-04-02,0,1,ok,0.1943353966628193,1.841171,0.75,0.587862,0.495021,0.655449,0.075803,0.043224,1,0.160883,0.196468,0.54936
2024-04-03,0,1,ok,0.1934924522911638,1.81706,0.5,0.578701,0.494497,0.644542,0.0693,0.043224,0,0.143865,0.170966,0.501416
2024-04-04,0,1,ok,0.193140434906618,1.952853,0.75,0.590332,0.495162,0.713486,0.103284,0.043224,1,0.161348,0.205902,0.567096
2024-04-05,0,1,ok,0.1941336498361777,1.735174,0.5,0.58868,0.495067,0.599844,0.136516,0.043224,0,0.155031,0.203318,0.562237
2024-04-08,0,1,ok,0.193070360789919,1.765157,0.75,0.58899,0.495085,0.615469,0.136853,0.020021,1,0.160848,0.20093,0.557749
2024-04-09,0,1,ok,0.1940364018752271,1.627427,0.5,0.589085,0.495091,0.543374,0.13543,0.020021,1,0.171579,0.194652,0.545945
2024-04-10,0,1,ok,0.1939279771480605,1.868776,0.75,0.586657,0.494952,0.670094,0.134582,0.020021,0,0.155994,0.194758,0.546146
2024-04-11,0,1,ok,0.192572629700174,1.734416,0.5,0.587488,0.494999,0.599697,0.140034,0.020021,1,0.161964,0.194329,0.545339
2024-04-12,0,1,ok,0.1930411006533977,1.899938,0.75,0.580681,0.49461,0.687357,0.171185,0.020021,1,0.114173,0.19716,0.550661
2024-04-15,0,1,ok,0.1946101219324587,1.952952,0.75,0.582486,0.494713,0.71471,0.167595,0.022075,1,0.114075,0.204326,0.564132
2024-04-16,0,1,ok,0.1963600296757104,2.06704,0.75,0.589741,0.495128,0.77335,0.167667,0.022075,1,0.163507,0.202236,0.560203
2024-04-17,0,0,high_risk_veto,0.3452846950319944,1.985356,0.75,0.598048,0.495603,0.729413,0.177182,0.022075,1,0.210129,0.20603,0.567337
2024-04-18,0,0,high_risk_veto,0.382430931367365,1.838986,0.75,0.59341,0.495338,0.653301,0.160037,0.022075,0,0.203562,0.191849,0.540676
2024-04-19,0,0,high_risk_veto,0.3257443907561639,2.001826,0.75,0.594656,0.495409,0.738539,0.13173,0.022075,0,0.194891,0.202127,0.56
2024-04-22,0,0,high_risk_veto,0.3803767749053948,1.783862,0.5,0.59353,0.495345,0.624365,0.141811,0.0,0,0.192411,0.199234,0.55456
2024-04-23,0,0,high_risk_veto,0.2961031665590414,1.585796,0.5,0.593397,0.495337,0.520507,0.157581,0.0,0,0.194539,0.19739,0.551093
2024-04-24,0,0,high_risk_veto,0.3501785110639366,1.400976,0.5,0.595547,0.49546,0.422919,0.156597,0.0,1,0.207682,0.197708,0.551691
2024-04-25,0,0,high_risk_veto,0.3359589209349733,1.598633,0.75,0.595445,0.495454,0.526731,0.147031,0.0,0,0.198848,0.20278,0.561227
2024-04-26,0,0,high_risk_veto,0.3371133743981953,1.627252,0.5,0.589513,0.495115,0.543181,0.12398,0.0,0,0.193542,0.182723,0.523519
2024-04-29,0,0,high_risk_veto,0.306837087575231,1.632235,0.5,0.590084,0.495148,0.545653,0.11843,0.0,0,0.189609,0.18741,0.532332
2024-04-30,0,0,high_risk_veto,0.3307057395962545,1.762693,0.75,0.591562,0.495232,0.613659,0.132888,0.0,0,0.191484,0.192063,0.541078
2024-05-01,0,0,high_risk_veto,0.3191399753670323,1.964183,0.75,0.590461,0.495169,0.7194,0.121893,0.0,0,0.194139,0.186086,0.529842
2024-05-02,0,0,high_risk_veto,0.3148620081898129,1.845936,0.5,0.588411,0.495052,0.657843,0.12389,0.0,0,0.19039,0.180342,0.519042
2024-05-03,0,0,high_risk_veto,0.3997060465489375,1.454438,0.5,0.578552,0.494489,0.455847,0.113087,0.0,0,0.165347,0.157062,0.475277
2024-05-06,0,0,high_risk_veto,0.408177060130376,1.290186,0.5,0.58031,0.494589,0.369787,0.114137,0.0,0,0.16821,0.162208,0.48495
2024-05-07,0,0,high_risk_veto,0.3971024438025134,1.417939,0.75,0.578387,0.494479,0.4369,0.10312,0.0,0,0.165521,0.156307,0.473857
2024-05-08,0,0,high_risk_veto,0.3238872413733941,1.607813,0.75,0.578264,0.494472,0.535739,0.103348,0.0,0,0.163182,0.157273,0.475674
2024-05-09,0,0,high_risk_veto,0.2813851824386921,1.66433,0.5,0.578265,0.494472,0.565148,0.10337,0.0,0,0.159828,0.159356,0.479588
2024-05-10,0,0,high_risk_veto,0.279571000724975,1.630254,0.5,0.578215,0.494469,0.547428,0.099831,0.0,0,0.163886,0.156645,0.474492
2024-05-13,0,0,high_risk_veto,0.2723640864255801,1.59831,0.5,0.59141,0.495223,0.527562,0.100129,0.0,0,0.198743,0.186967,0.531497
2024-05-14,0,1,ok,0.2282775838827953,1.572026,0.5,0.589117,0.495092,0.514374,0.073369,0.0,0,0.196116,0.17957,0.517592
2024-05-15,0,1,ok,0.1985376360134555,1.439238,0.5,0.573939,0.494225,0.449258,0.051134,0.0,0,0.170143,0.135935,0.435557
2024-05-16,0,1,ok,0.1910740765771763,1.47741,0.75,0.579685,0.494553,0.467488,0.053436,0.0,0,0.186204,0.148596,0.459361
2024-05-17,0,1,ok,0.1925387701355608,1.540582,0.75,0.578698,0.494497,0.500642,0.0501,0.0,0,0.195506,0.138943,0.441212
2024-05-20,0,1,ok,0.2000245406601678,1.658289,0.5,0.578175,0.494467,0.562025,0.035339,0.043024,0,0.191488,0.139378,0.442031
2024-05-21,0,1,ok,0.1888095364600559,1.621179,0.5,0.574761,0.494272,0.543526,0.032502,0.043024,0,0.16821,0.140371,0.443898
2024-05-22,0,1,ok,0.1883990803591575,1.629905,0.75,0.578998,0.494514,0.547062,0.037562,0.043024,0,0.179157,0.15026,0.462489
2024-05-23,0,1,ok,0.196310360753576,1.714803,0.75,0.588278,0.495044,0.589272,0.046689,0.043024,0,0.205273,0.170593,0.500716
2024-05-24,0,1,ok,0.1905277171715945,1.655797,0.5,0.581854,0.494677,0.559886,0.048947,0.043024,0,0.202152,0.147246,0.456823
2024-05-27,0,1,ok,0.1895673899513345,1.662682,0.75,0.571785,0.494102,0.565755,0.047731,0.042482,0,0.170026,0.127532,0.419761
2024-05-28,0,1,ok,0.1961512003942572,1.590421,0.5,0.590761,0.495186,0.52359,0.054124,0.042482,0,0.221258,0.170457,0.50046
2024-05-29,0,1,ok,0.1900646906032099,1.736213,0.75,0.602932,0.495882,0.597385,0.055062,0.042482,1,0.263593,0.192113,0.541173
2024-05-30,0,1,ok,0.1895019074084939,1.841456,0.75,0.592572,0.49529,0.654748,0.085148,0.042482,0,0.230021,0.17215,0.503642
2024-05-31,0,1,ok,0.1925499143915959,1.861386,0.75,0.579524,0.494544,0.667471,0.084322,0.042482,0,0.184065,0.149288,0.460661
2024-06-03,0,1,ok,0.191344914585136,1.695045,0.5,0.585511,0.494886,0.579546,0.086871,0.021939,0,0.200825,0.162459,0.485424
2024-06-04,0,1,ok,0.197570069602386,1.471523,0.5,0.582793,0.494731,0.463554,0.088217,0.021939,0,0.191285,0.157678,0.476435
2024-06-05,0,1,ok,0.2035655567207029,1.223826,0.5,0.582712,0.494726,0.334386,0.100394,0.021939,0,0.192254,0.156756,0.474701
2024-06-06,0,1,ok,0.2074104085773667,1.26162,0.75,0.577467,0.494427,0.35586,0.098394,0.021939,0,0.17512,0.146734,0.455861
2024-06-07,0,1,ok,0.2014789640677552,1.32883,0.75,0.57628,0.494359,0.391195,0.105818,0.021939,0,0.180006,0.139036,0.441387
2024-06-10,0,1,ok,0.1981254264117853,1.514454,0.5,0.577306,0.494418,0.487414,0.108629,0.029782,0,0.186959,0.138766,0.44088
2024-06-11,0,1,ok,0.1963636820734194,1.462598,0.5,0.58695,0.494969,0.457724,0.105734,0.029782,0,0.208827,0.163163,0.486746
2024-06-12,0,1,ok,0.1915272407513864,1.327745,0.5,0.577385,0.494422,0.390281,0.105692,0.029782,0,0.120725,0.180129,0.518643
2024-06-13,0,1,ok,0.1857038507624385,1.287429,0.5,0.575197,0.494297,0.370028,0.087057,0.029782,0,0.119822,0.172079,0.503508
2024-06-14,0,1,ok,0.1872746889856254,1.265157,0.5,0.578673,0.494496,0.357297,0.086579,0.029782,0,0.122131,0.184327,0.526535
2024-06-17,0,1,ok,0.1865525851719173,1.26815,0.5,0.582373,0.494707,0.357618,0.097348,0.013285,0,0.122462,0.198685,0.553527
2024-06-18,0,1,ok,0.1870856903041636,1.319736,0.75,0.572486,0.494142,0.387676,0.093135,0.013285,0,0.117608,0.162781,0.486028
2024-06-19,0,1,ok,0.1881901664072797,1.398161,0.75,0.574842,0.494277,0.427663,0.088579,0.013285,0,0.124814,0.167585,0.49506
2024-06-20,0,1,ok,0.1989023014865977,1.57827,0.75,0.575715,0.494327,0.521001,0.088847,0.013285,0,0.126934,0.16971,0.499054
2024-06-21,0,1,ok,0.1912586568455713,1.614905,0.75,0.575424,0.49431,0.540109,0.080565,0.013285,0,0.129573,0.166929,0.493827
2024-06-24,0,1,ok,0.1951093693562309,1.7149,0.75,0.573534,0.494202,0.592466,0.078434,0.040076,0,0.124965,0.162345,0.485208
2024-06-25,0,1,ok,0.1960572570869152,1.507936,0.5,0.57512,0.494293,0.48461,0.078472,0.040076,0,0.127011,0.167321,0.494563
2024-06-26,0,1,ok,0.1964268629555752,1.43358,0.5,0.577665,0.494438,0.445247,0.084963,0.040076,0,0.1297,0.175668,0.510256
2024-06-27,0,1,ok,0.1948725111093061,1.288787,0.5,0.575307,0.494303,0.370698,0.079788,0.040076,0,0.129172,0.166717,0.493428
2024-06-28,0,1,ok,0.1935258680145076,1.479818,0.75,0.573894,0.494223,0.47034,0.078223,0.040076,0,0.123989,0.164366,0.489009
2024-07-01,0,1,ok,0.1915829295691983,1.466205,0.5,0.571138,0.494065,0.464039,0.067798,0.03272,0,0.121873,0.154833,0.471087
2024-07-02,0,1,ok,0.1905613723775527,1.422573,0.5,0.571669,0.494095,0.441265,0.065912,0.03272,0,0.122686,0.156419,0.474068
2024-07-03,0,1,ok,0.1875237064624851,1.304101,0.5,0.57351,0.494201,0.379234,0.068327,0.03272,0,0.12178,0.164223,0.48874
2024-07-04,0,1,ok,0.1874436278117685,1.379658,0.75,0.574529,0.494259,0.418147,0.068163,0.03272,0,0.124514,0.16654,0.493095
2024-07-05,0,1,ok,0.1888096261145641,1.399372,0.5,0.576493,0.494371,0.427801,0.064963,0.03272,0,0.127306,0.172541,0.504376
2024-07-08,0,1,ok,0.18910566687974,1.477768,0.5,0.575394,0.494308,0.468862,0.058303,0.033558,0,0.125257,0.169484,0.498629
2024-07-09,0,1,ok,0.1894929958748266,1.487617,0.5,0.577288,0.494416,0.473461,0.058039,0.033558,0,0.128784,0.174751,0.508533
2024-07-10,0,1,ok,0.1963322226397621,1.494773,0.5,0.580227,0.494584,0.476382,0.061897,0.033558,0,0.164019,0.164479,0.489221
2024-07-11,0,1,ok,0.1946545238895146,1.711626,0.75,0.57935,0.494534,0.589528,0.106646,0.033558,0,0.160537,0.163185,0.486788
2024-07-12,0,1,ok,0.1931190949318947,1.635674,0.5,0.58093,0.494625,0.549612,0.107814,0.033558,0,0.163017,0.167865,0.495587
2024-07-15,0,1,ok,0.193481748282838,1.686728,0.5,0.578707,0.494498,0.576706,0.101103,0.035808,0,0.159914,0.161042,0.48276
2024-07-16,0,1,ok,0.1926163011183628,1.481089,0.75,0.580455,0.494597,0.469191,0.100602,0.035808,0,0.163725,0.165559,0.491251
2024-07-17,0,1,ok,0.1967049418183486,1.808311,0.75,0.588354,0.495049,0.638171,0.127388,0.035808,0,0.168366,0.193768,0.544283
2024-07-18,0,1,ok,0.1890151970855723,1.854913,0.75,0.590233,0.495156,0.662217,0.128929,0.035808,0,0.166245,0.202476,0.560654
2024-07-19,0,1,ok,0.1925305895034059,1.903428,0.75,0.589696,0.495125,0.687709,0.129154,0.035808,0,0.166268,0.20035,0.556658
2024-07-22,0,1,ok,0.1860701662152503,1.482505,0.5,0.590409,0.495166,0.467166,0.144236,0.024719,1,0.184293,0.191982,0.540926
2024-07-23,0,1,ok,0.1880036723342078,1.478018,0.75,0.591451,0.495226,0.464524,0.143568,0.024719,1,0.187667,0.19399,0.544702
2024-07-24,0,1,ok,0.1876603410054281,1.738806,0.75,0.586618,0.49495,0.602174,0.163828,0.024719,1,0.13189,0.209544,0.573943
2024-07-25,0,1,ok,0.1873221786807842,1.934359,0.75,0.586328,0.494933,0.704421,0.153485,0.024719,1,0.127553,0.211092,0.576853
2024-07-26,0,1,ok,0.1861312489220684,1.738267,0.5,0.591576,0.495233,0.600858,0.156974,0.024719,0,0.171461,0.204531,0.564518
2024-07-29,0,1,ok,0.1890381912053858,1.322441,0.5,0.589713,0.495126,0.38357,0.149348,0.012054,0,0.168803,0.198844,0.553826
2024-07-30,0,1,ok,0.1932574030406007,1.331512,0.75,0.591459,0.495226,0.387759,0.147809,0.012054,0,0.168351,0.205996,0.567273
2024-07-31,0,1,ok,0.1921167742996249,1.140795,0.5,0.592046,0.49526,0.287611,0.147739,0.012054,0,0.171032,0.206646,0.568495
2024-08-01,0,1,ok,0.1930797816722109,1.34701,0.75,0.591632,0.495236,0.395824,0.167941,0.012054,0,0.16837,0.206667,0.568534
2024-08-02,0,1,ok,0.1954153922579238,1.313192,0.75,0.606223,0.49607,0.373312,0.226865,0.012054,1,0.187431,0.281608,0.602943
2024-08-05,0,1,ok,0.1939799748984039,1.76299,0.75,0.616667,0.496667,0.608667,0.234665,0.014128,1,0.186035,0.354082,0.628455
2024-08-06,0,1,ok,0.1901894143191344,1.364976,0.5,0.6191,0.496806,0.396552,0.276416,0.014128,1,0.189864,0.366559,0.632762
2024-08-07,0,1,ok,0.2016470613822044,1.266403,0.75,0.582321,0.494704,0.356724,0.268471,0.014128,0,0.114047,0.203695,0.562947
2024-08-08,0,1,ok,0.2008599675131239,0.726711,0.5,0.580626,0.494607,0.076111,0.315166,0.014128,0,0.113296,0.197487,0.551275
2024-08-09,0,1,ok,0.2010262650042193,0.792841,0.5,0.579481,0.494542,0.111095,0.311215,0.014128,0,0.1119,0.193849,0.544436
2024-08-12,0,1,ok,0.2010436872191382,0.667111,0.5,0.582185,0.494696,0.044283,0.310902,0.001019,0,0.111973,0.204445,0.564356
2024-08-13,0,1,ok,0.2010650616406542,0.716811,0.5,0.582023,0.494687,0.070276,0.320636,0.001019,0,0.116182,0.201199,0.558254
2024-08-14,0,1,ok,0.2014662212768976,0.759969,0.75,0.571281,0.494073,0.097831,0.316224,0.001019,0,0.098873,0.169651,0.498944
2024-08-15,0,1,ok,0.2012994278871937,0.59182,0.5,0.573845,0.49422,0.009332,0.329037,0.001019,0,0.105455,0.175664,0.510249
2024-08-16,0,1,ok,0.20138609336017,0.870646,0.5,0.560866,0.493478,0.159752,0.266171,0.001019,0,0.085822,0.136752,0.437093
2024-08-19,0,1,ok,0.2014157128406128,0.808699,0.5,0.56148,0.493513,0.127529,0.174427,0.006966,0,0.088033,0.137801,0.439065
2024-08-20,0,1,ok,0.2011497530380288,1.074538,0.75,0.562204,0.493554,0.26439,0.177097,0.006966,0,0.087517,0.140967,0.445018
2024-08-21,0,1,ok,0.2009431639488385,1.043601,0.5,0.563938,0.493654,0.247752,0.171516,0.006966,0,0.089805,0.146376,0.455186
2024-08-22,0,1,ok,0.2010132558061371,1.321588,0.75,0.573819,0.494218,0.388213,0.138254,0.006966,0,0.108084,0.17393,0.506989
2024-08-23,0,1,ok,0.20054485143894,1.203524,0.5,0.559737,0.493414,0.331804,0.13743,0.006966,0,0.080482,0.135618,0.434962
2024-08-26,0,1,ok,0.2006105620276668,1.315709,0.75,0.560159,0.493438,0.389491,0.13615,0.023492,0,0.082556,0.135994,0.435669
2024-08-27,0,1,ok,0.2004646142997791,1.104666,0.5,0.55663,0.493236,0.282003,0.129339,0.023492,0,0.077472,0.125258,0.415485
2024-08-28,0,1,ok,0.2005872431775326,1.289625,0.75,0.571821,0.494104,0.37227,0.136168,0.023492,0,0.10867,0.165706,0.491527
2024-08-29,0,1,ok,0.2007776909258058,1.205635,0.75,0.552657,0.493009,0.335318,0.07215,0.023492,0,0.079621,0.10829,0.383585
2024-08-30,0,1,ok,0.2006061497376954,1.127047,0.5,0.55195,0.492969,0.295217,0.095396,0.023492,0,0.077296,0.106948,0.381063
2024-09-02,0,1,ok,0.200605006826769,1.040616,0.75,0.550836,0.492905,0.251277,0.088224,0.022988,0,0.077191,0.102632,0.372948
2024-09-03,0,1,ok,0.2011398501872813,1.297405,0.75,0.584671,0.494838,0.372121,0.164468,0.022988,1,0.126886,0.204984,0.565369
2024-09-04,0,1,ok,0.196374980839915,1.377849,0.75,0.578577,0.49449,0.415979,0.167205,0.022988,0,0.125021,0.182159,0.522459
2024-09-05,0,1,ok,0.1973606236290555,1.307661,0.5,0.578245,0.494471,0.379557,0.167605,0.022988,0,0.124771,0.181007,0.520293
2024-09-06,0,1,ok,0.1912557538334666,1.229502,0.75,0.578619,0.494493,0.338758,0.177189,0.022988,0,0.121401,0.184567,0.526986
2024-09-09,0,1,ok,0.1951752825715157,1.039257,0.5,0.580206,0.494583,0.239114,0.191478,0.002818,0,0.125022,0.18857,0.534511
2024-09-10,0,1,ok,0.1880478605602158,0.908493,0.5,0.579263,0.494529,0.171408,0.190195,0.002818,0,0.126577,0.183893,0.525719
2024-09-11,0,0,weak_score,0.187384740650342,0.442975,0.5,0.575826,0.494333,0.0,0.203811,0.002818,0,0.117885,0.175754,0.510417
2024-09-12,0,0,weak_score,0.1935496073481733,0.511396,0.5,0.559062,0.493375,0.0,0.212646,0.002818,0,0.085354,0.129943,0.424293
2024-09-13,0,1,ok,0.1917696422738011,0.617237,0.5,0.553579,0.493062,0.032705,0.199664,0.002818,0,0.074277,0.11523,0.396633
2024-09-16,0,1,ok,0.1877488747399302,0.890617,0.75,0.558098,0.49332,0.171234,0.199362,0.002145,0,0.084246,0.126836,0.418452
2024-09-17,0,1,ok,0.1883256538870509,0.99633,0.75,0.561696,0.493526,0.224234,0.14571,0.002145,0,0.094007,0.134947,0.433701
2024-09-18,0,1,ok,0.1900921847743035,1.101076,0.75,0.557979,0.493313,0.279656,0.137382,0.002145,0,0.086277,0.12511,0.415207
2024-09-19,0,1,ok,0.1877294139965129,0.855351,0.5,0.554196,0.493097,0.154771,0.155643,0.002145,0,0.078567,0.115002,0.396204
2024-09-20,0,1,ok,0.1967378802416894,0.925191,0.75,0.546968,0.492684,0.19366,0.104324,0.002145,0,0.073856,0.089474,0.348211
2024-09-23,0,1,ok,0.1888055457336954,0.886715,0.5,0.546897,0.49268,0.173989,0.101634,0.015571,0,0.073157,0.089627,0.3485
2024-09-24,0,1,ok,0.1939991583700462,1.102948,0.5,0.54667,0.492667,0.284785,0.099578,0.015571,0,0.073599,0.088462,0.346309
2024-09-25,0,1,ok,0.1942567924033539,1.094525,0.5,0.546177,0.492639,0.280654,0.094189,0.015571,0,0.069358,0.089151,0.347605
2024-09-26,0,1,ok,0.1901720135085234,1.097071,0.5,0.546694,0.492668,0.281767,0.08777,0.015571,0,0.073297,0.088744,0.346838
2024-09-27,0,1,ok,0.1873427419170405,1.241492,0.75,0.548238,0.492756,0.355194,0.097877,0.015571,0,0.076588,0.09278,0.354426
2024-09-30,0,1,ok,0.1906472355068061,1.238364,0.5,0.550277,0.492873,0.352915,0.098066,0.031443,0,0.081337,0.097861,0.363979
2024-10-01,0,1,ok,0.1882787133976445,1.413102,0.75,0.575146,0.494294,0.435335,0.128089,0.031443,0,0.123257,0.169749,0.499128
2024-10-02,0,1,ok,0.1831576303306137,1.316591,0.5,0.57145,0.494083,0.386374,0.128164,0.031443,0,0.152964,0.136788,0.437162
2024-10-03,0,1,ok,0.1901803198402514,1.345902,0.75,0.575307,0.494303,0.400373,0.092572,0.031443,0,0.172071,0.140126,0.443437
2024-10-04,0,1,ok,0.1965004115691491,1.136298,0.5,0.566723,0.493813,0.294616,0.129289,0.031443,0,0.149138,0.12056,0.406652
2024-10-07,0,1,ok,0.1832243098293241,1.298836,0.75,0.575672,0.494324,0.375801,0.135198,0.021506,0,0.16369,0.146755,0.455899
2024-10-08,0,1,ok,0.1929436951913883,1.176146,0.5,0.572862,0.494164,0.313047,0.139558,0.021506,0,0.157731,0.13939,0.442054
2024-10-09,0,1,ok,0.1926552555407174,1.231522,0.5,0.571757,0.4941,0.342158,0.1454,0.021506,0,0.158411,0.13462,0.433086
2024-10-10,0,1,ok,0.1866549272813827,1.151431,0.75,0.571423,0.494081,0.300744,0.147041,0.021506,0,0.148602,0.139385,0.442044
2024-10-11,0,1,ok,0.1939786121019049,1.294044,0.5,0.567784,0.493873,0.375869,0.140731,0.021506,0,0.154253,0.121561,0.408535
2024-10-14,0,1,ok,0.1866610944404938,1.285419,0.5,0.568773,0.49393,0.371083,0.143335,0.02132,0,0.142205,0.132923,0.429895
2024-10-15,0,1,ok,0.1874853463465223,1.375723,0.75,0.568449,0.493911,0.417941,0.142452,0.02132,0,0.143301,0.130969,0.426221
2024-10-16,0,1,ok,0.1886154956423885,1.345577,0.75,0.572253,0.494129,0.401154,0.142541,0.02132,0,0.147795,0.143155,0.449131
2024-10-17,0,1,ok,0.1927838096262539,1.379767,0.5,0.573482,0.494199,0.418519,0.142631,0.02132,0,0.151313,0.145811,0.454124
2024-10-18,0,1,ok,0.2072970952459196,1.183107,0.5,0.569002,0.493943,0.318025,0.116749,0.02132,0,0.131662,0.140357,0.443872
2024-10-21,0,1,ok,0.2247658422981928,1.194739,0.5,0.569583,0.493976,0.323845,0.10883,0.020337,0,0.134046,0.141168,0.445395
2024-10-22,0,1,ok,0.2129857468457663,1.209084,0.5,0.568313,0.493904,0.331716,0.106414,0.020337,0,0.133761,0.136348,0.436335
2024-10-23,0,1,ok,0.2119023098287619,1.420108,0.75,0.566838,0.493819,0.441386,0.107166,0.020337,0,0.13599,0.129159,0.422819
2024-10-24,0,1,ok,0.2054836160037245,1.359309,0.5,0.568662,0.493924,0.409378,0.106317,0.020337,0,0.154705,0.124739,0.414509
2024-10-25,0,1,ok,0.1966021993031646,1.339324,0.5,0.56769,0.493868,0.399332,0.103686,0.020337,0,0.145541,0.126591,0.417992
2024-10-28,0,1,ok,0.2244151893265619,1.236694,0.75,0.564045,0.49366,0.347451,0.094855,0.023151,0,0.137143,0.117455,0.400816
2024-10-29,0,1,ok,0.1850404175227103,1.280418,0.5,0.57529,0.494302,0.366355,0.05969,0.023151,0,0.174142,0.138776,0.440899
2024-10-30,0,1,ok,0.1989607410157211,1.434839,0.75,0.555532,0.493173,0.45221,0.061837,0.023151,0,0.079957,0.119397,0.404466
2024-10-31,0,1,ok,0.1990245936220636,1.699929,0.75,0.564724,0.493699,0.586585,0.1175,0.023151,0,0.081563,0.154576,0.470602
2024-11-01,0,1,ok,0.2103101507041456,1.715085,0.5,0.564542,0.493688,0.594455,0.129718,0.023151,0,0.094662,0.145741,0.453993
2024-11-04,0,1,ok,0.1925117729504118,1.680439,0.75,0.564464,0.493684,0.576571,0.128864,0.034918,0,0.08589,0.15087,0.463636
2024-11-05,0,1,ok,0.1902081867926791,1.311104,0.5,0.562237,0.493556,0.386459,0.144654,0.034918,0,0.08243,0.144253,0.451196
2024-11-06,0,1,ok,0.1866827360132792,1.164109,0.5,0.56126,0.493501,0.310949,0.223825,0.034918,0,0.081328,0.14109,0.44525
2024-11-07,0,1,ok,0.1812875841787267,1.037392,0.5,0.566975,0.493827,0.243358,0.223966,0.034918,0,0.083386,0.162303,0.48513
2024-11-08,0,1,ok,0.1841465859773753,1.19999,0.5,0.553277,0.493044,0.332206,0.223871,0.034918,0,0.065164,0.119691,0.405019
2024-11-11,0,1,ok,0.1809160165067244,1.491116,0.75,0.554765,0.493129,0.481356,0.22366,0.02411,0,0.065772,0.12517,0.415319
2024-11-12,0,1,ok,0.1917960608651586,1.665778,0.75,0.549756,0.492843,0.572247,0.223292,0.02411,0,0.065022,0.105924,0.379136
2024-11-13,0,1,ok,0.1832145438168294,1.693211,0.75,0.550045,0.49286,0.586253,0.221925,0.02411,0,0.06539,0.106833,0.380846
2024-11-14,0,1,ok,0.1904209262814373,1.733432,0.75,0.552452,0.492997,0.606393,0.190994,0.02411,0,0.066938,0.115345,0.396849
2024-11-15,0,1,ok,0.1948675111889586,1.89859,0.75,0.559732,0.493413,0.690038,0.209799,0.02411,0,0.07928,0.136348,0.436333
2024-11-18,0,1,ok,0.1927272456165799,1.764248,0.5,0.56057,0.493461,0.620635,0.201886,0.031943,0,0.079778,0.139334,0.441947
2024-11-19,0,1,ok,0.2001979830460225,1.581945,0.5,0.559512,0.493401,0.526895,0.197578,0.031943,0,0.081903,0.133854,0.431645
2024-11-20,0,1,ok,0.2085488665377485,1.35099,0.75,0.5528,0.493017,0.409917,0.084832,0.031943,0,0.044527,0.130604,0.425536
2024-11-21,0,1,ok,0.195218413491228,1.406169,0.5,0.566664,0.493809,0.434226,0.090059,0.031943,0,0.091266,0.156195,0.473647
2024-11-22,0,1,ok,0.1922824260680971,1.488958,0.5,0.550705,0.492897,0.48133,0.090364,0.031943,0,0.06206,0.111494,0.389608
2024-11-25,0,1,ok,0.186972119734186,1.475238,0.5,0.553939,0.493082,0.473417,0.095719,0.032578,0,0.072964,0.117462,0.400828
2024-11-26,0,1,ok,0.1938371335537831,1.4279,0.5,0.5543,0.493103,0.44899,0.103416,0.032578,0,0.070286,0.120544,0.406622
2024-11-27,0,1,ok,0.2174597987676601,1.472977,0.75,0.554657,0.493123,0.47206,0.108124,0.032578,0,0.067671,0.12357,0.412311
2024-11-28,0,1,ok,0.1951550735996832,1.44712,0.75,0.555132,0.49315,0.458637,0.104609,0.032578,0,0.090046,0.111568,0.389748
2024-11-29,0,1,ok,0.1925559430180403,1.393369,0.5,0.553502,0.493057,0.431476,0.07686,0.032578,0,0.090104,0.105117,0.37762
2024-12-02,0,1,ok,0.1911058377153151,1.227272,0.5,0.550274,0.492873,0.347227,0.077444,0.03288,0,0.085059,0.095542,0.359619
2024-12-03,0,1,ok,0.1934442890119456,1.235106,0.5,0.550808,0.492903,0.351067,0.078217,0.03288,0,0.088621,0.095435,0.359419
2024-12-04,0,1,ok,0.1910380157262614,1.239752,0.5,0.547735,0.492728,0.354469,0.078469,0.03288,0,0.078278,0.089754,0.348737
2024-12-05,0,1,ok,0.1919204078006088,1.379045,0.75,0.553643,0.493065,0.424076,0.075133,0.03288,0,0.091355,0.104897,0.377206
2024-12-06,0,1,ok,0.1911558766388028,1.328367,0.5,0.558285,0.493331,0.396599,0.074261,0.03288,0,0.100564,0.117458,0.400821
2024-12-09,0,1,ok,0.1952947790711145,1.53754,0.75,0.554133,0.493093,0.505382,0.062692,0.038426,0,0.090176,0.107558,0.382208
2024-12-10,0,1,ok,0.1971028928222379,1.554415,0.75,0.553533,0.493059,0.514204,0.048521,0.038426,0,0.087376,0.106933,0.381033
2024-12-11,0,1,ok,0.1961233593460084,1.493509,0.5,0.560562,0.493461,0.48104,0.058585,0.038426,0,0.110073,0.120525,0.406587
2024-12-12,0,1,ok,0.1996882857038082,1.516686,0.75,0.553667,0.493067,0.494786,0.0599,0.038426,0,0.096336,0.101907,0.371585
2024-12-13,0,1,ok,0.19589071871382,1.482669,0.5,0.55945,0.493397,0.475751,0.06209,0.038426,0,0.110551,0.115853,0.397803
2024-12-16,0,1,ok,0.2075426755540885,1.593474,0.5,0.558667,0.493352,0.533039,0.062573,0.039923,0,0.090497,0.125201,0.415377
2024-12-17,0,1,ok,0.2055558792365376,1.626723,0.75,0.573237,0.494185,0.546765,0.068596,0.039923,0,0.144435,0.149109,0.460326
2024-12-18,0,1,ok,0.1916843998729755,2.06262,0.75,0.5772,0.494411,0.77253,0.13358,0.039923,0,0.125452,0.17647,0.511763
2024-12-19,0,1,ok,0.1974187030610434,2.170264,0.75,0.578031,0.494459,0.828438,0.136504,0.039923,0,0.135722,0.173377,0.505949
2024-12-20,0,1,ok,0.2289385820283226,1.966377,0.5,0.567554,0.49386,0.723861,0.142876,0.039923,0,0.106352,0.150347,0.462652
2024-12-23,0,1,ok,0.2297852780082341,1.464433,0.5,0.564137,0.493665,0.465062,0.153541,0.026473,0,0.103857,0.138446,0.440278
2024-12-24,0,1,ok,0.1991836069947795,1.299056,0.5,0.561421,0.49351,0.380503,0.15826,0.026473,0,0.12079,0.117264,0.400456
2024-12-25,0,1,ok,0.2034187580097527,1.409202,0.75,0.57344,0.494197,0.43381,0.151873,0.026473,0,0.172348,0.132607,0.4293
2024-12-26,0,1,ok,0.2070888373285623,1.540299,0.75,0.571288,0.494074,0.502414,0.151612,0.026473,0,0.161814,0.130666,0.425652
2024-12-27,0,1,ok,0.2041017369068599,1.823138,0.75,0.570663,0.494038,0.649174,0.157024,0.026473,0,0.165514,0.125913,0.416717
2024-12-30,0,1,ok,0.2034846655672876,1.939873,0.75,0.586127,0.494922,0.707333,0.177306,0.02106,0,0.209982,0.159208,0.479311
2024-12-31,0,1,ok,0.2062419106231994,1.990585,0.75,0.584075,0.494804,0.734115,0.176858,0.02106,0,0.170812,0.175411,0.509773
2025-01-01,0,1,ok,0.1996045449221174,1.82366,0.75,0.585747,0.4949,0.646682,0.135623,0.02106,0,0.195476,0.166702,0.493401
2025-01-02,0,1,ok,0.2047623429506205,1.71146,0.75,0.584193,0.494811,0.588403,0.135019,0.02106,0,0.198752,0.158558,0.47809
2025-01-03,0,1,ok,0.2075611783189347,1.479173,0.5,0.568057,0.493889,0.471606,0.149726,0.02106,0,0.139523,0.131768,0.427724
2025-01-06,0,1,ok,0.209333353582432,1.40407,0.5,0.567591,0.493862,0.432868,0.141501,0.025091,0,0.144569,0.126808,0.418399
2025-01-07,0,1,ok,0.1990479438225102,1.600911,0.75,0.586724,0.494956,0.530079,0.133844,0.025091,0,0.218279,0.156413,0.474057
2025-01-08,0,1,ok,0.2075866401673044,1.769722,0.75,0.578247,0.494471,0.619994,0.133723,0.025091,0,0.173411,0.150866,0.463629
2025-01-09,0,1,ok,0.203025022547511,1.872533,0.75,0.584836,0.494848,0.672369,0.133927,0.025091,0,0.204416,0.157576,0.476243
2025-01-10,0,1,ok,0.2190539923952363,1.844224,0.75,0.596404,0.495509,0.655507,0.134202,0.025091,0,0.252762,0.173138,0.505499
2025-01-13,0,1,ok,0.2409690781038172,1.884362,0.75,0.580531,0.494602,0.679267,0.104085,0.04154,0,0.181381,0.154913,0.471236
2025-01-14,0,1,ok,0.212311499244909,1.909046,0.75,0.577813,0.494446,0.692562,0.103089,0.04154,0,0.153615,0.161427,0.483482
2025-01-15,0,1,ok,0.2097531094175506,1.508694,0.5,0.572004,0.494114,0.485836,0.108644,0.04154,0,0.147506,0.142351,0.447619
2025-01-16,0,1,ok,0.2072847028088691,1.547065,0.75,0.575252,0.4943,0.504904,0.109674,0.04154,0,0.151716,0.152524,0.466745
2025-01-17,0,1,ok,0.2090074581221915,1.37438,0.5,0.567778,0.493873,0.417448,0.093227,0.04154,0,0.137054,0.132199,0.428533
2025-01-20,0,1,ok,0.2128993612240432,1.631689,0.75,0.56804,0.493888,0.550555,0.087093,0.037005,0,0.136038,0.13386,0.431657
2025-01-21,0,1,ok,0.2004023757998946,1.508765,0.5,0.571424,0.494081,0.486027,0.081797,0.037005,0,0.156665,0.134394,0.432661
2025-01-22,0,1,ok,0.2020159664803808,1.551627,0.5,0.575549,0.494317,0.507198,0.087832,0.037005,0,0.174365,0.139658,0.442557
2025-01-23,0,1,ok,0.2077421370078189,1.52152,0.5,0.572213,0.494126,0.492434,0.0914,0.037005,0,0.149454,0.141966,0.446897
2025-01-24,0,1,ok,0.2019033283215823,1.63505,0.75,0.560435,0.493453,0.55405,0.082108,0.037005,0,0.132049,0.106404,0.380039
2025-01-27,0,1,ok,0.2086862313327759,2.001504,0.75,0.569955,0.493997,0.741718,0.145268,0.042228,0,0.134925,0.142087,0.447124
2025-01-28,0,1,ok,0.2112537916070551,1.791698,0.5,0.570609,0.494035,0.632888,0.149729,0.042228,0,0.132994,0.145859,0.454215
2025-01-29,0,1,ok,0.2081377983117915,1.703516,0.75,0.566493,0.4938,0.588063,0.147625,0.042228,0,0.121546,0.136756,0.437101
2025-01-30,0,1,ok,0.2061798447760416,1.367739,0.5,0.56247,0.49357,0.415617,0.145773,0.042228,0,0.113708,0.12578,0.416466
2025-01-31,0,1,ok,0.2077087546065353,1.575942,0.75,0.56804,0.493888,0.521699,0.141351,0.042228,0,0.123458,0.141658,0.446318
2025-02-03,0,1,ok,0.2048666869865107,1.650172,0.75,0.583973,0.494798,0.556464,0.146138,0.030029,0,0.184355,0.166614,0.493235
2025-02-04,0,1,ok,0.2123503491520861,1.580506,0.5,0.580774,0.494616,0.520904,0.14443,0.030029,0,0.150953,0.174729,0.50849
2025-02-05,0,1,ok,0.1996471598145023,1.516271,0.5,0.573362,0.494192,0.489407,0.135313,0.030029,0,0.153705,0.143856,0.450449
2025-02-06,0,1,ok,0.2012178620684935,1.380368,0.5,0.583003,0.494743,0.415945,0.129346,0.030029,0,0.18399,0.163024,0.486484
2025-02-07,0,1,ok,0.2148095002046997,1.630377,0.75,0.574961,0.494283,0.548257,0.130397,0.030029,0,0.140118,0.158569,0.47811
2025-02-10,0,1,ok,0.2048449394810982,1.565639,0.5,0.572729,0.494156,0.51519,0.090164,0.033745,0,0.166097,0.133681,0.431319
2025-02-11,0,1,ok,0.2109357006184385,1.650287,0.75,0.564205,0.493669,0.561052,0.081499,0.033745,0,0.132482,0.120971,0.407425
2025-02-12,0,1,ok,0.2165453747554397,1.54333,0.75,0.573483,0.494199,0.50342,0.081057,0.033745,0,0.154975,0.143544,0.449863
2025-02-13,0,1,ok,0.2044803381396705,1.536684,0.5,0.579287,0.494531,0.498459,0.081053,0.033745,0,0.189464,0.145009,0.452617
2025-02-14,0,1,ok,0.1967138297047324,1.511159,0.5,0.570245,0.494014,0.487582,0.081709,0.033745,0,0.160449,0.127406,0.419524
2025-02-17,0,1,ok,0.1967038238933751,1.533005,0.75,0.570486,0.494028,0.49884,0.068994,0.035124,0,0.163167,0.126673,0.418146
2025-02-18,0,1,ok,0.2104840539391601,1.695031,0.5,0.573699,0.494211,0.582117,0.076266,0.035124,0,0.156056,0.143723,0.450199
2025-02-19,0,1,ok,0.2135426328892399,1.74547,0.75,0.557572,0.49329,0.611553,0.074042,0.035124,0,0.08396,0.124943,0.414892
2025-02-20,0,1,ok,0.2188921383270649,1.800232,0.75,0.56041,0.493452,0.639218,0.08294,0.035124,0,0.08622,0.134712,0.433258
2025-02-21,0,1,ok,0.2118975287996421,1.995356,0.75,0.567814,0.493875,0.738823,0.143935,0.035124,0,0.082497,0.166156,0.492374
2025-02-24,0,1,ok,0.2133405830895325,2.062373,0.75,0.574975,0.494284,0.772664,0.139334,0.010526,0,0.090919,0.189119,0.535544
2025-02-25,0,1,ok,0.2126107611913868,2.048282,0.75,0.566818,0.493818,0.766334,0.144951,0.010526,0,0.078943,0.16444,0.489147
2025-02-26,0,1,ok,0.2147276874271771,1.728819,0.5,0.568201,0.493897,0.600796,0.139575,0.010526,0,0.08031,0.169038,0.497792
2025-02-27,0,1,ok,0.2142142123142657,1.808551,0.75,0.570469,0.494027,0.641649,0.142328,0.010526,0,0.078845,0.178869,0.516274
2025-02-28,0,1,ok,0.214938947786936,1.437805,0.5,0.570375,0.494021,0.449533,0.163791,0.010526,0,0.082868,0.176005,0.510889
2025-03-03,0,1,ok,0.2136407272163235,1.605392,0.75,0.57184,0.494105,0.53603,0.179983,0.006688,0,0.081362,0.182705,0.523486
2025-03-04,0,1,ok,0.2156601455839165,1.338371,0.75,0.57381,0.494218,0.396929,0.159161,0.006688,0,0.081229,0.190541,0.538216
2025-03-05,0,1,ok,0.2176756182927132,1.408479,0.5,0.573204,0.494183,0.433504,0.200187,0.006688,0,0.087467,0.184289,0.526463
2025-03-06,0,1,ok,0.2155791556588547,1.494289,0.75,0.563247,0.493614,0.480723,0.207307,0.006688,0,0.077494,0.151287,0.46442
2025-03-07,0,1,ok,0.2159235227598085,1.396798,0.5,0.568307,0.493903,0.428894,0.200836,0.006688,0,0.080466,0.169357,0.498392
2025-03-10,0,1,ok,0.2143845713797952,1.873683,0.75,0.577166,0.494409,0.674274,0.247361,0.007133,0,0.079028,0.205111,0.565609
2025-03-11,0,1,ok,0.2141583521163125,1.581747,0.75,0.577903,0.494452,0.522265,0.246119,0.007133,0,0.080185,0.207296,0.569716
2025-03-12,0,1,ok,0.2176057130635111,1.506529,0.5,0.578779,0.494502,0.482896,0.256445,0.007133,0,0.085638,0.207361,0.569839
2025-03-13,0,1,ok,0.2157657480106371,1.265599,0.75,0.578455,0.494483,0.3576,0.258761,0.007133,0,0.078476,0.210526,0.57579
2025-03-14,0,1,ok,0.2151536094290245,1.001015,0.5,0.57732,0.494418,0.220367,0.290424,0.007133,0,0.08852,0.199834,0.555689
2025-03-17,0,1,ok,0.2169851423110967,1.060978,0.5,0.581102,0.494634,0.250079,0.280419,0.002445,0,0.092632,0.212746,0.577865
2025-03-18,0,1,ok,0.2155228213347155,1.077994,0.75,0.579718,0.494555,0.259481,0.282689,0.002445,0,0.088565,0.209245,0.573381
2025-03-19,0,1,ok,0.2347045822643973,1.191004,0.5,0.584708,0.49484,0.316555,0.268561,0.002445,0,0.122845,0.207635,0.570354
2025-03-20,0,1,ok,0.2229788353379846,1.260068,0.75,0.579748,0.494557,0.354287,0.256304,0.002445,0,0.114441,0.193325,0.543451
2025-03-21,0,0,high_risk_veto,0.2173762782039536,1.040778,0.5,0.573458,0.494198,0.242569,0.252624,0.002445,0,0.101951,0.17631,0.511463
2025-03-24,0,0,high_risk_veto,0.2157754540800326,0.980532,0.5,0.561058,0.493489,0.216341,0.213612,0.0,0,0.088434,0.135892,0.435477
2025-03-25,0,0,high_risk_veto,0.2383362400000422,0.929164,0.5,0.559667,0.49341,0.19043,0.209711,0.0,0,0.087826,0.130793,0.425891
2025-03-26,0,0,high_risk_veto,0.2212554251276384,1.185826,0.75,0.564854,0.493706,0.320892,0.218146,0.0,0,0.096014,0.146129,0.454722
2025-03-27,0,0,high_risk_veto,0.2160974367740767,1.434589,0.75,0.565016,0.493715,0.449395,0.192383,0.0,0,0.097229,0.146016,0.45451
2025-03-28,0,0,high_risk_veto,0.2560353822726673,1.686988,0.75,0.577344,0.49442,0.577141,0.215264,0.0,0,0.110337,0.186405,0.530442
2025-03-31,0,0,high_risk_veto,0.2572057946416901,1.385597,0.75,0.576698,0.494383,0.420578,0.21207,0.0,0,0.101567,0.189302,0.535887
2025-04-01,0,0,high_risk_veto,0.2367548960788404,1.167639,0.5,0.576189,0.494354,0.307437,0.204953,0.0,0,0.104556,0.185444,0.528634
2025-04-02,0,0,high_risk_veto,0.2707747851294551,0.811606,0.5,0.574438,0.494254,0.123168,0.204477,0.0,0,0.107966,0.176439,0.511706
2025-04-03,0,0,high_risk_veto,0.2194953183356794,1.233484,0.75,0.603079,0.49589,0.33233,0.357973,0.0,1,0.12408,0.328001,0.619373
2025-04-04,0,0,high_risk_veto,0.2217633857314586,1.65218,0.75,0.607946,0.496168,0.551905,0.451224,0.0,1,0.1261,0.358979,0.630149
2025-04-07,0,0,high_risk_veto,0.2126526023992576,1.554188,0.5,0.590431,0.495167,0.504699,0.422577,0.0,0,0.120661,0.245905,0.590048
2025-04-08,0,0,high_risk_veto,0.2042162032381967,1.179771,0.75,0.596499,0.495514,0.306421,0.415432,0.0,0,0.165146,0.239565,0.587735
2025-04-09,0,0,high_risk_veto,0.2354116907448128,0.377404,0.5,0.585667,0.494895,0.0,0.681432,0.0,0,0.123316,0.211117,0.576901
2025-04-10,0,0,high_risk_veto,0.22430021833358,0.93613,0.75,0.596594,0.49552,0.178384,0.690872,0.0,1,0.195558,0.20934,0.57356
2025-04-11,0,0,high_risk_veto,0.2089834588789513,0.696374,0.5,0.634069,0.497661,0.033391,0.696485,0.0,1,0.219708,0.440528,0.65
2025-04-14,0,0,high_risk_veto,0.2233917898975927,1.060504,0.5,0.609992,0.496285,0.238365,0.696246,0.0,1,0.143516,0.354225,0.628505
2025-04-15,0,0,high_risk_veto,0.2231916340760914,0.628119,0.5,0.620296,0.496874,0.004162,0.696176,0.0,1,0.208634,0.354552,0.628618
2025-04-16,0,0,high_risk_veto,0.2138584890260079,1.097313,0.75,0.607331,0.496133,0.258884,0.702519,0.0,1,0.164466,0.313665,0.614334
2025-04-17,0,0,high_risk_veto,0.2119981479780811,1.190108,0.75,0.631617,0.497521,0.298917,0.639473,0.0,1,0.253846,0.383208,0.638473
2025-04-18,0,0,high_risk_veto,0.2139859689752135,1.202823,0.75,0.625665,0.497181,0.307927,0.538552,0.0,1,0.248166,0.348711,0.626594
2025-04-21,0,0,high_risk_veto,0.2154590810427277,1.185839,0.75,0.636621,0.497807,0.294743,0.552134,0.0,1,0.267921,0.402255,0.644955
2025-04-22,0,0,high_risk_veto,0.2163107968067452,0.934615,0.5,0.624563,0.497118,0.165322,0.5561,0.0,1,0.257858,0.330819,0.620359
2025-04-23,0,0,high_risk_veto,0.2213855850454446,0.753134,0.5,0.585518,0.494887,0.087552,0.30164,0.0,0,0.133166,0.204424,0.564317
2025-04-24,0,0,high_risk_veto,0.2226392626501868,0.293506,0.5,0.582155,0.494695,0.0,0.268799,0.0,0,0.127209,0.194884,0.546382
2025-04-25,0,0,high_risk_veto,0.2208347410574634,0.503095,0.5,0.579361,0.494535,0.0,0.245295,0.0,0,0.133352,0.180078,0.518546
2025-04-28,0,0,high_risk_veto,0.2202044052273582,0.750917,0.75,0.584659,0.494838,0.086804,0.246356,0.0,0,0.140205,0.19668,0.549758
2025-04-29,0,0,high_risk_veto,0.2245792207246811,0.945427,0.5,0.583804,0.494789,0.188719,0.243687,0.0,0,0.137494,0.194996,0.546593
2025-04-30,0,0,high_risk_veto,0.2256873593827761,1.025353,0.75,0.573199,0.494183,0.234666,0.188534,0.0,0,0.123888,0.161696,0.483988
2025-05-01,0,0,high_risk_veto,0.2232382979788778,0.890641,0.5,0.577418,0.494424,0.162918,0.192024,0.0,0,0.127212,0.176237,0.511325
2025-05-02,0,0,high_risk_veto,0.2229486511423572,0.850392,0.5,0.576692,0.494382,0.142307,0.205466,0.0,0,0.133863,0.169261,0.49821
2025-05-05,0,0,high_risk_veto,0.2251729117191671,0.982409,0.75,0.569701,0.493983,0.213805,0.1616,0.0,0,0.126242,0.146471,0.455365
2025-05-06,0,0,high_risk_veto,0.2239577891113315,1.247156,0.75,0.569803,0.493989,0.350924,0.162829,0.0,0,0.124552,0.147917,0.458085
2025-05-07,0,0,high_risk_veto,0.2266165571419145,1.347852,0.5,0.567883,0.493879,0.403686,0.15353,0.0,0,0.114092,0.146845,0.456069
2025-05-08,0,1,ok,0.227700876477994,1.215588,0.5,0.569458,0.493969,0.334688,0.151582,0.0,0,0.115599,0.152109,0.465965
2025-05-09,0,1,ok,0.2334102899505304,1.176371,0.75,0.563293,0.493617,0.316557,0.154228,0.0,0,0.110174,0.131211,0.426678
2025-05-12,0,1,ok,0.2244774844476554,0.939171,0.5,0.575591,0.494319,0.188931,0.232559,0.008633,0,0.134198,0.164716,0.489666
2025-05-13,0,1,ok,0.2249537682484559,1.014303,0.5,0.590581,0.495176,0.221912,0.231102,0.008633,0,0.213385,0.174628,0.5083
2025-05-14,0,1,ok,0.2242654659365852,1.071257,0.5,0.582059,0.494689,0.255064,0.226586,0.008633,0,0.146781,0.182373,0.522861
2025-05-15,0,1,ok,0.226228568413884,1.493136,0.5,0.57283,0.494162,0.477543,0.231057,0.008633,0,0.125389,0.159314,0.47951
2025-05-16,0,1,ok,0.2265030164069771,1.585392,0.5,0.576518,0.494372,0.524504,0.217641,0.008633,0,0.131423,0.170085,0.499759
2025-05-19,0,1,ok,0.2265525831561906,1.609093,0.5,0.572165,0.494124,0.537872,0.213253,0.025922,0,0.129928,0.153881,0.469297
2025-05-20,0,1,ok,0.2262716480925241,1.65678,0.75,0.57306,0.494175,0.562405,0.197413,0.025922,0,0.128618,0.158216,0.477446
2025-05-21,0,1,ok,0.2209307844377186,1.847929,0.75,0.577047,0.494403,0.660901,0.214043,0.025922,0,0.13541,0.169697,0.499031
2025-05-22,0,1,ok,0.2215859518796689,1.836603,0.5,0.574642,0.494265,0.655442,0.212386,0.025922,0,0.128418,0.164567,0.489387
2025-05-23,0,1,ok,0.2203190625329646,1.873352,0.75,0.583199,0.494754,0.673076,0.221666,0.025922,0,0.141945,0.189855,0.536928
2025-05-26,0,1,ok,0.2211371015018193,1.703574,0.75,0.580069,0.494575,0.58518,0.095128,0.036778,0,0.142294,0.177324,0.51337
2025-05-27,0,1,ok,0.2234378857747536,1.484482,0.5,0.575372,0.494307,0.472357,0.122541,0.036778,0,0.135639,0.162962,0.486368
2025-05-28,0,1,ok,0.2231879551822445,1.457073,0.75,0.571876,0.494107,0.459098,0.120341,0.036778,0,0.127415,0.154303,0.470089
2025-05-29,0,1,ok,0.2252494904186066,1.436242,0.5,0.568339,0.493905,0.449304,0.120205,0.036778,0,0.119124,0.145523,0.453583
2025-05-30,0,1,ok,0.2260325585962863,1.666246,0.75,0.57094,0.494054,0.567793,0.115368,0.036778,0,0.125861,0.151582,0.464975
2025-06-02,0,1,ok,0.2233710520338438,1.516373,0.5,0.576085,0.494348,0.488737,0.126782,0.028551,0,0.129472,0.169591,0.498832
2025-06-03,0,1,ok,0.2254149931818762,1.485527,0.5,0.571936,0.494111,0.473838,0.131454,0.028551,0,0.130393,0.152694,0.467064
2025-06-04,0,1,ok,0.2298358023102961,1.475729,0.5,0.566516,0.493801,0.470246,0.127581,0.028551,0,0.116025,0.140267,0.443702
2025-06-05,0,1,ok,0.2262642108408213,1.654218,0.75,0.573661,0.494209,0.560938,0.12656,0.028551,0,0.12955,0.160002,0.480804
2025-06-06,0,1,ok,0.2263501477092734,1.642246,0.5,0.570471,0.494027,0.555459,0.140093,0.028551,0,0.128239,0.148261,0.458731
2025-06-09,0,1,ok,0.2265596874641937,1.661785,0.5,0.566143,0.49378,0.566558,0.140637,0.033082,0,0.119617,0.136575,0.43676
2025-06-10,0,1,ok,0.2268464511045827,1.534474,0.5,0.570627,0.494036,0.499565,0.121182,0.033082,0,0.134466,0.145017,0.452632
2025-06-11,0,1,ok,0.2242327684494661,1.652531,0.75,0.560824,0.493476,0.562975,0.12721,0.033082,0,0.084934,0.13714,0.437822
2025-06-12,0,1,ok,0.2216455958202259,1.60816,0.5,0.566127,0.493779,0.538832,0.12733,0.033082,0,0.091005,0.154247,0.469984
2025-06-13,0,1,ok,0.2177207634780637,1.75741,0.75,0.572626,0.49415,0.614714,0.13273,0.033082,0,0.094873,0.177425,0.51356
2025-06-16,0,1,ok,0.21783454093774,1.587973,0.5,0.566411,0.493795,0.528324,0.139098,0.030942,0,0.091449,0.155088,0.471565
2025-06-17,0,1,ok,0.2214040035920211,1.713395,0.75,0.575621,0.494321,0.591242,0.154367,0.030942,0,0.093593,0.190003,0.537205
2025-06-18,0,1,ok,0.2197317825283972,1.598053,0.75,0.570861,0.494049,0.532461,0.148658,0.030942,0,0.089048,0.17409,0.507288
2025-06-19,0,1,ok,0.2202427256378553,1.714729,0.75,0.568137,0.493894,0.593516,0.148257,0.030942,0,0.088592,0.163653,0.487667
2025-06-20,0,1,ok,0.2202902939791199,1.671123,0.75,0.571429,0.494082,0.570212,0.11105,0.030942,0,0.095632,0.172244,0.503819
2025-06-23,0,1,ok,0.2218864537182821,1.566468,0.5,0.571249,0.494071,0.515991,0.118959,0.031326,0,0.092734,0.173329,0.505859
2025-06-24,0,1,ok,0.2305454848637994,1.429593,0.5,0.56492,0.49371,0.446841,0.124163,0.031326,0,0.086303,0.15241,0.466531
2025-06-25,0,1,ok,0.2262455229222476,1.358022,0.5,0.567472,0.493856,0.409075,0.119061,0.031326,0,0.092448,0.158646,0.478254
2025-06-26,0,1,ok,0.2279510344870596,1.379062,0.5,0.564273,0.493673,0.420921,0.120806,0.031326,0,0.085846,0.150148,0.462278
2025-06-27,0,1,ok,0.2276117760650864,1.488162,0.5,0.567164,0.493838,0.476501,0.116147,0.031326,0,0.08627,0.161262,0.483173
2025-06-30,0,1,ok,0.2275093644150081,1.451871,0.5,0.559824,0.493419,0.459776,0.100688,0.007337,0,0.079514,0.136562,0.436736
2025-07-01,0,1,ok,0.2253570062975496,1.626416,0.75,0.567373,0.49385,0.547981,0.061081,0.007337,0,0.092534,0.158202,0.477419
2025-07-02,0,1,ok,0.2210376976017439,1.607639,0.5,0.566075,0.493776,0.538575,0.061226,0.007337,0,0.09795,0.149738,0.461507
2025-07-03,0,1,ok,0.2168539781440205,1.593266,0.5,0.565078,0.493719,0.531385,0.072676,0.007337,0,0.097985,0.14579,0.454086
2025-07-04,0,1,ok,0.2211742901936691,1.533143,0.75,0.564384,0.493679,0.500492,0.063946,0.007337,0,0.095823,0.144398,0.451468
2025-07-07,0,1,ok,0.2128394487040149,1.691811,0.75,0.565627,0.49375,0.582196,0.078563,0.009718,0,0.09932,0.147125,0.456594
2025-07-08,0,1,ok,0.2179096831955754,1.803026,0.75,0.564018,0.493658,0.63999,0.076375,0.009718,0,0.094875,0.143547,0.449869
2025-07-09,0,1,ok,0.2168146898992612,1.736227,0.5,0.555628,0.493179,0.607188,0.075774,0.009718,0,0.077363,0.121381,0.408196
2025-07-10,0,1,ok,0.2168617329485319,1.661496,0.75,0.553459,0.493055,0.569234,0.075461,0.009718,0,0.073424,0.115289,0.396743
2025-07-11,0,1,ok,0.2163635180468269,1.669595,0.75,0.5577,0.493297,0.572463,0.071067,0.009718,0,0.084009,0.125419,0.415789
2025-07-14,0,1,ok,0.2165515428263971,1.70415,0.5,0.553789,0.493074,0.591077,0.070746,0.010527,0,0.079248,0.112976,0.392394
2025-07-15,0,1,ok,0.216223733566141,1.699734,0.5,0.558512,0.493344,0.587808,0.072006,0.010527,0,0.094416,0.122163,0.409666
2025-07-16,0,1,ok,0.21605342210476,1.667877,0.5,0.565359,0.493735,0.569882,0.068046,0.010527,0,0.100171,0.14554,0.453614
2025-07-17,0,1,ok,0.2165969113678925,1.635462,0.5,0.558167,0.493324,0.554783,0.04548,0.010527,0,0.084949,0.126671,0.418141
2025-07-18,0,1,ok,0.2168792325984476,1.65744,0.75,0.552131,0.492979,0.567445,0.05007,0.010527,0,0.072672,0.11053,0.387796
2025-07-21,0,1,ok,0.2169649347211887,1.627175,0.5,0.553721,0.49307,0.551541,0.042126,0.04495,0,0.077386,0.113865,0.394066
2025-07-22,0,1,ok,0.2172556030163723,1.758511,0.75,0.555078,0.493147,0.618756,0.046356,0.04495,0,0.074736,0.120847,0.407193
2025-07-23,0,1,ok,0.2169448183355697,1.692097,0.5,0.555263,0.493158,0.584569,0.073761,0.04495,0,0.075061,0.121372,0.40818
2025-07-24,0,1,ok,0.2170407017851722,1.713821,0.5,0.552868,0.493021,0.596237,0.073214,0.04495,0,0.072623,0.11346,0.393304
2025-07-25,0,1,ok,0.2170404960062293,1.611709,0.5,0.554035,0.493088,0.543521,0.073143,0.04495,0,0.075221,0.116443,0.398913
2025-07-28,0,1,ok,0.2170262647759555,1.621185,0.5,0.557686,0.493296,0.547542,0.073061,0.039811,0,0.084813,0.124863,0.414743
2025-07-29,0,1,ok,0.2171347413949124,1.649583,0.75,0.558411,0.493338,0.561999,0.090899,0.039811,0,0.084095,0.128162,0.420945
2025-07-30,0,1,ok,0.2171906293260831,1.665829,0.5,0.556551,0.493231,0.570778,0.09118,0.039811,0,0.075463,0.126192,0.417242
2025-07-31,0,1,ok,0.2164450272382781,1.725872,0.75,0.56511,0.493721,0.599911,0.089691,0.039811,0,0.090137,0.150782,0.46347
2025-08-01,0,1,ok,0.2159246006087135,1.858708,0.75,0.579022,0.494516,0.666164,0.166943,0.039811,0,0.098217,0.200523,0.556984
2025-08-04,0,1,ok,0.2163194765594036,1.636207,0.5,0.574264,0.494244,0.551448,0.186208,0.028011,0,0.084009,0.190606,0.538339
2025-08-05,0,1,ok,0.2164471308316667,1.624964,0.75,0.56977,0.493987,0.546667,0.186642,0.028011,0,0.087351,0.170848,0.501193
2025-08-06,0,1,ok,0.2129795028784368,1.306723,0.5,0.571919,0.49411,0.381106,0.179775,0.028011,0,0.130506,0.152555,0.466804
2025-08-07,0,1,ok,0.2110881150671167,1.486381,0.5,0.562862,0.493592,0.476744,0.17887,0.028011,0,0.117087,0.12523,0.415433
2025-08-08,0,1,ok,0.2116786676757043,1.349594,0.5,0.564845,0.493705,0.405522,0.187944,0.028011,0,0.116471,0.133417,0.430823
2025-08-11,0,1,ok,0.2117453217446278,1.524955,0.75,0.564456,0.493683,0.496243,0.187298,0.026038,0,0.121796,0.128585,0.421739
2025-08-12,0,1,ok,0.2111751165378355,1.444411,0.5,0.559614,0.493407,0.45599,0.191003,0.026038,0,0.103763,0.120707,0.406929
2025-08-13,0,1,ok,0.2110281096214407,1.559893,0.75,0.560982,0.493485,0.515163,0.190792,0.026038,0,0.106123,0.124626,0.414298
2025-08-14,0,1,ok,0.2116863482231063,1.548418,0.75,0.563001,0.4936,0.508734,0.189143,0.026038,0,0.118913,0.124646,0.414335
2025-08-15,0,1,ok,0.2128624920515301,1.70712,0.75,0.560513,0.493458,0.591191,0.098868,0.026038,0,0.116468,0.116369,0.398773
2025-08-18,0,1,ok,0.2130461969944154,1.69003,0.75,0.563055,0.493603,0.581831,0.083143,0.040271,0,0.124725,0.121255,0.40796
2025-08-19,0,1,ok,0.2138705478025489,1.793357,0.75,0.568219,0.493898,0.634201,0.093618,0.040271,0,0.134904,0.135269,0.434306
2025-08-20,0,1,ok,0.2141358486673923,1.764671,0.75,0.570119,0.494007,0.618977,0.092143,0.040271,0,0.139107,0.140139,0.443462
2025-08-21,0,1,ok,0.2137460023862866,1.763481,0.75,0.574154,0.494237,0.617561,0.092622,0.040271,0,0.149005,0.149883,0.461781
2025-08-22,0,1,ok,0.2153499939996723,1.461113,0.5,0.568071,0.49389,0.462254,0.091826,0.040271,0,0.141231,0.130762,0.425833
2025-08-25,0,1,ok,0.2154868999467962,1.449833,0.75,0.565953,0.493769,0.457011,0.091719,0.030526,0,0.133051,0.1275,0.419699
2025-08-26,0,1,ok,0.2159489054346138,1.369367,0.5,0.563265,0.493615,0.416217,0.073435,0.030526,0,0.126323,0.121092,0.407654
2025-08-27,0,1,ok,0.2153002341456277,1.501522,0.5,0.565623,0.49375,0.483825,0.073476,0.030526,0,0.13053,0.127765,0.420198
2025-08-28,0,1,ok,0.2135663960642858,1.39191,0.5,0.560094,0.493434,0.428792,0.071621,0.030526,0,0.11082,0.118221,0.402255
2025-08-29,0,1,ok,0.214176267854787,1.529806,0.75,0.573496,0.4942,0.496396,0.075434,0.030526,0,0.14655,0.148817,0.459775
2025-09-01,0,1,ok,0.2141159569277197,1.521749,0.75,0.571098,0.494063,0.492846,0.075207,0.033965,0,0.141782,0.142337,0.447593
2025-09-02,0,1,ok,0.2158930739131961,1.650437,0.75,0.574388,0.494251,0.558809,0.067286,0.033965,0,0.149429,0.150545,0.463024
2025-09-03,0,1,ok,0.2111091849386221,1.440116,0.5,0.575236,0.494299,0.449343,0.064576,0.033965,0,0.150046,0.153499,0.468578
2025-09-04,0,1,ok,0.2110037504150833,1.336707,0.5,0.57265,0.494151,0.396429,0.066497,0.033965,0,0.14413,0.146987,0.456335
2025-09-05,0,1,ok,0.2107766294780109,1.249251,0.5,0.576591,0.494377,0.349723,0.056825,0.033965,0,0.155377,0.155526,0.472389
2025-09-08,0,1,ok,0.2107499572691363,1.294475,0.5,0.576456,0.494369,0.373279,0.056491,0.026771,0,0.154246,0.155697,0.472711
2025-09-09,0,1,ok,0.2107998789987237,1.367019,0.5,0.577084,0.494405,0.410801,0.062646,0.026771,0,0.158028,0.155822,0.472945
2025-09-10,0,1,ok,0.2108152009972341,1.33499,0.75,0.571572,0.49409,0.395876,0.062565,0.026771,0,0.141808,0.144184,0.451065
2025-09-11,0,1,ok,0.2108213345729183,1.295524,0.5,0.56371,0.493641,0.377947,0.071959,0.026771,0,0.122843,0.124999,0.414998
2025-09-12,0,1,ok,0.2108444292444054,1.271503,0.5,0.566071,0.493775,0.364766,0.067455,0.026771,0,0.127931,0.131137,0.426537
2025-09-15,0,1,ok,0.2109678042335597,1.211922,0.5,0.561451,0.493511,0.335545,0.068749,0.024409,0,0.124746,0.114929,0.396067
2025-09-16,0,1,ok,0.2108970013266769,1.294417,0.75,0.567362,0.493849,0.376198,0.06421,0.024409,0,0.140569,0.128385,0.421364
2025-09-17,0,1,ok,0.2108650990764737,1.364956,0.75,0.564112,0.493664,0.413683,0.064196,0.024409,0,0.125017,0.125232,0.415436
2025-09-18,0,1,ok,0.2109697172098479,1.40373,0.5,0.568439,0.493911,0.432443,0.071926,0.024409,0,0.144296,0.130312,0.424987
2025-09-19,0,1,ok,0.2108618124533538,1.370491,0.5,0.56574,0.493757,0.416051,0.051327,0.024409,0,0.137517,0.123893,0.41292
2025-09-22,0,1,ok,0.2109854375359348,1.332527,0.5,0.56668,0.49381,0.39613,0.050198,0.030042,0,0.143559,0.123847,0.412832
2025-09-23,0,1,ok,0.2109415286496183,1.496371,0.75,0.565644,0.493751,0.481156,0.076473,0.030042,0,0.131288,0.127377,0.419469
2025-09-24,0,1,ok,0.2110205659807127,1.610558,0.75,0.569172,0.493953,0.539347,0.077267,0.030042,0,0.145542,0.132426,0.428961
2025-09-25,0,1,ok,0.2109951501217656,1.712758,0.75,0.570692,0.49404,0.591956,0.0767,0.030042,0,0.146018,0.138113,0.439653
2025-09-26,0,1,ok,0.2109339313628966,1.602681,0.5,0.562129,0.49355,0.536956,0.080651,0.030042,0,0.123607,0.118304,0.402412
2025-09-29,0,1,ok,0.210946777191243,1.524324,0.5,0.563823,0.493647,0.496081,0.080424,0.034525,0,0.127035,0.122847,0.410952
2025-09-30,0,1,ok,0.2109606593452164,1.457927,0.5,0.563613,0.493635,0.461847,0.079186,0.034525,0,0.126408,0.122406,0.410123
2025-10-01,0,0,high_risk_veto,0.3792547813868491,1.450153,0.5,0.565832,0.493762,0.45721,0.07956,0.034525,0,0.138501,0.123644,0.412451
2025-10-02,0,0,high_risk_veto,0.3924779757772484,1.461101,0.5,0.562317,0.493561,0.463845,0.07212,0.034525,0,0.120664,0.120866,0.407228
2025-10-03,0,0,high_risk_veto,0.3828970594069343,1.535919,0.75,0.572154,0.494123,0.499918,0.068988,0.034525,0,0.146193,0.143755,0.45026
2025-10-06,0,0,high_risk_veto,0.3887909123942549,1.531725,0.5,0.564107,0.493663,0.49983,0.06853,0.0,0,0.126454,0.124322,0.413726
2025-10-07,0,0,high_risk_veto,0.4002450193555574,1.617543,0.75,0.573137,0.494179,0.542024,0.061775,0.0,0,0.14804,0.146481,0.455385
2025-10-08,0,0,high_risk_veto,0.3976168615342669,1.472134,0.5,0.563486,0.493628,0.469218,0.065027,0.0,0,0.125666,0.122369,0.410053
2025-10-09,0,0,high_risk_veto,0.3983033412741872,1.548153,0.75,0.563531,0.49363,0.508463,0.063955,0.0,0,0.126427,0.122074,0.409499
2025-10-10,0,0,high_risk_veto,0.3621816987845699,1.802622,0.75,0.589252,0.4951,0.635024,0.183168,0.0,0,0.183741,0.187771,0.533009
2025-10-13,0,0,high_risk_veto,0.3423471914278552,1.654489,0.5,0.593058,0.495318,0.556614,0.201903,0.0,0,0.175214,0.208034,0.571103
2025-10-14,0,0,high_risk_veto,0.3598694025824136,1.668112,0.75,0.585853,0.494906,0.5654,0.200413,0.0,0,0.174125,0.180354,0.519066
2025-10-15,0,0,high_risk_veto,0.3462817618197885,1.268911,0.5,0.577092,0.494405,0.359778,0.203564,0.0,0,0.149898,0.160893,0.482479
2025-10-16,0,0,high_risk_veto,0.3727947088045454,1.528114,0.75,0.588867,0.495078,0.491461,0.209524,0.0,0,0.178287,0.189637,0.536518
2025-10-17,0,0,high_risk_veto,0.3658935338289699,1.412651,0.5,0.57762,0.494435,0.434373,0.214017,0.0,0,0.141102,0.168425,0.496639
2025-10-20,0,0,high_risk_veto,0.3820288730605,1.368759,0.5,0.565715,0.493755,0.415163,0.217398,0.0,0,0.130004,0.128452,0.421489
2025-10-21,0,0,high_risk_veto,0.3809331961481688,1.363581,0.75,0.566663,0.493809,0.412198,0.21595,0.0,0,0.127275,0.133871,0.431678
2025-10-22,0,0,high_risk_veto,0.3957471338746716,1.522418,0.75,0.568037,0.493888,0.493995,0.213445,0.0,0,0.132038,0.136326,0.436294
2025-10-23,0,0,high_risk_veto,0.3696798551837311,1.568745,0.5,0.569827,0.49399,0.517528,0.220591,0.0,0,0.132455,0.143115,0.449057
2025-10-24,0,0,high_risk_veto,0.3991225048848144,1.458192,0.5,0.555145,0.493151,0.464326,0.128824,0.0,0,0.104301,0.102786,0.373237
2025-10-27,0,0,high_risk_veto,0.3800205186545974,1.223443,0.5,0.564409,0.493681,0.340482,0.122779,0.0,0,0.139651,0.117334,0.400587
2025-10-28,0,0,high_risk_veto,0.381158970000952,1.250184,0.5,0.564811,0.493704,0.354163,0.117222,0.0,0,0.147159,0.114261,0.394811
2025-10-29,0,1,ok,0.2129277881323833,1.332513,0.5,0.568107,0.493892,0.395677,0.118137,0.0,0,0.147738,0.126874,0.418522
2025-10-30,0,1,ok,0.212809810001823,1.665706,0.75,0.557245,0.493271,0.570561,0.111322,0.0,0,0.111267,0.106731,0.380654
2025-10-31,0,1,ok,0.2128208004409134,1.694602,0.5,0.56152,0.493515,0.584521,0.109655,0.0,0,0.119727,0.118313,0.402429
2025-11-03,0,1,ok,0.2128662112806845,1.684668,0.5,0.559383,0.493393,0.57986,0.104567,0.038192,0,0.118237,0.110824,0.388349
2025-11-04,0,1,ok,0.2127078129039024,1.704318,0.75,0.563628,0.493636,0.589086,0.129191,0.038192,0,0.119897,0.126503,0.417826
2025-11-05,0,1,ok,0.2127079914087885,1.687075,0.5,0.564908,0.493709,0.579904,0.12683,0.038192,0,0.12586,0.127844,0.420347
2025-11-06,0,1,ok,0.212641908917854,1.890615,0.75,0.564025,0.493659,0.685231,0.151303,0.038192,0,0.122732,0.126306,0.417454
2025-11-07,0,1,ok,0.2126666565127073,1.697267,0.75,0.565081,0.493719,0.585134,0.146213,0.038192,0,0.122163,0.130817,0.425935
2025-11-10,0,1,ok,0.2126305000124872,1.507216,0.5,0.562548,0.493574,0.487583,0.159124,0.027529,0,0.119321,0.122609,0.410504
2025-11-11,0,1,ok,0.212694724706118,1.335605,0.75,0.562224,0.493556,0.399107,0.158889,0.027529,0,0.127191,0.116455,0.398936
2025-11-12,0,1,ok,0.2126974686795661,1.304068,0.75,0.560493,0.493457,0.383383,0.154055,0.027529,0,0.116544,0.116245,0.39854
2025-11-13,0,1,ok,0.2126063575791933,1.706719,0.75,0.565842,0.493762,0.589857,0.161915,0.027529,0,0.126829,0.13092,0.42613
2025-11-14,0,1,ok,0.2124817972583272,1.648906,0.5,0.566085,0.493776,0.559911,0.161317,0.027529,0,0.122647,0.134467,0.432797
2025-11-17,0,1,ok,0.2123984083728619,1.706329,0.75,0.581954,0.494683,0.586208,0.165854,0.030363,0,0.163304,0.171719,0.502831
2025-11-18,0,1,ok,0.2123809269448768,1.601585,0.75,0.586673,0.494953,0.530444,0.16133,0.030363,0,0.146574,0.200659,0.55724
2025-11-19,0,1,ok,0.2124909229499862,1.528613,0.5,0.578647,0.494494,0.494426,0.156113,0.030363,0,0.149549,0.167228,0.494389
2025-11-20,0,1,ok,0.2124180295718513,1.639258,0.75,0.583478,0.49477,0.550883,0.160764,0.030363,0,0.144448,0.189405,0.536081
2025-11-21,0,1,ok,0.2127888430620488,1.393966,0.5,0.579582,0.494548,0.424066,0.167107,0.030363,0,0.162924,0.162619,0.485723
2025-11-24,0,1,ok,0.2128550715959417,1.187463,0.5,0.571568,0.49409,0.319376,0.156409,0.017583,0,0.136266,0.147604,0.457495
2025-11-25,0,1,ok,0.2130472578007856,0.912699,0.5,0.581909,0.494681,0.172458,0.163281,0.017583,0,0.166058,0.169835,0.49929
2025-11-26,0,1,ok,0.2170557918712141,0.945868,0.5,0.579572,0.494547,0.190736,0.167974,0.017583,0,0.169036,0.158792,0.478529
2025-11-27,0,1,ok,0.2080483946515182,1.224801,0.75,0.576771,0.494387,0.336949,0.153598,0.017583,0,0.160145,0.153279,0.468165
2025-11-28,0,1,ok,0.203188321809139,1.238219,0.5,0.574094,0.494234,0.344837,0.157837,0.017583,0,0.167111,0.138427,0.440243
2025-12-01,0,1,ok,0.2064049457717097,1.40011,0.75,0.559111,0.493378,0.433306,0.145142,0.025633,0,0.118012,0.109893,0.386599
2025-12-02,0,1,ok,0.2118128699140785,1.37954,0.5,0.552946,0.493026,0.424536,0.130204,0.025633,0,0.102261,0.095396,0.359345
2025-12-03,0,1,ok,0.2153350363368656,1.482773,0.5,0.557996,0.493314,0.476197,0.130071,0.025633,0,0.1121,0.109171,0.385242
2025-12-04,0,1,ok,0.2095297498307742,1.487465,0.75,0.564592,0.493691,0.476836,0.06526,0.025633,0,0.137845,0.119172,0.404043
2025-12-05,0,1,ok,0.2166545742894229,1.547413,0.5,0.56505,0.493717,0.507694,0.064431,0.025633,0,0.141161,0.118918,0.403566
2025-12-08,0,1,ok,0.2041278613716997,1.609583,0.75,0.556122,0.493207,0.541938,0.047083,0.05508,0,0.119821,0.097011,0.36238
2025-12-09,0,1,ok,0.2042020808308659,1.612179,0.5,0.565837,0.493762,0.540979,0.04348,0.05508,0,0.146657,0.11861,0.402986
2025-12-10,0,1,ok,0.2055889656738175,1.624426,0.5,0.567797,0.493874,0.546852,0.038864,0.05508,0,0.16114,0.117345,0.400609
2025-12-11,0,1,ok,0.2064120312368324,1.634595,0.75,0.564781,0.493702,0.552813,0.037024,0.05508,0,0.136443,0.120783,0.407073
2025-12-12,0,1,ok,0.214674590489782,1.805794,0.75,0.569401,0.493966,0.64042,0.055865,0.05508,0,0.147367,0.132193,0.428523
2025-12-15,0,1,ok,0.2127598186462288,1.837318,0.75,0.563461,0.493626,0.657801,0.057991,0.049177,0,0.130912,0.119017,0.403752
2025-12-16,0,1,ok,0.2125093723005095,1.742809,0.5,0.563739,0.493642,0.608941,0.065469,0.049177,0,0.130699,0.120244,0.406058
2025-12-17,0,1,ok,0.2206732119780711,1.70744,0.75,0.569276,0.493959,0.589501,0.083686,0.049177,0,0.136603,0.138375,0.440145
2025-12-18,0,1,ok,0.2324764681940046,1.509608,0.5,0.569324,0.493961,0.487023,0.085575,0.049177,0,0.14428,0.133807,0.431557
2025-12-19,0,1,ok,0.2111601908024228,1.408657,0.5,0.569722,0.493984,0.434619,0.103564,0.049177,0,0.14343,0.135898,0.435489
2025-12-22,0,1,ok,0.2110673026248673,1.199342,0.5,0.571436,0.494082,0.325582,0.110753,0.020202,0,0.151554,0.13761,0.438707
2025-12-23,0,1,ok,0.2140324958019636,1.304842,0.5,0.566885,0.493822,0.381745,0.113371,0.020202,0,0.142274,0.12545,0.415846
2025-12-24,0,1,ok,0.2125776003763201,1.396058,0.5,0.560576,0.493461,0.430789,0.112514,0.020202,0,0.12541,0.111074,0.388818
2025-12-25,0,1,ok,0.2123978513712148,1.431422,0.75,0.5601,0.493434,0.449158,0.112032,0.020202,0,0.121564,0.111583,0.389776
2025-12-26,0,1,ok,0.2127914883067437,1.47451,0.75,0.563352,0.49362,0.470482,0.1023,0.020202,0,0.139185,0.113462,0.393308
2025-12-29,0,1,ok,0.2125136044196943,1.546396,0.75,0.557181,0.493267,0.509165,0.105548,0.043052,0,0.114293,0.104604,0.376655
2025-12-30,0,1,ok,0.2124176473154748,1.561006,0.75,0.557652,0.493294,0.516568,0.099927,0.043052,0,0.113136,0.107175,0.381489
2025-12-31,0,1,ok,0.2126087279616889,1.641569,0.75,0.565571,0.493747,0.556235,0.080832,0.043052,0,0.139192,0.12219,0.409718
2026-01-01,0,1,ok,0.2127639575750418,1.588853,0.75,0.566005,0.493772,0.528878,0.079437,0.043052,0,0.142082,0.122105,0.409557
2026-01-02,0,1,ok,0.2125417048996815,1.577174,0.75,0.566233,0.493785,0.522783,0.059238,0.043052,0,0.139403,0.124662,0.414365
2026-01-05,0,1,ok,0.2126968755422281,1.410798,0.5,0.564796,0.493703,0.437164,0.04949,0.033454,0,0.134608,0.12198,0.409323
2026-01-06,0,1,ok,0.2124799100208129,1.356495,0.5,0.56011,0.493435,0.410531,0.054207,0.033454,0,0.123722,0.110285,0.387335
2026-01-07,0,1,ok,0.2125887073901629,1.367744,0.5,0.56438,0.493679,0.415042,0.060541,0.033454,0,0.133977,0.120733,0.406978
2026-01-08,0,1,ok,0.212597875132647,1.543949,0.75,0.572344,0.494134,0.504035,0.062487,0.033454,0,0.159385,0.136327,0.436294
2026-01-09,0,1,ok,0.2129354611381947,1.544795,0.5,0.569416,0.493967,0.505225,0.067903,0.033454,0,0.159463,0.124758,0.414545
2026-01-12,0,1,ok,0.2124308395566594,1.559377,0.5,0.570472,0.494027,0.512511,0.060567,0.037068,0,0.153839,0.132399,0.428911
2026-01-13,0,1,ok,0.2131175143427982,1.531292,0.75,0.576814,0.494389,0.4963,0.064715,0.037068,0,0.17413,0.14478,0.452187
2026-01-14,0,1,ok,0.2128523638354292,1.738331,0.75,0.562143,0.493551,0.606953,0.072542,0.037068,0,0.122758,0.118886,0.403506
2026-01-15,0,1,ok,0.2129107686709352,1.713223,0.5,0.565652,0.493752,0.59326,0.074762,0.037068,0,0.134783,0.125242,0.415455
2026-01-16,0,1,ok,0.2127721044567141,1.714861,0.75,0.571818,0.494104,0.592809,0.07494,0.037068,0,0.15781,0.135233,0.434237
2026-01-19,0,1,ok,0.2126012682204358,1.623806,0.75,0.571505,0.494086,0.545659,0.074154,0.037671,0,0.158349,0.133667,0.431294
2026-01-20,0,1,ok,0.2126591928928971,1.912201,0.75,0.57572,0.494327,0.694536,0.108605,0.037671,0,0.149752,0.155583,0.472496
2026-01-21,0,1,ok,0.2062502258021282,1.794918,0.5,0.568837,0.493934,0.634892,0.117031,0.037671,0,0.150571,0.12799,0.420622
2026-01-22,0,1,ok,0.2060688780272773,1.756723,0.5,0.561932,0.493539,0.616486,0.119273,0.037671,0,0.130674,0.113147,0.392716
2026-01-23,0,1,ok,0.2058533435554777,1.517818,0.5,0.573972,0.494227,0.490048,0.115809,0.037671,0,0.169389,0.136533,0.436683
2026-01-26,0,1,ok,0.205917248683263,1.601663,0.5,0.565494,0.493743,0.535624,0.116507,0.033411,0,0.130611,0.127207,0.419149
2026-01-27,0,1,ok,0.2057843075066643,1.582387,0.5,0.567001,0.493829,0.525291,0.118136,0.033411,0,0.143004,0.125454,0.415853
2026-01-28,0,1,ok,0.2059442442375492,1.592233,0.5,0.562813,0.493589,0.531399,0.110496,0.033411,0,0.131399,0.116166,0.398392
2026-01-29,0,1,ok,0.2059525716452488,1.711898,0.75,0.565357,0.493735,0.592637,0.110826,0.033411,0,0.129452,0.127384,0.419482
2026-01-30,0,1,ok,0.2065289509832134,1.88764,0.75,0.572327,0.494133,0.682332,0.110936,0.033411,0,0.145785,0.144688,0.452014
2026-02-02,0,1,ok,0.2065033093867533,1.806927,0.5,0.566211,0.493784,0.641598,0.11696,0.039872,0,0.130304,0.130218,0.424811
2026-02-03,0,1,ok,0.2065254291266388,1.853472,0.75,0.574199,0.49424,0.664281,0.090251,0.039872,0,0.153324,0.147383,0.45708
2026-02-04,0,1,ok,0.206298426632104,1.85937,0.75,0.572837,0.494162,0.667579,0.085123,0.039872,0,0.14015,0.150192,0.46236
2026-02-05,0,1,ok,0.2059259105084181,1.99758,0.75,0.583414,0.494766,0.737857,0.119922,0.039872,0,0.154138,0.183144,0.524311
2026-02-06,0,1,ok,0.2061502901399818,1.562885,0.5,0.578068,0.494461,0.51241,0.161889,0.039872,0,0.144205,0.168261,0.496332
2026-02-09,0,1,ok,0.2063276803765936,1.297928,0.5,0.564454,0.493683,0.378949,0.16249,0.02108,0,0.131841,0.122351,0.41002
2026-02-10,0,1,ok,0.2055432764701311,1.209223,0.75,0.575956,0.49434,0.329133,0.162919,0.02108,0,0.167048,0.145792,0.454089
2026-02-11,0,1,ok,0.2057983166162317,1.431435,0.5,0.566738,0.493814,0.447273,0.163924,0.02108,0,0.139397,0.126655,0.418111
2026-02-12,0,1,ok,0.2056693884874244,1.708456,0.75,0.58112,0.494635,0.587497,0.193929,0.02108,0,0.180066,0.158045,0.477125
2026-02-13,0,1,ok,0.2056245787493133,1.642612,0.5,0.582482,0.494713,0.552866,0.193914,0.02108,0,0.177781,0.164823,0.489867
2026-02-16,0,1,ok,0.2057201251135702,1.650787,0.75,0.580889,0.494622,0.557496,0.18609,0.027645,0,0.171037,0.162734,0.48594
2026-02-17,0,1,ok,0.2059667800673209,1.437764,0.75,0.573367,0.494192,0.448657,0.185048,0.027645,0,0.143895,0.149956,0.461918
2026-02-18,0,1,ok,0.2002940637834322,1.37801,0.5,0.568662,0.493924,0.419061,0.190753,0.027645,0,0.139276,0.1343,0.432485
2026-02-19,0,1,ok,0.1991199946038021,1.40847,0.75,0.581282,0.494645,0.431115,0.167296,0.027645,0,0.181547,0.157766,0.4766
2026-02-20,0,1,ok,0.1966106262002044,1.323239,0.5,0.570677,0.494039,0.390065,0.136165,0.027645,0,0.14833,0.136618,0.436841
2026-02-23,0,1,ok,0.1996106834953255,1.503938,0.75,0.585518,0.494887,0.479722,0.145091,0.025806,0,0.184461,0.172631,0.504547
2026-02-24,0,1,ok,0.1977503549382942,1.343286,0.5,0.564146,0.493665,0.402478,0.151968,0.025806,0,0.127028,0.124122,0.413349
2026-02-25,0,1,ok,0.1926898641821269,1.294787,0.5,0.561419,0.49351,0.378301,0.160421,0.025806,0,0.120627,0.117358,0.400633
2026-02-26,0,1,ok,0.1873192655566858,1.312997,0.75,0.578078,0.494462,0.382388,0.121058,0.025806,0,0.173841,0.149934,0.461875
2026-02-27,0,1,ok,0.1933865907581986,1.466389,0.75,0.574346,0.494248,0.463242,0.128286,0.025806,0,0.159045,0.144418,0.451506
2026-03-02,0,1,ok,0.1960593834541312,1.604711,0.5,0.581766,0.494672,0.533274,0.132444,0.030055,0,0.162511,0.171471,0.502365
2026-03-03,0,1,ok,0.1985032946480951,1.585925,0.75,0.585814,0.494904,0.522473,0.138286,0.030055,0,0.179247,0.177027,0.512811
2026-03-04,0,1,ok,0.1912896216880577,1.434408,0.5,0.572046,0.494117,0.447294,0.141822,0.030055,0,0.141173,0.146445,0.455316
2026-03-05,0,1,ok,0.1965443974275806,1.505323,0.75,0.59198,0.495256,0.478686,0.141162,0.030055,0,0.186216,0.196972,0.550308
2026-03-06,0,1,ok,0.1918925657219314,1.580555,0.75,0.585285,0.494873,0.519801,0.147904,0.030055,0,0.165251,0.183621,0.525208
2026-03-09,0,1,ok,0.1996364177594926,1.594665,0.5,0.576146,0.494351,0.529416,0.136761,0.030123,0,0.152372,0.155637,0.472597
2026-03-10,0,1,ok,0.2055768403992581,1.563317,0.75,0.587661,0.495009,0.51019,0.130517,0.030123,0,0.202744,0.16973,0.499093
2026-03-11,0,1,ok,0.2053590798028201,1.428487,0.75,0.582711,0.494726,0.441131,0.121054,0.030123,0,0.189783,0.158286,0.477578
2026-03-12,0,1,ok,0.2016399578355206,1.745094,0.75,0.584673,0.494838,0.605861,0.128668,0.030123,0,0.175557,0.174823,0.508667
2026-03-13,0,1,ok,0.1981433247561292,1.802348,0.75,0.573354,0.494192,0.637893,0.124171,0.030123,0,0.144448,0.149562,0.461177
2026-03-16,0,1,ok,0.2002188582309079,1.666728,0.5,0.569385,0.493965,0.56839,0.122624,0.034396,0,0.136999,0.138557,0.440487
2026-03-17,0,1,ok,0.1989001616207607,1.458251,0.5,0.566753,0.493814,0.46114,0.117853,0.034396,0,0.134158,0.129962,0.424328
2026-03-18,0,1,ok,0.1948983372017015,1.568525,0.75,0.569797,0.493988,0.517421,0.111418,0.034396,0,0.154892,0.129091,0.422691
2026-03-19,0,1,ok,0.1969618519430357,1.753956,0.75,0.571319,0.494075,0.613184,0.111417,0.034396,0,0.150464,0.137825,0.439111
2026-03-20,0,1,ok,0.2030181699483365,1.99286,0.75,0.577616,0.494435,0.736192,0.097596,0.034396,0,0.182201,0.142934,0.448717
2026-03-23,0,1,ok,0.2055108694513294,1.715078,0.5,0.580132,0.494579,0.591158,0.102422,0.036376,0,0.180098,0.154138,0.469779
2026-03-24,0,1,ok,0.2034918539846448,1.735832,0.75,0.582615,0.494721,0.601453,0.101463,0.036376,0,0.188397,0.158767,0.478483
2026-03-25,0,1,ok,0.200974487022137,1.466577,0.5,0.579774,0.494559,0.461822,0.09809,0.036376,0,0.181545,0.151833,0.465446
2026-03-26,0,1,ok,0.2039285654598234,1.83176,0.75,0.586104,0.49492,0.650849,0.091573,0.036376,0,0.197528,0.166837,0.493654
2026-03-27,0,1,ok,0.2002236717587149,1.94404,0.75,0.586063,0.494918,0.70952,0.120201,0.036376,0,0.200479,0.164846,0.489911
2026-03-30,0,1,ok,0.1915160831797347,2.035243,0.75,0.581959,0.494683,0.757692,0.115266,0.010723,0,0.183301,0.159342,0.479564
2026-03-31,0,1,ok,0.1990368933342441,1.397515,0.5,0.599836,0.495705,0.419795,0.193894,0.010723,0,0.237204,0.196286,0.549017
2026-04-01,0,1,ok,0.1975497781982917,1.072731,0.5,0.582111,0.494692,0.255813,0.196295,0.010723,0,0.193944,0.153342,0.468284
2026-04-02,0,1,ok,0.1939063740353059,1.038329,0.5,0.597246,0.495557,0.231813,0.19596,0.010723,0,0.246739,0.180182,0.518742
2026-04-03,0,1,ok,0.1844365092238086,1.42383,0.75,0.584447,0.494826,0.438194,0.193587,0.010723,0,0.20254,0.157211,0.475556
2026-04-06,0,1,ok,0.1988314057780824,1.516096,0.5,0.586809,0.494961,0.485726,0.193007,0.013913,0,0.207204,0.163614,0.487594
2026-04-07,0,1,ok,0.1953347477200162,1.531206,0.75,0.589323,0.495104,0.492958,0.193346,0.013913,0,0.214435,0.169025,0.497766
2026-04-08,0,1,ok,0.1962276007550256,1.249523,0.5,0.565945,0.493768,0.353443,0.224051,0.013913,0,0.140471,0.122867,0.410989
2026-04-09,0,1,ok,0.1975530015614125,1.250129,0.5,0.558126,0.493321,0.356359,0.213784,0.013913,0,0.128713,0.099383,0.36684
2026-04-10,0,1,ok,0.2056294728718728,1.252207,0.5,0.571922,0.49411,0.35283,0.179796,0.013913,0,0.173007,0.126224,0.417301
2026-04-13,0,1,ok,0.2033428217614372,1.45312,0.5,0.564659,0.493695,0.459072,0.154766,0.026005,0,0.136367,0.120352,0.406261
2026-04-14,0,1,ok,0.1908700431110489,1.346116,0.5,0.56697,0.493827,0.403069,0.115184,0.026005,0,0.158566,0.115688,0.397494
2026-04-15,0,1,ok,0.1949642693283188,1.25392,0.5,0.563089,0.493605,0.356666,0.116336,0.026005,0,0.122219,0.122943,0.411133
2026-04-16,0,1,ok,0.2031879683533871,1.366742,0.5,0.563004,0.4936,0.41494,0.110114,0.026005,0,0.127881,0.119097,0.403902
2026-04-17,0,1,ok,0.1972288854198319,1.460726,0.5,0.567143,0.493837,0.462312,0.103897,0.026005,0,0.134151,0.1315,0.427221
2026-04-20,0,1,ok,0.2018078434388368,1.669781,0.75,0.563177,0.49361,0.57135,0.111778,0.0364,0,0.114026,0.128368,0.421332
2026-04-21,0,1,ok,0.2010427488320154,1.787583,0.75,0.565908,0.493766,0.631653,0.112418,0.0364,0,0.114125,0.139052,0.441418
2026-04-22,0,1,ok,0.1875042267976993,1.785547,0.5,0.566789,0.493817,0.630432,0.0698,0.0364,0,0.123726,0.136569,0.43675
2026-04-23,0,1,ok,0.1959405984736391,1.84418,0.75,0.571305,0.494075,0.659967,0.07877,0.0364,0,0.132184,0.1491,0.460308
2026-04-24,0,1,ok,0.1867905070474757,1.645579,0.5,0.565196,0.493725,0.558394,0.07707,0.0364,0,0.121089,0.131934,0.428037
2026-04-27,0,1,ok,0.1997519229517568,1.847672,0.75,0.561096,0.493491,0.663558,0.075399,0.047341,0,0.110438,0.1224,0.410111
2026-04-28,0,1,ok,0.204791762549577,1.896234,0.75,0.570931,0.494053,0.687017,0.081212,0.047341,0,0.136164,0.14516,0.452901
2026-04-29,0,1,ok,0.1880843565856319,2.032855,0.5,0.560351,0.493449,0.75916,0.0719,0.047341,0,0.10916,0.120259,0.406087
2026-04-30,0,1,ok,0.2095435886958456,1.956248,0.5,0.560997,0.493486,0.719572,0.076445,0.047341,0,0.093107,0.132752,0.429574
2026-05-01,0,1,ok,0.2021990812538654,1.813725,0.5,0.570244,0.494014,0.644372,0.073277,0.047341,0,0.142193,0.13872,0.440794
2026-05-04,0,1,ok,0.1874532339114076,1.941404,0.75,0.559115,0.493378,0.712195,0.072122,0.05168,0,0.108117,0.116044,0.398162
2026-05-05,0,1,ok,0.2165048246766706,1.95643,0.5,0.555505,0.493172,0.720457,0.06917,0.05168,0,0.087517,0.114606,0.39546
2026-05-06,0,1,ok,0.1944703799708363,1.885855,0.5,0.562706,0.493583,0.682989,0.06879,0.05168,0,0.118825,0.123536,0.412248
2026-05-07,0,1,ok,0.1828092935439769,1.922317,0.75,0.555992,0.4932,0.702839,0.064022,0.05168,0,0.101507,0.107849,0.382756
2026-05-08,0,1,ok,0.1868593177216946,1.898745,0.5,0.55706,0.493261,0.690544,0.063652,0.05168,0,0.103054,0.111093,0.388854
2026-05-11,0,1,ok,0.1934612839968324,2.160573,0.5,0.55739,0.493279,0.825273,0.064446,0.061711,0,0.104643,0.111409,0.389449
2026-05-12,0,1,ok,0.1826002258374475,2.276059,0.75,0.564506,0.493686,0.884298,0.049576,0.061711,0,0.122749,0.128188,0.420994
2026-05-13,0,1,ok,0.2000579816469104,2.383582,0.5,0.55879,0.493359,0.940028,0.049907,0.061711,0,0.083297,0.130147,0.424676
2026-05-14,0,1,ok,0.1992016695591233,2.295286,0.5,0.551756,0.492958,0.894924,0.05123,0.061711,0,0.072909,0.108907,0.384744
2026-05-15,0,1,ok,0.1984921790655055,2.355382,0.75,0.55703,0.493259,0.925569,0.066608,0.061711,0,0.077333,0.126919,0.418608
2026-05-18,0,1,ok,0.1859486248205918,2.497406,0.75,0.554783,0.49313,0.998667,0.067309,0.074663,0,0.079716,0.1166,0.399208
2026-05-19,0,1,ok,0.1905135506509696,2.641737,0.75,0.553167,0.493038,1.0,0.072416,0.074663,0,0.073643,0.114002,0.394324
2026-05-20,0,1,ok,0.1808378468010499,2.335166,0.5,0.551944,0.492968,0.915386,0.06424,0.074663,0,0.072493,0.109901,0.386615
2026-05-21,0,1,ok,0.1760309376715273,2.309985,0.5,0.550287,0.492874,0.902542,0.063171,0.074663,0,0.067961,0.106193,0.379643
2026-05-22,0,1,ok,0.1701257484469272,2.244751,0.5,0.550665,0.492895,0.869058,0.061069,0.074663,0,0.067878,0.107732,0.382536
2026-05-25,0,1,ok,0.1817936186808659,2.437236,0.75,0.548784,0.492788,0.967833,0.058969,0.097831,0,0.063635,0.102956,0.373557
2026-05-26,0,1,ok,0.1842894373032381,2.329259,0.5,0.552386,0.492994,0.912333,0.058991,0.097831,0,0.069415,0.113552,0.393478
2026-05-27,0,1,ok,0.1821447619376561,2.427568,0.75,0.553704,0.493069,0.962785,0.055776,0.097831,0,0.071676,0.117336,0.400592
2026-05-28,0,1,ok,0.1851908627768779,2.38299,0.5,0.553191,0.493039,0.939896,0.041145,0.097831,0,0.071938,0.115155,0.396491
2026-05-29,1,1,ok,0.1869456792523281,2.566337,0.75,0.548252,0.492757,1.0,0.032042,0.097831,0,0.066575,0.099042,0.366198
