model,auc,pr,lift,brier,ece
base_only,0.5150546881790278,0.21770241250249486,1.0015059700957365,0.16241241064535702,0.014696998436946019
dist_only,0.5007891017049171,0.2189487201886214,1.0898741439277133,0.18008684507279682,0.11508884863196507
base_plus_risk_overlay,0.5150546881790278,0.21770241250249486,1.0015059700957365,0.16241241064535702,0.014696998436946019
