Date,is_live,prob_voo,p0,alpha_score_raw,alpha_score,component_agreement,entry_z_eff,agreement_min_eff,signal_strength,defense_alpha_scale,governance_mult,caution_shrink,alpha_scale_effective,excess_vol10,vol_shrink,eligible,eligibility_reason,alpha_leg,alpha_position,alpha_abs,w_alpha_voo,w_alpha_ief,dist_overlay_on_g53,dist_overlay_strength_g53,dist_trust_score_g53,dist_width_caution_g53,uncertainty_penalty_g5,prob_source,tape_source
2020-01-01,0,0.2385093657170641,0.6077340764869743,,,0.0,0.572128,0.494122,,0.75,1.0,0.79392,0.59544,0.054611,0.82072,0,weak_score,FLAT,0.0,0.0,0.0,0.0,0,0.147059,0.79218,0.143118,0.449062,part2a21_soft_caution_overlay,artifacts_part2_g532/predictions/g532_final_consensus_tape.csv
2020-01-02,0,0.2170462509680291,0.5445964087615821,,,0.0,0.574839,0.494277,,0.75,1.0,0.786175,0.589631,0.055684,0.817839,0,weak_score,FLAT,0.0,0.0,0.0,0.0,0,0.163922,0.792014,0.143333,0.449467,part2a21_soft_caution_overlay,artifacts_part2_g532/predictions/g532_final_consensus_tape.csv
2020-01-03,0,0.2333556495916711,0.597450451762481,,,0.0,0.574711,0.494269,,0.75,1.0,0.786539,0.589904,0.09071,0.733763,0,weak_score,FLAT,0.0,0.0,0.0,0.0,0,0.154121,0.787674,0.148907,0.459945,part2a21_soft_caution_overlay,artifacts_part2_g532/predictions/g532_final_consensus_tape.csv
2020-01-06,0,0.2769313086992392,0.6768960235610101,,,0.0,0.575472,0.494313,,0.65,0.25,0.784365,0.127459,0.094097,0.726539,0,high_risk_veto,FLAT,0.0,0.0,0.0,0.0,0,0.163312,0.789785,0.146205,0.454865,part2a21_soft_caution_overlay,artifacts_part2_g532/predictions/g532_final_consensus_tape.csv
2020-01-07,0,0.2152009422159411,0.5492038795595902,,,0.0,0.573315,0.494189,,0.75,1.0,0.790529,0.592897,0.093951,0.726847,0,weak_score,FLAT,0.0,0.0,0.0,0.0,0,0.154679,0.792221,0.143065,0.448963,part2a21_soft_caution_overlay,artifacts_part2_g532/predictions/g532_final_consensus_tape.csv
2020-01-08,0,0.2112183366674216,0.5273638052199642,,,0.0,0.572903,0.494166,,0.75,1.0,0.791705,0.593779,0.101764,0.710704,0,weak_score,FLAT,0.0,0.0,0.0,0.0,0,0.154733,0.793177,0.141413,0.445856,part2a21_soft_caution_overlay,artifacts_part2_g532/predictions/g532_final_consensus_tape.csv
2020-01-09,0,0.2005645252110807,0.4939988714277744,,,0.0,0.574418,0.494252,,0.75,1.0,0.787378,0.590534,0.104702,0.704816,0,weak_score,FLAT,0.0,0.0,0.0,0.0,0,0.172914,0.874929,0.136103,0.435874,part2a21_soft_caution_overlay,artifacts_part2_g532/predictions/g532_final_consensus_tape.csv
2020-01-10,0,0.2395837922105763,0.6243103511714921,,,0.0,0.575829,0.494333,,0.75,1.0,0.783347,0.58751,0.108265,0.697807,0,weak_score,FLAT,0.0,0.0,0.0,0.0,0,0.163134,0.788605,0.147717,0.457708,part2a21_soft_caution_overlay,artifacts_part2_g532/predictions/g532_final_consensus_tape.csv
2020-01-13,0,0.205823571677947,0.5215643111908768,,,0.0,0.570256,0.494015,,0.75,1.0,0.799269,0.599452,0.109717,0.694992,0,weak_score,FLAT,0.0,0.0,0.0,0.0,0,0.161834,0.878066,0.126592,0.417993,part2a21_soft_caution_overlay,artifacts_part2_g532/predictions/g532_final_consensus_tape.csv
2020-01-14,0,0.2140237837639826,0.5517663672021061,,,0.0,0.574004,0.494229,,0.75,1.0,0.78856,0.59142,0.10901,0.696359,0,weak_score,FLAT,0.0,0.0,0.0,0.0,0,0.151791,0.788722,0.147568,0.457428,part2a21_soft_caution_overlay,artifacts_part2_g532/predictions/g532_final_consensus_tape.csv
2020-01-15,0,0.2056440089218225,0.5249084666402962,,,0.0,0.571273,0.494073,,0.75,1.0,0.796362,0.597271,0.10907,0.696244,0,weak_score,FLAT,0.0,0.0,0.0,0.0,0,0.158862,0.876137,0.132438,0.428983,part2a21_soft_caution_overlay,artifacts_part2_g532/predictions/g532_final_consensus_tape.csv
2020-01-16,0,0.2270902978233239,0.597946902528455,,,0.0,0.574227,0.494242,,0.75,1.0,0.787922,0.590941,0.1187,0.678059,0,weak_score,FLAT,0.0,0.0,0.0,0.0,0,0.159154,0.791588,0.143883,0.450499,part2a21_soft_caution_overlay,artifacts_part2_g532/predictions/g532_final_consensus_tape.csv
2020-01-17,0,0.2221468000761503,0.570962031776852,,,0.0,0.571452,0.494083,,0.75,1.0,0.795852,0.596889,0.082958,0.750846,0,weak_score,FLAT,0.0,0.0,0.0,0.0,0,0.151498,0.7944,0.137706,0.438887,part2a21_soft_caution_overlay,artifacts_part2_g532/predictions/g532_final_consensus_tape.csv
2020-01-20,0,0.2205561086600757,0.5655113954925297,,,0.0,0.570047,0.494003,,0.75,1.0,0.799867,0.5999,0.083666,0.749253,0,weak_score,FLAT,0.0,0.0,0.0,0.0,0,0.148114,0.795532,0.134273,0.432433,part2a21_soft_caution_overlay,artifacts_part2_g532/predictions/g532_final_consensus_tape.csv
2020-01-21,0,0.2237260054356504,0.5755007119670653,,,0.0,0.573612,0.494206,,0.75,1.0,0.789679,0.592259,0.092659,0.729589,0,weak_score,FLAT,0.0,0.0,0.0,0.0,0,0.151697,0.789878,0.146085,0.454639,part2a21_soft_caution_overlay,artifacts_part2_g532/predictions/g532_final_consensus_tape.csv
2020-01-22,0,0.2654725791041464,0.6692902028731199,,,0.0,0.574711,0.494269,,0.75,1.0,0.78654,0.589905,0.088023,0.739594,0,weak_score,FLAT,0.0,0.0,0.0,0.0,0,0.159382,0.790221,0.145644,0.453811,part2a21_soft_caution_overlay,artifacts_part2_g532/predictions/g532_final_consensus_tape.csv
2020-01-23,0,0.2319445295899854,0.6034324096193355,,,0.0,0.569992,0.494,,0.75,1.0,0.800022,0.600017,0.084753,0.746819,0,weak_score,FLAT,0.0,0.0,0.0,0.0,0,0.144356,0.794835,0.136388,0.436409,part2a21_soft_caution_overlay,artifacts_part2_g532/predictions/g532_final_consensus_tape.csv
2020-01-24,0,0.2702205308187134,0.6648058976018044,,,0.0,0.577056,0.494403,,0.65,0.25,0.779841,0.126724,0.105423,0.703388,0,high_risk_veto,FLAT,0.0,0.0,0.0,0.0,0,0.164993,0.785718,0.151395,0.464622,part2a21_soft_caution_overlay,artifacts_part2_g532/predictions/g532_final_consensus_tape.csv
2020-01-27,0,0.2725580523708675,0.6608391564931471,,,0.0,0.613792,0.496502,,0.65,0.25,0.67488,0.109668,0.145169,0.632641,0,high_risk_veto,FLAT,0.0,0.0,0.0,0.0,1,0.274587,0.810043,0.239945,0.587874,part2a21_soft_caution_overlay,artifacts_part2_g532/predictions/g532_final_consensus_tape.csv
2020-01-28,0,0.2491529579275943,0.6320798876015775,,,0.0,0.587453,0.494997,,0.75,1.0,0.750134,0.562601,0.169212,0.596357,0,weak_score,FLAT,0.0,0.0,0.0,0.0,0,0.184221,0.762075,0.180394,0.519141,part2a21_soft_caution_overlay,artifacts_part2_g532/predictions/g532_final_consensus_tape.csv
2020-01-29,0,0.2017256667758876,0.4620902476075557,-1.752725,-1.752725,0.5,0.60342,0.49591,0.0,0.75,0.6,0.704514,0.317031,0.170393,0.594681,0,weak_score,FLAT,0.0,0.0,0.0,0.0,1,0.252809,0.824573,0.20072,0.557353,part2a21_soft_caution_overlay,artifacts_part2_g532/predictions/g532_final_consensus_tape.csv
2020-01-30,0,0.236974718073914,0.5919693875986937,-1.59941,-1.676067,0.75,0.584665,0.494838,0.0,0.75,1.0,0.758101,0.568575,0.15822,0.612415,0,weak_score,FLAT,0.0,0.0,0.0,0.0,0,0.182302,0.770225,0.170611,0.500749,part2a21_soft_caution_overlay,artifacts_part2_g532/predictions/g532_final_consensus_tape.csv
2020-01-31,0,0.2681788888986702,0.6661590065496269,-1.100848,-1.484328,0.5,0.613465,0.496484,0.0,0.65,0.25,0.675815,0.10982,0.181915,0.578818,0,high_risk_veto,FLAT,0.0,0.0,0.0,0.0,1,0.272171,0.80998,0.240305,0.588005,part2a21_soft_caution_overlay,artifacts_part2_g532/predictions/g532_final_consensus_tape.csv
2020-02-03,0,0.2283667957842018,0.5720193056162255,-1.474743,-1.391667,0.75,0.590822,0.49519,0.0,0.65,0.6,0.74051,0.288799,0.193034,0.564291,0,high_risk_veto,FLAT,0.0,0.0,0.0,0.0,0,0.193199,0.755541,0.188086,0.533602,part2a21_soft_caution_overlay,artifacts_part2_g532/predictions/g532_final_consensus_tape.csv
2020-02-04,0,0.248450560974263,0.6299962839560985,-0.2768,-0.950797,0.75,0.590404,0.495166,0.0,0.65,0.6,0.741702,0.289264,0.232102,0.518563,0,high_risk_veto,FLAT,0.0,0.0,0.0,0.0,0,0.196797,0.758844,0.184214,0.526323,part2a21_soft_caution_overlay,artifacts_part2_g532/predictions/g532_final_consensus_tape.csv
2020-02-05,0,0.2342639950320541,0.6387705127787893,0.812555,-0.312996,0.75,0.589165,0.495095,0.0,0.65,0.6,0.745244,0.290645,0.248519,0.501485,0,high_risk_veto,FLAT,0.0,0.0,0.0,0.0,0,0.195475,0.762276,0.180154,0.51869,part2a21_soft_caution_overlay,artifacts_part2_g532/predictions/g532_final_consensus_tape.csv
2020-02-06,0,0.2010088020154908,0.5019850694893588,0.552337,0.362698,0.75,0.598194,0.495611,0.0,0.65,0.6,0.719445,0.280584,0.248923,0.50108,0,high_risk_veto,FLAT,0.0,0.0,0.0,0.0,0,0.243174,0.837218,0.186125,0.529914,part2a21_soft_caution_overlay,artifacts_part2_g532/predictions/g532_final_consensus_tape.csv
2020-02-07,0,0.2374114248506368,0.6486822002116899,0.389541,0.584811,0.5,0.589786,0.495131,0.0,0.65,0.6,0.74347,0.289953,0.245245,0.504801,0,high_risk_veto,FLAT,0.0,0.0,0.0,0.0,0,0.189817,0.757234,0.186106,0.529878,part2a21_soft_caution_overlay,artifacts_part2_g532/predictions/g532_final_consensus_tape.csv
2020-02-10,0,0.2380287187291274,0.6120372878487527,-0.370414,0.190488,0.75,0.577908,0.494452,0.0,0.75,1.0,0.777405,0.583053,0.209432,0.544151,0,weak_score,FLAT,0.0,0.0,0.0,0.0,0,0.169309,0.785182,0.152075,0.4659,part2a21_soft_caution_overlay,artifacts_part2_g532/predictions/g532_final_consensus_tape.csv
2020-02-11,0,0.2391830568679562,0.6148537947651119,0.671936,0.230354,0.5,0.584731,0.494842,0.0,0.75,1.0,0.757912,0.568434,0.200411,0.555049,0,weak_score,FLAT,0.0,0.0,0.0,0.0,0,0.187107,0.772458,0.167893,0.495639,part2a21_soft_caution_overlay,artifacts_part2_g532/predictions/g532_final_consensus_tape.csv
2020-02-12,0,0.2165013854099068,0.5670048083876206,0.825193,0.375572,0.75,0.576437,0.494368,0.0,0.75,1.0,0.781609,0.586207,0.197993,0.558044,0,weak_score,FLAT,0.0,0.0,0.0,0.0,0,0.166495,0.788362,0.148028,0.458293,part2a21_soft_caution_overlay,artifacts_part2_g532/predictions/g532_final_consensus_tape.csv
2020-02-13,0,0.2247793872388557,0.6114302283625453,1.216443,0.904524,0.5,0.578138,0.494465,0.169828,0.75,1.0,0.776747,0.582561,0.199772,0.555837,1,ok,FLAT,0.0,0.0,0.0,0.0,0,0.162572,0.781145,0.157156,0.475453,part2a21_soft_caution_overlay,artifacts_part2_g532/predictions/g532_final_consensus_tape.csv
2020-02-14,0,0.1993288258609812,0.4911491215552824,0.686967,0.909535,0.5,0.576645,0.49438,0.173078,0.75,1.0,0.781015,0.585762,0.140377,0.640407,1,ok,FLAT,0.0,0.0,0.0,0.0,0,0.178354,0.87315,0.141495,0.446011,part2a21_soft_caution_overlay,artifacts_part2_g532/predictions/g532_final_consensus_tape.csv
2020-02-17,0,0.1992581909727051,0.4850139536404776,0.779511,0.894307,0.5,0.577654,0.494437,0.164722,0.75,1.0,0.778132,0.583599,0.141791,0.638096,1,ok,VOO,0.009201,0.009201,0.009201,0.0,0,0.186874,0.873582,0.140185,0.443548,part2a21_soft_caution_overlay,artifacts_part2_g532/predictions/g532_final_consensus_tape.csv
2020-02-18,0,0.220364584230925,0.5505827161033502,0.576439,0.680973,0.5,0.579658,0.494552,0.052759,0.75,1.0,0.772407,0.579305,0.113064,0.688584,1,ok,VOO,0.009201,0.009201,0.009201,0.0,0,0.174458,0.782253,0.155768,0.472843,part2a21_soft_caution_overlay,artifacts_part2_g532/predictions/g532_final_consensus_tape.csv
2020-02-19,0,0.237234987033175,0.5923683294634702,0.29557,0.550507,0.75,0.575785,0.494331,0.0,0.75,1.0,0.783472,0.587604,0.086815,0.742247,0,weak_score,VOO,0.009201,0.009201,0.009201,0.0,0,0.171411,0.792723,0.142415,0.44774,part2a21_soft_caution_overlay,artifacts_part2_g532/predictions/g532_final_consensus_tape.csv
2020-02-20,0,0.2251296180989347,0.562270942723755,1.087465,0.653158,0.5,0.585811,0.494904,0.035183,0.65,0.6,0.754825,0.294382,0.094233,0.726253,0,high_risk_veto,VOO,0.009201,0.009201,0.009201,0.0,0,0.187462,0.769141,0.171925,0.503218,part2a21_soft_caution_overlay,artifacts_part2_g532/predictions/g532_final_consensus_tape.csv
2020-02-21,0,0.2760065921593543,0.702234790439634,0.65915,0.680728,0.5,0.592603,0.495292,0.046202,0.65,0.25,0.73542,0.119506,0.109228,0.695936,0,high_risk_veto,VOO,0.009201,0.009201,0.009201,0.0,1,0.209231,0.75804,0.18516,0.5281,part2a21_soft_caution_overlay,artifacts_part2_g532/predictions/g532_final_consensus_tape.csv
2020-02-24,0,0.2153356997853571,0.5321490892257316,-0.897073,0.283181,0.5,0.635585,0.497748,0.0,0.65,0.6,0.612614,0.238919,0.229269,0.521628,0,high_risk_veto,FLAT,0.0,0.0,0.0,0.0,1,0.276014,0.784309,0.386466,0.639585,part2a21_soft_caution_overlay,artifacts_part2_g532/predictions/g532_final_consensus_tape.csv
2020-02-25,0,0.2177247733526391,0.5355578482581184,-1.390214,-0.542712,0.5,0.624012,0.497086,0.0,0.65,0.6,0.645681,0.251816,0.261257,0.488991,0,high_risk_veto,FLAT,0.0,0.0,0.0,0.0,1,0.26023,0.795144,0.324528,0.618155,part2a21_soft_caution_overlay,artifacts_part2_g532/predictions/g532_final_consensus_tape.csv
2020-02-26,0,0.2171473487177575,0.4089658000601837,-2.501981,-1.596423,0.75,0.628363,0.497335,0.0,0.65,0.6,0.633249,0.246967,0.243961,0.506112,0,high_risk_veto,FLAT,0.0,0.0,0.0,0.0,1,0.287087,0.794999,0.325353,0.618444,part2a21_soft_caution_overlay,artifacts_part2_g532/predictions/g532_final_consensus_tape.csv
2020-02-27,0,0.192208894680621,0.6077892795509298,-1.126893,-1.673029,0.5,0.648359,0.498478,0.0,0.65,0.6,0.576118,0.224686,0.309371,0.446931,0,high_risk_veto,FLAT,0.0,0.0,0.0,0.0,1,0.304733,0.774662,0.447864,0.65,part2a21_soft_caution_overlay,artifacts_part2_g532/predictions/g532_final_consensus_tape.csv
2020-02-28,0,0.2208379120964255,0.4324976624904358,-2.588727,-2.072534,0.75,0.643309,0.498189,0.0,0.65,0.6,0.590547,0.230313,0.298983,0.455387,0,high_risk_veto,FLAT,0.0,0.0,0.0,0.0,1,0.309479,0.781386,0.40323,0.645285,part2a21_soft_caution_overlay,artifacts_part2_g532/predictions/g532_final_consensus_tape.csv
2020-03-02,0,0.1948326004840774,0.5850306912375983,-3.79919,-2.504937,0.75,0.616187,0.496639,0.0,0.65,0.6,0.668038,0.260535,0.424785,0.370488,0,high_risk_veto,FLAT,0.0,0.0,0.0,0.0,1,0.252446,0.803019,0.279734,0.602272,part2a21_soft_caution_overlay,artifacts_part2_g532/predictions/g532_final_consensus_tape.csv
2020-03-03,0,0.1846041687961582,0.6899260617585451,-1.590595,-2.659504,0.5,0.623488,0.497056,0.0,0.65,0.6,0.647176,0.252399,0.442742,0.360885,0,high_risk_veto,FLAT,0.0,0.0,0.0,0.0,1,0.269835,0.797573,0.310689,0.613284,part2a21_soft_caution_overlay,artifacts_part2_g532/predictions/g532_final_consensus_tape.csv
2020-03-04,0,0.197770215569287,0.5885028167314403,-3.213174,-2.867653,0.75,0.613211,0.496469,0.0,0.65,0.6,0.67654,0.26385,0.525408,0.322411,0,high_risk_veto,FLAT,0.0,0.0,0.0,0.0,1,0.243364,0.804864,0.269269,0.598512,part2a21_soft_caution_overlay,artifacts_part2_g532/predictions/g532_final_consensus_tape.csv
2020-03-05,0,0.1783388689354334,0.7369223757640245,-1.758109,-2.187293,0.5,0.612127,0.496407,0.0,0.65,0.6,0.679637,0.265059,0.546289,0.313956,0,high_risk_veto,FLAT,0.0,0.0,0.0,0.0,1,0.243717,0.806225,0.261556,0.595729,part2a21_soft_caution_overlay,artifacts_part2_g532/predictions/g532_final_consensus_tape.csv
2020-03-06,0,0.1933612396804568,0.6355291286967302,-2.396801,-2.456028,0.5,0.611365,0.496364,0.0,0.65,0.6,0.681814,0.265907,0.549177,0.312822,0,high_risk_veto,FLAT,0.0,0.0,0.0,0.0,1,0.247001,0.807752,0.252905,0.592594,part2a21_soft_caution_overlay,artifacts_part2_g532/predictions/g532_final_consensus_tape.csv
2020-03-09,0,0.1750432603200702,0.7881023949209208,-1.130706,-1.761872,0.5,0.621763,0.496958,0.0,0.65,0.6,0.652107,0.254322,0.651576,0.277292,0,high_risk_veto,FLAT,0.0,0.0,0.0,0.0,1,0.264222,0.798578,0.304973,0.611262,part2a21_soft_caution_overlay,artifacts_part2_g532/predictions/g532_final_consensus_tape.csv
2020-03-10,0,0.1844130416362443,0.6804977411509356,-3.903721,-2.477076,0.75,0.617439,0.496711,0.0,0.65,0.6,0.664459,0.259139,0.787035,0.241072,0,high_risk_veto,FLAT,0.0,0.0,0.0,0.0,1,0.254144,0.801843,0.286411,0.604661,part2a21_soft_caution_overlay,artifacts_part2_g532/predictions/g532_final_consensus_tape.csv
2020-03-11,0,0.1733997575534689,0.8244661120842274,-1.2591,-2.097842,0.5,0.621906,0.496966,0.0,0.5,0.6,0.651698,0.117306,0.798892,0.238347,0,high_risk_veto,FLAT,0.0,0.0,0.0,0.0,1,0.263911,0.798349,0.306278,0.611724,part2a21_soft_caution_overlay,artifacts_part2_g532/predictions/g532_final_consensus_tape.csv
2020-03-12,0,0.1724353692934786,0.8283105167196066,-0.60314,-1.921987,0.5,0.629788,0.497416,0.0,0.5,0.6,0.629177,0.113252,0.899276,0.217528,0,high_risk_veto,FLAT,0.0,0.0,0.0,0.0,1,0.273048,0.790663,0.350105,0.627077,part2a21_soft_caution_overlay,artifacts_part2_g532/predictions/g532_final_consensus_tape.csv
2020-03-13,0,0.1919869474337776,0.6641183985119762,-3.715555,-1.859265,0.75,0.616453,0.496654,0.0,0.5,0.6,0.667276,0.12011,1.072648,0.189015,0,high_risk_veto,FLAT,0.0,0.0,0.0,0.0,1,0.248566,0.801971,0.285682,0.6044,part2a21_soft_caution_overlay,artifacts_part2_g532/predictions/g532_final_consensus_tape.csv
2020-03-16,0,0.1780871014391906,0.8198397795066833,-1.370012,-1.896236,0.5,0.625981,0.497199,0.0,0.5,0.6,0.640054,0.11521,1.236145,0.16822,0,high_risk_veto,FLAT,0.0,0.0,0.0,0.0,1,0.273063,0.795206,0.324176,0.618032,part2a21_soft_caution_overlay,artifacts_part2_g532/predictions/g532_final_consensus_tape.csv
2020-03-17,0,0.1811934064590454,0.781350698022213,-3.639625,-2.908398,0.75,0.620796,0.496903,0.0,0.5,0.6,0.654867,0.117876,1.365349,0.154765,0,high_risk_veto,FLAT,0.0,0.0,0.0,0.0,1,0.259231,0.798793,0.303751,0.610829,part2a21_soft_caution_overlay,artifacts_part2_g532/predictions/g532_final_consensus_tape.csv
2020-03-18,0,0.1704882667733492,0.8583192841129609,-1.081798,-2.030479,0.5,0.619571,0.496833,0.0,0.5,0.6,0.658367,0.118506,1.329568,0.158271,0,high_risk_veto,FLAT,0.0,0.0,0.0,0.0,1,0.262863,0.800937,0.291556,0.606497,part2a21_soft_caution_overlay,artifacts_part2_g532/predictions/g532_final_consensus_tape.csv
2020-03-19,0,0.171321212127152,0.8484168279810813,-1.638891,-2.120105,0.75,0.606469,0.496084,0.0,0.5,0.6,0.695802,0.125244,1.329162,0.158312,0,high_risk_veto,FLAT,0.0,0.0,0.0,0.0,0,0.233038,0.810974,0.234687,0.58595,part2a21_soft_caution_overlay,artifacts_part2_g532/predictions/g532_final_consensus_tape.csv
2020-03-20,0,0.1694982571621928,0.864302516050539,-0.945599,-1.222096,0.5,0.603725,0.495927,0.0,0.5,0.6,0.703644,0.126656,1.352395,0.156016,0,high_risk_veto,FLAT,0.0,0.0,0.0,0.0,1,0.24276,0.817987,0.208146,0.571314,part2a21_soft_caution_overlay,artifacts_part2_g532/predictions/g532_final_consensus_tape.csv
2020-03-23,0,0.1738413828944399,0.8447592879305823,-1.567756,-1.384082,0.75,0.618067,0.496747,0.0,0.5,0.6,0.662665,0.11928,1.309583,0.160299,0,high_risk_veto,FLAT,0.0,0.0,0.0,0.0,1,0.250669,0.80044,0.294382,0.607503,part2a21_soft_caution_overlay,artifacts_part2_g532/predictions/g532_final_consensus_tape.csv
2020-03-24,0,0.1823938826951731,0.7935969831749379,-2.239369,-1.584241,0.75,0.617676,0.496724,0.0,0.5,0.6,0.663783,0.119481,1.371821,0.154148,0,high_risk_veto,FLAT,0.0,0.0,0.0,0.0,1,0.249255,0.800641,0.293238,0.607095,part2a21_soft_caution_overlay,artifacts_part2_g532/predictions/g532_final_consensus_tape.csv
2020-03-25,0,0.2117457154458878,0.8263604132954369,-1.124734,-1.643953,0.5,0.64434,0.498248,0.0,0.5,0.6,0.5876,0.105768,1.371703,0.154159,0,high_risk_veto,FLAT,0.0,0.0,0.0,0.0,1,0.285105,0.775721,0.440294,0.65,part2a21_soft_caution_overlay,artifacts_part2_g532/predictions/g532_final_consensus_tape.csv
2020-03-26,0,0.2155945737290815,0.7690762654332968,-1.775033,-1.713045,0.75,0.651393,0.498651,0.0,0.5,0.6,0.567449,0.102141,1.307307,0.160533,0,high_risk_veto,FLAT,0.0,0.0,0.0,0.0,1,0.299822,0.77031,0.478947,0.65,part2a21_soft_caution_overlay,artifacts_part2_g532/predictions/g532_final_consensus_tape.csv
2020-03-27,0,0.2121144049029676,0.8240577509469448,-0.5709,-1.156889,0.5,0.636276,0.497787,0.0,0.5,0.6,0.61064,0.109915,1.214409,0.170717,0,high_risk_veto,FLAT,0.0,0.0,0.0,0.0,1,0.276284,0.783536,0.390895,0.641096,part2a21_soft_caution_overlay,artifacts_part2_g532/predictions/g532_final_consensus_tape.csv
2020-03-30,0,0.2164004407286179,0.727872748251599,-1.465925,-1.270619,0.75,0.642631,0.49815,0.0,0.5,0.6,0.592483,0.106647,0.928989,0.212046,0,high_risk_veto,FLAT,0.0,0.0,0.0,0.0,1,0.287487,0.778103,0.42328,0.65,part2a21_soft_caution_overlay,artifacts_part2_g532/predictions/g532_final_consensus_tape.csv
2020-03-31,0,0.2139194757828534,0.7467445015214981,-0.736179,-0.924335,0.5,0.623166,0.497038,0.0,0.5,0.6,0.648098,0.116658,0.819236,0.233812,0,high_risk_veto,FLAT,0.0,0.0,0.0,0.0,1,0.202172,0.70525,0.381074,0.637743,part2a21_soft_caution_overlay,artifacts_part2_g532/predictions/g532_final_consensus_tape.csv
2020-04-01,0,0.2132050642205531,0.7770381507969272,-0.52109,-0.907732,0.5,0.624589,0.497119,0.0,0.5,0.6,0.644033,0.115926,0.831098,0.231246,0,high_risk_veto,FLAT,0.0,0.0,0.0,0.0,1,0.202755,0.703664,0.390166,0.640847,part2a21_soft_caution_overlay,artifacts_part2_g532/predictions/g532_final_consensus_tape.csv
2020-04-02,0,0.2183326363766429,0.6432750504311456,-1.555717,-0.937662,0.75,0.644716,0.498269,0.0,0.5,0.6,0.586525,0.105575,0.840879,0.229173,0,high_risk_veto,FLAT,0.0,0.0,0.0,0.0,1,0.286864,0.775608,0.441102,0.65,part2a21_soft_caution_overlay,artifacts_part2_g532/predictions/g532_final_consensus_tape.csv
2020-04-03,0,0.2139216315209812,0.736754247170909,-1.201971,-1.092926,0.5,0.640977,0.498056,0.0,0.5,0.6,0.59721,0.107498,0.754708,0.248829,0,high_risk_veto,FLAT,0.0,0.0,0.0,0.0,1,0.280211,0.778684,0.41913,0.65,part2a21_soft_caution_overlay,artifacts_part2_g532/predictions/g532_final_consensus_tape.csv
2020-04-06,0,0.2165359659650316,0.6337890929646854,-1.878279,-1.545322,0.75,0.647324,0.498419,0.0,0.5,0.6,0.579074,0.104233,0.765502,0.246184,0,high_risk_veto,FLAT,0.0,0.0,0.0,0.0,1,0.30158,0.775277,0.443472,0.65,part2a21_soft_caution_overlay,artifacts_part2_g532/predictions/g532_final_consensus_tape.csv
2020-04-07,0,0.2141828848288318,0.7183491433031692,-0.652003,-1.244084,0.75,0.65249,0.498714,0.0,0.5,0.6,0.564315,0.101577,0.617521,0.288177,0,high_risk_veto,FLAT,0.0,0.0,0.0,0.0,1,0.292944,0.767819,0.496743,0.65,part2a21_soft_caution_overlay,artifacts_part2_g532/predictions/g532_final_consensus_tape.csv
2020-04-08,0,0.2156253732612863,0.654189926134831,-0.96242,-1.164234,0.75,0.644671,0.498267,0.0,0.5,0.6,0.586654,0.105598,0.632406,0.283316,0,high_risk_veto,FLAT,0.0,0.0,0.0,0.0,1,0.279041,0.774251,0.450794,0.65,part2a21_soft_caution_overlay,artifacts_part2_g532/predictions/g532_final_consensus_tape.csv
2020-04-09,0,0.2136568092290023,0.6493734144250353,-0.31056,-0.641661,0.75,0.617614,0.496721,0.0,0.5,0.6,0.663959,0.119513,0.578854,0.301621,0,high_risk_veto,FLAT,0.0,0.0,0.0,0.0,1,0.198004,0.711085,0.34769,0.626239,part2a21_soft_caution_overlay,artifacts_part2_g532/predictions/g532_final_consensus_tape.csv
2020-04-10,0,0.2101551225218913,0.7843382985905225,-0.285655,-0.519545,0.75,0.616338,0.496648,0.0,0.5,0.6,0.667606,0.120169,0.526861,0.321808,0,high_risk_veto,FLAT,0.0,0.0,0.0,0.0,1,0.197107,0.712439,0.339959,0.62355,part2a21_soft_caution_overlay,artifacts_part2_g532/predictions/g532_final_consensus_tape.csv
2020-04-13,0,0.2123776216468848,0.6953636396812671,-0.142072,-0.246096,0.75,0.609527,0.496259,0.0,0.5,0.6,0.687067,0.123672,0.519769,0.324773,0,high_risk_veto,FLAT,0.0,0.0,0.0,0.0,1,0.192022,0.719609,0.299105,0.609182,part2a21_soft_caution_overlay,artifacts_part2_g532/predictions/g532_final_consensus_tape.csv
2020-04-14,0,0.2147155368659106,0.6347215422766731,-0.319905,-0.24921,0.75,0.649966,0.498569,0.0,0.5,0.6,0.571527,0.102875,0.515283,0.326676,0,high_risk_veto,FLAT,0.0,0.0,0.0,0.0,1,0.293924,0.77088,0.474879,0.65,part2a21_soft_caution_overlay,artifacts_part2_g532/predictions/g532_final_consensus_tape.csv
2020-04-15,0,0.2154164868999081,0.652419536550041,0.418216,-0.014587,0.5,0.619544,0.496831,0.0,0.5,0.6,0.658445,0.11852,0.458131,0.353042,0,high_risk_veto,FLAT,0.0,0.0,0.0,0.0,1,0.206755,0.710427,0.351448,0.627543,part2a21_soft_caution_overlay,artifacts_part2_g532/predictions/g532_final_consensus_tape.csv
2020-04-16,0,0.2176292543504475,0.5857814203601751,0.209363,0.102558,0.75,0.633579,0.497633,0.0,0.5,0.6,0.618345,0.111302,0.455331,0.354444,0,high_risk_veto,FLAT,0.0,0.0,0.0,0.0,1,0.291764,0.789657,0.35585,0.629067,part2a21_soft_caution_overlay,artifacts_part2_g532/predictions/g532_final_consensus_tape.csv
2020-04-17,0,0.2165169149634484,0.6108066524293895,0.034506,0.220695,0.75,0.612381,0.496422,0.0,0.5,0.6,0.678912,0.122204,0.440336,0.362142,0,high_risk_veto,FLAT,0.0,0.0,0.0,0.0,1,0.206789,0.718978,0.302693,0.610455,part2a21_soft_caution_overlay,artifacts_part2_g532/predictions/g532_final_consensus_tape.csv
2020-04-20,0,0.2154203865148272,0.6506265349554421,0.288118,0.177329,0.5,0.620253,0.496872,0.0,0.5,0.6,0.656419,0.118156,0.345099,0.420098,0,high_risk_veto,FLAT,0.0,0.0,0.0,0.0,1,0.207733,0.709766,0.355229,0.628852,part2a21_soft_caution_overlay,artifacts_part2_g532/predictions/g532_final_consensus_tape.csv
2020-04-21,0,0.2164397521802579,0.6376327236029334,0.267798,0.196807,0.5,0.632459,0.497569,0.0,0.5,0.6,0.621545,0.111878,0.397806,0.385918,0,high_risk_veto,FLAT,0.0,0.0,0.0,0.0,1,0.21969,0.697525,0.427412,0.65,part2a21_soft_caution_overlay,artifacts_part2_g532/predictions/g532_final_consensus_tape.csv
2020-04-22,0,0.2226348713035697,0.3998299183490639,-0.480938,0.024993,0.75,0.606924,0.49611,0.0,0.5,0.6,0.694504,0.125011,0.377689,0.398286,0,high_risk_veto,FLAT,0.0,0.0,0.0,0.0,1,0.18449,0.7213,0.289496,0.605762,part2a21_soft_caution_overlay,artifacts_part2_g532/predictions/g532_final_consensus_tape.csv
2020-04-23,0,0.2217158366251177,0.3295178295037558,-0.074323,-0.095821,0.5,0.625011,0.497143,0.0,0.5,0.6,0.642827,0.115709,0.371818,0.402047,0,high_risk_veto,FLAT,0.0,0.0,0.0,0.0,1,0.210276,0.704572,0.384956,0.63907,part2a21_soft_caution_overlay,artifacts_part2_g532/predictions/g532_final_consensus_tape.csv
2020-04-24,0,0.2221807664955253,0.3617088413304226,-0.394832,-0.316697,0.75,0.628076,0.497319,0.0,0.5,0.6,0.63407,0.114133,0.379233,0.397309,0,high_risk_veto,FLAT,0.0,0.0,0.0,0.0,1,0.212174,0.701276,0.403862,0.6455,part2a21_soft_caution_overlay,artifacts_part2_g532/predictions/g532_final_consensus_tape.csv
2020-04-27,0,0.2216503589496295,0.3237647169118532,-0.16296,-0.210705,0.75,0.630732,0.49747,0.0,0.5,0.6,0.626479,0.112766,0.387046,0.392436,0,high_risk_veto,FLAT,0.0,0.0,0.0,0.0,1,0.215184,0.698687,0.419109,0.65,part2a21_soft_caution_overlay,artifacts_part2_g532/predictions/g532_final_consensus_tape.csv
2020-04-28,0,0.2205855765158116,0.2498872639410468,0.114845,-0.147649,0.5,0.625327,0.497162,0.0,0.5,0.6,0.641922,0.115546,0.36375,0.407332,0,high_risk_veto,FLAT,0.0,0.0,0.0,0.0,1,0.207396,0.703654,0.390219,0.640865,part2a21_soft_caution_overlay,artifacts_part2_g532/predictions/g532_final_consensus_tape.csv
2020-04-29,0,0.2210682315918528,0.28201741289615,-0.205639,-0.084585,0.75,0.61762,0.496721,0.0,0.5,0.6,0.663943,0.11951,0.34097,0.423034,0,high_risk_veto,FLAT,0.0,0.0,0.0,0.0,1,0.196197,0.710739,0.349665,0.626925,part2a21_soft_caution_overlay,artifacts_part2_g532/predictions/g532_final_consensus_tape.csv
2020-04-30,0,0.2211637911558163,0.2886741491289666,0.347559,0.085588,0.5,0.610636,0.496322,0.0,0.5,0.6,0.683897,0.123102,0.346105,0.419389,0,high_risk_veto,FLAT,0.0,0.0,0.0,0.0,1,0.185158,0.716996,0.313979,0.614445,part2a21_soft_caution_overlay,artifacts_part2_g532/predictions/g532_final_consensus_tape.csv
2020-05-01,0,0.2211734793235901,0.2899653412566034,0.451117,0.197679,0.5,0.623238,0.497042,0.0,0.5,0.6,0.647892,0.11662,0.35086,0.41607,0,high_risk_veto,FLAT,0.0,0.0,0.0,0.0,1,0.207777,0.706216,0.37554,0.635848,part2a21_soft_caution_overlay,artifacts_part2_g532/predictions/g532_final_consensus_tape.csv
2020-05-04,0,0.2220963528170877,0.3559502309104294,-0.033765,0.25497,0.75,0.634561,0.497689,0.0,0.5,0.6,0.615541,0.110797,0.334171,0.427957,0,high_risk_veto,FLAT,0.0,0.0,0.0,0.0,1,0.221626,0.695472,0.442077,0.65,part2a21_soft_caution_overlay,artifacts_part2_g532/predictions/g532_final_consensus_tape.csv
2020-05-05,0,0.2236148984288034,0.4838818815055906,0.026763,0.148038,0.75,0.650445,0.498597,0.0,0.5,0.6,0.570156,0.102628,0.27376,0.477318,0,weak_score,FLAT,0.0,0.0,0.0,0.0,1,0.311372,0.773472,0.456362,0.65,part2a21_soft_caution_overlay,artifacts_part2_g532/predictions/g532_final_consensus_tape.csv
2020-05-06,0,0.22387110648572,0.5045663329466176,0.288577,0.093858,0.75,0.64609,0.498348,0.0,0.5,0.6,0.5826,0.104868,0.252755,0.497261,0,weak_score,FLAT,0.0,0.0,0.0,0.0,1,0.300617,0.776514,0.434634,0.65,part2a21_soft_caution_overlay,artifacts_part2_g532/predictions/g532_final_consensus_tape.csv
2020-05-07,0,0.2229546167999365,0.423679256196598,0.225864,0.180401,0.75,0.651664,0.498667,0.0,0.5,0.6,0.566674,0.102001,0.252497,0.497515,0,weak_score,FLAT,0.0,0.0,0.0,0.0,1,0.322745,0.774127,0.451686,0.65,part2a21_soft_caution_overlay,artifacts_part2_g532/predictions/g532_final_consensus_tape.csv
2020-05-08,0,0.2223290060690552,0.3767527643237011,0.385611,0.300017,0.75,0.603626,0.495921,0.0,0.5,0.6,0.703927,0.126707,0.260988,0.489248,0,weak_score,FLAT,0.0,0.0,0.0,0.0,1,0.180354,0.724459,0.271562,0.599337,part2a21_soft_caution_overlay,artifacts_part2_g532/predictions/g532_final_consensus_tape.csv
2020-05-11,0,0.2222053867832943,0.3642413262699304,0.454499,0.355325,0.75,0.59224,0.495271,0.0,0.5,0.6,0.736456,0.132562,0.245267,0.504778,0,weak_score,FLAT,0.0,0.0,0.0,0.0,0,0.165419,0.735529,0.210888,0.57647,part2a21_soft_caution_overlay,artifacts_part2_g532/predictions/g532_final_consensus_tape.csv
2020-05-12,0,0.2236351220235657,0.4849651423022941,0.764374,0.534828,0.5,0.629974,0.497427,0.0,0.5,0.6,0.628646,0.113156,0.273046,0.47797,0,weak_score,FLAT,0.0,0.0,0.0,0.0,1,0.270454,0.789954,0.354152,0.628479,part2a21_soft_caution_overlay,artifacts_part2_g532/predictions/g532_final_consensus_tape.csv
2020-05-13,0,0.223528059231007,0.4695228839886493,0.47654,0.565138,0.5,0.65512,0.498864,0.0,0.5,0.6,0.5568,0.100224,0.249614,0.500386,0,weak_score,FLAT,0.0,0.0,0.0,0.0,1,0.316762,0.7691,0.487592,0.65,part2a21_soft_caution_overlay,artifacts_part2_g532/predictions/g532_final_consensus_tape.csv
2020-05-14,0,0.2234132109060602,0.4637984294048569,0.053465,0.43146,0.75,0.639112,0.497949,0.0,0.5,0.6,0.602538,0.108457,0.259318,0.490853,0,weak_score,FLAT,0.0,0.0,0.0,0.0,1,0.285402,0.781869,0.400462,0.644347,part2a21_soft_caution_overlay,artifacts_part2_g532/predictions/g532_final_consensus_tape.csv
2020-05-15,0,0.2237243896786667,0.4865428134370591,0.130691,0.220232,0.75,0.643689,0.498211,0.0,0.5,0.6,0.58946,0.106103,0.213788,0.53904,0,weak_score,FLAT,0.0,0.0,0.0,0.0,1,0.298525,0.778881,0.417725,0.65,part2a21_soft_caution_overlay,artifacts_part2_g532/predictions/g532_final_consensus_tape.csv
2020-05-18,0,0.2223371503549261,0.37620191586011,0.200854,0.128337,0.75,0.610543,0.496317,0.0,0.5,0.6,0.684163,0.123149,0.277976,0.473506,0,weak_score,FLAT,0.0,0.0,0.0,0.0,1,0.193938,0.718756,0.303957,0.610903,part2a21_soft_caution_overlay,artifacts_part2_g532/predictions/g532_final_consensus_tape.csv
2020-05-19,0,0.2216144085768849,0.3223332601308689,0.599106,0.310217,0.5,0.597387,0.495565,0.0,0.5,0.6,0.721753,0.129915,0.287745,0.464904,0,weak_score,FLAT,0.0,0.0,0.0,0.0,0,0.168852,0.729747,0.24162,0.588485,part2a21_soft_caution_overlay,artifacts_part2_g532/predictions/g532_final_consensus_tape.csv
2020-05-20,0,0.1979130285483158,0.3698654978818116,0.416974,0.405645,0.75,0.596347,0.495506,0.0,0.5,0.6,0.724723,0.13045,0.293868,0.45967,0,weak_score,FLAT,0.0,0.0,0.0,0.0,0,0.177469,0.732611,0.225442,0.582554,part2a21_soft_caution_overlay,artifacts_part2_g532/predictions/g532_final_consensus_tape.csv
2020-05-21,0,0.1999205990230714,0.3647253455986337,0.848369,0.621483,0.5,0.608772,0.496216,0.006721,0.5,0.6,0.689224,0.12406,0.299568,0.454902,1,ok,FLAT,0.0,0.0,0.0,0.0,0,0.227249,0.807134,0.256404,0.593864,part2a21_soft_caution_overlay,artifacts_part2_g532/predictions/g532_final_consensus_tape.csv
2020-05-22,0,0.1987225387947422,0.3649400393938022,0.608221,0.624522,0.75,0.60304,0.495888,0.011324,0.75,0.6,0.705601,0.31752,0.283838,0.468307,1,ok,FLAT,0.0,0.0,0.0,0.0,0,0.222058,0.813005,0.223217,0.581735,part2a21_soft_caution_overlay,artifacts_part2_g532/predictions/g532_final_consensus_tape.csv
2020-05-25,0,0.2041028506379412,0.4326995918955787,0.644571,0.700387,0.5,0.608508,0.4962,0.048575,0.75,0.6,0.689977,0.31049,0.28358,0.468533,1,ok,VOO,0.00106,0.00106,0.00106,0.0,1,0.238315,0.809531,0.242843,0.588932,part2a21_soft_caution_overlay,artifacts_part2_g532/predictions/g532_final_consensus_tape.csv
2020-05-26,0,0.201289236547587,0.3859363243788529,0.721722,0.658172,0.5,0.596885,0.495536,0.032203,0.75,0.6,0.723186,0.325434,0.257289,0.492816,1,ok,VOO,0.00106,0.00106,0.00106,0.0,0,0.21218,0.825044,0.200184,0.556346,part2a21_soft_caution_overlay,artifacts_part2_g532/predictions/g532_final_consensus_tape.csv
2020-05-27,0,0.2087368054981045,0.4522970139419777,0.543704,0.636666,0.75,0.596738,0.495528,0.020979,0.75,0.6,0.723606,0.325623,0.221239,0.530517,1,ok,VOO,0.00106,0.00106,0.00106,0.0,0,0.202864,0.820452,0.20538,0.566114,part2a21_soft_caution_overlay,artifacts_part2_g532/predictions/g532_final_consensus_tape.csv
2020-05-28,0,0.2042155613478323,0.4069449839881956,0.572226,0.612551,0.5,0.595864,0.495478,0.008763,0.75,0.6,0.726102,0.326746,0.224775,0.526565,1,ok,VOO,0.00106,0.00106,0.00106,0.0,0,0.200493,0.822198,0.203411,0.562412,part2a21_soft_caution_overlay,artifacts_part2_g532/predictions/g532_final_consensus_tape.csv
2020-05-29,0,0.2019432799199814,0.3843661749145997,0.434741,0.51689,0.75,0.595451,0.495454,0.0,0.75,0.6,0.727284,0.327278,0.22629,0.52489,0,weak_score,VOO,0.00106,0.00106,0.00106,0.0,0,0.205644,0.826443,0.198589,0.553348,part2a21_soft_caution_overlay,artifacts_part2_g532/predictions/g532_final_consensus_tape.csv
2020-06-01,0,0.205672922825772,0.4695629761265197,0.762204,0.589724,0.75,0.601162,0.495781,0.0,0.75,0.6,0.710965,0.319934,0.151974,0.621931,0,weak_score,FLAT,0.0,0.0,0.0,0.0,0,0.226816,0.818167,0.207945,0.570936,part2a21_soft_caution_overlay,artifacts_part2_g532/predictions/g532_final_consensus_tape.csv
2020-06-02,0,0.2033365251384904,0.4090557680593056,0.839252,0.678733,0.75,0.604487,0.495971,0.039169,0.75,0.6,0.701465,0.315659,0.128333,0.660794,1,ok,FLAT,0.0,0.0,0.0,0.0,1,0.241081,0.814856,0.21278,0.577878,part2a21_soft_caution_overlay,artifacts_part2_g532/predictions/g532_final_consensus_tape.csv
2020-06-03,0,0.2075474778781925,0.4333753518213976,1.004286,0.868581,0.75,0.608808,0.496218,0.137359,0.5,0.6,0.689121,0.124042,0.136338,0.647101,1,ok,FLAT,0.0,0.0,0.0,0.0,1,0.244531,0.810342,0.238255,0.587256,part2a21_soft_caution_overlay,artifacts_part2_g532/predictions/g532_final_consensus_tape.csv
2020-06-04,0,0.2037135009086745,0.3878369514216825,1.213762,1.0191,1.0,0.600281,0.49573,0.220464,0.5,0.6,0.713484,0.128427,0.11742,0.680421,1,ok,FLAT,0.0,0.0,0.0,0.0,0,0.220029,0.817507,0.208682,0.572323,part2a21_soft_caution_overlay,artifacts_part2_g532/predictions/g532_final_consensus_tape.csv
2020-06-05,0,0.2053078238856912,0.4106115898355442,0.942024,1.053357,0.75,0.603005,0.495886,0.237403,0.5,0.6,0.705699,0.127026,0.16146,0.607593,1,ok,FLAT,0.0,0.0,0.0,0.0,1,0.188864,0.726801,0.258292,0.594548,part2a21_soft_caution_overlay,artifacts_part2_g532/predictions/g532_final_consensus_tape.csv
2020-06-08,0,0.2077402503410742,0.4237925298170908,1.216396,1.124061,0.75,0.598862,0.495649,0.276255,0.5,0.6,0.717537,0.129157,0.152618,0.620935,1,ok,VOO,0.003323,0.003323,0.003323,0.0,0,0.211375,0.817703,0.208464,0.571912,part2a21_soft_caution_overlay,artifacts_part2_g532/predictions/g532_final_consensus_tape.csv
2020-06-09,0,0.2149935602506349,0.5386165514280401,1.150169,1.102863,0.75,0.596333,0.495505,0.266081,0.5,0.6,0.724762,0.130457,0.182708,0.577757,1,ok,VOO,0.003323,0.003323,0.003323,0.0,0,0.210607,0.826094,0.198988,0.554097,part2a21_soft_caution_overlay,artifacts_part2_g532/predictions/g532_final_consensus_tape.csv
2020-06-10,0,0.2161742276171971,0.5402382246155414,1.071638,1.146068,0.75,0.596612,0.495521,0.288672,0.5,0.6,0.723964,0.130314,0.208561,0.545183,1,ok,VOO,0.003323,0.003323,0.003323,0.0,0,0.210017,0.824808,0.200452,0.55685,part2a21_soft_caution_overlay,artifacts_part2_g532/predictions/g532_final_consensus_tape.csv
2020-06-11,0,0.2067913123527632,0.4119093189001893,1.843267,1.355025,0.5,0.671263,0.499786,0.373898,0.5,0.6,0.510676,0.091922,0.401978,0.383449,0,high_risk_veto,VOO,0.003323,0.003323,0.003323,0.0,1,0.327443,0.752573,0.605641,0.65,part2a21_soft_caution_overlay,artifacts_part2_g532/predictions/g532_final_consensus_tape.csv
2020-06-12,0,0.19832148905001,0.3367127777188365,0.948021,1.287642,0.75,0.628394,0.497337,0.352237,0.5,0.6,0.63316,0.113969,0.409178,0.37926,0,high_risk_veto,VOO,0.003323,0.003323,0.003323,0.0,1,0.26899,0.791563,0.34496,0.625291,part2a21_soft_caution_overlay,artifacts_part2_g532/predictions/g532_final_consensus_tape.csv
2020-06-15,0,0.2102228430765985,0.4488270801683542,1.030594,1.273961,0.75,0.621263,0.496929,0.347413,0.5,0.6,0.653534,0.117636,0.411552,0.377899,0,high_risk_veto,FLAT,0.0,0.0,0.0,0.0,1,0.208991,0.708798,0.360763,0.630765,part2a21_soft_caution_overlay,artifacts_part2_g532/predictions/g532_final_consensus_tape.csv
2020-06-16,0,0.215001126443713,0.5341149130383441,1.001092,0.993236,0.75,0.594878,0.495422,0.209098,0.5,0.6,0.72892,0.131206,0.42263,0.371675,0,high_risk_veto,FLAT,0.0,0.0,0.0,0.0,0,0.171733,0.733286,0.22163,0.58115,part2a21_soft_caution_overlay,artifacts_part2_g532/predictions/g532_final_consensus_tape.csv
2020-06-17,0,0.1648036879822669,0.4069764621822376,1.247982,1.093222,0.75,0.622598,0.497006,0.250678,0.5,0.6,0.649719,0.116949,0.412971,0.377091,0,high_risk_veto,FLAT,0.0,0.0,0.0,0.0,1,0.256854,0.796196,0.318534,0.616049,part2a21_soft_caution_overlay,artifacts_part2_g532/predictions/g532_final_consensus_tape.csv
2020-06-18,0,0.1640002816468072,0.380652219209757,1.193105,1.147393,0.75,0.634638,0.497694,0.274883,0.5,0.6,0.615321,0.110758,0.412835,0.377168,0,high_risk_veto,FLAT,0.0,0.0,0.0,0.0,1,0.274621,0.785177,0.381492,0.637886,part2a21_soft_caution_overlay,artifacts_part2_g532/predictions/g532_final_consensus_tape.csv
2020-06-19,0,0.1754104033547933,0.3679705232528303,1.256558,1.232548,0.5,0.62361,0.497063,0.324527,0.5,0.6,0.646829,0.116429,0.374887,0.400072,0,high_risk_veto,FLAT,0.0,0.0,0.0,0.0,1,0.265021,0.796524,0.316666,0.615391,part2a21_soft_caution_overlay,artifacts_part2_g532/predictions/g532_final_consensus_tape.csv
2020-06-22,0,0.1850853045701364,0.3995493701072413,1.039404,1.163022,0.75,0.621503,0.496943,0.288273,0.5,0.6,0.652848,0.117513,0.371294,0.402386,0,high_risk_veto,FLAT,0.0,0.0,0.0,0.0,1,0.260762,0.798237,0.306912,0.611949,part2a21_soft_caution_overlay,artifacts_part2_g532/predictions/g532_final_consensus_tape.csv
2020-06-23,0,0.2025069081859382,0.4311179703101639,1.129492,1.141818,0.75,0.627262,0.497272,0.274761,0.5,0.6,0.636395,0.114551,0.372575,0.401558,0,high_risk_veto,FLAT,0.0,0.0,0.0,0.0,1,0.272011,0.793481,0.334014,0.621476,part2a21_soft_caution_overlay,artifacts_part2_g532/predictions/g532_final_consensus_tape.csv
2020-06-24,0,0.1740993842597543,0.3866388664287781,1.475962,1.214953,0.5,0.641307,0.498075,0.308629,0.5,0.6,0.596266,0.107328,0.389971,0.390643,0,high_risk_veto,FLAT,0.0,0.0,0.0,0.0,1,0.237457,0.690611,0.476794,0.65,part2a21_soft_caution_overlay,artifacts_part2_g532/predictions/g532_final_consensus_tape.csv
2020-06-25,0,0.250809377362773,0.4322150842376209,0.871337,1.15893,0.75,0.643682,0.49821,0.277564,0.65,0.25,0.589479,0.09579,0.219878,0.532053,0,high_risk_veto,FLAT,0.0,0.0,0.0,0.0,1,0.306939,0.780465,0.408523,0.647077,part2a21_soft_caution_overlay,artifacts_part2_g532/predictions/g532_final_consensus_tape.csv
2020-06-26,0,0.2209869267240649,0.4502788484941918,1.356478,1.234592,0.5,0.642945,0.498168,0.318594,0.65,0.6,0.591586,0.230719,0.25241,0.497601,0,high_risk_veto,FLAT,0.0,0.0,0.0,0.0,1,0.310618,0.782034,0.399515,0.644026,part2a21_soft_caution_overlay,artifacts_part2_g532/predictions/g532_final_consensus_tape.csv
2020-06-29,0,0.2119290296503442,0.4299001067275889,0.607552,0.945122,0.75,0.613608,0.496492,0.17574,0.65,0.6,0.675406,0.263408,0.25752,0.492591,0,high_risk_veto,FLAT,0.0,0.0,0.0,0.0,1,0.240421,0.803836,0.275096,0.600608,part2a21_soft_caution_overlay,artifacts_part2_g532/predictions/g532_final_consensus_tape.csv
2020-06-30,0,0.2337567358305116,0.4217563873186508,0.688604,0.884212,0.75,0.614039,0.496517,0.143254,0.75,0.6,0.674173,0.303378,0.243542,0.506542,1,ok,FLAT,0.0,0.0,0.0,0.0,1,0.242649,0.803741,0.27564,0.600803,part2a21_soft_caution_overlay,artifacts_part2_g532/predictions/g532_final_consensus_tape.csv
2020-07-01,0,0.2326250200065052,0.4733987329638007,0.831846,0.709334,0.75,0.621196,0.496925,0.046912,0.75,0.6,0.653725,0.294176,0.246944,0.503074,1,ok,FLAT,0.0,0.0,0.0,0.0,1,0.250579,0.79669,0.315721,0.615059,part2a21_soft_caution_overlay,artifacts_part2_g532/predictions/g532_final_consensus_tape.csv
2020-07-02,0,0.2474869685706308,0.4758100116958499,1.01474,0.845063,0.75,0.618047,0.496746,0.120628,0.75,0.6,0.662723,0.298225,0.247639,0.502373,1,ok,FLAT,0.0,0.0,0.0,0.0,1,0.249514,0.800247,0.295477,0.607893,part2a21_soft_caution_overlay,artifacts_part2_g532/predictions/g532_final_consensus_tape.csv
2020-07-03,0,0.2221112190216643,0.4645825390519477,1.114451,0.987012,0.5,0.622392,0.496994,0.194194,0.75,0.6,0.65031,0.292639,0.24499,0.505061,1,ok,FLAT,0.0,0.0,0.0,0.0,1,0.253622,0.795835,0.320589,0.616772,part2a21_soft_caution_overlay,artifacts_part2_g532/predictions/g532_final_consensus_tape.csv
2020-07-06,0,0.2401427755977347,0.4512747068632954,0.840808,0.989999,0.75,0.60783,0.496162,0.201974,0.75,0.6,0.691913,0.311361,0.256286,0.493792,1,ok,VOO,0.004658,0.004658,0.004658,0.0,1,0.236919,0.810078,0.239751,0.587803,part2a21_soft_caution_overlay,artifacts_part2_g532/predictions/g532_final_consensus_tape.csv
2020-07-07,0,0.1900892336590849,0.4156150756160112,1.268961,1.07474,0.5,0.620392,0.49688,0.241725,0.75,0.6,0.656022,0.29521,0.266818,0.48373,1,ok,VOO,0.004658,0.004658,0.004658,0.0,1,0.216871,0.711316,0.346371,0.625781,part2a21_soft_caution_overlay,artifacts_part2_g532/predictions/g532_final_consensus_tape.csv
2020-07-08,0,0.2376165387477787,0.4206540479515386,0.957279,1.022349,0.75,0.623211,0.497041,0.212671,0.75,0.6,0.64797,0.291586,0.219061,0.53298,1,ok,VOO,0.004658,0.004658,0.004658,0.0,1,0.266908,0.797355,0.311934,0.613723,part2a21_soft_caution_overlay,artifacts_part2_g532/predictions/g532_final_consensus_tape.csv
2020-07-09,0,0.1726394667780404,0.3348646248591673,1.022651,1.082964,0.75,0.611255,0.496357,0.249747,0.75,0.6,0.682128,0.306958,0.22315,0.528374,1,ok,VOO,0.004658,0.004658,0.004658,0.0,1,0.200329,0.719108,0.301958,0.610194,part2a21_soft_caution_overlay,artifacts_part2_g532/predictions/g532_final_consensus_tape.csv
2020-07-10,0,0.1910533111724225,0.3414102297084486,1.117204,1.032378,0.75,0.616259,0.496643,0.2209,0.75,0.6,0.66783,0.300524,0.161891,0.606957,1,ok,VOO,0.004658,0.004658,0.004658,0.0,1,0.211992,0.715329,0.323476,0.617786,part2a21_soft_caution_overlay,artifacts_part2_g532/predictions/g532_final_consensus_tape.csv
2020-07-13,0,0.1945299818777774,0.3815083989548655,1.389793,1.176549,0.5,0.599142,0.495665,0.303761,0.75,0.6,0.716736,0.322531,0.172975,0.591051,1,ok,VOO,0.008686,0.008686,0.008686,0.0,0,0.216582,0.8196,0.206338,0.567916,part2a21_soft_caution_overlay,artifacts_part2_g532/predictions/g532_final_consensus_tape.csv
2020-07-14,0,0.1941164514288667,0.3360796592374053,0.894867,1.133954,0.75,0.599013,0.495658,0.281402,0.75,0.6,0.717105,0.322697,0.169967,0.595285,1,ok,VOO,0.008686,0.008686,0.008686,0.0,0,0.215863,0.819655,0.206276,0.567799,part2a21_soft_caution_overlay,artifacts_part2_g532/predictions/g532_final_consensus_tape.csv
2020-07-15,0,0.1613969560418519,0.2134878896582253,1.130236,1.138298,0.75,0.60144,0.495797,0.282771,0.75,0.6,0.710171,0.319577,0.170685,0.594269,1,ok,VOO,0.008686,0.008686,0.008686,0.0,0,0.214906,0.81357,0.220027,0.580558,part2a21_soft_caution_overlay,artifacts_part2_g532/predictions/g532_final_consensus_tape.csv
2020-07-16,0,0.1703890360122433,0.2476004045265842,1.23664,1.087247,0.5,0.60455,0.495974,0.254661,0.75,0.6,0.701285,0.315578,0.174021,0.589593,1,ok,VOO,0.008686,0.008686,0.008686,0.0,0,0.222536,0.81129,0.232899,0.585294,part2a21_soft_caution_overlay,artifacts_part2_g532/predictions/g532_final_consensus_tape.csv
2020-07-17,0,0.1469543182055486,0.1675496649633669,1.102617,1.156498,0.5,0.599584,0.495691,0.293048,0.75,0.6,0.715474,0.321963,0.173482,0.590344,1,ok,VOO,0.008686,0.008686,0.008686,0.0,0,0.214602,0.81695,0.209305,0.573494,part2a21_soft_caution_overlay,artifacts_part2_g532/predictions/g532_final_consensus_tape.csv
2020-07-20,0,0.1493673570145966,0.1737154568409938,0.779465,1.039574,0.5,0.59948,0.495685,0.231565,0.75,0.6,0.715772,0.322097,0.157912,0.612877,1,ok,VOO,0.006857,0.006857,0.006857,0.0,0,0.215506,0.817818,0.208335,0.571669,part2a21_soft_caution_overlay,artifacts_part2_g532/predictions/g532_final_consensus_tape.csv
2020-07-21,0,0.1412446088624882,0.1573529166923563,1.432436,1.104839,0.75,0.600194,0.495725,0.26563,0.75,0.6,0.713731,0.321179,0.132931,0.652859,1,ok,VOO,0.006857,0.006857,0.006857,0.0,0,0.214371,0.814959,0.212199,0.577663,part2a21_soft_caution_overlay,artifacts_part2_g532/predictions/g532_final_consensus_tape.csv
2020-07-22,0,0.1396451329327396,0.1522417719547163,1.174637,1.128846,0.5,0.596477,0.495513,0.279676,0.75,0.6,0.724353,0.325959,0.129821,0.658205,1,ok,VOO,0.006857,0.006857,0.006857,0.0,0,0.206801,0.823524,0.20191,0.559592,part2a21_soft_caution_overlay,artifacts_part2_g532/predictions/g532_final_consensus_tape.csv
2020-07-23,0,0.1548063134904462,0.1773395321285152,1.610503,1.405859,0.75,0.596135,0.495493,0.425305,0.75,0.6,0.725328,0.326398,0.142709,0.636603,1,ok,VOO,0.006857,0.006857,0.006857,0.0,0,0.201524,0.82182,0.203838,0.563215,part2a21_soft_caution_overlay,artifacts_part2_g532/predictions/g532_final_consensus_tape.csv
2020-07-24,0,0.167991905480971,0.2108709633406203,1.242017,1.342386,0.75,0.60003,0.495716,0.39072,0.75,0.6,0.7142,0.32139,0.137622,0.644958,1,ok,VOO,0.006857,0.006857,0.006857,0.0,0,0.213106,0.814917,0.212436,0.57775,part2a21_soft_caution_overlay,artifacts_part2_g532/predictions/g532_final_consensus_tape.csv
2020-07-27,0,0.1508566467291965,0.1704717306729332,0.887664,1.246728,0.5,0.594861,0.495421,0.342163,0.75,0.6,0.728969,0.328036,0.12853,0.66045,1,ok,VOO,0.01112,0.01112,0.01112,0.0,0,0.2021,0.826552,0.198465,0.553115,part2a21_soft_caution_overlay,artifacts_part2_g532/predictions/g532_final_consensus_tape.csv
2020-07-28,0,0.1503879185426656,0.1760720109256298,1.28643,1.138703,0.75,0.596517,0.495515,0.284839,0.75,0.6,0.724238,0.325907,0.123975,0.668494,1,ok,VOO,0.01112,0.01112,0.01112,0.0,0,0.203313,0.821472,0.20423,0.563953,part2a21_soft_caution_overlay,artifacts_part2_g532/predictions/g532_final_consensus_tape.csv
2020-07-29,0,0.1582481489466566,0.1821258729293756,0.921877,1.03199,0.5,0.600842,0.495762,0.227021,0.75,0.6,0.711881,0.320346,0.127268,0.66266,1,ok,VOO,0.01112,0.01112,0.01112,0.0,0,0.214617,0.814231,0.216301,0.579181,part2a21_soft_caution_overlay,artifacts_part2_g532/predictions/g532_final_consensus_tape.csv
2020-07-30,0,0.159006314815978,0.1969407594700566,1.134581,1.114296,0.5,0.595675,0.495467,0.272339,0.75,0.6,0.726644,0.32699,0.128725,0.660109,1,ok,VOO,0.01112,0.01112,0.01112,0.0,0,0.20455,0.825074,0.20015,0.556281,part2a21_soft_caution_overlay,artifacts_part2_g532/predictions/g532_final_consensus_tape.csv
2020-07-31,0,0.1657894106101128,0.213496187966471,0.922536,0.992998,0.5,0.593544,0.495345,0.209527,0.75,1.0,0.732732,0.549549,0.134097,0.650877,1,ok,VOO,0.01112,0.01112,0.01112,0.0,0,0.198181,0.828956,0.195712,0.547938,part2a21_soft_caution_overlay,artifacts_part2_g532/predictions/g532_final_consensus_tape.csv
2020-08-03,0,0.1655243367301439,0.2054233262437211,1.059338,1.038818,0.5,0.593294,0.495331,0.233662,0.75,1.0,0.733446,0.550085,0.132944,0.652837,1,ok,VOO,0.012587,0.012587,0.012587,0.0,0,0.197066,0.829211,0.195419,0.547387,part2a21_soft_caution_overlay,artifacts_part2_g532/predictions/g532_final_consensus_tape.csv
2020-08-04,0,0.1609258583871546,0.1963354392099681,1.197517,1.059797,0.5,0.595554,0.49546,0.243768,0.75,0.6,0.726988,0.327144,0.132939,0.652845,1,ok,VOO,0.012587,0.012587,0.012587,0.0,0,0.202466,0.824354,0.200968,0.55782,part2a21_soft_caution_overlay,artifacts_part2_g532/predictions/g532_final_consensus_tape.csv
2020-08-05,0,0.1548528608323315,0.1773884566930487,1.235611,1.164155,0.5,0.594513,0.495401,0.298949,0.75,0.6,0.729963,0.328483,0.13853,0.643451,1,ok,VOO,0.012587,0.012587,0.012587,0.0,0,0.202942,0.828205,0.196574,0.54956,part2a21_soft_caution_overlay,artifacts_part2_g532/predictions/g532_final_consensus_tape.csv
2020-08-06,0,0.1596741073667416,0.1903253932903837,1.014875,1.149334,0.5,0.598865,0.495649,0.289548,0.75,0.6,0.717528,0.322888,0.11444,0.685983,1,ok,VOO,0.012587,0.012587,0.012587,0.0,0,0.218184,0.82145,0.204255,0.563999,part2a21_soft_caution_overlay,artifacts_part2_g532/predictions/g532_final_consensus_tape.csv
2020-08-07,0,0.1596808342792511,0.1903560194325007,1.441006,1.230497,0.75,0.598364,0.495621,0.332416,0.75,0.6,0.71896,0.323532,0.102914,0.708387,1,ok,VOO,0.012587,0.012587,0.012587,0.0,0,0.217088,0.822595,0.202963,0.56157,part2a21_soft_caution_overlay,artifacts_part2_g532/predictions/g532_final_consensus_tape.csv
2020-08-10,0,0.1678751145690299,0.2498051333354628,1.279038,1.244973,0.75,0.596796,0.495531,0.340571,0.75,0.6,0.723439,0.325548,0.099326,0.715663,1,ok,VOO,0.011902,0.011902,0.011902,0.0,0,0.210847,0.824625,0.20066,0.557242,part2a21_soft_caution_overlay,artifacts_part2_g532/predictions/g532_final_consensus_tape.csv
2020-08-11,0,0.1722487567917236,0.2204495709462106,1.423858,1.381301,0.75,0.597117,0.49555,0.412103,0.75,0.6,0.722522,0.325135,0.087227,0.74134,1,ok,VOO,0.011902,0.011902,0.011902,0.0,0,0.207287,0.821561,0.20413,0.563765,part2a21_soft_caution_overlay,artifacts_part2_g532/predictions/g532_final_consensus_tape.csv
2020-08-12,0,0.1824231311238849,0.2306207955793012,0.681328,1.128075,0.5,0.60154,0.495802,0.277348,0.75,0.6,0.709885,0.319448,0.103504,0.707205,1,ok,VOO,0.011902,0.011902,0.011902,0.0,0,0.236598,0.822236,0.203369,0.562333,part2a21_soft_caution_overlay,artifacts_part2_g532/predictions/g532_final_consensus_tape.csv
2020-08-13,0,0.1777802487267324,0.2122893692728551,1.100898,1.068695,0.5,0.596955,0.49554,0.247887,0.75,0.6,0.722986,0.325344,0.092638,0.729632,1,ok,VOO,0.011902,0.011902,0.011902,0.0,0,0.224002,0.831197,0.193131,0.543086,part2a21_soft_caution_overlay,artifacts_part2_g532/predictions/g532_final_consensus_tape.csv
2020-08-14,0,0.1774680639550815,0.2218068672334413,1.146795,0.97634,0.75,0.597588,0.495576,0.19909,0.75,0.6,0.721176,0.324529,0.09459,0.7255,1,ok,VOO,0.011902,0.011902,0.011902,0.0,0,0.227543,0.830939,0.193429,0.543647,part2a21_soft_caution_overlay,artifacts_part2_g532/predictions/g532_final_consensus_tape.csv
2020-08-17,0,0.1763185946878631,0.2129087913882883,1.043823,1.097172,0.5,0.595632,0.495465,0.263363,0.75,0.6,0.726766,0.327045,0.09412,0.72649,1,ok,VOO,0.009386,0.009386,0.009386,0.0,0,0.219604,0.833339,0.190651,0.538424,part2a21_soft_caution_overlay,artifacts_part2_g532/predictions/g532_final_consensus_tape.csv
2020-08-18,0,0.1786003622163946,0.2196824502390105,1.054414,1.081677,0.5,0.592167,0.495267,0.256579,0.75,0.6,0.736665,0.331499,0.094489,0.725712,1,ok,VOO,0.009386,0.009386,0.009386,0.0,0,0.214796,0.84241,0.179996,0.518393,part2a21_soft_caution_overlay,artifacts_part2_g532/predictions/g532_final_consensus_tape.csv
2020-08-19,0,0.1951670792661098,0.3145713831610886,1.299994,1.132744,0.75,0.589792,0.495131,0.284237,0.75,0.6,0.743451,0.334553,0.093136,0.728574,1,ok,VOO,0.009386,0.009386,0.009386,0.0,0,0.203431,0.844344,0.177692,0.514061,part2a21_soft_caution_overlay,artifacts_part2_g532/predictions/g532_final_consensus_tape.csv
2020-08-20,0,0.1997617331158138,0.3172810817276862,0.946196,1.100201,0.5,0.59505,0.495431,0.265178,0.75,0.6,0.728429,0.327793,0.091757,0.731515,1,ok,VOO,0.009386,0.009386,0.009386,0.0,0,0.219528,0.835267,0.188407,0.534205,part2a21_soft_caution_overlay,artifacts_part2_g532/predictions/g532_final_consensus_tape.csv
2020-08-21,0,0.1960984213107626,0.2872265512372176,1.03176,1.09265,0.5,0.596771,0.49553,0.260546,0.75,0.6,0.723512,0.32558,0.09181,0.731401,1,ok,VOO,0.009386,0.009386,0.009386,0.0,0,0.220228,0.829797,0.194746,0.546122,part2a21_soft_caution_overlay,artifacts_part2_g532/predictions/g532_final_consensus_tape.csv
2020-08-24,0,0.1988766317173447,0.3180325811170114,1.151098,1.043018,0.5,0.590294,0.49516,0.237065,0.75,0.6,0.742017,0.333907,0.103665,0.706883,1,ok,VOO,0.008393,0.008393,0.008393,0.0,0,0.203375,0.842656,0.179703,0.517842,part2a21_soft_caution_overlay,artifacts_part2_g532/predictions/g532_final_consensus_tape.csv
2020-08-25,0,0.1909897555256334,0.3005288009064576,1.175168,1.119342,0.5,0.59349,0.495342,0.275819,0.75,0.6,0.732886,0.329799,0.096391,0.721728,1,ok,VOO,0.008393,0.008393,0.008393,0.0,0,0.216391,0.838845,0.184212,0.526319,part2a21_soft_caution_overlay,artifacts_part2_g532/predictions/g532_final_consensus_tape.csv
2020-08-26,0,0.211031534464013,0.3587390152790517,0.891683,1.07265,0.5,0.586162,0.494924,0.254195,0.75,1.0,0.753822,0.565366,0.076453,0.765806,1,ok,VOO,0.008393,0.008393,0.008393,0.0,0,0.168942,0.758358,0.184785,0.527396,part2a21_soft_caution_overlay,artifacts_part2_g532/predictions/g532_final_consensus_tape.csv
2020-08-27,0,0.2368682562484093,0.4864272809543206,1.364184,1.143678,0.75,0.585934,0.49491,0.291392,0.75,1.0,0.754476,0.565857,0.075868,0.767183,1,ok,VOO,0.008393,0.008393,0.008393,0.0,0,0.166413,0.757791,0.185453,0.528651,part2a21_soft_caution_overlay,artifacts_part2_g532/predictions/g532_final_consensus_tape.csv
2020-08-28,0,0.2161702511209459,0.3976157644026483,1.177611,1.144493,0.5,0.586405,0.494937,0.291644,0.75,1.0,0.753129,0.564847,0.072635,0.77487,1,ok,VOO,0.008393,0.008393,0.008393,0.0,0,0.170019,0.758114,0.185072,0.527936,part2a21_soft_caution_overlay,artifacts_part2_g532/predictions/g532_final_consensus_tape.csv
2020-08-31,0,0.2404096104408583,0.4869772255766483,1.189234,1.243676,0.5,0.599895,0.495708,0.338814,0.75,0.6,0.714585,0.321563,0.084165,0.748134,0,deploy_downside_veto,FLAT,0.0,0.0,0.0,0.0,1,0.191843,0.731076,0.234109,0.585738,part2a21_soft_caution_overlay,artifacts_part2_g532/predictions/g532_final_consensus_tape.csv
2020-09-01,0,0.2377621298527274,0.47760307815076,1.066909,1.144585,0.5,0.603646,0.495923,0.285252,0.75,0.6,0.703868,0.316741,0.083192,0.750317,1,ok,FLAT,0.0,0.0,0.0,0.0,1,0.199118,0.727964,0.251705,0.592158,part2a21_soft_caution_overlay,artifacts_part2_g532/predictions/g532_final_consensus_tape.csv
2020-09-02,0,0.236357404901032,0.4714352367791651,1.179797,1.145313,0.5,0.589436,0.495111,0.290949,0.75,1.0,0.744469,0.558352,0.08464,0.747072,1,ok,FLAT,0.0,0.0,0.0,0.0,0,0.17225,0.749038,0.195618,0.547762,part2a21_soft_caution_overlay,artifacts_part2_g532/predictions/g532_final_consensus_tape.csv
2020-09-03,0,0.2146860365041128,0.3911994171632173,2.244434,1.497047,0.75,0.652477,0.498713,0.457136,0.75,0.6,0.564353,0.253959,0.228665,0.522286,1,ok,FLAT,0.0,0.0,0.0,0.0,1,0.314765,0.771761,0.46858,0.65,part2a21_soft_caution_overlay,artifacts_part2_g532/predictions/g532_final_consensus_tape.csv
2020-09-04,0,0.2093126592917139,0.357652647896422,1.476935,1.633722,0.75,0.649565,0.498547,0.531852,0.75,0.6,0.572671,0.257702,0.229607,0.52126,1,ok,FLAT,0.0,0.0,0.0,0.0,1,0.312488,0.774679,0.44774,0.65,part2a21_soft_caution_overlay,artifacts_part2_g532/predictions/g532_final_consensus_tape.csv
2020-09-07,0,0.2097477455641582,0.379602178339636,1.195364,1.638911,0.75,0.623252,0.497043,0.54118,0.75,0.6,0.647851,0.291533,0.222563,0.52903,1,ok,VOO,0.01252,0.01252,0.01252,0.0,1,0.222372,0.708939,0.359956,0.630486,part2a21_soft_caution_overlay,artifacts_part2_g532/predictions/g532_final_consensus_tape.csv
2020-09-08,0,0.1941767766956034,0.299250519943387,1.860153,1.510817,0.75,0.647146,0.498408,0.46613,0.75,0.6,0.579584,0.260813,0.265773,0.48471,1,ok,VOO,0.01252,0.01252,0.01252,0.0,1,0.300854,0.77535,0.442947,0.65,part2a21_soft_caution_overlay,artifacts_part2_g532/predictions/g532_final_consensus_tape.csv
2020-09-09,0,0.1845278567641984,0.2453777513787267,0.39852,1.151346,0.5,0.627102,0.497263,0.279911,0.75,0.6,0.636852,0.286584,0.283303,0.468776,1,ok,VOO,0.01252,0.01252,0.01252,0.0,1,0.268695,0.793049,0.336479,0.622337,part2a21_soft_caution_overlay,artifacts_part2_g532/predictions/g532_final_consensus_tape.csv
2020-09-10,0,0.1634780973942277,0.176517655652265,1.323852,1.194175,0.75,0.640825,0.498047,0.297632,0.75,0.6,0.597642,0.268939,0.29054,0.462501,1,ok,VOO,0.01252,0.01252,0.01252,0.0,1,0.287916,0.780299,0.409475,0.647398,part2a21_soft_caution_overlay,artifacts_part2_g532/predictions/g532_final_consensus_tape.csv
2020-09-11,0,0.1724176328489008,0.2136548422421259,1.015244,0.912538,0.75,0.637278,0.497844,0.147773,0.75,0.6,0.607776,0.273499,0.286634,0.465867,1,ok,VOO,0.01252,0.01252,0.01252,0.0,1,0.283347,0.783668,0.390142,0.640839,part2a21_soft_caution_overlay,artifacts_part2_g532/predictions/g532_final_consensus_tape.csv
2020-09-14,0,0.1629869160420873,0.1700426105485295,0.624799,0.987965,0.5,0.637158,0.497838,0.188318,0.75,0.6,0.608121,0.273654,0.302565,0.452436,1,ok,VOO,0.003497,0.003497,0.003497,0.0,1,0.28161,0.783485,0.391187,0.641195,part2a21_soft_caution_overlay,artifacts_part2_g532/predictions/g532_final_consensus_tape.csv
2020-09-15,0,0.1656275744499366,0.1793979528839024,0.791167,0.810403,0.5,0.629025,0.497373,0.096943,0.75,0.6,0.631358,0.284111,0.302211,0.452725,1,ok,VOO,0.003497,0.003497,0.003497,0.0,1,0.269385,0.790885,0.348833,0.626636,part2a21_soft_caution_overlay,artifacts_part2_g532/predictions/g532_final_consensus_tape.csv
2020-09-16,0,0.1642745712306598,0.1572633816897358,1.377634,0.9312,0.75,0.635119,0.497721,0.158766,0.75,0.6,0.613945,0.276275,0.287708,0.464937,1,ok,VOO,0.003497,0.003497,0.003497,0.0,1,0.284251,0.78641,0.374427,0.635466,part2a21_soft_caution_overlay,artifacts_part2_g532/predictions/g532_final_consensus_tape.csv
2020-09-17,0,0.1746919011767703,0.1933787193162273,1.328328,1.165709,0.75,0.604178,0.495953,0.296194,0.75,0.6,0.702348,0.316057,0.231722,0.518972,1,ok,VOO,0.003497,0.003497,0.003497,0.0,0,0.218646,0.811003,0.234523,0.585889,part2a21_soft_caution_overlay,artifacts_part2_g532/predictions/g532_final_consensus_tape.csv
2020-09-18,0,0.1737204040119224,0.1983090256174258,1.213049,1.306337,0.75,0.609424,0.496253,0.368625,0.75,0.6,0.687359,0.309312,0.235408,0.51503,1,ok,VOO,0.003497,0.003497,0.003497,0.0,0,0.231376,0.807131,0.256421,0.59387,part2a21_soft_caution_overlay,artifacts_part2_g532/predictions/g532_final_consensus_tape.csv
2020-09-21,0,0.1721884605279312,0.2020155834116354,0.73255,1.091309,0.5,0.613275,0.496473,0.253367,0.75,0.6,0.676356,0.30436,0.238959,0.511291,1,ok,VOO,0.005914,0.005914,0.005914,0.0,1,0.233247,0.802885,0.280496,0.602545,part2a21_soft_caution_overlay,artifacts_part2_g532/predictions/g532_final_consensus_tape.csv
2020-09-22,0,0.1863470457662741,0.2602717870831383,0.488399,0.811333,0.5,0.60944,0.496254,0.10679,0.75,0.6,0.687313,0.309291,0.201569,0.553626,1,ok,VOO,0.005914,0.005914,0.005914,0.0,0,0.226838,0.806258,0.261366,0.59566,part2a21_soft_caution_overlay,artifacts_part2_g532/predictions/g532_final_consensus_tape.csv
2020-09-23,0,0.1773910123244206,0.2166338934976809,1.276556,0.832501,0.5,0.607644,0.496151,0.118824,0.75,0.6,0.692447,0.311601,0.194867,0.561966,1,ok,VOO,0.005914,0.005914,0.005914,0.0,0,0.222743,0.807634,0.253574,0.592837,part2a21_soft_caution_overlay,artifacts_part2_g532/predictions/g532_final_consensus_tape.csv
2020-09-24,0,0.1924260095471595,0.2899846631000626,0.536643,0.767199,0.75,0.615324,0.49659,0.080584,0.75,0.6,0.670502,0.301726,0.181033,0.580001,1,ok,VOO,0.005914,0.005914,0.005914,0.0,1,0.236973,0.801139,0.290408,0.606087,part2a21_soft_caution_overlay,artifacts_part2_g532/predictions/g532_final_consensus_tape.csv
2020-09-25,0,0.181508919115986,0.2328239753193439,0.207131,0.673443,0.75,0.613349,0.496477,0.031852,0.75,0.6,0.676147,0.304266,0.202351,0.552668,1,ok,VOO,0.005914,0.005914,0.005914,0.0,1,0.23091,0.802358,0.283488,0.603616,part2a21_soft_caution_overlay,artifacts_part2_g532/predictions/g532_final_consensus_tape.csv
2020-09-28,0,0.1776175776355044,0.2317716280977672,0.446511,0.396762,0.5,0.625485,0.497171,0.0,0.75,0.6,0.641472,0.288662,0.208966,0.544703,0,weak_score,FLAT,0.0,0.0,0.0,0.0,1,0.259109,0.793176,0.335751,0.622083,part2a21_soft_caution_overlay,artifacts_part2_g532/predictions/g532_final_consensus_tape.csv
2020-09-29,0,0.1649407265734722,0.1847898864032177,0.937328,0.530323,0.75,0.614869,0.496564,0.0,0.75,0.6,0.671802,0.302311,0.207077,0.546954,0,weak_score,FLAT,0.0,0.0,0.0,0.0,1,0.238785,0.802023,0.285388,0.604295,part2a21_soft_caution_overlay,artifacts_part2_g532/predictions/g532_final_consensus_tape.csv
2020-09-30,0,0.178815062056107,0.2317575522021029,0.735654,0.706498,0.5,0.61218,0.49641,0.049961,0.75,0.6,0.679486,0.305769,0.216131,0.53633,1,ok,FLAT,0.0,0.0,0.0,0.0,1,0.241488,0.805742,0.264289,0.596716,part2a21_soft_caution_overlay,artifacts_part2_g532/predictions/g532_final_consensus_tape.csv
2020-10-01,0,0.1754304829613705,0.2256573911836332,0.680492,0.784491,0.5,0.599416,0.495681,0.097378,0.75,0.6,0.715954,0.322179,0.21299,0.539969,1,ok,FLAT,0.0,0.0,0.0,0.0,0,0.21639,0.818532,0.207536,0.570167,part2a21_soft_caution_overlay,artifacts_part2_g532/predictions/g532_final_consensus_tape.csv
2020-10-02,0,0.1747649989509989,0.2045098108266671,1.51606,0.977402,0.75,0.596717,0.495527,0.200015,0.75,0.6,0.723666,0.32565,0.209634,0.543911,1,ok,FLAT,0.0,0.0,0.0,0.0,0,0.207207,0.822911,0.202605,0.560897,part2a21_soft_caution_overlay,artifacts_part2_g532/predictions/g532_final_consensus_tape.csv
2020-10-05,0,0.1879128728356027,0.2521462999873476,0.727341,0.974631,0.5,0.616044,0.496631,0.190337,0.75,0.6,0.668446,0.300801,0.222491,0.52911,1,ok,VOO,0.004544,0.004544,0.004544,0.0,1,0.251325,0.802979,0.279961,0.602353,part2a21_soft_caution_overlay,artifacts_part2_g532/predictions/g532_final_consensus_tape.csv
2020-10-06,0,0.1729168256920528,0.1822676771478174,1.461214,1.234872,0.75,0.617411,0.496709,0.327985,0.75,0.6,0.66454,0.299043,0.242885,0.507218,1,ok,VOO,0.004544,0.004544,0.004544,0.0,1,0.246537,0.800447,0.294343,0.607489,part2a21_soft_caution_overlay,artifacts_part2_g532/predictions/g532_final_consensus_tape.csv
2020-10-07,0,0.197032666519541,0.2114764795537348,0.844302,1.010953,0.5,0.639402,0.497966,0.199694,0.75,0.6,0.60171,0.270769,0.211583,0.541614,1,ok,VOO,0.004544,0.004544,0.004544,0.0,1,0.260002,0.752231,0.432255,0.65,part2a21_soft_caution_overlay,artifacts_part2_g532/predictions/g532_final_consensus_tape.csv
2020-10-08,0,0.1800470776135163,0.1410898821265957,1.137894,1.147804,0.5,0.636948,0.497826,0.274203,0.75,0.6,0.608719,0.273924,0.210408,0.542997,1,ok,VOO,0.004544,0.004544,0.004544,0.0,1,0.251236,0.753456,0.4235,0.65,part2a21_soft_caution_overlay,artifacts_part2_g532/predictions/g532_final_consensus_tape.csv
2020-10-09,0,0.168749225093203,0.1288280692541988,0.939456,0.973884,0.5,0.628514,0.497344,0.184543,0.75,0.6,0.632817,0.284768,0.205981,0.548269,1,ok,VOO,0.004544,0.004544,0.004544,0.0,1,0.23749,0.760889,0.379611,0.637243,part2a21_soft_caution_overlay,artifacts_part2_g532/predictions/g532_final_consensus_tape.csv
2020-10-12,0,0.1661274032929897,0.1230285670999968,0.768614,0.948655,0.5,0.636007,0.497772,0.16773,0.75,0.6,0.611408,0.275134,0.203514,0.551251,1,ok,VOO,0.003816,0.003816,0.003816,0.0,1,0.248354,0.754013,0.419523,0.65,part2a21_soft_caution_overlay,artifacts_part2_g532/predictions/g532_final_consensus_tape.csv
2020-10-13,0,0.1794180195537179,0.1458157755015934,1.337938,1.015336,0.75,0.629672,0.49741,0.206201,0.75,0.6,0.629507,0.283278,0.207508,0.546438,1,ok,VOO,0.003816,0.003816,0.003816,0.0,1,0.240519,0.760077,0.384265,0.638834,part2a21_soft_caution_overlay,artifacts_part2_g532/predictions/g532_final_consensus_tape.csv
2020-10-14,0,0.1907944571892756,0.1849448956525647,1.487239,1.19793,0.75,0.633692,0.49764,0.302329,0.75,0.6,0.618024,0.278111,0.21432,0.538422,1,ok,VOO,0.003816,0.003816,0.003816,0.0,1,0.251513,0.757351,0.399897,0.644156,part2a21_soft_caution_overlay,artifacts_part2_g532/predictions/g532_final_consensus_tape.csv
2020-10-15,0,0.191512652643711,0.1825427681312653,1.457798,1.427658,0.75,0.6353,0.497731,0.424925,0.75,0.6,0.613428,0.276042,0.215049,0.537578,1,ok,VOO,0.003816,0.003816,0.003816,0.0,1,0.251789,0.755486,0.410604,0.64778,part2a21_soft_caution_overlay,artifacts_part2_g532/predictions/g532_final_consensus_tape.csv
2020-10-16,0,0.1962519422226838,0.1984110599237539,1.335637,1.426891,0.75,0.639026,0.497944,0.423362,0.75,0.6,0.602782,0.271252,0.206235,0.547964,1,ok,VOO,0.003816,0.003816,0.003816,0.0,1,0.261106,0.752858,0.427773,0.65,part2a21_soft_caution_overlay,artifacts_part2_g532/predictions/g532_final_consensus_tape.csv
2020-10-19,0,0.212541851342292,0.2789799857960351,1.560355,1.451263,0.75,0.630324,0.497447,0.439081,0.75,0.6,0.627646,0.282441,0.192496,0.564976,1,ok,VOO,0.01051,0.01051,0.01051,0.0,1,0.188225,0.669685,0.450438,0.65,part2a21_soft_caution_overlay,artifacts_part2_g532/predictions/g532_final_consensus_tape.csv
2020-10-20,0,0.21163507182681,0.2848375762097055,1.241241,1.379077,0.5,0.621666,0.496952,0.403236,0.75,0.6,0.652384,0.293573,0.168701,0.597085,1,ok,VOO,0.01051,0.01051,0.01051,0.0,1,0.182801,0.678785,0.391669,0.641359,part2a21_soft_caution_overlay,artifacts_part2_g532/predictions/g532_final_consensus_tape.csv
2020-10-21,0,0.2066649771056156,0.262017874696399,1.302246,1.367947,0.75,0.623386,0.497051,0.396758,0.75,0.6,0.647468,0.29136,0.139332,0.642126,1,ok,VOO,0.01051,0.01051,0.01051,0.0,1,0.231252,0.765831,0.351338,0.627505,part2a21_soft_caution_overlay,artifacts_part2_g532/predictions/g532_final_consensus_tape.csv
2020-10-22,0,0.2042846562727194,0.2466324340761555,1.382824,1.30877,0.75,0.626833,0.497248,0.364056,0.75,0.6,0.63762,0.286929,0.142127,0.637548,1,ok,VOO,0.01051,0.01051,0.01051,0.0,1,0.236167,0.762645,0.369558,0.633794,part2a21_soft_caution_overlay,artifacts_part2_g532/predictions/g532_final_consensus_tape.csv
2020-10-23,0,0.1981001868187995,0.2206059262579392,1.336894,1.340655,0.5,0.624858,0.497135,0.381729,0.75,0.6,0.643263,0.289468,0.134563,0.650088,1,ok,VOO,0.01051,0.01051,0.01051,0.0,1,0.230012,0.763843,0.362701,0.631433,part2a21_soft_caution_overlay,artifacts_part2_g532/predictions/g532_final_consensus_tape.csv
2020-10-26,0,0.2074783840035013,0.2609770662201923,1.511829,1.410516,0.75,0.634172,0.497667,0.416085,0.75,0.6,0.616652,0.277493,0.145949,0.631394,1,ok,VOO,0.010935,0.010935,0.010935,0.0,1,0.197529,0.666963,0.469885,0.65,part2a21_soft_caution_overlay,artifacts_part2_g532/predictions/g532_final_consensus_tape.csv
2020-10-27,0,0.2316904213636731,0.3789754889486073,1.018964,1.289229,0.5,0.633814,0.497647,0.351206,0.75,0.6,0.617674,0.277953,0.143637,0.635103,1,ok,VOO,0.010935,0.010935,0.010935,0.0,1,0.203596,0.668463,0.459166,0.65,part2a21_soft_caution_overlay,artifacts_part2_g532/predictions/g532_final_consensus_tape.csv
2020-10-28,0,0.2162660889857002,0.2954273033853987,1.888728,1.473173,0.75,0.673589,0.499919,0.43779,0.65,0.6,0.504031,0.196572,0.215601,0.536941,0,high_risk_veto,VOO,0.010935,0.010935,0.010935,0.0,1,0.303491,0.720987,0.655423,0.65,part2a21_soft_caution_overlay,artifacts_part2_g532/predictions/g532_final_consensus_tape.csv
2020-10-29,0,0.2104606088477285,0.2632310773668994,0.865031,1.257574,0.5,0.644233,0.498242,0.330506,0.65,0.6,0.587907,0.229284,0.238385,0.511891,0,high_risk_veto,VOO,0.010935,0.010935,0.010935,0.0,1,0.206622,0.657101,0.540324,0.65,part2a21_soft_caution_overlay,artifacts_part2_g532/predictions/g532_final_consensus_tape.csv
2020-10-30,0,0.2028104616908131,0.216251929234775,1.760525,1.504761,0.75,0.664149,0.49938,0.457887,0.5,0.6,0.531002,0.09558,0.237785,0.512521,0,high_risk_veto,VOO,0.010935,0.010935,0.010935,0.0,1,0.289065,0.729179,0.59691,0.65,part2a21_soft_caution_overlay,artifacts_part2_g532/predictions/g532_final_consensus_tape.csv
2020-11-02,0,0.1971663973140193,0.1951122430093451,1.202564,1.27604,0.75,0.662801,0.499303,0.33379,0.5,0.6,0.534855,0.096274,0.243729,0.506351,0,high_risk_veto,FLAT,0.0,0.0,0.0,0.0,1,0.27402,0.728012,0.605245,0.65,part2a21_soft_caution_overlay,artifacts_part2_g532/predictions/g532_final_consensus_tape.csv
2020-11-03,0,0.1967587854005667,0.2006440999570492,1.097316,1.353468,0.75,0.665507,0.499458,0.375015,0.5,0.6,0.527124,0.094882,0.266345,0.484172,0,high_risk_veto,FLAT,0.0,0.0,0.0,0.0,1,0.281179,0.726208,0.61813,0.65,part2a21_soft_caution_overlay,artifacts_part2_g532/predictions/g532_final_consensus_tape.csv
2020-11-04,0,0.192998370192176,0.135448613248729,0.518349,0.93941,0.5,0.64556,0.498318,0.158457,0.5,0.6,0.584113,0.10514,0.277415,0.47401,1,ok,FLAT,0.0,0.0,0.0,0.0,1,0.286585,0.774593,0.448353,0.65,part2a21_soft_caution_overlay,artifacts_part2_g532/predictions/g532_final_consensus_tape.csv
2020-11-05,0,0.1972049636138079,0.1448659928054374,1.046013,0.887226,0.5,0.652833,0.498733,0.126893,0.5,0.6,0.563333,0.1014,0.291794,0.46143,1,ok,FLAT,0.0,0.0,0.0,0.0,1,0.304004,0.769417,0.485329,0.65,part2a21_soft_caution_overlay,artifacts_part2_g532/predictions/g532_final_consensus_tape.csv
2020-11-06,0,0.1922260523037135,0.1364671242321931,1.519395,1.027919,0.75,0.647993,0.498457,0.205143,0.5,0.6,0.577164,0.10389,0.291987,0.461265,1,ok,FLAT,0.0,0.0,0.0,0.0,1,0.299324,0.774106,0.45183,0.65,part2a21_soft_caution_overlay,artifacts_part2_g532/predictions/g532_final_consensus_tape.csv
2020-11-09,0,0.1964513329855699,0.1436669038250428,2.160439,1.575282,1.0,0.649201,0.498526,0.500368,0.5,0.6,0.573711,0.103268,0.276239,0.475069,1,ok,VOO,0.003682,0.003682,0.003682,0.0,1,0.288341,0.770748,0.475816,0.65,part2a21_soft_caution_overlay,artifacts_part2_g532/predictions/g532_final_consensus_tape.csv
2020-11-10,0,0.1822715943651583,0.1130780306813475,2.001286,1.893707,1.0,0.644282,0.498245,0.673284,0.5,0.6,0.587764,0.105798,0.270734,0.480092,1,ok,VOO,0.003682,0.003682,0.003682,0.0,1,0.277707,0.774456,0.449335,0.65,part2a21_soft_caution_overlay,artifacts_part2_g532/predictions/g532_final_consensus_tape.csv
2020-11-11,0,0.1829454583095913,0.1361637787766162,1.180607,1.780777,0.75,0.600831,0.495762,0.621296,0.5,0.6,0.711911,0.128144,0.148082,0.628011,1,ok,VOO,0.003682,0.003682,0.003682,0.0,0,0.198887,0.811283,0.232938,0.585308,part2a21_soft_caution_overlay,artifacts_part2_g532/predictions/g532_final_consensus_tape.csv
2020-11-12,0,0.1972946169278685,0.151080588803905,1.542288,1.574727,0.75,0.62767,0.497295,0.505817,0.5,0.6,0.635229,0.114341,0.1904,0.567666,1,ok,VOO,0.003682,0.003682,0.003682,0.0,1,0.250822,0.789014,0.359526,0.630337,part2a21_soft_caution_overlay,artifacts_part2_g532/predictions/g532_final_consensus_tape.csv
2020-11-13,0,0.1898666315621093,0.1417822057877069,1.380641,1.367845,0.75,0.601175,0.495781,0.40376,0.5,0.6,0.71093,0.127967,0.173605,0.590172,1,ok,VOO,0.003682,0.003682,0.003682,0.0,0,0.201725,0.811407,0.232238,0.585052,part2a21_soft_caution_overlay,artifacts_part2_g532/predictions/g532_final_consensus_tape.csv
2020-11-16,0,0.1762026461461423,0.1142821423155379,1.561644,1.494857,0.75,0.593227,0.495327,0.472857,0.5,0.6,0.733637,0.132055,0.174501,0.588927,1,ok,VOO,0.005516,0.005516,0.005516,0.0,0,0.182576,0.821554,0.204138,0.563779,part2a21_soft_caution_overlay,artifacts_part2_g532/predictions/g532_final_consensus_tape.csv
2020-11-17,0,0.1877197937189536,0.1321883109719425,1.83109,1.591125,1.0,0.600811,0.495761,0.52144,0.5,0.6,0.711968,0.128154,0.183664,0.576483,1,ok,VOO,0.005516,0.005516,0.005516,0.0,0,0.202761,0.812036,0.228687,0.583748,part2a21_soft_caution_overlay,artifacts_part2_g532/predictions/g532_final_consensus_tape.csv
2020-11-18,0,0.1865434789510178,0.123563996730922,1.959926,1.78422,1.0,0.612678,0.496439,0.620743,0.5,0.6,0.678063,0.122051,0.200795,0.554576,1,ok,VOO,0.005516,0.005516,0.005516,0.0,0,0.224351,0.801925,0.285944,0.604494,part2a21_soft_caution_overlay,artifacts_part2_g532/predictions/g532_final_consensus_tape.csv
2020-11-19,0,0.1859252422929268,0.1201961743733498,1.731281,1.840766,0.75,0.600595,0.495748,0.652926,0.5,0.6,0.712587,0.128266,0.181839,0.578919,1,ok,VOO,0.005516,0.005516,0.005516,0.0,0,0.199948,0.811766,0.230214,0.584309,part2a21_soft_caution_overlay,artifacts_part2_g532/predictions/g532_final_consensus_tape.csv
2020-11-20,0,0.1836155217234688,0.1175633485266173,2.002471,1.897893,1.0,0.59594,0.495482,0.683777,0.75,0.6,0.725887,0.326649,0.190042,0.568128,1,ok,VOO,0.005516,0.005516,0.005516,0.0,0,0.19078,0.816571,0.209728,0.574288,part2a21_soft_caution_overlay,artifacts_part2_g532/predictions/g532_final_consensus_tape.csv
2020-11-23,0,0.1911698237147424,0.1286387121009014,1.953741,1.895831,1.0,0.598976,0.495656,0.682188,0.75,0.6,0.71721,0.322745,0.165711,0.601379,1,ok,VOO,0.019861,0.019861,0.019861,0.0,0,0.199846,0.81368,0.219409,0.58033,part2a21_soft_caution_overlay,artifacts_part2_g532/predictions/g532_final_consensus_tape.csv
2020-11-24,0,0.1801285478712737,0.1114076499823837,1.766234,1.907482,0.75,0.594838,0.495419,0.688993,0.75,0.6,0.729033,0.328065,0.187471,0.571466,1,ok,VOO,0.019861,0.019861,0.019861,0.0,0,0.189413,0.819686,0.206241,0.567733,part2a21_soft_caution_overlay,artifacts_part2_g532/predictions/g532_final_consensus_tape.csv
2020-11-25,0,0.1817542271507568,0.1170397606168107,1.942198,1.887391,0.75,0.59404,0.495374,0.678583,0.75,0.6,0.731314,0.329091,0.187239,0.571769,1,ok,VOO,0.019861,0.019861,0.019861,0.0,0,0.183804,0.819388,0.206576,0.568363,part2a21_soft_caution_overlay,artifacts_part2_g532/predictions/g532_final_consensus_tape.csv
2020-11-26,0,0.1859499841117494,0.1299236416943707,2.066946,1.925126,1.0,0.594042,0.495374,0.698381,0.75,0.6,0.731309,0.329089,0.164933,0.602507,1,ok,VOO,0.019861,0.019861,0.019861,0.0,0,0.184706,0.81988,0.206024,0.567325,part2a21_soft_caution_overlay,artifacts_part2_g532/predictions/g532_final_consensus_tape.csv
2020-11-27,0,0.1867959620985069,0.1226563946412836,1.87455,1.961231,0.75,0.595803,0.495474,0.717063,0.75,0.6,0.726277,0.326825,0.150437,0.624318,1,ok,VOO,0.019861,0.019861,0.019861,0.0,0,0.189671,0.816437,0.209878,0.57457,part2a21_soft_caution_overlay,artifacts_part2_g532/predictions/g532_final_consensus_tape.csv
2020-11-30,0,0.1900687955831528,0.1327227870266975,2.009852,1.983782,0.75,0.590127,0.49515,0.729711,0.75,1.0,0.742495,0.556871,0.13689,0.646178,1,ok,VOO,0.039387,0.039387,0.039387,0.0,0,0.176728,0.829087,0.195562,0.547656,part2a21_soft_caution_overlay,artifacts_part2_g532/predictions/g532_final_consensus_tape.csv
2020-12-01,0,0.1738414418596279,0.101658803873001,1.911379,1.931927,0.75,0.589747,0.495128,0.702619,0.75,1.0,0.743579,0.557684,0.153802,0.619116,1,ok,VOO,0.039387,0.039387,0.039387,0.0,0,0.17877,0.831482,0.192802,0.542468,part2a21_soft_caution_overlay,artifacts_part2_g532/predictions/g532_final_consensus_tape.csv
2020-12-02,0,0.182950507301546,0.4200775531854097,2.206535,2.042589,1.0,0.587242,0.494985,0.760863,0.75,1.0,0.750738,0.563054,0.133377,0.652099,1,ok,VOO,0.039387,0.039387,0.039387,0.0,0,0.174253,0.837545,0.185741,0.529193,part2a21_soft_caution_overlay,artifacts_part2_g532/predictions/g532_final_consensus_tape.csv
2020-12-03,0,0.1806691027649183,0.4231583379667538,2.282357,2.133424,1.0,0.590974,0.495199,0.807977,0.75,1.0,0.740075,0.555056,0.137221,0.645626,1,ok,VOO,0.039387,0.039387,0.039387,0.0,0,0.18078,0.828371,0.196383,0.5492,part2a21_soft_caution_overlay,artifacts_part2_g532/predictions/g532_final_consensus_tape.csv
2020-12-04,0,0.1844886752819235,0.4256689383861922,2.387526,2.292139,0.75,0.58556,0.494889,0.891425,0.75,1.0,0.755543,0.566657,0.129079,0.659494,1,ok,VOO,0.039387,0.039387,0.039387,0.0,0,0.176697,0.844414,0.177608,0.513903,part2a21_soft_caution_overlay,artifacts_part2_g532/predictions/g532_final_consensus_tape.csv
2020-12-07,0,0.1772250588880891,0.4165039229663647,2.346637,2.33884,0.75,0.586072,0.494918,0.915796,0.75,1.0,0.75408,0.56556,0.136673,0.646541,1,ok,VOO,0.05023,0.05023,0.05023,0.0,0,0.174627,0.841643,0.180906,0.520103,part2a21_soft_caution_overlay,artifacts_part2_g532/predictions/g532_final_consensus_tape.csv
2020-12-08,0,0.1831864825404678,0.4270788575828233,2.376852,2.370338,0.75,0.588373,0.49505,0.932172,0.75,1.0,0.747507,0.56063,0.112103,0.690412,1,ok,VOO,0.05023,0.05023,0.05023,0.0,0,0.182476,0.838095,0.185095,0.527979,part2a21_soft_caution_overlay,artifacts_part2_g532/predictions/g532_final_consensus_tape.csv
2020-12-09,0,0.1904987518345245,0.4616134139473779,2.818706,2.514065,1.0,0.591313,0.495218,1.0,0.75,1.0,0.739107,0.55433,0.120751,0.674307,1,ok,VOO,0.05023,0.05023,0.05023,0.0,0,0.192838,0.83369,0.190243,0.537656,part2a21_soft_caution_overlay,artifacts_part2_g532/predictions/g532_final_consensus_tape.csv
2020-12-10,0,0.1902473694215556,0.462194033614366,2.295843,2.497133,0.75,0.5917,0.49524,0.998498,0.75,1.0,0.738,0.5535,0.122468,0.671199,1,ok,VOO,0.05023,0.05023,0.05023,0.0,0,0.192075,0.831968,0.19224,0.541411,part2a21_soft_caution_overlay,artifacts_part2_g532/predictions/g532_final_consensus_tape.csv
2020-12-11,0,0.1965084420830793,0.483641320434202,2.290517,2.468355,1.0,0.598634,0.495636,0.983357,0.75,0.6,0.718187,0.323184,0.124446,0.667653,1,ok,VOO,0.05023,0.05023,0.05023,0.0,0,0.202593,0.814606,0.214188,0.5784,part2a21_soft_caution_overlay,artifacts_part2_g532/predictions/g532_final_consensus_tape.csv
2020-12-14,0,0.2015979125002102,0.4939104824356439,2.208863,2.265074,0.75,0.601022,0.495773,0.876288,0.75,0.6,0.711366,0.320115,0.124629,0.667327,1,ok,VOO,0.028079,0.028079,0.028079,0.0,0,0.205358,0.812273,0.227349,0.583256,part2a21_soft_caution_overlay,artifacts_part2_g532/predictions/g532_final_consensus_tape.csv
2020-12-15,0,0.1962426162606739,0.4697580961650249,2.190951,2.23011,0.75,0.590698,0.495183,0.858645,0.75,1.0,0.740863,0.555647,0.119407,0.676761,1,ok,VOO,0.028079,0.028079,0.028079,0.0,0,0.190455,0.8345,0.189301,0.535886,part2a21_soft_caution_overlay,artifacts_part2_g532/predictions/g532_final_consensus_tape.csv
2020-12-16,0,0.189947879886276,0.4195853304546639,2.288299,2.229371,0.75,0.588888,0.495079,0.858392,0.75,1.0,0.746033,0.559525,0.118607,0.678229,1,ok,VOO,0.028079,0.028079,0.028079,0.0,0,0.182882,0.836579,0.186873,0.531321,part2a21_soft_caution_overlay,artifacts_part2_g532/predictions/g532_final_consensus_tape.csv
2020-12-17,0,0.1911337116914647,0.4135331253166465,2.311865,2.263705,0.75,0.587071,0.494976,0.876475,0.75,1.0,0.751225,0.563418,0.11974,0.67615,1,ok,VOO,0.028079,0.028079,0.028079,0.0,0,0.179723,0.84099,0.181681,0.52156,part2a21_soft_caution_overlay,artifacts_part2_g532/predictions/g532_final_consensus_tape.csv
2020-12-18,0,0.1899902556172186,0.4173418462822666,2.578005,2.392723,1.0,0.585443,0.494882,0.943968,0.75,1.0,0.755876,0.566907,0.104342,0.705534,1,ok,VOO,0.028079,0.028079,0.028079,0.0,0,0.176056,0.844465,0.177546,0.513787,part2a21_soft_caution_overlay,artifacts_part2_g532/predictions/g532_final_consensus_tape.csv
2020-12-21,0,0.2107594599290222,0.5074267249875076,2.418515,2.436128,1.0,0.586127,0.494922,0.966627,0.75,1.0,0.753922,0.565441,0.102932,0.708352,1,ok,VOO,0.058075,0.058075,0.058075,0.0,0,0.151624,0.749243,0.195382,0.547318,part2a21_soft_caution_overlay,artifacts_part2_g532/predictions/g532_final_consensus_tape.csv
2020-12-22,0,0.2077261835969997,0.474732425228104,2.340159,2.44556,0.75,0.585594,0.494891,0.971563,0.75,1.0,0.755447,0.566585,0.103937,0.706341,1,ok,VOO,0.058075,0.058075,0.058075,0.0,0,0.154363,0.752534,0.191584,0.540177,part2a21_soft_caution_overlay,artifacts_part2_g532/predictions/g532_final_consensus_tape.csv
2020-12-23,0,0.2027722258453514,0.4499045603155761,2.589705,2.449459,1.0,0.584911,0.494852,0.973609,0.75,1.0,0.757397,0.568048,0.097169,0.72011,1,ok,VOO,0.058075,0.058075,0.058075,0.0,0,0.179843,0.848165,0.173104,0.505436,part2a21_soft_caution_overlay,artifacts_part2_g532/predictions/g532_final_consensus_tape.csv
2020-12-24,0,0.1896128080126028,0.4358702129161637,2.358186,2.42935,0.75,0.585945,0.494911,0.963089,0.75,1.0,0.754444,0.565833,0.095787,0.722989,1,ok,VOO,0.058075,0.058075,0.058075,0.0,0,0.181442,0.845607,0.176181,0.51122,part2a21_soft_caution_overlay,artifacts_part2_g532/predictions/g532_final_consensus_tape.csv
2020-12-25,0,0.192846131470537,0.4372801432875082,2.447348,2.465079,1.0,0.584686,0.494839,0.981768,0.75,1.0,0.758039,0.568529,0.092981,0.728903,1,ok,VOO,0.058075,0.058075,0.058075,0.0,0,0.180155,0.849057,0.172027,0.50341,part2a21_soft_caution_overlay,artifacts_part2_g532/predictions/g532_final_consensus_tape.csv
2020-12-28,0,0.1992191549927702,0.4399684071855224,2.15621,2.320581,0.75,0.58333,0.494762,0.90639,0.75,1.0,0.761913,0.571435,0.09391,0.726934,1,ok,VOO,0.056477,0.056477,0.056477,0.0,0,0.175602,0.85113,0.169512,0.498683,part2a21_soft_caution_overlay,artifacts_part2_g532/predictions/g532_final_consensus_tape.csv
2020-12-29,0,0.2094662304138238,0.4246261858856253,2.346713,2.316757,1.0,0.581779,0.494673,0.904472,0.75,1.0,0.766346,0.57476,0.067576,0.787214,1,ok,VOO,0.056477,0.056477,0.056477,0.0,0,0.152708,0.764423,0.177597,0.513882,part2a21_soft_caution_overlay,artifacts_part2_g532/predictions/g532_final_consensus_tape.csv
2020-12-30,0,0.2281744332429744,0.2668192811301316,2.447459,2.316794,1.0,0.578291,0.494474,0.904665,0.75,1.0,0.77631,0.582233,0.067154,0.788261,1,ok,VOO,0.056477,0.056477,0.056477,0.0,0,0.147476,0.773095,0.167115,0.494176,part2a21_soft_caution_overlay,artifacts_part2_g532/predictions/g532_final_consensus_tape.csv
2020-12-31,0,0.22572476316718,0.273332041544289,2.365526,2.386566,0.75,0.581835,0.494676,0.940863,0.75,1.0,0.766185,0.574639,0.064274,0.795484,1,ok,VOO,0.056477,0.056477,0.056477,0.0,0,0.155787,0.765833,0.175909,0.51071,part2a21_soft_caution_overlay,artifacts_part2_g532/predictions/g532_final_consensus_tape.csv
2021-01-01,0,0.2306573692245293,0.2904435702113386,2.412015,2.408333,1.0,0.580499,0.4946,0.952244,0.75,1.0,0.770003,0.577502,0.060808,0.804356,1,ok,VOO,0.056477,0.056477,0.056477,0.0,0,0.15254,0.768529,0.172665,0.50461,part2a21_soft_caution_overlay,artifacts_part2_g532/predictions/g532_final_consensus_tape.csv
2021-01-04,0,0.275413046170364,0.4206810110345232,2.661332,2.479624,1.0,0.614045,0.496517,0.989196,0.65,0.25,0.674157,0.10955,0.094854,0.724943,0,high_risk_veto,FLAT,0.0,0.0,0.0,0.0,1,0.210624,0.717714,0.309892,0.613002,part2a21_soft_caution_overlay,artifacts_part2_g532/predictions/g532_final_consensus_tape.csv
2021-01-05,0,0.2245150018124563,0.2591847003533324,2.243613,2.438986,0.75,0.588416,0.495052,0.968082,0.75,0.6,0.747383,0.336323,0.102005,0.710218,1,ok,FLAT,0.0,0.0,0.0,0.0,0,0.163374,0.747742,0.197105,0.550557,part2a21_soft_caution_overlay,artifacts_part2_g532/predictions/g532_final_consensus_tape.csv
2021-01-06,0,0.2131762157174775,0.2711824057820386,2.79659,2.567178,1.0,0.590778,0.495187,1.0,0.75,0.6,0.740635,0.333286,0.115269,0.684428,1,ok,FLAT,0.0,0.0,0.0,0.0,0,0.162449,0.739033,0.206975,0.569112,part2a21_soft_caution_overlay,artifacts_part2_g532/predictions/g532_final_consensus_tape.csv
2021-01-07,0,0.1894989386942989,0.2178162310955901,2.073231,2.371145,0.75,0.590666,0.495181,0.932513,0.75,1.0,0.740954,0.555715,0.141237,0.639,1,ok,FLAT,0.0,0.0,0.0,0.0,0,0.198405,0.838815,0.184248,0.526386,part2a21_soft_caution_overlay,artifacts_part2_g532/predictions/g532_final_consensus_tape.csv
2021-01-08,0,0.1646497098670771,0.1486628161608732,2.420832,2.430218,0.75,0.582184,0.494696,0.963614,0.75,1.0,0.765188,0.573891,0.141384,0.638759,1,ok,FLAT,0.0,0.0,0.0,0.0,0,0.173166,0.853588,0.166512,0.493043,part2a21_soft_caution_overlay,artifacts_part2_g532/predictions/g532_final_consensus_tape.csv
2021-01-11,0,0.1800893888288855,0.16847127099058,2.950681,2.481581,1.0,0.587393,0.494994,0.99037,0.75,1.0,0.750304,0.562728,0.146346,0.630761,1,ok,VOO,0.052729,0.052729,0.052729,0.0,0,0.182326,0.841282,0.181335,0.520909,part2a21_soft_caution_overlay,artifacts_part2_g532/predictions/g532_final_consensus_tape.csv
2021-01-12,0,0.1927503670149913,0.2113471443081331,2.768596,2.71337,1.0,0.590618,0.495178,1.0,0.75,1.0,0.741091,0.555818,0.144567,0.633606,1,ok,VOO,0.052729,0.052729,0.052729,0.0,0,0.192849,0.836041,0.187502,0.532504,part2a21_soft_caution_overlay,artifacts_part2_g532/predictions/g532_final_consensus_tape.csv
2021-01-13,0,0.1653337017584687,0.1420987011853643,2.526223,2.7485,0.75,0.581004,0.494629,1.0,0.75,1.0,0.768561,0.57642,0.145696,0.631798,1,ok,VOO,0.052729,0.052729,0.052729,0.0,0,0.166481,0.853998,0.166009,0.492098,part2a21_soft_caution_overlay,artifacts_part2_g532/predictions/g532_final_consensus_tape.csv
2021-01-14,0,0.1822946821786147,0.1833269310389273,2.898748,2.731189,1.0,0.58676,0.494958,1.0,0.75,1.0,0.752114,0.564086,0.147054,0.629637,1,ok,VOO,0.052729,0.052729,0.052729,0.0,0,0.178835,0.84156,0.181005,0.52029,part2a21_soft_caution_overlay,artifacts_part2_g532/predictions/g532_final_consensus_tape.csv
2021-01-15,0,0.1839824773420007,0.1946796741571503,2.866538,2.763836,1.0,0.591424,0.495224,1.0,0.75,1.0,0.738788,0.554091,0.159949,0.609831,1,ok,VOO,0.052729,0.052729,0.052729,0.0,0,0.195167,0.834553,0.189238,0.535768,part2a21_soft_caution_overlay,artifacts_part2_g532/predictions/g532_final_consensus_tape.csv
2021-01-18,0,0.2016194628930049,0.2298796400008646,2.673265,2.81285,1.0,0.587386,0.494994,1.0,0.75,1.0,0.750325,0.562743,0.135176,0.649054,1,ok,VOO,0.054788,0.054788,0.054788,0.0,0,0.188762,0.844657,0.177318,0.513357,part2a21_soft_caution_overlay,artifacts_part2_g532/predictions/g532_final_consensus_tape.csv
2021-01-19,0,0.1924688890802406,0.2095599525744257,2.407733,2.649179,0.75,0.582249,0.4947,1.0,0.75,1.0,0.765004,0.573753,0.133487,0.651912,1,ok,VOO,0.054788,0.054788,0.054788,0.0,0,0.171995,0.852787,0.167491,0.494883,part2a21_soft_caution_overlay,artifacts_part2_g532/predictions/g532_final_consensus_tape.csv
2021-01-20,0,0.1533059612996885,0.1265721671841076,2.254219,2.445072,0.75,0.579107,0.49452,0.971405,0.75,1.0,0.77398,0.580485,0.135774,0.648047,1,ok,VOO,0.054788,0.054788,0.054788,0.0,0,0.162679,0.858139,0.160901,0.482495,part2a21_soft_caution_overlay,artifacts_part2_g532/predictions/g532_final_consensus_tape.csv
2021-01-21,0,0.1479471847606195,0.1163619303007861,2.608042,2.423332,0.75,0.575452,0.494312,0.960163,0.75,1.0,0.784423,0.588317,0.105826,0.70259,1,ok,VOO,0.054788,0.054788,0.054788,0.0,0,0.152811,0.864739,0.152635,0.466953,part2a21_soft_caution_overlay,artifacts_part2_g532/predictions/g532_final_consensus_tape.csv
2021-01-22,0,0.1616719621540225,0.1272221632570662,2.790529,2.55093,1.0,0.58206,0.494689,1.0,0.75,1.0,0.765544,0.574158,0.102615,0.708989,1,ok,VOO,0.054788,0.054788,0.054788,0.0,0,0.168072,0.851404,0.169179,0.498056,part2a21_soft_caution_overlay,artifacts_part2_g532/predictions/g532_final_consensus_tape.csv
2021-01-25,0,0.2033129104229208,0.2034075489260493,2.44509,2.614554,0.75,0.578849,0.494506,1.0,0.75,1.0,0.774716,0.581037,0.099198,0.715926,1,ok,VOO,0.062397,0.062397,0.062397,0.0,0,0.16522,0.860219,0.158313,0.477628,part2a21_soft_caution_overlay,artifacts_part2_g532/predictions/g532_final_consensus_tape.csv
2021-01-26,0,0.218836067054492,0.2407066005809099,2.575797,2.603805,1.0,0.575656,0.494323,1.0,0.75,1.0,0.783839,0.587879,0.09959,0.715122,1,ok,VOO,0.062397,0.062397,0.062397,0.0,0,0.140582,0.778045,0.161018,0.482714,part2a21_soft_caution_overlay,artifacts_part2_g532/predictions/g532_final_consensus_tape.csv
2021-01-27,0,0.2880685241144658,0.619309950257045,3.155342,2.72541,1.0,0.645758,0.498329,1.0,0.65,0.6,0.583549,0.227584,0.165389,0.601846,0,high_risk_veto,VOO,0.062397,0.062397,0.062397,0.0,1,0.238319,0.68568,0.51202,0.65,part2a21_soft_caution_overlay,artifacts_part2_g532/predictions/g532_final_consensus_tape.csv
2021-01-28,0,0.2911888109084062,0.6020300854829066,2.404243,2.711794,0.75,0.656147,0.498923,1.0,0.65,0.6,0.553866,0.216008,0.17789,0.584262,0,high_risk_veto,VOO,0.062397,0.062397,0.062397,0.0,1,0.317519,0.768062,0.495002,0.65,part2a21_soft_caution_overlay,artifacts_part2_g532/predictions/g532_final_consensus_tape.csv
2021-01-29,0,0.250380751551308,0.7180367915322233,3.011628,2.857071,1.0,0.644191,0.49824,1.0,0.75,0.6,0.588025,0.264611,0.194578,0.56233,1,ok,VOO,0.062397,0.062397,0.062397,0.0,1,0.237851,0.687386,0.499835,0.65,part2a21_soft_caution_overlay,artifacts_part2_g532/predictions/g532_final_consensus_tape.csv
2021-02-01,0,0.2452230775032003,0.7287008727255008,2.0534,2.489757,0.75,0.643266,0.498187,0.994483,0.75,0.6,0.59067,0.265801,0.212087,0.541023,1,ok,VOO,0.021452,0.021452,0.021452,0.0,1,0.23756,0.688391,0.492653,0.65,part2a21_soft_caution_overlay,artifacts_part2_g532/predictions/g532_final_consensus_tape.csv
2021-02-02,0,0.2418236664613591,0.719260328124674,2.335377,2.466802,0.75,0.611547,0.496374,0.98242,0.75,0.6,0.681293,0.306582,0.226355,0.524818,1,ok,VOO,0.021452,0.021452,0.021452,0.0,1,0.197292,0.718188,0.30719,0.612047,part2a21_soft_caution_overlay,artifacts_part2_g532/predictions/g532_final_consensus_tape.csv
2021-02-03,0,0.1883572774927164,0.8351294031573603,2.793169,2.393982,1.0,0.598085,0.495605,0.944257,0.75,0.6,0.719756,0.32389,0.21667,0.53571,1,ok,VOO,0.021452,0.021452,0.021452,0.0,0,0.210074,0.819711,0.206214,0.567682,part2a21_soft_caution_overlay,artifacts_part2_g532/predictions/g532_final_consensus_tape.csv
2021-02-04,0,0.1788111325024458,0.8632876087082901,2.479535,2.536027,0.75,0.597968,0.495598,1.0,0.75,0.6,0.720092,0.324041,0.224349,0.527039,1,ok,VOO,0.021452,0.021452,0.021452,0.0,0,0.208819,0.81943,0.206529,0.568274,part2a21_soft_caution_overlay,artifacts_part2_g532/predictions/g532_final_consensus_tape.csv
2021-02-05,0,0.1688813431544586,0.8730093336116092,2.732765,2.66849,0.75,0.596643,0.495522,1.0,0.75,0.6,0.723877,0.325745,0.223253,0.528258,1,ok,VOO,0.021452,0.021452,0.021452,0.0,0,0.204718,0.821804,0.203856,0.56325,part2a21_soft_caution_overlay,artifacts_part2_g532/predictions/g532_final_consensus_tape.csv
2021-02-08,0,0.1808700123336339,0.857418981547421,2.73809,2.65013,0.75,0.601422,0.495796,1.0,0.75,0.6,0.710224,0.319601,0.224356,0.527031,1,ok,VOO,0.025266,0.025266,0.025266,0.0,0,0.21425,0.813469,0.220599,0.580769,part2a21_soft_caution_overlay,artifacts_part2_g532/predictions/g532_final_consensus_tape.csv
2021-02-09,0,0.1716534763786783,0.8759613099693685,2.861266,2.777374,1.0,0.601687,0.495811,1.0,0.75,0.6,0.709467,0.31926,0.224552,0.526812,1,ok,VOO,0.025266,0.025266,0.025266,0.0,0,0.210752,0.812494,0.226101,0.582797,part2a21_soft_caution_overlay,artifacts_part2_g532/predictions/g532_final_consensus_tape.csv
2021-02-10,0,0.1778465899490982,0.852497127771989,2.895679,2.831678,1.0,0.585838,0.494905,1.0,0.75,1.0,0.75475,0.566062,0.165724,0.60136,1,ok,VOO,0.025266,0.025266,0.025266,0.0,0,0.169773,0.83988,0.182992,0.524026,part2a21_soft_caution_overlay,artifacts_part2_g532/predictions/g532_final_consensus_tape.csv
2021-02-11,0,0.1753294646547185,0.8611003373313301,2.75505,2.837332,0.75,0.585517,0.494887,1.0,0.75,1.0,0.755666,0.566749,0.162325,0.606318,1,ok,VOO,0.025266,0.025266,0.025266,0.0,0,0.168626,0.840347,0.182441,0.52299,part2a21_soft_caution_overlay,artifacts_part2_g532/predictions/g532_final_consensus_tape.csv
2021-02-12,0,0.1721780492195758,0.8509624890445474,2.83909,2.82994,0.75,0.584573,0.494833,1.0,0.75,1.0,0.758363,0.568772,0.104243,0.70573,1,ok,VOO,0.025266,0.025266,0.025266,0.0,0,0.175925,0.847254,0.174202,0.5075,part2a21_soft_caution_overlay,artifacts_part2_g532/predictions/g532_final_consensus_tape.csv
2021-02-15,0,0.1657025496225824,0.8719523459718702,2.957629,2.85059,1.0,0.583454,0.494769,1.0,0.75,1.0,0.761559,0.57117,0.097254,0.719935,1,ok,VOO,0.061681,0.061681,0.061681,0.0,0,0.175536,0.850695,0.170041,0.499677,part2a21_soft_caution_overlay,artifacts_part2_g532/predictions/g532_final_consensus_tape.csv
2021-02-16,0,0.2030499561595476,0.8168137924858726,3.085259,2.960659,1.0,0.579951,0.494569,1.0,0.75,1.0,0.77157,0.578677,0.073193,0.773531,1,ok,VOO,0.061681,0.061681,0.061681,0.0,0,0.170283,0.85926,0.159509,0.479876,part2a21_soft_caution_overlay,artifacts_part2_g532/predictions/g532_final_consensus_tape.csv
2021-02-17,0,0.1854120282976662,0.8521323281897866,3.027161,3.02335,1.0,0.579184,0.494525,1.0,0.75,1.0,0.773759,0.580319,0.076647,0.765352,1,ok,VOO,0.061681,0.061681,0.061681,0.0,0,0.163397,0.858252,0.160761,0.482231,part2a21_soft_caution_overlay,artifacts_part2_g532/predictions/g532_final_consensus_tape.csv
2021-02-18,0,0.238820496183951,0.7234807995937166,2.965698,3.026039,1.0,0.576991,0.494399,1.0,0.75,1.0,0.780027,0.58502,0.07216,0.776011,1,ok,VOO,0.061681,0.061681,0.061681,0.0,0,0.14371,0.775365,0.16433,0.48894,part2a21_soft_caution_overlay,artifacts_part2_g532/predictions/g532_final_consensus_tape.csv
2021-02-19,0,0.2607814447355302,0.666203704629894,3.133486,3.042115,1.0,0.579953,0.494569,1.0,0.75,1.0,0.771564,0.578673,0.068647,0.784566,1,ok,VOO,0.061681,0.061681,0.061681,0.0,0,0.146066,0.766984,0.174527,0.508111,part2a21_soft_caution_overlay,artifacts_part2_g532/predictions/g532_final_consensus_tape.csv
2021-02-22,0,0.2227564334018951,0.7659602329667162,3.506874,3.20202,1.0,0.586221,0.494927,1.0,0.75,1.0,0.753654,0.56524,0.072372,0.775502,1,ok,VOO,0.065752,0.065752,0.065752,0.0,0,0.158136,0.752422,0.191715,0.540423,part2a21_soft_caution_overlay,artifacts_part2_g532/predictions/g532_final_consensus_tape.csv
2021-02-23,0,0.2659601331063524,0.6489920116820019,2.94154,3.193967,1.0,0.583312,0.494761,1.0,0.75,1.0,0.761965,0.571474,0.071549,0.777487,1,ok,VOO,0.065752,0.065752,0.065752,0.0,0,0.153397,0.759701,0.183204,0.524424,part2a21_soft_caution_overlay,artifacts_part2_g532/predictions/g532_final_consensus_tape.csv
2021-02-24,0,0.1738107531546848,0.4046177028600961,2.722443,3.056952,0.75,0.56898,0.493942,1.0,0.75,1.0,0.802915,0.602186,0.089475,0.736431,1,ok,VOO,0.065752,0.065752,0.065752,0.0,0,0.14354,0.875982,0.132908,0.429868,part2a21_soft_caution_overlay,artifacts_part2_g532/predictions/g532_final_consensus_tape.csv
2021-02-25,0,0.2190419318773326,0.593917534778522,3.665056,3.109679,1.0,0.63205,0.497546,1.0,0.75,0.6,0.622714,0.280221,0.110598,0.693293,1,ok,VOO,0.065752,0.065752,0.065752,0.0,1,0.294759,0.792043,0.34222,0.624338,part2a21_soft_caution_overlay,artifacts_part2_g532/predictions/g532_final_consensus_tape.csv
2021-02-26,0,0.2865624371857378,0.6543124745627225,2.66792,3.018473,0.75,0.59498,0.495427,1.0,0.65,0.25,0.728629,0.118402,0.125146,0.666406,0,high_risk_veto,VOO,0.065752,0.065752,0.065752,0.0,1,0.188027,0.738424,0.207657,0.570394,part2a21_soft_caution_overlay,artifacts_part2_g532/predictions/g532_final_consensus_tape.csv
2021-03-01,0,0.2700719815043017,0.6480207311727044,2.265432,2.866136,0.75,0.582549,0.494717,1.0,0.65,0.25,0.764147,0.124174,0.183863,0.576218,0,high_risk_veto,FLAT,0.0,0.0,0.0,0.0,0,0.164314,0.767893,0.173432,0.506052,part2a21_soft_caution_overlay,artifacts_part2_g532/predictions/g532_final_consensus_tape.csv
2021-03-02,0,0.1954783521669073,0.4848433877042032,3.201807,2.71172,1.0,0.584852,0.494849,1.0,0.75,1.0,0.757567,0.568175,0.18836,0.570307,1,ok,FLAT,0.0,0.0,0.0,0.0,0,0.184432,0.850708,0.170025,0.499648,part2a21_soft_caution_overlay,artifacts_part2_g532/predictions/g532_final_consensus_tape.csv
2021-03-03,0,0.2028693144442977,0.537778854491923,3.451944,2.973061,1.0,0.604841,0.495991,1.0,0.75,0.6,0.700454,0.315204,0.191944,0.565683,1,ok,FLAT,0.0,0.0,0.0,0.0,1,0.248839,0.817427,0.208772,0.572491,part2a21_soft_caution_overlay,artifacts_part2_g532/predictions/g532_final_consensus_tape.csv
2021-03-04,0,0.231908421176657,0.5983439833163479,3.054393,3.236048,1.0,0.600552,0.495746,1.0,0.75,0.6,0.712708,0.320718,0.193991,0.563074,1,ok,FLAT,0.0,0.0,0.0,0.0,0,0.239026,0.82698,0.197976,0.552195,part2a21_soft_caution_overlay,artifacts_part2_g532/predictions/g532_final_consensus_tape.csv
2021-03-05,0,0.1764764152695675,0.4196099336346597,2.383019,2.963119,0.75,0.583254,0.494757,1.0,0.75,1.0,0.762133,0.571599,0.221248,0.530507,1,ok,FLAT,0.0,0.0,0.0,0.0,0,0.18904,0.858156,0.160881,0.482456,part2a21_soft_caution_overlay,artifacts_part2_g532/predictions/g532_final_consensus_tape.csv
2021-03-08,0,0.1713091013156635,0.394897333346124,3.191556,2.876323,0.75,0.586524,0.494944,1.0,0.75,1.0,0.752789,0.564592,0.218555,0.533556,1,ok,VOO,0.045186,0.045186,0.045186,0.0,0,0.190347,0.848301,0.17294,0.505128,part2a21_soft_caution_overlay,artifacts_part2_g532/predictions/g532_final_consensus_tape.csv
2021-03-09,0,0.1983277884978791,0.5021973903444393,1.691034,2.42187,0.75,0.585216,0.49487,0.959196,0.75,1.0,0.756525,0.567393,0.222684,0.528895,1,ok,VOO,0.045186,0.045186,0.045186,0.0,0,0.19863,0.856718,0.162661,0.485802,part2a21_soft_caution_overlay,artifacts_part2_g532/predictions/g532_final_consensus_tape.csv
2021-03-10,0,0.1798880231934814,0.4280365097452397,2.606817,2.496469,1.0,0.581484,0.494656,0.998159,0.75,1.0,0.767188,0.575391,0.215114,0.537502,1,ok,VOO,0.045186,0.045186,0.045186,0.0,0,0.184656,0.861562,0.156635,0.474473,part2a21_soft_caution_overlay,artifacts_part2_g532/predictions/g532_final_consensus_tape.csv
2021-03-11,0,0.1588227598799124,0.3166257140685234,2.163796,2.153882,0.75,0.577038,0.494402,0.820008,0.75,1.0,0.77989,0.584918,0.210042,0.543429,1,ok,VOO,0.045186,0.045186,0.045186,0.0,0,0.1702,0.868307,0.148098,0.458425,part2a21_soft_caution_overlay,artifacts_part2_g532/predictions/g532_final_consensus_tape.csv
2021-03-12,0,0.1632527721113923,0.3391245326777997,2.906012,2.558875,1.0,0.578206,0.494469,1.0,0.75,1.0,0.776556,0.582417,0.187597,0.571302,1,ok,VOO,0.045186,0.045186,0.045186,0.0,0,0.167299,0.863269,0.15449,0.470442,part2a21_soft_caution_overlay,artifacts_part2_g532/predictions/g532_final_consensus_tape.csv
2021-03-15,0,0.1451391144108498,0.2445556614067992,2.544887,2.538231,0.75,0.564969,0.493713,1.0,0.75,1.0,0.814374,0.61078,0.150767,0.623804,1,ok,VOO,0.057151,0.057151,0.057151,0.0,0,0.125005,0.877399,0.128614,0.421795,part2a21_soft_caution_overlay,artifacts_part2_g532/predictions/g532_final_consensus_tape.csv
2021-03-16,0,0.152235920246471,0.2994302241154991,2.579461,2.676787,0.75,0.563649,0.493637,1.0,0.75,1.0,0.818144,0.613608,0.135944,0.647762,1,ok,VOO,0.057151,0.057151,0.057151,0.0,0,0.127403,0.879602,0.121934,0.409236,part2a21_soft_caution_overlay,artifacts_part2_g532/predictions/g532_final_consensus_tape.csv
2021-03-17,0,0.1484897233806815,0.2800091381935578,2.681349,2.601899,0.75,0.561565,0.493518,1.0,0.75,1.0,0.8241,0.618075,0.118727,0.678009,1,ok,VOO,0.057151,0.057151,0.057151,0.0,0,0.127797,0.882388,0.113487,0.393355,part2a21_soft_caution_overlay,artifacts_part2_g532/predictions/g532_final_consensus_tape.csv
2021-03-18,0,0.163318683878035,0.3576405414256137,3.324143,2.861651,1.0,0.566475,0.493799,1.0,0.75,1.0,0.810072,0.607554,0.12216,0.671755,1,ok,VOO,0.057151,0.057151,0.057151,0.0,0,0.136439,0.877782,0.127452,0.419609,part2a21_soft_caution_overlay,artifacts_part2_g532/predictions/g532_final_consensus_tape.csv
2021-03-19,0,0.1737420143147803,0.4115406945821265,2.639345,2.881612,0.75,0.564525,0.493687,1.0,0.75,1.0,0.815642,0.611732,0.094845,0.724963,1,ok,VOO,0.057151,0.057151,0.057151,0.0,0,0.142564,0.881565,0.115983,0.398049,part2a21_soft_caution_overlay,artifacts_part2_g532/predictions/g532_final_consensus_tape.csv
2021-03-22,0,0.1532671493253168,0.3081460931227419,2.318102,2.76053,0.75,0.559835,0.493419,1.0,0.75,1.0,0.829042,0.621781,0.092299,0.730356,1,ok,VOO,0.068118,0.068118,0.068118,0.0,0,0.127925,0.884659,0.106601,0.38041,part2a21_soft_caution_overlay,artifacts_part2_g532/predictions/g532_final_consensus_tape.csv
2021-03-23,0,0.1739881381219971,0.3956145958034626,2.723678,2.560375,1.0,0.569823,0.49399,1.0,0.75,1.0,0.800505,0.600379,0.116023,0.683018,1,ok,VOO,0.068118,0.068118,0.068118,0.0,0,0.155207,0.877272,0.128998,0.422516,part2a21_soft_caution_overlay,artifacts_part2_g532/predictions/g532_final_consensus_tape.csv
2021-03-24,0,0.1868486156437196,0.4416599231775273,2.904173,2.648651,1.0,0.566974,0.493827,1.0,0.75,1.0,0.808645,0.606484,0.122002,0.672039,1,ok,VOO,0.068118,0.068118,0.068118,0.0,0,0.172377,0.867118,0.107142,0.381428,part2a21_soft_caution_overlay,artifacts_part2_g532/predictions/g532_final_consensus_tape.csv
2021-03-25,0,0.1862268233890716,0.4546413829642783,2.546626,2.724825,1.0,0.557354,0.493277,1.0,0.957511,1.0,0.836131,0.800605,0.113888,0.687025,1,ok,VOO,0.068118,0.068118,0.068118,0.0,0,0.128333,0.950601,0.096583,0.361576,part2a21_soft_caution_overlay,artifacts_part2_g532/predictions/g532_final_consensus_tape.csv
2021-03-26,0,0.1881988586260697,0.5012401073730938,2.25254,2.56778,0.75,0.556653,0.493237,1.0,0.958202,1.0,0.838134,0.803102,0.145655,0.631863,1,ok,VOO,0.068118,0.068118,0.068118,0.0,0,0.126614,0.951159,0.09489,0.358393,part2a21_soft_caution_overlay,artifacts_part2_g532/predictions/g532_final_consensus_tape.csv
2021-03-29,0,0.1884045470580725,0.480684402324083,2.597098,2.465421,1.0,0.572289,0.494131,0.982062,0.75,1.0,0.793461,0.595096,0.14476,0.633297,1,ok,VOO,0.055517,0.055517,0.055517,0.0,0,0.181566,0.942098,0.122362,0.41004,part2a21_soft_caution_overlay,artifacts_part2_g532/predictions/g532_final_consensus_tape.csv
2021-03-30,0,0.1869621439757812,0.4756334235696688,2.707836,2.519158,1.0,0.558041,0.493317,1.0,0.957252,1.0,0.834168,0.798508,0.145065,0.632808,1,ok,VOO,0.055517,0.055517,0.055517,0.0,0,0.1196,0.947923,0.1047,0.376836,part2a21_soft_caution_overlay,artifacts_part2_g532/predictions/g532_final_consensus_tape.csv
2021-03-31,0,0.18666809648266,0.4602889615038286,2.388492,2.564475,0.75,0.554366,0.493107,1.0,0.960765,1.0,0.84467,0.811529,0.145434,0.632217,1,ok,VOO,0.055517,0.055517,0.055517,0.0,0,0.113376,0.951422,0.094092,0.356894,part2a21_soft_caution_overlay,artifacts_part2_g532/predictions/g532_final_consensus_tape.csv
2021-04-01,0,0.1866344122372013,0.4866098944712802,2.386735,2.494354,0.75,0.55066,0.492895,0.997104,0.964217,1.0,0.855258,0.824654,0.137232,0.645608,1,ok,VOO,0.055517,0.055517,0.055517,0.0,0,0.109356,0.955411,0.082,0.334159,part2a21_soft_caution_overlay,artifacts_part2_g532/predictions/g532_final_consensus_tape.csv
2021-04-02,0,0.1869665374352437,0.4861778392919078,2.776827,2.517351,1.0,0.552071,0.492975,1.0,0.962441,1.0,0.851227,0.819255,0.136525,0.646789,1,ok,VOO,0.055517,0.055517,0.055517,0.0,0,0.122387,0.956243,0.079475,0.329413,part2a21_soft_caution_overlay,artifacts_part2_g532/predictions/g532_final_consensus_tape.csv
2021-04-05,0,0.1881426947302939,0.4899722950445498,2.347289,2.503617,0.75,0.555149,0.493151,1.0,0.959568,1.0,0.842432,0.808371,0.155286,0.616848,1,ok,VOO,0.074796,0.074796,0.074796,0.0,0,0.125869,0.95296,0.089431,0.34813,part2a21_soft_caution_overlay,artifacts_part2_g532/predictions/g532_final_consensus_tape.csv
2021-04-06,0,0.1861378681171193,0.4540035615681021,2.806152,2.643423,1.0,0.553477,0.493056,1.0,0.961616,1.0,0.847209,0.814689,0.138336,0.643772,1,ok,VOO,0.074796,0.074796,0.074796,0.0,0,0.111833,0.95226,0.091552,0.352117,part2a21_soft_caution_overlay,artifacts_part2_g532/predictions/g532_final_consensus_tape.csv
2021-04-07,0,0.1842109979296269,0.4198411179522317,2.673776,2.609072,0.75,0.552092,0.492977,1.0,0.962359,1.0,0.851164,0.819126,0.124693,0.667213,1,ok,VOO,0.074796,0.074796,0.074796,0.0,0,0.123937,0.956532,0.078601,0.32777,part2a21_soft_caution_overlay,artifacts_part2_g532/predictions/g532_final_consensus_tape.csv
2021-04-08,0,0.1851605377378236,0.4284482630086241,2.467672,2.6492,0.75,0.560883,0.493479,1.0,0.953452,1.0,0.826048,0.787596,0.1257,0.665424,1,ok,VOO,0.074796,0.074796,0.074796,0.0,0,0.151389,0.950733,0.096181,0.36082,part2a21_soft_caution_overlay,artifacts_part2_g532/predictions/g532_final_consensus_tape.csv
2021-04-09,0,0.1851817583906604,0.4280451439749957,2.54887,2.563439,0.75,0.54858,0.492776,1.0,0.965782,1.0,0.8612,0.831732,0.100622,0.713018,1,ok,VOO,0.074796,0.074796,0.074796,0.0,0,0.116345,0.959539,0.069483,0.310629,part2a21_soft_caution_overlay,artifacts_part2_g532/predictions/g532_final_consensus_tape.csv
2021-04-12,0,0.186008386214886,0.4400314528427711,2.703818,2.573453,1.0,0.550047,0.49286,1.0,0.964098,1.0,0.857009,0.82624,0.101461,0.711317,1,ok,VOO,0.088158,0.088158,0.088158,0.0,0,0.125867,0.959582,0.069354,0.310385,part2a21_soft_caution_overlay,artifacts_part2_g532/predictions/g532_final_consensus_tape.csv
2021-04-13,0,0.1835592011403554,0.3983686759754867,2.39909,2.550593,0.75,0.55729,0.493274,1.0,0.95724,1.0,0.836316,0.800554,0.101089,0.71207,1,ok,VOO,0.088158,0.088158,0.088158,0.0,0,0.136516,0.952357,0.091257,0.351563,part2a21_soft_caution_overlay,artifacts_part2_g532/predictions/g532_final_consensus_tape.csv
2021-04-14,0,0.1937421781461431,0.5493683446163802,2.904986,2.669298,1.0,0.554037,0.493088,1.0,0.960541,1.0,0.845608,0.812241,0.10418,0.705856,1,ok,VOO,0.088158,0.088158,0.088158,0.0,0,0.126223,0.954475,0.084837,0.339494,part2a21_soft_caution_overlay,artifacts_part2_g532/predictions/g532_final_consensus_tape.csv
2021-04-15,0,0.1948147491080346,0.5758353171795855,2.233305,2.51246,0.75,0.560405,0.493452,1.0,0.9538,1.0,0.827414,0.789187,0.102975,0.708266,1,ok,VOO,0.088158,0.088158,0.088158,0.0,0,0.1533,0.951745,0.093114,0.355054,part2a21_soft_caution_overlay,artifacts_part2_g532/predictions/g532_final_consensus_tape.csv
2021-04-16,0,0.1867175944307507,0.4495829003140143,2.547151,2.561814,1.0,0.555926,0.493196,1.0,0.958616,1.0,0.84021,0.805439,0.103169,0.707877,1,ok,VOO,0.088158,0.088158,0.088158,0.0,0,0.13237,0.953279,0.088462,0.346308,part2a21_soft_caution_overlay,artifacts_part2_g532/predictions/g532_final_consensus_tape.csv
2021-04-19,0,0.1916038066846188,0.4955358634292263,2.729683,2.50338,1.0,0.558392,0.493337,1.0,0.955618,1.0,0.833165,0.796188,0.074039,0.771511,1,ok,VOO,0.09214,0.09214,0.09214,0.0,0,0.152502,0.954194,0.085688,0.341093,part2a21_soft_caution_overlay,artifacts_part2_g532/predictions/g532_final_consensus_tape.csv
2021-04-20,0,0.1845828076620398,0.3919936322282411,2.608009,2.628281,1.0,0.571257,0.494072,1.0,0.75,1.0,0.796409,0.597307,0.088955,0.737561,1,ok,VOO,0.09214,0.09214,0.09214,0.0,0,0.196811,0.866554,0.108851,0.384641,part2a21_soft_caution_overlay,artifacts_part2_g532/predictions/g532_final_consensus_tape.csv
2021-04-21,0,0.2201925029548531,0.4746341988395172,2.280868,2.53952,0.75,0.567881,0.493879,1.0,0.75,1.0,0.806055,0.604541,0.097913,0.71857,1,ok,VOO,0.09214,0.09214,0.09214,0.0,0,0.159192,0.800608,0.118882,0.403499,part2a21_soft_caution_overlay,artifacts_part2_g532/predictions/g532_final_consensus_tape.csv
2021-04-22,0,0.2359443521160727,0.5458681869847773,2.745914,2.544931,1.0,0.56564,0.493751,1.0,0.75,1.0,0.812458,0.609343,0.11341,0.687928,1,ok,VOO,0.09214,0.09214,0.09214,0.0,0,0.143232,0.800254,0.119956,0.405517,part2a21_soft_caution_overlay,artifacts_part2_g532/predictions/g532_final_consensus_tape.csv
2021-04-23,0,0.2159134336728961,0.4528977467419056,2.221209,2.415997,0.75,0.564463,0.493684,0.9566,0.75,1.0,0.81582,0.611865,0.118757,0.677953,1,ok,VOO,0.09214,0.09214,0.09214,0.0,0,0.145543,0.802255,0.113891,0.394116,part2a21_soft_caution_overlay,artifacts_part2_g532/predictions/g532_final_consensus_tape.csv
2021-04-26,0,0.2053112717248734,0.3952569536210333,2.417218,2.461447,0.75,0.567183,0.493839,0.980054,0.75,1.0,0.808048,0.606036,0.119547,0.676504,1,ok,VOO,0.060271,0.060271,0.060271,0.0,0,0.156973,0.88106,0.117512,0.400923,part2a21_soft_caution_overlay,artifacts_part2_g532/predictions/g532_final_consensus_tape.csv
2021-04-27,0,0.2054960288979004,0.3961644134873642,2.678872,2.4391,1.0,0.556997,0.493257,0.968657,0.957602,1.0,0.837151,0.801658,0.119753,0.676127,1,ok,VOO,0.060271,0.060271,0.060271,0.0,0,0.133956,0.889577,0.091692,0.352381,part2a21_soft_caution_overlay,artifacts_part2_g532/predictions/g532_final_consensus_tape.csv
2021-04-28,0,0.2057659125379759,0.4138375976490051,2.616424,2.570838,1.0,0.556507,0.493229,1.0,0.958209,1.0,0.838551,0.803507,0.119604,0.6764,1,ok,VOO,0.060271,0.060271,0.060271,0.0,0,0.129687,0.88934,0.09241,0.353731,part2a21_soft_caution_overlay,artifacts_part2_g532/predictions/g532_final_consensus_tape.csv
2021-04-29,0,0.2009346403333178,0.356514441273228,2.425257,2.573518,0.75,0.556985,0.493256,1.0,0.957754,1.0,0.837186,0.801818,0.124272,0.667963,1,ok,VOO,0.060271,0.060271,0.060271,0.0,0,0.130442,0.888874,0.093823,0.356388,part2a21_soft_caution_overlay,artifacts_part2_g532/predictions/g532_final_consensus_tape.csv
2021-04-30,0,0.2075830264493021,0.3830919874162318,2.637547,2.559742,1.0,0.568814,0.493932,1.0,0.75,1.0,0.803388,0.602541,0.129065,0.659518,1,ok,VOO,0.060271,0.060271,0.060271,0.0,0,0.147432,0.796993,0.129845,0.424108,part2a21_soft_caution_overlay,artifacts_part2_g532/predictions/g532_final_consensus_tape.csv
2021-05-03,0,0.2307459050690794,0.5494959827388585,2.508443,2.523749,1.0,0.569606,0.493977,1.0,0.75,1.0,0.801126,0.600845,0.126989,0.663149,1,ok,VOO,0.059767,0.059767,0.059767,0.0,0,0.153413,0.797188,0.129254,0.422997,part2a21_soft_caution_overlay,artifacts_part2_g532/predictions/g532_final_consensus_tape.csv
2021-05-04,0,0.2278530261050659,0.5158562840511822,2.678366,2.608118,1.0,0.574787,0.494274,1.0,0.75,1.0,0.786324,0.589743,0.120579,0.67462,1,ok,VOO,0.059767,0.059767,0.059767,0.0,0,0.160955,0.790747,0.144967,0.452538,part2a21_soft_caution_overlay,artifacts_part2_g532/predictions/g532_final_consensus_tape.csv
2021-05-05,0,0.2297259369305049,0.5265934927561281,2.288206,2.491671,0.75,0.573539,0.494202,0.995677,0.75,1.0,0.78989,0.592417,0.112514,0.689629,1,ok,VOO,0.059767,0.059767,0.059767,0.0,0,0.159394,0.793306,0.141023,0.445124,part2a21_soft_caution_overlay,artifacts_part2_g532/predictions/g532_final_consensus_tape.csv
2021-05-06,0,0.2117873811008622,0.4314466459489574,1.941536,2.302703,0.5,0.553937,0.493082,0.898617,0.96104,1.0,0.845894,0.812937,0.103109,0.707996,1,ok,VOO,0.059767,0.059767,0.059767,0.0,0,0.116005,0.809878,0.090777,0.350661,part2a21_soft_caution_overlay,artifacts_part2_g532/predictions/g532_final_consensus_tape.csv
2021-05-07,0,0.1944338661841087,0.3663483365805602,1.990145,2.073296,0.5,0.558126,0.493321,0.780262,0.956535,1.0,0.833927,0.79768,0.091505,0.732053,1,ok,VOO,0.059767,0.059767,0.059767,0.0,0,0.135585,0.888445,0.095123,0.358832,part2a21_soft_caution_overlay,artifacts_part2_g532/predictions/g532_final_consensus_tape.csv
2021-05-10,0,0.2099833390931629,0.417283972303041,2.664739,2.198807,0.75,0.573054,0.494175,0.843694,0.75,1.0,0.791275,0.593456,0.101155,0.711936,1,ok,VOO,0.053469,0.053469,0.053469,0.0,0,0.154186,0.792778,0.142344,0.447606,part2a21_soft_caution_overlay,artifacts_part2_g532/predictions/g532_final_consensus_tape.csv
2021-05-11,0,0.2533826138151516,0.6623704120166655,2.131955,2.26228,0.75,0.586222,0.494927,0.875785,0.75,0.6,0.753652,0.339143,0.105145,0.703937,0,deploy_downside_veto,VOO,0.053469,0.053469,0.053469,0.0,0,0.223998,0.866113,0.150894,0.463681,part2a21_soft_caution_overlay,artifacts_part2_g532/predictions/g532_final_consensus_tape.csv
2021-05-12,0,0.2497837056602082,0.6055489442033553,2.650818,2.482504,0.75,0.628745,0.497357,0.99065,0.75,0.6,0.632158,0.284471,0.131944,0.654546,1,ok,VOO,0.053469,0.053469,0.053469,0.0,1,0.32342,0.801372,0.289085,0.605615,part2a21_soft_caution_overlay,artifacts_part2_g532/predictions/g532_final_consensus_tape.csv
2021-05-13,0,0.2296747439279936,0.5230755017158555,1.753672,2.178815,0.5,0.599165,0.495667,0.831029,0.75,0.6,0.716671,0.322502,0.132097,0.654284,1,ok,VOO,0.053469,0.053469,0.053469,0.0,1,0.256245,0.840852,0.181844,0.521867,part2a21_soft_caution_overlay,artifacts_part2_g532/predictions/g532_final_consensus_tape.csv
2021-05-14,0,0.1999866258824347,0.3532962957885901,1.513232,1.972574,0.5,0.574604,0.494263,0.726069,0.75,1.0,0.786847,0.590135,0.149131,0.626361,1,ok,VOO,0.053469,0.053469,0.053469,0.0,0,0.180949,0.87633,0.131854,0.427885,part2a21_soft_caution_overlay,artifacts_part2_g532/predictions/g532_final_consensus_tape.csv
2021-05-17,0,0.2056267677694117,0.4126079701155821,2.151864,1.806256,0.75,0.565496,0.493743,0.641384,0.75,1.0,0.812868,0.609651,0.14912,0.626378,1,ok,VOO,0.036739,0.036739,0.036739,0.0,0,0.145888,0.880984,0.117744,0.401359,part2a21_soft_caution_overlay,artifacts_part2_g532/predictions/g532_final_consensus_tape.csv
2021-05-18,0,0.2169273454346537,0.4735394901332855,2.155447,1.940181,0.75,0.57768,0.494439,0.708779,0.75,1.0,0.778058,0.583543,0.15086,0.623659,1,ok,VOO,0.036739,0.036739,0.036739,0.0,0,0.167976,0.78524,0.152001,0.465763,part2a21_soft_caution_overlay,artifacts_part2_g532/predictions/g532_final_consensus_tape.csv
2021-05-19,0,0.2213880221080775,0.3110398250109967,1.975558,2.09429,0.75,0.576793,0.494388,0.789045,0.75,1.0,0.780591,0.585443,0.150931,0.623549,1,ok,VOO,0.036739,0.036739,0.036739,0.0,0,0.140096,0.774174,0.165794,0.491692,part2a21_soft_caution_overlay,artifacts_part2_g532/predictions/g532_final_consensus_tape.csv
2021-05-20,0,0.2209893220155464,0.3065093665644148,1.609462,1.913489,0.5,0.570451,0.494026,0.696037,0.75,1.0,0.798711,0.599033,0.149237,0.626195,1,ok,VOO,0.036739,0.036739,0.036739,0.0,0,0.127564,0.787913,0.148602,0.459372,part2a21_soft_caution_overlay,artifacts_part2_g532/predictions/g532_final_consensus_tape.csv
2021-05-21,0,0.2254095154362083,0.3354294394586757,2.183172,1.92273,0.75,0.56714,0.493837,0.701339,0.75,1.0,0.808172,0.606129,0.143371,0.635533,1,ok,VOO,0.036739,0.036739,0.036739,0.0,0,0.124846,0.794548,0.137256,0.438041,part2a21_soft_caution_overlay,artifacts_part2_g532/predictions/g532_final_consensus_tape.csv
2021-05-24,0,0.2130159243389605,0.2608266935822093,1.678967,1.823867,0.75,0.557949,0.493311,0.651846,0.75,1.0,0.83443,0.625823,0.147406,0.62908,1,ok,VOO,0.038494,0.038494,0.038494,0.0,0,0.095485,0.800475,0.119286,0.404258,part2a21_soft_caution_overlay,artifacts_part2_g532/predictions/g532_final_consensus_tape.csv
2021-05-25,0,0.2187261524848545,0.2946166926333266,2.022302,1.96148,0.75,0.566282,0.493788,0.721511,0.75,1.0,0.810622,0.607966,0.145632,0.631901,1,ok,VOO,0.038494,0.038494,0.038494,0.0,0,0.114927,0.793634,0.140029,0.443254,part2a21_soft_caution_overlay,artifacts_part2_g532/predictions/g532_final_consensus_tape.csv
2021-05-26,0,0.2223728921189405,0.333118066680998,2.032235,1.911168,0.75,0.562253,0.493557,0.696126,0.75,1.0,0.822135,0.616601,0.110044,0.69436,1,ok,VOO,0.038494,0.038494,0.038494,0.0,0,0.115837,0.79905,0.123607,0.412381,part2a21_soft_caution_overlay,artifacts_part2_g532/predictions/g532_final_consensus_tape.csv
2021-05-27,0,0.2178013615841965,0.2868401073567481,2.216157,2.090232,1.0,0.55524,0.493157,0.789296,0.960432,1.0,0.842171,0.808847,0.104621,0.704978,1,ok,VOO,0.038494,0.038494,0.038494,0.0,0,0.102344,0.805394,0.104373,0.376221,part2a21_soft_caution_overlay,artifacts_part2_g532/predictions/g532_final_consensus_tape.csv
2021-05-28,0,0.2274240582072428,0.3300156599254236,2.055698,2.101363,0.75,0.555183,0.493153,0.795026,0.960304,1.0,0.842335,0.808898,0.083742,0.749082,1,ok,VOO,0.038494,0.038494,0.038494,0.0,0,0.106782,0.806376,0.101395,0.370622,part2a21_soft_caution_overlay,artifacts_part2_g532/predictions/g532_final_consensus_tape.csv
2021-05-31,0,0.2296114060291962,0.3378832560622995,2.125754,2.132536,1.0,0.55261,0.493006,0.811305,0.963055,1.0,0.849685,0.818293,0.083064,0.750606,1,ok,VOO,0.074747,0.074747,0.074747,0.0,0,0.095176,0.807342,0.098466,0.365116,part2a21_soft_caution_overlay,artifacts_part2_g532/predictions/g532_final_consensus_tape.csv
2021-06-01,0,0.2051534210281369,0.2162612551618136,2.252276,2.144576,0.75,0.557054,0.49326,0.81707,0.958163,1.0,0.836987,0.801971,0.065412,0.792615,1,ok,VOO,0.074747,0.074747,0.074747,0.0,0,0.118719,0.886387,0.101362,0.370561,part2a21_soft_caution_overlay,artifacts_part2_g532/predictions/g532_final_consensus_tape.csv
2021-06-02,0,0.2083349128624271,0.2369166632045828,2.102253,2.160095,0.75,0.555421,0.493167,0.825204,0.959999,1.0,0.841655,0.807988,0.065313,0.792863,1,ok,VOO,0.074747,0.074747,0.074747,0.0,0,0.109122,0.806545,0.100882,0.369658,part2a21_soft_caution_overlay,artifacts_part2_g532/predictions/g532_final_consensus_tape.csv
2021-06-03,0,0.2098652928996727,0.2394309598965821,2.346436,2.233655,0.75,0.551701,0.492954,0.863294,0.963738,1.0,0.852284,0.821378,0.060425,0.805348,1,ok,VOO,0.074747,0.074747,0.074747,0.0,0,0.098277,0.809157,0.092963,0.354771,part2a21_soft_caution_overlay,artifacts_part2_g532/predictions/g532_final_consensus_tape.csv
2021-06-04,0,0.2246634167435281,0.3220179679136768,1.675261,2.041317,0.75,0.55839,0.493337,0.763761,0.75,1.0,0.833172,0.624879,0.060785,0.804415,1,ok,VOO,0.074747,0.074747,0.074747,0.0,0,0.112532,0.803389,0.110453,0.387652,part2a21_soft_caution_overlay,artifacts_part2_g532/predictions/g532_final_consensus_tape.csv
2021-06-07,0,0.2238148531043743,0.3244863288784442,2.082097,2.034598,0.75,0.557646,0.493294,0.760393,0.957808,1.0,0.835298,0.800055,0.042448,0.854854,1,ok,VOO,0.078008,0.078008,0.078008,0.0,0,0.114485,0.804754,0.106314,0.37987,part2a21_soft_caution_overlay,artifacts_part2_g532/predictions/g532_final_consensus_tape.csv
2021-06-08,0,0.243976774515876,0.4097913302167981,2.128108,1.961822,1.0,0.571326,0.494076,0.72096,0.75,1.0,0.796213,0.59716,0.031458,0.888232,1,ok,VOO,0.078008,0.078008,0.078008,0.0,0,0.15102,0.794467,0.137504,0.438508,part2a21_soft_caution_overlay,artifacts_part2_g532/predictions/g532_final_consensus_tape.csv
2021-06-09,0,0.2452738631613189,0.4284643817006724,2.0875,2.099235,1.0,0.570999,0.494057,0.792242,0.75,1.0,0.797147,0.59786,0.038496,0.866562,1,ok,VOO,0.078008,0.078008,0.078008,0.0,0,0.149501,0.79458,0.137159,0.437859,part2a21_soft_caution_overlay,artifacts_part2_g532/predictions/g532_final_consensus_tape.csv
2021-06-10,0,0.2295472531643481,0.3698383465970046,1.855831,2.023813,0.75,0.571623,0.494093,0.753063,0.75,1.0,0.795364,0.596523,0.037002,0.871075,1,ok,VOO,0.078008,0.078008,0.078008,0.0,0,0.144703,0.792588,0.14259,0.448069,part2a21_soft_caution_overlay,artifacts_part2_g532/predictions/g532_final_consensus_tape.csv
2021-06-11,0,0.2117294115099361,0.2545988475675093,2.094938,2.012756,0.75,0.573983,0.494228,0.74702,0.75,1.0,0.788621,0.591466,0.039413,0.863817,1,ok,VOO,0.078008,0.078008,0.078008,0.0,0,0.153068,0.789406,0.146692,0.45578,part2a21_soft_caution_overlay,artifacts_part2_g532/predictions/g532_final_consensus_tape.csv
2021-06-14,0,0.2288688706854053,0.3507713241063044,1.981932,1.977567,0.75,0.563828,0.493647,0.730172,0.75,1.0,0.817635,0.613227,0.048819,0.836627,1,ok,VOO,0.056191,0.056191,0.056191,0.0,0,0.133247,0.800565,0.119013,0.403745,part2a21_soft_caution_overlay,artifacts_part2_g532/predictions/g532_final_consensus_tape.csv
2021-06-15,0,0.2257373730241306,0.3352535090663717,2.34022,2.13903,1.0,0.555506,0.493172,0.814363,0.959896,1.0,0.841411,0.807667,0.050533,0.831855,1,ok,VOO,0.056191,0.056191,0.056191,0.0,0,0.109804,0.806574,0.100795,0.369494,part2a21_soft_caution_overlay,artifacts_part2_g532/predictions/g532_final_consensus_tape.csv
2021-06-16,0,0.2076232798008232,0.5699781886363042,2.345173,2.222442,1.0,0.55516,0.493152,0.857285,0.960007,1.0,0.8424,0.80871,0.050821,0.831058,1,ok,VOO,0.056191,0.056191,0.056191,0.0,0,0.114692,0.808023,0.096402,0.361237,part2a21_soft_caution_overlay,artifacts_part2_g532/predictions/g532_final_consensus_tape.csv
2021-06-17,0,0.2087620070117517,0.5587179606736784,1.968852,2.218082,0.75,0.57256,0.494146,0.853734,0.75,1.0,0.792685,0.594514,0.054841,0.820098,1,ok,VOO,0.056191,0.056191,0.056191,0.0,0,0.159895,0.794678,0.136863,0.437303,part2a21_soft_caution_overlay,artifacts_part2_g532/predictions/g532_final_consensus_tape.csv
2021-06-18,0,0.2188703170159651,0.4472183085413975,2.429805,2.247943,1.0,0.621726,0.496956,0.865804,0.75,0.6,0.652211,0.293495,0.107205,0.699879,1,ok,VOO,0.056191,0.056191,0.056191,0.0,1,0.23039,0.712265,0.340953,0.623897,part2a21_soft_caution_overlay,artifacts_part2_g532/predictions/g532_final_consensus_tape.csv
2021-06-21,0,0.218278460754736,0.4605144823700013,2.080565,2.159741,0.75,0.562056,0.493546,0.824423,0.75,1.0,0.822697,0.617023,0.144654,0.633466,1,ok,VOO,0.048335,0.048335,0.048335,0.0,0,0.133409,0.802898,0.111941,0.390449,part2a21_soft_caution_overlay,artifacts_part2_g532/predictions/g532_final_consensus_tape.csv
2021-06-22,0,0.2001814524641711,0.6541487605260822,1.997336,2.169235,0.75,0.555353,0.493163,0.82991,0.959892,1.0,0.841847,0.808083,0.14524,0.632527,1,ok,VOO,0.048335,0.048335,0.048335,0.0,0,0.11327,0.887481,0.098046,0.364326,part2a21_soft_caution_overlay,artifacts_part2_g532/predictions/g532_final_consensus_tape.csv
2021-06-23,0,0.2084049902002143,0.5429487153764035,2.257796,2.111899,1.0,0.549793,0.492845,0.800995,0.965414,1.0,0.857735,0.82807,0.142655,0.636691,1,ok,VOO,0.048335,0.048335,0.048335,0.0,0,0.098704,0.811721,0.085191,0.340158,part2a21_soft_caution_overlay,artifacts_part2_g532/predictions/g532_final_consensus_tape.csv
2021-06-24,0,0.1956584033647368,0.6723987111134805,2.156823,2.137319,0.75,0.551064,0.492918,0.813908,0.963946,1.0,0.854103,0.823309,0.144974,0.632954,1,ok,VOO,0.048335,0.048335,0.048335,0.0,0,0.107169,0.891802,0.084946,0.339698,part2a21_soft_caution_overlay,artifacts_part2_g532/predictions/g532_final_consensus_tape.csv
2021-06-25,0,0.1863128543848757,0.8175679805106602,2.343745,2.252788,1.0,0.542543,0.492431,0.873708,0.972606,1.0,0.878448,0.854384,0.146516,0.630492,1,ok,VOO,0.048335,0.048335,0.048335,0.0,0,0.07989,0.897285,0.068322,0.308445,part2a21_soft_caution_overlay,artifacts_part2_g532/predictions/g532_final_consensus_tape.csv
2021-06-28,0,0.1956428429798579,0.6838519785129824,2.034507,2.178358,0.75,0.550656,0.492895,0.835,0.964581,1.0,0.855268,0.824975,0.145068,0.632802,1,ok,VOO,0.065386,0.065386,0.065386,0.0,0,0.100368,0.89094,0.087557,0.344608,part2a21_soft_caution_overlay,artifacts_part2_g532/predictions/g532_final_consensus_tape.csv
2021-06-29,0,0.2023928347729137,0.6160639396402537,2.288618,2.22229,0.75,0.551333,0.492933,0.857487,0.963667,1.0,0.853334,0.82233,0.144171,0.634242,1,ok,VOO,0.065386,0.065386,0.065386,0.0,0,0.108154,0.891653,0.085395,0.340543,part2a21_soft_caution_overlay,artifacts_part2_g532/predictions/g532_final_consensus_tape.csv
2021-06-30,0,0.2104500893797883,0.5297095807856365,2.369286,2.230804,1.0,0.546385,0.492651,0.862206,0.968735,1.0,0.86747,0.840349,0.144398,0.633877,1,ok,VOO,0.065386,0.065386,0.065386,0.0,0,0.09134,0.814638,0.076345,0.323529,part2a21_soft_caution_overlay,artifacts_part2_g532/predictions/g532_final_consensus_tape.csv
2021-07-01,0,0.1992638700537539,0.6793947363027364,2.279756,2.312554,1.0,0.546412,0.492652,0.90405,0.968537,1.0,0.867393,0.840102,0.144091,0.634372,1,ok,VOO,0.065386,0.065386,0.065386,0.0,0,0.095673,0.895489,0.073766,0.31868,part2a21_soft_caution_overlay,artifacts_part2_g532/predictions/g532_final_consensus_tape.csv
2021-07-02,0,0.2113383547132818,0.5364700782908095,1.967749,2.205597,0.75,0.548887,0.492794,0.84911,0.966528,1.0,0.860324,0.831527,0.084876,0.746545,1,ok,VOO,0.065386,0.065386,0.065386,0.0,0,0.091007,0.811323,0.086396,0.342424,part2a21_soft_caution_overlay,artifacts_part2_g532/predictions/g532_final_consensus_tape.csv
2021-07-05,0,0.2172407828337234,0.4674910110038599,2.254723,2.167409,1.0,0.547103,0.492692,0.829694,0.968044,1.0,0.865419,0.837764,0.04668,0.842658,1,ok,VOO,0.087858,0.087858,0.087858,0.0,0,0.092673,0.813979,0.078344,0.327287,part2a21_soft_caution_overlay,artifacts_part2_g532/predictions/g532_final_consensus_tape.csv
2021-07-06,0,0.2141421123959959,0.5001643742169313,2.081234,2.101235,0.75,0.56065,0.493466,0.794382,0.75,1.0,0.826715,0.620036,0.066431,0.790061,1,ok,VOO,0.087858,0.087858,0.087858,0.0,0,0.124699,0.802943,0.111805,0.390194,part2a21_soft_caution_overlay,artifacts_part2_g532/predictions/g532_final_consensus_tape.csv
2021-07-07,0,0.2288324628648728,0.3331222327784577,2.062193,2.132717,0.75,0.56557,0.493747,0.810134,0.75,1.0,0.812658,0.609493,0.066542,0.789785,1,ok,VOO,0.087858,0.087858,0.087858,0.0,0,0.139145,0.79951,0.122214,0.409762,part2a21_soft_caution_overlay,artifacts_part2_g532/predictions/g532_final_consensus_tape.csv
2021-07-08,0,0.2319852555664419,0.307108435451886,2.222797,2.122075,1.0,0.59459,0.495405,0.801657,0.75,0.6,0.729742,0.328384,0.084112,0.748253,1,ok,VOO,0.087858,0.087858,0.087858,0.0,1,0.207691,0.7505,0.193936,0.544599,part2a21_soft_caution_overlay,artifacts_part2_g532/predictions/g532_final_consensus_tape.csv
2021-07-09,0,0.2143741714072508,0.5042356058447378,1.966674,2.083888,0.75,0.560411,0.493452,0.785464,0.75,1.0,0.827396,0.620547,0.113145,0.68843,1,ok,VOO,0.087858,0.087858,0.087858,0.0,0,0.123832,0.803075,0.111405,0.389441,part2a21_soft_caution_overlay,artifacts_part2_g532/predictions/g532_final_consensus_tape.csv
2021-07-12,0,0.2090545405359129,0.5706905405599008,2.026677,2.07205,0.75,0.558206,0.493326,0.779611,0.75,1.0,0.833696,0.625272,0.113904,0.686994,1,ok,VOO,0.050233,0.050233,0.050233,0.0,0,0.11594,0.804324,0.107618,0.382322,part2a21_soft_caution_overlay,artifacts_part2_g532/predictions/g532_final_consensus_tape.csv
2021-07-13,0,0.2198831863721625,0.4349651447910125,2.102362,2.031904,1.0,0.564286,0.493674,0.758179,0.75,1.0,0.816325,0.612244,0.113976,0.686858,1,ok,VOO,0.050233,0.050233,0.050233,0.0,0,0.134608,0.800248,0.119975,0.405553,part2a21_soft_caution_overlay,artifacts_part2_g532/predictions/g532_final_consensus_tape.csv
2021-07-14,0,0.208075875037252,0.5908335638982344,1.979067,2.036035,0.75,0.56427,0.493673,0.760315,0.75,1.0,0.816371,0.612278,0.115569,0.683866,1,ok,VOO,0.050233,0.050233,0.050233,0.0,0,0.126734,0.79866,0.124791,0.414607,part2a21_soft_caution_overlay,artifacts_part2_g532/predictions/g532_final_consensus_tape.csv
2021-07-15,0,0.2047469561767356,0.614548969273465,2.092498,2.057976,1.0,0.562706,0.493583,0.771834,0.75,1.0,0.820839,0.615629,0.118225,0.678933,1,ok,VOO,0.050233,0.050233,0.050233,0.0,0,0.13009,0.881375,0.116557,0.399127,part2a21_soft_caution_overlay,artifacts_part2_g532/predictions/g532_final_consensus_tape.csv
2021-07-16,0,0.2096356382313351,0.5515053455399234,2.096489,2.056018,1.0,0.580464,0.494598,0.768703,0.75,1.0,0.770103,0.577577,0.120534,0.674701,1,ok,VOO,0.050233,0.050233,0.050233,0.0,0,0.166007,0.775487,0.164179,0.488657,part2a21_soft_caution_overlay,artifacts_part2_g532/predictions/g532_final_consensus_tape.csv
2021-07-19,0,0.2018459215893887,0.6658670737580404,1.963507,2.050831,1.0,0.601524,0.495801,0.763406,0.75,0.6,0.709931,0.319469,0.162646,0.605847,1,ok,VOO,0.022163,0.022163,0.022163,0.0,0,0.242395,0.825458,0.199712,0.555459,part2a21_soft_caution_overlay,artifacts_part2_g532/predictions/g532_final_consensus_tape.csv
2021-07-20,0,0.2079762566750447,0.5647704242387975,1.542262,1.867419,0.75,0.582382,0.494708,0.670122,0.75,1.0,0.764622,0.573467,0.187401,0.571558,1,ok,VOO,0.022163,0.022163,0.022163,0.0,0,0.170615,0.771656,0.168872,0.497479,part2a21_soft_caution_overlay,artifacts_part2_g532/predictions/g532_final_consensus_tape.csv
2021-07-21,0,0.2018898316669577,0.6057388183299804,1.766222,1.75733,0.75,0.573626,0.494207,0.614473,0.75,1.0,0.78964,0.59223,0.203706,0.551018,1,ok,VOO,0.022163,0.022163,0.022163,0.0,0,0.163734,0.87408,0.138677,0.440713,part2a21_soft_caution_overlay,artifacts_part2_g532/predictions/g532_final_consensus_tape.csv
2021-07-22,0,0.1926266904928717,0.7162955588929644,1.771519,1.693334,0.75,0.567505,0.493857,0.582578,0.75,1.0,0.807129,0.605347,0.195607,0.561032,1,ok,VOO,0.022163,0.022163,0.022163,0.0,0,0.140185,0.877211,0.129184,0.422867,part2a21_soft_caution_overlay,artifacts_part2_g532/predictions/g532_final_consensus_tape.csv
2021-07-23,0,0.2012267314312041,0.6309291658120205,1.68648,1.741407,0.75,0.566212,0.493784,0.607716,0.75,1.0,0.810822,0.608116,0.187866,0.57095,1,ok,VOO,0.022163,0.022163,0.022163,0.0,0,0.138002,0.878442,0.125451,0.415848,part2a21_soft_caution_overlay,artifacts_part2_g532/predictions/g532_final_consensus_tape.csv
2021-07-26,0,0.1915305578971115,0.729246298767622,1.931078,1.796359,1.0,0.56642,0.493795,0.636094,0.75,1.0,0.81023,0.607672,0.187405,0.571553,1,ok,VOO,0.033139,0.033139,0.033139,0.0,0,0.133836,0.877321,0.128849,0.422235,part2a21_soft_caution_overlay,artifacts_part2_g532/predictions/g532_final_consensus_tape.csv
2021-07-27,0,0.1962633487252296,0.6985309216076511,2.09798,1.905179,1.0,0.566011,0.493772,0.692438,0.75,1.0,0.811397,0.608548,0.192728,0.56468,1,ok,VOO,0.033139,0.033139,0.033139,0.0,0,0.136644,0.878426,0.125501,0.415941,part2a21_soft_caution_overlay,artifacts_part2_g532/predictions/g532_final_consensus_tape.csv
2021-07-28,0,0.2019282572218138,0.6193480194143571,1.787156,1.938738,0.75,0.565434,0.493739,0.709877,0.75,1.0,0.813046,0.609784,0.192369,0.565139,1,ok,VOO,0.033139,0.033139,0.033139,0.0,0,0.137495,0.879349,0.122702,0.41068,part2a21_soft_caution_overlay,artifacts_part2_g532/predictions/g532_final_consensus_tape.csv
2021-07-29,0,0.1992740944705402,0.6349992126974027,1.902045,1.92906,0.75,0.558169,0.493324,0.705979,0.75,1.0,0.833802,0.625352,0.191744,0.565939,1,ok,VOO,0.033139,0.033139,0.033139,0.0,0,0.116344,0.884454,0.107222,0.381577,part2a21_soft_caution_overlay,artifacts_part2_g532/predictions/g532_final_consensus_tape.csv
2021-07-30,0,0.1944373891531226,0.6836520174794312,2.052984,1.914062,1.0,0.569875,0.493993,0.696425,0.75,1.0,0.800358,0.600269,0.191828,0.565831,1,ok,VOO,0.033139,0.033139,0.033139,0.0,0,0.148829,0.875902,0.133153,0.430327,part2a21_soft_caution_overlay,artifacts_part2_g532/predictions/g532_final_consensus_tape.csv
2021-08-02,0,0.2086739758119161,0.5447639247929635,1.867457,1.940829,1.0,0.581341,0.494648,0.708561,0.75,1.0,0.767596,0.575697,0.143533,0.635272,1,ok,VOO,0.038871,0.038871,0.038871,0.0,0,0.164929,0.772125,0.1683,0.496403,part2a21_soft_caution_overlay,artifacts_part2_g532/predictions/g532_final_consensus_tape.csv
2021-08-03,0,0.1947314039881773,0.705278869304777,1.67978,1.86674,0.75,0.564682,0.493696,0.672788,0.75,1.0,0.815193,0.611395,0.129337,0.659044,1,ok,VOO,0.038871,0.038871,0.038871,0.0,0,0.132254,0.879253,0.122992,0.411226,part2a21_soft_caution_overlay,artifacts_part2_g532/predictions/g532_final_consensus_tape.csv
2021-08-04,0,0.201874364135576,0.6183647560991007,1.815213,1.787484,0.75,0.567632,0.493865,0.631273,0.75,1.0,0.806766,0.605075,0.112994,0.688717,1,ok,VOO,0.038871,0.038871,0.038871,0.0,0,0.139905,0.876989,0.129857,0.424132,part2a21_soft_caution_overlay,artifacts_part2_g532/predictions/g532_final_consensus_tape.csv
2021-08-05,0,0.1955166598319362,0.6924123375995652,1.771329,1.755441,0.75,0.569941,0.493997,0.61423,0.75,1.0,0.800168,0.600126,0.123126,0.670015,1,ok,VOO,0.038871,0.038871,0.038871,0.0,0,0.144961,0.875024,0.135812,0.435327,part2a21_soft_caution_overlay,artifacts_part2_g532/predictions/g532_final_consensus_tape.csv
2021-08-06,0,0.2010669278713129,0.6064931480514367,2.047882,1.878141,1.0,0.551196,0.492925,0.680902,0.964048,1.0,0.853725,0.823032,0.115266,0.684434,1,ok,VOO,0.038871,0.038871,0.038871,0.0,0,0.101702,0.890512,0.088855,0.347048,part2a21_soft_caution_overlay,artifacts_part2_g532/predictions/g532_final_consensus_tape.csv
2021-08-09,0,0.1939047398304177,0.7042686286259837,1.90557,1.90826,0.75,0.56128,0.493502,0.694778,0.75,1.0,0.824915,0.618687,0.114469,0.68593,1,ok,VOO,0.044227,0.044227,0.044227,0.0,0,0.122958,0.881769,0.115363,0.396882,part2a21_soft_caution_overlay,artifacts_part2_g532/predictions/g532_final_consensus_tape.csv
2021-08-10,0,0.206938823678895,0.5556922350139417,2.029798,1.994417,1.0,0.557124,0.493264,0.739776,0.75,1.0,0.836788,0.627591,0.102602,0.709015,1,ok,VOO,0.044227,0.044227,0.044227,0.0,0,0.10771,0.804046,0.108461,0.383907,part2a21_soft_caution_overlay,artifacts_part2_g532/predictions/g532_final_consensus_tape.csv
2021-08-11,0,0.2009659828291883,0.5107694191138564,1.929288,1.954886,1.0,0.564405,0.49368,0.718374,0.75,1.0,0.815986,0.611989,0.101218,0.711808,1,ok,VOO,0.044227,0.044227,0.044227,0.0,0,0.12493,0.878116,0.12644,0.417708,part2a21_soft_caution_overlay,artifacts_part2_g532/predictions/g532_final_consensus_tape.csv
2021-08-12,0,0.2033338740007391,0.5410996575095092,1.780224,1.913104,0.75,0.553387,0.493051,0.698504,0.961767,1.0,0.847465,0.815064,0.097485,0.719455,1,ok,VOO,0.044227,0.044227,0.044227,0.0,0,0.110048,0.889374,0.092305,0.353533,part2a21_soft_caution_overlay,artifacts_part2_g532/predictions/g532_final_consensus_tape.csv
2021-08-13,0,0.203364012292832,0.5379662498957712,1.723876,1.81113,0.75,0.555392,0.493165,0.645754,0.959794,1.0,0.841736,0.807893,0.088506,0.738539,1,ok,VOO,0.044227,0.044227,0.044227,0.0,0,0.114853,0.887754,0.097218,0.36277,part2a21_soft_caution_overlay,artifacts_part2_g532/predictions/g532_final_consensus_tape.csv
2021-08-16,0,0.2079808194281275,0.5465212284492456,1.717027,1.740376,1.0,0.550454,0.492883,0.610358,0.965087,1.0,0.855844,0.825964,0.076287,0.766197,1,ok,VOO,0.05794,0.05794,0.05794,0.0,0,0.09222,0.809536,0.091814,0.35261,part2a21_soft_caution_overlay,artifacts_part2_g532/predictions/g532_final_consensus_tape.csv
2021-08-17,0,0.2272222925459139,0.6863543371616038,1.892513,1.777805,1.0,0.563705,0.49364,0.627022,0.75,1.0,0.817985,0.613489,0.081853,0.753345,1,ok,VOO,0.05794,0.05794,0.05794,0.0,0,0.129079,0.799872,0.121116,0.407697,part2a21_soft_caution_overlay,artifacts_part2_g532/predictions/g532_final_consensus_tape.csv
2021-08-18,0,0.231532305752356,0.6812035328812983,1.922092,1.843877,1.0,0.588423,0.495053,0.656764,0.75,1.0,0.747362,0.560521,0.097022,0.720416,1,ok,VOO,0.05794,0.05794,0.05794,0.0,0,0.18355,0.758491,0.18463,0.527104,part2a21_soft_caution_overlay,artifacts_part2_g532/predictions/g532_final_consensus_tape.csv
2021-08-19,0,0.2378158824128911,0.7206877911875122,1.506905,1.773837,0.75,0.593372,0.495336,0.619137,0.75,1.0,0.733222,0.549916,0.082493,0.751896,1,ok,VOO,0.05794,0.05794,0.05794,0.0,1,0.197552,0.749205,0.195426,0.547402,part2a21_soft_caution_overlay,artifacts_part2_g532/predictions/g532_final_consensus_tape.csv
2021-08-20,0,0.2223153421128253,0.6269122390167917,1.42366,1.617552,0.75,0.584242,0.494814,0.539374,0.75,1.0,0.759308,0.569481,0.085936,0.74419,1,ok,VOO,0.05794,0.05794,0.05794,0.0,0,0.183237,0.772069,0.168368,0.496532,part2a21_soft_caution_overlay,artifacts_part2_g532/predictions/g532_final_consensus_tape.csv
2021-08-23,0,0.2154182238894954,0.6080329653646882,1.419014,1.44986,0.75,0.553763,0.493072,0.460425,0.961624,1.0,0.846392,0.813911,0.096677,0.721133,1,ok,VOO,0.040536,0.040536,0.040536,0.0,0,0.105316,0.80792,0.096716,0.361825,part2a21_soft_caution_overlay,artifacts_part2_g532/predictions/g532_final_consensus_tape.csv
2021-08-24,0,0.2077650736104289,0.567111546583686,1.843849,1.562174,0.75,0.544899,0.492566,0.520319,0.97044,1.0,0.871718,0.84595,0.09774,0.718927,1,ok,VOO,0.040536,0.040536,0.040536,0.0,0,0.081753,0.814608,0.076437,0.323701,part2a21_soft_caution_overlay,artifacts_part2_g532/predictions/g532_final_consensus_tape.csv
2021-08-25,0,0.2036296034676389,0.5518162358392255,1.991429,1.751431,1.0,0.542706,0.49244,0.617549,0.972553,1.0,0.877983,0.853885,0.101144,0.711958,1,ok,VOO,0.040536,0.040536,0.040536,0.0,0,0.077632,0.896612,0.070361,0.312279,part2a21_soft_caution_overlay,artifacts_part2_g532/predictions/g532_final_consensus_tape.csv
2021-08-26,0,0.2113644078908817,0.6044630761623885,2.153858,1.996379,1.0,0.552547,0.493003,0.741395,0.963296,1.0,0.849865,0.818672,0.105211,0.703807,1,ok,VOO,0.040536,0.040536,0.040536,0.0,0,0.09055,0.806479,0.101085,0.370039,part2a21_soft_caution_overlay,artifacts_part2_g532/predictions/g532_final_consensus_tape.csv
2021-08-27,0,0.1992134495754058,0.5147256736681816,1.760157,1.968481,0.75,0.550562,0.492889,0.727348,0.96479,1.0,0.855537,0.825414,0.106122,0.702008,1,ok,VOO,0.040536,0.040536,0.040536,0.0,0,0.097233,0.890421,0.08913,0.347565,part2a21_soft_caution_overlay,artifacts_part2_g532/predictions/g532_final_consensus_tape.csv
2021-08-30,0,0.2077618004587454,0.5656397499453368,1.731183,1.881733,0.75,0.551678,0.492953,0.682667,0.963811,1.0,0.852349,0.821504,0.106288,0.70168,1,ok,VOO,0.059027,0.059027,0.059027,0.0,0,0.096943,0.808914,0.093701,0.356157,part2a21_soft_caution_overlay,artifacts_part2_g532/predictions/g532_final_consensus_tape.csv
2021-08-31,0,0.2075339166420406,0.5733413250048189,2.110044,1.867128,1.0,0.544231,0.492527,0.676408,0.971135,1.0,0.873626,0.848408,0.098496,0.717369,1,ok,VOO,0.059027,0.059027,0.059027,0.0,0,0.079224,0.814958,0.075377,0.321709,part2a21_soft_caution_overlay,artifacts_part2_g532/predictions/g532_final_consensus_tape.csv
2021-09-01,0,0.2130000677119347,0.5986091909839216,2.045588,1.962272,0.75,0.542914,0.492452,0.72524,0.972197,1.0,0.877388,0.852994,0.072468,0.77527,1,ok,VOO,0.059027,0.059027,0.059027,0.0,0,0.081885,0.817211,0.068545,0.308864,part2a21_soft_caution_overlay,artifacts_part2_g532/predictions/g532_final_consensus_tape.csv
2021-09-02,0,0.209820534377648,0.5848032634904019,2.094283,2.083305,1.0,0.544627,0.49255,0.786898,0.970805,1.0,0.872494,0.847022,0.069802,0.781734,1,ok,VOO,0.059027,0.059027,0.059027,0.0,0,0.078679,0.814332,0.077273,0.325273,part2a21_soft_caution_overlay,artifacts_part2_g532/predictions/g532_final_consensus_tape.csv
2021-09-03,0,0.2093470903472203,0.5574847176571256,2.047329,2.0624,0.75,0.543311,0.492475,0.776357,0.971956,1.0,0.876253,0.851679,0.062559,0.799848,1,ok,VOO,0.059027,0.059027,0.059027,0.0,0,0.079106,0.816127,0.071831,0.315043,part2a21_soft_caution_overlay,artifacts_part2_g532/predictions/g532_final_consensus_tape.csv
2021-09-06,0,0.2138951150545025,0.5972907738755996,2.125541,2.089051,1.0,0.543937,0.492511,0.78991,0.97127,1.0,0.874467,0.849344,0.053685,0.823221,1,ok,VOO,0.082845,0.082845,0.082845,0.0,0,0.082362,0.815981,0.072273,0.315873,part2a21_soft_caution_overlay,artifacts_part2_g532/predictions/g532_final_consensus_tape.csv
2021-09-07,0,0.222363844235029,0.6338566313743671,2.120106,2.097659,0.75,0.554451,0.493112,0.793199,0.960783,1.0,0.844425,0.811309,0.052021,0.827758,1,ok,VOO,0.082845,0.082845,0.082845,0.0,0,0.111024,0.808193,0.095888,0.360269,part2a21_soft_caution_overlay,artifacts_part2_g532/predictions/g532_final_consensus_tape.csv
2021-09-08,0,0.2207102775632135,0.6262049425426512,2.188983,2.144877,1.0,0.572365,0.494135,0.815773,0.75,1.0,0.793243,0.594932,0.05092,0.830785,1,ok,VOO,0.082845,0.082845,0.082845,0.0,0,0.159335,0.794817,0.136441,0.436509,part2a21_soft_caution_overlay,artifacts_part2_g532/predictions/g532_final_consensus_tape.csv
2021-09-09,0,0.2260692998267668,0.6498274069119677,2.196189,2.168426,1.0,0.588662,0.495066,0.826523,0.75,0.6,0.74668,0.336006,0.056151,0.816589,1,ok,VOO,0.082845,0.082845,0.082845,0.0,0,0.200009,0.766286,0.175366,0.509688,part2a21_soft_caution_overlay,artifacts_part2_g532/predictions/g532_final_consensus_tape.csv
2021-09-10,0,0.2257913165728609,0.7010256555046981,2.350659,2.245277,1.0,0.621284,0.496931,0.864417,0.75,0.6,0.653473,0.294063,0.051915,0.828048,1,ok,VOO,0.082845,0.082845,0.082845,0.0,1,0.230232,0.712762,0.338117,0.622908,part2a21_soft_caution_overlay,artifacts_part2_g532/predictions/g532_final_consensus_tape.csv
2021-09-13,0,0.2227957010690254,0.6744399910440394,2.130143,2.225664,1.0,0.593181,0.495325,0.856129,0.75,0.6,0.733769,0.330196,0.04966,0.834278,1,ok,VOO,0.035376,0.035376,0.035376,0.0,1,0.205227,0.753972,0.189915,0.53704,part2a21_soft_caution_overlay,artifacts_part2_g532/predictions/g532_final_consensus_tape.csv
2021-09-14,0,0.2221340620791224,0.6818897157920617,2.133073,2.204625,1.0,0.555372,0.493164,0.848107,0.960099,1.0,0.841794,0.808206,0.063131,0.798388,1,ok,VOO,0.035376,0.035376,0.035376,0.0,0,0.107701,0.806318,0.101571,0.370954,part2a21_soft_caution_overlay,artifacts_part2_g532/predictions/g532_final_consensus_tape.csv
2021-09-15,0,0.2123790204263458,0.5866356274373677,1.896241,2.053152,0.75,0.556073,0.493204,0.770131,0.959108,1.0,0.83979,0.80545,0.086751,0.742388,1,ok,VOO,0.035376,0.035376,0.035376,0.0,0,0.116887,0.807286,0.098637,0.365438,part2a21_soft_caution_overlay,artifacts_part2_g532/predictions/g532_final_consensus_tape.csv
2021-09-16,0,0.20975787852673,0.6182302508383958,2.14842,2.059245,1.0,0.555681,0.493182,0.773311,0.959699,1.0,0.840911,0.807022,0.086461,0.743028,1,ok,VOO,0.035376,0.035376,0.035376,0.0,0,0.110836,0.806558,0.100844,0.369586,part2a21_soft_caution_overlay,artifacts_part2_g532/predictions/g532_final_consensus_tape.csv
2021-09-17,0,0.2136934640187055,0.5788866608346325,2.488526,2.177729,1.0,0.566158,0.49378,0.833352,0.75,1.0,0.810977,0.608233,0.089436,0.736516,1,ok,VOO,0.035376,0.035376,0.035376,0.0,0,0.130151,0.796908,0.130103,0.424594,part2a21_soft_caution_overlay,artifacts_part2_g532/predictions/g532_final_consensus_tape.csv
2021-09-20,0,0.2244360705771732,0.6825948478077978,2.56195,2.399632,1.0,0.595251,0.495443,0.947306,0.75,0.6,0.727855,0.327535,0.131988,0.65447,1,ok,VOO,0.03046,0.03046,0.03046,0.0,1,0.199626,0.743856,0.201534,0.558884,part2a21_soft_caution_overlay,artifacts_part2_g532/predictions/g532_final_consensus_tape.csv
2021-09-21,0,0.2271934069570568,0.6151241056441746,1.985656,2.345377,0.75,0.627046,0.49726,0.917444,0.75,0.6,0.637011,0.286655,0.131471,0.655358,1,ok,VOO,0.03046,0.03046,0.03046,0.0,1,0.308809,0.800653,0.293173,0.607072,part2a21_soft_caution_overlay,artifacts_part2_g532/predictions/g532_final_consensus_tape.csv
2021-09-22,0,0.2218262617775784,0.6056123231197451,1.788169,2.111925,0.75,0.587485,0.494999,0.797087,0.75,1.0,0.750044,0.562533,0.146286,0.630858,1,ok,VOO,0.03046,0.03046,0.03046,0.0,0,0.186327,0.763067,0.179214,0.516922,part2a21_soft_caution_overlay,artifacts_part2_g532/predictions/g532_final_consensus_tape.csv
2021-09-23,0,0.2002712487911713,0.5824376551480337,1.896938,1.890254,0.75,0.567383,0.49385,0.684497,0.75,1.0,0.807476,0.605607,0.186102,0.573261,1,ok,VOO,0.03046,0.03046,0.03046,0.0,0,0.139314,0.87719,0.129246,0.422982,part2a21_soft_caution_overlay,artifacts_part2_g532/predictions/g532_final_consensus_tape.csv
2021-09-24,0,0.1953489945800635,0.5824977063118726,2.130808,1.938639,1.0,0.5659,0.493766,0.709756,0.75,1.0,0.811714,0.608785,0.185517,0.574031,1,ok,VOO,0.03046,0.03046,0.03046,0.0,0,0.127699,0.876741,0.130608,0.425544,part2a21_soft_caution_overlay,artifacts_part2_g532/predictions/g532_final_consensus_tape.csv
2021-09-27,0,0.1985224550914306,0.5761982861622182,2.394174,2.14064,1.0,0.570335,0.494019,0.813771,0.75,1.0,0.799042,0.599282,0.185589,0.573936,1,ok,VOO,0.041984,0.041984,0.041984,0.0,0,0.132725,0.870763,0.144947,0.452501,part2a21_soft_caution_overlay,artifacts_part2_g532/predictions/g532_final_consensus_tape.csv
2021-09-28,0,0.207000182105688,0.5567623626347706,2.876369,2.467117,1.0,0.586558,0.494946,0.982815,0.75,1.0,0.752692,0.564519,0.199686,0.555944,1,ok,VOO,0.041984,0.041984,0.041984,0.0,0,0.167706,0.756378,0.187108,0.531764,part2a21_soft_caution_overlay,artifacts_part2_g532/predictions/g532_final_consensus_tape.csv
2021-09-29,0,0.2124448047852114,0.5830786938214222,2.09973,2.456758,1.0,0.585207,0.494869,0.977417,0.75,1.0,0.756553,0.567415,0.191957,0.565665,1,ok,VOO,0.041984,0.041984,0.041984,0.0,0,0.163074,0.758464,0.184661,0.527162,part2a21_soft_caution_overlay,artifacts_part2_g532/predictions/g532_final_consensus_tape.csv
2021-09-30,0,0.2138714207202101,0.549761020751495,2.216066,2.397388,1.0,0.61498,0.49657,0.945565,0.75,0.6,0.671487,0.302169,0.202026,0.553066,1,ok,VOO,0.041984,0.041984,0.041984,0.0,1,0.222585,0.718846,0.303446,0.610721,part2a21_soft_caution_overlay,artifacts_part2_g532/predictions/g532_final_consensus_tape.csv
2021-10-01,0,0.2154628518590951,0.5991697394775569,1.843022,2.05294,0.75,0.650342,0.498591,0.758301,0.75,0.6,0.57045,0.256703,0.206356,0.547818,1,ok,VOO,0.041984,0.041984,0.041984,0.0,1,0.313104,0.773902,0.453294,0.65,part2a21_soft_caution_overlay,artifacts_part2_g532/predictions/g532_final_consensus_tape.csv
2021-10-04,0,0.2254783901800266,0.6368627378454724,2.49652,2.185203,1.0,0.640198,0.498011,0.830736,0.75,0.6,0.599434,0.269745,0.182646,0.577839,1,ok,VOO,0.019423,0.019423,0.019423,0.0,1,0.305768,0.784396,0.385965,0.639414,part2a21_soft_caution_overlay,artifacts_part2_g532/predictions/g532_final_consensus_tape.csv
2021-10-05,0,0.2157981683455275,0.6111502007930144,1.602759,1.980767,0.75,0.573158,0.49418,0.730526,0.75,1.0,0.790977,0.593233,0.193377,0.563855,1,ok,VOO,0.019423,0.019423,0.019423,0.0,0,0.135977,0.783626,0.15404,0.469595,part2a21_soft_caution_overlay,artifacts_part2_g532/predictions/g532_final_consensus_tape.csv
2021-10-06,0,0.2296778780243475,0.649354908758576,1.770463,1.956581,0.75,0.568507,0.493915,0.718653,0.75,1.0,0.804265,0.603199,0.189936,0.568265,1,ok,VOO,0.019423,0.019423,0.019423,0.0,0,0.130613,0.793953,0.139062,0.441436,part2a21_soft_caution_overlay,artifacts_part2_g532/predictions/g532_final_consensus_tape.csv
2021-10-07,0,0.2043229566717566,0.4873467979072874,1.74666,1.706627,0.75,0.563863,0.493649,0.590229,0.75,1.0,0.817535,0.613151,0.168167,0.597848,1,ok,VOO,0.019423,0.019423,0.019423,0.0,0,0.127792,0.879404,0.122533,0.410362,part2a21_soft_caution_overlay,artifacts_part2_g532/predictions/g532_final_consensus_tape.csv
2021-10-08,0,0.205946495933888,0.4953426879945573,2.07707,1.864731,1.0,0.561588,0.493519,0.672273,0.75,1.0,0.824035,0.618026,0.166244,0.600609,1,ok,VOO,0.019423,0.019423,0.019423,0.0,0,0.118019,0.88036,0.119637,0.404917,part2a21_soft_caution_overlay,artifacts_part2_g532/predictions/g532_final_consensus_tape.csv
2021-10-11,0,0.2098506064571013,0.5291966753163232,2.151796,1.991842,1.0,0.562856,0.493592,0.737677,0.75,1.0,0.82041,0.615308,0.167761,0.598428,1,ok,VOO,0.040744,0.040744,0.040744,0.0,0,0.11743,0.798592,0.124995,0.41499,part2a21_soft_caution_overlay,artifacts_part2_g532/predictions/g532_final_consensus_tape.csv
2021-10-12,0,0.2065233204958712,0.5051744937529903,2.00422,2.077696,1.0,0.562451,0.493569,0.782042,0.75,1.0,0.821568,0.616176,0.148401,0.627508,1,ok,VOO,0.040744,0.040744,0.040744,0.0,0,0.125908,0.880852,0.118145,0.402113,part2a21_soft_caution_overlay,artifacts_part2_g532/predictions/g532_final_consensus_tape.csv
2021-10-13,0,0.2049384649216737,0.4919054266566985,1.748467,1.968161,0.75,0.553867,0.493078,0.72672,0.961743,1.0,0.846095,0.813725,0.148502,0.627349,1,ok,VOO,0.040744,0.040744,0.040744,0.0,0,0.100062,0.88671,0.100382,0.368718,part2a21_soft_caution_overlay,artifacts_part2_g532/predictions/g532_final_consensus_tape.csv
2021-10-14,0,0.2001838305993205,0.452909227623003,1.535552,1.762747,0.75,0.548677,0.492782,0.622178,0.966765,1.0,0.860923,0.832311,0.140385,0.640393,1,ok,VOO,0.040744,0.040744,0.040744,0.0,0,0.089732,0.891335,0.08636,0.342357,part2a21_soft_caution_overlay,artifacts_part2_g532/predictions/g532_final_consensus_tape.csv
2021-10-15,0,0.1972707405287566,0.4332767740197277,1.81388,1.6993,0.75,0.551149,0.492923,0.589142,0.964309,1.0,0.85386,0.823385,0.147032,0.629671,1,ok,VOO,0.040744,0.040744,0.040744,0.0,0,0.096249,0.889459,0.092049,0.353053,part2a21_soft_caution_overlay,artifacts_part2_g532/predictions/g532_final_consensus_tape.csv
2021-10-18,0,0.2010625465049271,0.4653110980245149,1.799007,1.716146,0.75,0.553691,0.493068,0.597261,0.961611,1.0,0.846596,0.814096,0.122011,0.672023,1,ok,VOO,0.049013,0.049013,0.049013,0.0,0,0.107216,0.888401,0.095257,0.359083,part2a21_soft_caution_overlay,artifacts_part2_g532/predictions/g532_final_consensus_tape.csv
2021-10-19,0,0.1982475219699055,0.4441974049137188,1.888543,1.83381,0.75,0.547506,0.492715,0.658801,0.967751,1.0,0.864269,0.836397,0.119654,0.676308,1,ok,VOO,0.049013,0.049013,0.049013,0.0,0,0.091092,0.893133,0.080909,0.332108,part2a21_soft_caution_overlay,artifacts_part2_g532/predictions/g532_final_consensus_tape.csv
2021-10-20,0,0.1892176040110049,0.3728476278479681,2.108913,1.932154,1.0,0.556879,0.49325,0.707766,0.958514,1.0,0.837489,0.802745,0.11963,0.676352,1,ok,VOO,0.049013,0.049013,0.049013,0.0,0,0.113862,0.885622,0.103682,0.374921,part2a21_soft_caution_overlay,artifacts_part2_g532/predictions/g532_final_consensus_tape.csv
2021-10-21,0,0.1891422092697271,0.3720901352132231,1.943745,1.9804,0.75,0.553673,0.493067,0.733036,0.961577,1.0,0.846648,0.814117,0.112005,0.690598,1,ok,VOO,0.049013,0.049013,0.049013,0.0,0,0.10846,0.888678,0.094415,0.3575,part2a21_soft_caution_overlay,artifacts_part2_g532/predictions/g532_final_consensus_tape.csv
2021-10-22,0,0.1885841844147967,0.3698803248470961,2.208272,2.086977,1.0,0.555141,0.493151,0.787633,0.960231,1.0,0.842455,0.808952,0.117344,0.680562,1,ok,VOO,0.049013,0.049013,0.049013,0.0,0,0.109536,0.886994,0.099522,0.367102,part2a21_soft_caution_overlay,artifacts_part2_g532/predictions/g532_final_consensus_tape.csv
2021-10-25,0,0.1896688317027752,0.3811242464791604,1.737438,1.963152,0.75,0.55076,0.492901,0.724586,0.964267,1.0,0.854971,0.82442,0.106902,0.700472,1,ok,VOO,0.062765,0.062765,0.062765,0.0,0,0.105884,0.891933,0.084547,0.338948,part2a21_soft_caution_overlay,artifacts_part2_g532/predictions/g532_final_consensus_tape.csv
2021-10-26,0,0.2045435321462221,0.4962130458541062,1.912094,1.952602,0.75,0.5526,0.493006,0.718908,0.962612,1.0,0.849714,0.817946,0.091948,0.731106,1,ok,VOO,0.062765,0.062765,0.062765,0.0,0,0.106413,0.889653,0.09146,0.351944,part2a21_soft_caution_overlay,artifacts_part2_g532/predictions/g532_final_consensus_tape.csv
2021-10-27,0,0.2056324415646238,0.5086060534083998,1.829783,1.826439,0.75,0.584755,0.494843,0.648316,0.75,0.6,0.757842,0.341029,0.11913,0.677267,1,ok,VOO,0.062765,0.062765,0.062765,0.0,0,0.200299,0.859016,0.159813,0.480448,part2a21_soft_caution_overlay,artifacts_part2_g532/predictions/g532_final_consensus_tape.csv
2021-10-28,0,0.2160646621168299,0.5805202693036624,1.676795,1.806224,0.75,0.571398,0.49408,0.64027,0.75,1.0,0.796005,0.597003,0.114803,0.685301,1,ok,VOO,0.062765,0.062765,0.062765,0.0,0,0.160792,0.79637,0.131734,0.427661,part2a21_soft_caution_overlay,artifacts_part2_g532/predictions/g532_final_consensus_tape.csv
2021-10-29,0,0.1976017665303437,0.4430591808685595,1.816694,1.774424,0.75,0.576636,0.494379,0.622757,0.75,1.0,0.781039,0.585779,0.104455,0.705308,1,ok,VOO,0.062765,0.062765,0.062765,0.0,0,0.174081,0.871412,0.144111,0.450929,part2a21_soft_caution_overlay,artifacts_part2_g532/predictions/g532_final_consensus_tape.csv
2021-11-01,0,0.200968320132857,0.4681643206503698,1.944164,1.812551,0.75,0.563092,0.493605,0.645079,0.75,1.0,0.819738,0.614804,0.104139,0.705937,1,ok,VOO,0.041996,0.041996,0.041996,0.0,0,0.130347,0.880928,0.117914,0.401679,part2a21_soft_caution_overlay,artifacts_part2_g532/predictions/g532_final_consensus_tape.csv
2021-11-02,0,0.2127654678144763,0.554504663050689,1.898785,1.886548,0.75,0.560532,0.493459,0.683701,0.75,1.0,0.82705,0.620288,0.092263,0.730433,1,ok,VOO,0.041996,0.041996,0.041996,0.0,0,0.119612,0.802055,0.114497,0.395254,part2a21_soft_caution_overlay,artifacts_part2_g532/predictions/g532_final_consensus_tape.csv
2021-11-03,0,0.1986257249173001,0.5091145022080857,1.86373,1.902226,0.75,0.552408,0.492995,0.69307,0.962659,1.0,0.850263,0.818514,0.09906,0.716208,1,ok,VOO,0.041996,0.041996,0.041996,0.0,0,0.109486,0.890531,0.088799,0.346943,part2a21_soft_caution_overlay,artifacts_part2_g532/predictions/g532_final_consensus_tape.csv
2021-11-04,0,0.19982887540888,0.5193968340875948,1.801202,1.854572,0.75,0.566286,0.493788,0.666224,0.75,1.0,0.810613,0.60796,0.098573,0.717211,1,ok,VOO,0.041996,0.041996,0.041996,0.0,0,0.134312,0.877593,0.128026,0.420689,part2a21_soft_caution_overlay,artifacts_part2_g532/predictions/g532_final_consensus_tape.csv
2021-11-05,0,0.2068284701274816,0.6052124953701518,2.130937,1.931956,1.0,0.560243,0.493442,0.707157,0.75,1.0,0.827876,0.620907,0.096659,0.721171,1,ok,VOO,0.041996,0.041996,0.041996,0.0,0,0.12139,0.802794,0.112256,0.391042,part2a21_soft_caution_overlay,artifacts_part2_g532/predictions/g532_final_consensus_tape.csv
2021-11-08,0,0.2083791612957117,0.6172320170056724,2.194671,2.04227,1.0,0.56224,0.493557,0.763784,0.75,1.0,0.822172,0.616629,0.097998,0.718395,1,ok,VOO,0.050752,0.050752,0.050752,0.0,0,0.132123,0.802397,0.113461,0.393307,part2a21_soft_caution_overlay,artifacts_part2_g532/predictions/g532_final_consensus_tape.csv
2021-11-09,0,0.201487382539901,0.5385794192752328,2.286014,2.203874,1.0,0.572019,0.494115,0.846406,0.75,1.0,0.794232,0.595674,0.109989,0.694466,1,ok,VOO,0.050752,0.050752,0.050752,0.0,0,0.159688,0.875339,0.13486,0.433537,part2a21_soft_caution_overlay,artifacts_part2_g532/predictions/g532_final_consensus_tape.csv
2021-11-10,0,0.2192447559854072,0.7199586052193725,2.457482,2.312722,1.0,0.58816,0.495038,0.902043,0.75,1.0,0.748115,0.561086,0.09155,0.731958,1,ok,VOO,0.050752,0.050752,0.050752,0.0,0,0.188169,0.761793,0.180729,0.51977,part2a21_soft_caution_overlay,artifacts_part2_g532/predictions/g532_final_consensus_tape.csv
2021-11-11,0,0.2188925796493236,0.7211578430549567,2.054394,2.265963,0.75,0.558118,0.493321,0.879479,0.75,1.0,0.833949,0.625462,0.072912,0.774206,1,ok,VOO,0.050752,0.050752,0.050752,0.0,0,0.112933,0.803824,0.109133,0.38517,part2a21_soft_caution_overlay,artifacts_part2_g532/predictions/g532_final_consensus_tape.csv
2021-11-12,0,0.2009198885674907,0.5333468591578095,1.823277,2.111717,0.75,0.560089,0.493434,0.799845,0.75,1.0,0.828318,0.621239,0.075674,0.767639,1,ok,VOO,0.050752,0.050752,0.050752,0.0,0,0.128212,0.884389,0.107419,0.381949,part2a21_soft_caution_overlay,artifacts_part2_g532/predictions/g532_final_consensus_tape.csv
2021-11-15,0,0.2054410672553287,0.5866638538016629,2.160342,2.012671,1.0,0.554566,0.493118,0.749501,0.9605,1.0,0.844098,0.810756,0.076896,0.76477,1,ok,VOO,0.069708,0.069708,0.069708,0.0,0,0.115552,0.88897,0.093532,0.35584,part2a21_soft_caution_overlay,artifacts_part2_g532/predictions/g532_final_consensus_tape.csv
2021-11-16,0,0.2007267657310252,0.530074420408308,1.98568,1.989766,0.75,0.553328,0.493047,0.737894,0.961812,1.0,0.847636,0.815266,0.078065,0.762043,1,ok,VOO,0.069708,0.069708,0.069708,0.0,0,0.110261,0.889495,0.091938,0.352844,part2a21_soft_caution_overlay,artifacts_part2_g532/predictions/g532_final_consensus_tape.csv
2021-11-17,0,0.1984301820147165,0.5081939851678764,2.108745,2.084922,1.0,0.567918,0.493881,0.785166,0.75,1.0,0.805947,0.604461,0.077482,0.763401,1,ok,VOO,0.069708,0.069708,0.069708,0.0,0,0.14737,0.878143,0.126358,0.417554,part2a21_soft_caution_overlay,artifacts_part2_g532/predictions/g532_final_consensus_tape.csv
2021-11-18,0,0.2109681448401429,0.6428798382166723,1.822339,1.972255,0.75,0.56467,0.493695,0.72731,0.75,1.0,0.81523,0.611422,0.077698,0.762898,1,ok,VOO,0.069708,0.069708,0.069708,0.0,0,0.13534,0.7999,0.121029,0.407535,part2a21_soft_caution_overlay,artifacts_part2_g532/predictions/g532_final_consensus_tape.csv
2021-11-19,0,0.2074643822736591,0.6097940473365223,1.967136,1.966073,0.5,0.563724,0.493641,0.724251,0.75,1.0,0.817932,0.613449,0.081471,0.754213,1,ok,VOO,0.069708,0.069708,0.069708,0.0,0,0.133258,0.800702,0.118598,0.402965,part2a21_soft_caution_overlay,artifacts_part2_g532/predictions/g532_final_consensus_tape.csv
2021-11-22,0,0.2194359792927577,0.7224238901016334,2.401617,2.063697,1.0,0.582795,0.494731,0.772428,0.75,1.0,0.763444,0.572583,0.080201,0.757115,1,ok,VOO,0.050228,0.050228,0.050228,0.0,0,0.177601,0.773871,0.166165,0.492389,part2a21_soft_caution_overlay,artifacts_part2_g532/predictions/g532_final_consensus_tape.csv
2021-11-23,0,0.2214573075405304,0.7383436165863717,2.17341,2.180721,1.0,0.572469,0.494141,0.834359,0.75,1.0,0.792946,0.594709,0.065999,0.791143,1,ok,VOO,0.050228,0.050228,0.050228,0.0,0,0.153632,0.793516,0.140385,0.443924,part2a21_soft_caution_overlay,artifacts_part2_g532/predictions/g532_final_consensus_tape.csv
2021-11-24,0,0.2050088829375288,0.5786891478813079,1.889303,2.154777,0.75,0.566655,0.493809,0.821437,0.75,1.0,0.809557,0.607168,0.066985,0.78868,1,ok,VOO,0.050228,0.050228,0.050228,0.0,0,0.146868,0.87968,0.121697,0.40879,part2a21_soft_caution_overlay,artifacts_part2_g532/predictions/g532_final_consensus_tape.csv
2021-11-25,0,0.2194112796894588,0.722648755958866,1.97619,2.012968,1.0,0.572422,0.494138,0.747335,0.75,1.0,0.793079,0.59481,0.067008,0.788624,1,ok,VOO,0.050228,0.050228,0.050228,0.0,0,0.159592,0.794795,0.136507,0.436634,part2a21_soft_caution_overlay,artifacts_part2_g532/predictions/g532_final_consensus_tape.csv
2021-11-26,0,0.2156175502947418,0.6845081366159843,2.234275,2.033256,0.75,0.631401,0.497509,0.750217,0.75,0.6,0.624568,0.281055,0.191775,0.565899,1,ok,VOO,0.050228,0.050228,0.050228,0.0,1,0.233348,0.701287,0.4038,0.645479,part2a21_soft_caution_overlay,artifacts_part2_g532/predictions/g532_final_consensus_tape.csv
2021-11-29,0,0.2271249848715131,0.7819334742237518,1.299604,1.83669,0.5,0.595766,0.495472,0.651666,0.75,0.6,0.726384,0.326873,0.207328,0.546653,1,ok,VOO,0.017467,0.017467,0.017467,0.0,1,0.199589,0.742047,0.203582,0.562734,part2a21_soft_caution_overlay,artifacts_part2_g532/predictions/g532_final_consensus_tape.csv
2021-11-30,0,0.2096083797837832,0.6281910998226069,2.153083,1.895654,0.75,0.665445,0.499454,0.670576,0.75,0.6,0.527301,0.237285,0.235408,0.515031,1,ok,VOO,0.017467,0.017467,0.017467,0.0,1,0.3239,0.758585,0.562699,0.65,part2a21_soft_caution_overlay,artifacts_part2_g532/predictions/g532_final_consensus_tape.csv
2021-12-01,0,0.192684170531751,0.5642251120576444,2.095478,1.849388,0.75,0.635107,0.49772,0.651127,0.75,0.6,0.613981,0.276291,0.239749,0.510466,1,ok,VOO,0.017467,0.017467,0.017467,0.0,1,0.247479,0.699524,0.413924,0.6489,part2a21_soft_caution_overlay,artifacts_part2_g532/predictions/g532_final_consensus_tape.csv
2021-12-02,0,0.195154803718377,0.597605564731151,1.513977,1.920846,0.5,0.608554,0.496203,0.693803,0.75,0.6,0.689844,0.31043,0.263099,0.487235,1,ok,VOO,0.017467,0.017467,0.017467,0.0,1,0.256263,0.812853,0.224078,0.582052,part2a21_soft_caution_overlay,artifacts_part2_g532/predictions/g532_final_consensus_tape.csv
2021-12-03,0,0.2086800933558541,0.7751688817914629,2.034523,1.881326,0.75,0.5931,0.49532,0.67556,0.75,0.6,0.734,0.3303,0.268926,0.481764,1,ok,VOO,0.017467,0.017467,0.017467,0.0,0,0.176483,0.738641,0.207413,0.569937,part2a21_soft_caution_overlay,artifacts_part2_g532/predictions/g532_final_consensus_tape.csv
2021-12-06,0,0.1909132425362386,0.559457983392154,1.398673,1.649058,0.75,0.609471,0.496255,0.549892,0.75,0.6,0.687226,0.309252,0.287201,0.465375,1,ok,VOO,0.011871,0.011871,0.011871,0.0,1,0.255447,0.811604,0.231127,0.584644,part2a21_soft_caution_overlay,artifacts_part2_g532/predictions/g532_final_consensus_tape.csv
2021-12-07,0,0.1962167464197191,0.633946648075208,1.017887,1.483695,0.5,0.575223,0.494298,0.471988,0.75,1.0,0.785078,0.588808,0.317314,0.440673,1,ok,VOO,0.011871,0.011871,0.011871,0.0,0,0.165058,0.871389,0.144141,0.450985,part2a21_soft_caution_overlay,artifacts_part2_g532/predictions/g532_final_consensus_tape.csv
2021-12-08,0,0.2055980917701705,0.7550843074470087,1.796223,1.404261,0.5,0.571145,0.494065,0.431923,0.75,1.0,0.796728,0.597546,0.319651,0.438865,1,ok,VOO,0.011871,0.011871,0.011871,0.0,0,0.139118,0.871364,0.144172,0.451043,part2a21_soft_caution_overlay,artifacts_part2_g532/predictions/g532_final_consensus_tape.csv
2021-12-09,0,0.205170152683168,0.7459808526335941,2.101301,1.63847,0.75,0.581444,0.494654,0.550949,0.75,1.0,0.767303,0.575477,0.322292,0.43684,1,ok,VOO,0.011871,0.011871,0.011871,0.0,0,0.180826,0.859788,0.158851,0.47864,part2a21_soft_caution_overlay,artifacts_part2_g532/predictions/g532_final_consensus_tape.csv
2021-12-10,0,0.2150803082189072,0.823103330364307,1.372454,1.756659,0.5,0.557225,0.49327,0.617382,0.75,1.0,0.836499,0.627375,0.267238,0.483336,1,ok,VOO,0.011871,0.011871,0.011871,0.0,0,0.087374,0.799757,0.121463,0.408351,part2a21_soft_caution_overlay,artifacts_part2_g532/predictions/g532_final_consensus_tape.csv
2021-12-13,0,0.2009661672882358,0.7093035627278494,1.955173,1.809642,0.75,0.572247,0.494128,0.641885,0.75,1.0,0.793581,0.595186,0.269454,0.481274,1,ok,VOO,0.02758,0.02758,0.02758,0.0,0,0.150146,0.873092,0.141672,0.446343,part2a21_soft_caution_overlay,artifacts_part2_g532/predictions/g532_final_consensus_tape.csv
2021-12-14,0,0.1996613880315281,0.6738802001176296,1.788103,1.705243,0.75,0.565084,0.493719,0.589255,0.75,1.0,0.814045,0.610533,0.233752,0.516794,1,ok,VOO,0.02758,0.02758,0.02758,0.0,0,0.12911,0.878088,0.126523,0.417864,part2a21_soft_caution_overlay,artifacts_part2_g532/predictions/g532_final_consensus_tape.csv
2021-12-15,0,0.1929037771448551,0.6108284772241259,0.968942,1.570739,0.5,0.560845,0.493477,0.520791,0.75,1.0,0.826157,0.619618,0.228444,0.522527,1,ok,VOO,0.02758,0.02758,0.02758,0.0,0,0.119771,0.881682,0.115628,0.39738,part2a21_soft_caution_overlay,artifacts_part2_g532/predictions/g532_final_consensus_tape.csv
2021-12-16,0,0.2120974720662137,0.8000201292464699,2.107051,1.621365,0.75,0.562896,0.493594,0.546418,0.75,1.0,0.820297,0.615223,0.230598,0.520185,1,ok,VOO,0.02758,0.02758,0.02758,0.0,0,0.113024,0.79764,0.127882,0.420419,part2a21_soft_caution_overlay,artifacts_part2_g532/predictions/g532_final_consensus_tape.csv
2021-12-17,0,0.1994561275780006,0.6937698172263902,1.522695,1.532896,0.75,0.587098,0.494977,0.494431,0.75,0.6,0.751149,0.338017,0.226638,0.524507,1,ok,VOO,0.02758,0.02758,0.02758,0.0,0,0.2002,0.851475,0.169092,0.497892,part2a21_soft_caution_overlay,artifacts_part2_g532/predictions/g532_final_consensus_tape.csv
2021-12-20,0,0.2015017911557929,0.6999898646124986,1.678448,1.769398,0.75,0.585385,0.494879,0.618408,0.75,1.0,0.756042,0.567031,0.217242,0.535054,1,ok,VOO,0.028143,0.028143,0.028143,0.0,0,0.193772,0.85373,0.166337,0.492714,part2a21_soft_caution_overlay,artifacts_part2_g532/predictions/g532_final_consensus_tape.csv
2021-12-21,0,0.2078404514166736,0.7904431995799063,1.003311,1.401484,0.5,0.558023,0.493316,0.434331,0.75,1.0,0.834219,0.625664,0.209206,0.544418,1,ok,VOO,0.028143,0.028143,0.028143,0.0,0,0.09747,0.800785,0.118347,0.402493,part2a21_soft_caution_overlay,artifacts_part2_g532/predictions/g532_final_consensus_tape.csv
2021-12-22,0,0.2134708171826731,0.8400886920560117,1.30153,1.327763,0.5,0.56161,0.493521,0.395252,0.75,1.0,0.823971,0.617978,0.212618,0.540403,1,ok,VOO,0.028143,0.028143,0.028143,0.0,0,0.109497,0.798588,0.125008,0.415015,part2a21_soft_caution_overlay,artifacts_part2_g532/predictions/g532_final_consensus_tape.csv
2021-12-23,0,0.2040478941254719,0.7708010518576499,1.526198,1.277013,0.5,0.558292,0.493331,0.370149,0.75,1.0,0.833451,0.625089,0.210737,0.542609,1,ok,VOO,0.028143,0.028143,0.028143,0.0,0,0.112954,0.883602,0.109806,0.386435,part2a21_soft_caution_overlay,artifacts_part2_g532/predictions/g532_final_consensus_tape.csv
2021-12-24,0,0.2049553237966454,0.7739147951637984,1.735702,1.521143,0.75,0.563223,0.493613,0.494595,0.75,1.0,0.819362,0.614522,0.206345,0.547832,1,ok,VOO,0.028143,0.028143,0.028143,0.0,0,0.122776,0.879209,0.123125,0.411474,part2a21_soft_caution_overlay,artifacts_part2_g532/predictions/g532_final_consensus_tape.csv
2021-12-27,0,0.1997712962144626,0.72608965414395,1.287973,1.516624,0.5,0.56421,0.493669,0.492003,0.75,1.0,0.816544,0.612408,0.200504,0.554934,1,ok,VOO,0.025081,0.025081,0.025081,0.0,0,0.136649,0.880765,0.118407,0.402605,part2a21_soft_caution_overlay,artifacts_part2_g532/predictions/g532_final_consensus_tape.csv
2021-12-28,0,0.1993380866308527,0.7168519404252827,1.845996,1.623224,0.75,0.565862,0.493764,0.546684,0.75,1.0,0.811821,0.608866,0.19664,0.559735,1,ok,VOO,0.025081,0.025081,0.025081,0.0,0,0.136315,0.878551,0.125119,0.415225,part2a21_soft_caution_overlay,artifacts_part2_g532/predictions/g532_final_consensus_tape.csv
2021-12-29,0,0.2110033827435518,0.4209129615053906,1.759067,1.631012,0.75,0.556931,0.493253,0.552776,0.75,1.0,0.83734,0.628005,0.182903,0.577497,1,ok,VOO,0.025081,0.025081,0.025081,0.0,0,0.099589,0.802636,0.112734,0.39194,part2a21_soft_caution_overlay,artifacts_part2_g532/predictions/g532_final_consensus_tape.csv
2021-12-30,0,0.2088602653294829,0.3630072549026564,1.801962,1.802342,1.0,0.56046,0.493455,0.640297,0.75,1.0,0.827257,0.620443,0.17208,0.592305,1,ok,VOO,0.025081,0.025081,0.025081,0.0,0,0.107577,0.799689,0.121671,0.408742,part2a21_soft_caution_overlay,artifacts_part2_g532/predictions/g532_final_consensus_tape.csv
2021-12-31,0,0.2091056016941399,0.373590428084565,1.891426,1.817485,1.0,0.563529,0.49363,0.647547,0.75,1.0,0.81849,0.613867,0.151685,0.622378,1,ok,VOO,0.025081,0.025081,0.025081,0.0,0,0.103861,0.794946,0.13605,0.435775,part2a21_soft_caution_overlay,artifacts_part2_g532/predictions/g532_final_consensus_tape.csv
2022-01-03,0,0.2103364740402107,0.4097441237358739,1.532273,1.741887,0.5,0.551074,0.492919,0.61101,0.964596,1.0,0.854074,0.823837,0.138837,0.642942,1,ok,VOO,0.048546,0.048546,0.048546,0.0,0,0.090757,0.808433,0.095159,0.358898,part2a21_soft_caution_overlay,artifacts_part2_g532/predictions/g532_final_consensus_tape.csv
2022-01-04,0,0.208466254306751,0.3386881633091937,2.063714,1.829138,1.0,0.565168,0.493724,0.653271,0.75,1.0,0.813806,0.610355,0.113634,0.687504,1,ok,VOO,0.048546,0.048546,0.048546,0.0,0,0.11132,0.794343,0.137878,0.439211,part2a21_soft_caution_overlay,artifacts_part2_g532/predictions/g532_final_consensus_tape.csv
2022-01-05,0,0.2139685183350502,0.4887646801878126,2.384896,1.993628,1.0,0.57151,0.494086,0.737425,0.75,1.0,0.795686,0.596765,0.146342,0.630769,1,ok,VOO,0.048546,0.048546,0.048546,0.0,0,0.129872,0.785763,0.151338,0.464516,part2a21_soft_caution_overlay,artifacts_part2_g532/predictions/g532_final_consensus_tape.csv
2022-01-06,0,0.2117313664778225,0.4280345681167093,1.610715,2.019775,1.0,0.573306,0.494189,0.750752,0.75,1.0,0.790554,0.592916,0.142241,0.637364,1,ok,VOO,0.048546,0.048546,0.048546,0.0,0,0.133841,0.782111,0.155946,0.473179,part2a21_soft_caution_overlay,artifacts_part2_g532/predictions/g532_final_consensus_tape.csv
2022-01-07,0,0.2109356170958966,0.4015188604480597,1.805141,1.933584,1.0,0.567557,0.49386,0.706891,0.75,1.0,0.80698,0.605235,0.142295,0.637275,1,ok,VOO,0.048546,0.048546,0.048546,0.0,0,0.120318,0.793081,0.141704,0.446404,part2a21_soft_caution_overlay,artifacts_part2_g532/predictions/g532_final_consensus_tape.csv
2022-01-10,0,0.2128477837453841,0.4550442095175597,1.457139,1.624332,1.0,0.5721,0.49412,0.545792,0.75,1.0,0.793999,0.5955,0.124166,0.668152,1,ok,VOO,0.032574,0.032574,0.032574,0.0,0,0.137771,0.787785,0.148765,0.459678,part2a21_soft_caution_overlay,artifacts_part2_g532/predictions/g532_final_consensus_tape.csv
2022-01-11,0,0.2139260396426194,0.483253479432983,1.198895,1.487059,0.75,0.564106,0.493663,0.476758,0.75,1.0,0.81684,0.61263,0.128294,0.660862,1,ok,VOO,0.032574,0.032574,0.032574,0.0,0,0.121052,0.797711,0.127667,0.420014,part2a21_soft_caution_overlay,artifacts_part2_g532/predictions/g532_final_consensus_tape.csv
2022-01-12,0,0.2101044033209405,0.3860838486714359,1.510683,1.388906,0.75,0.559373,0.493393,0.427456,0.75,1.0,0.830364,0.622773,0.125,0.666666,1,ok,VOO,0.032574,0.032574,0.032574,0.0,0,0.109097,0.801411,0.11645,0.398926,part2a21_soft_caution_overlay,artifacts_part2_g532/predictions/g532_final_consensus_tape.csv
2022-01-13,0,0.2135694234869481,0.4711717205669277,2.204222,1.637933,1.0,0.565312,0.493732,0.554416,0.75,1.0,0.813393,0.610045,0.149982,0.625029,1,ok,VOO,0.032574,0.032574,0.032574,0.0,0,0.111542,0.794201,0.13831,0.440022,part2a21_soft_caution_overlay,artifacts_part2_g532/predictions/g532_final_consensus_tape.csv
2022-01-14,0,0.2168982729377879,0.5704236149784925,1.450201,1.721702,0.75,0.558161,0.493323,0.599195,0.75,1.0,0.833826,0.62537,0.155281,0.616856,1,ok,VOO,0.032574,0.032574,0.032574,0.0,0,0.106652,0.802484,0.113196,0.392809,part2a21_soft_caution_overlay,artifacts_part2_g532/predictions/g532_final_consensus_tape.csv
2022-01-17,0,0.212258725013656,0.4411385371272018,1.62391,1.759444,1.0,0.557137,0.493265,0.618833,0.75,1.0,0.836752,0.627564,0.129274,0.659155,1,ok,VOO,0.038398,0.038398,0.038398,0.0,0,0.102513,0.802967,0.111732,0.390057,part2a21_soft_caution_overlay,artifacts_part2_g532/predictions/g532_final_consensus_tape.csv
2022-01-18,0,0.2138855491139293,0.5031201915296494,2.265849,1.779987,1.0,0.5792,0.494526,0.625149,0.75,1.0,0.773715,0.580287,0.135548,0.648427,1,ok,VOO,0.038398,0.038398,0.038398,0.0,0,0.155055,0.774012,0.165992,0.492064,part2a21_soft_caution_overlay,artifacts_part2_g532/predictions/g532_final_consensus_tape.csv
2022-01-19,0,0.2133975893410704,0.491358909586733,1.807714,1.899158,1.0,0.578773,0.494501,0.687261,0.75,1.0,0.774935,0.581201,0.130343,0.657301,1,ok,VOO,0.038398,0.038398,0.038398,0.0,0,0.155285,0.775496,0.164169,0.488638,part2a21_soft_caution_overlay,artifacts_part2_g532/predictions/g532_final_consensus_tape.csv
2022-01-20,0,0.2176713063053364,0.6089628206640327,1.745374,1.939646,0.75,0.582345,0.494705,0.707792,0.75,1.0,0.764729,0.573547,0.139077,0.642546,1,ok,VOO,0.038398,0.038398,0.038398,0.0,0,0.164833,0.768824,0.172309,0.50394,part2a21_soft_caution_overlay,artifacts_part2_g532/predictions/g532_final_consensus_tape.csv
2022-01-21,0,0.2193112731344055,0.6498565041956471,2.026121,1.859736,0.75,0.592334,0.495276,0.664373,0.5,0.6,0.736189,0.132514,0.174532,0.588884,1,ok,VOO,0.038398,0.038398,0.038398,0.0,0,0.182883,0.744826,0.200432,0.556811,part2a21_soft_caution_overlay,artifacts_part2_g532/predictions/g532_final_consensus_tape.csv
2022-01-24,0,0.2174697375072856,0.5962114470865153,1.145608,1.639034,0.5,0.594061,0.495375,0.548272,0.5,0.6,0.731253,0.131626,0.182243,0.578378,1,ok,VOO,0.006261,0.006261,0.006261,0.0,0,0.182805,0.738761,0.207279,0.569685,part2a21_soft_caution_overlay,artifacts_part2_g532/predictions/g532_final_consensus_tape.csv
2022-01-25,0,0.2160242300911438,0.5559731704476131,1.769022,1.646917,0.75,0.589491,0.495114,0.553479,0.5,0.6,0.744312,0.133976,0.170377,0.594704,1,ok,VOO,0.006261,0.006261,0.006261,0.0,0,0.16953,0.747379,0.19752,0.551337,part2a21_soft_caution_overlay,artifacts_part2_g532/predictions/g532_final_consensus_tape.csv
2022-01-26,0,0.2119526141385738,0.6252271912340309,1.115656,1.343429,0.75,0.588472,0.495056,0.394949,0.5,0.6,0.747222,0.1345,0.174143,0.589424,1,ok,VOO,0.006261,0.006261,0.006261,0.0,0,0.170204,0.751229,0.193094,0.543017,part2a21_soft_caution_overlay,artifacts_part2_g532/predictions/g532_final_consensus_tape.csv
2022-01-27,0,0.2144043520979864,0.6653508605588438,1.147981,1.344219,0.75,0.590494,0.495171,0.394723,0.5,0.6,0.741446,0.13346,0.166087,0.600835,1,ok,VOO,0.006261,0.006261,0.006261,0.0,0,0.184419,0.751969,0.192239,0.541408,part2a21_soft_caution_overlay,artifacts_part2_g532/predictions/g532_final_consensus_tape.csv
2022-01-28,0,0.2102232753204252,0.5998482947269562,-0.014823,0.749604,0.5,0.580559,0.494603,0.08807,0.5,0.6,0.769832,0.13857,0.210483,0.542908,1,ok,VOO,0.006261,0.006261,0.006261,0.0,0,0.159475,0.771878,0.168601,0.49697,part2a21_soft_caution_overlay,artifacts_part2_g532/predictions/g532_final_consensus_tape.csv
2022-01-31,0,0.2147616580336577,0.6550025521069025,0.1582,0.430452,0.5,0.577807,0.494446,0.0,0.5,0.6,0.777695,0.139985,0.240165,0.510032,0,weak_score,FLAT,0.0,0.0,0.0,0.0,0,0.150178,0.776012,0.163532,0.487441,part2a21_soft_caution_overlay,artifacts_part2_g532/predictions/g532_final_consensus_tape.csv
2022-02-01,0,0.2234755755878407,0.7396258938897123,0.971003,0.37146,0.5,0.57885,0.494506,0.0,0.5,0.6,0.774714,0.139448,0.242642,0.507468,0,weak_score,FLAT,0.0,0.0,0.0,0.0,0,0.148182,0.771652,0.168877,0.497488,part2a21_soft_caution_overlay,artifacts_part2_g532/predictions/g532_final_consensus_tape.csv
2022-02-02,0,0.2226075123248642,0.7396950615685459,0.848592,0.659265,0.5,0.582411,0.494709,0.040079,0.5,0.6,0.764541,0.137617,0.236986,0.513362,1,ok,FLAT,0.0,0.0,0.0,0.0,0,0.149052,0.760424,0.18235,0.522818,part2a21_soft_caution_overlay,artifacts_part2_g532/predictions/g532_final_consensus_tape.csv
2022-02-03,0,0.2025806578935363,0.5177283733933605,2.058363,1.292653,0.75,0.583541,0.494774,0.370011,0.5,0.6,0.761311,0.137036,0.248511,0.501494,1,ok,FLAT,0.0,0.0,0.0,0.0,0,0.183605,0.85451,0.165381,0.490916,part2a21_soft_caution_overlay,artifacts_part2_g532/predictions/g532_final_consensus_tape.csv
2022-02-04,0,0.2163454071407435,0.6703175642476692,0.6187,1.175219,0.5,0.576434,0.494368,0.311289,0.5,0.6,0.781618,0.140691,0.208782,0.544921,1,ok,FLAT,0.0,0.0,0.0,0.0,0,0.144608,0.777591,0.161581,0.483773,part2a21_soft_caution_overlay,artifacts_part2_g532/predictions/g532_final_consensus_tape.csv
2022-02-07,0,0.2215564365456961,0.7335202802384991,1.162349,1.279804,0.75,0.577646,0.494437,0.365259,0.5,0.6,0.778154,0.140068,0.211828,0.541326,1,ok,VOO,0.004154,0.004154,0.004154,0.0,0,0.148528,0.775695,0.163924,0.488176,part2a21_soft_caution_overlay,artifacts_part2_g532/predictions/g532_final_consensus_tape.csv
2022-02-08,0,0.2158813081257407,0.6824675837888566,0.713169,0.831406,0.5,0.571069,0.494061,0.134964,0.5,0.6,0.796946,0.14345,0.200183,0.555329,1,ok,VOO,0.004154,0.004154,0.004154,0.0,0,0.133747,0.789009,0.147201,0.456737,part2a21_soft_caution_overlay,artifacts_part2_g532/predictions/g532_final_consensus_tape.csv
2022-02-09,0,0.2127684984833398,0.654710956450512,0.624171,0.833229,0.5,0.561748,0.493528,0.140065,0.75,1.0,0.823578,0.617683,0.204159,0.550468,1,ok,VOO,0.004154,0.004154,0.004154,0.0,0,0.111073,0.798732,0.124573,0.414196,part2a21_soft_caution_overlay,artifacts_part2_g532/predictions/g532_final_consensus_tape.csv
2022-02-10,0,0.2176333711235668,0.7009150848069744,1.761039,1.032793,0.75,0.577611,0.494435,0.236779,0.75,1.0,0.778254,0.583691,0.20256,0.552413,1,ok,VOO,0.004154,0.004154,0.004154,0.0,0,0.149408,0.776249,0.16324,0.486891,part2a21_soft_caution_overlay,artifacts_part2_g532/predictions/g532_final_consensus_tape.csv
2022-02-11,0,0.2191688680495669,0.7161795040245789,1.725431,1.370214,0.75,0.592033,0.495259,0.407859,0.75,0.6,0.737049,0.331672,0.252499,0.497513,1,ok,VOO,0.004154,0.004154,0.004154,0.0,0,0.180225,0.744419,0.200895,0.557682,part2a21_soft_caution_overlay,artifacts_part2_g532/predictions/g532_final_consensus_tape.csv
2022-02-14,0,0.2075275736568858,0.5707546467505663,0.856205,1.447558,0.5,0.594351,0.495392,0.447725,0.75,0.6,0.730424,0.328691,0.234626,0.515862,1,ok,VOO,0.011387,0.011387,0.011387,0.0,1,0.192484,0.743073,0.202421,0.560552,part2a21_soft_caution_overlay,artifacts_part2_g532/predictions/g532_final_consensus_tape.csv
2022-02-15,0,0.2075748362838857,0.5843454663147133,0.385322,0.988986,0.5,0.590252,0.495157,0.208789,0.75,1.0,0.742138,0.556603,0.251724,0.498282,1,ok,VOO,0.011387,0.011387,0.011387,0.0,0,0.181029,0.750974,0.193388,0.543569,part2a21_soft_caution_overlay,artifacts_part2_g532/predictions/g532_final_consensus_tape.csv
2022-02-16,0,0.2157166283856409,0.6900438186259809,1.137256,0.792928,0.75,0.585489,0.494885,0.108351,0.75,1.0,0.755746,0.566809,0.248766,0.501238,1,ok,VOO,0.011387,0.011387,0.011387,0.0,0,0.168845,0.760555,0.182195,0.522527,part2a21_soft_caution_overlay,artifacts_part2_g532/predictions/g532_final_consensus_tape.csv
2022-02-17,0,0.2250798907236231,0.768452992571146,1.756607,1.093062,0.75,0.591706,0.49524,0.262725,0.65,0.6,0.737983,0.287813,0.26716,0.483409,0,high_risk_veto,VOO,0.011387,0.011387,0.011387,0.0,0,0.185846,0.748597,0.196125,0.548714,part2a21_soft_caution_overlay,artifacts_part2_g532/predictions/g532_final_consensus_tape.csv
2022-02-18,0,0.2076435160916388,0.5791874093899151,1.149542,1.347801,0.75,0.581683,0.494668,0.39937,0.65,0.6,0.766621,0.298982,0.258842,0.491311,0,high_risk_veto,VOO,0.011387,0.011387,0.011387,0.0,0,0.161589,0.769316,0.171713,0.502821,part2a21_soft_caution_overlay,artifacts_part2_g532/predictions/g532_final_consensus_tape.csv
2022-02-21,0,0.210307459113183,0.6146393748869802,0.823438,1.243195,0.75,0.581706,0.494669,0.344832,0.65,0.6,0.766553,0.298956,0.259349,0.490822,0,high_risk_veto,FLAT,0.0,0.0,0.0,0.0,0,0.16152,0.769203,0.17185,0.503078,part2a21_soft_caution_overlay,artifacts_part2_g532/predictions/g532_final_consensus_tape.csv
2022-02-22,0,0.2129663848529743,0.6447903073026525,1.113205,1.028728,0.75,0.589046,0.495088,0.230085,0.65,0.6,0.745582,0.290777,0.248998,0.501004,0,high_risk_veto,FLAT,0.0,0.0,0.0,0.0,0,0.179955,0.754493,0.189309,0.5359,part2a21_soft_caution_overlay,artifacts_part2_g532/predictions/g532_final_consensus_tape.csv
2022-02-23,0,0.2044070900354409,0.5494692641890154,1.508031,1.148225,0.75,0.599827,0.495704,0.288604,0.65,0.6,0.714781,0.278765,0.228813,0.522124,0,high_risk_veto,FLAT,0.0,0.0,0.0,0.0,0,0.21423,0.815888,0.210489,0.575719,part2a21_soft_caution_overlay,artifacts_part2_g532/predictions/g532_final_consensus_tape.csv
2022-02-24,0,0.2075029992100649,0.6256027175233765,0.114797,0.912011,0.5,0.58302,0.494744,0.17162,0.65,0.6,0.762801,0.297493,0.25102,0.498982,0,high_risk_veto,FLAT,0.0,0.0,0.0,0.0,0,0.160444,0.76435,0.177684,0.514046,part2a21_soft_caution_overlay,artifacts_part2_g532/predictions/g532_final_consensus_tape.csv
2022-02-25,0,0.2045141143348536,0.5944080930885797,0.654311,0.759046,0.5,0.583305,0.49476,0.09169,0.65,0.6,0.761986,0.297175,0.243381,0.506707,0,high_risk_veto,FLAT,0.0,0.0,0.0,0.0,0,0.183104,0.855014,0.164761,0.489751,part2a21_soft_caution_overlay,artifacts_part2_g532/predictions/g532_final_consensus_tape.csv
2022-02-28,0,0.2128857373724594,0.7056144367997268,0.912017,0.560375,0.5,0.584605,0.494835,0.0,0.65,0.6,0.758271,0.295726,0.250925,0.499077,0,high_risk_veto,FLAT,0.0,0.0,0.0,0.0,0,0.155807,0.756642,0.186799,0.531182,part2a21_soft_caution_overlay,artifacts_part2_g532/predictions/g532_final_consensus_tape.csv
2022-03-01,0,0.2094323132880909,0.6147517917087888,1.213827,0.926719,0.75,0.590816,0.495189,0.17594,0.65,0.6,0.740526,0.288805,0.244103,0.505967,0,high_risk_veto,FLAT,0.0,0.0,0.0,0.0,0,0.171042,0.743623,0.201798,0.559379,part2a21_soft_caution_overlay,artifacts_part2_g532/predictions/g532_final_consensus_tape.csv
2022-03-02,0,0.2056359979474263,0.5757006576591785,0.558668,0.894838,0.5,0.588736,0.495071,0.160157,0.65,0.6,0.746469,0.291123,0.316042,0.441663,0,high_risk_veto,FLAT,0.0,0.0,0.0,0.0,0,0.210784,0.851568,0.168978,0.497679,part2a21_soft_caution_overlay,artifacts_part2_g532/predictions/g532_final_consensus_tape.csv
2022-03-03,0,0.209123679215748,0.6792538013743026,1.225091,0.999195,0.75,0.587696,0.495011,0.215185,0.65,0.6,0.749439,0.292281,0.2904,0.46262,0,high_risk_veto,FLAT,0.0,0.0,0.0,0.0,0,0.160646,0.748737,0.195964,0.548412,part2a21_soft_caution_overlay,artifacts_part2_g532/predictions/g532_final_consensus_tape.csv
2022-03-04,0,0.2146732441681575,0.7070522250130743,0.927819,0.903859,0.75,0.587803,0.495017,0.165285,0.65,0.6,0.749135,0.292163,0.299947,0.454589,0,high_risk_veto,FLAT,0.0,0.0,0.0,0.0,0,0.161216,0.748679,0.19603,0.548537,part2a21_soft_caution_overlay,artifacts_part2_g532/predictions/g532_final_consensus_tape.csv
2022-03-07,0,0.2039829494476454,0.5333279728552915,1.401923,1.184944,0.75,0.599002,0.495657,0.308229,0.65,0.6,0.717136,0.279683,0.32172,0.437277,0,high_risk_veto,FLAT,0.0,0.0,0.0,0.0,0,0.203215,0.814283,0.216007,0.579073,part2a21_soft_caution_overlay,artifacts_part2_g532/predictions/g532_final_consensus_tape.csv
2022-03-08,0,0.2094585937525133,0.6333257347843342,0.57194,0.967227,0.75,0.592411,0.495281,0.196487,0.65,0.6,0.735969,0.287028,0.320221,0.438427,0,high_risk_veto,FLAT,0.0,0.0,0.0,0.0,0,0.166233,0.73538,0.211055,0.576783,part2a21_soft_caution_overlay,artifacts_part2_g532/predictions/g532_final_consensus_tape.csv
2022-03-09,0,0.2121377853445128,0.6689290892735545,-0.29917,0.558231,0.5,0.588003,0.495029,0.0,0.65,0.6,0.748562,0.291939,0.362202,0.408362,0,high_risk_veto,FLAT,0.0,0.0,0.0,0.0,0,0.17468,0.75521,0.188473,0.53433,part2a21_soft_caution_overlay,artifacts_part2_g532/predictions/g532_final_consensus_tape.csv
2022-03-10,0,0.2086931485179543,0.6833426335776057,0.89217,0.388313,0.75,0.584556,0.494832,0.0,0.65,0.6,0.758412,0.295781,0.35586,0.412636,0,high_risk_veto,FLAT,0.0,0.0,0.0,0.0,0,0.160028,0.759036,0.183987,0.525896,part2a21_soft_caution_overlay,artifacts_part2_g532/predictions/g532_final_consensus_tape.csv
2022-03-11,0,0.2090007823606278,0.6615295867290643,0.957112,0.516704,0.75,0.586399,0.494937,0.0,0.65,0.6,0.753145,0.293727,0.336748,0.426077,0,high_risk_veto,FLAT,0.0,0.0,0.0,0.0,0,0.160362,0.753007,0.191036,0.539147,part2a21_soft_caution_overlay,artifacts_part2_g532/predictions/g532_final_consensus_tape.csv
2022-03-14,0,0.2094407298497983,0.6504415761800871,0.768158,0.87248,0.75,0.586557,0.494946,0.149429,0.65,0.6,0.752695,0.293551,0.334774,0.427515,0,high_risk_veto,FLAT,0.0,0.0,0.0,0.0,0,0.163271,0.754026,0.189852,0.536923,part2a21_soft_caution_overlay,artifacts_part2_g532/predictions/g532_final_consensus_tape.csv
2022-03-15,0,0.2142860300765874,0.7060947020499745,-0.481906,0.414455,0.5,0.583037,0.494745,0.0,0.65,0.6,0.762751,0.297473,0.328178,0.432393,0,high_risk_veto,FLAT,0.0,0.0,0.0,0.0,0,0.15931,0.763704,0.178456,0.515497,part2a21_soft_caution_overlay,artifacts_part2_g532/predictions/g532_final_consensus_tape.csv
2022-03-16,0,0.2238717081579798,0.8173228093529813,-0.229132,0.01904,0.5,0.570874,0.49405,0.0,0.75,1.0,0.797502,0.598126,0.305349,0.450167,0,weak_score,FLAT,0.0,0.0,0.0,0.0,0,0.145304,0.793883,0.139272,0.441831,part2a21_soft_caution_overlay,artifacts_part2_g532/predictions/g532_final_consensus_tape.csv
2022-03-17,0,0.2146873162367001,0.7576229510346556,0.568245,-0.047598,0.5,0.569415,0.493967,0.0,0.75,1.0,0.801673,0.601254,0.304287,0.45103,0,weak_score,FLAT,0.0,0.0,0.0,0.0,0,0.129629,0.792084,0.143243,0.449296,part2a21_soft_caution_overlay,artifacts_part2_g532/predictions/g532_final_consensus_tape.csv
2022-03-18,0,0.2123955266544282,0.7166046455998357,0.440642,0.259918,0.5,0.568425,0.49391,0.0,0.75,1.0,0.804501,0.603376,0.278464,0.47307,0,weak_score,FLAT,0.0,0.0,0.0,0.0,0,0.131726,0.794287,0.138047,0.439529,part2a21_soft_caution_overlay,artifacts_part2_g532/predictions/g532_final_consensus_tape.csv
2022-03-21,0,0.215279014084045,0.7131832962107136,1.032931,0.680606,0.75,0.579237,0.494528,0.052775,0.75,1.0,0.773609,0.580207,0.212555,0.540477,1,ok,VOO,0.002482,0.002482,0.002482,0.0,0,0.159779,0.776274,0.16321,0.486834,part2a21_soft_caution_overlay,artifacts_part2_g532/predictions/g532_final_consensus_tape.csv
2022-03-22,0,0.2210241090292986,0.7635303080769852,0.632849,0.702141,0.5,0.569957,0.493998,0.068487,0.75,1.0,0.800122,0.600091,0.204151,0.550477,1,ok,VOO,0.002482,0.002482,0.002482,0.0,0,0.140347,0.79406,0.138736,0.440824,part2a21_soft_caution_overlay,artifacts_part2_g532/predictions/g532_final_consensus_tape.csv
2022-03-23,0,0.2079407989032258,0.6561742773441852,1.389819,1.018533,0.75,0.576889,0.494394,0.229651,0.75,1.0,0.780316,0.585237,0.226682,0.524459,1,ok,VOO,0.002482,0.002482,0.002482,0.0,0,0.138751,0.773184,0.167006,0.49397,part2a21_soft_caution_overlay,artifacts_part2_g532/predictions/g532_final_consensus_tape.csv
2022-03-24,0,0.2074297869630381,0.6660076924929071,0.547049,0.856572,0.5,0.581662,0.494666,0.143306,0.75,1.0,0.766679,0.575009,0.231854,0.518829,1,ok,VOO,0.002482,0.002482,0.002482,0.0,0,0.169138,0.773226,0.166954,0.493874,part2a21_soft_caution_overlay,artifacts_part2_g532/predictions/g532_final_consensus_tape.csv
2022-03-25,0,0.2006832616802773,0.5887429192875586,1.163783,1.03355,0.75,0.579992,0.494571,0.236227,0.75,1.0,0.77145,0.578588,0.198614,0.557272,1,ok,VOO,0.002482,0.002482,0.002482,0.0,0,0.174893,0.861417,0.156816,0.474813,part2a21_soft_caution_overlay,artifacts_part2_g532/predictions/g532_final_consensus_tape.csv
2022-03-28,0,0.2199980950138098,0.762576997071544,0.839505,0.850112,0.5,0.573857,0.49422,0.143424,0.75,1.0,0.788979,0.591734,0.19939,0.55631,1,ok,VOO,0.007082,0.007082,0.007082,0.0,0,0.143451,0.785115,0.152159,0.466059,part2a21_soft_caution_overlay,artifacts_part2_g532/predictions/g532_final_consensus_tape.csv
2022-03-29,0,0.2131014632240574,0.7123035422811389,1.020463,1.007917,0.5,0.569168,0.493952,0.227233,0.75,1.0,0.802378,0.601783,0.191585,0.566142,1,ok,VOO,0.007082,0.007082,0.007082,0.0,0,0.131052,0.793185,0.141389,0.445812,part2a21_soft_caution_overlay,artifacts_part2_g532/predictions/g532_final_consensus_tape.csv
2022-03-30,0,0.2120385287936435,0.7010138573920207,1.621694,1.160554,0.75,0.568249,0.4939,0.306616,0.75,1.0,0.805002,0.603752,0.201476,0.553739,1,ok,VOO,0.007082,0.007082,0.007082,0.0,0,0.129385,0.794036,0.138808,0.440959,part2a21_soft_caution_overlay,artifacts_part2_g532/predictions/g532_final_consensus_tape.csv
2022-03-31,0,0.2056341431557177,0.6316918823449281,1.663948,1.435368,0.75,0.571071,0.494061,0.448071,0.75,1.0,0.79694,0.597705,0.230427,0.520371,1,ok,VOO,0.007082,0.007082,0.007082,0.0,0,0.148309,0.874243,0.138183,0.439783,part2a21_soft_caution_overlay,artifacts_part2_g532/predictions/g532_final_consensus_tape.csv
2022-04-01,0,0.2222003990920412,0.7917263953209067,1.378238,1.554627,0.75,0.56711,0.493835,0.510901,0.75,1.0,0.808256,0.606192,0.231141,0.519599,1,ok,VOO,0.007082,0.007082,0.007082,0.0,0,0.130346,0.795711,0.133731,0.431414,part2a21_soft_caution_overlay,artifacts_part2_g532/predictions/g532_final_consensus_tape.csv
2022-04-04,0,0.2245767105928119,0.7775779299448885,0.967285,1.33649,0.5,0.564471,0.493684,0.398867,0.75,1.0,0.815798,0.611849,0.227525,0.523533,1,ok,VOO,0.019165,0.019165,0.019165,0.0,0,0.120962,0.797219,0.129158,0.422818,part2a21_soft_caution_overlay,artifacts_part2_g532/predictions/g532_final_consensus_tape.csv
2022-04-05,0,0.2230486446081739,0.7850152008177215,2.010925,1.452149,0.75,0.57081,0.494046,0.456844,0.75,1.0,0.797685,0.598263,0.215243,0.537354,1,ok,VOO,0.019165,0.019165,0.019165,0.0,0,0.130343,0.788154,0.148293,0.458791,part2a21_soft_caution_overlay,artifacts_part2_g532/predictions/g532_final_consensus_tape.csv
2022-04-06,0,0.2229631656262072,0.7792208137691068,1.799125,1.592445,0.75,0.579216,0.494527,0.527508,0.75,1.0,0.773667,0.580251,0.186842,0.572289,1,ok,VOO,0.019165,0.019165,0.019165,0.0,0,0.153994,0.773421,0.166716,0.493425,part2a21_soft_caution_overlay,artifacts_part2_g532/predictions/g532_final_consensus_tape.csv
2022-04-07,0,0.2242973645081617,0.7951655053149516,1.038672,1.616241,0.5,0.56711,0.493835,0.542778,0.75,1.0,0.808257,0.606193,0.163478,0.604627,1,ok,VOO,0.019165,0.019165,0.019165,0.0,0,0.127087,0.795045,0.135749,0.435208,part2a21_soft_caution_overlay,artifacts_part2_g532/predictions/g532_final_consensus_tape.csv
2022-04-08,0,0.2126487314436264,0.7073513748913699,1.347068,1.394955,0.75,0.569775,0.493987,0.427505,0.75,1.0,0.800644,0.600483,0.145579,0.631985,1,ok,VOO,0.019165,0.019165,0.019165,0.0,0,0.131926,0.792089,0.143236,0.449283,part2a21_soft_caution_overlay,artifacts_part2_g532/predictions/g532_final_consensus_tape.csv
2022-04-11,0,0.2085259309302223,0.6303597371420951,1.592239,1.325993,0.75,0.585581,0.49489,0.386756,0.75,1.0,0.755483,0.566612,0.15763,0.613302,1,ok,VOO,0.02016,0.02016,0.02016,0.0,0,0.161093,0.75616,0.187363,0.532242,part2a21_soft_caution_overlay,artifacts_part2_g532/predictions/g532_final_consensus_tape.csv
2022-04-12,0,0.2085164495798029,0.6340129959694177,1.059311,1.332873,0.75,0.583493,0.494771,0.391013,0.75,1.0,0.76145,0.571087,0.153354,0.619802,1,ok,VOO,0.02016,0.02016,0.02016,0.0,0,0.164206,0.764743,0.177214,0.513163,part2a21_soft_caution_overlay,artifacts_part2_g532/predictions/g532_final_consensus_tape.csv
2022-04-13,0,0.2141667707171033,0.6995941069101317,0.58116,1.07757,0.5,0.564785,0.493702,0.264975,0.75,1.0,0.814899,0.611174,0.157473,0.613538,1,ok,VOO,0.02016,0.02016,0.02016,0.0,0,0.116577,0.795914,0.133115,0.430257,part2a21_soft_caution_overlay,artifacts_part2_g532/predictions/g532_final_consensus_tape.csv
2022-04-14,0,0.2189014385568314,0.7162546935807533,1.711215,1.117228,0.75,0.5719,0.494109,0.282832,0.75,1.0,0.794571,0.595928,0.129325,0.659065,1,ok,VOO,0.02016,0.02016,0.02016,0.0,0,0.123817,0.781567,0.156628,0.474461,part2a21_soft_caution_overlay,artifacts_part2_g532/predictions/g532_final_consensus_tape.csv
2022-04-15,0,0.2101572148190961,0.6468421881956045,1.057218,1.116531,0.75,0.576582,0.494376,0.280724,0.75,1.0,0.781194,0.585896,0.119924,0.675815,1,ok,VOO,0.02016,0.02016,0.02016,0.0,0,0.138472,0.774031,0.165969,0.492022,part2a21_soft_caution_overlay,artifacts_part2_g532/predictions/g532_final_consensus_tape.csv
2022-04-18,0,0.2110250755316162,0.6718878148533051,1.030678,1.26637,0.75,0.565624,0.49375,0.36226,0.75,1.0,0.812504,0.609378,0.110095,0.694262,1,ok,VOO,0.022989,0.022989,0.022989,0.0,0,0.120657,0.79566,0.133885,0.431704,part2a21_soft_caution_overlay,artifacts_part2_g532/predictions/g532_final_consensus_tape.csv
2022-04-19,0,0.2120627179698444,0.6816018363136305,0.642428,0.910108,0.5,0.564974,0.493713,0.178361,0.75,1.0,0.814359,0.610769,0.16108,0.608155,1,ok,VOO,0.022989,0.022989,0.022989,0.0,0,0.115994,0.79555,0.13422,0.432334,part2a21_soft_caution_overlay,artifacts_part2_g532/predictions/g532_final_consensus_tape.csv
2022-04-20,0,0.2164678910859381,0.6501141187001152,1.463555,1.045554,0.75,0.567997,0.493886,0.247182,0.75,1.0,0.805724,0.604293,0.163948,0.603941,1,ok,VOO,0.022989,0.022989,0.022989,0.0,0,0.119417,0.791503,0.143993,0.450706,part2a21_soft_caution_overlay,artifacts_part2_g532/predictions/g532_final_consensus_tape.csv
2022-04-21,0,0.2048295908566216,0.6331668468149038,1.52257,1.209518,0.75,0.568533,0.493916,0.331864,0.75,1.0,0.804192,0.603144,0.167623,0.598626,1,ok,VOO,0.022989,0.022989,0.022989,0.0,0,0.129444,0.87368,0.139888,0.442989,part2a21_soft_caution_overlay,artifacts_part2_g532/predictions/g532_final_consensus_tape.csv
2022-04-22,0,0.2080430593973453,0.6587980559038036,1.619177,1.5351,0.75,0.588714,0.495069,0.495157,0.75,0.6,0.746532,0.335939,0.215817,0.536692,1,ok,VOO,0.022989,0.022989,0.022989,0.0,0,0.162656,0.746326,0.198723,0.553599,part2a21_soft_caution_overlay,artifacts_part2_g532/predictions/g532_final_consensus_tape.csv
2022-04-25,0,0.2170201347337816,0.7338976483294006,0.608332,1.250026,0.5,0.585894,0.494908,0.346967,0.75,1.0,0.754588,0.565941,0.209949,0.543538,1,ok,VOO,0.01601,0.01601,0.01601,0.0,0,0.164166,0.756735,0.186691,0.530979,part2a21_soft_caution_overlay,artifacts_part2_g532/predictions/g532_final_consensus_tape.csv
2022-04-26,0,0.2154268272244422,0.7055153938108552,1.78803,1.338513,0.75,0.590036,0.495145,0.39188,0.65,0.6,0.742755,0.289674,0.268195,0.482444,0,high_risk_veto,VOO,0.01601,0.01601,0.01601,0.0,0,0.168094,0.744717,0.200555,0.557044,part2a21_soft_caution_overlay,artifacts_part2_g532/predictions/g532_final_consensus_tape.csv
2022-04-27,0,0.205963582726334,0.6718806971177851,0.670274,1.022212,0.75,0.600918,0.495767,0.221841,0.65,0.6,0.711664,0.277549,0.266969,0.483588,0,high_risk_veto,VOO,0.01601,0.01601,0.01601,0.0,0,0.230845,0.821247,0.204485,0.564432,part2a21_soft_caution_overlay,artifacts_part2_g532/predictions/g532_final_consensus_tape.csv
2022-04-28,0,0.2152883546403543,0.719643205866416,-0.191911,0.755464,0.5,0.588025,0.49503,0.087574,0.65,0.6,0.748501,0.291915,0.310442,0.446076,0,high_risk_veto,VOO,0.01601,0.01601,0.01601,0.0,0,0.162273,0.748489,0.196249,0.548947,part2a21_soft_caution_overlay,artifacts_part2_g532/predictions/g532_final_consensus_tape.csv
2022-04-29,0,0.2234811467228618,0.7376767515876642,1.918456,0.79894,0.75,0.588216,0.495041,0.110224,0.65,0.6,0.747955,0.291702,0.343832,0.420995,0,high_risk_veto,VOO,0.01601,0.01601,0.01601,0.0,0,0.165259,0.749445,0.19515,0.546882,part2a21_soft_caution_overlay,artifacts_part2_g532/predictions/g532_final_consensus_tape.csv
2022-05-02,0,0.2032452430037416,0.6309506189800023,0.385546,0.70403,0.5,0.597653,0.49558,0.055919,0.65,0.6,0.720991,0.281187,0.35525,0.413053,0,high_risk_veto,FLAT,0.0,0.0,0.0,0.0,0,0.223222,0.828389,0.196362,0.549161,part2a21_soft_caution_overlay,artifacts_part2_g532/predictions/g532_final_consensus_tape.csv
2022-05-03,0,0.219251218159631,0.7149417557137484,0.871365,1.058456,0.5,0.585138,0.494865,0.247181,0.65,0.6,0.75675,0.295132,0.326383,0.43374,0,high_risk_veto,FLAT,0.0,0.0,0.0,0.0,0,0.161468,0.757848,0.185386,0.528525,part2a21_soft_caution_overlay,artifacts_part2_g532/predictions/g532_final_consensus_tape.csv
2022-05-04,0,0.2171832592808625,0.680744282164492,0.045832,0.434248,0.5,0.579883,0.494565,0.0,0.65,0.6,0.771764,0.300988,0.358301,0.410981,0,high_risk_veto,FLAT,0.0,0.0,0.0,0.0,0,0.151101,0.769797,0.17113,0.501725,part2a21_soft_caution_overlay,artifacts_part2_g532/predictions/g532_final_consensus_tape.csv
2022-05-05,0,0.2224439663724602,0.7398598440651257,2.095482,1.004226,0.75,0.595783,0.495473,0.214494,0.65,0.6,0.726335,0.283271,0.375157,0.3999,0,high_risk_veto,FLAT,0.0,0.0,0.0,0.0,1,0.18682,0.735045,0.211713,0.577482,part2a21_soft_caution_overlay,artifacts_part2_g532/predictions/g532_final_consensus_tape.csv
2022-05-06,0,0.2142113691338615,0.7102250258130566,0.843823,0.995046,0.75,0.59483,0.495419,0.210068,0.65,0.6,0.729058,0.284333,0.351862,0.415378,0,high_risk_veto,FLAT,0.0,0.0,0.0,0.0,0,0.223275,0.837991,0.185218,0.528209,part2a21_soft_caution_overlay,artifacts_part2_g532/predictions/g532_final_consensus_tape.csv
2022-05-09,0,0.2223022059630541,0.7400167624407937,1.287619,1.408974,0.75,0.617855,0.496735,0.420329,0.65,0.6,0.663272,0.258676,0.400308,0.384433,0,high_risk_veto,FLAT,0.0,0.0,0.0,0.0,1,0.198009,0.710799,0.349323,0.626806,part2a21_soft_caution_overlay,artifacts_part2_g532/predictions/g532_final_consensus_tape.csv
2022-05-10,0,0.209509801668223,0.6918410802667131,-0.044097,0.695781,0.5,0.601206,0.495783,0.049808,0.65,0.6,0.710839,0.277227,0.364517,0.406824,0,high_risk_veto,FLAT,0.0,0.0,0.0,0.0,0,0.242578,0.826654,0.198348,0.552895,part2a21_soft_caution_overlay,artifacts_part2_g532/predictions/g532_final_consensus_tape.csv
2022-05-11,0,0.2244667614190648,0.751171611088004,0.774501,0.672674,0.75,0.588501,0.495057,0.044035,0.65,0.6,0.74714,0.291385,0.371768,0.40208,0,high_risk_veto,FLAT,0.0,0.0,0.0,0.0,0,0.159885,0.745555,0.199602,0.555252,part2a21_soft_caution_overlay,artifacts_part2_g532/predictions/g532_final_consensus_tape.csv
2022-05-12,0,0.2158317914365861,0.7178657865961965,-0.006034,0.241456,0.75,0.587387,0.494994,0.0,0.65,0.6,0.750322,0.292625,0.327933,0.432576,0,high_risk_veto,FLAT,0.0,0.0,0.0,0.0,0,0.165344,0.752316,0.191837,0.540653,part2a21_soft_caution_overlay,artifacts_part2_g532/predictions/g532_final_consensus_tape.csv
2022-05-13,0,0.209823198795972,0.6655385466560237,-0.765571,0.000965,0.5,0.584463,0.494826,0.0,0.65,0.6,0.758678,0.295885,0.34683,0.41888,0,high_risk_veto,FLAT,0.0,0.0,0.0,0.0,0,0.171214,0.765184,0.176688,0.512173,part2a21_soft_caution_overlay,artifacts_part2_g532/predictions/g532_final_consensus_tape.csv
2022-05-16,0,0.2151726996470858,0.6492608436878887,0.335856,-0.14525,0.75,0.588901,0.49508,0.0,0.65,0.6,0.745998,0.290939,0.335278,0.427147,0,high_risk_veto,FLAT,0.0,0.0,0.0,0.0,0,0.168137,0.748652,0.196061,0.548594,part2a21_soft_caution_overlay,artifacts_part2_g532/predictions/g532_final_consensus_tape.csv
2022-05-17,0,0.2151841694468969,0.6516902810729633,-0.480639,-0.303452,0.5,0.582578,0.494719,0.0,0.65,0.6,0.764064,0.297985,0.371231,0.402427,0,high_risk_veto,FLAT,0.0,0.0,0.0,0.0,0,0.163253,0.767252,0.174204,0.507504,part2a21_soft_caution_overlay,artifacts_part2_g532/predictions/g532_final_consensus_tape.csv
2022-05-18,0,0.2068802687212418,0.624195251622351,1.262052,0.372423,0.75,0.617696,0.496725,0.0,0.65,0.6,0.663725,0.258853,0.403513,0.382548,0,high_risk_veto,FLAT,0.0,0.0,0.0,0.0,1,0.19115,0.7097,0.355603,0.628981,part2a21_soft_caution_overlay,artifacts_part2_g532/predictions/g532_final_consensus_tape.csv
2022-05-19,0,0.1975871778647172,0.5735775842142863,0.158293,0.313236,0.75,0.603652,0.495923,0.0,0.65,0.6,0.703853,0.274503,0.393294,0.388625,0,high_risk_veto,FLAT,0.0,0.0,0.0,0.0,0,0.232768,0.81429,0.215971,0.579059,part2a21_soft_caution_overlay,artifacts_part2_g532/predictions/g532_final_consensus_tape.csv
2022-05-20,0,0.2027066495335803,0.5864909102504042,-0.038598,0.460583,0.75,0.602623,0.495864,0.0,0.65,0.6,0.706793,0.275649,0.39181,0.389523,0,high_risk_veto,FLAT,0.0,0.0,0.0,0.0,0,0.213917,0.811971,0.229052,0.583882,part2a21_soft_caution_overlay,artifacts_part2_g532/predictions/g532_final_consensus_tape.csv
2022-05-23,0,0.2174675842367018,0.6363900517785975,-0.570375,-0.150227,0.5,0.587864,0.495021,0.0,0.65,0.6,0.74896,0.292095,0.378707,0.397641,0,high_risk_veto,FLAT,0.0,0.0,0.0,0.0,0,0.16594,0.751014,0.193343,0.543484,part2a21_soft_caution_overlay,artifacts_part2_g532/predictions/g532_final_consensus_tape.csv
2022-05-24,0,0.2222230474352385,0.6578901693510032,0.184212,-0.141587,0.75,0.599111,0.495663,0.0,0.65,0.6,0.716827,0.279562,0.385226,0.393561,0,high_risk_veto,FLAT,0.0,0.0,0.0,0.0,1,0.184005,0.730539,0.237145,0.58685,part2a21_soft_caution_overlay,artifacts_part2_g532/predictions/g532_final_consensus_tape.csv
2022-05-25,0,0.2021923460668325,0.560899294052191,-0.467792,-0.284652,0.5,0.595822,0.495476,0.0,0.65,0.6,0.726222,0.283227,0.371769,0.402079,0,high_risk_veto,FLAT,0.0,0.0,0.0,0.0,0,0.212999,0.829146,0.195494,0.547529,part2a21_soft_caution_overlay,artifacts_part2_g532/predictions/g532_final_consensus_tape.csv
2022-05-26,0,0.2140868189342381,0.6112381133144974,-0.479522,-0.254367,0.5,0.583041,0.494745,0.0,0.65,0.6,0.76274,0.297469,0.384519,0.393999,0,high_risk_veto,FLAT,0.0,0.0,0.0,0.0,0,0.152155,0.759953,0.182907,0.523864,part2a21_soft_caution_overlay,artifacts_part2_g532/predictions/g532_final_consensus_tape.csv
2022-05-27,0,0.2071575152555692,0.5844710097690182,-0.407748,-0.451687,0.5,0.591516,0.495229,0.0,0.65,0.6,0.738526,0.288025,0.375223,0.399858,0,high_risk_veto,FLAT,0.0,0.0,0.0,0.0,0,0.171955,0.741688,0.203986,0.563495,part2a21_soft_caution_overlay,artifacts_part2_g532/predictions/g532_final_consensus_tape.csv
2022-05-30,0,0.2090520552651117,0.5856027917217698,0.47149,-0.138593,0.75,0.58516,0.494866,0.0,0.65,0.6,0.756686,0.295107,0.37179,0.402065,0,high_risk_veto,FLAT,0.0,0.0,0.0,0.0,0,0.157132,0.755477,0.188161,0.533743,part2a21_soft_caution_overlay,artifacts_part2_g532/predictions/g532_final_consensus_tape.csv
2022-05-31,0,0.2247882753985199,0.6409093244108538,0.58728,0.217007,0.75,0.583341,0.494762,0.0,0.65,0.6,0.761884,0.297135,0.345662,0.419701,0,high_risk_veto,FLAT,0.0,0.0,0.0,0.0,0,0.152443,0.759104,0.183908,0.525746,part2a21_soft_caution_overlay,artifacts_part2_g532/predictions/g532_final_consensus_tape.csv
2022-06-01,0,0.2115160276645532,0.6236828731236584,0.727208,0.595326,0.75,0.588666,0.495067,0.003484,0.75,1.0,0.746667,0.560001,0.224623,0.526734,1,ok,FLAT,0.0,0.0,0.0,0.0,0,0.167249,0.748976,0.19569,0.547896,part2a21_soft_caution_overlay,artifacts_part2_g532/predictions/g532_final_consensus_tape.csv
2022-06-02,0,0.2152244799208425,0.6422242992920708,-0.072462,0.414009,0.5,0.585003,0.494857,0.0,0.75,1.0,0.757134,0.567851,0.215882,0.536617,0,weak_score,FLAT,0.0,0.0,0.0,0.0,0,0.162522,0.758854,0.184202,0.526299,part2a21_soft_caution_overlay,artifacts_part2_g532/predictions/g532_final_consensus_tape.csv
2022-06-03,0,0.2188942254691632,0.6382862210885657,1.200716,0.618487,0.75,0.583079,0.494747,0.018472,0.75,1.0,0.762632,0.571974,0.236027,0.514375,1,ok,FLAT,0.0,0.0,0.0,0.0,0,0.154939,0.761286,0.18133,0.5209,part2a21_soft_caution_overlay,artifacts_part2_g532/predictions/g532_final_consensus_tape.csv
2022-06-06,0,0.2210523333104737,0.6393205439994456,0.424557,0.517604,0.5,0.583048,0.494746,0.0,0.75,1.0,0.762721,0.572041,0.214409,0.538319,0,weak_score,FLAT,0.0,0.0,0.0,0.0,0,0.155409,0.761635,0.180916,0.520121,part2a21_soft_caution_overlay,artifacts_part2_g532/predictions/g532_final_consensus_tape.csv
2022-06-07,0,0.2095008141838527,0.6144013591989351,0.222132,0.615802,0.5,0.581943,0.494682,0.017652,0.75,1.0,0.765876,0.574407,0.180624,0.580553,1,ok,FLAT,0.0,0.0,0.0,0.0,0,0.151274,0.763136,0.179132,0.516769,part2a21_soft_caution_overlay,artifacts_part2_g532/predictions/g532_final_consensus_tape.csv
2022-06-08,0,0.2180364104213213,0.6419731986942847,0.607028,0.417906,0.75,0.581636,0.494665,0.0,0.75,1.0,0.766755,0.575066,0.194597,0.562307,0,weak_score,FLAT,0.0,0.0,0.0,0.0,0,0.153505,0.765307,0.17654,0.511896,part2a21_soft_caution_overlay,artifacts_part2_g532/predictions/g532_final_consensus_tape.csv
2022-06-09,0,0.2157321088607719,0.6401768752970368,1.010535,0.613232,0.75,0.583956,0.494797,0.015279,0.75,1.0,0.760125,0.570094,0.22321,0.528307,1,ok,FLAT,0.0,0.0,0.0,0.0,0,0.157091,0.759493,0.183449,0.524884,part2a21_soft_caution_overlay,artifacts_part2_g532/predictions/g532_final_consensus_tape.csv
2022-06-10,0,0.2149782317526815,0.6808758004482959,1.068941,0.895501,0.75,0.589796,0.495131,0.160038,0.65,0.6,0.74344,0.289942,0.209504,0.544065,0,high_risk_veto,FLAT,0.0,0.0,0.0,0.0,0,0.169031,0.746057,0.19903,0.554177,part2a21_soft_caution_overlay,artifacts_part2_g532/predictions/g532_final_consensus_tape.csv
2022-06-13,0,0.2396758613977357,0.7476098646449344,0.995303,1.024926,0.75,0.596378,0.495507,0.225123,0.65,0.6,0.724634,0.282607,0.227904,0.523117,0,high_risk_veto,FLAT,0.0,0.0,0.0,0.0,0,0.17598,0.732293,0.227235,0.583214,part2a21_soft_caution_overlay,artifacts_part2_g532/predictions/g532_final_consensus_tape.csv
2022-06-14,0,0.2062229722761028,0.6785332777435409,-0.11157,0.650891,0.5,0.615328,0.49659,0.01887,0.65,0.6,0.670491,0.261492,0.228644,0.522309,0,high_risk_veto,FLAT,0.0,0.0,0.0,0.0,1,0.221018,0.718136,0.307487,0.612152,part2a21_soft_caution_overlay,artifacts_part2_g532/predictions/g532_final_consensus_tape.csv
2022-06-15,0,0.2246061432692395,0.5050559815542748,-0.56728,0.105484,0.5,0.659002,0.499086,0.0,0.65,0.6,0.545709,0.212827,0.230022,0.52081,0,high_risk_veto,FLAT,0.0,0.0,0.0,0.0,1,0.319571,0.765169,0.515669,0.65,part2a21_soft_caution_overlay,artifacts_part2_g532/predictions/g532_final_consensus_tape.csv
2022-06-16,0,0.2312234597174277,0.5762352849459674,0.749762,0.023637,0.75,0.677553,0.500146,0.0,0.65,0.6,0.492707,0.192156,0.254849,0.495197,0,high_risk_veto,FLAT,0.0,0.0,0.0,0.0,1,0.330867,0.746002,0.652579,0.65,part2a21_soft_caution_overlay,artifacts_part2_g532/predictions/g532_final_consensus_tape.csv
2022-06-17,0,0.2545677026037196,0.744249542602645,-0.465033,-0.094184,0.5,0.657204,0.498983,0.0,0.65,0.25,0.550845,0.089512,0.261231,0.489016,0,high_risk_veto,FLAT,0.0,0.0,0.0,0.0,1,0.335229,0.770042,0.480863,0.65,part2a21_soft_caution_overlay,artifacts_part2_g532/predictions/g532_final_consensus_tape.csv
2022-06-20,0,0.2300771210585342,0.5749729858636573,-0.136055,0.049558,0.75,0.593745,0.495357,0.0,0.65,0.6,0.732158,0.285541,0.244919,0.505133,0,high_risk_veto,FLAT,0.0,0.0,0.0,0.0,0,0.176701,0.736491,0.209817,0.574455,part2a21_soft_caution_overlay,artifacts_part2_g532/predictions/g532_final_consensus_tape.csv
2022-06-21,0,0.2430482374110339,0.6762841429196337,-0.878168,-0.493085,0.5,0.657498,0.499,0.0,0.65,0.25,0.550006,0.089376,0.307662,0.4483,0,high_risk_veto,FLAT,0.0,0.0,0.0,0.0,1,0.327357,0.768289,0.493382,0.65,part2a21_soft_caution_overlay,artifacts_part2_g532/predictions/g532_final_consensus_tape.csv
2022-06-22,0,0.2219921952506945,0.5179875996775382,-0.280778,-0.431667,0.75,0.619106,0.496806,0.0,0.65,0.6,0.659699,0.257282,0.309825,0.446568,0,high_risk_veto,FLAT,0.0,0.0,0.0,0.0,1,0.219258,0.713299,0.335051,0.621838,part2a21_soft_caution_overlay,artifacts_part2_g532/predictions/g532_final_consensus_tape.csv
2022-06-23,0,0.2413105909684787,0.6802317147977615,-0.657295,-0.605413,0.5,0.647236,0.498414,0.0,0.65,0.25,0.579325,0.09414,0.303968,0.45129,0,high_risk_veto,FLAT,0.0,0.0,0.0,0.0,1,0.313387,0.777502,0.427574,0.65,part2a21_soft_caution_overlay,artifacts_part2_g532/predictions/g532_final_consensus_tape.csv
2022-06-24,0,0.2241289958827762,0.5343104571407028,-0.963323,-0.633798,0.5,0.607009,0.496115,0.0,0.65,0.6,0.694259,0.270761,0.3494,0.417084,0,high_risk_veto,FLAT,0.0,0.0,0.0,0.0,1,0.19779,0.723698,0.275879,0.600889,part2a21_soft_caution_overlay,artifacts_part2_g532/predictions/g532_final_consensus_tape.csv
2022-06-27,0,0.2129857243841239,0.4705517892927899,0.147972,-0.490882,0.75,0.603675,0.495924,0.0,0.65,0.6,0.703785,0.274476,0.3283,0.432301,0,high_risk_veto,FLAT,0.0,0.0,0.0,0.0,1,0.188317,0.725897,0.263409,0.596398,part2a21_soft_caution_overlay,artifacts_part2_g532/predictions/g532_final_consensus_tape.csv
2022-06-28,0,0.2058446865599146,0.3913515697540861,0.533903,-0.093816,0.75,0.5992,0.495669,0.0,0.65,0.6,0.716572,0.279463,0.351368,0.415719,0,high_risk_veto,FLAT,0.0,0.0,0.0,0.0,0,0.215183,0.818624,0.207432,0.569973,part2a21_soft_caution_overlay,artifacts_part2_g532/predictions/g532_final_consensus_tape.csv
2022-06-29,0,0.2206976528922388,0.5220580826986164,-0.54463,0.045748,0.5,0.595942,0.495482,0.0,0.65,0.6,0.725879,0.283093,0.353067,0.414547,0,high_risk_veto,FLAT,0.0,0.0,0.0,0.0,0,0.181853,0.733919,0.218059,0.579831,part2a21_soft_caution_overlay,artifacts_part2_g532/predictions/g532_final_consensus_tape.csv
2022-06-30,0,0.2183726781564695,0.5016419388062371,-0.349353,-0.120027,0.75,0.597688,0.495582,0.0,0.65,0.6,0.72089,0.281147,0.294789,0.458893,0,high_risk_veto,FLAT,0.0,0.0,0.0,0.0,0,0.181469,0.731761,0.230242,0.584319,part2a21_soft_caution_overlay,artifacts_part2_g532/predictions/g532_final_consensus_tape.csv
2022-07-01,0,0.2129711025429721,0.4484602769446491,-0.924979,-0.606321,0.5,0.592511,0.495286,0.0,0.75,0.6,0.735684,0.331058,0.294818,0.458869,0,weak_score,FLAT,0.0,0.0,0.0,0.0,0,0.168337,0.736198,0.210144,0.575071,part2a21_soft_caution_overlay,artifacts_part2_g532/predictions/g532_final_consensus_tape.csv
2022-07-04,0,0.2099854552545846,0.4244887064365648,-0.74389,-0.672741,0.75,0.589931,0.495139,0.0,0.75,0.6,0.743054,0.334374,0.294818,0.458869,0,weak_score,FLAT,0.0,0.0,0.0,0.0,0,0.161795,0.741635,0.204047,0.563609,part2a21_soft_caution_overlay,artifacts_part2_g532/predictions/g532_final_consensus_tape.csv
2022-07-05,0,0.2009139589296848,0.3598751232157626,-1.056241,-0.90837,0.5,0.59938,0.495679,0.0,0.75,0.6,0.716058,0.322226,0.248256,0.50175,0,weak_score,FLAT,0.0,0.0,0.0,0.0,0,0.219134,0.820176,0.205691,0.566698,part2a21_soft_caution_overlay,artifacts_part2_g532/predictions/g532_final_consensus_tape.csv
2022-07-06,0,0.2073872742412785,0.4026259491677956,-0.707579,-0.835903,0.5,0.58992,0.495138,0.0,0.75,0.6,0.743085,0.334388,0.247125,0.502891,0,weak_score,FLAT,0.0,0.0,0.0,0.0,0,0.16622,0.744096,0.201262,0.558372,part2a21_soft_caution_overlay,artifacts_part2_g532/predictions/g532_final_consensus_tape.csv
2022-07-07,0,0.2095949869924095,0.4205550937707262,-0.706055,-0.823292,0.5,0.590495,0.495171,0.0,0.75,0.6,0.741444,0.33365,0.267082,0.483482,0,weak_score,FLAT,0.0,0.0,0.0,0.0,0,0.171966,0.74524,0.199961,0.555926,part2a21_soft_caution_overlay,artifacts_part2_g532/predictions/g532_final_consensus_tape.csv
2022-07-08,0,0.2041904324310168,0.3894427376057273,-0.071646,-0.495093,0.5,0.595441,0.495454,0.0,0.75,0.6,0.727312,0.327291,0.200933,0.554407,0,weak_score,FLAT,0.0,0.0,0.0,0.0,0,0.208047,0.82778,0.197061,0.550475,part2a21_soft_caution_overlay,artifacts_part2_g532/predictions/g532_final_consensus_tape.csv
2022-07-11,0,0.1984642306945353,0.3162297344049012,0.229054,-0.182882,0.75,0.603883,0.495936,0.0,0.75,0.6,0.70319,0.316436,0.219968,0.531951,0,weak_score,FLAT,0.0,0.0,0.0,0.0,0,0.221533,0.811898,0.229466,0.584034,part2a21_soft_caution_overlay,artifacts_part2_g532/predictions/g532_final_consensus_tape.csv
2022-07-12,0,0.2094270786664678,0.4263284414663751,-0.01786,0.046516,0.75,0.603003,0.495886,0.0,0.75,0.6,0.705706,0.317568,0.19673,0.559622,0,weak_score,FLAT,0.0,0.0,0.0,0.0,0,0.238755,0.818307,0.207788,0.570642,part2a21_soft_caution_overlay,artifacts_part2_g532/predictions/g532_final_consensus_tape.csv
2022-07-13,0,0.2244322795307966,0.561236852406054,-0.274339,-0.021049,0.75,0.582482,0.494713,0.0,0.75,0.6,0.764337,0.343952,0.198024,0.558006,0,weak_score,FLAT,0.0,0.0,0.0,0.0,0,0.122357,0.674505,0.199177,0.554453,part2a21_soft_caution_overlay,artifacts_part2_g532/predictions/g532_final_consensus_tape.csv
2022-07-14,0,0.2191103782880762,0.5089770176816208,-0.360241,-0.21748,0.5,0.58194,0.494682,0.0,0.75,1.0,0.765886,0.574414,0.183582,0.576592,0,weak_score,FLAT,0.0,0.0,0.0,0.0,0,0.123815,0.67716,0.19614,0.548742,part2a21_soft_caution_overlay,artifacts_part2_g532/predictions/g532_final_consensus_tape.csv
2022-07-15,0,0.2205014706082427,0.5257252785041922,-0.630441,-0.421674,0.5,0.58109,0.494634,0.0,0.75,1.0,0.768314,0.576236,0.199124,0.556639,0,weak_score,FLAT,0.0,0.0,0.0,0.0,0,0.128542,0.682592,0.189864,0.536945,part2a21_soft_caution_overlay,artifacts_part2_g532/predictions/g532_final_consensus_tape.csv
2022-07-18,0,0.2274674889472372,0.5935768467640544,0.05609,-0.311531,0.75,0.57643,0.494367,0.0,0.75,1.0,0.781628,0.586221,0.202068,0.553015,0,weak_score,FLAT,0.0,0.0,0.0,0.0,0,0.113801,0.690425,0.180663,0.519647,part2a21_soft_caution_overlay,artifacts_part2_g532/predictions/g532_final_consensus_tape.csv
2022-07-19,0,0.2217895258411371,0.5358168365268204,-0.680941,-0.41843,0.5,0.574621,0.494264,0.0,0.75,1.0,0.786796,0.590097,0.251851,0.498156,0,weak_score,FLAT,0.0,0.0,0.0,0.0,0,0.112566,0.695741,0.174311,0.507704,part2a21_soft_caution_overlay,artifacts_part2_g532/predictions/g532_final_consensus_tape.csv
2022-07-20,0,0.230803020586699,0.6241670423714808,-0.037873,-0.220908,0.5,0.583547,0.494774,0.0,0.75,0.6,0.761294,0.342582,0.248801,0.501202,0,weak_score,FLAT,0.0,0.0,0.0,0.0,0,0.125623,0.6726,0.201344,0.558527,part2a21_soft_caution_overlay,artifacts_part2_g532/predictions/g532_final_consensus_tape.csv
2022-07-21,0,0.2258406175577798,0.5672569289399311,0.059703,-0.219703,0.5,0.583674,0.494781,0.0,0.75,0.6,0.760932,0.342419,0.23077,0.519999,0,weak_score,FLAT,0.0,0.0,0.0,0.0,0,0.125332,0.672001,0.202023,0.559804,part2a21_soft_caution_overlay,artifacts_part2_g532/predictions/g532_final_consensus_tape.csv
2022-07-22,0,0.2301360581468747,0.6142515949576,0.662642,0.228157,0.75,0.574249,0.494243,0.0,0.75,1.0,0.78786,0.590895,0.254283,0.495753,0,weak_score,FLAT,0.0,0.0,0.0,0.0,0,0.110692,0.695993,0.174007,0.507133,part2a21_soft_caution_overlay,artifacts_part2_g532/predictions/g532_final_consensus_tape.csv
2022-07-25,0,0.2235067158396864,0.55052734307703,0.280815,0.334387,0.75,0.576445,0.494368,0.0,0.75,1.0,0.781585,0.586189,0.233754,0.516792,0,weak_score,FLAT,0.0,0.0,0.0,0.0,0,0.115904,0.691472,0.179419,0.517308,part2a21_soft_caution_overlay,artifacts_part2_g532/predictions/g532_final_consensus_tape.csv
2022-07-26,0,0.2288139712593383,0.6062732153895775,0.497115,0.480191,0.75,0.579965,0.494569,0.0,0.75,1.0,0.771527,0.578645,0.235084,0.515374,0,weak_score,FLAT,0.0,0.0,0.0,0.0,0,0.113025,0.678102,0.195057,0.546707,part2a21_soft_caution_overlay,artifacts_part2_g532/predictions/g532_final_consensus_tape.csv
2022-07-27,0,0.2233511389497896,0.550521854595493,-0.889753,-0.037274,0.5,0.573307,0.494189,0.0,0.75,1.0,0.790553,0.592915,0.252083,0.497926,0,weak_score,FLAT,0.0,0.0,0.0,0.0,0,0.112584,0.700025,0.169125,0.497955,part2a21_soft_caution_overlay,artifacts_part2_g532/predictions/g532_final_consensus_tape.csv
2022-07-28,0,0.2296092443860606,0.6096467109704325,-0.012745,-0.135128,0.5,0.576795,0.494388,0.0,0.75,1.0,0.780585,0.585438,0.25212,0.497889,0,weak_score,FLAT,0.0,0.0,0.0,0.0,0,0.117346,0.691065,0.179903,0.518218,part2a21_soft_caution_overlay,artifacts_part2_g532/predictions/g532_final_consensus_tape.csv
2022-07-29,0,0.2241768850173411,0.5580009622467074,-0.231912,-0.378137,0.5,0.575309,0.494303,0.0,0.75,1.0,0.784832,0.588624,0.250801,0.4992,0,weak_score,FLAT,0.0,0.0,0.0,0.0,0,0.112283,0.693339,0.177192,0.51312,part2a21_soft_caution_overlay,artifacts_part2_g532/predictions/g532_final_consensus_tape.csv
2022-08-01,0,0.2261213085268386,0.5759083500967955,0.281788,0.012377,0.75,0.573728,0.494213,0.0,0.75,1.0,0.789349,0.592012,0.255157,0.494896,0,weak_score,FLAT,0.0,0.0,0.0,0.0,0,0.110353,0.697519,0.172165,0.50367,part2a21_soft_caution_overlay,artifacts_part2_g532/predictions/g532_final_consensus_tape.csv
2022-08-02,0,0.218530857590963,0.487308976864189,0.514771,0.188216,0.75,0.575,0.494286,0.0,0.75,1.0,0.785715,0.589287,0.207273,0.546719,0,weak_score,FLAT,0.0,0.0,0.0,0.0,0,0.113482,0.694975,0.175231,0.509435,part2a21_soft_caution_overlay,artifacts_part2_g532/predictions/g532_final_consensus_tape.csv
2022-08-03,0,0.2194971898807029,0.49534793266372,-0.115262,0.227099,0.5,0.583804,0.494789,0.0,0.75,0.6,0.760561,0.342252,0.211283,0.541967,0,weak_score,FLAT,0.0,0.0,0.0,0.0,0,0.123699,0.670655,0.203546,0.562666,part2a21_soft_caution_overlay,artifacts_part2_g532/predictions/g532_final_consensus_tape.csv
2022-08-04,0,0.2174702078406237,0.4578231439263902,0.532032,0.310513,0.5,0.584452,0.494826,0.0,0.75,0.6,0.758708,0.341419,0.21455,0.538155,0,weak_score,FLAT,0.0,0.0,0.0,0.0,0,0.123974,0.668542,0.205927,0.567144,part2a21_soft_caution_overlay,artifacts_part2_g532/predictions/g532_final_consensus_tape.csv
2022-08-05,0,0.2167617977271427,0.4824789722074454,0.957644,0.458138,0.75,0.574882,0.494279,0.0,0.75,1.0,0.786052,0.589539,0.180274,0.581025,0,weak_score,FLAT,0.0,0.0,0.0,0.0,0,0.11488,0.69608,0.173901,0.506935,part2a21_soft_caution_overlay,artifacts_part2_g532/predictions/g532_final_consensus_tape.csv
2022-08-08,0,0.2221292693441655,0.5338303776512318,0.775429,0.755035,0.75,0.570688,0.494039,0.095551,0.75,1.0,0.798033,0.598525,0.189673,0.568604,1,ok,VOO,0.004878,0.004878,0.004878,0.0,0,0.099882,0.702016,0.166694,0.493385,part2a21_soft_caution_overlay,artifacts_part2_g532/predictions/g532_final_consensus_tape.csv
2022-08-09,0,0.2161802160337974,0.4764547920175991,0.777397,0.836823,0.75,0.572298,0.494131,0.137223,0.75,1.0,0.793436,0.595077,0.169844,0.595459,1,ok,VOO,0.004878,0.004878,0.004878,0.0,0,0.104369,0.699103,0.170245,0.500061,part2a21_soft_caution_overlay,artifacts_part2_g532/predictions/g532_final_consensus_tape.csv
2022-08-10,0,0.2037321025510417,0.4558130420227107,0.029371,0.527399,0.5,0.588349,0.495049,0.0,0.75,1.0,0.747574,0.56068,0.159036,0.611193,0,weak_score,VOO,0.004878,0.004878,0.004878,0.0,0,0.183429,0.808332,0.184412,0.526695,part2a21_soft_caution_overlay,artifacts_part2_g532/predictions/g532_final_consensus_tape.csv
2022-08-11,0,0.1928042274145919,0.3466216402720628,0.922301,0.576356,0.75,0.586063,0.494918,0.0,0.75,1.0,0.754106,0.56558,0.158967,0.611296,0,weak_score,VOO,0.004878,0.004878,0.004878,0.0,0,0.173191,0.810579,0.18176,0.521708,part2a21_soft_caution_overlay,artifacts_part2_g532/predictions/g532_final_consensus_tape.csv
2022-08-12,0,0.1885990529854582,0.3236842028751505,0.334918,0.428863,0.5,0.584638,0.494836,0.0,0.75,1.0,0.758178,0.568633,0.1572,0.613949,0,weak_score,VOO,0.004878,0.004878,0.004878,0.0,0,0.169511,0.813378,0.178433,0.515455,part2a21_soft_caution_overlay,artifacts_part2_g532/predictions/g532_final_consensus_tape.csv
2022-08-15,0,0.1897052225752013,0.3373734354290301,0.608223,0.621814,0.5,0.57866,0.494495,0.02246,0.75,1.0,0.775256,0.581442,0.139886,0.641213,1,ok,VOO,0.001256,0.001256,0.001256,0.0,0,0.155537,0.825638,0.16357,0.487511,part2a21_soft_caution_overlay,artifacts_part2_g532/predictions/g532_final_consensus_tape.csv
2022-08-16,0,0.1972140382045717,0.3976767794155375,0.800819,0.58132,0.75,0.586547,0.494946,0.0,0.75,1.0,0.752722,0.564541,0.140308,0.64052,0,weak_score,VOO,0.001256,0.001256,0.001256,0.0,0,0.176127,0.810504,0.181848,0.521873,part2a21_soft_caution_overlay,artifacts_part2_g532/predictions/g532_final_consensus_tape.csv
2022-08-17,0,0.2114325015342547,0.5129349469952975,0.881551,0.763531,0.75,0.574412,0.494252,0.098214,0.75,1.0,0.787396,0.590547,0.138455,0.643576,1,ok,VOO,0.001256,0.001256,0.001256,0.0,0,0.125451,0.744071,0.165498,0.491136,part2a21_soft_caution_overlay,artifacts_part2_g532/predictions/g532_final_consensus_tape.csv
2022-08-18,0,0.2073529894164238,0.4884249215325317,0.478262,0.72021,0.5,0.573982,0.494228,0.075923,0.75,1.0,0.788624,0.591468,0.128243,0.660951,1,ok,VOO,0.001256,0.001256,0.001256,0.0,0,0.124204,0.744818,0.164579,0.489409,part2a21_soft_caution_overlay,artifacts_part2_g532/predictions/g532_final_consensus_tape.csv
2022-08-19,0,0.2060011616451844,0.4743085980408886,0.963015,0.774276,0.75,0.580571,0.494604,0.100918,0.75,1.0,0.769798,0.577349,0.129981,0.657928,1,ok,VOO,0.001256,0.001256,0.001256,0.0,0,0.156185,0.819819,0.170687,0.500891,part2a21_soft_caution_overlay,artifacts_part2_g532/predictions/g532_final_consensus_tape.csv
2022-08-22,0,0.2345275296556276,0.6661392545031826,0.965053,0.80211,0.75,0.600788,0.495759,0.106003,0.65,0.6,0.712033,0.277693,0.158528,0.611952,0,high_risk_veto,FLAT,0.0,0.0,0.0,0.0,1,0.164936,0.694603,0.268793,0.598341,part2a21_soft_caution_overlay,artifacts_part2_g532/predictions/g532_final_consensus_tape.csv
2022-08-23,0,0.2451518295795962,0.7268656577873195,0.341774,0.756614,0.75,0.589021,0.495087,0.0877,0.65,0.25,0.745655,0.121169,0.158027,0.612705,0,high_risk_veto,FLAT,0.0,0.0,0.0,0.0,0,0.152478,0.709344,0.206239,0.56773,part2a21_soft_caution_overlay,artifacts_part2_g532/predictions/g532_final_consensus_tape.csv
2022-08-24,0,0.2267636095560384,0.6053297085190248,0.329788,0.545539,0.5,0.585811,0.494904,0.0,0.65,0.6,0.754825,0.294382,0.126368,0.664243,0,high_risk_veto,FLAT,0.0,0.0,0.0,0.0,0,0.147022,0.717497,0.196991,0.550343,part2a21_soft_caution_overlay,artifacts_part2_g532/predictions/g532_final_consensus_tape.csv
2022-08-25,0,0.2337954484886741,0.6248918535323801,0.020994,0.230852,0.5,0.582363,0.494706,0.0,0.65,0.6,0.764678,0.298224,0.128363,0.660741,0,high_risk_veto,FLAT,0.0,0.0,0.0,0.0,0,0.139453,0.725176,0.18811,0.533648,part2a21_soft_caution_overlay,artifacts_part2_g532/predictions/g532_final_consensus_tape.csv
2022-08-26,0,0.2149582658110925,0.5145922509594658,1.357481,0.569421,0.75,0.60404,0.495945,0.0,0.65,0.6,0.702744,0.27407,0.20038,0.555087,0,high_risk_veto,FLAT,0.0,0.0,0.0,0.0,1,0.160004,0.689795,0.296091,0.608111,part2a21_soft_caution_overlay,artifacts_part2_g532/predictions/g532_final_consensus_tape.csv
2022-08-29,0,0.2560774017852084,0.7474963104189758,0.456268,0.611581,0.75,0.614467,0.496541,0.0,0.65,0.6,0.67295,0.262451,0.199306,0.556414,0,high_risk_veto,FLAT,0.0,0.0,0.0,0.0,1,0.237098,0.771842,0.284465,0.603965,part2a21_soft_caution_overlay,artifacts_part2_g532/predictions/g532_final_consensus_tape.csv
2022-08-30,0,0.2099649278822042,0.4768285001897004,0.391966,0.735238,0.75,0.604782,0.495988,0.068834,0.65,0.6,0.700623,0.273243,0.198081,0.557935,0,high_risk_veto,FLAT,0.0,0.0,0.0,0.0,0,0.210366,0.778379,0.24741,0.590596,part2a21_soft_caution_overlay,artifacts_part2_g532/predictions/g532_final_consensus_tape.csv
2022-08-31,0,0.219150148527254,0.5368597331172026,0.263661,0.370632,0.75,0.603505,0.495915,0.0,0.65,0.6,0.704271,0.274666,0.196296,0.560166,0,high_risk_veto,FLAT,0.0,0.0,0.0,0.0,1,0.167043,0.691756,0.284949,0.604138,part2a21_soft_caution_overlay,artifacts_part2_g532/predictions/g532_final_consensus_tape.csv
2022-09-01,0,0.2341380505729942,0.6501151879979604,0.143094,0.26624,0.75,0.61278,0.496445,0.0,0.65,0.6,0.67777,0.26433,0.211484,0.54173,0,high_risk_veto,FLAT,0.0,0.0,0.0,0.0,1,0.236768,0.773793,0.273387,0.599994,part2a21_soft_caution_overlay,artifacts_part2_g532/predictions/g532_final_consensus_tape.csv
2022-09-02,0,0.221303537801466,0.5337725631969229,0.458031,0.288262,0.75,0.596689,0.495525,0.0,0.65,0.6,0.723745,0.282261,0.219389,0.532608,0,high_risk_veto,FLAT,0.0,0.0,0.0,0.0,0,0.153178,0.697287,0.253589,0.592842,part2a21_soft_caution_overlay,artifacts_part2_g532/predictions/g532_final_consensus_tape.csv
2022-09-05,0,0.2197739131345034,0.5446730461833308,0.06945,0.223525,0.75,0.592025,0.495259,0.0,0.65,0.6,0.737072,0.287458,0.211363,0.541872,0,high_risk_veto,FLAT,0.0,0.0,0.0,0.0,0,0.15274,0.702777,0.22256,0.581493,part2a21_soft_caution_overlay,artifacts_part2_g532/predictions/g532_final_consensus_tape.csv
2022-09-06,0,0.2379065930298945,0.6522762624048933,0.32512,0.2842,0.75,0.594002,0.495372,0.0,0.65,0.6,0.731422,0.285254,0.218964,0.53309,0,high_risk_veto,FLAT,0.0,0.0,0.0,0.0,0,0.158044,0.701412,0.230266,0.584328,part2a21_soft_caution_overlay,artifacts_part2_g532/predictions/g532_final_consensus_tape.csv
2022-09-07,0,0.2107399432400085,0.6740503408172746,-0.237081,0.052496,0.5,0.576304,0.49436,0.0,0.65,0.6,0.781988,0.304975,0.226166,0.525027,0,high_risk_veto,FLAT,0.0,0.0,0.0,0.0,0,0.082182,0.606035,0.199766,0.55556,part2a21_soft_caution_overlay,artifacts_part2_g532/predictions/g532_final_consensus_tape.csv
2022-09-08,0,0.2176079634292109,0.6337288039940298,0.278715,0.122251,0.5,0.573545,0.494203,0.0,0.65,0.6,0.789871,0.30805,0.229254,0.521644,0,high_risk_veto,FLAT,0.0,0.0,0.0,0.0,0,0.079992,0.614295,0.190265,0.537699,part2a21_soft_caution_overlay,artifacts_part2_g532/predictions/g532_final_consensus_tape.csv
2022-09-09,0,0.2214451179024062,0.6124077584865719,-0.030242,0.003797,0.5,0.572135,0.494122,0.0,0.65,0.6,0.793901,0.309621,0.165298,0.601978,0,high_risk_veto,FLAT,0.0,0.0,0.0,0.0,0,0.082368,0.620292,0.183242,0.524496,part2a21_soft_caution_overlay,artifacts_part2_g532/predictions/g532_final_consensus_tape.csv
2022-09-12,0,0.2075453705462003,0.7128750102492777,0.30468,0.184384,0.5,0.572911,0.494166,0.0,0.65,0.6,0.791683,0.308756,0.172589,0.591591,0,high_risk_veto,FLAT,0.0,0.0,0.0,0.0,0,0.085944,0.619581,0.184081,0.526072,part2a21_soft_caution_overlay,artifacts_part2_g532/predictions/g532_final_consensus_tape.csv
2022-09-13,0,0.2031031549393886,0.728694816551115,1.742075,0.672171,0.75,0.591719,0.495241,0.042159,0.65,0.6,0.737944,0.287798,0.270086,0.48069,0,high_risk_veto,FLAT,0.0,0.0,0.0,0.0,0,0.125021,0.668894,0.249973,0.591529,part2a21_soft_caution_overlay,artifacts_part2_g532/predictions/g532_final_consensus_tape.csv
2022-09-14,0,0.2208413398317851,0.6694024751425864,0.060746,0.7025,0.5,0.587674,0.49501,0.060045,0.65,0.6,0.749502,0.292306,0.268912,0.481778,0,high_risk_veto,FLAT,0.0,0.0,0.0,0.0,0,0.140969,0.678676,0.208074,0.571179,part2a21_soft_caution_overlay,artifacts_part2_g532/predictions/g532_final_consensus_tape.csv
2022-09-15,0,0.2129221271851561,0.7010812166626917,0.651105,0.817975,0.75,0.578862,0.494506,0.124464,0.65,0.6,0.774681,0.302126,0.267196,0.483376,0,high_risk_veto,FLAT,0.0,0.0,0.0,0.0,0,0.086179,0.599319,0.207353,0.569824,part2a21_soft_caution_overlay,artifacts_part2_g532/predictions/g532_final_consensus_tape.csv
2022-09-16,0,0.2131649201211017,0.7184734274539429,0.382396,0.364749,0.75,0.580217,0.494584,0.0,0.65,0.6,0.770808,0.300615,0.257198,0.492904,0,high_risk_veto,FLAT,0.0,0.0,0.0,0.0,0,0.086025,0.595299,0.213798,0.578255,part2a21_soft_caution_overlay,artifacts_part2_g532/predictions/g532_final_consensus_tape.csv
2022-09-19,0,0.2067597711982037,0.7527801506999791,0.096699,0.376733,0.5,0.57596,0.494341,0.0,0.65,0.6,0.782973,0.305359,0.261894,0.488382,0,high_risk_veto,FLAT,0.0,0.0,0.0,0.0,0,0.082926,0.607628,0.197949,0.552144,part2a21_soft_caution_overlay,artifacts_part2_g532/predictions/g532_final_consensus_tape.csv
2022-09-20,0,0.2003514784757187,0.7834932196661244,0.460001,0.313032,0.75,0.582903,0.494737,0.0,0.65,0.6,0.763135,0.297623,0.261342,0.488909,0,high_risk_veto,FLAT,0.0,0.0,0.0,0.0,0,0.123066,0.685484,0.200393,0.55674,part2a21_soft_caution_overlay,artifacts_part2_g532/predictions/g532_final_consensus_tape.csv
2022-09-21,0,0.2096357827801992,0.7482447365327323,0.663982,0.406894,0.75,0.576653,0.49438,0.0,0.65,0.6,0.780991,0.304587,0.274824,0.47635,0,high_risk_veto,FLAT,0.0,0.0,0.0,0.0,0,0.084693,0.606196,0.199583,0.555215,part2a21_soft_caution_overlay,artifacts_part2_g532/predictions/g532_final_consensus_tape.csv
2022-09-22,0,0.2302439370644667,0.6464954443293294,0.461238,0.528407,0.75,0.578458,0.494483,0.0,0.65,0.6,0.775834,0.302575,0.270639,0.480179,0,high_risk_veto,FLAT,0.0,0.0,0.0,0.0,0,0.088782,0.602166,0.204151,0.563804,part2a21_soft_caution_overlay,artifacts_part2_g532/predictions/g532_final_consensus_tape.csv
2022-09-23,0,0.2049608216806868,0.7849832008073512,0.390071,0.505097,0.75,0.615946,0.496625,0.0,0.65,0.6,0.668727,0.260803,0.25798,0.492146,0,high_risk_veto,FLAT,0.0,0.0,0.0,0.0,1,0.156984,0.645996,0.380371,0.637503,part2a21_soft_caution_overlay,artifacts_part2_g532/predictions/g532_final_consensus_tape.csv
2022-09-26,0,0.2504556000122948,0.5409057607751987,0.149124,0.333478,0.75,0.640524,0.49803,0.0,0.65,0.6,0.598502,0.233416,0.245942,0.504091,0,high_risk_veto,FLAT,0.0,0.0,0.0,0.0,1,0.189586,0.623513,0.531956,0.65,part2a21_soft_caution_overlay,artifacts_part2_g532/predictions/g532_final_consensus_tape.csv
2022-09-27,0,0.2316205202777871,0.6332874746653115,0.135106,0.224767,0.5,0.619634,0.496836,0.0,0.65,0.6,0.658189,0.256694,0.175566,0.587452,0,high_risk_veto,FLAT,0.0,0.0,0.0,0.0,1,0.168687,0.643797,0.392976,0.641804,part2a21_soft_caution_overlay,artifacts_part2_g532/predictions/g532_final_consensus_tape.csv
2022-09-28,0,0.2237109496392771,0.6411513143360144,-0.421624,-0.045798,0.5,0.594104,0.495377,0.0,0.65,0.6,0.731132,0.285141,0.172169,0.59218,0,high_risk_veto,FLAT,0.0,0.0,0.0,0.0,1,0.098386,0.581039,0.294525,0.607554,part2a21_soft_caution_overlay,artifacts_part2_g532/predictions/g532_final_consensus_tape.csv
2022-09-29,0,0.2212725449449546,0.6999711503829636,0.758585,0.157355,0.75,0.608625,0.496207,0.0,0.65,0.6,0.689642,0.26896,0.183143,0.577177,0,high_risk_veto,FLAT,0.0,0.0,0.0,0.0,1,0.154004,0.654165,0.333671,0.621356,part2a21_soft_caution_overlay,artifacts_part2_g532/predictions/g532_final_consensus_tape.csv
2022-09-30,0,0.2193804114835749,0.6978954347125668,0.434768,0.257243,0.75,0.593423,0.495338,0.0,0.65,0.6,0.733078,0.285901,0.186866,0.572258,0,high_risk_veto,FLAT,0.0,0.0,0.0,0.0,1,0.092422,0.580731,0.296275,0.608176,part2a21_soft_caution_overlay,artifacts_part2_g532/predictions/g532_final_consensus_tape.csv
2022-10-03,0,0.2074957051652313,0.7757330866092738,-0.715155,0.159399,0.5,0.594602,0.495406,0.0,0.65,0.6,0.729709,0.284587,0.196372,0.560071,0,high_risk_veto,FLAT,0.0,0.0,0.0,0.0,1,0.092496,0.579338,0.304199,0.610988,part2a21_soft_caution_overlay,artifacts_part2_g532/predictions/g532_final_consensus_tape.csv
2022-10-04,0,0.2050054154735922,0.7729186739541403,-0.594003,-0.291463,0.5,0.586846,0.494963,0.0,0.65,0.6,0.751869,0.293229,0.254482,0.495557,0,high_risk_veto,FLAT,0.0,0.0,0.0,0.0,0,0.130623,0.675849,0.211227,0.577106,part2a21_soft_caution_overlay,artifacts_part2_g532/predictions/g532_final_consensus_tape.csv
2022-10-05,0,0.2155675921766973,0.6768189617386241,0.334694,-0.324821,0.75,0.582618,0.494721,0.0,0.65,0.6,0.763947,0.297939,0.229655,0.521208,0,high_risk_veto,FLAT,0.0,0.0,0.0,0.0,0,0.123641,0.674822,0.198918,0.553966,part2a21_soft_caution_overlay,artifacts_part2_g532/predictions/g532_final_consensus_tape.csv
2022-10-06,0,0.2347806101089762,0.7273514296674005,0.603582,0.114758,0.75,0.581122,0.494636,0.0,0.65,0.6,0.768223,0.299607,0.230168,0.520651,0,high_risk_veto,FLAT,0.0,0.0,0.0,0.0,0,0.122735,0.679466,0.19359,0.543949,part2a21_soft_caution_overlay,artifacts_part2_g532/predictions/g532_final_consensus_tape.csv
2022-10-07,0,0.2427946862878646,0.7408831853289196,1.249435,0.729237,0.75,0.583293,0.49476,0.076143,0.65,0.6,0.762021,0.297188,0.244013,0.50606,0,high_risk_veto,FLAT,0.0,0.0,0.0,0.0,0,0.124083,0.672731,0.201297,0.558439,part2a21_soft_caution_overlay,artifacts_part2_g532/predictions/g532_final_consensus_tape.csv
2022-10-10,0,0.2385741953345179,0.7483512074843303,0.338402,0.730473,0.75,0.584211,0.494812,0.076345,0.65,0.6,0.759396,0.296165,0.240911,0.509257,0,high_risk_veto,FLAT,0.0,0.0,0.0,0.0,0,0.125666,0.670404,0.203931,0.563391,part2a21_soft_caution_overlay,artifacts_part2_g532/predictions/g532_final_consensus_tape.csv
2022-10-11,0,0.2456593399131152,0.7585741620670352,0.355049,0.647629,0.75,0.58506,0.494861,0.032674,0.65,0.6,0.756971,0.295219,0.242553,0.507559,0,high_risk_veto,FLAT,0.0,0.0,0.0,0.0,0,0.126561,0.667929,0.206717,0.568628,part2a21_soft_caution_overlay,artifacts_part2_g532/predictions/g532_final_consensus_tape.csv
2022-10-12,0,0.2293385545570145,0.7252912994351116,-0.011789,0.227221,0.75,0.583548,0.494774,0.0,0.65,0.6,0.761292,0.296904,0.243484,0.506602,0,high_risk_veto,FLAT,0.0,0.0,0.0,0.0,0,0.121607,0.670489,0.203835,0.563211,part2a21_soft_caution_overlay,artifacts_part2_g532/predictions/g532_final_consensus_tape.csv
2022-10-13,0,0.2512756935067271,0.7653800795471377,-0.646785,-0.101175,0.5,0.58269,0.494725,0.0,0.65,0.6,0.763744,0.29786,0.278383,0.473141,0,high_risk_veto,FLAT,0.0,0.0,0.0,0.0,0,0.123868,0.6747,0.199057,0.554228,part2a21_soft_caution_overlay,artifacts_part2_g532/predictions/g532_final_consensus_tape.csv
2022-10-14,0,0.2523493437399692,0.7651311586366658,0.715752,0.019059,0.75,0.582912,0.494738,0.0,0.65,0.6,0.763108,0.297612,0.28578,0.466609,0,high_risk_veto,FLAT,0.0,0.0,0.0,0.0,0,0.123193,0.673563,0.200352,0.556661,part2a21_soft_caution_overlay,artifacts_part2_g532/predictions/g532_final_consensus_tape.csv
2022-10-17,0,0.2545409500641361,0.7648799511488864,-0.77586,-0.235631,0.5,0.582135,0.494693,0.0,0.65,0.6,0.765329,0.298478,0.301525,0.453289,0,high_risk_veto,FLAT,0.0,0.0,0.0,0.0,0,0.123931,0.676643,0.196836,0.550051,part2a21_soft_caution_overlay,artifacts_part2_g532/predictions/g532_final_consensus_tape.csv
2022-10-18,0,0.2318969782181487,0.7140689243831478,-0.066546,-0.042218,0.5,0.582672,0.494724,0.0,0.65,0.6,0.763795,0.29788,0.270909,0.47993,0,high_risk_veto,FLAT,0.0,0.0,0.0,0.0,0,0.124408,0.675055,0.198652,0.553466,part2a21_soft_caution_overlay,artifacts_part2_g532/predictions/g532_final_consensus_tape.csv
2022-10-19,0,0.235860861653983,0.721478378223018,0.254256,-0.19605,0.75,0.583301,0.49476,0.0,0.75,0.6,0.761998,0.342899,0.268689,0.481984,0,weak_score,FLAT,0.0,0.0,0.0,0.0,0,0.125906,0.673698,0.200199,0.556374,part2a21_soft_caution_overlay,artifacts_part2_g532/predictions/g532_final_consensus_tape.csv
2022-10-20,0,0.2434964916851829,0.7040310427969555,0.324216,0.170642,0.75,0.581558,0.49466,0.0,0.75,1.0,0.766978,0.575234,0.267102,0.483463,0,weak_score,FLAT,0.0,0.0,0.0,0.0,0,0.123078,0.678162,0.195092,0.546773,part2a21_soft_caution_overlay,artifacts_part2_g532/predictions/g532_final_consensus_tape.csv
2022-10-21,0,0.2503264015202515,0.7100695765461129,-0.402716,0.058585,0.5,0.581023,0.49463,0.0,0.75,1.0,0.768506,0.576379,0.246922,0.503097,0,weak_score,FLAT,0.0,0.0,0.0,0.0,0,0.12083,0.67878,0.194381,0.545436,part2a21_soft_caution_overlay,artifacts_part2_g532/predictions/g532_final_consensus_tape.csv
2022-10-24,0,0.2525676888911373,0.720177390598186,-0.050964,-0.043155,0.5,0.582065,0.494689,0.0,0.75,0.6,0.765527,0.344487,0.246615,0.503408,0,weak_score,FLAT,0.0,0.0,0.0,0.0,0,0.12321,0.676492,0.197008,0.550376,part2a21_soft_caution_overlay,artifacts_part2_g532/predictions/g532_final_consensus_tape.csv
2022-10-25,0,0.2383455520085075,0.6951377697485487,-0.239584,-0.231088,0.5,0.583553,0.494774,0.0,0.75,0.6,0.761278,0.342575,0.231253,0.519477,0,weak_score,FLAT,0.0,0.0,0.0,0.0,0,0.125673,0.672697,0.201335,0.55851,part2a21_soft_caution_overlay,artifacts_part2_g532/predictions/g532_final_consensus_tape.csv
2022-10-26,0,0.2360892843161735,0.6895743963908773,0.774952,0.161468,0.75,0.584489,0.494828,0.0,0.75,0.6,0.758603,0.341371,0.243891,0.506184,0,weak_score,FLAT,0.0,0.0,0.0,0.0,0,0.123422,0.668198,0.206415,0.56806,part2a21_soft_caution_overlay,artifacts_part2_g532/predictions/g532_final_consensus_tape.csv
2022-10-27,0,0.2341963834365627,0.6943161118089011,0.550048,0.361805,0.75,0.584532,0.49483,0.0,0.75,0.6,0.75848,0.341316,0.226465,0.524698,0,weak_score,FLAT,0.0,0.0,0.0,0.0,0,0.126359,0.669666,0.204763,0.564955,part2a21_soft_caution_overlay,artifacts_part2_g532/predictions/g532_final_consensus_tape.csv
2022-10-28,0,0.2344245520924817,0.6909909918672518,-0.515772,0.269743,0.5,0.583073,0.494747,0.0,0.75,0.6,0.762647,0.343191,0.226515,0.524642,0,weak_score,FLAT,0.0,0.0,0.0,0.0,0,0.125082,0.674034,0.199815,0.555653,part2a21_soft_caution_overlay,artifacts_part2_g532/predictions/g532_final_consensus_tape.csv
2022-10-31,0,0.2125136317222672,0.6399721245668827,0.433322,0.155866,0.75,0.593249,0.495329,0.0,0.75,0.6,0.733575,0.330109,0.211715,0.54146,0,weak_score,FLAT,0.0,0.0,0.0,0.0,0,0.129641,0.65598,0.255392,0.593497,part2a21_soft_caution_overlay,artifacts_part2_g532/predictions/g532_final_consensus_tape.csv
2022-11-01,0,0.2343742466868421,0.6959645741474145,0.470415,0.129322,0.75,0.585244,0.494871,0.0,0.75,0.6,0.756447,0.340401,0.214876,0.537777,0,weak_score,FLAT,0.0,0.0,0.0,0.0,0,0.127498,0.667803,0.206858,0.568893,part2a21_soft_caution_overlay,artifacts_part2_g532/predictions/g532_final_consensus_tape.csv
2022-11-02,0,0.1991654935658683,0.3137686670129927,0.903429,0.602389,0.75,0.582767,0.49473,0.010234,0.75,0.6,0.763523,0.343585,0.256848,0.493244,1,ok,FLAT,0.0,0.0,0.0,0.0,0,0.111888,0.65486,0.206787,0.568759,part2a21_soft_caution_overlay,artifacts_part2_g532/predictions/g532_final_consensus_tape.csv
2022-11-03,0,0.2031804685646713,0.3532734312484866,0.401005,0.591616,0.75,0.580619,0.494607,0.005729,0.75,0.6,0.769659,0.346346,0.259486,0.49069,1,ok,FLAT,0.0,0.0,0.0,0.0,0,0.11365,0.66328,0.197244,0.550818,part2a21_soft_caution_overlay,artifacts_part2_g532/predictions/g532_final_consensus_tape.csv
2022-11-04,0,0.2043575343100682,0.3667122715616541,-0.418691,0.295248,0.5,0.576745,0.494385,0.0,0.75,1.0,0.780729,0.585547,0.249527,0.500474,0,weak_score,FLAT,0.0,0.0,0.0,0.0,0,0.106893,0.672827,0.186184,0.530025,part2a21_soft_caution_overlay,artifacts_part2_g532/predictions/g532_final_consensus_tape.csv
2022-11-07,0,0.2021862536342169,0.3402143094062571,-0.231733,-0.08314,0.5,0.578583,0.49449,0.0,0.75,1.0,0.775479,0.581609,0.249072,0.50093,0,weak_score,FLAT,0.0,0.0,0.0,0.0,0,0.106449,0.666372,0.193691,0.544139,part2a21_soft_caution_overlay,artifacts_part2_g532/predictions/g532_final_consensus_tape.csv
2022-11-08,0,0.1982920761434236,0.3031051226024943,-0.20346,-0.284628,0.5,0.577938,0.494454,0.0,0.75,1.0,0.777321,0.58299,0.248237,0.501769,0,weak_score,FLAT,0.0,0.0,0.0,0.0,0,0.106312,0.668492,0.191238,0.539527,part2a21_soft_caution_overlay,artifacts_part2_g532/predictions/g532_final_consensus_tape.csv
2022-11-09,0,0.2039075608631931,0.3317073239566564,0.420839,-0.004785,0.75,0.579249,0.494529,0.0,0.75,1.0,0.773575,0.580181,0.269636,0.481106,0,weak_score,FLAT,0.0,0.0,0.0,0.0,0,0.108713,0.665314,0.194909,0.54643,part2a21_soft_caution_overlay,artifacts_part2_g532/predictions/g532_final_consensus_tape.csv
2022-11-10,0,0.2003469030562493,0.3425289460798757,-1.321118,-0.367913,0.5,0.584877,0.49485,0.0,0.75,0.6,0.757495,0.340873,0.306799,0.448995,0,weak_score,FLAT,0.0,0.0,0.0,0.0,0,0.121268,0.652636,0.209276,0.573439,part2a21_soft_caution_overlay,artifacts_part2_g532/predictions/g532_final_consensus_tape.csv
2022-11-11,0,0.1958746157954711,0.2773542532247215,-0.07978,-0.326686,0.5,0.574493,0.494257,0.0,0.75,1.0,0.787163,0.590372,0.278123,0.473374,0,weak_score,FLAT,0.0,0.0,0.0,0.0,0,0.105706,0.679698,0.178057,0.514747,part2a21_soft_caution_overlay,artifacts_part2_g532/predictions/g532_final_consensus_tape.csv
2022-11-14,0,0.1968366208318628,0.2846189929048149,0.523733,-0.292388,0.75,0.57892,0.49451,0.0,0.75,1.0,0.774514,0.580885,0.279774,0.4719,0,weak_score,FLAT,0.0,0.0,0.0,0.0,0,0.109862,0.667053,0.192904,0.54266,part2a21_soft_caution_overlay,artifacts_part2_g532/predictions/g532_final_consensus_tape.csv
2022-11-15,0,0.1997790463922293,0.3212818507993651,0.073491,0.172482,0.5,0.581679,0.494667,0.0,0.75,0.6,0.766631,0.344984,0.278614,0.472935,0,weak_score,FLAT,0.0,0.0,0.0,0.0,0,0.117245,0.66158,0.199185,0.554469,part2a21_soft_caution_overlay,artifacts_part2_g532/predictions/g532_final_consensus_tape.csv
2022-11-16,0,0.200388694950109,0.3054246301386245,0.535302,0.377509,0.75,0.591966,0.495255,0.0,0.75,0.6,0.737241,0.331759,0.258295,0.491841,0,weak_score,FLAT,0.0,0.0,0.0,0.0,0,0.120348,0.642757,0.256612,0.593939,part2a21_soft_caution_overlay,artifacts_part2_g532/predictions/g532_final_consensus_tape.csv
2022-11-17,0,0.2107405868549831,0.415801021805037,0.223118,0.277304,0.75,0.576445,0.494368,0.0,0.75,0.6,0.781585,0.351713,0.253998,0.496034,0,weak_score,FLAT,0.0,0.0,0.0,0.0,0,0.07168,0.574821,0.20683,0.568841,part2a21_soft_caution_overlay,artifacts_part2_g532/predictions/g532_final_consensus_tape.csv
2022-11-18,0,0.2081682760077627,0.3862553322966247,0.215363,0.324595,0.75,0.5719,0.494109,0.0,0.75,1.0,0.794571,0.595928,0.24457,0.50549,0,weak_score,FLAT,0.0,0.0,0.0,0.0,0,0.069369,0.589235,0.190376,0.537906,part2a21_soft_caution_overlay,artifacts_part2_g532/predictions/g532_final_consensus_tape.csv
2022-11-21,0,0.1941183988809598,0.2921178137864058,0.424239,0.287573,0.75,0.58011,0.494578,0.0,0.75,0.6,0.771114,0.347001,0.237821,0.512484,0,weak_score,FLAT,0.0,0.0,0.0,0.0,0,0.109055,0.662543,0.198087,0.552403,part2a21_soft_caution_overlay,artifacts_part2_g532/predictions/g532_final_consensus_tape.csv
2022-11-22,0,0.1954584488025314,0.29911318873185,-0.19483,0.148257,0.5,0.577792,0.494445,0.0,0.75,1.0,0.777737,0.583303,0.239924,0.510283,0,weak_score,FLAT,0.0,0.0,0.0,0.0,0,0.110648,0.671294,0.187977,0.533397,part2a21_soft_caution_overlay,artifacts_part2_g532/predictions/g532_final_consensus_tape.csv
2022-11-23,0,0.195171248560554,0.2931581613984779,-0.041892,0.062506,0.5,0.575217,0.494298,0.0,0.75,1.0,0.785094,0.588821,0.193691,0.563456,0,weak_score,FLAT,0.0,0.0,0.0,0.0,0,0.106624,0.677782,0.180338,0.519035,part2a21_soft_caution_overlay,artifacts_part2_g532/predictions/g532_final_consensus_tape.csv
2022-11-24,0,0.1963220804055423,0.2743271010397243,0.229142,-0.002527,0.75,0.574499,0.494257,0.0,0.75,1.0,0.787146,0.59036,0.12145,0.673037,0,weak_score,FLAT,0.0,0.0,0.0,0.0,0,0.106726,0.680208,0.177448,0.513602,part2a21_soft_caution_overlay,artifacts_part2_g532/predictions/g532_final_consensus_tape.csv
2022-11-25,0,0.1969120105373332,0.2738044988748468,0.324129,0.170459,0.75,0.573327,0.49419,0.0,0.75,1.0,0.790494,0.592871,0.105842,0.702559,0,weak_score,FLAT,0.0,0.0,0.0,0.0,0,0.107547,0.684468,0.172327,0.503975,part2a21_soft_caution_overlay,artifacts_part2_g532/predictions/g532_final_consensus_tape.csv
2022-11-28,0,0.2019254928705485,0.308093395404632,0.39543,0.316234,0.75,0.578763,0.494501,0.0,0.75,1.0,0.774963,0.581222,0.131693,0.654976,0,weak_score,FLAT,0.0,0.0,0.0,0.0,0,0.109868,0.667591,0.192282,0.54149,part2a21_soft_caution_overlay,artifacts_part2_g532/predictions/g532_final_consensus_tape.csv
2022-11-29,0,0.2078979666916998,0.3645958039710127,0.292578,0.337379,0.75,0.573329,0.49419,0.0,0.75,1.0,0.79049,0.592867,0.132684,0.65328,0,weak_score,FLAT,0.0,0.0,0.0,0.0,0,0.070698,0.585084,0.195174,0.546927,part2a21_soft_caution_overlay,artifacts_part2_g532/predictions/g532_final_consensus_tape.csv
2022-11-30,0,0.2098441060509066,0.2358842916646538,-0.892026,-0.068006,0.5,0.566322,0.49379,0.0,0.75,1.0,0.81051,0.607882,0.150715,0.623885,0,weak_score,FLAT,0.0,0.0,0.0,0.0,0,0.041845,0.539249,0.185482,0.528706,part2a21_soft_caution_overlay,artifacts_part2_g532/predictions/g532_final_consensus_tape.csv
2022-12-01,0,0.2088700368043848,0.221227681039364,0.212112,-0.129112,0.5,0.566686,0.493811,0.0,0.75,1.0,0.809468,0.607101,0.164193,0.603584,0,weak_score,FLAT,0.0,0.0,0.0,0.0,0,0.041472,0.537827,0.187149,0.53184,part2a21_soft_caution_overlay,artifacts_part2_g532/predictions/g532_final_consensus_tape.csv
2022-12-02,0,0.2086093116078303,0.2047650084088836,0.29725,-0.127555,0.75,0.567358,0.493849,0.0,0.75,1.0,0.807548,0.605661,0.16072,0.608687,0,weak_score,FLAT,0.0,0.0,0.0,0.0,0,0.0421,0.535895,0.189403,0.536078,part2a21_soft_caution_overlay,artifacts_part2_g532/predictions/g532_final_consensus_tape.csv
2022-12-05,0,0.2092167465169172,0.2141440978693949,0.654998,0.38812,0.75,0.568554,0.493917,0.0,0.75,1.0,0.804131,0.603099,0.164913,0.602536,0,weak_score,FLAT,0.0,0.0,0.0,0.0,0,0.038834,0.530072,0.196134,0.548731,part2a21_soft_caution_overlay,artifacts_part2_g532/predictions/g532_final_consensus_tape.csv
2022-12-06,0,0.212103746871136,0.3150042488351167,0.568087,0.506779,0.75,0.57008,0.494005,0.0,0.75,0.6,0.799772,0.359897,0.185552,0.573984,0,weak_score,FLAT,0.0,0.0,0.0,0.0,0,0.040796,0.525877,0.200923,0.557735,part2a21_soft_caution_overlay,artifacts_part2_g532/predictions/g532_final_consensus_tape.csv
2022-12-07,0,0.2123657026651084,0.3120423799443501,0.032855,0.418647,0.75,0.572671,0.494153,0.0,0.75,0.6,0.79237,0.356566,0.187109,0.571939,0,weak_score,FLAT,0.0,0.0,0.0,0.0,0,0.038394,0.516212,0.213497,0.578144,part2a21_soft_caution_overlay,artifacts_part2_g532/predictions/g532_final_consensus_tape.csv
2022-12-08,0,0.2131409663782881,0.3395689689753021,-0.261827,0.113039,0.5,0.577136,0.494408,0.0,0.75,0.6,0.779612,0.350825,0.207541,0.546399,0,weak_score,FLAT,0.0,0.0,0.0,0.0,0,0.039101,0.51101,0.242869,0.588941,part2a21_soft_caution_overlay,artifacts_part2_g532/predictions/g532_final_consensus_tape.csv
2022-12-09,0,0.2129591809469417,0.3334142834751319,0.344686,0.038571,0.75,0.586707,0.494955,0.0,0.75,0.6,0.752266,0.338519,0.207496,0.546453,0,weak_score,FLAT,0.0,0.0,0.0,0.0,1,0.033651,0.498559,0.313527,0.614285,part2a21_soft_caution_overlay,artifacts_part2_g532/predictions/g532_final_consensus_tape.csv
2022-12-12,0,0.2128719522795477,0.3263378729904752,-0.123473,-0.013538,0.5,0.58493,0.494853,0.0,0.75,0.6,0.757342,0.340804,0.212809,0.54018,0,weak_score,FLAT,0.0,0.0,0.0,0.0,1,0.035454,0.501017,0.299534,0.609334,part2a21_soft_caution_overlay,artifacts_part2_g532/predictions/g532_final_consensus_tape.csv
2022-12-13,0,0.2159302967657275,0.4587378664246542,-0.001768,0.073148,0.5,0.571649,0.494094,0.0,0.75,0.6,0.795288,0.35788,0.212453,0.540595,0,weak_score,FLAT,0.0,0.0,0.0,0.0,0,0.040355,0.520162,0.207372,0.569859,part2a21_soft_caution_overlay,artifacts_part2_g532/predictions/g532_final_consensus_tape.csv
2022-12-14,0,0.2101220208909794,0.2536472080384167,0.364594,0.079784,0.75,0.566035,0.493773,0.0,0.75,1.0,0.811328,0.608496,0.176788,0.585771,0,weak_score,FLAT,0.0,0.0,0.0,0.0,0,0.042934,0.540781,0.18368,0.525318,part2a21_soft_caution_overlay,artifacts_part2_g532/predictions/g532_final_consensus_tape.csv
2022-12-15,0,0.2144051174903054,0.3888124489220734,0.896792,0.419873,0.75,0.569413,0.493966,0.0,0.75,0.6,0.801677,0.360755,0.210644,0.542719,0,weak_score,FLAT,0.0,0.0,0.0,0.0,0,0.042062,0.528868,0.197513,0.551325,part2a21_soft_caution_overlay,artifacts_part2_g532/predictions/g532_final_consensus_tape.csv
2022-12-16,0,0.2130907158876547,0.3402173697663777,0.234587,0.498658,0.75,0.569239,0.493957,0.0,0.75,1.0,0.802173,0.60163,0.211524,0.541684,0,weak_score,FLAT,0.0,0.0,0.0,0.0,0,0.042548,0.529727,0.19653,0.549476,part2a21_soft_caution_overlay,artifacts_part2_g532/predictions/g532_final_consensus_tape.csv
2022-12-19,0,0.2114830198527345,0.275217620021542,0.317033,0.482804,0.75,0.57012,0.494007,0.0,0.75,0.6,0.799658,0.359846,0.212627,0.540393,0,weak_score,FLAT,0.0,0.0,0.0,0.0,0,0.041769,0.526271,0.200476,0.556895,part2a21_soft_caution_overlay,artifacts_part2_g532/predictions/g532_final_consensus_tape.csv
2022-12-20,0,0.2139538370451855,0.3693567683697076,-0.032527,0.173031,0.75,0.569933,0.493996,0.0,0.75,0.6,0.800191,0.360086,0.202762,0.552167,0,weak_score,FLAT,0.0,0.0,0.0,0.0,0,0.042322,0.527216,0.1994,0.554872,part2a21_soft_caution_overlay,artifacts_part2_g532/predictions/g532_final_consensus_tape.csv
2022-12-21,0,0.2101957019784903,0.2393607358391677,-0.342514,-0.019336,0.5,0.56736,0.493849,0.0,0.75,1.0,0.807542,0.605657,0.210167,0.543281,0,weak_score,FLAT,0.0,0.0,0.0,0.0,0,0.043283,0.536518,0.188678,0.534715,part2a21_soft_caution_overlay,artifacts_part2_g532/predictions/g532_final_consensus_tape.csv
2022-12-22,0,0.2119008801377662,0.2975772425392533,0.512517,0.045825,0.75,0.567764,0.493872,0.0,0.75,1.0,0.806388,0.604791,0.207377,0.546595,0,weak_score,FLAT,0.0,0.0,0.0,0.0,0,0.043103,0.535055,0.19038,0.537915,part2a21_soft_caution_overlay,artifacts_part2_g532/predictions/g532_final_consensus_tape.csv
2022-12-23,0,0.2101174017631445,0.2313832691609919,-0.159273,0.003577,0.5,0.567175,0.493839,0.0,0.75,1.0,0.808073,0.606054,0.216519,0.535884,0,weak_score,FLAT,0.0,0.0,0.0,0.0,0,0.045809,0.538482,0.186382,0.530399,part2a21_soft_caution_overlay,artifacts_part2_g532/predictions/g532_final_consensus_tape.csv
2022-12-26,0,0.2105001810626044,0.2529449695936682,-0.094741,0.086168,0.75,0.568348,0.493906,0.0,0.75,1.0,0.804721,0.603541,0.195583,0.561063,0,weak_score,FLAT,0.0,0.0,0.0,0.0,0,0.042402,0.532698,0.193111,0.543048,part2a21_soft_caution_overlay,artifacts_part2_g532/predictions/g532_final_consensus_tape.csv
2022-12-27,0,0.2166106139840261,0.4857197944461458,0.16103,-0.030995,0.75,0.568546,0.493917,0.0,0.75,1.0,0.804155,0.603116,0.198968,0.556832,0,weak_score,FLAT,0.0,0.0,0.0,0.0,0,0.043742,0.532742,0.19306,0.542952,part2a21_soft_caution_overlay,artifacts_part2_g532/predictions/g532_final_consensus_tape.csv
2022-12-28,0,0.2118895610734317,0.6131089935977417,-0.065051,0.000413,0.75,0.569849,0.493991,0.0,0.75,0.6,0.800431,0.360194,0.200112,0.555417,0,weak_score,FLAT,0.0,0.0,0.0,0.0,0,0.026021,0.497068,0.209174,0.573247,part2a21_soft_caution_overlay,artifacts_part2_g532/predictions/g532_final_consensus_tape.csv
2022-12-29,0,0.2112676189554928,0.6446207541210893,-0.847699,-0.250573,0.5,0.566284,0.493788,0.0,0.75,1.0,0.810616,0.607962,0.158839,0.611488,0,weak_score,FLAT,0.0,0.0,0.0,0.0,0,0.031902,0.512608,0.191499,0.540017,part2a21_soft_caution_overlay,artifacts_part2_g532/predictions/g532_final_consensus_tape.csv
2022-12-30,0,0.2068998386453644,0.7355064819878295,-0.094595,-0.335782,0.75,0.564389,0.493679,0.0,0.75,1.0,0.816031,0.612023,0.146562,0.630418,0,weak_score,FLAT,0.0,0.0,0.0,0.0,0,0.033039,0.519589,0.183336,0.524671,part2a21_soft_caution_overlay,artifacts_part2_g532/predictions/g532_final_consensus_tape.csv
2023-01-02,0,0.2068420230844823,0.7282446864884826,-0.107269,-0.349855,0.75,0.564301,0.493674,0.0,0.75,1.0,0.816283,0.612212,0.146274,0.630877,0,weak_score,FLAT,0.0,0.0,0.0,0.0,0,0.03298,0.519853,0.183025,0.524086,part2a21_soft_caution_overlay,artifacts_part2_g532/predictions/g532_final_consensus_tape.csv
2023-01-03,0,0.2096333029928057,0.6672182094798043,-0.001106,-0.067657,0.75,0.572254,0.494129,0.0,0.75,0.6,0.793559,0.357102,0.158034,0.612694,0,weak_score,FLAT,0.0,0.0,0.0,0.0,0,0.024963,0.492698,0.224951,0.582373,part2a21_soft_caution_overlay,artifacts_part2_g532/predictions/g532_final_consensus_tape.csv
2023-01-04,0,0.2098697734153644,0.6514915940253528,-0.174245,-0.094207,0.5,0.568332,0.493905,0.0,0.75,0.6,0.804767,0.362145,0.140624,0.640002,0,weak_score,FLAT,0.0,0.0,0.0,0.0,0,0.028121,0.503534,0.201899,0.55957,part2a21_soft_caution_overlay,artifacts_part2_g532/predictions/g532_final_consensus_tape.csv
2023-01-05,0,0.2089431595454323,0.6659514392429445,0.31347,0.04604,0.75,0.568534,0.493916,0.0,0.75,0.6,0.804187,0.361884,0.130673,0.656731,0,weak_score,FLAT,0.0,0.0,0.0,0.0,0,0.027471,0.502473,0.2031,0.561828,part2a21_soft_caution_overlay,artifacts_part2_g532/predictions/g532_final_consensus_tape.csv
2023-01-06,0,0.2035028400499733,0.7314787286709571,-0.74077,-0.200515,0.5,0.57157,0.49409,0.0,0.75,1.0,0.795513,0.596635,0.129748,0.658331,0,weak_score,FLAT,0.0,0.0,0.0,0.0,0,0.067438,0.593662,0.190275,0.537717,part2a21_soft_caution_overlay,artifacts_part2_g532/predictions/g532_final_consensus_tape.csv
2023-01-09,0,0.2118564078396468,0.5822356136567634,-0.021309,-0.149536,0.5,0.567832,0.493876,0.0,0.75,0.6,0.806194,0.362787,0.130544,0.656955,0,weak_score,FLAT,0.0,0.0,0.0,0.0,0,0.029796,0.506176,0.198895,0.553922,part2a21_soft_caution_overlay,artifacts_part2_g532/predictions/g532_final_consensus_tape.csv
2023-01-10,0,0.2027710166236838,0.7147529620823181,0.017696,-0.248128,0.5,0.572142,0.494122,0.0,0.75,1.0,0.79388,0.59541,0.147096,0.629571,0,weak_score,FLAT,0.0,0.0,0.0,0.0,0,0.072035,0.594178,0.189675,0.536589,part2a21_soft_caution_overlay,artifacts_part2_g532/predictions/g532_final_consensus_tape.csv
2023-01-11,0,0.2028701285784016,0.7057117134692433,-0.148027,-0.050546,0.5,0.571727,0.494099,0.0,0.75,1.0,0.795065,0.596299,0.137917,0.644467,0,weak_score,FLAT,0.0,0.0,0.0,0.0,0,0.070263,0.594637,0.189141,0.535585,part2a21_soft_caution_overlay,artifacts_part2_g532/predictions/g532_final_consensus_tape.csv
2023-01-12,0,0.1996694292508707,0.7146270104754658,0.152785,0.007485,0.5,0.570301,0.494017,0.0,0.75,1.0,0.799139,0.599354,0.127365,0.662488,0,weak_score,FLAT,0.0,0.0,0.0,0.0,0,0.068014,0.59824,0.184925,0.527658,part2a21_soft_caution_overlay,artifacts_part2_g532/predictions/g532_final_consensus_tape.csv
2023-01-13,0,0.1999466679652717,0.7294258764682725,0.219287,0.074682,0.5,0.567479,0.493856,0.0,0.75,1.0,0.807204,0.605403,0.135447,0.648598,0,weak_score,FLAT,0.0,0.0,0.0,0.0,0,0.065109,0.606078,0.175616,0.510158,part2a21_soft_caution_overlay,artifacts_part2_g532/predictions/g532_final_consensus_tape.csv
2023-01-16,0,0.1987129990630494,0.7233557731282795,0.406033,0.259368,0.75,0.569238,0.493956,0.0,0.75,1.0,0.802177,0.601633,0.135447,0.648598,0,weak_score,FLAT,0.0,0.0,0.0,0.0,0,0.066782,0.60114,0.181503,0.521225,part2a21_soft_caution_overlay,artifacts_part2_g532/predictions/g532_final_consensus_tape.csv
2023-01-17,0,0.2019896111863154,0.7076409794588634,0.399758,0.341693,0.5,0.57128,0.494073,0.0,0.75,1.0,0.796343,0.597257,0.116155,0.68277,0,weak_score,FLAT,0.0,0.0,0.0,0.0,0,0.070795,0.596426,0.187052,0.531658,part2a21_soft_caution_overlay,artifacts_part2_g532/predictions/g532_final_consensus_tape.csv
2023-01-18,0,0.2041598173962279,0.660281910363122,0.710477,0.505423,0.75,0.573253,0.494186,0.0,0.75,1.0,0.790707,0.59303,0.199069,0.556707,0,weak_score,FLAT,0.0,0.0,0.0,0.0,0,0.070546,0.589602,0.194969,0.546542,part2a21_soft_caution_overlay,artifacts_part2_g532/predictions/g532_final_consensus_tape.csv
2023-01-19,0,0.208872355729363,0.6361014998801323,0.477566,0.529267,0.75,0.570228,0.494013,0.0,0.75,0.6,0.799348,0.359707,0.194944,0.561869,0,weak_score,FLAT,0.0,0.0,0.0,0.0,0,0.027019,0.496286,0.210046,0.574887,part2a21_soft_caution_overlay,artifacts_part2_g532/predictions/g532_final_consensus_tape.csv
2023-01-20,0,0.2074110312938256,0.645365003503737,-0.287979,0.300021,0.5,0.570067,0.494004,0.0,0.75,0.6,0.799809,0.359914,0.228734,0.522211,0,weak_score,FLAT,0.0,0.0,0.0,0.0,0,0.02849,0.497671,0.2085,0.57198,part2a21_soft_caution_overlay,artifacts_part2_g532/predictions/g532_final_consensus_tape.csv
2023-01-23,0,0.2049911804759869,0.6431058718763087,0.033329,0.074305,0.5,0.586293,0.494931,0.0,0.75,0.6,0.753448,0.339052,0.237511,0.512809,0,weak_score,FLAT,0.0,0.0,0.0,0.0,1,0.075022,0.565346,0.266533,0.597526,part2a21_soft_caution_overlay,artifacts_part2_g532/predictions/g532_final_consensus_tape.csv
2023-01-24,0,0.204909850474799,0.6515837646525466,0.596748,0.114032,0.75,0.577127,0.494407,0.0,0.75,0.6,0.779637,0.350837,0.234458,0.516041,0,weak_score,FLAT,0.0,0.0,0.0,0.0,0,0.075266,0.57875,0.207292,0.569708,part2a21_soft_caution_overlay,artifacts_part2_g532/predictions/g532_final_consensus_tape.csv
2023-01-25,0,0.1864295850495813,0.2207326981633859,0.57232,0.400799,0.75,0.578246,0.494471,0.0,0.75,0.6,0.776441,0.349398,0.232692,0.517928,0,weak_score,FLAT,0.0,0.0,0.0,0.0,0,0.094886,0.629697,0.199532,0.55512,part2a21_soft_caution_overlay,artifacts_part2_g532/predictions/g532_final_consensus_tape.csv
2023-01-26,0,0.1881993866133698,0.2423603772687651,0.162244,0.443771,0.5,0.57837,0.494478,0.0,0.75,0.6,0.776086,0.349239,0.2402,0.509996,0,weak_score,FLAT,0.0,0.0,0.0,0.0,0,0.095075,0.62937,0.199904,0.55582,part2a21_soft_caution_overlay,artifacts_part2_g532/predictions/g532_final_consensus_tape.csv
2023-01-27,0,0.1862062144323977,0.21859812531372,0.498987,0.411184,0.5,0.579244,0.494528,0.0,0.75,0.6,0.773588,0.348115,0.237472,0.512849,0,weak_score,FLAT,0.0,0.0,0.0,0.0,0,0.099716,0.628876,0.200467,0.556878,part2a21_soft_caution_overlay,artifacts_part2_g532/predictions/g532_final_consensus_tape.csv
2023-01-30,0,0.1984928068932749,0.4057124006715089,1.202885,0.621372,0.75,0.580105,0.494577,0.021495,0.75,0.6,0.771129,0.347008,0.244076,0.505995,1,ok,VOO,0.000566,0.000566,0.000566,0.0,0,0.099077,0.625535,0.20425,0.563991,part2a21_soft_caution_overlay,artifacts_part2_g532/predictions/g532_final_consensus_tape.csv
2023-01-31,0,0.1919312839286531,0.2848719478699883,0.320975,0.674282,0.5,0.580339,0.494591,0.048938,0.75,0.6,0.770461,0.346707,0.247582,0.50243,1,ok,VOO,0.000566,0.000566,0.000566,0.0,0,0.098344,0.624314,0.205626,0.566577,part2a21_soft_caution_overlay,artifacts_part2_g532/predictions/g532_final_consensus_tape.csv
2023-02-01,0,0.1869640752419989,0.237178281398774,0.322464,0.615441,0.5,0.578336,0.494476,0.019309,0.75,0.6,0.776182,0.349282,0.174941,0.588317,1,ok,VOO,0.000566,0.000566,0.000566,0.0,0,0.096275,0.630139,0.199028,0.554173,part2a21_soft_caution_overlay,artifacts_part2_g532/predictions/g532_final_consensus_tape.csv
2023-02-02,0,0.1946791098930013,0.3434319436663,0.302237,0.315226,0.5,0.588143,0.495037,0.0,0.75,0.6,0.748164,0.336674,0.170833,0.59406,0,weak_score,VOO,0.000566,0.000566,0.000566,0.0,0,0.100639,0.612036,0.251753,0.592176,part2a21_soft_caution_overlay,artifacts_part2_g532/predictions/g532_final_consensus_tape.csv
2023-02-03,0,0.1931809560194056,0.3108291292178195,1.627754,0.750819,0.75,0.575199,0.494297,0.09124,0.75,1.0,0.785144,0.588858,0.1406,0.640041,1,ok,VOO,0.000566,0.000566,0.000566,0.0,0,0.096394,0.640885,0.186609,0.530826,part2a21_soft_caution_overlay,artifacts_part2_g532/predictions/g532_final_consensus_tape.csv
2023-02-06,0,0.2001075035503615,0.3991078527415152,1.344763,1.091585,0.75,0.579322,0.494533,0.266709,0.75,0.6,0.773366,0.348015,0.126797,0.663487,1,ok,VOO,0.009238,0.009238,0.009238,0.0,0,0.096814,0.62702,0.202573,0.560837,part2a21_soft_caution_overlay,artifacts_part2_g532/predictions/g532_final_consensus_tape.csv
2023-02-07,0,0.2003644652372362,0.4206837603986055,0.703938,1.225485,0.5,0.609656,0.496266,0.325776,0.75,0.6,0.686698,0.309014,0.12649,0.664028,1,ok,VOO,0.009238,0.009238,0.009238,0.0,1,0.123367,0.59064,0.373576,0.635174,part2a21_soft_caution_overlay,artifacts_part2_g532/predictions/g532_final_consensus_tape.csv
2023-02-08,0,0.1989621021802831,0.371450580460341,1.56064,1.203114,0.75,0.577752,0.494443,0.325328,0.75,1.0,0.77785,0.583388,0.160346,0.609242,1,ok,VOO,0.009238,0.009238,0.009238,0.0,0,0.097437,0.632778,0.196009,0.548497,part2a21_soft_caution_overlay,artifacts_part2_g532/predictions/g532_final_consensus_tape.csv
2023-02-09,0,0.2088542956746243,0.5207470316147155,1.262883,1.17582,0.75,0.576625,0.494379,0.311533,0.75,0.6,0.781072,0.351482,0.153842,0.619054,1,ok,VOO,0.009238,0.009238,0.009238,0.0,0,0.053696,0.536963,0.223907,0.581989,part2a21_soft_caution_overlay,artifacts_part2_g532/predictions/g532_final_consensus_tape.csv
2023-02-10,0,0.2095492248507297,0.5337651360345125,1.029528,1.28435,0.75,0.588171,0.495038,0.364143,0.75,0.6,0.748084,0.336638,0.155678,0.616252,1,ok,VOO,0.009238,0.009238,0.009238,0.0,1,0.108961,0.613569,0.243085,0.58902,part2a21_soft_caution_overlay,artifacts_part2_g532/predictions/g532_final_consensus_tape.csv
2023-02-13,0,0.2095393511017891,0.5422429107980177,0.482914,0.925109,0.5,0.589632,0.495122,0.175608,0.75,0.6,0.743909,0.334759,0.143323,0.635609,1,ok,VOO,0.005605,0.005605,0.005605,0.0,1,0.109419,0.611909,0.252472,0.592437,part2a21_soft_caution_overlay,artifacts_part2_g532/predictions/g532_final_consensus_tape.csv
2023-02-14,0,0.2014977800309439,0.4309455096523525,0.872055,0.794832,0.5,0.578543,0.494488,0.112565,0.75,0.6,0.775591,0.349016,0.140884,0.639577,1,ok,VOO,0.005605,0.005605,0.005605,0.0,0,0.098294,0.630523,0.198591,0.55335,part2a21_soft_caution_overlay,artifacts_part2_g532/predictions/g532_final_consensus_tape.csv
2023-02-15,0,0.1924467026783781,0.3057082903622625,0.964846,0.773272,0.5,0.576668,0.494381,0.10222,0.75,1.0,0.780949,0.585711,0.141442,0.638664,1,ok,VOO,0.005605,0.005605,0.005605,0.0,0,0.098656,0.63713,0.190986,0.539054,part2a21_soft_caution_overlay,artifacts_part2_g532/predictions/g532_final_consensus_tape.csv
2023-02-16,0,0.1962333717026517,0.3373489570877262,1.579771,1.13889,0.75,0.579507,0.494543,0.291271,0.75,0.6,0.772837,0.347777,0.145643,0.631883,1,ok,VOO,0.005605,0.005605,0.005605,0.0,0,0.096427,0.626164,0.203541,0.562657,part2a21_soft_caution_overlay,artifacts_part2_g532/predictions/g532_final_consensus_tape.csv
2023-02-17,0,0.2010104959603219,0.4087840808819223,1.196297,1.246971,0.75,0.580752,0.494614,0.347125,0.75,0.6,0.769281,0.346176,0.149731,0.62542,1,ok,VOO,0.005605,0.005605,0.005605,0.0,0,0.097278,0.622277,0.207912,0.570875,part2a21_soft_caution_overlay,artifacts_part2_g532/predictions/g532_final_consensus_tape.csv
2023-02-20,0,0.2005452517798773,0.4067479664416605,1.000134,1.258734,0.75,0.580577,0.494604,0.353313,0.75,0.6,0.769781,0.346402,0.149433,0.625887,1,ok,VOO,0.01149,0.01149,0.01149,0.0,0,0.099544,0.624143,0.205818,0.566938,part2a21_soft_caution_overlay,artifacts_part2_g532/predictions/g532_final_consensus_tape.csv
2023-02-21,0,0.208681158875904,0.5276716117503661,1.504663,1.233698,0.75,0.597758,0.495586,0.334311,0.75,0.6,0.720692,0.324311,0.132088,0.654299,1,ok,VOO,0.01149,0.01149,0.01149,0.0,1,0.112586,0.602804,0.304145,0.610969,part2a21_soft_caution_overlay,artifacts_part2_g532/predictions/g532_final_consensus_tape.csv
2023-02-22,0,0.1876936832180669,0.5625214256124627,0.928803,1.144533,0.5,0.596631,0.495522,0.287859,0.75,0.6,0.723911,0.32576,0.111302,0.691942,1,ok,VOO,0.01149,0.01149,0.01149,0.0,1,0.093242,0.56704,0.317185,0.615574,part2a21_soft_caution_overlay,artifacts_part2_g532/predictions/g532_final_consensus_tape.csv
2023-02-23,0,0.1875794806065907,0.5507299556736208,0.827881,1.087115,0.5,0.600215,0.495727,0.256292,0.75,0.6,0.713672,0.321152,0.109719,0.694987,1,ok,VOO,0.01149,0.01149,0.01149,0.0,1,0.096948,0.563462,0.337591,0.622725,part2a21_soft_caution_overlay,artifacts_part2_g532/predictions/g532_final_consensus_tape.csv
2023-02-24,0,0.1876952607135789,0.5547019009807691,1.463372,1.073352,0.75,0.580512,0.494601,0.256756,0.75,0.6,0.769966,0.346485,0.103754,0.706707,1,ok,VOO,0.01149,0.01149,0.01149,0.0,1,0.090405,0.585831,0.211228,0.577109,part2a21_soft_caution_overlay,artifacts_part2_g532/predictions/g532_final_consensus_tape.csv
2023-02-27,0,0.1887943967749217,0.595030862603297,0.873068,1.054774,0.5,0.580844,0.49462,0.246947,0.75,0.6,0.769018,0.346058,0.087423,0.74091,1,ok,VOO,0.009498,0.009498,0.009498,0.0,1,0.091138,0.585496,0.212594,0.577809,part2a21_soft_caution_overlay,artifacts_part2_g532/predictions/g532_final_consensus_tape.csv
2023-02-28,0,0.1906620976832782,0.6323033935415823,1.106161,1.147534,0.75,0.585477,0.494884,0.293575,0.75,0.6,0.75578,0.340101,0.081203,0.754825,1,ok,VOO,0.009498,0.009498,0.009498,0.0,1,0.092575,0.580231,0.242322,0.588742,part2a21_soft_caution_overlay,artifacts_part2_g532/predictions/g532_final_consensus_tape.csv
2023-03-01,0,0.189939406335189,0.6131859137061793,1.312203,1.097144,0.75,0.579894,0.494565,0.269386,0.75,0.6,0.771733,0.34728,0.075189,0.768783,1,ok,VOO,0.009498,0.009498,0.009498,0.0,1,0.091036,0.588365,0.208403,0.571798,part2a21_soft_caution_overlay,artifacts_part2_g532/predictions/g532_final_consensus_tape.csv
2023-03-02,0,0.1926197203384622,0.6630495292719414,0.939634,1.119333,0.5,0.5804,0.494594,0.280753,0.75,0.6,0.770285,0.346628,0.094059,0.72662,1,ok,VOO,0.009498,0.009498,0.009498,0.0,1,0.091081,0.586603,0.21037,0.575495,part2a21_soft_caution_overlay,artifacts_part2_g532/predictions/g532_final_consensus_tape.csv
2023-03-03,0,0.1942318108762715,0.681096336442797,0.67911,0.976982,0.5,0.578474,0.494484,0.207392,0.75,0.6,0.775789,0.349105,0.099759,0.714778,1,ok,VOO,0.009498,0.009498,0.009498,0.0,0,0.089932,0.592727,0.2035,0.56258,part2a21_soft_caution_overlay,artifacts_part2_g532/predictions/g532_final_consensus_tape.csv
2023-03-06,0,0.1928562979185715,0.7069093267370952,1.160382,0.926375,0.5,0.596703,0.495526,0.173211,0.75,0.6,0.723704,0.325667,0.100638,0.712986,1,ok,VOO,0.006033,0.006033,0.006033,0.0,1,0.022661,0.4737,0.393444,0.641963,part2a21_soft_caution_overlay,artifacts_part2_g532/predictions/g532_final_consensus_tape.csv
2023-03-07,0,0.1903575932725286,0.6502331334322542,1.483484,1.107658,0.75,0.616899,0.49668,0.260612,0.75,0.6,0.666002,0.299701,0.121675,0.672631,1,ok,VOO,0.006033,0.006033,0.006033,0.0,1,0.0905,0.542661,0.466495,0.65,part2a21_soft_caution_overlay,artifacts_part2_g532/predictions/g532_final_consensus_tape.csv
2023-03-08,0,0.1926308552693677,0.6591770100806745,1.00335,1.215739,0.5,0.578143,0.494465,0.33176,0.75,0.6,0.776735,0.349531,0.120803,0.674213,1,ok,VOO,0.006033,0.006033,0.006033,0.0,0,0.085703,0.591558,0.204818,0.565059,part2a21_soft_caution_overlay,artifacts_part2_g532/predictions/g532_final_consensus_tape.csv
2023-03-09,0,0.1890770207326684,0.6102641508716659,1.423695,1.30351,0.75,0.604571,0.495975,0.36875,0.65,0.6,0.701225,0.273478,0.174226,0.589308,0,high_risk_veto,VOO,0.006033,0.006033,0.006033,0.0,1,0.012609,0.46273,0.466001,0.65,part2a21_soft_caution_overlay,artifacts_part2_g532/predictions/g532_final_consensus_tape.csv
2023-03-10,0,0.1898813793888822,0.6433169508015689,1.006299,1.144448,0.75,0.614076,0.496519,0.281226,0.65,0.6,0.674067,0.262886,0.232593,0.518035,0,high_risk_veto,VOO,0.006033,0.006033,0.006033,0.0,0,0.0,0.449597,0.559808,0.65,part2a21_soft_caution_overlay,artifacts_part2_g532/predictions/g532_final_consensus_tape.csv
2023-03-13,0,0.1879501881678936,0.5857529685987792,0.194089,0.874694,0.5,0.62932,0.49739,0.131168,0.65,0.6,0.630514,0.2459,0.234304,0.516205,0,high_risk_veto,FLAT,0.0,0.0,0.0,0.0,0,0.0,0.432176,0.684246,0.65,part2a21_soft_caution_overlay,artifacts_part2_g532/predictions/g532_final_consensus_tape.csv
2023-03-14,0,0.1852189166535528,0.4997785060480917,0.05777,0.419386,0.5,0.641515,0.498087,0.0,0.65,0.6,0.595672,0.232312,0.285259,0.467063,0,high_risk_veto,FLAT,0.0,0.0,0.0,0.0,0,0.0,0.418239,0.783793,0.65,part2a21_soft_caution_overlay,artifacts_part2_g532/predictions/g532_final_consensus_tape.csv
2023-03-15,0,0.1881690989790049,0.5727418160661824,0.367133,0.206331,0.5,0.640154,0.498009,0.0,0.65,0.6,0.599559,0.233828,0.293935,0.459614,0,high_risk_veto,FLAT,0.0,0.0,0.0,0.0,0,0.0,0.419794,0.772689,0.65,part2a21_soft_caution_overlay,artifacts_part2_g532/predictions/g532_final_consensus_tape.csv
2023-03-16,0,0.1856764906457683,0.503467102364337,0.069728,0.164877,0.5,0.626278,0.497216,0.0,0.65,0.6,0.639206,0.24929,0.324985,0.434794,0,high_risk_veto,FLAT,0.0,0.0,0.0,0.0,0,0.0,0.435653,0.659411,0.65,part2a21_soft_caution_overlay,artifacts_part2_g532/predictions/g532_final_consensus_tape.csv
2023-03-17,0,0.1853881003265294,0.485333569798039,0.704384,0.380415,0.75,0.60247,0.495855,0.0,0.65,0.6,0.70723,0.27582,0.329475,0.431425,0,high_risk_veto,FLAT,0.0,0.0,0.0,0.0,1,0.013448,0.465283,0.447768,0.65,part2a21_soft_caution_overlay,artifacts_part2_g532/predictions/g532_final_consensus_tape.csv
2023-03-20,0,0.1885363721278499,0.591561408492711,0.460817,0.411643,0.5,0.600806,0.49576,0.0,0.65,0.6,0.711983,0.277673,0.341889,0.422377,0,high_risk_veto,FLAT,0.0,0.0,0.0,0.0,1,0.018892,0.468164,0.427189,0.65,part2a21_soft_caution_overlay,artifacts_part2_g532/predictions/g532_final_consensus_tape.csv
2023-03-21,0,0.1880155773016704,0.5639571203969775,0.448002,0.537734,0.5,0.589659,0.495123,0.0,0.65,0.6,0.74383,0.290094,0.364071,0.407119,0,high_risk_veto,FLAT,0.0,0.0,0.0,0.0,1,0.029066,0.483299,0.338516,0.623047,part2a21_soft_caution_overlay,artifacts_part2_g532/predictions/g532_final_consensus_tape.csv
2023-03-22,0,0.17908177357723,0.4095545090412498,1.028361,0.645727,0.75,0.598895,0.495651,0.024634,0.65,0.6,0.717443,0.279803,0.387202,0.39234,0,high_risk_veto,FLAT,0.0,0.0,0.0,0.0,1,0.11955,0.62086,0.304418,0.611066,part2a21_soft_caution_overlay,artifacts_part2_g532/predictions/g532_final_consensus_tape.csv
2023-03-23,0,0.1970488259492771,0.5139910816998348,0.279878,0.585414,0.5,0.587031,0.494973,0.0,0.65,0.6,0.75134,0.293023,0.372546,0.401577,0,high_risk_veto,FLAT,0.0,0.0,0.0,0.0,0,0.11562,0.634288,0.228312,0.58361,part2a21_soft_caution_overlay,artifacts_part2_g532/predictions/g532_final_consensus_tape.csv
2023-03-24,0,0.1913596661104215,0.4876542727284578,0.441769,0.583336,0.5,0.581785,0.494673,0.000808,0.75,0.6,0.766327,0.344847,0.337089,0.42583,1,ok,FLAT,0.0,0.0,0.0,0.0,0,0.108775,0.643104,0.204854,0.565126,part2a21_soft_caution_overlay,artifacts_part2_g532/predictions/g532_final_consensus_tape.csv
2023-03-27,0,0.2004140503558407,0.5541108738653205,0.805489,0.509045,0.75,0.583896,0.494794,0.0,0.75,0.6,0.760297,0.342134,0.333542,0.428418,0,weak_score,FLAT,0.0,0.0,0.0,0.0,0,0.112364,0.637672,0.210935,0.576558,part2a21_soft_caution_overlay,artifacts_part2_g532/predictions/g532_final_consensus_tape.csv
2023-03-28,0,0.1825239484645649,0.6340653257649457,0.761118,0.669459,0.75,0.5798,0.49456,0.046692,0.75,0.6,0.771999,0.3474,0.308255,0.447824,1,ok,FLAT,0.0,0.0,0.0,0.0,0,0.108791,0.649991,0.197032,0.550419,part2a21_soft_caution_overlay,artifacts_part2_g532/predictions/g532_final_consensus_tape.csv
2023-03-29,0,0.199684996658394,0.6736854435026728,0.359526,0.642045,0.5,0.579048,0.494517,0.032794,0.75,1.0,0.774147,0.58061,0.29295,0.460448,1,ok,FLAT,0.0,0.0,0.0,0.0,0,0.112415,0.65451,0.191826,0.540634,part2a21_soft_caution_overlay,artifacts_part2_g532/predictions/g532_final_consensus_tape.csv
2023-03-30,0,0.1808106339661636,0.623572599599461,0.702619,0.607754,0.5,0.576911,0.494395,0.016038,0.75,1.0,0.780254,0.585191,0.2664,0.484121,1,ok,FLAT,0.0,0.0,0.0,0.0,0,0.108615,0.659705,0.18577,0.529248,part2a21_soft_caution_overlay,artifacts_part2_g532/predictions/g532_final_consensus_tape.csv
2023-03-31,0,0.1923737254631695,0.6879264458605725,0.637226,0.566457,0.5,0.573433,0.494196,0.0,0.75,1.0,0.790191,0.592643,0.22919,0.521714,0,weak_score,FLAT,0.0,0.0,0.0,0.0,0,0.104438,0.669048,0.174672,0.508384,part2a21_soft_caution_overlay,artifacts_part2_g532/predictions/g532_final_consensus_tape.csv
2023-04-03,0,0.1903472957312346,0.6817702714898705,0.948552,0.762799,0.75,0.581316,0.494647,0.094587,0.75,0.6,0.76767,0.345451,0.226008,0.525201,1,ok,VOO,0.002574,0.002574,0.002574,0.0,0,0.111204,0.646071,0.201499,0.558819,part2a21_soft_caution_overlay,artifacts_part2_g532/predictions/g532_final_consensus_tape.csv
2023-04-04,0,0.1992006870153872,0.7183975025921591,0.823591,0.803123,0.75,0.576849,0.494391,0.117658,0.75,1.0,0.78043,0.585323,0.213322,0.539581,1,ok,VOO,0.002574,0.002574,0.002574,0.0,0,0.109167,0.660203,0.185185,0.528148,part2a21_soft_caution_overlay,artifacts_part2_g532/predictions/g532_final_consensus_tape.csv
2023-04-05,0,0.2079851377377387,0.7502025933075204,0.765164,0.845769,0.75,0.566754,0.493815,0.144325,0.75,1.0,0.809274,0.606955,0.141823,0.638043,1,ok,VOO,0.002574,0.002574,0.002574,0.0,0,0.068045,0.592135,0.170945,0.501377,part2a21_soft_caution_overlay,artifacts_part2_g532/predictions/g532_final_consensus_tape.csv
2023-04-06,0,0.2212263339946687,0.7822925148908778,0.367104,0.651953,0.5,0.568503,0.493914,0.043205,0.75,1.0,0.804277,0.603207,0.138013,0.644308,1,ok,VOO,0.002574,0.002574,0.002574,0.0,0,0.070794,0.587839,0.176124,0.511113,part2a21_soft_caution_overlay,artifacts_part2_g532/predictions/g532_final_consensus_tape.csv
2023-04-07,0,0.2094573127389392,0.7733996073100977,0.552389,0.561552,0.75,0.56882,0.493933,0.0,0.75,1.0,0.803372,0.602529,0.137641,0.644927,0,weak_score,VOO,0.002574,0.002574,0.002574,0.0,0,0.070661,0.586729,0.177453,0.513611,part2a21_soft_caution_overlay,artifacts_part2_g532/predictions/g532_final_consensus_tape.csv
2023-04-10,0,0.2126626410666382,0.6844051252595423,0.709204,0.542899,0.75,0.569473,0.49397,0.0,0.75,1.0,0.801505,0.601129,0.131227,0.655778,0,weak_score,FLAT,0.0,0.0,0.0,0.0,0,0.067227,0.582776,0.182153,0.522447,part2a21_soft_caution_overlay,artifacts_part2_g532/predictions/g532_final_consensus_tape.csv
2023-04-11,0,0.1993552232032617,0.6350987723553703,0.89441,0.718667,0.75,0.58088,0.494622,0.071797,0.75,0.6,0.768914,0.346011,0.130269,0.657429,1,ok,FLAT,0.0,0.0,0.0,0.0,0,0.115941,0.650149,0.19685,0.550078,part2a21_soft_caution_overlay,artifacts_part2_g532/predictions/g532_final_consensus_tape.csv
2023-04-12,0,0.2049489590106722,0.5547815883253296,0.828482,0.810699,0.75,0.579732,0.494556,0.120278,0.75,1.0,0.772195,0.579146,0.113654,0.687467,1,ok,FLAT,0.0,0.0,0.0,0.0,0,0.117037,0.654662,0.19165,0.540303,part2a21_soft_caution_overlay,artifacts_part2_g532/predictions/g532_final_consensus_tape.csv
2023-04-13,0,0.238301284985764,0.7170904008306195,0.218057,0.646983,0.5,0.569764,0.493987,0.040005,0.75,1.0,0.800673,0.600505,0.138647,0.643257,1,ok,FLAT,0.0,0.0,0.0,0.0,0,0.06834,0.58239,0.182609,0.523304,part2a21_soft_caution_overlay,artifacts_part2_g532/predictions/g532_final_consensus_tape.csv
2023-04-14,0,0.2215534125316084,0.7039483236447207,0.808888,0.618476,0.75,0.56862,0.493921,0.025813,0.75,1.0,0.803942,0.602956,0.133427,0.652014,1,ok,FLAT,0.0,0.0,0.0,0.0,0,0.0707,0.587405,0.176644,0.512091,part2a21_soft_caution_overlay,artifacts_part2_g532/predictions/g532_final_consensus_tape.csv
2023-04-17,0,0.2201714626331573,0.6873019714154424,0.78404,0.603662,0.5,0.566856,0.49382,0.01904,0.75,1.0,0.808984,0.606738,0.140357,0.640439,1,ok,VOO,0.00111,0.00111,0.00111,0.0,0,0.070279,0.592947,0.169959,0.499523,part2a21_soft_caution_overlay,artifacts_part2_g532/predictions/g532_final_consensus_tape.csv
2023-04-18,0,0.2116172177743155,0.5926906793212362,0.780001,0.790976,0.75,0.569598,0.493977,0.11468,0.75,1.0,0.801147,0.60086,0.118966,0.677569,1,ok,VOO,0.00111,0.00111,0.00111,0.0,0,0.069392,0.583493,0.181304,0.520851,part2a21_soft_caution_overlay,artifacts_part2_g532/predictions/g532_final_consensus_tape.csv
2023-04-19,0,0.1939623835140383,0.2788495969797468,0.771315,0.778452,0.75,0.569541,0.493974,0.108218,0.75,1.0,0.801312,0.600984,0.106782,0.700707,1,ok,VOO,0.00111,0.00111,0.00111,0.0,0,0.106104,0.672915,0.158321,0.477643,part2a21_soft_caution_overlay,artifacts_part2_g532/predictions/g532_final_consensus_tape.csv
2023-04-20,0,0.1996703449608936,0.327529842757351,0.857818,0.803044,0.75,0.571495,0.494085,0.120067,0.75,1.0,0.795728,0.596796,0.131522,0.655271,1,ok,VOO,0.00111,0.00111,0.00111,0.0,0,0.105338,0.666309,0.166488,0.492998,part2a21_soft_caution_overlay,artifacts_part2_g532/predictions/g532_final_consensus_tape.csv
2023-04-21,0,0.1947902438280968,0.2819449426243083,0.684911,0.771348,0.5,0.569082,0.493948,0.104751,0.75,1.0,0.802622,0.601967,0.130903,0.656334,1,ok,VOO,0.00111,0.00111,0.00111,0.0,0,0.10475,0.673687,0.157356,0.475829,part2a21_soft_caution_overlay,artifacts_part2_g532/predictions/g532_final_consensus_tape.csv
2023-04-24,0,0.20840787997473,0.4041050019449075,0.700342,0.74769,0.75,0.565663,0.493752,0.094103,0.75,1.0,0.812391,0.609293,0.125072,0.666538,1,ok,VOO,0.005733,0.005733,0.005733,0.0,0,0.066596,0.585442,0.167549,0.494992,part2a21_soft_caution_overlay,artifacts_part2_g532/predictions/g532_final_consensus_tape.csv
2023-04-25,0,0.2056594087080692,0.377635963403192,0.955659,0.780304,0.75,0.57622,0.494355,0.106085,0.75,1.0,0.782227,0.586671,0.184428,0.575469,1,ok,VOO,0.005733,0.005733,0.005733,0.0,0,0.106696,0.651522,0.184242,0.526374,part2a21_soft_caution_overlay,artifacts_part2_g532/predictions/g532_final_consensus_tape.csv
2023-04-26,0,0.2060797547910878,0.3787573249043079,0.340351,0.665451,0.5,0.581414,0.494652,0.043801,0.75,0.6,0.767388,0.345325,0.181921,0.578809,1,ok,VOO,0.005733,0.005733,0.005733,0.0,0,0.117693,0.639778,0.197866,0.551987,part2a21_soft_caution_overlay,artifacts_part2_g532/predictions/g532_final_consensus_tape.csv
2023-04-27,0,0.2054275167105886,0.3736291179580737,-0.042925,0.417695,0.5,0.573094,0.494177,0.0,0.75,1.0,0.791161,0.593371,0.212476,0.540569,0,weak_score,VOO,0.005733,0.005733,0.005733,0.0,0,0.107467,0.662228,0.171458,0.502342,part2a21_soft_caution_overlay,artifacts_part2_g532/predictions/g532_final_consensus_tape.csv
2023-04-28,0,0.1985522644189911,0.3369879435043248,0.473647,0.257025,0.5,0.573294,0.494188,0.0,0.75,1.0,0.79059,0.592942,0.212021,0.541101,0,weak_score,VOO,0.005733,0.005733,0.005733,0.0,0,0.10314,0.659352,0.174928,0.508864,part2a21_soft_caution_overlay,artifacts_part2_g532/predictions/g532_final_consensus_tape.csv
2023-05-01,0,0.192339198970742,0.2732348683986592,0.782701,0.404475,0.75,0.568857,0.493935,0.0,0.75,1.0,0.803266,0.602449,0.213899,0.53891,0,weak_score,FLAT,0.0,0.0,0.0,0.0,0,0.102484,0.673273,0.157874,0.476803,part2a21_soft_caution_overlay,artifacts_part2_g532/predictions/g532_final_consensus_tape.csv
2023-05-02,0,0.1998528782249111,0.352660175925874,0.811213,0.689187,0.75,0.574127,0.494236,0.059744,0.75,1.0,0.788208,0.591156,0.246547,0.503477,1,ok,FLAT,0.0,0.0,0.0,0.0,0,0.101909,0.655973,0.178971,0.516466,part2a21_soft_caution_overlay,artifacts_part2_g532/predictions/g532_final_consensus_tape.csv
2023-05-03,0,0.1969071305374718,0.318840449792691,0.671503,0.755139,0.75,0.572806,0.49416,0.094611,0.75,1.0,0.791983,0.593988,0.251326,0.498678,1,ok,FLAT,0.0,0.0,0.0,0.0,0,0.102489,0.660612,0.173411,0.506013,part2a21_soft_caution_overlay,artifacts_part2_g532/predictions/g532_final_consensus_tape.csv
2023-05-04,0,0.2055230676384043,0.3818966242757267,0.58072,0.687812,0.5,0.582184,0.494696,0.055077,0.75,0.6,0.765188,0.344335,0.248545,0.501459,1,ok,FLAT,0.0,0.0,0.0,0.0,0,0.11252,0.634288,0.204101,0.56371,part2a21_soft_caution_overlay,artifacts_part2_g532/predictions/g532_final_consensus_tape.csv
2023-05-05,0,0.1986058874309323,0.3371259085166962,0.056452,0.436225,0.75,0.575824,0.494333,0.0,0.75,1.0,0.783361,0.587521,0.282399,0.469572,0,weak_score,FLAT,0.0,0.0,0.0,0.0,0,0.108663,0.653877,0.181461,0.521146,part2a21_soft_caution_overlay,artifacts_part2_g532/predictions/g532_final_consensus_tape.csv
2023-05-08,0,0.1957575696415278,0.3185219439865839,0.626243,0.421138,0.75,0.570807,0.494046,0.0,0.75,1.0,0.797693,0.59827,0.284758,0.467502,0,weak_score,FLAT,0.0,0.0,0.0,0.0,0,0.104637,0.66816,0.164215,0.488724,part2a21_soft_caution_overlay,artifacts_part2_g532/predictions/g532_final_consensus_tape.csv
2023-05-09,0,0.2014409697784976,0.3596418923735156,0.832814,0.50517,0.5,0.575186,0.494296,0.0,0.75,1.0,0.785184,0.588888,0.248269,0.501737,0,weak_score,FLAT,0.0,0.0,0.0,0.0,0,0.109448,0.656399,0.178464,0.515512,part2a21_soft_caution_overlay,artifacts_part2_g532/predictions/g532_final_consensus_tape.csv
2023-05-10,0,0.1929971988224635,0.2871112535895147,0.373971,0.611009,0.75,0.569133,0.49395,0.021688,0.75,1.0,0.802478,0.601858,0.249329,0.500672,1,ok,FLAT,0.0,0.0,0.0,0.0,0,0.103688,0.673001,0.158213,0.47744,part2a21_soft_caution_overlay,artifacts_part2_g532/predictions/g532_final_consensus_tape.csv
2023-05-11,0,0.1974670782314828,0.3267661785086907,0.543361,0.583382,0.75,0.570187,0.494011,0.006838,0.75,1.0,0.799467,0.5996,0.209847,0.543659,1,ok,FLAT,0.0,0.0,0.0,0.0,0,0.102584,0.669109,0.163044,0.486524,part2a21_soft_caution_overlay,artifacts_part2_g532/predictions/g532_final_consensus_tape.csv
2023-05-12,0,0.2062005471211586,0.3883917482019868,0.747385,0.554906,0.5,0.572062,0.494118,0.0,0.75,1.0,0.794109,0.595582,0.211783,0.54138,0,weak_score,FLAT,0.0,0.0,0.0,0.0,0,0.104812,0.664216,0.169044,0.497802,part2a21_soft_caution_overlay,artifacts_part2_g532/predictions/g532_final_consensus_tape.csv
2023-05-15,0,0.2067944090007715,0.4097423261146637,0.585801,0.625516,0.75,0.566401,0.493794,0.030572,0.75,1.0,0.810283,0.607713,0.20463,0.549897,1,ok,VOO,0.001532,0.001532,0.001532,0.0,0,0.068178,0.583864,0.169472,0.498607,part2a21_soft_caution_overlay,artifacts_part2_g532/predictions/g532_final_consensus_tape.csv
2023-05-16,0,0.1981590218683515,0.3322243300073399,0.674878,0.669355,0.5,0.574667,0.494267,0.04918,0.75,1.0,0.786665,0.589998,0.162442,0.606146,1,ok,VOO,0.001532,0.001532,0.001532,0.0,0,0.107791,0.657247,0.177451,0.513608,part2a21_soft_caution_overlay,artifacts_part2_g532/predictions/g532_final_consensus_tape.csv
2023-05-17,0,0.1957838529569926,0.4094984825163162,0.453484,0.571387,0.5,0.572335,0.494133,0.0,0.75,1.0,0.793328,0.594996,0.156664,0.614758,0,weak_score,VOO,0.001532,0.001532,0.001532,0.0,0,0.095342,0.627304,0.175989,0.510859,part2a21_soft_caution_overlay,artifacts_part2_g532/predictions/g532_final_consensus_tape.csv
2023-05-18,0,0.1912338755965189,0.3359093604856819,0.474008,0.534123,0.5,0.570471,0.494027,0.0,0.75,1.0,0.798654,0.59899,0.156084,0.615637,0,weak_score,VOO,0.001532,0.001532,0.001532,0.0,0,0.092847,0.632101,0.1702,0.499977,part2a21_soft_caution_overlay,artifacts_part2_g532/predictions/g532_final_consensus_tape.csv
2023-05-19,0,0.1929199416498065,0.3661137781801046,1.08295,0.670147,0.75,0.57102,0.494058,0.051388,0.75,1.0,0.797084,0.597813,0.120236,0.675245,1,ok,VOO,0.001532,0.001532,0.001532,0.0,0,0.0941,0.630959,0.171585,0.50258,part2a21_soft_caution_overlay,artifacts_part2_g532/predictions/g532_final_consensus_tape.csv
2023-05-22,0,0.1989802812428961,0.4428300219549599,1.062358,0.873105,0.5,0.569287,0.493959,0.157361,0.75,1.0,0.802037,0.601527,0.119026,0.677458,1,ok,VOO,0.009619,0.009619,0.009619,0.0,0,0.094972,0.636989,0.164223,0.48874,part2a21_soft_caution_overlay,artifacts_part2_g532/predictions/g532_final_consensus_tape.csv
2023-05-23,0,0.1991824771260745,0.4521754126944295,1.409765,1.185024,0.75,0.589091,0.495091,0.311859,0.75,0.6,0.745455,0.335455,0.141348,0.638818,1,ok,VOO,0.009619,0.009619,0.009619,0.0,1,0.101031,0.588434,0.257746,0.59435,part2a21_soft_caution_overlay,artifacts_part2_g532/predictions/g532_final_consensus_tape.csv
2023-05-24,0,0.2092717220153454,0.5563435691756423,1.128631,1.200251,0.75,0.576243,0.494357,0.32437,0.75,0.6,0.782163,0.351973,0.143575,0.635203,1,ok,VOO,0.009619,0.009619,0.009619,0.0,1,0.04237,0.512745,0.233364,0.585465,part2a21_soft_caution_overlay,artifacts_part2_g532/predictions/g532_final_consensus_tape.csv
2023-05-25,0,0.2042831165332184,0.5222408435122258,0.495134,1.011177,0.5,0.595134,0.495436,0.21841,0.75,0.6,0.728189,0.327685,0.151058,0.623352,1,ok,VOO,0.009619,0.009619,0.009619,0.0,1,0.100293,0.581081,0.299476,0.609313,part2a21_soft_caution_overlay,artifacts_part2_g532/predictions/g532_final_consensus_tape.csv
2023-05-26,0,0.2183549620839451,0.606095771770998,0.651368,0.758378,0.5,0.576796,0.494388,0.094416,0.75,1.0,0.780583,0.585437,0.155227,0.616938,1,ok,VOO,0.009619,0.009619,0.009619,0.0,0,0.098737,0.614195,0.19144,0.539908,part2a21_soft_caution_overlay,artifacts_part2_g532/predictions/g532_final_consensus_tape.csv
2023-05-29,0,0.2006968570658851,0.4696595569180208,1.357565,0.834689,0.75,0.574688,0.494268,0.135044,0.75,1.0,0.786606,0.589954,0.156742,0.61464,1,ok,VOO,0.007345,0.007345,0.007345,0.0,0,0.094393,0.619001,0.185837,0.529373,part2a21_soft_caution_overlay,artifacts_part2_g532/predictions/g532_final_consensus_tape.csv
2023-05-30,0,0.2020233845779023,0.4751472452776817,1.220722,1.076552,0.5,0.574753,0.494272,0.260641,0.75,1.0,0.786419,0.589814,0.163391,0.604754,1,ok,VOO,0.007345,0.007345,0.007345,0.0,0,0.095146,0.619179,0.185627,0.52898,part2a21_soft_caution_overlay,artifacts_part2_g532/predictions/g532_final_consensus_tape.csv
2023-05-31,0,0.2053008897191473,0.51660158267944,1.363945,1.314077,0.75,0.575089,0.494291,0.383908,0.75,1.0,0.785459,0.589094,0.161201,0.607975,1,ok,VOO,0.007345,0.007345,0.007345,0.0,0,0.094956,0.61795,0.187067,0.531687,part2a21_soft_caution_overlay,artifacts_part2_g532/predictions/g532_final_consensus_tape.csv
2023-06-01,0,0.198893752238681,0.4296502331504765,0.934333,1.173,0.5,0.572799,0.49416,0.311437,0.75,1.0,0.792004,0.594003,0.1433,0.635647,1,ok,VOO,0.007345,0.007345,0.007345,0.0,0,0.093462,0.624802,0.178979,0.51648,part2a21_soft_caution_overlay,artifacts_part2_g532/predictions/g532_final_consensus_tape.csv
2023-06-02,0,0.2044904527122331,0.4682579513289995,1.196053,1.164777,0.5,0.568943,0.49394,0.308553,0.75,1.0,0.803021,0.602266,0.18212,0.578543,1,ok,VOO,0.007345,0.007345,0.007345,0.0,0,0.091279,0.63623,0.165156,0.490493,part2a21_soft_caution_overlay,artifacts_part2_g532/predictions/g532_final_consensus_tape.csv
2023-06-05,0,0.2005877099463271,0.4301695768331544,1.394715,1.175034,0.5,0.572731,0.494156,0.312516,0.75,1.0,0.792197,0.594148,0.183186,0.577119,1,ok,VOO,0.016074,0.016074,0.016074,0.0,0,0.091752,0.624135,0.179772,0.517972,part2a21_soft_caution_overlay,artifacts_part2_g532/predictions/g532_final_consensus_tape.csv
2023-06-06,0,0.1979459279510146,0.4069609310477782,1.465008,1.351925,0.75,0.570192,0.494011,0.405084,0.75,1.0,0.799452,0.599589,0.163896,0.604016,1,ok,VOO,0.016074,0.016074,0.016074,0.0,0,0.090914,0.63202,0.170298,0.500161,part2a21_soft_caution_overlay,artifacts_part2_g532/predictions/g532_final_consensus_tape.csv
2023-06-07,0,0.1948418195632675,0.3642963335251291,1.890867,1.58353,0.75,0.572865,0.494164,0.524439,0.75,1.0,0.791814,0.59386,0.157226,0.61391,1,ok,VOO,0.016074,0.016074,0.016074,0.0,0,0.093264,0.62448,0.179363,0.517202,part2a21_soft_caution_overlay,artifacts_part2_g532/predictions/g532_final_consensus_tape.csv
2023-06-08,0,0.1916626333592715,0.3248027546909518,1.083984,1.479953,0.5,0.573399,0.494194,0.470546,0.75,1.0,0.790288,0.592716,0.146659,0.630264,1,ok,VOO,0.016074,0.016074,0.016074,0.0,0,0.093304,0.62273,0.18144,0.521108,part2a21_soft_caution_overlay,artifacts_part2_g532/predictions/g532_final_consensus_tape.csv
2023-06-09,0,0.1950694366936356,0.3576219437537259,1.366045,1.446966,0.5,0.571391,0.494079,0.453993,0.75,1.0,0.796026,0.597019,0.140144,0.640788,1,ok,VOO,0.016074,0.016074,0.016074,0.0,0,0.097654,0.631574,0.17084,0.50118,part2a21_soft_caution_overlay,artifacts_part2_g532/predictions/g532_final_consensus_tape.csv
2023-06-12,0,0.1911221520854663,0.3456749860139662,1.056146,1.168725,0.5,0.572265,0.494129,0.30941,0.75,1.0,0.793527,0.595146,0.142042,0.637687,1,ok,VOO,0.017614,0.017614,0.017614,0.0,0,0.091043,0.625305,0.178379,0.515352,part2a21_soft_caution_overlay,artifacts_part2_g532/predictions/g532_final_consensus_tape.csv
2023-06-13,0,0.1934061270765997,0.3509825926732565,1.478281,1.300157,0.5,0.571234,0.494071,0.377922,0.75,1.0,0.796475,0.597356,0.138635,0.643277,1,ok,VOO,0.017614,0.017614,0.017614,0.0,0,0.089901,0.628105,0.175027,0.509051,part2a21_soft_caution_overlay,artifacts_part2_g532/predictions/g532_final_consensus_tape.csv
2023-06-14,0,0.1838445779707171,0.606665149263968,1.546496,1.360308,0.5,0.570797,0.494046,0.409242,0.75,1.0,0.797721,0.598291,0.11925,0.677048,1,ok,VOO,0.017614,0.017614,0.017614,0.0,0,0.127455,0.738593,0.150033,0.462062,part2a21_soft_caution_overlay,artifacts_part2_g532/predictions/g532_final_consensus_tape.csv
2023-06-15,0,0.1823079173690327,0.6401640936516958,1.342792,1.455856,0.5,0.570185,0.494011,0.458941,0.75,1.0,0.799471,0.599604,0.119194,0.677151,1,ok,VOO,0.017614,0.017614,0.017614,0.0,0,0.127389,0.74045,0.147663,0.457607,part2a21_soft_caution_overlay,artifacts_part2_g532/predictions/g532_final_consensus_tape.csv
2023-06-16,0,0.1839135502643041,0.6020078390035828,1.870226,1.586505,0.75,0.567579,0.493862,0.52728,0.75,1.0,0.806918,0.605189,0.074656,0.770045,1,ok,VOO,0.017614,0.017614,0.017614,0.0,0,0.126828,0.746187,0.137754,0.438977,part2a21_soft_caution_overlay,artifacts_part2_g532/predictions/g532_final_consensus_tape.csv
2023-06-19,0,0.1841731064277632,0.6154682754873083,1.689951,1.634323,0.75,0.567895,0.49388,0.551951,0.75,1.0,0.806013,0.60451,0.071947,0.776524,1,ok,VOO,0.038864,0.038864,0.038864,0.0,0,0.1308,0.746587,0.136539,0.436693,part2a21_soft_caution_overlay,artifacts_part2_g532/predictions/g532_final_consensus_tape.csv
2023-06-20,0,0.1862399276985406,0.572465087099243,1.646212,1.735463,0.75,0.5698,0.493989,0.603908,0.75,1.0,0.800572,0.600429,0.091394,0.732293,1,ok,VOO,0.038864,0.038864,0.038864,0.0,0,0.132116,0.743905,0.143218,0.44925,part2a21_soft_caution_overlay,artifacts_part2_g532/predictions/g532_final_consensus_tape.csv
2023-06-21,0,0.1820742988030262,0.6248340722162061,1.872395,1.736186,0.75,0.56952,0.493973,0.60434,0.75,1.0,0.80137,0.601028,0.101682,0.710869,1,ok,VOO,0.038864,0.038864,0.038864,0.0,0,0.127497,0.742539,0.144981,0.452564,part2a21_soft_caution_overlay,artifacts_part2_g532/predictions/g532_final_consensus_tape.csv
2023-06-22,0,0.1844721607217791,0.5973777251489069,1.21193,1.576846,0.5,0.570169,0.49401,0.52164,0.75,1.0,0.799518,0.599639,0.10735,0.699594,1,ok,VOO,0.038864,0.038864,0.038864,0.0,0,0.12808,0.740834,0.147171,0.456681,part2a21_soft_caution_overlay,artifacts_part2_g532/predictions/g532_final_consensus_tape.csv
2023-06-23,0,0.1824057707842208,0.6204696847666779,1.67643,1.586918,0.75,0.573638,0.494208,0.526007,0.75,1.0,0.789605,0.592204,0.127628,0.662028,1,ok,VOO,0.038864,0.038864,0.038864,0.0,0,0.134552,0.733222,0.156813,0.474809,part2a21_soft_caution_overlay,artifacts_part2_g532/predictions/g532_final_consensus_tape.csv
2023-06-26,0,0.1944444842982443,0.482368687126791,1.754703,1.547688,0.75,0.573449,0.494197,0.505691,0.75,1.0,0.790146,0.59261,0.127121,0.662918,1,ok,VOO,0.029799,0.029799,0.029799,0.0,0,0.134184,0.733634,0.156296,0.473836,part2a21_soft_caution_overlay,artifacts_part2_g532/predictions/g532_final_consensus_tape.csv
2023-06-27,0,0.1919980302837993,0.5231455586241505,1.083333,1.504822,0.5,0.571488,0.494085,0.483966,0.75,1.0,0.795749,0.596812,0.129689,0.658434,1,ok,VOO,0.029799,0.029799,0.029799,0.0,0,0.130978,0.738174,0.150565,0.463063,part2a21_soft_caution_overlay,artifacts_part2_g532/predictions/g532_final_consensus_tape.csv
2023-06-28,0,0.1882189730502838,0.6024879931802559,1.526406,1.454814,0.5,0.575765,0.494329,0.456831,0.75,1.0,0.78353,0.587647,0.130705,0.656677,1,ok,VOO,0.029799,0.029799,0.029799,0.0,0,0.135414,0.726909,0.164647,0.489537,part2a21_soft_caution_overlay,artifacts_part2_g532/predictions/g532_final_consensus_tape.csv
2023-06-29,0,0.187374844251966,0.591294534772556,1.696143,1.435294,0.75,0.572363,0.494135,0.447662,0.75,1.0,0.793247,0.594936,0.148588,0.627214,1,ok,VOO,0.029799,0.029799,0.029799,0.0,0,0.13231,0.736105,0.153186,0.46799,part2a21_soft_caution_overlay,artifacts_part2_g532/predictions/g532_final_consensus_tape.csv
2023-06-30,0,0.1887249231946842,0.5656386538425875,1.248448,1.490332,0.5,0.574553,0.49426,0.475619,0.75,1.0,0.786991,0.590243,0.155844,0.616001,1,ok,VOO,0.029799,0.029799,0.029799,0.0,0,0.125894,0.725987,0.165781,0.491667,part2a21_soft_caution_overlay,artifacts_part2_g532/predictions/g532_final_consensus_tape.csv
2023-07-03,0,0.1886126956777331,0.557023499176972,1.675148,1.539913,0.5,0.571449,0.494083,0.502172,0.75,1.0,0.795859,0.596894,0.157684,0.61322,1,ok,VOO,0.027571,0.027571,0.027571,0.0,0,0.130008,0.737819,0.151016,0.46391,part2a21_soft_caution_overlay,artifacts_part2_g532/predictions/g532_final_consensus_tape.csv
2023-07-04,0,0.1896440369998527,0.5367651478991217,1.739273,1.55429,0.75,0.572332,0.494133,0.509402,0.75,1.0,0.793336,0.595002,0.149373,0.625981,1,ok,VOO,0.027571,0.027571,0.027571,0.0,0,0.127889,0.734027,0.155804,0.472911,part2a21_soft_caution_overlay,artifacts_part2_g532/predictions/g532_final_consensus_tape.csv
2023-07-05,0,0.19266118799248,0.4938526428175372,1.76336,1.725927,0.75,0.574806,0.494275,0.597925,0.75,1.0,0.786269,0.589702,0.140815,0.639689,1,ok,VOO,0.027571,0.027571,0.027571,0.0,0,0.132823,0.728667,0.162479,0.485461,part2a21_soft_caution_overlay,artifacts_part2_g532/predictions/g532_final_consensus_tape.csv
2023-07-06,0,0.1946896374588891,0.4334858063490392,1.99845,1.833694,0.75,0.579245,0.494528,0.653102,0.75,1.0,0.773585,0.580189,0.137703,0.644823,1,ok,VOO,0.027571,0.027571,0.027571,0.0,0,0.13801,0.716946,0.176736,0.512264,part2a21_soft_caution_overlay,artifacts_part2_g532/predictions/g532_final_consensus_tape.csv
2023-07-07,0,0.1947173713777433,0.4728163694155254,1.948015,1.903275,0.75,0.583005,0.494743,0.688718,0.75,1.0,0.762842,0.572132,0.115648,0.683717,1,ok,VOO,0.027571,0.027571,0.027571,0.0,0,0.147603,0.709479,0.185587,0.528904,part2a21_soft_caution_overlay,artifacts_part2_g532/predictions/g532_final_consensus_tape.csv
2023-07-10,0,0.1929435797479309,0.5113905975138587,1.880645,1.94237,0.75,0.585963,0.494912,0.708663,0.75,1.0,0.754391,0.565793,0.107012,0.700256,1,ok,VOO,0.042116,0.042116,0.042116,0.0,0,0.151034,0.70129,0.195101,0.546791,part2a21_soft_caution_overlay,artifacts_part2_g532/predictions/g532_final_consensus_tape.csv
2023-07-11,0,0.1942826947449851,0.4843450579845889,1.827642,1.885434,0.5,0.585358,0.494878,0.679018,0.75,1.0,0.756121,0.567091,0.089791,0.735745,1,ok,VOO,0.042116,0.042116,0.042116,0.0,0,0.155924,0.70597,0.189687,0.536612,part2a21_soft_caution_overlay,artifacts_part2_g532/predictions/g532_final_consensus_tape.csv
2023-07-12,0,0.1888810014541053,0.6704667678352382,1.620056,1.776114,0.5,0.581672,0.494667,0.622647,0.75,1.0,0.76665,0.574988,0.086688,0.742528,1,ok,VOO,0.042116,0.042116,0.042116,0.0,0,0.198547,0.867785,0.148765,0.459678,part2a21_soft_caution_overlay,artifacts_part2_g532/predictions/g532_final_consensus_tape.csv
2023-07-13,0,0.1768407230773953,0.639410005119181,1.559814,1.66917,0.5,0.585318,0.494875,0.566074,0.75,0.6,0.756234,0.340305,0.062138,0.800927,1,ok,VOO,0.042116,0.042116,0.042116,0.0,0,0.2111,0.8626,0.155332,0.472024,part2a21_soft_caution_overlay,artifacts_part2_g532/predictions/g532_final_consensus_tape.csv
2023-07-14,0,0.1908125292215831,0.7044708349477341,1.956173,1.712014,0.75,0.579052,0.494517,0.589793,0.75,1.0,0.774137,0.580603,0.046934,0.841939,1,ok,VOO,0.042116,0.042116,0.042116,0.0,0,0.189166,0.87129,0.144268,0.451224,part2a21_soft_caution_overlay,artifacts_part2_g532/predictions/g532_final_consensus_tape.csv
2023-07-17,0,0.1872825833068696,0.6725662208680568,1.758026,1.758004,0.5,0.580256,0.494586,0.613492,0.75,1.0,0.770699,0.578024,0.037876,0.868428,1,ok,VOO,0.046193,0.046193,0.046193,0.0,0,0.190878,0.868429,0.147943,0.458132,part2a21_soft_caution_overlay,artifacts_part2_g532/predictions/g532_final_consensus_tape.csv
2023-07-18,0,0.1954825677568482,0.7090403262516506,1.79592,1.836706,0.5,0.580973,0.494627,0.654359,0.75,1.0,0.768649,0.576487,0.047014,0.84171,1,ok,VOO,0.046193,0.046193,0.046193,0.0,0,0.189524,0.865553,0.151605,0.465017,part2a21_soft_caution_overlay,artifacts_part2_g532/predictions/g532_final_consensus_tape.csv
2023-07-19,0,0.1941138072964333,0.6950629492403916,1.998449,1.850798,0.75,0.574626,0.494264,0.662818,0.75,1.0,0.786784,0.590088,0.048174,0.838436,1,ok,VOO,0.046193,0.046193,0.046193,0.0,0,0.17709,0.875513,0.134332,0.432545,part2a21_soft_caution_overlay,artifacts_part2_g532/predictions/g532_final_consensus_tape.csv
2023-07-20,0,0.2148126079565701,0.6630466920223866,2.51129,2.101886,0.75,0.569128,0.49395,0.793817,0.75,1.0,0.802492,0.601869,0.047894,0.839225,1,ok,VOO,0.046193,0.046193,0.046193,0.0,0,0.146272,0.796348,0.131799,0.427782,part2a21_soft_caution_overlay,artifacts_part2_g532/predictions/g532_final_consensus_tape.csv
2023-07-21,0,0.2082504564345897,0.6565814008951407,1.914988,2.141576,0.75,0.57274,0.494157,0.814024,0.75,1.0,0.792171,0.594128,0.047473,0.840413,1,ok,VOO,0.046193,0.046193,0.046193,0.0,0,0.159064,0.794275,0.138085,0.4396,part2a21_soft_caution_overlay,artifacts_part2_g532/predictions/g532_final_consensus_tape.csv
2023-07-24,0,0.2151207744559796,0.641471015473206,1.72758,2.051286,0.5,0.573895,0.494223,0.767036,0.75,1.0,0.788872,0.591654,0.049805,0.833875,1,ok,VOO,0.056764,0.056764,0.056764,0.0,0,0.152467,0.789385,0.146719,0.455831,part2a21_soft_caution_overlay,artifacts_part2_g532/predictions/g532_final_consensus_tape.csv
2023-07-25,0,0.2183321412206995,0.6721467209054318,1.624289,1.755619,0.5,0.571892,0.494108,0.613932,0.75,1.0,0.794593,0.595945,0.050527,0.831873,1,ok,VOO,0.056764,0.056764,0.056764,0.0,0,0.148762,0.793269,0.141135,0.445333,part2a21_soft_caution_overlay,artifacts_part2_g532/predictions/g532_final_consensus_tape.csv
2023-07-26,0,0.2201421419178931,0.7563534058806058,1.893692,1.74852,0.75,0.568279,0.493902,0.610979,0.75,1.0,0.804916,0.603687,0.053778,0.82297,1,ok,VOO,0.056764,0.056764,0.056764,0.0,0,0.146461,0.797488,0.128342,0.421283,part2a21_soft_caution_overlay,artifacts_part2_g532/predictions/g532_final_consensus_tape.csv
2023-07-27,0,0.2258963000134914,0.7076452063166685,1.947422,1.821801,0.75,0.574897,0.49428,0.647708,0.75,1.0,0.786008,0.589506,0.053293,0.824285,1,ok,VOO,0.056764,0.056764,0.056764,0.0,0,0.158165,0.789063,0.147131,0.456607,part2a21_soft_caution_overlay,artifacts_part2_g532/predictions/g532_final_consensus_tape.csv
2023-07-28,0,0.22085899747975,0.6998290396097117,1.462505,1.767873,0.5,0.567904,0.49388,0.621071,0.75,1.0,0.80599,0.604492,0.056514,0.815623,1,ok,VOO,0.056764,0.056764,0.056764,0.0,0,0.154752,0.799671,0.121724,0.408841,part2a21_soft_caution_overlay,artifacts_part2_g532/predictions/g532_final_consensus_tape.csv
2023-07-31,0,0.2238165567654506,0.6692098237986647,1.977046,1.795658,0.75,0.566717,0.493812,0.635675,0.75,1.0,0.809379,0.607034,0.057278,0.813596,1,ok,VOO,0.047092,0.047092,0.047092,0.0,0,0.145434,0.799306,0.122832,0.410923,part2a21_soft_caution_overlay,artifacts_part2_g532/predictions/g532_final_consensus_tape.csv
2023-08-01,0,0.2218220943904846,0.6322587045890306,2.056737,1.832096,0.75,0.568547,0.493917,0.654196,0.75,1.0,0.804151,0.603113,0.053139,0.824703,1,ok,VOO,0.047092,0.047092,0.047092,0.0,0,0.144757,0.796792,0.130452,0.42525,part2a21_soft_caution_overlay,artifacts_part2_g532/predictions/g532_final_consensus_tape.csv
2023-08-02,0,0.243432772962322,0.7108737540292922,2.523942,2.185908,0.75,0.584005,0.4948,0.836069,0.75,0.6,0.759986,0.341994,0.088079,0.739472,0,deploy_downside_veto,VOO,0.047092,0.047092,0.047092,0.0,0,0.165646,0.763803,0.178337,0.515274,part2a21_soft_caution_overlay,artifacts_part2_g532/predictions/g532_final_consensus_tape.csv
2023-08-03,0,0.2525801402080834,0.6817016547066581,1.974482,2.185054,0.75,0.589043,0.495088,0.835189,0.75,0.6,0.74559,0.335516,0.089812,0.735701,1,ok,VOO,0.047092,0.047092,0.047092,0.0,0,0.185193,0.757281,0.186051,0.529776,part2a21_soft_caution_overlay,artifacts_part2_g532/predictions/g532_final_consensus_tape.csv
2023-08-04,0,0.2576130382738493,0.7367653758053848,2.008119,2.168848,0.75,0.591868,0.49525,0.826452,0.75,0.6,0.737519,0.331883,0.123819,0.668774,1,ok,VOO,0.047092,0.047092,0.047092,0.0,0,0.174431,0.741819,0.203839,0.563218,part2a21_soft_caution_overlay,artifacts_part2_g532/predictions/g532_final_consensus_tape.csv
2023-08-07,0,0.2489934632032982,0.6923743135332034,1.671338,1.884647,0.5,0.586761,0.494958,0.678371,0.75,0.6,0.752111,0.33845,0.133025,0.652699,1,ok,VOO,0.022478,0.022478,0.022478,0.0,0,0.176287,0.760221,0.18259,0.523268,part2a21_soft_caution_overlay,artifacts_part2_g532/predictions/g532_final_consensus_tape.csv
2023-08-08,0,0.2502842103405978,0.756204194286252,2.035689,1.905049,0.75,0.587655,0.495009,0.688889,0.75,1.0,0.749556,0.562167,0.138854,0.642915,1,ok,VOO,0.022478,0.022478,0.022478,0.0,0,0.174519,0.756296,0.187205,0.531945,part2a21_soft_caution_overlay,artifacts_part2_g532/predictions/g532_final_consensus_tape.csv
2023-08-09,0,0.2248266707058174,0.4453007922017455,2.078921,1.928649,0.75,0.582767,0.49473,0.701992,0.75,1.0,0.763524,0.572643,0.14216,0.637495,1,ok,VOO,0.022478,0.022478,0.022478,0.0,0,0.146678,0.71604,0.185221,0.528216,part2a21_soft_caution_overlay,artifacts_part2_g532/predictions/g532_final_consensus_tape.csv
2023-08-10,0,0.2274141617042553,0.4310708152919655,1.793631,1.969414,0.5,0.576751,0.494386,0.72412,0.75,1.0,0.780711,0.585533,0.148055,0.628053,1,ok,VOO,0.022478,0.022478,0.022478,0.0,0,0.138312,0.731459,0.166734,0.493459,part2a21_soft_caution_overlay,artifacts_part2_g532/predictions/g532_final_consensus_tape.csv
2023-08-11,0,0.2182552276111231,0.4751700653878514,2.003618,1.958723,0.75,0.561102,0.493492,0.720833,0.75,1.0,0.825422,0.619066,0.145478,0.632146,1,ok,VOO,0.022478,0.022478,0.022478,0.0,0,0.113169,0.758051,0.120733,0.406978,part2a21_soft_caution_overlay,artifacts_part2_g532/predictions/g532_final_consensus_tape.csv
2023-08-14,0,0.2257693437033214,0.4434766220288578,1.529144,1.775464,0.5,0.566786,0.493816,0.625217,0.75,1.0,0.809184,0.606888,0.151437,0.622763,1,ok,VOO,0.035445,0.035445,0.035445,0.0,0,0.118645,0.751793,0.139705,0.442646,part2a21_soft_caution_overlay,artifacts_part2_g532/predictions/g532_final_consensus_tape.csv
2023-08-15,0,0.2329102109163578,0.4147293504049812,2.125811,1.886191,0.75,0.58019,0.494582,0.680276,0.75,1.0,0.770885,0.578164,0.156512,0.614988,1,ok,VOO,0.035445,0.035445,0.035445,0.0,0,0.145453,0.723943,0.175841,0.510582,part2a21_soft_caution_overlay,artifacts_part2_g532/predictions/g532_final_consensus_tape.csv
2023-08-16,0,0.2339124429258042,0.4212314327094318,2.087058,1.914004,0.75,0.582374,0.494707,0.694416,0.75,1.0,0.764645,0.573484,0.146628,0.630314,1,ok,VOO,0.035445,0.035445,0.035445,0.0,0,0.149722,0.718949,0.181791,0.521767,part2a21_soft_caution_overlay,artifacts_part2_g532/predictions/g532_final_consensus_tape.csv
2023-08-17,0,0.2366449955873361,0.3950695280999166,2.009909,2.074259,0.75,0.580182,0.494582,0.778239,0.75,1.0,0.770908,0.578181,0.145768,0.631683,1,ok,VOO,0.035445,0.035445,0.035445,0.0,0,0.146523,0.724521,0.175147,0.509277,part2a21_soft_caution_overlay,artifacts_part2_g532/predictions/g532_final_consensus_tape.csv
2023-08-18,0,0.2290495399210053,0.4529452018795442,1.672486,1.923151,0.75,0.584819,0.494847,0.698802,0.75,1.0,0.75766,0.568245,0.125388,0.665978,1,ok,VOO,0.035445,0.035445,0.035445,0.0,0,0.152318,0.712121,0.189803,0.536829,part2a21_soft_caution_overlay,artifacts_part2_g532/predictions/g532_final_consensus_tape.csv
2023-08-21,0,0.2483116412583062,0.3354997612101182,1.316273,1.666223,0.5,0.61489,0.496565,0.557704,0.75,0.6,0.671743,0.302284,0.12933,0.659056,1,ok,VOO,0.016666,0.016666,0.016666,0.0,1,0.258382,0.763736,0.264623,0.596837,part2a21_soft_caution_overlay,artifacts_part2_g532/predictions/g532_final_consensus_tape.csv
2023-08-22,0,0.237339314345702,0.3791998319142873,1.820783,1.60318,0.75,0.598958,0.495655,0.528249,0.75,0.6,0.717264,0.322769,0.121076,0.673716,1,ok,VOO,0.016666,0.016666,0.016666,0.0,1,0.176671,0.687394,0.243914,0.589322,part2a21_soft_caution_overlay,artifacts_part2_g532/predictions/g532_final_consensus_tape.csv
2023-08-23,0,0.2374237208022442,0.358357066099636,1.341141,1.492732,0.5,0.578055,0.49446,0.475912,0.75,1.0,0.776987,0.58274,0.11411,0.686605,1,ok,VOO,0.016666,0.016666,0.016666,0.0,0,0.144545,0.730423,0.168,0.49584,part2a21_soft_caution_overlay,artifacts_part2_g532/predictions/g532_final_consensus_tape.csv
2023-08-24,0,0.2315810426320753,0.4178937896689301,2.299032,1.820319,0.75,0.581897,0.49468,0.645649,0.75,1.0,0.766008,0.574506,0.11638,0.682352,1,ok,VOO,0.016666,0.016666,0.016666,0.0,0,0.145743,0.718452,0.182379,0.522873,part2a21_soft_caution_overlay,artifacts_part2_g532/predictions/g532_final_consensus_tape.csv
2023-08-25,0,0.2240621011812052,0.4551417120486822,1.507215,1.715796,0.5,0.564134,0.493665,0.594908,0.75,1.0,0.816759,0.612569,0.120357,0.675025,1,ok,VOO,0.016666,0.016666,0.016666,0.0,0,0.113371,0.754157,0.13254,0.429175,part2a21_soft_caution_overlay,artifacts_part2_g532/predictions/g532_final_consensus_tape.csv
2023-08-28,0,0.2168065405649836,0.4716113295705418,1.556195,1.787481,0.5,0.5689,0.493937,0.631029,0.75,1.0,0.803142,0.602356,0.115058,0.684823,1,ok,VOO,0.039046,0.039046,0.039046,0.0,0,0.12591,0.749918,0.143525,0.449826,part2a21_soft_caution_overlay,artifacts_part2_g532/predictions/g532_final_consensus_tape.csv
2023-08-29,0,0.2129146773507805,0.4619861745499022,1.217317,1.426909,0.5,0.563878,0.49365,0.445752,0.75,1.0,0.81749,0.613118,0.111019,0.692485,1,ok,VOO,0.039046,0.039046,0.039046,0.0,0,0.114072,0.754632,0.131098,0.426464,part2a21_soft_caution_overlay,artifacts_part2_g532/predictions/g532_final_consensus_tape.csv
2023-08-30,0,0.2083658702790193,0.4755882844942123,1.682541,1.485351,0.5,0.56893,0.493939,0.474567,0.75,1.0,0.803058,0.602294,0.109917,0.694605,1,ok,VOO,0.039046,0.039046,0.039046,0.0,0,0.118313,0.746164,0.148348,0.458895,part2a21_soft_caution_overlay,artifacts_part2_g532/predictions/g532_final_consensus_tape.csv
2023-08-31,0,0.2178441444387963,0.3896770978909445,1.767549,1.555802,0.5,0.572382,0.494136,0.510174,0.75,1.0,0.793193,0.594895,0.103831,0.706551,1,ok,VOO,0.039046,0.039046,0.039046,0.0,0,0.129816,0.74107,0.154806,0.471036,part2a21_soft_caution_overlay,artifacts_part2_g532/predictions/g532_final_consensus_tape.csv
2023-09-01,0,0.211493921206725,0.4525358658051981,1.939354,1.796481,0.75,0.562506,0.493572,0.636892,0.75,1.0,0.821411,0.616058,0.106388,0.701483,1,ok,VOO,0.039046,0.039046,0.039046,0.0,0,0.113534,0.756303,0.126031,0.416938,part2a21_soft_caution_overlay,artifacts_part2_g532/predictions/g532_final_consensus_tape.csv
2023-09-04,0,0.2095894317205773,0.4537520762293652,1.905559,1.870821,0.75,0.564523,0.493687,0.674923,0.75,1.0,0.815649,0.611737,0.090506,0.734202,1,ok,VOO,0.04547,0.04547,0.04547,0.0,0,0.121579,0.75533,0.128981,0.422484,part2a21_soft_caution_overlay,artifacts_part2_g532/predictions/g532_final_consensus_tape.csv
2023-09-05,0,0.2097905979940852,0.4920923822859528,1.849968,1.898294,0.5,0.566221,0.493784,0.688844,0.75,1.0,0.810798,0.608098,0.086747,0.742396,1,ok,VOO,0.04547,0.04547,0.04547,0.0,0,0.117455,0.752283,0.13822,0.439854,part2a21_soft_caution_overlay,artifacts_part2_g532/predictions/g532_final_consensus_tape.csv
2023-09-06,0,0.2209186090945523,0.5665219750305867,2.168439,1.974655,0.75,0.578067,0.494461,0.726658,0.75,1.0,0.77695,0.582713,0.091967,0.731065,1,ok,VOO,0.04547,0.04547,0.04547,0.0,0,0.161756,0.772792,0.157382,0.475879,part2a21_soft_caution_overlay,artifacts_part2_g532/predictions/g532_final_consensus_tape.csv
2023-09-07,0,0.2224201574644697,0.564088847398912,2.030272,2.016226,0.75,0.575659,0.494323,0.748603,0.75,1.0,0.783831,0.587873,0.081864,0.753321,1,ok,VOO,0.04547,0.04547,0.04547,0.0,0,0.161389,0.780109,0.148132,0.458487,part2a21_soft_caution_overlay,artifacts_part2_g532/predictions/g532_final_consensus_tape.csv
2023-09-08,0,0.2248991739701628,0.5988479780268728,1.755025,1.984578,0.5,0.576474,0.49437,0.732043,0.75,1.0,0.781502,0.586126,0.076694,0.765242,1,ok,VOO,0.04547,0.04547,0.04547,0.0,0,0.162865,0.778309,0.150426,0.4628,part2a21_soft_caution_overlay,artifacts_part2_g532/predictions/g532_final_consensus_tape.csv
2023-09-11,0,0.2296916077697173,0.5583659430867539,1.507403,1.764233,0.5,0.575155,0.494295,0.617753,0.75,1.0,0.785272,0.588954,0.083854,0.74883,1,ok,VOO,0.040867,0.040867,0.040867,0.0,0,0.160183,0.781075,0.146894,0.456161,part2a21_soft_caution_overlay,artifacts_part2_g532/predictions/g532_final_consensus_tape.csv
2023-09-12,0,0.2305541734093947,0.5698663809704251,2.095222,1.785883,0.75,0.573831,0.494219,0.629255,0.75,1.0,0.789053,0.59179,0.0877,0.740302,1,ok,VOO,0.040867,0.040867,0.040867,0.0,0,0.158169,0.784149,0.142935,0.448717,part2a21_soft_caution_overlay,artifacts_part2_g532/predictions/g532_final_consensus_tape.csv
2023-09-13,0,0.2377978578912542,0.5694795879187324,1.650181,1.750935,0.5,0.567512,0.493858,0.612383,0.75,1.0,0.807108,0.605331,0.084844,0.746616,1,ok,VOO,0.040867,0.040867,0.040867,0.0,0,0.154506,0.791956,0.120337,0.406233,part2a21_soft_caution_overlay,artifacts_part2_g532/predictions/g532_final_consensus_tape.csv
2023-09-14,0,0.2350316631253131,0.5529743638907892,1.600347,1.781917,0.5,0.565585,0.493748,0.628785,0.75,1.0,0.812614,0.609461,0.098754,0.716837,1,ok,VOO,0.040867,0.040867,0.040867,0.0,0,0.151153,0.793772,0.114831,0.395881,part2a21_soft_caution_overlay,artifacts_part2_g532/predictions/g532_final_consensus_tape.csv
2023-09-15,0,0.2249305000997967,0.5389511343842995,2.3081,1.852876,0.75,0.581818,0.494675,0.662637,0.75,1.0,0.766235,0.574676,0.103533,0.707148,1,ok,VOO,0.040867,0.040867,0.040867,0.0,0,0.171326,0.765662,0.16621,0.492474,part2a21_soft_caution_overlay,artifacts_part2_g532/predictions/g532_final_consensus_tape.csv
2023-09-18,0,0.2279595658604645,0.6089750801206172,1.718844,1.875764,0.5,0.584185,0.494811,0.674167,0.75,1.0,0.759471,0.569603,0.103553,0.707108,1,ok,VOO,0.04073,0.04073,0.04073,0.0,0,0.181014,0.76295,0.169522,0.498701,part2a21_soft_caution_overlay,artifacts_part2_g532/predictions/g532_final_consensus_tape.csv
2023-09-19,0,0.225729442253,0.5649871178285649,1.82447,1.950471,0.75,0.58375,0.494786,0.713227,0.75,1.0,0.760714,0.570536,0.103518,0.707177,1,ok,VOO,0.04073,0.04073,0.04073,0.0,0,0.181104,0.7644,0.167753,0.495376,part2a21_soft_caution_overlay,artifacts_part2_g532/predictions/g532_final_consensus_tape.csv
2023-09-20,0,0.2268129879734844,0.5461522353010424,2.155873,1.899729,0.75,0.587934,0.495025,0.686062,0.75,1.0,0.748761,0.561571,0.110037,0.694374,1,ok,VOO,0.04073,0.04073,0.04073,0.0,0,0.173897,0.746856,0.188685,0.534727,part2a21_soft_caution_overlay,artifacts_part2_g532/predictions/g532_final_consensus_tape.csv
2023-09-21,0,0.2377710279394363,0.5849317031874183,2.237934,2.072759,0.75,0.594753,0.495414,0.775756,0.75,0.6,0.729276,0.328174,0.114453,0.685959,1,ok,VOO,0.04073,0.04073,0.04073,0.0,1,0.183848,0.728733,0.209355,0.573588,part2a21_soft_caution_overlay,artifacts_part2_g532/predictions/g532_final_consensus_tape.csv
2023-09-22,0,0.2408269856505198,0.5926715810069038,1.686923,2.02691,0.75,0.596836,0.495534,0.751419,0.75,0.6,0.723325,0.325496,0.116308,0.682486,0,deploy_downside_veto,VOO,0.04073,0.04073,0.04073,0.0,1,0.185611,0.725386,0.220095,0.580583,part2a21_soft_caution_overlay,artifacts_part2_g532/predictions/g532_final_consensus_tape.csv
2023-09-25,0,0.2415525196486889,0.6171366105021941,1.611936,1.845598,0.5,0.59306,0.495318,0.656831,0.75,0.6,0.734115,0.330352,0.125155,0.666391,1,ok,VOO,0.02169,0.02169,0.02169,0.0,0,0.184407,0.734968,0.202344,0.560408,part2a21_soft_caution_overlay,artifacts_part2_g532/predictions/g532_final_consensus_tape.csv
2023-09-26,0,0.2484890623553341,0.5791077798328911,2.131722,1.810193,0.75,0.594371,0.495393,0.638016,0.75,0.6,0.73037,0.328666,0.1392,0.642343,1,ok,VOO,0.02169,0.02169,0.02169,0.0,1,0.181288,0.72866,0.209436,0.573741,part2a21_soft_caution_overlay,artifacts_part2_g532/predictions/g532_final_consensus_tape.csv
2023-09-27,0,0.2377506042752136,0.5849786120363679,1.696105,1.813254,0.5,0.596782,0.49553,0.639166,0.75,0.6,0.723481,0.325567,0.143395,0.635494,1,ok,VOO,0.02169,0.02169,0.02169,0.0,1,0.196514,0.728615,0.209487,0.573835,part2a21_soft_caution_overlay,artifacts_part2_g532/predictions/g532_final_consensus_tape.csv
2023-09-28,0,0.2393767630885189,0.6716741700645871,1.594343,1.80739,0.5,0.594434,0.495396,0.636533,0.75,0.6,0.73019,0.328585,0.12856,0.660398,1,ok,VOO,0.02169,0.02169,0.02169,0.0,1,0.186703,0.731437,0.206327,0.567895,part2a21_soft_caution_overlay,artifacts_part2_g532/predictions/g532_final_consensus_tape.csv
2023-09-29,0,0.2327183533752208,0.6050693744723242,1.846653,1.712367,0.5,0.596721,0.495527,0.58617,0.75,0.6,0.723655,0.325645,0.122963,0.670308,1,ok,VOO,0.02169,0.02169,0.02169,0.0,1,0.189798,0.726312,0.214872,0.578653,part2a21_soft_caution_overlay,artifacts_part2_g532/predictions/g532_final_consensus_tape.csv
2023-10-02,0,0.2441607695052022,0.6789761637242974,1.632115,1.691037,0.5,0.641065,0.498061,0.564824,0.75,0.6,0.596956,0.26863,0.132866,0.65297,0,deploy_downside_veto,FLAT,0.0,0.0,0.0,0.0,1,0.316992,0.777297,0.379813,0.637312,part2a21_soft_caution_overlay,artifacts_part2_g532/predictions/g532_final_consensus_tape.csv
2023-10-03,0,0.2480070046690711,0.613812724304451,2.311909,1.930225,0.75,0.592825,0.495304,0.701247,0.75,0.6,0.734786,0.330654,0.133213,0.652379,1,ok,FLAT,0.0,0.0,0.0,0.0,0,0.184437,0.735801,0.201401,0.558633,part2a21_soft_caution_overlay,artifacts_part2_g532/predictions/g532_final_consensus_tape.csv
2023-10-04,0,0.2336447413468596,0.5729723903760892,1.449833,1.797952,0.5,0.603903,0.495937,0.629741,0.75,0.6,0.703136,0.316411,0.128232,0.660969,1,ok,FLAT,0.0,0.0,0.0,0.0,1,0.213035,0.735771,0.238629,0.587392,part2a21_soft_caution_overlay,artifacts_part2_g532/predictions/g532_final_consensus_tape.csv
2023-10-05,0,0.2375084663821428,0.6711350277145475,1.8569,1.872881,0.75,0.603153,0.495894,0.669388,0.75,0.6,0.705277,0.317374,0.120707,0.674386,1,ok,FLAT,0.0,0.0,0.0,0.0,1,0.210626,0.736213,0.236131,0.586478,part2a21_soft_caution_overlay,artifacts_part2_g532/predictions/g532_final_consensus_tape.csv
2023-10-06,0,0.2312536494147125,0.6737352311524926,1.41365,1.573461,0.5,0.632535,0.497573,0.503852,0.75,0.6,0.62133,0.279598,0.144996,0.632918,1,ok,FLAT,0.0,0.0,0.0,0.0,1,0.32001,0.801703,0.31846,0.616023,part2a21_soft_caution_overlay,artifacts_part2_g532/predictions/g532_final_consensus_tape.csv
2023-10-09,0,0.229622179404056,0.6497081111122218,1.661967,1.644172,0.5,0.600883,0.495765,0.549355,0.75,0.6,0.711762,0.320293,0.139769,0.641406,1,ok,VOO,0.016929,0.016929,0.016929,0.0,1,0.204076,0.737692,0.227775,0.583413,part2a21_soft_caution_overlay,artifacts_part2_g532/predictions/g532_final_consensus_tape.csv
2023-10-10,0,0.2288159553476238,0.6714065081528725,1.712607,1.596075,0.5,0.597157,0.495552,0.524961,0.75,0.6,0.722408,0.325084,0.115641,0.683731,1,ok,VOO,0.016929,0.016929,0.016929,0.0,1,0.199608,0.742676,0.209047,0.573008,part2a21_soft_caution_overlay,artifacts_part2_g532/predictions/g532_final_consensus_tape.csv
2023-10-11,0,0.2209430356981825,0.6243534605886526,1.620705,1.665093,0.5,0.597945,0.495597,0.56105,0.75,0.6,0.720156,0.32407,0.116339,0.682428,1,ok,VOO,0.016929,0.016929,0.016929,0.0,1,0.202316,0.741399,0.210471,0.575685,part2a21_soft_caution_overlay,artifacts_part2_g532/predictions/g532_final_consensus_tape.csv
2023-10-12,0,0.2304262124803091,0.6455009136901452,1.927383,1.753565,0.75,0.625124,0.49715,0.601875,0.75,0.6,0.642504,0.289127,0.116525,0.682081,1,ok,VOO,0.016929,0.016929,0.016929,0.0,1,0.308952,0.808469,0.279987,0.602362,part2a21_soft_caution_overlay,artifacts_part2_g532/predictions/g532_final_consensus_tape.csv
2023-10-13,0,0.2321890496134686,0.6207332951198963,2.025281,1.85779,0.75,0.60342,0.49591,0.661385,0.75,0.6,0.704513,0.317031,0.134029,0.650993,1,ok,VOO,0.016929,0.016929,0.016929,0.0,1,0.205768,0.734979,0.243103,0.589026,part2a21_soft_caution_overlay,artifacts_part2_g532/predictions/g532_final_consensus_tape.csv
2023-10-16,0,0.2343575505209403,0.6444630391928762,1.436487,1.796384,0.5,0.596153,0.495494,0.630424,0.75,0.6,0.725276,0.326374,0.151463,0.622722,1,ok,VOO,0.019219,0.019219,0.019219,0.0,1,0.211707,0.752806,0.197597,0.551483,part2a21_soft_caution_overlay,artifacts_part2_g532/predictions/g532_final_consensus_tape.csv
2023-10-17,0,0.2316521354541174,0.6497671443810096,1.930262,1.797343,0.75,0.598984,0.495656,0.630378,0.75,0.6,0.717188,0.322734,0.150571,0.624108,1,ok,VOO,0.019219,0.019219,0.019219,0.0,1,0.210585,0.742329,0.209434,0.573736,part2a21_soft_caution_overlay,artifacts_part2_g532/predictions/g532_final_consensus_tape.csv
2023-10-18,0,0.2311614518189273,0.7113926435781707,2.180747,1.849165,0.75,0.597232,0.495556,0.657954,0.75,0.6,0.722194,0.324987,0.162484,0.606084,1,ok,VOO,0.019219,0.019219,0.019219,0.0,1,0.20256,0.744048,0.207512,0.570123,part2a21_soft_caution_overlay,artifacts_part2_g532/predictions/g532_final_consensus_tape.csv
2023-10-19,0,0.2350526060792848,0.6478164264434138,2.018733,2.043247,0.75,0.594627,0.495407,0.760282,0.75,0.6,0.729636,0.328336,0.163297,0.604892,1,ok,VOO,0.019219,0.019219,0.019219,0.0,1,0.200616,0.752045,0.198467,0.553117,part2a21_soft_caution_overlay,artifacts_part2_g532/predictions/g532_final_consensus_tape.csv
2023-10-20,0,0.2355090639428929,0.6919021929757946,2.087979,2.09582,0.75,0.594428,0.495396,0.787895,0.75,0.6,0.730205,0.328592,0.168499,0.597373,1,ok,VOO,0.019219,0.019219,0.019219,0.0,1,0.195973,0.750207,0.200561,0.557055,part2a21_soft_caution_overlay,artifacts_part2_g532/predictions/g532_final_consensus_tape.csv
2023-10-23,0,0.2420945103555228,0.678328992871213,1.56878,1.891831,0.5,0.619576,0.496833,0.676579,0.75,0.6,0.658354,0.296259,0.168827,0.596905,0,deploy_downside_veto,FLAT,0.0,0.0,0.0,0.0,1,0.289507,0.811436,0.26316,0.596308,part2a21_soft_caution_overlay,artifacts_part2_g532/predictions/g532_final_consensus_tape.csv
2023-10-24,0,0.2378345662340945,0.6409157822592498,1.433933,1.696897,0.5,0.608656,0.496209,0.57538,0.75,0.6,0.689554,0.310299,0.166948,0.599596,1,ok,FLAT,0.0,0.0,0.0,0.0,1,0.274158,0.82353,0.208092,0.571213,part2a21_soft_caution_overlay,artifacts_part2_g532/predictions/g532_final_consensus_tape.csv
2023-10-25,0,0.2432570072808325,0.6776216586924765,2.353865,1.785526,0.75,0.597213,0.495555,0.624512,0.75,0.6,0.722249,0.325012,0.168099,0.597944,1,ok,FLAT,0.0,0.0,0.0,0.0,1,0.210805,0.748652,0.202326,0.560372,part2a21_soft_caution_overlay,artifacts_part2_g532/predictions/g532_final_consensus_tape.csv
2023-10-26,0,0.2369447045131692,0.6742107905834733,2.16084,1.982879,0.75,0.594329,0.49539,0.728641,0.75,0.6,0.730488,0.32872,0.187083,0.571973,1,ok,FLAT,0.0,0.0,0.0,0.0,1,0.195774,0.750442,0.200294,0.556552,part2a21_soft_caution_overlay,artifacts_part2_g532/predictions/g532_final_consensus_tape.csv
2023-10-27,0,0.2408555729947364,0.7083719489944142,1.473314,1.996006,0.5,0.602518,0.495858,0.734388,0.75,0.6,0.707091,0.318191,0.182894,0.577509,1,ok,FLAT,0.0,0.0,0.0,0.0,1,0.204566,0.735831,0.238288,0.587268,part2a21_soft_caution_overlay,artifacts_part2_g532/predictions/g532_final_consensus_tape.csv
2023-10-30,0,0.2433985580943009,0.7320876109977821,1.260501,1.631552,0.5,0.609917,0.496281,0.540524,0.75,0.6,0.68595,0.308678,0.179712,0.581784,0,deploy_downside_veto,FLAT,0.0,0.0,0.0,0.0,1,0.274412,0.820134,0.213996,0.578328,part2a21_soft_caution_overlay,artifacts_part2_g532/predictions/g532_final_consensus_tape.csv
2023-10-31,0,0.2357812664097197,0.7051732138932492,1.519794,1.41787,0.5,0.594548,0.495403,0.432087,0.75,0.6,0.729861,0.328438,0.176197,0.586583,1,ok,FLAT,0.0,0.0,0.0,0.0,1,0.206394,0.75544,0.194575,0.5458,part2a21_soft_caution_overlay,artifacts_part2_g532/predictions/g532_final_consensus_tape.csv
2023-11-01,0,0.219314562422244,0.6014504904205484,1.129694,1.30333,0.5,0.587048,0.494974,0.374438,0.75,1.0,0.751292,0.563469,0.174719,0.588625,1,ok,FLAT,0.0,0.0,0.0,0.0,0,0.189797,0.815755,0.175343,0.509646,part2a21_soft_caution_overlay,artifacts_part2_g532/predictions/g532_final_consensus_tape.csv
2023-11-02,0,0.2195050635005078,0.6061688226420191,1.189449,1.279646,0.5,0.579895,0.494565,0.364434,0.75,1.0,0.771728,0.578796,0.19166,0.566047,1,ok,FLAT,0.0,0.0,0.0,0.0,0,0.17283,0.830152,0.157711,0.476497,part2a21_soft_caution_overlay,artifacts_part2_g532/predictions/g532_final_consensus_tape.csv
2023-11-03,0,0.2132825765371807,0.6099770428592592,1.546335,1.288493,0.5,0.581529,0.494659,0.368504,0.75,1.0,0.767059,0.575294,0.16706,0.599434,1,ok,FLAT,0.0,0.0,0.0,0.0,0,0.175447,0.826282,0.162521,0.485539,part2a21_soft_caution_overlay,artifacts_part2_g532/predictions/g532_final_consensus_tape.csv
2023-11-06,0,0.2235433889243234,0.6422004263698091,1.73283,1.489538,0.5,0.575345,0.494305,0.474991,0.75,1.0,0.78473,0.588547,0.165704,0.601389,1,ok,VOO,0.025218,0.025218,0.025218,0.0,0,0.158825,0.837456,0.148483,0.459148,part2a21_soft_caution_overlay,artifacts_part2_g532/predictions/g532_final_consensus_tape.csv
2023-11-07,0,0.2167401856177838,0.604280834028787,1.531887,1.603684,0.5,0.574918,0.494281,0.534401,0.75,1.0,0.785949,0.589461,0.165835,0.601199,1,ok,VOO,0.025218,0.025218,0.025218,0.0,0,0.165956,0.842197,0.142385,0.447684,part2a21_soft_caution_overlay,artifacts_part2_g532/predictions/g532_final_consensus_tape.csv
2023-11-08,0,0.2120717449393414,0.5800219528623834,1.708629,1.657782,0.5,0.589768,0.49513,0.559102,0.75,1.0,0.743519,0.557639,0.163801,0.604154,1,ok,VOO,0.025218,0.025218,0.025218,0.0,0,0.177887,0.800387,0.193432,0.543653,part2a21_soft_caution_overlay,artifacts_part2_g532/predictions/g532_final_consensus_tape.csv
2023-11-09,0,0.2052093264390222,0.5485934579906798,1.975494,1.73867,0.75,0.591251,0.495214,0.601137,0.75,1.0,0.739284,0.554463,0.113395,0.687957,1,ok,VOO,0.025218,0.025218,0.025218,0.0,0,0.192306,0.883067,0.190328,0.537816,part2a21_soft_caution_overlay,artifacts_part2_g532/predictions/g532_final_consensus_tape.csv
2023-11-10,0,0.2140479785632235,0.6067265970881616,1.205142,1.629755,0.5,0.594436,0.495396,0.543313,0.75,0.6,0.730183,0.328582,0.11167,0.691238,1,ok,VOO,0.025218,0.025218,0.025218,0.0,0,0.182339,0.786635,0.209043,0.573,part2a21_soft_caution_overlay,artifacts_part2_g532/predictions/g532_final_consensus_tape.csv
2023-11-13,0,0.2042051419277061,0.5508431981629357,1.89158,1.690738,0.75,0.584556,0.494832,0.577507,0.75,1.0,0.758412,0.568809,0.10065,0.712962,1,ok,VOO,0.03513,0.03513,0.03513,0.0,0,0.170389,0.8939,0.177566,0.513824,part2a21_soft_caution_overlay,artifacts_part2_g532/predictions/g532_final_consensus_tape.csv
2023-11-14,0,0.2071559126460406,0.5856899337105149,1.275919,1.457547,0.5,0.578228,0.49447,0.457556,0.75,1.0,0.776492,0.582369,0.097967,0.718459,1,ok,VOO,0.03513,0.03513,0.03513,0.0,0,0.15955,0.828813,0.159382,0.479637,part2a21_soft_caution_overlay,artifacts_part2_g532/predictions/g532_final_consensus_tape.csv
2023-11-15,0,0.1967118996410683,0.5349562841151664,1.939733,1.702411,0.5,0.583205,0.494755,0.583894,0.75,1.0,0.762272,0.571704,0.099898,0.714495,1,ok,VOO,0.03513,0.03513,0.03513,0.0,0,0.180313,0.903376,0.166098,0.492264,part2a21_soft_caution_overlay,artifacts_part2_g532/predictions/g532_final_consensus_tape.csv
2023-11-16,0,0.2001157020438285,0.5504833943785842,1.791761,1.669138,0.5,0.590311,0.495161,0.564923,0.75,1.0,0.741967,0.556476,0.102008,0.71021,1,ok,VOO,0.03513,0.03513,0.03513,0.0,0,0.18682,0.883322,0.190032,0.537261,part2a21_soft_caution_overlay,artifacts_part2_g532/predictions/g532_final_consensus_tape.csv
2023-11-17,0,0.1970893104277061,0.5231707764219142,1.849479,1.860325,0.75,0.586257,0.494929,0.665746,0.75,1.0,0.753552,0.565164,0.102307,0.709608,1,ok,VOO,0.03513,0.03513,0.03513,0.0,0,0.189565,0.89822,0.172375,0.504064,part2a21_soft_caution_overlay,artifacts_part2_g532/predictions/g532_final_consensus_tape.csv
2023-11-20,0,0.2044630753428838,0.5704842272168861,1.520978,1.72074,0.5,0.58844,0.495054,0.592343,0.75,1.0,0.747315,0.560486,0.100365,0.713541,1,ok,VOO,0.035534,0.035534,0.035534,0.0,0,0.180869,0.886472,0.186355,0.530347,part2a21_soft_caution_overlay,artifacts_part2_g532/predictions/g532_final_consensus_tape.csv
2023-11-21,0,0.1981835795201451,0.536435444989932,2.001275,1.790578,0.75,0.583002,0.494743,0.629931,0.75,1.0,0.762852,0.572139,0.102043,0.71014,1,ok,VOO,0.035534,0.035534,0.035534,0.0,0,0.177687,0.9027,0.166927,0.493822,part2a21_soft_caution_overlay,artifacts_part2_g532/predictions/g532_final_consensus_tape.csv
2023-11-22,0,0.198336574521945,0.5349346074872999,1.743116,1.755123,0.5,0.575596,0.49432,0.612931,0.75,1.0,0.784013,0.588009,0.097443,0.719543,1,ok,VOO,0.035534,0.035534,0.035534,0.0,0,0.16632,0.920308,0.144825,0.452272,part2a21_soft_caution_overlay,artifacts_part2_g532/predictions/g532_final_consensus_tape.csv
2023-11-23,0,0.1992327978477007,0.5464319798637104,1.860236,1.868209,0.75,0.571106,0.494063,0.67246,0.75,1.0,0.796841,0.597631,0.098723,0.716901,1,ok,VOO,0.035534,0.035534,0.035534,0.0,0,0.152759,0.924558,0.135561,0.434854,part2a21_soft_caution_overlay,artifacts_part2_g532/predictions/g532_final_consensus_tape.csv
2023-11-24,0,0.1980459593395677,0.5301916900136175,1.949168,1.85084,0.75,0.569596,0.493977,0.663718,0.75,1.0,0.801154,0.600865,0.078088,0.761991,1,ok,VOO,0.035534,0.035534,0.035534,0.0,0,0.157845,0.927557,0.126468,0.417761,part2a21_soft_caution_overlay,artifacts_part2_g532/predictions/g532_final_consensus_tape.csv
2023-11-27,0,0.1963102844796156,0.5359721542553573,1.869764,1.893056,0.75,0.56751,0.493858,0.685926,0.75,1.0,0.807115,0.605336,0.096609,0.721274,1,ok,VOO,0.044923,0.044923,0.044923,0.0,0,0.149995,0.92866,0.123123,0.411471,part2a21_soft_caution_overlay,artifacts_part2_g532/predictions/g532_final_consensus_tape.csv
2023-11-28,0,0.1978995296242441,0.5244548944164261,1.758048,1.858993,0.5,0.569417,0.493967,0.667972,0.75,1.0,0.801664,0.601248,0.097672,0.719069,1,ok,VOO,0.044923,0.044923,0.044923,0.0,0,0.164675,0.929185,0.121532,0.40848,part2a21_soft_caution_overlay,artifacts_part2_g532/predictions/g532_final_consensus_tape.csv
2023-11-29,0,0.1897364741457086,0.473095459213635,1.914433,1.847415,0.75,0.566195,0.493783,0.662538,0.75,1.0,0.810873,0.608154,0.08609,0.743849,1,ok,VOO,0.044923,0.044923,0.044923,0.0,0,0.159619,0.915851,0.111982,0.390526,part2a21_soft_caution_overlay,artifacts_part2_g532/predictions/g532_final_consensus_tape.csv
2023-11-30,0,0.1917622042695092,0.5276503668052083,1.951975,1.874818,0.75,0.573931,0.494225,0.675411,0.75,1.0,0.788769,0.591577,0.094104,0.726525,1,ok,VOO,0.044923,0.044923,0.044923,0.0,0,0.184101,0.910815,0.127253,0.419236,part2a21_soft_caution_overlay,artifacts_part2_g532/predictions/g532_final_consensus_tape.csv
2023-12-01,0,0.1897571249524809,0.4674655389301453,1.848086,1.904831,0.5,0.571416,0.494081,0.691396,0.75,1.0,0.795956,0.596967,0.09603,0.72248,1,ok,VOO,0.044923,0.044923,0.044923,0.0,0,0.163199,0.909806,0.13031,0.424982,part2a21_soft_caution_overlay,artifacts_part2_g532/predictions/g532_final_consensus_tape.csv
2023-12-04,0,0.1913474351129832,0.5159261986914506,2.223888,2.007983,0.75,0.577324,0.494418,0.744098,0.75,1.0,0.779075,0.584306,0.089636,0.736081,1,ok,VOO,0.048005,0.048005,0.048005,0.0,0,0.183683,0.906325,0.140864,0.444824,part2a21_soft_caution_overlay,artifacts_part2_g532/predictions/g532_final_consensus_tape.csv
2023-12-05,0,0.1912617734254056,0.5159749606982628,1.741564,1.937846,0.5,0.575689,0.494325,0.707867,0.75,1.0,0.783746,0.587809,0.094501,0.725688,1,ok,VOO,0.048005,0.048005,0.048005,0.0,0,0.177478,0.907179,0.138277,0.43996,part2a21_soft_caution_overlay,artifacts_part2_g532/predictions/g532_final_consensus_tape.csv
2023-12-06,0,0.1917581596481917,0.5275765508453845,1.961579,1.975677,0.75,0.57626,0.494358,0.727446,0.75,1.0,0.782114,0.586586,0.094756,0.72515,1,ok,VOO,0.048005,0.048005,0.048005,0.0,0,0.169773,0.903456,0.1453,0.453164,part2a21_soft_caution_overlay,artifacts_part2_g532/predictions/g532_final_consensus_tape.csv
2023-12-07,0,0.190377873887121,0.4945096296740495,1.483735,1.728959,0.5,0.570882,0.49405,0.600314,0.75,1.0,0.79748,0.59811,0.111357,0.691837,1,ok,VOO,0.048005,0.048005,0.048005,0.0,0,0.174912,0.912894,0.12095,0.407385,part2a21_soft_caution_overlay,artifacts_part2_g532/predictions/g532_final_consensus_tape.csv
2023-12-08,0,0.1917689516068581,0.524041261492992,1.804284,1.749866,0.5,0.57394,0.494225,0.610534,0.75,1.0,0.788742,0.591556,0.122626,0.670914,1,ok,VOO,0.048005,0.048005,0.048005,0.0,0,0.190257,0.912061,0.123474,0.412132,part2a21_soft_caution_overlay,artifacts_part2_g532/predictions/g532_final_consensus_tape.csv
2023-12-11,0,0.1898755263350563,0.4650629494008446,1.810774,1.699598,0.5,0.577576,0.494433,0.583649,0.75,1.0,0.778353,0.583765,0.115135,0.684679,1,ok,VOO,0.034992,0.034992,0.034992,0.0,0,0.196521,0.908622,0.133901,0.431734,part2a21_soft_caution_overlay,artifacts_part2_g532/predictions/g532_final_consensus_tape.csv
2023-12-12,0,0.1907215641747284,0.4808108742046648,1.838347,1.817802,0.5,0.566012,0.493772,0.647258,0.75,1.0,0.811394,0.608546,0.113721,0.687339,1,ok,VOO,0.034992,0.034992,0.034992,0.0,0,0.16089,0.916348,0.110476,0.387694,part2a21_soft_caution_overlay,artifacts_part2_g532/predictions/g532_final_consensus_tape.csv
2023-12-13,0,0.189614751212776,0.442633447145198,1.778046,1.809056,0.5,0.570017,0.494001,0.641994,0.75,1.0,0.799951,0.599963,0.108174,0.697984,1,ok,VOO,0.034992,0.034992,0.034992,0.0,0,0.169025,0.912812,0.121196,0.407848,part2a21_soft_caution_overlay,artifacts_part2_g532/predictions/g532_final_consensus_tape.csv
2023-12-14,0,0.1904084265100195,0.4653240602813074,2.207622,1.941338,0.75,0.574642,0.494265,0.70984,0.75,1.0,0.786736,0.590052,0.104386,0.705446,1,ok,VOO,0.034992,0.034992,0.034992,0.0,0,0.179396,0.908929,0.132969,0.429983,part2a21_soft_caution_overlay,artifacts_part2_g532/predictions/g532_final_consensus_tape.csv
2023-12-15,0,0.1898033229076039,0.4503517373858323,2.053343,2.013004,0.5,0.567075,0.493833,0.748052,0.75,1.0,0.808359,0.606269,0.102647,0.708924,1,ok,VOO,0.034992,0.034992,0.034992,0.0,0,0.15106,0.912959,0.12075,0.40701,part2a21_soft_caution_overlay,artifacts_part2_g532/predictions/g532_final_consensus_tape.csv
2023-12-18,0,0.1906729923702574,0.4883163946888665,1.985711,2.082226,0.5,0.564995,0.493714,0.784096,0.949297,1.0,0.8143,0.773013,0.109009,0.696362,1,ok,VOO,0.063312,0.063312,0.063312,0.0,0,0.163931,0.91829,0.104588,0.376625,part2a21_soft_caution_overlay,artifacts_part2_g532/predictions/g532_final_consensus_tape.csv
2023-12-19,0,0.1897517160276446,0.458886149920408,2.047553,2.028869,0.5,0.566518,0.493801,0.75633,0.75,1.0,0.809947,0.60746,0.098766,0.716813,1,ok,VOO,0.063312,0.063312,0.063312,0.0,0,0.16384,0.916294,0.11064,0.388003,part2a21_soft_caution_overlay,artifacts_part2_g532/predictions/g532_final_consensus_tape.csv
2023-12-20,0,0.1897269840847955,0.4709095291661709,2.541293,2.191519,0.75,0.588744,0.495071,0.838598,0.75,0.6,0.746446,0.335901,0.13956,0.64175,1,ok,VOO,0.063312,0.063312,0.063312,0.0,0,0.214294,0.886292,0.166834,0.493647,part2a21_soft_caution_overlay,artifacts_part2_g532/predictions/g532_final_consensus_tape.csv
2023-12-21,0,0.1901764291099323,0.4865622947234096,1.888132,2.158993,0.5,0.589646,0.495123,0.821495,0.75,0.6,0.74387,0.334741,0.143076,0.63601,1,ok,VOO,0.063312,0.063312,0.063312,0.0,0,0.230169,0.891395,0.160543,0.481822,part2a21_soft_caution_overlay,artifacts_part2_g532/predictions/g532_final_consensus_tape.csv
2023-12-22,0,0.1893387039509087,0.4459382739906142,2.182139,2.203855,0.5,0.58264,0.494722,0.845545,0.75,0.6,0.763887,0.343749,0.134083,0.650901,1,ok,VOO,0.063312,0.063312,0.063312,0.0,0,0.201354,0.899129,0.150831,0.463563,part2a21_soft_caution_overlay,artifacts_part2_g532/predictions/g532_final_consensus_tape.csv
2023-12-25,0,0.1893132237733787,0.4547902246481962,2.222765,2.097679,0.75,0.578886,0.494508,0.790579,0.75,1.0,0.774611,0.580958,0.132957,0.652816,1,ok,VOO,0.044975,0.044975,0.044975,0.0,0,0.194047,0.906416,0.14059,0.444309,part2a21_soft_caution_overlay,artifacts_part2_g532/predictions/g532_final_consensus_tape.csv
2023-12-26,0,0.1889984722016436,0.4418125220330155,2.106528,2.170477,0.5,0.579263,0.494529,0.828439,0.75,1.0,0.773534,0.580151,0.133377,0.6521,1,ok,VOO,0.044975,0.044975,0.044975,0.0,0,0.197773,0.906689,0.139763,0.442754,part2a21_soft_caution_overlay,artifacts_part2_g532/predictions/g532_final_consensus_tape.csv
2023-12-27,0,0.1960418592407697,0.6577119341741356,2.174047,2.16778,0.5,0.570117,0.494007,0.827855,0.75,1.0,0.799665,0.599749,0.136964,0.646054,1,ok,VOO,0.044975,0.044975,0.044975,0.0,0,0.162171,0.889304,0.125837,0.416574,part2a21_soft_caution_overlay,artifacts_part2_g532/predictions/g532_final_consensus_tape.csv
2023-12-28,0,0.203001724245953,0.6785153381142658,2.263913,2.181496,0.75,0.574309,0.494246,0.834603,0.75,1.0,0.787688,0.590766,0.135016,0.649324,1,ok,VOO,0.044975,0.044975,0.044975,0.0,0,0.183101,0.888141,0.129362,0.4232,part2a21_soft_caution_overlay,artifacts_part2_g532/predictions/g532_final_consensus_tape.csv
2023-12-29,0,0.1996193116330181,0.6661599320524637,2.320929,2.252963,0.75,0.571182,0.494068,0.871923,0.75,1.0,0.796624,0.597468,0.134884,0.649546,1,ok,VOO,0.044975,0.044975,0.044975,0.0,0,0.168857,0.889289,0.125882,0.416658,part2a21_soft_caution_overlay,artifacts_part2_g532/predictions/g532_final_consensus_tape.csv
2024-01-01,0,0.2024096342934532,0.6916650359606926,2.189184,2.258009,0.75,0.568996,0.493943,0.874681,0.75,1.0,0.802868,0.602151,0.129141,0.659386,1,ok,VOO,0.052094,0.052094,0.052094,0.0,0,0.160795,0.890477,0.122279,0.409884,part2a21_soft_caution_overlay,artifacts_part2_g532/predictions/g532_final_consensus_tape.csv
2024-01-02,0,0.2091458866016512,0.6908455042274375,2.613413,2.374509,0.75,0.584656,0.494837,0.934481,0.75,1.0,0.758127,0.568595,0.127588,0.662097,1,ok,VOO,0.052094,0.052094,0.052094,0.0,0,0.189267,0.784785,0.166257,0.492563,part2a21_soft_caution_overlay,artifacts_part2_g532/predictions/g532_final_consensus_tape.csv
2024-01-03,0,0.2136273909158733,0.7339811990214081,2.207263,2.33662,0.75,0.581226,0.494642,0.914852,0.75,1.0,0.767925,0.575944,0.092188,0.730593,1,ok,VOO,0.052094,0.052094,0.052094,0.0,0,0.179343,0.790728,0.158913,0.478756,part2a21_soft_caution_overlay,artifacts_part2_g532/predictions/g532_final_consensus_tape.csv
2024-01-04,0,0.2139939094744217,0.688780769869556,2.053339,2.291338,0.75,0.588242,0.495042,0.890854,0.75,0.6,0.747881,0.336547,0.071756,0.776986,1,ok,VOO,0.052094,0.052094,0.052094,0.0,0,0.201192,0.779258,0.172978,0.5052,part2a21_soft_caution_overlay,artifacts_part2_g532/predictions/g532_final_consensus_tape.csv
2024-01-05,0,0.2055383057498051,0.6230510235807686,1.938666,2.066423,0.5,0.580976,0.494627,0.774064,0.75,0.6,0.768639,0.345887,0.074668,0.770017,1,ok,VOO,0.052094,0.052094,0.052094,0.0,0,0.204711,0.883874,0.142205,0.447346,part2a21_soft_caution_overlay,artifacts_part2_g532/predictions/g532_final_consensus_tape.csv
2024-01-08,0,0.2022975364908801,0.6459083736745097,1.442596,1.811533,0.5,0.580038,0.494574,0.641417,0.75,1.0,0.771319,0.578489,0.0935,0.727802,1,ok,VOO,0.040508,0.040508,0.040508,0.0,0,0.196734,0.882905,0.143459,0.449703,part2a21_soft_caution_overlay,artifacts_part2_g532/predictions/g532_final_consensus_tape.csv
2024-01-09,0,0.2071315489718133,0.6770457206492866,2.049089,1.810117,0.5,0.577211,0.494412,0.641207,0.75,1.0,0.779398,0.584549,0.09304,0.728779,1,ok,VOO,0.040508,0.040508,0.040508,0.0,0,0.170382,0.798854,0.148664,0.459487,part2a21_soft_caution_overlay,artifacts_part2_g532/predictions/g532_final_consensus_tape.csv
2024-01-10,0,0.2111024173367824,0.7003095778049905,1.887068,1.792917,0.5,0.577471,0.494427,0.632212,0.75,1.0,0.778653,0.58399,0.093884,0.72699,1,ok,VOO,0.040508,0.040508,0.040508,0.0,0,0.168295,0.797031,0.150983,0.463849,part2a21_soft_caution_overlay,artifacts_part2_g532/predictions/g532_final_consensus_tape.csv
2024-01-11,0,0.2083967505277601,0.7119080647266193,1.997045,1.977734,0.5,0.5931,0.49532,0.726118,0.75,1.0,0.734001,0.550501,0.099397,0.715518,1,ok,VOO,0.040508,0.040508,0.040508,0.0,0,0.199441,0.762142,0.193182,0.543183,part2a21_soft_caution_overlay,artifacts_part2_g532/predictions/g532_final_consensus_tape.csv
2024-01-12,0,0.215574517747844,0.7295144851338774,1.992595,1.958902,0.75,0.594624,0.495407,0.716015,0.75,0.6,0.729646,0.328341,0.100414,0.713442,1,ok,VOO,0.040508,0.040508,0.040508,0.0,1,0.213961,0.764732,0.190181,0.53754,part2a21_soft_caution_overlay,artifacts_part2_g532/predictions/g532_final_consensus_tape.csv
2024-01-15,0,0.2141333127778928,0.72051758784833,2.004874,1.998171,0.75,0.564391,0.49368,0.740739,0.75,1.0,0.816025,0.612019,0.100414,0.713442,1,ok,VOO,0.048515,0.048515,0.048515,0.0,0,0.133325,0.810839,0.121183,0.407824,part2a21_soft_caution_overlay,artifacts_part2_g532/predictions/g532_final_consensus_tape.csv
2024-01-16,0,0.2199150075352628,0.7277186262532479,2.03621,2.011226,0.75,0.580184,0.494582,0.745406,0.75,1.0,0.770904,0.578178,0.100875,0.712504,1,ok,VOO,0.048515,0.048515,0.048515,0.0,0,0.178315,0.793498,0.155446,0.472239,part2a21_soft_caution_overlay,artifacts_part2_g532/predictions/g532_final_consensus_tape.csv
2024-01-17,0,0.2163137193525364,0.7202015840164605,2.161085,2.06739,0.75,0.585934,0.494911,0.773984,0.75,1.0,0.754474,0.565856,0.08345,0.749738,1,ok,VOO,0.048515,0.048515,0.048515,0.0,0,0.19721,0.784696,0.166366,0.492767,part2a21_soft_caution_overlay,artifacts_part2_g532/predictions/g532_final_consensus_tape.csv
2024-01-18,0,0.2033868550819339,0.6280618787906737,1.652408,1.949901,0.5,0.598597,0.495634,0.710688,0.75,0.6,0.718295,0.323233,0.095327,0.723951,1,ok,VOO,0.048515,0.048515,0.048515,0.0,1,0.261831,0.856625,0.176145,0.511153,part2a21_soft_caution_overlay,artifacts_part2_g532/predictions/g532_final_consensus_tape.csv
2024-01-19,0,0.2075602224927851,0.6562355440117222,1.558683,1.790726,0.5,0.586834,0.494962,0.629267,0.75,1.0,0.751903,0.563927,0.106013,0.702222,1,ok,VOO,0.048515,0.048515,0.048515,0.0,0,0.18108,0.773476,0.179905,0.51822,part2a21_soft_caution_overlay,artifacts_part2_g532/predictions/g532_final_consensus_tape.csv
2024-01-22,0,0.2098826002593563,0.6895531850727398,2.108034,1.773042,0.5,0.575267,0.494301,0.622307,0.75,1.0,0.784952,0.588714,0.099157,0.716011,1,ok,VOO,0.039348,0.039348,0.039348,0.0,0,0.180437,0.806353,0.134782,0.43339,part2a21_soft_caution_overlay,artifacts_part2_g532/predictions/g532_final_consensus_tape.csv
2024-01-23,0,0.2044551390596045,0.6426199607132123,2.029605,1.898774,0.5,0.56638,0.493793,0.689067,0.75,1.0,0.810343,0.607757,0.097158,0.720134,1,ok,VOO,0.039348,0.039348,0.039348,0.0,0,0.151234,0.891919,0.117908,0.401668,part2a21_soft_caution_overlay,artifacts_part2_g532/predictions/g532_final_consensus_tape.csv
2024-01-24,0,0.1906839119169569,0.3286704745411714,2.01047,2.04937,0.5,0.593445,0.49534,0.763642,0.75,0.6,0.733015,0.329857,0.093096,0.728659,1,ok,VOO,0.039348,0.039348,0.039348,0.0,0,0.224548,0.881726,0.178979,0.516481,part2a21_soft_caution_overlay,artifacts_part2_g532/predictions/g532_final_consensus_tape.csv
2024-01-25,0,0.1921002692375492,0.4242115582658143,2.1562,2.065425,0.5,0.585437,0.494882,0.773016,0.75,0.6,0.755893,0.340152,0.081631,0.753849,1,ok,VOO,0.039348,0.039348,0.039348,0.0,0,0.212048,0.901156,0.155213,0.471801,part2a21_soft_caution_overlay,artifacts_part2_g532/predictions/g532_final_consensus_tape.csv
2024-01-26,0,0.1913577860911765,0.3668380518090742,2.295981,2.154217,0.75,0.584815,0.494847,0.819452,0.75,0.6,0.75767,0.340952,0.076775,0.765053,1,ok,VOO,0.039348,0.039348,0.039348,0.0,0,0.213884,0.903996,0.151628,0.465061,part2a21_soft_caution_overlay,artifacts_part2_g532/predictions/g532_final_consensus_tape.csv
2024-01-29,0,0.1920529984434626,0.4117655914086209,1.807775,2.086652,0.5,0.583638,0.494779,0.784306,0.75,0.6,0.761033,0.342465,0.075347,0.76841,1,ok,VOO,0.030959,0.030959,0.030959,0.0,0,0.208038,0.904791,0.150619,0.463163,part2a21_soft_caution_overlay,artifacts_part2_g532/predictions/g532_final_consensus_tape.csv
2024-01-30,0,0.1909786224725627,0.3232803910273661,2.189684,2.097813,0.75,0.588267,0.495044,0.789622,0.75,0.6,0.747808,0.336514,0.080467,0.756505,1,ok,VOO,0.030959,0.030959,0.030959,0.0,0,0.219871,0.896117,0.161501,0.483623,part2a21_soft_caution_overlay,artifacts_part2_g532/predictions/g532_final_consensus_tape.csv
2024-01-31,0,0.192216929833169,0.4242705342574237,2.442946,2.146802,0.75,0.595479,0.495456,0.814548,0.75,0.6,0.727202,0.327241,0.161078,0.608157,1,ok,VOO,0.030959,0.030959,0.030959,0.0,0,0.235075,0.880481,0.18046,0.519265,part2a21_soft_caution_overlay,artifacts_part2_g532/predictions/g532_final_consensus_tape.csv
2024-02-01,0,0.1918136325752278,0.3851259315541997,1.448019,2.026883,0.5,0.592745,0.4953,0.751938,0.75,0.6,0.735013,0.330756,0.154918,0.617409,1,ok,VOO,0.030959,0.030959,0.030959,0.0,0,0.231696,0.88771,0.171795,0.502975,part2a21_soft_caution_overlay,artifacts_part2_g532/predictions/g532_final_consensus_tape.csv
2024-02-02,0,0.1900682381656027,0.2740891656097358,1.363791,1.751585,0.5,0.604713,0.495984,0.605118,0.75,0.6,0.700819,0.315369,0.185827,0.573622,1,ok,VOO,0.030959,0.030959,0.030959,0.0,1,0.26685,0.866203,0.197105,0.550558,part2a21_soft_caution_overlay,artifacts_part2_g532/predictions/g532_final_consensus_tape.csv
2024-02-05,0,0.1914051328166013,0.3629544080601634,1.9323,1.58137,0.75,0.596113,0.495492,0.517498,0.75,0.6,0.725391,0.326426,0.18663,0.572567,1,ok,VOO,0.014508,0.014508,0.014508,0.0,0,0.228163,0.874728,0.187239,0.53201,part2a21_soft_caution_overlay,artifacts_part2_g532/predictions/g532_final_consensus_tape.csv
2024-02-06,0,0.1912518602687085,0.3506703297487847,1.894059,1.73005,0.75,0.586163,0.494924,0.597693,0.75,0.6,0.75382,0.339219,0.186911,0.572199,1,ok,VOO,0.014508,0.014508,0.014508,0.0,0,0.202806,0.894258,0.163798,0.48794,part2a21_soft_caution_overlay,artifacts_part2_g532/predictions/g532_final_consensus_tape.csv
2024-02-07,0,0.1904371665663295,0.3126108197098628,1.542671,1.789676,0.5,0.584063,0.494804,0.629255,0.75,1.0,0.75982,0.569865,0.191606,0.566115,1,ok,VOO,0.014508,0.014508,0.014508,0.0,0,0.182028,0.890494,0.168412,0.496615,part2a21_soft_caution_overlay,artifacts_part2_g532/predictions/g532_final_consensus_tape.csv
2024-02-08,0,0.1903099362947995,0.3140885826147157,1.868842,1.768524,0.5,0.581323,0.494647,0.61876,0.75,1.0,0.767649,0.575737,0.191758,0.565921,1,ok,VOO,0.014508,0.014508,0.014508,0.0,0,0.18187,0.89915,0.157727,0.476527,part2a21_soft_caution_overlay,artifacts_part2_g532/predictions/g532_final_consensus_tape.csv
2024-02-09,0,0.1919234996273017,0.4278475661639138,1.684812,1.698775,0.5,0.584465,0.494827,0.581723,0.75,1.0,0.758672,0.569004,0.19326,0.564003,1,ok,VOO,0.014508,0.014508,0.014508,0.0,0,0.184293,0.890349,0.168589,0.496948,part2a21_soft_caution_overlay,artifacts_part2_g532/predictions/g532_final_consensus_tape.csv
2024-02-12,0,0.1912383501136263,0.3457022703318433,2.090918,1.881524,0.75,0.593804,0.49536,0.675545,0.75,0.6,0.731987,0.329394,0.19439,0.56257,1,ok,VOO,0.018777,0.018777,0.018777,0.0,0,0.224824,0.88068,0.180223,0.518819,part2a21_soft_caution_overlay,artifacts_part2_g532/predictions/g532_final_consensus_tape.csv
2024-02-13,0,0.1900857829137494,0.3022901666792524,2.417881,2.064537,0.75,0.610107,0.496292,0.769583,0.75,0.6,0.685409,0.308434,0.195199,0.561546,1,ok,VOO,0.018777,0.018777,0.018777,0.0,1,0.260528,0.850262,0.230017,0.584236,part2a21_soft_caution_overlay,artifacts_part2_g532/predictions/g532_final_consensus_tape.csv
2024-02-14,0,0.1912649400592661,0.3497439644266903,1.643259,2.050686,0.5,0.603332,0.495905,0.763104,0.75,0.6,0.704767,0.317145,0.121657,0.672663,1,ok,VOO,0.018777,0.018777,0.018777,0.0,0,0.25922,0.866821,0.196397,0.549226,part2a21_soft_caution_overlay,artifacts_part2_g532/predictions/g532_final_consensus_tape.csv
2024-02-15,0,0.1919135440957586,0.3975232994765151,1.885672,1.982271,0.5,0.593697,0.495354,0.728412,0.75,0.6,0.732294,0.329532,0.121711,0.672565,1,ok,VOO,0.018777,0.018777,0.018777,0.0,0,0.223345,0.880264,0.180717,0.519749,part2a21_soft_caution_overlay,artifacts_part2_g532/predictions/g532_final_consensus_tape.csv
2024-02-16,0,0.1915151023309203,0.3636807651970193,2.210597,1.913176,0.75,0.605332,0.496019,0.690276,0.75,0.6,0.699052,0.314573,0.072264,0.775762,1,ok,VOO,0.018777,0.018777,0.018777,0.0,0,0.25902,0.85979,0.204393,0.564259,part2a21_soft_caution_overlay,artifacts_part2_g532/predictions/g532_final_consensus_tape.csv
2024-02-19,0,0.191358004428344,0.3619390518714849,1.935171,2.01048,0.75,0.592543,0.495288,0.743365,0.75,0.6,0.735591,0.331016,0.071303,0.778081,1,ok,VOO,0.028719,0.028719,0.028719,0.0,0,0.213673,0.879037,0.18217,0.522481,part2a21_soft_caution_overlay,artifacts_part2_g532/predictions/g532_final_consensus_tape.csv
2024-02-20,0,0.1903719894913347,0.3023277933549603,2.165861,2.103877,0.75,0.602999,0.495886,0.791184,0.75,0.6,0.705718,0.317573,0.083541,0.749534,1,ok,VOO,0.028719,0.028719,0.028719,0.0,0,0.241539,0.858321,0.206046,0.567367,part2a21_soft_caution_overlay,artifacts_part2_g532/predictions/g532_final_consensus_tape.csv
2024-02-21,0,0.181364674842793,0.3277527046023757,2.006021,2.035685,0.75,0.582293,0.494702,0.75788,0.75,0.6,0.764876,0.344194,0.072093,0.776174,1,ok,VOO,0.028719,0.028719,0.028719,0.0,1,0.114277,0.625706,0.203442,0.562472,part2a21_soft_caution_overlay,artifacts_part2_g532/predictions/g532_final_consensus_tape.csv
2024-02-22,0,0.177340663951819,0.2702472047317446,1.062903,1.744928,0.5,0.581032,0.49463,0.606522,0.75,0.6,0.768481,0.345817,0.121471,0.673,1,ok,VOO,0.028719,0.028719,0.028719,0.0,0,0.116415,0.631236,0.197151,0.550645,part2a21_soft_caution_overlay,artifacts_part2_g532/predictions/g532_final_consensus_tape.csv
2024-02-23,0,0.1808661027996511,0.3204599775536048,1.941582,1.670169,0.75,0.578103,0.494463,0.568223,0.75,1.0,0.776848,0.582636,0.123359,0.669597,1,ok,VOO,0.028719,0.028719,0.028719,0.0,0,0.120435,0.643295,0.183135,0.524294,part2a21_soft_caution_overlay,artifacts_part2_g532/predictions/g532_final_consensus_tape.csv
2024-02-26,0,0.1796264888122435,0.3028787301155352,1.895146,1.63321,0.75,0.580312,0.494589,0.548474,0.75,1.0,0.770538,0.577904,0.12398,0.668486,1,ok,VOO,0.031783,0.031783,0.031783,0.0,0,0.118066,0.634591,0.193295,0.543394,part2a21_soft_caution_overlay,artifacts_part2_g532/predictions/g532_final_consensus_tape.csv
2024-02-27,0,0.1827233698105381,0.3429610374785365,1.878788,1.905172,0.5,0.577397,0.494423,0.690613,0.75,1.0,0.778865,0.584149,0.121333,0.67325,1,ok,VOO,0.031783,0.031783,0.031783,0.0,0,0.112533,0.641494,0.185255,0.528279,part2a21_soft_caution_overlay,artifacts_part2_g532/predictions/g532_final_consensus_tape.csv
2024-02-28,0,0.1837623856924566,0.3603573530384309,2.033131,1.935689,0.75,0.578736,0.494499,0.706281,0.75,1.0,0.775041,0.581281,0.125323,0.666094,1,ok,VOO,0.031783,0.031783,0.031783,0.0,0,0.113898,0.637713,0.189676,0.536591,part2a21_soft_caution_overlay,artifacts_part2_g532/predictions/g532_final_consensus_tape.csv
2024-02-29,0,0.1820370074959461,0.3320801610205031,1.689375,1.867098,0.5,0.574008,0.494229,0.671389,0.75,1.0,0.78855,0.591412,0.124501,0.667554,1,ok,VOO,0.031783,0.031783,0.031783,0.0,0,0.107875,0.65029,0.174803,0.508629,part2a21_soft_caution_overlay,artifacts_part2_g532/predictions/g532_final_consensus_tape.csv
2024-03-01,0,0.185488303418415,0.3808768605247821,1.535106,1.752537,0.5,0.572152,0.494123,0.612281,0.75,1.0,0.793851,0.595388,0.125446,0.665875,1,ok,VOO,0.031783,0.031783,0.031783,0.0,0,0.10341,0.654044,0.170267,0.500102,part2a21_soft_caution_overlay,artifacts_part2_g532/predictions/g532_final_consensus_tape.csv
2024-03-04,0,0.1821477265826432,0.3333936379861293,2.117021,1.780501,0.75,0.576452,0.494369,0.625952,0.75,1.0,0.781565,0.586174,0.12516,0.666382,1,ok,VOO,0.036676,0.036676,0.036676,0.0,0,0.116598,0.646769,0.179016,0.516551,part2a21_soft_caution_overlay,artifacts_part2_g532/predictions/g532_final_consensus_tape.csv
2024-03-05,0,0.1893697005709771,0.4423010997752263,2.408512,2.020213,0.75,0.57968,0.494553,0.750153,0.75,1.0,0.772344,0.579258,0.149171,0.626299,1,ok,VOO,0.036676,0.036676,0.036676,0.0,0,0.114568,0.634867,0.192976,0.542794,part2a21_soft_caution_overlay,artifacts_part2_g532/predictions/g532_final_consensus_tape.csv
2024-03-06,0,0.1867495038918984,0.4035444711917901,1.693359,2.072964,0.5,0.583327,0.494762,0.777199,0.75,0.6,0.761922,0.342865,0.148487,0.627373,1,ok,VOO,0.036676,0.036676,0.036676,0.0,1,0.113863,0.62186,0.207768,0.570603,part2a21_soft_caution_overlay,artifacts_part2_g532/predictions/g532_final_consensus_tape.csv
2024-03-07,0,0.1812254518681183,0.318236843742377,1.478308,1.86006,0.5,0.581767,0.494672,0.666391,0.75,0.6,0.766379,0.344871,0.109722,0.694981,1,ok,VOO,0.036676,0.036676,0.036676,0.0,0,0.113495,0.627106,0.201857,0.559492,part2a21_soft_caution_overlay,artifacts_part2_g532/predictions/g532_final_consensus_tape.csv
2024-03-08,0,0.1891564117658785,0.4410356406521785,2.286817,1.819495,0.75,0.583444,0.494768,0.644933,0.75,0.6,0.76159,0.342715,0.113002,0.688701,1,ok,VOO,0.036676,0.036676,0.036676,0.0,1,0.113043,0.620996,0.208734,0.57242,part2a21_soft_caution_overlay,artifacts_part2_g532/predictions/g532_final_consensus_tape.csv
2024-03-11,0,0.1810051364064309,0.3179208402233114,1.952488,1.905871,0.75,0.590397,0.495166,0.688873,0.75,0.6,0.741724,0.333776,0.112838,0.689013,1,ok,VOO,0.023764,0.023764,0.023764,0.0,1,0.123126,0.613029,0.243051,0.589008,part2a21_soft_caution_overlay,artifacts_part2_g532/predictions/g532_final_consensus_tape.csv
2024-03-12,0,0.188919302140806,0.4373631959142418,1.420075,1.88646,0.5,0.57397,0.494227,0.681448,0.75,1.0,0.788657,0.591493,0.135406,0.648667,1,ok,VOO,0.023764,0.023764,0.023764,0.0,0,0.106916,0.649919,0.175249,0.509468,part2a21_soft_caution_overlay,artifacts_part2_g532/predictions/g532_final_consensus_tape.csv
2024-03-13,0,0.1867995857601647,0.4068607308168356,2.035227,1.802597,0.75,0.572479,0.494142,0.638186,0.75,1.0,0.792918,0.594688,0.131585,0.655163,1,ok,VOO,0.023764,0.023764,0.023764,0.0,0,0.104093,0.653333,0.17113,0.501724,part2a21_soft_caution_overlay,artifacts_part2_g532/predictions/g532_final_consensus_tape.csv
2024-03-14,0,0.1807671155947737,0.318328462992099,1.814588,1.75663,0.75,0.57471,0.494269,0.613892,0.75,1.0,0.786543,0.589907,0.133179,0.652437,1,ok,VOO,0.023764,0.023764,0.023764,0.0,0,0.114239,0.651271,0.173622,0.50641,part2a21_soft_caution_overlay,artifacts_part2_g532/predictions/g532_final_consensus_tape.csv
2024-03-15,0,0.1793576550582078,0.2978381896300585,2.096021,1.981945,0.75,0.572554,0.494146,0.731222,0.75,1.0,0.792703,0.594527,0.135511,0.64849,1,ok,VOO,0.023764,0.023764,0.023764,0.0,0,0.10637,0.654252,0.170014,0.499627,part2a21_soft_caution_overlay,artifacts_part2_g532/predictions/g532_final_consensus_tape.csv
2024-03-18,0,0.1846571203651062,0.3735674785922198,1.490244,1.800284,0.5,0.574877,0.494279,0.636534,0.75,1.0,0.786065,0.589549,0.139929,0.641143,1,ok,VOO,0.03609,0.03609,0.03609,0.0,0,0.109307,0.648175,0.177338,0.513395,part2a21_soft_caution_overlay,artifacts_part2_g532/predictions/g532_final_consensus_tape.csv
2024-03-19,0,0.1863487322603819,0.3986798666144884,1.66801,1.751425,0.5,0.573576,0.494204,0.611417,0.75,1.0,0.789783,0.592337,0.101102,0.712043,1,ok,VOO,0.03609,0.03609,0.03609,0.0,0,0.11318,0.654415,0.169816,0.499254,part2a21_soft_caution_overlay,artifacts_part2_g532/predictions/g532_final_consensus_tape.csv
2024-03-20,0,0.193806832887267,0.3047847129388635,1.444331,1.534195,0.5,0.577561,0.494432,0.497615,0.75,1.0,0.778397,0.583798,0.102448,0.709324,1,ok,VOO,0.03609,0.03609,0.03609,0.0,0,0.148462,0.757701,0.163629,0.487623,part2a21_soft_caution_overlay,artifacts_part2_g532/predictions/g532_final_consensus_tape.csv
2024-03-21,0,0.1927968455069351,0.3442939702926335,1.717479,1.60994,0.5,0.57923,0.494527,0.536613,0.75,1.0,0.773629,0.580222,0.098912,0.716513,1,ok,VOO,0.03609,0.03609,0.03609,0.0,0,0.152419,0.754348,0.167744,0.49536,part2a21_soft_caution_overlay,artifacts_part2_g532/predictions/g532_final_consensus_tape.csv
2024-03-22,0,0.1936467337841168,0.2752143711226858,1.730253,1.630688,0.5,0.576687,0.494382,0.548013,0.75,1.0,0.780894,0.585671,0.097216,0.720014,1,ok,VOO,0.03609,0.03609,0.03609,0.0,0,0.148416,0.760457,0.160218,0.481211,part2a21_soft_caution_overlay,artifacts_part2_g532/predictions/g532_final_consensus_tape.csv
2024-03-25,0,0.1935390124970383,0.3390629193766695,1.879091,1.775608,0.75,0.575442,0.494311,0.623606,0.75,1.0,0.78445,0.588338,0.097504,0.719417,1,ok,VOO,0.039592,0.039592,0.039592,0.0,0,0.155217,0.767714,0.151105,0.464078,part2a21_soft_caution_overlay,artifacts_part2_g532/predictions/g532_final_consensus_tape.csv
2024-03-26,0,0.1940167274038388,0.2748269566598642,1.843394,1.817579,0.75,0.579972,0.49457,0.644578,0.75,1.0,0.771508,0.578631,0.077522,0.763309,1,ok,VOO,0.039592,0.039592,0.039592,0.0,0,0.153504,0.752501,0.169994,0.499589,part2a21_soft_caution_overlay,artifacts_part2_g532/predictions/g532_final_consensus_tape.csv
2024-03-27,0,0.1938392528359914,0.2507288683770932,1.660616,1.794367,0.5,0.578834,0.494505,0.632706,0.75,1.0,0.774759,0.581069,0.079879,0.757854,1,ok,VOO,0.039592,0.039592,0.039592,0.0,0,0.167006,0.76292,0.157147,0.475436,part2a21_soft_caution_overlay,artifacts_part2_g532/predictions/g532_final_consensus_tape.csv
2024-03-28,0,0.1938963371290767,0.2356279999161027,1.826018,1.776676,0.75,0.575955,0.49434,0.624061,0.75,1.0,0.782987,0.58724,0.076988,0.764553,1,ok,VOO,0.039592,0.039592,0.039592,0.0,0,0.144057,0.760602,0.160038,0.480871,part2a21_soft_caution_overlay,artifacts_part2_g532/predictions/g532_final_consensus_tape.csv
2024-03-29,0,0.1936072745658527,0.237041615196389,1.767657,1.75143,0.75,0.577012,0.494401,0.610726,0.75,1.0,0.779966,0.584974,0.06934,0.782864,1,ok,VOO,0.039592,0.039592,0.039592,0.0,0,0.15034,0.760387,0.160305,0.481374,part2a21_soft_caution_overlay,artifacts_part2_g532/predictions/g532_final_consensus_tape.csv
2024-04-01,0,0.193552019475896,0.3123516415038332,1.744775,1.779483,0.5,0.581601,0.494663,0.624418,0.75,1.0,0.766854,0.57514,0.070235,0.780676,1,ok,VOO,0.042054,0.042054,0.042054,0.0,0,0.163814,0.752485,0.170014,0.499626,part2a21_soft_caution_overlay,artifacts_part2_g532/predictions/g532_final_consensus_tape.csv
2024-04-02,0,0.1948577870622893,0.2290953939626376,2.011068,1.841166,0.75,0.58847,0.495055,0.655337,0.75,1.0,0.747229,0.560422,0.075799,0.767345,1,ok,VOO,0.042054,0.042054,0.042054,0.0,0,0.174829,0.735479,0.190218,0.537609,part2a21_soft_caution_overlay,artifacts_part2_g532/predictions/g532_final_consensus_tape.csv
2024-04-03,0,0.1944040160087877,0.265014172263702,1.695331,1.817058,0.5,0.578818,0.494504,0.64452,0.75,1.0,0.774807,0.581105,0.069296,0.782972,1,ok,VOO,0.042054,0.042054,0.042054,0.0,0,0.155356,0.757155,0.164302,0.488887,part2a21_soft_caution_overlay,artifacts_part2_g532/predictions/g532_final_consensus_tape.csv
2024-04-04,0,0.1934532923744976,0.2330859513506045,2.152174,1.952858,0.75,0.595726,0.49547,0.712677,0.75,0.6,0.726498,0.326924,0.103282,0.707649,1,ok,VOO,0.042054,0.042054,0.042054,0.0,1,0.186805,0.716882,0.21135,0.577338,part2a21_soft_caution_overlay,artifacts_part2_g532/predictions/g532_final_consensus_tape.csv
2024-04-05,0,0.1942715546798832,0.2407256712498596,1.358025,1.735177,0.5,0.592299,0.495274,0.599086,0.75,0.6,0.736288,0.33133,0.136515,0.646806,1,ok,VOO,0.042054,0.042054,0.042054,0.0,0,0.176537,0.723241,0.204229,0.563951,part2a21_soft_caution_overlay,artifacts_part2_g532/predictions/g532_final_consensus_tape.csv
2024-04-08,0,0.193127804747843,0.3472769194735927,1.785277,1.765159,0.75,0.590088,0.495148,0.615249,0.75,1.0,0.742607,0.556955,0.136851,0.646243,1,ok,VOO,0.033217,0.033217,0.033217,0.0,0,0.175309,0.730223,0.196286,0.549019,part2a21_soft_caution_overlay,artifacts_part2_g532/predictions/g532_final_consensus_tape.csv
2024-04-09,0,0.1942158836609209,0.2614965856570641,1.738977,1.627426,0.5,0.591077,0.495204,0.542897,0.75,1.0,0.73978,0.554835,0.135429,0.648628,1,ok,VOO,0.033217,0.033217,0.033217,0.0,1,0.185584,0.732375,0.193811,0.544365,part2a21_soft_caution_overlay,artifacts_part2_g532/predictions/g532_final_consensus_tape.csv
2024-04-10,0,0.1942793897587182,0.2985103131280345,2.082076,1.868777,0.75,0.588961,0.495083,0.669696,0.75,1.0,0.745825,0.559369,0.134581,0.650059,1,ok,VOO,0.033217,0.033217,0.033217,0.0,0,0.174965,0.733885,0.192066,0.541085,part2a21_soft_caution_overlay,artifacts_part2_g532/predictions/g532_final_consensus_tape.csv
2024-04-11,0,0.1933891923617824,0.3266050481513005,1.382194,1.734416,0.5,0.588378,0.49505,0.599511,0.75,1.0,0.74749,0.560618,0.140033,0.640972,1,ok,VOO,0.033217,0.033217,0.033217,0.0,0,0.178756,0.737877,0.187423,0.532355,part2a21_soft_caution_overlay,artifacts_part2_g532/predictions/g532_final_consensus_tape.csv
2024-04-12,0,0.1929495947066555,0.4217762260266093,2.235539,1.899937,0.75,0.591623,0.495236,0.685563,0.75,0.6,0.738219,0.332198,0.171183,0.593566,1,ok,VOO,0.033217,0.033217,0.033217,0.0,1,0.183165,0.729198,0.197461,0.551227,part2a21_soft_caution_overlay,artifacts_part2_g532/predictions/g532_final_consensus_tape.csv
2024-04-15,0,0.1932355954833712,0.4067580114270209,2.241116,1.95295,0.75,0.585265,0.494872,0.714295,0.75,0.6,0.756387,0.340374,0.167593,0.598668,1,ok,VOO,0.021833,0.021833,0.021833,0.0,1,0.135054,0.644986,0.202257,0.560243,part2a21_soft_caution_overlay,artifacts_part2_g532/predictions/g532_final_consensus_tape.csv
2024-04-16,0,0.1954282467951797,0.3283742134388481,1.724458,2.067038,0.75,0.588607,0.495063,0.773483,0.75,1.0,0.746838,0.560128,0.167666,0.598564,1,ok,VOO,0.021833,0.021833,0.021833,0.0,0,0.17026,0.732569,0.193588,0.543946,part2a21_soft_caution_overlay,artifacts_part2_g532/predictions/g532_final_consensus_tape.csv
2024-04-17,0,0.2018112787156042,0.6790608106975671,1.990489,1.985354,0.75,0.604266,0.495958,0.728524,0.75,0.6,0.702099,0.315944,0.177182,0.585231,1,ok,VOO,0.021833,0.021833,0.021833,0.0,0,0.258072,0.862978,0.200784,0.557474,part2a21_soft_caution_overlay,artifacts_part2_g532/predictions/g532_final_consensus_tape.csv
2024-04-18,0,0.20294460904786,0.6904117308007828,1.801999,1.838982,0.75,0.599896,0.495708,0.652115,0.75,0.6,0.714582,0.321562,0.160036,0.609702,1,ok,VOO,0.021833,0.021833,0.021833,0.0,0,0.246633,0.871776,0.190679,0.538476,part2a21_soft_caution_overlay,artifacts_part2_g532/predictions/g532_final_consensus_tape.csv
2024-04-19,0,0.1918801675334085,0.5635322572884514,2.212975,2.001821,0.75,0.601161,0.495781,0.73764,0.75,0.6,0.710969,0.319936,0.131731,0.654912,1,ok,VOO,0.021833,0.021833,0.021833,0.0,0,0.241916,0.864913,0.19858,0.55333,part2a21_soft_caution_overlay,artifacts_part2_g532/predictions/g532_final_consensus_tape.csv
2024-04-22,0,0.2009124211799667,0.6832729308663944,1.336607,1.78386,0.5,0.596421,0.49551,0.623793,0.75,0.6,0.724511,0.32603,0.141812,0.638061,1,ok,VOO,0.019465,0.019465,0.019465,0.0,0,0.225032,0.872023,0.190392,0.537937,part2a21_soft_caution_overlay,artifacts_part2_g532/predictions/g532_final_consensus_tape.csv
2024-04-23,0,0.1927281351650328,0.5797371783584467,1.207806,1.585796,0.5,0.592286,0.495273,0.520786,0.75,0.6,0.736325,0.331346,0.157581,0.613375,1,ok,VOO,0.019465,0.019465,0.019465,0.0,0,0.213499,0.8798,0.181268,0.520784,part2a21_soft_caution_overlay,artifacts_part2_g532/predictions/g532_final_consensus_tape.csv
2024-04-24,0,0.1995351559286816,0.6661741865160326,1.658521,1.400978,0.5,0.596005,0.495486,0.422781,0.75,0.6,0.7257,0.326565,0.156597,0.61486,1,ok,VOO,0.019465,0.019465,0.019465,0.0,0,0.234123,0.878234,0.18312,0.524265,part2a21_soft_caution_overlay,artifacts_part2_g532/predictions/g532_final_consensus_tape.csv
2024-04-25,0,0.196331517443252,0.618994065921184,1.929569,1.598632,0.75,0.59631,0.495503,0.526515,0.75,0.6,0.724829,0.326173,0.147031,0.629674,1,ok,VOO,0.019465,0.019465,0.019465,0.0,0,0.226812,0.873348,0.18885,0.535039,part2a21_soft_caution_overlay,artifacts_part2_g532/predictions/g532_final_consensus_tape.csv
2024-04-26,0,0.1978757652104326,0.6427128136413189,1.293661,1.62725,0.5,0.58963,0.495122,0.543151,0.75,0.6,0.743916,0.334762,0.123981,0.668483,1,ok,VOO,0.019465,0.019465,0.019465,0.0,0,0.211331,0.887412,0.172156,0.503653,part2a21_soft_caution_overlay,artifacts_part2_g532/predictions/g532_final_consensus_tape.csv
2024-04-29,0,0.195726853716879,0.6213223410404985,1.673464,1.632231,0.5,0.590988,0.495199,0.545436,0.75,0.6,0.740035,0.333016,0.118431,0.678554,1,ok,VOO,0.018488,0.018488,0.018488,0.0,0,0.21411,0.884403,0.175779,0.510465,part2a21_soft_caution_overlay,artifacts_part2_g532/predictions/g532_final_consensus_tape.csv
2024-04-30,0,0.1974219134429541,0.6285207573686725,2.320949,1.762691,0.75,0.593865,0.495364,0.613192,0.75,0.6,0.731813,0.329316,0.132889,0.65293,1,ok,VOO,0.018488,0.018488,0.018488,0.0,0,0.221527,0.878753,0.182507,0.523113,part2a21_soft_caution_overlay,artifacts_part2_g532/predictions/g532_final_consensus_tape.csv
2024-05-01,0,0.1971541225228625,0.6294268271838674,1.898129,1.964181,0.75,0.593083,0.495319,0.719013,0.75,0.6,0.734048,0.330322,0.121892,0.672238,1,ok,VOO,0.018488,0.018488,0.018488,0.0,0,0.222604,0.88191,0.17876,0.51607,part2a21_soft_caution_overlay,artifacts_part2_g532/predictions/g532_final_consensus_tape.csv
2024-05-02,0,0.1953745305860194,0.6192519577642136,1.318731,1.845936,0.5,0.590822,0.49519,0.657411,0.75,0.6,0.740508,0.333229,0.123889,0.668647,1,ok,VOO,0.018488,0.018488,0.018488,0.0,0,0.215695,0.885763,0.174145,0.507393,part2a21_soft_caution_overlay,artifacts_part2_g532/predictions/g532_final_consensus_tape.csv
2024-05-03,0,0.2025316952338207,0.7062535465494125,1.14646,1.45444,0.5,0.579525,0.494544,0.455572,0.75,1.0,0.772786,0.57959,0.113087,0.688541,1,ok,VOO,0.018488,0.018488,0.018488,0.0,0,0.178866,0.903297,0.152513,0.466724,part2a21_soft_caution_overlay,artifacts_part2_g532/predictions/g532_final_consensus_tape.csv
2024-05-06,0,0.204596954547309,0.7298280742836037,1.405382,1.290191,0.5,0.580179,0.494582,0.369832,0.75,1.0,0.770916,0.578187,0.114136,0.686557,1,ok,VOO,0.022021,0.022021,0.022021,0.0,0,0.177966,0.900811,0.155647,0.472616,part2a21_soft_caution_overlay,artifacts_part2_g532/predictions/g532_final_consensus_tape.csv
2024-05-07,0,0.2022401018533272,0.7024088894502079,1.701984,1.417942,0.75,0.578613,0.494492,0.436835,0.75,1.0,0.775391,0.581543,0.103119,0.707977,1,ok,VOO,0.022021,0.022021,0.022021,0.0,0,0.176152,0.9048,0.150607,0.463142,part2a21_soft_caution_overlay,artifacts_part2_g532/predictions/g532_final_consensus_tape.csv
2024-05-08,0,0.1989926540048538,0.6678487647443397,1.71608,1.607815,0.75,0.579559,0.494546,0.535427,0.75,1.0,0.772689,0.579517,0.103347,0.707521,1,ok,VOO,0.022021,0.022021,0.022021,0.0,0,0.180294,0.903891,0.151761,0.465311,part2a21_soft_caution_overlay,artifacts_part2_g532/predictions/g532_final_consensus_tape.csv
2024-05-09,0,0.1962703338801414,0.6367416087447009,1.57493,1.664331,0.5,0.580307,0.494589,0.564686,0.75,1.0,0.77055,0.577913,0.103369,0.707475,1,ok,VOO,0.022021,0.022021,0.022021,0.0,0,0.17459,0.898737,0.158243,0.477497,part2a21_soft_caution_overlay,artifacts_part2_g532/predictions/g532_final_consensus_tape.csv
2024-05-10,0,0.1964092786189479,0.6428498610481835,1.599758,1.630256,0.5,0.581414,0.494652,0.546674,0.75,1.0,0.767387,0.57554,0.09983,0.714632,1,ok,VOO,0.022021,0.022021,0.022021,0.0,0,0.183664,0.899751,0.156975,0.475113,part2a21_soft_caution_overlay,artifacts_part2_g532/predictions/g532_final_consensus_tape.csv
2024-05-13,0,0.1939249989857883,0.596006137699892,1.620237,1.598308,0.5,0.597379,0.495565,0.526079,0.75,0.6,0.721774,0.324798,0.100128,0.714025,1,ok,VOO,0.018301,0.018301,0.018301,0.0,0,0.238101,0.875733,0.186062,0.529796,part2a21_soft_caution_overlay,artifacts_part2_g532/predictions/g532_final_consensus_tape.csv
2024-05-14,0,0.1904803620813263,0.5644814937310744,1.496075,1.572023,0.5,0.594143,0.49538,0.513092,0.75,0.6,0.731019,0.328959,0.073367,0.773116,1,ok,VOO,0.018301,0.018301,0.018301,0.0,0,0.230244,0.882382,0.178197,0.51501,part2a21_soft_caution_overlay,artifacts_part2_g532/predictions/g532_final_consensus_tape.csv
2024-05-15,0,0.2000337298093545,0.6317691175061132,1.201386,1.439233,0.5,0.577407,0.494423,0.448262,0.75,1.0,0.778838,0.584129,0.051133,0.830198,1,ok,VOO,0.018301,0.018301,0.018301,0.0,0,0.180249,0.934662,0.143319,0.44944,part2a21_soft_caution_overlay,artifacts_part2_g532/predictions/g532_final_consensus_tape.csv
2024-05-16,0,0.1930393159484389,0.510245648966328,1.734765,1.477409,0.75,0.582156,0.494695,0.466802,0.75,1.0,0.765268,0.573951,0.053436,0.823897,1,ok,VOO,0.018301,0.018301,0.018301,0.0,0,0.19272,0.926073,0.15428,0.470047,part2a21_soft_caution_overlay,artifacts_part2_g532/predictions/g532_final_consensus_tape.csv
2024-05-17,0,0.1943012081672345,0.5328728758544125,1.685596,1.540583,0.75,0.579531,0.494545,0.500426,0.75,1.0,0.77277,0.579577,0.050099,0.833058,1,ok,VOO,0.018301,0.018301,0.018301,0.0,0,0.192215,0.933933,0.144261,0.451211,part2a21_soft_caution_overlay,artifacts_part2_g532/predictions/g532_final_consensus_tape.csv
2024-05-20,0,0.1977947060608982,0.5935625577503346,1.554515,1.658292,0.5,0.582846,0.494734,0.56096,0.75,0.6,0.763297,0.343484,0.035341,0.876146,1,ok,VOO,0.025322,0.025322,0.025322,0.0,0,0.205691,0.930273,0.148956,0.460037,part2a21_soft_caution_overlay,artifacts_part2_g532/predictions/g532_final_consensus_tape.csv
2024-05-21,0,0.1912961083419375,0.4831417053993144,1.623429,1.62118,0.5,0.579486,0.494542,0.542404,0.75,1.0,0.772898,0.579673,0.032505,0.884941,1,ok,VOO,0.025322,0.025322,0.025322,0.0,0,0.182336,0.92929,0.150208,0.462391,part2a21_soft_caution_overlay,artifacts_part2_g532/predictions/g532_final_consensus_tape.csv
2024-05-22,0,0.1901250172321739,0.4640507004082029,1.71177,1.629905,0.75,0.581818,0.494675,0.546396,0.75,1.0,0.766233,0.574675,0.037563,0.869374,1,ok,VOO,0.025322,0.025322,0.025322,0.0,0,0.191633,0.926593,0.153625,0.468815,part2a21_soft_caution_overlay,artifacts_part2_g532/predictions/g532_final_consensus_tape.csv
2024-05-23,0,0.1997769195081268,0.6307974986661279,1.809207,1.714802,0.75,0.58907,0.49509,0.589102,0.75,0.6,0.745513,0.335481,0.04669,0.84263,1,ok,VOO,0.025322,0.025322,0.025322,0.0,0,0.209847,0.912645,0.170875,0.501246,part2a21_soft_caution_overlay,artifacts_part2_g532/predictions/g532_final_consensus_tape.csv
2024-05-24,0,0.193609252370201,0.5220889844659538,1.446407,1.655794,0.5,0.581397,0.494651,0.559989,0.75,1.0,0.767436,0.575577,0.048947,0.836268,1,ok,VOO,0.025322,0.025322,0.025322,0.0,0,0.199982,0.931964,0.146793,0.455972,part2a21_soft_caution_overlay,artifacts_part2_g532/predictions/g532_final_consensus_tape.csv
2024-05-27,0,0.192766596043869,0.5075325465731223,1.732427,1.66268,0.75,0.577118,0.494407,0.56455,0.75,1.0,0.779664,0.584748,0.047731,0.839685,1,ok,VOO,0.041579,0.041579,0.041579,0.0,0,0.190115,0.937578,0.136067,0.435806,part2a21_soft_caution_overlay,artifacts_part2_g532/predictions/g532_final_consensus_tape.csv
2024-05-28,0,0.1970662650257561,0.5879041162860521,1.592422,1.590419,0.5,0.590134,0.495151,0.523746,0.75,0.6,0.742473,0.334113,0.054124,0.822033,1,ok,VOO,0.041579,0.041579,0.041579,0.0,0,0.219209,0.913974,0.16926,0.498209,part2a21_soft_caution_overlay,artifacts_part2_g532/predictions/g532_final_consensus_tape.csv
2024-05-29,0,0.1923918358671709,0.5101103840299736,1.883787,1.736212,0.75,0.604178,0.495953,0.59712,0.75,0.6,0.702348,0.316056,0.055061,0.819507,1,ok,VOO,0.041579,0.041579,0.041579,0.0,1,0.269536,0.893657,0.193335,0.54347,part2a21_soft_caution_overlay,artifacts_part2_g532/predictions/g532_final_consensus_tape.csv
2024-05-30,0,0.1917390052678479,0.4921385188199687,2.048167,1.841459,0.75,0.592789,0.495302,0.65471,0.75,0.6,0.734889,0.3307,0.085147,0.74594,1,ok,VOO,0.041579,0.041579,0.041579,0.0,0,0.232271,0.912038,0.171611,0.502629,part2a21_soft_caution_overlay,artifacts_part2_g532/predictions/g532_final_consensus_tape.csv
2024-05-31,0,0.1938377672269373,0.5334389955007718,1.652208,1.861387,0.75,0.581958,0.494683,0.66705,0.75,1.0,0.765833,0.574375,0.084322,0.747782,1,ok,VOO,0.041579,0.041579,0.041579,0.0,0,0.191419,0.92605,0.154309,0.4701,part2a21_soft_caution_overlay,artifacts_part2_g532/predictions/g532_final_consensus_tape.csv
2024-06-03,0,0.19244904243296,0.5101442263413463,1.384761,1.695045,0.5,0.585805,0.494903,0.579481,0.75,0.6,0.754842,0.339679,0.086871,0.742124,1,ok,VOO,0.021912,0.021912,0.021912,0.0,0,0.203179,0.919761,0.162159,0.484859,part2a21_soft_caution_overlay,artifacts_part2_g532/predictions/g532_final_consensus_tape.csv
2024-06-04,0,0.1958674554918619,0.5714027717014372,1.377593,1.47152,0.5,0.585819,0.494904,0.462705,0.75,0.6,0.754802,0.339661,0.088217,0.739171,1,ok,VOO,0.021912,0.021912,0.021912,0.0,0,0.201835,0.919042,0.163048,0.48653,part2a21_soft_caution_overlay,artifacts_part2_g532/predictions/g532_final_consensus_tape.csv
2024-06-05,0,0.201539450900867,0.6727791626274894,0.909122,1.223825,0.5,0.583961,0.494798,0.333952,0.75,1.0,0.760112,0.570084,0.100394,0.713482,1,ok,VOO,0.021912,0.021912,0.021912,0.0,0,0.193011,0.920534,0.161203,0.483061,part2a21_soft_caution_overlay,artifacts_part2_g532/predictions/g532_final_consensus_tape.csv
2024-06-06,0,0.2046366124182663,0.7241043343166739,1.498137,1.261617,0.75,0.58177,0.494673,0.354414,0.75,1.0,0.766372,0.574779,0.098394,0.717579,1,ok,VOO,0.021912,0.021912,0.021912,0.0,0,0.188895,0.925397,0.155131,0.471647,part2a21_soft_caution_overlay,artifacts_part2_g532/predictions/g532_final_consensus_tape.csv
2024-06-07,0,0.2019720213873391,0.6789326695951313,1.57923,1.32883,0.75,0.579296,0.494531,0.390239,0.75,1.0,0.77344,0.58008,0.105819,0.702604,1,ok,VOO,0.021912,0.021912,0.021912,0.0,0,0.18597,0.93164,0.147208,0.456752,part2a21_soft_caution_overlay,artifacts_part2_g532/predictions/g532_final_consensus_tape.csv
2024-06-10,0,0.1978068497582507,0.6053504350882782,1.465991,1.514453,0.5,0.579929,0.494567,0.486713,0.75,1.0,0.771631,0.578723,0.108631,0.697096,1,ok,VOO,0.029453,0.029453,0.029453,0.0,0,0.194163,0.933653,0.144622,0.451889,part2a21_soft_caution_overlay,artifacts_part2_g532/predictions/g532_final_consensus_tape.csv
2024-06-11,0,0.1971183492662944,0.5917315767376244,1.342579,1.4626,0.5,0.589158,0.495095,0.457098,0.75,0.6,0.745263,0.335368,0.105735,0.70277,1,ok,VOO,0.029453,0.029453,0.029453,0.0,0,0.216342,0.915667,0.167194,0.494325,part2a21_soft_caution_overlay,artifacts_part2_g532/predictions/g532_final_consensus_tape.csv
2024-06-12,0,0.19243325841292,0.5451714620212786,1.174666,1.327746,0.5,0.587484,0.494999,0.387062,0.75,1.0,0.750046,0.562534,0.105693,0.702853,1,ok,VOO,0.029453,0.029453,0.029453,0.0,0,0.190868,0.78113,0.176397,0.511626,part2a21_soft_caution_overlay,artifacts_part2_g532/predictions/g532_final_consensus_tape.csv
2024-06-13,0,0.1928694873578212,0.6069609567081916,1.345036,1.287427,0.5,0.584261,0.494815,0.367047,0.75,1.0,0.759254,0.569441,0.087059,0.741709,1,ok,VOO,0.029453,0.029453,0.029453,0.0,0,0.181871,0.787016,0.169289,0.498264,part2a21_soft_caution_overlay,artifacts_part2_g532/predictions/g532_final_consensus_tape.csv
2024-06-14,0,0.1946379923057555,0.6300365951434097,1.275767,1.265157,0.5,0.586958,0.494969,0.354513,0.75,1.0,0.751548,0.563661,0.086581,0.742763,1,ok,VOO,0.029453,0.029453,0.029453,0.0,0,0.184796,0.779713,0.17809,0.514809,part2a21_soft_caution_overlay,artifacts_part2_g532/predictions/g532_final_consensus_tape.csv
2024-06-17,0,0.1963060596564019,0.683589591303038,1.183646,1.26815,0.5,0.591158,0.495209,0.354661,0.75,1.0,0.73955,0.554662,0.097349,0.719737,1,ok,VOO,0.021238,0.021238,0.021238,0.0,0,0.189798,0.768296,0.191516,0.540051,part2a21_soft_caution_overlay,artifacts_part2_g532/predictions/g532_final_consensus_tape.csv
2024-06-18,0,0.196542871398201,0.6809893111252056,1.499808,1.31974,0.75,0.580929,0.494625,0.384984,0.75,1.0,0.768774,0.57658,0.093136,0.728575,1,ok,VOO,0.021238,0.021238,0.021238,0.0,0,0.17429,0.793863,0.160876,0.482446,part2a21_soft_caution_overlay,artifacts_part2_g532/predictions/g532_final_consensus_tape.csv
2024-06-19,0,0.1954028975242499,0.6489855923060547,1.511039,1.398164,0.75,0.581718,0.49467,0.425613,0.75,1.0,0.766519,0.574889,0.088579,0.738379,1,ok,VOO,0.021238,0.021238,0.021238,0.0,0,0.179738,0.794082,0.160604,0.481936,part2a21_soft_caution_overlay,artifacts_part2_g532/predictions/g532_final_consensus_tape.csv
2024-06-20,0,0.1986099360928095,0.562769079830747,1.723974,1.578274,0.75,0.585231,0.49487,0.518623,0.75,1.0,0.756483,0.567362,0.088848,0.737794,1,ok,VOO,0.021238,0.021238,0.021238,0.0,0,0.186661,0.786318,0.170137,0.499858,part2a21_soft_caution_overlay,artifacts_part2_g532/predictions/g532_final_consensus_tape.csv
2024-06-21,0,0.2048645982211022,0.7369854476238579,1.609715,1.614909,0.75,0.586947,0.494968,0.537341,0.75,1.0,0.75158,0.563685,0.080565,0.75628,1,ok,VOO,0.021238,0.021238,0.021238,0.0,0,0.196755,0.78591,0.170634,0.500791,part2a21_soft_caution_overlay,artifacts_part2_g532/predictions/g532_final_consensus_tape.csv
2024-06-24,0,0.2020530162127985,0.6782346687565503,1.811015,1.714901,0.75,0.585476,0.494884,0.589925,0.75,1.0,0.755782,0.566836,0.078434,0.761188,1,ok,VOO,0.03818,0.03818,0.03818,0.0,0,0.189398,0.78692,0.169407,0.498484,part2a21_soft_caution_overlay,artifacts_part2_g532/predictions/g532_final_consensus_tape.csv
2024-06-25,0,0.2004479425406644,0.6349923043349555,1.103083,1.507938,0.5,0.584922,0.494853,0.481973,0.75,1.0,0.757367,0.568025,0.078471,0.761102,1,ok,VOO,0.03818,0.03818,0.03818,0.0,0,0.190606,0.789321,0.166474,0.492972,part2a21_soft_caution_overlay,artifacts_part2_g532/predictions/g532_final_consensus_tape.csv
2024-06-26,0,0.2029477832504101,0.6770171829254684,1.386633,1.433577,0.5,0.586005,0.494915,0.442829,0.75,1.0,0.754272,0.565704,0.084963,0.746351,1,ok,VOO,0.03818,0.03818,0.03818,0.0,0,0.191894,0.786482,0.169939,0.499484,part2a21_soft_caution_overlay,artifacts_part2_g532/predictions/g532_final_consensus_tape.csv
2024-06-27,0,0.20557797016554,0.7174984797014173,1.376635,1.288784,0.5,0.583712,0.494784,0.367936,0.75,1.0,0.760823,0.570617,0.079787,0.758066,1,ok,VOO,0.03818,0.03818,0.03818,0.0,0,0.190035,0.792901,0.162068,0.484688,part2a21_soft_caution_overlay,artifacts_part2_g532/predictions/g532_final_consensus_tape.csv
2024-06-28,0,0.2039964405696508,0.7056282503179053,1.676178,1.479815,0.75,0.58302,0.494744,0.467817,0.75,1.0,0.762801,0.5721,0.078222,0.761679,1,ok,VOO,0.03818,0.03818,0.03818,0.0,0,0.185441,0.792801,0.162192,0.48492,part2a21_soft_caution_overlay,artifacts_part2_g532/predictions/g532_final_consensus_tape.csv
2024-07-01,0,0.1979030962939544,0.6452294226701522,1.345792,1.466202,0.5,0.580702,0.494612,0.461366,0.75,1.0,0.769423,0.577067,0.067797,0.786666,1,ok,VOO,0.031416,0.031416,0.031416,0.0,0,0.181716,0.798266,0.155378,0.472111,part2a21_soft_caution_overlay,artifacts_part2_g532/predictions/g532_final_consensus_tape.csv
2024-07-02,0,0.1983655080620595,0.6575915800383271,1.245744,1.422571,0.5,0.581842,0.494677,0.4383,0.75,1.0,0.766166,0.574625,0.065911,0.791362,1,ok,VOO,0.031416,0.031416,0.031416,0.0,0,0.185207,0.796413,0.157701,0.476478,part2a21_soft_caution_overlay,artifacts_part2_g532/predictions/g532_final_consensus_tape.csv
2024-07-03,0,0.1956297025842687,0.6534123064516538,1.320761,1.304099,0.5,0.582562,0.494718,0.376303,0.75,1.0,0.764109,0.573082,0.068326,0.785359,1,ok,VOO,0.031416,0.031416,0.031416,0.0,0,0.184354,0.793712,0.161063,0.482799,part2a21_soft_caution_overlay,artifacts_part2_g532/predictions/g532_final_consensus_tape.csv
2024-07-04,0,0.196099560278451,0.6624303381700184,1.572472,1.379659,0.75,0.581676,0.494667,0.415979,0.75,1.0,0.76664,0.57498,0.068162,0.785764,1,ok,VOO,0.031416,0.031416,0.031416,0.0,0,0.18235,0.795517,0.158818,0.478579,part2a21_soft_caution_overlay,artifacts_part2_g532/predictions/g532_final_consensus_tape.csv
2024-07-05,0,0.1993655449740731,0.7065606466437169,1.304887,1.399373,0.5,0.586072,0.494918,0.424938,0.75,1.0,0.754081,0.565561,0.064961,0.793748,1,ok,VOO,0.031416,0.031416,0.031416,0.0,0,0.194421,0.787552,0.168636,0.497036,part2a21_soft_caution_overlay,artifacts_part2_g532/predictions/g532_final_consensus_tape.csv
2024-07-08,0,0.1972496691262379,0.6536401024825188,1.55595,1.477769,0.5,0.585176,0.494867,0.466149,0.75,1.0,0.756641,0.567481,0.058302,0.810893,1,ok,VOO,0.032176,0.032176,0.032176,0.0,0,0.191812,0.789116,0.166726,0.493446,part2a21_soft_caution_overlay,artifacts_part2_g532/predictions/g532_final_consensus_tape.csv
2024-07-09,0,0.197890776531025,0.6541100650897357,1.602019,1.487619,0.5,0.586369,0.494935,0.470963,0.75,1.0,0.753233,0.564924,0.058038,0.811589,1,ok,VOO,0.032176,0.032176,0.032176,0.0,0,0.190505,0.78459,0.172232,0.503796,part2a21_soft_caution_overlay,artifacts_part2_g532/predictions/g532_final_consensus_tape.csv
2024-07-10,0,0.1960356416044338,0.631215405055559,1.326358,1.494775,0.5,0.576562,0.494375,0.477381,0.75,1.0,0.781252,0.585939,0.061895,0.801552,1,ok,VOO,0.032176,0.032176,0.032176,0.0,0,0.139123,0.706522,0.165485,0.491112,part2a21_soft_caution_overlay,artifacts_part2_g532/predictions/g532_final_consensus_tape.csv
2024-07-11,0,0.1946642148550325,0.6162774892251096,2.206513,1.71163,0.75,0.574506,0.494257,0.590562,0.75,1.0,0.787125,0.590344,0.106646,0.700976,1,ok,VOO,0.032176,0.032176,0.032176,0.0,0,0.134279,0.710641,0.160398,0.481548,part2a21_soft_caution_overlay,artifacts_part2_g532/predictions/g532_final_consensus_tape.csv
2024-07-12,0,0.1930699943190172,0.5935227123984905,1.374157,1.635676,0.5,0.578023,0.494458,0.550294,0.75,1.0,0.777078,0.582808,0.107814,0.698687,1,ok,VOO,0.032176,0.032176,0.032176,0.0,0,0.141058,0.702795,0.170036,0.499667,part2a21_soft_caution_overlay,artifacts_part2_g532/predictions/g532_final_consensus_tape.csv
2024-07-15,0,0.194019543964668,0.6065196562306654,1.47952,1.68673,0.5,0.574079,0.494233,0.577724,0.75,1.0,0.788346,0.591259,0.101103,0.712042,1,ok,VOO,0.036483,0.036483,0.036483,0.0,0,0.132964,0.711338,0.159532,0.47992,part2a21_soft_caution_overlay,artifacts_part2_g532/predictions/g532_final_consensus_tape.csv
2024-07-16,0,0.1927246165726013,0.5935181936863335,1.589595,1.48109,0.75,0.573995,0.494228,0.470973,0.75,1.0,0.788587,0.59144,0.100603,0.713058,1,ok,VOO,0.036483,0.036483,0.036483,0.0,0,0.133832,0.712036,0.158662,0.478285,part2a21_soft_caution_overlay,artifacts_part2_g532/predictions/g532_final_consensus_tape.csv
2024-07-17,0,0.1963907764184415,0.6265775978900467,2.355828,1.808314,0.75,0.57953,0.494545,0.639835,0.75,1.0,0.772771,0.579578,0.12739,0.662444,1,ok,VOO,0.036483,0.036483,0.036483,0.0,0,0.131996,0.693167,0.181585,0.521379,part2a21_soft_caution_overlay,artifacts_part2_g532/predictions/g532_final_consensus_tape.csv
2024-07-18,0,0.1901213537276663,0.5336241582883606,1.619312,1.854912,0.75,0.58438,0.494822,0.663248,0.75,0.6,0.758915,0.341512,0.128931,0.659751,1,ok,VOO,0.036483,0.036483,0.036483,0.0,0,0.135896,0.678835,0.198253,0.552715,part2a21_soft_caution_overlay,artifacts_part2_g532/predictions/g532_final_consensus_tape.csv
2024-07-19,0,0.1937920380758305,0.5864754587634815,1.735124,1.903421,0.75,0.581663,0.494666,0.689013,0.75,1.0,0.766678,0.575008,0.129156,0.659359,1,ok,VOO,0.036483,0.036483,0.036483,0.0,0,0.129803,0.684844,0.191337,0.539714,part2a21_soft_caution_overlay,artifacts_part2_g532/predictions/g532_final_consensus_tape.csv
2024-07-22,0,0.1885045443769919,0.516996341880161,1.093055,1.482497,0.5,0.582994,0.494743,0.469223,0.75,1.0,0.762874,0.572156,0.144238,0.634134,1,ok,VOO,0.025537,0.025537,0.025537,0.0,0,0.148274,0.690164,0.185128,0.52804,part2a21_soft_caution_overlay,artifacts_part2_g532/predictions/g532_final_consensus_tape.csv
2024-07-23,0,0.1890684441395673,0.517229477031353,1.605867,1.478015,0.75,0.582904,0.494737,0.46691,0.75,1.0,0.763131,0.572348,0.14357,0.635211,1,ok,VOO,0.025537,0.025537,0.025537,0.0,0,0.151399,0.692108,0.182837,0.523733,part2a21_soft_caution_overlay,artifacts_part2_g532/predictions/g532_final_consensus_tape.csv
2024-07-24,0,0.1887043089332411,0.5276798828028306,2.517505,1.738809,0.75,0.578976,0.494513,0.603758,0.75,0.6,0.774355,0.34846,0.163832,0.60411,1,ok,VOO,0.025537,0.025537,0.025537,0.0,1,0.097976,0.596871,0.20049,0.556922,part2a21_soft_caution_overlay,artifacts_part2_g532/predictions/g532_final_consensus_tape.csv
2024-07-25,0,0.1885646229172086,0.5189368831955631,1.679723,1.934365,0.75,0.58628,0.49493,0.704432,0.75,0.6,0.753485,0.339068,0.153489,0.619596,1,ok,VOO,0.025537,0.025537,0.025537,0.0,0,0.142264,0.67573,0.201785,0.559357,part2a21_soft_caution_overlay,artifacts_part2_g532/predictions/g532_final_consensus_tape.csv
2024-07-26,0,0.1883536102732328,0.5233616171803693,1.017585,1.738271,0.5,0.583405,0.494766,0.602561,0.75,1.0,0.761701,0.571276,0.156978,0.614284,1,ok,VOO,0.025537,0.025537,0.025537,0.0,0,0.137109,0.682832,0.193664,0.544088,part2a21_soft_caution_overlay,artifacts_part2_g532/predictions/g532_final_consensus_tape.csv
2024-07-29,0,0.1901992059441691,0.541624279877833,1.270023,1.322444,0.5,0.58342,0.494767,0.385595,0.65,0.6,0.761657,0.297046,0.149352,0.626015,0,high_risk_veto,FLAT,0.0,0.0,0.0,0.0,0,0.137281,0.682872,0.193618,0.544002,part2a21_soft_caution_overlay,artifacts_part2_g532/predictions/g532_final_consensus_tape.csv
2024-07-30,0,0.1937037724437424,0.6029403277929629,1.706933,1.331514,0.75,0.585204,0.494869,0.389759,0.65,0.6,0.756561,0.295059,0.147812,0.628437,0,high_risk_veto,FLAT,0.0,0.0,0.0,0.0,0,0.13605,0.67607,0.201401,0.558633,part2a21_soft_caution_overlay,artifacts_part2_g532/predictions/g532_final_consensus_tape.csv
2024-07-31,0,0.1928871995003184,0.5703052921813513,0.445434,1.140797,0.5,0.585984,0.494913,0.289868,0.65,0.6,0.75433,0.294189,0.147741,0.62855,0,high_risk_veto,FLAT,0.0,0.0,0.0,0.0,0,0.138801,0.674863,0.202768,0.561203,part2a21_soft_caution_overlay,artifacts_part2_g532/predictions/g532_final_consensus_tape.csv
2024-08-01,0,0.1939771677630082,0.5887586013289329,1.888665,1.347011,0.75,0.584967,0.494855,0.397927,0.65,0.6,0.757237,0.295322,0.167943,0.598167,0,high_risk_veto,FLAT,0.0,0.0,0.0,0.0,0,0.135903,0.676809,0.200561,0.557054,part2a21_soft_caution_overlay,artifacts_part2_g532/predictions/g532_final_consensus_tape.csv
2024-08-02,0,0.1956106627963375,0.5961159975968924,1.605475,1.313192,0.75,0.591201,0.495211,0.378244,0.65,0.6,0.739427,0.288376,0.226865,0.524257,0,high_risk_veto,FLAT,0.0,0.0,0.0,0.0,1,0.142965,0.664363,0.227386,0.583269,part2a21_soft_caution_overlay,artifacts_part2_g532/predictions/g532_final_consensus_tape.csv
2024-08-05,0,0.1938665203073266,0.5819060477474909,1.794833,1.762991,0.75,0.600584,0.495748,0.611982,0.65,0.6,0.712618,0.277921,0.234664,0.515821,0,high_risk_veto,FLAT,0.0,0.0,0.0,0.0,1,0.136997,0.652036,0.297229,0.608515,part2a21_soft_caution_overlay,artifacts_part2_g532/predictions/g532_final_consensus_tape.csv
2024-08-06,0,0.191176093959903,0.5605943284585492,0.694617,1.364975,0.5,0.605358,0.49602,0.400929,0.65,0.6,0.698978,0.272601,0.276416,0.47491,0,high_risk_veto,FLAT,0.0,0.0,0.0,0.0,1,0.142791,0.647428,0.323458,0.617779,part2a21_soft_caution_overlay,artifacts_part2_g532/predictions/g532_final_consensus_tape.csv
2024-08-07,0,0.2011007454905163,0.5124850909650591,1.309746,1.266399,0.75,0.590901,0.495194,0.353831,0.65,0.6,0.740283,0.28871,0.26847,0.482188,0,high_risk_veto,FLAT,0.0,0.0,0.0,0.0,0,0.167993,0.727112,0.204023,0.563563,part2a21_soft_caution_overlay,artifacts_part2_g532/predictions/g532_final_consensus_tape.csv
2024-08-08,0,0.2018337545452707,0.4669062912653263,0.175756,0.726706,0.5,0.590007,0.495143,0.07157,0.65,0.6,0.742836,0.289706,0.315165,0.442349,0,high_risk_veto,FLAT,0.0,0.0,0.0,0.0,0,0.166953,0.729649,0.201151,0.558163,part2a21_soft_caution_overlay,artifacts_part2_g532/predictions/g532_final_consensus_tape.csv
2024-08-09,0,0.2020224078800486,0.4383112387356484,0.893016,0.792839,0.5,0.588906,0.49508,0.10671,0.65,0.6,0.745984,0.290934,0.311214,0.445463,0,high_risk_veto,FLAT,0.0,0.0,0.0,0.0,0,0.164583,0.732167,0.198283,0.552772,part2a21_soft_caution_overlay,artifacts_part2_g532/predictions/g532_final_consensus_tape.csv
2024-08-12,0,0.2020939046936267,0.4220360767983175,0.932568,0.667113,0.5,0.591723,0.495241,0.039507,0.65,0.6,0.737934,0.287794,0.310901,0.445711,0,high_risk_veto,FLAT,0.0,0.0,0.0,0.0,0,0.165246,0.722715,0.20896,0.572845,part2a21_soft_caution_overlay,artifacts_part2_g532/predictions/g532_final_consensus_tape.csv
2024-08-13,0,0.2020519040322702,0.4318147785969805,0.324861,0.716815,0.5,0.590697,0.495183,0.066054,0.65,0.6,0.740866,0.288938,0.320635,0.438108,0,high_risk_veto,FLAT,0.0,0.0,0.0,0.0,0,0.167825,0.727732,0.203323,0.562247,part2a21_soft_caution_overlay,artifacts_part2_g532/predictions/g532_final_consensus_tape.csv
2024-08-14,0,0.2007823942121624,0.4956234574280658,1.022496,0.759975,0.75,0.577519,0.49443,0.094906,0.65,0.6,0.778516,0.303621,0.316223,0.441522,0,high_risk_veto,FLAT,0.0,0.0,0.0,0.0,0,0.136758,0.755591,0.170721,0.500955,part2a21_soft_caution_overlay,artifacts_part2_g532/predictions/g532_final_consensus_tape.csv
2024-08-15,0,0.2007435879495553,0.4867543780930295,0.428112,0.591823,0.5,0.581566,0.494661,0.005347,0.65,0.6,0.766955,0.299113,0.329035,0.431753,0,high_risk_veto,FLAT,0.0,0.0,0.0,0.0,0,0.148092,0.748183,0.179619,0.517683,part2a21_soft_caution_overlay,artifacts_part2_g532/predictions/g532_final_consensus_tape.csv
2024-08-16,0,0.2004817638415189,0.4842711022768568,1.161333,0.870647,0.5,0.563831,0.493647,0.158466,0.65,0.6,0.817626,0.318874,0.266171,0.484336,0,high_risk_veto,FLAT,0.0,0.0,0.0,0.0,0,0.110946,0.781458,0.132849,0.429756,part2a21_soft_caution_overlay,artifacts_part2_g532/predictions/g532_final_consensus_tape.csv
2024-08-19,0,0.2000327898448489,0.5010539555908938,0.836644,0.808696,0.5,0.565927,0.493767,0.125523,0.65,0.6,0.811638,0.316539,0.174427,0.589029,0,high_risk_veto,FLAT,0.0,0.0,0.0,0.0,0,0.122765,0.781154,0.13377,0.431488,part2a21_soft_caution_overlay,artifacts_part2_g532/predictions/g532_final_consensus_tape.csv
2024-08-20,0,0.2013132368851729,0.4770788128436228,1.225636,1.074538,0.75,0.566014,0.493772,0.262941,0.65,0.6,0.81139,0.316442,0.177097,0.585348,0,high_risk_veto,FLAT,0.0,0.0,0.0,0.0,0,0.11916,0.780304,0.136348,0.436334,part2a21_soft_caution_overlay,artifacts_part2_g532/predictions/g532_final_consensus_tape.csv
2024-08-21,0,0.2022638510634556,0.4030391124357407,1.068519,1.0436,0.5,0.568708,0.493926,0.245893,0.65,0.6,0.803692,0.31344,0.171514,0.5931,0,high_risk_veto,FLAT,0.0,0.0,0.0,0.0,0,0.123824,0.776908,0.144059,0.450831,part2a21_soft_caution_overlay,artifacts_part2_g532/predictions/g532_final_consensus_tape.csv
2024-08-22,0,0.2016705115100244,0.4579757293142396,1.670613,1.321589,0.75,0.580054,0.494574,0.386227,0.65,0.6,0.771275,0.300797,0.138253,0.643911,0,high_risk_veto,FLAT,0.0,0.0,0.0,0.0,0,0.150855,0.754571,0.171956,0.503278,part2a21_soft_caution_overlay,artifacts_part2_g532/predictions/g532_final_consensus_tape.csv
2024-08-23,0,0.2028936890177683,0.3758213831909712,0.871443,1.203525,0.5,0.564641,0.493694,0.330111,0.65,0.6,0.815313,0.317972,0.137429,0.64528,0,high_risk_veto,FLAT,0.0,0.0,0.0,0.0,0,0.109953,0.780204,0.136651,0.436903,part2a21_soft_caution_overlay,artifacts_part2_g532/predictions/g532_final_consensus_tape.csv
2024-08-26,0,0.2025051108683285,0.4084304751591278,1.40507,1.315709,0.75,0.565949,0.493769,0.387663,0.65,0.6,0.811573,0.316514,0.136148,0.647421,0,high_risk_veto,FLAT,0.0,0.0,0.0,0.0,0,0.11405,0.779343,0.139262,0.441813,part2a21_soft_caution_overlay,artifacts_part2_g532/predictions/g532_final_consensus_tape.csv
2024-08-27,0,0.2033818094135794,0.3552588937301471,1.037486,1.104666,0.5,0.563971,0.493655,0.279281,0.65,0.6,0.817225,0.318718,0.129337,0.659045,0,high_risk_veto,FLAT,0.0,0.0,0.0,0.0,0,0.110866,0.781259,0.13345,0.430887,part2a21_soft_caution_overlay,artifacts_part2_g532/predictions/g532_final_consensus_tape.csv
2024-08-28,0,0.2029739588699318,0.390041772204988,1.426316,1.289624,0.75,0.580471,0.494598,0.369441,0.65,0.6,0.770083,0.300332,0.136165,0.647392,0,high_risk_veto,FLAT,0.0,0.0,0.0,0.0,0,0.152144,0.753874,0.172799,0.504862,part2a21_soft_caution_overlay,artifacts_part2_g532/predictions/g532_final_consensus_tape.csv
2024-08-29,0,0.2023519983617193,0.415286453687999,1.153099,1.205634,0.75,0.559751,0.493414,0.332886,0.65,0.6,0.829282,0.32342,0.072148,0.776041,0,high_risk_veto,FLAT,0.0,0.0,0.0,0.0,0,0.110168,0.786594,0.117276,0.400479,part2a21_soft_caution_overlay,artifacts_part2_g532/predictions/g532_final_consensus_tape.csv
2024-08-30,0,0.2030042339012773,0.3746628110762537,0.801725,1.127047,0.5,0.558327,0.493333,0.292902,0.65,0.6,0.833351,0.325007,0.095395,0.723809,0,high_risk_veto,FLAT,0.0,0.0,0.0,0.0,0,0.107744,0.787947,0.113174,0.392767,part2a21_soft_caution_overlay,artifacts_part2_g532/predictions/g532_final_consensus_tape.csv
2024-09-02,0,0.202899650521535,0.3824807417748253,1.167034,1.040619,0.75,0.557259,0.493272,0.248803,0.65,0.6,0.836403,0.326197,0.088222,0.739159,0,high_risk_veto,FLAT,0.0,0.0,0.0,0.0,0,0.106708,0.789122,0.109612,0.386071,part2a21_soft_caution_overlay,artifacts_part2_g532/predictions/g532_final_consensus_tape.csv
2024-09-03,0,0.2020558567309205,0.4443194985107045,1.923472,1.29741,0.75,0.594452,0.495397,0.368901,0.65,0.6,0.730137,0.284754,0.164467,0.603184,0,high_risk_veto,FLAT,0.0,0.0,0.0,0.0,1,0.189391,0.726481,0.204734,0.5649,part2a21_soft_caution_overlay,artifacts_part2_g532/predictions/g532_final_consensus_tape.csv
2024-09-04,0,0.195280906508739,0.4628698721563238,1.043056,1.377854,0.75,0.581217,0.494641,0.415178,0.65,0.6,0.767952,0.299501,0.167204,0.599227,0,high_risk_veto,FLAT,0.0,0.0,0.0,0.0,0,0.137112,0.697604,0.185052,0.527898,part2a21_soft_caution_overlay,artifacts_part2_g532/predictions/g532_final_consensus_tape.csv
2024-09-05,0,0.1992216982722933,0.4952908444929302,0.956468,1.307665,0.5,0.58108,0.494633,0.378643,0.65,0.6,0.768343,0.299654,0.167604,0.598653,0,high_risk_veto,FLAT,0.0,0.0,0.0,0.0,0,0.137767,0.698408,0.184107,0.526121,part2a21_soft_caution_overlay,artifacts_part2_g532/predictions/g532_final_consensus_tape.csv
2024-09-06,0,0.1872498294942679,0.3807187560599048,1.688992,1.229505,0.75,0.580659,0.494609,0.338057,0.5,0.6,0.769546,0.138518,0.177189,0.585221,0,high_risk_veto,FLAT,0.0,0.0,0.0,0.0,0,0.134781,0.698243,0.184301,0.526485,part2a21_soft_caution_overlay,artifacts_part2_g532/predictions/g532_final_consensus_tape.csv
2024-09-09,0,0.1951506016236666,0.4602889768627447,0.472319,1.039259,0.5,0.583608,0.494778,0.237765,0.5,0.6,0.761119,0.137001,0.191477,0.566281,1,ok,VOO,0.002767,0.002767,0.002767,0.0,0,0.138336,0.690172,0.193705,0.544165,part2a21_soft_caution_overlay,artifacts_part2_g532/predictions/g532_final_consensus_tape.csv
2024-09-10,0,0.1862404386902399,0.3535123412966077,0.564182,0.908498,0.5,0.580764,0.494615,0.170762,0.5,0.6,0.769245,0.138464,0.190194,0.567931,1,ok,VOO,0.002767,0.002767,0.002767,0.0,0,0.138429,0.699808,0.182455,0.523015,part2a21_soft_caution_overlay,artifacts_part2_g532/predictions/g532_final_consensus_tape.csv
2024-09-11,0,0.1834636706294481,0.3311944514746386,0.292434,0.442978,0.5,0.57724,0.494414,0.0,0.5,0.6,0.779314,0.140277,0.20381,0.550891,0,weak_score,VOO,0.002767,0.002767,0.002767,0.0,0,0.126705,0.705353,0.175853,0.510603,part2a21_soft_caution_overlay,artifacts_part2_g532/predictions/g532_final_consensus_tape.csv
2024-09-12,0,0.1923316898281024,0.4128077665319958,0.677576,0.511397,0.5,0.559412,0.493395,0.0,0.5,0.6,0.83025,0.149445,0.212645,0.540371,0,weak_score,VOO,0.002767,0.002767,0.002767,0.0,0,0.090608,0.737052,0.128066,0.420765,part2a21_soft_caution_overlay,artifacts_part2_g532/predictions/g532_final_consensus_tape.csv
2024-09-13,0,0.1942007563929669,0.4276001791635823,0.881696,0.617235,0.5,0.555059,0.493146,0.031968,0.5,0.6,0.842689,0.151684,0.199663,0.555973,1,ok,VOO,0.002767,0.002767,0.002767,0.0,0,0.082896,0.741126,0.115714,0.397541,part2a21_soft_caution_overlay,artifacts_part2_g532/predictions/g532_final_consensus_tape.csv
2024-09-16,0,0.1861561388039278,0.3531027502333355,1.11258,0.890617,0.75,0.557819,0.493304,0.171353,0.5,0.6,0.834803,0.150265,0.199361,0.556346,1,ok,VOO,0.002149,0.002149,0.002149,0.0,0,0.088359,0.73866,0.123189,0.411596,part2a21_soft_caution_overlay,artifacts_part2_g532/predictions/g532_final_consensus_tape.csv
2024-09-17,0,0.1871395176706465,0.3608194868950316,0.99471,0.996329,0.75,0.562249,0.493557,0.224012,0.5,0.6,0.822146,0.147986,0.145709,0.631777,1,ok,VOO,0.002149,0.002149,0.002149,0.0,0,0.099934,0.735277,0.133448,0.430882,part2a21_soft_caution_overlay,artifacts_part2_g532/predictions/g532_final_consensus_tape.csv
2024-09-18,0,0.1881869151026035,0.3824172903604467,1.195934,1.101075,0.75,0.559408,0.493395,0.279125,0.5,0.6,0.830264,0.149448,0.137381,0.645359,1,ok,VOO,0.002149,0.002149,0.002149,0.0,0,0.092983,0.737544,0.126575,0.417961,part2a21_soft_caution_overlay,artifacts_part2_g532/predictions/g532_final_consensus_tape.csv
2024-09-19,0,0.1870855210181841,0.3603473328088113,0.375399,0.855348,0.5,0.556258,0.493215,0.153873,0.5,0.6,0.839263,0.151067,0.155642,0.616307,1,ok,VOO,0.002149,0.002149,0.002149,0.0,0,0.087213,0.740452,0.117757,0.401383,part2a21_soft_caution_overlay,artifacts_part2_g532/predictions/g532_final_consensus_tape.csv
2024-09-20,0,0.1992114266264991,0.486092669465437,1.204235,0.925189,0.75,0.547807,0.492732,0.193312,0.967914,1.0,0.863408,0.835704,0.104322,0.705572,1,ok,VOO,0.002149,0.002149,0.002149,0.0,0,0.080369,0.750022,0.088741,0.346833,part2a21_soft_caution_overlay,artifacts_part2_g532/predictions/g532_final_consensus_tape.csv
2024-09-23,0,0.1908761061387189,0.400549744295659,1.080509,0.886714,0.5,0.545924,0.492624,0.1744,0.969757,1.0,0.868789,0.842514,0.101633,0.710968,1,ok,VOO,0.01567,0.01567,0.01567,0.0,0,0.076117,0.751598,0.083965,0.337853,part2a21_soft_caution_overlay,artifacts_part2_g532/predictions/g532_final_consensus_tape.csv
2024-09-24,0,0.1986222091703187,0.4687606264325137,1.0241,1.102948,0.5,0.546947,0.492683,0.284683,0.968767,1.0,0.865865,0.838821,0.099577,0.715149,1,ok,VOO,0.01567,0.01567,0.01567,0.0,0,0.078139,0.750683,0.086739,0.34307,part2a21_soft_caution_overlay,artifacts_part2_g532/predictions/g532_final_consensus_tape.csv
2024-09-25,0,0.1988833422953808,0.4663474685274871,1.178966,1.094525,0.5,0.548422,0.492767,0.279827,0.96746,1.0,0.861652,0.833615,0.094188,0.726347,1,ok,VOO,0.01567,0.01567,0.01567,0.0,0,0.078075,0.748756,0.092581,0.354053,part2a21_soft_caution_overlay,artifacts_part2_g532/predictions/g532_final_consensus_tape.csv
2024-09-26,0,0.1971644251297408,0.4539722861218333,1.088141,1.097069,0.5,0.547958,0.49274,0.281301,0.967744,1.0,0.862976,0.83514,0.08777,0.74015,1,ok,VOO,0.01567,0.01567,0.01567,0.0,0,0.081262,0.750009,0.088782,0.346911,part2a21_soft_caution_overlay,artifacts_part2_g532/predictions/g532_final_consensus_tape.csv
2024-09-27,0,0.1891194356979833,0.3844704535574449,1.457355,1.241487,0.75,0.549248,0.492814,0.354858,0.966521,1.0,0.859291,0.830523,0.097877,0.718646,1,ok,VOO,0.01567,0.01567,0.01567,0.0,0,0.083189,0.748729,0.092663,0.354207,part2a21_soft_caution_overlay,artifacts_part2_g532/predictions/g532_final_consensus_tape.csv
2024-09-30,0,0.1914021371967807,0.4088133150630153,1.169586,1.238361,0.5,0.551084,0.492919,0.352645,0.964673,1.0,0.854045,0.823874,0.098065,0.718256,1,ok,VOO,0.031302,0.031302,0.031302,0.0,0,0.088611,0.747453,0.09653,0.361476,part2a21_soft_caution_overlay,artifacts_part2_g532/predictions/g532_final_consensus_tape.csv
2024-10-01,0,0.1866156700816662,0.371367096719652,1.612356,1.413099,0.75,0.57712,0.494407,0.434753,0.75,1.0,0.779657,0.584742,0.128088,0.661222,1,ok,VOO,0.031302,0.031302,0.031302,0.0,0,0.134676,0.709839,0.170439,0.500426,part2a21_soft_caution_overlay,artifacts_part2_g532/predictions/g532_final_consensus_tape.csv
2024-10-02,0,0.1821027987965374,0.6828527553869446,1.167827,1.316589,0.5,0.571409,0.49408,0.386386,0.75,1.0,0.795976,0.596982,0.128163,0.661091,1,ok,VOO,0.031302,0.031302,0.031302,0.0,0,0.153555,0.874877,0.13626,0.436168,part2a21_soft_caution_overlay,artifacts_part2_g532/predictions/g532_final_consensus_tape.csv
2024-10-03,0,0.1872645815917037,0.6487723856580093,1.257529,1.345904,0.75,0.568597,0.49392,0.402457,0.75,1.0,0.804008,0.603006,0.092571,0.729776,1,ok,VOO,0.031302,0.031302,0.031302,0.0,0,0.152655,0.878342,0.125753,0.416416,part2a21_soft_caution_overlay,artifacts_part2_g532/predictions/g532_final_consensus_tape.csv
2024-10-04,0,0.197781833572696,0.5989668194212082,0.983544,1.1363,0.5,0.563288,0.493616,0.295868,0.75,1.0,0.819176,0.614382,0.129289,0.659129,1,ok,VOO,0.031302,0.031302,0.031302,0.0,0,0.143008,0.883261,0.11084,0.388379,part2a21_soft_caution_overlay,artifacts_part2_g532/predictions/g532_final_consensus_tape.csv
2024-10-07,0,0.1813567800447345,0.6767357189938125,1.655438,1.298837,0.75,0.573839,0.494219,0.376395,0.75,1.0,0.789031,0.591773,0.135197,0.649018,1,ok,VOO,0.021684,0.021684,0.021684,0.0,0,0.161052,0.873255,0.141179,0.445416,part2a21_soft_caution_overlay,artifacts_part2_g532/predictions/g532_final_consensus_tape.csv
2024-10-08,0,0.1937683128440038,0.6038193192189997,0.889451,1.176144,0.5,0.573164,0.494181,0.312938,0.75,1.0,0.790959,0.593219,0.139557,0.641754,1,ok,VOO,0.021684,0.021684,0.021684,0.0,0,0.162262,0.874378,0.137773,0.439013,part2a21_soft_caution_overlay,artifacts_part2_g532/predictions/g532_final_consensus_tape.csv
2024-10-09,0,0.1968837399565989,0.5961314583505137,1.149667,1.231519,0.5,0.570674,0.494038,0.342526,0.75,1.0,0.798075,0.598557,0.145399,0.632273,1,ok,VOO,0.021684,0.021684,0.021684,0.0,0,0.155432,0.876215,0.132204,0.428544,part2a21_soft_caution_overlay,artifacts_part2_g532/predictions/g532_final_consensus_tape.csv
2024-10-10,0,0.1857769412186484,0.6466058066745183,1.415176,1.151431,0.75,0.572828,0.494162,0.300235,0.75,1.0,0.791921,0.593941,0.14704,0.62966,1,ok,VOO,0.021684,0.021684,0.021684,0.0,0,0.155484,0.873429,0.140649,0.44442,part2a21_soft_caution_overlay,artifacts_part2_g532/predictions/g532_final_consensus_tape.csv
2024-10-11,0,0.1911396625008878,0.6140472282440654,1.317288,1.294044,0.5,0.565356,0.493735,0.376652,0.75,1.0,0.813268,0.609951,0.140729,0.639829,1,ok,VOO,0.021684,0.021684,0.021684,0.0,0,0.14728,0.88145,0.11633,0.398701,part2a21_soft_caution_overlay,artifacts_part2_g532/predictions/g532_final_consensus_tape.csv
2024-10-14,0,0.1837849269206446,0.6525833943355865,1.123799,1.285421,0.5,0.565606,0.493749,0.372114,0.75,1.0,0.812555,0.609416,0.143335,0.635591,1,ok,VOO,0.02162,0.02162,0.02162,0.0,0,0.134269,0.878466,0.125378,0.41571,part2a21_soft_caution_overlay,artifacts_part2_g532/predictions/g532_final_consensus_tape.csv
2024-10-15,0,0.183700180613695,0.6432984846280992,1.686084,1.375724,0.75,0.568557,0.493918,0.417909,0.75,1.0,0.804124,0.603093,0.142452,0.63702,1,ok,VOO,0.02162,0.02162,0.02162,0.0,0,0.143663,0.876557,0.131167,0.426594,part2a21_soft_caution_overlay,artifacts_part2_g532/predictions/g532_final_consensus_tape.csv
2024-10-16,0,0.1859228689818716,0.6259716434234613,1.226846,1.345577,0.75,0.570322,0.494018,0.401753,0.75,1.0,0.79908,0.59931,0.142541,0.636876,1,ok,VOO,0.02162,0.02162,0.02162,0.0,0,0.144648,0.874466,0.137504,0.438508,part2a21_soft_caution_overlay,artifacts_part2_g532/predictions/g532_final_consensus_tape.csv
2024-10-17,0,0.1892449626531275,0.6035187272435051,1.226373,1.379768,0.5,0.570828,0.494047,0.41932,0.75,1.0,0.797635,0.598227,0.142631,0.636731,1,ok,VOO,0.02162,0.02162,0.02162,0.0,0,0.145337,0.873951,0.139067,0.441447,part2a21_soft_caution_overlay,artifacts_part2_g532/predictions/g532_final_consensus_tape.csv
2024-10-18,0,0.205378255192761,0.540743716831961,1.096105,1.183108,0.5,0.570731,0.494042,0.317414,0.75,1.0,0.797913,0.598435,0.116749,0.681665,1,ok,VOO,0.02162,0.02162,0.02162,0.0,0,0.149103,0.874847,0.136351,0.43634,part2a21_soft_caution_overlay,artifacts_part2_g532/predictions/g532_final_consensus_tape.csv
2024-10-21,0,0.2252328570311835,0.4513717917690676,1.261737,1.194738,0.5,0.567269,0.493844,0.324654,0.75,1.0,0.807803,0.605852,0.108831,0.696708,1,ok,VOO,0.020556,0.020556,0.020556,0.0,0,0.130624,0.795562,0.134182,0.432261,part2a21_soft_caution_overlay,artifacts_part2_g532/predictions/g532_final_consensus_tape.csv
2024-10-22,0,0.2006741499870307,0.5493787742101014,1.269405,1.209083,0.5,0.566726,0.493813,0.332264,0.75,1.0,0.809355,0.607016,0.106414,0.701431,1,ok,VOO,0.020556,0.020556,0.020556,0.0,0,0.14301,0.878799,0.124368,0.413812,part2a21_soft_caution_overlay,artifacts_part2_g532/predictions/g532_final_consensus_tape.csv
2024-10-23,0,0.2117883364504514,0.4948875274738615,1.729173,1.420105,0.75,0.564637,0.493694,0.44202,0.75,1.0,0.815323,0.611493,0.107166,0.699955,1,ok,VOO,0.020556,0.020556,0.020556,0.0,0,0.130228,0.798898,0.124068,0.413249,part2a21_soft_caution_overlay,artifacts_part2_g532/predictions/g532_final_consensus_tape.csv
2024-10-24,0,0.2056384960478604,0.5392689082748573,1.079348,1.359309,0.5,0.565689,0.493754,0.410285,0.75,1.0,0.812316,0.609237,0.106317,0.701622,1,ok,VOO,0.020556,0.020556,0.020556,0.0,0,0.146968,0.880954,0.117836,0.401531,part2a21_soft_caution_overlay,artifacts_part2_g532/predictions/g532_final_consensus_tape.csv
2024-10-25,0,0.19407750955761,0.6100906859775107,1.209453,1.339325,0.5,0.570119,0.494007,0.398577,0.75,1.0,0.79966,0.599745,0.103687,0.706839,1,ok,VOO,0.020556,0.020556,0.020556,0.0,0,0.152536,0.876342,0.131817,0.427816,part2a21_soft_caution_overlay,artifacts_part2_g532/predictions/g532_final_consensus_tape.csv
2024-10-28,0,0.2274696609031708,0.4844103885568009,1.421287,1.236696,0.75,0.562463,0.493569,0.347985,0.75,1.0,0.821535,0.616152,0.094855,0.724943,1,ok,VOO,0.023315,0.023315,0.023315,0.0,0,0.138879,0.803489,0.11015,0.387083,part2a21_soft_caution_overlay,artifacts_part2_g532/predictions/g532_final_consensus_tape.csv
2024-10-29,0,0.1817095988077638,0.6806814556191713,1.210519,1.28042,0.5,0.572973,0.49417,0.367118,0.75,1.0,0.791507,0.59363,0.05969,0.807259,1,ok,VOO,0.023315,0.023315,0.023315,0.0,0,0.166171,0.875426,0.134595,0.433039,part2a21_soft_caution_overlay,artifacts_part2_g532/predictions/g532_final_consensus_tape.csv
2024-10-30,0,0.2001697439463981,0.3748597515669836,1.672716,1.434841,0.75,0.558454,0.49334,0.451386,0.75,1.0,0.832989,0.624741,0.061837,0.8017,1,ok,VOO,0.023315,0.023315,0.023315,0.0,0,0.098861,0.691643,0.119179,0.404057,part2a21_soft_caution_overlay,artifacts_part2_g532/predictions/g532_final_consensus_tape.csv
2024-10-31,0,0.1953467052712964,0.3620375169918575,2.216555,1.69993,0.75,0.567703,0.493869,0.585949,0.75,1.0,0.806564,0.604923,0.117499,0.680274,1,ok,VOO,0.023315,0.023315,0.023315,0.0,0,0.099756,0.673979,0.155022,0.471441,part2a21_soft_caution_overlay,artifacts_part2_g532/predictions/g532_final_consensus_tape.csv
2024-11-01,0,0.2133125412827671,0.4559511523007647,1.255989,1.715087,0.5,0.562075,0.493547,0.594972,0.75,1.0,0.822644,0.616983,0.129716,0.658387,1,ok,VOO,0.023315,0.023315,0.023315,0.0,0,0.072143,0.597958,0.149988,0.461977,part2a21_soft_caution_overlay,artifacts_part2_g532/predictions/g532_final_consensus_tape.csv
2024-11-04,0,0.1962205463612125,0.343623862474038,1.568777,1.68044,0.75,0.567078,0.493833,0.576,0.75,1.0,0.80835,0.606262,0.128862,0.659871,1,ok,VOO,0.034565,0.034565,0.034565,0.0,0,0.10174,0.6769,0.151333,0.464506,part2a21_soft_caution_overlay,artifacts_part2_g532/predictions/g532_final_consensus_tape.csv
2024-11-05,0,0.1862849214748942,0.3085716622868004,1.108549,1.311105,0.5,0.567524,0.493859,0.384781,0.75,1.0,0.807073,0.605305,0.144652,0.633469,1,ok,VOO,0.034565,0.034565,0.034565,0.0,0,0.101292,0.675291,0.153368,0.468332,part2a21_soft_caution_overlay,artifacts_part2_g532/predictions/g532_final_consensus_tape.csv
2024-11-06,0,0.178399814717479,0.2358989066969118,0.815004,1.16411,0.5,0.561259,0.493501,0.31095,0.75,1.0,0.824974,0.61873,0.223822,0.527625,1,ok,VOO,0.034565,0.034565,0.034565,0.0,0,0.09709,0.68764,0.131316,0.426875,part2a21_soft_caution_overlay,artifacts_part2_g532/predictions/g532_final_consensus_tape.csv
2024-11-07,0,0.1737107429674134,0.2025501517156118,1.188616,1.03739,0.5,0.569485,0.493971,0.242373,0.75,1.0,0.80147,0.601103,0.223963,0.527467,1,ok,VOO,0.034565,0.034565,0.034565,0.0,0,0.105869,0.671403,0.158249,0.477508,part2a21_soft_caution_overlay,artifacts_part2_g532/predictions/g532_final_consensus_tape.csv
2024-11-08,0,0.177029447615583,0.2232668887872798,1.596345,1.199988,0.5,0.553878,0.493079,0.331999,0.75,1.0,0.846062,0.634546,0.223868,0.527573,1,ok,VOO,0.034565,0.034565,0.034565,0.0,0,0.077795,0.693275,0.114229,0.394751,part2a21_soft_caution_overlay,artifacts_part2_g532/predictions/g532_final_consensus_tape.csv
2024-11-11,0,0.1724759859525734,0.1986262376943623,1.688388,1.491116,0.75,0.55501,0.493143,0.481291,0.75,1.0,0.84283,0.632122,0.223657,0.527808,1,ok,VOO,0.024087,0.024087,0.024087,0.0,0,0.078123,0.691874,0.118478,0.402738,part2a21_soft_caution_overlay,artifacts_part2_g532/predictions/g532_final_consensus_tape.csv
2024-11-12,0,0.1865632887529436,0.2845618722956898,1.712603,1.665779,0.75,0.547781,0.49273,0.57268,0.968209,1.0,0.863483,0.836032,0.223289,0.528218,1,ok,VOO,0.024087,0.024087,0.024087,0.0,0,0.073591,0.700331,0.092839,0.354538,part2a21_soft_caution_overlay,artifacts_part2_g532/predictions/g532_final_consensus_tape.csv
2024-11-13,0,0.1763807852510912,0.2275111353842119,1.678641,1.693211,0.75,0.550839,0.492905,0.586084,0.965259,1.0,0.854745,0.825051,0.221922,0.529749,1,ok,VOO,0.024087,0.024087,0.024087,0.0,0,0.079428,0.697554,0.101257,0.370362,part2a21_soft_caution_overlay,artifacts_part2_g532/predictions/g532_final_consensus_tape.csv
2024-11-14,0,0.1868937899589725,0.2890569818620372,1.809051,1.733432,0.75,0.554699,0.493126,0.605938,0.75,1.0,0.843717,0.632788,0.190991,0.566905,1,ok,VOO,0.024087,0.024087,0.024087,0.0,0,0.082045,0.693079,0.114825,0.395871,part2a21_soft_caution_overlay,artifacts_part2_g532/predictions/g532_final_consensus_tape.csv
2024-11-15,0,0.1962141247743577,0.3748849932216763,2.208079,1.898591,0.75,0.561984,0.493542,0.689678,0.75,1.0,0.822903,0.617177,0.209796,0.543719,1,ok,VOO,0.024087,0.024087,0.024087,0.0,0,0.098554,0.686998,0.133261,0.430531,part2a21_soft_caution_overlay,artifacts_part2_g532/predictions/g532_final_consensus_tape.csv
2024-11-18,0,0.1934730292664789,0.3406960871043645,1.275614,1.764248,0.5,0.56318,0.49361,0.620124,0.75,1.0,0.819486,0.614614,0.201883,0.553241,1,ok,VOO,0.031629,0.031629,0.031629,0.0,0,0.098277,0.685389,0.13814,0.439703,part2a21_soft_caution_overlay,artifacts_part2_g532/predictions/g532_final_consensus_tape.csv
2024-11-19,0,0.2049714075896585,0.4299780748414457,1.262138,1.581944,0.5,0.562208,0.493555,0.526236,0.75,1.0,0.822263,0.616697,0.197575,0.558566,1,ok,VOO,0.031629,0.031629,0.031629,0.0,0,0.100738,0.687154,0.132789,0.429643,part2a21_soft_caution_overlay,artifacts_part2_g532/predictions/g532_final_consensus_tape.csv
2024-11-20,0,0.2278954386439633,0.5004507267806876,1.515213,1.350988,0.75,0.554463,0.493112,0.409411,0.75,1.0,0.84439,0.633293,0.084831,0.746646,1,ok,VOO,0.031629,0.031629,0.031629,0.0,0,0.061029,0.609088,0.126924,0.418618,part2a21_soft_caution_overlay,artifacts_part2_g532/predictions/g532_final_consensus_tape.csv
2024-11-21,0,0.1988578679677363,0.3545451542114142,1.441148,1.406166,0.5,0.569931,0.493996,0.433267,0.75,1.0,0.800198,0.600148,0.090058,0.735169,1,ok,VOO,0.031629,0.031629,0.031629,0.0,0,0.115357,0.674695,0.154121,0.469747,part2a21_soft_caution_overlay,artifacts_part2_g532/predictions/g532_final_consensus_tape.csv
2024-11-22,0,0.19380239124851,0.3074492905771726,1.510505,1.488955,0.5,0.554113,0.493092,0.48042,0.75,1.0,0.84539,0.634043,0.090363,0.734509,1,ok,VOO,0.031629,0.031629,0.031629,0.0,0,0.087015,0.694855,0.10944,0.385747,part2a21_soft_caution_overlay,artifacts_part2_g532/predictions/g532_final_consensus_tape.csv
2024-11-25,0,0.1848944407982351,0.2518224919891501,1.474049,1.475234,0.5,0.553822,0.493076,0.473447,0.75,1.0,0.846223,0.634667,0.09572,0.723129,1,ok,VOO,0.032593,0.032593,0.032593,0.0,0,0.084617,0.694743,0.109779,0.386384,part2a21_soft_caution_overlay,artifacts_part2_g532/predictions/g532_final_consensus_tape.csv
2024-11-26,0,0.1972368937839614,0.3341354732182529,1.299137,1.427897,0.5,0.55469,0.493125,0.448878,0.75,1.0,0.843744,0.632808,0.103416,0.707382,1,ok,VOO,0.032593,0.032593,0.032593,0.0,0,0.084535,0.6936,0.113244,0.392899,part2a21_soft_caution_overlay,artifacts_part2_g532/predictions/g532_final_consensus_tape.csv
2024-11-27,0,0.2132132531267785,0.5279633055894556,1.645725,1.47297,0.75,0.547257,0.4927,0.474058,0.75,1.0,0.86498,0.648735,0.108125,0.69808,1,ok,VOO,0.032593,0.032593,0.032593,0.0,0,0.034556,0.561898,0.114972,0.396147,part2a21_soft_caution_overlay,artifacts_part2_g532/predictions/g532_final_consensus_tape.csv
2024-11-28,0,0.1961071280171225,0.3935236136767487,1.396474,1.447112,0.75,0.548136,0.492751,0.460573,0.96859,1.0,0.862469,0.835379,0.10461,0.705,1,ok,VOO,0.032593,0.032593,0.032593,0.0,0,0.05626,0.645194,0.104978,0.377359,part2a21_soft_caution_overlay,artifacts_part2_g532/predictions/g532_final_consensus_tape.csv
2024-11-29,0,0.1937631187389683,0.3838792251251449,1.137885,1.393361,0.5,0.548144,0.492751,0.433033,0.968464,1.0,0.862447,0.835249,0.076862,0.764848,1,ok,VOO,0.032593,0.032593,0.032593,0.0,0,0.059233,0.645792,0.103166,0.373951,part2a21_soft_caution_overlay,artifacts_part2_g532/predictions/g532_final_consensus_tape.csv
2024-12-02,0,0.19248612371436,0.3806445877724536,1.147445,1.227268,0.5,0.546716,0.492669,0.348414,0.969677,1.0,0.866525,0.84025,0.077446,0.763484,1,ok,VOO,0.033527,0.033527,0.033527,0.0,0,0.060573,0.647919,0.096717,0.361828,part2a21_soft_caution_overlay,artifacts_part2_g532/predictions/g532_final_consensus_tape.csv
2024-12-03,0,0.1947762574043285,0.3878528552285277,1.419988,1.235106,0.5,0.547328,0.492704,0.352224,0.969001,1.0,0.864776,0.837969,0.078219,0.761686,1,ok,VOO,0.033527,0.033527,0.033527,0.0,0,0.063889,0.647802,0.097071,0.362493,part2a21_soft_caution_overlay,artifacts_part2_g532/predictions/g532_final_consensus_tape.csv
2024-12-04,0,0.1919010864481642,0.3675310864406489,1.151825,1.239753,0.5,0.546155,0.492637,0.354991,0.970347,1.0,0.868128,0.842386,0.078471,0.761101,1,ok,VOO,0.033527,0.033527,0.033527,0.0,0,0.056301,0.647774,0.097158,0.362656,part2a21_soft_caution_overlay,artifacts_part2_g532/predictions/g532_final_consensus_tape.csv
2024-12-05,0,0.1926562901371398,0.3664673774834407,1.565329,1.379047,0.75,0.550763,0.492901,0.424928,0.75,1.0,0.854963,0.641222,0.075134,0.768913,1,ok,VOO,0.033527,0.033527,0.033527,0.0,0,0.064098,0.643387,0.110458,0.387661,part2a21_soft_caution_overlay,artifacts_part2_g532/predictions/g532_final_consensus_tape.csv
2024-12-06,0,0.1909446512433084,0.3679181940668157,1.267951,1.328368,0.5,0.554778,0.49313,0.397687,0.75,1.0,0.843492,0.632619,0.074262,0.770981,1,ok,VOO,0.033527,0.033527,0.033527,0.0,0,0.070703,0.639526,0.122165,0.409671,part2a21_soft_caution_overlay,artifacts_part2_g532/predictions/g532_final_consensus_tape.csv
2024-12-09,0,0.1991252831319984,0.4277800386606456,1.779346,1.537542,0.75,0.546579,0.492662,0.507296,0.969927,1.0,0.866916,0.840846,0.062692,0.799508,1,ok,VOO,0.051155,0.051155,0.051155,0.0,0,0.057372,0.647442,0.098164,0.364548,part2a21_soft_caution_overlay,artifacts_part2_g532/predictions/g532_final_consensus_tape.csv
2024-12-10,0,0.202085109616748,0.4471176072541743,1.615958,1.554418,0.75,0.546549,0.49266,0.515943,0.969954,1.0,0.867002,0.840952,0.048521,0.837461,1,ok,VOO,0.051155,0.051155,0.051155,0.0,0,0.057372,0.647481,0.098045,0.364324,part2a21_soft_caution_overlay,artifacts_part2_g532/predictions/g532_final_consensus_tape.csv
2024-12-11,0,0.1969480693578396,0.4092246452119513,1.085234,1.493513,0.5,0.554663,0.493124,0.482616,0.75,1.0,0.84382,0.632865,0.058583,0.810155,1,ok,VOO,0.051155,0.051155,0.051155,0.0,0,0.074475,0.640446,0.119375,0.404425,part2a21_soft_caution_overlay,artifacts_part2_g532/predictions/g532_final_consensus_tape.csv
2024-12-12,0,0.1987335056112101,0.4250043238443676,1.848876,1.51669,0.75,0.548263,0.492758,0.496187,0.96803,1.0,0.862105,0.834543,0.059898,0.806716,1,ok,VOO,0.051155,0.051155,0.051155,0.0,0,0.067396,0.647306,0.098577,0.365326,part2a21_soft_caution_overlay,artifacts_part2_g532/predictions/g532_final_consensus_tape.csv
2024-12-13,0,0.1967533585460295,0.4105063663258666,1.513886,1.482666,0.5,0.553563,0.493061,0.477335,0.75,1.0,0.846964,0.635223,0.062088,0.801056,1,ok,VOO,0.051155,0.051155,0.051155,0.0,0,0.078714,0.642741,0.112417,0.391344,part2a21_soft_caution_overlay,artifacts_part2_g532/predictions/g532_final_consensus_tape.csv
2024-12-16,0,0.2122000156204964,0.5332297736777478,1.417653,1.593472,0.5,0.551293,0.492931,0.534805,0.75,1.0,0.85345,0.640087,0.062571,0.799818,1,ok,VOO,0.041069,0.041069,0.041069,0.0,0,0.049302,0.559675,0.121714,0.408822,part2a21_soft_caution_overlay,artifacts_part2_g532/predictions/g532_final_consensus_tape.csv
2024-12-17,0,0.2048759589251194,0.4605419900358145,1.948623,1.626721,0.75,0.565893,0.493765,0.548484,0.75,1.0,0.811733,0.6088,0.068595,0.784695,1,ok,VOO,0.041069,0.041069,0.041069,0.0,0,0.098453,0.627829,0.148709,0.459572,part2a21_soft_caution_overlay,artifacts_part2_g532/predictions/g532_final_consensus_tape.csv
2024-12-18,0,0.1912867432682699,0.3138770906861711,2.821588,2.062621,0.75,0.570301,0.494017,0.773344,0.75,1.0,0.799141,0.599356,0.133577,0.651759,1,ok,VOO,0.041069,0.041069,0.041069,0.0,0,0.081134,0.605099,0.176789,0.512363,part2a21_soft_caution_overlay,artifacts_part2_g532/predictions/g532_final_consensus_tape.csv
2024-12-19,0,0.1995998636137259,0.3982751421611739,1.740578,2.170263,0.75,0.569981,0.493999,0.829154,0.75,1.0,0.800056,0.600042,0.136501,0.646829,1,ok,VOO,0.041069,0.041069,0.041069,0.0,0,0.088279,0.609822,0.171101,0.501669,part2a21_soft_caution_overlay,artifacts_part2_g532/predictions/g532_final_consensus_tape.csv
2024-12-20,0,0.229464210163013,0.615583292387664,1.336962,1.966376,0.5,0.557151,0.493266,0.72534,0.75,1.0,0.836712,0.627534,0.142874,0.636337,1,ok,VOO,0.041069,0.041069,0.041069,0.0,0,0.05548,0.553333,0.14094,0.444968,part2a21_soft_caution_overlay,artifacts_part2_g532/predictions/g532_final_consensus_tape.csv
2024-12-23,0,0.2273107139628353,0.603238487568596,1.315754,1.464432,0.5,0.555564,0.493175,0.46742,0.75,1.0,0.841244,0.630933,0.153538,0.61952,1,ok,VOO,0.027405,0.027405,0.027405,0.0,0,0.053866,0.555063,0.135697,0.435111,part2a21_soft_caution_overlay,artifacts_part2_g532/predictions/g532_final_consensus_tape.csv
2024-12-24,0,0.2004762325718998,0.4350251374340139,1.244453,1.299057,0.5,0.557096,0.493263,0.381882,0.75,1.0,0.836868,0.627651,0.158258,0.612359,1,ok,VOO,0.027405,0.027405,0.027405,0.0,0,0.082838,0.638997,0.123767,0.412683,part2a21_soft_caution_overlay,artifacts_part2_g532/predictions/g532_final_consensus_tape.csv
2024-12-25,0,0.2051822022462793,0.4113727861220537,1.6674,1.409202,0.75,0.575814,0.494332,0.433112,0.75,1.0,0.783388,0.587541,0.151871,0.622091,1,ok,VOO,0.027405,0.027405,0.027405,0.0,0,0.175735,0.873693,0.13985,0.442918,part2a21_soft_caution_overlay,artifacts_part2_g532/predictions/g532_final_consensus_tape.csv
2024-12-26,0,0.2083540437585661,0.4410583360072466,1.709051,1.540301,0.75,0.572449,0.49414,0.502115,0.75,1.0,0.793002,0.594751,0.15161,0.622495,1,ok,VOO,0.027405,0.027405,0.027405,0.0,0,0.161719,0.795195,0.135296,0.434356,part2a21_soft_caution_overlay,artifacts_part2_g532/predictions/g532_final_consensus_tape.csv
2024-12-27,0,0.2062617493323065,0.4186730815735617,2.092957,1.823136,0.75,0.574571,0.494261,0.648461,0.75,1.0,0.78694,0.590205,0.157022,0.614217,1,ok,VOO,0.027405,0.027405,0.027405,0.0,0,0.179305,0.876036,0.132745,0.429561,part2a21_soft_caution_overlay,artifacts_part2_g532/predictions/g532_final_consensus_tape.csv
2024-12-30,0,0.2052636669477681,0.4121876804880924,2.0176,1.939869,0.75,0.589224,0.495098,0.706857,0.75,0.6,0.745075,0.335284,0.177305,0.585062,1,ok,VOO,0.020799,0.020799,0.020799,0.0,0,0.220468,0.854905,0.164895,0.490003,part2a21_soft_caution_overlay,artifacts_part2_g532/predictions/g532_final_consensus_tape.csv
2024-12-31,0,0.2109845214190297,0.4721796549925378,1.861186,1.990581,0.75,0.586267,0.49493,0.733809,0.75,1.0,0.753522,0.565142,0.176857,0.585677,1,ok,VOO,0.020799,0.020799,0.020799,0.0,0,0.17958,0.763579,0.178604,0.515776,part2a21_soft_caution_overlay,artifacts_part2_g532/predictions/g532_final_consensus_tape.csv
2025-01-01,0,0.2006566276527307,0.3923252953430307,1.59219,1.823659,0.75,0.590468,0.49517,0.645808,0.75,0.6,0.741519,0.333683,0.135623,0.648302,1,ok,VOO,0.020799,0.020799,0.020799,0.0,0,0.213196,0.847171,0.174302,0.507688,part2a21_soft_caution_overlay,artifacts_part2_g532/predictions/g532_final_consensus_tape.csv
2025-01-02,0,0.205168962777609,0.4283163005277514,1.681005,1.71146,0.75,0.587955,0.495026,0.587594,0.75,0.6,0.7487,0.336915,0.135019,0.649318,1,ok,VOO,0.020799,0.020799,0.020799,0.0,0,0.21358,0.855493,0.164172,0.488643,part2a21_soft_caution_overlay,artifacts_part2_g532/predictions/g532_final_consensus_tape.csv
2025-01-03,0,0.208983876365518,0.4461533367161293,1.164317,1.479171,0.5,0.571631,0.494093,0.470626,0.75,1.0,0.79534,0.596505,0.149727,0.625427,1,ok,VOO,0.020799,0.020799,0.020799,0.0,0,0.152003,0.794271,0.138098,0.439624,part2a21_soft_caution_overlay,artifacts_part2_g532/predictions/g532_final_consensus_tape.csv
2025-01-06,0,0.213640244173148,0.4653624452380681,1.366885,1.404069,0.5,0.57035,0.49402,0.432057,0.75,1.0,0.799001,0.599251,0.141502,0.638567,1,ok,VOO,0.0248,0.0248,0.0248,0.0,0,0.152624,0.796061,0.13267,0.429419,part2a21_soft_caution_overlay,artifacts_part2_g532/predictions/g532_final_consensus_tape.csv
2025-01-07,0,0.2007367244859535,0.4029907569434565,2.271534,1.600912,0.75,0.587965,0.495027,0.529774,0.75,0.6,0.74867,0.336902,0.133844,0.651306,1,ok,VOO,0.0248,0.0248,0.0248,0.0,0,0.221994,0.859671,0.158997,0.478915,part2a21_soft_caution_overlay,artifacts_part2_g532/predictions/g532_final_consensus_tape.csv
2025-01-08,0,0.205708277512726,0.4387134215094812,1.670755,1.769725,0.75,0.586631,0.49495,0.61833,0.75,0.6,0.752483,0.338617,0.133724,0.65151,1,ok,VOO,0.0248,0.0248,0.0248,0.0,0,0.216495,0.861147,0.157154,0.47545,part2a21_soft_caution_overlay,artifacts_part2_g532/predictions/g532_final_consensus_tape.csv
2025-01-09,0,0.2049797567121248,0.4265500806951524,1.675315,1.872535,0.75,0.587109,0.494978,0.671981,0.75,0.6,0.751118,0.338003,0.133927,0.651165,1,ok,VOO,0.0248,0.0248,0.0248,0.0,0,0.212773,0.857784,0.161342,0.483323,part2a21_soft_caution_overlay,artifacts_part2_g532/predictions/g532_final_consensus_tape.csv
2025-01-10,0,0.2141991164972256,0.5036919471977573,2.186603,1.844224,0.75,0.598476,0.495627,0.655132,0.75,0.6,0.718639,0.323388,0.134202,0.650699,1,ok,VOO,0.0248,0.0248,0.0248,0.0,1,0.257294,0.843681,0.178483,0.515547,part2a21_soft_caution_overlay,artifacts_part2_g532/predictions/g532_final_consensus_tape.csv
2025-01-13,0,0.2209696065124584,0.5215140789357843,1.791164,1.884361,0.75,0.584428,0.494824,0.678613,0.75,1.0,0.758777,0.569083,0.104086,0.706044,1,ok,VOO,0.0409,0.0409,0.0409,0.0,0,0.190996,0.775397,0.16429,0.488865,part2a21_soft_caution_overlay,artifacts_part2_g532/predictions/g532_final_consensus_tape.csv
2025-01-14,0,0.2144411008853021,0.4905200560147623,1.749362,1.909043,0.75,0.580812,0.494618,0.69208,0.75,1.0,0.769109,0.576831,0.10309,0.708035,1,ok,VOO,0.0409,0.0409,0.0409,0.0,0,0.164363,0.773542,0.166567,0.493147,part2a21_soft_caution_overlay,artifacts_part2_g532/predictions/g532_final_consensus_tape.csv
2025-01-15,0,0.2140126080876602,0.4628447360622354,0.985546,1.50869,0.5,0.576675,0.494381,0.484585,0.75,1.0,0.780928,0.585696,0.108644,0.69707,1,ok,VOO,0.0409,0.0409,0.0409,0.0,0,0.161273,0.785081,0.152203,0.466141,part2a21_soft_caution_overlay,artifacts_part2_g532/predictions/g532_final_consensus_tape.csv
2025-01-16,0,0.2085598753547151,0.4447161095062724,1.906282,1.547063,0.75,0.578573,0.49449,0.504047,0.75,1.0,0.775505,0.581629,0.109674,0.695074,1,ok,VOO,0.0409,0.0409,0.0409,0.0,0,0.162478,0.779728,0.158926,0.47878,part2a21_soft_caution_overlay,artifacts_part2_g532/predictions/g532_final_consensus_tape.csv
2025-01-17,0,0.211720679309973,0.4394273656027274,1.231309,1.374379,0.5,0.570981,0.494056,0.41648,0.75,1.0,0.797197,0.597898,0.093226,0.728383,1,ok,VOO,0.0409,0.0409,0.0409,0.0,0,0.148055,0.794308,0.137986,0.439414,part2a21_soft_caution_overlay,artifacts_part2_g532/predictions/g532_final_consensus_tape.csv
2025-01-20,0,0.2212304280098232,0.4995796241011327,1.757474,1.631688,0.75,0.574535,0.494259,0.549038,0.75,1.0,0.787042,0.590282,0.087093,0.741636,1,ok,VOO,0.036053,0.036053,0.036053,0.0,0,0.157797,0.789995,0.145935,0.454359,part2a21_soft_caution_overlay,artifacts_part2_g532/predictions/g532_final_consensus_tape.csv
2025-01-21,0,0.203294945482006,0.3755220065903701,1.537513,1.508765,0.5,0.574968,0.494284,0.485082,0.75,1.0,0.785807,0.589355,0.081797,0.753473,1,ok,VOO,0.036053,0.036053,0.036053,0.0,0,0.171003,0.873824,0.139452,0.44217,part2a21_soft_caution_overlay,artifacts_part2_g532/predictions/g532_final_consensus_tape.csv
2025-01-22,0,0.2009396139360931,0.8018533670821778,1.359882,1.551623,0.5,0.575847,0.494334,0.50712,0.75,1.0,0.783294,0.58747,0.087832,0.740012,1,ok,VOO,0.036053,0.036053,0.036053,0.0,0,0.176443,0.845795,0.139541,0.442336,part2a21_soft_caution_overlay,artifacts_part2_g532/predictions/g532_final_consensus_tape.csv
2025-01-23,0,0.2074458171207353,0.7350761274499793,1.667151,1.521515,0.5,0.571196,0.494068,0.492699,0.75,1.0,0.796583,0.597437,0.091401,0.732278,1,ok,VOO,0.036053,0.036053,0.036053,0.0,0,0.143437,0.765084,0.141695,0.446387,part2a21_soft_caution_overlay,artifacts_part2_g532/predictions/g532_final_consensus_tape.csv
2025-01-24,0,0.2008722569040677,0.7881750011155693,1.878106,1.635046,0.75,0.559992,0.493428,0.55415,0.955001,1.0,0.828595,0.791309,0.082109,0.752766,1,ok,VOO,0.036053,0.036053,0.036053,0.0,0,0.132529,0.857398,0.104362,0.376201,part2a21_soft_caution_overlay,artifacts_part2_g532/predictions/g532_final_consensus_tape.csv
2025-01-27,0,0.2091763026198854,0.6996032822751767,2.459261,2.001506,0.75,0.569483,0.49397,0.741782,0.75,1.0,0.801476,0.601107,0.145268,0.632483,1,ok,VOO,0.042303,0.042303,0.042303,0.0,0,0.125619,0.761945,0.145999,0.454479,part2a21_soft_caution_overlay,artifacts_part2_g532/predictions/g532_final_consensus_tape.csv
2025-01-28,0,0.2115678834192441,0.6795550538846582,1.037732,1.7917,0.5,0.566957,0.493826,0.633583,0.75,1.0,0.808695,0.606522,0.149729,0.625423,1,ok,VOO,0.042303,0.042303,0.042303,0.0,0,0.121021,0.766004,0.138905,0.441142,part2a21_soft_caution_overlay,artifacts_part2_g532/predictions/g532_final_consensus_tape.csv
2025-01-29,0,0.2094450035401104,0.7116127200132213,1.613561,1.703518,0.75,0.563126,0.493607,0.58878,0.75,1.0,0.819641,0.614731,0.147625,0.628733,1,ok,VOO,0.042303,0.042303,0.042303,0.0,0,0.110283,0.768782,0.130485,0.425312,part2a21_soft_caution_overlay,artifacts_part2_g532/predictions/g532_final_consensus_tape.csv
2025-01-30,0,0.2071781434816779,0.7441731100176243,1.451921,1.367738,0.5,0.560941,0.493482,0.416077,0.75,1.0,0.825884,0.619413,0.145774,0.631674,1,ok,VOO,0.042303,0.042303,0.042303,0.0,0,0.104523,0.77044,0.125456,0.415857,part2a21_soft_caution_overlay,artifacts_part2_g532/predictions/g532_final_consensus_tape.csv
2025-01-31,0,0.2075656524673381,0.7424717111883293,1.662348,1.575943,0.75,0.565279,0.49373,0.522383,0.75,1.0,0.813489,0.610117,0.141352,0.638811,1,ok,VOO,0.042303,0.042303,0.042303,0.0,0,0.112112,0.766361,0.137824,0.439109,part2a21_soft_caution_overlay,artifacts_part2_g532/predictions/g532_final_consensus_tape.csv
2025-02-03,0,0.2053894442371916,0.7587377592628863,1.836242,1.65017,0.75,0.580701,0.494611,0.557219,0.75,1.0,0.769426,0.57707,0.146139,0.631092,1,ok,VOO,0.03044,0.03044,0.03044,0.0,0,0.170938,0.829209,0.162055,0.484663,part2a21_soft_caution_overlay,artifacts_part2_g532/predictions/g532_final_consensus_tape.csv
2025-02-04,0,0.2101569002483535,0.7236672451138286,1.242936,1.580508,0.5,0.577826,0.494447,0.52164,0.75,1.0,0.77764,0.58323,0.144431,0.633824,1,ok,VOO,0.03044,0.03044,0.03044,0.0,0,0.136475,0.740994,0.172103,0.503553,part2a21_soft_caution_overlay,artifacts_part2_g532/predictions/g532_final_consensus_tape.csv
2025-02-05,0,0.1973156785003952,0.8356192802859953,1.469631,1.51627,0.5,0.57082,0.494047,0.490079,0.75,1.0,0.797658,0.598244,0.135315,0.648821,1,ok,VOO,0.03044,0.03044,0.03044,0.0,0,0.14353,0.845592,0.140156,0.443493,part2a21_soft_caution_overlay,artifacts_part2_g532/predictions/g532_final_consensus_tape.csv
2025-02-06,0,0.2006900247401325,0.8006236686788611,1.428542,1.38037,0.5,0.580532,0.494602,0.416698,0.75,1.0,0.769908,0.577431,0.129346,0.659028,1,ok,VOO,0.03044,0.03044,0.03044,0.0,0,0.173577,0.831062,0.159755,0.480339,part2a21_soft_caution_overlay,artifacts_part2_g532/predictions/g532_final_consensus_tape.csv
2025-02-07,0,0.2112197142205717,0.7093858923521276,1.992943,1.630372,0.75,0.572349,0.494134,0.548866,0.75,1.0,0.793287,0.594965,0.130398,0.657206,1,ok,VOO,0.03044,0.03044,0.03044,0.0,0,0.127715,0.754084,0.15598,0.473242,part2a21_soft_caution_overlay,artifacts_part2_g532/predictions/g532_final_consensus_tape.csv
2025-02-10,0,0.2046896806923255,0.766051077816773,1.275425,1.565637,0.5,0.572416,0.494138,0.515267,0.75,1.0,0.793096,0.594822,0.090165,0.734937,1,ok,VOO,0.033788,0.033788,0.033788,0.0,0,0.164729,0.847853,0.1333,0.430604,part2a21_soft_caution_overlay,artifacts_part2_g532/predictions/g532_final_consensus_tape.csv
2025-02-11,0,0.2123195323585019,0.6898079786949675,1.682481,1.650283,0.75,0.56083,0.493476,0.561814,0.75,1.0,0.826199,0.619649,0.081501,0.754146,1,ok,VOO,0.033788,0.033788,0.033788,0.0,0,0.120546,0.773859,0.11509,0.396369,part2a21_soft_caution_overlay,artifacts_part2_g532/predictions/g532_final_consensus_tape.csv
2025-02-12,0,0.2201540532413008,0.6204888268557687,1.672082,1.543329,0.75,0.570926,0.494053,0.504078,0.75,1.0,0.797353,0.598015,0.081059,0.755152,1,ok,VOO,0.033788,0.033788,0.033788,0.0,0,0.144367,0.765624,0.140058,0.443308,part2a21_soft_caution_overlay,artifacts_part2_g532/predictions/g532_final_consensus_tape.csv
2025-02-13,0,0.2056152157574191,0.7523472442926024,1.255497,1.536687,0.5,0.577787,0.494445,0.498852,0.75,1.0,0.777752,0.583314,0.081055,0.755163,1,ok,VOO,0.033788,0.033788,0.033788,0.0,0,0.18567,0.845164,0.141455,0.445935,part2a21_soft_caution_overlay,artifacts_part2_g532/predictions/g532_final_consensus_tape.csv
2025-02-14,0,0.1952765993493461,0.8426734068507501,1.605905,1.511161,0.5,0.570435,0.494025,0.487533,0.75,1.0,0.798758,0.599068,0.081711,0.753668,1,ok,VOO,0.033788,0.033788,0.033788,0.0,0,0.161466,0.849758,0.127524,0.419745,part2a21_soft_caution_overlay,artifacts_part2_g532/predictions/g532_final_consensus_tape.csv
2025-02-17,0,0.1955879808775605,0.8394234875070495,1.737623,1.533008,0.75,0.571594,0.494091,0.498554,0.75,1.0,0.795445,0.596583,0.068994,0.783713,1,ok,VOO,0.034965,0.034965,0.034965,0.0,0,0.167956,0.84958,0.128065,0.420763,part2a21_soft_caution_overlay,artifacts_part2_g532/predictions/g532_final_consensus_tape.csv
2025-02-18,0,0.2100847993365345,0.7232767165104311,1.741566,1.695031,0.5,0.570057,0.494003,0.582905,0.75,1.0,0.799837,0.599878,0.076266,0.766245,1,ok,VOO,0.034965,0.034965,0.034965,0.0,0,0.144206,0.76672,0.136736,0.437063,part2a21_soft_caution_overlay,artifacts_part2_g532/predictions/g532_final_consensus_tape.csv
2025-02-19,0,0.2135740574906553,0.5937409418569365,1.757225,1.745471,0.75,0.560735,0.493471,0.61092,0.75,1.0,0.826471,0.619853,0.074042,0.771505,1,ok,VOO,0.034965,0.034965,0.034965,0.0,0,0.103951,0.712586,0.125002,0.415003,part2a21_soft_caution_overlay,artifacts_part2_g532/predictions/g532_final_consensus_tape.csv
2025-02-20,0,0.2231645433746603,0.4707993092066753,1.901899,1.80023,0.75,0.564688,0.493696,0.63842,0.75,1.0,0.815176,0.611382,0.08294,0.750887,1,ok,VOO,0.034965,0.034965,0.034965,0.0,0,0.109985,0.708688,0.13682,0.437221,part2a21_soft_caution_overlay,artifacts_part2_g532/predictions/g532_final_consensus_tape.csv
2025-02-21,0,0.2104051745045043,0.645015614883598,2.326935,1.995353,0.75,0.572724,0.494156,0.738155,0.75,1.0,0.792216,0.594162,0.143935,0.634623,1,ok,VOO,0.034965,0.034965,0.034965,0.0,0,0.105615,0.683774,0.171153,0.501767,part2a21_soft_caution_overlay,artifacts_part2_g532/predictions/g532_final_consensus_tape.csv
2025-02-24,0,0.2130312988854384,0.621755699500203,1.95828,2.062371,0.75,0.579451,0.49454,0.772134,0.5,0.6,0.772999,0.13914,0.139334,0.642122,1,ok,VOO,0.010348,0.010348,0.010348,0.0,0,0.11752,0.667684,0.190245,0.53766,part2a21_soft_caution_overlay,artifacts_part2_g532/predictions/g532_final_consensus_tape.csv
2025-02-25,0,0.2115992928758404,0.6332731732472698,1.859631,2.048282,0.75,0.572134,0.494122,0.76569,0.5,0.6,0.793904,0.142903,0.144951,0.63299,1,ok,VOO,0.010348,0.010348,0.010348,0.0,0,0.101502,0.683588,0.171378,0.502191,part2a21_soft_caution_overlay,artifacts_part2_g532/predictions/g532_final_consensus_tape.csv
2025-02-26,0,0.2152214283915522,0.5998721579892391,1.368547,1.728819,0.5,0.573137,0.494179,0.599774,0.5,0.6,0.791037,0.142387,0.139574,0.641726,1,ok,VOO,0.010348,0.010348,0.010348,0.0,0,0.103328,0.681255,0.174195,0.507487,part2a21_soft_caution_overlay,artifacts_part2_g532/predictions/g532_final_consensus_tape.csv
2025-02-27,0,0.2142550852106909,0.6101516178607902,2.197474,1.808551,0.75,0.572396,0.494137,0.641291,0.5,0.6,0.793154,0.142768,0.142327,0.637223,1,ok,VOO,0.010348,0.010348,0.010348,0.0,0,0.10016,0.682046,0.173243,0.505697,part2a21_soft_caution_overlay,artifacts_part2_g532/predictions/g532_final_consensus_tape.csv
2025-02-28,0,0.2162951779034569,0.5788656166518388,0.747388,1.437803,0.5,0.574314,0.494247,0.448406,0.5,0.6,0.787674,0.141781,0.16379,0.604172,1,ok,VOO,0.010348,0.010348,0.010348,0.0,0,0.106105,0.678829,0.177106,0.51296,part2a21_soft_caution_overlay,artifacts_part2_g532/predictions/g532_final_consensus_tape.csv
2025-03-03,0,0.213825432126029,0.6080559243724025,1.871299,1.605387,0.75,0.575125,0.494293,0.535236,0.5,0.6,0.785356,0.141364,0.179981,0.58142,0,high_risk_veto,FLAT,0.0,0.0,0.0,0.0,0,0.105619,0.675897,0.180599,0.519527,part2a21_soft_caution_overlay,artifacts_part2_g532/predictions/g532_final_consensus_tape.csv
2025-03-04,0,0.216841511361509,0.574601088749469,1.396419,1.338369,0.75,0.57775,0.494443,0.395692,0.5,0.6,0.777858,0.140014,0.159159,0.611009,0,high_risk_veto,FLAT,0.0,0.0,0.0,0.0,0,0.106316,0.667467,0.190496,0.538133,part2a21_soft_caution_overlay,artifacts_part2_g532/predictions/g532_final_consensus_tape.csv
2025-03-05,0,0.2198102710356889,0.5420374876511812,0.957716,1.408478,0.5,0.578796,0.494503,0.431855,0.5,0.6,0.77487,0.139477,0.200186,0.555326,0,high_risk_veto,FLAT,0.0,0.0,0.0,0.0,0,0.115532,0.66884,0.1889,0.535131,part2a21_soft_caution_overlay,artifacts_part2_g532/predictions/g532_final_consensus_tape.csv
2025-03-06,0,0.2178408259413568,0.5511922337309247,2.128739,1.494291,0.75,0.568458,0.493912,0.479323,0.5,0.6,0.804405,0.144793,0.207306,0.54668,0,high_risk_veto,FLAT,0.0,0.0,0.0,0.0,0,0.10103,0.6951,0.157207,0.475548,part2a21_soft_caution_overlay,artifacts_part2_g532/predictions/g532_final_consensus_tape.csv
2025-03-07,0,0.2176707987872762,0.569813515755245,1.10394,1.396798,0.5,0.571717,0.494098,0.427884,0.5,0.6,0.795093,0.143117,0.200834,0.554527,0,high_risk_veto,FLAT,0.0,0.0,0.0,0.0,0,0.102192,0.68529,0.169312,0.498306,part2a21_soft_caution_overlay,artifacts_part2_g532/predictions/g532_final_consensus_tape.csv
2025-03-10,0,0.2154788370602875,0.5804163521015807,2.388368,1.873682,0.75,0.581868,0.494678,0.673475,0.5,0.6,0.766092,0.137897,0.247359,0.502655,0,high_risk_veto,FLAT,0.0,0.0,0.0,0.0,0,0.106913,0.653601,0.206332,0.567904,part2a21_soft_caution_overlay,artifacts_part2_g532/predictions/g532_final_consensus_tape.csv
2025-03-11,0,0.2139444266030753,0.616541914451115,1.252934,1.581747,0.75,0.581732,0.49467,0.521312,0.5,0.6,0.76648,0.137966,0.246117,0.503913,0,high_risk_veto,FLAT,0.0,0.0,0.0,0.0,0,0.105612,0.653358,0.206605,0.568417,part2a21_soft_caution_overlay,artifacts_part2_g532/predictions/g532_final_consensus_tape.csv
2025-03-12,0,0.2201451658970898,0.5312080302329744,0.87828,1.506527,0.5,0.58242,0.49471,0.481913,0.5,0.6,0.764514,0.137613,0.256443,0.493639,0,high_risk_veto,FLAT,0.0,0.0,0.0,0.0,0,0.112795,0.65491,0.204859,0.565136,part2a21_soft_caution_overlay,artifacts_part2_g532/predictions/g532_final_consensus_tape.csv
2025-03-13,0,0.2181604532614521,0.5414216504634178,1.665576,1.265597,0.75,0.582113,0.494692,0.356373,0.5,0.6,0.765392,0.137771,0.258758,0.491393,0,high_risk_veto,FLAT,0.0,0.0,0.0,0.0,0,0.104935,0.651646,0.208523,0.572023,part2a21_soft_caution_overlay,artifacts_part2_g532/predictions/g532_final_consensus_tape.csv
2025-03-14,0,0.2159127951537984,0.5848618729600162,0.459183,1.001013,0.5,0.579641,0.494551,0.219424,0.5,0.6,0.772455,0.139042,0.290422,0.462602,0,high_risk_veto,FLAT,0.0,0.0,0.0,0.0,0,0.113989,0.665148,0.193182,0.543182,part2a21_soft_caution_overlay,artifacts_part2_g532/predictions/g532_final_consensus_tape.csv
2025-03-17,0,0.2200222446474864,0.5262778769237153,1.05818,1.060979,0.5,0.58455,0.494831,0.24873,0.5,0.6,0.758427,0.136517,0.280416,0.471328,0,high_risk_veto,FLAT,0.0,0.0,0.0,0.0,0,0.123634,0.653429,0.206525,0.568267,part2a21_soft_caution_overlay,artifacts_part2_g532/predictions/g532_final_consensus_tape.csv
2025-03-18,0,0.2171926188896624,0.560322817972005,1.716626,1.077996,0.75,0.582884,0.494736,0.258259,0.5,0.6,0.763189,0.137374,0.282687,0.469319,0,high_risk_veto,FLAT,0.0,0.0,0.0,0.0,0,0.117762,0.656021,0.203606,0.562779,part2a21_soft_caution_overlay,artifacts_part2_g532/predictions/g532_final_consensus_tape.csv
2025-03-19,0,0.2256774861315942,0.6261431960927939,0.798213,1.191006,0.5,0.590683,0.495182,0.314418,0.5,0.6,0.740905,0.133363,0.268558,0.482106,1,ok,FLAT,0.0,0.0,0.0,0.0,0,0.155337,0.699842,0.21101,0.576698,part2a21_soft_caution_overlay,artifacts_part2_g532/predictions/g532_final_consensus_tape.csv
2025-03-20,0,0.2254811776687693,0.6558894709647708,1.265371,1.26007,0.75,0.585004,0.494857,0.352516,0.5,0.6,0.757131,0.136284,0.256302,0.493777,1,ok,FLAT,0.0,0.0,0.0,0.0,0,0.14509,0.713986,0.195012,0.546623,part2a21_soft_caution_overlay,artifacts_part2_g532/predictions/g532_final_consensus_tape.csv
2025-03-21,0,0.2257306477641964,0.6767797767782868,1.058757,1.04078,0.5,0.578319,0.494475,0.240655,0.5,0.6,0.776231,0.139722,0.252621,0.497392,1,ok,FLAT,0.0,0.0,0.0,0.0,0,0.128666,0.727767,0.178883,0.516301,part2a21_soft_caution_overlay,artifacts_part2_g532/predictions/g532_final_consensus_tape.csv
2025-03-24,0,0.2243172505196778,0.6461146276342404,0.617468,0.980532,0.5,0.562287,0.493559,0.215845,0.5,0.6,0.822038,0.147967,0.213611,0.539245,1,ok,VOO,0.002583,0.002583,0.002583,0.0,0,0.103654,0.760937,0.131292,0.42683,part2a21_soft_caution_overlay,artifacts_part2_g532/predictions/g532_final_consensus_tape.csv
2025-03-25,0,0.2258416876669792,0.593595250526119,1.111268,0.929164,0.5,0.562814,0.493589,0.189114,0.5,0.6,0.82053,0.147695,0.20971,0.543821,1,ok,VOO,0.002583,0.002583,0.002583,0.0,0,0.105969,0.760725,0.131934,0.428036,part2a21_soft_caution_overlay,artifacts_part2_g532/predictions/g532_final_consensus_tape.csv
2025-03-26,0,0.225642711633825,0.6536066522186055,1.828745,1.185827,0.75,0.567973,0.493884,0.319796,0.5,0.6,0.805793,0.145043,0.218147,0.534021,1,ok,VOO,0.002583,0.002583,0.002583,0.0,0,0.11675,0.754716,0.145551,0.453635,part2a21_soft_caution_overlay,artifacts_part2_g532/predictions/g532_final_consensus_tape.csv
2025-03-27,0,0.2238087152624636,0.6446374545224979,1.363766,1.434593,0.75,0.568035,0.493888,0.448537,0.5,0.6,0.805615,0.145011,0.192384,0.56512,1,ok,VOO,0.002583,0.002583,0.002583,0.0,0,0.117925,0.755092,0.145067,0.452726,part2a21_soft_caution_overlay,artifacts_part2_g532/predictions/g532_final_consensus_tape.csv
2025-03-28,0,0.2233187432964589,0.5722541925433972,1.868465,1.686992,0.75,0.581663,0.494666,0.576191,0.5,0.6,0.766678,0.138002,0.215264,0.537329,0,high_risk_veto,VOO,0.002583,0.002583,0.002583,0.0,0,0.136786,0.720884,0.187009,0.531577,part2a21_soft_caution_overlay,artifacts_part2_g532/predictions/g532_final_consensus_tape.csv
2025-03-31,0,0.2225576418097988,0.5208485843894088,0.924567,1.385599,0.75,0.580362,0.494592,0.419474,0.5,0.6,0.770396,0.138671,0.21207,0.541043,0,high_risk_veto,FLAT,0.0,0.0,0.0,0.0,0,0.124563,0.718781,0.189465,0.536193,part2a21_soft_caution_overlay,artifacts_part2_g532/predictions/g532_final_consensus_tape.csv
2025-04-01,0,0.2247731566192348,0.5681574586771744,0.709886,1.167639,0.5,0.581057,0.494632,0.30568,0.5,0.6,0.768408,0.138313,0.204953,0.549507,0,high_risk_veto,FLAT,0.0,0.0,0.0,0.0,0,0.130193,0.719426,0.188713,0.53478,part2a21_soft_caution_overlay,artifacts_part2_g532/predictions/g532_final_consensus_tape.csv
2025-04-02,0,0.2258337060706968,0.5492376353718115,0.800365,0.811606,0.5,0.579046,0.494517,0.121065,0.5,0.6,0.774153,0.139348,0.204478,0.550082,0,high_risk_veto,FLAT,0.0,0.0,0.0,0.0,0,0.133328,0.72779,0.178856,0.516249,part2a21_soft_caution_overlay,artifacts_part2_g532/predictions/g532_final_consensus_tape.csv
2025-04-03,0,0.2223237524658214,0.6169098774529349,2.190197,1.233483,0.75,0.607587,0.496148,0.330739,0.5,0.6,0.692607,0.124669,0.357973,0.411202,0,high_risk_veto,FLAT,0.0,0.0,0.0,0.0,1,0.160537,0.680428,0.319615,0.616429,part2a21_soft_caution_overlay,artifacts_part2_g532/predictions/g532_final_consensus_tape.csv
2025-04-04,0,0.2201363336487485,0.5553921043635451,1.965974,1.652179,0.75,0.609829,0.496276,0.551458,0.5,0.6,0.686204,0.123517,0.451224,0.356519,0,high_risk_veto,FLAT,0.0,0.0,0.0,0.0,1,0.157813,0.677243,0.337777,0.62279,part2a21_soft_caution_overlay,artifacts_part2_g532/predictions/g532_final_consensus_tape.csv
2025-04-07,0,0.220837797203788,0.6025293982042456,0.506385,1.554185,0.5,0.599476,0.495684,0.50234,0.5,0.6,0.715782,0.128841,0.422576,0.371705,0,high_risk_veto,FLAT,0.0,0.0,0.0,0.0,0,0.153552,0.688795,0.27205,0.599513,part2a21_soft_caution_overlay,artifacts_part2_g532/predictions/g532_final_consensus_tape.csv
2025-04-08,0,0.2198674719185675,0.6127210573026676,1.066952,1.179771,0.75,0.600182,0.495725,0.305076,0.5,0.6,0.713765,0.128478,0.415431,0.375697,0,high_risk_veto,FLAT,0.0,0.0,0.0,0.0,0,0.153265,0.687898,0.277136,0.60134,part2a21_soft_caution_overlay,artifacts_part2_g532/predictions/g532_final_consensus_tape.csv
2025-04-09,0,0.2182338388883169,0.521208238982135,-0.441124,0.377405,0.5,0.594377,0.495393,0.0,0.5,0.6,0.730353,0.131463,0.681432,0.268404,0,high_risk_veto,FLAT,0.0,0.0,0.0,0.0,0,0.156393,0.69542,0.234546,0.585898,part2a21_soft_caution_overlay,artifacts_part2_g532/predictions/g532_final_consensus_tape.csv
2025-04-10,0,0.219308444722977,0.5784414634636549,2.182566,0.936131,0.75,0.603382,0.495908,0.175443,0.5,0.6,0.704622,0.126832,0.690873,0.265711,0,high_risk_veto,FLAT,0.0,0.0,0.0,0.0,1,0.230383,0.778584,0.216689,0.579325,part2a21_soft_caution_overlay,artifacts_part2_g532/predictions/g532_final_consensus_tape.csv
2025-04-11,0,0.2137960970393251,0.5141307422126763,0.347683,0.696375,0.5,0.642782,0.498159,0.028856,0.5,0.6,0.59205,0.106569,0.696485,0.264135,0,high_risk_veto,FLAT,0.0,0.0,0.0,0.0,1,0.268716,0.738973,0.44865,0.65,part2a21_soft_caution_overlay,artifacts_part2_g532/predictions/g532_final_consensus_tape.csv
2025-04-14,0,0.2146418283891538,0.4950111432652129,0.651264,1.060504,0.5,0.63223,0.497556,0.229297,0.5,0.6,0.622199,0.111996,0.696246,0.264202,0,high_risk_veto,FLAT,0.0,0.0,0.0,0.0,1,0.259653,0.749658,0.381153,0.63777,part2a21_soft_caution_overlay,artifacts_part2_g532/predictions/g532_final_consensus_tape.csv
2025-04-15,0,0.2145614129623544,0.4845091604322869,0.885408,0.628118,0.5,0.632385,0.497565,0.0,0.5,0.6,0.621757,0.111916,0.696176,0.264221,0,high_risk_veto,FLAT,0.0,0.0,0.0,0.0,1,0.262666,0.750039,0.378969,0.637023,part2a21_soft_caution_overlay,artifacts_part2_g532/predictions/g532_final_consensus_tape.csv
2025-04-16,0,0.2106140978469113,0.4288932392224576,1.755271,1.097314,0.75,0.609895,0.49628,0.257879,0.5,0.6,0.686013,0.123482,0.70252,0.262462,0,high_risk_veto,FLAT,0.0,0.0,0.0,0.0,1,0.165356,0.671331,0.330148,0.620125,part2a21_soft_caution_overlay,artifacts_part2_g532/predictions/g532_final_consensus_tape.csv
2025-04-17,0,0.2137817567569061,0.4809900687372443,0.929651,1.19011,0.75,0.632346,0.497563,0.298644,0.5,0.6,0.621868,0.111936,0.639474,0.281065,0,high_risk_veto,FLAT,0.0,0.0,0.0,0.0,1,0.253842,0.74118,0.388194,0.640175,part2a21_soft_caution_overlay,artifacts_part2_g532/predictions/g532_final_consensus_tape.csv
2025-04-18,0,0.2168442130176549,0.481562886295834,0.923557,1.202826,0.75,0.62762,0.497293,0.307206,0.5,0.6,0.635371,0.114367,0.538553,0.317036,0,high_risk_veto,FLAT,0.0,0.0,0.0,0.0,1,0.247226,0.745571,0.363048,0.631553,part2a21_soft_caution_overlay,artifacts_part2_g532/predictions/g532_final_consensus_tape.csv
2025-04-21,0,0.2238197733964207,0.5499792836854969,1.70431,1.185839,0.75,0.63969,0.497982,0.29358,0.5,0.6,0.600886,0.108159,0.552135,0.311668,0,high_risk_veto,FLAT,0.0,0.0,0.0,0.0,1,0.269572,0.735412,0.422304,0.65,part2a21_soft_caution_overlay,artifacts_part2_g532/predictions/g532_final_consensus_tape.csv
2025-04-22,0,0.2185665788136034,0.4756725672004402,0.175977,0.934614,0.5,0.627735,0.497299,0.163908,0.5,0.6,0.635043,0.114308,0.556101,0.310135,0,high_risk_veto,FLAT,0.0,0.0,0.0,0.0,1,0.258871,0.747621,0.351328,0.627501,part2a21_soft_caution_overlay,artifacts_part2_g532/predictions/g532_final_consensus_tape.csv
2025-04-23,0,0.2222007348663342,0.4692328794614425,0.379113,0.753133,0.5,0.586107,0.49492,0.08727,0.5,0.6,0.75398,0.135716,0.301641,0.453194,0,high_risk_veto,FLAT,0.0,0.0,0.0,0.0,0,0.133267,0.696468,0.20668,0.568559,part2a21_soft_caution_overlay,artifacts_part2_g532/predictions/g532_final_consensus_tape.csv
2025-04-24,0,0.2197667792523613,0.433514306064957,0.325427,0.293505,0.5,0.581908,0.49468,0.0,0.5,0.6,0.765978,0.137876,0.268799,0.481882,0,high_risk_veto,FLAT,0.0,0.0,0.0,0.0,0,0.125243,0.706637,0.195128,0.54684,part2a21_soft_caution_overlay,artifacts_part2_g532/predictions/g532_final_consensus_tape.csv
2025-04-25,0,0.2204138412708485,0.452428084749579,0.804743,0.503094,0.5,0.578507,0.494486,0.0,0.5,0.6,0.775694,0.139625,0.245294,0.50475,0,high_risk_veto,FLAT,0.0,0.0,0.0,0.0,0,0.131452,0.721345,0.177896,0.514445,part2a21_soft_caution_overlay,artifacts_part2_g532/predictions/g532_final_consensus_tape.csv
2025-04-28,0,0.2216204410365699,0.4646723129932737,1.122584,0.750918,0.75,0.582997,0.494743,0.087595,0.5,0.6,0.762865,0.137316,0.246356,0.503671,0,high_risk_veto,FLAT,0.0,0.0,0.0,0.0,0,0.133514,0.707366,0.194289,0.545263,part2a21_soft_caution_overlay,artifacts_part2_g532/predictions/g532_final_consensus_tape.csv
2025-04-29,0,0.2291063751326219,0.4912353057325859,0.908959,0.945429,0.5,0.582147,0.494694,0.189421,0.5,0.6,0.765294,0.137753,0.243686,0.506395,0,high_risk_veto,FLAT,0.0,0.0,0.0,0.0,0,0.131969,0.709433,0.191901,0.540774,part2a21_soft_caution_overlay,artifacts_part2_g532/predictions/g532_final_consensus_tape.csv
2025-04-30,0,0.2219749875175892,0.4195744571679889,1.044524,1.025356,0.75,0.57283,0.494162,0.234814,0.5,0.6,0.791915,0.142545,0.188533,0.570082,0,high_risk_veto,FLAT,0.0,0.0,0.0,0.0,0,0.120275,0.734036,0.162481,0.485464,part2a21_soft_caution_overlay,artifacts_part2_g532/predictions/g532_final_consensus_tape.csv
2025-05-01,0,0.2237423811894808,0.4502671071287363,0.718449,0.890644,0.5,0.577464,0.494427,0.162899,0.5,0.6,0.778674,0.140161,0.192024,0.565581,0,high_risk_veto,FLAT,0.0,0.0,0.0,0.0,0,0.126594,0.72226,0.176803,0.512389,part2a21_soft_caution_overlay,artifacts_part2_g532/predictions/g532_final_consensus_tape.csv
2025-05-02,0,0.2191202736709478,0.417579165328362,0.788212,0.850395,0.5,0.576451,0.494369,0.142416,0.5,0.6,0.781569,0.140682,0.205466,0.548888,0,high_risk_veto,FLAT,0.0,0.0,0.0,0.0,0,0.130687,0.727672,0.170278,0.500123,part2a21_soft_caution_overlay,artifacts_part2_g532/predictions/g532_final_consensus_tape.csv
2025-05-05,0,0.2277543939783191,0.4752755095914364,1.440563,0.982408,0.75,0.568676,0.493924,0.214222,0.5,0.6,0.803784,0.144681,0.161599,0.607387,0,high_risk_veto,FLAT,0.0,0.0,0.0,0.0,0,0.12186,0.747777,0.14515,0.452883,part2a21_soft_caution_overlay,artifacts_part2_g532/predictions/g532_final_consensus_tape.csv
2025-05-06,0,0.2251633139572208,0.4688509412437224,1.512688,1.247154,0.75,0.569214,0.493955,0.351121,0.5,0.6,0.802246,0.144404,0.162828,0.605579,0,high_risk_veto,FLAT,0.0,0.0,0.0,0.0,0,0.120391,0.745416,0.14818,0.458578,part2a21_soft_caution_overlay,artifacts_part2_g532/predictions/g532_final_consensus_tape.csv
2025-05-07,0,0.2273957406219818,0.4589835786277355,1.090297,1.347849,0.5,0.56755,0.49386,0.403788,0.65,0.6,0.807001,0.31473,0.153529,0.619534,0,high_risk_veto,FLAT,0.0,0.0,0.0,0.0,0,0.112949,0.746928,0.146242,0.454935,part2a21_soft_caution_overlay,artifacts_part2_g532/predictions/g532_final_consensus_tape.csv
2025-05-08,0,0.2258737137489323,0.4379600254939208,1.043779,1.215588,0.5,0.568873,0.493936,0.33489,0.75,1.0,0.80322,0.602415,0.15158,0.62254,1,ok,FLAT,0.0,0.0,0.0,0.0,0,0.115183,0.743937,0.150066,0.462123,part2a21_soft_caution_overlay,artifacts_part2_g532/predictions/g532_final_consensus_tape.csv
2025-05-09,0,0.2347588687470833,0.4730721829468808,1.395032,1.176369,0.75,0.562351,0.493563,0.316888,0.75,1.0,0.821855,0.616392,0.154227,0.618465,1,ok,FLAT,0.0,0.0,0.0,0.0,0,0.105401,0.753962,0.13046,0.425265,part2a21_soft_caution_overlay,artifacts_part2_g532/predictions/g532_final_consensus_tape.csv
2025-05-12,0,0.226576618120993,0.4680491507766206,0.378696,0.939169,0.5,0.57472,0.49427,0.189297,0.75,1.0,0.786514,0.589885,0.232557,0.518073,1,ok,VOO,0.008677,0.008677,0.008677,0.0,0,0.131077,0.733434,0.163225,0.486864,part2a21_soft_caution_overlay,artifacts_part2_g532/predictions/g532_final_consensus_tape.csv
2025-05-13,0,0.2251938157532079,0.4583407733768556,1.269175,1.014301,0.5,0.591123,0.495207,0.22169,0.75,0.6,0.73965,0.332842,0.231101,0.519642,1,ok,VOO,0.008677,0.008677,0.008677,0.0,0,0.21473,0.802993,0.175925,0.510739,part2a21_soft_caution_overlay,artifacts_part2_g532/predictions/g532_final_consensus_tape.csv
2025-05-14,0,0.2261033925303969,0.6378235107357277,1.565897,1.071256,0.5,0.578798,0.494503,0.256328,0.75,1.0,0.774864,0.581148,0.226584,0.524567,1,ok,VOO,0.008677,0.008677,0.008677,0.0,0,0.13118,0.675231,0.179208,0.516911,part2a21_soft_caution_overlay,artifacts_part2_g532/predictions/g532_final_consensus_tape.csv
2025-05-15,0,0.2262255256438507,0.7020976556669313,1.644333,1.493135,0.5,0.570883,0.49405,0.47807,0.75,1.0,0.797478,0.598108,0.231055,0.519691,1,ok,VOO,0.008677,0.008677,0.008677,0.0,0,0.114639,0.692378,0.158312,0.477627,part2a21_soft_caution_overlay,artifacts_part2_g532/predictions/g532_final_consensus_tape.csv
2025-05-16,0,0.2270172357168347,0.6210978610051555,1.545943,1.585391,0.5,0.573177,0.494182,0.525328,0.75,1.0,0.790922,0.593191,0.217639,0.5346,1,ok,VOO,0.008677,0.008677,0.008677,0.0,0,0.117802,0.686667,0.165382,0.490918,part2a21_soft_caution_overlay,artifacts_part2_g532/predictions/g532_final_consensus_tape.csv
2025-05-19,0,0.2278556665630784,0.6654423876563389,1.636999,1.609091,0.5,0.56875,0.493929,0.538688,0.75,1.0,0.80357,0.602678,0.213251,0.539664,1,ok,VOO,0.026281,0.026281,0.026281,0.0,0,0.113248,0.698359,0.150782,0.463471,part2a21_soft_caution_overlay,artifacts_part2_g532/predictions/g532_final_consensus_tape.csv
2025-05-20,0,0.2276890519256735,0.6639629261432535,1.787389,1.656777,0.75,0.570428,0.494024,0.563,0.75,1.0,0.798777,0.599082,0.197411,0.55877,1,ok,VOO,0.026281,0.026281,0.026281,0.0,0,0.113498,0.693244,0.15723,0.475593,part2a21_soft_caution_overlay,artifacts_part2_g532/predictions/g532_final_consensus_tape.csv
2025-05-21,0,0.2222596193717555,0.6119016629455389,2.119388,1.847925,0.75,0.573159,0.494181,0.661583,0.75,1.0,0.790975,0.593231,0.214041,0.538745,1,ok,VOO,0.026281,0.026281,0.026281,0.0,0,0.118951,0.687306,0.164596,0.489441,part2a21_soft_caution_overlay,artifacts_part2_g532/predictions/g532_final_consensus_tape.csv
2025-05-22,0,0.2227298528047343,0.6220101557912259,1.603024,1.8366,0.5,0.5718,0.494103,0.655949,0.75,1.0,0.794856,0.596142,0.212385,0.540675,1,ok,VOO,0.026281,0.026281,0.026281,0.0,0,0.113611,0.688957,0.162561,0.485614,part2a21_soft_caution_overlay,artifacts_part2_g532/predictions/g532_final_consensus_tape.csv
2025-05-23,0,0.2215061454858647,0.5763727768979139,1.897636,1.873349,0.75,0.578988,0.494514,0.673791,0.75,1.0,0.77432,0.58074,0.221664,0.530038,1,ok,VOO,0.026281,0.026281,0.026281,0.0,0,0.123825,0.670746,0.184515,0.526889,part2a21_soft_caution_overlay,artifacts_part2_g532/predictions/g532_final_consensus_tape.csv
2025-05-26,0,0.2221296679784107,0.5952973507188851,1.610058,1.703573,0.75,0.575268,0.494301,0.586214,0.75,1.0,0.784948,0.588711,0.095129,0.724368,1,ok,VOO,0.037498,0.037498,0.037498,0.0,0,0.123475,0.682809,0.170094,0.499777,part2a21_soft_caution_overlay,artifacts_part2_g532/predictions/g532_final_consensus_tape.csv
2025-05-27,0,0.2242623760916574,0.6313463962507518,0.945749,1.484481,0.5,0.571141,0.494065,0.473513,0.75,1.0,0.796741,0.597556,0.122541,0.671067,1,ok,VOO,0.037498,0.037498,0.037498,0.0,0,0.117871,0.693169,0.157324,0.47577,part2a21_soft_caution_overlay,artifacts_part2_g532/predictions/g532_final_consensus_tape.csv
2025-05-28,0,0.2240814898188901,0.6611599436374087,1.815411,1.457073,0.75,0.568313,0.493904,0.460095,0.75,1.0,0.804821,0.603616,0.120341,0.675054,1,ok,VOO,0.037498,0.037498,0.037498,0.0,0,0.113608,0.699887,0.148837,0.459814,part2a21_soft_caution_overlay,artifacts_part2_g532/predictions/g532_final_consensus_tape.csv
2025-05-29,0,0.2260139553713098,0.7300660740760785,1.547564,1.436242,0.5,0.56496,0.493712,0.450265,0.75,1.0,0.814399,0.6108,0.120205,0.675301,1,ok,VOO,0.037498,0.037498,0.037498,0.0,0,0.106329,0.70575,0.140155,0.443491,part2a21_soft_caution_overlay,artifacts_part2_g532/predictions/g532_final_consensus_tape.csv
2025-05-30,0,0.2268046412012822,0.7550359263902275,1.635755,1.666244,0.75,0.56846,0.493912,0.568346,0.75,1.0,0.804399,0.603299,0.115368,0.684241,1,ok,VOO,0.037498,0.037498,0.037498,0.0,0,0.112155,0.698724,0.150319,0.462599,part2a21_soft_caution_overlay,artifacts_part2_g532/predictions/g532_final_consensus_tape.csv
2025-06-02,0,0.2250900689456323,0.7338951831385687,1.365792,1.516371,0.5,0.573212,0.494184,0.489498,0.75,1.0,0.790823,0.593117,0.126782,0.663513,1,ok,VOO,0.028896,0.028896,0.028896,0.0,0,0.114123,0.684693,0.167799,0.495462,part2a21_soft_caution_overlay,artifacts_part2_g532/predictions/g532_final_consensus_tape.csv
2025-06-03,0,0.2268030621546735,0.6661582780570035,1.455034,1.485527,0.5,0.569098,0.493948,0.474612,0.75,1.0,0.802577,0.601933,0.131455,0.655386,1,ok,VOO,0.028896,0.028896,0.028896,0.0,0,0.115944,0.698597,0.150479,0.462901,part2a21_soft_caution_overlay,artifacts_part2_g532/predictions/g532_final_consensus_tape.csv
2025-06-04,0,0.2294399629014331,0.7838104206692041,1.606365,1.47573,0.5,0.562382,0.493565,0.471377,0.75,1.0,0.821766,0.616325,0.127581,0.662109,1,ok,VOO,0.028896,0.028896,0.028896,0.0,0,0.100382,0.707881,0.133694,0.431345,part2a21_soft_caution_overlay,artifacts_part2_g532/predictions/g532_final_consensus_tape.csv
2025-06-05,0,0.2262396042801168,0.7073819332808583,1.901261,1.65422,0.75,0.569126,0.49395,0.56197,0.75,1.0,0.802497,0.601873,0.12656,0.663905,1,ok,VOO,0.028896,0.028896,0.028896,0.0,0,0.113201,0.69717,0.15229,0.466304,part2a21_soft_caution_overlay,artifacts_part2_g532/predictions/g532_final_consensus_tape.csv
2025-06-06,0,0.2267158799993991,0.7339702546765133,1.419104,1.642243,0.5,0.567572,0.493861,0.556125,0.75,1.0,0.806938,0.605204,0.140093,0.640872,1,ok,VOO,0.028896,0.028896,0.028896,0.0,0,0.115136,0.702901,0.144973,0.452549,part2a21_soft_caution_overlay,artifacts_part2_g532/predictions/g532_final_consensus_tape.csv
2025-06-09,0,0.2266275257435489,0.7059570863790565,1.664981,1.661782,0.5,0.562454,0.493569,0.567382,0.75,1.0,0.821561,0.616171,0.140637,0.63998,1,ok,VOO,0.033561,0.033561,0.033561,0.0,0,0.104241,0.708577,0.131584,0.427379,part2a21_soft_caution_overlay,artifacts_part2_g532/predictions/g532_final_consensus_tape.csv
2025-06-10,0,0.2280038046639572,0.6536184552886394,1.519326,1.53447,0.5,0.566114,0.493778,0.500731,0.75,1.0,0.811103,0.608328,0.121183,0.673522,1,ok,VOO,0.033561,0.033561,0.033561,0.0,0,0.116151,0.706261,0.138607,0.440581,part2a21_soft_caution_overlay,artifacts_part2_g532/predictions/g532_final_consensus_tape.csv
2025-06-11,0,0.2209373256694917,0.7537291319670228,1.773283,1.65253,0.75,0.566407,0.493795,0.561712,0.75,1.0,0.810265,0.607698,0.127211,0.66276,1,ok,VOO,0.033561,0.033561,0.033561,0.0,0,0.115737,0.720024,0.140019,0.443235,part2a21_soft_caution_overlay,artifacts_part2_g532/predictions/g532_final_consensus_tape.csv
2025-06-12,0,0.2203916806256938,0.6890015868596925,1.531879,1.608162,0.5,0.570861,0.494049,0.537702,0.75,1.0,0.797539,0.598154,0.127331,0.662549,1,ok,VOO,0.033561,0.033561,0.033561,0.0,0,0.126589,0.712558,0.150821,0.463544,part2a21_soft_caution_overlay,artifacts_part2_g532/predictions/g532_final_consensus_tape.csv
2025-06-13,0,0.2197222213768428,0.627912969936435,1.967082,1.757414,0.75,0.57703,0.494402,0.613834,0.75,1.0,0.779914,0.584936,0.132731,0.6532,1,ok,VOO,0.033561,0.033561,0.033561,0.0,0,0.129652,0.694474,0.173199,0.505614,part2a21_soft_caution_overlay,artifacts_part2_g532/predictions/g532_final_consensus_tape.csv
2025-06-16,0,0.2195905125535314,0.6037281811754243,1.264969,1.587976,0.5,0.570858,0.494049,0.527239,0.75,1.0,0.797548,0.598161,0.139099,0.64251,1,ok,VOO,0.030395,0.030395,0.030395,0.0,0,0.122891,0.710758,0.153101,0.46783,part2a21_soft_caution_overlay,artifacts_part2_g532/predictions/g532_final_consensus_tape.csv
2025-06-17,0,0.2204264953130645,0.7069257351405452,1.908134,1.713395,0.75,0.581619,0.494664,0.589964,0.75,1.0,0.766802,0.575102,0.154368,0.618249,1,ok,VOO,0.030395,0.030395,0.030395,0.0,0,0.128822,0.678758,0.191774,0.540535,part2a21_soft_caution_overlay,artifacts_part2_g532/predictions/g532_final_consensus_tape.csv
2025-06-18,0,0.2202503061822942,0.6844028069137874,1.62105,1.598051,0.75,0.575506,0.494315,0.531332,0.75,1.0,0.784268,0.588201,0.148659,0.627102,1,ok,VOO,0.030395,0.030395,0.030395,0.0,0,0.119184,0.694066,0.173691,0.506539,part2a21_soft_caution_overlay,artifacts_part2_g532/predictions/g532_final_consensus_tape.csv
2025-06-19,0,0.2202495077930337,0.6767021119144262,1.615002,1.714729,0.75,0.573541,0.494202,0.592376,0.75,1.0,0.789883,0.592412,0.148259,0.627733,1,ok,VOO,0.030395,0.030395,0.030395,0.0,0,0.119017,0.700344,0.166059,0.492192,part2a21_soft_caution_overlay,artifacts_part2_g532/predictions/g532_final_consensus_tape.csv
2025-06-20,0,0.2203601825334368,0.6826577627580134,1.77733,1.671127,0.75,0.572208,0.494126,0.57004,0.75,1.0,0.79369,0.595268,0.111051,0.692423,1,ok,VOO,0.030395,0.030395,0.030395,0.0,0,0.124906,0.707525,0.157165,0.47547,part2a21_soft_caution_overlay,artifacts_part2_g532/predictions/g532_final_consensus_tape.csv
2025-06-23,0,0.2204282023557801,0.6913450124655608,1.307082,1.566471,0.5,0.575297,0.494303,0.514975,0.75,1.0,0.784865,0.588648,0.118961,0.677578,1,ok,VOO,0.03081,0.03081,0.03081,0.0,0,0.125815,0.698136,0.168759,0.497267,part2a21_soft_caution_overlay,artifacts_part2_g532/predictions/g532_final_consensus_tape.csv
2025-06-24,0,0.2219622966559572,0.8188492534000359,1.204375,1.429595,0.5,0.567141,0.493837,0.446207,0.75,1.0,0.808169,0.606127,0.124164,0.668156,1,ok,VOO,0.03081,0.03081,0.03081,0.0,0,0.110423,0.716177,0.146199,0.454854,part2a21_soft_caution_overlay,artifacts_part2_g532/predictions/g532_final_consensus_tape.csv
2025-06-25,0,0.2216279182889087,0.7363336520427581,1.562609,1.358022,0.5,0.56759,0.493862,0.40904,0.75,1.0,0.806887,0.605165,0.119062,0.677393,1,ok,VOO,0.03081,0.03081,0.03081,0.0,0,0.114356,0.716699,0.145528,0.453592,part2a21_soft_caution_overlay,artifacts_part2_g532/predictions/g532_final_consensus_tape.csv
2025-06-26,0,0.2215547719138402,0.7916005978735411,1.370203,1.379063,0.5,0.563655,0.493637,0.421106,0.75,1.0,0.818127,0.613595,0.120807,0.674205,1,ok,VOO,0.03081,0.03081,0.03081,0.0,0,0.102365,0.720863,0.137477,0.438457,part2a21_soft_caution_overlay,artifacts_part2_g532/predictions/g532_final_consensus_tape.csv
2025-06-27,0,0.2213246143747937,0.791722101421248,1.531682,1.488165,0.5,0.565223,0.493727,0.477028,0.5,0.6,0.813649,0.146457,0.116148,0.682784,1,ok,VOO,0.03081,0.03081,0.03081,0.0,0,0.101831,0.717903,0.143977,0.450677,part2a21_soft_caution_overlay,artifacts_part2_g532/predictions/g532_final_consensus_tape.csv
2025-06-30,0,0.2214292619478401,0.7927307530595763,1.453729,1.451872,0.5,0.558699,0.493354,0.46009,0.5,0.6,0.83229,0.149812,0.10069,0.712881,1,ok,VOO,0.007371,0.007371,0.007371,0.0,0,0.093311,0.725446,0.123582,0.412334,part2a21_soft_caution_overlay,artifacts_part2_g532/predictions/g532_final_consensus_tape.csv
2025-07-01,0,0.2211253644783571,0.7716693017670958,1.893844,1.626419,0.75,0.569316,0.493961,0.547527,0.5,0.6,0.801954,0.144352,0.061082,0.803647,1,ok,VOO,0.007371,0.007371,0.007371,0.0,0,0.117726,0.713021,0.150233,0.462437,part2a21_soft_caution_overlay,artifacts_part2_g532/predictions/g532_final_consensus_tape.csv
2025-07-02,0,0.2206781016322902,0.6139344494989497,1.475337,1.607637,0.5,0.568743,0.493928,0.537937,0.5,0.6,0.803591,0.144646,0.061228,0.803269,1,ok,VOO,0.007371,0.007371,0.007371,0.0,0,0.124156,0.71789,0.143993,0.450707,part2a21_soft_caution_overlay,artifacts_part2_g532/predictions/g532_final_consensus_tape.csv
2025-07-03,0,0.2201992193727107,0.5677392202076952,1.410618,1.593266,0.5,0.565348,0.493734,0.53132,0.5,0.6,0.813292,0.146393,0.072676,0.77477,1,ok,VOO,0.007371,0.007371,0.007371,0.0,0,0.118534,0.721972,0.134115,0.432136,part2a21_soft_caution_overlay,artifacts_part2_g532/predictions/g532_final_consensus_tape.csv
2025-07-04,0,0.2208615102966359,0.6483110787324364,1.713473,1.533143,0.75,0.564692,0.493697,0.500412,0.5,0.6,0.815167,0.14673,0.063947,0.796314,1,ok,VOO,0.007371,0.007371,0.007371,0.0,0,0.117163,0.722543,0.132382,0.428879,part2a21_soft_caution_overlay,artifacts_part2_g532/predictions/g532_final_consensus_tape.csv
2025-07-07,0,0.2184580299921169,0.4578534116112778,1.951344,1.691812,0.75,0.568818,0.493932,0.581506,0.5,0.6,0.803377,0.144608,0.078562,0.760892,1,ok,VOO,0.009598,0.009598,0.009598,0.0,0,0.126283,0.718682,0.142969,0.448782,part2a21_soft_caution_overlay,artifacts_part2_g532/predictions/g532_final_consensus_tape.csv
2025-07-08,0,0.2194353078396403,0.565598886202368,1.744262,1.803026,0.75,0.569027,0.493944,0.639056,0.5,0.6,0.802779,0.1445,0.076373,0.765994,1,ok,VOO,0.009598,0.009598,0.009598,0.0,0,0.124676,0.717274,0.144788,0.452202,part2a21_soft_caution_overlay,artifacts_part2_g532/predictions/g532_final_consensus_tape.csv
2025-07-09,0,0.2174639510661527,0.7578137552228768,1.51308,1.736229,0.5,0.557887,0.493308,0.606732,0.5,0.6,0.834608,0.150229,0.075772,0.767407,1,ok,VOO,0.009598,0.009598,0.009598,0.0,0,0.081019,0.675607,0.128007,0.420654,part2a21_soft_caution_overlay,artifacts_part2_g532/predictions/g532_final_consensus_tape.csv
2025-07-10,0,0.2174843937106348,0.7626850208272987,1.727144,1.661495,0.75,0.556977,0.493256,0.568453,0.5,0.6,0.83721,0.150698,0.075459,0.768146,1,ok,VOO,0.009598,0.009598,0.009598,0.0,0,0.078032,0.676178,0.126275,0.417397,part2a21_soft_caution_overlay,artifacts_part2_g532/predictions/g532_final_consensus_tape.csv
2025-07-11,0,0.2169076585732762,0.7039207620728664,1.768562,1.669595,0.75,0.560177,0.493439,0.571917,0.5,0.6,0.828067,0.149052,0.071065,0.77866,1,ok,VOO,0.009598,0.009598,0.009598,0.0,0,0.086873,0.673832,0.133388,0.43077,part2a21_soft_caution_overlay,artifacts_part2_g532/predictions/g532_final_consensus_tape.csv
2025-07-14,0,0.2167891515696851,0.6644020277099295,1.616745,1.70415,0.5,0.557491,0.493285,0.590298,0.5,0.6,0.83574,0.150433,0.070744,0.779438,1,ok,VOO,0.010382,0.010382,0.010382,0.0,0,0.08386,0.676702,0.124688,0.414413,part2a21_soft_caution_overlay,artifacts_part2_g532/predictions/g532_final_consensus_tape.csv
2025-07-15,0,0.2167316849779003,0.6831592248355359,1.713902,1.699736,0.5,0.562285,0.493559,0.587006,0.5,0.6,0.822043,0.147968,0.072004,0.776387,1,ok,VOO,0.010382,0.010382,0.010382,0.0,0,0.100244,0.673829,0.133399,0.43079,part2a21_soft_caution_overlay,artifacts_part2_g532/predictions/g532_final_consensus_tape.csv
2025-07-16,0,0.2165069683418053,0.6486411729343334,1.672988,1.667878,0.5,0.566891,0.493822,0.569542,0.5,0.6,0.808884,0.145599,0.068043,0.786057,1,ok,VOO,0.010382,0.010382,0.010382,0.0,0,0.101198,0.66409,0.150933,0.463753,part2a21_soft_caution_overlay,artifacts_part2_g532/predictions/g532_final_consensus_tape.csv
2025-07-17,0,0.2171568297649576,0.7276721295089773,1.519497,1.635462,0.5,0.562987,0.493599,0.553675,0.75,1.0,0.820038,0.615028,0.045479,0.846085,1,ok,VOO,0.010382,0.010382,0.010382,0.0,0,0.094023,0.671646,0.140017,0.443231,part2a21_soft_caution_overlay,artifacts_part2_g532/predictions/g532_final_consensus_tape.csv
2025-07-18,0,0.2175245943836833,0.7667558042224997,1.779826,1.657437,0.75,0.554662,0.493124,0.566881,0.75,1.0,0.843822,0.632867,0.050068,0.833144,1,ok,VOO,0.010382,0.010382,0.010382,0.0,0,0.076333,0.678835,0.11822,0.402253,part2a21_soft_caution_overlay,artifacts_part2_g532/predictions/g532_final_consensus_tape.csv
2025-07-21,0,0.2176263850497595,0.7749579353955897,1.582194,1.627172,0.5,0.558628,0.49335,0.550407,0.75,1.0,0.832491,0.624369,0.042126,0.855795,1,ok,VOO,0.044115,0.044115,0.044115,0.0,0,0.08448,0.675353,0.128778,0.422102,part2a21_soft_caution_overlay,artifacts_part2_g532/predictions/g532_final_consensus_tape.csv
2025-07-22,0,0.2179606147265008,0.80453740826106,1.913504,1.758508,0.75,0.558816,0.493361,0.618021,0.75,1.0,0.831955,0.623966,0.046356,0.843581,1,ok,VOO,0.044115,0.044115,0.044115,0.0,0,0.081773,0.674555,0.131195,0.426647,part2a21_soft_caution_overlay,artifacts_part2_g532/predictions/g532_final_consensus_tape.csv
2025-07-23,0,0.2176050010166095,0.7751806735816968,1.580592,1.692096,0.5,0.557973,0.493313,0.583989,0.75,1.0,0.834363,0.625772,0.073761,0.772173,1,ok,VOO,0.044115,0.044115,0.044115,0.0,0,0.079062,0.675095,0.129558,0.42357,part2a21_soft_caution_overlay,artifacts_part2_g532/predictions/g532_final_consensus_tape.csv
2025-07-24,0,0.2177262776440948,0.7853006686940843,1.647366,1.71382,0.5,0.554442,0.493111,0.59591,0.75,1.0,0.844451,0.633338,0.073215,0.773479,1,ok,VOO,0.044115,0.044115,0.044115,0.0,0,0.075567,0.678964,0.117829,0.401519,part2a21_soft_caution_overlay,artifacts_part2_g532/predictions/g532_final_consensus_tape.csv
2025-07-25,0,0.2178099941281962,0.7245830677345073,1.60717,1.611709,0.5,0.555081,0.493148,0.543276,0.75,1.0,0.842624,0.631968,0.073144,0.773649,1,ok,VOO,0.044115,0.044115,0.044115,0.0,0,0.077363,0.678501,0.119232,0.404155,part2a21_soft_caution_overlay,artifacts_part2_g532/predictions/g532_final_consensus_tape.csv
2025-07-28,0,0.2176907566775929,0.7825106764946211,1.609014,1.621183,0.5,0.560894,0.49348,0.546793,0.75,1.0,0.826017,0.619513,0.073062,0.773846,1,ok,VOO,0.03932,0.03932,0.03932,0.0,0,0.091117,0.673768,0.133582,0.431134,part2a21_soft_caution_overlay,artifacts_part2_g532/predictions/g532_final_consensus_tape.csv
2025-07-29,0,0.2178602086363499,0.8008615030484713,1.732562,1.649582,0.75,0.560147,0.493437,0.561607,0.75,1.0,0.828152,0.621114,0.090899,0.733354,1,ok,VOO,0.03932,0.03932,0.03932,0.0,0,0.089048,0.674315,0.131923,0.428015,part2a21_soft_caution_overlay,artifacts_part2_g532/predictions/g532_final_consensus_tape.csv
2025-07-30,0,0.2178984713330397,0.800352964667407,1.655909,1.665828,0.5,0.558445,0.49334,0.570359,0.75,1.0,0.833014,0.62476,0.091181,0.73275,1,ok,VOO,0.03932,0.03932,0.03932,0.0,0,0.078847,0.674438,0.13155,0.427314,part2a21_soft_caution_overlay,artifacts_part2_g532/predictions/g532_final_consensus_tape.csv
2025-07-31,0,0.2170180051721659,0.7284422187670332,1.789146,1.725872,0.75,0.567594,0.493862,0.599397,0.75,1.0,0.806875,0.605156,0.089691,0.735964,1,ok,VOO,0.03932,0.03932,0.03932,0.0,0,0.096123,0.659402,0.156845,0.474868,part2a21_soft_caution_overlay,artifacts_part2_g532/predictions/g532_final_consensus_tape.csv
2025-08-01,0,0.2163706760455913,0.6485297835785006,2.131062,1.858706,0.75,0.580916,0.494624,0.665833,0.75,0.6,0.768812,0.345965,0.166944,0.599601,1,ok,VOO,0.03932,0.03932,0.03932,0.0,0,0.098518,0.616314,0.207789,0.570643,part2a21_soft_caution_overlay,artifacts_part2_g532/predictions/g532_final_consensus_tape.csv
2025-08-04,0,0.216858971752884,0.715528503098816,0.988403,1.636204,0.5,0.574835,0.494276,0.551313,0.75,1.0,0.786186,0.589639,0.186208,0.573121,1,ok,VOO,0.027946,0.027946,0.027946,0.0,0,0.083878,0.629377,0.192933,0.542714,part2a21_soft_caution_overlay,artifacts_part2_g532/predictions/g532_final_consensus_tape.csv
2025-08-05,0,0.2170064116735446,0.7303963598974166,1.755423,1.624963,0.75,0.569958,0.493998,0.546623,0.75,1.0,0.800119,0.600089,0.186642,0.572551,1,ok,VOO,0.027946,0.027946,0.027946,0.0,0,0.086799,0.647144,0.17193,0.503229,part2a21_soft_caution_overlay,artifacts_part2_g532/predictions/g532_final_consensus_tape.csv
2025-08-06,0,0.2128987652997787,0.7364226862549267,1.17635,1.306725,0.5,0.570092,0.494005,0.381693,0.75,1.0,0.799736,0.599802,0.179774,0.581701,1,ok,VOO,0.027946,0.027946,0.027946,0.0,0,0.129025,0.789722,0.146285,0.455017,part2a21_soft_caution_overlay,artifacts_part2_g532/predictions/g532_final_consensus_tape.csv
2025-08-07,0,0.210349183745911,0.8032048345730827,1.527382,1.486385,0.5,0.563141,0.493608,0.476671,0.75,1.0,0.819596,0.614697,0.178869,0.582928,1,ok,VOO,0.027946,0.027946,0.027946,0.0,0,0.117692,0.798276,0.125954,0.416794,part2a21_soft_caution_overlay,artifacts_part2_g532/predictions/g532_final_consensus_tape.csv
2025-08-08,0,0.2110936782306481,0.8000214821534818,1.345047,1.349593,0.5,0.56972,0.493984,0.40402,0.75,1.0,0.800799,0.600599,0.187944,0.570849,1,ok,VOO,0.027946,0.027946,0.027946,0.0,0,0.130295,0.791471,0.144034,0.450784,part2a21_soft_caution_overlay,artifacts_part2_g532/predictions/g532_final_consensus_tape.csv
2025-08-11,0,0.211205025159268,0.7747597309085611,1.702431,1.524953,0.75,0.56289,0.493594,0.496649,0.75,1.0,0.820313,0.615235,0.187298,0.571693,1,ok,VOO,0.026203,0.026203,0.026203,0.0,0,0.11892,0.798853,0.124205,0.413505,part2a21_soft_caution_overlay,artifacts_part2_g532/predictions/g532_final_consensus_tape.csv
2025-08-12,0,0.2104946294247585,0.8086103487068731,1.285745,1.444408,0.5,0.567764,0.493872,0.453694,0.75,1.0,0.806389,0.604791,0.191004,0.566889,1,ok,VOO,0.026203,0.026203,0.026203,0.0,0,0.12459,0.793686,0.13987,0.442956,part2a21_soft_caution_overlay,artifacts_part2_g532/predictions/g532_final_consensus_tape.csv
2025-08-13,0,0.210328728614275,0.8089628414842781,1.6915,1.559892,0.75,0.566124,0.493779,0.513874,0.75,1.0,0.811074,0.608305,0.190792,0.56716,1,ok,VOO,0.026203,0.026203,0.026203,0.0,0,0.119644,0.794804,0.136482,0.436586,part2a21_soft_caution_overlay,artifacts_part2_g532/predictions/g532_final_consensus_tape.csv
2025-08-14,0,0.2112328340019998,0.7812355033286815,1.668005,1.548417,0.75,0.56869,0.493925,0.507286,0.75,1.0,0.803741,0.602806,0.189143,0.56929,1,ok,VOO,0.026203,0.026203,0.026203,0.0,0,0.132327,0.794065,0.138721,0.440796,part2a21_soft_caution_overlay,artifacts_part2_g532/predictions/g532_final_consensus_tape.csv
2025-08-15,0,0.2126061319239938,0.7258672995008331,1.761852,1.707119,0.75,0.562813,0.493589,0.590705,0.75,1.0,0.820535,0.615401,0.098867,0.716606,1,ok,VOO,0.026203,0.026203,0.026203,0.0,0,0.123033,0.799795,0.12135,0.408138,part2a21_soft_caution_overlay,artifacts_part2_g532/predictions/g532_final_consensus_tape.csv
2025-08-18,0,0.2128009429902375,0.7246867019356958,1.640231,1.69003,0.75,0.563134,0.493608,0.581814,0.75,1.0,0.819616,0.614712,0.083143,0.750428,1,ok,VOO,0.040258,0.040258,0.040258,0.0,0,0.126689,0.800125,0.12035,0.406257,part2a21_soft_caution_overlay,artifacts_part2_g532/predictions/g532_final_consensus_tape.csv
2025-08-19,0,0.2141516478413705,0.6873455909712604,1.977988,1.793357,0.75,0.570863,0.494049,0.6337,0.75,1.0,0.797536,0.598152,0.09362,0.727549,1,ok,VOO,0.040258,0.040258,0.040258,0.0,0,0.143053,0.793439,0.140621,0.444367,part2a21_soft_caution_overlay,artifacts_part2_g532/predictions/g532_final_consensus_tape.csv
2025-08-20,0,0.2143685943343354,0.6910822448766973,1.675793,1.764671,0.75,0.573208,0.494183,0.618366,0.75,1.0,0.790833,0.593125,0.092145,0.730685,1,ok,VOO,0.040258,0.040258,0.040258,0.0,0,0.149401,0.790009,0.145917,0.454324,part2a21_soft_caution_overlay,artifacts_part2_g532/predictions/g532_final_consensus_tape.csv
2025-08-21,0,0.2139243975121534,0.7028897598168666,1.636671,1.763484,0.75,0.573926,0.494224,0.617608,0.75,1.0,0.788783,0.591587,0.092624,0.729664,1,ok,VOO,0.040258,0.040258,0.040258,0.0,0,0.148287,0.787262,0.149432,0.460933,part2a21_soft_caution_overlay,artifacts_part2_g532/predictions/g532_final_consensus_tape.csv
2025-08-22,0,0.2158285852194802,0.6177386203361744,1.070875,1.461113,0.5,0.572381,0.494136,0.461052,0.75,1.0,0.793198,0.594898,0.091827,0.731365,1,ok,VOO,0.040258,0.040258,0.040258,0.0,0,0.152343,0.793367,0.140837,0.444773,part2a21_soft_caution_overlay,artifacts_part2_g532/predictions/g532_final_consensus_tape.csv
2025-08-25,0,0.216121017030449,0.6104230978804475,1.641953,1.449833,0.75,0.566825,0.493819,0.456766,0.75,1.0,0.809071,0.606803,0.091719,0.731595,1,ok,VOO,0.030416,0.030416,0.030416,0.0,0,0.133176,0.79666,0.130854,0.426006,part2a21_soft_caution_overlay,artifacts_part2_g532/predictions/g532_final_consensus_tape.csv
2025-08-26,0,0.2166174538956165,0.584823230523603,1.395273,1.369367,0.5,0.562527,0.493573,0.416439,0.75,1.0,0.821353,0.616014,0.073435,0.772952,1,ok,VOO,0.030416,0.030416,0.030416,0.0,0,0.124919,0.800552,0.119055,0.403823,part2a21_soft_caution_overlay,artifacts_part2_g532/predictions/g532_final_consensus_tape.csv
2025-08-27,0,0.2155653085254706,0.6277994305236151,1.467344,1.501523,0.5,0.56457,0.49369,0.484106,0.75,1.0,0.815514,0.611636,0.073476,0.772854,1,ok,VOO,0.030416,0.030416,0.030416,0.0,0,0.126256,0.798173,0.126268,0.417384,part2a21_soft_caution_overlay,artifacts_part2_g532/predictions/g532_final_consensus_tape.csv
2025-08-28,0,0.2136274236907067,0.6972920164099258,1.313121,1.391913,0.5,0.559821,0.493418,0.428874,0.75,1.0,0.829082,0.621812,0.071622,0.777311,1,ok,VOO,0.030416,0.030416,0.030416,0.0,0,0.111468,0.801313,0.116746,0.399482,part2a21_soft_caution_overlay,artifacts_part2_g532/predictions/g532_final_consensus_tape.csv
2025-08-29,0,0.2146829989938221,0.6707049490120119,1.808954,1.529806,0.75,0.573619,0.494207,0.496365,0.75,1.0,0.789661,0.592246,0.075433,0.768206,1,ok,VOO,0.030416,0.030416,0.030416,0.0,0,0.146472,0.787328,0.149348,0.460774,part2a21_soft_caution_overlay,artifacts_part2_g532/predictions/g532_final_consensus_tape.csv
2025-09-01,0,0.2144610651767995,0.6829177743743112,1.443177,1.521751,0.75,0.573217,0.494184,0.492289,0.75,1.0,0.790808,0.593106,0.075207,0.768741,1,ok,VOO,0.033668,0.033668,0.033668,0.0,0,0.14493,0.787817,0.148724,0.459601,part2a21_soft_caution_overlay,artifacts_part2_g532/predictions/g532_final_consensus_tape.csv
2025-09-02,0,0.2169314759771386,0.5998049692427434,1.699178,1.650436,0.75,0.575887,0.494336,0.558465,0.75,1.0,0.783181,0.587386,0.067285,0.787934,1,ok,VOO,0.033668,0.033668,0.033668,0.0,0,0.15063,0.78231,0.155696,0.472708,part2a21_soft_caution_overlay,artifacts_part2_g532/predictions/g532_final_consensus_tape.csv
2025-09-03,0,0.2116091895963976,0.6071503797655807,1.177997,1.440117,0.5,0.568682,0.493925,0.451213,0.75,1.0,0.803764,0.602823,0.064576,0.794721,1,ok,VOO,0.033668,0.033668,0.033668,0.0,0,0.133712,0.794359,0.137831,0.439122,part2a21_soft_caution_overlay,artifacts_part2_g532/predictions/g532_final_consensus_tape.csv
2025-09-04,0,0.2114405088352033,0.6675094669765868,1.132946,1.336707,0.5,0.569853,0.493992,0.397303,0.75,1.0,0.80042,0.600315,0.066497,0.789897,1,ok,VOO,0.033668,0.033668,0.033668,0.0,0,0.139131,0.793947,0.139078,0.441467,part2a21_soft_caution_overlay,artifacts_part2_g532/predictions/g532_final_consensus_tape.csv
2025-09-05,0,0.2111595610694657,0.7845881081524727,1.436813,1.249252,0.5,0.577454,0.494426,0.349431,0.75,1.0,0.778704,0.584028,0.056824,0.814798,1,ok,VOO,0.033668,0.033668,0.033668,0.0,0,0.15952,0.781786,0.156353,0.473944,part2a21_soft_caution_overlay,artifacts_part2_g532/predictions/g532_final_consensus_tape.csv
2025-09-08,0,0.2111171273196034,0.8022570603260291,1.313662,1.294473,0.5,0.578364,0.494478,0.372656,0.75,1.0,0.776102,0.582077,0.05649,0.815687,1,ok,VOO,0.02654,0.02654,0.02654,0.0,0,0.16047,0.779389,0.159348,0.479574,part2a21_soft_caution_overlay,artifacts_part2_g532/predictions/g532_final_consensus_tape.csv
2025-09-09,0,0.2111795664035189,0.7863252202558678,1.35059,1.367021,0.5,0.578508,0.494486,0.410365,0.75,1.0,0.775691,0.581768,0.062646,0.799627,1,ok,VOO,0.02654,0.02654,0.02654,0.0,0,0.163076,0.780231,0.158299,0.477602,part2a21_soft_caution_overlay,artifacts_part2_g532/predictions/g532_final_consensus_tape.csv
2025-09-10,0,0.2112129698537355,0.7767741633993359,1.340721,1.334991,0.75,0.577653,0.494437,0.393965,0.75,1.0,0.778134,0.5836,0.062564,0.799836,1,ok,VOO,0.02654,0.02654,0.02654,0.0,0,0.158037,0.780424,0.158057,0.477148,part2a21_soft_caution_overlay,artifacts_part2_g532/predictions/g532_final_consensus_tape.csv
2025-09-11,0,0.2112117080153558,0.7745465940059244,1.195264,1.295525,0.5,0.56578,0.493759,0.377281,0.75,1.0,0.812057,0.609043,0.071959,0.776497,1,ok,VOO,0.02654,0.02654,0.02654,0.0,0,0.128413,0.797043,0.129693,0.423822,part2a21_soft_caution_overlay,artifacts_part2_g532/predictions/g532_final_consensus_tape.csv
2025-09-12,0,0.2112543205330336,0.7373714301232605,1.278517,1.271501,0.5,0.569186,0.493954,0.36374,0.75,1.0,0.802325,0.601744,0.067455,0.787513,1,ok,VOO,0.02654,0.02654,0.02654,0.0,0,0.13798,0.794577,0.137168,0.437876,part2a21_soft_caution_overlay,artifacts_part2_g532/predictions/g532_final_consensus_tape.csv
2025-09-15,0,0.2114158171322742,0.6701638653991012,1.161989,1.211923,0.5,0.567947,0.493883,0.333312,0.75,1.0,0.805867,0.6044,0.068749,0.784317,1,ok,VOO,0.023701,0.023701,0.023701,0.0,0,0.141872,0.796982,0.129877,0.424169,part2a21_soft_caution_overlay,artifacts_part2_g532/predictions/g532_final_consensus_tape.csv
2025-09-16,0,0.2113289966796988,0.7387217362062652,1.442749,1.294418,0.75,0.572715,0.494155,0.374466,0.75,1.0,0.792244,0.594183,0.064209,0.795649,1,ok,VOO,0.023701,0.023701,0.023701,0.0,0,0.151519,0.792532,0.142662,0.448205,part2a21_soft_caution_overlay,artifacts_part2_g532/predictions/g532_final_consensus_tape.csv
2025-09-17,0,0.2112731898586675,0.7400209195028603,1.490137,1.364958,0.75,0.570624,0.494036,0.411705,0.75,1.0,0.798218,0.598664,0.064195,0.795684,1,ok,VOO,0.023701,0.023701,0.023701,0.0,0,0.143714,0.793884,0.13927,0.441828,part2a21_soft_caution_overlay,artifacts_part2_g532/predictions/g532_final_consensus_tape.csv
2025-09-18,0,0.2114042314538102,0.6926545614802846,1.2783,1.403729,0.5,0.567857,0.493878,0.432614,0.75,1.0,0.806122,0.604592,0.071926,0.776577,1,ok,VOO,0.023701,0.023701,0.023701,0.0,0,0.138232,0.796354,0.131782,0.42775,part2a21_soft_caution_overlay,artifacts_part2_g532/predictions/g532_final_consensus_tape.csv
2025-09-19,0,0.2112774412247368,0.754914001295044,1.343031,1.370489,0.5,0.564999,0.493714,0.416274,0.75,1.0,0.81429,0.610717,0.051327,0.829664,1,ok,VOO,0.023701,0.023701,0.023701,0.0,0,0.132508,0.798894,0.124079,0.413269,part2a21_soft_caution_overlay,artifacts_part2_g532/predictions/g532_final_consensus_tape.csv
2025-09-22,0,0.211463740425118,0.6607995726966303,1.376242,1.332524,0.5,0.569544,0.493974,0.395233,0.75,1.0,0.801304,0.600978,0.050198,0.832782,1,ok,VOO,0.029671,0.029671,0.029671,0.0,0,0.148408,0.796245,0.132111,0.428368,part2a21_soft_caution_overlay,artifacts_part2_g532/predictions/g532_final_consensus_tape.csv
2025-09-23,0,0.2113885269131628,0.7257884757918944,1.769835,1.496369,0.75,0.564546,0.493688,0.48145,0.75,1.0,0.815583,0.611687,0.076474,0.765758,1,ok,VOO,0.029671,0.029671,0.029671,0.0,0,0.127677,0.798494,0.125292,0.415549,part2a21_soft_caution_overlay,artifacts_part2_g532/predictions/g532_final_consensus_tape.csv
2025-09-24,0,0.2114875881909163,0.6718345055629377,1.685597,1.610558,0.75,0.565476,0.493741,0.540227,0.75,1.0,0.812925,0.609694,0.077268,0.763901,1,ok,VOO,0.029671,0.029671,0.029671,0.0,0,0.136557,0.799102,0.123449,0.412085,part2a21_soft_caution_overlay,artifacts_part2_g532/predictions/g532_final_consensus_tape.csv
2025-09-25,0,0.2114640988705232,0.6924582899883887,1.682841,1.712757,0.75,0.566728,0.493813,0.592793,0.75,1.0,0.809347,0.60701,0.076701,0.765227,1,ok,VOO,0.029671,0.029671,0.029671,0.0,0,0.136823,0.797531,0.128213,0.42104,part2a21_soft_caution_overlay,artifacts_part2_g532/predictions/g532_final_consensus_tape.csv
2025-09-26,0,0.2113635009785957,0.7214921400866179,1.439604,1.602681,0.5,0.56025,0.493443,0.537404,0.75,1.0,0.827856,0.620892,0.080652,0.756082,1,ok,VOO,0.029671,0.029671,0.029671,0.0,0,0.12277,0.803067,0.111429,0.389487,part2a21_soft_caution_overlay,artifacts_part2_g532/predictions/g532_final_consensus_tape.csv
2025-09-29,0,0.2113918941205815,0.722389915333344,1.450527,1.524324,0.5,0.562767,0.493587,0.496356,0.75,1.0,0.820666,0.615499,0.080425,0.756602,1,ok,VOO,0.034672,0.034672,0.034672,0.0,0,0.126078,0.800477,0.119282,0.404251,part2a21_soft_caution_overlay,artifacts_part2_g532/predictions/g532_final_consensus_tape.csv
2025-09-30,0,0.2114100685032911,0.7055589308361659,1.483652,1.457928,0.5,0.563009,0.493601,0.462015,0.75,1.0,0.819973,0.61498,0.079187,0.759447,1,ok,VOO,0.034672,0.034672,0.034672,0.0,0,0.125238,0.79999,0.120758,0.407024,part2a21_soft_caution_overlay,artifacts_part2_g532/predictions/g532_final_consensus_tape.csv
2025-10-01,0,0.3856743497039328,0.6297330049623696,1.416279,1.450153,0.5,0.566645,0.493808,0.456982,0.65,0.6,0.809586,0.315738,0.07956,0.758586,0,high_risk_veto,VOO,0.034672,0.034672,0.034672,0.0,0,0.14399,0.799105,0.123442,0.41207,part2a21_soft_caution_overlay,artifacts_part2_g532/predictions/g532_final_consensus_tape.csv
2025-10-02,0,0.4016673054552017,0.6697431128409543,1.483373,1.461102,0.5,0.563831,0.493648,0.463426,0.65,0.6,0.817625,0.318874,0.07212,0.776108,0,high_risk_veto,VOO,0.034672,0.034672,0.034672,0.0,0,0.125287,0.798933,0.123962,0.413048,part2a21_soft_caution_overlay,artifacts_part2_g532/predictions/g532_final_consensus_tape.csv
2025-10-03,0,0.3907534844080695,0.6485808711917979,1.708103,1.535919,0.75,0.573258,0.494186,0.499631,0.65,0.6,0.790691,0.30837,0.068989,0.783726,0,high_risk_veto,VOO,0.034672,0.034672,0.034672,0.0,0,0.151673,0.790951,0.144705,0.452046,part2a21_soft_caution_overlay,artifacts_part2_g532/predictions/g532_final_consensus_tape.csv
2025-10-06,0,0.3958485040867194,0.6496916985544137,1.403694,1.531723,0.5,0.566046,0.493774,0.499328,0.65,0.6,0.811299,0.316406,0.068529,0.784857,0,high_risk_veto,FLAT,0.0,0.0,0.0,0.0,0,0.13175,0.79738,0.12867,0.421899,part2a21_soft_caution_overlay,artifacts_part2_g532/predictions/g532_final_consensus_tape.csv
2025-10-07,0,0.409332215442578,0.6896144167880481,1.740829,1.617542,0.75,0.573436,0.494196,0.541952,0.65,0.6,0.790182,0.308171,0.061774,0.801862,0,high_risk_veto,FLAT,0.0,0.0,0.0,0.0,0,0.152194,0.790657,0.145084,0.452757,part2a21_soft_caution_overlay,artifacts_part2_g532/predictions/g532_final_consensus_tape.csv
2025-10-08,0,0.407481009945463,0.6675676764681868,1.271883,1.472135,0.5,0.565604,0.493749,0.468638,0.65,0.6,0.812561,0.316899,0.065027,0.793584,0,high_risk_veto,FLAT,0.0,0.0,0.0,0.0,0,0.133521,0.798316,0.125833,0.416565,part2a21_soft_caution_overlay,artifacts_part2_g532/predictions/g532_final_consensus_tape.csv
2025-10-09,0,0.4085728679526748,0.6691074643885911,1.631751,1.548154,0.75,0.561977,0.493542,0.508857,0.65,0.6,0.822922,0.320939,0.063955,0.796294,0,high_risk_veto,FLAT,0.0,0.0,0.0,0.0,0,0.125918,0.801469,0.116275,0.398596,part2a21_soft_caution_overlay,artifacts_part2_g532/predictions/g532_final_consensus_tape.csv
2025-10-10,0,0.3702153433828417,0.6185935805770831,2.504233,1.802622,0.75,0.589707,0.495126,0.634937,0.65,0.6,0.743696,0.290041,0.183168,0.577143,0,high_risk_veto,FLAT,0.0,0.0,0.0,0.0,0,0.182385,0.753554,0.190401,0.537954,part2a21_soft_caution_overlay,artifacts_part2_g532/predictions/g532_final_consensus_tape.csv
2025-10-13,0,0.3426117783117024,0.538546636760113,0.827484,1.654489,0.5,0.592944,0.495311,0.556641,0.65,0.6,0.734445,0.286433,0.201904,0.553215,0,high_risk_veto,FLAT,0.0,0.0,0.0,0.0,0,0.175897,0.738863,0.207165,0.569469,part2a21_soft_caution_overlay,artifacts_part2_g532/predictions/g532_final_consensus_tape.csv
2025-10-14,0,0.3647717673410163,0.5976253499628454,1.672616,1.668111,0.75,0.585516,0.494887,0.565476,0.65,0.6,0.755668,0.29471,0.200414,0.555045,0,high_risk_veto,FLAT,0.0,0.0,0.0,0.0,0,0.173347,0.762817,0.179512,0.517483,part2a21_soft_caution_overlay,artifacts_part2_g532/predictions/g532_final_consensus_tape.csv
2025-10-15,0,0.3547939222572088,0.5795393196933607,1.306633,1.268911,0.5,0.575332,0.494305,0.360363,0.65,0.6,0.784767,0.306059,0.203565,0.551189,0,high_risk_veto,FLAT,0.0,0.0,0.0,0.0,0,0.14663,0.782075,0.155992,0.473264,part2a21_soft_caution_overlay,artifacts_part2_g532/predictions/g532_final_consensus_tape.csv
2025-10-16,0,0.3848415971257436,0.6506512934859666,1.605087,1.528112,0.75,0.588598,0.495063,0.491531,0.65,0.6,0.746863,0.291277,0.209525,0.54404,0,high_risk_veto,FLAT,0.0,0.0,0.0,0.0,0,0.177267,0.754578,0.18921,0.535715,part2a21_soft_caution_overlay,artifacts_part2_g532/predictions/g532_final_consensus_tape.csv
2025-10-17,0,0.3745181594459288,0.5988182166943252,1.326234,1.412651,0.5,0.578488,0.494485,0.434118,0.65,0.6,0.775748,0.302542,0.214018,0.538772,0,high_risk_veto,FLAT,0.0,0.0,0.0,0.0,0,0.143243,0.770306,0.170514,0.500566,part2a21_soft_caution_overlay,artifacts_part2_g532/predictions/g532_final_consensus_tape.csv
2025-10-20,0,0.3882118785905166,0.626496150468574,1.174955,1.368759,0.5,0.565826,0.493761,0.415129,0.65,0.6,0.811926,0.316651,0.217399,0.534875,0,high_risk_veto,FLAT,0.0,0.0,0.0,0.0,0,0.13121,0.797555,0.12814,0.420904,part2a21_soft_caution_overlay,artifacts_part2_g532/predictions/g532_final_consensus_tape.csv
2025-10-21,0,0.3846312271736705,0.6091834590769746,1.589558,1.363582,0.75,0.568196,0.493897,0.411732,0.65,0.6,0.805154,0.31401,0.215951,0.536538,0,high_risk_veto,FLAT,0.0,0.0,0.0,0.0,0,0.133135,0.794872,0.136275,0.436197,part2a21_soft_caution_overlay,artifacts_part2_g532/predictions/g532_final_consensus_tape.csv
2025-10-22,0,0.4037261344204939,0.6664303020976264,1.802744,1.522419,0.75,0.569373,0.493964,0.493646,0.65,0.6,0.80179,0.312698,0.213446,0.539437,0,high_risk_veto,FLAT,0.0,0.0,0.0,0.0,0,0.13374,0.793468,0.140532,0.444201,part2a21_soft_caution_overlay,artifacts_part2_g532/predictions/g532_final_consensus_tape.csv
2025-10-23,0,0.3788019520027066,0.6067988108003215,1.31394,1.568747,0.5,0.570601,0.494034,0.517335,0.65,0.6,0.798284,0.311331,0.220592,0.531246,0,high_risk_veto,FLAT,0.0,0.0,0.0,0.0,0,0.135811,0.791436,0.144079,0.450869,part2a21_soft_caution_overlay,artifacts_part2_g532/predictions/g532_final_consensus_tape.csv
2025-10-24,0,0.4073544538068233,0.6705262476962531,1.257895,1.458193,0.5,0.55651,0.493229,0.46395,0.65,0.6,0.838543,0.327032,0.128825,0.659936,0,high_risk_veto,FLAT,0.0,0.0,0.0,0.0,0,0.105669,0.804426,0.107308,0.381739,part2a21_soft_caution_overlay,artifacts_part2_g532/predictions/g532_final_consensus_tape.csv
2025-10-27,0,0.3850240403118964,0.6166014518243891,1.098496,1.223443,0.5,0.564482,0.493685,0.340457,0.65,0.6,0.815766,0.318149,0.122779,0.670638,0,high_risk_veto,FLAT,0.0,0.0,0.0,0.0,0,0.136339,0.800348,0.119671,0.404982,part2a21_soft_caution_overlay,artifacts_part2_g532/predictions/g532_final_consensus_tape.csv
2025-10-28,0,0.3856089562747535,0.6214886541209091,1.394163,1.250184,0.5,0.56363,0.493636,0.354557,0.65,0.6,0.818199,0.319098,0.117222,0.680788,0,high_risk_veto,FLAT,0.0,0.0,0.0,0.0,0,0.141926,0.802596,0.112857,0.39217,part2a21_soft_caution_overlay,artifacts_part2_g532/predictions/g532_final_consensus_tape.csv
2025-10-29,0,0.213935321431288,0.5838417327922993,1.50488,1.332513,0.5,0.56632,0.49379,0.396236,0.75,1.0,0.810515,0.607886,0.118136,0.679096,1,ok,FLAT,0.0,0.0,0.0,0.0,0,0.13977,0.798664,0.124777,0.414582,part2a21_soft_caution_overlay,artifacts_part2_g532/predictions/g532_final_consensus_tape.csv
2025-10-30,0,0.2132320984579262,0.6581593474663309,2.098073,1.665706,0.75,0.557381,0.493279,0.570531,0.75,1.0,0.836055,0.627041,0.111322,0.691903,1,ok,FLAT,0.0,0.0,0.0,0.0,0,0.109401,0.804059,0.108422,0.383833,part2a21_soft_caution_overlay,artifacts_part2_g532/predictions/g532_final_consensus_tape.csv
2025-10-31,0,0.2135118364535485,0.6178090415457821,1.480851,1.694602,0.5,0.561535,0.493516,0.584517,0.75,1.0,0.824185,0.618138,0.109655,0.69511,1,ok,FLAT,0.0,0.0,0.0,0.0,0,0.119568,0.800744,0.118471,0.402725,part2a21_soft_caution_overlay,artifacts_part2_g532/predictions/g532_final_consensus_tape.csv
2025-11-03,0,0.2134738043081445,0.6404025138289454,1.475086,1.68467,0.5,0.560744,0.493471,0.579566,0.75,1.0,0.826446,0.619835,0.104567,0.705086,1,ok,VOO,0.037994,0.037994,0.037994,0.0,0,0.120488,0.80196,0.114785,0.395797,part2a21_soft_caution_overlay,artifacts_part2_g532/predictions/g532_final_consensus_tape.csv
2025-11-04,0,0.2132638495556151,0.61103147278143,2.157024,1.704321,0.75,0.562834,0.49359,0.589256,0.75,1.0,0.820475,0.615356,0.129191,0.659299,1,ok,VOO,0.037994,0.037994,0.037994,0.0,0,0.119528,0.799051,0.123605,0.412377,part2a21_soft_caution_overlay,artifacts_part2_g532/predictions/g532_final_consensus_tape.csv
2025-11-05,0,0.2129193759662675,0.6563244306344825,1.429121,1.687077,0.5,0.56305,0.493603,0.580308,0.75,1.0,0.819858,0.614893,0.126829,0.663431,1,ok,VOO,0.037994,0.037994,0.037994,0.0,0,0.12236,0.799349,0.1227,0.410675,part2a21_soft_caution_overlay,artifacts_part2_g532/predictions/g532_final_consensus_tape.csv
2025-11-06,0,0.2128271124605614,0.6337494240888712,2.085701,1.890615,0.75,0.564289,0.493674,0.685188,0.75,1.0,0.816317,0.612238,0.151302,0.622972,1,ok,VOO,0.037994,0.037994,0.037994,0.0,0,0.125166,0.798314,0.125838,0.416576,part2a21_soft_caution_overlay,artifacts_part2_g532/predictions/g532_final_consensus_tape.csv
2025-11-07,0,0.2128033938751548,0.6373883423979688,1.576978,1.697267,0.75,0.56407,0.493661,0.58535,0.75,1.0,0.816943,0.612707,0.146212,0.630975,1,ok,VOO,0.037994,0.037994,0.037994,0.0,0,0.120036,0.79755,0.128155,0.420931,part2a21_soft_caution_overlay,artifacts_part2_g532/predictions/g532_final_consensus_tape.csv
2025-11-10,0,0.2125259206561241,0.6926320141497787,0.858969,1.507216,0.5,0.56114,0.493494,0.487955,0.75,1.0,0.825315,0.618986,0.159124,0.611061,1,ok,VOO,0.027685,0.027685,0.027685,0.0,0,0.117751,0.800886,0.11804,0.401915,part2a21_soft_caution_overlay,artifacts_part2_g532/predictions/g532_final_consensus_tape.csv
2025-11-11,0,0.2129945225633319,0.6491797000931859,1.570866,1.335604,0.75,0.560691,0.493468,0.399582,0.75,1.0,0.826598,0.619949,0.158889,0.611413,1,ok,VOO,0.027685,0.027685,0.027685,0.0,0,0.12418,0.802784,0.112287,0.3911,part2a21_soft_caution_overlay,artifacts_part2_g532/predictions/g532_final_consensus_tape.csv
2025-11-12,0,0.2128314949312924,0.6652319954582496,1.482367,1.304067,0.75,0.560039,0.493431,0.383527,0.75,1.0,0.82846,0.621345,0.154055,0.618727,1,ok,VOO,0.027685,0.027685,0.027685,0.0,0,0.115194,0.801792,0.115294,0.396752,part2a21_soft_caution_overlay,artifacts_part2_g532/predictions/g532_final_consensus_tape.csv
2025-11-13,0,0.2128588411943928,0.6034069826178268,2.066918,1.706717,0.75,0.56726,0.493843,0.589555,0.75,1.0,0.807829,0.605872,0.161916,0.606921,1,ok,VOO,0.027685,0.027685,0.027685,0.0,0,0.130668,0.795583,0.134119,0.432144,part2a21_soft_caution_overlay,artifacts_part2_g532/predictions/g532_final_consensus_tape.csv
2025-11-14,0,0.2120547314119063,0.6604065646953946,1.397428,1.648905,0.5,0.565616,0.493749,0.560017,0.75,1.0,0.812526,0.609394,0.161318,0.607803,1,ok,VOO,0.027685,0.027685,0.027685,0.0,0,0.122149,0.795975,0.13293,0.429908,part2a21_soft_caution_overlay,artifacts_part2_g532/predictions/g532_final_consensus_tape.csv
2025-11-17,0,0.2120577403421168,0.6189033649075195,1.654636,1.706328,0.75,0.579866,0.494564,0.586658,0.75,1.0,0.771811,0.578859,0.165855,0.601171,1,ok,VOO,0.030623,0.030623,0.030623,0.0,0,0.161354,0.775056,0.16471,0.489654,part2a21_soft_caution_overlay,artifacts_part2_g532/predictions/g532_final_consensus_tape.csv
2025-11-18,0,0.2123395605645368,0.6053733981140058,1.75269,1.601585,0.75,0.582645,0.494723,0.53143,0.75,1.0,0.763871,0.572903,0.16133,0.607784,1,ok,VOO,0.030623,0.030623,0.030623,0.0,0,0.140784,0.755275,0.188397,0.534186,part2a21_soft_caution_overlay,artifacts_part2_g532/predictions/g532_final_consensus_tape.csv
2025-11-19,0,0.2121503570102934,0.6377431535214025,1.178507,1.528611,0.5,0.577132,0.494408,0.494823,0.75,1.0,0.779623,0.584717,0.156113,0.615592,1,ok,VOO,0.030623,0.030623,0.030623,0.0,0,0.148934,0.777537,0.161648,0.483898,part2a21_soft_caution_overlay,artifacts_part2_g532/predictions/g532_final_consensus_tape.csv
2025-11-20,0,0.2119931114167172,0.6574588150883061,1.98657,1.639256,0.75,0.580138,0.494579,0.551664,0.75,1.0,0.771034,0.578275,0.160765,0.608621,1,ok,VOO,0.030623,0.030623,0.030623,0.0,0,0.141144,0.763828,0.178308,0.515218,part2a21_soft_caution_overlay,artifacts_part2_g532/predictions/g532_final_consensus_tape.csv
2025-11-21,0,0.2136157406735051,0.5626275086884456,1.016807,1.393961,0.5,0.576934,0.494396,0.424857,0.75,1.0,0.780188,0.585141,0.167108,0.599365,1,ok,VOO,0.030623,0.030623,0.030623,0.0,0,0.159962,0.783631,0.154034,0.469584,part2a21_soft_caution_overlay,artifacts_part2_g532/predictions/g532_final_consensus_tape.csv
2025-11-24,0,0.2132777439493534,0.6452073031760618,0.559003,1.18746,0.5,0.568705,0.493926,0.320383,0.75,1.0,0.803699,0.602774,0.156409,0.615143,1,ok,VOO,0.017819,0.017819,0.017819,0.0,0,0.131005,0.793776,0.139598,0.442445,part2a21_soft_caution_overlay,artifacts_part2_g532/predictions/g532_final_consensus_tape.csv
2025-11-25,0,0.2148984696007855,0.5003633035287568,1.16228,0.912697,0.5,0.579104,0.49452,0.173665,0.75,1.0,0.773988,0.580491,0.163282,0.604915,1,ok,VOO,0.017819,0.017819,0.017819,0.0,0,0.160636,0.777126,0.162157,0.484855,part2a21_soft_caution_overlay,artifacts_part2_g532/predictions/g532_final_consensus_tape.csv
2025-11-26,0,0.2195252814644899,0.3657733573311637,1.116322,0.945869,0.5,0.5818,0.494674,0.189797,0.75,1.0,0.766287,0.574715,0.167974,0.598123,1,ok,VOO,0.017819,0.017819,0.017819,0.0,0,0.175207,0.775849,0.163733,0.487818,part2a21_soft_caution_overlay,artifacts_part2_g532/predictions/g532_final_consensus_tape.csv
2025-11-27,0,0.2082505680274658,0.2958540161663982,1.395801,1.224801,0.75,0.577615,0.494435,0.336658,0.75,1.0,0.778242,0.583681,0.153599,0.619427,1,ok,VOO,0.017819,0.017819,0.017819,0.0,0,0.162787,0.782892,0.154964,0.471333,part2a21_soft_caution_overlay,artifacts_part2_g532/predictions/g532_final_consensus_tape.csv
2025-11-28,0,0.2044569624681252,0.2858017962364053,1.202536,1.23822,0.5,0.571603,0.494092,0.345685,0.75,1.0,0.795421,0.596565,0.157837,0.61299,1,ok,VOO,0.017819,0.017819,0.017819,0.0,0,0.161271,0.876202,0.132241,0.428614,part2a21_soft_caution_overlay,artifacts_part2_g532/predictions/g532_final_consensus_tape.csv
2025-12-01,0,0.2059405751898696,0.2936944010922492,1.601991,1.40011,0.75,0.560402,0.493452,0.432929,0.75,1.0,0.827422,0.620566,0.145142,0.632683,1,ok,VOO,0.025497,0.025497,0.025497,0.0,0,0.129978,0.884343,0.107559,0.382211,part2a21_soft_caution_overlay,artifacts_part2_g532/predictions/g532_final_consensus_tape.csv
2025-12-02,0,0.2105153001011667,0.3079310142010129,1.334095,1.379541,0.5,0.552844,0.49302,0.424566,0.962506,1.0,0.849017,0.817184,0.130205,0.65754,1,ok,VOO,0.025497,0.025497,0.025497,0.0,0,0.103663,0.808774,0.094124,0.356954,part2a21_soft_caution_overlay,artifacts_part2_g532/predictions/g532_final_consensus_tape.csv
2025-12-03,0,0.2167204659858935,0.3738220951293021,1.512229,1.482772,0.5,0.558046,0.493317,0.476183,0.75,1.0,0.834155,0.625616,0.130072,0.657771,1,ok,VOO,0.025497,0.025497,0.025497,0.0,0,0.115934,0.804531,0.10699,0.381141,part2a21_soft_caution_overlay,artifacts_part2_g532/predictions/g532_final_consensus_tape.csv
2025-12-04,0,0.2095056535197444,0.3261559138755038,1.616069,1.487464,0.75,0.563594,0.493634,0.477106,0.75,1.0,0.818302,0.613726,0.065259,0.792998,1,ok,VOO,0.025497,0.025497,0.025497,0.0,0,0.135729,0.801375,0.116557,0.399127,part2a21_soft_caution_overlay,artifacts_part2_g532/predictions/g532_final_consensus_tape.csv
2025-12-05,0,0.2178163539624706,0.3763300305131959,1.513936,1.547412,0.5,0.563946,0.493654,0.507974,0.75,1.0,0.817296,0.612972,0.064431,0.795088,1,ok,VOO,0.025497,0.025497,0.025497,0.0,0,0.140026,0.801797,0.115279,0.396724,part2a21_soft_caution_overlay,artifacts_part2_g532/predictions/g532_final_consensus_tape.csv
2025-12-08,0,0.2037173606674001,0.2775185225858042,1.698745,1.609583,0.75,0.556194,0.493211,0.541921,0.958814,1.0,0.839446,0.804872,0.047083,0.841516,1,ok,VOO,0.055057,0.055057,0.055057,0.0,0,0.121542,0.888081,0.096227,0.360906,part2a21_soft_caution_overlay,artifacts_part2_g532/predictions/g532_final_consensus_tape.csv
2025-12-09,0,0.2048464426983475,0.2959505607063064,1.623857,1.612179,0.5,0.564934,0.493711,0.541194,0.75,1.0,0.814474,0.610856,0.04348,0.851845,1,ok,VOO,0.055057,0.055057,0.055057,0.0,0,0.143596,0.881245,0.116953,0.399871,part2a21_soft_caution_overlay,artifacts_part2_g532/predictions/g532_final_consensus_tape.csv
2025-12-10,0,0.2081433497506641,0.3220201170859156,1.550675,1.624426,0.5,0.560089,0.493434,0.548652,0.954931,1.0,0.828316,0.790985,0.038864,0.865458,1,ok,VOO,0.055057,0.055057,0.055057,0.0,0,0.132104,0.805184,0.10501,0.377418,part2a21_soft_caution_overlay,artifacts_part2_g532/predictions/g532_final_consensus_tape.csv
2025-12-11,0,0.207052706312882,0.2944520209896021,1.729246,1.634593,0.75,0.561964,0.493541,0.553462,0.75,1.0,0.82296,0.61722,0.037024,0.871006,1,ok,VOO,0.055057,0.055057,0.055057,0.0,0,0.131747,0.802677,0.112609,0.391706,part2a21_soft_caution_overlay,artifacts_part2_g532/predictions/g532_final_consensus_tape.csv
2025-12-12,0,0.2132617007220602,0.3314321328231001,2.137459,1.805793,0.75,0.563713,0.493641,0.641475,0.75,1.0,0.817963,0.613472,0.055865,0.817353,1,ok,VOO,0.055057,0.055057,0.055057,0.0,0,0.134905,0.801053,0.117535,0.400965,part2a21_soft_caution_overlay,artifacts_part2_g532/predictions/g532_final_consensus_tape.csv
2025-12-15,0,0.2120019075828396,0.3251569950876512,1.645247,1.837317,0.75,0.561868,0.493535,0.658082,0.75,1.0,0.823235,0.617426,0.057991,0.811712,1,ok,VOO,0.049472,0.049472,0.049472,0.0,0,0.127326,0.801899,0.11497,0.396143,part2a21_soft_caution_overlay,artifacts_part2_g532/predictions/g532_final_consensus_tape.csv
2025-12-16,0,0.2124922281109043,0.3264515529300861,1.445718,1.742808,0.5,0.565162,0.493724,0.608653,0.75,1.0,0.813821,0.610366,0.065469,0.79247,1,ok,VOO,0.049472,0.049472,0.049472,0.0,0,0.13395,0.798976,0.123831,0.412802,part2a21_soft_caution_overlay,artifacts_part2_g532/predictions/g532_final_consensus_tape.csv
2025-12-17,0,0.2189151245432787,0.354012364751396,2.031352,1.707439,0.75,0.567065,0.493832,0.58997,0.75,1.0,0.808385,0.606289,0.083686,0.749207,1,ok,VOO,0.049472,0.049472,0.049472,0.0,0,0.128768,0.795447,0.134531,0.432918,part2a21_soft_caution_overlay,artifacts_part2_g532/predictions/g532_final_consensus_tape.csv
2025-12-18,0,0.2315150425663333,0.420043288657399,1.051753,1.509608,0.5,0.567684,0.493868,0.487458,0.75,1.0,0.806616,0.604962,0.085575,0.744989,1,ok,VOO,0.049472,0.049472,0.049472,0.0,0,0.13694,0.796314,0.131902,0.427975,part2a21_soft_caution_overlay,artifacts_part2_g532/predictions/g532_final_consensus_tape.csv
2025-12-19,0,0.2116665682370496,0.3313589413855755,1.142857,1.408654,0.5,0.566629,0.493807,0.435522,0.75,1.0,0.809633,0.607225,0.103564,0.707086,1,ok,VOO,0.049472,0.049472,0.049472,0.0,0,0.138204,0.797943,0.126963,0.418691,part2a21_soft_caution_overlay,artifacts_part2_g532/predictions/g532_final_consensus_tape.csv
2025-12-22,0,0.2103570130528233,0.2922118657423372,1.40341,1.19934,0.5,0.570102,0.494006,0.326047,0.75,1.0,0.799709,0.599781,0.110753,0.692996,1,ok,VOO,0.020328,0.020328,0.020328,0.0,0,0.148495,0.795538,0.134254,0.432398,part2a21_soft_caution_overlay,artifacts_part2_g532/predictions/g532_final_consensus_tape.csv
2025-12-23,0,0.2131727941490087,0.3136426730372538,1.368254,1.304841,0.5,0.565296,0.493731,0.382252,0.75,1.0,0.81344,0.61008,0.113371,0.688002,1,ok,VOO,0.020328,0.020328,0.020328,0.0,0,0.138208,0.799673,0.121717,0.408828,part2a21_soft_caution_overlay,artifacts_part2_g532/predictions/g532_final_consensus_tape.csv
2025-12-24,0,0.2120493214787665,0.5691918275363571,1.416512,1.396059,0.5,0.556643,0.493237,0.431941,0.958776,1.0,0.838162,0.803609,0.112514,0.689628,1,ok,VOO,0.020328,0.020328,0.020328,0.0,0,0.11255,0.805659,0.103569,0.374709,part2a21_soft_caution_overlay,artifacts_part2_g532/predictions/g532_final_consensus_tape.csv
2025-12-25,0,0.212634401705208,0.6017691798085825,1.509499,1.431422,0.75,0.557495,0.493285,0.449897,0.75,1.0,0.835728,0.626796,0.112032,0.690547,1,ok,VOO,0.020328,0.020328,0.020328,0.0,0,0.11307,0.80466,0.106599,0.380406,part2a21_soft_caution_overlay,artifacts_part2_g532/predictions/g532_final_consensus_tape.csv
2025-12-26,0,0.2111048617567629,0.4833146233024885,1.49752,1.474511,0.75,0.559639,0.493408,0.471495,0.955508,1.0,0.829602,0.792691,0.1023,0.709623,1,ok,VOO,0.020328,0.020328,0.020328,0.0,0,0.12768,0.804864,0.105981,0.379245,part2a21_soft_caution_overlay,artifacts_part2_g532/predictions/g532_final_consensus_tape.csv
2025-12-29,0,0.2127480899502015,0.6020411265198113,1.632169,1.546396,0.75,0.557537,0.493288,0.509075,0.957847,1.0,0.835608,0.800385,0.105548,0.703141,1,ok,VOO,0.042975,0.042975,0.042975,0.0,0,0.115914,0.805187,0.105001,0.377401,part2a21_soft_caution_overlay,artifacts_part2_g532/predictions/g532_final_consensus_tape.csv
2025-12-30,0,0.212678350387652,0.5996670051277734,1.55333,1.561006,0.75,0.558228,0.493327,0.516424,0.75,1.0,0.833634,0.625226,0.099926,0.714436,1,ok,VOO,0.042975,0.042975,0.042975,0.0,0,0.114788,0.80406,0.108417,0.383824,part2a21_soft_caution_overlay,artifacts_part2_g532/predictions/g532_final_consensus_tape.csv
2025-12-31,0,0.2132040098670625,0.6191839389901371,1.739208,1.641569,0.75,0.570074,0.494004,0.5552,0.75,1.0,0.799789,0.599842,0.080832,0.755671,1,ok,VOO,0.042975,0.042975,0.042975,0.0,0,0.149842,0.79585,0.133309,0.43062,part2a21_soft_caution_overlay,artifacts_part2_g532/predictions/g532_final_consensus_tape.csv
2026-01-01,0,0.2126952639956473,0.5830317512304909,1.47402,1.588853,0.75,0.568846,0.493934,0.528185,0.75,1.0,0.803297,0.602473,0.079437,0.75887,1,ok,VOO,0.042975,0.042975,0.042975,0.0,0,0.148279,0.797125,0.129445,0.423357,part2a21_soft_caution_overlay,artifacts_part2_g532/predictions/g532_final_consensus_tape.csv
2026-01-02,0,0.214490008318504,0.6895547724535273,1.518293,1.577174,0.75,0.568721,0.493927,0.522168,0.75,1.0,0.803653,0.60274,0.059238,0.808438,1,ok,VOO,0.042975,0.042975,0.042975,0.0,0,0.144505,0.796515,0.131294,0.426833,part2a21_soft_caution_overlay,artifacts_part2_g532/predictions/g532_final_consensus_tape.csv
2026-01-05,0,0.2135893027886973,0.6356460895241677,1.240081,1.410798,0.5,0.566731,0.493813,0.436601,0.75,1.0,0.809339,0.607004,0.049491,0.83475,1,ok,VOO,0.033184,0.033184,0.033184,0.0,0,0.14169,0.798522,0.125208,0.41539,part2a21_soft_caution_overlay,artifacts_part2_g532/predictions/g532_final_consensus_tape.csv
2026-01-06,0,0.2139302024443767,0.6651820133269087,1.311109,1.356494,0.5,0.558606,0.493349,0.410987,0.956687,1.0,0.832555,0.796494,0.054208,0.821806,1,ok,VOO,0.033184,0.033184,0.033184,0.0,0,0.121189,0.804878,0.105936,0.37916,part2a21_soft_caution_overlay,artifacts_part2_g532/predictions/g532_final_consensus_tape.csv
2026-01-07,0,0.2125203365269199,0.5452077735790472,1.552041,1.367744,0.5,0.566762,0.493815,0.414321,0.75,1.0,0.809253,0.60694,0.060541,0.805047,1,ok,VOO,0.033184,0.033184,0.033184,0.0,0,0.139765,0.79809,0.126519,0.417856,part2a21_soft_caution_overlay,artifacts_part2_g532/predictions/g532_final_consensus_tape.csv
2026-01-08,0,0.2131011210509346,0.6227883514808371,1.768698,1.543949,0.75,0.57049,0.494028,0.504511,0.75,1.0,0.798601,0.598951,0.062488,0.800032,1,ok,VOO,0.033184,0.033184,0.033184,0.0,0,0.151922,0.795736,0.133656,0.431274,part2a21_soft_caution_overlay,artifacts_part2_g532/predictions/g532_final_consensus_tape.csv
2026-01-09,0,0.2116103513510646,0.5075388145018328,1.313646,1.544795,0.5,0.57214,0.494122,0.504526,0.75,1.0,0.793885,0.595414,0.067903,0.786402,1,ok,VOO,0.033184,0.033184,0.033184,0.0,0,0.164216,0.796107,0.132532,0.42916,part2a21_soft_caution_overlay,artifacts_part2_g532/predictions/g532_final_consensus_tape.csv
2026-01-12,0,0.2133150217828269,0.6310053713420892,1.595787,1.559377,0.5,0.570463,0.494026,0.512514,0.75,1.0,0.798678,0.599009,0.060567,0.80498,1,ok,VOO,0.037069,0.037069,0.037069,0.0,0,0.153667,0.796128,0.132468,0.429039,part2a21_soft_caution_overlay,artifacts_part2_g532/predictions/g532_final_consensus_tape.csv
2026-01-13,0,0.2110766106397901,0.4729172791345692,1.684441,1.531291,0.75,0.575312,0.494304,0.496693,0.75,1.0,0.784822,0.588617,0.064715,0.794369,1,ok,VOO,0.037069,0.037069,0.037069,0.0,0,0.164906,0.791043,0.144587,0.451823,part2a21_soft_caution_overlay,artifacts_part2_g532/predictions/g532_final_consensus_tape.csv
2026-01-14,0,0.2126521628672099,0.5884337410809172,1.934762,1.73833,0.75,0.562768,0.493587,0.606826,0.75,1.0,0.820663,0.615497,0.072542,0.775092,1,ok,VOO,0.037069,0.037069,0.037069,0.0,0,0.12231,0.799705,0.121622,0.408649,part2a21_soft_caution_overlay,artifacts_part2_g532/predictions/g532_final_consensus_tape.csv
2026-01-15,0,0.2122021700776832,0.5634227195048683,1.520464,1.713222,0.5,0.563651,0.493637,0.59368,0.75,1.0,0.818141,0.613606,0.074762,0.769794,1,ok,VOO,0.037069,0.037069,0.037069,0.0,0,0.127109,0.79954,0.122121,0.409587,part2a21_soft_caution_overlay,artifacts_part2_g532/predictions/g532_final_consensus_tape.csv
2026-01-16,0,0.2124303104984987,0.5699729888830602,1.689355,1.71486,0.75,0.570222,0.494013,0.593145,0.75,1.0,0.799366,0.599525,0.07494,0.769372,1,ok,VOO,0.037069,0.037069,0.037069,0.0,0,0.152545,0.796211,0.132216,0.428565,part2a21_soft_caution_overlay,artifacts_part2_g532/predictions/g532_final_consensus_tape.csv
2026-01-19,0,0.2127574674086003,0.5976965461523539,1.661599,1.623806,0.75,0.572861,0.494163,0.54534,0.75,1.0,0.791827,0.59387,0.074154,0.771238,1,ok,VOO,0.037466,0.037466,0.037466,0.0,0,0.158597,0.794023,0.138849,0.441037,part2a21_soft_caution_overlay,artifacts_part2_g532/predictions/g532_final_consensus_tape.csv
2026-01-20,0,0.2130860076339175,0.6137955997037353,2.385651,1.912202,0.75,0.574365,0.494249,0.694751,0.75,1.0,0.787527,0.590645,0.108606,0.697145,1,ok,VOO,0.037466,0.037466,0.037466,0.0,0,0.145096,0.784339,0.15314,0.467903,part2a21_soft_caution_overlay,artifacts_part2_g532/predictions/g532_final_consensus_tape.csv
2026-01-21,0,0.2064045128005783,0.5313562909151307,1.337505,1.794918,0.5,0.569298,0.49396,0.634806,0.75,1.0,0.802005,0.601504,0.117032,0.68114,1,ok,VOO,0.037466,0.037466,0.037466,0.0,0,0.160166,0.878968,0.123857,0.412851,part2a21_soft_caution_overlay,artifacts_part2_g532/predictions/g532_final_consensus_tape.csv
2026-01-22,0,0.206491637461606,0.6081013681024502,1.547015,1.756724,0.5,0.564095,0.493663,0.616057,0.75,1.0,0.816872,0.612654,0.119274,0.677005,1,ok,VOO,0.037466,0.037466,0.037466,0.0,0,0.144785,0.882577,0.112913,0.392276,part2a21_soft_caution_overlay,artifacts_part2_g532/predictions/g532_final_consensus_tape.csv
2026-01-23,0,0.2065493798064745,0.620006754995701,1.668935,1.517818,0.5,0.577214,0.494412,0.489188,0.75,1.0,0.779387,0.58454,0.115809,0.683416,1,ok,VOO,0.037466,0.037466,0.037466,0.0,0,0.178048,0.871554,0.143927,0.450583,part2a21_soft_caution_overlay,artifacts_part2_g532/predictions/g532_final_consensus_tape.csv
2026-01-26,0,0.2065312276725569,0.6055196982890348,1.589038,1.601663,0.5,0.57183,0.494105,0.534098,0.75,1.0,0.794771,0.596078,0.116508,0.682113,1,ok,VOO,0.032574,0.032574,0.032574,0.0,0,0.158548,0.87535,0.134825,0.43347,part2a21_soft_caution_overlay,artifacts_part2_g532/predictions/g532_final_consensus_tape.csv
2026-01-27,0,0.2065751566807598,0.6270080725437358,1.489189,1.582387,0.5,0.568224,0.493898,0.52499,0.75,1.0,0.805075,0.603806,0.118137,0.679095,1,ok,VOO,0.032574,0.032574,0.032574,0.0,0,0.146585,0.877586,0.128047,0.420727,part2a21_soft_caution_overlay,artifacts_part2_g532/predictions/g532_final_consensus_tape.csv
2026-01-28,0,0.2065248611758414,0.5838059532524624,1.698472,1.592233,0.5,0.565901,0.493766,0.530651,0.75,1.0,0.811713,0.608784,0.110497,0.693487,1,ok,VOO,0.032574,0.032574,0.032574,0.0,0,0.148719,0.881038,0.117581,0.401053,part2a21_soft_caution_overlay,artifacts_part2_g532/predictions/g532_final_consensus_tape.csv
2026-01-29,0,0.2065195524697877,0.6160867788784724,1.948034,1.711898,0.75,0.56975,0.493986,0.59171,0.75,1.0,0.800716,0.600537,0.110827,0.692853,1,ok,VOO,0.032574,0.032574,0.032574,0.0,0,0.153607,0.877041,0.129699,0.423834,part2a21_soft_caution_overlay,artifacts_part2_g532/predictions/g532_final_consensus_tape.csv
2026-01-30,0,0.2063334984539228,0.5295591158769929,2.016415,1.88764,0.75,0.575555,0.494317,0.681799,0.75,1.0,0.78413,0.588097,0.110937,0.692641,1,ok,VOO,0.032574,0.032574,0.032574,0.0,0,0.168146,0.87186,0.143532,0.44984,part2a21_soft_caution_overlay,artifacts_part2_g532/predictions/g532_final_consensus_tape.csv
2026-02-02,0,0.2063370819586567,0.5253613578880397,1.456332,1.806927,0.5,0.569705,0.493983,0.64095,0.75,1.0,0.800843,0.600632,0.11696,0.681273,1,ok,VOO,0.039341,0.039341,0.039341,0.0,0,0.151476,0.876663,0.130844,0.425986,part2a21_soft_caution_overlay,artifacts_part2_g532/predictions/g532_final_consensus_tape.csv
2026-02-03,0,0.2063258688051036,0.5161581151312744,2.087671,1.853473,0.75,0.582341,0.494705,0.662856,0.75,1.0,0.764741,0.573556,0.090251,0.734751,1,ok,VOO,0.039341,0.039341,0.039341,0.0,0,0.191106,0.862062,0.156007,0.473294,part2a21_soft_caution_overlay,artifacts_part2_g532/predictions/g532_final_consensus_tape.csv
2026-02-04,0,0.2064175581531952,0.5873326565297039,2.034107,1.85937,0.75,0.576855,0.494392,0.666884,0.75,1.0,0.780415,0.585312,0.085123,0.745996,1,ok,VOO,0.039341,0.039341,0.039341,0.0,0,0.165247,0.866466,0.150446,0.462838,part2a21_soft_caution_overlay,artifacts_part2_g532/predictions/g532_final_consensus_tape.csv
2026-02-05,0,0.2065277236821931,0.6290210069384922,1.870964,1.997581,0.75,0.587863,0.495021,0.737247,0.75,1.0,0.748963,0.561723,0.119922,0.675818,1,ok,VOO,0.039341,0.039341,0.039341,0.0,0,0.188205,0.842795,0.179538,0.517531,part2a21_soft_caution_overlay,artifacts_part2_g532/predictions/g532_final_consensus_tape.csv
2026-02-06,0,0.2064456802002887,0.5535992352337983,0.783586,1.562886,0.5,0.580025,0.494573,0.511913,0.75,1.0,0.771358,0.578518,0.161889,0.606959,1,ok,VOO,0.039341,0.039341,0.039341,0.0,0,0.167727,0.85775,0.161384,0.483403,part2a21_soft_caution_overlay,artifacts_part2_g532/predictions/g532_final_consensus_tape.csv
2026-02-09,0,0.2064141045564084,0.5189881682325402,1.239236,1.297929,0.5,0.567445,0.493854,0.377989,0.75,1.0,0.807301,0.605476,0.16249,0.606075,1,ok,VOO,0.020806,0.020806,0.020806,0.0,0,0.153563,0.880024,0.120655,0.406831,part2a21_soft_caution_overlay,artifacts_part2_g532/predictions/g532_final_consensus_tape.csv
2026-02-10,0,0.2066517195388993,0.6707077254273918,1.60485,1.209224,0.75,0.575437,0.494311,0.329315,0.75,1.0,0.784467,0.58835,0.162919,0.605445,1,ok,VOO,0.020806,0.020806,0.020806,0.0,0,0.162756,0.869626,0.146409,0.455249,part2a21_soft_caution_overlay,artifacts_part2_g532/predictions/g532_final_consensus_tape.csv
2026-02-11,0,0.2065709171254138,0.6391208866952468,1.450221,1.431436,0.5,0.567231,0.493842,0.447133,0.75,1.0,0.807912,0.605934,0.163924,0.603976,1,ok,VOO,0.020806,0.020806,0.020806,0.0,0,0.142564,0.878053,0.126631,0.418067,part2a21_soft_caution_overlay,artifacts_part2_g532/predictions/g532_final_consensus_tape.csv
2026-02-12,0,0.2066233994859815,0.6636800058284483,2.0703,1.708457,0.75,0.575059,0.494289,0.588796,0.75,1.0,0.785545,0.589159,0.193929,0.563153,1,ok,VOO,0.020806,0.020806,0.020806,0.0,0,0.159059,0.868997,0.147215,0.456765,part2a21_soft_caution_overlay,artifacts_part2_g532/predictions/g532_final_consensus_tape.csv
2026-02-13,0,0.2066226626532186,0.6564904377097619,1.407317,1.642613,0.5,0.577347,0.49442,0.55406,0.75,1.0,0.779009,0.584257,0.193914,0.563172,1,ok,VOO,0.020806,0.020806,0.020806,0.0,0,0.160056,0.862386,0.1556,0.472528,part2a21_soft_caution_overlay,artifacts_part2_g532/predictions/g532_final_consensus_tape.csv
2026-02-16,0,0.2065906513121786,0.6483987907474215,1.474746,1.650788,0.75,0.579066,0.494518,0.557917,0.75,1.0,0.774097,0.580573,0.18609,0.573276,1,ok,VOO,0.027854,0.027854,0.027854,0.0,0,0.164434,0.859144,0.159653,0.480148,part2a21_soft_caution_overlay,artifacts_part2_g532/predictions/g532_final_consensus_tape.csv
2026-02-17,0,0.2065168894359919,0.6010638130425243,1.431233,1.437765,0.75,0.577474,0.494427,0.44748,0.75,1.0,0.778647,0.583985,0.185048,0.574649,1,ok,VOO,0.027854,0.027854,0.027854,0.0,0,0.16695,0.865378,0.151826,0.465433,part2a21_soft_caution_overlay,artifacts_part2_g532/predictions/g532_final_consensus_tape.csv
2026-02-18,0,0.2004462190252433,0.5513867927509173,1.228053,1.37801,0.5,0.565584,0.493748,0.419985,0.75,1.0,0.812618,0.609463,0.190753,0.567211,1,ok,VOO,0.027854,0.027854,0.027854,0.0,0,0.126972,0.823596,0.129814,0.424051,part2a21_soft_caution_overlay,artifacts_part2_g532/predictions/g532_final_consensus_tape.csv
2026-02-19,0,0.1999655170376297,0.5198808471270712,1.566126,1.408471,0.75,0.576113,0.494349,0.432644,0.75,1.0,0.782533,0.5869,0.167296,0.599095,1,ok,VOO,0.027854,0.027854,0.027854,0.0,0,0.166476,0.81594,0.146767,0.455922,part2a21_soft_caution_overlay,artifacts_part2_g532/predictions/g532_final_consensus_tape.csv
2026-02-20,0,0.1979117681922376,0.5517326745779066,1.175538,1.323239,0.5,0.566896,0.493823,0.391258,0.75,1.0,0.808868,0.606651,0.136165,0.647391,1,ok,VOO,0.027854,0.027854,0.027854,0.0,0,0.136188,0.823777,0.129266,0.42302,part2a21_soft_caution_overlay,artifacts_part2_g532/predictions/g532_final_consensus_tape.csv
2026-02-23,0,0.1995000235672178,0.5815269421660386,1.770149,1.503938,0.75,0.580613,0.494606,0.481052,0.75,1.0,0.769678,0.577259,0.145091,0.632766,1,ok,VOO,0.026357,0.026357,0.026357,0.0,0,0.173818,0.805521,0.159922,0.480654,part2a21_soft_caution_overlay,artifacts_part2_g532/predictions/g532_final_consensus_tape.csv
2026-02-24,0,0.1982998781506389,0.5960177860161343,1.084171,1.343286,0.5,0.559359,0.493392,0.403953,0.75,1.0,0.830402,0.622801,0.151968,0.62194,1,ok,VOO,0.026357,0.026357,0.026357,0.0,0,0.112618,0.828741,0.114215,0.394724,part2a21_soft_caution_overlay,artifacts_part2_g532/predictions/g532_final_consensus_tape.csv
2026-02-25,0,0.1929153310181933,0.5639568836546852,1.030041,1.294787,0.5,0.559708,0.493412,0.37885,0.75,1.0,0.829405,0.622054,0.160421,0.609131,1,ok,VOO,0.026357,0.026357,0.026357,0.0,0,0.114388,0.82865,0.114491,0.395242,part2a21_soft_caution_overlay,artifacts_part2_g532/predictions/g532_final_consensus_tape.csv
2026-02-26,0,0.1894962300307528,0.4890105627810497,1.824781,1.312998,0.75,0.573659,0.494209,0.383805,0.75,1.0,0.789546,0.592159,0.121058,0.673749,1,ok,VOO,0.026357,0.026357,0.026357,0.0,0,0.161806,0.820236,0.140002,0.443204,part2a21_soft_caution_overlay,artifacts_part2_g532/predictions/g532_final_consensus_tape.csv
2026-02-27,0,0.192048350541492,0.5416621693421109,1.544347,1.46639,0.75,0.568567,0.493918,0.464848,0.75,1.0,0.804093,0.60307,0.128285,0.660877,1,ok,VOO,0.026357,0.026357,0.026357,0.0,0,0.143489,0.8231,0.131318,0.426878,part2a21_soft_caution_overlay,artifacts_part2_g532/predictions/g532_final_consensus_tape.csv
2026-03-02,0,0.1973988742411017,0.5034552819378421,1.445007,1.604712,0.5,0.579429,0.494539,0.533843,0.75,1.0,0.773059,0.579795,0.132444,0.653691,1,ok,VOO,0.030349,0.030349,0.030349,0.0,0,0.154555,0.799614,0.167205,0.494346,part2a21_soft_caution_overlay,artifacts_part2_g532/predictions/g532_final_consensus_tape.csv
2026-03-03,0,0.1992077119786188,0.5970486303555035,1.768422,1.585925,0.75,0.584398,0.494823,0.522826,0.75,1.0,0.758863,0.569147,0.138286,0.643856,1,ok,VOO,0.030349,0.030349,0.030349,0.0,0,0.176283,0.794603,0.173291,0.505788,part2a21_soft_caution_overlay,artifacts_part2_g532/predictions/g532_final_consensus_tape.csv
2026-03-04,0,0.1888791134495999,0.516367962445096,1.089795,1.434408,0.5,0.572674,0.494153,0.447114,0.75,1.0,0.792359,0.594269,0.141822,0.638045,1,ok,VOO,0.030349,0.030349,0.030349,0.0,0,0.140535,0.81395,0.149312,0.460706,part2a21_soft_caution_overlay,artifacts_part2_g532/predictions/g532_final_consensus_tape.csv
2026-03-05,0,0.1966637997100478,0.5311563787957682,1.657751,1.505323,0.75,0.590063,0.495146,0.479209,0.75,1.0,0.742677,0.557008,0.141162,0.639122,1,ok,VOO,0.030349,0.030349,0.030349,0.0,0,0.179223,0.777242,0.193764,0.544276,part2a21_soft_caution_overlay,artifacts_part2_g532/predictions/g532_final_consensus_tape.csv
2026-03-06,0,0.1906549434200917,0.5237196259683651,1.99412,1.580555,0.75,0.58221,0.494698,0.520571,0.75,1.0,0.765115,0.573836,0.147904,0.628292,1,ok,VOO,0.030349,0.030349,0.030349,0.0,0,0.157955,0.792317,0.17604,0.510956,part2a21_soft_caution_overlay,artifacts_part2_g532/predictions/g532_final_consensus_tape.csv
2026-03-09,0,0.1994722813638905,0.6350391846117538,1.132124,1.594665,0.5,0.572991,0.494171,0.530186,0.75,1.0,0.791453,0.59359,0.13676,0.646395,1,ok,VOO,0.030514,0.030514,0.030514,0.0,0,0.141786,0.813579,0.149784,0.461595,part2a21_soft_caution_overlay,artifacts_part2_g532/predictions/g532_final_consensus_tape.csv
2026-03-10,0,0.2069171767887926,0.5689611253549735,1.563706,1.563317,0.75,0.586157,0.494923,0.510575,0.75,1.0,0.753839,0.565379,0.130517,0.657001,1,ok,VOO,0.030514,0.030514,0.030514,0.0,0,0.197595,0.79978,0.167002,0.493965,part2a21_soft_caution_overlay,artifacts_part2_g532/predictions/g532_final_consensus_tape.csv
2026-03-11,0,0.2071997664103301,0.5630554657564123,1.589629,1.428486,0.75,0.58138,0.49465,0.441519,0.75,1.0,0.767487,0.575615,0.121053,0.673758,1,ok,VOO,0.030514,0.030514,0.030514,0.0,0,0.184807,0.808558,0.15613,0.473524,part2a21_soft_caution_overlay,artifacts_part2_g532/predictions/g532_final_consensus_tape.csv
2026-03-12,0,0.2016378199948495,0.6364995564273063,2.081946,1.745094,0.75,0.581471,0.494656,0.606518,0.75,1.0,0.767225,0.575419,0.128667,0.66021,1,ok,VOO,0.030514,0.030514,0.030514,0.0,0,0.16851,0.800116,0.166592,0.493193,part2a21_soft_caution_overlay,artifacts_part2_g532/predictions/g532_final_consensus_tape.csv
2026-03-13,0,0.1996396794512469,0.591389093052639,1.735469,1.802348,0.75,0.572267,0.49413,0.638097,0.75,1.0,0.793523,0.595142,0.124171,0.668144,1,ok,VOO,0.030514,0.030514,0.030514,0.0,0,0.14117,0.815513,0.147315,0.456952,part2a21_soft_caution_overlay,artifacts_part2_g532/predictions/g532_final_consensus_tape.csv
2026-03-16,0,0.2000992029063046,0.6362717760145469,1.182768,1.666728,0.5,0.566356,0.493792,0.569066,0.75,1.0,0.81041,0.607808,0.122624,0.670918,1,ok,VOO,0.034809,0.034809,0.034809,0.0,0,0.12823,0.82285,0.132075,0.428301,part2a21_soft_caution_overlay,artifacts_part2_g532/predictions/g532_final_consensus_tape.csv
2026-03-17,0,0.1981900662335015,0.5815546413824683,1.456515,1.458251,0.5,0.564907,0.493709,0.461654,0.75,1.0,0.814552,0.610914,0.117853,0.67962,1,ok,VOO,0.034809,0.034809,0.034809,0.0,0,0.127257,0.824533,0.126973,0.418709,part2a21_soft_caution_overlay,artifacts_part2_g532/predictions/g532_final_consensus_tape.csv
2026-03-18,0,0.1961836014343282,0.5835026120407049,2.066293,1.568526,0.75,0.5764,0.494366,0.515765,0.75,1.0,0.781714,0.586285,0.111418,0.691719,1,ok,VOO,0.034809,0.034809,0.034809,0.0,0,0.173567,0.871885,0.1435,0.44978,part2a21_soft_caution_overlay,artifacts_part2_g532/predictions/g532_final_consensus_tape.csv
2026-03-19,0,0.1991625015933393,0.6353530819681122,1.739058,1.753955,0.75,0.571778,0.494102,0.613092,0.75,1.0,0.794919,0.596189,0.111417,0.691722,1,ok,VOO,0.034809,0.034809,0.034809,0.0,0,0.150731,0.87382,0.139466,0.442195,part2a21_soft_caution_overlay,artifacts_part2_g532/predictions/g532_final_consensus_tape.csv
2026-03-20,0,0.2016840963672742,0.493417626276484,2.17323,1.99286,0.75,0.579494,0.494543,0.735934,0.75,1.0,0.772875,0.579656,0.097596,0.719225,1,ok,VOO,0.034809,0.034809,0.034809,0.0,0,0.188331,0.869537,0.146524,0.455465,part2a21_soft_caution_overlay,artifacts_part2_g532/predictions/g532_final_consensus_tape.csv
2026-03-23,0,0.2045238847939457,0.5489918706873929,1.232944,1.715077,0.5,0.575518,0.494315,0.592138,0.75,1.0,0.784233,0.588175,0.102421,0.709378,1,ok,VOO,0.037059,0.037059,0.037059,0.0,0,0.164463,0.870199,0.145673,0.453865,part2a21_soft_caution_overlay,artifacts_part2_g532/predictions/g532_final_consensus_tape.csv
2026-03-24,0,0.1998399572324019,0.5053576353237162,1.80132,1.735832,0.75,0.584621,0.494835,0.601035,0.75,1.0,0.758226,0.56867,0.101463,0.711313,1,ok,VOO,0.037059,0.037059,0.037059,0.0,0,0.194127,0.856356,0.163109,0.486644,part2a21_soft_caution_overlay,artifacts_part2_g532/predictions/g532_final_consensus_tape.csv
2026-03-25,0,0.2008141027442312,0.6024489845056237,1.365464,1.466576,0.5,0.579333,0.494533,0.461945,0.75,1.0,0.773335,0.580001,0.09809,0.718206,1,ok,VOO,0.037059,0.037059,0.037059,0.0,0,0.179085,0.86554,0.151621,0.465048,part2a21_soft_caution_overlay,artifacts_part2_g532/predictions/g532_final_consensus_tape.csv
2026-03-26,0,0.201054059885422,0.4299798452944645,2.328496,1.83176,0.75,0.585453,0.494883,0.650967,0.75,1.0,0.755849,0.566887,0.091573,0.731908,1,ok,VOO,0.037059,0.037059,0.037059,0.0,0,0.190694,0.851952,0.16851,0.4968,part2a21_soft_caution_overlay,artifacts_part2_g532/predictions/g532_final_consensus_tape.csv
2026-03-27,0,0.1966594329221588,0.4017343751918433,2.13816,1.94404,0.75,0.58554,0.494888,0.7096,0.75,1.0,0.7556,0.5667,0.120201,0.67531,1,ok,VOO,0.037059,0.037059,0.037059,0.0,0,0.19693,0.854829,0.164989,0.490179,part2a21_soft_caution_overlay,artifacts_part2_g532/predictions/g532_final_consensus_tape.csv
2026-03-30,0,0.1892584389979449,0.445761775035958,1.639074,2.035243,0.75,0.588884,0.495079,0.756814,0.5,0.6,0.746045,0.134288,0.115265,0.684434,1,ok,VOO,0.010434,0.010434,0.010434,0.0,0,0.204616,0.847932,0.173386,0.505965,part2a21_soft_caution_overlay,artifacts_part2_g532/predictions/g532_final_consensus_tape.csv
2026-03-31,0,0.1969629334361845,0.4348266293267308,0.415311,1.397515,0.5,0.595283,0.495445,0.421182,0.5,0.6,0.727763,0.130997,0.193893,0.563199,1,ok,VOO,0.010434,0.010434,0.010434,0.0,0,0.218364,0.83386,0.190045,0.537285,part2a21_soft_caution_overlay,artifacts_part2_g532/predictions/g532_final_consensus_tape.csv
2026-04-01,0,0.1966140806317866,0.5559636248124336,1.163808,1.072731,0.5,0.58539,0.494879,0.254538,0.75,0.6,0.756029,0.340213,0.196295,0.560168,1,ok,VOO,0.010434,0.010434,0.010434,0.0,0,0.204624,0.859164,0.159628,0.480101,part2a21_soft_caution_overlay,artifacts_part2_g532/predictions/g532_final_consensus_tape.csv
2026-04-02,0,0.1955640948630224,0.5874690281610353,1.535868,1.038329,0.5,0.601019,0.495773,0.230287,0.75,0.6,0.711375,0.320119,0.195959,0.560589,1,ok,VOO,0.010434,0.010434,0.010434,0.0,1,0.257541,0.835328,0.188336,0.534071,part2a21_soft_caution_overlay,artifacts_part2_g532/predictions/g532_final_consensus_tape.csv
2026-04-03,0,0.1924142233998805,0.5750487088507442,1.571815,1.42383,0.75,0.585746,0.4949,0.437812,0.75,0.6,0.755011,0.339755,0.193587,0.563587,1,ok,VOO,0.010434,0.010434,0.010434,0.0,0,0.205439,0.858443,0.160525,0.481787,part2a21_soft_caution_overlay,artifacts_part2_g532/predictions/g532_final_consensus_tape.csv
2026-04-06,0,0.1986314056446012,0.5805776926917187,1.440605,1.516096,0.5,0.591471,0.495227,0.48447,0.75,0.6,0.738655,0.332395,0.193007,0.564325,1,ok,VOO,0.013631,0.013631,0.013631,0.0,0,0.220502,0.847656,0.173718,0.506589,part2a21_soft_caution_overlay,artifacts_part2_g532/predictions/g532_final_consensus_tape.csv
2026-04-07,0,0.1975093173262107,0.6250583129416248,1.581198,1.531206,0.75,0.589508,0.495115,0.492908,0.75,0.6,0.744262,0.334918,0.193346,0.563894,1,ok,VOO,0.013631,0.013631,0.013631,0.0,0,0.212896,0.850145,0.170709,0.500933,part2a21_soft_caution_overlay,artifacts_part2_g532/predictions/g532_final_consensus_tape.csv
2026-04-08,0,0.1982491331173098,0.679331301917558,0.726764,1.249522,0.5,0.567262,0.493844,0.353002,0.75,1.0,0.807821,0.605866,0.224051,0.527369,1,ok,VOO,0.013631,0.013631,0.013631,0.0,0,0.143461,0.878195,0.1262,0.417255,part2a21_soft_caution_overlay,artifacts_part2_g532/predictions/g532_final_consensus_tape.csv
2026-04-09,0,0.1971368880268129,0.5822559076848239,1.442425,1.250129,0.5,0.564984,0.493713,0.354077,0.75,1.0,0.814333,0.61075,0.213783,0.539045,1,ok,VOO,0.013631,0.013631,0.013631,0.0,0,0.150488,0.88259,0.112876,0.392206,part2a21_soft_caution_overlay,artifacts_part2_g532/predictions/g532_final_consensus_tape.csv
2026-04-10,0,0.2073748716627694,0.6396542615941061,1.587431,1.252207,0.5,0.569463,0.493969,0.353655,0.75,1.0,0.801535,0.601151,0.179796,0.581671,1,ok,VOO,0.013631,0.013631,0.013631,0.0,0,0.1511,0.796901,0.130124,0.424633,part2a21_soft_caution_overlay,artifacts_part2_g532/predictions/g532_final_consensus_tape.csv
2026-04-13,0,0.2058249751299625,0.6464360462619582,1.329504,1.45312,0.5,0.562949,0.493597,0.459549,0.75,1.0,0.820145,0.615109,0.154766,0.61764,1,ok,VOO,0.026189,0.026189,0.026189,0.0,0,0.129705,0.880981,0.117752,0.401373,part2a21_soft_caution_overlay,artifacts_part2_g532/predictions/g532_final_consensus_tape.csv
2026-04-14,0,0.186761218377689,0.4642666984463599,1.121411,1.346115,0.5,0.571821,0.494104,0.401567,0.75,1.0,0.794796,0.596097,0.115184,0.684586,1,ok,VOO,0.026189,0.026189,0.026189,0.0,0,0.172305,0.878174,0.126263,0.417375,part2a21_soft_caution_overlay,artifacts_part2_g532/predictions/g532_final_consensus_tape.csv
2026-04-15,0,0.1945205924507823,0.4612427607247034,1.310843,1.253919,0.5,0.553497,0.493057,0.359836,0.75,1.0,0.847152,0.635364,0.116336,0.682433,1,ok,VOO,0.026189,0.026189,0.026189,0.0,0,0.0763,0.642333,0.113654,0.393669,part2a21_soft_caution_overlay,artifacts_part2_g532/predictions/g532_final_consensus_tape.csv
2026-04-16,0,0.195555398284703,0.4659369222666259,1.667971,1.366742,0.5,0.557715,0.493298,0.416533,0.75,1.0,0.8351,0.626325,0.110114,0.694224,1,ok,VOO,0.026189,0.026189,0.026189,0.0,0,0.087205,0.639087,0.123496,0.412172,part2a21_soft_caution_overlay,artifacts_part2_g532/predictions/g532_final_consensus_tape.csv
2026-04-17,0,0.1923447618265336,0.4426162469047482,1.403364,1.460726,0.5,0.558674,0.493353,0.464658,0.75,1.0,0.832361,0.624271,0.103897,0.70642,1,ok,VOO,0.026189,0.026189,0.026189,0.0,0,0.087132,0.637828,0.127313,0.419349,part2a21_soft_caution_overlay,artifacts_part2_g532/predictions/g532_final_consensus_tape.csv
2026-04-20,0,0.1979619758471736,0.4922432754725367,1.938007,1.669781,0.75,0.551185,0.492925,0.573988,0.75,1.0,0.853758,0.640319,0.111778,0.691032,1,ok,VOO,0.038097,0.038097,0.038097,0.0,0,0.064116,0.642843,0.112107,0.390761,part2a21_soft_caution_overlay,artifacts_part2_g532/predictions/g532_final_consensus_tape.csv
2026-04-21,0,0.1995101277919574,0.5112777380408767,2.021376,1.787583,0.75,0.556048,0.493203,0.633521,0.75,1.0,0.839864,0.629898,0.112418,0.689812,1,ok,VOO,0.038097,0.038097,0.038097,0.0,0,0.068421,0.637411,0.128576,0.421724,part2a21_soft_caution_overlay,artifacts_part2_g532/predictions/g532_final_consensus_tape.csv
2026-04-22,0,0.1871747584922393,0.4042584033516281,1.397256,1.785547,0.5,0.557433,0.493282,0.632212,0.75,1.0,0.835906,0.626929,0.0698,0.781738,1,ok,VOO,0.038097,0.038097,0.038097,0.0,0,0.076678,0.637301,0.128911,0.422352,part2a21_soft_caution_overlay,artifacts_part2_g532/predictions/g532_final_consensus_tape.csv
2026-04-23,0,0.2015171483535732,0.5196659137436727,2.113906,1.84418,0.75,0.560276,0.493444,0.6619,0.75,1.0,0.827781,0.620836,0.07877,0.76041,1,ok,VOO,0.038097,0.038097,0.038097,0.0,0,0.080228,0.634336,0.137901,0.439254,part2a21_soft_caution_overlay,artifacts_part2_g532/predictions/g532_final_consensus_tape.csv
2026-04-24,0,0.1851488697707523,0.3870567307884859,1.425572,1.645578,0.5,0.554908,0.493138,0.560729,0.75,1.0,0.843121,0.632341,0.07707,0.764363,1,ok,VOO,0.038097,0.038097,0.038097,0.0,0,0.072526,0.63973,0.121546,0.408506,part2a21_soft_caution_overlay,artifacts_part2_g532/predictions/g532_final_consensus_tape.csv
2026-04-27,0,0.1888317668167224,0.4190062527883972,2.003536,1.847671,0.75,0.555389,0.493165,0.664545,0.75,1.0,0.841745,0.631309,0.075399,0.768288,1,ok,VOO,0.048348,0.048348,0.048348,0.0,0,0.07243,0.639085,0.123501,0.412182,part2a21_soft_caution_overlay,artifacts_part2_g532/predictions/g532_final_consensus_tape.csv
2026-04-28,0,0.2014870883955186,0.5157982802519184,2.259593,1.896234,0.75,0.564607,0.493692,0.688039,0.75,1.0,0.815408,0.611556,0.081212,0.754804,1,ok,VOO,0.048348,0.048348,0.048348,0.0,0,0.090997,0.628173,0.14827,0.458747,part2a21_soft_caution_overlay,artifacts_part2_g532/predictions/g532_final_consensus_tape.csv
2026-04-29,0,0.1920215928236205,0.4483056032677712,1.835437,2.032855,0.5,0.552776,0.493016,0.760097,0.75,1.0,0.84921,0.636908,0.0719,0.776638,1,ok,VOO,0.048348,0.048348,0.048348,0.0,0,0.069255,0.641828,0.115186,0.396549,part2a21_soft_caution_overlay,artifacts_part2_g532/predictions/g532_final_consensus_tape.csv
2026-04-30,0,0.2083908462251166,0.5580194559499404,1.773715,1.956248,0.5,0.552657,0.493009,0.720773,0.75,1.0,0.849552,0.637164,0.076445,0.765825,1,ok,VOO,0.048348,0.048348,0.048348,0.0,0,0.047082,0.55745,0.128458,0.421501,part2a21_soft_caution_overlay,artifacts_part2_g532/predictions/g532_final_consensus_tape.csv
2026-05-01,0,0.2083264474142106,0.5573040504275527,1.832024,1.813725,0.5,0.554588,0.493119,0.647234,0.75,1.0,0.844034,0.633025,0.073277,0.773331,1,ok,VOO,0.048348,0.048348,0.048348,0.0,0,0.051426,0.555831,0.133367,0.43073,part2a21_soft_caution_overlay,artifacts_part2_g532/predictions/g532_final_consensus_tape.csv
2026-05-04,0,0.1933466949103381,0.4557299854582545,2.218473,1.941404,0.75,0.553088,0.493034,0.713086,0.75,1.0,0.848321,0.63624,0.072122,0.776103,1,ok,VOO,0.052817,0.052817,0.052817,0.0,0,0.071899,0.641964,0.114773,0.395773,part2a21_soft_caution_overlay,artifacts_part2_g532/predictions/g532_final_consensus_tape.csv
2026-05-05,0,0.2131148436966192,0.5820708328370449,1.818794,1.95643,0.5,0.547129,0.492693,0.721656,0.75,1.0,0.865347,0.64901,0.069171,0.78328,1,ok,VOO,0.052817,0.052817,0.052817,0.0,0,0.044123,0.564021,0.108537,0.38405,part2a21_soft_caution_overlay,artifacts_part2_g532/predictions/g532_final_consensus_tape.csv
2026-05-06,0,0.1913584915980167,0.4268690286760689,1.620299,1.885856,0.5,0.557362,0.493278,0.683861,0.75,1.0,0.836107,0.627081,0.06879,0.784215,1,ok,VOO,0.052817,0.052817,0.052817,0.0,0,0.079843,0.63804,0.126671,0.418141,part2a21_soft_caution_overlay,artifacts_part2_g532/predictions/g532_final_consensus_tape.csv
2026-05-07,0,0.1832548263778723,0.3661796154512343,2.327858,1.922317,0.75,0.550037,0.492859,0.703747,0.75,1.0,0.857037,0.642778,0.064022,0.796123,1,ok,VOO,0.052817,0.052817,0.052817,0.0,0,0.065127,0.644539,0.106964,0.381092,part2a21_soft_caution_overlay,artifacts_part2_g532/predictions/g532_final_consensus_tape.csv
2026-05-08,0,0.1883089070239828,0.4037224063614375,1.748077,1.898745,0.5,0.551913,0.492966,0.691361,0.75,1.0,0.851676,0.638757,0.063652,0.797061,1,ok,VOO,0.052817,0.052817,0.052817,0.0,0,0.067098,0.642507,0.113127,0.392678,part2a21_soft_caution_overlay,artifacts_part2_g532/predictions/g532_final_consensus_tape.csv
2026-05-11,0,0.192067588407979,0.444540541600454,2.405784,2.160573,0.5,0.553365,0.493049,0.825634,0.75,1.0,0.847529,0.635647,0.064446,0.795048,1,ok,VOO,0.062588,0.062588,0.062588,0.0,0,0.071266,0.641475,0.116255,0.39856,part2a21_soft_caution_overlay,artifacts_part2_g532/predictions/g532_final_consensus_tape.csv
2026-05-12,0,0.182714958645896,0.3760524487919623,2.674315,2.276058,0.75,0.555496,0.493171,0.884834,0.75,1.0,0.84144,0.63108,0.049576,0.834513,1,ok,VOO,0.062588,0.062588,0.062588,0.0,0,0.077121,0.639906,0.121013,0.407504,part2a21_soft_caution_overlay,artifacts_part2_g532/predictions/g532_final_consensus_tape.csv
2026-05-13,0,0.1909212588660325,0.6583391760988625,2.070647,2.383582,0.5,0.56569,0.493754,0.939814,0.75,1.0,0.812314,0.609236,0.049908,0.83359,1,ok,VOO,0.062588,0.062588,0.062588,0.0,0,0.112066,0.694015,0.139471,0.442205,part2a21_soft_caution_overlay,artifacts_part2_g532/predictions/g532_final_consensus_tape.csv
2026-05-14,0,0.1914541506851999,0.6583075179601448,2.140895,2.295285,0.5,0.552364,0.492992,0.894891,0.963562,1.0,0.850387,0.819401,0.05123,0.82993,1,ok,VOO,0.062588,0.062588,0.062588,0.0,0,0.087979,0.706387,0.101959,0.371683,part2a21_soft_caution_overlay,artifacts_part2_g532/predictions/g532_final_consensus_tape.csv
2026-05-15,0,0.1928157492240929,0.5990408838295155,2.854604,2.355382,0.75,0.559042,0.493374,0.925491,0.75,1.0,0.831308,0.623481,0.066609,0.789618,1,ok,VOO,0.062588,0.062588,0.062588,0.0,0,0.096271,0.699414,0.1231,0.411428,part2a21_soft_caution_overlay,artifacts_part2_g532/predictions/g532_final_consensus_tape.csv
2026-05-18,0,0.1990925074256645,0.4934890812195977,2.496719,2.497406,0.75,0.556522,0.49323,0.998665,0.75,1.0,0.838509,0.628882,0.067309,0.787875,1,ok,VOO,0.074223,0.074223,0.074223,0.0,0,0.096859,0.702806,0.112816,0.392093,part2a21_soft_caution_overlay,artifacts_part2_g532/predictions/g532_final_consensus_tape.csv
2026-05-19,0,0.1972074392026371,0.5226594769312981,2.573887,2.641737,0.75,0.553785,0.493073,1.0,0.962217,1.0,0.84633,0.814353,0.072416,0.775396,1,ok,VOO,0.074223,0.074223,0.074223,0.0,0,0.090078,0.704973,0.106246,0.379743,part2a21_soft_caution_overlay,artifacts_part2_g532/predictions/g532_final_consensus_tape.csv
2026-05-20,0,0.198029409656374,0.5290119756620014,1.934892,2.335166,0.5,0.556591,0.493234,0.915183,0.75,1.0,0.838312,0.628734,0.06424,0.79557,1,ok,VOO,0.074223,0.074223,0.074223,0.0,0,0.094951,0.702327,0.114269,0.394826,part2a21_soft_caution_overlay,artifacts_part2_g532/predictions/g532_final_consensus_tape.csv
2026-05-21,0,0.1989371435423303,0.5296566757969726,2.421175,2.309985,0.5,0.549474,0.492827,0.902583,0.966486,1.0,0.858646,0.82987,0.063171,0.798285,1,ok,VOO,0.074223,0.074223,0.074223,0.0,0,0.079068,0.708317,0.096106,0.360679,part2a21_soft_caution_overlay,artifacts_part2_g532/predictions/g532_final_consensus_tape.csv
2026-05-22,0,0.2041317498940079,0.4398519060193632,2.378184,2.24475,0.5,0.554368,0.493107,0.868809,0.75,1.0,0.844662,0.633497,0.061069,0.80368,1,ok,VOO,0.074223,0.074223,0.074223,0.0,0,0.089795,0.704157,0.108719,0.384392,part2a21_soft_caution_overlay,artifacts_part2_g532/predictions/g532_final_consensus_tape.csv
2026-05-25,0,0.1972970757037153,0.5749277613421463,2.512348,2.437236,0.75,0.550368,0.492878,0.967807,0.965687,1.0,0.856092,0.826717,0.058969,0.809143,1,ok,VOO,0.09711,0.09711,0.09711,0.0,0,0.079213,0.707186,0.099535,0.367125,part2a21_soft_caution_overlay,artifacts_part2_g532/predictions/g532_final_consensus_tape.csv
2026-05-26,0,0.1958951248783367,0.6161839522206661,2.097245,2.329259,0.5,0.555322,0.493161,0.912201,0.75,1.0,0.841938,0.631453,0.058991,0.809084,1,ok,VOO,0.09711,0.09711,0.09711,0.0,0,0.090749,0.703115,0.11188,0.390335,part2a21_soft_caution_overlay,artifacts_part2_g532/predictions/g532_final_consensus_tape.csv
2026-05-27,0,0.19666442060394,0.6103166156225217,2.673111,2.427568,0.75,0.551801,0.49296,0.962821,0.964314,1.0,0.851998,0.821594,0.055776,0.817591,1,ok,VOO,0.09711,0.09711,0.09711,0.0,0,0.081717,0.705839,0.103621,0.374808,part2a21_soft_caution_overlay,artifacts_part2_g532/predictions/g532_final_consensus_tape.csv
2026-05-28,0,0.1951294167209734,0.6516535033228292,2.378613,2.38299,0.5,0.554262,0.493101,0.939863,0.75,1.0,0.844966,0.633725,0.041145,0.858679,1,ok,VOO,0.09711,0.09711,0.09711,0.0,0,0.090654,0.704471,0.107767,0.382603,part2a21_soft_caution_overlay,artifacts_part2_g532/predictions/g532_final_consensus_tape.csv
2026-05-29,0,0.1949160162652017,0.6628046930498693,2.556719,2.536148,0.5,0.547766,0.492729,1.0,0.968043,1.0,0.863527,0.835932,0.031541,0.88797,1,ok,VOO,0.09711,0.09711,0.09711,0.0,0,0.078057,0.710328,0.09001,0.349219,part2a21_soft_caution_overlay,artifacts_part2_g532/predictions/g532_final_consensus_tape.csv
2026-06-01,0,0.1943738676131327,0.6583851653753526,2.534137,2.489823,0.5,0.545778,0.492616,0.994792,0.969948,1.0,0.869205,0.843084,0.034062,0.880089,1,ok,VOO,0.110719,0.110719,0.110719,0.0,0,0.074575,0.712196,0.084347,0.338572,part2a21_soft_caution_overlay,artifacts_part2_g532/predictions/g532_final_consensus_tape.csv
2026-06-02,0,0.1985926293613229,0.5838923945337114,2.63994,2.576932,0.5,0.5579,0.493309,1.0,0.75,1.0,0.83457,0.625928,0.026149,0.905308,1,ok,VOO,0.110719,0.110719,0.110719,0.0,0,0.098981,0.70145,0.116926,0.399821,part2a21_soft_caution_overlay,artifacts_part2_g532/predictions/g532_final_consensus_tape.csv
2026-06-03,0,0.1981611558174102,0.6036305154438756,2.963574,2.712551,0.75,0.549309,0.492818,1.0,0.966551,1.0,0.859118,0.830381,0.039668,0.863056,1,ok,VOO,0.110719,0.110719,0.110719,0.0,0,0.081101,0.708947,0.094196,0.357089,part2a21_soft_caution_overlay,artifacts_part2_g532/predictions/g532_final_consensus_tape.csv
2026-06-04,0,0.1975954554947452,0.6100397817682808,2.920138,2.841217,0.75,0.551143,0.492922,1.0,0.964817,1.0,0.853877,0.823835,0.040392,0.860907,1,ok,VOO,0.110719,0.110719,0.110719,0.0,0,0.083733,0.707104,0.099785,0.367595,part2a21_soft_caution_overlay,artifacts_part2_g532/predictions/g532_final_consensus_tape.csv
2026-06-05,0,0.1945826572914646,0.5750604831981442,3.960247,3.28132,0.75,0.573606,0.494206,1.0,0.75,1.0,0.789696,0.592272,0.117113,0.680989,1,ok,VOO,0.110719,0.110719,0.110719,0.0,0,0.10586,0.667226,0.174472,0.508008,part2a21_soft_caution_overlay,artifacts_part2_g532/predictions/g532_final_consensus_tape.csv
2026-06-08,0,0.1973016105978267,0.558173561289437,2.175351,3.018579,0.5,0.558855,0.493363,1.0,0.75,1.0,0.831842,0.623881,0.119429,0.67672,1,ok,VOO,0.063329,0.063329,0.063329,0.0,0,0.087862,0.697938,0.127576,0.419844,part2a21_soft_caution_overlay,artifacts_part2_g532/predictions/g532_final_consensus_tape.csv
2026-06-09,0,0.1973821431870981,0.5423032092716412,2.968651,3.03475,0.75,0.567977,0.493884,1.0,0.75,1.0,0.80578,0.604335,0.120397,0.674952,1,ok,VOO,0.063329,0.063329,0.063329,0.0,0,0.108571,0.686511,0.150638,0.463199,part2a21_soft_caution_overlay,artifacts_part2_g532/predictions/g532_final_consensus_tape.csv
2026-06-10,0,0.2133324397893262,0.4812366873151457,3.187296,2.777099,0.75,0.566405,0.493795,1.0,0.75,1.0,0.810272,0.607704,0.137174,0.645705,1,ok,VOO,0.063329,0.063329,0.063329,0.0,0,0.080006,0.640019,0.162155,0.484852,part2a21_soft_caution_overlay,artifacts_part2_g532/predictions/g532_final_consensus_tape.csv
2026-06-11,0,0.189834806162806,0.3627086870573039,1.696465,2.617471,0.5,0.563126,0.493607,1.0,0.75,1.0,0.819641,0.614731,0.148666,0.627091,1,ok,VOO,0.063329,0.063329,0.063329,0.0,0,0.107066,0.739016,0.132478,0.429059,part2a21_soft_caution_overlay,artifacts_part2_g532/predictions/g532_final_consensus_tape.csv
2026-06-12,0,0.1801781883533123,0.3084763953943066,2.623903,2.502555,0.5,0.555001,0.493143,1.0,0.75,1.0,0.842855,0.632141,0.155627,0.616329,1,ok,VOO,0.063329,0.063329,0.063329,0.0,0,0.092655,0.746616,0.109436,0.385739,part2a21_soft_caution_overlay,artifacts_part2_g532/predictions/g532_final_consensus_tape.csv
2026-06-15,0,0.1830165753571734,0.3306797973621102,1.951454,2.090608,0.5,0.556803,0.493246,0.78932,0.75,1.0,0.837707,0.62828,0.178485,0.583451,1,ok,VOO,0.043401,0.043401,0.043401,0.0,0,0.102397,0.746268,0.110489,0.387719,part2a21_soft_caution_overlay,artifacts_part2_g532/predictions/g532_final_consensus_tape.csv
2026-06-16,0,0.1868611559524005,0.3462614918678902,3.355074,2.643477,0.75,0.556489,0.493228,1.0,0.75,1.0,0.838603,0.628952,0.182475,0.578068,1,ok,VOO,0.043401,0.043401,0.043401,0.0,0,0.103308,0.746862,0.10869,0.384337,part2a21_soft_caution_overlay,artifacts_part2_g532/predictions/g532_final_consensus_tape.csv
2026-06-17,1,0.1837909725399779,0.3284061360843824,3.082471,2.796333,0.75,0.562315,0.493561,1.0,0.75,1.0,0.821959,0.616469,0.183936,0.576122,1,ok,VOO,0.043401,0.043401,0.043401,0.0,0,0.100533,0.738733,0.133335,0.43067,part2a21_soft_caution_overlay,artifacts_part2_g532/predictions/g532_final_consensus_tape.csv
