model,auc,pr,lift,brier,ece
base_only,0.5158219221647751,0.21718725253822319,1.0662268277815627,0.16174420519442267,0.018181027861639325
dist_only,0.5080665679263627,0.2199933390419989,1.0514181218401522,0.17574869110159957,0.10810842449301933
base_plus_risk_overlay,0.5158219221647751,0.21718725253822319,1.0662268277815627,0.16174420519442267,0.018181027861639325
