model,auc,pr,lift,brier,ece
base_only,0.6148648648648649,0.22542872518658258,1.1913805697589483,0.14459092698885767,0.08320619069638188
dist_only,0.42388306674020965,0.13261653436507512,0.17019722425127834,0.23037341588623406,0.2568251529290015
base_plus_risk_overlay,0.6148648648648649,0.22542872518658258,1.1913805697589483,0.14459092698885767,0.08320619069638188
