model,auc,pr,lift,brier,ece
base_only,0.608246001103144,0.21651848877570062,1.1913805697589483,0.14547175188779546,0.08475898956584335
dist_only,0.41795366795366795,0.13058992771274835,0.3403944485025567,0.2296627837806572,0.26957644694074395
base_plus_risk_overlay,0.608246001103144,0.21651848877570062,1.1913805697589483,0.14547175188779546,0.08475898956584335
