model,auc,pr,lift,brier,ece
base_only,0.5110828571168167,0.21659385432166153,1.0931908637814192,0.16187761596153616,0.011380905158666205
dist_only,0.502476781596624,0.21637927938353868,0.9454623686758221,0.1763030832567247,0.1071741300282971
base_plus_risk_overlay,0.5110828571168167,0.21659385432166153,1.0931908637814192,0.16187761596153616,0.011380905158666205
