{
  "distribution_validation": {
    "raw_coverage_mean": 0.8252520866502628,
    "conf_coverage_mean": 0.9099242533892992,
    "median_rmse_mean": 0.013364846147130707
  },
  "fused_probabilities": {
    "p_tail_base_mean": 0.21022743072560712,
    "p_tail_dist_mean": 0.09477004595568864,
    "p_final_g5_mean": 0.21022743072560712,
    "uncertainty_penalty_mean": 0.4998097912194295,
    "dist_tail_shift_mean": 0.0027020933082899544,
    "dist_width_caution_mean": 0.18689524269938476,
    "dist_overlay_on_rate": 0.16170212765957448,
    "dist_trust_mean": 0.7556078688354206,
    "dist_overlay_strength_mean": 0.15056853528863287
  },
  "tail_event_threshold": -0.015
}