model,auc,pr,lift,brier,ece
base_only,0.5126289973245,0.2161132507762093,1.0797267739969163,0.16195087557044058,0.013137516694773439
dist_only,0.5035764337586226,0.2205137399099515,1.0353544408189608,0.17606442195034216,0.10708354442498559
base_plus_risk_overlay,0.5126289973245,0.2161132507762093,1.0797267739969163,0.16195087557044058,0.013137516694773439
