model,auc,pr,lift,brier,ece
base_only,0.5120676079034592,0.2170093720788219,1.0303345404998385,0.16255436981415142,0.016368651201325468
dist_only,0.5199371898405024,0.22524569926862623,1.2069633188712394,0.17688242367939677,0.10728033776108155
base_plus_risk_overlay,0.5120676079034592,0.2170093720788219,1.0303345404998385,0.16255436981415142,0.016368651201325468
