{
  "part": "part2",
  "version": "GEN5_PART2_GEN532_SOFT_CAUTION_OVERLAY",
  "schema_version": "part2.g5.phase3_2.schema1",
  "horizon": 1,
  "holdout_start": "2020-01-01",
  "rows_rebalance": 1643,
  "rows_realized": 1642,
  "rows_audit": 1642,
  "model_feature_count": 14,
  "forbidden_feature_count": 22,
  "forbidden_features_excluded": [
    "Date",
    "bench_60_40",
    "calendar_name",
    "decision_is_tuesday",
    "decision_weekday",
    "excess_ret",
    "fwd_ief",
    "fwd_ief_reg",
    "fwd_spread",
    "fwd_voo",
    "fwd_voo_reg",
    "is_revealed_master",
    "master_row_num",
    "px_ief_fwd",
    "px_ief_t",
    "px_voo_fwd",
    "px_voo_t",
    "row_num_in_calendar",
    "target_date",
    "y_avail",
    "y_rel_tail_voo_vs_ief",
    "y_voo"
  ],
  "script_version": "GEN5_PART2_G532_DAILY_CANONICAL_V1",
  "contract_profile": "live_locked_14",
  "expected_model_feature_count": 14,
  "expected_forbidden_count": 22,
  "contract_missing_locked": [],
  "contract_missing_optional": [
    "bench_excess_voo_minus_ief",
    "bench_ief",
    "bench_voo"
  ],
  "contract_extra_locked": [],
  "classification_base": {
    "auc": 0.5120676079034592,
    "pr": 0.2170093720788219,
    "lift": 1.0303345404998385,
    "brier": 0.16255436981415142,
    "ece": 0.016368651201325468
  },
  "classification_dist": {
    "auc": 0.5199371898405024,
    "pr": 0.22524569926862623,
    "lift": 1.2069633188712394,
    "brier": 0.17688242367939677,
    "ece": 0.10728033776108155
  },
  "classification_final_used": {
    "auc": 0.5120676079034592,
    "pr": 0.2170093720788219,
    "lift": 1.0303345404998385,
    "brier": 0.16255436981415142,
    "ece": 0.016368651201325468
  },
  "distributional_diagnostics": {
    "raw_coverage": 0.8166869671132765,
    "conf_coverage": 0.8915956151035322,
    "median_rmse": 0.014140222255088502
  },
  "calibration_gate_on_rate": 0.963481436396835,
  "high_risk_state_rate": 0.3292757151552039,
  "drift_base_ece": 0.016368651201325468,
  "drift_base_brier": 0.16255436981415142,
  "drift_alarm_rate": 0.10651247717589775,
  "deploy_downside_rate": 0.0030432136335970784,
  "defense_trigger_mean": 0.1167345530566151,
  "defense_trigger_threshold_median": 0.15,
  "deploy_upside_rate": 0.0,
  "raw_val_auc_median": 0.540523427606585,
  "active_ret_net_mean": 2.0838395311318583e-06,
  "active_ret_net_ir": 0.002862515084461629,
  "strategy_ret_net_ir": 0.6610681970015417,
  "negative_benchmark_active_mean": 0.006093340849743803,
  "negative_benchmark_hit_rate": 0.7728531855955678,
  "downside_capture_ratio": -0.11726501749528633,
  "avg_abs_active_weight_raw": 0.00039561777236762024,
  "avg_abs_active_weight_capped": 0.00039561777236762024,
  "shuffle_auc_median": 0.49174883238194084,
  "suspicious_perf_flag": false,
  "stress_panel": {
    "slippage_5_0bps": {
      "active_mean": 2.412706766211023e-06,
      "active_ir": 0.0033142611111757333,
      "strategy_ir": 0.6617415144842962
    },
    "slippage_7_5bps": {
      "active_mean": 2.2482731486714394e-06,
      "active_ir": 0.003088388510465654,
      "strategy_ir": 0.6614048876757272
    },
    "slippage_10_0bps": {
      "active_mean": 2.0838395311318583e-06,
      "active_ir": 0.002862515084461629,
      "strategy_ir": 0.6610681970015417
    }
  },
  "tail_event_threshold": -0.005669467095138408,
  "part1_version_consumed": "V20_P1_DAILY",
  "environment": {
    "utc_run_ts": "2026-04-17T01:54:43.614955+00:00",
    "python": "3.12.13",
    "platform": "Linux-6.17.0-1010-azure-x86_64-with-glibc2.39",
    "pandas": "3.0.2",
    "numpy": "2.4.4",
    "script_path": "part2_predictor.py",
    "script_sha256": "d852322609b33bb92fa9d4970e50126b972389b736daf881e8e5161d0734600f"
  },
  "build_variant": "PHASE3_2_BASE_PLUS_SOFT_CAUTION_OVERLAY",
  "dist_overlay_on_rate": 0.16555082166768106,
  "dist_trust_mean": 0.619356977879978,
  "dist_overlay_strength_mean": 0.08143415866951893,
  "active_ir_final_pass_min": 0.04,
  "active_ir_fail_closed_min": 0.04,
  "conditional_active_ir": 0.8680708683220243,
  "conditional_active_ir_min": -0.5,
  "conditional_active_ir_floor_fail_closed": -1.5,
  "effective_drift_ece_max": 0.17,
  "effective_drift_brier_max": 0.22,
  "effective_final_pass_drift_rate_max": 0.4,
  "effective_fail_closed_drift_rate": 0.4,
  "effective_fail_closed_cal_gate": 0.85,
  "final_pass": false,
  "out_path": "/home/runner/work/Price-Call/Price-Call/artifacts_part2_g532/predictions/g532_final_consensus_tape.csv",
  "publish_mode": "FAIL_CLOSED_NEUTRAL",
  "output_hashes": {
    "consensus_tape_sha256": "d366b05ea9b61db53e9eca6de2d26af365e6b9e7b321da9e28f511495d3e3201",
    "summary_payload_sha256": "0b48729a291170570319c043f9329d34bd00e088ca54aeb86d94ac9c4ab8271b"
  }
}