{
  "part": "part2",
  "version": "GEN5_PART2_GEN532_SOFT_CAUTION_OVERLAY",
  "schema_version": "part2.g5.phase3_2.schema1",
  "horizon": 1,
  "holdout_start": "2020-01-01",
  "rows_rebalance": 1645,
  "rows_realized": 1644,
  "rows_audit": 1644,
  "model_feature_count": 14,
  "forbidden_feature_count": 22,
  "forbidden_features_excluded": [
    "Date",
    "bench_60_40",
    "calendar_name",
    "decision_is_tuesday",
    "decision_weekday",
    "excess_ret",
    "fwd_ief",
    "fwd_ief_reg",
    "fwd_spread",
    "fwd_voo",
    "fwd_voo_reg",
    "is_revealed_master",
    "master_row_num",
    "px_ief_fwd",
    "px_ief_t",
    "px_voo_fwd",
    "px_voo_t",
    "row_num_in_calendar",
    "target_date",
    "y_avail",
    "y_rel_tail_voo_vs_ief",
    "y_voo"
  ],
  "script_version": "GEN5_PART2_G532_DAILY_CANONICAL_V1",
  "contract_profile": "live_locked_14",
  "expected_model_feature_count": 14,
  "expected_forbidden_count": 22,
  "contract_missing_locked": [],
  "contract_missing_optional": [
    "bench_excess_voo_minus_ief",
    "bench_ief",
    "bench_voo"
  ],
  "contract_extra_locked": [],
  "classification_base": {
    "auc": 0.5102276363303926,
    "pr": 0.2144395193491045,
    "lift": 1.046326508659328,
    "brier": 0.16216774655816735,
    "ece": 0.01380798871389097
  },
  "classification_dist": {
    "auc": 0.5076770123874389,
    "pr": 0.21658519307965868,
    "lift": 1.14948546021729,
    "brier": 0.17801496517833526,
    "ece": 0.11599429105959556
  },
  "classification_final_used": {
    "auc": 0.5102276363303926,
    "pr": 0.2144395193491045,
    "lift": 1.046326508659328,
    "brier": 0.16216774655816735,
    "ece": 0.01380798871389097
  },
  "distributional_diagnostics": {
    "raw_coverage": 0.816301703163017,
    "conf_coverage": 0.8899026763990268,
    "median_rmse": 0.014178656115677092
  },
  "calibration_gate_on_rate": 0.9756838905775076,
  "high_risk_state_rate": 0.20851063829787234,
  "drift_base_ece": 0.01380798871389097,
  "drift_base_brier": 0.16216774655816735,
  "drift_alarm_rate": 0.10151975683890578,
  "deploy_downside_rate": 0.0024316109422492403,
  "defense_trigger_mean": 0.07932727750354485,
  "defense_trigger_threshold_median": 0.05414969148944242,
  "deploy_upside_rate": 0.0,
  "raw_val_auc_median": 0.538486312399356,
  "active_ret_net_mean": 1.4708140452535604e-06,
  "active_ret_net_ir": 0.0020209173783106147,
  "strategy_ret_net_ir": 0.6691706893621372,
  "negative_benchmark_active_mean": 0.00608429649043411,
  "negative_benchmark_hit_rate": 0.7731673582295989,
  "downside_capture_ratio": -0.11672229098267371,
  "avg_abs_active_weight_raw": 0.00026747720364741644,
  "avg_abs_active_weight_capped": 0.00026747720364741644,
  "shuffle_auc_median": 0.4896706697595157,
  "suspicious_perf_flag": false,
  "stress_panel": {
    "slippage_5_0bps": {
      "active_mean": 1.738453947929957e-06,
      "active_ir": 0.00238865575860073,
      "strategy_ir": 0.6697260396833471
    },
    "slippage_7_5bps": {
      "active_mean": 1.6046339965917587e-06,
      "active_ir": 0.002204786686531076,
      "strategy_ir": 0.6694483837543019
    },
    "slippage_10_0bps": {
      "active_mean": 1.4708140452535604e-06,
      "active_ir": 0.0020209173783106147,
      "strategy_ir": 0.6691706893621372
    }
  },
  "tail_event_threshold": -0.005669467095138408,
  "part1_version_consumed": "V20_P1_DAILY",
  "environment": {
    "utc_run_ts": "2026-04-21T00:51:57.770751+00:00",
    "python": "3.12.13",
    "platform": "Linux-6.17.0-1010-azure-x86_64-with-glibc2.39",
    "pandas": "3.0.2",
    "numpy": "2.4.4",
    "script_path": "part2_predictor.py",
    "script_sha256": "e20df9e11ea92a96e90dfe7c43936ec48120613452e20d6ff163eed5ba96980b"
  },
  "build_variant": "PHASE3_2_BASE_PLUS_SOFT_CAUTION_OVERLAY",
  "dist_overlay_on_rate": 0.15562310030395138,
  "dist_trust_mean": 0.6158716745905064,
  "dist_overlay_strength_mean": 0.07943697578790812,
  "active_ir_final_pass_min": 0.04,
  "active_ir_fail_closed_min": 0.04,
  "conditional_active_ir": NaN,
  "conditional_active_ir_min": -0.5,
  "conditional_active_ir_min_n": 10,
  "conditional_active_ir_floor_fail_closed": -1.5,
  "effective_drift_ece_max": 0.17,
  "effective_drift_brier_max": 0.22,
  "effective_final_pass_drift_rate_max": 0.4,
  "effective_fail_closed_drift_rate": 0.4,
  "effective_fail_closed_cal_gate": 0.85,
  "final_pass": false,
  "out_path": "/home/runner/work/Price-Call/Price-Call/artifacts_part2_g532/predictions/g532_final_consensus_tape.csv",
  "publish_mode": "FAIL_CLOSED_NEUTRAL",
  "output_hashes": {
    "consensus_tape_sha256": "12b58144131a99b6a5fc6f9a5e54bc1c3247c54223d38363e637865471717dc0",
    "summary_payload_sha256": "6ce98f982bb82a4028849886d9fdb4ba5493061820e32919760c7d35ad8a5e12"
  }
}