model,auc,pr,lift,brier,ece
base_only,0.5177193359651973,0.22267712036609147,1.148786259815698,0.1620624381228224,0.00903775478095503
dist_only,0.5011207531461142,0.21624526488517692,1.1193302018717055,0.17913319782317508,0.11640946339317543
base_plus_risk_overlay,0.5177193359651973,0.22267712036609147,1.148786259815698,0.1620624381228224,0.00903775478095503
