model,auc,pr,lift,brier,ece
base_only,0.5157749998859859,0.218316615374043,1.062999749004984,0.16211382550477632,0.012955076402630094
dist_only,0.5054202334097988,0.21751843370901072,1.0482358636021372,0.17647018987099383,0.10965516395404164
base_plus_risk_overlay,0.5157749998859859,0.218316615374043,1.062999749004984,0.16211382550477632,0.012955076402630094
