model,auc,pr,lift,brier,ece
base_only,0.5128699189587315,0.21544432680661954,1.0482358636021372,0.16219929801146973,0.013892829394912955
dist_only,0.5089227485622814,0.22043540887324364,1.0482358636021372,0.17628808051012912,0.11066721014279539
base_plus_risk_overlay,0.5128699189587315,0.21544432680661954,1.0482358636021372,0.16219929801146973,0.013892829394912955
