Date,is_live,eligible,eligibility_reason,prob_voo,alpha_score,component_agreement,entry_z_eff,agreement_min_eff,signal_strength,excess_vol10,alpha_position,dist_overlay_on_g53,dist_overlay_strength_g53,dist_width_caution_g53,uncertainty_penalty_g5
2020-01-01,0,0,weak_score,0.2245610193429036,,0.0,0.569452,0.493969,,0.054611,0.0,0,0.13989,0.137029,0.437615
2020-01-02,0,0,weak_score,0.2173504704355263,,0.0,0.571183,0.494068,,0.055684,0.0,0,0.15381,0.135214,0.434202
2020-01-03,0,0,weak_score,0.2265675724610329,,0.0,0.574222,0.494241,,0.090712,0.0,0,0.153575,0.147321,0.456964
2020-01-06,0,0,high_risk_veto,0.2901415956434417,,0.0,0.571396,0.49408,,0.094101,0.0,0,0.15412,0.135859,0.435416
2020-01-07,0,0,weak_score,0.213919638331585,,0.0,0.568176,0.493896,,0.093955,0.0,0,0.14246,0.130416,0.425182
2020-01-08,0,0,weak_score,0.2147249170262343,,0.0,0.568367,0.493907,,0.101768,0.0,0,0.144288,0.130035,0.424466
2020-01-09,0,0,weak_score,0.2025735724050734,,0.0,0.571303,0.494074,,0.104705,0.0,0,0.164823,0.128859,0.422255
2020-01-10,0,0,weak_score,0.2474500018257932,,0.0,0.573008,0.494172,,0.108267,0.0,0,0.156325,0.140836,0.444772
2020-01-13,0,0,weak_score,0.2043153825019341,,0.0,0.566361,0.493792,,0.109718,0.0,0,0.152121,0.117284,0.400494
2020-01-14,0,0,weak_score,0.20760482480917,,0.0,0.57173,0.494099,,0.109011,0.0,0,0.146049,0.142177,0.447292
2020-01-15,0,0,weak_score,0.2084391773356614,,0.0,0.56668,0.49381,,0.109071,0.0,0,0.1337,0.129958,0.42432
2020-01-16,0,0,weak_score,0.2096036950900554,,0.0,0.571681,0.494096,,0.118702,0.0,0,0.154712,0.136616,0.436837
2020-01-17,0,0,weak_score,0.2199836085996829,,0.0,0.565873,0.493764,,0.082958,0.0,0,0.135722,0.125527,0.415992
2020-01-20,0,0,weak_score,0.2211049171264857,,0.0,0.565495,0.493743,,0.083665,0.0,0,0.135715,0.124045,0.413205
2020-01-21,0,0,weak_score,0.2230534399390266,,0.0,0.572262,0.494129,,0.092656,0.0,0,0.148457,0.142779,0.448424
2020-01-22,0,0,weak_score,0.2528135085966612,,0.0,0.572673,0.494153,,0.088021,0.0,0,0.154983,0.140351,0.443859
2020-01-23,0,0,weak_score,0.2355749554907552,,0.0,0.568386,0.493908,,0.084751,0.0,0,0.141239,0.131998,0.428156
2020-01-24,0,0,high_risk_veto,0.2739899860781536,,0.0,0.572523,0.494144,,0.10542,0.0,0,0.153601,0.140617,0.444361
2020-01-27,0,0,high_risk_veto,0.2670074211322775,,0.0,0.606736,0.496099,,0.145171,0.0,1,0.257949,0.210583,0.575896
2020-01-28,0,0,weak_score,0.2429675049295385,,0.0,0.587641,0.495008,,0.169214,0.0,0,0.187011,0.179406,0.517283
2020-01-29,0,0,weak_score,0.2080430802307002,-1.752804,0.5,0.587332,0.49499,0.0,0.170396,0.0,0,0.176782,0.18453,0.526917
2020-01-30,0,0,weak_score,0.2560803173516403,-1.676151,0.75,0.582414,0.494709,0.0,0.158221,0.0,0,0.170595,0.169009,0.497737
2020-01-31,0,0,high_risk_veto,0.2737101017387561,-1.484366,0.5,0.593764,0.495358,0.0,0.181919,0.0,0,0.188335,0.202679,0.561037
2020-02-03,0,0,high_risk_veto,0.2270964050475374,-1.391679,0.75,0.587873,0.495021,0.0,0.19304,0.0,0,0.176604,0.186767,0.531122
2020-02-04,0,0,high_risk_veto,0.2406569331677868,-0.950782,0.75,0.585341,0.494877,0.0,0.232105,0.0,0,0.179886,0.174768,0.508564
2020-02-05,0,0,high_risk_veto,0.2333523187497996,-0.312996,0.75,0.588242,0.495042,0.0,0.248522,0.0,0,0.1926,0.178305,0.515214
2020-02-06,0,0,high_risk_veto,0.1977696295908974,0.362709,0.75,0.590223,0.495156,0.0,0.248926,0.0,0,0.2182,0.170235,0.500042
2020-02-07,0,0,high_risk_veto,0.2370081501457373,0.584807,0.5,0.582517,0.494715,0.001194,0.245248,0.0,0,0.172245,0.168393,0.496579
2020-02-10,0,0,weak_score,0.2357035246939475,0.19048,0.75,0.578013,0.494458,0.0,0.209432,0.0,0,0.166647,0.154137,0.469777
2020-02-11,0,0,weak_score,0.2329288563337739,0.230339,0.5,0.581515,0.494658,0.0,0.200412,0.0,0,0.177243,0.161349,0.483337
2020-02-12,0,0,weak_score,0.2215363264384484,0.375587,0.75,0.572579,0.494147,0.0,0.197992,0.0,0,0.156,0.139352,0.441981
2020-02-13,0,1,ok,0.2237785625346597,0.904537,0.5,0.573375,0.494193,0.171888,0.199771,0.0,0,0.153279,0.144168,0.451036
2020-02-14,0,1,ok,0.2059491168758529,0.909511,0.5,0.571356,0.494077,0.175333,0.140372,0.0,0,0.161326,0.131235,0.426721
2020-02-17,0,1,ok,0.2030890110011937,0.894241,0.5,0.57133,0.494076,0.167427,0.141785,0.00957,0,0.165718,0.128413,0.421416
2020-02-18,0,1,ok,0.2201381498109106,0.680916,0.5,0.577081,0.494405,0.053999,0.113059,0.00957,0,0.167179,0.150138,0.462259
2020-02-19,0,0,weak_score,0.2500517892759461,0.5505,0.75,0.571125,0.494064,0.0,0.086809,0.00957,0,0.157023,0.132995,0.43003
2020-02-20,0,0,high_risk_veto,0.227744119901899,0.65321,0.5,0.582245,0.4947,0.037004,0.094226,0.00957,0,0.178187,0.163639,0.487642
2020-02-21,0,0,high_risk_veto,0.2801143898951984,0.680786,0.5,0.589196,0.495097,0.047933,0.109227,0.00957,0,0.196447,0.179675,0.517789
2020-02-24,0,0,high_risk_veto,0.2195623782564125,0.283236,0.5,0.631705,0.497526,0.0,0.229265,0.0,1,0.264119,0.372765,0.634896
2020-02-25,0,0,high_risk_veto,0.2191213000066306,-0.542665,0.5,0.624275,0.497101,0.0,0.261253,0.0,1,0.25515,0.331757,0.620687
2020-02-26,0,0,high_risk_veto,0.2218287517071858,-1.59637,0.75,0.63055,0.49746,0.0,0.24396,0.0,1,0.287872,0.339391,0.623352
2020-02-27,0,0,high_risk_veto,0.1980858914001489,-1.673007,0.5,0.642736,0.498156,0.0,0.309367,0.0,1,0.289704,0.421288,0.65
2020-02-28,0,0,high_risk_veto,0.2202979066389496,-2.072504,0.75,0.635231,0.497727,0.0,0.29898,0.0,1,0.294297,0.36439,0.632015
2020-03-02,0,0,high_risk_veto,0.2035884447994888,-2.504919,0.75,0.61422,0.496527,0.0,0.424782,0.0,1,0.246335,0.272931,0.59983
2020-03-03,0,0,high_risk_veto,0.1931285253527874,-2.659467,0.5,0.628654,0.497352,0.0,0.442738,0.0,1,0.277329,0.337785,0.622793
2020-03-04,0,0,high_risk_veto,0.1989647912009204,-2.867637,0.75,0.613641,0.496494,0.0,0.525408,0.0,1,0.242922,0.272649,0.599729
2020-03-05,0,0,high_risk_veto,0.1869832745058176,-2.187279,0.5,0.622164,0.496981,0.0,0.546289,0.0,1,0.262191,0.309872,0.612995
2020-03-06,0,0,high_risk_veto,0.2027965399851164,-2.456031,0.5,0.615391,0.496594,0.0,0.549177,0.0,1,0.251614,0.275231,0.600656
2020-03-09,0,0,high_risk_veto,0.1843454719242615,-1.761877,0.5,0.627495,0.497285,0.0,0.651579,0.0,1,0.273393,0.334117,0.621512
2020-03-10,0,0,high_risk_veto,0.192822920578981,-2.477085,0.75,0.615999,0.496629,0.0,0.787037,0.0,1,0.249003,0.282139,0.603133
2020-03-11,0,0,high_risk_veto,0.1830568081239205,-2.097847,0.5,0.625455,0.497169,0.0,0.798893,0.0,1,0.269458,0.324461,0.618132
2020-03-12,0,0,high_risk_veto,0.1820330093223926,-1.921993,0.5,0.632386,0.497565,0.0,0.899279,0.0,1,0.275648,0.365019,0.632232
2020-03-13,0,0,high_risk_veto,0.2011458880717246,-1.859269,0.75,0.615303,0.496589,0.0,1.07265,0.0,1,0.245311,0.28136,0.602854
2020-03-16,0,0,high_risk_veto,0.1895616792279781,-1.896228,0.5,0.632426,0.497567,0.0,1.236147,0.0,1,0.283982,0.356341,0.629237
2020-03-17,0,0,high_risk_veto,0.1919570233660572,-2.908389,0.75,0.620504,0.496886,0.0,1.365352,0.0,1,0.255885,0.305345,0.611394
2020-03-18,0,0,high_risk_veto,0.1794156055118453,-2.030471,0.5,0.621969,0.49697,0.0,1.32957,0.0,1,0.264671,0.305893,0.611588
2020-03-19,0,0,high_risk_veto,0.1813118030069375,-2.120102,0.75,0.615485,0.496599,0.0,1.329163,0.0,1,0.248228,0.279481,0.602181
2020-03-20,0,0,high_risk_veto,0.1786977065777175,-1.222097,0.5,0.602405,0.495852,0.0,1.352397,0.0,0,0.237101,0.20646,0.568145
2020-03-23,0,0,high_risk_veto,0.1851056022529715,-1.384083,0.75,0.620083,0.496862,0.0,1.309583,0.0,1,0.251092,0.307609,0.612195
2020-03-24,0,0,high_risk_veto,0.1958634403208614,-1.584242,0.75,0.620261,0.496872,0.0,1.371822,0.0,1,0.25345,0.306299,0.611732
2020-03-25,0,0,high_risk_veto,0.2106679465150696,-1.643947,0.5,0.626797,0.497246,0.0,1.371705,0.0,1,0.205577,0.402226,0.644945
2020-03-26,0,0,high_risk_veto,0.2148758472125415,-1.713045,0.75,0.643002,0.498172,0.0,1.307308,0.0,1,0.283306,0.431686,0.65
2020-03-27,0,0,high_risk_veto,0.2105203892603226,-1.156892,0.5,0.622332,0.49699,0.0,1.21441,0.0,1,0.204226,0.373178,0.635038
2020-03-30,0,0,high_risk_veto,0.217928573004638,-1.270629,0.75,0.628339,0.497334,0.0,0.928991,0.0,1,0.264695,0.349195,0.626761
2020-03-31,0,0,high_risk_veto,0.2122657662769158,-0.924339,0.5,0.61953,0.49683,0.0,0.819237,0.0,1,0.199645,0.35898,0.630149
2020-04-01,0,0,high_risk_veto,0.21150430120376,-0.907735,0.5,0.624722,0.497127,0.0,0.831098,0.0,1,0.201878,0.392022,0.641479
2020-04-02,0,0,high_risk_veto,0.2223856519659599,-0.937668,0.75,0.639048,0.497946,0.0,0.840879,0.0,1,0.27623,0.40991,0.647545
2020-04-03,0,0,high_risk_veto,0.213110748682952,-1.092934,0.5,0.637465,0.497855,0.0,0.754707,0.0,1,0.27288,0.402687,0.645102
2020-04-06,0,0,high_risk_veto,0.2148772939720472,-1.545322,0.75,0.639909,0.497995,0.0,0.765501,0.0,1,0.288832,0.402218,0.644943
2020-04-07,0,0,high_risk_veto,0.213280400893205,-1.244083,0.75,0.632483,0.49757,0.0,0.617521,0.0,1,0.208951,0.44141,0.65
2020-04-08,0,0,high_risk_veto,0.2159980916131575,-1.164231,0.75,0.639054,0.497946,0.0,0.632404,0.0,1,0.268278,0.418778,0.65
2020-04-09,0,0,high_risk_veto,0.2122413831726683,-0.641667,0.75,0.615955,0.496626,0.0,0.578852,0.0,1,0.196065,0.338467,0.62303
2020-04-10,0,0,high_risk_veto,0.208318555946626,-0.519551,0.75,0.611859,0.496392,0.0,0.526859,0.0,1,0.190549,0.31652,0.61534
2020-04-13,0,0,high_risk_veto,0.2113076294103233,-0.246103,0.75,0.606492,0.496085,0.0,0.519767,0.0,1,0.186907,0.283987,0.603794
2020-04-14,0,0,high_risk_veto,0.2139509303874668,-0.249215,0.75,0.644776,0.498273,0.0,0.515282,0.0,1,0.283844,0.445475,0.65
2020-04-15,0,0,high_risk_veto,0.2143126035950718,-0.014592,0.5,0.619108,0.496806,0.0,0.458131,0.0,1,0.206398,0.348857,0.626644
2020-04-16,0,0,high_risk_veto,0.2162777842009739,0.102546,0.75,0.618696,0.496783,0.0,0.455332,0.0,1,0.217887,0.333733,0.621378
2020-04-17,0,0,high_risk_veto,0.2162813238958075,0.220684,0.75,0.604524,0.495973,0.0,0.440337,0.0,1,0.19398,0.263118,0.596293
2020-04-20,0,0,high_risk_veto,0.2142731896994122,0.177317,0.5,0.617434,0.49671,0.0,0.345102,0.0,1,0.20443,0.339568,0.623414
2020-04-21,0,0,high_risk_veto,0.2161585291480735,0.19681,0.5,0.631225,0.497499,0.0,0.397807,0.0,1,0.217211,0.420525,0.65
2020-04-22,0,0,high_risk_veto,0.2245279183843902,0.024995,0.75,0.607107,0.49612,0.0,0.377692,0.0,1,0.180895,0.294577,0.607572
2020-04-23,0,0,high_risk_veto,0.2188599918786784,-0.095815,0.5,0.622726,0.497013,0.0,0.371821,0.0,1,0.203931,0.37618,0.636067
2020-04-24,0,0,high_risk_veto,0.2214148679803239,-0.316698,0.75,0.629408,0.497395,0.0,0.379235,0.0,1,0.213298,0.411765,0.648172
2020-04-27,0,0,high_risk_veto,0.218577154677832,-0.210708,0.75,0.642398,0.498137,0.0,0.387049,0.0,1,0.28209,0.428319,0.65
2020-04-28,0,0,high_risk_veto,0.2125834411061585,-0.14765,0.5,0.634854,0.497706,0.0,0.36375,0.0,1,0.26711,0.391052,0.641149
2020-04-29,0,0,high_risk_veto,0.2151390836136658,-0.08458,0.75,0.615712,0.496612,0.0,0.34097,0.0,1,0.190618,0.342657,0.62449
2020-04-30,0,0,high_risk_veto,0.2158273823568345,0.085594,0.5,0.608725,0.496213,0.0,0.346106,0.0,1,0.17842,0.308208,0.612407
2020-05-01,0,0,high_risk_veto,0.2158409606953977,0.197683,0.5,0.624342,0.497105,0.0,0.350861,0.0,1,0.203938,0.38721,0.639839
2020-05-04,0,0,high_risk_veto,0.2211861976185245,0.254969,0.75,0.633682,0.497639,0.0,0.334171,0.0,1,0.218086,0.439458,0.65
2020-05-05,0,0,weak_score,0.229140845270645,0.148037,0.75,0.649779,0.498559,0.0,0.273762,0.0,1,0.30673,0.456888,0.65
2020-05-06,0,0,weak_score,0.2295749900195433,0.093861,0.75,0.640748,0.498043,0.0,0.252757,0.0,1,0.285926,0.411088,0.647943
2020-05-07,0,0,weak_score,0.2248065768412536,0.180403,0.75,0.653314,0.498761,0.0,0.2525,0.0,1,0.323882,0.463697,0.65
2020-05-08,0,0,weak_score,0.221458345872086,0.300022,0.75,0.614445,0.49654,0.0,0.26099,0.0,1,0.235097,0.286451,0.604675
2020-05-11,0,0,weak_score,0.2218201676871389,0.355327,0.75,0.59342,0.495338,0.0,0.245268,0.0,0,0.163948,0.220066,0.580572
2020-05-12,0,0,weak_score,0.2268286530592637,0.534831,0.5,0.63244,0.497568,0.0,0.273045,0.0,1,0.273545,0.36765,0.633138
2020-05-13,0,0,weak_score,0.229513980255781,0.565133,0.5,0.656342,0.498934,0.0,0.249613,0.0,1,0.317662,0.496412,0.65
2020-05-14,0,0,weak_score,0.226980240834727,0.431454,0.75,0.642164,0.498124,0.0,0.259317,0.0,1,0.290982,0.415329,0.649374
2020-05-15,0,0,weak_score,0.2296194771158095,0.22023,0.75,0.640904,0.498052,0.0,0.213786,0.0,1,0.295304,0.40205,0.644886
2020-05-18,0,0,weak_score,0.2219533831817104,0.128344,0.75,0.611084,0.496348,0.0,0.277978,0.0,1,0.233233,0.265669,0.597214
2020-05-19,0,0,weak_score,0.2175388126588252,0.310225,0.5,0.599657,0.495695,0.0,0.287747,0.0,0,0.167799,0.258085,0.594473
2020-05-20,0,0,weak_score,0.1974082065511255,0.405654,0.75,0.606955,0.496112,0.0,0.29387,0.0,1,0.197438,0.275888,0.600892
2020-05-21,0,1,ok,0.194281400605965,0.621492,0.5,0.617891,0.496737,0.001914,0.299571,0.0,1,0.248075,0.295954,0.608062
2020-05-22,0,1,ok,0.1962252983448515,0.624528,0.75,0.600907,0.495766,0.012438,0.283841,0.0,1,0.185433,0.247758,0.590723
2020-05-25,0,1,ok,0.2056100338234348,0.700388,0.5,0.610282,0.496302,0.047682,0.283583,0.001033,1,0.201892,0.293687,0.607255
2020-05-26,0,1,ok,0.197801354580486,0.658164,0.5,0.6001,0.49572,0.030561,0.257293,0.001033,0,0.22004,0.207964,0.570973
2020-05-27,0,1,ok,0.2035064230274933,0.63666,0.75,0.59963,0.495693,0.019486,0.221243,0.001033,0,0.208047,0.215106,0.578739
2020-05-28,0,1,ok,0.2001263167730598,0.612544,0.5,0.601154,0.49578,0.005998,0.224779,0.001033,0,0.213457,0.219636,0.580414
2020-05-29,0,0,weak_score,0.1967015051076168,0.516894,0.75,0.592913,0.495309,0.0,0.226294,0.001033,0,0.172489,0.209154,0.573209
2020-06-01,0,0,weak_score,0.2117294688670493,0.589729,0.75,0.601683,0.49581,0.0,0.151976,0.0,0,0.228482,0.20896,0.572845
2020-06-02,0,1,ok,0.207973325660438,0.67874,0.75,0.603613,0.495921,0.039616,0.128334,0.0,1,0.239663,0.209626,0.574097
2020-06-03,0,1,ok,0.2041132511771201,0.868582,0.75,0.597443,0.495568,0.142513,0.136336,0.0,1,0.185707,0.224083,0.582054
2020-06-04,0,1,ok,0.1956408239802013,1.019095,1.0,0.59768,0.495582,0.221527,0.117416,0.0,0,0.211389,0.203803,0.56315
2020-06-05,0,1,ok,0.2005735505040012,1.053351,0.75,0.600745,0.495757,0.238307,0.161458,0.0,1,0.187263,0.244716,0.589615
2020-06-08,0,1,ok,0.1976630721508381,1.124057,0.75,0.597317,0.495561,0.276841,0.152616,0.003351,0,0.204191,0.206834,0.568848
2020-06-09,0,1,ok,0.2131284756752224,1.102864,0.75,0.597768,0.495587,0.265528,0.182704,0.003351,0,0.215345,0.201695,0.559187
2020-06-10,0,1,ok,0.2110121348727071,1.146069,0.75,0.598482,0.495628,0.287974,0.208558,0.003351,0,0.217334,0.203274,0.562155
2020-06-11,0,0,high_risk_veto,0.1969803921850507,1.355023,0.5,0.671744,0.499814,0.373733,0.401977,0.003351,1,0.32772,0.609213,0.65
2020-06-12,0,0,high_risk_veto,0.1954293032707548,1.287639,0.75,0.642143,0.498122,0.347441,0.409176,0.003351,1,0.295158,0.410686,0.647807
2020-06-15,0,0,high_risk_veto,0.2010166843245982,1.273958,0.75,0.650452,0.498597,0.337113,0.411551,0.0,1,0.31045,0.457598,0.65
2020-06-16,0,0,high_risk_veto,0.2091406638978025,0.993235,0.75,0.614427,0.496539,0.200898,0.422628,0.0,1,0.245419,0.27531,0.600685
2020-06-17,0,0,high_risk_veto,0.1635220585940276,1.09322,0.75,0.627481,0.497285,0.248723,0.412971,0.0,1,0.259059,0.349398,0.626832
2020-06-18,0,0,high_risk_veto,0.1603786363708405,1.147392,0.75,0.635554,0.497746,0.274525,0.412835,0.0,1,0.268882,0.393927,0.642128
2020-06-19,0,0,high_risk_veto,0.1715961632323472,1.232548,0.5,0.633215,0.497612,0.321051,0.374886,0.0,1,0.274613,0.371792,0.634562
2020-06-22,0,0,high_risk_veto,0.1769181682858163,1.163026,0.75,0.620264,0.496872,0.288744,0.371294,0.0,1,0.206444,0.356686,0.629356
2020-06-23,0,0,high_risk_veto,0.2108368885719457,1.141818,0.75,0.637532,0.497859,0.270762,0.372575,0.0,1,0.282159,0.393155,0.641865
2020-06-24,0,0,high_risk_veto,0.1716450098291701,1.214951,0.5,0.647022,0.498401,0.306496,0.389972,0.0,1,0.241316,0.518484,0.65
2020-06-25,0,0,high_risk_veto,0.2688792299469532,1.158929,0.75,0.647256,0.498415,0.27617,0.21988,0.0,1,0.308826,0.433599,0.65
2020-06-26,0,0,high_risk_veto,0.2007735823288055,1.234591,0.5,0.64584,0.498334,0.31753,0.252411,0.0,1,0.251758,0.49541,0.65
2020-06-29,0,0,high_risk_veto,0.2042802929748675,0.945121,0.75,0.628856,0.497363,0.169022,0.25752,0.0,1,0.259835,0.357933,0.629787
2020-06-30,0,1,ok,0.2261217659178965,0.884202,0.75,0.62485,0.497134,0.13831,0.243542,0.0,1,0.254749,0.336103,0.622206
2020-07-01,0,0,high_risk_veto,0.2780580129284598,0.70933,0.75,0.642215,0.498127,0.036127,0.246943,0.0,1,0.284522,0.423692,0.65
2020-07-02,0,1,ok,0.2560932945389805,0.845057,0.75,0.635088,0.497719,0.112589,0.247637,0.0,1,0.274574,0.384621,0.638956
2020-07-03,0,1,ok,0.2354626865148056,0.987012,0.5,0.638556,0.497917,0.187197,0.244988,0.0,1,0.274686,0.408202,0.646968
2020-07-06,0,1,ok,0.2379122331481762,0.989995,0.75,0.624943,0.49714,0.194688,0.256287,0.004173,1,0.263556,0.327299,0.619127
2020-07-07,0,1,ok,0.1927091084792195,1.074738,0.5,0.634223,0.49767,0.236102,0.266818,0.004173,1,0.230457,0.427971,0.65
2020-07-08,0,0,high_risk_veto,0.2915765997808031,1.022342,0.75,0.641849,0.498106,0.20477,0.21906,0.004173,1,0.295002,0.408844,0.647185
2020-07-09,0,1,ok,0.1717176959110934,1.082958,0.75,0.63056,0.497461,0.241996,0.223149,0.004173,1,0.217905,0.414689,0.649158
2020-07-10,0,1,ok,0.1932997498584009,1.032371,0.75,0.625521,0.497173,0.217047,0.161892,0.004173,1,0.221122,0.376781,0.636273
2020-07-13,0,1,ok,0.1794693584199823,1.176547,0.5,0.60587,0.49605,0.301287,0.172973,0.008384,1,0.187015,0.279658,0.602245
2020-07-14,0,1,ok,0.2117433955649949,1.133949,0.75,0.60744,0.496139,0.278199,0.169965,0.008384,0,0.225632,0.249121,0.591219
2020-07-15,0,1,ok,0.1619392883627119,1.138292,0.75,0.59842,0.495624,0.283907,0.170683,0.008384,0,0.210551,0.207233,0.569597
2020-07-16,0,1,ok,0.163034850724638,1.087241,0.5,0.599703,0.495697,0.256559,0.174021,0.008384,0,0.215773,0.209044,0.573004
2020-07-17,0,1,ok,0.1459942886792199,1.156497,0.5,0.599013,0.495658,0.29326,0.173481,0.008384,0,0.217446,0.205293,0.56595
2020-07-20,0,1,ok,0.1482598810543899,1.039581,0.5,0.597689,0.495582,0.232292,0.15791,0.006928,0,0.213451,0.202562,0.560816
2020-07-21,0,1,ok,0.1399352641247228,1.104852,0.75,0.600063,0.495718,0.265687,0.132928,0.006928,0,0.219668,0.208051,0.571136
2020-07-22,0,1,ok,0.1381861585181786,1.128861,0.5,0.598387,0.495622,0.27896,0.129818,0.006928,0,0.217092,0.203051,0.561737
2020-07-23,0,1,ok,0.1530492944752588,1.40587,0.75,0.595958,0.495483,0.425365,0.142705,0.006928,0,0.203854,0.201697,0.55919
2020-07-24,0,1,ok,0.1669004383998689,1.342391,0.75,0.599011,0.495658,0.391049,0.137618,0.006928,0,0.213982,0.207434,0.569976
2020-07-27,0,1,ok,0.1497939890963322,1.246728,0.5,0.594526,0.495401,0.342278,0.12853,0.011138,0,0.204194,0.195851,0.548199
2020-07-28,0,1,ok,0.1487886523590817,1.138703,0.75,0.596876,0.495536,0.284704,0.123977,0.011138,0,0.20725,0.203204,0.562024
2020-07-29,0,1,ok,0.1572940137339603,1.031993,0.5,0.598186,0.495611,0.228102,0.127272,0.011138,0,0.211177,0.205924,0.567138
2020-07-30,0,1,ok,0.1575768834020912,1.1143,0.5,0.595498,0.495457,0.272408,0.128729,0.011138,0,0.207676,0.197517,0.551332
2020-07-31,0,1,ok,0.1645778619244053,0.993001,0.5,0.594077,0.495376,0.209308,0.134101,0.011138,0,0.203511,0.194504,0.545668
2020-08-03,0,1,ok,0.1643157807692696,1.038824,0.5,0.594868,0.495421,0.233031,0.132948,0.007485,0,0.203175,0.197829,0.551918
2020-08-04,0,1,ok,0.1595603978841474,1.0598,0.5,0.594704,0.495412,0.244107,0.132943,0.007485,0,0.203131,0.19721,0.550754
2020-08-05,0,1,ok,0.1540270790574116,1.164157,0.5,0.594725,0.495413,0.298871,0.138534,0.007485,0,0.206608,0.195135,0.546854
2020-08-06,0,1,ok,0.1582641643421764,1.149334,0.5,0.595372,0.49545,0.290851,0.114447,0.007485,0,0.210276,0.195408,0.547368
2020-08-07,0,1,ok,0.1583416680003359,1.230498,0.75,0.593661,0.495352,0.334063,0.10292,0.007485,0,0.208474,0.189793,0.536811
2020-08-10,0,1,ok,0.1572852850728908,1.244975,0.75,0.592935,0.495311,0.341908,0.099331,0.012131,0,0.20339,0.190086,0.537361
2020-08-11,0,1,ok,0.1711500098758158,1.381307,0.75,0.596681,0.495525,0.412241,0.08723,0.012131,0,0.210077,0.200684,0.557285
2020-08-12,0,1,ok,0.1832325149098406,1.128083,0.5,0.59925,0.495671,0.278223,0.103506,0.012131,0,0.233307,0.196396,0.549224
2020-08-13,0,1,ok,0.1779851364712295,1.068702,0.5,0.59419,0.495382,0.248982,0.09264,0.012131,0,0.219262,0.185187,0.528152
2020-08-14,0,1,ok,0.1783310651308461,0.976338,0.75,0.594371,0.495393,0.200441,0.094592,0.012131,0,0.222784,0.183715,0.525385
2020-08-17,0,1,ok,0.1768711630460214,1.097171,0.5,0.593441,0.495339,0.264209,0.094122,0.009497,0,0.216182,0.184149,0.5262
2020-08-18,0,1,ok,0.1785655165317869,1.081678,0.5,0.589705,0.495126,0.257538,0.094491,0.009497,0,0.21205,0.172008,0.503374
2020-08-19,0,1,ok,0.1962034309657547,1.132751,0.75,0.587993,0.495028,0.284914,0.093136,0.009497,0,0.200294,0.172559,0.50441
2020-08-20,0,1,ok,0.1949498375486415,1.100205,0.5,0.593422,0.495338,0.265808,0.091757,0.009497,0,0.2175,0.183258,0.524526
2020-08-21,0,1,ok,0.1935408240409177,1.09265,0.5,0.593915,0.495367,0.261654,0.091811,0.009497,0,0.216238,0.18598,0.529642
2020-08-24,0,1,ok,0.1995599473889082,1.043015,0.5,0.593097,0.49532,0.235942,0.103666,0.008263,0,0.214799,0.183652,0.525266
2020-08-25,0,1,ok,0.1923175743806444,1.119344,0.5,0.593316,0.495332,0.275886,0.096391,0.008263,0,0.217741,0.18269,0.523457
2020-08-26,0,1,ok,0.2046711049446529,1.072649,0.5,0.592563,0.495289,0.251692,0.076455,0.008263,0,0.213212,0.182535,0.523165
2020-08-27,0,1,ok,0.2285804060031992,1.143683,0.75,0.586138,0.494922,0.291319,0.075868,0.008263,0,0.170529,0.183704,0.525364
2020-08-28,0,1,ok,0.2049887117789761,1.144493,0.5,0.593653,0.495352,0.288951,0.072635,0.008263,0,0.216695,0.184664,0.527169
2020-08-31,0,1,ok,0.2380642471624124,1.243686,0.5,0.595204,0.49544,0.340447,0.084167,0.012516,1,0.186882,0.209249,0.573389
2020-09-01,0,1,ok,0.2225235604194941,1.144591,0.5,0.603402,0.495909,0.285347,0.083195,0.012516,1,0.199918,0.249206,0.59125
2020-09-02,0,1,ok,0.2234503785068499,1.145318,0.5,0.587667,0.49501,0.291608,0.084643,0.012516,0,0.169927,0.190096,0.53738
2020-09-03,0,1,ok,0.2128853713427584,1.497046,0.75,0.64588,0.498336,0.459067,0.228664,0.012516,1,0.309491,0.421509,0.65
2020-09-04,0,1,ok,0.2057956606654296,1.63372,0.75,0.644842,0.498277,0.533043,0.229606,0.012516,1,0.308721,0.414538,0.649107
2020-09-07,0,1,ok,0.2071169115312084,1.638911,0.75,0.628769,0.497358,0.539827,0.222562,0.012185,1,0.282323,0.333216,0.621197
2020-09-08,0,0,high_risk_veto,0.1931060303586294,1.510819,0.75,0.638755,0.497929,0.468538,0.265773,0.012185,1,0.287703,0.395545,0.642678
2020-09-09,0,0,high_risk_veto,0.1835494506218289,1.151348,0.5,0.622089,0.496976,0.281834,0.283304,0.012185,1,0.257536,0.31434,0.614572
2020-09-10,0,0,high_risk_veto,0.1617326690762107,1.194174,0.75,0.638456,0.497912,0.298526,0.29054,0.012185,1,0.280267,0.401506,0.644701
2020-09-11,0,0,high_risk_veto,0.1714710657864144,0.912533,0.75,0.634306,0.497675,0.149128,0.286634,0.012185,1,0.272989,0.380986,0.637713
2020-09-14,0,0,high_risk_veto,0.1614973011793908,0.987962,0.5,0.636291,0.497788,0.188694,0.302563,0.0,1,0.273778,0.393698,0.64205
2020-09-15,0,0,high_risk_veto,0.1642605724835898,0.810405,0.5,0.626205,0.497212,0.098303,0.302211,0.0,1,0.26158,0.338,0.622867
2020-09-16,0,0,high_risk_veto,0.1627979140703253,0.931197,0.75,0.631991,0.497542,0.160173,0.287707,0.0,1,0.274912,0.363118,0.631577
2020-09-17,0,1,ok,0.1752321969615685,1.165703,0.75,0.602688,0.495868,0.296744,0.231723,0.0,0,0.212535,0.230959,0.584582
2020-09-18,0,1,ok,0.1727751347882873,1.306329,0.75,0.611822,0.49639,0.367818,0.23541,0.0,1,0.231419,0.272603,0.599712
2020-09-21,0,1,ok,0.1710487421576781,1.091308,0.5,0.61113,0.49635,0.254214,0.23896,0.005988,0,0.228052,0.271505,0.599317
2020-09-22,0,1,ok,0.1840652120112715,0.811333,0.5,0.607417,0.496138,0.107745,0.201569,0.005988,0,0.21939,0.255612,0.593577
2020-09-23,0,1,ok,0.1760288256616254,0.832493,0.5,0.606817,0.496104,0.119205,0.194865,0.005988,0,0.218702,0.252289,0.59237
2020-09-24,0,1,ok,0.190980192192746,0.767188,0.75,0.610626,0.496321,0.082865,0.181032,0.005988,0,0.225145,0.271192,0.599204
2020-09-25,0,1,ok,0.1804125557961023,0.673432,0.75,0.611994,0.4964,0.032541,0.202349,0.005988,0,0.224336,0.281324,0.602842
2020-09-28,0,0,weak_score,0.1766673797542647,0.396762,0.5,0.626499,0.497229,0.0,0.208964,0.0,1,0.254297,0.347818,0.626283
2020-09-29,0,0,weak_score,0.1637329691459133,0.530322,0.75,0.613714,0.496498,0.0,0.207073,0.0,1,0.230683,0.286206,0.604588
2020-09-30,0,1,ok,0.1775606100304524,0.706493,0.5,0.602634,0.495865,0.054738,0.216126,0.0,0,0.220691,0.221934,0.581262
2020-10-01,0,1,ok,0.174353678335411,0.784483,0.5,0.597751,0.495586,0.098164,0.212984,0.0,0,0.210142,0.204855,0.565128
2020-10-02,0,1,ok,0.1735245887331911,0.977396,0.75,0.596179,0.495496,0.200238,0.209626,0.0,0,0.202339,0.203506,0.562591
2020-10-05,0,1,ok,0.18781952006349,0.974633,0.5,0.61038,0.496307,0.192765,0.222484,0.004713,1,0.237387,0.256483,0.593892
2020-10-06,0,1,ok,0.1724372109878993,1.234876,0.75,0.617449,0.496711,0.327974,0.242878,0.004713,1,0.242695,0.298708,0.609041
2020-10-07,0,1,ok,0.1973441879567224,1.010957,0.5,0.629195,0.497383,0.204063,0.211575,0.004713,1,0.259755,0.360328,0.630614
2020-10-08,0,1,ok,0.1797311769709528,1.1478,0.5,0.625826,0.49719,0.278509,0.2104,0.004713,1,0.249098,0.348808,0.626627
2020-10-09,0,1,ok,0.1688250652631114,0.973882,0.5,0.61753,0.496716,0.1893,0.205973,0.004713,1,0.232913,0.309714,0.612939
2020-10-12,0,1,ok,0.1659373552584998,0.948653,0.5,0.624791,0.497131,0.172707,0.203507,0.004135,1,0.250084,0.340701,0.623809
2020-10-13,0,1,ok,0.1791264742153381,1.01534,0.75,0.624018,0.497087,0.208596,0.207502,0.004135,1,0.246537,0.339246,0.623302
2020-10-14,0,1,ok,0.1906301846536326,1.19793,0.75,0.62847,0.497341,0.304275,0.214315,0.004135,1,0.258481,0.356754,0.629379
2020-10-15,0,1,ok,0.1918869406305108,1.427659,0.75,0.62871,0.497355,0.426951,0.215045,0.004135,1,0.256879,0.36011,0.630539
2020-10-16,0,1,ok,0.1967101152742972,1.426886,0.75,0.627901,0.497309,0.426786,0.206232,0.004135,1,0.258079,0.353311,0.628188
2020-10-19,0,1,ok,0.2133066128100455,1.451261,0.75,0.621511,0.496943,0.441711,0.192495,0.010997,1,0.19696,0.375381,0.635794
2020-10-20,0,1,ok,0.2119621648181808,1.379073,0.5,0.612399,0.496423,0.406163,0.1687,0.010997,1,0.188333,0.322561,0.617464
2020-10-21,0,1,ok,0.2072792566723823,1.367949,0.75,0.60811,0.496178,0.401629,0.139334,0.010997,1,0.181748,0.300473,0.609667
2020-10-22,0,1,ok,0.2042254490657594,1.308773,0.75,0.614556,0.496546,0.368198,0.142129,0.010997,1,0.231441,0.291109,0.606337
2020-10-23,0,1,ok,0.197807682572771,1.340661,0.5,0.614181,0.496525,0.385233,0.134566,0.010997,1,0.229324,0.290824,0.606236
2020-10-26,0,1,ok,0.2070829945930046,1.410521,0.75,0.627274,0.497273,0.418239,0.145952,0.011343,1,0.207081,0.403868,0.645502
2020-10-27,0,1,ok,0.2291633849090564,1.28923,0.5,0.629895,0.497423,0.352565,0.14364,0.011343,1,0.217531,0.410539,0.647758
2020-10-28,0,0,high_risk_veto,0.2157387739138191,1.473172,0.75,0.673518,0.499915,0.437811,0.215607,0.011343,1,0.32872,0.622406,0.65
2020-10-29,0,0,high_risk_veto,0.2106287172760286,1.257576,0.5,0.643781,0.498216,0.330669,0.238391,0.011343,1,0.227378,0.509952,0.65
2020-10-30,0,0,high_risk_veto,0.2016297333923519,1.504768,0.75,0.658831,0.499076,0.459456,0.237791,0.011343,1,0.299555,0.540004,0.65
2020-11-02,0,0,high_risk_veto,0.196737599000198,1.276047,0.75,0.654569,0.498833,0.336766,0.243734,0.0,1,0.275699,0.535889,0.65
2020-11-03,0,0,high_risk_veto,0.1992357347442263,1.353473,0.75,0.657724,0.499013,0.377658,0.26635,0.0,1,0.285306,0.549292,0.65
2020-11-04,0,1,ok,0.19319355716881,0.93941,0.5,0.628671,0.497353,0.166052,0.27742,0.0,1,0.26218,0.354155,0.62848
2020-11-05,0,1,ok,0.1974513909865813,0.887224,0.5,0.644858,0.498278,0.130645,0.291797,0.0,1,0.293909,0.433206,0.65
2020-11-06,0,1,ok,0.1925342846821824,1.027915,0.75,0.640931,0.498053,0.20816,0.291991,0.0,1,0.284012,0.414407,0.649063
2020-11-09,0,1,ok,0.1965776238340826,1.575278,1.0,0.631119,0.497493,0.5052,0.276242,0.004052,1,0.266422,0.366293,0.632671
2020-11-10,0,1,ok,0.1828142183739527,1.893706,1.0,0.62488,0.497136,0.676664,0.270739,0.004052,1,0.253306,0.337852,0.622816
2020-11-11,0,1,ok,0.183221501425682,1.780778,0.75,0.599274,0.495673,0.621607,0.148083,0.004052,0,0.191301,0.230491,0.58441
2020-11-12,0,1,ok,0.198264665559976,1.574735,0.75,0.61935,0.49682,0.508008,0.190401,0.004052,1,0.236146,0.318623,0.61608
2020-11-13,0,1,ok,0.1903527680457722,1.367851,0.75,0.595184,0.495439,0.405639,0.173606,0.004052,0,0.184842,0.210435,0.575618
2020-11-16,0,1,ok,0.1768858774893813,1.494854,0.75,0.590428,0.495167,0.473627,0.174502,0.005585,0,0.17053,0.20059,0.557109
2020-11-17,0,1,ok,0.1880316119598019,1.591116,1.0,0.598684,0.495639,0.521971,0.183667,0.005585,0,0.194547,0.223065,0.581679
2020-11-18,0,1,ok,0.1869526209895347,1.784206,1.0,0.608032,0.496173,0.621667,0.200798,0.005585,0,0.213953,0.265566,0.597177
2020-11-19,0,1,ok,0.1863764943766461,1.840761,0.75,0.600153,0.495723,0.653004,0.181844,0.005585,0,0.195349,0.232125,0.58501
2020-11-20,0,1,ok,0.1843654250211459,1.897881,1.0,0.595098,0.495434,0.683911,0.190046,0.005585,0,0.186236,0.20923,0.573352
2020-11-23,0,1,ok,0.1915502929017112,1.895825,1.0,0.599904,0.495709,0.682029,0.165715,0.019783,0,0.195254,0.230542,0.584429
2020-11-24,0,1,ok,0.1808898579801318,1.907469,0.75,0.593185,0.495325,0.689256,0.187475,0.019783,0,0.181084,0.204898,0.565208
2020-11-25,0,1,ok,0.1830779153191255,1.887387,0.75,0.593046,0.495317,0.678748,0.187243,0.019783,0,0.176487,0.2072,0.569537
2020-11-26,0,1,ok,0.1855791783259578,1.925123,1.0,0.592536,0.495288,0.698617,0.164936,0.019783,0,0.176154,0.205397,0.566147
2020-11-27,0,1,ok,0.1873432282456353,1.961233,0.75,0.595195,0.49544,0.717154,0.150439,0.019783,0,0.184512,0.210683,0.576085
2020-11-30,0,1,ok,0.19069005115307,1.983786,0.75,0.589894,0.495137,0.729746,0.136891,0.039424,0,0.1747,0.195901,0.548294
2020-12-01,0,1,ok,0.1748786517202114,1.931926,0.75,0.588162,0.495038,0.702865,0.153802,0.039424,0,0.171312,0.191188,0.539433
2020-12-02,0,1,ok,0.1754449528363809,2.042584,1.0,0.588814,0.495075,0.760664,0.133377,0.039424,0,0.181147,0.187655,0.532792
2020-12-03,0,1,ok,0.1727784919920557,2.133417,1.0,0.591353,0.49522,0.807936,0.137222,0.039424,0,0.18203,0.197099,0.550546
2020-12-04,0,1,ok,0.1831370016833955,2.292131,0.75,0.588253,0.495043,0.891267,0.129079,0.039424,0,0.186322,0.182239,0.52261
2020-12-07,0,1,ok,0.1676764786641676,2.338835,0.75,0.585851,0.494906,0.915803,0.136672,0.050273,0,0.173576,0.180688,0.519694
2020-12-08,0,1,ok,0.1872171728905683,2.370332,0.75,0.590091,0.495148,0.932108,0.112103,0.050273,0,0.187007,0.189049,0.535413
2020-12-09,0,1,ok,0.1969466253271538,2.514069,1.0,0.593581,0.495348,1.0,0.120751,0.050273,0,0.198556,0.195627,0.547779
2020-12-10,0,1,ok,0.1920125321749121,2.497138,0.75,0.592856,0.495306,0.998499,0.122467,0.050273,0,0.197446,0.193461,0.543706
2020-12-11,0,1,ok,0.1994372995272469,2.468362,1.0,0.605962,0.496055,0.983296,0.124446,0.050273,0,0.216486,0.248872,0.591128
2020-12-14,0,1,ok,0.203278187956533,2.265072,0.75,0.609125,0.496236,0.875757,0.124629,0.027149,0,0.224602,0.261614,0.59575
2020-12-15,0,1,ok,0.2055846697214894,2.230106,0.75,0.592993,0.495314,0.858472,0.119407,0.027149,0,0.19789,0.193724,0.544201
2020-12-16,0,1,ok,0.1934916658286972,2.229368,0.75,0.588706,0.495069,0.858404,0.118607,0.027149,0,0.184691,0.185035,0.527866
2020-12-17,0,1,ok,0.2012096702081123,2.263707,0.75,0.587378,0.494993,0.876456,0.119741,0.027149,0,0.181947,0.18151,0.521239
2020-12-18,0,1,ok,0.2014024650352525,2.392726,1.0,0.586915,0.494967,0.943926,0.104343,0.027149,0,0.182012,0.179648,0.517737
2020-12-21,0,1,ok,0.2162632609437708,2.436129,1.0,0.589233,0.495099,0.966573,0.102934,0.034433,0,0.158274,0.203481,0.562544
2020-12-22,0,1,ok,0.2169254276866984,2.445563,0.75,0.587844,0.49502,0.971531,0.103939,0.034433,0,0.159489,0.197264,0.550856
2020-12-23,0,1,ok,0.2127372279304243,2.44946,1.0,0.58016,0.494581,0.973675,0.097172,0.034433,0,0.147721,0.174319,0.507719
2020-12-24,0,1,ok,0.1905982075752752,2.429347,0.75,0.586396,0.494937,0.963078,0.09579,0.034433,0,0.183745,0.176528,0.511874
2020-12-25,0,1,ok,0.2014800907310368,2.465068,1.0,0.586387,0.494936,0.981746,0.092985,0.034433,0,0.186408,0.174843,0.508705
2020-12-28,0,1,ok,0.2124445081921149,2.320566,0.75,0.580013,0.494572,0.906544,0.093913,0.057188,0,0.146969,0.174204,0.507504
2020-12-29,0,1,ok,0.2326666201340095,2.316744,1.0,0.583473,0.49477,0.904381,0.067579,0.057188,0,0.160969,0.179143,0.516789
2020-12-30,0,1,ok,0.2264044062803829,2.316784,1.0,0.579864,0.494564,0.904582,0.067157,0.057188,0,0.148679,0.172559,0.504411
2020-12-31,0,1,ok,0.222746890671039,2.386571,0.75,0.581372,0.49465,0.94088,0.064277,0.057188,0,0.152541,0.176101,0.51107
2021-01-01,0,1,ok,0.2269088707083647,2.408342,1.0,0.582299,0.494703,0.952204,0.06081,0.057188,0,0.154899,0.178288,0.515181
2021-01-04,0,0,high_risk_veto,0.2900929329684727,2.479637,1.0,0.626615,0.497235,0.98913,0.09486,0.0,1,0.279137,0.321982,0.617261
2021-01-05,0,1,ok,0.219579577380549,2.438994,0.75,0.58591,0.494909,0.968128,0.102011,0.0,0,0.157386,0.190954,0.538993
2021-01-06,0,1,ok,0.210471694182649,2.567179,1.0,0.588404,0.495052,1.0,0.115274,0.0,0,0.156379,0.201396,0.558624
2021-01-07,0,1,ok,0.1870100517256249,2.371137,0.75,0.588353,0.495049,0.93259,0.141241,0.0,0,0.188226,0.181453,0.521132
2021-01-08,0,1,ok,0.1536443839876783,2.430212,0.75,0.582637,0.494722,0.963602,0.141388,0.0,0,0.171382,0.169399,0.498469
2021-01-11,0,1,ok,0.1743640409255322,2.481573,1.0,0.588555,0.49506,0.99036,0.146351,0.052495,0,0.185238,0.1841,0.526108
2021-01-12,0,1,ok,0.1921355065908848,2.713369,1.0,0.590997,0.4952,1.0,0.144572,0.052495,0,0.190966,0.190161,0.537503
2021-01-13,0,1,ok,0.1548177120244765,2.748493,0.75,0.580687,0.494611,1.0,0.1457,0.052495,0,0.163651,0.166516,0.49305
2021-01-14,0,1,ok,0.1759345169625053,2.731188,1.0,0.586766,0.494958,1.0,0.147059,0.052495,0,0.176687,0.182359,0.522835
2021-01-15,0,1,ok,0.1768434539363009,2.763834,1.0,0.593328,0.495333,1.0,0.159953,0.052495,0,0.198081,0.194923,0.546456
2021-01-18,0,1,ok,0.1978903488527687,2.812847,1.0,0.58773,0.495013,1.0,0.135177,0.054716,0,0.187805,0.179263,0.517014
2021-01-19,0,1,ok,0.1850023227280336,2.649176,0.75,0.583032,0.494745,1.0,0.133488,0.054716,0,0.172224,0.17043,0.500409
2021-01-20,0,1,ok,0.1404481471384637,2.445067,0.75,0.580416,0.494595,0.971383,0.135776,0.054716,0,0.164938,0.164651,0.489545
2021-01-21,0,1,ok,0.1340981472041973,2.423337,0.75,0.577127,0.494407,0.960131,0.105828,0.054716,0,0.156129,0.15717,0.475479
2021-01-22,0,1,ok,0.1494589892037796,2.550932,1.0,0.584702,0.49484,1.0,0.102615,0.054716,0,0.173071,0.176479,0.51178
2021-01-25,0,1,ok,0.1910723353328426,2.614561,0.75,0.582046,0.494688,1.0,0.099198,0.061661,0,0.172651,0.166287,0.492619
2021-01-26,0,1,ok,0.204198538806748,2.603804,1.0,0.581954,0.494683,1.0,0.09959,0.061661,0,0.173878,0.165164,0.490509
2021-01-27,0,0,high_risk_veto,0.2915678608563933,2.725413,1.0,0.659888,0.499136,1.0,0.16539,0.061661,1,0.320191,0.522107,0.65
2021-01-28,0,0,high_risk_veto,0.3035499727247144,2.711793,0.75,0.65225,0.4987,1.0,0.177891,0.061661,1,0.314591,0.466951,0.65
2021-01-29,0,1,ok,0.2535078988454226,2.857074,1.0,0.647208,0.498412,1.0,0.19458,0.061661,1,0.238726,0.523335,0.65
2021-02-01,0,1,ok,0.2482899454433049,2.489754,0.75,0.64146,0.498083,0.994487,0.212089,0.021639,1,0.236962,0.478683,0.65
2021-02-02,0,1,ok,0.236106224777198,2.466808,0.75,0.606492,0.496085,0.982471,0.226357,0.021639,1,0.189452,0.281269,0.602822
2021-02-03,0,1,ok,0.1912269868955509,2.393988,1.0,0.59417,0.495381,0.944375,0.216671,0.021639,0,0.198167,0.198184,0.552585
2021-02-04,0,1,ok,0.1799182067816466,2.536032,0.75,0.594298,0.495388,1.0,0.224349,0.021639,0,0.197869,0.198874,0.553883
2021-02-05,0,1,ok,0.1700407253565725,2.668485,0.75,0.593139,0.495322,1.0,0.223254,0.021639,0,0.194487,0.196408,0.549246
2021-02-08,0,1,ok,0.181511841202893,2.650128,0.75,0.596025,0.495487,1.0,0.224357,0.025814,0,0.200579,0.203988,0.563497
2021-02-09,0,1,ok,0.1716206766704524,2.777375,1.0,0.596786,0.495531,1.0,0.224554,0.025814,0,0.201035,0.206704,0.568603
2021-02-10,0,1,ok,0.1796305724123877,2.831681,1.0,0.586152,0.494923,1.0,0.165725,0.025814,0,0.171367,0.183243,0.524496
2021-02-11,0,1,ok,0.1798274714234059,2.837326,0.75,0.584917,0.494852,1.0,0.162326,0.025814,0,0.169981,0.17924,0.516972
2021-02-12,0,1,ok,0.1714704375738615,2.829937,0.75,0.581366,0.494649,1.0,0.104244,0.025814,0,0.167248,0.166959,0.493884
2021-02-15,0,1,ok,0.1642012658657909,2.850587,1.0,0.580294,0.494588,1.0,0.097254,0.062412,0,0.165616,0.163754,0.487858
2021-02-16,0,1,ok,0.2040544263570205,2.960661,1.0,0.581208,0.49464,1.0,0.073194,0.062412,0,0.174651,0.16175,0.48409
2021-02-17,0,1,ok,0.1857485286219702,3.023348,1.0,0.579865,0.494564,1.0,0.076648,0.062412,0,0.166254,0.161667,0.483933
2021-02-18,0,1,ok,0.2409934237698614,3.026039,1.0,0.577648,0.494437,1.0,0.072162,0.062412,0,0.145562,0.165769,0.491646
2021-02-19,0,1,ok,0.2538610456244276,3.042114,1.0,0.581754,0.494672,1.0,0.068649,0.062412,0,0.151032,0.178539,0.515654
2021-02-22,0,1,ok,0.2245305335055139,3.202019,1.0,0.585317,0.494875,1.0,0.072373,0.065977,0,0.156452,0.189199,0.535694
2021-02-23,0,1,ok,0.2584992958396971,3.193966,1.0,0.583381,0.494765,1.0,0.07155,0.065977,0,0.154274,0.182933,0.523914
2021-02-24,0,1,ok,0.1747665072948772,3.056952,0.75,0.568305,0.493903,1.0,0.089477,0.065977,0,0.141906,0.131265,0.426778
2021-02-25,0,1,ok,0.2372108084879571,3.109676,1.0,0.620444,0.496882,1.0,0.1106,0.065977,1,0.223385,0.339734,0.623472
2021-02-26,0,0,high_risk_veto,0.2775339809505408,3.018472,0.75,0.595947,0.495483,1.0,0.125147,0.065977,1,0.19122,0.209484,0.573831
2021-03-01,0,1,ok,0.2548416517800005,2.866138,0.75,0.579433,0.494539,1.0,0.183864,0.050112,0,0.158795,0.164591,0.48943
2021-03-02,0,1,ok,0.1924585454217108,2.711724,1.0,0.580829,0.494619,1.0,0.188361,0.050112,0,0.173816,0.160774,0.482256
2021-03-03,0,1,ok,0.2642084838814023,2.973062,1.0,0.594585,0.495405,1.0,0.191944,0.050112,1,0.191529,0.203933,0.563394
2021-03-04,0,1,ok,0.2646403079755357,3.236047,1.0,0.58974,0.495128,1.0,0.193992,0.050112,0,0.182691,0.190342,0.537844
2021-03-05,0,1,ok,0.1879825331253472,2.963119,0.75,0.583089,0.494748,1.0,0.22125,0.050112,0,0.187625,0.161109,0.482885
2021-03-08,0,1,ok,0.1884888866797792,2.876321,0.75,0.590045,0.495145,1.0,0.218556,0.026749,0,0.202763,0.179101,0.516711
2021-03-09,0,1,ok,0.2276131093000224,2.421867,0.75,0.581295,0.494645,0.959278,0.222685,0.026749,0,0.167167,0.16673,0.493453
2021-03-10,0,1,ok,0.1805220438564919,2.496463,1.0,0.581809,0.494675,0.998156,0.215116,0.026749,0,0.185169,0.157597,0.476282
2021-03-11,0,1,ok,0.1610123930907387,2.153874,0.75,0.576775,0.494387,0.820028,0.210043,0.026749,0,0.167078,0.148996,0.460112
2021-03-12,0,1,ok,0.1647913263361963,2.558868,1.0,0.576324,0.494361,1.0,0.187598,0.026749,0,0.160831,0.151094,0.464057
2021-03-15,0,1,ok,0.1461570066166903,2.538228,0.75,0.563037,0.493602,1.0,0.150768,0.057538,0,0.119309,0.124541,0.414137
2021-03-16,0,1,ok,0.1543908761084582,2.676787,0.75,0.564034,0.493659,1.0,0.135946,0.057538,0,0.128256,0.122919,0.411087
2021-03-17,0,1,ok,0.1509152528791585,2.601895,0.75,0.561309,0.493503,1.0,0.118729,0.057538,0,0.125974,0.113607,0.393582
2021-03-18,0,1,ok,0.1698964832060415,2.861653,1.0,0.56513,0.493722,1.0,0.122159,0.057538,0,0.132265,0.124747,0.414525
2021-03-19,0,1,ok,0.1847446126575316,2.881613,0.75,0.562882,0.493593,1.0,0.094844,0.057538,0,0.137514,0.112647,0.391777
2021-03-22,0,1,ok,0.1576290677328989,2.760533,0.75,0.556732,0.493242,1.0,0.092298,0.087981,0,0.119025,0.099905,0.367821
2021-03-23,0,1,ok,0.1755510443325889,2.560371,1.0,0.572188,0.494125,1.0,0.116022,0.087981,0,0.162578,0.133735,0.431422
2021-03-24,0,1,ok,0.1850155774129295,2.648652,1.0,0.566099,0.493777,1.0,0.122001,0.087981,0,0.172758,0.103463,0.37451
2021-03-25,0,1,ok,0.1772875641366011,2.724827,1.0,0.555783,0.493188,1.0,0.113886,0.087981,0,0.127214,0.091092,0.351253
2021-03-26,0,1,ok,0.1716771530127195,2.567779,0.75,0.553869,0.493078,1.0,0.145656,0.087981,0,0.126977,0.083707,0.337369
2021-03-29,0,1,ok,0.1756045229459774,2.465415,1.0,0.567058,0.493832,0.982107,0.14476,0.056565,0,0.167889,0.110255,0.387279
2021-03-30,0,1,ok,0.1693630353323055,2.519151,1.0,0.557499,0.493286,1.0,0.145065,0.056565,0,0.119446,0.102662,0.373005
2021-03-31,0,1,ok,0.1712069473849228,2.564472,0.75,0.550599,0.492891,1.0,0.145435,0.056565,0,0.114034,0.078861,0.328259
2021-04-01,0,1,ok,0.1692939800892384,2.494356,0.75,0.542852,0.492449,0.997116,0.137234,0.056565,0,0.089267,0.063726,0.299804
2021-04-02,0,1,ok,0.1675933924369224,2.517356,1.0,0.545592,0.492605,1.0,0.136527,0.056565,0,0.109763,0.061804,0.296191
2021-04-05,0,1,ok,0.1733683761381607,2.503621,0.75,0.553197,0.49304,1.0,0.155287,0.075432,0,0.124465,0.08262,0.335325
2021-04-06,0,1,ok,0.1717386722504248,2.643426,1.0,0.55003,0.492859,1.0,0.138339,0.075432,0,0.104076,0.082796,0.335656
2021-04-07,0,1,ok,0.1786699923694805,2.609065,0.75,0.546818,0.492675,1.0,0.124696,0.075432,0,0.113106,0.064557,0.301368
2021-04-08,0,1,ok,0.1773066226020189,2.649192,0.75,0.564025,0.493659,1.0,0.125704,0.075432,0,0.16512,0.100035,0.368066
2021-04-09,0,1,ok,0.1872282255692762,2.563434,0.75,0.539036,0.492231,1.0,0.100625,0.075432,0,0.093586,0.046031,0.266538
2021-04-12,0,1,ok,0.1824043630956248,2.573453,1.0,0.547023,0.492687,1.0,0.101463,0.089295,0,0.125622,0.057604,0.288296
2021-04-13,0,1,ok,0.1853145144089932,2.550595,0.75,0.554941,0.493139,1.0,0.10109,0.089295,0,0.134772,0.083094,0.336217
2021-04-14,0,1,ok,0.1935968138470755,2.669292,1.0,0.552131,0.492979,1.0,0.10418,0.089295,0,0.134512,0.072196,0.315729
2021-04-15,0,1,ok,0.1930422128291252,2.512455,0.75,0.560129,0.493436,1.0,0.102975,0.089295,0,0.158894,0.088561,0.346496
2021-04-16,0,1,ok,0.1840578137724644,2.561799,1.0,0.551387,0.492936,1.0,0.103169,0.089295,0,0.126289,0.074365,0.319805
2021-04-19,0,1,ok,0.2026769991679503,2.50337,1.0,0.556529,0.49323,1.0,0.07404,0.092883,0,0.154085,0.077373,0.325461
2021-04-20,0,1,ok,0.2019303379632456,2.628278,1.0,0.570675,0.494039,1.0,0.088956,0.092883,0,0.194144,0.108213,0.383441
2021-04-21,0,1,ok,0.22338995894991,2.539522,0.75,0.568175,0.493896,1.0,0.097913,0.092883,0,0.173321,0.111284,0.389214
2021-04-22,0,1,ok,0.2403924989752683,2.544931,1.0,0.565138,0.493722,1.0,0.113409,0.092883,0,0.149675,0.113989,0.3943
2021-04-23,0,1,ok,0.2188993471342929,2.415992,0.75,0.563271,0.493615,0.956624,0.118755,0.092883,0,0.146984,0.108309,0.38362
2021-04-26,0,1,ok,0.2112611065717501,2.461449,0.75,0.562609,0.493578,0.980102,0.119545,0.061249,0,0.139394,0.110405,0.387562
2021-04-27,0,1,ok,0.2097756224985318,2.439106,1.0,0.553067,0.493032,0.968723,0.119751,0.061249,0,0.114225,0.088457,0.346299
2021-04-28,0,1,ok,0.2111314663552095,2.570848,1.0,0.555164,0.493152,1.0,0.119602,0.061249,0,0.122085,0.091838,0.352655
2021-04-29,0,1,ok,0.2017586143091638,2.573523,0.75,0.552469,0.492998,1.0,0.12427,0.061249,0,0.117296,0.0842,0.338296
2021-04-30,0,1,ok,0.2101186899852164,2.559745,1.0,0.563003,0.4936,1.0,0.129062,0.061249,0,0.133912,0.115355,0.396868
2021-05-03,0,1,ok,0.2289433168113454,2.523747,1.0,0.572716,0.494155,1.0,0.126986,0.059105,0,0.180411,0.124759,0.414546
2021-05-04,0,1,ok,0.2272754513395688,2.608124,1.0,0.57215,0.494123,1.0,0.120576,0.059105,0,0.157527,0.136716,0.437025
2021-05-05,0,1,ok,0.2272349649842457,2.491675,0.75,0.569991,0.493999,0.995687,0.11251,0.059105,0,0.148076,0.134075,0.432061
2021-05-06,0,1,ok,0.2133992021959402,2.302709,0.5,0.559359,0.493392,0.898337,0.103106,0.059105,0,0.136151,0.099628,0.3673
2021-05-07,0,1,ok,0.1974600136966549,2.0733,0.5,0.560155,0.493437,0.780034,0.091502,0.059105,0,0.14144,0.09948,0.367022
2021-05-10,0,1,ok,0.2214822579885154,2.198811,0.75,0.571001,0.494057,0.843863,0.101152,0.053877,0,0.149145,0.137388,0.43829
2021-05-11,0,1,ok,0.2621331456360117,2.26228,0.75,0.577165,0.494409,0.87637,0.105143,0.053877,0,0.178382,0.143525,0.449827
2021-05-12,0,1,ok,0.2655044569810146,2.482502,0.75,0.621955,0.496969,0.990683,0.13194,0.053877,1,0.312441,0.254821,0.593289
2021-05-13,0,1,ok,0.2429322319199132,2.178812,0.5,0.598028,0.495602,0.831129,0.132093,0.053877,0,0.255635,0.177748,0.514166
2021-05-14,0,1,ok,0.2083579934440587,1.972569,0.5,0.567611,0.493864,0.727057,0.149127,0.053877,0,0.149336,0.123932,0.412991
2021-05-17,0,1,ok,0.2151766274843048,1.806253,0.75,0.565756,0.493757,0.641334,0.149117,0.036703,0,0.138243,0.123505,0.41219
2021-05-18,0,1,ok,0.2232529181624802,1.940176,0.75,0.576946,0.494397,0.708888,0.150857,0.036703,0,0.165119,0.150884,0.463662
2021-05-19,0,1,ok,0.2210461527527978,2.094288,0.75,0.578843,0.494505,0.788819,0.150927,0.036703,0,0.141861,0.172766,0.504801
2021-05-20,0,1,ok,0.2219857449470409,1.913484,0.5,0.57292,0.494167,0.695645,0.149234,0.036703,0,0.12932,0.157229,0.475591
2021-05-21,0,1,ok,0.2251772255492052,1.922728,0.75,0.570184,0.494011,0.700867,0.143368,0.036703,0,0.128513,0.146964,0.456292
2021-05-24,0,1,ok,0.212670830179698,1.823861,0.75,0.560507,0.493458,0.651384,0.147403,0.03813,0,0.097255,0.128254,0.421118
2021-05-25,0,1,ok,0.2190662663937595,1.961477,0.75,0.568321,0.493904,0.721215,0.145629,0.03813,0,0.115835,0.147487,0.457276
2021-05-26,0,1,ok,0.2221949415669372,1.911157,0.75,0.563165,0.493609,0.695977,0.110044,0.03813,0,0.11318,0.128844,0.422226
2021-05-27,0,1,ok,0.2178096261598603,2.090229,1.0,0.559211,0.493383,0.788864,0.104622,0.03813,0,0.108147,0.116403,0.398837
2021-05-28,0,1,ok,0.224240113435237,2.101361,0.75,0.558043,0.493317,0.794723,0.083742,0.03813,0,0.110898,0.110099,0.386986
2021-05-31,0,1,ok,0.2357652751855927,2.132543,1.0,0.556034,0.493202,0.810976,0.083064,0.057518,0,0.101418,0.108068,0.383168
2021-06-01,0,1,ok,0.2051885612303991,2.144581,0.75,0.562544,0.493574,0.816554,0.065412,0.057518,0,0.133958,0.113522,0.393421
2021-06-02,0,1,ok,0.2092500898779263,2.160097,0.75,0.55916,0.493381,0.824868,0.065314,0.057518,0,0.119348,0.109259,0.385407
2021-06-03,0,1,ok,0.2092654686412808,2.233656,0.75,0.553661,0.493066,0.863156,0.060425,0.057518,0,0.101933,0.098411,0.365013
2021-06-04,0,1,ok,0.2326411573773215,2.04132,0.75,0.563138,0.493608,0.763184,0.060785,0.057518,0,0.123405,0.122398,0.410108
2021-06-07,0,1,ok,0.2426393681237753,2.034597,0.75,0.561934,0.493539,0.759862,0.04245,0.060145,0,0.12438,0.117055,0.400063
2021-06-08,0,1,ok,0.2484955040361157,1.961825,1.0,0.573884,0.494222,0.72059,0.031461,0.060145,0,0.151193,0.147466,0.457236
2021-06-09,0,1,ok,0.2494872348146293,2.099231,1.0,0.572898,0.494166,0.792036,0.038494,0.060145,0,0.147696,0.145752,0.454014
2021-06-10,0,1,ok,0.2566654882128125,2.023817,0.75,0.572735,0.494156,0.752923,0.036999,0.060145,0,0.14609,0.146108,0.454683
2021-06-11,0,1,ok,0.2117638316544969,2.012757,0.75,0.575168,0.494295,0.746865,0.03941,0.060145,0,0.154359,0.150557,0.463047
2021-06-14,0,1,ok,0.2325127757273826,1.97757,0.75,0.56375,0.493643,0.730185,0.048817,0.056208,0,0.128801,0.121464,0.408352
2021-06-15,0,1,ok,0.2274826427245651,2.13903,1.0,0.557248,0.493271,0.814197,0.05053,0.056208,0,0.111412,0.106654,0.38051
2021-06-16,0,1,ok,0.2053777194441709,2.222439,1.0,0.557163,0.493266,0.857136,0.050818,0.056208,0,0.12783,0.096143,0.360748
2021-06-17,0,1,ok,0.2084338925769163,2.218078,0.75,0.580965,0.494627,0.853092,0.054837,0.056208,0,0.183254,0.15546,0.472265
2021-06-18,0,1,ok,0.2192472951751279,2.247938,1.0,0.612683,0.496439,0.866444,0.107206,0.056208,1,0.230357,0.279567,0.602212
2021-06-21,0,1,ok,0.2073068367432373,2.159736,0.75,0.561175,0.493496,0.8245,0.144657,0.048487,0,0.131399,0.109718,0.38627
2021-06-22,0,1,ok,0.1989276714745431,2.169236,0.75,0.558911,0.493366,0.829599,0.145243,0.048487,0,0.123646,0.105614,0.378555
2021-06-23,0,1,ok,0.2022378376332946,2.111903,1.0,0.560617,0.493464,0.799886,0.14266,0.048487,0,0.135072,0.105247,0.377864
2021-06-24,0,1,ok,0.194258274180098,2.137321,0.75,0.559448,0.493397,0.813105,0.144978,0.048487,0,0.130326,0.103587,0.374744
2021-06-25,0,1,ok,0.1873382750277144,2.252789,1.0,0.555421,0.493167,0.872872,0.14652,0.048487,0,0.11786,0.095465,0.359474
2021-06-28,0,1,ok,0.1948815960652597,2.178356,0.75,0.560543,0.49346,0.834158,0.145073,0.049111,0,0.129015,0.10871,0.384374
2021-06-29,0,1,ok,0.2004364202944146,2.222291,0.75,0.557012,0.493258,0.857071,0.144176,0.049111,0,0.122904,0.098603,0.365373
2021-06-30,0,1,ok,0.2027598362725125,2.230803,1.0,0.559014,0.493372,0.861309,0.144403,0.049111,0,0.131872,0.100923,0.369735
2021-07-01,0,1,ok,0.1986438467153124,2.312555,1.0,0.555574,0.493176,0.903599,0.144096,0.049111,0,0.121954,0.093531,0.355838
2021-07-02,0,1,ok,0.2033918406205001,2.205597,0.75,0.560074,0.493433,0.84824,0.08488,0.049111,0,0.129507,0.106558,0.380328
2021-07-05,0,1,ok,0.2092890256724325,2.167408,1.0,0.549053,0.492803,0.829523,0.046681,0.087105,0,0.096502,0.083642,0.337248
2021-07-06,0,1,ok,0.2124165849155157,2.101234,0.75,0.566565,0.493804,0.793752,0.066429,0.087105,0,0.143537,0.123407,0.412004
2021-07-07,0,1,ok,0.219921815149949,2.132714,0.75,0.566246,0.493785,0.810066,0.06654,0.087105,0,0.139416,0.124707,0.414449
2021-07-08,0,1,ok,0.225008879050742,2.122078,1.0,0.590294,0.49516,0.802105,0.084111,0.087105,0,0.200997,0.181176,0.520612
2021-07-09,0,1,ok,0.2125867483637848,2.083892,0.75,0.558884,0.493365,0.785635,0.113143,0.087105,0,0.120718,0.107323,0.381767
2021-07-12,0,1,ok,0.2065926485427889,2.072053,0.75,0.559037,0.493374,0.779518,0.113902,0.050085,0,0.119413,0.108734,0.384419
2021-07-13,0,1,ok,0.2162804184353242,2.031904,1.0,0.567229,0.493842,0.757811,0.113974,0.050085,0,0.143932,0.125776,0.41646
2021-07-14,0,1,ok,0.1950870980835963,2.036034,0.75,0.570164,0.494009,0.759583,0.115566,0.050085,0,0.154017,0.131077,0.426424
2021-07-15,0,1,ok,0.207256682766935,2.057977,1.0,0.563186,0.493611,0.771778,0.118223,0.050085,0,0.121828,0.123567,0.412305
2021-07-16,0,1,ok,0.2143858426175642,2.056019,1.0,0.585261,0.494872,0.768124,0.120532,0.050085,0,0.182879,0.172598,0.504485
2021-07-19,0,1,ok,0.1984088211279804,2.050838,1.0,0.605243,0.496014,0.762945,0.162647,0.021819,1,0.254287,0.206976,0.569115
2021-07-20,0,1,ok,0.2074712644290877,1.867428,0.75,0.580142,0.49458,0.670511,0.187405,0.021819,0,0.171714,0.159373,0.479622
2021-07-21,0,1,ok,0.2043429752716931,1.757339,0.75,0.571584,0.49409,0.614885,0.203708,0.021819,0,0.157059,0.134777,0.433381
2021-07-22,0,1,ok,0.1882312633168274,1.693339,0.75,0.568538,0.493916,0.582357,0.195609,0.021819,0,0.14316,0.131407,0.427046
2021-07-23,0,1,ok,0.1995562592941268,1.741406,0.75,0.565881,0.493765,0.607783,0.187869,0.021819,0,0.136267,0.125221,0.415415
2021-07-26,0,1,ok,0.1876586334774974,1.796361,1.0,0.566916,0.493824,0.636002,0.187408,0.033076,0,0.135824,0.129569,0.42359
2021-07-27,0,1,ok,0.1928012546895042,1.905179,1.0,0.571327,0.494076,0.691591,0.192731,0.033076,0,0.152332,0.136696,0.436989
2021-07-28,0,1,ok,0.2030137169685472,1.938748,0.75,0.566636,0.493808,0.709702,0.192372,0.033076,0,0.139755,0.126032,0.41694
2021-07-29,0,1,ok,0.1980406740635677,1.929067,0.75,0.558496,0.493343,0.705933,0.191746,0.033076,0,0.116447,0.108443,0.383873
2021-07-30,0,1,ok,0.1895883758941301,1.914067,1.0,0.572992,0.494171,0.695936,0.191831,0.033076,0,0.157957,0.139764,0.442756
2021-08-02,0,1,ok,0.209999607762361,1.940822,1.0,0.582792,0.494731,0.708337,0.143531,0.038649,0,0.170851,0.170337,0.500234
2021-08-03,0,1,ok,0.1917084730561626,1.866737,0.75,0.564765,0.493701,0.672772,0.129334,0.038649,0,0.132762,0.123003,0.411246
2021-08-04,0,1,ok,0.1968319062544717,1.78748,0.75,0.568109,0.493892,0.63118,0.11299,0.038649,0,0.141996,0.130441,0.425228
2021-08-05,0,1,ok,0.1904802406505378,1.755442,0.75,0.568628,0.493922,0.614493,0.123122,0.038649,0,0.140887,0.133169,0.430358
2021-08-06,0,1,ok,0.2013030377742475,1.878134,1.0,0.549846,0.492848,0.68112,0.115262,0.038649,0,0.096559,0.08673,0.343053
2021-08-09,0,1,ok,0.1905540020153516,1.908256,0.75,0.561935,0.493539,0.694673,0.114465,0.04412,0,0.124706,0.116858,0.399692
2021-08-10,0,1,ok,0.2108309171123552,1.994415,1.0,0.560133,0.493436,0.739371,0.102599,0.04412,0,0.115749,0.11532,0.396802
2021-08-11,0,1,ok,0.2041024739349949,1.954887,1.0,0.566352,0.493792,0.718091,0.101215,0.04412,0,0.129638,0.131186,0.426629
2021-08-12,0,1,ok,0.2020749120052658,1.913103,0.75,0.55353,0.493059,0.698481,0.097482,0.04412,0,0.110615,0.092517,0.353932
2021-08-13,0,1,ok,0.2034417264731821,1.811126,0.75,0.558094,0.49332,0.645259,0.088504,0.04412,0,0.122733,0.102967,0.373578
2021-08-16,0,1,ok,0.2127571897904021,1.740375,1.0,0.553088,0.493034,0.609831,0.076284,0.057227,0,0.098606,0.09822,0.364653
2021-08-17,0,1,ok,0.217679341100065,1.777803,1.0,0.56858,0.493919,0.62608,0.081853,0.057227,0,0.140229,0.133387,0.430768
2021-08-18,0,1,ok,0.2282739060031788,1.843872,1.0,0.587165,0.494981,0.656986,0.097022,0.057227,0,0.180868,0.181339,0.520917
2021-08-19,0,1,ok,0.229054740165894,1.77383,0.75,0.591663,0.495238,0.619475,0.082495,0.057227,0,0.193367,0.191294,0.539633
2021-08-20,0,1,ok,0.2259468279121246,1.61755,0.75,0.582958,0.49474,0.539681,0.085936,0.057227,0,0.178672,0.166144,0.49235
2021-08-23,0,1,ok,0.2136665906573034,1.449859,0.75,0.559027,0.493373,0.458962,0.096677,0.030955,0,0.117246,0.110037,0.386869
2021-08-24,0,1,ok,0.2063338350194105,1.562173,0.75,0.551743,0.492957,0.518633,0.09774,0.030955,0,0.097112,0.09385,0.356439
2021-08-25,0,1,ok,0.1997756262271464,1.751428,1.0,0.549469,0.492827,0.616221,0.101144,0.030955,0,0.093802,0.086954,0.343474
2021-08-26,0,1,ok,0.2048176869778145,1.996377,1.0,0.559253,0.493386,0.7405,0.105211,0.030955,0,0.11662,0.111316,0.389274
2021-08-27,0,1,ok,0.1981599726719908,1.968478,0.75,0.556317,0.493218,0.726539,0.106121,0.030955,0,0.114758,0.100914,0.369718
2021-08-30,0,1,ok,0.20661742891556,1.881729,0.75,0.556558,0.493232,0.681868,0.106288,0.045128,0,0.106698,0.106859,0.380895
2021-08-31,0,1,ok,0.2041604538391312,1.867126,1.0,0.552034,0.492973,0.67511,0.098494,0.045128,0,0.105828,0.089594,0.348437
2021-09-01,0,1,ok,0.2107973782178409,1.962272,0.75,0.549282,0.492816,0.724344,0.072467,0.045128,0,0.093501,0.086404,0.342439
2021-09-02,0,1,ok,0.2065532082145135,2.08331,1.0,0.55107,0.492918,0.786196,0.0698,0.045128,0,0.092575,0.094014,0.356747
2021-09-03,0,1,ok,0.2139054356871037,2.062407,0.75,0.550137,0.492865,0.775578,0.06256,0.045128,0,0.096085,0.088169,0.345758
2021-09-06,0,1,ok,0.2134216920975993,2.089057,1.0,0.551783,0.492959,0.789067,0.053686,0.079998,0,0.099938,0.092257,0.353443
2021-09-07,0,1,ok,0.222943257371667,2.097664,0.75,0.567049,0.493831,0.791854,0.052021,0.079998,0,0.142373,0.126035,0.416945
2021-09-08,0,1,ok,0.2158360839898352,2.144877,1.0,0.581193,0.49464,0.814925,0.05092,0.079998,0,0.184501,0.155586,0.472501
2021-09-09,0,1,ok,0.2204783292246892,2.168427,1.0,0.593437,0.495339,0.826089,0.056152,0.079998,1,0.212205,0.186598,0.530805
2021-09-10,0,1,ok,0.2203794555819844,2.245277,1.0,0.615946,0.496625,0.864801,0.051917,0.079998,1,0.228156,0.304045,0.610934
2021-09-13,0,1,ok,0.2174666393500871,2.225666,1.0,0.596609,0.495521,0.855871,0.049661,0.034894,1,0.212934,0.19863,0.553424
2021-09-14,0,1,ok,0.2156725446547331,2.204623,1.0,0.557432,0.493282,0.847945,0.063133,0.034894,0,0.112605,0.106637,0.380478
2021-09-15,0,1,ok,0.2129037593556157,2.05315,0.75,0.552542,0.493002,0.770547,0.086752,0.034894,0,0.111848,0.087864,0.345184
2021-09-16,0,1,ok,0.2079179895778672,2.059244,1.0,0.553451,0.493054,0.77357,0.086462,0.034894,0,0.107576,0.094089,0.356888
2021-09-17,0,1,ok,0.2151169878816233,2.17773,1.0,0.564755,0.4937,0.833473,0.089437,0.034894,0,0.128893,0.125362,0.415681
2021-09-20,0,1,ok,0.2191180011147523,2.399634,1.0,0.599884,0.495708,0.947179,0.13199,0.029902,1,0.207633,0.21726,0.579536
2021-09-21,0,1,ok,0.227466914440745,2.345382,0.75,0.610543,0.496317,0.918168,0.131473,0.029902,1,0.285817,0.208293,0.57159
2021-09-22,0,1,ok,0.220041928950358,2.111927,0.75,0.587506,0.495,0.797086,0.146288,0.029902,0,0.186276,0.17933,0.51714
2021-09-23,0,1,ok,0.2003996318458611,1.89025,0.75,0.564703,0.493697,0.684932,0.186102,0.029902,0,0.134632,0.121599,0.408606
2021-09-24,0,1,ok,0.1934050764616796,1.938628,1.0,0.564969,0.493713,0.70989,0.185517,0.029902,0,0.127289,0.127198,0.419132
2021-09-27,0,1,ok,0.1985491611390881,2.140629,1.0,0.569886,0.493993,0.813808,0.185589,0.042054,0,0.134042,0.142361,0.447639
2021-09-28,0,1,ok,0.2117312980306324,2.467116,1.0,0.583789,0.494788,0.982839,0.199686,0.042054,0,0.165732,0.177435,0.513577
2021-09-29,0,1,ok,0.2170761261799969,2.456755,1.0,0.582383,0.494708,0.977449,0.191958,0.042054,0,0.162447,0.17394,0.507006
2021-09-30,0,1,ok,0.2166023285489088,2.397391,1.0,0.623022,0.49703,0.945333,0.202025,0.042054,1,0.230844,0.34929,0.626794
2021-10-01,0,1,ok,0.2129409388885084,2.052943,0.75,0.635023,0.497716,0.760288,0.206356,0.042054,1,0.302468,0.3542,0.628496
2021-10-04,0,1,ok,0.2215092486940659,2.185207,1.0,0.63168,0.497525,0.83151,0.182645,0.02023,1,0.299321,0.334808,0.621753
2021-10-05,0,1,ok,0.2154608920499603,1.980765,0.75,0.570073,0.494004,0.730956,0.193375,0.02023,0,0.132136,0.144278,0.451244
2021-10-06,0,1,ok,0.222174107006219,1.956576,0.75,0.569213,0.493955,0.718548,0.189934,0.02023,0,0.130778,0.141737,0.446465
2021-10-07,0,1,ok,0.2017375704758173,1.706625,0.75,0.563905,0.493652,0.590219,0.168165,0.02023,0,0.13106,0.120672,0.406864
2021-10-08,0,1,ok,0.2056828679647791,1.864733,1.0,0.560644,0.493465,0.672434,0.166244,0.02023,0,0.119124,0.115236,0.396644
2021-10-11,0,1,ok,0.2137274359026887,1.991842,1.0,0.562389,0.493565,0.73774,0.16776,0.040814,0,0.116508,0.123727,0.412606
2021-10-12,0,1,ok,0.2105025844460752,2.077694,1.0,0.559931,0.493425,0.782324,0.148399,0.040814,0,0.111176,0.117357,0.400632
2021-10-13,0,1,ok,0.2036509037816195,1.968158,0.75,0.554307,0.493103,0.726657,0.1485,0.040814,0,0.104585,0.099311,0.366705
2021-10-14,0,1,ok,0.197989092565142,1.762747,0.75,0.550917,0.49291,0.621743,0.140383,0.040814,0,0.098342,0.08984,0.348899
2021-10-15,0,1,ok,0.1998640498191896,1.699302,0.75,0.548414,0.492766,0.58972,0.147032,0.040814,0,0.09219,0.083801,0.337546
2021-10-18,0,1,ok,0.2056953260145822,1.716152,0.75,0.553887,0.493079,0.597224,0.122011,0.048965,0,0.10943,0.094654,0.35795
2021-10-19,0,1,ok,0.1923989732897496,1.833816,0.75,0.547466,0.492712,0.65881,0.119654,0.048965,0,0.091463,0.080523,0.331383
2021-10-20,0,1,ok,0.1915483476444477,1.932155,1.0,0.554668,0.493124,0.708099,0.11963,0.048965,0,0.109487,0.097695,0.363666
2021-10-21,0,1,ok,0.1918473615297326,1.980406,0.75,0.551688,0.492954,0.73331,0.112005,0.048965,0,0.102435,0.090338,0.349835
2021-10-22,0,1,ok,0.1908420975623373,2.086981,1.0,0.552959,0.493026,0.787874,0.117345,0.048965,0,0.104308,0.094176,0.357051
2021-10-25,0,1,ok,0.1921035893457928,1.963157,0.75,0.550067,0.492861,0.724687,0.106904,0.062966,0,0.103593,0.083238,0.336487
2021-10-26,0,1,ok,0.2053734901317783,1.952602,0.75,0.551456,0.49294,0.719073,0.091951,0.062966,0,0.104675,0.088037,0.345509
2021-10-27,0,1,ok,0.2023466589388699,1.826437,0.75,0.588046,0.495031,0.64771,0.119131,0.062966,0,0.207498,0.1683,0.496404
2021-10-28,0,1,ok,0.2172921806579564,1.806222,0.75,0.57651,0.494372,0.639313,0.114805,0.062966,0,0.170406,0.145893,0.454278
2021-10-29,0,1,ok,0.196974550169462,1.774423,0.75,0.580188,0.494582,0.622058,0.104456,0.062966,0,0.182879,0.152635,0.466954
2021-11-01,0,1,ok,0.2006058506126645,1.812551,0.75,0.561044,0.493488,0.645454,0.10414,0.04232,0,0.124932,0.113211,0.392837
2021-11-02,0,1,ok,0.213002347477487,1.886548,0.75,0.559856,0.49342,0.683811,0.092263,0.04232,0,0.118545,0.112496,0.391493
2021-11-03,0,1,ok,0.1969602246185646,1.902224,0.75,0.555161,0.493152,0.692634,0.099061,0.04232,0,0.118716,0.093915,0.356559
2021-11-04,0,1,ok,0.1981242268223777,1.854568,0.75,0.56446,0.493683,0.666537,0.098573,0.04232,0,0.132505,0.121962,0.409289
2021-11-05,0,1,ok,0.2006376499452482,1.931956,1.0,0.565509,0.493743,0.70636,0.096658,0.04232,0,0.146896,0.117169,0.400277
2021-11-08,0,1,ok,0.2086693394199073,2.042272,1.0,0.554987,0.493142,0.764666,0.097997,0.066688,0,0.114273,0.095984,0.360449
2021-11-09,0,1,ok,0.2041746135749592,2.203876,1.0,0.568118,0.493892,0.846717,0.10999,0.066688,0,0.149032,0.126114,0.417095
2021-11-10,0,1,ok,0.2184519380766197,2.312725,1.0,0.580189,0.494582,0.902451,0.091552,0.066688,0,0.172754,0.158915,0.478761
2021-11-11,0,1,ok,0.214423035880884,2.265962,0.75,0.559711,0.493412,0.87938,0.072915,0.066688,0,0.119528,0.111315,0.389273
2021-11-12,0,1,ok,0.2004768137724303,2.111713,0.75,0.558466,0.493341,0.80001,0.075676,0.066688,0,0.124408,0.103391,0.374375
2021-11-15,0,1,ok,0.2037972317082276,2.012668,1.0,0.552692,0.493011,0.749741,0.076898,0.070309,0,0.110406,0.089347,0.347973
2021-11-16,0,1,ok,0.199868855977339,1.989764,0.75,0.554447,0.493111,0.737743,0.078069,0.070309,0,0.114793,0.093534,0.355844
2021-11-17,0,1,ok,0.1987077505292281,2.084924,1.0,0.569465,0.493969,0.784994,0.077486,0.070309,0,0.154393,0.12809,0.42081
2021-11-18,0,1,ok,0.2129672356731852,1.972256,0.75,0.566274,0.493787,0.727084,0.077702,0.070309,0,0.139447,0.124796,0.414617
2021-11-19,0,1,ok,0.2081538471895414,1.966074,0.5,0.567224,0.493841,0.723752,0.081476,0.070309,0,0.137249,0.129897,0.424207
2021-11-22,0,1,ok,0.2174919978067052,2.063703,1.0,0.582096,0.494691,0.772514,0.080205,0.050365,0,0.177138,0.163704,0.487763
2021-11-23,0,1,ok,0.215857805160704,2.180726,1.0,0.571159,0.494066,0.834474,0.066,0.050365,0,0.150192,0.137361,0.438238
2021-11-24,0,1,ok,0.2069423179829644,2.15479,0.75,0.565364,0.493735,0.821563,0.066986,0.050365,0,0.131548,0.126111,0.417088
2021-11-25,0,1,ok,0.2181372471632224,2.012978,1.0,0.564733,0.493699,0.748344,0.067009,0.050365,0,0.135427,0.121225,0.407903
2021-11-26,0,1,ok,0.2125099368059216,2.033267,0.75,0.648894,0.498508,0.747862,0.191778,0.050365,1,0.311952,0.442955,0.65
2021-11-29,0,1,ok,0.2227571997500857,1.836689,0.5,0.597713,0.495584,0.651309,0.207331,0.017323,1,0.202578,0.209392,0.573658
2021-11-30,0,1,ok,0.2084023214667973,1.895654,0.75,0.664021,0.499373,0.670832,0.23541,0.017323,1,0.32298,0.552262,0.65
2021-12-01,0,1,ok,0.1927816837437261,1.849388,0.75,0.635457,0.49774,0.651061,0.23975,0.017323,1,0.244802,0.419593,0.65
2021-12-02,0,0,high_risk_veto,0.1919850760453183,1.920851,0.5,0.601856,0.49582,0.694887,0.263101,0.017323,0,0.236033,0.204962,0.565328
2021-12-03,0,0,high_risk_veto,0.210549378413492,1.881328,0.75,0.585781,0.494902,0.676802,0.268927,0.017323,0,0.160356,0.188609,0.534584
2021-12-06,0,0,high_risk_veto,0.1880206793857935,1.649058,0.75,0.601214,0.495784,0.551849,0.287203,0.0,0,0.239392,0.200355,0.556667
2021-12-07,0,0,high_risk_veto,0.1987144312164053,1.483698,0.5,0.575607,0.49432,0.471884,0.317315,0.0,0,0.166716,0.144623,0.451892
2021-12-08,0,0,high_risk_veto,0.2132615624867251,1.40426,0.5,0.572388,0.494136,0.431556,0.319652,0.0,0,0.130362,0.15449,0.470442
2021-12-09,0,0,high_risk_veto,0.2095725389850384,1.638471,0.75,0.573331,0.49419,0.55284,0.322293,0.0,0,0.139567,0.152494,0.466689
2021-12-10,0,1,ok,0.2205843470082934,1.756661,0.5,0.566722,0.493813,0.615503,0.267238,0.0,0,0.11831,0.13966,0.442562
2021-12-13,0,1,ok,0.1992130972301923,1.809648,0.75,0.568778,0.49393,0.642531,0.269454,0.027953,0,0.137094,0.136111,0.435889
2021-12-14,0,1,ok,0.2023012939353906,1.70525,0.75,0.566881,0.493822,0.588877,0.233749,0.027953,0,0.134701,0.130129,0.424643
2021-12-15,0,1,ok,0.1886566541214618,1.570737,0.5,0.559233,0.493385,0.521188,0.228443,0.027953,0,0.117265,0.110835,0.38837
2021-12-16,0,1,ok,0.215394717426231,1.62136,0.75,0.56165,0.493523,0.546707,0.230598,0.027953,0,0.108454,0.12581,0.416522
2021-12-17,0,1,ok,0.2035826636209192,1.53289,0.75,0.581884,0.494679,0.495802,0.226638,0.027953,0,0.181864,0.159939,0.480686
2021-12-20,0,1,ok,0.2055140257269392,1.769398,0.75,0.581999,0.494686,0.619081,0.217242,0.028534,0,0.182408,0.160055,0.480904
2021-12-21,0,1,ok,0.2088955047476848,1.401485,0.5,0.556073,0.493204,0.434899,0.209207,0.028534,0,0.095026,0.112185,0.390908
2021-12-22,0,1,ok,0.2134344402529892,1.327764,0.5,0.55812,0.493321,0.39634,0.212618,0.028534,0,0.098977,0.117794,0.401453
2021-12-23,0,1,ok,0.1999093324610177,1.277016,0.5,0.559893,0.493422,0.36963,0.210738,0.028534,0,0.116666,0.113806,0.393956
2021-12-24,0,1,ok,0.1989761554931784,1.521145,0.75,0.55897,0.49337,0.495703,0.206347,0.028534,0,0.108531,0.115217,0.396608
2021-12-27,0,1,ok,0.2008458915861712,1.516625,0.5,0.561815,0.493532,0.492631,0.200506,0.025323,0,0.128605,0.113968,0.39426
2021-12-28,0,1,ok,0.1975077431526114,1.623222,0.75,0.561549,0.493517,0.547691,0.196642,0.025323,0,0.125258,0.114999,0.396198
2021-12-29,0,1,ok,0.2103968022277857,1.631014,0.75,0.559704,0.493412,0.552137,0.182906,0.025323,0,0.108555,0.118089,0.402008
2021-12-30,0,1,ok,0.2088169439709878,1.802344,1.0,0.562365,0.493564,0.639945,0.172082,0.025323,0,0.113103,0.125741,0.416394
2021-12-31,0,1,ok,0.2089665306021527,1.817493,1.0,0.565662,0.493752,0.647163,0.151687,0.025323,0,0.11289,0.138849,0.441036
2022-01-03,0,1,ok,0.2100549542086323,1.741889,0.5,0.551963,0.492969,0.610834,0.138838,0.048334,0,0.097459,0.094504,0.357667
2022-01-04,0,1,ok,0.2083159621774003,1.829144,1.0,0.564281,0.493673,0.653433,0.113633,0.048334,0,0.111332,0.134381,0.432637
2022-01-05,0,1,ok,0.2140913832645814,1.993622,1.0,0.579336,0.494533,0.736353,0.146342,0.048334,0,0.149154,0.170184,0.499947
2022-01-06,0,1,ok,0.2115429851792032,2.019774,1.0,0.573383,0.494193,0.750742,0.14224,0.048334,0,0.133285,0.156593,0.474395
2022-01-07,0,1,ok,0.2114416457490905,1.933577,1.0,0.568824,0.493933,0.706695,0.142294,0.048334,0,0.122819,0.14514,0.452864
2022-01-10,0,1,ok,0.2131747779502436,1.62433,1.0,0.578234,0.494471,0.544341,0.124166,0.031771,0,0.152778,0.163604,0.487576
2022-01-11,0,1,ok,0.2126768710276294,1.487058,0.75,0.564208,0.493669,0.47673,0.128294,0.031771,0,0.119952,0.12875,0.42205
2022-01-12,0,1,ok,0.210529411526655,1.388903,0.75,0.561162,0.493495,0.426926,0.124999,0.031771,0,0.112295,0.121508,0.408436
2022-01-13,0,1,ok,0.2134044498145166,1.637933,1.0,0.569334,0.493962,0.553487,0.149982,0.031771,0,0.121036,0.148251,0.458712
2022-01-14,0,1,ok,0.2183781981184732,1.721697,0.75,0.5613,0.493503,0.598544,0.155281,0.031771,0,0.112973,0.121631,0.408667
2022-01-17,0,1,ok,0.2124623616537601,1.759444,1.0,0.561185,0.493496,0.618037,0.129276,0.037818,0,0.112098,0.12172,0.408834
2022-01-18,0,1,ok,0.2135228363669999,1.779987,1.0,0.58396,0.494798,0.624218,0.13555,0.037818,0,0.167968,0.176722,0.512237
2022-01-19,0,1,ok,0.2127615927729894,1.899162,1.0,0.582871,0.494735,0.686595,0.130345,0.037818,0,0.167422,0.172774,0.504816
2022-01-20,0,1,ok,0.2175810649368496,1.939652,0.75,0.582766,0.494729,0.707731,0.139079,0.037818,0,0.16715,0.172528,0.504353
2022-01-21,0,1,ok,0.2188236637404358,1.859743,0.75,0.593166,0.495324,0.66423,0.174533,0.037818,0,0.185749,0.201929,0.559627
2022-01-24,0,1,ok,0.2171137547729582,1.639033,0.5,0.591583,0.495233,0.548858,0.182244,0.006328,0,0.179196,0.199765,0.555557
2022-01-25,0,1,ok,0.2160816627170201,1.646916,0.75,0.59236,0.495278,0.552807,0.170378,0.006328,0,0.175894,0.204866,0.565149
2022-01-26,0,1,ok,0.21193891380693,1.343424,0.75,0.590605,0.495177,0.394271,0.174143,0.006328,0,0.17611,0.197828,0.551916
2022-01-27,0,1,ok,0.2159375628511961,1.344222,0.75,0.586892,0.494965,0.395864,0.166087,0.006328,0,0.175364,0.183675,0.525308
2022-01-28,0,1,ok,0.2120064195798034,0.749607,0.5,0.580088,0.494576,0.088296,0.210484,0.006328,0,0.158402,0.167411,0.494733
2022-01-31,0,0,weak_score,0.2140374165765404,0.430455,0.5,0.579309,0.494532,0.0,0.240166,0.0,0,0.156475,0.165541,0.491218
2022-02-01,0,0,weak_score,0.2216578553233172,0.371463,0.5,0.577466,0.494427,0.0,0.242642,0.0,0,0.146854,0.164253,0.488795
2022-02-02,0,1,ok,0.2211742790091587,0.659266,0.5,0.58204,0.494688,0.040264,0.236986,0.0,0,0.149295,0.180741,0.519793
2022-02-03,0,1,ok,0.2024196243322525,1.292657,0.75,0.584706,0.49484,0.36963,0.248511,0.0,0,0.188529,0.166915,0.4938
2022-02-04,0,1,ok,0.2155724666834454,1.17522,0.5,0.57558,0.494319,0.311595,0.208782,0.0,0,0.14365,0.158816,0.478573
2022-02-07,0,1,ok,0.2223763095719274,1.27981,0.75,0.575194,0.494297,0.366071,0.211829,0.004201,0,0.142981,0.157712,0.476499
2022-02-08,0,1,ok,0.2161223298764661,0.831408,0.5,0.570122,0.494007,0.13539,0.200184,0.004201,0,0.131713,0.144735,0.452102
2022-02-09,0,1,ok,0.2115783503563592,0.83323,0.5,0.563423,0.493624,0.139322,0.20416,0.004201,0,0.117124,0.127414,0.419538
2022-02-10,0,1,ok,0.2164315329901485,1.032788,0.75,0.578028,0.494459,0.236611,0.202562,0.004201,0,0.150178,0.164403,0.489078
2022-02-11,0,0,high_risk_veto,0.2231764787008871,1.370211,0.75,0.588827,0.495076,0.408851,0.252499,0.004201,0,0.172036,0.193353,0.543503
2022-02-14,0,0,high_risk_veto,0.2075017655062447,1.447554,0.5,0.605198,0.496011,0.444562,0.234625,0.0,1,0.260732,0.202804,0.561272
2022-02-15,0,0,high_risk_veto,0.2080959962608446,0.988984,0.5,0.589596,0.49512,0.209059,0.251726,0.0,0,0.180531,0.191115,0.539297
2022-02-16,0,0,high_risk_veto,0.2150356260544991,0.792927,0.75,0.583859,0.494792,0.109109,0.248767,0.0,0,0.166542,0.177207,0.513149
2022-02-17,0,0,high_risk_veto,0.2266785500462573,1.093067,0.75,0.590248,0.495157,0.26329,0.267161,0.0,0,0.183833,0.191635,0.540274
2022-02-18,0,0,high_risk_veto,0.2088296962253091,1.347806,0.75,0.579886,0.494565,0.399934,0.258844,0.0,0,0.157081,0.167437,0.494782
2022-02-21,0,0,high_risk_veto,0.2097293757795745,1.243201,0.75,0.579953,0.494569,0.345433,0.25935,0.0,0,0.156454,0.168087,0.496004
2022-02-22,0,0,high_risk_veto,0.2135403880126432,1.028736,0.75,0.587613,0.495006,0.230666,0.249,0.0,0,0.176346,0.185906,0.529504
2022-02-23,0,0,high_risk_veto,0.2041811410856467,1.148231,0.75,0.603516,0.495915,0.287224,0.228815,0.0,0,0.224396,0.223947,0.582004
2022-02-24,0,0,high_risk_veto,0.2074880626818754,0.912017,0.5,0.584902,0.494852,0.170808,0.251022,0.0,0,0.167087,0.180975,0.520233
2022-02-25,0,0,high_risk_veto,0.2045363175862355,0.759045,0.5,0.580703,0.494612,0.09292,0.243384,0.0,0,0.17459,0.159801,0.480425
2022-02-28,0,0,high_risk_veto,0.2125081739086039,0.560376,0.5,0.585767,0.494901,0.0,0.250927,0.0,0,0.160099,0.188709,0.534774
2022-03-01,0,0,high_risk_veto,0.2109919671901332,0.926722,0.75,0.593374,0.495336,0.174836,0.244103,0.0,0,0.176631,0.208401,0.571793
2022-03-02,0,0,high_risk_veto,0.2064412693797132,0.894836,0.5,0.580417,0.494595,0.163795,0.316044,0.0,0,0.169269,0.161972,0.484508
2022-03-03,0,0,high_risk_veto,0.2079546167806518,0.999196,0.75,0.58689,0.494965,0.215516,0.290401,0.0,0,0.160863,0.192656,0.542193
2022-03-04,0,0,high_risk_veto,0.2157321171798068,0.90386,0.75,0.588639,0.495065,0.16492,0.299948,0.0,0,0.163392,0.197973,0.55219
2022-03-07,0,0,high_risk_veto,0.2121111274732362,1.18495,0.75,0.595455,0.495455,0.30952,0.321721,0.0,0,0.164047,0.233685,0.585582
2022-03-08,0,0,high_risk_veto,0.211827635156594,0.967223,0.75,0.604372,0.495964,0.191415,0.320222,0.0,0,0.22698,0.226972,0.583117
2022-03-09,0,0,high_risk_veto,0.2123528688469458,0.558227,0.5,0.586852,0.494963,0.0,0.362203,0.0,0,0.171613,0.185843,0.529384
2022-03-10,0,0,high_risk_veto,0.2068406662551835,0.388309,0.75,0.585753,0.4949,0.0,0.355862,0.0,0,0.163054,0.186824,0.531229
2022-03-11,0,0,high_risk_veto,0.2103677101583949,0.516706,0.75,0.587749,0.495014,0.0,0.336749,0.0,0,0.164297,0.193908,0.544547
2022-03-14,0,0,high_risk_veto,0.2103498274699508,0.872483,0.75,0.586856,0.494963,0.149297,0.334776,0.0,0,0.164076,0.190533,0.538202
2022-03-15,0,0,high_risk_veto,0.2122262455573156,0.414459,0.5,0.584705,0.49484,0.0,0.32818,0.0,0,0.163226,0.182594,0.523277
2022-03-16,0,0,weak_score,0.2240428216555695,0.019041,0.5,0.572015,0.494115,0.0,0.305349,0.0,0,0.152895,0.139057,0.441426
2022-03-17,0,0,weak_score,0.215239616882567,-0.047602,0.5,0.571496,0.494085,0.0,0.304286,0.0,0,0.135113,0.148033,0.458303
2022-03-18,0,0,weak_score,0.2116043496980096,0.259918,0.5,0.572844,0.494163,0.0,0.278463,0.0,0,0.142987,0.148459,0.459104
2022-03-21,0,1,ok,0.2164132308450632,0.680605,0.75,0.581564,0.494661,0.051626,0.212555,0.002408,0,0.163119,0.170298,0.50016
2022-03-22,0,1,ok,0.2215387843698177,0.70214,0.5,0.570195,0.494011,0.068372,0.204151,0.002408,0,0.138409,0.140873,0.44484
2022-03-23,0,1,ok,0.2111286976530645,1.018535,0.75,0.576132,0.49435,0.229955,0.226679,0.002408,0,0.136431,0.165464,0.491072
2022-03-24,0,1,ok,0.2103478275820854,0.85658,0.5,0.571445,0.494083,0.147849,0.231852,0.002408,0,0.139603,0.145052,0.452697
2022-03-25,0,1,ok,0.2051162900643399,1.033558,0.75,0.575219,0.494298,0.238125,0.198612,0.002408,0,0.158655,0.148096,0.45842
2022-03-28,0,1,ok,0.2127094331614963,0.850116,0.5,0.568827,0.493933,0.145657,0.199388,0.007323,0,0.129319,0.141122,0.445309
2022-03-29,0,1,ok,0.2106545568634044,1.007925,0.5,0.566292,0.493788,0.228387,0.191582,0.007323,0,0.123348,0.134848,0.433514
2022-03-30,0,1,ok,0.2120526260855297,1.160563,0.75,0.565933,0.493768,0.307451,0.201475,0.007323,0,0.121098,0.134829,0.433478
2022-03-31,0,1,ok,0.2117138540881601,1.435378,0.75,0.564963,0.493712,0.449818,0.230425,0.007323,0,0.119055,0.13228,0.428686
2022-04-01,0,1,ok,0.2161849464389666,1.554626,0.75,0.560081,0.493433,0.512673,0.231138,0.007323,0,0.10644,0.120884,0.407263
2022-04-04,0,1,ok,0.2164099519385351,1.336484,0.5,0.562682,0.493582,0.399419,0.227522,0.019312,0,0.114445,0.126158,0.417176
2022-04-05,0,1,ok,0.2167650812512041,1.452143,0.75,0.567746,0.493871,0.457702,0.215241,0.019312,0,0.121217,0.141892,0.446756
2022-04-06,0,1,ok,0.2153796784575092,1.592443,0.75,0.574373,0.49425,0.528695,0.18684,0.019312,0,0.141266,0.155542,0.472418
2022-04-07,0,1,ok,0.216219256919027,1.61624,0.5,0.563109,0.493606,0.543722,0.163474,0.019312,0,0.116378,0.126642,0.418087
2022-04-08,0,1,ok,0.2116029621626606,1.394956,0.75,0.566612,0.493806,0.428441,0.145576,0.019312,0,0.122741,0.136485,0.436591
2022-04-11,0,1,ok,0.2095196612849384,1.325995,0.75,0.5841,0.494806,0.387231,0.157626,0.020298,0,0.157198,0.183949,0.525824
2022-04-12,0,1,ok,0.2090825815751962,1.332874,0.75,0.582425,0.49471,0.391353,0.15335,0.020298,0,0.161522,0.174678,0.508395
2022-04-13,0,1,ok,0.2119556886197121,1.077569,0.5,0.563987,0.493656,0.265278,0.157469,0.020298,0,0.113899,0.131632,0.427467
2022-04-14,0,1,ok,0.2136464315789459,1.117226,0.75,0.570993,0.494057,0.283168,0.129323,0.020298,0,0.125453,0.152041,0.465838
2022-04-15,0,1,ok,0.2096639372926461,1.11653,0.75,0.572701,0.494154,0.282172,0.119923,0.020298,0,0.132313,0.154513,0.470484
2022-04-18,0,1,ok,0.2092680240638816,1.266367,0.75,0.564892,0.493708,0.362499,0.110094,0.023063,0,0.118147,0.132563,0.429219
2022-04-19,0,1,ok,0.2105561637678476,0.910104,0.5,0.563881,0.49365,0.178823,0.16108,0.023063,0,0.112116,0.132319,0.42876
2022-04-20,0,1,ok,0.2078963582428519,1.045549,0.75,0.572994,0.494171,0.245228,0.163949,0.023063,0,0.12576,0.159729,0.480291
2022-04-21,0,1,ok,0.2073977081203747,1.209515,0.75,0.571141,0.494065,0.33096,0.167625,0.023063,0,0.122807,0.154265,0.470018
2022-04-22,0,1,ok,0.207513258193024,1.535099,0.75,0.588626,0.495064,0.49518,0.215816,0.023063,0,0.158504,0.20095,0.557786
2022-04-25,0,1,ok,0.2155225280202507,1.250029,0.5,0.58579,0.494902,0.347004,0.209949,0.016018,0,0.161851,0.187716,0.532907
2022-04-26,0,0,high_risk_veto,0.2095439581936328,1.338515,0.75,0.591596,0.495234,0.391384,0.268195,0.016018,0,0.166868,0.207453,0.570012
2022-04-27,0,0,high_risk_veto,0.2045823523687872,1.022217,0.75,0.597823,0.49559,0.223109,0.266967,0.016018,0,0.219426,0.199384,0.554842
2022-04-28,0,0,high_risk_veto,0.2140966434140178,0.755471,0.5,0.589365,0.495107,0.086938,0.310444,0.016018,0,0.162026,0.201675,0.559149
2022-04-29,0,0,high_risk_veto,0.2159403493319309,0.798941,0.75,0.588414,0.495052,0.110132,0.343834,0.016018,0,0.161793,0.198079,0.552388
2022-05-02,0,0,high_risk_veto,0.2038214039121467,0.70403,0.5,0.597996,0.4956,0.055749,0.355252,0.0,0,0.222368,0.198239,0.55269
2022-05-03,0,0,high_risk_veto,0.2120290174520514,1.058451,0.5,0.588371,0.49505,0.245905,0.326385,0.0,0,0.169397,0.193197,0.543211
2022-05-04,0,0,high_risk_veto,0.2135744747633678,0.434251,0.5,0.587246,0.494986,0.0,0.358304,0.0,0,0.168304,0.189448,0.536162
2022-05-05,0,0,high_risk_veto,0.2148367157286274,1.004229,0.75,0.602136,0.495836,0.211866,0.375159,0.0,1,0.192836,0.248187,0.590879
2022-05-06,0,0,high_risk_veto,0.2164244939449081,0.995047,0.75,0.599436,0.495682,0.208155,0.351865,0.0,0,0.233179,0.197206,0.550747
2022-05-09,0,0,high_risk_veto,0.2158897667563241,1.408979,0.75,0.629972,0.497427,0.416575,0.40031,0.0,1,0.257731,0.367807,0.633192
2022-05-10,0,0,high_risk_veto,0.209837516284627,0.695781,0.5,0.604167,0.495952,0.048324,0.364518,0.0,1,0.254119,0.202848,0.561354
2022-05-11,0,0,high_risk_veto,0.2195731706651644,0.672674,0.75,0.590423,0.495167,0.043073,0.37177,0.0,0,0.161045,0.206448,0.568122
2022-05-12,0,0,high_risk_veto,0.2183035622328443,0.241453,0.75,0.591025,0.495201,0.0,0.327933,0.0,0,0.169526,0.20356,0.562692
2022-05-13,0,0,high_risk_veto,0.2090990288889696,0.000967,0.5,0.589675,0.495124,0.0,0.34683,0.0,0,0.178509,0.192678,0.542234
2022-05-16,0,0,high_risk_veto,0.2120262662902871,-0.145247,0.75,0.594009,0.495372,0.0,0.335277,0.0,0,0.178463,0.209766,0.57436
2022-05-17,0,0,high_risk_veto,0.2125325104301577,-0.303452,0.5,0.590765,0.495187,0.0,0.37123,0.0,0,0.176472,0.198231,0.552675
2022-05-18,0,0,high_risk_veto,0.20682775875594,0.372421,0.75,0.617868,0.496735,0.0,0.40351,0.0,1,0.189118,0.358956,0.630141
2022-05-19,0,0,high_risk_veto,0.2029068422576937,0.313233,0.75,0.60683,0.496105,0.0,0.393291,0.0,0,0.232966,0.237202,0.58687
2022-05-20,0,0,high_risk_veto,0.2022111132941364,0.460582,0.75,0.608063,0.496175,0.0,0.391808,0.0,0,0.224167,0.254895,0.593317
2022-05-23,0,0,high_risk_veto,0.2207076723855076,-0.150226,0.5,0.588084,0.495033,0.0,0.378708,0.0,0,0.164319,0.195214,0.547002
2022-05-24,0,0,high_risk_veto,0.223015820406842,-0.141581,0.75,0.604659,0.495981,0.0,0.385227,0.0,1,0.192714,0.265381,0.59711
2022-05-25,0,0,high_risk_veto,0.2093647790609468,-0.284642,0.5,0.5924,0.49528,0.0,0.371769,0.0,0,0.17496,0.205603,0.566533
2022-05-26,0,0,high_risk_veto,0.2158248041232761,-0.254359,0.5,0.584177,0.49481,0.0,0.384519,0.0,0,0.153729,0.186403,0.530438
2022-05-27,0,0,high_risk_veto,0.2132160660898251,-0.451681,0.5,0.589696,0.495125,0.0,0.375223,0.0,0,0.170024,0.198021,0.552279
2022-05-30,0,0,high_risk_veto,0.2133070993412673,-0.13859,0.75,0.583078,0.494747,0.0,0.371791,0.0,0,0.15387,0.18199,0.522142
2022-05-31,0,0,high_risk_veto,0.2277661457798945,0.217007,0.75,0.582595,0.49472,0.0,0.345663,0.0,0,0.153551,0.180285,0.518936
2022-06-01,0,1,ok,0.2134106698545685,0.595325,0.75,0.589051,0.495089,0.003283,0.224627,0.0,0,0.169252,0.195961,0.548406
2022-06-02,0,0,weak_score,0.2180446073537276,0.414012,0.5,0.590028,0.495144,0.0,0.215886,0.0,0,0.172582,0.197742,0.551754
2022-06-03,0,1,ok,0.2231645697840913,0.618492,0.75,0.582594,0.49472,0.018723,0.236029,0.0,0,0.153739,0.180165,0.518709
2022-06-06,0,0,weak_score,0.2218567396941101,0.517611,0.5,0.579239,0.494528,0.0,0.21441,0.0,0,0.147542,0.170805,0.501114
2022-06-07,0,1,ok,0.214905552004992,0.615807,0.5,0.581513,0.494658,0.017875,0.180623,0.0,0,0.150224,0.178091,0.514811
2022-06-08,0,0,weak_score,0.2126321088585285,0.417912,0.75,0.580928,0.494624,0.0,0.194597,0.0,0,0.150959,0.175333,0.509626
2022-06-09,0,1,ok,0.2215335013870659,0.613233,0.75,0.581672,0.494667,0.016453,0.223209,0.0,0,0.152855,0.177084,0.512917
2022-06-10,0,0,high_risk_veto,0.2218448306972021,0.895499,0.75,0.59172,0.495241,0.159189,0.209504,0.0,0,0.173269,0.203977,0.563477
2022-06-13,0,0,high_risk_veto,0.2355826208306421,1.024928,0.75,0.605843,0.496048,0.221251,0.227904,0.0,1,0.189788,0.276517,0.601118
2022-06-14,0,0,high_risk_veto,0.2016078751853909,0.65089,0.5,0.630239,0.497442,0.011044,0.228644,0.0,1,0.241379,0.38721,0.639839
2022-06-15,0,0,high_risk_veto,0.2666249804000413,0.105484,0.5,0.64802,0.498458,0.0,0.230022,0.0,1,0.238942,0.529688,0.65
2022-06-16,0,0,high_risk_veto,0.2294292169064933,0.023631,0.75,0.65871,0.499069,0.0,0.254848,0.0,1,0.241009,0.614294,0.65
2022-06-17,0,0,high_risk_veto,0.1995390706276259,-0.094185,0.5,0.636464,0.497798,0.0,0.261229,0.0,1,0.249951,0.421194,0.65
2022-06-20,0,0,high_risk_veto,0.2333089993092293,0.049556,0.75,0.590769,0.495187,0.0,0.244918,0.0,0,0.169549,0.202537,0.560769
2022-06-21,0,0,high_risk_veto,0.2061366514389288,-0.493088,0.5,0.655466,0.498884,0.0,0.307658,0.0,1,0.324029,0.481076,0.65
2022-06-22,0,0,high_risk_veto,0.2218320574865638,-0.431671,0.75,0.612871,0.49645,0.0,0.309821,0.0,1,0.209574,0.303046,0.61058
2022-06-23,0,0,high_risk_veto,0.2006305567611398,-0.605412,0.5,0.635535,0.497745,0.0,0.303964,0.0,1,0.298678,0.361757,0.631107
2022-06-24,0,0,high_risk_veto,0.2149453901898245,-0.633798,0.5,0.607138,0.496122,0.0,0.349395,0.0,1,0.198862,0.27561,0.600792
2022-06-27,0,0,high_risk_veto,0.2112302202532272,-0.490883,0.75,0.60431,0.495961,0.0,0.328295,0.0,1,0.19203,0.263747,0.59652
2022-06-28,0,0,high_risk_veto,0.223339108260346,-0.093818,0.75,0.591534,0.495231,0.0,0.351363,0.0,0,0.169252,0.205733,0.566778
2022-06-29,0,0,high_risk_veto,0.2274716361663894,0.045749,0.5,0.593912,0.495366,0.0,0.353063,0.0,0,0.178086,0.209617,0.574079
2022-06-30,0,0,high_risk_veto,0.2197150702562806,-0.120024,0.75,0.596913,0.495538,0.0,0.294786,0.0,0,0.180615,0.225919,0.58273
2022-07-01,0,0,weak_score,0.2205469708140774,-0.606322,0.5,0.591313,0.495218,0.0,0.294814,0.0,0,0.16802,0.205627,0.566578
2022-07-04,0,0,weak_score,0.2166047154903309,-0.672741,0.75,0.590258,0.495158,0.0,0.294814,0.0,0,0.166305,0.202538,0.560772
2022-07-05,0,0,weak_score,0.2160791421199416,-0.908367,0.5,0.592306,0.495275,0.0,0.248255,0.0,0,0.17272,0.206623,0.568452
2022-07-06,0,0,weak_score,0.2154392179120358,-0.835898,0.5,0.591122,0.495207,0.0,0.247124,0.0,0,0.171605,0.202654,0.56099
2022-07-07,0,0,weak_score,0.211660917746809,-0.823287,0.5,0.593792,0.49536,0.0,0.267082,0.0,0,0.18347,0.205806,0.566914
2022-07-08,0,0,weak_score,0.2078695560919316,-0.495088,0.5,0.589137,0.495094,0.0,0.200934,0.0,0,0.168162,0.196976,0.550315
2022-07-11,0,0,weak_score,0.2258869023068547,-0.182881,0.75,0.602515,0.495858,0.0,0.219969,0.0,1,0.182108,0.262176,0.595953
2022-07-12,0,0,weak_score,0.2060974727891406,0.046516,0.75,0.59494,0.495425,0.0,0.196731,0.0,0,0.185252,0.209221,0.573336
2022-07-13,0,0,weak_score,0.2153289082519429,-0.021051,0.75,0.581689,0.494668,0.0,0.198025,0.0,0,0.12085,0.19699,0.550341
2022-07-14,0,0,weak_score,0.2158441921080406,-0.217487,0.5,0.58092,0.494624,0.0,0.183584,0.0,0,0.123328,0.192429,0.541766
2022-07-15,0,0,weak_score,0.2158717774380308,-0.421677,0.5,0.577,0.4944,0.0,0.199125,0.0,0,0.119078,0.179636,0.517716
2022-07-18,0,0,weak_score,0.2149977024747359,-0.311533,0.75,0.575333,0.494305,0.0,0.202068,0.0,0,0.109584,0.178959,0.516443
2022-07-19,0,0,weak_score,0.2157823176838894,-0.418428,0.5,0.574383,0.49425,0.0,0.25185,0.0,0,0.111001,0.174344,0.507766
2022-07-20,0,0,weak_score,0.2145526238124903,-0.220908,0.5,0.581913,0.494681,0.0,0.2488,0.0,0,0.122466,0.196868,0.550112
2022-07-21,0,0,weak_score,0.2149913974285872,-0.219702,0.5,0.583731,0.494785,0.0,0.230768,0.0,0,0.124802,0.202576,0.560843
2022-07-22,0,0,weak_score,0.2146810276059715,0.228158,0.75,0.571298,0.494074,0.0,0.254281,0.0,0,0.104118,0.166467,0.492959
2022-07-25,0,0,weak_score,0.2155020313591211,0.334386,0.75,0.577551,0.494432,0.0,0.233752,0.0,0,0.117085,0.18304,0.524116
2022-07-26,0,0,weak_score,0.2147575321696568,0.48019,0.75,0.57909,0.494519,0.0,0.235083,0.0,0,0.111343,0.192654,0.54219
2022-07-27,0,0,weak_score,0.2156281594908826,-0.037273,0.5,0.574616,0.494264,0.0,0.252082,0.0,0,0.113748,0.173558,0.506289
2022-07-28,0,0,weak_score,0.2147669806437925,-0.135123,0.5,0.575863,0.494335,0.0,0.252119,0.0,0,0.114279,0.178133,0.51489
2022-07-29,0,0,weak_score,0.2154577698457711,-0.378131,0.5,0.574524,0.494259,0.0,0.250801,0.0,0,0.110147,0.175428,0.509805
2022-08-01,0,0,weak_score,0.2152214241441537,0.012382,0.75,0.574353,0.494249,0.0,0.255157,0.0,0,0.110144,0.174755,0.508539
2022-08-02,0,0,weak_score,0.215984412675316,0.188223,0.75,0.577971,0.494456,0.0,0.207276,0.0,0,0.11997,0.182905,0.523861
2022-08-03,0,0,weak_score,0.2155967754747228,0.227102,0.5,0.585444,0.494882,0.0,0.211286,0.0,0,0.123104,0.210369,0.575494
2022-08-04,0,0,weak_score,0.2155882191136052,0.310516,0.5,0.584582,0.494833,0.0,0.214553,0.0,0,0.122363,0.207436,0.569981
2022-08-05,0,0,weak_score,0.2164431904893596,0.458139,0.75,0.571462,0.494084,0.0,0.180278,0.0,0,0.106979,0.16534,0.490839
2022-08-08,0,1,ok,0.2155613038801872,0.755041,0.75,0.57126,0.494072,0.095285,0.189677,0.004854,0,0.099779,0.169008,0.497735
2022-08-09,0,1,ok,0.216560064649992,0.836824,0.75,0.572204,0.494126,0.137266,0.169848,0.004854,0,0.106339,0.168655,0.497072
2022-08-10,0,0,weak_score,0.2053447332820317,0.527401,0.5,0.580551,0.494603,0.0,0.15904,0.004854,0,0.14444,0.17789,0.514434
2022-08-11,0,0,weak_score,0.1981832801173131,0.576353,0.75,0.578826,0.494504,0.0,0.15897,0.004854,0,0.135869,0.176413,0.511657
2022-08-12,0,0,weak_score,0.1918106816849835,0.428865,0.5,0.578838,0.494505,0.0,0.157203,0.004854,0,0.1366,0.176008,0.510894
2022-08-15,0,1,ok,0.1917063372433061,0.621814,0.5,0.572239,0.494128,0.025716,0.139889,0.001472,0,0.122269,0.158919,0.478768
2022-08-16,0,1,ok,0.1970065007867882,0.581318,0.75,0.574715,0.494269,0.00343,0.140311,0.001472,0,0.128009,0.165107,0.490401
2022-08-17,0,1,ok,0.2061638662997236,0.76353,0.75,0.567279,0.493845,0.101541,0.138458,0.001472,0,0.095257,0.156143,0.473549
2022-08-18,0,1,ok,0.2065588663995777,0.720206,0.5,0.567349,0.493849,0.079092,0.128246,0.001472,0,0.095107,0.156514,0.474246
2022-08-19,0,1,ok,0.204208439887555,0.774279,0.75,0.574753,0.494272,0.103636,0.129981,0.001472,0,0.127715,0.165438,0.491024
2022-08-22,0,0,high_risk_veto,0.2186557712560175,0.802111,0.75,0.601423,0.495796,0.105704,0.158529,0.0,1,0.179495,0.257574,0.594288
2022-08-23,0,0,high_risk_veto,0.2366774718829289,0.756618,0.75,0.582786,0.494731,0.090669,0.158027,0.0,0,0.117733,0.20324,0.562092
2022-08-24,0,0,high_risk_veto,0.2271202598230687,0.545543,0.5,0.58511,0.494863,0.0,0.126367,0.0,0,0.121113,0.210288,0.575341
2022-08-25,0,0,high_risk_veto,0.2294165327633184,0.230853,0.5,0.577337,0.494419,0.0,0.128362,0.0,0,0.109349,0.186992,0.531544
2022-08-26,0,0,high_risk_veto,0.2112573968482177,0.569422,0.75,0.601221,0.495784,0.0,0.200379,0.0,1,0.123786,0.315685,0.615046
2022-08-29,0,0,high_risk_veto,0.2444477168020256,0.611575,0.75,0.612193,0.496411,0.0,0.199304,0.0,1,0.19739,0.311469,0.613559
2022-08-30,0,0,high_risk_veto,0.2138106049863228,0.735239,0.75,0.5966,0.49552,0.072838,0.198079,0.0,0,0.167322,0.237932,0.587137
2022-08-31,0,0,high_risk_veto,0.220702227866055,0.37063,0.75,0.597291,0.49556,0.0,0.196295,0.0,1,0.126955,0.285627,0.604381
2022-09-01,0,0,high_risk_veto,0.2299858048364688,0.26624,0.75,0.604207,0.495955,0.0,0.211484,0.0,1,0.188356,0.266964,0.597681
2022-09-02,0,0,high_risk_veto,0.2179504716829035,0.288262,0.75,0.589229,0.495099,0.0,0.21939,0.0,0,0.113955,0.244918,0.589688
2022-09-05,0,0,high_risk_veto,0.2203057073387805,0.223527,0.75,0.58371,0.494783,0.0,0.211364,0.0,0,0.113038,0.209786,0.574398
2022-09-06,0,0,high_risk_veto,0.2263610491772792,0.284204,0.75,0.585676,0.494896,0.0,0.218965,0.0,0,0.118484,0.216137,0.579121
2022-09-07,0,0,high_risk_veto,0.209641604937881,0.052492,0.5,0.576941,0.494397,0.0,0.226168,0.0,0,0.083887,0.201217,0.558288
2022-09-08,0,0,high_risk_veto,0.2159515810557521,0.122245,0.5,0.575136,0.494293,0.0,0.229256,0.0,0,0.082392,0.195037,0.546669
2022-09-09,0,0,high_risk_veto,0.2183031878022391,0.003793,0.5,0.57238,0.494136,0.0,0.165301,0.0,0,0.081334,0.184848,0.527515
2022-09-12,0,0,high_risk_veto,0.2075765931365788,0.184386,0.5,0.574071,0.494233,0.0,0.172593,0.0,0,0.085814,0.188728,0.534808
2022-09-13,0,0,high_risk_veto,0.2034228745278179,0.672177,0.75,0.601009,0.495772,0.037477,0.270088,0.0,0,0.137471,0.29961,0.609361
2022-09-14,0,0,high_risk_veto,0.2176010213543094,0.702511,0.5,0.588487,0.495056,0.059651,0.268913,0.0,0,0.14292,0.210064,0.57492
2022-09-15,0,0,high_risk_veto,0.2129721623550483,0.817983,0.75,0.579698,0.494554,0.124087,0.267197,0.0,0,0.088224,0.209379,0.573632
2022-09-16,0,0,high_risk_veto,0.2123606149804776,0.364754,0.75,0.579786,0.494559,0.0,0.257198,0.0,0,0.086948,0.210515,0.575769
2022-09-19,0,0,high_risk_veto,0.2069036086961865,0.376733,0.5,0.576172,0.494353,0.0,0.261894,0.0,0,0.08436,0.197897,0.552045
2022-09-20,0,0,high_risk_veto,0.2015888507799306,0.313032,0.75,0.585783,0.494902,0.0,0.261341,0.0,0,0.130317,0.207233,0.569598
2022-09-21,0,0,high_risk_veto,0.2083230076433777,0.406897,0.75,0.578949,0.494511,0.0,0.274822,0.0,0,0.087605,0.206815,0.568812
2022-09-22,0,0,high_risk_veto,0.2304276160626733,0.528408,0.75,0.578727,0.494499,0.0,0.270638,0.0,0,0.091048,0.203806,0.563154
2022-09-23,0,0,high_risk_veto,0.2057338636770559,0.5051,0.75,0.618442,0.496768,0.0,0.257979,0.0,1,0.161654,0.3924,0.641608
2022-09-26,0,0,high_risk_veto,0.2474771892495494,0.333476,0.75,0.649379,0.498536,0.0,0.245939,0.0,1,0.194763,0.597585,0.65
2022-09-27,0,0,high_risk_veto,0.2270903243643628,0.224768,0.5,0.612468,0.496427,0.0,0.175564,0.0,1,0.168322,0.344479,0.625124
2022-09-28,0,0,high_risk_veto,0.2249575123145586,-0.045801,0.5,0.588412,0.495052,0.0,0.172167,0.0,1,0.096743,0.257721,0.594341
2022-09-29,0,0,high_risk_veto,0.2206160287010376,0.157352,0.75,0.616672,0.496667,0.0,0.183142,0.0,1,0.163253,0.378587,0.636892
2022-09-30,0,0,high_risk_veto,0.2203554442599694,0.257236,0.75,0.595976,0.495484,0.0,0.186865,0.0,1,0.095214,0.310623,0.61326
2022-10-03,0,0,high_risk_veto,0.20741823198481,0.159397,0.5,0.599443,0.495682,0.0,0.196372,0.0,1,0.095947,0.333413,0.621266
2022-10-04,0,0,high_risk_veto,0.2045200705077782,-0.291461,0.5,0.584813,0.494846,0.0,0.254482,0.0,0,0.129958,0.203639,0.562841
2022-10-05,0,0,high_risk_veto,0.2182999806722589,-0.324817,0.75,0.576587,0.494376,0.0,0.229655,0.0,0,0.075799,0.204836,0.565092
2022-10-06,0,0,high_risk_veto,0.2337600805462957,0.11476,0.75,0.575687,0.494325,0.0,0.230168,0.0,0,0.077614,0.200168,0.556316
2022-10-07,0,0,high_risk_veto,0.2470282800271966,0.729235,0.75,0.574733,0.49427,0.080249,0.244013,0.0,0,0.074606,0.19828,0.552766
2022-10-10,0,0,high_risk_veto,0.2450727109041652,0.730473,0.75,0.577416,0.494424,0.07961,0.240911,0.0,0,0.077341,0.207141,0.569426
2022-10-11,0,0,high_risk_veto,0.2598163043746648,0.647626,0.75,0.577147,0.494408,0.036653,0.242553,0.0,0,0.077477,0.206,0.567281
2022-10-12,0,0,high_risk_veto,0.241047352923092,0.227222,0.75,0.576419,0.494367,0.0,0.243483,0.0,0,0.074832,0.204773,0.564974
2022-10-13,0,0,high_risk_veto,0.2532800041279855,-0.101174,0.5,0.577206,0.494412,0.0,0.278384,0.0,0,0.078931,0.205331,0.566023
2022-10-14,0,0,high_risk_veto,0.2537339710032014,0.019064,0.75,0.576495,0.494371,0.0,0.285781,0.0,0,0.075843,0.204446,0.564358
2022-10-17,0,0,high_risk_veto,0.2485598147528846,-0.235626,0.5,0.577055,0.494403,0.0,0.301524,0.0,0,0.078563,0.204962,0.565329
2022-10-18,0,0,high_risk_veto,0.2259650288645415,-0.042215,0.5,0.578033,0.494459,0.0,0.270908,0.0,0,0.077654,0.209375,0.573626
2022-10-19,0,0,high_risk_veto,0.2297815051824639,-0.196044,0.75,0.578767,0.494501,0.0,0.268688,0.0,0,0.079487,0.211129,0.576922
2022-10-20,0,0,weak_score,0.236572495801903,0.170643,0.75,0.577107,0.494406,0.0,0.267102,0.0,0,0.078514,0.2052,0.565777
2022-10-21,0,0,weak_score,0.2432475478425979,0.058591,0.5,0.576564,0.494375,0.0,0.246921,0.0,0,0.077615,0.203619,0.562804
2022-10-24,0,0,weak_score,0.2435857789965297,-0.043149,0.5,0.576837,0.494391,0.0,0.246614,0.0,0,0.078233,0.204311,0.564105
2022-10-25,0,0,weak_score,0.2319877041045418,-0.231079,0.5,0.578522,0.494487,0.0,0.231253,0.0,0,0.081215,0.209095,0.573098
2022-10-26,0,0,weak_score,0.2298844306592954,0.161472,0.75,0.577902,0.494452,0.0,0.24389,0.0,0,0.076699,0.209452,0.57377
2022-10-27,0,0,weak_score,0.2275063079655828,0.361809,0.75,0.577981,0.494456,0.0,0.226461,0.0,0,0.078844,0.208433,0.571855
2022-10-28,0,0,weak_score,0.2297441834019553,0.269748,0.5,0.577254,0.494415,0.0,0.226512,0.0,0,0.078652,0.205693,0.566704
2022-10-31,0,0,weak_score,0.2089121074553929,0.155868,0.75,0.588852,0.495077,0.0,0.211713,0.0,0,0.07775,0.280955,0.602709
2022-11-01,0,0,weak_score,0.2285505861759637,0.129321,0.75,0.580009,0.494572,0.0,0.214875,0.0,0,0.081374,0.217331,0.579562
2022-11-02,0,1,ok,0.2020571957130205,0.602388,0.75,0.579782,0.494559,0.011773,0.256845,0.0,0,0.106804,0.198192,0.552601
2022-11-03,0,1,ok,0.2051223249508825,0.591613,0.75,0.577833,0.494448,0.007169,0.259484,0.0,0,0.109354,0.18894,0.535206
2022-11-04,0,0,weak_score,0.2064362861171401,0.295245,0.5,0.568411,0.493909,0.0,0.249525,0.0,0,0.066813,0.17823,0.515073
2022-11-07,0,0,weak_score,0.2055729800763998,-0.08314,0.5,0.576382,0.494365,0.0,0.24907,0.0,0,0.103063,0.187128,0.531801
2022-11-08,0,0,weak_score,0.2015117163898728,-0.284626,0.5,0.57519,0.494297,0.0,0.248235,0.0,0,0.100316,0.184142,0.526187
2022-11-09,0,0,weak_score,0.2055176481997637,-0.004786,0.75,0.57669,0.494382,0.0,0.269635,0.0,0,0.104015,0.18775,0.53297
2022-11-10,0,0,weak_score,0.2022509373370885,-0.367916,0.5,0.577661,0.494438,0.0,0.306798,0.0,0,0.111816,0.186739,0.531069
2022-11-11,0,0,weak_score,0.1980169481016371,-0.326688,0.5,0.572844,0.494162,0.0,0.278123,0.0,0,0.10208,0.173814,0.50677
2022-11-14,0,0,weak_score,0.1995504509948631,-0.292385,0.75,0.577826,0.494447,0.0,0.279773,0.0,0,0.106791,0.1905,0.53814
2022-11-15,0,0,weak_score,0.2010628839728928,0.172481,0.5,0.576723,0.494384,0.0,0.278613,0.0,0,0.109772,0.184311,0.526505
2022-11-16,0,0,weak_score,0.2029221138788321,0.377509,0.75,0.587395,0.494994,0.0,0.258296,0.0,0,0.114239,0.232238,0.585052
2022-11-17,0,0,weak_score,0.2097538322167279,0.277302,0.75,0.573108,0.494178,0.0,0.253998,0.0,0,0.06976,0.194889,0.546391
2022-11-18,0,0,weak_score,0.2084042576297228,0.324591,0.75,0.571062,0.494061,0.0,0.24457,0.0,0,0.068297,0.187742,0.532956
2022-11-21,0,0,weak_score,0.197006966176604,0.287574,0.75,0.579388,0.494536,0.0,0.237821,0.0,0,0.1073,0.196332,0.549104
2022-11-22,0,0,weak_score,0.1978615218425495,0.148255,0.5,0.577548,0.494431,0.0,0.239925,0.0,0,0.108694,0.188228,0.533869
2022-11-23,0,0,weak_score,0.1978201635094138,0.062506,0.5,0.572801,0.49416,0.0,0.19369,0.0,0,0.102127,0.173615,0.506396
2022-11-24,0,0,weak_score,0.1989478231912977,-0.002529,0.75,0.571474,0.494084,0.0,0.121451,0.0,0,0.101609,0.168715,0.497185
2022-11-25,0,0,weak_score,0.1990449380536101,0.170459,0.75,0.572712,0.494155,0.0,0.105843,0.0,0,0.105944,0.170899,0.50129
2022-11-28,0,0,weak_score,0.2031029449708405,0.316229,0.75,0.577956,0.494455,0.0,0.131695,0.0,0,0.107899,0.190326,0.537812
2022-11-29,0,0,weak_score,0.2070690403969139,0.337378,0.75,0.570391,0.494022,0.0,0.132686,0.0,0,0.067818,0.185397,0.528547
2022-11-30,0,0,weak_score,0.2100548001321219,-0.068005,0.5,0.570162,0.494009,0.0,0.150718,0.0,0,0.054122,0.192986,0.542813
2022-12-01,0,0,weak_score,0.2100217786800761,-0.129109,0.5,0.569079,0.493947,0.0,0.164194,0.0,0,0.052355,0.189817,0.536857
2022-12-02,0,0,weak_score,0.2095270431198238,-0.127556,0.75,0.567956,0.493883,0.0,0.160722,0.0,0,0.05368,0.184578,0.527007
2022-12-05,0,0,weak_score,0.2097313219022262,0.388115,0.75,0.571031,0.494059,0.0,0.164915,0.0,0,0.051113,0.198273,0.552754
2022-12-06,0,0,high_risk_veto,0.2126610677472262,0.506772,0.75,0.571974,0.494113,0.0,0.185554,0.0,0,0.0544,0.199943,0.555893
2022-12-07,0,0,high_risk_veto,0.2123069278578936,0.418641,0.75,0.575744,0.494328,0.0,0.187111,0.0,0,0.054143,0.217494,0.579622
2022-12-08,0,0,high_risk_veto,0.2127430551761259,0.113035,0.5,0.582883,0.494736,0.0,0.207543,0.0,1,0.055961,0.263774,0.59653
2022-12-09,0,0,high_risk_veto,0.2127410327099148,0.038574,0.75,0.589538,0.495116,0.0,0.207498,0.0,1,0.051712,0.313433,0.614252
2022-12-12,0,0,high_risk_veto,0.2120199996259894,-0.013532,0.5,0.586887,0.494965,0.0,0.212811,0.0,1,0.053844,0.293161,0.607068
2022-12-13,0,0,high_risk_veto,0.2132606028691493,0.073153,0.5,0.574125,0.494236,0.0,0.212455,0.0,0,0.055293,0.207859,0.570774
2022-12-14,0,0,high_risk_veto,0.2107870600390037,0.079788,0.75,0.56852,0.493915,0.0,0.176789,0.0,0,0.055414,0.185724,0.529161
2022-12-15,0,0,high_risk_veto,0.2132086382554881,0.419872,0.75,0.570815,0.494047,0.0,0.210645,0.0,0,0.056735,0.193935,0.544598
2022-12-16,0,0,high_risk_veto,0.2125436877364179,0.498659,0.75,0.571428,0.494082,0.0,0.211525,0.0,0,0.056941,0.19622,0.548894
2022-12-19,0,0,high_risk_veto,0.2116356549814649,0.482803,0.75,0.570422,0.494024,0.0,0.212628,0.0,0,0.055765,0.192989,0.54282
2022-12-20,0,0,high_risk_veto,0.2124278319962119,0.173033,0.75,0.572181,0.494125,0.0,0.202762,0.0,0,0.057022,0.199136,0.554375
2022-12-21,0,0,high_risk_veto,0.209996121676173,-0.019338,0.5,0.568431,0.49391,0.0,0.210169,0.0,0,0.055959,0.185034,0.527863
2022-12-22,0,0,high_risk_veto,0.2121446825374615,0.045824,0.75,0.56893,0.493939,0.0,0.207378,0.0,0,0.054697,0.187783,0.533031
2022-12-23,0,0,high_risk_veto,0.2098569998045105,0.003579,0.5,0.56795,0.493883,0.0,0.21652,0.0,0,0.057679,0.182077,0.522306
2022-12-26,0,0,high_risk_veto,0.2108363866475757,0.086177,0.75,0.570744,0.494042,0.0,0.195584,0.0,0,0.054747,0.194888,0.546389
2022-12-27,0,0,high_risk_veto,0.2137682134325583,-0.030982,0.75,0.569954,0.493997,0.0,0.198969,0.0,0,0.056765,0.190531,0.538199
2022-12-28,0,0,high_risk_veto,0.212200164686822,0.000419,0.75,0.571908,0.494109,0.0,0.200112,0.0,0,0.034581,0.212406,0.577739
2022-12-29,0,0,weak_score,0.2112556227106928,-0.250578,0.5,0.575971,0.494341,0.0,0.158839,0.0,0,0.085952,0.196117,0.5487
2022-12-30,0,0,weak_score,0.2065739533962945,-0.335786,0.75,0.567495,0.493857,0.0,0.146563,0.0,0,0.0398,0.191367,0.53977
2023-01-02,0,0,weak_score,0.2064757862391157,-0.349857,0.75,0.567319,0.493847,0.0,0.146274,0.0,0,0.039828,0.190656,0.538433
2023-01-03,0,0,weak_score,0.2102027639108918,-0.067651,0.75,0.579135,0.494522,0.0,0.158034,0.0,0,0.033995,0.261819,0.595824
2023-01-04,0,0,weak_score,0.2099048672413421,-0.094205,0.5,0.571517,0.494087,0.0,0.140623,0.0,0,0.035418,0.209911,0.574632
2023-01-05,0,0,weak_score,0.2088637121974788,0.046043,0.75,0.571669,0.494095,0.0,0.130673,0.0,0,0.034574,0.211032,0.576741
2023-01-06,0,0,weak_score,0.2029822452708896,-0.200513,0.5,0.574885,0.494279,0.0,0.129746,0.0,0,0.075734,0.198177,0.552573
2023-01-09,0,0,weak_score,0.2120094095262315,-0.149534,0.5,0.570597,0.494034,0.0,0.130542,0.0,0,0.036243,0.20578,0.566866
2023-01-10,0,0,weak_score,0.2022768004949493,-0.248122,0.5,0.575558,0.494318,0.0,0.147094,0.0,0,0.079954,0.198212,0.552639
2023-01-11,0,0,weak_score,0.2024136438247222,-0.050541,0.5,0.573543,0.494202,0.0,0.137917,0.0,0,0.07886,0.19096,0.539004
2023-01-12,0,0,weak_score,0.1988715580635016,0.007491,0.5,0.571952,0.494112,0.0,0.127365,0.0,0,0.074763,0.187236,0.532003
2023-01-13,0,0,weak_score,0.1990220289845919,0.074683,0.5,0.571789,0.494102,0.0,0.135447,0.0,0,0.075035,0.186425,0.530479
2023-01-16,0,0,weak_score,0.1978368931300692,0.259372,0.75,0.570525,0.49403,0.0,0.135447,0.0,0,0.073164,0.182611,0.523309
2023-01-17,0,0,weak_score,0.2011585584619574,0.341696,0.5,0.573889,0.494222,0.0,0.116157,0.0,0,0.079158,0.192133,0.541211
2023-01-18,0,0,weak_score,0.2035292895724817,0.505424,0.75,0.576194,0.494354,0.0,0.199069,0.0,0,0.080174,0.200575,0.557081
2023-01-19,0,0,weak_score,0.208498352060427,0.529268,0.75,0.57678,0.494387,0.0,0.194943,0.0,0,0.036311,0.243438,0.589149
2023-01-20,0,0,weak_score,0.2069112451816833,0.300021,0.5,0.573078,0.494176,0.0,0.228732,0.0,0,0.036848,0.217886,0.579767
2023-01-23,0,0,weak_score,0.2043102971204994,0.074308,0.5,0.595337,0.495448,0.0,0.237511,0.0,1,0.089226,0.312689,0.61399
2023-01-24,0,0,weak_score,0.2044748160585604,0.114032,0.75,0.580623,0.494607,0.0,0.234458,0.0,0,0.084808,0.217822,0.579744
2023-01-25,0,0,weak_score,0.1862235910356218,0.400802,0.75,0.575671,0.494324,0.0,0.232692,0.0,0,0.072882,0.203037,0.56171
2023-01-26,0,0,weak_score,0.1879369373618552,0.443772,0.5,0.573748,0.494214,0.0,0.240199,0.0,0,0.072452,0.195736,0.547984
2023-01-27,0,0,weak_score,0.1859637004171654,0.411187,0.5,0.575948,0.49434,0.0,0.237472,0.0,0,0.075089,0.202763,0.561194
2023-01-30,0,1,ok,0.1978203382202336,0.621374,0.75,0.575806,0.494332,0.023681,0.244076,0.000634,0,0.074171,0.20277,0.561208
2023-01-31,0,1,ok,0.1921314043631464,0.674283,0.5,0.574869,0.494278,0.05164,0.247581,0.000634,0,0.072755,0.199961,0.555926
2023-02-01,0,1,ok,0.1862376102739912,0.615448,0.5,0.573807,0.494218,0.021618,0.174942,0.000634,0,0.073062,0.19559,0.54771
2023-02-02,0,0,weak_score,0.1939374966307848,0.315228,0.5,0.577888,0.494451,0.0,0.170833,0.000634,0,0.072162,0.212819,0.577892
2023-02-03,0,1,ok,0.1927866725574175,0.750822,0.75,0.572202,0.494126,0.092655,0.140602,0.000634,0,0.0747,0.188258,0.533925
2023-02-06,0,1,ok,0.1996348479799215,1.091578,0.75,0.574792,0.494274,0.268431,0.126797,0.009453,0,0.073148,0.199413,0.554896
2023-02-07,0,1,ok,0.1987468563154985,1.225486,0.5,0.604176,0.495953,0.327726,0.12649,0.009453,1,0.085883,0.37647,0.636167
2023-02-08,0,1,ok,0.1993516215392813,1.203109,0.75,0.574855,0.494277,0.326341,0.160346,0.009453,0,0.072872,0.199835,0.555689
2023-02-09,0,1,ok,0.20807555142471,1.17582,0.75,0.571572,0.49409,0.313337,0.153843,0.009453,0,0.026364,0.21886,0.580127
2023-02-10,0,1,ok,0.2079155376327922,1.284341,0.75,0.57546,0.494312,0.368338,0.155679,0.009453,1,0.0255,0.246021,0.59009
2023-02-13,0,1,ok,0.2077646399628165,0.925107,0.5,0.571174,0.494067,0.183496,0.143323,0.006272,0,0.027129,0.215372,0.578837
2023-02-14,0,1,ok,0.2004126695753144,0.794833,0.5,0.57315,0.49418,0.115049,0.140884,0.006272,0,0.074703,0.191988,0.540938
2023-02-15,0,1,ok,0.1917222941721051,0.773273,0.5,0.572394,0.494137,0.104212,0.141442,0.006272,0,0.073963,0.189472,0.536208
2023-02-16,0,1,ok,0.1957121722058759,1.13889,0.75,0.575854,0.494335,0.292616,0.145643,0.006272,0,0.072296,0.204122,0.563749
2023-02-17,0,1,ok,0.2001605515399063,1.246966,0.75,0.576312,0.494361,0.348629,0.149731,0.006272,0,0.072629,0.205717,0.566749
2023-02-20,0,1,ok,0.1995372361712461,1.258725,0.75,0.57774,0.494442,0.354263,0.149433,0.011642,0,0.075026,0.209853,0.574524
2023-02-21,0,1,ok,0.2083488585035975,1.233686,0.75,0.583693,0.494782,0.33919,0.132089,0.011642,1,0.021178,0.306401,0.611768
2023-02-22,0,1,ok,0.1861445333532372,1.144521,0.5,0.590872,0.495193,0.290001,0.111302,0.011642,1,0.084565,0.287373,0.605004
2023-02-23,0,1,ok,0.1861496501971374,1.087108,0.5,0.595659,0.495466,0.258068,0.109719,0.011642,1,0.087713,0.316498,0.615332
2023-02-24,0,1,ok,0.1862387678227359,1.073347,0.75,0.579962,0.494569,0.256966,0.103754,0.011642,1,0.083449,0.214816,0.578632
2023-02-27,0,1,ok,0.187136801211734,1.054772,0.5,0.578065,0.494461,0.248035,0.087424,0.009638,1,0.085543,0.204611,0.564668
2023-02-28,0,1,ok,0.1900520463455949,1.147534,0.75,0.579404,0.494537,0.295809,0.081202,0.009638,1,0.084032,0.210818,0.576338
2023-03-01,0,1,ok,0.1898021595860885,1.097146,0.75,0.576643,0.49438,0.270622,0.07519,0.009638,0,0.084687,0.199547,0.555149
2023-03-02,0,1,ok,0.1907770361208208,1.119334,0.5,0.577813,0.494446,0.281721,0.094057,0.009638,1,0.086522,0.203014,0.561667
2023-03-03,0,1,ok,0.1947679088483858,0.976984,0.5,0.576912,0.494395,0.208036,0.099759,0.009638,0,0.08641,0.199536,0.555128
2023-03-06,0,1,ok,0.192436945931893,0.926373,0.5,0.585198,0.494868,0.178178,0.100638,0.006488,1,0.024242,0.313341,0.614219
2023-03-07,0,1,ok,0.1886772894688402,1.107658,0.75,0.611035,0.496345,0.262908,0.121671,0.006488,1,0.082817,0.428501,0.65
2023-03-08,0,1,ok,0.1914858717806633,1.215735,0.5,0.575486,0.494314,0.332681,0.120799,0.006488,0,0.078391,0.198897,0.553927
2023-03-09,0,0,high_risk_veto,0.1872043765718676,1.303508,0.75,0.602211,0.495841,0.369534,0.174222,0.006488,1,0.003001,0.459085,0.65
2023-03-10,0,0,high_risk_veto,0.1883465124920988,1.144444,0.75,0.624793,0.497131,0.277117,0.232589,0.006488,1,0.07284,0.553641,0.65
2023-03-13,0,0,high_risk_veto,0.1856080753724604,0.874695,0.5,0.626704,0.49724,0.132382,0.234301,0.0,0,0.0,0.662888,0.65
2023-03-14,0,0,high_risk_veto,0.183329449671977,0.419389,0.5,0.638205,0.497897,0.0,0.285261,0.0,0,0.0,0.756776,0.65
2023-03-15,0,0,high_risk_veto,0.1857548888515871,0.206334,0.5,0.636316,0.497789,0.0,0.293938,0.0,0,0.0,0.741354,0.65
2023-03-16,0,0,high_risk_veto,0.1838906612286834,0.164872,0.5,0.622968,0.497027,0.0,0.324988,0.0,0,0.0,0.632388,0.65
2023-03-17,0,0,high_risk_veto,0.1838061534771031,0.380414,0.75,0.607094,0.49612,0.0,0.329477,0.0,1,0.073537,0.409704,0.647476
2023-03-20,0,0,high_risk_veto,0.1872034196433829,0.411642,0.5,0.59705,0.495546,0.0,0.34189,0.0,1,0.010111,0.40933,0.647349
2023-03-21,0,0,high_risk_veto,0.186541887319935,0.537733,0.5,0.584157,0.494809,0.0,0.364073,0.0,1,0.021994,0.308677,0.612573
2023-03-22,0,0,high_risk_veto,0.1575625239720154,0.645722,0.75,0.592593,0.495291,0.027854,0.387205,0.0,1,0.074777,0.309508,0.612866
2023-03-23,0,0,high_risk_veto,0.186897051727834,0.585408,0.5,0.581297,0.494646,0.002142,0.372549,0.0,0,0.077566,0.230065,0.584254
2023-03-24,0,0,high_risk_veto,0.1786889851557812,0.583335,0.5,0.576537,0.494374,0.003535,0.337093,0.0,0,0.073688,0.205945,0.567177
2023-03-27,0,0,weak_score,0.191983698813323,0.509045,0.75,0.576543,0.494374,0.0,0.333545,0.0,0,0.074093,0.205719,0.566752
2023-03-28,0,1,ok,0.1875429143089889,0.669459,0.75,0.575136,0.494293,0.049002,0.308256,0.0,0,0.073638,0.200465,0.556874
2023-03-29,0,1,ok,0.2036996905895862,0.642046,0.5,0.572555,0.494146,0.036053,0.292949,0.0,0,0.077353,0.188006,0.533451
2023-03-30,0,1,ok,0.1872177642222573,0.607752,0.5,0.573117,0.494178,0.017975,0.266399,0.0,0,0.076536,0.190723,0.538559
2023-03-31,0,0,weak_score,0.1943201701705924,0.566453,0.5,0.571048,0.49406,0.0,0.22919,0.0,0,0.075415,0.183276,0.524558
2023-04-03,0,1,ok,0.1958194075384436,0.762794,0.75,0.576342,0.494362,0.096926,0.226009,0.002687,0,0.074415,0.204729,0.56489
2023-04-04,0,1,ok,0.2045530733957127,0.803118,0.75,0.571776,0.494101,0.119977,0.213321,0.002687,0,0.076135,0.185693,0.529102
2023-04-05,0,1,ok,0.213841682178453,0.845771,0.75,0.564101,0.493663,0.145498,0.141822,0.002687,0,0.036562,0.180019,0.518435
2023-04-06,0,1,ok,0.2269009977552467,0.651956,0.5,0.564872,0.493707,0.045002,0.138012,0.002687,0,0.037107,0.182713,0.5235
2023-04-07,0,0,weak_score,0.2157164771409428,0.561558,0.75,0.564101,0.493663,0.0,0.137639,0.002687,0,0.037235,0.179602,0.517652
2023-04-10,0,0,weak_score,0.2154450604169345,0.542906,0.75,0.565908,0.493766,0.0,0.131226,0.0,0,0.033641,0.188938,0.535203
2023-04-11,0,1,ok,0.2020801468069613,0.718671,0.75,0.573268,0.494187,0.075466,0.130269,0.0,0,0.077342,0.190819,0.53874
2023-04-12,0,1,ok,0.1935110770322754,0.810701,0.75,0.573993,0.494228,0.122901,0.113651,0.0,0,0.07675,0.194037,0.54479
2023-04-13,0,1,ok,0.2364332450029244,0.646978,0.5,0.565832,0.493762,0.041954,0.138644,0.0,0,0.034769,0.187942,0.533331
2023-04-14,0,1,ok,0.2216435886167357,0.618472,0.75,0.564498,0.493686,0.027886,0.133425,0.0,0,0.036883,0.18138,0.520995
2023-04-17,0,1,ok,0.2192496731474346,0.603656,0.5,0.563535,0.493631,0.020719,0.140355,0.001222,0,0.038852,0.176369,0.511574
2023-04-18,0,1,ok,0.2088651837026966,0.790975,0.75,0.564612,0.493692,0.11696,0.118965,0.001222,0,0.035257,0.182837,0.523733
2023-04-19,0,1,ok,0.1915447605808189,0.778448,0.75,0.568409,0.493909,0.108739,0.10678,0.001222,0,0.105509,0.154238,0.469967
2023-04-20,0,1,ok,0.1956162152923799,0.803046,0.75,0.570178,0.49401,0.120668,0.13152,0.001222,0,0.104874,0.161592,0.483792
2023-04-21,0,1,ok,0.1919541318594869,0.771354,0.5,0.565816,0.493761,0.106266,0.130902,0.001222,0,0.101731,0.146372,0.45518
2023-04-24,0,1,ok,0.2020803618550848,0.747698,0.75,0.570207,0.494012,0.091974,0.125071,0.005513,0,0.104791,0.161755,0.4841
2023-04-25,0,1,ok,0.2020647510317695,0.780308,0.75,0.570384,0.494022,0.108791,0.184425,0.005513,0,0.098913,0.166095,0.492259
2023-04-26,0,1,ok,0.2009111125845263,0.665447,0.5,0.574412,0.494252,0.047277,0.181919,0.005513,0,0.113911,0.172653,0.504587
2023-04-27,0,0,weak_score,0.2010846268948597,0.417689,0.5,0.570627,0.494036,0.0,0.212474,0.005513,0,0.111922,0.15899,0.478901
2023-04-28,0,0,weak_score,0.1976398147634693,0.257021,0.5,0.571861,0.494106,0.0,0.212019,0.005513,0,0.104511,0.168438,0.496664
2023-05-01,0,0,weak_score,0.1917287990182167,0.404473,0.75,0.565587,0.493748,0.0,0.213898,0.0,0,0.100575,0.14619,0.454838
2023-05-02,0,1,ok,0.2023816016069744,0.689187,0.75,0.570973,0.494056,0.061282,0.246546,0.0,0,0.09954,0.168026,0.495889
2023-05-03,0,0,high_risk_veto,0.1988110082164877,0.755138,0.75,0.569152,0.493952,0.096323,0.251325,0.0,0,0.098444,0.161539,0.483693
2023-05-04,0,0,high_risk_veto,0.2016821186017432,0.687809,0.5,0.579407,0.494538,0.056442,0.248544,0.0,0,0.112822,0.192984,0.542809
2023-05-05,0,0,weak_score,0.1983799775366333,0.436224,0.75,0.568616,0.493921,0.0,0.282397,0.0,0,0.101364,0.157621,0.476327
2023-05-08,0,0,weak_score,0.195763115915597,0.421139,0.75,0.566615,0.493807,0.0,0.284755,0.0,0,0.099829,0.150696,0.463308
2023-05-09,0,0,weak_score,0.1975588516450409,0.505171,0.5,0.573245,0.494185,0.0,0.248267,0.0,0,0.110206,0.170357,0.500271
2023-05-10,0,1,ok,0.1938772296031097,0.611012,0.75,0.564076,0.493662,0.024244,0.249327,0.0,0,0.097139,0.142373,0.447662
2023-05-11,0,1,ok,0.1974695461419722,0.583381,0.75,0.56553,0.493745,0.009228,0.209845,0.0,0,0.09802,0.147548,0.45739
2023-05-12,0,0,weak_score,0.1990612240443167,0.554907,0.5,0.568509,0.493915,0.0,0.211781,0.0,0,0.102756,0.156335,0.473909
2023-05-15,0,1,ok,0.2024311293619509,0.625514,0.75,0.572105,0.49412,0.027703,0.204628,0.001361,0,0.112008,0.164754,0.489738
2023-05-16,0,1,ok,0.1970767129403197,0.669356,0.5,0.568952,0.49394,0.051995,0.16244,0.001361,0,0.101319,0.158969,0.478862
2023-05-17,0,1,ok,0.1964986211093068,0.57139,0.5,0.569165,0.493952,0.001152,0.156661,0.001361,0,0.084875,0.170001,0.499601
2023-05-18,0,0,weak_score,0.1927375299914288,0.534122,0.5,0.567405,0.493852,0.0,0.156081,0.001361,0,0.081214,0.165343,0.490845
2023-05-19,0,1,ok,0.1941323050719018,0.670145,0.75,0.566615,0.493807,0.053548,0.120235,0.001361,0,0.081158,0.16227,0.485068
2023-05-22,0,1,ok,0.1992456680968371,0.8731,0.5,0.567442,0.493854,0.158163,0.119025,0.009732,0,0.086071,0.162478,0.485458
2023-05-23,0,1,ok,0.2000373565068054,1.185023,0.75,0.579297,0.494531,0.315367,0.141347,0.009732,1,0.083008,0.211034,0.576743
2023-05-24,0,1,ok,0.2076951234427362,1.200247,0.75,0.571978,0.494113,0.325862,0.143574,0.009732,1,0.028858,0.218951,0.580161
2023-05-25,0,1,ok,0.2066772877624579,1.011177,0.5,0.570566,0.494032,0.228363,0.151058,0.009732,0,0.028941,0.210184,0.575147
2023-05-26,0,1,ok,0.2168636202553901,0.758376,0.5,0.564314,0.493675,0.100255,0.155227,0.009732,0,0.038223,0.179827,0.518076
2023-05-29,0,1,ok,0.2016487575689088,0.834693,0.75,0.567953,0.493883,0.138061,0.156742,0.007693,0,0.079481,0.168573,0.496918
2023-05-30,0,1,ok,0.202297598642246,1.076555,0.5,0.569292,0.49396,0.262734,0.163392,0.007693,0,0.081621,0.172518,0.504334
2023-05-31,0,1,ok,0.2063383610789107,1.314084,0.75,0.562569,0.493575,0.387893,0.161201,0.007693,0,0.04022,0.171722,0.502838
2023-06-01,0,1,ok,0.2005643352877933,1.173002,0.5,0.569068,0.493947,0.312768,0.1433,0.007693,0,0.081214,0.171888,0.503149
2023-06-02,0,1,ok,0.2043254976801386,1.164779,0.5,0.567515,0.493858,0.309065,0.182121,0.007693,0,0.081028,0.165892,0.491876
2023-06-05,0,1,ok,0.1998519445448502,1.175033,0.5,0.569006,0.493943,0.313842,0.183188,0.016359,0,0.080278,0.172226,0.503784
2023-06-06,0,1,ok,0.19923066923933,1.351927,0.75,0.56924,0.493957,0.405377,0.163898,0.016359,0,0.0813,0.172512,0.504323
2023-06-07,0,1,ok,0.1981682406003831,1.583526,0.75,0.573991,0.494228,0.524159,0.157227,0.016359,0,0.084329,0.189333,0.535945
2023-06-08,0,1,ok,0.1928343196832115,1.479951,0.5,0.568531,0.493916,0.471879,0.146661,0.016359,0,0.080995,0.169912,0.499435
2023-06-09,0,1,ok,0.1961739573538425,1.446961,0.5,0.568672,0.493924,0.454759,0.140145,0.016359,0,0.083667,0.168808,0.497358
2023-06-12,0,1,ok,0.1932963710426293,1.168726,0.5,0.568632,0.493922,0.310709,0.142043,0.017919,0,0.078929,0.171589,0.502588
2023-06-13,0,1,ok,0.1949737636318382,1.300157,0.5,0.568838,0.493934,0.378694,0.138636,0.017919,0,0.07897,0.172375,0.504066
2023-06-14,0,1,ok,0.1917505439342444,1.360307,0.5,0.571487,0.494085,0.40903,0.119253,0.017919,0,0.135991,0.147456,0.457217
2023-06-15,0,1,ok,0.1855645925533911,1.455858,0.5,0.572189,0.494125,0.45838,0.119197,0.017919,0,0.139449,0.148073,0.458378
2023-06-16,0,1,ok,0.1880477083767781,1.586504,0.75,0.568024,0.493887,0.52717,0.074658,0.017919,0,0.132835,0.135781,0.435269
2023-06-19,0,1,ok,0.1863854177464136,1.634327,0.75,0.568426,0.49391,0.55183,0.071949,0.038782,0,0.137054,0.134751,0.433332
2023-06-20,0,1,ok,0.1902304586029319,1.735464,0.75,0.57039,0.494022,0.603787,0.091396,0.038782,0,0.138521,0.141571,0.446154
2023-06-21,0,1,ok,0.1868944221283477,1.736188,0.75,0.569785,0.493988,0.604287,0.101684,0.038782,0,0.134013,0.141984,0.446931
2023-06-22,0,1,ok,0.187586685784015,1.576848,0.5,0.571347,0.494077,0.521349,0.107352,0.038782,0,0.135882,0.146973,0.45631
2023-06-23,0,1,ok,0.1891533574505984,1.586918,0.75,0.573491,0.494199,0.526043,0.127629,0.038782,0,0.141901,0.15168,0.465158
2023-06-26,0,1,ok,0.1843184837108101,1.547691,0.75,0.574339,0.494248,0.505464,0.127123,0.02969,0,0.143839,0.153814,0.469169
2023-06-27,0,1,ok,0.1855852419464702,1.50482,0.5,0.571655,0.494095,0.48392,0.129692,0.02969,0,0.140232,0.145486,0.453514
2023-06-28,0,1,ok,0.1829609271979161,1.454819,0.5,0.575201,0.494297,0.456992,0.130707,0.02969,0,0.142842,0.157826,0.476713
2023-06-29,0,1,ok,0.1820187067458631,1.435295,0.75,0.574018,0.49423,0.447188,0.148589,0.02969,0,0.144969,0.151852,0.465481
2023-06-30,0,1,ok,0.1844402034242157,1.490339,0.5,0.574749,0.494271,0.475569,0.155845,0.02969,0,0.135093,0.160852,0.482401
2023-07-03,0,1,ok,0.1858566324655951,1.539914,0.5,0.570148,0.494008,0.502508,0.157685,0.027719,0,0.137352,0.141344,0.445727
2023-07-04,0,1,ok,0.1867802567200363,1.55429,0.75,0.571573,0.49409,0.509595,0.149373,0.027719,0,0.136241,0.147641,0.457565
2023-07-05,0,1,ok,0.1840675431506022,1.725925,0.75,0.572645,0.494151,0.598374,0.140816,0.027719,0,0.133998,0.153247,0.468105
2023-07-06,0,1,ok,0.1893174502118569,1.833695,0.75,0.580892,0.494622,0.652805,0.137704,0.027719,0,0.152531,0.174215,0.507523
2023-07-07,0,1,ok,0.1840411434899593,1.903277,0.75,0.583959,0.494798,0.688564,0.11565,0.027719,0,0.160002,0.181656,0.521513
2023-07-10,0,1,ok,0.183003151401337,1.942373,0.75,0.588746,0.495071,0.70824,0.107013,0.041647,0,0.166418,0.196519,0.549455
2023-07-11,0,1,ok,0.1867830641169116,1.885434,0.5,0.587814,0.495018,0.678605,0.089791,0.041647,0,0.169576,0.190892,0.538877
2023-07-12,0,1,ok,0.1845976852963339,1.776117,0.5,0.580078,0.494576,0.622962,0.086687,0.041647,0,0.192567,0.146197,0.45485
2023-07-13,0,1,ok,0.1738015872436382,1.669174,0.5,0.584162,0.494809,0.566338,0.06214,0.041647,0,0.206483,0.153645,0.468853
2023-07-14,0,1,ok,0.1937164755404683,1.712022,0.75,0.578858,0.494506,0.589839,0.046936,0.041647,0,0.189835,0.143091,0.449011
2023-07-17,0,1,ok,0.1941617288694955,1.758007,0.5,0.580055,0.494575,0.613534,0.03788,0.04623,0,0.190904,0.147137,0.456617
2023-07-18,0,1,ok,0.1984572682339335,1.836708,0.5,0.580811,0.494618,0.654389,0.047017,0.04623,0,0.190184,0.150559,0.46305
2023-07-19,0,1,ok,0.1960732107766079,1.850797,0.75,0.574524,0.494259,0.662835,0.048177,0.04623,0,0.178408,0.133116,0.430258
2023-07-20,0,1,ok,0.2136110546012563,2.10189,0.75,0.570096,0.494005,0.793715,0.047897,0.04623,0,0.149848,0.13339,0.430773
2023-07-21,0,1,ok,0.2021934500185036,2.141579,0.75,0.578155,0.494466,0.813502,0.047476,0.04623,0,0.189808,0.140338,0.443835
2023-07-24,0,1,ok,0.2076312283800332,2.051289,0.5,0.574344,0.494248,0.766983,0.049808,0.056668,0,0.155703,0.146479,0.45538
2023-07-25,0,1,ok,0.2164796043190233,1.755622,0.5,0.571844,0.494105,0.613943,0.050529,0.056668,0,0.148397,0.141171,0.445401
2023-07-26,0,1,ok,0.22114870627334,1.748521,0.75,0.570826,0.494047,0.610466,0.053779,0.056668,0,0.153376,0.134078,0.432067
2023-07-27,0,1,ok,0.2246755926753008,1.821803,0.75,0.579542,0.494545,0.646856,0.053294,0.056668,0,0.171217,0.157321,0.475763
2023-07-28,0,1,ok,0.2147486319325104,1.76787,0.5,0.565785,0.493759,0.621485,0.056514,0.056668,0,0.149269,0.116784,0.399554
2023-07-31,0,1,ok,0.2135579854499339,1.795658,0.75,0.569533,0.493973,0.635144,0.057277,0.046585,0,0.153538,0.128889,0.422312
2023-08-01,0,1,ok,0.2166363131449322,1.832095,0.75,0.570217,0.494012,0.653896,0.053139,0.046585,0,0.14925,0.134239,0.43237
2023-08-02,0,1,ok,0.2380540165830827,2.185909,0.75,0.588067,0.495032,0.835721,0.088077,0.046585,0,0.17899,0.186055,0.529783
2023-08-03,0,0,deploy_downside_veto,0.2416934265540163,2.18505,0.75,0.591721,0.495241,0.834956,0.08981,0.046585,0,0.190026,0.193592,0.543954
2023-08-04,0,1,ok,0.2514056881297722,2.168844,0.75,0.5971,0.495549,0.825973,0.123817,0.046585,1,0.189976,0.217237,0.579527
2023-08-07,0,0,deploy_downside_veto,0.2423584670375412,1.884642,0.5,0.588382,0.49505,0.678096,0.133024,0.0,0,0.183215,0.184675,0.52719
2023-08-08,0,1,ok,0.2522040003046479,1.905049,0.75,0.589992,0.495142,0.688508,0.138853,0.0,0,0.181537,0.19205,0.541055
2023-08-09,0,1,ok,0.1910147404213956,1.92865,0.75,0.589612,0.495121,0.700925,0.142159,0.0,0,0.194696,0.182397,0.522907
2023-08-10,0,1,ok,0.1917419757824394,1.969418,0.5,0.586931,0.494967,0.722654,0.148054,0.0,0,0.188537,0.175665,0.510251
2023-08-11,0,1,ok,0.1969436587750413,1.958723,0.75,0.574142,0.494237,0.718943,0.145477,0.0,0,0.16283,0.141266,0.44558
2023-08-14,0,1,ok,0.1931798001026756,1.775465,0.5,0.574631,0.494265,0.62369,0.151436,0.034379,0,0.159276,0.145396,0.453344
2023-08-15,0,1,ok,0.1909509612732382,1.88619,0.75,0.58638,0.494936,0.679242,0.156511,0.034379,0,0.188448,0.173554,0.506281
2023-08-16,0,1,ok,0.191869750490647,1.914007,0.75,0.585962,0.494912,0.693844,0.146627,0.034379,0,0.19188,0.169781,0.499188
2023-08-17,0,1,ok,0.1932514537264477,2.074263,0.75,0.588397,0.495051,0.777288,0.145768,0.034379,0,0.192469,0.178999,0.516518
2023-08-18,0,1,ok,0.1941198561068141,1.923151,0.75,0.589727,0.495127,0.698028,0.125388,0.034379,0,0.195329,0.18246,0.523024
2023-08-21,0,1,ok,0.1878721836753128,1.66622,0.5,0.607702,0.496154,0.559382,0.12933,0.017227,1,0.203471,0.274511,0.600398
2023-08-22,0,1,ok,0.1920757855233157,1.603178,0.75,0.615831,0.496619,0.524023,0.121076,0.017227,1,0.255646,0.27391,0.600182
2023-08-23,0,1,ok,0.1876034435079014,1.492729,0.5,0.591318,0.495218,0.472269,0.114111,0.017227,0,0.203388,0.183726,0.525405
2023-08-24,0,1,ok,0.1945738366435822,1.820321,0.75,0.590889,0.495194,0.643981,0.116381,0.017227,0,0.194321,0.187657,0.532795
2023-08-25,0,1,ok,0.1959932275953002,1.715796,0.5,0.571711,0.494098,0.593316,0.120359,0.017227,0,0.148431,0.140626,0.444377
2023-08-28,0,1,ok,0.199257340372134,1.787482,0.5,0.5795,0.494543,0.628993,0.11506,0.037452,0,0.167376,0.159537,0.47993
2023-08-29,0,1,ok,0.1960390063699035,1.426905,0.5,0.57399,0.494228,0.44284,0.11102,0.037452,0,0.153195,0.146641,0.455686
2023-08-30,0,1,ok,0.1977344201177462,1.485349,0.5,0.577829,0.494447,0.472133,0.109919,0.037452,0,0.15706,0.159353,0.479584
2023-08-31,0,1,ok,0.189433140002291,1.555803,0.5,0.58057,0.494604,0.508085,0.103833,0.037452,0,0.16934,0.162529,0.485555
2023-09-01,0,1,ok,0.1956448392725589,1.796482,0.75,0.572182,0.494125,0.63507,0.10639,0.037452,0,0.154898,0.138473,0.440329
2023-09-04,0,1,ok,0.1916793287452447,1.870817,0.75,0.575953,0.49434,0.67299,0.090508,0.043524,0,0.168289,0.145013,0.452625
2023-09-05,0,1,ok,0.1961383608027317,1.898287,0.5,0.572647,0.494151,0.687804,0.086749,0.043524,0,0.154273,0.140688,0.444494
2023-09-06,0,1,ok,0.2145779811898627,1.974655,0.75,0.566506,0.4938,0.728293,0.091969,0.043524,0,0.095584,0.152898,0.467448
2023-09-07,0,1,ok,0.2136290049299454,2.016228,0.75,0.565086,0.493719,0.749978,0.081866,0.043524,0,0.096994,0.146438,0.455303
2023-09-08,0,1,ok,0.2255077697291287,1.984581,0.5,0.566668,0.49381,0.733404,0.076695,0.043524,0,0.10081,0.150299,0.462561
2023-09-11,0,1,ok,0.2220582625472916,1.764231,0.5,0.565466,0.493741,0.619666,0.083856,0.042438,0,0.096758,0.148078,0.458387
2023-09-12,0,1,ok,0.2193312766683647,1.785884,0.75,0.564595,0.493691,0.631025,0.087703,0.042438,0,0.097909,0.143938,0.450603
2023-09-13,0,1,ok,0.2267989517056338,1.750934,0.5,0.559634,0.493408,0.613956,0.084847,0.042438,0,0.098032,0.124336,0.413751
2023-09-14,0,1,ok,0.2190233709253967,1.781917,0.5,0.558372,0.493336,0.630165,0.098757,0.042438,0,0.094446,0.121593,0.408595
2023-09-15,0,1,ok,0.2164827725053869,1.852874,0.75,0.569691,0.493982,0.664755,0.103533,0.042438,0,0.099242,0.163165,0.48675
2023-09-18,0,1,ok,0.2280058908493991,1.875766,0.5,0.571887,0.494108,0.676246,0.103553,0.042746,0,0.106389,0.167379,0.494673
2023-09-19,0,1,ok,0.2213367636720617,1.950471,0.75,0.572763,0.494158,0.714862,0.103518,0.042746,0,0.105956,0.171094,0.501656
2023-09-20,0,1,ok,0.2203274314612933,1.899729,0.75,0.576756,0.494386,0.687887,0.110035,0.042746,0,0.10063,0.190108,0.537403
2023-09-21,0,1,ok,0.2256734895137095,2.072761,0.75,0.580116,0.494578,0.777466,0.114453,0.042746,0,0.099367,0.204116,0.563738
2023-09-22,0,1,ok,0.2367323328508342,2.026914,0.75,0.58105,0.494631,0.753466,0.116307,0.042746,1,0.097979,0.20865,0.572263
2023-09-25,0,1,ok,0.2396052685619129,1.8456,0.5,0.580641,0.494608,0.659053,0.125152,0.022815,1,0.103643,0.203531,0.562639
2023-09-26,0,1,ok,0.2374156533572419,1.810198,0.75,0.579911,0.494566,0.640745,0.139196,0.022815,0,0.097291,0.204594,0.564637
2023-09-27,0,0,deploy_downside_veto,0.2430965912234375,1.813252,0.5,0.581922,0.494681,0.641961,0.143391,0.022815,1,0.106476,0.206815,0.568811
2023-09-28,0,1,ok,0.2538960872805208,1.80739,0.5,0.581485,0.494656,0.638987,0.128555,0.022815,1,0.100107,0.209044,0.573003
2023-09-29,0,1,ok,0.2294317016179233,1.712364,0.5,0.583145,0.494751,0.5891,0.122959,0.022815,1,0.101354,0.21726,0.579536
2023-10-02,0,0,deploy_downside_veto,0.2530270560821684,1.69104,0.5,0.618021,0.496744,0.570155,0.132863,0.0,1,0.195448,0.353202,0.62815
2023-10-03,0,1,ok,0.2462385205232692,1.930225,0.75,0.580021,0.494573,0.703239,0.13321,0.0,1,0.100978,0.202742,0.561156
2023-10-04,0,1,ok,0.2306303836940797,1.797951,0.5,0.604032,0.495945,0.629715,0.128231,0.0,1,0.210418,0.242289,0.58873
2023-10-05,0,1,ok,0.2282899864267188,1.87288,0.75,0.602714,0.495869,0.669465,0.120705,0.0,1,0.208883,0.235019,0.586071
2023-10-06,0,1,ok,0.2205548643981051,1.573461,0.5,0.61867,0.496781,0.507508,0.144995,0.0,1,0.301579,0.24418,0.58942
2023-10-09,0,1,ok,0.2228545160277098,1.644173,0.5,0.602386,0.495851,0.548998,0.139769,0.016816,1,0.206265,0.23559,0.58628
2023-10-10,0,1,ok,0.219886813576955,1.596072,0.5,0.599447,0.495683,0.524387,0.115643,0.016816,1,0.20424,0.217919,0.57978
2023-10-11,0,1,ok,0.2165520098318489,1.665091,0.5,0.598088,0.495605,0.561016,0.116341,0.016816,1,0.199254,0.214053,0.578349
2023-10-12,0,1,ok,0.2244398251848436,1.753564,0.75,0.600828,0.495762,0.606968,0.116528,0.016816,1,0.208587,0.222611,0.581511
2023-10-13,0,1,ok,0.2276689225394262,1.857788,0.75,0.608751,0.496214,0.660429,0.13403,0.016816,1,0.213618,0.270794,0.599061
2023-10-16,0,1,ok,0.2292611730377052,1.796382,0.5,0.597818,0.49559,0.6301,0.151463,0.019083,1,0.211871,0.204049,0.563611
2023-10-17,0,1,ok,0.2249625432141223,1.797343,0.75,0.608307,0.496189,0.628556,0.150572,0.019083,1,0.274007,0.206814,0.56881
2023-10-18,0,1,ok,0.2203082111445523,1.849167,0.75,0.597862,0.495592,0.657841,0.162485,0.019083,1,0.204592,0.208733,0.572417
2023-10-19,0,1,ok,0.2281076661143942,2.043251,0.75,0.596922,0.495538,0.759994,0.163297,0.019083,1,0.209721,0.201853,0.559483
2023-10-20,0,1,ok,0.2245931785605108,2.095822,0.75,0.593037,0.495316,0.788052,0.168499,0.019083,0,0.191404,0.197918,0.552086
2023-10-23,0,1,ok,0.2322693371265756,1.891837,0.5,0.617909,0.496738,0.676868,0.168827,0.018084,1,0.284364,0.257366,0.594212
2023-10-24,0,1,ok,0.2310396111602606,1.696901,0.5,0.609773,0.496273,0.575131,0.166947,0.018084,1,0.279679,0.209066,0.573044
2023-10-25,0,1,ok,0.2323326338701162,1.785529,0.75,0.60934,0.496248,0.622105,0.168099,0.018084,1,0.27871,0.207961,0.570968
2023-10-26,0,1,ok,0.2257129296206129,1.982878,0.75,0.5961,0.495491,0.728388,0.187085,0.018084,1,0.196446,0.206847,0.568873
2023-10-27,0,1,ok,0.2295529734096133,1.996004,0.5,0.604564,0.495975,0.7341,0.182896,0.018084,1,0.208243,0.248197,0.590883
2023-10-30,0,1,ok,0.2285742393322931,1.631548,0.5,0.611611,0.496378,0.54011,0.179715,0.014447,1,0.278936,0.220606,0.580772
2023-10-31,0,1,ok,0.223370688627167,1.417869,0.5,0.602635,0.495865,0.429666,0.1762,0.014447,1,0.257728,0.19458,0.54581
2023-11-01,0,1,ok,0.2057815815400324,1.303329,0.5,0.588095,0.495034,0.374095,0.174721,0.014447,0,0.199384,0.173524,0.506225
2023-11-02,0,1,ok,0.2019515909381887,1.279642,0.5,0.583135,0.494751,0.363357,0.191662,0.014447,0,0.186909,0.161736,0.484064
2023-11-03,0,1,ok,0.2000567212423328,1.288491,0.5,0.582111,0.494692,0.368311,0.167063,0.014447,0,0.18043,0.161723,0.484038
2023-11-06,0,1,ok,0.2057016927810041,1.489538,0.5,0.578214,0.494469,0.474207,0.165707,0.024913,0,0.168983,0.15348,0.468542
2023-11-07,0,1,ok,0.2047482229113066,1.603688,0.5,0.578878,0.494507,0.533443,0.165838,0.024913,0,0.176602,0.151371,0.464578
2023-11-08,0,1,ok,0.2016700419825945,1.657787,0.5,0.59213,0.495265,0.558559,0.163804,0.024913,0,0.196837,0.190981,0.539044
2023-11-09,0,1,ok,0.19382106768691,1.738674,0.75,0.594907,0.495423,0.600374,0.113395,0.024913,0,0.203563,0.197739,0.551749
2023-11-10,0,1,ok,0.2017882118158079,1.629757,0.5,0.600546,0.495745,0.541846,0.11167,0.024913,0,0.219542,0.210027,0.574851
2023-11-13,0,1,ok,0.1922811203289096,1.690741,0.75,0.587855,0.49502,0.576779,0.100649,0.03465,0,0.180201,0.184468,0.5268
2023-11-14,0,1,ok,0.2005987708655242,1.457552,0.5,0.584498,0.494828,0.455783,0.097966,0.03465,0,0.188209,0.166294,0.492632
2023-11-15,0,1,ok,0.1900129572833603,1.702413,0.5,0.580951,0.494626,0.584384,0.099895,0.03465,0,0.173136,0.161675,0.48395
2023-11-16,0,1,ok,0.1909992607307176,1.66914,0.5,0.593633,0.49535,0.564166,0.102005,0.03465,0,0.196814,0.196912,0.550194
2023-11-17,0,1,ok,0.1892982447014755,1.860322,0.75,0.584323,0.494818,0.666082,0.102304,0.03465,0,0.183138,0.168749,0.497247
2023-11-20,0,1,ok,0.1941316421496725,1.72074,0.5,0.590982,0.495199,0.591801,0.100362,0.035157,0,0.187953,0.19197,0.540903
2023-11-21,0,1,ok,0.1892111979830304,1.790579,0.75,0.582448,0.494711,0.630038,0.102039,0.035157,0,0.175596,0.166041,0.492158
2023-11-22,0,1,ok,0.1893154181470711,1.755125,0.5,0.574604,0.494263,0.613131,0.097438,0.035157,0,0.163492,0.142678,0.448235
2023-11-23,0,1,ok,0.1902857363066223,1.868209,0.75,0.573808,0.494218,0.672,0.098718,0.035157,0,0.160703,0.141272,0.445591
2023-11-24,0,1,ok,0.1911095699266178,1.85084,0.75,0.571171,0.494067,0.663443,0.078082,0.035157,0,0.164128,0.12877,0.422087
2023-11-27,0,1,ok,0.1885881713655126,1.893053,0.75,0.573912,0.494224,0.684881,0.096606,0.043838,0,0.168994,0.136542,0.436698
2023-11-28,0,1,ok,0.1894823117751188,1.858993,0.5,0.571402,0.49408,0.667631,0.097668,0.043838,0,0.168605,0.126906,0.418583
2023-11-29,0,1,ok,0.1877601734757596,1.847412,0.75,0.577839,0.494448,0.660493,0.086088,0.043838,0,0.193137,0.137033,0.437622
2023-11-30,0,1,ok,0.1896810828697368,1.874819,0.75,0.574133,0.494236,0.675377,0.094103,0.043838,0,0.185876,0.126948,0.418663
2023-12-01,0,1,ok,0.1882226059066264,1.904829,0.5,0.573301,0.494189,0.691093,0.09603,0.043838,0,0.176196,0.129673,0.423785
2023-12-04,0,1,ok,0.1909502765801943,2.007984,0.75,0.57418,0.494239,0.744516,0.089636,0.048586,0,0.179699,0.130964,0.426212
2023-12-05,0,1,ok,0.1904727188175108,1.93785,0.5,0.576819,0.49439,0.707698,0.094501,0.048586,0,0.177707,0.142583,0.448057
2023-12-06,0,1,ok,0.189715474808909,1.975683,0.75,0.579497,0.494543,0.72699,0.094759,0.048586,0,0.180162,0.151597,0.465003
2023-12-07,0,1,ok,0.1881932617254995,1.728963,0.5,0.568667,0.493924,0.600775,0.11136,0.048586,0,0.165045,0.118349,0.402496
2023-12-08,0,1,ok,0.1913194828640948,1.749869,0.5,0.568793,0.493931,0.611574,0.122628,0.048586,0,0.17371,0.113472,0.393327
2023-12-11,0,1,ok,0.1891646708660895,1.699603,0.5,0.573034,0.494173,0.584633,0.115136,0.035635,0,0.179056,0.12685,0.418478
2023-12-12,0,1,ok,0.1887283773680773,1.817805,0.5,0.566935,0.493825,0.647092,0.113723,0.035635,0,0.165357,0.111338,0.389315
2023-12-13,0,1,ok,0.1877890164828671,1.809058,0.5,0.571469,0.494084,0.641726,0.108176,0.035635,0,0.172356,0.124845,0.414709
2023-12-14,0,1,ok,0.1887868712277728,1.941339,0.75,0.579409,0.494538,0.70912,0.104387,0.035635,0,0.195035,0.142035,0.447026
2023-12-15,0,1,ok,0.1877651898918775,2.013007,0.5,0.577027,0.494402,0.74675,0.102649,0.035635,0,0.188775,0.136538,0.436692
2023-12-18,0,1,ok,0.1892690970049061,2.082227,0.5,0.566383,0.493793,0.783942,0.10901,0.049766,0,0.167772,0.107671,0.382421
2023-12-19,0,1,ok,0.1882246513401099,2.028873,0.5,0.563018,0.493601,0.756773,0.098768,0.049766,0,0.156769,0.101249,0.370347
2023-12-20,0,1,ok,0.1884785734245969,2.191521,0.75,0.58692,0.494967,0.838753,0.139559,0.049766,0,0.209643,0.162538,0.485571
2023-12-21,0,1,ok,0.1911319107963872,2.158997,0.5,0.59398,0.49537,0.821092,0.143074,0.049766,0,0.244122,0.168951,0.497627
2023-12-22,0,1,ok,0.1876080408630241,2.203858,0.5,0.591335,0.495219,0.844843,0.134082,0.049766,0,0.2348,0.164323,0.488927
2023-12-25,0,1,ok,0.1872751850661483,2.097684,0.75,0.587249,0.494986,0.789666,0.132955,0.026123,0,0.220508,0.157099,0.475346
2023-12-26,0,1,ok,0.1871966663377898,2.170483,0.5,0.588517,0.495058,0.827612,0.133375,0.026123,0,0.228646,0.157047,0.475249
2023-12-27,0,1,ok,0.1976622289648237,2.167781,0.5,0.567638,0.493865,0.828076,0.136962,0.026123,0,0.153553,0.121423,0.408274
2023-12-28,0,1,ok,0.206535159167711,2.181497,0.75,0.566898,0.493823,0.835237,0.135013,0.026123,0,0.153703,0.118418,0.402626
2023-12-29,0,1,ok,0.1987787733337556,2.252961,0.75,0.569774,0.493987,0.872015,0.134882,0.026123,0,0.165365,0.122507,0.410313
2024-01-01,0,1,ok,0.2008244059299421,2.258008,0.75,0.567615,0.493864,0.87477,0.129138,0.052356,0,0.159526,0.117629,0.401142
2024-01-02,0,1,ok,0.214065459609114,2.374507,0.75,0.589455,0.495112,0.934316,0.127586,0.052356,0,0.206005,0.174771,0.50857
2024-01-03,0,1,ok,0.2114975684872662,2.336621,0.75,0.586962,0.494969,0.914597,0.092184,0.052356,0,0.197841,0.170022,0.499641
2024-01-04,0,1,ok,0.2189690770249881,2.291337,0.75,0.590862,0.495192,0.890703,0.071752,0.052356,0,0.213396,0.175728,0.510369
2024-01-05,0,1,ok,0.2108234569974961,2.06642,0.5,0.584785,0.494845,0.773613,0.074664,0.052356,0,0.199356,0.160514,0.481766
2024-01-08,0,1,ok,0.2004434006781631,1.811533,0.5,0.585288,0.494874,0.640433,0.093497,0.023796,0,0.211185,0.155162,0.471704
2024-01-09,0,1,ok,0.2056248057827336,1.810121,0.5,0.577665,0.494438,0.641124,0.093037,0.023796,0,0.185317,0.141194,0.445445
2024-01-10,0,1,ok,0.2166865175454894,1.79292,0.5,0.580397,0.494594,0.631653,0.093882,0.023796,0,0.179523,0.155537,0.47241
2024-01-11,0,1,ok,0.2122209744377075,1.977733,0.5,0.597716,0.495584,0.725453,0.099396,0.023796,1,0.218995,0.199229,0.554551
2024-01-12,0,1,ok,0.2220275874531595,1.9589,0.75,0.598958,0.495655,0.715367,0.100412,0.023796,1,0.23299,0.195442,0.547431
2024-01-15,0,1,ok,0.2224275578481865,1.99817,0.75,0.568694,0.493925,0.74016,0.100412,0.047747,0,0.149841,0.12788,0.420415
2024-01-16,0,1,ok,0.2284414306346348,2.011224,0.75,0.588868,0.495078,0.744248,0.100874,0.047747,0,0.206917,0.171895,0.503163
2024-01-17,0,1,ok,0.2197820845388151,2.067389,0.75,0.593001,0.495314,0.773146,0.08345,0.047747,1,0.225605,0.176576,0.511964
2024-01-18,0,1,ok,0.19894442104025,1.949897,0.5,0.597561,0.495575,0.710843,0.095326,0.047747,1,0.260272,0.173037,0.505309
2024-01-19,0,1,ok,0.2028596719783627,1.790722,0.5,0.597507,0.495572,0.627185,0.106012,0.047747,0,0.237082,0.187196,0.531928
2024-01-22,0,1,ok,0.2086934712417278,1.773037,0.5,0.580429,0.494596,0.621289,0.099155,0.023127,0,0.20034,0.142759,0.448387
2024-01-23,0,1,ok,0.2029846688665143,1.898774,0.5,0.571296,0.494074,0.688275,0.097156,0.023127,0,0.172037,0.124362,0.413801
2024-01-24,0,1,ok,0.193739087279029,2.049369,0.5,0.593409,0.495338,0.763646,0.093095,0.023127,0,0.228175,0.176589,0.511987
2024-01-25,0,1,ok,0.1932760295994948,2.065427,0.5,0.583321,0.494761,0.773268,0.08163,0.023127,0,0.206692,0.150203,0.462381
2024-01-26,0,1,ok,0.1935555377426424,2.154217,0.75,0.587417,0.494995,0.819206,0.076773,0.023127,0,0.225087,0.154921,0.471252
2024-01-29,0,1,ok,0.1933557561575879,2.086654,0.5,0.586479,0.494942,0.783987,0.075346,0.030616,0,0.223228,0.152382,0.466478
2024-01-30,0,1,ok,0.1937133918882399,2.097814,0.75,0.582418,0.49471,0.790264,0.080466,0.030616,0,0.20478,0.147835,0.45793
2024-01-31,0,1,ok,0.1932899176602062,2.146802,0.75,0.594092,0.495377,0.814682,0.161077,0.030616,0,0.234609,0.17529,0.509545
2024-02-01,0,1,ok,0.1935205281168873,2.026883,0.5,0.585025,0.494859,0.752938,0.154917,0.030616,0,0.204156,0.158481,0.477944
2024-02-02,0,1,ok,0.1939741656189146,1.751586,0.5,0.591436,0.495225,0.607865,0.185826,0.030616,0,0.225579,0.170434,0.500416
2024-02-05,0,1,ok,0.193337459682058,1.581371,0.75,0.595992,0.495485,0.517529,0.186629,0.014516,0,0.237506,0.180972,0.520227
2024-02-06,0,1,ok,0.1936108534353675,1.730052,0.75,0.583404,0.494766,0.598273,0.186911,0.014516,0,0.200041,0.154655,0.470751
2024-02-07,0,1,ok,0.193841928861154,1.789679,0.5,0.579714,0.494555,0.630096,0.191605,0.014516,0,0.168077,0.159946,0.480699
2024-02-08,0,1,ok,0.1938141234859159,1.768527,0.5,0.580951,0.494626,0.618836,0.191757,0.014516,0,0.181787,0.156314,0.473871
2024-02-09,0,1,ok,0.1933902390736912,1.698774,0.5,0.583292,0.49476,0.581978,0.193259,0.014516,0,0.183852,0.164246,0.488783
2024-02-12,0,1,ok,0.1935766945867298,1.881523,0.75,0.590658,0.49518,0.676079,0.194388,0.019023,0,0.220469,0.170538,0.500612
2024-02-13,0,1,ok,0.1937478053584109,2.064537,0.75,0.609576,0.496261,0.769648,0.195199,0.019023,1,0.26422,0.222515,0.581476
2024-02-14,0,1,ok,0.1937517677454894,2.05069,0.5,0.604667,0.495981,0.762939,0.121656,0.019023,1,0.269878,0.195047,0.546688
2024-02-15,0,1,ok,0.193496760131076,1.982274,0.5,0.589765,0.495129,0.728973,0.121711,0.019023,0,0.213078,0.171604,0.502616
2024-02-16,0,1,ok,0.1937427702898484,1.913178,0.75,0.602456,0.495855,0.690747,0.072262,0.019023,0,0.252094,0.197367,0.551051
2024-02-19,0,1,ok,0.1935783216923545,2.01048,0.75,0.586734,0.494956,0.744144,0.071302,0.048996,0,0.195352,0.170664,0.500848
2024-02-20,0,1,ok,0.1940886207843972,2.103877,0.75,0.600841,0.495762,0.791422,0.08354,0.048996,0,0.233349,0.202631,0.560946
2024-02-21,0,1,ok,0.1834852830978815,2.035682,0.75,0.581913,0.494681,0.757927,0.072093,0.048996,0,0.123711,0.196097,0.548663
2024-02-22,0,1,ok,0.1812352531193421,1.744924,0.5,0.580995,0.494628,0.606527,0.121472,0.048996,0,0.128777,0.189344,0.535967
2024-02-23,0,1,ok,0.1816395199746563,1.670161,0.75,0.57846,0.494483,0.568138,0.12336,0.048996,0,0.128071,0.179807,0.518037
2024-02-26,0,1,ok,0.1815398148398855,1.633206,0.75,0.579033,0.494516,0.548772,0.123981,0.031951,0,0.1264,0.183097,0.524223
2024-02-27,0,1,ok,0.1832675248184642,1.905175,0.5,0.577199,0.494411,0.690646,0.121334,0.031951,0,0.121586,0.178862,0.516261
2024-02-28,0,1,ok,0.182000626824862,1.935692,0.75,0.578543,0.494488,0.706312,0.125323,0.031951,0,0.122815,0.183391,0.524775
2024-02-29,0,1,ok,0.1841170091272207,1.867101,0.5,0.572534,0.494145,0.671642,0.124502,0.031951,0,0.114401,0.164958,0.490121
2024-03-01,0,1,ok,0.1868507130580955,1.752537,0.5,0.570911,0.494052,0.612531,0.125447,0.031951,0,0.108275,0.162369,0.485254
2024-03-04,0,1,ok,0.1831577156464644,1.780502,0.75,0.575911,0.494338,0.626058,0.125161,0.036755,0,0.123039,0.172895,0.505043
2024-03-05,0,1,ok,0.188175960091884,2.020212,0.75,0.581532,0.494659,0.749911,0.149171,0.036755,0,0.126393,0.192934,0.542717
2024-03-06,0,1,ok,0.1857620410457939,2.072964,0.5,0.582671,0.494724,0.777276,0.148487,0.036755,0,0.125182,0.19817,0.552559
2024-03-07,0,1,ok,0.1841972877048312,1.860056,0.5,0.583044,0.494745,0.666166,0.109721,0.036755,0,0.128777,0.197408,0.551127
2024-03-08,0,1,ok,0.1889000518314332,1.819493,0.75,0.583563,0.494775,0.64491,0.113,0.036755,0,0.125826,0.201281,0.558409
2024-03-11,0,1,ok,0.1840705085967459,1.905871,0.75,0.585093,0.494862,0.689735,0.112836,0.02428,1,0.127324,0.206375,0.567985
2024-03-12,0,1,ok,0.1888668785848857,1.886463,0.5,0.574029,0.49423,0.68144,0.135402,0.02428,0,0.115481,0.170173,0.499926
2024-03-13,0,1,ok,0.1871406505318489,1.802595,0.75,0.573983,0.494228,0.637903,0.13158,0.02428,0,0.119225,0.167672,0.495223
2024-03-14,0,1,ok,0.1833771595219204,1.756625,0.75,0.573066,0.494175,0.614219,0.133175,0.02428,0,0.116815,0.165556,0.491244
2024-03-15,0,1,ok,0.1820739085026432,1.98194,0.75,0.573602,0.494206,0.731073,0.135507,0.02428,0,0.118566,0.16658,0.493171
2024-03-18,0,1,ok,0.1860490671582694,1.800282,0.5,0.574328,0.494247,0.636637,0.139924,0.036168,0,0.115554,0.171304,0.502052
2024-03-19,0,1,ok,0.1870367350635303,1.751423,0.5,0.573583,0.494205,0.611415,0.101098,0.036168,0,0.119812,0.165733,0.491577
2024-03-20,0,1,ok,0.1935092179714513,1.534194,0.5,0.572041,0.494117,0.499053,0.102444,0.036168,0,0.110258,0.165585,0.4913
2024-03-21,0,1,ok,0.1925487384848112,1.60994,0.5,0.574363,0.494249,0.537784,0.098908,0.036168,0,0.116805,0.170667,0.500854
2024-03-22,0,1,ok,0.1938657537181238,1.630689,0.5,0.571977,0.494113,0.549118,0.097214,0.036168,0,0.114845,0.162489,0.48548
2024-03-25,0,1,ok,0.1938214818599554,1.775609,0.75,0.569878,0.493993,0.624691,0.097501,0.040465,0,0.11541,0.15388,0.469294
2024-03-26,0,1,ok,0.1940152509145583,1.817583,0.75,0.573129,0.494179,0.645842,0.077522,0.040465,0,0.114648,0.167146,0.494235
2024-03-27,0,1,ok,0.1937696660884418,1.794369,0.5,0.573253,0.494186,0.633771,0.079879,0.040465,0,0.129064,0.1587,0.478356
2024-03-28,0,1,ok,0.1939121456788412,1.776675,0.75,0.571517,0.494087,0.624925,0.076988,0.040465,0,0.110415,0.163426,0.487241
2024-03-29,0,1,ok,0.1935053570934148,1.751427,0.75,0.57126,0.494072,0.611885,0.06934,0.040465,0,0.112634,0.161038,0.482752
2024-04-01,0,1,ok,0.1935365970856141,1.779485,0.5,0.574545,0.49426,0.625795,0.070236,0.043255,0,0.124631,0.16653,0.493076
2024-04-02,0,1,ok,0.1944158560362364,1.84117,0.75,0.582671,0.494724,0.656381,0.0758,0.043255,0,0.134644,0.192303,0.54153
2024-04-03,0,1,ok,0.1936049630916181,1.817061,0.5,0.574382,0.49425,0.64534,0.069297,0.043255,0,0.122988,0.166909,0.493789
2024-04-04,0,1,ok,0.1931302349878673,1.952857,0.75,0.584422,0.494824,0.714372,0.103283,0.043255,0,0.134255,0.199438,0.554943
2024-04-05,0,1,ok,0.1941497302138009,1.735177,0.5,0.583542,0.494774,0.600919,0.136515,0.043255,0,0.130936,0.198032,0.5523
2024-04-08,0,1,ok,0.1931768131669866,1.765161,0.75,0.584091,0.494805,0.616454,0.136852,0.03405,0,0.136799,0.196558,0.549528
2024-04-09,0,1,ok,0.1941560654101981,1.627429,0.5,0.584523,0.49483,0.544463,0.135429,0.03405,1,0.143796,0.193921,0.544571
2024-04-10,0,1,ok,0.1940442400269989,1.868778,0.75,0.58265,0.494723,0.670784,0.134581,0.03405,0,0.134116,0.192548,0.541989
2024-04-11,0,1,ok,0.1926699491775233,1.734415,0.5,0.582014,0.494687,0.600839,0.140033,0.03405,0,0.138707,0.1872,0.531936
2024-04-12,0,1,ok,0.1932139568766175,1.899936,0.75,0.577074,0.494404,0.687942,0.171184,0.03405,1,0.089755,0.1981,0.552427
2024-04-15,0,1,ok,0.1947546187441106,1.95295,0.75,0.579029,0.494516,0.715222,0.167594,0.022376,1,0.088436,0.206614,0.568435
2024-04-16,0,1,ok,0.1965840762258114,2.067038,0.75,0.586416,0.494938,0.773743,0.167667,0.022376,1,0.140676,0.203303,0.562209
2024-04-17,0,0,high_risk_veto,0.345401781289219,1.985355,0.75,0.593908,0.495366,0.73,0.177181,0.022376,1,0.187519,0.203754,0.563057
2024-04-18,0,0,high_risk_veto,0.3825487898931472,1.838985,0.75,0.58787,0.495021,0.654304,0.160036,0.022376,0,0.182364,0.183185,0.524387
2024-04-19,0,0,high_risk_veto,0.3258619313941566,2.001824,0.75,0.591329,0.495219,0.738993,0.13173,0.022376,0,0.173034,0.202582,0.560853
2024-04-22,0,0,high_risk_veto,0.3804941172014487,1.783862,0.5,0.589706,0.495126,0.625116,0.141811,0.0,0,0.16941,0.198443,0.553072
2024-04-23,0,0,high_risk_veto,0.2962210052959411,1.585795,0.5,0.589327,0.495104,0.521527,0.15758,0.0,0,0.171057,0.19593,0.548348
2024-04-24,0,0,high_risk_veto,0.3502961386552737,1.400979,0.5,0.591542,0.495231,0.424131,0.156596,0.0,1,0.183922,0.196671,0.549742
2024-04-25,0,0,high_risk_veto,0.3360765704196593,1.598634,0.75,0.592651,0.495294,0.527424,0.14703,0.0,1,0.181354,0.202627,0.56094
2024-04-26,0,0,high_risk_veto,0.3372310450675231,1.627254,0.5,0.583693,0.494782,0.544569,0.123979,0.0,0,0.166207,0.176763,0.512314
2024-04-29,0,0,high_risk_veto,0.3069545074768822,1.632233,0.5,0.585353,0.494877,0.546775,0.11843,0.0,0,0.165068,0.184,0.525921
2024-04-30,0,0,high_risk_veto,0.3308233901134647,1.762693,0.75,0.58733,0.49499,0.614515,0.132888,0.0,0,0.1684,0.189715,0.536664
2024-05-01,0,0,high_risk_veto,0.3192576854611707,1.964186,0.75,0.58711,0.494978,0.719893,0.121892,0.0,0,0.172842,0.186096,0.52986
2024-05-02,0,0,high_risk_veto,0.3149798906468627,1.845939,0.5,0.584131,0.494807,0.658609,0.123889,0.0,0,0.166356,0.178394,0.515381
2024-05-03,0,0,high_risk_veto,0.3998231224253893,1.454441,0.5,0.577193,0.494411,0.456233,0.113087,0.0,0,0.149763,0.161373,0.483382
2024-05-06,0,0,high_risk_veto,0.4082945740381342,1.290187,0.5,0.578203,0.494469,0.370478,0.114137,0.0,0,0.154813,0.162222,0.484977
2024-05-07,0,0,high_risk_veto,0.3972195181845093,1.417939,0.75,0.57557,0.494318,0.437724,0.103119,0.0,0,0.147182,0.156587,0.474384
2024-05-08,0,0,high_risk_veto,0.3240056720034428,1.607812,0.75,0.577087,0.494405,0.536023,0.103347,0.0,0,0.155389,0.15747,0.476043
2024-05-09,0,0,high_risk_veto,0.2815028222102912,1.664329,0.5,0.576852,0.494392,0.565467,0.10337,0.0,0,0.146113,0.162296,0.485117
2024-05-10,0,0,high_risk_veto,0.2796897302569481,1.630251,0.5,0.576234,0.494356,0.547893,0.09983,0.0,0,0.14913,0.157994,0.477029
2024-05-13,0,0,high_risk_veto,0.2724816973551443,1.598308,0.5,0.586797,0.49496,0.5287,0.100127,0.0,0,0.175188,0.183411,0.524813
2024-05-14,0,1,ok,0.2283955107286875,1.572025,0.5,0.585077,0.494862,0.515398,0.073366,0.0,0,0.175591,0.176391,0.511616
2024-05-15,0,1,ok,0.2011174648840723,1.439239,0.5,0.575497,0.494314,0.448813,0.051133,0.0,0,0.17822,0.137062,0.437676
2024-05-16,0,1,ok,0.1918923092178935,1.477409,0.75,0.581496,0.494657,0.466985,0.053436,0.0,0,0.191873,0.152209,0.466152
2024-05-17,0,1,ok,0.1936909783678694,1.540584,0.75,0.57867,0.494495,0.50065,0.050099,0.0,0,0.19472,0.139322,0.441925
2024-05-20,0,1,ok,0.2020489189906273,1.65829,0.5,0.580633,0.494608,0.561465,0.03534,0.025555,0,0.202188,0.14242,0.447749
2024-05-21,0,1,ok,0.1893179989526579,1.62118,0.5,0.579612,0.494549,0.542374,0.032504,0.025555,0,0.184537,0.149339,0.460758
2024-05-22,0,1,ok,0.1877450528535544,1.629902,0.75,0.581728,0.49467,0.546416,0.037562,0.025555,0,0.189634,0.154508,0.470475
2024-05-23,0,1,ok,0.1963968854802886,1.7148,0.75,0.589178,0.495096,0.589077,0.04669,0.025555,0,0.212394,0.169719,0.499071
2024-05-24,0,1,ok,0.1900491393470397,1.655793,0.5,0.581162,0.494638,0.560043,0.048948,0.025555,0,0.200887,0.145305,0.453173
2024-05-27,0,1,ok,0.1892595677189077,1.662679,0.75,0.577332,0.494419,0.5645,0.047732,0.041543,0,0.189518,0.137281,0.438088
2024-05-28,0,1,ok,0.1964146221297726,1.590417,0.5,0.592107,0.495263,0.523253,0.054124,0.041543,0,0.226595,0.172443,0.504193
2024-05-29,0,1,ok,0.188893578994649,1.736211,0.75,0.600447,0.49574,0.597911,0.055061,0.041543,0,0.254138,0.188197,0.53381
2024-05-30,0,1,ok,0.1885242928928188,1.841455,0.75,0.589763,0.495129,0.655255,0.085148,0.041543,0,0.219692,0.167499,0.494898
2024-05-31,0,1,ok,0.1922532002146302,1.861385,0.75,0.582465,0.494712,0.66696,0.084322,0.041543,0,0.193768,0.154848,0.471114
2024-06-03,0,1,ok,0.1914384454870198,1.695043,0.5,0.586744,0.494957,0.579274,0.086871,0.021826,0,0.210251,0.161468,0.48356
2024-06-04,0,1,ok,0.1976302739713119,1.471523,0.5,0.585499,0.494886,0.462796,0.088217,0.021826,0,0.200674,0.162504,0.485508
2024-06-05,0,1,ok,0.2062425978046135,1.223826,0.5,0.582422,0.49471,0.334487,0.100394,0.021826,0,0.185786,0.159626,0.480098
2024-06-06,0,1,ok,0.2107330254907927,1.261621,0.75,0.581417,0.494652,0.354534,0.098394,0.021826,0,0.18172,0.158192,0.477401
2024-06-07,0,1,ok,0.2026574466191872,1.328831,0.75,0.578694,0.494497,0.390431,0.105818,0.021826,0,0.189178,0.142853,0.448563
2024-06-10,0,1,ok,0.1998130818622804,1.514456,0.5,0.582245,0.4947,0.486095,0.10863,0.017498,0,0.202661,0.148468,0.45912
2024-06-11,0,1,ok,0.1973763463409633,1.4626,0.5,0.592125,0.495264,0.456254,0.105736,0.017498,0,0.228353,0.171426,0.50228
2024-06-12,0,1,ok,0.1909273449107711,1.327746,0.5,0.576076,0.494347,0.390696,0.105694,0.017498,0,0.120568,0.175075,0.509141
2024-06-13,0,1,ok,0.1863090073510293,1.287428,0.5,0.575534,0.494316,0.369918,0.08706,0.017498,0,0.122342,0.171842,0.503063
2024-06-14,0,1,ok,0.1875670787700696,1.265156,0.5,0.578115,0.494464,0.357483,0.086581,0.017498,0,0.123547,0.181251,0.520752
2024-06-17,0,1,ok,0.1879919453059728,1.268148,0.5,0.582,0.494686,0.357742,0.097349,0.02218,0,0.123534,0.196551,0.549516
2024-06-18,0,1,ok,0.1875478311836833,1.319735,0.75,0.574543,0.49426,0.387021,0.093136,0.02218,0,0.122238,0.168006,0.495852
2024-06-19,0,1,ok,0.187920486482893,1.39816,0.75,0.57444,0.494254,0.427782,0.088579,0.02218,0,0.125308,0.165698,0.491512
2024-06-20,0,1,ok,0.1985246990005052,1.578269,0.75,0.574646,0.494265,0.521267,0.088847,0.02218,0,0.124804,0.16682,0.493622
2024-06-21,0,1,ok,0.1936121652100421,1.614904,0.75,0.575967,0.494341,0.539979,0.080566,0.02218,0,0.129628,0.169029,0.497775
2024-06-24,0,1,ok,0.1957812793147952,1.714897,0.75,0.575955,0.49434,0.591952,0.078434,0.03969,0,0.12772,0.170165,0.499911
2024-06-25,0,1,ok,0.1953844996932516,1.507934,0.5,0.576488,0.494371,0.484242,0.078471,0.03969,0,0.128299,0.171903,0.503177
2024-06-26,0,1,ok,0.1967155315087186,1.433577,0.5,0.577701,0.49444,0.445236,0.084963,0.03969,0,0.129208,0.176116,0.511098
2024-06-27,0,1,ok,0.1967305114210035,1.288787,0.5,0.575744,0.494328,0.370555,0.079786,0.03969,0,0.130103,0.167858,0.495572
2024-06-28,0,1,ok,0.1964953417251158,1.479818,0.75,0.573081,0.494176,0.470563,0.078222,0.03969,0,0.122311,0.162209,0.484952
2024-07-01,0,1,ok,0.1934199149618557,1.466203,0.5,0.570586,0.494033,0.464191,0.067797,0.032796,0,0.119767,0.153966,0.469457
2024-07-02,0,1,ok,0.1925582459962581,1.422572,0.5,0.571995,0.494114,0.44117,0.065911,0.032796,0,0.122526,0.157799,0.476661
2024-07-03,0,1,ok,0.1888055865596715,1.3041,0.5,0.573431,0.494196,0.379259,0.068326,0.032796,0,0.122039,0.163756,0.487861
2024-07-04,0,1,ok,0.1884987645247207,1.379657,0.75,0.572046,0.494117,0.418896,0.068162,0.032796,0,0.119246,0.160033,0.480863
2024-07-05,0,1,ok,0.1907399536252769,1.39937,0.5,0.576102,0.494349,0.427916,0.064962,0.032796,0,0.127957,0.170598,0.500724
2024-07-08,0,1,ok,0.1903622980374826,1.477768,0.5,0.575418,0.49431,0.468855,0.058302,0.033555,0,0.126303,0.168932,0.497593
2024-07-09,0,1,ok,0.1908904612831924,1.487618,0.5,0.576713,0.494384,0.473619,0.058037,0.033555,0,0.12697,0.173613,0.506392
2024-07-10,0,1,ok,0.1961983075503561,1.494775,0.5,0.577921,0.494453,0.477011,0.061895,0.033555,0,0.157254,0.159596,0.480041
2024-07-11,0,1,ok,0.1946004587413489,1.711629,0.75,0.57801,0.494458,0.589815,0.106646,0.033555,0,0.155261,0.161184,0.483026
2024-07-12,0,1,ok,0.193057366243439,1.635676,0.5,0.578095,0.494463,0.550278,0.107814,0.033555,0,0.15444,0.162026,0.484608
2024-07-15,0,1,ok,0.1934289571776051,1.686729,0.5,0.576878,0.494393,0.577109,0.101103,0.036075,0,0.152935,0.158168,0.477355
2024-07-16,0,1,ok,0.1922835112612683,1.481088,0.75,0.577618,0.494435,0.469974,0.100603,0.036075,0,0.155456,0.159518,0.479893
2024-07-17,0,1,ok,0.1968431807825026,1.80831,0.75,0.588418,0.495052,0.638159,0.127388,0.036075,0,0.166139,0.195398,0.547349
2024-07-18,0,1,ok,0.1896704854671236,1.854912,0.75,0.590716,0.495184,0.662131,0.128929,0.036075,0,0.164471,0.205479,0.566301
2024-07-19,0,1,ok,0.19305658899402,1.903424,0.75,0.590351,0.495163,0.687599,0.129155,0.036075,0,0.16517,0.203607,0.56278
2024-07-22,0,1,ok,0.1868341133161596,1.482502,0.5,0.587212,0.494984,0.468055,0.144237,0.025071,0,0.174193,0.185662,0.529045
2024-07-23,0,1,ok,0.1882494906419397,1.478017,0.75,0.589269,0.495101,0.465135,0.143569,0.025071,0,0.180888,0.189609,0.536465
2024-07-24,0,1,ok,0.187946450266675,1.738809,0.75,0.593133,0.495322,0.600816,0.16383,0.025071,1,0.179918,0.205415,0.56618
2024-07-25,0,1,ok,0.1878710498200738,1.93436,0.75,0.591432,0.495225,0.703631,0.153486,0.025071,0,0.171764,0.203774,0.563096
2024-07-26,0,1,ok,0.1871760286442615,1.73827,0.5,0.589223,0.495098,0.60135,0.156976,0.025071,0,0.166105,0.198591,0.553351
2024-07-29,0,0,high_risk_veto,0.1897009504524332,1.322443,0.5,0.587483,0.494999,0.38429,0.149349,0.0,0,0.162684,0.193863,0.544462
2024-07-30,0,0,high_risk_veto,0.1935604975581406,1.331515,0.75,0.588874,0.495079,0.388588,0.14781,0.0,0,0.161513,0.200063,0.556119
2024-07-31,0,0,high_risk_veto,0.1924098754294346,1.140796,0.5,0.590247,0.495157,0.288283,0.147741,0.0,0,0.167032,0.202043,0.559841
2024-08-01,0,0,high_risk_veto,0.1941635166909744,1.347011,0.75,0.589158,0.495095,0.396607,0.167943,0.0,0,0.163195,0.200137,0.556257
2024-08-02,0,0,high_risk_veto,0.1956346847890744,1.313191,0.75,0.601184,0.495782,0.374974,0.226866,0.0,1,0.17987,0.255556,0.593556
2024-08-05,0,0,high_risk_veto,0.194030941293879,1.762991,0.75,0.614055,0.496517,0.60921,0.234664,0.0,1,0.181203,0.341467,0.624075
2024-08-06,0,0,high_risk_veto,0.1906385125446076,1.364977,0.5,0.614866,0.496564,0.397909,0.276416,0.0,1,0.183359,0.344683,0.625194
2024-08-07,0,0,high_risk_veto,0.2017664181368076,1.266402,0.75,0.591452,0.495226,0.353646,0.26847,0.0,0,0.176358,0.201006,0.557891
2024-08-08,0,0,high_risk_veto,0.200977012572452,0.72671,0.5,0.589584,0.495119,0.071778,0.315165,0.0,0,0.174265,0.194952,0.54651
2024-08-09,0,0,high_risk_veto,0.2011438179541244,0.792842,0.5,0.58993,0.495139,0.106233,0.311215,0.0,0,0.173018,0.197086,0.550522
2024-08-12,0,0,high_risk_veto,0.2011612670680705,0.667114,0.5,0.593116,0.495321,0.038806,0.310902,0.0,0,0.175669,0.207983,0.571007
2024-08-13,0,0,high_risk_veto,0.2011827061000265,0.716815,0.5,0.593684,0.495353,0.064591,0.320636,0.0,0,0.181046,0.206883,0.568939
2024-08-14,0,0,high_risk_veto,0.2015850397085076,0.75997,0.75,0.5794,0.494537,0.094017,0.316224,0.0,0,0.145379,0.172779,0.504824
2024-08-15,0,0,high_risk_veto,0.2014177497703568,0.59182,0.5,0.584281,0.494816,0.003936,0.329036,0.0,0,0.160242,0.182773,0.523613
2024-08-16,0,0,high_risk_veto,0.2015046681259249,0.870643,0.5,0.561271,0.493501,0.159575,0.266171,0.0,0,0.105181,0.126346,0.417531
2024-08-19,0,0,high_risk_veto,0.2015343744024776,0.808698,0.5,0.562711,0.493583,0.126975,0.17443,0.0,0,0.111342,0.128197,0.42101
2024-08-20,0,0,high_risk_veto,0.201267642289331,1.074539,0.75,0.565436,0.493739,0.263162,0.1771,0.0,0,0.117159,0.135315,0.434392
2024-08-21,0,0,high_risk_veto,0.2010604506293383,1.043605,0.5,0.569207,0.493955,0.245701,0.171517,0.0,0,0.128202,0.143309,0.44942
2024-08-22,0,0,high_risk_veto,0.2011307476187231,1.321592,0.75,0.579847,0.494563,0.386295,0.138256,0.0,0,0.155441,0.168301,0.496405
2024-08-23,0,0,high_risk_veto,0.200660978443164,1.203527,0.5,0.564676,0.493696,0.3301,0.137432,0.0,0,0.114258,0.134122,0.43215
2024-08-26,0,0,high_risk_veto,0.2007268784061203,1.315708,0.75,0.564167,0.493667,0.388227,0.136152,0.0,0,0.113043,0.13287,0.429796
2024-08-27,0,0,high_risk_veto,0.200580432895572,1.104668,0.5,0.563001,0.4936,0.279642,0.129341,0.0,0,0.110607,0.129792,0.424009
2024-08-28,0,0,high_risk_veto,0.2007034284583997,1.289626,0.75,0.580183,0.494582,0.369537,0.136168,0.0,0,0.157413,0.168402,0.496596
2024-08-29,0,0,high_risk_veto,0.2008945346765855,1.205638,0.75,0.559138,0.493379,0.333099,0.072152,0.0,0,0.114126,0.112408,0.391328
2024-08-30,0,0,high_risk_veto,0.2007223908928478,1.127047,0.5,0.557423,0.493281,0.293231,0.095397,0.0,0,0.108172,0.10935,0.385578
2024-09-02,0,0,high_risk_veto,0.2007212447637013,1.040616,0.75,0.556475,0.493227,0.249104,0.088223,0.0,0,0.107063,0.106309,0.379861
2024-09-03,0,0,high_risk_veto,0.2012577187856315,1.297406,0.75,0.593207,0.495326,0.36931,0.164466,0.0,1,0.196675,0.195321,0.547204
2024-09-04,0,0,high_risk_veto,0.1966411049693992,1.37785,0.75,0.579955,0.494569,0.415561,0.167203,0.0,0,0.128367,0.185508,0.528754
2024-09-05,0,0,high_risk_veto,0.1976296729923135,1.307662,0.5,0.579939,0.494568,0.37901,0.167603,0.0,0,0.129753,0.184586,0.527022
2024-09-06,0,0,high_risk_veto,0.1913946636639918,1.229503,0.75,0.579898,0.494566,0.338318,0.177188,0.0,0,0.123975,0.188005,0.53345
2024-09-09,0,0,high_risk_veto,0.1953902220522236,1.039258,0.5,0.582399,0.494708,0.238245,0.191477,0.0,0,0.127504,0.195658,0.547838
2024-09-10,0,0,high_risk_veto,0.1880366174346419,0.908498,0.5,0.579819,0.494561,0.171171,0.190194,0.0,0,0.127789,0.185331,0.528421
2024-09-11,0,0,weak_score,0.1874414022332906,0.442979,0.5,0.576317,0.494361,0.0,0.20381,0.0,0,0.118621,0.177231,0.513193
2024-09-12,0,0,weak_score,0.1935567518188758,0.511399,0.5,0.559059,0.493375,0.0,0.212645,0.0,0,0.08545,0.129872,0.424159
2024-09-13,0,1,ok,0.191325875873355,0.617235,0.5,0.552106,0.492977,0.033436,0.199663,0.0,0,0.071965,0.110867,0.38843
2024-09-16,0,1,ok,0.187732773601481,0.890616,0.75,0.557425,0.493281,0.17152,0.199361,0.002154,0,0.083637,0.124565,0.414183
2024-09-17,0,1,ok,0.1883541753549056,0.996329,0.75,0.561598,0.49352,0.224273,0.145711,0.002154,0,0.093952,0.134595,0.433039
2024-09-18,0,1,ok,0.1901990082597838,1.101075,0.75,0.5593,0.493389,0.279164,0.137383,0.002154,0,0.089383,0.128384,0.421363
2024-09-19,0,1,ok,0.1877207923547445,0.855348,0.5,0.555425,0.493167,0.154236,0.155644,0.002154,0,0.081879,0.117784,0.401434
2024-09-20,0,1,ok,0.1968904659113858,0.92519,0.75,0.546501,0.492657,0.193851,0.104324,0.002154,0,0.074651,0.087145,0.343833
2024-09-23,0,1,ok,0.1888914129170074,0.886715,0.5,0.547534,0.492716,0.173719,0.101634,0.015504,0,0.075458,0.09071,0.350535
2024-09-24,0,1,ok,0.194052667486497,1.102948,0.5,0.547876,0.492736,0.284343,0.099578,0.015504,0,0.075832,0.091824,0.352629
2024-09-25,0,1,ok,0.1945824083617327,1.094525,0.5,0.546912,0.492681,0.280383,0.094189,0.015504,0,0.072025,0.090389,0.349931
2024-09-26,0,1,ok,0.1902259692468361,1.097069,0.5,0.547162,0.492695,0.281594,0.08777,0.015504,0,0.075577,0.089173,0.347644
2024-09-27,0,1,ok,0.187430494560936,1.241489,0.75,0.548508,0.492772,0.355103,0.097877,0.015504,0,0.077853,0.093059,0.354951
2024-09-30,0,1,ok,0.190728834066899,1.238362,0.5,0.550319,0.492875,0.3529,0.098065,0.031433,0,0.083811,0.096493,0.361406
2024-10-01,0,1,ok,0.1884140940436568,1.413101,0.75,0.574751,0.494271,0.43545,0.128088,0.031433,0,0.124988,0.167119,0.494184
2024-10-02,0,1,ok,0.1835130573850514,1.316591,0.5,0.572443,0.49414,0.386058,0.128163,0.031433,0,0.156104,0.138751,0.440852
2024-10-03,0,1,ok,0.1905727935855762,1.345905,0.75,0.572331,0.494133,0.4013,0.09257,0.031433,0,0.161807,0.134776,0.433379
2024-10-04,0,1,ok,0.1968577686556815,1.136299,0.5,0.567395,0.493851,0.294372,0.129288,0.031433,0,0.154947,0.119601,0.40485
2024-10-07,0,1,ok,0.183714818149972,1.298838,0.75,0.57352,0.494201,0.376499,0.135196,0.021716,0,0.158246,0.141662,0.446324
2024-10-08,0,1,ok,0.1932713136752235,1.176145,0.5,0.572527,0.494144,0.313166,0.139556,0.021716,0,0.161372,0.135817,0.435336
2024-10-09,0,1,ok,0.1929758613584554,1.231521,0.5,0.572236,0.494128,0.341995,0.145398,0.021716,0,0.160684,0.135096,0.43398
2024-10-10,0,1,ok,0.1869529150201217,1.151433,0.75,0.572875,0.494164,0.300218,0.147038,0.021716,0,0.15613,0.140434,0.444015
2024-10-11,0,1,ok,0.1943025388391146,1.294046,0.5,0.56798,0.493885,0.375807,0.140729,0.021716,0,0.153934,0.122533,0.410363
2024-10-14,0,1,ok,0.1869897237680741,1.285424,0.5,0.568707,0.493926,0.371107,0.143334,0.021327,0,0.142495,0.132483,0.429068
2024-10-15,0,1,ok,0.1878186943517255,1.375726,0.75,0.568552,0.493917,0.417911,0.14245,0.021327,0,0.14497,0.13034,0.42504
2024-10-16,0,1,ok,0.1889100506704726,1.345577,0.75,0.571025,0.494059,0.401535,0.142539,0.021327,0,0.14663,0.139043,0.441401
2024-10-17,0,1,ok,0.1930044339063412,1.379766,0.5,0.570857,0.494049,0.41931,0.142629,0.021327,0,0.144665,0.139601,0.442451
2024-10-18,0,1,ok,0.2069312691370014,1.183107,0.5,0.568001,0.493886,0.318378,0.116747,0.021327,0,0.125455,0.140268,0.443705
2024-10-21,0,1,ok,0.2243910823270111,1.194739,0.5,0.569245,0.493957,0.323963,0.10883,0.020369,0,0.129621,0.14258,0.44805
2024-10-22,0,1,ok,0.2126616707430045,1.209086,0.5,0.565865,0.493764,0.332563,0.106414,0.020369,0,0.12553,0.131816,0.427814
2024-10-23,0,1,ok,0.2118558923953669,1.42011,0.75,0.565421,0.493738,0.441796,0.107165,0.020369,0,0.127017,0.129144,0.42279
2024-10-24,0,1,ok,0.2056228951268792,1.35931,0.5,0.56984,0.493991,0.409018,0.106316,0.020369,0,0.157532,0.12762,0.419925
2024-10-25,0,1,ok,0.1968965019976797,1.339323,0.5,0.571989,0.494114,0.397993,0.103686,0.020369,0,0.161688,0.133503,0.430986
2024-10-28,0,1,ok,0.2239015070831245,1.236693,0.75,0.564662,0.493695,0.347242,0.094854,0.023088,0,0.136015,0.120583,0.406696
2024-10-29,0,1,ok,0.1853003641946208,1.280422,0.5,0.576374,0.494364,0.366,0.059689,0.023088,0,0.176204,0.141764,0.446515
2024-10-30,0,1,ok,0.1991071820776777,1.434841,0.75,0.556404,0.493223,0.451965,0.061837,0.023088,0,0.078409,0.123789,0.412723
2024-10-31,0,1,ok,0.1995284282726295,1.699929,0.75,0.563858,0.493649,0.586771,0.117499,0.023088,0,0.078636,0.152984,0.46761
2024-11-01,0,1,ok,0.2107796032058775,1.715084,0.5,0.557596,0.493291,0.595905,0.129716,0.023088,0,0.049294,0.146524,0.455466
2024-11-04,0,1,ok,0.192847631503702,1.680441,0.75,0.563589,0.493634,0.576764,0.128862,0.035037,0,0.082178,0.149727,0.461486
2024-11-05,0,1,ok,0.1908005022656662,1.311105,0.5,0.562679,0.493582,0.38632,0.144652,0.035037,0,0.078398,0.148489,0.45916
2024-11-06,0,1,ok,0.1871397894706105,1.164113,0.5,0.560125,0.493436,0.311354,0.223823,0.035037,0,0.077422,0.139043,0.4414
2024-11-07,0,1,ok,0.1815784881276584,1.037392,0.5,0.567439,0.493854,0.243176,0.223965,0.035037,0,0.082098,0.164929,0.490067
2024-11-08,0,1,ok,0.1843702249026628,1.199992,0.5,0.553956,0.493083,0.331974,0.22387,0.035037,0,0.065509,0.12215,0.409642
2024-11-11,0,1,ok,0.181171704225941,1.491118,0.75,0.554684,0.493125,0.481379,0.223659,0.024117,0,0.065071,0.125288,0.415542
2024-11-12,0,1,ok,0.1911872271140814,1.665781,0.75,0.550079,0.492862,0.572178,0.223291,0.024117,0,0.063902,0.10789,0.382833
2024-11-13,0,1,ok,0.1836902184047848,1.693214,0.75,0.551686,0.492953,0.585906,0.221923,0.024117,0,0.064961,0.113555,0.393483
2024-11-14,0,1,ok,0.1904241296765682,1.733434,0.75,0.553278,0.493044,0.606227,0.190993,0.024117,0,0.066852,0.118648,0.403058
2024-11-15,0,1,ok,0.1950863899941182,1.898589,0.75,0.559666,0.493409,0.690048,0.209798,0.024117,0,0.077927,0.136925,0.437418
2024-11-18,0,1,ok,0.1928237461703287,1.764247,0.5,0.561393,0.493508,0.620473,0.201885,0.031844,0,0.079185,0.142941,0.448729
2024-11-19,0,1,ok,0.2003954370663024,1.581944,0.5,0.55996,0.493426,0.526785,0.197577,0.031844,0,0.080113,0.136728,0.437049
2024-11-20,0,1,ok,0.2083111100077778,1.350993,0.75,0.553252,0.493043,0.409782,0.084832,0.031844,0,0.044051,0.132678,0.429436
2024-11-21,0,1,ok,0.1952300742999789,1.406169,0.5,0.566323,0.49379,0.434326,0.090059,0.031844,0,0.089618,0.155876,0.473046
2024-11-22,0,1,ok,0.1916647474139178,1.488958,0.5,0.55224,0.492985,0.480921,0.090364,0.031844,0,0.067241,0.114322,0.394925
2024-11-25,0,1,ok,0.1871213293786109,1.475234,0.5,0.553913,0.493081,0.473423,0.095719,0.032581,0,0.070941,0.118612,0.402991
2024-11-26,0,1,ok,0.1941556067590867,1.427899,0.5,0.553174,0.493038,0.449308,0.103416,0.032581,0,0.068254,0.11737,0.400656
2024-11-27,0,1,ok,0.2167029545498012,1.472974,0.75,0.548179,0.492753,0.473812,0.108124,0.032581,0,0.045954,0.111534,0.389684
2024-11-28,0,1,ok,0.1957531793127444,1.447118,0.75,0.550112,0.492864,0.46003,0.104608,0.032581,0,0.067959,0.105504,0.378348
2024-11-29,0,1,ok,0.1928239193596785,1.393366,0.5,0.550144,0.492865,0.432454,0.07686,0.032581,0,0.072004,0.103121,0.373867
2024-12-02,0,1,ok,0.1917505788508226,1.227271,0.5,0.549645,0.492837,0.347437,0.077444,0.033007,0,0.070858,0.101869,0.371514
2024-12-03,0,1,ok,0.1944771220928051,1.235106,0.5,0.550634,0.492893,0.351126,0.078217,0.033007,0,0.076465,0.102285,0.372295
2024-12-04,0,1,ok,0.1922094487120339,1.239753,0.5,0.546722,0.49267,0.354804,0.078469,0.033007,0,0.066512,0.093058,0.354949
2024-12-05,0,1,ok,0.1933233424043597,1.379046,0.75,0.552879,0.493022,0.424302,0.075132,0.033007,0,0.077398,0.11054,0.387816
2024-12-06,0,1,ok,0.1920000673741985,1.32837,0.5,0.557082,0.493262,0.396974,0.07426,0.033007,0,0.085184,0.122258,0.409844
2024-12-09,0,1,ok,0.1973088922247789,1.537542,0.75,0.546197,0.49264,0.507393,0.062691,0.051232,0,0.064663,0.092141,0.353225
2024-12-10,0,1,ok,0.1992789978374619,1.554422,0.75,0.547382,0.492708,0.515738,0.04852,0.051232,0,0.065715,0.096153,0.360767
2024-12-11,0,1,ok,0.1975102481107017,1.493511,0.5,0.556208,0.493212,0.482204,0.058582,0.051232,0,0.086433,0.118042,0.401918
2024-12-12,0,1,ok,0.1993524810189506,1.51669,0.75,0.548164,0.492752,0.496213,0.059898,0.051232,0,0.073889,0.094162,0.357025
2024-12-13,0,1,ok,0.1962753646883376,1.482667,0.5,0.555265,0.493158,0.476879,0.062087,0.051232,0,0.08942,0.11248,0.391462
2024-12-16,0,1,ok,0.2086297621687517,1.593477,0.5,0.556136,0.493208,0.533649,0.06257,0.040316,0,0.066522,0.130103,0.424593
2024-12-17,0,1,ok,0.2035007609446336,1.626725,0.75,0.569205,0.493955,0.547712,0.068593,0.040316,0,0.112413,0.153088,0.467806
2024-12-18,0,1,ok,0.1912300828617551,2.062623,0.75,0.574738,0.494271,0.772822,0.133576,0.040316,0,0.099227,0.183036,0.524108
2024-12-19,0,1,ok,0.1968351487834174,2.170266,0.75,0.573514,0.494201,0.828842,0.136499,0.040316,0,0.104574,0.174904,0.50882
2024-12-20,0,1,ok,0.2255216382736513,1.966377,0.5,0.56234,0.493562,0.724604,0.142873,0.040316,0,0.073175,0.150392,0.462736
2024-12-23,0,1,ok,0.2288341406486488,1.464433,0.5,0.559094,0.493377,0.466452,0.153537,0.027021,0,0.072754,0.137879,0.439212
2024-12-24,0,1,ok,0.1993221829881768,1.299052,0.5,0.557699,0.493297,0.381688,0.158257,0.027021,0,0.096164,0.117877,0.40161
2024-12-25,0,1,ok,0.2042895785465118,1.4092,0.75,0.573425,0.494196,0.433814,0.15187,0.027021,0,0.169582,0.13426,0.432408
2024-12-26,0,1,ok,0.2073842566016614,1.5403,0.75,0.572033,0.494116,0.502222,0.15161,0.027021,0,0.162031,0.133463,0.430911
2024-12-27,0,1,ok,0.2055354623523305,1.82314,0.75,0.57352,0.494201,0.648655,0.157021,0.027021,0,0.174565,0.131545,0.427305
2024-12-30,0,1,ok,0.2054672612509714,1.939875,0.75,0.587278,0.494987,0.707158,0.177305,0.020963,0,0.213347,0.161652,0.483905
2024-12-31,0,1,ok,0.2088235910315526,1.990585,0.75,0.586571,0.494947,0.733768,0.176857,0.020963,0,0.176437,0.18175,0.521689
2025-01-01,0,1,ok,0.2015357960883647,1.823663,0.75,0.589207,0.495098,0.646044,0.135623,0.020963,0,0.20962,0.171552,0.502518
2025-01-02,0,1,ok,0.2057232547515217,1.711463,0.75,0.586019,0.494915,0.588012,0.13502,0.020963,0,0.206522,0.160928,0.482546
2025-01-03,0,1,ok,0.2085839202127723,1.479173,0.5,0.569873,0.493993,0.471109,0.149726,0.020963,0,0.142185,0.137264,0.438057
2025-01-06,0,1,ok,0.2095337482202215,1.404069,0.5,0.569849,0.493991,0.432205,0.141502,0.024853,0,0.150803,0.131829,0.427838
2025-01-07,0,1,ok,0.2002958953872994,1.600914,0.75,0.58517,0.494867,0.530462,0.133844,0.024853,0,0.212551,0.15385,0.469237
2025-01-08,0,1,ok,0.2117016549822893,1.769725,0.75,0.579769,0.494558,0.619694,0.133724,0.024853,0,0.176382,0.155015,0.471428
2025-01-09,0,1,ok,0.2033026647497255,1.872535,0.75,0.586752,0.494957,0.672042,0.133927,0.024853,0,0.21134,0.160827,0.482355
2025-01-10,0,1,ok,0.2168825015352778,1.844223,0.75,0.597347,0.495563,0.655336,0.134202,0.024853,0,0.251574,0.177583,0.513857
2025-01-13,0,1,ok,0.2427837825741112,1.884363,0.75,0.585196,0.494868,0.678486,0.104085,0.040774,0,0.190341,0.16772,0.495314
2025-01-14,0,1,ok,0.2119144177833149,1.909047,0.75,0.583661,0.494781,0.691624,0.10309,0.040774,0,0.166349,0.176548,0.51191
2025-01-15,0,1,ok,0.2150579999957104,1.508693,0.5,0.574869,0.494278,0.48507,0.108644,0.040774,0,0.153522,0.149898,0.461807
2025-01-16,0,1,ok,0.2082277922329432,1.547063,0.75,0.581069,0.494633,0.503402,0.109674,0.040774,0,0.165796,0.166692,0.493381
2025-01-17,0,1,ok,0.2095258970112152,1.374379,0.5,0.573464,0.494198,0.415728,0.093228,0.040774,0,0.153123,0.144616,0.451878
2025-01-20,0,1,ok,0.2170527035125912,1.631691,0.75,0.574477,0.494256,0.549053,0.087094,0.036062,0,0.153645,0.148279,0.458765
2025-01-21,0,1,ok,0.2013462554967962,1.508768,0.5,0.575548,0.494317,0.484928,0.081797,0.036062,0,0.169722,0.142531,0.447959
2025-01-22,0,1,ok,0.2013588929653792,1.551626,0.5,0.571605,0.494092,0.508205,0.087833,0.036062,0,0.151954,0.138025,0.439487
2025-01-23,0,1,ok,0.2075060904203697,1.521514,0.5,0.567626,0.493864,0.493636,0.091401,0.036062,0,0.121277,0.141381,0.445795
2025-01-24,0,1,ok,0.2013399975144977,1.635045,0.75,0.558221,0.493327,0.554556,0.082109,0.036062,0,0.119527,0.105451,0.378248
2025-01-27,0,1,ok,0.2087539021712635,2.001501,0.75,0.56695,0.493826,0.742118,0.145269,0.042704,0,0.109026,0.146314,0.45507
2025-01-28,0,1,ok,0.2113730737508859,1.791697,0.5,0.565819,0.493761,0.633797,0.149731,0.042704,0,0.105075,0.144313,0.451308
2025-01-29,0,1,ok,0.2080483009436822,1.703517,0.75,0.561739,0.493528,0.589073,0.147627,0.042704,0,0.09581,0.133997,0.431913
2025-01-30,0,1,ok,0.206014203322073,1.367739,0.5,0.564137,0.493665,0.415113,0.145775,0.042704,0,0.120167,0.128337,0.421273
2025-01-31,0,1,ok,0.2077834648864813,1.575941,0.75,0.56275,0.493586,0.523005,0.141353,0.042704,0,0.096976,0.137256,0.438041
2025-02-03,0,1,ok,0.2044469131803231,1.650167,0.75,0.575838,0.494334,0.558336,0.146139,0.031051,0,0.146308,0.158184,0.477386
2025-02-04,0,1,ok,0.2131583885085734,1.580503,0.5,0.573479,0.494199,0.522716,0.144432,0.031051,0,0.114793,0.168434,0.496656
2025-02-05,0,1,ok,0.1987806116111629,1.51627,0.5,0.567293,0.493845,0.49101,0.135315,0.031051,0,0.125595,0.137393,0.438298
2025-02-06,0,1,ok,0.2005638359781564,1.38037,0.5,0.578255,0.494472,0.417389,0.129347,0.031051,0,0.153894,0.162992,0.486425
2025-02-07,0,1,ok,0.215749934980412,1.630376,0.75,0.568727,0.493927,0.549715,0.130399,0.031051,0,0.108478,0.153647,0.468856
2025-02-10,0,1,ok,0.204427267106155,1.565638,0.5,0.56952,0.493973,0.515995,0.090164,0.034189,0,0.146294,0.133328,0.430657
2025-02-11,0,1,ok,0.2105793720342639,1.650284,0.75,0.557122,0.493264,0.562651,0.081499,0.034189,0,0.10036,0.113008,0.392455
2025-02-12,0,1,ok,0.2174320142551623,1.543327,0.75,0.567458,0.493855,0.504967,0.081057,0.034189,0,0.122759,0.1398,0.442825
2025-02-13,0,1,ok,0.2056034507825855,1.536684,0.5,0.572415,0.494138,0.500247,0.081052,0.034189,0,0.157386,0.137848,0.439155
2025-02-14,0,1,ok,0.1957646046695515,1.511159,0.5,0.566979,0.493827,0.488448,0.081709,0.034189,0,0.141129,0.12653,0.417876
2025-02-17,0,1,ok,0.1958358587487852,1.533008,0.75,0.568133,0.493893,0.499452,0.068993,0.035463,0,0.146162,0.127953,0.420552
2025-02-18,0,1,ok,0.2121770511055718,1.695032,0.5,0.565634,0.493751,0.583859,0.076266,0.035463,0,0.119419,0.134693,0.433223
2025-02-19,0,1,ok,0.2136655841387092,1.745471,0.75,0.559427,0.493396,0.611183,0.074041,0.035463,0,0.092559,0.126914,0.418597
2025-02-20,0,1,ok,0.2193737117977747,1.800231,0.75,0.563466,0.493627,0.638649,0.082939,0.035463,0,0.097224,0.139919,0.443048
2025-02-21,0,1,ok,0.2119359856675673,1.995356,0.75,0.569957,0.493998,0.738532,0.143936,0.035463,0,0.091236,0.169176,0.498051
2025-02-24,0,1,ok,0.2133796994379104,2.062374,0.75,0.576113,0.494349,0.77253,0.139335,0.010481,0,0.099118,0.188514,0.534407
2025-02-25,0,1,ok,0.2126521698527983,2.048285,0.75,0.567895,0.49388,0.766206,0.144952,0.010481,0,0.084394,0.165303,0.490769
2025-02-26,0,1,ok,0.2147789235999586,1.728822,0.5,0.569408,0.493966,0.600548,0.139575,0.010481,0,0.086129,0.170179,0.499936
2025-02-27,0,1,ok,0.2142580409076059,1.808552,0.75,0.57092,0.494053,0.641566,0.142329,0.010481,0,0.083663,0.177658,0.513996
2025-02-28,0,0,high_risk_veto,0.2150458699563917,1.437804,0.5,0.570564,0.494032,0.449479,0.163791,0.010481,0,0.088206,0.17344,0.506067
2025-03-03,0,0,high_risk_veto,0.213708496770712,1.605389,0.75,0.572795,0.49416,0.535799,0.179982,0.0,0,0.087315,0.182774,0.523615
2025-03-04,0,0,high_risk_veto,0.2157609773413441,1.33837,0.75,0.574344,0.494248,0.396762,0.159159,0.0,0,0.086577,0.189328,0.535936
2025-03-05,0,0,high_risk_veto,0.2178909888535791,1.408478,0.5,0.575105,0.494292,0.432945,0.200186,0.0,0,0.095409,0.186849,0.531277
2025-03-06,0,0,high_risk_veto,0.2157666064397523,1.494289,0.75,0.566094,0.493777,0.479958,0.207305,0.0,0,0.08412,0.158385,0.477763
2025-03-07,0,0,high_risk_veto,0.2159715579582659,1.396798,0.5,0.56892,0.493938,0.428712,0.200834,0.0,0,0.085608,0.168584,0.496938
2025-03-10,0,0,high_risk_veto,0.2145320860580567,1.873683,0.75,0.578057,0.49446,0.674123,0.247359,0.0,0,0.085568,0.204564,0.56458
2025-03-11,0,0,high_risk_veto,0.2141623089065532,1.581748,0.75,0.577306,0.494417,0.522414,0.246117,0.0,0,0.085413,0.201707,0.559209
2025-03-12,0,0,high_risk_veto,0.2178583842810461,1.506529,0.5,0.580089,0.494577,0.482543,0.256443,0.0,0,0.094016,0.207326,0.569773
2025-03-13,0,0,high_risk_veto,0.2159376748812377,1.265597,0.75,0.580613,0.494606,0.356877,0.258758,0.0,0,0.088558,0.213778,0.578247
2025-03-14,0,0,high_risk_veto,0.2152937082668699,1.001014,0.5,0.57856,0.494489,0.219863,0.290422,0.0,0,0.097129,0.199378,0.55483
2025-03-17,0,0,high_risk_veto,0.217148123459799,1.060976,0.5,0.583925,0.494796,0.248973,0.280417,0.0,0,0.104603,0.219068,0.580204
2025-03-18,0,0,high_risk_veto,0.2156574714873894,1.077994,0.75,0.580593,0.494605,0.259143,0.282687,0.0,0,0.098163,0.20674,0.568671
2025-03-19,0,1,ok,0.2391883506315286,1.191003,0.5,0.578495,0.494485,0.318764,0.268559,0.0,0,0.084691,0.206834,0.568849
2025-03-20,0,1,ok,0.2245404810227096,1.260068,0.75,0.572805,0.49416,0.356613,0.256303,0.0,0,0.080376,0.187113,0.531772
2025-03-21,0,1,ok,0.2177741555539369,1.040777,0.5,0.56915,0.493951,0.244259,0.252622,0.0,0,0.075428,0.175797,0.510499
2025-03-24,0,1,ok,0.2166463083741964,0.980531,0.5,0.555773,0.493187,0.218471,0.213612,0.002674,0,0.063887,0.130308,0.424979
2025-03-25,0,1,ok,0.2431335161200984,0.929163,0.5,0.555376,0.493164,0.192216,0.209711,0.002674,0,0.066041,0.127409,0.419529
2025-03-26,0,1,ok,0.2233938547908124,1.185827,0.75,0.560926,0.493482,0.322268,0.218147,0.002674,0,0.072986,0.144948,0.452502
2025-03-27,0,0,high_risk_veto,0.2179892490244197,1.434593,0.75,0.561301,0.493503,0.450453,0.192384,0.002674,0,0.073987,0.145801,0.454106
2025-03-28,0,0,high_risk_veto,0.2576950357412954,1.686992,0.75,0.572081,0.494119,0.578298,0.215265,0.002674,0,0.080093,0.184441,0.526748
2025-03-31,0,0,high_risk_veto,0.2665260628512723,1.385599,0.75,0.57197,0.494113,0.422,0.212071,0.0,0,0.071786,0.189154,0.53561
2025-04-01,0,0,high_risk_veto,0.2453868479894084,1.16764,0.5,0.57153,0.494087,0.30911,0.204954,0.0,0,0.07521,0.185301,0.528365
2025-04-02,0,0,high_risk_veto,0.2794497901339395,0.811607,0.5,0.569898,0.493994,0.125231,0.204478,0.0,0,0.080515,0.175587,0.510103
2025-04-03,0,0,high_risk_veto,0.2183300566564745,1.233482,0.75,0.595221,0.495441,0.335084,0.357974,0.0,1,0.081558,0.320111,0.616604
2025-04-04,0,0,high_risk_veto,0.2226349484179943,1.652179,0.75,0.599643,0.495694,0.553862,0.451224,0.0,1,0.079846,0.352042,0.627749
2025-04-07,0,0,high_risk_veto,0.2130385892227714,1.554188,0.5,0.588431,0.495053,0.505217,0.422577,0.0,0,0.080959,0.27468,0.600458
2025-04-08,0,0,high_risk_veto,0.2039665182007643,1.179774,0.75,0.59583,0.495476,0.306666,0.415431,0.0,0,0.130751,0.271674,0.599378
2025-04-09,0,0,high_risk_veto,0.2384469510802219,0.377406,0.5,0.580409,0.494595,0.0,0.681431,0.0,0,0.083231,0.218059,0.579831
2025-04-10,0,0,high_risk_veto,0.2307371690841644,0.936131,0.75,0.589464,0.495112,0.18145,0.690871,0.0,1,0.151976,0.208296,0.571596
2025-04-11,0,0,high_risk_veto,0.2172594189763887,0.696374,0.5,0.622357,0.496992,0.03942,0.696484,0.0,1,0.159291,0.4226,0.65
2025-04-14,0,0,high_risk_veto,0.2310403543478044,1.060505,0.5,0.601609,0.495806,0.241729,0.696245,0.0,1,0.091964,0.352428,0.627882
2025-04-15,0,0,high_risk_veto,0.2314317374115201,0.628118,0.5,0.615415,0.496595,0.00674,0.696175,0.0,1,0.160303,0.373183,0.63504
2025-04-16,0,0,high_risk_veto,0.2139922189598131,1.097314,0.75,0.608393,0.496194,0.258468,0.702519,0.0,1,0.166734,0.318459,0.616023
2025-04-17,0,0,high_risk_veto,0.2119624678409451,1.190108,0.75,0.631967,0.497541,0.298785,0.639472,0.0,1,0.256657,0.382578,0.638258
2025-04-18,0,0,high_risk_veto,0.2138344004929403,1.202824,0.75,0.626891,0.497251,0.307475,0.538552,0.0,1,0.249697,0.355425,0.62892
2025-04-21,0,0,high_risk_veto,0.2152783773921533,1.18584,0.75,0.635251,0.497729,0.295261,0.552133,0.0,1,0.26491,0.396134,0.642878
2025-04-22,0,0,high_risk_veto,0.2162715214573797,0.934615,0.5,0.62462,0.497121,0.165297,0.556099,0.0,1,0.256227,0.332957,0.621107
2025-04-23,0,0,high_risk_veto,0.2213641873229033,0.753135,0.5,0.585538,0.494888,0.087543,0.30164,0.0,0,0.134255,0.203829,0.563199
2025-04-24,0,0,high_risk_veto,0.2227539478112675,0.293508,0.5,0.582003,0.494686,0.0,0.268799,0.0,0,0.128204,0.193669,0.544099
2025-04-25,0,0,high_risk_veto,0.2209348392646136,0.503096,0.5,0.57959,0.494548,0.0,0.245295,0.0,0,0.131918,0.181868,0.521912
2025-04-28,0,0,high_risk_veto,0.2203096276504052,0.750919,0.75,0.584805,0.494846,0.086735,0.246356,0.0,0,0.139255,0.197843,0.551946
2025-04-29,0,0,high_risk_veto,0.2248780235432138,0.945427,0.5,0.583558,0.494775,0.188823,0.243686,0.0,0,0.137122,0.19426,0.545209
2025-04-30,0,0,high_risk_veto,0.2258912168659764,1.025355,0.75,0.572621,0.49415,0.234896,0.188533,0.0,0,0.121812,0.160709,0.482132
2025-05-01,0,0,high_risk_veto,0.2236854590388706,0.890642,0.5,0.576262,0.494358,0.163422,0.192023,0.0,0,0.125976,0.172453,0.504212
2025-05-02,0,0,high_risk_veto,0.2231841788664871,0.850393,0.5,0.576905,0.494395,0.142213,0.205466,0.0,0,0.13318,0.17052,0.500577
2025-05-05,0,0,high_risk_veto,0.2253997836901267,0.98241,0.75,0.570434,0.494025,0.213507,0.1616,0.0,0,0.127123,0.148808,0.45976
2025-05-06,0,0,high_risk_veto,0.2241275321211763,1.247156,0.75,0.569973,0.493998,0.350867,0.16283,0.0,0,0.126849,0.147164,0.456669
2025-05-07,0,0,high_risk_veto,0.2270709261409846,1.347853,0.5,0.567468,0.493855,0.403815,0.15353,0.0,0,0.113943,0.145305,0.453174
2025-05-08,0,1,ok,0.2280014780741608,1.215588,0.5,0.568769,0.49393,0.334925,0.151581,0.0,0,0.115982,0.149163,0.460426
2025-05-09,0,1,ok,0.2337651771690263,1.176372,0.75,0.563233,0.493613,0.316578,0.154227,0.0,0,0.109956,0.131111,0.426489
2025-05-12,0,1,ok,0.2247520985392622,0.93917,0.5,0.575343,0.494305,0.189035,0.232559,0.008646,0,0.133371,0.164256,0.488802
2025-05-13,0,1,ok,0.2251695418562325,1.014302,0.5,0.590216,0.495155,0.22206,0.231102,0.008646,0,0.211862,0.174135,0.507375
2025-05-14,0,1,ok,0.2252935391094984,1.071255,0.5,0.576504,0.494372,0.257214,0.226585,0.008646,0,0.119675,0.177314,0.51335
2025-05-15,0,1,ok,0.2262455684708583,1.493133,0.5,0.567368,0.49385,0.479018,0.231056,0.008646,0,0.09854,0.154458,0.470381
2025-05-16,0,1,ok,0.2293846862024242,1.585391,0.5,0.571185,0.494068,0.525818,0.21764,0.008646,0,0.106426,0.164593,0.489435
2025-05-19,0,1,ok,0.2266029146304304,1.609095,0.5,0.567106,0.493835,0.539082,0.213252,0.026454,0,0.106694,0.148371,0.458938
2025-05-20,0,1,ok,0.2261366117218289,1.65678,0.75,0.568593,0.49392,0.563417,0.197412,0.026454,0,0.105248,0.155122,0.47163
2025-05-21,0,1,ok,0.2230623740751143,1.847927,0.75,0.572898,0.494166,0.66163,0.214042,0.026454,0,0.110052,0.169088,0.497885
2025-05-22,0,1,ok,0.2235896300375947,1.8366,0.5,0.569185,0.493953,0.656414,0.212386,0.026454,0,0.102564,0.159117,0.479139
2025-05-23,0,1,ok,0.2226463393611452,1.873352,0.75,0.576585,0.494376,0.6742,0.221665,0.026454,0,0.113304,0.18158,0.521371
2025-05-26,0,1,ok,0.2240047483948757,1.703575,0.75,0.574072,0.494233,0.586472,0.095129,0.037678,0,0.114537,0.170926,0.50134
2025-05-27,0,1,ok,0.2248220956608317,1.484483,0.5,0.570075,0.494004,0.473805,0.122541,0.037678,0,0.109925,0.158055,0.477144
2025-05-28,0,1,ok,0.2242798419313712,1.457073,0.75,0.567404,0.493852,0.460349,0.120341,0.037678,0,0.104207,0.151089,0.464048
2025-05-29,0,1,ok,0.2247812826054339,1.436242,0.5,0.563153,0.493609,0.450778,0.120205,0.037678,0,0.095266,0.1399,0.443013
2025-05-30,0,1,ok,0.2242394537044411,1.666247,0.75,0.567399,0.493851,0.568585,0.115368,0.037678,0,0.1036,0.151444,0.464716
2025-06-02,0,1,ok,0.2223187512406628,1.516374,0.5,0.572093,0.49412,0.489796,0.126781,0.02903,0,0.105529,0.16872,0.497194
2025-06-03,0,1,ok,0.2260640715273379,1.485531,0.5,0.567989,0.493885,0.474915,0.131454,0.02903,0,0.107952,0.151071,0.464013
2025-06-04,0,1,ok,0.2271908465725151,1.47573,0.5,0.560337,0.493448,0.471934,0.12758,0.02903,0,0.09043,0.131813,0.427809
2025-06-05,0,1,ok,0.2260983803552733,1.65422,0.75,0.569139,0.493951,0.561967,0.126559,0.02903,0,0.105194,0.157302,0.475728
2025-06-06,0,1,ok,0.2253246686118205,1.642244,0.5,0.565552,0.493746,0.556589,0.140093,0.02903,0,0.104391,0.143684,0.450127
2025-06-09,0,1,ok,0.2261457932462912,1.661784,0.5,0.559521,0.493401,0.568036,0.140637,0.033942,0,0.093374,0.12678,0.418347
2025-06-10,0,1,ok,0.2266996093630235,1.534474,0.5,0.565588,0.493748,0.500869,0.121183,0.033942,0,0.110666,0.139935,0.443078
2025-06-11,0,1,ok,0.2250548561058229,1.652532,0.75,0.564397,0.49368,0.562169,0.127211,0.033942,0,0.091149,0.147348,0.457013
2025-06-12,0,1,ok,0.2221573935946956,1.608164,0.5,0.567279,0.493845,0.538559,0.127332,0.033942,0,0.094864,0.156386,0.474006
2025-06-13,0,1,ok,0.2176150031194153,1.757413,0.75,0.57484,0.494277,0.614273,0.132732,0.033942,0,0.095052,0.186028,0.529732
2025-06-16,0,1,ok,0.2180529404065668,1.587976,0.5,0.567673,0.493867,0.528018,0.1391,0.030787,0,0.092494,0.159408,0.479687
2025-06-17,0,1,ok,0.22176154876902,1.713397,0.75,0.579453,0.49454,0.590428,0.154369,0.030787,0,0.093811,0.204949,0.565305
2025-06-18,0,1,ok,0.2202455478860121,1.598054,0.75,0.572735,0.494156,0.532007,0.14866,0.030787,0,0.087244,0.182581,0.523252
2025-06-19,0,1,ok,0.220781782483672,1.714731,0.75,0.572172,0.494124,0.592666,0.14826,0.030787,0,0.091436,0.177769,0.514205
2025-06-20,0,1,ok,0.2206830471852013,1.671127,0.75,0.572175,0.494124,0.570047,0.111052,0.030787,0,0.096508,0.174635,0.508313
2025-06-23,0,1,ok,0.2225962588309769,1.566472,0.5,0.573178,0.494182,0.515509,0.118962,0.03108,0,0.0953,0.179333,0.517146
2025-06-24,0,1,ok,0.2320175853185189,1.429595,0.5,0.565141,0.493722,0.446779,0.124165,0.03108,0,0.087009,0.152841,0.467341
2025-06-25,0,1,ok,0.2274339709804352,1.35802,0.5,0.567401,0.493852,0.409096,0.119062,0.03108,0,0.093691,0.157596,0.47628
2025-06-26,0,1,ok,0.2292202139136636,1.37906,0.5,0.565391,0.493737,0.420586,0.120807,0.03108,0,0.087747,0.153367,0.46833
2025-06-27,0,1,ok,0.2287480552887227,1.488163,0.5,0.566487,0.493799,0.476684,0.116148,0.03108,0,0.083202,0.160499,0.481739
2025-06-30,0,1,ok,0.2287972966492324,1.451873,0.5,0.561771,0.49353,0.459235,0.10069,0.007279,0,0.082156,0.142587,0.448064
2025-07-01,0,1,ok,0.2262706886195668,1.626419,0.75,0.569175,0.493953,0.547561,0.061082,0.007279,0,0.096288,0.162964,0.486373
2025-07-02,0,1,ok,0.2218533577614914,1.607636,0.5,0.566484,0.493799,0.538476,0.061228,0.007279,0,0.097765,0.151459,0.464743
2025-07-03,0,1,ok,0.2164890267718033,1.593265,0.5,0.56511,0.493721,0.531376,0.072678,0.007279,0,0.09746,0.146243,0.454937
2025-07-04,0,1,ok,0.2212907485072882,1.533142,0.75,0.563507,0.493629,0.500717,0.063948,0.007279,0,0.093046,0.14267,0.448221
2025-07-07,0,1,ok,0.2121881655903373,1.691811,0.75,0.56777,0.493873,0.581733,0.078563,0.009637,0,0.100424,0.154872,0.47116
2025-07-08,0,1,ok,0.2172092514699593,1.803025,0.75,0.567038,0.493831,0.639426,0.076375,0.009637,0,0.097191,0.153995,0.46951
2025-07-09,0,1,ok,0.2168555121864593,1.736228,0.5,0.55339,0.493051,0.60764,0.075774,0.009637,0,0.061581,0.122358,0.410034
2025-07-10,0,1,ok,0.2168953005508191,1.661496,0.75,0.553075,0.493033,0.569319,0.075461,0.009637,0,0.06047,0.121807,0.408996
2025-07-11,0,1,ok,0.2164479048378929,1.669597,0.75,0.55582,0.49319,0.572878,0.071067,0.009637,0,0.067496,0.128255,0.42112
2025-07-14,0,1,ok,0.2166452680965606,1.70415,0.5,0.551799,0.49296,0.591495,0.070746,0.010606,0,0.063015,0.115207,0.39659
2025-07-15,0,1,ok,0.2163181721759307,1.699734,0.5,0.5566,0.493234,0.588214,0.072006,0.010606,0,0.076692,0.125622,0.41617
2025-07-16,0,1,ok,0.2161727920308695,1.667875,0.5,0.563409,0.493623,0.570315,0.068046,0.010606,0,0.078858,0.151076,0.464024
2025-07-17,0,1,ok,0.2166573269833911,1.635461,0.5,0.558568,0.493347,0.55469,0.045479,0.010606,0,0.072146,0.136185,0.436029
2025-07-18,0,1,ok,0.2169125089441864,1.657437,0.75,0.550224,0.49287,0.567867,0.050069,0.010606,0,0.057159,0.112637,0.391758
2025-07-21,0,1,ok,0.2169812687848173,1.627173,0.5,0.552775,0.493016,0.551758,0.042126,0.045112,0,0.064049,0.118405,0.402602
2025-07-22,0,1,ok,0.2172502039947578,1.758508,0.75,0.555307,0.49316,0.61871,0.046356,0.045112,0,0.06123,0.13012,0.424626
2025-07-23,0,1,ok,0.2169818791862991,1.692099,0.5,0.554817,0.493132,0.584666,0.073762,0.045112,0,0.060229,0.128812,0.422166
2025-07-24,0,1,ok,0.2170566761551798,1.713822,0.5,0.550392,0.49288,0.596751,0.073215,0.045112,0,0.057463,0.113112,0.39265
2025-07-25,0,1,ok,0.2170937473261023,1.611711,0.5,0.552763,0.493015,0.543821,0.073144,0.045112,0,0.061329,0.120047,0.405689
2025-07-28,0,1,ok,0.2170405858282246,1.621186,0.5,0.558647,0.493351,0.547319,0.073062,0.039664,0,0.069841,0.137926,0.439301
2025-07-29,0,1,ok,0.2171420751449985,1.649584,0.75,0.55534,0.493162,0.562692,0.0909,0.039664,0,0.065121,0.127836,0.420331
2025-07-30,0,1,ok,0.2171878646196837,1.665828,0.5,0.555662,0.493181,0.570974,0.091181,0.039664,0,0.061198,0.131534,0.427285
2025-07-31,0,1,ok,0.2165199607810297,1.725871,0.75,0.560345,0.493448,0.600893,0.089692,0.039664,0,0.069717,0.144686,0.45201
2025-08-01,0,1,ok,0.2160573498877143,1.858707,0.75,0.576408,0.494366,0.666617,0.166943,0.039664,0,0.070454,0.207443,0.569993
2025-08-04,0,1,ok,0.2164129092590244,1.636205,0.5,0.570579,0.494033,0.552303,0.186208,0.028429,0,0.062373,0.189513,0.536285
2025-08-05,0,1,ok,0.216527940066567,1.624963,0.75,0.567629,0.493865,0.547169,0.186642,0.028429,0,0.067831,0.174521,0.508099
2025-08-06,0,1,ok,0.2131020712689873,1.306722,0.5,0.568529,0.493916,0.382192,0.179774,0.028429,0,0.124865,0.142711,0.448296
2025-08-07,0,1,ok,0.2112171099016238,1.486382,0.5,0.563986,0.493656,0.476441,0.178869,0.028429,0,0.120437,0.127576,0.419843
2025-08-08,0,1,ok,0.2118056360364287,1.349592,0.5,0.567494,0.493857,0.404706,0.187944,0.028429,0,0.124343,0.138961,0.441246
2025-08-11,0,1,ok,0.2118720520992763,1.524952,0.75,0.563361,0.493621,0.496526,0.187297,0.026153,0,0.11762,0.126862,0.418501
2025-08-12,0,1,ok,0.211303821345874,1.444408,0.5,0.564894,0.493708,0.454504,0.191003,0.026153,0,0.118329,0.132457,0.429019
2025-08-13,0,1,ok,0.2111573163866554,1.559892,0.75,0.563779,0.493645,0.514462,0.190792,0.026153,0,0.114617,0.130371,0.425098
2025-08-14,0,1,ok,0.2118144307075931,1.548417,0.75,0.563777,0.493644,0.508537,0.189143,0.026153,0,0.122404,0.125534,0.416004
2025-08-15,0,1,ok,0.2129854709291859,1.707121,0.75,0.559586,0.493405,0.591387,0.098867,0.026153,0,0.116852,0.112483,0.391469
2025-08-18,0,1,ok,0.213168519566625,1.690031,0.75,0.563605,0.493635,0.581713,0.083143,0.040185,0,0.127782,0.121523,0.408464
2025-08-19,0,1,ok,0.2139898392404618,1.793358,0.75,0.57443,0.494253,0.633022,0.093619,0.040185,0,0.155439,0.146984,0.456329
2025-08-20,0,1,ok,0.2142387949998003,1.764671,0.75,0.57394,0.494225,0.618221,0.092144,0.040185,0,0.153288,0.146389,0.455211
2025-08-21,0,1,ok,0.2138665380959112,1.763484,0.75,0.574889,0.494279,0.617416,0.092623,0.040185,0,0.151538,0.151206,0.464267
2025-08-22,0,1,ok,0.2154472605405975,1.461113,0.5,0.568369,0.493907,0.462171,0.091827,0.040185,0,0.144279,0.130047,0.424489
2025-08-25,0,1,ok,0.215583471881344,1.449834,0.75,0.565364,0.493735,0.457176,0.091719,0.030601,0,0.133793,0.12472,0.414473
2025-08-26,0,1,ok,0.216043229340404,1.369365,0.5,0.563738,0.493642,0.416073,0.073436,0.030601,0,0.129989,0.120681,0.406879
2025-08-27,0,1,ok,0.2153978771787113,1.501524,0.5,0.56346,0.493626,0.484402,0.073477,0.030601,0,0.125637,0.122281,0.409889
2025-08-28,0,1,ok,0.2136868883396764,1.391912,0.5,0.561455,0.493512,0.428392,0.071622,0.030601,0,0.115256,0.120828,0.407156
2025-08-29,0,1,ok,0.2142952689556147,1.529807,0.75,0.572986,0.494171,0.496531,0.075434,0.030601,0,0.14733,0.146326,0.455093
2025-09-01,0,1,ok,0.2142351745873354,1.521749,0.75,0.570252,0.494014,0.493068,0.075208,0.034083,0,0.140042,0.140085,0.44336
2025-09-02,0,1,ok,0.216005195961253,1.650435,0.75,0.573501,0.4942,0.559011,0.067287,0.034083,0,0.148188,0.147821,0.457903
2025-09-03,0,1,ok,0.2110919956320178,1.440115,0.5,0.573297,0.494188,0.449897,0.064577,0.034083,0,0.147779,0.147272,0.456872
2025-09-04,0,1,ok,0.2112286111683013,1.336708,0.5,0.570887,0.494051,0.396981,0.066498,0.034083,0,0.141032,0.141971,0.446905
2025-09-05,0,1,ok,0.21152385297319,1.249253,0.5,0.574874,0.494279,0.350304,0.056825,0.034083,0,0.152,0.150862,0.463621
2025-09-08,0,1,ok,0.2115598848467009,1.294476,0.5,0.576945,0.494397,0.37312,0.056491,0.026712,0,0.156116,0.156462,0.474148
2025-09-09,0,1,ok,0.2114927322355422,1.367019,0.5,0.57802,0.494458,0.410514,0.062645,0.026712,0,0.161075,0.15762,0.476325
2025-09-10,0,1,ok,0.2114721125777011,1.33499,0.75,0.576147,0.494351,0.394439,0.062564,0.026712,0,0.155238,0.153865,0.469266
2025-09-11,0,1,ok,0.2114653197715789,1.295525,0.5,0.565328,0.493733,0.377427,0.071958,0.026712,0,0.127091,0.128732,0.422016
2025-09-12,0,1,ok,0.211434042436832,1.271501,0.5,0.566104,0.493777,0.364754,0.067454,0.026712,0,0.129306,0.130416,0.425181
2025-09-15,0,1,ok,0.2112701803446542,1.211921,0.5,0.569397,0.493966,0.33281,0.068748,0.023543,0,0.143662,0.134475,0.432813
2025-09-16,0,1,ok,0.2113631792464211,1.294415,0.75,0.57712,0.494407,0.373032,0.064209,0.023543,0,0.164344,0.152049,0.465853
2025-09-17,0,1,ok,0.2114104040566254,1.364957,0.75,0.564068,0.493661,0.413697,0.064195,0.023543,0,0.124899,0.125133,0.415251
2025-09-18,0,1,ok,0.2112669026715082,1.403729,0.5,0.569796,0.493988,0.432044,0.071926,0.023543,0,0.145717,0.134773,0.433372
2025-09-19,0,1,ok,0.2114108803147346,1.370489,0.5,0.563937,0.493654,0.416594,0.051327,0.023543,0,0.131578,0.120478,0.406498
2025-09-22,0,1,ok,0.2112509063378278,1.332524,0.5,0.568696,0.493925,0.395499,0.050199,0.029781,0,0.146151,0.130174,0.424726
2025-09-23,0,1,ok,0.2113049711883656,1.496368,0.75,0.56345,0.493626,0.481742,0.076474,0.029781,0,0.126115,0.121949,0.409265
2025-09-24,0,1,ok,0.2112006478661544,1.610558,0.75,0.570349,0.49402,0.539066,0.077268,0.029781,0,0.145721,0.136947,0.43746
2025-09-25,0,1,ok,0.2112318114853842,1.712757,0.75,0.571515,0.494087,0.591782,0.076701,0.029781,0,0.148079,0.140075,0.443341
2025-09-26,0,1,ok,0.2113146359910715,1.602681,0.5,0.559521,0.493401,0.537578,0.080652,0.029781,0,0.117437,0.111865,0.390306
2025-09-29,0,1,ok,0.211299238321144,1.524323,0.5,0.559308,0.493389,0.497253,0.080425,0.035153,0,0.116187,0.111803,0.390189
2025-09-30,0,1,ok,0.2112823368645644,1.457927,0.5,0.563174,0.49361,0.461969,0.079187,0.035153,0,0.125493,0.121247,0.407945
2025-10-01,0,0,high_risk_veto,0.3793727044003677,1.450152,0.5,0.564461,0.493684,0.457594,0.07956,0.035153,0,0.135329,0.120216,0.406006
2025-10-02,0,0,high_risk_veto,0.392596104468853,1.461102,0.5,0.560864,0.493478,0.464247,0.07212,0.035153,0,0.117299,0.117234,0.4004
2025-10-03,0,0,high_risk_veto,0.3830154197767378,1.535918,0.75,0.573358,0.494192,0.499605,0.068989,0.035153,0,0.150174,0.146028,0.454533
2025-10-06,0,0,high_risk_veto,0.3889090070102088,1.531724,0.5,0.563678,0.493639,0.49994,0.068529,0.0,0,0.123665,0.124363,0.413802
2025-10-07,0,0,high_risk_veto,0.4003634353511143,1.617542,0.75,0.571868,0.494107,0.542325,0.061774,0.0,0,0.144985,0.143381,0.449555
2025-10-08,0,0,high_risk_veto,0.3977344821740622,1.472135,0.5,0.563567,0.493632,0.469197,0.065026,0.0,0,0.124803,0.123222,0.411658
2025-10-09,0,0,high_risk_veto,0.3984206325625107,1.548155,0.75,0.561228,0.493499,0.509048,0.063954,0.0,0,0.120847,0.116468,0.39896
2025-10-10,0,0,high_risk_veto,0.36232596421175,1.802623,0.75,0.590223,0.495156,0.634839,0.183168,0.0,0,0.184232,0.191288,0.539621
2025-10-13,0,0,high_risk_veto,0.3424904672618237,1.65449,0.5,0.593534,0.495345,0.556504,0.201904,0.0,0,0.176431,0.209154,0.573209
2025-10-14,0,0,high_risk_veto,0.360014254377402,1.668112,0.75,0.585874,0.494907,0.565395,0.200414,0.0,0,0.174778,0.180033,0.518461
2025-10-15,0,0,high_risk_veto,0.3464262947160594,1.268911,0.5,0.57632,0.494361,0.360035,0.203565,0.0,0,0.14769,0.159225,0.479343
2025-10-16,0,0,high_risk_veto,0.3729482030457739,1.528112,0.75,0.590808,0.495189,0.490943,0.209525,0.0,0,0.180517,0.195895,0.548282
2025-10-17,0,0,high_risk_veto,0.3660113776682793,1.412649,0.5,0.577369,0.494421,0.434447,0.214018,0.0,0,0.140651,0.167713,0.495301
2025-10-20,0,0,high_risk_veto,0.3821469847811748,1.368758,0.5,0.564742,0.4937,0.415456,0.217399,0.0,0,0.127978,0.125879,0.416653
2025-10-21,0,0,high_risk_veto,0.3810508044188556,1.363581,0.75,0.565802,0.49376,0.41246,0.215951,0.0,0,0.125592,0.131528,0.427272
2025-10-22,0,0,high_risk_veto,0.3958648123200283,1.522419,0.75,0.56845,0.493911,0.493888,0.213446,0.0,0,0.13358,0.136999,0.437558
2025-10-23,0,0,high_risk_veto,0.369797390088967,1.568746,0.5,0.570485,0.494028,0.517364,0.220592,0.0,0,0.132223,0.145846,0.45419
2025-10-24,0,0,high_risk_veto,0.399240079222989,1.458192,0.5,0.555994,0.4932,0.464092,0.128825,0.0,0,0.10673,0.104621,0.376687
2025-10-27,0,0,high_risk_veto,0.3801372385874011,1.223443,0.5,0.564921,0.49371,0.340308,0.122779,0.0,0,0.139448,0.119471,0.404605
2025-10-28,0,0,high_risk_veto,0.3812767825912317,1.250185,0.5,0.563715,0.493641,0.35453,0.117221,0.0,0,0.142605,0.112769,0.392005
2025-10-29,0,1,ok,0.2130282041295204,1.332514,0.5,0.565962,0.493769,0.396348,0.118136,0.0,0,0.14099,0.122615,0.410516
2025-10-30,0,1,ok,0.2129198577553267,1.665707,0.75,0.559026,0.493373,0.570168,0.111322,0.0,0,0.113907,0.112106,0.390759
2025-10-31,0,1,ok,0.2129299738203073,1.694602,0.5,0.563981,0.493656,0.583993,0.109655,0.0,0,0.124603,0.124975,0.414953
2025-11-03,0,1,ok,0.2129716629592334,1.68467,0.5,0.56114,0.493494,0.579479,0.104566,0.037936,0,0.121507,0.115715,0.397544
2025-11-04,0,1,ok,0.2128262507014305,1.704319,0.75,0.563391,0.493622,0.589137,0.12919,0.037936,0,0.120065,0.125466,0.415875
2025-11-05,0,1,ok,0.2128264077306172,1.687077,0.5,0.566111,0.493778,0.579643,0.126829,0.037936,0,0.128783,0.130766,0.42584
2025-11-06,0,1,ok,0.2127657258951529,1.890616,0.75,0.566731,0.493813,0.684791,0.151303,0.037936,0,0.130231,0.132307,0.428737
2025-11-07,0,1,ok,0.2127884673988238,1.697268,0.75,0.568078,0.49389,0.58449,0.146213,0.037936,0,0.128067,0.13895,0.441225
2025-11-10,0,1,ok,0.2127552571415972,1.507216,0.5,0.563622,0.493636,0.487298,0.159124,0.02741,0,0.121751,0.125329,0.415618
2025-11-11,0,1,ok,0.2128141954952435,1.335604,0.75,0.565346,0.493734,0.398138,0.158889,0.02741,0,0.134202,0.124395,0.413863
2025-11-12,0,1,ok,0.2128167465578605,1.304068,0.75,0.562434,0.493568,0.382765,0.154055,0.02741,0,0.122222,0.120363,0.406283
2025-11-13,0,1,ok,0.2127331093426595,1.706718,0.75,0.567872,0.493878,0.589426,0.161915,0.02741,0,0.131317,0.136124,0.435913
2025-11-14,0,1,ok,0.2126187348677487,1.648905,0.5,0.566685,0.493811,0.559774,0.161318,0.02741,0,0.123776,0.136129,0.435922
2025-11-17,0,1,ok,0.2125421228929704,1.706328,0.75,0.580082,0.494576,0.586611,0.165855,0.030596,0,0.158648,0.167239,0.494408
2025-11-18,0,1,ok,0.2125256675050382,1.601584,0.75,0.585196,0.494868,0.530805,0.16133,0.030596,0,0.144743,0.195983,0.548447
2025-11-19,0,1,ok,0.212626685979636,1.528611,0.5,0.578355,0.494477,0.494501,0.156113,0.030596,0,0.147505,0.167348,0.494615
2025-11-20,0,1,ok,0.2125597367194734,1.639256,0.75,0.58352,0.494773,0.550873,0.160765,0.030596,0,0.144635,0.189452,0.53617
2025-11-21,0,1,ok,0.2128997111100867,1.393964,0.5,0.577766,0.494444,0.424609,0.167108,0.030596,0,0.157738,0.158688,0.478333
2025-11-24,0,1,ok,0.2129614443910877,1.187463,0.5,0.569829,0.49399,0.319989,0.156409,0.017726,0,0.131343,0.143813,0.450368
2025-11-25,0,1,ok,0.2131378601099268,0.912699,0.5,0.582611,0.494721,0.172155,0.163281,0.017726,0,0.167689,0.171586,0.502582
2025-11-26,0,1,ok,0.2179764342960236,0.945868,0.5,0.577084,0.494405,0.191784,0.167974,0.017726,0,0.162622,0.152976,0.467594
2025-11-27,0,1,ok,0.208392537231226,1.2248,0.75,0.57521,0.494298,0.337486,0.153599,0.017726,0,0.156373,0.149475,0.461012
2025-11-28,0,1,ok,0.2035691407021407,1.238218,0.5,0.572737,0.494156,0.345298,0.157837,0.017726,0,0.164307,0.134823,0.433467
2025-12-01,0,1,ok,0.2064717031817168,1.40011,0.75,0.559234,0.493385,0.43327,0.145142,0.02562,0,0.116117,0.111555,0.389723
2025-12-02,0,1,ok,0.2118448531848897,1.379541,0.5,0.554276,0.493101,0.424143,0.130205,0.02562,0,0.105853,0.098404,0.364999
2025-12-03,0,1,ok,0.2164093644793198,1.482773,0.5,0.557317,0.493275,0.476381,0.130072,0.02562,0,0.113866,0.105403,0.378157
2025-12-04,0,1,ok,0.2098872439227064,1.487466,0.75,0.563912,0.493652,0.477021,0.065259,0.02562,0,0.137344,0.116806,0.399596
2025-12-05,0,1,ok,0.2176221011476814,1.547414,0.5,0.563212,0.493612,0.508162,0.064431,0.02562,0,0.138581,0.113286,0.392977
2025-12-08,0,1,ok,0.2041677341051714,1.609584,0.75,0.556417,0.493224,0.541869,0.047083,0.055004,0,0.119524,0.098355,0.364907
2025-12-09,0,1,ok,0.204394547244866,1.612178,0.5,0.566346,0.493791,0.540858,0.043481,0.055004,0,0.147207,0.12027,0.406107
2025-12-10,0,1,ok,0.2063477623939793,1.624426,0.5,0.564038,0.493659,0.547732,0.038865,0.055004,0,0.138919,0.116325,0.398692
2025-12-11,0,1,ok,0.2068401437934026,1.634595,0.75,0.562241,0.493557,0.553399,0.037025,0.055004,0,0.135166,0.11158,0.38977
2025-12-12,0,1,ok,0.2151485360015705,1.805795,0.75,0.564855,0.493706,0.641264,0.055865,0.055004,0,0.135534,0.121639,0.408681
2025-12-15,0,1,ok,0.2129584868575618,1.837318,0.75,0.561448,0.493511,0.658156,0.057991,0.049549,0,0.125743,0.1143,0.394884
2025-12-16,0,1,ok,0.2126900692763897,1.742808,0.5,0.563643,0.493637,0.60896,0.065469,0.049549,0,0.129065,0.120878,0.407251
2025-12-17,0,1,ok,0.2210899854582445,1.707439,0.75,0.565882,0.493765,0.590221,0.083686,0.049549,0,0.123359,0.133225,0.430464
2025-12-18,0,1,ok,0.2339810169658524,1.509607,0.5,0.566658,0.493809,0.48773,0.085575,0.049549,0,0.133222,0.130168,0.424717
2025-12-19,0,1,ok,0.2116922011518248,1.408655,0.5,0.568641,0.493922,0.434934,0.103564,0.049549,0,0.141311,0.132958,0.42996
2025-12-22,0,1,ok,0.2110881963898078,1.19934,0.5,0.569293,0.49396,0.326329,0.110753,0.020404,0,0.147284,0.131823,0.427827
2025-12-23,0,1,ok,0.2140495169112204,1.304841,0.5,0.564666,0.493695,0.382453,0.113371,0.020404,0,0.137259,0.119827,0.405275
2025-12-24,0,1,ok,0.2127828293657988,1.396058,0.5,0.558939,0.493368,0.431269,0.112514,0.020404,0,0.119141,0.108518,0.384014
2025-12-25,0,1,ok,0.2122609333995237,1.431422,0.75,0.558064,0.493318,0.449736,0.112032,0.020404,0,0.115146,0.107549,0.382191
2025-12-26,0,1,ok,0.2132126618790812,1.47451,0.75,0.560862,0.493478,0.471162,0.1023,0.020404,0,0.130696,0.108924,0.384777
2025-12-29,0,1,ok,0.2124933688839798,1.546396,0.75,0.557674,0.493296,0.50904,0.105547,0.042945,0,0.116752,0.10502,0.377438
2025-12-30,0,1,ok,0.2122558223669122,1.561006,0.75,0.55797,0.493313,0.516488,0.099926,0.042945,0,0.115551,0.106929,0.381027
2025-12-31,0,1,ok,0.2126362843239007,1.641569,0.75,0.5678,0.493874,0.555724,0.080832,0.042945,0,0.144455,0.127697,0.42007
2026-01-01,0,1,ok,0.2129792648889126,1.588853,0.75,0.568758,0.493929,0.528207,0.079437,0.042945,0,0.148838,0.128754,0.422057
2026-01-02,0,1,ok,0.2123282604359505,1.577174,0.75,0.566854,0.49382,0.52263,0.059238,0.042945,0,0.13997,0.126757,0.418304
2026-01-05,0,1,ok,0.2127313835973724,1.410798,0.5,0.567375,0.49385,0.436413,0.04949,0.033094,0,0.141886,0.127618,0.419922
2026-01-06,0,1,ok,0.2123209428114386,1.356495,0.5,0.562526,0.493573,0.409796,0.054207,0.033094,0,0.13136,0.11506,0.396312
2026-01-07,0,1,ok,0.2125791404093656,1.367744,0.5,0.566786,0.493816,0.414314,0.060541,0.033094,0,0.139643,0.12669,0.418178
2026-01-08,0,1,ok,0.212653276482637,1.54395,0.75,0.57242,0.494138,0.504015,0.062487,0.033094,0,0.15629,0.138547,0.440468
2026-01-09,0,1,ok,0.2135104606916718,1.544796,0.5,0.57285,0.494163,0.504343,0.067903,0.033094,0,0.165077,0.134792,0.43341
2026-01-12,0,1,ok,0.2122388338130344,1.559378,0.5,0.570767,0.494044,0.512437,0.060567,0.037023,0,0.15509,0.132783,0.429632
2026-01-13,0,1,ok,0.2139290440512083,1.531292,0.75,0.573992,0.494228,0.497039,0.064715,0.037023,0,0.159917,0.142483,0.447869
2026-01-14,0,1,ok,0.2131207619956813,1.738331,0.75,0.56286,0.493592,0.606807,0.072542,0.037023,0,0.123548,0.121217,0.407888
2026-01-15,0,1,ok,0.2133953651911744,1.713224,0.5,0.56435,0.493677,0.593534,0.074762,0.037023,0,0.128594,0.123951,0.413029
2026-01-16,0,1,ok,0.2129714889431761,1.714861,0.75,0.570985,0.494056,0.592984,0.07494,0.037023,0,0.153158,0.13484,0.433499
2026-01-19,0,1,ok,0.2126376585694898,1.623806,0.75,0.570836,0.494048,0.545817,0.074154,0.037773,0,0.153893,0.133797,0.431539
2026-01-20,0,1,ok,0.2126992572317507,1.912201,0.75,0.575293,0.494302,0.694604,0.108605,0.037773,0,0.147667,0.155196,0.471768
2026-01-21,0,1,ok,0.2064600543243039,1.794918,0.5,0.567053,0.493832,0.63523,0.117031,0.037773,0,0.147409,0.122929,0.411107
2026-01-22,0,1,ok,0.206193302969199,1.756724,0.5,0.561183,0.493496,0.616634,0.119273,0.037773,0,0.12843,0.11159,0.389788
2026-01-23,0,1,ok,0.2058924797758276,1.517819,0.5,0.571958,0.494112,0.490581,0.115809,0.037773,0,0.162445,0.13291,0.429871
2026-01-26,0,1,ok,0.2059826675061216,1.601663,0.5,0.568572,0.493918,0.534885,0.116507,0.033004,0,0.150977,0.126693,0.418183
2026-01-27,0,1,ok,0.2057824116452976,1.582388,0.5,0.565377,0.493736,0.525689,0.118136,0.033004,0,0.143156,0.118968,0.40366
2026-01-28,0,1,ok,0.206017889211527,1.592234,0.5,0.564469,0.493684,0.530999,0.110496,0.033004,0,0.147601,0.11264,0.391764
2026-01-29,0,1,ok,0.2060349369754246,1.711899,0.75,0.568435,0.493911,0.591988,0.110826,0.033004,0,0.151642,0.125742,0.416395
2026-01-30,0,1,ok,0.2068683070315829,1.887641,0.75,0.571427,0.494082,0.682481,0.110936,0.033004,0,0.147074,0.14035,0.443859
2026-02-02,0,1,ok,0.2068231478064477,1.806927,0.5,0.565406,0.493737,0.641747,0.11696,0.039994,0,0.130542,0.1269,0.418573
2026-02-03,0,1,ok,0.2068645569335344,1.853472,0.75,0.574596,0.494263,0.664212,0.090251,0.039994,0,0.154935,0.147949,0.458144
2026-02-04,0,1,ok,0.2065331356586367,1.85937,0.75,0.573823,0.494218,0.667409,0.085123,0.039994,0,0.144688,0.151257,0.464362
2026-02-05,0,1,ok,0.2059941298681365,1.997581,0.75,0.590788,0.495188,0.736845,0.119922,0.039994,0,0.197926,0.185026,0.527848
2026-02-06,0,1,ok,0.2063197046021103,1.562886,0.5,0.578973,0.494513,0.51218,0.161889,0.039994,0,0.147918,0.169524,0.498705
2026-02-09,0,1,ok,0.2065717679812989,1.297928,0.5,0.564627,0.493693,0.378894,0.16249,0.021064,0,0.134717,0.12125,0.407949
2026-02-10,0,1,ok,0.2054352862006467,1.209224,0.75,0.574918,0.494281,0.329495,0.162919,0.021064,0,0.162332,0.144632,0.451908
2026-02-11,0,1,ok,0.2058055919526219,1.431435,0.5,0.566623,0.493807,0.447306,0.163924,0.021064,0,0.139133,0.126367,0.41757
2026-02-12,0,1,ok,0.2056209972744864,1.708457,0.75,0.581077,0.494633,0.587506,0.193929,0.021064,0,0.179427,0.158274,0.477556
2026-02-13,0,1,ok,0.2055561512338296,1.642612,0.5,0.580881,0.494622,0.553239,0.193914,0.021064,0,0.170885,0.162795,0.486055
2026-02-16,0,1,ok,0.2056957323038267,1.650787,0.75,0.579678,0.494553,0.557776,0.18609,0.027784,0,0.166786,0.160604,0.481936
2026-02-17,0,1,ok,0.2060554886776314,1.437764,0.75,0.577383,0.494422,0.447505,0.185048,0.027784,0,0.168141,0.15073,0.463373
2026-02-18,0,1,ok,0.2003027955152133,1.37801,0.5,0.568811,0.493932,0.419016,0.190753,0.027784,0,0.138624,0.13529,0.434346
2026-02-19,0,1,ok,0.1988725927977623,1.408471,0.75,0.58242,0.49471,0.430778,0.167296,0.027784,0,0.19177,0.155909,0.473108
2026-02-20,0,1,ok,0.1964456566985833,1.323239,0.5,0.57008,0.494005,0.390254,0.136165,0.027784,0,0.149674,0.133436,0.430861
2026-02-23,0,1,ok,0.1994840948981222,1.503938,0.75,0.586677,0.494953,0.479407,0.145091,0.015405,0,0.20099,0.166947,0.49386
2026-02-24,0,1,ok,0.197839585897338,1.343286,0.5,0.564342,0.493677,0.402418,0.151968,0.015405,0,0.127923,0.124337,0.413754
2026-02-25,0,1,ok,0.1928379580463952,1.294787,0.5,0.563563,0.493632,0.377613,0.160421,0.015405,0,0.127709,0.121402,0.408236
2026-02-26,0,1,ok,0.188263450344718,1.312998,0.75,0.579608,0.494549,0.381896,0.121058,0.015405,0,0.185695,0.148608,0.459382
2026-02-27,0,1,ok,0.1914500834071661,1.46639,0.75,0.572767,0.494158,0.463682,0.128286,0.015405,0,0.159809,0.137729,0.438931
2026-03-02,0,1,ok,0.1963686872041579,1.604711,0.5,0.584834,0.494848,0.532527,0.132444,0.02967,0,0.17879,0.173454,0.506093
2026-03-03,0,1,ok,0.1971877815771496,1.585925,0.75,0.589054,0.495089,0.521664,0.138286,0.02967,0,0.202892,0.175121,0.509228
2026-03-04,0,1,ok,0.1928653981414462,1.434408,0.5,0.574482,0.494256,0.446594,0.141822,0.02967,0,0.151385,0.149701,0.461439
2026-03-05,0,1,ok,0.1985614764874097,1.505323,0.75,0.596328,0.495504,0.477496,0.141162,0.02967,0,0.212467,0.197813,0.551888
2026-03-06,0,1,ok,0.1936560395508521,1.580556,0.75,0.587483,0.494999,0.519249,0.147904,0.02967,0,0.185852,0.179502,0.517464
2026-03-09,0,1,ok,0.1998938834236726,1.594666,0.5,0.580999,0.494629,0.528226,0.136761,0.029523,0,0.173041,0.161925,0.48442
2026-03-10,0,1,ok,0.2062811334467956,1.563317,0.75,0.583097,0.494748,0.511356,0.130517,0.029523,0,0.178447,0.166832,0.493644
2026-03-11,0,1,ok,0.2059636937447361,1.428487,0.75,0.583583,0.494776,0.440877,0.121054,0.029523,0,0.202047,0.154115,0.469735
2026-03-12,0,1,ok,0.2018977835824087,1.745094,0.75,0.588436,0.495054,0.605085,0.128668,0.029523,0,0.202155,0.173149,0.505519
2026-03-13,0,1,ok,0.1995360391817856,1.802348,0.75,0.575721,0.494327,0.637448,0.124171,0.029523,0,0.158415,0.150221,0.462415
2026-03-16,0,1,ok,0.2002651753125211,1.666728,0.5,0.568954,0.49394,0.568487,0.122624,0.034455,0,0.139996,0.135006,0.433811
2026-03-17,0,1,ok,0.1993813566061736,1.458251,0.5,0.566975,0.493827,0.461078,0.117853,0.034455,0,0.137438,0.128801,0.422146
2026-03-18,0,1,ok,0.1944571424347691,1.568525,0.75,0.57479,0.494274,0.51617,0.111418,0.034455,0,0.169298,0.13981,0.442843
2026-03-19,0,1,ok,0.195124825650609,1.753956,0.75,0.568829,0.493933,0.613683,0.111417,0.034455,0,0.142053,0.133237,0.430485
2026-03-20,0,1,ok,0.213432556793273,1.992861,0.75,0.574202,0.49424,0.73666,0.097596,0.034455,0,0.159858,0.143347,0.449492
2026-03-23,0,1,ok,0.2070597692792447,1.715078,0.5,0.572687,0.494154,0.592738,0.102422,0.03748,0,0.144198,0.147089,0.456528
2026-03-24,0,1,ok,0.2045684764991205,1.735832,0.75,0.584694,0.49484,0.60102,0.101463,0.03748,0,0.195992,0.16224,0.485012
2026-03-25,0,1,ok,0.1963050159275622,1.466577,0.5,0.579442,0.49454,0.461915,0.09809,0.03748,0,0.182018,0.150235,0.462441
2026-03-26,0,1,ok,0.215249102141939,1.831761,0.75,0.579067,0.494518,0.652128,0.091573,0.03748,0,0.153945,0.166156,0.492374
2026-03-27,0,1,ok,0.2116410297274168,1.944041,0.75,0.579036,0.494516,0.710583,0.120201,0.03748,0,0.158568,0.163172,0.486763
2026-03-30,0,1,ok,0.1957321517454592,2.035244,0.75,0.585138,0.494865,0.75729,0.115266,0.01059,0,0.193167,0.16574,0.491591
2026-03-31,0,1,ok,0.2151695729296423,1.397515,0.5,0.590854,0.495192,0.422524,0.193894,0.01059,0,0.179586,0.196651,0.549703
2026-04-01,0,1,ok,0.196704361525374,1.072731,0.5,0.589316,0.495104,0.253006,0.196295,0.01059,0,0.219819,0.165659,0.49144
2026-04-02,0,1,ok,0.1918140460761702,1.038329,0.5,0.598966,0.495655,0.231118,0.19596,0.01059,1,0.255393,0.181587,0.521383
2026-04-03,0,1,ok,0.1898856379657713,1.423831,0.75,0.582744,0.494728,0.438693,0.193587,0.01059,0,0.197506,0.153629,0.468822
2026-04-06,0,1,ok,0.1979975069541368,1.516096,0.5,0.588978,0.495084,0.485143,0.193007,0.013782,0,0.214913,0.167374,0.494663
2026-04-07,0,1,ok,0.1907552384998998,1.531206,0.75,0.590686,0.495182,0.492596,0.193346,0.013782,0,0.215877,0.173496,0.506172
2026-04-08,0,1,ok,0.1902653433018583,1.249523,0.5,0.569881,0.493993,0.352124,0.224051,0.013782,0,0.152837,0.130691,0.4257
2026-04-09,0,1,ok,0.1965780790871946,1.250129,0.5,0.563891,0.493651,0.354442,0.213784,0.013782,0,0.148703,0.109683,0.386204
2026-04-10,0,1,ok,0.2022999830668424,1.252207,0.5,0.565681,0.493753,0.354919,0.179796,0.013782,0,0.154978,0.112836,0.392131
2026-04-13,0,1,ok,0.2004043825567792,1.45312,0.5,0.557819,0.493304,0.460977,0.154766,0.034141,0,0.115672,0.10626,0.379769
2026-04-14,0,1,ok,0.2020210445547287,1.346116,0.5,0.565322,0.493733,0.403578,0.115184,0.034141,0,0.155298,0.111226,0.389104
2026-04-15,0,1,ok,0.1955294301325903,1.25392,0.5,0.565264,0.493729,0.355943,0.116336,0.034141,0,0.138476,0.121423,0.408274
2026-04-16,0,1,ok,0.2021895523350968,1.366742,0.5,0.566102,0.493777,0.414003,0.110114,0.034141,0,0.14488,0.120752,0.407015
2026-04-17,0,1,ok,0.1969962354745721,1.460726,0.5,0.570488,0.494028,0.46138,0.103897,0.034141,0,0.152368,0.133372,0.43074
2026-04-20,0,1,ok,0.1993701717723555,1.669781,0.75,0.563669,0.493638,0.571241,0.111778,0.03633,0,0.123973,0.124137,0.413378
2026-04-21,0,1,ok,0.1995399442487935,1.787583,0.75,0.566755,0.493815,0.631492,0.112418,0.03633,0,0.1259,0.135086,0.433962
2026-04-22,0,1,ok,0.1878934847438984,1.785547,0.5,0.567962,0.493884,0.630207,0.0698,0.03633,0,0.137331,0.132755,0.429579
2026-04-23,0,1,ok,0.1959196481223044,1.84418,0.75,0.573166,0.494181,0.659639,0.07877,0.03633,0,0.148453,0.146338,0.455115
2026-04-24,0,1,ok,0.1875358368177824,1.645579,0.5,0.565647,0.493751,0.558291,0.07707,0.03633,0,0.131498,0.127258,0.419244
2026-04-27,0,1,ok,0.1980852996306944,1.847672,0.75,0.563238,0.493614,0.663186,0.075399,0.046964,0,0.124765,0.121951,0.409267
2026-04-28,0,1,ok,0.2012188905917329,1.896234,0.75,0.574155,0.494237,0.686493,0.081212,0.046964,0,0.155561,0.145826,0.454154
2026-04-29,0,1,ok,0.1909454328412383,2.032856,0.5,0.560132,0.493436,0.759187,0.0719,0.046964,0,0.118251,0.113765,0.393877
2026-04-30,0,1,ok,0.2029624450028115,1.956248,0.5,0.569068,0.493947,0.718399,0.076445,0.046964,0,0.14653,0.131402,0.427036
2026-05-01,0,1,ok,0.1998216104855419,1.813725,0.5,0.573283,0.494188,0.643811,0.073277,0.046964,0,0.160507,0.139327,0.441934
2026-05-04,0,1,ok,0.1889451552318581,1.941404,0.75,0.560416,0.493452,0.712002,0.072122,0.051435,0,0.12037,0.11357,0.393511
2026-05-05,0,1,ok,0.2154410919580562,1.956431,0.5,0.556689,0.493239,0.720287,0.06917,0.051435,0,0.100319,0.111331,0.389302
2026-05-06,0,1,ok,0.1927525518718948,1.885856,0.5,0.565227,0.493727,0.682575,0.06879,0.051435,0,0.135331,0.123231,0.411674
2026-05-07,0,1,ok,0.1842860736493472,1.922317,0.75,0.555932,0.493196,0.702849,0.064022,0.051435,0,0.109549,0.102627,0.372939
2026-05-08,0,1,ok,0.1870105544897681,1.898745,0.5,0.557673,0.493296,0.690446,0.063652,0.051435,0,0.112358,0.107741,0.382553
2026-05-11,0,1,ok,0.1967176496617539,2.160573,0.5,0.5595,0.4934,0.825083,0.064446,0.061252,0,0.118642,0.111034,0.388744
2026-05-12,0,1,ok,0.1834946943685994,2.276059,0.75,0.566276,0.493787,0.884192,0.049576,0.061252,0,0.138065,0.125661,0.416243
2026-05-13,0,1,ok,0.2001748200357033,2.383582,0.5,0.562163,0.493552,0.939924,0.049907,0.061252,0,0.101919,0.131881,0.427937
2026-05-14,0,1,ok,0.1993184129560936,2.295286,0.5,0.551783,0.492959,0.894922,0.05123,0.061252,0,0.084441,0.101865,0.371507
2026-05-15,0,1,ok,0.1985860357574272,2.355382,0.75,0.560767,0.493472,0.925425,0.066608,0.061252,0,0.092498,0.132227,0.428586
2026-05-18,0,1,ok,0.1860283384268238,2.497406,0.75,0.561182,0.493496,0.998662,0.067309,0.073044,0,0.100722,0.128763,0.422075
2026-05-19,0,1,ok,0.1906075297514629,2.641737,0.75,0.556179,0.49321,1.0,0.072416,0.073044,0,0.089775,0.115858,0.397813
2026-05-20,0,1,ok,0.1809128373787574,2.335167,0.5,0.556852,0.493249,0.915172,0.06424,0.073044,0,0.090847,0.11784,0.40154
2026-05-21,0,1,ok,0.176103300156244,2.309985,0.5,0.552849,0.49302,0.902414,0.063171,0.073044,0,0.07999,0.108817,0.384576
2026-05-22,0,1,ok,0.1702015818370912,2.244751,0.5,0.557877,0.493307,0.868572,0.061069,0.073044,0,0.092557,0.120814,0.407131
2026-05-25,1,1,ok,0.1820418165614258,2.437236,0.75,0.554244,0.4931,0.967743,0.058969,0.07444,0,0.083817,0.111936,0.390439
