{
  "part": "part2",
  "version": "GEN5_PART2_GEN532_SOFT_CAUTION_OVERLAY",
  "schema_version": "part2.g5.phase3_2.schema1",
  "horizon": 1,
  "holdout_start": "2020-01-01",
  "rows_rebalance": 1644,
  "rows_realized": 1643,
  "rows_audit": 1643,
  "model_feature_count": 14,
  "forbidden_feature_count": 22,
  "forbidden_features_excluded": [
    "Date",
    "bench_60_40",
    "calendar_name",
    "decision_is_tuesday",
    "decision_weekday",
    "excess_ret",
    "fwd_ief",
    "fwd_ief_reg",
    "fwd_spread",
    "fwd_voo",
    "fwd_voo_reg",
    "is_revealed_master",
    "master_row_num",
    "px_ief_fwd",
    "px_ief_t",
    "px_voo_fwd",
    "px_voo_t",
    "row_num_in_calendar",
    "target_date",
    "y_avail",
    "y_rel_tail_voo_vs_ief",
    "y_voo"
  ],
  "script_version": "GEN5_PART2_G532_DAILY_CANONICAL_V1",
  "contract_profile": "live_locked_14",
  "expected_model_feature_count": 14,
  "expected_forbidden_count": 22,
  "contract_missing_locked": [],
  "contract_missing_optional": [
    "bench_excess_voo_minus_ief",
    "bench_ief",
    "bench_voo"
  ],
  "contract_extra_locked": [],
  "classification_base": {
    "auc": 0.5150546881790278,
    "pr": 0.21770241250249486,
    "lift": 1.0015059700957365,
    "brier": 0.16241241064535702,
    "ece": 0.014696998436946019
  },
  "classification_dist": {
    "auc": 0.5007891017049171,
    "pr": 0.2189487201886214,
    "lift": 1.0898741439277133,
    "brier": 0.18008684507279682,
    "ece": 0.11508884863196507
  },
  "classification_final_used": {
    "auc": 0.5150546881790278,
    "pr": 0.21770241250249486,
    "lift": 1.0015059700957365,
    "brier": 0.16241241064535702,
    "ece": 0.014696998436946019
  },
  "distributional_diagnostics": {
    "raw_coverage": 0.8180158247108947,
    "conf_coverage": 0.8910529519172246,
    "median_rmse": 0.014203267416675951
  },
  "calibration_gate_on_rate": 0.9635036496350365,
  "high_risk_state_rate": 0.2110705596107056,
  "drift_base_ece": 0.014696998436946019,
  "drift_base_brier": 0.16241241064535702,
  "drift_alarm_rate": 0.10158150851581509,
  "deploy_downside_rate": 0.0024330900243309003,
  "defense_trigger_mean": 0.08456070196435253,
  "defense_trigger_threshold_median": 0.057430909106161346,
  "deploy_upside_rate": 0.0,
  "raw_val_auc_median": 0.5370463456318488,
  "active_ret_net_mean": 4.168023678450649e-07,
  "active_ret_net_ir": 0.0005725446880691977,
  "strategy_ret_net_ir": 0.6690618350603099,
  "negative_benchmark_active_mean": 0.0060900417150704855,
  "negative_benchmark_hit_rate": 0.7728531855955678,
  "downside_capture_ratio": -0.11666254837724441,
  "avg_abs_active_weight_raw": 0.00026763990267639903,
  "avg_abs_active_weight_capped": 0.00026763990267639903,
  "shuffle_auc_median": 0.48510348831700795,
  "suspicious_perf_flag": false,
  "stress_panel": {
    "slippage_5_0bps": {
      "active_mean": 6.176544676624723e-07,
      "active_ir": 0.0008484475476045933,
      "strategy_ir": 0.6694760965207043
    },
    "slippage_7_5bps": {
      "active_mean": 5.172284177537697e-07,
      "active_ir": 0.00071049609350229,
      "strategy_ir": 0.6692689808348352
    },
    "slippage_10_0bps": {
      "active_mean": 4.168023678450649e-07,
      "active_ir": 0.0005725446880691977,
      "strategy_ir": 0.6690618350603099
    }
  },
  "tail_event_threshold": -0.005669467095138408,
  "part1_version_consumed": "V20_P1_DAILY",
  "environment": {
    "utc_run_ts": "2026-04-20T23:05:03.108079+00:00",
    "python": "3.12.13",
    "platform": "Linux-6.17.0-1010-azure-x86_64-with-glibc2.39",
    "pandas": "3.0.2",
    "numpy": "2.4.4",
    "script_path": "part2_predictor.py",
    "script_sha256": "e20df9e11ea92a96e90dfe7c43936ec48120613452e20d6ff163eed5ba96980b"
  },
  "build_variant": "PHASE3_2_BASE_PLUS_SOFT_CAUTION_OVERLAY",
  "dist_overlay_on_rate": 0.16484184914841848,
  "dist_trust_mean": 0.6201481966359286,
  "dist_overlay_strength_mean": 0.08151051324534933,
  "active_ir_final_pass_min": 0.04,
  "active_ir_fail_closed_min": 0.04,
  "conditional_active_ir": NaN,
  "conditional_active_ir_min": -0.5,
  "conditional_active_ir_min_n": 10,
  "conditional_active_ir_floor_fail_closed": -1.5,
  "effective_drift_ece_max": 0.17,
  "effective_drift_brier_max": 0.22,
  "effective_final_pass_drift_rate_max": 0.4,
  "effective_fail_closed_drift_rate": 0.4,
  "effective_fail_closed_cal_gate": 0.85,
  "final_pass": false,
  "out_path": "/home/runner/work/Price-Call/Price-Call/artifacts_part2_g532/predictions/g532_final_consensus_tape.csv",
  "publish_mode": "FAIL_CLOSED_NEUTRAL",
  "output_hashes": {
    "consensus_tape_sha256": "4acfa9dd8266fae2d4405cb3107bec791366389c58a1c90a8978d4377bb40890",
    "summary_payload_sha256": "27e0f6d1cdac30137e666596afb4df2ccbb4be3d15e1884d24395c96ecd404a5"
  }
}