model,auc,pr,lift,brier,ece
base_only,0.602592388306674,0.22083404081338268,1.1913805697589483,0.1448766286157399,0.08225331257620007
dist_only,0.42346938775510207,0.1323839001226949,0.510591672753835,0.22225955112548276,0.2509053214853766
base_plus_risk_overlay,0.602592388306674,0.22083404081338268,1.1913805697589483,0.1448766286157399,0.08225331257620007
