model,auc,pr,lift,brier,ece
base_only,0.5173529559312449,0.21833227515304948,1.062999749004984,0.16208964365984666,0.018518624096356722
dist_only,0.5014137756474865,0.21755755409689906,1.03347197819929,0.1765090050411757,0.10881874778582377
base_plus_risk_overlay,0.5173529559312449,0.21833227515304948,1.062999749004984,0.16208964365984666,0.018518624096356722
