model,auc,pr,lift,brier,ece
base_only,0.5181092360733079,0.21720304029185494,1.023037756821686,0.16135788321575317,0.012511718189908169
dist_only,0.5061309199782253,0.22011977616121967,1.037864390978522,0.1754574713558472,0.10831146292242393
base_plus_risk_overlay,0.5181092360733079,0.21720304029185494,1.023037756821686,0.16135788321575317,0.012511718189908169
