Date,rank_ic,topk_rel_ret_net,breadth_selected,eligible_breadth,gross_alpha_budget_used,alpha_drift_alarm,alpha_overlay_scale,is_live,alpha_leg,alpha_position,alpha_abs,alpha_turnover,alpha_cost_model,topk_rel_ret_gross,realized_spread_voo_minus_ief,signal_spread_proxy,prob_voo,p0,eligible,eligibility_reason,y_avail,dist_overlay_on_g53,dist_overlay_strength_g53,dist_width_caution_g53,uncertainty_penalty_g5,caution_shrink,alpha_scale_effective,positions_source,eligibility_source,source_tape
2020-01-01,,,0,0,0.0,0,0.496548,0,FLAT,0.0,0.0,0.0,0.0,,0.004202,0.0,0.2229588064031222,0.5873572292662539,0,weak_score,1,0,0.136015,0.132359,0.428836,0.8067,0.605025,part2a21_alpha_positions.csv,part2a21_alpha_eligibility.csv,artifacts_part2_g532/predictions/g532_final_consensus_tape.csv
2020-01-02,,,0,0,0.0,0,0.490294,0,FLAT,0.0,0.0,0.0,0.0,,-0.013993,0.0,0.2109106636118749,0.5417680389431605,0,weak_score,1,0,0.150881,0.133275,0.430557,0.799346,0.599509,part2a21_alpha_positions.csv,part2a21_alpha_eligibility.csv,artifacts_part2_g532/predictions/g532_final_consensus_tape.csv
2020-01-03,,,0,0,0.0,0,0.435107,0,FLAT,0.0,0.0,0.0,0.0,,0.004817,0.0,0.2286045447400485,0.598767550100395,0,weak_score,1,0,0.150598,0.14543,0.453408,0.790649,0.592987,part2a21_alpha_positions.csv,part2a21_alpha_eligibility.csv,artifacts_part2_g532/predictions/g532_final_consensus_tape.csv
2020-01-06,,,0,0,0.0,0,0.093831,0,FLAT,0.0,0.0,0.0,0.0,,-0.001324,0.0,0.277352044676093,0.6978091768109479,0,high_risk_veto,1,0,0.154906,0.137085,0.43772,0.794769,0.12915,part2a21_alpha_positions.csv,part2a21_alpha_eligibility.csv,artifacts_part2_g532/predictions/g532_final_consensus_tape.csv
2020-01-07,,,0,0,0.0,0,0.436577,0,FLAT,0.0,0.0,0.0,0.0,,0.007487,0.0,0.2132526516915402,0.5575358034046801,0,weak_score,1,0,0.146595,0.133831,0.431603,0.800871,0.600653,part2a21_alpha_positions.csv,part2a21_alpha_eligibility.csv,artifacts_part2_g532/predictions/g532_final_consensus_tape.csv
2020-01-08,,,0,0,0.0,0,0.42649,0,FLAT,0.0,0.0,0.0,0.0,,0.006167,0.0,0.2110563193655844,0.5483838161343672,0,weak_score,1,0,0.14848,0.133676,0.431311,0.800135,0.600101,part2a21_alpha_positions.csv,part2a21_alpha_eligibility.csv,artifacts_part2_g532/predictions/g532_final_consensus_tape.csv
2020-01-09,,,0,0,0.0,0,0.418818,0,FLAT,0.0,0.0,0.0,0.0,,-0.005029,0.0,0.1995156630157851,0.5005632614124089,0,weak_score,1,0,0.169603,0.131365,0.426966,0.792307,0.594231,part2a21_alpha_positions.csv,part2a21_alpha_eligibility.csv,artifacts_part2_g532/predictions/g532_final_consensus_tape.csv
2020-01-10,,,0,0,0.0,0,0.403148,0,FLAT,0.0,0.0,0.0,0.0,,0.007764,0.0,0.2399619940165722,0.6285599916647869,0,weak_score,1,0,0.176082,0.157632,0.476349,0.770322,0.577742,part2a21_alpha_positions.csv,part2a21_alpha_eligibility.csv,artifacts_part2_g532/predictions/g532_final_consensus_tape.csv
2020-01-13,,,0,0,0.0,0,0.412301,0,FLAT,0.0,0.0,0.0,0.0,,-0.003307,0.0,0.2024179012261933,0.5138993264956376,0,weak_score,1,0,0.174063,0.130403,0.425158,0.790999,0.593249,part2a21_alpha_positions.csv,part2a21_alpha_eligibility.csv,artifacts_part2_g532/predictions/g532_final_consensus_tape.csv
2020-01-14,,,0,0,0.0,0,0.404866,0,FLAT,0.0,0.0,0.0,0.0,,-0.000287,0.0,0.2088180543643199,0.5416296727766705,0,weak_score,1,0,0.164107,0.158325,0.477651,0.775208,0.581406,part2a21_alpha_positions.csv,part2a21_alpha_eligibility.csv,artifacts_part2_g532/predictions/g532_final_consensus_tape.csv
2020-01-15,,,0,0,0.0,0,0.418093,0,FLAT,0.0,0.0,0.0,0.0,,0.010387,0.0,0.2073390623529516,0.5394507107082496,0,weak_score,1,0,0.143003,0.136341,0.43632,0.800666,0.600499,part2a21_alpha_positions.csv,part2a21_alpha_eligibility.csv,artifacts_part2_g532/predictions/g532_final_consensus_tape.csv
2020-01-16,,,0,0,0.0,0,0.406744,0,FLAT,0.0,0.0,0.0,0.0,,0.00419,0.0,0.2206880785082022,0.5790096786052822,0,weak_score,1,0,0.150567,0.132805,0.429674,0.799828,0.599871,part2a21_alpha_positions.csv,part2a21_alpha_eligibility.csv,artifacts_part2_g532/predictions/g532_final_consensus_tape.csv
2020-01-17,,,0,0,0.0,0,0.449768,0,FLAT,0.0,0.0,0.0,0.0,,0.0,0.0,0.2087670760880277,0.5382650991422411,0,weak_score,1,0,0.14991,0.134774,0.433376,0.798694,0.599021,part2a21_alpha_positions.csv,part2a21_alpha_eligibility.csv,artifacts_part2_g532/predictions/g532_final_consensus_tape.csv
2020-01-20,,,0,0,0.0,0,0.447642,0,FLAT,0.0,0.0,0.0,0.0,,-0.006013,0.0,0.2123172510531395,0.5510559191559213,0,weak_score,1,0,0.152292,0.136171,0.436001,0.796609,0.597457,part2a21_alpha_positions.csv,part2a21_alpha_eligibility.csv,artifacts_part2_g532/predictions/g532_final_consensus_tape.csv
2020-01-21,,,0,0,0.0,0,0.435563,0,FLAT,0.0,0.0,0.0,0.0,,8.4e-05,0.0,0.2136334259365146,0.5558689933423748,0,weak_score,1,0,0.145506,0.141206,0.445468,0.796006,0.597005,part2a21_alpha_positions.csv,part2a21_alpha_eligibility.csv,artifacts_part2_g532/predictions/g532_final_consensus_tape.csv
2020-01-22,,,0,0,0.0,0,0.440141,0,FLAT,0.0,0.0,0.0,0.0,,-0.001518,0.0,0.25991103953428,0.6669681129213334,0,weak_score,1,0,0.15469,0.138975,0.441273,0.793493,0.59512,part2a21_alpha_positions.csv,part2a21_alpha_eligibility.csv,artifacts_part2_g532/predictions/g532_final_consensus_tape.csv
2020-01-23,,,0,0,0.0,0,0.443677,0,FLAT,0.0,0.0,0.0,0.0,,-0.012726,0.0,0.2257931891521438,0.5899533552922113,0,weak_score,1,0,0.15264,0.142125,0.447195,0.792129,0.594097,part2a21_alpha_positions.csv,part2a21_alpha_eligibility.csv,artifacts_part2_g532/predictions/g532_final_consensus_tape.csv
2020-01-24,,,0,0,0.0,0,0.417048,0,FLAT,0.0,0.0,0.0,0.0,,-0.022757,0.0,0.2591402748584686,0.6581423492907049,0,weak_score,1,0,0.157113,0.141521,0.44606,0.790555,0.592916,part2a21_alpha_positions.csv,part2a21_alpha_eligibility.csv,artifacts_part2_g532/predictions/g532_final_consensus_tape.csv
2020-01-27,,,0,0,0.0,0,0.208936,0,FLAT,0.0,0.0,0.0,0.0,,0.014138,0.0,0.2644306817869107,0.6665182710278362,0,weak_score,1,0,0.192318,0.197714,0.551703,0.733916,0.330262,part2a21_alpha_positions.csv,part2a21_alpha_eligibility.csv,artifacts_part2_g532/predictions/g532_final_consensus_tape.csv
2020-01-28,,,0,0,0.0,0,0.332603,0,FLAT,0.0,0.0,0.0,0.0,,-0.005774,0.0,0.2315488229330556,0.6137946518056016,0,weak_score,1,0,0.194181,0.183164,0.524348,0.743641,0.557731,part2a21_alpha_positions.csv,part2a21_alpha_eligibility.csv,artifacts_part2_g532/predictions/g532_final_consensus_tape.csv
2020-01-29,,,0,0,0.0,0,0.195541,0,FLAT,0.0,0.0,0.0,0.0,,0.002157,0.0,0.2008510190003963,0.4587364672959437,0,weak_score,1,0,0.226412,0.180995,0.520271,0.730712,0.32882,part2a21_alpha_positions.csv,part2a21_alpha_eligibility.csv,artifacts_part2_g532/predictions/g532_final_consensus_tape.csv
2020-01-30,,,0,0,0.0,0,0.353516,0,FLAT,0.0,0.0,0.0,0.0,,-0.023108,0.0,0.2371232986782598,0.5918746490036629,0,weak_score,1,0,0.168661,0.163129,0.486683,0.769671,0.577253,part2a21_alpha_positions.csv,part2a21_alpha_eligibility.csv,artifacts_part2_g532/predictions/g532_final_consensus_tape.csv
2020-01-31,,,0,0,0.0,0,0.165798,0,FLAT,0.0,0.0,0.0,0.0,,0.008096,0.0,0.2667799174323693,0.6594424164302956,0,high_risk_veto,1,0,0.18863,0.199233,0.554559,0.734473,0.286445,part2a21_alpha_positions.csv,part2a21_alpha_eligibility.csv,artifacts_part2_g532/predictions/g532_final_consensus_tape.csv
2020-02-03,,,0,0,0.0,0,0.319821,0,FLAT,0.0,0.0,0.0,0.0,,0.021111,0.0,0.2278361960025505,0.5706993976866238,0,weak_score,1,0,0.179038,0.175951,0.510788,0.755693,0.566769,part2a21_alpha_positions.csv,part2a21_alpha_eligibility.csv,artifacts_part2_g532/predictions/g532_final_consensus_tape.csv
2020-02-04,,,0,0,0.0,0,0.296368,0,FLAT,0.0,0.0,0.0,0.0,,0.015585,0.0,0.2478752765148189,0.6261072586954329,0,weak_score,1,0,0.178862,0.167334,0.494588,0.762028,0.571521,part2a21_alpha_positions.csv,part2a21_alpha_eligibility.csv,artifacts_part2_g532/predictions/g532_final_consensus_tape.csv
2020-02-05,,,0,0,0.0,0,0.282233,0,FLAT,0.0,0.0,0.0,0.0,,0.002685,0.0,0.2350620484267655,0.6389613459108355,0,weak_score,1,0,0.191373,0.175601,0.51013,0.750396,0.562797,part2a21_alpha_positions.csv,part2a21_alpha_eligibility.csv,artifacts_part2_g532/predictions/g532_final_consensus_tape.csv
2020-02-06,,,0,0,0.0,0,0.167676,0,FLAT,0.0,0.0,0.0,0.0,,-0.009876,0.0,0.2026776238461289,0.5110839146935371,0,weak_score,1,0,0.218091,0.168371,0.496537,0.743622,0.33463,part2a21_alpha_positions.csv,part2a21_alpha_eligibility.csv,artifacts_part2_g532/predictions/g532_final_consensus_tape.csv
2020-02-07,,,0,1,0.0,0,0.289571,0,FLAT,0.0,0.0,0.0,0.0,,0.005206,0.0,0.2384081081978974,0.6489577447132115,1,ok,1,0,0.173587,0.166716,0.493427,0.76485,0.573637,part2a21_alpha_positions.csv,part2a21_alpha_eligibility.csv,artifacts_part2_g532/predictions/g532_final_consensus_tape.csv
2020-02-10,,,0,0,0.0,0,0.318432,0,FLAT,0.0,0.0,0.0,0.0,,0.004202,0.0,0.2377748940700612,0.6089883587060063,0,weak_score,1,0,0.166802,0.149697,0.461431,0.780259,0.585194,part2a21_alpha_positions.csv,part2a21_alpha_eligibility.csv,artifacts_part2_g532/predictions/g532_final_consensus_tape.csv
2020-02-11,,,0,0,0.0,0,0.31942,0,FLAT,0.0,0.0,0.0,0.0,,0.008971,0.0,0.2423520062481947,0.6231737902894934,0,weak_score,1,0,0.179863,0.159434,0.479737,0.767312,0.575484,part2a21_alpha_positions.csv,part2a21_alpha_eligibility.csv,artifacts_part2_g532/predictions/g532_final_consensus_tape.csv
2020-02-12,,,0,0,0.0,0,0.333469,0,FLAT,0.0,0.0,0.0,0.0,,-0.001853,0.0,0.2196066259968731,0.5762624951026097,0,weak_score,1,0,0.154439,0.134637,0.433117,0.796756,0.597567,part2a21_alpha_positions.csv,part2a21_alpha_eligibility.csv,artifacts_part2_g532/predictions/g532_final_consensus_tape.csv
2020-02-13,,,0,1,0.0,0,0.331794,0,FLAT,0.0,0.0,0.0,0.0,,-0.000797,0.0,0.2254580409468372,0.61051666194422,1,ok,1,0,0.149074,0.139137,0.441577,0.795903,0.596928,part2a21_alpha_positions.csv,part2a21_alpha_eligibility.csv,artifacts_part2_g532/predictions/g532_final_consensus_tape.csv
2020-02-14,,,0,1,0.0,0,0.38626,0,FLAT,0.0,0.0,0.0,0.0,,0.0,0.0,0.1993787760597575,0.492377275051937,1,ok,1,0,0.153788,0.124795,0.414616,0.804194,0.603146,part2a21_alpha_positions.csv,part2a21_alpha_eligibility.csv,artifacts_part2_g532/predictions/g532_final_consensus_tape.csv
2020-02-17,-1.0,-5.2e-05,1,1,0.009734,0,0.384789,0,VOO,0.009734,0.009734,0.009734,1e-05,-4.2e-05,-0.004331,0.009734,0.1992339314571817,0.4862198084975677,1,ok,1,0,0.159871,0.121244,0.407938,0.804035,0.603026,part2a21_alpha_positions.csv,part2a21_alpha_eligibility.csv,artifacts_part2_g532/predictions/g532_final_consensus_tape.csv
2020-02-18,1.0,4.8e-05,1,1,0.009734,0,0.402726,0,VOO,0.009734,0.009734,0.0,0.0,4.8e-05,0.004981,0.009734,0.2215479461845968,0.5537977211909956,1,ok,1,0,0.168521,0.149246,0.460582,0.779813,0.58486,part2a21_alpha_positions.csv,part2a21_alpha_eligibility.csv,artifacts_part2_g532/predictions/g532_final_consensus_tape.csv
2020-02-19,-1.0,-6.7e-05,1,0,0.009734,0,0.444964,0,VOO,0.009734,0.009734,0.0,0.0,-6.7e-05,-0.006836,0.009734,0.2328756802439715,0.5820771292962837,0,weak_score,1,0,0.157583,0.129168,0.422835,0.799312,0.599484,part2a21_alpha_positions.csv,part2a21_alpha_eligibility.csv,artifacts_part2_g532/predictions/g532_final_consensus_tape.csv
2020-02-20,-1.0,-0.000141,1,1,0.009734,0,0.418821,0,VOO,0.009734,0.009734,0.0,0.0,-0.000141,-0.014453,0.009734,0.2265642955862725,0.5659685465793084,1,ok,1,0,0.174329,0.160655,0.482032,0.768916,0.576687,part2a21_alpha_positions.csv,part2a21_alpha_eligibility.csv,artifacts_part2_g532/predictions/g532_final_consensus_tape.csv
2020-02-21,-1.0,-0.000407,1,0,0.009734,0,0.084372,0,VOO,0.009734,0.009734,0.0,0.0,-0.000407,-0.041775,0.009734,0.2775658535057205,0.7044682889631487,0,high_risk_veto,1,0,0.196033,0.178677,0.515914,0.746065,0.121236,part2a21_alpha_positions.csv,part2a21_alpha_eligibility.csv,artifacts_part2_g532/predictions/g532_final_consensus_tape.csv
2020-02-24,,,0,0,0.0,0,0.131504,0,FLAT,0.0,0.0,0.009734,1e-05,,-0.033279,0.0,0.2135115887955734,0.5233101841321323,0,high_risk_veto,1,1,0.249944,0.333802,0.621402,0.646414,0.252102,part2a21_alpha_positions.csv,part2a21_alpha_eligibility.csv,artifacts_part2_g532/predictions/g532_final_consensus_tape.csv
2020-02-25,,,0,0,0.0,0,0.126977,0,FLAT,0.0,0.0,0.0,0.0,,-0.00391,0.0,0.2170901705243594,0.5327260429846796,0,high_risk_veto,1,1,0.242806,0.295293,0.607827,0.665819,0.25967,part2a21_alpha_positions.csv,part2a21_alpha_eligibility.csv,artifacts_part2_g532/predictions/g532_final_consensus_tape.csv
2020-02-26,,,0,0,0.0,0,0.123221,0,FLAT,0.0,0.0,0.0,0.0,,-0.050178,0.0,0.2173082290960755,0.3977297433061693,0,high_risk_veto,1,1,0.294378,0.338919,0.623188,0.624271,0.243466,part2a21_alpha_positions.csv,part2a21_alpha_eligibility.csv,artifacts_part2_g532/predictions/g532_final_consensus_tape.csv
2020-02-27,,,0,0,0.0,0,0.104557,0,FLAT,0.0,0.0,0.0,0.0,,-0.017202,0.0,0.1952239203292836,0.5984510634445851,0,high_risk_veto,1,1,0.285879,0.406365,0.646347,0.599857,0.233944,part2a21_alpha_positions.csv,part2a21_alpha_eligibility.csv,artifacts_part2_g532/predictions/g532_final_consensus_tape.csv
2020-02-28,,,0,0,0.0,0,0.109949,0,FLAT,0.0,0.0,0.0,0.0,,0.044354,0.0,0.2190428298899763,0.4321588617196426,0,high_risk_veto,1,1,0.291058,0.354856,0.628723,0.61908,0.241441,part2a21_alpha_positions.csv,part2a21_alpha_eligibility.csv,artifacts_part2_g532/predictions/g532_final_consensus_tape.csv
2020-03-02,,,0,0,0.0,0,0.096768,0,FLAT,0.0,0.0,0.0,0.0,,-0.039524,0.0,0.1973782718404762,0.5783103187409523,0,high_risk_veto,1,1,0.252381,0.275816,0.600866,0.66972,0.261191,part2a21_alpha_positions.csv,part2a21_alpha_eligibility.csv,artifacts_part2_g532/predictions/g532_final_consensus_tape.csv
2020-03-03,,,0,0,0.0,0,0.090723,0,FLAT,0.0,0.0,0.0,0.0,,0.042807,0.0,0.1868225820735799,0.6867053422217707,0,high_risk_veto,1,1,0.273419,0.313006,0.614101,0.644589,0.25139,part2a21_alpha_positions.csv,part2a21_alpha_eligibility.csv,artifacts_part2_g532/predictions/g532_final_consensus_tape.csv
2020-03-04,,,0,0,0.0,0,0.085842,0,FLAT,0.0,0.0,0.0,0.0,,-0.042921,0.0,0.1975527123574715,0.5953181835061697,0,high_risk_veto,1,1,0.24198,0.256152,0.593772,0.682701,0.266254,part2a21_alpha_positions.csv,part2a21_alpha_eligibility.csv,artifacts_part2_g532/predictions/g532_final_consensus_tape.csv
2020-03-05,,,0,0,0.0,0,0.082982,0,FLAT,0.0,0.0,0.0,0.0,,-0.027014,0.0,0.1792599203870138,0.7360677758111406,0,high_risk_veto,1,1,0.247826,0.261705,0.595783,0.677725,0.264313,part2a21_alpha_positions.csv,part2a21_alpha_eligibility.csv,artifacts_part2_g532/predictions/g532_final_consensus_tape.csv
2020-03-06,,,0,0,0.0,0,0.08371,0,FLAT,0.0,0.0,0.0,0.0,,-0.089233,0.0,0.1947652758591207,0.6358202002514918,0,high_risk_veto,1,1,0.243605,0.246268,0.590181,0.686148,0.267598,part2a21_alpha_positions.csv,part2a21_alpha_eligibility.csv,artifacts_part2_g532/predictions/g532_final_consensus_tape.csv
2020-03-09,,,0,0,0.0,0,0.0702,0,FLAT,0.0,0.0,0.0,0.0,,0.068575,0.0,0.1766973290336804,0.787334079004566,0,high_risk_veto,1,1,0.267958,0.308036,0.612346,0.649137,0.253163,part2a21_alpha_positions.csv,part2a21_alpha_eligibility.csv,artifacts_part2_g532/predictions/g532_final_consensus_tape.csv
2020-03-10,,,0,0,0.0,0,0.062505,0,FLAT,0.0,0.0,0.0,0.0,,-0.040823,0.0,0.1866507343837344,0.677897988053506,0,high_risk_veto,1,1,0.25539,0.284217,0.603877,0.664823,0.259281,part2a21_alpha_positions.csv,part2a21_alpha_eligibility.csv,artifacts_part2_g532/predictions/g532_final_consensus_tape.csv
2020-03-11,,,0,0,0.0,1,0.027995,0,FLAT,0.0,0.0,0.0,0.0,,-0.102228,0.0,0.1756615052178119,0.8235324149393793,0,high_risk_veto,1,1,0.26568,0.302425,0.61036,0.652523,0.117454,part2a21_alpha_positions.csv,part2a21_alpha_eligibility.csv,artifacts_part2_g532/predictions/g532_final_consensus_tape.csv
2020-03-12,,,0,0,0.0,1,0.02468,0,FLAT,0.0,0.0,0.0,0.0,,0.09586,0.0,0.1744684802469582,0.8270508947895392,0,high_risk_veto,1,1,0.271759,0.348797,0.626623,0.630305,0.113455,part2a21_alpha_positions.csv,part2a21_alpha_eligibility.csv,artifacts_part2_g532/predictions/g532_final_consensus_tape.csv
2020-03-13,,,0,0,0.0,1,0.022731,0,FLAT,0.0,0.0,0.0,0.0,,-0.150944,0.0,0.1934456435989014,0.6662387745969327,0,high_risk_veto,1,1,0.249762,0.282438,0.60324,0.668106,0.120259,part2a21_alpha_positions.csv,part2a21_alpha_eligibility.csv,artifacts_part2_g532/predictions/g532_final_consensus_tape.csv
2020-03-16,,,0,0,0.0,1,0.019108,0,FLAT,0.0,0.0,0.0,0.0,,0.088809,0.0,0.181725907749661,0.8171591921902719,0,high_risk_veto,1,1,0.279692,0.338508,0.623045,0.631052,0.113589,part2a21_alpha_positions.csv,part2a21_alpha_eligibility.csv,artifacts_part2_g532/predictions/g532_final_consensus_tape.csv
2020-03-17,,,0,0,0.0,1,0.01812,0,FLAT,0.0,0.0,0.0,0.0,,-0.042236,0.0,0.1840814167302469,0.7801013031330961,0,high_risk_veto,1,1,0.262573,0.310643,0.613267,0.650463,0.117083,part2a21_alpha_positions.csv,part2a21_alpha_eligibility.csv,artifacts_part2_g532/predictions/g532_final_consensus_tape.csv
2020-03-18,,,0,0,0.0,1,0.018697,0,FLAT,0.0,0.0,0.0,0.0,,-0.002414,0.0,0.1727552236281719,0.8575009018072879,0,high_risk_veto,1,1,0.263401,0.295926,0.608052,0.656285,0.118131,part2a21_alpha_positions.csv,part2a21_alpha_eligibility.csv,artifacts_part2_g532/predictions/g532_final_consensus_tape.csv
2020-03-19,,,0,0,0.0,1,0.019409,0,FLAT,0.0,0.0,0.0,0.0,,-0.069705,0.0,0.1734688068481374,0.8477434936600581,0,high_risk_veto,1,1,0.242551,0.259312,0.594917,0.681109,0.1226,part2a21_alpha_positions.csv,part2a21_alpha_eligibility.csv,artifacts_part2_g532/predictions/g532_final_consensus_tape.csv
2020-03-20,,,0,0,0.0,1,0.019946,0,FLAT,0.0,0.0,0.0,0.0,,-0.042948,0.0,0.1715314970870424,0.8640221288853479,0,high_risk_veto,1,0,0.235979,0.203251,0.562111,0.71025,0.127845,part2a21_alpha_positions.csv,part2a21_alpha_eligibility.csv,artifacts_part2_g532/predictions/g532_final_consensus_tape.csv
2020-03-23,,,0,0,0.0,1,0.01913,0,FLAT,0.0,0.0,0.0,0.0,,0.097912,0.0,0.1771337356854446,0.8445973924666155,0,high_risk_veto,1,1,0.250695,0.293536,0.607202,0.66301,0.119342,part2a21_alpha_positions.csv,part2a21_alpha_eligibility.csv,artifacts_part2_g532/predictions/g532_final_consensus_tape.csv
2020-03-24,,,0,0,0.0,1,0.018207,0,FLAT,0.0,0.0,0.0,0.0,,0.012161,0.0,0.1878392666486184,0.7877748718026458,0,high_risk_veto,1,1,0.256446,0.303577,0.610768,0.656194,0.118115,part2a21_alpha_positions.csv,part2a21_alpha_eligibility.csv,artifacts_part2_g532/predictions/g532_final_consensus_tape.csv
2020-03-25,,,0,0,0.0,1,0.016696,0,FLAT,0.0,0.0,0.0,0.0,,0.055946,0.0,0.2117560992806807,0.8263628295601206,0,high_risk_veto,1,1,0.272404,0.416529,0.649778,0.601677,0.108302,part2a21_alpha_positions.csv,part2a21_alpha_eligibility.csv,artifacts_part2_g532/predictions/g532_final_consensus_tape.csv
2020-03-26,,,0,0,0.0,1,0.016741,0,FLAT,0.0,0.0,0.0,0.0,,-0.038585,0.0,0.2156023002551485,0.7690772418371431,0,high_risk_veto,1,1,0.290498,0.45689,0.65,0.579365,0.104286,part2a21_alpha_positions.csv,part2a21_alpha_eligibility.csv,artifacts_part2_g532/predictions/g532_final_consensus_tape.csv
2020-03-27,,,0,0,0.0,1,0.020259,0,FLAT,0.0,0.0,0.0,0.0,,0.029513,0.0,0.2121246774373237,0.8240600605794318,0,high_risk_veto,1,1,0.199428,0.35729,0.629565,0.659293,0.118673,part2a21_alpha_positions.csv,part2a21_alpha_eligibility.csv,artifacts_part2_g532/predictions/g532_final_consensus_tape.csv
2020-03-30,,,0,0,0.0,1,0.023767,0,FLAT,0.0,0.0,0.0,0.0,,-0.016775,0.0,0.2164074645830607,0.7278729908753783,0,high_risk_veto,1,1,0.268506,0.37046,0.634104,0.62269,0.112084,part2a21_alpha_positions.csv,part2a21_alpha_eligibility.csv,artifacts_part2_g532/predictions/g532_final_consensus_tape.csv
2020-03-31,,,0,0,0.0,1,0.027667,0,FLAT,0.0,0.0,0.0,0.0,,-0.050165,0.0,0.2139286185650863,0.7467442323878154,0,high_risk_veto,1,1,0.197496,0.363882,0.63184,0.6574,0.118332,part2a21_alpha_positions.csv,part2a21_alpha_eligibility.csv,artifacts_part2_g532/predictions/g532_final_consensus_tape.csv
2020-04-01,,,0,0,0.0,1,0.027039,0,FLAT,0.0,0.0,0.0,0.0,,0.022959,0.0,0.2132148273819989,0.7770365315684785,0,high_risk_veto,1,1,0.19871,0.381209,0.637789,0.6496,0.116928,part2a21_alpha_positions.csv,part2a21_alpha_eligibility.csv,artifacts_part2_g532/predictions/g532_final_consensus_tape.csv
2020-04-02,,,0,0,0.0,1,0.024506,0,FLAT,0.0,0.0,0.0,0.0,,-0.015626,0.0,0.2183383259562163,0.6432713779851735,0,high_risk_veto,1,1,0.280672,0.427516,0.65,0.594067,0.106932,part2a21_alpha_positions.csv,part2a21_alpha_eligibility.csv,artifacts_part2_g532/predictions/g532_final_consensus_tape.csv
2020-04-03,,,0,0,0.0,1,0.026579,0,FLAT,0.0,0.0,0.0,0.0,,0.070327,0.0,0.2139308371762325,0.7367572570880626,0,high_risk_veto,1,1,0.281626,0.42811,0.65,0.59343,0.106817,part2a21_alpha_positions.csv,part2a21_alpha_eligibility.csv,artifacts_part2_g532/predictions/g532_final_consensus_tape.csv
2020-04-06,,,0,0,0.0,1,0.025837,0,FLAT,0.0,0.0,0.0,0.0,,0.004992,0.0,0.2165203391455262,0.6340425233495034,0,high_risk_veto,1,1,0.297339,0.43756,0.65,0.583051,0.104949,part2a21_alpha_positions.csv,part2a21_alpha_eligibility.csv,artifacts_part2_g532/predictions/g532_final_consensus_tape.csv
2020-04-07,,,0,0,0.0,1,0.029708,0,FLAT,0.0,0.0,0.0,0.0,,0.034619,0.0,0.2141917087169069,0.7183552793405171,0,high_risk_veto,1,1,0.284279,0.483863,0.65,0.572722,0.10309,part2a21_alpha_positions.csv,part2a21_alpha_eligibility.csv,artifacts_part2_g532/predictions/g532_final_consensus_tape.csv
2020-04-08,,,0,0,0.0,1,0.02953,0,FLAT,0.0,0.0,0.0,0.0,,0.012585,0.0,0.2156097205209105,0.6544467400431316,0,high_risk_veto,1,1,0.283952,0.466194,0.65,0.579053,0.10423,part2a21_alpha_positions.csv,part2a21_alpha_eligibility.csv,artifacts_part2_g532/predictions/g532_final_consensus_tape.csv
2020-04-09,,,0,0,0.0,1,0.034969,0,FLAT,0.0,0.0,0.0,0.0,,0.0,0.0,0.2136412768842784,0.6496261031677028,0,high_risk_veto,1,1,0.20593,0.386597,0.63963,0.644097,0.115937,part2a21_alpha_positions.csv,part2a21_alpha_eligibility.csv,artifacts_part2_g532/predictions/g532_final_consensus_tape.csv
2020-04-10,,,0,0,0.0,1,0.039122,0,FLAT,0.0,0.0,0.0,0.0,,-0.007596,0.0,0.2101667628857056,0.7843415813581491,0,high_risk_veto,1,1,0.191069,0.327899,0.619337,0.675387,0.12157,part2a21_alpha_positions.csv,part2a21_alpha_eligibility.csv,artifacts_part2_g532/predictions/g532_final_consensus_tape.csv
2020-04-13,,,0,0,0.0,1,0.040459,0,FLAT,0.0,0.0,0.0,0.0,,0.028749,0.0,0.2123874791309644,0.6953641110024269,0,high_risk_veto,1,1,0.187004,0.292545,0.606849,0.692087,0.124576,part2a21_alpha_positions.csv,part2a21_alpha_eligibility.csv,artifacts_part2_g532/predictions/g532_final_consensus_tape.csv
2020-04-14,,,0,0,0.0,1,0.033274,0,FLAT,0.0,0.0,0.0,0.0,,-0.030906,0.0,0.2146999078542646,0.6349803575352234,0,high_risk_veto,1,1,0.295723,0.488736,0.65,0.565867,0.101856,part2a21_alpha_positions.csv,part2a21_alpha_eligibility.csv,artifacts_part2_g532/predictions/g532_final_consensus_tape.csv
2020-04-15,,,0,0,0.0,1,0.04184,0,FLAT,0.0,0.0,0.0,0.0,,0.003976,0.0,0.2154242511721225,0.6524264874812614,0,high_risk_veto,1,1,0.206048,0.352304,0.627839,0.658404,0.118513,part2a21_alpha_positions.csv,part2a21_alpha_eligibility.csv,artifacts_part2_g532/predictions/g532_final_consensus_tape.csv
2020-04-16,,,0,0,0.0,1,0.041198,0,FLAT,0.0,0.0,0.0,0.0,,0.02985,0.0,0.2176353195784469,0.5857816642981986,0,high_risk_veto,1,1,0.224131,0.363122,0.631578,0.645733,0.116232,part2a21_alpha_positions.csv,part2a21_alpha_eligibility.csv,artifacts_part2_g532/predictions/g532_final_consensus_tape.csv
2020-04-17,,,0,0,0.0,1,0.044893,0,FLAT,0.0,0.0,0.0,0.0,,-0.020808,0.0,0.2165236600659556,0.6108106939493457,0,high_risk_veto,1,1,0.202615,0.283931,0.603774,0.688693,0.123965,part2a21_alpha_positions.csv,part2a21_alpha_eligibility.csv,artifacts_part2_g532/predictions/g532_final_consensus_tape.csv
2020-04-20,,,0,0,0.0,1,0.050064,0,FLAT,0.0,0.0,0.0,0.0,,-0.033815,0.0,0.2154280858879929,0.6506372256894007,0,high_risk_veto,1,1,0.203378,0.346418,0.625797,0.662074,0.119173,part2a21_alpha_positions.csv,part2a21_alpha_eligibility.csv,artifacts_part2_g532/predictions/g532_final_consensus_tape.csv
2020-04-21,,,0,0,0.0,1,0.043773,0,FLAT,0.0,0.0,0.0,0.0,,0.024867,0.0,0.2164469065273127,0.6376346229795438,0,high_risk_veto,1,1,0.213504,0.411832,0.648194,0.630143,0.113426,part2a21_alpha_positions.csv,part2a21_alpha_eligibility.csv,artifacts_part2_g532/predictions/g532_final_consensus_tape.csv
2020-04-22,,,0,0,0.0,1,0.049083,0,FLAT,0.0,0.0,0.0,0.0,,-0.00085,0.0,0.2226067301967613,0.4001741338088804,0,high_risk_veto,1,1,0.189096,0.307991,0.61233,0.684644,0.123236,part2a21_alpha_positions.csv,part2a21_alpha_eligibility.csv,artifacts_part2_g532/predictions/g532_final_consensus_tape.csv
2020-04-23,,,0,0,0.0,1,0.046631,0,FLAT,0.0,0.0,0.0,0.0,,0.014158,0.0,0.2215876729884992,0.3289166589075152,0,high_risk_veto,1,1,0.210329,0.381244,0.637802,0.644356,0.115984,part2a21_alpha_positions.csv,part2a21_alpha_eligibility.csv,artifacts_part2_g532/predictions/g532_final_consensus_tape.csv
2020-04-24,,,0,0,0.0,1,0.046065,0,FLAT,0.0,0.0,0.0,0.0,,0.019686,0.0,0.2221205422228517,0.361882416304891,0,high_risk_veto,1,1,0.210786,0.381296,0.637819,0.644129,0.115943,part2a21_alpha_positions.csv,part2a21_alpha_eligibility.csv,artifacts_part2_g532/predictions/g532_final_consensus_tape.csv
2020-04-27,,,0,0,0.0,1,0.041186,0,FLAT,0.0,0.0,0.0,0.0,,-0.008987,0.0,0.2215365850199711,0.3240327744152414,0,high_risk_veto,1,1,0.294136,0.441672,0.65,0.583054,0.10495,part2a21_alpha_positions.csv,part2a21_alpha_eligibility.csv,artifacts_part2_g532/predictions/g532_final_consensus_tape.csv
2020-04-28,,,0,0,0.0,1,0.047461,0,FLAT,0.0,0.0,0.0,0.0,,0.025939,0.0,0.2203578777669133,0.2486797148596193,0,high_risk_veto,1,1,0.205653,0.379219,0.637109,0.647308,0.116515,part2a21_alpha_positions.csv,part2a21_alpha_eligibility.csv,artifacts_part2_g532/predictions/g532_final_consensus_tape.csv
2020-04-29,,,0,0,0.0,1,0.049797,0,FLAT,0.0,0.0,0.0,0.0,,-0.006379,0.0,0.2208759815841886,0.2804142420192071,0,high_risk_veto,1,1,0.200658,0.3687,0.633499,0.653959,0.117713,part2a21_alpha_positions.csv,part2a21_alpha_eligibility.csv,artifacts_part2_g532/predictions/g532_final_consensus_tape.csv
2020-04-30,,,0,0,0.0,1,0.053479,0,FLAT,0.0,0.0,0.0,0.0,,-0.029015,0.0,0.2209929987063603,0.2880500481585282,0,high_risk_veto,1,0,0.172275,0.269526,0.598605,0.708421,0.127516,part2a21_alpha_positions.csv,part2a21_alpha_eligibility.csv,artifacts_part2_g532/predictions/g532_final_consensus_tape.csv
2020-05-01,,,0,0,0.0,1,0.048554,0,FLAT,0.0,0.0,0.0,0.0,,0.002987,0.0,0.2210009304411983,0.2893556574131451,0,high_risk_veto,1,1,0.208723,0.373526,0.635157,0.648309,0.116696,part2a21_alpha_positions.csv,part2a21_alpha_eligibility.csv,artifacts_part2_g532/predictions/g532_final_consensus_tape.csv
2020-05-04,,,0,0,0.0,1,0.046759,0,FLAT,0.0,0.0,0.0,0.0,,0.009906,0.0,0.2220065224653247,0.3549147853439791,0,high_risk_veto,1,1,0.227162,0.459343,0.65,0.607007,0.109261,part2a21_alpha_positions.csv,part2a21_alpha_eligibility.csv,artifacts_part2_g532/predictions/g532_final_consensus_tape.csv
2020-05-05,,,0,0,0.0,1,0.048274,0,FLAT,0.0,0.0,0.0,0.0,,-0.003045,0.0,0.2236045499806417,0.481132285927128,0,weak_score,1,1,0.315428,0.474814,0.65,0.561872,0.101137,part2a21_alpha_positions.csv,part2a21_alpha_eligibility.csv,artifacts_part2_g532/predictions/g532_final_consensus_tape.csv
2020-05-06,,,0,0,0.0,1,0.053973,0,FLAT,0.0,0.0,0.0,0.0,,0.00567,0.0,0.2239329238996142,0.5061197448332884,0,weak_score,1,1,0.291278,0.393025,0.641821,0.603002,0.10854,part2a21_alpha_positions.csv,part2a21_alpha_eligibility.csv,artifacts_part2_g532/predictions/g532_final_consensus_tape.csv
2020-05-07,,,0,0,0.0,1,0.05156,0,FLAT,0.0,0.0,0.0,0.0,,0.019867,0.0,0.2229269054108146,0.4214434876931777,0,weak_score,1,1,0.319797,0.429553,0.65,0.575748,0.103635,part2a21_alpha_positions.csv,part2a21_alpha_eligibility.csv,artifacts_part2_g532/predictions/g532_final_consensus_tape.csv
2020-05-08,,,0,0,0.0,1,0.05674,0,FLAT,0.0,0.0,0.0,0.0,,0.002951,0.0,0.2222790355393635,0.3784456797484922,0,weak_score,1,1,0.259187,0.328929,0.619698,0.644301,0.115974,part2a21_alpha_positions.csv,part2a21_alpha_eligibility.csv,artifacts_part2_g532/predictions/g532_final_consensus_tape.csv
2020-05-11,,,0,0,0.0,1,0.067154,0,FLAT,0.0,0.0,0.0,0.0,,-0.023626,0.0,0.2221441038366954,0.3643707651736237,0,weak_score,1,0,0.168391,0.205413,0.566176,0.739094,0.133037,part2a21_alpha_positions.csv,part2a21_alpha_eligibility.csv,artifacts_part2_g532/predictions/g532_final_consensus_tape.csv
2020-05-12,,,0,0,0.0,1,0.054134,0,FLAT,0.0,0.0,0.0,0.0,,-0.019942,0.0,0.2237248023092388,0.4905222856352338,0,weak_score,1,1,0.271389,0.3518,0.627665,0.629212,0.113258,part2a21_alpha_positions.csv,part2a21_alpha_eligibility.csv,artifacts_part2_g532/predictions/g532_final_consensus_tape.csv
2020-05-13,,,0,0,0.0,1,0.050491,0,FLAT,0.0,0.0,0.0,0.0,,0.010428,0.0,0.2236181677401652,0.4727070502947746,0,weak_score,1,1,0.316649,0.476938,0.65,0.56058,0.100904,part2a21_alpha_positions.csv,part2a21_alpha_eligibility.csv,artifacts_part2_g532/predictions/g532_final_consensus_tape.csv
2020-05-14,,,0,0,0.0,1,0.053331,0,FLAT,0.0,0.0,0.0,0.0,,0.005152,0.0,0.2234494052289412,0.4647705360253074,0,weak_score,1,1,0.289133,0.39388,0.642111,0.60361,0.10865,part2a21_alpha_positions.csv,part2a21_alpha_eligibility.csv,artifacts_part2_g532/predictions/g532_final_consensus_tape.csv
2020-05-15,,,0,0,0.0,1,0.05691,0,FLAT,0.0,0.0,0.0,0.0,,0.036277,0.0,0.2237198112376207,0.4802182659206029,0,weak_score,1,1,0.30399,0.419048,0.65,0.586538,0.105577,part2a21_alpha_positions.csv,part2a21_alpha_eligibility.csv,artifacts_part2_g532/predictions/g532_final_consensus_tape.csv
2020-05-18,,,0,0,0.0,1,0.059368,0,FLAT,0.0,0.0,0.0,0.0,,-0.01229,0.0,0.2222580869671878,0.3747205675597974,0,weak_score,1,1,0.185982,0.283037,0.603454,0.696554,0.12538,part2a21_alpha_positions.csv,part2a21_alpha_eligibility.csv,artifacts_part2_g532/predictions/g532_final_consensus_tape.csv
2020-05-19,,,0,0,0.0,1,0.061129,0,FLAT,0.0,0.0,0.0,0.0,,0.015933,0.0,0.2214917322573093,0.322895051479399,0,weak_score,1,0,0.164532,0.225593,0.58261,0.730481,0.131487,part2a21_alpha_positions.csv,part2a21_alpha_eligibility.csv,artifacts_part2_g532/predictions/g532_final_consensus_tape.csv
2020-05-20,,,0,0,0.0,1,0.058477,0,FLAT,0.0,0.0,0.0,0.0,,-0.007866,0.0,0.1978988308245529,0.3698767767223789,0,weak_score,1,1,0.189495,0.255125,0.5934,0.706754,0.127216,part2a21_alpha_positions.csv,part2a21_alpha_eligibility.csv,artifacts_part2_g532/predictions/g532_final_consensus_tape.csv
2020-05-21,,,0,1,0.0,1,0.055492,0,FLAT,0.0,0.0,0.0,0.0,,0.00036,0.0,0.1997758403171942,0.3647381129613642,1,ok,1,1,0.235224,0.275191,0.600642,0.677704,0.121987,part2a21_alpha_positions.csv,part2a21_alpha_eligibility.csv,artifacts_part2_g532/predictions/g532_final_consensus_tape.csv
2020-05-22,,,0,1,0.0,0,0.147201,0,FLAT,0.0,0.0,0.0,0.0,,0.0,0.0,0.1986487241625589,0.3649521760655669,1,ok,1,0,0.228766,0.232847,0.585275,0.698504,0.314327,part2a21_alpha_positions.csv,part2a21_alpha_eligibility.csv,artifacts_part2_g532/predictions/g532_final_consensus_tape.csv
2020-05-25,1.0,1.4e-05,1,1,0.000982,0,0.14238,0,VOO,0.000982,0.000982,0.000982,1e-06,1.5e-05,0.015399,0.000982,0.2040529697093464,0.4327124104646713,1,ok,1,1,0.246528,0.268828,0.598353,0.675302,0.303886,part2a21_alpha_positions.csv,part2a21_alpha_eligibility.csv,artifacts_part2_g532/predictions/g532_final_consensus_tape.csv
2020-05-26,1.0,1.3e-05,1,1,0.000982,0,0.159564,0,VOO,0.000982,0.000982,0.0,0.0,1.3e-05,0.013653,0.000982,0.2012132169157976,0.3859462038566534,1,ok,1,0,0.211127,0.205897,0.567086,0.719512,0.32378,part2a21_alpha_positions.csv,part2a21_alpha_eligibility.csv,artifacts_part2_g532/predictions/g532_final_consensus_tape.csv
2020-05-27,-1.0,-1e-06,1,1,0.000982,0,0.172689,0,VOO,0.000982,0.000982,0.0,0.0,-1e-06,-0.001069,0.000982,0.2085843266539267,0.4523054844184657,1,ok,1,0,0.199719,0.207666,0.570412,0.723361,0.325512,part2a21_alpha_positions.csv,part2a21_alpha_eligibility.csv,artifacts_part2_g532/predictions/g532_final_consensus_tape.csv
2020-05-28,1.0,1e-06,1,1,0.000982,0,0.170635,0,VOO,0.000982,0.000982,0.0,0.0,1e-06,0.001275,0.000982,0.2041114756071402,0.4069578197656324,1,ok,1,0,0.203731,0.209639,0.574122,0.720123,0.324055,part2a21_alpha_positions.csv,part2a21_alpha_eligibility.csv,artifacts_part2_g532/predictions/g532_final_consensus_tape.csv
2020-05-29,1.0,5e-06,1,0,0.000982,0,0.170479,0,VOO,0.000982,0.000982,0.0,0.0,5e-06,0.004746,0.000982,0.2018419196650523,0.3843757928818709,0,weak_score,1,0,0.208604,0.204367,0.56421,0.721758,0.324791,part2a21_alpha_positions.csv,part2a21_alpha_eligibility.csv,artifacts_part2_g532/predictions/g532_final_consensus_tape.csv
2020-06-01,,,0,0,0.0,0,0.200226,0,FLAT,0.0,0.0,0.000982,1e-06,,0.009831,0.0,0.2057323544847371,0.4695740867506826,0,weak_score,1,0,0.221675,0.204981,0.565364,0.71543,0.321943,part2a21_alpha_positions.csv,part2a21_alpha_eligibility.csv,artifacts_part2_g532/predictions/g532_final_consensus_tape.csv
2020-06-02,,,0,1,0.0,0,0.210363,0,FLAT,0.0,0.0,0.0,0.0,,0.019057,0.0,0.2033152599485521,0.4090655862103609,1,ok,1,0,0.236144,0.207013,0.569184,0.707444,0.31835,part2a21_alpha_positions.csv,part2a21_alpha_eligibility.csv,artifacts_part2_g532/predictions/g532_final_consensus_tape.csv
2020-06-03,,,0,1,0.0,1,0.081993,0,FLAT,0.0,0.0,0.0,0.0,,0.001433,0.0,0.2074204118236347,0.4333814681310017,1,ok,1,0,0.23285,0.215692,0.578956,0.703934,0.126708,part2a21_alpha_positions.csv,part2a21_alpha_eligibility.csv,artifacts_part2_g532/predictions/g532_final_consensus_tape.csv
2020-06-04,,,0,1,0.0,1,0.089007,0,FLAT,0.0,0.0,0.0,0.0,,0.030244,0.0,0.2035261055263315,0.3878409288874422,1,ok,1,0,0.204927,0.199796,0.555616,0.726731,0.130812,part2a21_alpha_positions.csv,part2a21_alpha_eligibility.csv,artifacts_part2_g532/predictions/g532_final_consensus_tape.csv
2020-06-05,,,0,1,0.0,1,0.078914,0,FLAT,0.0,0.0,0.0,0.0,,0.010967,0.0,0.2051701885024894,0.4106167576141723,1,ok,1,0,0.181408,0.228745,0.583769,0.721552,0.129879,part2a21_alpha_positions.csv,part2a21_alpha_eligibility.csv,artifacts_part2_g532/predictions/g532_final_consensus_tape.csv
2020-06-08,-1.0,-4.1e-05,1,1,0.003503,1,0.083385,0,VOO,0.003503,0.003503,0.003503,4e-06,-3.7e-05,-0.010706,0.003503,0.2074957491057343,0.4237989932762051,1,ok,1,0,0.157004,0.202888,0.56143,0.746051,0.134289,part2a21_alpha_positions.csv,part2a21_alpha_eligibility.csv,artifacts_part2_g532/predictions/g532_final_consensus_tape.csv
2020-06-09,-1.0,-4.8e-05,1,1,0.003503,1,0.07566,0,VOO,0.003503,0.003503,0.0,0.0,-4.8e-05,-0.013707,0.003503,0.2148723249625166,0.5386207335158036,1,ok,1,0,0.207513,0.197103,0.550554,0.727522,0.130954,part2a21_alpha_positions.csv,part2a21_alpha_eligibility.csv,artifacts_part2_g532/predictions/g532_final_consensus_tape.csv
2020-06-10,-1.0,-0.00022,1,1,0.003503,1,0.071382,0,VOO,0.003503,0.003503,0.0,0.0,-0.00022,-0.062904,0.003503,0.2160822715284098,0.5402481300299758,1,ok,1,0,0.207147,0.1975,0.551301,0.727399,0.130932,part2a21_alpha_positions.csv,part2a21_alpha_eligibility.csv,artifacts_part2_g532/predictions/g532_final_consensus_tape.csv
2020-06-11,1.0,5e-05,1,0,0.003503,1,0.036334,0,VOO,0.003503,0.003503,0.0,0.0,5e-05,0.014201,0.003503,0.2065568005817338,0.4118752880230588,0,high_risk_veto,1,1,0.324095,0.564947,0.65,0.526426,0.094757,part2a21_alpha_positions.csv,part2a21_alpha_eligibility.csv,artifacts_part2_g532/predictions/g532_final_consensus_tape.csv
2020-06-12,1.0,3.5e-05,1,0,0.003503,1,0.041658,0,VOO,0.003503,0.003503,0.0,0.0,3.5e-05,0.009902,0.003503,0.1982380594629725,0.336678098049461,0,high_risk_veto,1,1,0.285106,0.382395,0.638195,0.610225,0.10984,part2a21_alpha_positions.csv,part2a21_alpha_eligibility.csv,artifacts_part2_g532/predictions/g532_final_consensus_tape.csv
2020-06-15,,,0,0,0.0,1,0.040459,0,FLAT,0.0,0.0,0.003503,4e-06,,0.021434,0.0,0.209995897823577,0.4487917678987129,0,high_risk_veto,1,1,0.293568,0.410211,0.647647,0.594791,0.107062,part2a21_alpha_positions.csv,part2a21_alpha_eligibility.csv,artifacts_part2_g532/predictions/g532_final_consensus_tape.csv
2020-06-16,,,0,0,0.0,1,0.048027,0,FLAT,0.0,0.0,0.0,0.0,,-0.006166,0.0,0.2148680538531124,0.5340817402343252,0,high_risk_veto,1,0,0.178981,0.240014,0.587899,0.717874,0.129217,part2a21_alpha_positions.csv,part2a21_alpha_eligibility.csv,artifacts_part2_g532/predictions/g532_final_consensus_tape.csv
2020-06-17,,,0,0,0.0,1,0.04207,0,FLAT,0.0,0.0,0.0,0.0,,-0.001317,0.0,0.1647571797112682,0.4069803820545198,0,high_risk_veto,1,1,0.267133,0.378827,0.636974,0.619806,0.111565,part2a21_alpha_positions.csv,part2a21_alpha_eligibility.csv,artifacts_part2_g532/predictions/g532_final_consensus_tape.csv
2020-06-18,,,0,0,0.0,1,0.040332,0,FLAT,0.0,0.0,0.0,0.0,,-0.006242,0.0,0.1638828286872433,0.3806614279605965,0,high_risk_veto,1,1,0.27831,0.43052,0.65,0.594079,0.106934,part2a21_alpha_positions.csv,part2a21_alpha_eligibility.csv,artifacts_part2_g532/predictions/g532_final_consensus_tape.csv
2020-06-19,,,0,0,0.0,1,0.044406,0,FLAT,0.0,0.0,0.0,0.0,,0.007516,0.0,0.1754853261441286,0.3679741242993253,0,high_risk_veto,1,1,0.275206,0.377717,0.636594,0.616638,0.110995,part2a21_alpha_positions.csv,part2a21_alpha_eligibility.csv,artifacts_part2_g532/predictions/g532_final_consensus_tape.csv
2020-06-22,,,0,0,0.0,1,0.047514,0,FLAT,0.0,0.0,0.0,0.0,,0.004851,0.0,0.1850639402319137,0.3995582301143572,0,high_risk_veto,1,1,0.206158,0.357927,0.629785,0.655998,0.11808,part2a21_alpha_positions.csv,part2a21_alpha_eligibility.csv,artifacts_part2_g532/predictions/g532_final_consensus_tape.csv
2020-06-23,,,0,0,0.0,1,0.043969,0,FLAT,0.0,0.0,0.0,0.0,,-0.027802,0.0,0.2025283526809038,0.431126469657531,0,high_risk_veto,1,1,0.281986,0.390347,0.640909,0.608303,0.109495,part2a21_alpha_positions.csv,part2a21_alpha_eligibility.csv,artifacts_part2_g532/predictions/g532_final_consensus_tape.csv
2020-06-24,,,0,0,0.0,1,0.040865,0,FLAT,0.0,0.0,0.0,0.0,,0.010357,0.0,0.1740414281039374,0.3866456984850351,0,high_risk_veto,1,1,0.239631,0.517142,0.65,0.581166,0.10461,part2a21_alpha_positions.csv,part2a21_alpha_eligibility.csv,artifacts_part2_g532/predictions/g532_final_consensus_tape.csv
2020-06-25,,,0,0,0.0,0,0.050065,0,FLAT,0.0,0.0,0.0,0.0,,-0.026424,0.0,0.2509158180541143,0.4315593180312176,0,high_risk_veto,1,1,0.304109,0.440277,0.65,0.579054,0.094096,part2a21_alpha_positions.csv,part2a21_alpha_eligibility.csv,artifacts_part2_g532/predictions/g532_final_consensus_tape.csv
2020-06-26,,,0,0,0.0,0,0.105736,0,FLAT,0.0,0.0,0.0,0.0,,0.013505,0.0,0.2212618004749586,0.4504164287476107,0,high_risk_veto,1,1,0.333097,0.50074,0.65,0.544847,0.21249,part2a21_alpha_positions.csv,part2a21_alpha_eligibility.csv,artifacts_part2_g532/predictions/g532_final_consensus_tape.csv
2020-06-29,,,0,0,0.0,0,0.119708,0,FLAT,0.0,0.0,0.0,0.0,,0.015051,0.0,0.212126848095215,0.4300337629166557,0,high_risk_veto,1,1,0.264124,0.37416,0.635375,0.623113,0.243014,part2a21_alpha_positions.csv,part2a21_alpha_eligibility.csv,artifacts_part2_g532/predictions/g532_final_consensus_tape.csv
2020-06-30,,,0,0,0.0,0,0.125771,0,FLAT,0.0,0.0,0.0,0.0,,0.008382,0.0,0.2332418559530936,0.4210968534294109,0,high_risk_veto,1,1,0.258221,0.3482,0.626416,0.636647,0.248292,part2a21_alpha_positions.csv,part2a21_alpha_eligibility.csv,artifacts_part2_g532/predictions/g532_final_consensus_tape.csv
2020-07-01,,,0,0,0.0,0,0.115281,0,FLAT,0.0,0.0,0.0,0.0,,0.003801,0.0,0.2319395015755577,0.4727447221768865,0,high_risk_veto,1,1,0.28209,0.444257,0.65,0.587569,0.229152,part2a21_alpha_positions.csv,part2a21_alpha_eligibility.csv,artifacts_part2_g532/predictions/g532_final_consensus_tape.csv
2020-07-02,,,0,0,0.0,0,0.050554,0,FLAT,0.0,0.0,0.0,0.0,,0.0,0.0,0.2468177052140882,0.4751568576671838,0,high_risk_veto,1,1,0.267919,0.379294,0.637134,0.619257,0.100629,part2a21_alpha_positions.csv,part2a21_alpha_eligibility.csv,artifacts_part2_g532/predictions/g532_final_consensus_tape.csv
2020-07-03,,,0,0,0.0,0,0.119791,0,FLAT,0.0,0.0,0.0,0.0,,0.016876,0.0,0.2214720999965602,0.4639276647345289,0,high_risk_veto,1,1,0.268875,0.404819,0.645824,0.608155,0.23718,part2a21_alpha_positions.csv,part2a21_alpha_eligibility.csv,artifacts_part2_g532/predictions/g532_final_consensus_tape.csv
2020-07-06,,,0,0,0.0,0,0.12392,0,FLAT,0.0,0.0,0.0,0.0,,-0.013626,0.0,0.2394483586855053,0.4506179679410786,0,high_risk_veto,1,1,0.256439,0.333838,0.621415,0.643476,0.250956,part2a21_alpha_positions.csv,part2a21_alpha_eligibility.csv,artifacts_part2_g532/predictions/g532_final_consensus_tape.csv
2020-07-07,,,0,0,0.0,0,0.117162,0,FLAT,0.0,0.0,0.0,0.0,,0.008957,0.0,0.1897777842319984,0.4149573253785356,0,high_risk_veto,1,1,0.224186,0.423089,0.65,0.621035,0.242204,part2a21_alpha_positions.csv,part2a21_alpha_eligibility.csv,artifacts_part2_g532/predictions/g532_final_consensus_tape.csv
2020-07-08,,,0,0,0.0,0,0.128786,0,FLAT,0.0,0.0,0.0,0.0,,-0.008308,0.0,0.2370917620471251,0.419997089348204,0,high_risk_veto,1,1,0.27558,0.370309,0.634052,0.61957,0.241632,part2a21_alpha_positions.csv,part2a21_alpha_eligibility.csv,artifacts_part2_g532/predictions/g532_final_consensus_tape.csv
2020-07-09,,,0,0,0.0,0,0.132197,0,FLAT,0.0,0.0,0.0,0.0,,0.011955,0.0,0.1726046745334921,0.3348710845423756,0,high_risk_veto,1,1,0.206945,0.391657,0.641355,0.641524,0.250194,part2a21_alpha_positions.csv,part2a21_alpha_eligibility.csv,artifacts_part2_g532/predictions/g532_final_consensus_tape.csv
2020-07-10,,,0,1,0.0,0,0.180137,0,FLAT,0.0,0.0,0.0,0.0,,-0.010155,0.0,0.1906930080984697,0.3407523737797524,1,ok,1,1,0.207743,0.347813,0.626282,0.659525,0.296786,part2a21_alpha_positions.csv,part2a21_alpha_eligibility.csv,artifacts_part2_g532/predictions/g532_final_consensus_tape.csv
2020-07-13,1.0,9.7e-05,1,1,0.007853,0,0.17638,0,VOO,0.007853,0.007853,0.007853,8e-06,0.000105,0.013377,0.007853,0.1943788312460283,0.3808494075976013,1,ok,1,1,0.245192,0.299094,0.609178,0.663145,0.298415,part2a21_alpha_positions.csv,part2a21_alpha_eligibility.csv,artifacts_part2_g532/predictions/g532_final_consensus_tape.csv
2020-07-14,1.0,7.2e-05,1,1,0.007853,0,0.184581,0,VOO,0.007853,0.007853,0.0,0.0,7.2e-05,0.009161,0.007853,0.1939252472609963,0.335421056396205,1,ok,1,0,0.227466,0.256601,0.593935,0.689043,0.310069,part2a21_alpha_positions.csv,part2a21_alpha_eligibility.csv,artifacts_part2_g532/predictions/g532_final_consensus_tape.csv
2020-07-15,-1.0,-2.9e-05,1,1,0.007853,0,0.193651,0,VOO,0.007853,0.007853,0.0,0.0,-2.9e-05,-0.003651,0.007853,0.1633419324614254,0.2288633789195756,1,ok,1,0,0.206508,0.202387,0.560488,0.724138,0.325862,part2a21_alpha_positions.csv,part2a21_alpha_eligibility.csv,artifacts_part2_g532/predictions/g532_final_consensus_tape.csv
2020-07-16,1.0,2.3e-05,1,1,0.007853,0,0.19091,0,VOO,0.007853,0.007853,0.0,0.0,2.3e-05,0.002888,0.007853,0.1741011435829429,0.2634391152277162,1,ok,1,0,0.21231,0.205109,0.565605,0.719551,0.323798,part2a21_alpha_positions.csv,part2a21_alpha_eligibility.csv,artifacts_part2_g532/predictions/g532_final_consensus_tape.csv
2020-07-17,1.0,6e-05,1,1,0.007853,0,0.192688,0,VOO,0.007853,0.007853,0.0,0.0,6e-05,0.007634,0.007853,0.1475657335160187,0.1685946073783749,1,ok,1,0,0.206501,0.200753,0.557415,0.725328,0.326398,part2a21_alpha_positions.csv,part2a21_alpha_eligibility.csv,artifacts_part2_g532/predictions/g532_final_consensus_tape.csv
2020-07-20,1.0,6e-06,1,1,0.007075,0,0.201743,0,VOO,0.007075,0.007075,0.000778,1e-06,7e-06,0.001015,0.007075,0.1495368915267194,0.1739177805652392,1,ok,1,0,0.205239,0.193047,0.542929,0.73149,0.329171,part2a21_alpha_positions.csv,part2a21_alpha_eligibility.csv,artifacts_part2_g532/predictions/g532_final_consensus_tape.csv
2020-07-21,1.0,3.8e-05,1,1,0.007075,0,0.212694,0,VOO,0.007075,0.007075,0.0,0.0,3.8e-05,0.005349,0.007075,0.1414368293912608,0.1601341679500723,1,ok,1,0,0.208505,0.20138,0.558595,0.72397,0.325787,part2a21_alpha_positions.csv,part2a21_alpha_eligibility.csv,artifacts_part2_g532/predictions/g532_final_consensus_tape.csv
2020-07-22,-1.0,-9.2e-05,1,1,0.007075,0,0.215926,0,VOO,0.007075,0.007075,0.0,0.0,-9.2e-05,-0.013007,0.007075,0.1397806508655772,0.1541452962615897,1,ok,1,0,0.205808,0.196125,0.548714,0.729,0.32805,part2a21_alpha_positions.csv,part2a21_alpha_eligibility.csv,artifacts_part2_g532/predictions/g532_final_consensus_tape.csv
2020-07-23,-1.0,-4.2e-05,1,1,0.007075,0,0.209394,0,VOO,0.007075,0.007075,0.0,0.0,-4.2e-05,-0.006001,0.007075,0.154897126615302,0.1838548057659954,1,ok,1,0,0.199651,0.197276,0.55088,0.730934,0.32892,part2a21_alpha_positions.csv,part2a21_alpha_eligibility.csv,artifacts_part2_g532/predictions/g532_final_consensus_tape.csv
2020-07-24,1.0,6.2e-05,1,1,0.007075,0,0.211454,0,VOO,0.007075,0.007075,0.0,0.0,6.2e-05,0.008821,0.007075,0.1689945257172575,0.2131418454976254,1,ok,1,0,0.203823,0.197956,0.552158,0.728563,0.327854,part2a21_alpha_positions.csv,part2a21_alpha_eligibility.csv,artifacts_part2_g532/predictions/g532_final_consensus_tape.csv
2020-07-27,-1.0,-0.000174,1,1,0.018845,0,0.365921,0,VOO,0.018845,0.018845,0.011771,1.2e-05,-0.000162,-0.008587,0.018845,0.1515697096870382,0.1732451354441292,1,ok,1,0,0.195773,0.188946,0.535219,0.738727,0.554045,part2a21_alpha_positions.csv,part2a21_alpha_eligibility.csv,artifacts_part2_g532/predictions/g532_final_consensus_tape.csv
2020-07-28,1.0,0.000202,1,1,0.018845,0,0.36841,0,VOO,0.018845,0.018845,0.0,0.0,0.000202,0.010718,0.018845,0.1504914574228192,0.1797939505769986,1,ok,1,0,0.19744,0.193313,0.543429,0.734807,0.551105,part2a21_alpha_positions.csv,part2a21_alpha_eligibility.csv,artifacts_part2_g532/predictions/g532_final_consensus_tape.csv
2020-07-29,-1.0,-9.5e-05,1,1,0.018845,0,0.217601,0,VOO,0.018845,0.018845,0.0,0.0,-9.5e-05,-0.005042,0.018845,0.1591931241647626,0.1830802090513456,1,ok,1,0,0.201427,0.197831,0.551922,0.729732,0.32838,part2a21_alpha_positions.csv,part2a21_alpha_eligibility.csv,artifacts_part2_g532/predictions/g532_final_consensus_tape.csv
2020-07-30,1.0,0.000152,1,1,0.018845,0,0.218475,0,VOO,0.018845,0.018845,0.0,0.0,0.000152,0.008088,0.018845,0.1592337618740269,0.2034737588308443,1,ok,1,0,0.200588,0.190412,0.537974,0.735496,0.330973,part2a21_alpha_positions.csv,part2a21_alpha_eligibility.csv,artifacts_part2_g532/predictions/g532_final_consensus_tape.csv
2020-07-31,1.0,0.000128,1,1,0.018845,0,0.360833,0,VOO,0.018845,0.018845,0.0,0.0,0.000128,0.006767,0.018845,0.1661788121939688,0.2190186278683652,1,ok,1,0,0.19663,0.187785,0.533035,0.739185,0.554388,part2a21_alpha_positions.csv,part2a21_alpha_eligibility.csv,artifacts_part2_g532/predictions/g532_final_consensus_tape.csv
2020-08-03,1.0,4e-06,1,1,0.012737,0,0.362082,0,VOO,0.012737,0.012737,0.006108,6e-06,1e-05,0.000778,0.012737,0.1659472221881112,0.2107158844108933,1,ok,1,0,0.19516,0.188239,0.53389,0.739516,0.554637,part2a21_alpha_positions.csv,part2a21_alpha_eligibility.csv,artifacts_part2_g532/predictions/g532_final_consensus_tape.csv
2020-08-04,1.0,0.000122,1,1,0.012737,0,0.360561,0,VOO,0.012737,0.012737,0.0,0.0,0.000122,0.00955,0.012737,0.1612335889868956,0.1995678946691671,1,ok,1,0,0.197036,0.191371,0.539777,0.736399,0.552299,part2a21_alpha_positions.csv,part2a21_alpha_eligibility.csv,artifacts_part2_g532/predictions/g532_final_consensus_tape.csv
2020-08-05,1.0,7.1e-05,1,1,0.012737,0,0.213298,0,VOO,0.012737,0.012737,0.0,0.0,7.1e-05,0.005555,0.012737,0.1558515350366632,0.1776218933186494,1,ok,1,0,0.200519,0.18886,0.535057,0.736654,0.331494,part2a21_alpha_positions.csv,part2a21_alpha_eligibility.csv,artifacts_part2_g532/predictions/g532_final_consensus_tape.csv
2020-08-06,1.0,3.4e-05,1,1,0.012737,0,0.227289,0,VOO,0.012737,0.012737,0.0,0.0,3.4e-05,0.002641,0.012737,0.1602756507848903,0.1902902115198957,1,ok,1,0,0.201699,0.188601,0.53457,0.736311,0.33134,part2a21_alpha_positions.csv,part2a21_alpha_eligibility.csv,artifacts_part2_g532/predictions/g532_final_consensus_tape.csv
2020-08-07,1.0,5.4e-05,1,1,0.012737,0,0.393929,0,VOO,0.012737,0.012737,0.0,0.0,5.4e-05,0.004244,0.012737,0.1603728071288361,0.1892307387888572,1,ok,1,0,0.197756,0.183935,0.525798,0.741473,0.556105,part2a21_alpha_positions.csv,part2a21_alpha_eligibility.csv,artifacts_part2_g532/predictions/g532_final_consensus_tape.csv
2020-08-10,-1.0,-0.000103,1,1,0.020471,0,0.398126,0,VOO,0.020471,0.020471,0.007734,8e-06,-9.6e-05,-0.004671,0.020471,0.1722440449492066,0.2646609086953884,1,ok,1,0,0.196336,0.184433,0.526733,0.741751,0.556313,part2a21_alpha_positions.csv,part2a21_alpha_eligibility.csv,artifacts_part2_g532/predictions/g532_final_consensus_tape.csv
2020-08-11,1.0,0.000339,1,1,0.020471,0,0.244024,0,VOO,0.020471,0.020471,0.0,0.0,0.000339,0.016562,0.020471,0.1728673926965142,0.2251887121648247,1,ok,1,0,0.203943,0.193854,0.544446,0.731488,0.329169,part2a21_alpha_positions.csv,part2a21_alpha_eligibility.csv,artifacts_part2_g532/predictions/g532_final_consensus_tape.csv
2020-08-12,1.0,7e-06,1,1,0.020471,0,0.226254,0,VOO,0.020471,0.020471,0.0,0.0,7e-06,0.000347,0.020471,0.182122494114406,0.2300241137904695,1,ok,1,0,0.237875,0.20111,0.558087,0.710951,0.319928,part2a21_alpha_positions.csv,part2a21_alpha_eligibility.csv,artifacts_part2_g532/predictions/g532_final_consensus_tape.csv
2020-08-13,-1.0,-1e-05,1,1,0.020471,0,0.237094,0,VOO,0.020471,0.020471,0.0,0.0,-1e-05,-0.000494,0.020471,0.1777008972236125,0.2116158079570376,1,ok,1,0,0.226004,0.1931,0.543028,0.722108,0.324949,part2a21_alpha_positions.csv,part2a21_alpha_eligibility.csv,artifacts_part2_g532/predictions/g532_final_consensus_tape.csv
2020-08-14,1.0,3.2e-05,1,1,0.020471,0,0.233191,0,VOO,0.020471,0.020471,0.0,0.0,3.2e-05,0.00158,0.020471,0.1780018083596695,0.2202995694301777,1,ok,1,0,0.235736,0.197873,0.552001,0.714263,0.321419,part2a21_alpha_positions.csv,part2a21_alpha_eligibility.csv,artifacts_part2_g532/predictions/g532_final_consensus_tape.csv
2020-08-17,1.0,-8e-06,1,1,0.009277,0,0.235578,0,VOO,0.009277,0.009277,0.011194,1.1e-05,3e-06,0.000366,0.009277,0.17668410260805,0.2125683723377532,1,ok,1,0,0.227576,0.19421,0.545114,0.720595,0.324268,part2a21_alpha_positions.csv,part2a21_alpha_eligibility.csv,artifacts_part2_g532/predictions/g532_final_consensus_tape.csv
2020-08-18,-1.0,-2.7e-05,1,1,0.009277,0,0.241848,0,VOO,0.009277,0.009277,0.0,0.0,-2.7e-05,-0.002937,0.009277,0.1784560337195827,0.2185060663474049,1,ok,1,0,0.211308,0.176783,0.512353,0.740567,0.333255,part2a21_alpha_positions.csv,part2a21_alpha_eligibility.csv,artifacts_part2_g532/predictions/g532_final_consensus_tape.csv
2020-08-19,1.0,3e-06,1,1,0.009277,0,0.242809,0,VOO,0.009277,0.009277,0.0,0.0,3e-06,0.000286,0.009277,0.1946936042649914,0.2965487939318734,1,ok,1,0,0.207179,0.179309,0.517101,0.740591,0.333266,part2a21_alpha_positions.csv,part2a21_alpha_eligibility.csv,artifacts_part2_g532/predictions/g532_final_consensus_tape.csv
2020-08-20,1.0,2.6e-05,1,1,0.009277,0,0.242622,0,VOO,0.009277,0.009277,0.0,0.0,2.6e-05,0.002827,0.009277,0.197210446571219,0.301496551533998,1,ok,1,0,0.211969,0.181223,0.520699,0.737046,0.331671,part2a21_alpha_positions.csv,part2a21_alpha_eligibility.csv,artifacts_part2_g532/predictions/g532_final_consensus_tape.csv
2020-08-21,1.0,0.000107,1,1,0.009277,0,0.240166,0,VOO,0.009277,0.009277,0.0,0.0,0.000107,0.011505,0.009277,0.1942742464302786,0.2820648467201143,1,ok,1,0,0.217403,0.187977,0.533396,0.729698,0.328364,part2a21_alpha_positions.csv,part2a21_alpha_eligibility.csv,artifacts_part2_g532/predictions/g532_final_consensus_tape.csv
2020-08-24,1.0,4.7e-05,1,1,0.008267,0,0.23356,0,VOO,0.008267,0.008267,0.00101,1e-06,4.8e-05,0.005865,0.008267,0.197595081715984,0.3085400328265745,1,ok,1,0,0.212892,0.18451,0.526878,0.734244,0.33041,part2a21_alpha_positions.csv,part2a21_alpha_eligibility.csv,artifacts_part2_g532/predictions/g532_final_consensus_tape.csv
2020-08-25,1.0,8.7e-05,1,1,0.008267,0,0.238932,0,VOO,0.008267,0.008267,0.0,0.0,8.7e-05,0.010575,0.008267,0.1911054178874104,0.288057338492859,1,ok,1,0,0.213863,0.181929,0.522026,0.735681,0.331057,part2a21_alpha_positions.csv,part2a21_alpha_eligibility.csv,artifacts_part2_g532/predictions/g532_final_consensus_tape.csv
2020-08-26,1.0,4.6e-05,1,1,0.008267,0,0.431915,0,VOO,0.008267,0.008267,0.0,0.0,4.6e-05,0.005544,0.008267,0.2079083835402128,0.3467346397450728,1,ok,1,0,0.171185,0.185895,0.529483,0.752007,0.564005,part2a21_alpha_positions.csv,part2a21_alpha_eligibility.csv,artifacts_part2_g532/predictions/g532_final_consensus_tape.csv
2020-08-27,1.0,4e-05,1,1,0.008267,0,0.432684,0,VOO,0.008267,0.008267,0.0,0.0,4e-05,0.004829,0.008267,0.2366127800685716,0.4928357052019098,1,ok,1,0,0.169684,0.186844,0.531266,0.751994,0.563995,part2a21_alpha_positions.csv,part2a21_alpha_eligibility.csv,artifacts_part2_g532/predictions/g532_final_consensus_tape.csv
2020-08-28,-1.0,-3.8e-05,1,1,0.008267,0,0.435523,0,VOO,0.008267,0.008267,0.0,0.0,-3.8e-05,-0.004585,0.008267,0.2153168526765265,0.3951375476890019,1,ok,1,0,0.174266,0.187548,0.532591,0.74942,0.562065,part2a21_alpha_positions.csv,part2a21_alpha_eligibility.csv,artifacts_part2_g532/predictions/g532_final_consensus_tape.csv
2020-08-31,1.0,7.2e-05,1,1,0.012607,0,0.246511,0,VOO,0.012607,0.012607,0.00434,4e-06,7.6e-05,0.00603,0.012607,0.2384359323849219,0.4893786151679615,1,ok,1,0,0.183883,0.205258,0.565885,0.732236,0.329506,part2a21_alpha_positions.csv,part2a21_alpha_eligibility.csv,artifacts_part2_g532/predictions/g532_final_consensus_tape.csv
2020-09-01,1.0,0.000165,1,1,0.012607,0,0.24574,0,VOO,0.012607,0.012607,0.0,0.0,0.000165,0.013067,0.012607,0.2339819386235874,0.4674946337221984,1,ok,1,1,0.187361,0.209178,0.573255,0.727824,0.327521,part2a21_alpha_positions.csv,part2a21_alpha_eligibility.csv,artifacts_part2_g532/predictions/g532_final_consensus_tape.csv
2020-09-02,-1.0,-0.000461,1,1,0.012607,0,0.41763,0,VOO,0.012607,0.012607,0.0,0.0,-0.000461,-0.036541,0.012607,0.2335425649389463,0.4676297991805593,1,ok,1,0,0.172185,0.194413,0.545497,0.745373,0.55903,part2a21_alpha_positions.csv,part2a21_alpha_eligibility.csv,artifacts_part2_g532/predictions/g532_final_consensus_tape.csv
2020-09-03,-1.0,-3.1e-05,1,1,0.012607,0,0.136382,0,VOO,0.012607,0.012607,0.0,0.0,-3.1e-05,-0.002453,0.012607,0.2122239263170872,0.3780691887089322,1,ok,1,1,0.310335,0.428767,0.65,0.580281,0.261126,part2a21_alpha_positions.csv,part2a21_alpha_eligibility.csv,artifacts_part2_g532/predictions/g532_final_consensus_tape.csv
2020-09-04,0.0,0.0,1,1,0.012607,0,0.133793,0,VOO,0.012607,0.012607,0.0,0.0,0.0,0.0,0.012607,0.2079238489344697,0.3552128864193114,1,ok,1,1,0.313122,0.453457,0.65,0.570385,0.256673,part2a21_alpha_positions.csv,part2a21_alpha_eligibility.csv,artifacts_part2_g532/predictions/g532_final_consensus_tape.csv
2020-09-07,-1.0,-0.000362,1,1,0.01204,0,0.148853,0,VOO,0.01204,0.01204,0.000567,1e-06,-0.000361,-0.029999,0.01204,0.2081633860589348,0.3668798156625119,1,ok,1,1,0.284884,0.346726,0.625904,0.625267,0.28137,part2a21_alpha_positions.csv,part2a21_alpha_eligibility.csv,artifacts_part2_g532/predictions/g532_final_consensus_tape.csv
2020-09-08,1.0,0.000241,1,1,0.01204,0,0.130092,0,VOO,0.01204,0.01204,0.0,0.0,0.000241,0.020029,0.01204,0.1941171540428997,0.2972582929523533,1,ok,1,1,0.292189,0.407783,0.646827,0.596426,0.268392,part2a21_alpha_positions.csv,part2a21_alpha_eligibility.csv,artifacts_part2_g532/predictions/g532_final_consensus_tape.csv
2020-09-09,-1.0,-0.000227,1,1,0.01204,0,0.140422,0,VOO,0.01204,0.01204,0.0,0.0,-0.000227,-0.018875,0.01204,0.1833425098548472,0.2447051134430628,1,ok,1,1,0.247776,0.290339,0.606063,0.66567,0.299551,part2a21_alpha_positions.csv,part2a21_alpha_eligibility.csv,artifacts_part2_g532/predictions/g532_final_consensus_tape.csv
2020-09-10,-1.0,-1e-05,1,1,0.01204,0,0.123566,0,VOO,0.01204,0.01204,0.0,0.0,-1e-05,-0.000809,0.01204,0.1634297332655821,0.1773818738776209,1,ok,1,1,0.286369,0.421198,0.65,0.593715,0.267172,part2a21_alpha_positions.csv,part2a21_alpha_eligibility.csv,artifacts_part2_g532/predictions/g532_final_consensus_tape.csv
2020-09-11,1.0,0.000166,1,0,0.01204,0,0.109366,0,VOO,0.01204,0.01204,0.0,0.0,0.000166,0.013815,0.01204,0.172163016755191,0.2184384664502573,0,high_risk_veto,1,1,0.280126,0.407562,0.646752,0.601946,0.234759,part2a21_alpha_positions.csv,part2a21_alpha_eligibility.csv,artifacts_part2_g532/predictions/g532_final_consensus_tape.csv
2020-09-14,,,0,0,0.0,0,0.105077,0,FLAT,0.0,0.0,0.01204,1.2e-05,,0.005625,0.0,0.1628109880518519,0.1704317851163991,0,high_risk_veto,1,1,0.281857,0.42187,0.65,0.59551,0.232249,part2a21_alpha_positions.csv,part2a21_alpha_eligibility.csv,artifacts_part2_g532/predictions/g532_final_consensus_tape.csv
2020-09-15,,,0,0,0.0,0,0.110732,0,FLAT,0.0,0.0,0.0,0.0,,-0.003465,0.0,0.1654502529902145,0.1792182863084452,0,high_risk_veto,1,1,0.268487,0.359816,0.630438,0.627157,0.244591,part2a21_alpha_positions.csv,part2a21_alpha_eligibility.csv,artifacts_part2_g532/predictions/g532_final_consensus_tape.csv
2020-09-16,,,0,0,0.0,0,0.110164,0,FLAT,0.0,0.0,0.0,0.0,,-0.009104,0.0,0.1643826778202728,0.1582630278874065,0,high_risk_veto,1,1,0.282843,0.39122,0.641206,0.607552,0.236945,part2a21_alpha_positions.csv,part2a21_alpha_eligibility.csv,artifacts_part2_g532/predictions/g532_final_consensus_tape.csv
2020-09-17,,,0,0,0.0,0,0.14086,0,FLAT,0.0,0.0,0.0,0.0,,-0.010799,0.0,0.1747676207803086,0.1950636709605447,0,high_risk_veto,1,0,0.218898,0.249376,0.591312,0.695952,0.271421,part2a21_alpha_positions.csv,part2a21_alpha_eligibility.csv,artifacts_part2_g532/predictions/g532_final_consensus_tape.csv
2020-09-18,,,0,0,0.0,0,0.135283,0,FLAT,0.0,0.0,0.0,0.0,,-0.012718,0.0,0.1736112147185363,0.198144508109573,0,high_risk_veto,1,1,0.234935,0.285439,0.604313,0.673513,0.26267,part2a21_alpha_positions.csv,part2a21_alpha_eligibility.csv,artifacts_part2_g532/predictions/g532_final_consensus_tape.csv
2020-09-21,,,0,0,0.0,0,0.135366,0,FLAT,0.0,0.0,0.0,0.0,,0.010059,0.0,0.1718822637222139,0.2039080664529839,0,high_risk_veto,1,1,0.231482,0.276443,0.601092,0.67886,0.264755,part2a21_alpha_positions.csv,part2a21_alpha_eligibility.csv,artifacts_part2_g532/predictions/g532_final_consensus_tape.csv
2020-09-22,,,0,0,0.0,0,0.149823,0,FLAT,0.0,0.0,0.0,0.0,,-0.02344,0.0,0.1849321856470476,0.2575783246890363,0,high_risk_veto,1,0,0.219874,0.253181,0.592695,0.693904,0.270623,part2a21_alpha_positions.csv,part2a21_alpha_eligibility.csv,artifacts_part2_g532/predictions/g532_final_consensus_tape.csv
2020-09-23,,,0,0,0.0,0,0.152498,0,FLAT,0.0,0.0,0.0,0.0,,0.002259,0.0,0.1770579643385126,0.2170959613372398,0,high_risk_veto,1,0,0.218665,0.249969,0.591528,0.695806,0.271364,part2a21_alpha_positions.csv,part2a21_alpha_eligibility.csv,artifacts_part2_g532/predictions/g532_final_consensus_tape.csv
2020-09-24,,,0,0,0.0,0,0.152191,0,FLAT,0.0,0.0,0.0,0.0,,0.015067,0.0,0.1914174286740603,0.286469780370827,0,high_risk_veto,1,1,0.234305,0.287787,0.605152,0.672807,0.262395,part2a21_alpha_positions.csv,part2a21_alpha_eligibility.csv,artifacts_part2_g532/predictions/g532_final_consensus_tape.csv
2020-09-25,,,0,0,0.0,0,0.148875,0,FLAT,0.0,0.0,0.0,0.0,,0.016775,0.0,0.1809560345630483,0.2308427106076696,0,high_risk_veto,1,0,0.220265,0.260349,0.595292,0.6907,0.269373,part2a21_alpha_positions.csv,part2a21_alpha_eligibility.csv,artifacts_part2_g532/predictions/g532_final_consensus_tape.csv
2020-09-28,,,0,0,0.0,0,0.138247,0,FLAT,0.0,0.0,0.0,0.0,,-0.006456,0.0,0.1772190774762705,0.2301230748656581,0,high_risk_veto,1,1,0.250636,0.32269,0.61751,0.650771,0.253801,part2a21_alpha_positions.csv,part2a21_alpha_eligibility.csv,artifacts_part2_g532/predictions/g532_final_consensus_tape.csv
2020-09-29,,,0,0,0.0,0,0.144824,0,FLAT,0.0,0.0,0.0,0.0,,0.010373,0.0,0.1646692143992038,0.1835381882598511,0,high_risk_veto,1,1,0.230311,0.277536,0.601484,0.678926,0.264781,part2a21_alpha_positions.csv,part2a21_alpha_eligibility.csv,artifacts_part2_g532/predictions/g532_final_consensus_tape.csv
2020-09-30,,,0,1,0.0,0,0.167578,0,FLAT,0.0,0.0,0.0,0.0,,0.005752,0.0,0.1784196540612737,0.2335616438748145,1,ok,1,0,0.227971,0.243546,0.589188,0.694334,0.31245,part2a21_alpha_positions.csv,part2a21_alpha_eligibility.csv,artifacts_part2_g532/predictions/g532_final_consensus_tape.csv
2020-10-01,,,0,1,0.0,0,0.173718,0,FLAT,0.0,0.0,0.0,0.0,,-0.008361,0.0,0.1751695814091489,0.2256208028498254,1,ok,1,0,0.213934,0.210478,0.575699,0.714923,0.321715,part2a21_alpha_positions.csv,part2a21_alpha_eligibility.csv,artifacts_part2_g532/predictions/g532_final_consensus_tape.csv
2020-10-02,,,0,1,0.0,0,0.177035,0,FLAT,0.0,0.0,0.0,0.0,,0.023672,0.0,0.1746012668070457,0.2052165549064734,1,ok,1,0,0.204735,0.204653,0.564747,0.723292,0.325481,part2a21_alpha_positions.csv,part2a21_alpha_eligibility.csv,artifacts_part2_g532/predictions/g532_final_consensus_tape.csv
2020-10-05,-1.0,-8.2e-05,1,1,0.004712,0,0.162991,0,VOO,0.004712,0.004712,0.004712,5e-06,-7.7e-05,-0.016382,0.004712,0.1881766705114207,0.255521243815835,1,ok,1,1,0.237852,0.256186,0.593785,0.684544,0.308045,part2a21_alpha_positions.csv,part2a21_alpha_eligibility.csv,artifacts_part2_g532/predictions/g532_final_consensus_tape.csv
2020-10-06,1.0,9.4e-05,1,1,0.004712,0,0.151304,0,VOO,0.004712,0.004712,0.0,0.0,9.4e-05,0.019905,0.004712,0.1728041892391119,0.1829010424117375,1,ok,1,1,0.243853,0.301137,0.609903,0.662888,0.298299,part2a21_alpha_positions.csv,part2a21_alpha_eligibility.csv,artifacts_part2_g532/predictions/g532_final_consensus_tape.csv
2020-10-07,1.0,3.3e-05,1,1,0.004712,0,0.159601,0,VOO,0.004712,0.004712,0.0,0.0,3.3e-05,0.006991,0.004712,0.1972665808265226,0.2138800608534595,1,ok,1,1,0.244576,0.319512,0.616393,0.654833,0.294675,part2a21_alpha_positions.csv,part2a21_alpha_eligibility.csv,artifacts_part2_g532/predictions/g532_final_consensus_tape.csv
2020-10-08,1.0,4.4e-05,1,1,0.004712,0,0.16172,0,VOO,0.004712,0.004712,0.0,0.0,4.4e-05,0.009356,0.004712,0.1800369108270807,0.1421379948159291,1,ok,1,1,0.23679,0.311186,0.613459,0.661837,0.297827,part2a21_alpha_positions.csv,part2a21_alpha_eligibility.csv,artifacts_part2_g532/predictions/g532_final_consensus_tape.csv
2020-10-09,1.0,7e-05,1,1,0.004712,0,0.168461,0,VOO,0.004712,0.004712,0.0,0.0,7e-05,0.014932,0.004712,0.1686181640521452,0.1321312272280701,1,ok,1,0,0.222831,0.276343,0.601056,0.682795,0.307258,part2a21_alpha_positions.csv,part2a21_alpha_eligibility.csv,artifacts_part2_g532/predictions/g532_final_consensus_tape.csv
2020-10-12,-1.0,-3.8e-05,1,1,0.004328,0,0.1643,0,VOO,0.004328,0.004328,0.000384,0.0,-3.7e-05,-0.008641,0.004328,0.1661075031885091,0.1233024852855891,1,ok,1,1,0.238363,0.308337,0.612452,0.662328,0.298048,part2a21_alpha_positions.csv,part2a21_alpha_eligibility.csv,artifacts_part2_g532/predictions/g532_final_consensus_tape.csv
2020-10-13,-1.0,-2.9e-05,1,1,0.004328,0,0.163982,0,VOO,0.004328,0.004328,0.0,0.0,-2.9e-05,-0.006598,0.004328,0.1794298032482952,0.1452850389328922,1,ok,1,1,0.234516,0.301657,0.610087,0.66687,0.300092,part2a21_alpha_positions.csv,part2a21_alpha_eligibility.csv,artifacts_part2_g532/predictions/g532_final_consensus_tape.csv
2020-10-14,-1.0,-1e-06,1,1,0.004328,0,0.160946,0,VOO,0.004328,0.004328,0.0,0.0,-1e-06,-0.000118,0.004328,0.1906521692905586,0.183422793629906,1,ok,1,1,0.239481,0.302532,0.610398,0.664268,0.29892,part2a21_alpha_positions.csv,part2a21_alpha_eligibility.csv,artifacts_part2_g532/predictions/g532_final_consensus_tape.csv
2020-10-15,-1.0,-1e-06,1,1,0.004328,0,0.159273,0,VOO,0.004328,0.004328,0.0,0.0,-1e-06,-0.000269,0.004328,0.1916691780863706,0.186763483937025,1,ok,1,1,0.240913,0.314955,0.614789,0.658397,0.296279,part2a21_alpha_positions.csv,part2a21_alpha_eligibility.csv,artifacts_part2_g532/predictions/g532_final_consensus_tape.csv
2020-10-16,-1.0,-5.9e-05,1,1,0.004328,0,0.160897,0,VOO,0.004328,0.004328,0.0,0.0,-5.9e-05,-0.013574,0.004328,0.1967274381535987,0.2021272426036938,1,ok,1,1,0.248547,0.3208,0.616846,0.652505,0.293627,part2a21_alpha_positions.csv,part2a21_alpha_eligibility.csv,artifacts_part2_g532/predictions/g532_final_consensus_tape.csv
2020-10-19,1.0,6.1e-05,1,1,0.011203,0,0.168668,0,VOO,0.011203,0.011203,0.006875,7e-06,6.8e-05,0.006089,0.011203,0.2131628753484038,0.2844143130165831,1,ok,1,1,0.191482,0.355981,0.629112,0.663417,0.298538,part2a21_alpha_positions.csv,part2a21_alpha_eligibility.csv,artifacts_part2_g532/predictions/g532_final_consensus_tape.csv
2020-10-20,-1.0,-5e-06,1,1,0.011203,0,0.185655,0,VOO,0.011203,0.011203,0.0,0.0,-5e-06,-0.000483,0.011203,0.2123677382741818,0.2901813105252286,1,ok,1,1,0.182622,0.299893,0.609462,0.690965,0.310934,part2a21_alpha_positions.csv,part2a21_alpha_eligibility.csv,artifacts_part2_g532/predictions/g532_final_consensus_tape.csv
2020-10-21,1.0,0.0001,1,1,0.011203,0,0.197892,0,VOO,0.011203,0.011203,0.0,0.0,0.0001,0.008967,0.011203,0.2065056180455965,0.2623057879384619,1,ok,1,0,0.224987,0.269177,0.598479,0.684848,0.308182,part2a21_alpha_positions.csv,part2a21_alpha_eligibility.csv,artifacts_part2_g532/predictions/g532_final_consensus_tape.csv
2020-10-22,1.0,2.2e-05,1,1,0.011203,0,0.19694,0,VOO,0.011203,0.011203,0.0,0.0,2.2e-05,0.001992,0.011203,0.2056093841274094,0.2583503591100964,1,ok,1,0,0.225376,0.264968,0.596961,0.68645,0.308902,part2a21_alpha_positions.csv,part2a21_alpha_eligibility.csv,artifacts_part2_g532/predictions/g532_final_consensus_tape.csv
2020-10-23,-1.0,-0.000238,1,1,0.011203,0,0.204006,0,VOO,0.011203,0.011203,0.0,0.0,-0.000238,-0.021242,0.011203,0.1983466399327424,0.2252509481068985,1,ok,1,0,0.215872,0.249265,0.591272,0.69736,0.313812,part2a21_alpha_positions.csv,part2a21_alpha_eligibility.csv,artifacts_part2_g532/predictions/g532_final_consensus_tape.csv
2020-10-26,-1.0,-6.4e-05,1,1,0.011452,0,0.182303,0,VOO,0.011452,0.011452,0.000249,0.0,-6.3e-05,-0.005543,0.011452,0.2081982842927766,0.267105397393732,1,ok,1,1,0.205417,0.393078,0.641839,0.641617,0.288728,part2a21_alpha_positions.csv,part2a21_alpha_eligibility.csv,artifacts_part2_g532/predictions/g532_final_consensus_tape.csv
2020-10-27,-1.0,-0.0004,1,1,0.011452,0,0.180882,0,VOO,0.011452,0.011452,0.0,0.0,-0.0004,-0.034955,0.011452,0.232656311107598,0.3832330789017542,1,ok,1,1,0.214845,0.403783,0.645473,0.632901,0.284805,part2a21_alpha_positions.csv,part2a21_alpha_eligibility.csv,artifacts_part2_g532/predictions/g532_final_consensus_tape.csv
2020-10-28,1.0,0.000168,1,1,0.011452,0,0.13159,0,VOO,0.011452,0.011452,0.0,0.0,0.000168,0.014701,0.011452,0.2160463932693187,0.2968398660393185,1,ok,1,1,0.241089,0.619712,0.65,0.544611,0.245075,part2a21_alpha_positions.csv,part2a21_alpha_eligibility.csv,artifacts_part2_g532/predictions/g532_final_consensus_tape.csv
2020-10-29,-1.0,-9.2e-05,1,1,0.011452,0,0.136335,0,VOO,0.011452,0.011452,0.0,0.0,-9.2e-05,-0.008066,0.011452,0.2096511123041646,0.2585432304483447,1,ok,1,1,0.227383,0.502344,0.65,0.591857,0.266336,part2a21_alpha_positions.csv,part2a21_alpha_eligibility.csv,artifacts_part2_g532/predictions/g532_final_consensus_tape.csv
2020-10-30,1.0,0.000113,1,1,0.011452,1,0.050864,0,VOO,0.011452,0.011452,0.0,0.0,0.000113,0.009858,0.011452,0.2026853278935287,0.2160680031616385,1,ok,1,1,0.297474,0.527962,0.65,0.55135,0.099243,part2a21_alpha_positions.csv,part2a21_alpha_eligibility.csv,artifacts_part2_g532/predictions/g532_final_consensus_tape.csv
2020-11-02,1.0,4.4e-05,1,1,0.002652,1,0.05221,0,VOO,0.002652,0.002652,0.008801,9e-06,5.2e-05,0.019734,0.002652,0.1971992549824316,0.1949962087472634,1,ok,1,1,0.268715,0.50354,0.65,0.572839,0.103111,part2a21_alpha_positions.csv,part2a21_alpha_eligibility.csv,artifacts_part2_g532/predictions/g532_final_consensus_tape.csv
2020-11-03,1.0,3.7e-05,1,1,0.002652,1,0.050428,0,VOO,0.002652,0.002652,0.0,0.0,3.7e-05,0.01388,0.002652,0.1965438329565171,0.201333515661836,1,ok,1,1,0.267827,0.488136,0.65,0.57863,0.104153,part2a21_alpha_positions.csv,part2a21_alpha_eligibility.csv,artifacts_part2_g532/predictions/g532_final_consensus_tape.csv
2020-11-04,1.0,5.2e-05,1,1,0.002652,1,0.054021,0,VOO,0.002652,0.002652,0.0,0.0,5.2e-05,0.019557,0.002652,0.1930211846981088,0.1357791900056662,1,ok,1,1,0.264682,0.349623,0.62691,0.633143,0.113966,part2a21_alpha_positions.csv,part2a21_alpha_eligibility.csv,artifacts_part2_g532/predictions/g532_final_consensus_tape.csv
2020-11-05,1.0,9e-06,1,1,0.002652,1,0.048995,0,VOO,0.002652,0.002652,0.0,0.0,9e-06,0.003272,0.002652,0.1972916326668116,0.1453834561501261,1,ok,1,1,0.292826,0.423813,0.65,0.589894,0.106181,part2a21_alpha_positions.csv,part2a21_alpha_eligibility.csv,artifacts_part2_g532/predictions/g532_final_consensus_tape.csv
2020-11-06,1.0,5.2e-05,1,1,0.002652,1,0.051276,0,VOO,0.002652,0.002652,0.0,0.0,5.2e-05,0.0198,0.002652,0.1923985001164143,0.1391085628728631,1,ok,1,1,0.281476,0.368721,0.633506,0.617582,0.111165,part2a21_alpha_positions.csv,part2a21_alpha_eligibility.csv,artifacts_part2_g532/predictions/g532_final_consensus_tape.csv
2020-11-09,1.0,5e-06,1,1,0.003899,1,0.051652,0,VOO,0.003899,0.003899,0.001247,1e-06,6e-06,0.001556,0.003899,0.1964270773313158,0.1432999002103796,1,ok,1,1,0.27349,0.409719,0.647481,0.604032,0.108726,part2a21_alpha_positions.csv,part2a21_alpha_eligibility.csv,artifacts_part2_g532/predictions/g532_final_consensus_tape.csv
2020-11-10,1.0,2.1e-05,1,1,0.003899,1,0.053392,0,VOO,0.003899,0.003899,0.0,0.0,2.1e-05,0.005423,0.003899,0.1822337587213951,0.1129435288253511,1,ok,1,1,0.264409,0.386432,0.639574,0.61785,0.111213,part2a21_alpha_positions.csv,part2a21_alpha_eligibility.csv,artifacts_part2_g532/predictions/g532_final_consensus_tape.csv
2020-11-11,-1.0,-5.8e-05,1,1,0.003899,1,0.082269,0,VOO,0.003899,0.003899,0.0,0.0,-5.8e-05,-0.014968,0.003899,0.1821345010628514,0.1298346845355649,1,ok,1,0,0.188412,0.208584,0.572138,0.727782,0.131001,part2a21_alpha_positions.csv,part2a21_alpha_eligibility.csv,artifacts_part2_g532/predictions/g532_final_consensus_tape.csv
2020-11-12,1.0,5.8e-05,1,1,0.003899,1,0.067526,0,VOO,0.003899,0.003899,0.0,0.0,5.8e-05,0.014827,0.003899,0.1969709729668702,0.1492212515001598,1,ok,1,1,0.235207,0.315202,0.614876,0.660861,0.118955,part2a21_alpha_positions.csv,part2a21_alpha_eligibility.csv,artifacts_part2_g532/predictions/g532_final_consensus_tape.csv
2020-11-13,1.0,5e-05,1,1,0.003899,1,0.077222,0,VOO,0.003899,0.003899,0.0,0.0,5e-05,0.012805,0.003899,0.1894813738428861,0.1396786471556881,1,ok,1,0,0.190037,0.208756,0.572462,0.726926,0.130847,part2a21_alpha_positions.csv,part2a21_alpha_eligibility.csv,artifacts_part2_g532/predictions/g532_final_consensus_tape.csv
2020-11-16,-1.0,-4.4e-05,1,1,0.005607,1,0.078887,0,VOO,0.005607,0.005607,0.001709,2e-06,-4.3e-05,-0.00758,0.005607,0.1758636680418313,0.1125935121424042,1,ok,1,0,0.172805,0.195686,0.54789,0.744169,0.133951,part2a21_alpha_positions.csv,part2a21_alpha_eligibility.csv,artifacts_part2_g532/predictions/g532_final_consensus_tape.csv
2020-11-17,-1.0,-6.7e-05,1,1,0.005607,1,0.075209,0,VOO,0.005607,0.005607,0.0,0.0,-6.7e-05,-0.011874,0.005607,0.187567199605221,0.1335976096949163,1,ok,1,0,0.192912,0.209911,0.574632,0.724795,0.130463,part2a21_alpha_positions.csv,part2a21_alpha_eligibility.csv,artifacts_part2_g532/predictions/g532_final_consensus_tape.csv
2020-11-18,1.0,1.7e-05,1,1,0.005607,1,0.068808,0,VOO,0.005607,0.005607,0.0,0.0,1.7e-05,0.003095,0.005607,0.18631741853122,0.1228307349522886,1,ok,1,0,0.216799,0.267363,0.597825,0.689298,0.124074,part2a21_alpha_positions.csv,part2a21_alpha_eligibility.csv,artifacts_part2_g532/predictions/g532_final_consensus_tape.csv
2020-11-19,-1.0,-4.7e-05,1,1,0.005607,1,0.07561,0,VOO,0.005607,0.005607,0.0,0.0,-4.7e-05,-0.00846,0.005607,0.1857350334230906,0.1187325673009354,1,ok,1,0,0.190876,0.210077,0.574944,0.72559,0.130606,part2a21_alpha_positions.csv,part2a21_alpha_eligibility.csv,artifacts_part2_g532/predictions/g532_final_consensus_tape.csv
2020-11-20,1.0,4.4e-05,1,1,0.005607,0,0.186976,0,VOO,0.005607,0.005607,0.0,0.0,4.4e-05,0.007888,0.005607,0.1832611308378874,0.115290056155514,1,ok,1,0,0.186707,0.204715,0.564865,0.731359,0.329111,part2a21_alpha_positions.csv,part2a21_alpha_eligibility.csv,artifacts_part2_g532/predictions/g532_final_consensus_tape.csv
2020-11-23,1.0,0.000341,1,1,0.020137,0,0.196633,0,VOO,0.020137,0.020137,0.01453,1.5e-05,0.000355,0.017651,0.020137,0.190875436534344,0.1271655184718492,1,ok,1,0,0.19188,0.208061,0.571155,0.726601,0.326971,part2a21_alpha_positions.csv,part2a21_alpha_eligibility.csv,artifacts_part2_g532/predictions/g532_final_consensus_tape.csv
2020-11-24,-1.0,-4e-05,1,1,0.020137,0,0.189092,0,VOO,0.020137,0.020137,0.0,0.0,-4e-05,-0.001983,0.020137,0.1798838066089239,0.1105297732910219,1,ok,1,0,0.183514,0.201247,0.558345,0.735313,0.330891,part2a21_alpha_positions.csv,part2a21_alpha_eligibility.csv,artifacts_part2_g532/predictions/g532_final_consensus_tape.csv
2020-11-25,0.0,0.0,1,1,0.020137,0,0.19011,0,VOO,0.020137,0.020137,0.0,0.0,0.0,0.0,0.020137,0.1816927845865684,0.1191352769346048,1,ok,1,0,0.177044,0.200348,0.556654,0.738878,0.332495,part2a21_alpha_positions.csv,part2a21_alpha_eligibility.csv,artifacts_part2_g532/predictions/g532_final_consensus_tape.csv
2020-11-26,-1.0,-3e-06,1,1,0.020137,0,0.200338,0,VOO,0.020137,0.020137,0.0,0.0,-3e-06,-0.000145,0.020137,0.1856077106081113,0.1297090341348178,1,ok,1,0,0.179,0.199093,0.554295,0.738908,0.332509,part2a21_alpha_positions.csv,part2a21_alpha_eligibility.csv,artifacts_part2_g532/predictions/g532_final_consensus_tape.csv
2020-11-27,-1.0,-7.7e-05,1,1,0.020137,0,0.205885,0,VOO,0.020137,0.020137,0.0,0.0,-7.7e-05,-0.003836,0.020137,0.1867457166937302,0.1236775933933531,1,ok,1,0,0.185391,0.203497,0.562574,0.732836,0.329776,part2a21_alpha_positions.csv,part2a21_alpha_eligibility.csv,artifacts_part2_g532/predictions/g532_final_consensus_tape.csv
2020-11-30,1.0,0.000631,1,1,0.039996,0,0.365134,0,VOO,0.039996,0.039996,0.019859,2e-05,0.000651,0.016277,0.039996,0.1899730035742572,0.1335122028572165,1,ok,1,0,0.169774,0.184817,0.527456,0.753425,0.565068,part2a21_alpha_positions.csv,part2a21_alpha_eligibility.csv,artifacts_part2_g532/predictions/g532_final_consensus_tape.csv
2020-12-01,1.0,0.000151,1,1,0.039996,0,0.350312,0,VOO,0.039996,0.039996,0.0,0.0,0.000151,0.003781,0.039996,0.1738028741523355,0.1020835573012947,1,ok,1,0,0.171997,0.182039,0.522233,0.754441,0.565831,part2a21_alpha_positions.csv,part2a21_alpha_eligibility.csv,artifacts_part2_g532/predictions/g532_final_consensus_tape.csv
2020-12-02,-1.0,-0.000119,1,1,0.039996,0,0.374397,0,VOO,0.039996,0.039996,0.0,0.0,-0.000119,-0.002971,0.039996,0.1827631871728889,0.4194149357576215,1,ok,1,0,0.165564,0.170748,0.501006,0.765533,0.57415,part2a21_alpha_positions.csv,part2a21_alpha_eligibility.csv,artifacts_part2_g532/predictions/g532_final_consensus_tape.csv
2020-12-03,1.0,0.0005,1,1,0.039996,0,0.366342,0,VOO,0.039996,0.039996,0.0,0.0,0.0005,0.012502,0.039996,0.1808316334342962,0.4233577460292981,1,ok,1,0,0.168288,0.181403,0.521038,0.756572,0.567429,part2a21_alpha_positions.csv,part2a21_alpha_eligibility.csv,artifacts_part2_g532/predictions/g532_final_consensus_tape.csv
2020-12-04,-1.0,-0.000198,1,1,0.039996,0,0.381843,0,VOO,0.039996,0.039996,0.0,0.0,-0.000198,-0.004952,0.039996,0.184339064615221,0.4270657565613879,1,ok,1,0,0.164687,0.162383,0.48528,0.772001,0.579001,part2a21_alpha_positions.csv,part2a21_alpha_eligibility.csv,artifacts_part2_g532/predictions/g532_final_consensus_tape.csv
2020-12-07,1.0,8.5e-05,1,1,0.051519,0,0.374918,0,VOO,0.051519,0.051519,0.011523,1.2e-05,9.7e-05,0.001883,0.051519,0.1777437919685388,0.4173604320966278,1,ok,1,0,0.161129,0.162959,0.486362,0.773184,0.579888,part2a21_alpha_positions.csv,part2a21_alpha_eligibility.csv,artifacts_part2_g532/predictions/g532_final_consensus_tape.csv
2020-12-08,-1.0,-0.000386,1,1,0.051519,0,0.395412,0,VOO,0.051519,0.051519,0.0,0.0,-0.000386,-0.007499,0.051519,0.1831626877216484,0.4269203195108577,1,ok,1,0,0.172123,0.169301,0.498285,0.763633,0.572724,part2a21_alpha_positions.csv,part2a21_alpha_eligibility.csv,artifacts_part2_g532/predictions/g532_final_consensus_tape.csv
2020-12-09,-1.0,-0.000141,1,1,0.051519,0,0.380976,0,VOO,0.051519,0.051519,0.0,0.0,-0.000141,-0.002728,0.051519,0.1903295449388686,0.456789639087973,1,ok,1,0,0.185604,0.17514,0.509263,0.753327,0.564995,part2a21_alpha_positions.csv,part2a21_alpha_eligibility.csv,artifacts_part2_g532/predictions/g532_final_consensus_tape.csv
2020-12-10,-1.0,-0.000169,1,1,0.051519,0,0.377582,0,VOO,0.051519,0.051519,0.0,0.0,-0.000169,-0.003276,0.051519,0.1901580128848545,0.4586210260215455,1,ok,1,0,0.186443,0.179102,0.516711,0.750073,0.562554,part2a21_alpha_positions.csv,part2a21_alpha_eligibility.csv,artifacts_part2_g532/predictions/g532_final_consensus_tape.csv
2020-12-11,-1.0,-0.000206,1,1,0.051519,0,0.218295,0,VOO,0.051519,0.051519,0.0,0.0,-0.000206,-0.004004,0.051519,0.1963950558170186,0.4851208043270754,1,ok,1,0,0.198833,0.203781,0.563108,0.726581,0.326961,part2a21_alpha_positions.csv,part2a21_alpha_eligibility.csv,artifacts_part2_g532/predictions/g532_final_consensus_tape.csv
2020-12-14,1.0,0.000396,1,1,0.028433,0,0.216268,0,VOO,0.028433,0.028433,0.023085,2.3e-05,0.000419,0.014726,0.028433,0.2011023810772794,0.4876689333124811,1,ok,1,0,0.202932,0.210051,0.574896,0.720184,0.324083,part2a21_alpha_positions.csv,part2a21_alpha_eligibility.csv,artifacts_part2_g532/predictions/g532_final_consensus_tape.csv
2020-12-15,1.0,6.7e-05,1,1,0.028433,0,0.37875,0,VOO,0.028433,0.028433,0.0,0.0,6.7e-05,0.002364,0.028433,0.1960140721198587,0.4720116905431415,1,ok,1,0,0.192451,0.180707,0.519729,0.746204,0.559653,part2a21_alpha_positions.csv,part2a21_alpha_eligibility.csv,artifacts_part2_g532/predictions/g532_final_consensus_tape.csv
2020-12-16,1.0,0.000175,1,1,0.028433,0,0.388038,0,VOO,0.028433,0.028433,0.0,0.0,0.000175,0.00615,0.028433,0.1893707215272639,0.4209806015165629,1,ok,1,0,0.172129,0.170379,0.500312,0.762847,0.572135,part2a21_alpha_positions.csv,part2a21_alpha_eligibility.csv,artifacts_part2_g532/predictions/g532_final_consensus_tape.csv
2020-12-17,-1.0,-9e-05,1,1,0.028433,0,0.389154,0,VOO,0.028433,0.028433,0.0,0.0,-9e-05,-0.003178,0.028433,0.1903837923577481,0.4148067391886198,1,ok,1,0,0.168984,0.166065,0.492202,0.767394,0.575546,part2a21_alpha_positions.csv,part2a21_alpha_eligibility.csv,artifacts_part2_g532/predictions/g532_final_consensus_tape.csv
2020-12-18,-1.0,-0.000107,1,1,0.028433,0,0.407799,0,VOO,0.028433,0.028433,0.0,0.0,-0.000107,-0.003756,0.028433,0.189159206704092,0.4142575581642296,1,ok,1,0,0.165095,0.163957,0.48824,0.770674,0.578006,part2a21_alpha_positions.csv,part2a21_alpha_eligibility.csv,artifacts_part2_g532/predictions/g532_final_consensus_tape.csv
2020-12-21,-1.0,-0.000242,1,1,0.058305,0,0.40211,0,VOO,0.058305,0.058305,0.029871,3e-05,-0.000212,-0.003644,0.058305,0.2103415039748022,0.5113574980919383,1,ok,1,0,0.152952,0.190456,0.538057,0.7569,0.567675,part2a21_alpha_positions.csv,part2a21_alpha_eligibility.csv,artifacts_part2_g532/predictions/g532_final_consensus_tape.csv
2020-12-22,1.0,0.000168,1,1,0.058305,0,0.406632,0,VOO,0.058305,0.058305,0.0,0.0,0.000168,0.002887,0.058305,0.2070279361464702,0.4793438895403802,1,ok,1,0,0.150344,0.177344,0.513407,0.767594,0.575695,part2a21_alpha_positions.csv,part2a21_alpha_eligibility.csv,artifacts_part2_g532/predictions/g532_final_consensus_tape.csv
2020-12-23,1.0,0.00015,1,1,0.058305,0,0.417552,0,VOO,0.058305,0.058305,0.0,0.0,0.00015,0.002568,0.058305,0.2021234418286443,0.4584972930848097,1,ok,1,0,0.167686,0.158963,0.47885,0.773134,0.579851,part2a21_alpha_positions.csv,part2a21_alpha_eligibility.csv,artifacts_part2_g532/predictions/g532_final_consensus_tape.csv
2020-12-24,0.0,0.0,1,1,0.058305,0,0.421103,0,VOO,0.058305,0.058305,0.0,0.0,0.0,0.0,0.058305,0.1891050045251075,0.4345646135223913,1,ok,1,0,0.161379,0.158091,0.477211,0.776605,0.582454,part2a21_alpha_positions.csv,part2a21_alpha_eligibility.csv,artifacts_part2_g532/predictions/g532_final_consensus_tape.csv
2020-12-25,1.0,0.0005,1,1,0.058305,0,0.423118,0,VOO,0.058305,0.058305,0.0,0.0,0.0005,0.008577,0.058305,0.1921050643088553,0.4351099622623433,1,ok,1,0,0.166318,0.158629,0.478223,0.773992,0.580494,part2a21_alpha_positions.csv,part2a21_alpha_eligibility.csv,artifacts_part2_g532/predictions/g532_final_consensus_tape.csv
2020-12-28,-1.0,-0.000113,1,1,0.057923,0,0.425885,0,VOO,0.057923,0.057923,0.000381,0.0,-0.000112,-0.00194,0.057923,0.198538660591939,0.4505318702687217,1,ok,1,0,0.159183,0.153177,0.467972,0.781161,0.585871,part2a21_alpha_positions.csv,part2a21_alpha_eligibility.csv,artifacts_part2_g532/predictions/g532_final_consensus_tape.csv
2020-12-29,1.0,3.9e-05,1,1,0.057923,0,0.462411,0,VOO,0.057923,0.057923,0.0,0.0,3.9e-05,0.000678,0.057923,0.2083346935005104,0.4367245429706581,1,ok,1,0,0.145229,0.159006,0.47893,0.783209,0.587407,part2a21_alpha_positions.csv,part2a21_alpha_eligibility.csv,artifacts_part2_g532/predictions/g532_final_consensus_tape.csv
2020-12-30,1.0,0.000272,1,1,0.057923,0,0.462194,0,VOO,0.057923,0.057923,0.0,0.0,0.000272,0.004701,0.057923,0.2223411286181321,0.2665184107056725,1,ok,1,0,0.145521,0.160764,0.482237,0.7818,0.58635,part2a21_alpha_positions.csv,part2a21_alpha_eligibility.csv,artifacts_part2_g532/predictions/g532_final_consensus_tape.csv
2020-12-31,0.0,0.0,1,1,0.057923,0,0.460261,0,VOO,0.057923,0.057923,0.0,0.0,0.0,0.0,0.057923,0.2177485759633563,0.2718040731687157,1,ok,1,0,0.154141,0.169664,0.498967,0.771461,0.578596,part2a21_alpha_positions.csv,part2a21_alpha_eligibility.csv,artifacts_part2_g532/predictions/g532_final_consensus_tape.csv
2021-01-01,-1.0,-0.000805,1,1,0.057923,0,0.46833,0,VOO,0.057923,0.057923,0.0,0.0,-0.000805,-0.013902,0.057923,0.2238289347260321,0.2911404101765142,1,ok,1,0,0.149967,0.165553,0.491241,0.776323,0.582242,part2a21_alpha_positions.csv,part2a21_alpha_eligibility.csv,artifacts_part2_g532/predictions/g532_final_consensus_tape.csv
2021-01-04,,,0,0,0.0,0,0.080421,0,FLAT,0.0,0.0,0.057923,5.8e-05,,0.008893,0.0,0.2777578427478124,0.4288798971592859,0,high_risk_veto,1,1,0.209375,0.290973,0.606289,0.682683,0.110936,part2a21_alpha_positions.csv,part2a21_alpha_eligibility.csv,artifacts_part2_g532/predictions/g532_final_consensus_tape.csv
2021-01-05,,,0,1,0.0,0,0.400649,0,FLAT,0.0,0.0,0.0,0.0,,0.011912,0.0,0.2166925753477345,0.2534802595817882,1,ok,1,0,0.161987,0.19137,0.539776,0.752171,0.564128,part2a21_alpha_positions.csv,part2a21_alpha_eligibility.csv,artifacts_part2_g532/predictions/g532_final_consensus_tape.csv
2021-01-06,,,0,1,0.0,0,0.223963,0,FLAT,0.0,0.0,0.0,0.0,,0.018367,0.0,0.1961990875331959,0.2564530196970861,1,ok,1,0,0.203738,0.19992,0.555849,0.727176,0.327229,part2a21_alpha_positions.csv,part2a21_alpha_eligibility.csv,artifacts_part2_g532/predictions/g532_final_consensus_tape.csv
2021-01-07,,,0,1,0.0,0,0.360172,0,FLAT,0.0,0.0,0.0,0.0,,0.00848,0.0,0.1732333593606394,0.2184127647693019,1,ok,1,0,0.18992,0.174923,0.508856,0.751542,0.563656,part2a21_alpha_positions.csv,part2a21_alpha_eligibility.csv,artifacts_part2_g532/predictions/g532_final_consensus_tape.csv
2021-01-08,,,0,1,0.0,0,0.374105,0,FLAT,0.0,0.0,0.0,0.0,,-0.004609,0.0,0.1480110981118427,0.151880033612873,1,ok,1,0,0.157134,0.154795,0.471015,0.780908,0.585681,part2a21_alpha_positions.csv,part2a21_alpha_eligibility.csv,artifacts_part2_g532/predictions/g532_final_consensus_tape.csv
2021-01-11,1.0,-4e-05,1,1,0.053662,0,0.361215,0,VOO,0.053662,0.053662,0.053662,5.4e-05,1.4e-05,0.000255,0.053662,0.1673300199485159,0.1745850525804225,1,ok,1,0,0.17379,0.168365,0.496526,0.763562,0.572671,part2a21_alpha_positions.csv,part2a21_alpha_eligibility.csv,artifacts_part2_g532/predictions/g532_final_consensus_tape.csv
2021-01-12,-1.0,-5.2e-05,1,1,0.053662,0,0.352385,0,VOO,0.053662,0.053662,0.0,0.0,-5.2e-05,-0.000973,0.053662,0.1803859355508635,0.221868528477506,1,ok,1,0,0.194866,0.185616,0.528957,0.741553,0.556165,part2a21_alpha_positions.csv,part2a21_alpha_eligibility.csv,artifacts_part2_g532/predictions/g532_final_consensus_tape.csv
2021-01-13,-1.0,-5.9e-05,1,1,0.053662,0,0.370597,0,VOO,0.053662,0.053662,0.0,0.0,-5.9e-05,-0.001104,0.053662,0.1495428799926058,0.1429945221465247,1,ok,1,0,0.154609,0.154707,0.47085,0.782108,0.586581,part2a21_alpha_positions.csv,part2a21_alpha_eligibility.csv,artifacts_part2_g532/predictions/g532_final_consensus_tape.csv
2021-01-14,-1.0,-0.000529,1,1,0.053662,0,0.359225,0,VOO,0.053662,0.053662,0.0,0.0,-0.000529,-0.00986,0.053662,0.1682493013856233,0.1909476661568469,1,ok,1,0,0.173028,0.172762,0.504793,0.760712,0.570534,part2a21_alpha_positions.csv,part2a21_alpha_eligibility.csv,artifacts_part2_g532/predictions/g532_final_consensus_tape.csv
2021-01-15,0.0,0.0,1,1,0.053662,0,0.34182,0,VOO,0.053662,0.053662,0.0,0.0,0.0,0.0,0.053662,0.168337292684805,0.1986529467821092,1,ok,1,0,0.189085,0.181202,0.520659,0.74736,0.56052,part2a21_alpha_positions.csv,part2a21_alpha_eligibility.csv,artifacts_part2_g532/predictions/g532_final_consensus_tape.csv
2021-01-18,1.0,0.000403,1,1,0.055622,0,0.370811,0,VOO,0.055622,0.055622,0.00196,2e-06,0.000405,0.007283,0.055622,0.1889743844244507,0.2326868300875987,1,ok,1,0,0.179918,0.167062,0.494077,0.76175,0.571312,part2a21_alpha_positions.csv,part2a21_alpha_eligibility.csv,artifacts_part2_g532/predictions/g532_final_consensus_tape.csv
2021-01-19,1.0,0.000727,1,1,0.055622,0,0.380086,0,VOO,0.055622,0.055622,0.0,0.0,0.000727,0.013075,0.055622,0.1786255002322864,0.212822283642823,1,ok,1,0,0.160891,0.157328,0.475777,0.777379,0.583034,part2a21_alpha_positions.csv,part2a21_alpha_eligibility.csv,artifacts_part2_g532/predictions/g532_final_consensus_tape.csv
2021-01-20,1.0,0.000132,1,1,0.055622,0,0.37963,0,VOO,0.055622,0.055622,0.0,0.0,0.000132,0.00237,0.055622,0.1365129208663072,0.1257157756703189,1,ok,1,0,0.156881,0.154718,0.470871,0.781078,0.585809,part2a21_alpha_positions.csv,part2a21_alpha_eligibility.csv,artifacts_part2_g532/predictions/g532_final_consensus_tape.csv
2021-01-21,-1.0,-0.000283,1,1,0.055622,0,0.414675,0,VOO,0.055622,0.055622,0.0,0.0,-0.000283,-0.005094,0.055622,0.1324946102958962,0.113241754116807,1,ok,1,0,0.153894,0.14849,0.459161,0.786944,0.590208,part2a21_alpha_positions.csv,part2a21_alpha_eligibility.csv,artifacts_part2_g532/predictions/g532_final_consensus_tape.csv
2021-01-22,1.0,1e-06,1,1,0.055622,0,0.408571,0,VOO,0.055622,0.055622,0.0,0.0,1e-06,1.6e-05,0.055622,0.1481747043060976,0.125414566769923,1,ok,1,0,0.166712,0.166136,0.492335,0.768365,0.576274,part2a21_alpha_positions.csv,part2a21_alpha_eligibility.csv,artifacts_part2_g532/predictions/g532_final_consensus_tape.csv
2021-01-25,-1.0,-8e-05,1,1,0.062503,0,0.41669,0,VOO,0.062503,0.062503,0.006882,7e-06,-7.3e-05,-0.001165,0.062503,0.1926202196513591,0.1980850520789076,1,ok,1,0,0.164947,0.156659,0.47452,0.776039,0.582029,part2a21_alpha_positions.csv,part2a21_alpha_eligibility.csv,artifacts_part2_g532/predictions/g532_final_consensus_tape.csv
2021-01-26,-1.0,-0.001609,1,1,0.062503,0,0.422144,0,VOO,0.062503,0.062503,0.0,0.0,-0.001609,-0.025738,0.062503,0.2084919531508257,0.2333256605851933,1,ok,1,0,0.138722,0.157706,0.476488,0.78708,0.59031,part2a21_alpha_positions.csv,part2a21_alpha_eligibility.csv,artifacts_part2_g532/predictions/g532_final_consensus_tape.csv
2021-01-27,1.0,0.000685,1,0,0.062503,0,0.128361,0,VOO,0.062503,0.062503,0.0,0.0,0.000685,0.010965,0.062503,0.2891913835768506,0.618661957275778,0,high_risk_veto,1,1,0.319284,0.512723,0.65,0.546869,0.213279,part2a21_alpha_positions.csv,part2a21_alpha_eligibility.csv,artifacts_part2_g532/predictions/g532_final_consensus_tape.csv
2021-01-28,-1.0,-0.001154,1,0,0.062503,0,0.127878,0,VOO,0.062503,0.062503,0.0,0.0,-0.001154,-0.018456,0.062503,0.2923574911510159,0.6013814334633102,0,high_risk_veto,1,1,0.315605,0.476489,0.65,0.561206,0.218871,part2a21_alpha_positions.csv,part2a21_alpha_eligibility.csv,artifacts_part2_g532/predictions/g532_final_consensus_tape.csv
2021-01-29,1.0,0.000941,1,1,0.062503,0,0.149721,0,VOO,0.062503,0.062503,0.0,0.0,0.000941,0.015052,0.062503,0.2512986184570951,0.7173374216027023,1,ok,1,1,0.237447,0.489943,0.65,0.591669,0.266251,part2a21_alpha_positions.csv,part2a21_alpha_eligibility.csv,artifacts_part2_g532/predictions/g532_final_consensus_tape.csv
2021-02-01,1.0,0.000323,1,1,0.021628,0,0.144986,0,VOO,0.021628,0.021628,0.040875,4.1e-05,0.000363,0.016802,0.021628,0.246074387388917,0.7280530666111261,1,ok,1,1,0.236999,0.479504,0.65,0.595524,0.267986,part2a21_alpha_positions.csv,part2a21_alpha_eligibility.csv,artifacts_part2_g532/predictions/g532_final_consensus_tape.csv
2021-02-02,1.0,7.5e-05,1,1,0.021628,0,0.165391,0,VOO,0.021628,0.021628,0.0,0.0,7.5e-05,0.003449,0.021628,0.2418218159425017,0.7199589112348352,1,ok,1,1,0.188458,0.271482,0.599309,0.700313,0.315141,part2a21_alpha_positions.csv,part2a21_alpha_eligibility.csv,artifacts_part2_g532/predictions/g532_final_consensus_tape.csv
2021-02-03,1.0,0.000248,1,1,0.021628,0,0.174759,0,VOO,0.021628,0.021628,0.0,0.0,0.000248,0.01147,0.021628,0.1885110994934161,0.8351234652540741,1,ok,1,0,0.204679,0.202426,0.56056,0.724934,0.32622,part2a21_alpha_positions.csv,part2a21_alpha_eligibility.csv,artifacts_part2_g532/predictions/g532_final_consensus_tape.csv
2021-02-04,1.0,0.000132,1,1,0.021628,0,0.171886,0,VOO,0.021628,0.021628,0.0,0.0,0.000132,0.006112,0.021628,0.1788931863706794,0.863280529617619,1,ok,1,0,0.204907,0.20254,0.560776,0.724748,0.326136,part2a21_alpha_positions.csv,part2a21_alpha_eligibility.csv,artifacts_part2_g532/predictions/g532_final_consensus_tape.csv
2021-02-05,1.0,0.00015,1,1,0.021628,0,0.172878,0,VOO,0.021628,0.021628,0.0,0.0,0.00015,0.006927,0.021628,0.1689312987241415,0.8730013439977,1,ok,1,0,0.202307,0.200709,0.557334,0.727247,0.327261,part2a21_alpha_positions.csv,part2a21_alpha_eligibility.csv,artifacts_part2_g532/predictions/g532_final_consensus_tape.csv
2021-02-08,-1.0,-4.4e-05,1,1,0.025712,0,0.171416,0,VOO,0.025712,0.025712,0.004084,4e-06,-4e-05,-0.001571,0.025712,0.180970951227811,0.8574121288137743,1,ok,1,0,0.207626,0.203568,0.562708,0.722778,0.32525,part2a21_alpha_positions.csv,part2a21_alpha_eligibility.csv,artifacts_part2_g532/predictions/g532_final_consensus_tape.csv
2021-02-09,-1.0,-7.5e-05,1,1,0.025712,0,0.171421,0,VOO,0.025712,0.025712,0.0,0.0,-7.5e-05,-0.00293,0.025712,0.1713263341462931,0.8763586355041689,1,ok,1,0,0.204872,0.204833,0.565087,0.723099,0.325394,part2a21_alpha_positions.csv,part2a21_alpha_eligibility.csv,artifacts_part2_g532/predictions/g532_final_consensus_tape.csv
2021-02-10,1.0,6.1e-05,1,1,0.025712,0,0.34221,0,VOO,0.025712,0.025712,0.0,0.0,6.1e-05,0.002377,0.025712,0.1775895737107939,0.8528934335962282,1,ok,1,0,0.168097,0.178525,0.515626,0.758748,0.569061,part2a21_alpha_positions.csv,part2a21_alpha_eligibility.csv,artifacts_part2_g532/predictions/g532_final_consensus_tape.csv
2021-02-11,1.0,0.000216,1,1,0.025712,0,0.345866,0,VOO,0.025712,0.025712,0.0,0.0,0.000216,0.008387,0.025712,0.1750433371547737,0.8614981397532152,1,ok,1,0,0.167526,0.176349,0.511535,0.760584,0.570438,part2a21_alpha_positions.csv,part2a21_alpha_eligibility.csv,artifacts_part2_g532/predictions/g532_final_consensus_tape.csv
2021-02-12,0.0,0.0,1,1,0.025712,0,0.407924,0,VOO,0.025712,0.025712,0.0,0.0,0.0,0.0,0.025712,0.1730252570032243,0.8502337535224548,1,ok,1,0,0.166319,0.163173,0.486765,0.770693,0.57802,part2a21_alpha_positions.csv,part2a21_alpha_eligibility.csv,artifacts_part2_g532/predictions/g532_final_consensus_tape.csv
2021-02-15,1.0,0.000357,1,1,0.062598,0,0.417317,0,VOO,0.062598,0.062598,0.036885,3.7e-05,0.000394,0.0063,0.062598,0.1665011894279997,0.871225630233409,1,ok,1,0,0.165178,0.160862,0.482421,0.772884,0.579663,part2a21_alpha_positions.csv,part2a21_alpha_eligibility.csv,artifacts_part2_g532/predictions/g532_final_consensus_tape.csv
2021-02-16,-1.0,-2.9e-05,1,1,0.062598,0,0.449654,0,VOO,0.062598,0.062598,0.0,0.0,-2.9e-05,-0.000462,0.062598,0.2037910394949516,0.8159309930954572,1,ok,1,0,0.167403,0.156473,0.474169,0.775069,0.581302,part2a21_alpha_positions.csv,part2a21_alpha_eligibility.csv,artifacts_part2_g532/predictions/g532_final_consensus_tape.csv
2021-02-17,-1.0,-0.000262,1,1,0.062598,0,0.445818,0,VOO,0.062598,0.062598,0.0,0.0,-0.000262,-0.004192,0.062598,0.1852727315042246,0.8525285202851678,1,ok,1,0,0.162025,0.157602,0.476292,0.776669,0.582502,part2a21_alpha_positions.csv,part2a21_alpha_eligibility.csv,artifacts_part2_g532/predictions/g532_final_consensus_tape.csv
2021-02-18,1.0,0.000137,1,1,0.062598,0,0.457028,0,VOO,0.062598,0.062598,0.0,0.0,0.000137,0.002186,0.062598,0.2389966934550673,0.7238784365906085,1,ok,1,0,0.14048,0.159118,0.479143,0.785264,0.588948,part2a21_alpha_positions.csv,part2a21_alpha_eligibility.csv,artifacts_part2_g532/predictions/g532_final_consensus_tape.csv
2021-02-19,-1.0,-0.000392,1,1,0.062598,0,0.456642,0,VOO,0.062598,0.062598,0.0,0.0,-0.000392,-0.006263,0.062598,0.2613265793763448,0.666244637832077,1,ok,1,0,0.142287,0.170698,0.500913,0.776044,0.582033,part2a21_alpha_positions.csv,part2a21_alpha_eligibility.csv,artifacts_part2_g532/predictions/g532_final_consensus_tape.csv
2021-02-22,1.0,2.9e-05,1,1,0.066204,0,0.441357,0,VOO,0.066204,0.066204,0.003606,4e-06,3.3e-05,0.000491,0.066204,0.2230477445852145,0.7660267611227892,1,ok,1,0,0.154953,0.186555,0.530723,0.758833,0.569124,part2a21_alpha_positions.csv,part2a21_alpha_eligibility.csv,artifacts_part2_g532/predictions/g532_final_consensus_tape.csv
2021-02-23,1.0,0.000819,1,1,0.066204,0,0.448003,0,VOO,0.066204,0.066204,0.0,0.0,0.000819,0.012374,0.066204,0.2665427083147362,0.6490317962444981,1,ok,1,0,0.14884,0.177316,0.513354,0.768291,0.576218,part2a21_alpha_positions.csv,part2a21_alpha_eligibility.csv,artifacts_part2_g532/predictions/g532_final_consensus_tape.csv
2021-02-24,-1.0,-0.000719,1,1,0.066204,0,0.446615,0,VOO,0.066204,0.066204,0.0,0.0,-0.000719,-0.010862,0.066204,0.1737792239819037,0.4045266541044515,1,ok,1,0,0.138671,0.128088,0.420806,0.808606,0.606454,part2a21_alpha_positions.csv,part2a21_alpha_eligibility.csv,artifacts_part2_g532/predictions/g532_final_consensus_tape.csv
2021-02-25,-1.0,-0.000956,1,1,0.066204,0,0.197195,0,VOO,0.066204,0.066204,0.0,0.0,-0.000956,-0.014443,0.066204,0.2190184024805421,0.5938054928281535,1,ok,1,1,0.29068,0.324312,0.618079,0.632069,0.284431,part2a21_alpha_positions.csv,part2a21_alpha_eligibility.csv,artifacts_part2_g532/predictions/g532_final_consensus_tape.csv
2021-02-26,1.0,0.00167,1,0,0.066204,0,0.07958,0,VOO,0.066204,0.066204,0.0,0.0,0.00167,0.025231,0.066204,0.2861681524486215,0.6523072108881711,0,high_risk_veto,1,0,0.183928,0.201609,0.559024,0.734865,0.119415,part2a21_alpha_positions.csv,part2a21_alpha_eligibility.csv,artifacts_part2_g532/predictions/g532_final_consensus_tape.csv
2021-03-01,,,0,0,0.0,0,0.071879,0,FLAT,0.0,0.0,0.066204,6.6e-05,,-0.009581,0.0,0.2701683663379614,0.6479521939998921,0,high_risk_veto,1,0,0.16556,0.167847,0.495552,0.767641,0.124742,part2a21_alpha_positions.csv,part2a21_alpha_eligibility.csv,artifacts_part2_g532/predictions/g532_final_consensus_tape.csv
2021-03-02,,,0,1,0.0,0,0.326958,0,FLAT,0.0,0.0,0.0,0.0,,-0.007916,0.0,0.1954542970291219,0.484756258962232,1,ok,1,0,0.178965,0.164006,0.488332,0.764397,0.573298,part2a21_alpha_positions.csv,part2a21_alpha_eligibility.csv,artifacts_part2_g532/predictions/g532_final_consensus_tape.csv
2021-03-03,,,0,1,0.0,0,0.18011,0,FLAT,0.0,0.0,0.0,0.0,,-0.007434,0.0,0.2029942164733753,0.5381583904163764,1,ok,1,1,0.243225,0.202494,0.560689,0.707538,0.318392,part2a21_alpha_positions.csv,part2a21_alpha_eligibility.csv,artifacts_part2_g532/predictions/g532_final_consensus_tape.csv
2021-03-04,,,0,1,0.0,0,0.314149,0,FLAT,0.0,0.0,0.0,0.0,,0.019566,0.0,0.2322204020592438,0.5987738089182092,1,ok,1,0,0.18184,0.190478,0.538098,0.743885,0.557914,part2a21_alpha_positions.csv,part2a21_alpha_eligibility.csv,artifacts_part2_g532/predictions/g532_final_consensus_tape.csv
2021-03-05,,,0,1,0.0,0,0.302995,0,FLAT,0.0,0.0,0.0,0.0,,-0.000976,0.0,0.1765218642601545,0.4198749481544798,1,ok,1,0,0.188093,0.162313,0.485148,0.761519,0.571139,part2a21_alpha_positions.csv,part2a21_alpha_eligibility.csv,artifacts_part2_g532/predictions/g532_final_consensus_tape.csv
2021-03-08,1.0,0.000369,1,1,0.045184,0,0.301228,0,VOO,0.045184,0.045184,0.045184,4.5e-05,0.000414,0.009166,0.045184,0.1714104273239471,0.3954249548453938,1,ok,1,0,0.190581,0.172848,0.504955,0.752751,0.564563,part2a21_alpha_positions.csv,part2a21_alpha_eligibility.csv,artifacts_part2_g532/predictions/g532_final_consensus_tape.csv
2021-03-09,1.0,0.000184,1,1,0.045184,0,0.178844,0,VOO,0.045184,0.045184,0.0,0.0,0.000184,0.004069,0.045184,0.1984335546273709,0.5025741850187223,1,ok,1,0,0.203951,0.166378,0.492791,0.751431,0.338144,part2a21_alpha_positions.csv,part2a21_alpha_eligibility.csv,artifacts_part2_g532/predictions/g532_final_consensus_tape.csv
2021-03-10,1.0,0.00049,1,1,0.045184,0,0.309447,0,VOO,0.045184,0.045184,0.0,0.0,0.00049,0.01085,0.045184,0.1799580543124193,0.4283550756210772,1,ok,1,0,0.18256,0.157348,0.475815,0.767613,0.57571,part2a21_alpha_positions.csv,part2a21_alpha_eligibility.csv,artifacts_part2_g532/predictions/g532_final_consensus_tape.csv
2021-03-11,1.0,0.000392,1,1,0.045184,0,0.316984,0,VOO,0.045184,0.045184,0.0,0.0,0.000392,0.00867,0.045184,0.158810460047013,0.3167655211019344,1,ok,1,0,0.173531,0.149004,0.460128,0.777734,0.5833,part2a21_alpha_positions.csv,part2a21_alpha_eligibility.csv,artifacts_part2_g532/predictions/g532_final_consensus_tape.csv
2021-03-12,1.0,0.000206,1,1,0.045184,0,0.336199,0,VOO,0.045184,0.045184,0.0,0.0,0.000206,0.00455,0.045184,0.1632080899542236,0.3393562342163445,1,ok,1,0,0.158008,0.14912,0.460345,0.784636,0.588477,part2a21_alpha_positions.csv,part2a21_alpha_eligibility.csv,artifacts_part2_g532/predictions/g532_final_consensus_tape.csv
2021-03-15,-1.0,-6.7e-05,1,1,0.057286,0,0.381905,0,VOO,0.057286,0.057286,0.012102,1.2e-05,-5.4e-05,-0.00095,0.057286,0.145115928684223,0.2447114206742011,1,ok,1,0,0.123499,0.12691,0.418591,0.816288,0.612216,part2a21_alpha_positions.csv,part2a21_alpha_eligibility.csv,artifacts_part2_g532/predictions/g532_final_consensus_tape.csv
2021-03-16,1.0,0.000283,1,1,0.057286,0,0.396015,0,VOO,0.057286,0.057286,0.0,0.0,0.000283,0.004932,0.057286,0.1522011618230341,0.2995099551744616,1,ok,1,0,0.128445,0.125426,0.415801,0.81514,0.611355,part2a21_alpha_positions.csv,part2a21_alpha_eligibility.csv,artifacts_part2_g532/predictions/g532_final_consensus_tape.csv
2021-03-17,-1.0,-0.00049,1,1,0.057286,0,0.4194,0,VOO,0.057286,0.057286,0.0,0.0,-0.00049,-0.008554,0.057286,0.1484437407202965,0.2800580069648213,1,ok,1,0,0.127365,0.112837,0.392134,0.824766,0.618574,part2a21_alpha_positions.csv,part2a21_alpha_eligibility.csv,artifacts_part2_g532/predictions/g532_final_consensus_tape.csv
2021-03-18,-1.0,-6.6e-05,1,1,0.057286,0,0.409485,0,VOO,0.057286,0.057286,0.0,0.0,-6.6e-05,-0.001161,0.057286,0.1633800864700421,0.3580629258731184,1,ok,1,0,0.134394,0.125014,0.415027,0.812762,0.609572,part2a21_alpha_positions.csv,part2a21_alpha_eligibility.csv,artifacts_part2_g532/predictions/g532_final_consensus_tape.csv
2021-03-19,1.0,0.000264,1,1,0.057286,0,0.444766,0,VOO,0.057286,0.057286,0.0,0.0,0.000264,0.004606,0.057286,0.1738940052493179,0.4122294867633486,1,ok,1,0,0.140257,0.114168,0.394635,0.817998,0.613499,part2a21_alpha_positions.csv,part2a21_alpha_eligibility.csv,artifacts_part2_g532/predictions/g532_final_consensus_tape.csv
2021-03-22,-1.0,-0.000841,1,1,0.067544,0,0.450292,0,VOO,0.067544,0.067544,0.010258,1e-05,-0.000831,-0.0123,0.067544,0.1532236692822482,0.3081946599404032,1,ok,1,0,0.13709,0.110553,0.38784,0.822048,0.616536,part2a21_alpha_positions.csv,part2a21_alpha_eligibility.csv,artifacts_part2_g532/predictions/g532_final_consensus_tape.csv
2021-03-23,-1.0,-0.000464,1,1,0.067544,0,0.412896,0,VOO,0.067544,0.067544,0.0,0.0,-0.000464,-0.006868,0.067544,0.1743148536773308,0.3969364353533042,1,ok,1,0,0.151848,0.12348,0.412143,0.806022,0.604516,part2a21_alpha_positions.csv,part2a21_alpha_eligibility.csv,artifacts_part2_g532/predictions/g532_final_consensus_tape.csv
2021-03-24,1.0,0.000468,1,1,0.067544,0,0.397485,0,VOO,0.067544,0.067544,0.0,0.0,0.000468,0.006923,0.067544,0.1813514777091398,0.4142178386107947,1,ok,1,0,0.193213,0.12182,0.409022,0.788613,0.591459,part2a21_alpha_positions.csv,part2a21_alpha_eligibility.csv,artifacts_part2_g532/predictions/g532_final_consensus_tape.csv
2021-03-25,1.0,0.001319,1,1,0.067544,0,0.419131,0,VOO,0.067544,0.067544,0.0,0.0,0.001319,0.019522,0.067544,0.1775942589374834,0.445374331419738,1,ok,1,0,0.150535,0.114107,0.39452,0.813418,0.610063,part2a21_alpha_positions.csv,part2a21_alpha_eligibility.csv,artifacts_part2_g532/predictions/g532_final_consensus_tape.csv
2021-03-26,1.0,0.000191,1,1,0.067544,0,0.387018,0,VOO,0.067544,0.067544,0.0,0.0,0.000191,0.002835,0.067544,0.1812558365537884,0.4828694868656878,1,ok,1,0,0.147975,0.111212,0.389078,0.816672,0.612504,part2a21_alpha_positions.csv,part2a21_alpha_eligibility.csv,artifacts_part2_g532/predictions/g532_final_consensus_tape.csv
2021-03-29,-1.0,-0.000104,1,1,0.054673,0,0.37116,0,VOO,0.054673,0.054673,0.012871,1.3e-05,-9.2e-05,-0.001676,0.054673,0.1835891948874381,0.4555360185982803,1,ok,1,0,0.194932,0.130642,0.425607,0.781435,0.586076,part2a21_alpha_positions.csv,part2a21_alpha_eligibility.csv,artifacts_part2_g532/predictions/g532_final_consensus_tape.csv
2021-03-30,1.0,0.000294,1,1,0.054673,0,0.3867,0,VOO,0.054673,0.054673,0.0,0.0,0.000294,0.005376,0.054673,0.177735097952615,0.4708689294116241,1,ok,1,0,0.142338,0.117308,0.40054,0.814782,0.611087,part2a21_alpha_positions.csv,part2a21_alpha_eligibility.csv,artifacts_part2_g532/predictions/g532_final_consensus_tape.csv
2021-03-31,1.0,0.000335,1,1,0.054673,0,0.388,0,VOO,0.054673,0.054673,0.0,0.0,0.000335,0.006119,0.054673,0.18043042498481,0.45847114858201,1,ok,1,0,0.143729,0.111623,0.389851,0.818284,0.613713,part2a21_alpha_positions.csv,part2a21_alpha_eligibility.csv,artifacts_part2_g532/predictions/g532_final_consensus_tape.csv
2021-04-01,0.0,0.0,1,1,0.054673,0,0.524534,0,VOO,0.054673,0.054673,0.0,0.0,0.0,0.0,0.054673,0.1741988650175148,0.4766669785285902,1,ok,1,0,0.121468,0.087715,0.344904,0.845658,0.812464,part2a21_alpha_positions.csv,part2a21_alpha_eligibility.csv,artifacts_part2_g532/predictions/g532_final_consensus_tape.csv
2021-04-02,1.0,0.000937,1,1,0.054673,0,0.517245,0,VOO,0.054673,0.054673,0.0,0.0,0.000937,0.017147,0.054673,0.1778469852147299,0.4790826770141399,1,ok,1,0,0.142058,0.088564,0.346499,0.835777,0.799712,part2a21_alpha_positions.csv,part2a21_alpha_eligibility.csv,artifacts_part2_g532/predictions/g532_final_consensus_tape.csv
2021-04-05,-1.0,-0.000406,1,1,0.071754,0,0.478362,0,VOO,0.071754,0.071754,0.017081,1.7e-05,-0.000389,-0.005416,0.071754,0.1815322233391486,0.4712318908845543,1,ok,1,0,0.157648,0.105877,0.379049,0.816192,0.775494,part2a21_alpha_positions.csv,part2a21_alpha_eligibility.csv,artifacts_part2_g532/predictions/g532_final_consensus_tape.csv
2021-04-06,1.0,0.000135,1,1,0.071754,0,0.51024,0,VOO,0.071754,0.071754,0.0,0.0,0.000135,0.001875,0.071754,0.176236973147727,0.4561571925436214,1,ok,1,0,0.133447,0.102312,0.372346,0.82967,0.792583,part2a21_alpha_positions.csv,part2a21_alpha_eligibility.csv,artifacts_part2_g532/predictions/g532_final_consensus_tape.csv
2021-04-07,1.0,0.000102,1,1,0.071754,0,0.531027,0,VOO,0.071754,0.071754,0.0,0.0,0.000102,0.001428,0.071754,0.1728540899178656,0.4230795962757709,1,ok,1,0,0.14758,0.089259,0.347807,0.832787,0.795893,part2a21_alpha_positions.csv,part2a21_alpha_eligibility.csv,artifacts_part2_g532/predictions/g532_final_consensus_tape.csv
2021-04-08,1.0,0.000703,1,1,0.071754,0,0.403407,0,VOO,0.071754,0.071754,0.0,0.0,0.000703,0.009801,0.071754,0.1766680004838174,0.4297102904091647,1,ok,1,0,0.173341,0.106983,0.381129,0.808327,0.606245,part2a21_alpha_positions.csv,part2a21_alpha_eligibility.csv,artifacts_part2_g532/predictions/g532_final_consensus_tape.csv
2021-04-09,1.0,7.6e-05,1,1,0.071754,0,0.578633,0,VOO,0.071754,0.071754,0.0,0.0,7.6e-05,0.001066,0.071754,0.1805950091842577,0.4244840088888205,1,ok,1,0,0.134102,0.080447,0.331241,0.845249,0.811535,part2a21_alpha_positions.csv,part2a21_alpha_eligibility.csv,artifacts_part2_g532/predictions/g532_final_consensus_tape.csv
2021-04-12,-1.0,-0.000135,1,1,0.085863,0,0.572418,0,VOO,0.085863,0.085863,0.014108,1.4e-05,-0.000121,-0.001413,0.085863,0.1829774106087471,0.439268242851261,1,ok,1,0,0.146583,0.079903,0.330218,0.840028,0.804738,part2a21_alpha_positions.csv,part2a21_alpha_eligibility.csv,artifacts_part2_g532/predictions/g532_final_consensus_tape.csv
2021-04-13,-1.0,-0.000171,1,1,0.085863,0,0.553975,0,VOO,0.085863,0.085863,0.0,0.0,-0.000171,-0.001992,0.085863,0.1724678578978217,0.3934235876141568,1,ok,1,0,0.158198,0.102669,0.373017,0.818274,0.777984,part2a21_alpha_positions.csv,part2a21_alpha_eligibility.csv,artifacts_part2_g532/predictions/g532_final_consensus_tape.csv
2021-04-14,1.0,0.000368,1,1,0.085863,0,0.554872,0,VOO,0.085863,0.085863,0.0,0.0,0.000368,0.004286,0.085863,0.2222743797015536,0.5474505422978476,1,ok,1,0,0.155727,0.095029,0.358654,0.824932,0.786103,part2a21_alpha_positions.csv,part2a21_alpha_eligibility.csv,artifacts_part2_g532/predictions/g532_final_consensus_tape.csv
2021-04-15,1.0,0.000533,1,1,0.085863,0,0.542048,0,VOO,0.085863,0.085863,0.0,0.0,0.000533,0.006208,0.085863,0.2274876146490591,0.5764863479464908,1,ok,1,0,0.175807,0.10561,0.378547,0.808214,0.765321,part2a21_alpha_positions.csv,part2a21_alpha_eligibility.csv,artifacts_part2_g532/predictions/g532_final_consensus_tape.csv
2021-04-16,-1.0,-0.000334,1,1,0.085863,0,0.552473,0,VOO,0.085863,0.085863,0.0,0.0,-0.000334,-0.003888,0.085863,0.1871724170385078,0.4577174806555959,1,ok,1,0,0.155971,0.101292,0.370429,0.820275,0.78047,part2a21_alpha_positions.csv,part2a21_alpha_eligibility.csv,artifacts_part2_g532/predictions/g532_final_consensus_tape.csv
2021-04-19,-1.0,-0.000933,1,1,0.089913,0,0.599418,0,VOO,0.089913,0.089913,0.00405,4e-06,-0.000929,-0.010336,0.089913,0.2125400009468092,0.4779237148043767,1,ok,1,0,0.170747,0.095606,0.35974,0.817754,0.776945,part2a21_alpha_positions.csv,part2a21_alpha_eligibility.csv,artifacts_part2_g532/predictions/g532_final_consensus_tape.csv
2021-04-20,1.0,0.000794,1,1,0.089913,0,0.259438,0,VOO,0.089913,0.089913,0.0,0.0,0.000794,0.008827,0.089913,0.1777083399294313,0.3733241870532426,1,ok,1,0,0.209314,0.121397,0.408226,0.781675,0.351754,part2a21_alpha_positions.csv,part2a21_alpha_eligibility.csv,artifacts_part2_g532/predictions/g532_final_consensus_tape.csv
2021-04-21,-1.0,-0.0009,1,1,0.089913,0,0.440146,0,VOO,0.089913,0.089913,0.0,0.0,-0.0009,-0.010004,0.089913,0.2168356169819092,0.4607454750538268,1,ok,1,0,0.139196,0.116598,0.399204,0.816712,0.612534,part2a21_alpha_positions.csv,part2a21_alpha_eligibility.csv,artifacts_part2_g532/predictions/g532_final_consensus_tape.csv
2021-04-22,1.0,0.001071,1,1,0.089913,0,0.42397,0,VOO,0.089913,0.089913,0.0,0.0,0.001071,0.011913,0.089913,0.2339567771589796,0.5395093727652654,1,ok,1,0,0.132031,0.114117,0.394541,0.821737,0.616303,part2a21_alpha_positions.csv,part2a21_alpha_eligibility.csv,artifacts_part2_g532/predictions/g532_final_consensus_tape.csv
2021-04-23,1.0,0.000289,1,1,0.089913,0,0.41613,0,VOO,0.089913,0.089913,0.0,0.0,0.000289,0.003213,0.089913,0.2124190743082752,0.4373130421991432,1,ok,1,0,0.133753,0.117641,0.401164,0.818404,0.613803,part2a21_alpha_positions.csv,part2a21_alpha_eligibility.csv,artifacts_part2_g532/predictions/g532_final_consensus_tape.csv
2021-04-26,1.0,0.000193,1,1,0.061145,0,0.41591,0,VOO,0.061145,0.061145,0.028768,2.9e-05,0.000222,0.003629,0.061145,0.204069833482323,0.3898828549727799,1,ok,1,0,0.138385,0.112954,0.392354,0.819722,0.614791,part2a21_alpha_positions.csv,part2a21_alpha_eligibility.csv,artifacts_part2_g532/predictions/g532_final_consensus_tape.csv
2021-04-27,-1.0,-0.000109,1,1,0.061145,0,0.538053,0,VOO,0.061145,0.061145,0.0,0.0,-0.000109,-0.001785,0.061145,0.2033245161151975,0.3805816580014556,1,ok,1,0,0.133707,0.098507,0.365193,0.832316,0.795785,part2a21_alpha_positions.csv,part2a21_alpha_eligibility.csv,artifacts_part2_g532/predictions/g532_final_consensus_tape.csv
2021-04-28,1.0,0.000514,1,1,0.061145,0,0.550789,0,VOO,0.061145,0.061145,0.0,0.0,0.000514,0.008407,0.061145,0.2038032445895104,0.4036138428840791,1,ok,1,0,0.117298,0.0884,0.346191,0.847038,0.814294,part2a21_alpha_positions.csv,part2a21_alpha_eligibility.csv,artifacts_part2_g532/predictions/g532_final_consensus_tape.csv
2021-04-29,-1.0,-0.000459,1,1,0.061145,0,0.542129,0,VOO,0.061145,0.061145,0.0,0.0,-0.000459,-0.007504,0.061145,0.2000774237745129,0.35143857619561,1,ok,1,0,0.117098,0.091547,0.352108,0.844843,0.811615,part2a21_alpha_positions.csv,part2a21_alpha_eligibility.csv,artifacts_part2_g532/predictions/g532_final_consensus_tape.csv
2021-04-30,1.0,3.4e-05,1,1,0.061145,0,0.407168,0,VOO,0.061145,0.061145,0.0,0.0,3.4e-05,0.000564,0.061145,0.2074191123942395,0.3909531408249457,1,ok,1,0,0.121322,0.118798,0.40334,0.823158,0.617368,part2a21_alpha_positions.csv,part2a21_alpha_eligibility.csv,artifacts_part2_g532/predictions/g532_final_consensus_tape.csv
2021-05-03,-1.0,-0.00045,1,1,0.060623,0,0.404156,0,VOO,0.060623,0.060623,0.000521,1e-06,-0.00045,-0.007419,0.060623,0.2267356238186291,0.521326997391483,1,ok,1,0,0.136656,0.123842,0.412823,0.812595,0.609446,part2a21_alpha_positions.csv,part2a21_alpha_eligibility.csv,artifacts_part2_g532/predictions/g532_final_consensus_tape.csv
2021-05-04,-1.0,-6.3e-05,1,1,0.060623,0,0.404549,0,VOO,0.060623,0.060623,0.0,0.0,-6.3e-05,-0.001041,0.060623,0.2195834375365237,0.4858953141887738,1,ok,1,0,0.144658,0.136839,0.437258,0.799559,0.599669,part2a21_alpha_positions.csv,part2a21_alpha_eligibility.csv,artifacts_part2_g532/predictions/g532_final_consensus_tape.csv
2021-05-05,1.0,0.000465,1,1,0.060623,0,0.411893,0,VOO,0.060623,0.060623,0.0,0.0,0.000465,0.007668,0.060623,0.2240294448806258,0.4966454658444754,1,ok,1,0,0.146865,0.139887,0.442988,0.796353,0.597265,part2a21_alpha_positions.csv,part2a21_alpha_eligibility.csv,artifacts_part2_g532/predictions/g532_final_consensus_tape.csv
2021-05-06,1.0,0.00041,1,1,0.060623,0,0.570014,0,VOO,0.060623,0.060623,0.0,0.0,0.00041,0.006763,0.060623,0.2102568119000517,0.426371464076219,1,ok,1,0,0.117225,0.098799,0.365743,0.839521,0.805109,part2a21_alpha_positions.csv,part2a21_alpha_eligibility.csv,artifacts_part2_g532/predictions/g532_final_consensus_tape.csv
2021-05-07,-1.0,-0.000475,1,1,0.060623,0,0.587439,0,VOO,0.060623,0.060623,0.0,0.0,-0.000475,-0.007831,0.060623,0.1879956955249822,0.3155105609788179,1,ok,1,0,0.12516,0.096578,0.361567,0.837562,0.802454,part2a21_alpha_positions.csv,part2a21_alpha_eligibility.csv,artifacts_part2_g532/predictions/g532_final_consensus_tape.csv
2021-05-10,-1.0,-0.000394,1,1,0.054311,0,0.428975,0,VOO,0.054311,0.054311,0.006313,6e-06,-0.000388,-0.007145,0.054311,0.2077547478800725,0.4029794806974903,1,ok,1,0,0.136168,0.136811,0.437206,0.803399,0.602549,part2a21_alpha_positions.csv,part2a21_alpha_eligibility.csv,artifacts_part2_g532/predictions/g532_final_consensus_tape.csv
2021-05-11,-1.0,-0.000909,1,0,0.054311,0,0.249647,0,VOO,0.054311,0.054311,0.0,0.0,-0.000909,-0.016744,0.054311,0.2539582384879589,0.6539922380644768,0,deploy_downside_veto,1,0,0.163721,0.140807,0.444717,0.7881,0.354645,part2a21_alpha_positions.csv,part2a21_alpha_eligibility.csv,artifacts_part2_g532/predictions/g532_final_consensus_tape.csv
2021-05-12,1.0,0.00046,1,1,0.054311,0,0.186919,0,VOO,0.054311,0.054311,0.0,0.0,0.00046,0.008473,0.054311,0.249296044337943,0.6066500287687505,1,ok,1,1,0.312432,0.295025,0.607732,0.634601,0.28557,part2a21_alpha_positions.csv,part2a21_alpha_eligibility.csv,artifacts_part2_g532/predictions/g532_final_consensus_tape.csv
2021-05-13,1.0,0.000708,1,1,0.054311,0,0.367381,0,VOO,0.054311,0.054311,0.0,0.0,0.000708,0.013042,0.054311,0.2293743485369319,0.5250629484157275,1,ok,1,0,0.189429,0.17919,0.516877,0.748665,0.561499,part2a21_alpha_positions.csv,part2a21_alpha_eligibility.csv,artifacts_part2_g532/predictions/g532_final_consensus_tape.csv
2021-05-14,-1.0,-7.8e-05,1,1,0.054311,0,0.375077,0,VOO,0.054311,0.054311,0.0,0.0,-7.8e-05,-0.001441,0.054311,0.2003928218920141,0.3643560213191161,1,ok,1,0,0.161462,0.127985,0.420611,0.798425,0.598819,part2a21_alpha_positions.csv,part2a21_alpha_eligibility.csv,artifacts_part2_g532/predictions/g532_final_consensus_tape.csv
2021-05-17,-1.0,-0.000336,1,1,0.036657,0,0.381085,0,VOO,0.036657,0.036657,0.017653,1.8e-05,-0.000318,-0.008676,0.036657,0.2054323713848209,0.4148603467594103,1,ok,1,0,0.143726,0.121394,0.408221,0.811191,0.608394,part2a21_alpha_positions.csv,part2a21_alpha_eligibility.csv,artifacts_part2_g532/predictions/g532_final_consensus_tape.csv
2021-05-18,1.0,1.3e-05,1,1,0.036657,0,0.369073,0,VOO,0.036657,0.036657,0.0,0.0,1.3e-05,0.000342,0.036657,0.216928516315364,0.4758471404109761,1,ok,1,0,0.152542,0.146434,0.455295,0.789045,0.591784,part2a21_alpha_positions.csv,part2a21_alpha_eligibility.csv,artifacts_part2_g532/predictions/g532_final_consensus_tape.csv
2021-05-19,1.0,0.000238,1,1,0.036657,0,0.363171,0,VOO,0.036657,0.036657,0.0,0.0,0.000238,0.006488,0.036657,0.2215392572715688,0.3115853384451079,1,ok,1,0,0.143597,0.16917,0.49804,0.776563,0.582423,part2a21_alpha_positions.csv,part2a21_alpha_eligibility.csv,artifacts_part2_g532/predictions/g532_final_consensus_tape.csv
2021-05-20,-1.0,-4.1e-05,1,1,0.036657,0,0.373815,0,VOO,0.036657,0.036657,0.0,0.0,-4.1e-05,-0.00111,0.036657,0.2212024778721014,0.3062442015975622,1,ok,1,0,0.128943,0.151555,0.464924,0.795946,0.59696,part2a21_alpha_positions.csv,part2a21_alpha_eligibility.csv,artifacts_part2_g532/predictions/g532_final_consensus_tape.csv
2021-05-21,1.0,0.000333,1,1,0.036657,0,0.385963,0,VOO,0.036657,0.036657,0.0,0.0,0.000333,0.009079,0.036657,0.2252325843499999,0.3337262769765539,1,ok,1,0,0.121761,0.137011,0.437581,0.809738,0.607303,part2a21_alpha_positions.csv,part2a21_alpha_eligibility.csv,artifacts_part2_g532/predictions/g532_final_consensus_tape.csv
2021-05-24,-1.0,-0.000225,1,1,0.03863,0,0.394986,0,VOO,0.03863,0.03863,0.001973,2e-06,-0.000223,-0.005771,0.03863,0.2132654363511182,0.2602483106543906,1,ok,1,0,0.090813,0.118415,0.402621,0.837165,0.627873,part2a21_alpha_positions.csv,part2a21_alpha_eligibility.csv,artifacts_part2_g532/predictions/g532_final_consensus_tape.csv
2021-05-25,1.0,0.000114,1,1,0.03863,0,0.38236,0,VOO,0.03863,0.03863,0.0,0.0,0.000114,0.002952,0.03863,0.2194292491853073,0.2952975907609412,1,ok,1,0,0.116337,0.144438,0.451544,0.806786,0.60509,part2a21_alpha_positions.csv,part2a21_alpha_eligibility.csv,artifacts_part2_g532/predictions/g532_final_consensus_tape.csv
2021-05-26,1.0,8.5e-05,1,1,0.03863,0,0.425764,0,VOO,0.03863,0.03863,0.0,0.0,8.5e-05,0.002188,0.03863,0.2213656238263364,0.3348153181258926,1,ok,1,0,0.116112,0.129735,0.423902,0.817562,0.613172,part2a21_alpha_positions.csv,part2a21_alpha_eligibility.csv,artifacts_part2_g532/predictions/g532_final_consensus_tape.csv
2021-05-27,1.0,7.8e-05,1,1,0.03863,0,0.439884,0,VOO,0.03863,0.03863,0.0,0.0,7.8e-05,0.002031,0.03863,0.2148968644105957,0.2849456907300107,1,ok,1,0,0.110181,0.113586,0.393541,0.831955,0.623967,part2a21_alpha_positions.csv,part2a21_alpha_eligibility.csv,artifacts_part2_g532/predictions/g532_final_consensus_tape.csv
2021-05-28,0.0,0.0,1,1,0.03863,0,0.467493,0,VOO,0.03863,0.03863,0.0,0.0,0.0,0.0,0.03863,0.2230092834950385,0.3282110343452409,1,ok,1,0,0.114739,0.11054,0.387815,0.832116,0.624087,part2a21_alpha_positions.csv,part2a21_alpha_eligibility.csv,artifacts_part2_g532/predictions/g532_final_consensus_tape.csv
2021-05-31,-1.0,-5.3e-05,1,1,0.057516,0,0.472813,0,VOO,0.057516,0.057516,0.018885,1.9e-05,-3.4e-05,-0.000594,0.057516,0.225073967703518,0.333029832470391,1,ok,1,0,0.103069,0.107085,0.38132,0.839875,0.629906,part2a21_alpha_positions.csv,part2a21_alpha_eligibility.csv,artifacts_part2_g532/predictions/g532_final_consensus_tape.csv
2021-06-01,1.0,3.1e-05,1,1,0.057516,0,0.629137,0,VOO,0.057516,0.057516,0.0,0.0,3.1e-05,0.000547,0.057516,0.2053010844565215,0.218140929946367,1,ok,1,0,0.126714,0.10542,0.378189,0.830444,0.793745,part2a21_alpha_positions.csv,part2a21_alpha_eligibility.csv,artifacts_part2_g532/predictions/g532_final_consensus_tape.csv
2021-06-02,-1.0,-7.3e-05,1,1,0.057516,0,0.634888,0,VOO,0.057516,0.057516,0.0,0.0,-7.3e-05,-0.001273,0.057516,0.2081637759241625,0.2388225810756797,1,ok,1,0,0.115299,0.104992,0.377385,0.835891,0.800751,part2a21_alpha_positions.csv,part2a21_alpha_eligibility.csv,artifacts_part2_g532/predictions/g532_final_consensus_tape.csv
2021-06-03,1.0,0.000202,1,1,0.057516,0,0.660193,0,VOO,0.057516,0.057516,0.0,0.0,0.000202,0.003519,0.057516,0.2100279300993732,0.2383790233523453,1,ok,1,0,0.098658,0.094532,0.357721,0.850973,0.819755,part2a21_alpha_positions.csv,part2a21_alpha_eligibility.csv,artifacts_part2_g532/predictions/g532_final_consensus_tape.csv
2021-06-04,-1.0,-4e-06,1,1,0.057516,0,0.49422,0,VOO,0.057516,0.057516,0.0,0.0,-4e-06,-6.5e-05,0.057516,0.2227321591962527,0.3226048692145557,1,ok,1,0,0.127663,0.120358,0.406273,0.819172,0.614379,part2a21_alpha_positions.csv,part2a21_alpha_eligibility.csv,artifacts_part2_g532/predictions/g532_final_consensus_tape.csv
2021-06-07,-1.0,-0.000167,1,1,0.060442,0,0.530173,0,VOO,0.060442,0.060442,0.002926,3e-06,-0.000164,-0.002719,0.060442,0.2232946173461718,0.3270145903151372,1,ok,1,0,0.123646,0.112179,0.390896,0.826917,0.620188,part2a21_alpha_positions.csv,part2a21_alpha_eligibility.csv,artifacts_part2_g532/predictions/g532_final_consensus_tape.csv
2021-06-08,-1.0,-0.000284,1,1,0.060442,0,0.523813,0,VOO,0.060442,0.060442,0.0,0.0,-0.000284,-0.004698,0.060442,0.2379941543618147,0.4130920206801501,1,ok,1,0,0.159235,0.146061,0.454596,0.786304,0.589728,part2a21_alpha_positions.csv,part2a21_alpha_eligibility.csv,artifacts_part2_g532/predictions/g532_final_consensus_tape.csv
2021-06-09,1.0,6.4e-05,1,1,0.060442,0,0.514761,0,VOO,0.060442,0.060442,0.0,0.0,6.4e-05,0.00106,0.060442,0.2407193993617717,0.4219604508217864,1,ok,1,0,0.149629,0.144121,0.450947,0.792035,0.594026,part2a21_alpha_positions.csv,part2a21_alpha_eligibility.csv,artifacts_part2_g532/predictions/g532_final_consensus_tape.csv
2021-06-10,1.0,0.000194,1,1,0.060442,0,0.516428,0,VOO,0.060442,0.060442,0.0,0.0,0.000194,0.003214,0.060442,0.2292522198311768,0.373948273812179,1,ok,1,0,0.148099,0.147207,0.45675,0.790483,0.592862,part2a21_alpha_positions.csv,part2a21_alpha_eligibility.csv,artifacts_part2_g532/predictions/g532_final_consensus_tape.csv
2021-06-11,1.0,0.00034,1,1,0.060442,0,0.503624,0,VOO,0.060442,0.060442,0.0,0.0,0.00034,0.005628,0.060442,0.2123220704454901,0.2555271251007191,1,ok,1,0,0.161755,0.156815,0.474813,0.777362,0.583022,part2a21_alpha_positions.csv,part2a21_alpha_eligibility.csv,artifacts_part2_g532/predictions/g532_final_consensus_tape.csv
2021-06-14,-1.0,-0.000132,1,1,0.056195,0,0.513074,0,VOO,0.056195,0.056195,0.004247,4e-06,-0.000128,-0.002273,0.056195,0.2292980259447304,0.3491536349698492,1,ok,1,0,0.130738,0.120499,0.406539,0.817686,0.613264,part2a21_alpha_positions.csv,part2a21_alpha_eligibility.csv,artifacts_part2_g532/predictions/g532_final_consensus_tape.csv
2021-06-15,1.0,7.7e-05,1,1,0.056195,0,0.67541,0,VOO,0.056195,0.056195,0.0,0.0,7.7e-05,0.001379,0.056195,0.2260444138429831,0.3369158767582134,1,ok,1,0,0.102551,0.100762,0.369433,0.844699,0.811932,part2a21_alpha_positions.csv,part2a21_alpha_eligibility.csv,artifacts_part2_g532/predictions/g532_final_consensus_tape.csv
2021-06-16,-1.0,-0.000221,1,1,0.056195,0,0.657432,0,VOO,0.056195,0.056195,0.0,0.0,-0.000221,-0.003936,0.056195,0.207485928901292,0.5703670101604287,1,ok,1,0,0.134408,0.103389,0.374371,0.828456,0.791078,part2a21_alpha_positions.csv,part2a21_alpha_eligibility.csv,artifacts_part2_g532/predictions/g532_final_consensus_tape.csv
2021-06-17,-1.0,-0.001068,1,1,0.056195,0,0.474187,0,VOO,0.056195,0.056195,0.0,0.0,-0.001068,-0.019005,0.056195,0.2084890089006908,0.5614377572348602,1,ok,1,0,0.185153,0.151155,0.464172,0.770942,0.578207,part2a21_alpha_positions.csv,part2a21_alpha_eligibility.csv,artifacts_part2_g532/predictions/g532_final_consensus_tape.csv
2021-06-18,1.0,0.000962,1,1,0.056195,0,0.212652,0,VOO,0.056195,0.056195,0.0,0.0,0.000962,0.017112,0.056195,0.2183752416932148,0.4537507856286633,1,ok,1,1,0.238017,0.27813,0.601697,0.675207,0.303843,part2a21_alpha_positions.csv,part2a21_alpha_eligibility.csv,artifacts_part2_g532/predictions/g532_final_consensus_tape.csv
2021-06-21,1.0,0.000151,1,1,0.046376,0,0.375492,0,VOO,0.046376,0.046376,0.009819,1e-05,0.000161,0.003471,0.046376,0.2180921056671893,0.4595399432173949,1,ok,1,0,0.171189,0.133075,0.430181,0.790352,0.592764,part2a21_alpha_positions.csv,part2a21_alpha_eligibility.csv,artifacts_part2_g532/predictions/g532_final_consensus_tape.csv
2021-06-22,1.0,4.3e-05,1,1,0.046376,0,0.382698,0,VOO,0.046376,0.046376,0.0,0.0,4.3e-05,0.000919,0.046376,0.1999089411552863,0.6579017138122166,1,ok,1,0,0.149846,0.123764,0.412677,0.806717,0.605037,part2a21_alpha_positions.csv,part2a21_alpha_eligibility.csv,artifacts_part2_g532/predictions/g532_final_consensus_tape.csv
2021-06-23,1.0,0.000273,1,1,0.046376,0,0.387636,0,VOO,0.046376,0.046376,0.0,0.0,0.000273,0.005878,0.046376,0.2080707518782991,0.542181044019182,1,ok,1,0,0.146804,0.118672,0.403103,0.811782,0.608837,part2a21_alpha_positions.csv,part2a21_alpha_eligibility.csv,artifacts_part2_g532/predictions/g532_final_consensus_tape.csv
2021-06-24,1.0,0.000268,1,1,0.046376,0,0.388623,0,VOO,0.046376,0.046376,0.0,0.0,0.000268,0.005779,0.046376,0.1953830488773418,0.6707567864473282,1,ok,1,0,0.143963,0.11097,0.388624,0.818652,0.613989,part2a21_alpha_positions.csv,part2a21_alpha_eligibility.csv,artifacts_part2_g532/predictions/g532_final_consensus_tape.csv
2021-06-25,-1.0,-4.9e-05,1,1,0.046376,0,0.511623,0,VOO,0.046376,0.046376,0.0,0.0,-4.9e-05,-0.001047,0.046376,0.1862349877750068,0.8183969480520092,1,ok,1,0,0.115063,0.093044,0.354923,0.844672,0.811474,part2a21_alpha_positions.csv,part2a21_alpha_eligibility.csv,artifacts_part2_g532/predictions/g532_final_consensus_tape.csv
2021-06-28,-1.0,-2.2e-05,1,1,0.062985,0,0.503295,0,VOO,0.062985,0.062985,0.016608,1.7e-05,-5e-06,-8e-05,0.062985,0.1954065946401668,0.6821486566520355,1,ok,1,0,0.125041,0.104698,0.376831,0.831721,0.795352,part2a21_alpha_positions.csv,part2a21_alpha_eligibility.csv,artifacts_part2_g532/predictions/g532_final_consensus_tape.csv
2021-06-29,-1.0,-4.1e-05,1,1,0.062985,0,0.388452,0,VOO,0.062985,0.062985,0.0,0.0,-4.1e-05,-0.000645,0.062985,0.2023594674882338,0.6136878157496688,1,ok,1,0,0.146361,0.112268,0.391063,0.816631,0.612474,part2a21_alpha_positions.csv,part2a21_alpha_eligibility.csv,artifacts_part2_g532/predictions/g532_final_consensus_tape.csv
2021-06-30,1.0,0.0004,1,1,0.062985,0,0.507648,0,VOO,0.062985,0.062985,0.0,0.0,0.0004,0.006345,0.062985,0.2099750409754839,0.5323925559903674,1,ok,1,0,0.123892,0.099203,0.366502,0.836227,0.800871,part2a21_alpha_positions.csv,part2a21_alpha_eligibility.csv,artifacts_part2_g532/predictions/g532_final_consensus_tape.csv
2021-07-01,1.0,0.000248,1,1,0.062985,0,0.505814,0,VOO,0.062985,0.062985,0.0,0.0,0.000248,0.003942,0.062985,0.1992254050103601,0.6787058668632425,1,ok,1,0,0.130824,0.098621,0.365407,0.83353,0.797357,part2a21_alpha_positions.csv,part2a21_alpha_eligibility.csv,artifacts_part2_g532/predictions/g532_final_consensus_tape.csv
2021-07-02,0.0,0.0,1,1,0.062985,0,0.610821,0,VOO,0.062985,0.062985,0.0,0.0,0.0,0.0,0.062985,0.2107341551888192,0.5433534516194328,1,ok,1,0,0.102569,0.093697,0.35615,0.84982,0.818206,part2a21_alpha_positions.csv,part2a21_alpha_eligibility.csv,artifacts_part2_g532/predictions/g532_final_consensus_tape.csv
2021-07-05,-1.0,-0.000633,1,1,0.08555,0,0.687832,0,VOO,0.08555,0.08555,0.022565,2.3e-05,-0.000611,-0.007139,0.08555,0.2170684772296413,0.4681492285641033,1,ok,1,0,0.110424,0.090701,0.350518,0.848461,0.816271,part2a21_alpha_positions.csv,part2a21_alpha_eligibility.csv,artifacts_part2_g532/predictions/g532_final_consensus_tape.csv
2021-07-06,1.0,4.4e-05,1,1,0.08555,0,0.470976,0,VOO,0.08555,0.08555,0.0,0.0,4.4e-05,0.000519,0.08555,0.2136913997800101,0.5060215959272267,1,ok,1,0,0.162502,0.132285,0.428696,0.794835,0.596126,part2a21_alpha_positions.csv,part2a21_alpha_eligibility.csv,artifacts_part2_g532/predictions/g532_final_consensus_tape.csv
2021-07-07,-1.0,-0.000904,1,1,0.08555,0,0.470566,0,VOO,0.08555,0.08555,0.0,0.0,-0.000904,-0.010562,0.08555,0.2289011239485857,0.3328728618765121,1,ok,1,0,0.16189,0.133235,0.430481,0.794421,0.595816,part2a21_alpha_positions.csv,part2a21_alpha_eligibility.csv,artifacts_part2_g532/predictions/g532_final_consensus_tape.csv
2021-07-08,1.0,0.00133,1,1,0.08555,0,0.24855,0,VOO,0.08555,0.08555,0.0,0.0,0.00133,0.015551,0.08555,0.2314663352730303,0.3117523551384505,1,ok,1,0,0.207768,0.182283,0.522692,0.738167,0.332175,part2a21_alpha_positions.csv,part2a21_alpha_eligibility.csv,artifacts_part2_g532/predictions/g532_final_consensus_tape.csv
2021-07-09,1.0,0.000353,1,1,0.08555,0,0.414887,0,VOO,0.08555,0.08555,0.0,0.0,0.000353,0.00413,0.08555,0.2147514863290783,0.4995799613304577,1,ok,1,0,0.150875,0.127502,0.419704,0.803539,0.602655,part2a21_alpha_positions.csv,part2a21_alpha_eligibility.csv,artifacts_part2_g532/predictions/g532_final_consensus_tape.csv
2021-07-12,-1.0,-5.1e-05,1,1,0.048416,0,0.414633,0,VOO,0.048416,0.048416,0.037134,3.7e-05,-1.4e-05,-0.000291,0.048416,0.2089807296777844,0.5721520543505308,1,ok,1,0,0.148635,0.127256,0.419242,0.804726,0.603545,part2a21_alpha_positions.csv,part2a21_alpha_eligibility.csv,artifacts_part2_g532/predictions/g532_final_consensus_tape.csv
2021-07-13,-1.0,-0.000142,1,1,0.048416,0,0.403416,0,VOO,0.048416,0.048416,0.0,0.0,-0.000142,-0.002929,0.048416,0.2193275045594156,0.4417281617054471,1,ok,1,0,0.171827,0.142655,0.44819,0.783111,0.587333,part2a21_alpha_positions.csv,part2a21_alpha_eligibility.csv,artifacts_part2_g532/predictions/g532_final_consensus_tape.csv
2021-07-14,-1.0,-0.000359,1,1,0.048416,0,0.405796,0,VOO,0.048416,0.048416,0.0,0.0,-0.000359,-0.007419,0.048416,0.2074976418564353,0.5925591906543272,1,ok,1,0,0.150144,0.144983,0.452569,0.791177,0.593383,part2a21_alpha_positions.csv,part2a21_alpha_eligibility.csv,artifacts_part2_g532/predictions/g532_final_consensus_tape.csv
2021-07-15,-1.0,-0.00037,1,1,0.048416,0,0.406474,0,VOO,0.048416,0.048416,0.0,0.0,-0.00037,-0.00764,0.048416,0.2036587264112939,0.6262356025105589,1,ok,1,0,0.153345,0.13325,0.430509,0.798255,0.598692,part2a21_alpha_positions.csv,part2a21_alpha_eligibility.csv,artifacts_part2_g532/predictions/g532_final_consensus_tape.csv
2021-07-16,-1.0,-0.001142,1,1,0.048416,0,0.381123,0,VOO,0.048416,0.048416,0.0,0.0,-0.001142,-0.023578,0.048416,0.2102130795424461,0.5421354190767228,1,ok,1,0,0.180857,0.178305,0.515214,0.753165,0.564874,part2a21_alpha_positions.csv,part2a21_alpha_eligibility.csv,artifacts_part2_g532/predictions/g532_final_consensus_tape.csv
2021-07-19,1.0,0.000307,1,1,0.021777,0,0.190299,0,VOO,0.021777,0.021777,0.026639,2.7e-05,0.000333,0.015303,0.021777,0.2013936987740375,0.6717547978407844,1,ok,1,1,0.2553,0.208131,0.571287,0.698012,0.314105,part2a21_alpha_positions.csv,part2a21_alpha_eligibility.csv,artifacts_part2_g532/predictions/g532_final_consensus_tape.csv
2021-07-20,1.0,0.000308,1,1,0.021777,0,0.328871,0,VOO,0.021777,0.021777,0.0,0.0,0.000308,0.014158,0.021777,0.207020678750609,0.5736488765405409,1,ok,1,0,0.171707,0.164649,0.489539,0.767197,0.575398,part2a21_alpha_positions.csv,part2a21_alpha_eligibility.csv,artifacts_part2_g532/predictions/g532_final_consensus_tape.csv
2021-07-21,-1.0,-4e-06,1,1,0.021777,0,0.327317,0,VOO,0.021777,0.021777,0.0,0.0,-4e-06,-0.000177,0.021777,0.2005278422236972,0.6216959513552502,1,ok,1,0,0.160858,0.137164,0.437868,0.792033,0.594025,part2a21_alpha_positions.csv,part2a21_alpha_eligibility.csv,artifacts_part2_g532/predictions/g532_final_consensus_tape.csv
2021-07-22,1.0,0.00025,1,1,0.021777,0,0.330962,0,VOO,0.021777,0.021777,0.0,0.0,0.00025,0.011475,0.021777,0.1930740228129202,0.7171593909549934,1,ok,1,0,0.16258,0.143638,0.450039,0.786558,0.589919,part2a21_alpha_positions.csv,part2a21_alpha_eligibility.csv,artifacts_part2_g532/predictions/g532_final_consensus_tape.csv
2021-07-23,1.0,7e-05,1,1,0.021777,0,0.345641,0,VOO,0.021777,0.021777,0.0,0.0,7e-05,0.003227,0.021777,0.2012335416816946,0.6315830974980421,1,ok,1,0,0.140156,0.129141,0.422786,0.807173,0.60538,part2a21_alpha_positions.csv,part2a21_alpha_eligibility.csv,artifacts_part2_g532/predictions/g532_final_consensus_tape.csv
2021-07-26,-1.0,-0.000298,1,1,0.032896,0,0.344969,0,VOO,0.032896,0.032896,0.01112,1.1e-05,-0.000286,-0.008709,0.032896,0.1927039390450176,0.7254371248421414,1,ok,1,0,0.139035,0.133166,0.430352,0.804756,0.603567,part2a21_alpha_positions.csv,part2a21_alpha_eligibility.csv,artifacts_part2_g532/predictions/g532_final_consensus_tape.csv
2021-07-27,-1.0,-4.6e-05,1,1,0.032896,0,0.335325,0,VOO,0.032896,0.032896,0.0,0.0,-4.6e-05,-0.001395,0.032896,0.1973961389911199,0.6909352655286347,1,ok,1,0,0.156147,0.14044,0.444026,0.791775,0.593831,part2a21_alpha_positions.csv,part2a21_alpha_eligibility.csv,artifacts_part2_g532/predictions/g532_final_consensus_tape.csv
2021-07-28,1.0,0.000242,1,1,0.032896,0,0.340524,0,VOO,0.032896,0.032896,0.0,0.0,0.000242,0.007366,0.032896,0.2017115918480508,0.6221172639813694,1,ok,1,0,0.144928,0.131383,0.427,0.803398,0.602549,part2a21_alpha_positions.csv,part2a21_alpha_eligibility.csv,artifacts_part2_g532/predictions/g532_final_consensus_tape.csv
2021-07-29,-1.0,-0.000254,1,1,0.032896,0,0.351449,0,VOO,0.032896,0.032896,0.0,0.0,-0.000254,-0.007707,0.032896,0.1995829583780179,0.6322237290572494,1,ok,1,0,0.120565,0.112595,0.391679,0.828002,0.621001,part2a21_alpha_positions.csv,part2a21_alpha_eligibility.csv,artifacts_part2_g532/predictions/g532_final_consensus_tape.csv
2021-07-30,-1.0,-0.000211,1,1,0.032896,0,0.334158,0,VOO,0.032896,0.032896,0.0,0.0,-0.000211,-0.006413,0.032896,0.1949095622497764,0.6827107487078714,1,ok,1,0,0.161405,0.143186,0.44919,0.787415,0.590561,part2a21_alpha_positions.csv,part2a21_alpha_eligibility.csv,artifacts_part2_g532/predictions/g532_final_consensus_tape.csv
2021-08-02,1.0,0.000298,1,1,0.039005,0,0.366925,0,VOO,0.039005,0.039005,0.006109,6e-06,0.000304,0.007792,0.039005,0.2082965578119275,0.5446408130744046,1,ok,1,0,0.162385,0.166416,0.492862,0.770109,0.577582,part2a21_alpha_positions.csv,part2a21_alpha_eligibility.csv,artifacts_part2_g532/predictions/g532_final_consensus_tape.csv
2021-08-03,-1.0,-0.000177,1,1,0.039005,0,0.403122,0,VOO,0.039005,0.039005,0.0,0.0,-0.000177,-0.004541,0.039005,0.195315882469902,0.7034860041270167,1,ok,1,0,0.132753,0.122183,0.409704,0.815556,0.611667,part2a21_alpha_positions.csv,part2a21_alpha_eligibility.csv,artifacts_part2_g532/predictions/g532_final_consensus_tape.csv
2021-08-04,1.0,0.000385,1,1,0.039005,0,0.418164,0,VOO,0.039005,0.039005,0.0,0.0,0.000385,0.00987,0.039005,0.2013306725231086,0.6225176914362188,1,ok,1,0,0.138188,0.127107,0.418961,0.809536,0.607152,part2a21_alpha_positions.csv,part2a21_alpha_eligibility.csv,artifacts_part2_g532/predictions/g532_final_consensus_tape.csv
2021-08-05,1.0,0.000296,1,1,0.039005,0,0.40624,0,VOO,0.039005,0.039005,0.0,0.0,0.000296,0.0076,0.039005,0.1957597181768406,0.6904085044630225,1,ok,1,0,0.13629,0.129838,0.424095,0.808407,0.606305,part2a21_alpha_positions.csv,part2a21_alpha_eligibility.csv,artifacts_part2_g532/predictions/g532_final_consensus_tape.csv
2021-08-06,1.0,4.6e-05,1,1,0.039005,0,0.554958,0,VOO,0.039005,0.039005,0.0,0.0,4.6e-05,0.00118,0.039005,0.1994643869218247,0.6205737175733352,1,ok,1,0,0.11016,0.097011,0.362381,0.843998,0.810816,part2a21_alpha_positions.csv,part2a21_alpha_eligibility.csv,artifacts_part2_g532/predictions/g532_final_consensus_tape.csv
2021-08-09,1.0,0.000133,1,1,0.043879,0,0.421243,0,VOO,0.043879,0.043879,0.004874,5e-06,0.000138,0.003139,0.043879,0.193240786703017,0.710756634695911,1,ok,1,0,0.12976,0.119551,0.404756,0.818814,0.614111,part2a21_alpha_positions.csv,part2a21_alpha_eligibility.csv,artifacts_part2_g532/predictions/g532_final_consensus_tape.csv
2021-08-10,1.0,5.7e-05,1,1,0.043879,0,0.439123,0,VOO,0.043879,0.043879,0.0,0.0,5.7e-05,0.00129,0.043879,0.2067904685499574,0.5515022272337644,1,ok,1,0,0.116896,0.117924,0.401697,0.825784,0.619338,part2a21_alpha_positions.csv,part2a21_alpha_eligibility.csv,artifacts_part2_g532/predictions/g532_final_consensus_tape.csv
2021-08-11,1.0,0.000173,1,1,0.043879,0,0.434441,0,VOO,0.043879,0.043879,0.0,0.0,0.000173,0.003942,0.043879,0.2023564511598977,0.5097246497421489,1,ok,1,0,0.130246,0.126193,0.417242,0.813774,0.61033,part2a21_alpha_positions.csv,part2a21_alpha_eligibility.csv,artifacts_part2_g532/predictions/g532_final_consensus_tape.csv
2021-08-12,-1.0,-0.000165,1,1,0.043879,0,0.583302,0,VOO,0.043879,0.043879,0.0,0.0,-0.000165,-0.003754,0.043879,0.2027585917751064,0.5479656898148858,1,ok,1,0,0.116804,0.092716,0.354305,0.844127,0.810749,part2a21_alpha_positions.csv,part2a21_alpha_eligibility.csv,artifacts_part2_g532/predictions/g532_final_consensus_tape.csv
2021-08-13,1.0,8e-06,1,1,0.043879,0,0.587049,0,VOO,0.043879,0.043879,0.0,0.0,8e-06,0.000173,0.043879,0.2036672950795245,0.5526624613148494,1,ok,1,0,0.126017,0.104598,0.376644,0.831354,0.794874,part2a21_alpha_positions.csv,part2a21_alpha_eligibility.csv,artifacts_part2_g532/predictions/g532_final_consensus_tape.csv
2021-08-16,-1.0,-0.000365,1,1,0.057473,0,0.628102,0,VOO,0.057473,0.057473,0.013594,1.4e-05,-0.000351,-0.006106,0.057473,0.2117846720391534,0.5600537705589558,1,ok,1,0,0.099456,0.094,0.356721,0.851,0.819761,part2a21_alpha_positions.csv,part2a21_alpha_eligibility.csv,artifacts_part2_g532/predictions/g532_final_consensus_tape.csv
2021-08-17,-1.0,-0.000592,1,1,0.057473,0,0.459963,0,VOO,0.057473,0.057473,0.0,0.0,-0.000592,-0.010301,0.057473,0.2239627049106675,0.6838349599405414,1,ok,1,0,0.134781,0.122956,0.411157,0.814083,0.610562,part2a21_alpha_positions.csv,part2a21_alpha_eligibility.csv,artifacts_part2_g532/predictions/g532_final_consensus_tape.csv
2021-08-18,-1.0,-4.6e-05,1,1,0.057473,0,0.402987,0,VOO,0.057473,0.057473,0.0,0.0,-4.6e-05,-0.000802,0.057473,0.233028806519872,0.6680496085843327,1,ok,1,0,0.185885,0.185269,0.528305,0.745847,0.559385,part2a21_alpha_positions.csv,part2a21_alpha_eligibility.csv,artifacts_part2_g532/predictions/g532_final_consensus_tape.csv
2021-08-19,1.0,0.000507,1,1,0.057473,0,0.245933,0,VOO,0.057473,0.057473,0.0,0.0,0.000507,0.008816,0.057473,0.2369451340402075,0.715098519379371,1,ok,1,1,0.204163,0.200096,0.55618,0.726857,0.327086,part2a21_alpha_positions.csv,part2a21_alpha_eligibility.csv,artifacts_part2_g532/predictions/g532_final_consensus_tape.csv
2021-08-20,1.0,0.000492,1,1,0.057473,0,0.41872,0,VOO,0.057473,0.057473,0.0,0.0,0.000492,0.008563,0.057473,0.2254790018464497,0.6127523368546725,1,ok,1,0,0.193479,0.17456,0.508173,0.750204,0.562653,part2a21_alpha_positions.csv,part2a21_alpha_eligibility.csv,artifacts_part2_g532/predictions/g532_final_consensus_tape.csv
2021-08-23,1.0,0.000155,1,1,0.040136,0,0.581825,0,VOO,0.040136,0.040136,0.017337,1.7e-05,0.000173,0.004305,0.040136,0.2155609028758316,0.6046927082733388,1,ok,1,0,0.11364,0.099224,0.366541,0.840826,0.806823,part2a21_alpha_positions.csv,part2a21_alpha_eligibility.csv,artifacts_part2_g532/predictions/g532_final_consensus_tape.csv
2021-08-24,1.0,0.000232,1,1,0.040136,0,0.599505,0,VOO,0.040136,0.040136,0.0,0.0,0.000232,0.005775,0.040136,0.2070710606045495,0.5618235655054645,1,ok,1,0,0.093996,0.081791,0.333767,0.862322,0.83389,part2a21_alpha_positions.csv,part2a21_alpha_eligibility.csv,artifacts_part2_g532/predictions/g532_final_consensus_tape.csv
2021-08-25,-1.0,-0.000235,1,1,0.040136,0,0.604182,0,VOO,0.040136,0.040136,0.0,0.0,-0.000235,-0.005858,0.040136,0.2015105016430183,0.5548459327437627,1,ok,1,0,0.083995,0.071996,0.315352,0.873933,0.848623,part2a21_alpha_positions.csv,part2a21_alpha_eligibility.csv,artifacts_part2_g532/predictions/g532_final_consensus_tape.csv
2021-08-26,1.0,0.000224,1,1,0.040136,0,0.569161,0,VOO,0.040136,0.040136,0.0,0.0,0.000224,0.005585,0.040136,0.208308176536749,0.6050265207080867,1,ok,1,0,0.099795,0.106226,0.379706,0.841972,0.808691,part2a21_alpha_positions.csv,part2a21_alpha_eligibility.csv,artifacts_part2_g532/predictions/g532_final_consensus_tape.csv
2021-08-27,1.0,0.000105,1,1,0.040136,0,0.578077,0,VOO,0.040136,0.040136,0.0,0.0,0.000105,0.002619,0.040136,0.1981260952028596,0.5146196051625087,1,ok,1,0,0.101067,0.08879,0.346925,0.854058,0.823463,part2a21_alpha_positions.csv,part2a21_alpha_eligibility.csv,artifacts_part2_g532/predictions/g532_final_consensus_tape.csv
2021-08-30,1.0,-9e-06,1,1,0.058411,0,0.570733,0,VOO,0.058411,0.058411,0.018275,1.8e-05,1e-05,0.000167,0.058411,0.2071053758503317,0.5552480126505621,1,ok,1,0,0.103769,0.098329,0.364858,0.845917,0.813382,part2a21_alpha_positions.csv,part2a21_alpha_eligibility.csv,artifacts_part2_g532/predictions/g532_final_consensus_tape.csv
2021-08-31,1.0,3.7e-05,1,1,0.058411,0,0.599973,0,VOO,0.058411,0.058411,0.0,0.0,3.7e-05,0.000632,0.058411,0.2058288918722783,0.5735654995645333,1,ok,1,0,0.095634,0.077967,0.326578,0.864361,0.836352,part2a21_alpha_positions.csv,part2a21_alpha_eligibility.csv,artifacts_part2_g532/predictions/g532_final_consensus_tape.csv
2021-09-01,1.0,0.000104,1,1,0.058411,0,0.655155,0,VOO,0.058411,0.058411,0.0,0.0,0.000104,0.001786,0.058411,0.2126697783669419,0.6022188712063091,1,ok,1,0,0.087279,0.073783,0.318712,0.871158,0.845062,part2a21_alpha_positions.csv,part2a21_alpha_eligibility.csv,artifacts_part2_g532/predictions/g532_final_consensus_tape.csv
2021-09-02,1.0,0.000117,1,1,0.058411,0,0.659061,0,VOO,0.058411,0.058411,0.0,0.0,0.000117,0.002006,0.058411,0.2086493132349064,0.5884680312759857,1,ok,1,0,0.084676,0.077708,0.32609,0.86948,0.843072,part2a21_alpha_positions.csv,part2a21_alpha_eligibility.csv,artifacts_part2_g532/predictions/g532_final_consensus_tape.csv
2021-09-03,0.0,0.0,1,1,0.058411,0,0.675361,0,VOO,0.058411,0.058411,0.0,0.0,0.0,0.0,0.058411,0.2129110924667213,0.5741446106970461,1,ok,1,0,0.086101,0.075334,0.321627,0.870562,0.844364,part2a21_alpha_positions.csv,part2a21_alpha_eligibility.csv,artifacts_part2_g532/predictions/g532_final_consensus_tape.csv
2021-09-06,1.0,-4e-06,1,1,0.081925,0,0.691667,0,VOO,0.081925,0.081925,0.023514,2.4e-05,1.9e-05,0.000236,0.081925,0.2149343506683043,0.605848987188058,1,ok,1,0,0.087875,0.078795,0.328135,0.867251,0.840198,part2a21_alpha_positions.csv,part2a21_alpha_eligibility.csv,artifacts_part2_g532/predictions/g532_final_consensus_tape.csv
2021-09-07,-1.0,-0.000304,1,1,0.081925,0,0.660438,0,VOO,0.081925,0.081925,0.0,0.0,-0.000304,-0.003707,0.081925,0.2241222120331905,0.617654814793802,1,ok,1,0,0.121955,0.103878,0.375292,0.833705,0.797866,part2a21_alpha_positions.csv,part2a21_alpha_eligibility.csv,artifacts_part2_g532/predictions/g532_final_consensus_tape.csv
2021-09-08,-1.0,-0.000599,1,1,0.081925,0,0.490792,0,VOO,0.081925,0.081925,0.0,0.0,-0.000599,-0.007316,0.081925,0.2200646657282641,0.6162111134877931,1,ok,1,0,0.165134,0.140513,0.444164,0.787677,0.590758,part2a21_alpha_positions.csv,part2a21_alpha_eligibility.csv,artifacts_part2_g532/predictions/g532_final_consensus_tape.csv
2021-09-09,-1.0,-0.000377,1,1,0.081925,0,0.462119,0,VOO,0.081925,0.081925,0.0,0.0,-0.000377,-0.004596,0.081925,0.2255655023104964,0.6441117890138227,1,ok,1,0,0.191753,0.169641,0.498925,0.754552,0.565914,part2a21_alpha_positions.csv,part2a21_alpha_eligibility.csv,artifacts_part2_g532/predictions/g532_final_consensus_tape.csv
2021-09-10,1.0,9.4e-05,1,1,0.081925,0,0.266422,0,VOO,0.081925,0.081925,0.0,0.0,9.4e-05,0.001144,0.081925,0.2256564599216526,0.6915112216731217,1,ok,1,1,0.214049,0.210307,0.575377,0.714995,0.321748,part2a21_alpha_positions.csv,part2a21_alpha_eligibility.csv,artifacts_part2_g532/predictions/g532_final_consensus_tape.csv
2021-09-13,-1.0,-0.000556,1,1,0.059554,0,0.463643,0,VOO,0.059554,0.059554,0.022371,2.2e-05,-0.000533,-0.008957,0.059554,0.2229988738294651,0.6676111602970177,1,ok,1,0,0.199795,0.18334,0.524678,0.740988,0.555741,part2a21_alpha_positions.csv,part2a21_alpha_eligibility.csv,artifacts_part2_g532/predictions/g532_final_consensus_tape.csv
2021-09-14,1.0,0.000597,1,1,0.059554,0,0.498457,0,VOO,0.059554,0.059554,0.0,0.0,0.000597,0.01002,0.059554,0.2222111299836636,0.6816434776217276,1,ok,1,0,0.115298,0.109742,0.386316,0.832443,0.624332,part2a21_alpha_positions.csv,part2a21_alpha_eligibility.csv,artifacts_part2_g532/predictions/g532_final_consensus_tape.csv
2021-09-15,1.0,8.6e-05,1,1,0.059554,0,0.594502,0,VOO,0.059554,0.059554,0.0,0.0,8.6e-05,0.001436,0.059554,0.2124694141440408,0.5916738491493966,1,ok,1,0,0.119443,0.102215,0.372165,0.836042,0.800795,part2a21_alpha_positions.csv,part2a21_alpha_eligibility.csv,artifacts_part2_g532/predictions/g532_final_consensus_tape.csv
2021-09-16,-1.0,-0.000413,1,1,0.059554,0,0.595281,0,VOO,0.059554,0.059554,0.0,0.0,-0.000413,-0.006936,0.059554,0.2096710363425394,0.6114084361975518,1,ok,1,0,0.114757,0.104892,0.377197,0.836208,0.801154,part2a21_alpha_positions.csv,part2a21_alpha_eligibility.csv,artifacts_part2_g532/predictions/g532_final_consensus_tape.csv
2021-09-17,-1.0,-0.001282,1,1,0.059554,0,0.44662,0,VOO,0.059554,0.059554,0.0,0.0,-0.001282,-0.021523,0.059554,0.2141942441719102,0.5999697489116279,1,ok,1,0,0.134704,0.130662,0.425644,0.808523,0.606392,part2a21_alpha_positions.csv,part2a21_alpha_eligibility.csv,artifacts_part2_g532/predictions/g532_final_consensus_tape.csv
2021-09-20,-1.0,-4.1e-05,1,1,0.030104,0,0.211874,0,VOO,0.030104,0.030104,0.02945,2.9e-05,-1.1e-05,-0.000376,0.030104,0.2244495255770918,0.6813188398163139,1,ok,1,1,0.204505,0.210139,0.575062,0.719411,0.323735,part2a21_alpha_positions.csv,part2a21_alpha_eligibility.csv,artifacts_part2_g532/predictions/g532_final_consensus_tape.csv
2021-09-21,1.0,0.000261,1,1,0.030104,0,0.201882,0,VOO,0.030104,0.030104,0.0,0.0,0.000261,0.008663,0.030104,0.2275976828995418,0.6350505147649073,1,ok,1,1,0.28296,0.209523,0.573903,0.684554,0.308049,part2a21_alpha_positions.csv,part2a21_alpha_eligibility.csv,artifacts_part2_g532/predictions/g532_final_consensus_tape.csv
2021-09-22,1.0,0.000635,1,1,0.030104,0,0.353563,0,VOO,0.030104,0.030104,0.0,0.0,0.000635,0.021101,0.030104,0.2217764526059161,0.6052592392291424,1,ok,1,0,0.188576,0.181643,0.521489,0.747268,0.560451,part2a21_alpha_positions.csv,part2a21_alpha_eligibility.csv,artifacts_part2_g532/predictions/g532_final_consensus_tape.csv
2021-09-23,1.0,0.000141,1,1,0.030104,0,0.340042,0,VOO,0.030104,0.030104,0.0,0.0,0.000141,0.004683,0.030104,0.2003662444353636,0.581202778611229,1,ok,1,0,0.158416,0.140242,0.443655,0.790897,0.593173,part2a21_alpha_positions.csv,part2a21_alpha_eligibility.csv,artifacts_part2_g532/predictions/g532_final_consensus_tape.csv
2021-09-24,-1.0,-5e-06,1,1,0.030104,0,0.347574,0,VOO,0.030104,0.030104,0.0,0.0,-5e-06,-0.000155,0.030104,0.1955617821321655,0.584794026600568,1,ok,1,0,0.136688,0.131072,0.426415,0.807332,0.605499,part2a21_alpha_positions.csv,part2a21_alpha_eligibility.csv,artifacts_part2_g532/predictions/g532_final_consensus_tape.csv
2021-09-27,-1.0,-0.000697,1,1,0.041862,0,0.342978,0,VOO,0.041862,0.041862,0.011758,1.2e-05,-0.000685,-0.016367,0.041862,0.1984448618061883,0.5663740798046181,1,ok,1,0,0.139817,0.143658,0.450076,0.796787,0.59759,part2a21_alpha_positions.csv,part2a21_alpha_eligibility.csv,artifacts_part2_g532/predictions/g532_final_consensus_tape.csv
2021-09-28,1.0,2.2e-05,1,1,0.041862,0,0.313439,0,VOO,0.041862,0.041862,0.0,0.0,2.2e-05,0.00053,0.041862,0.2072629220844438,0.5674353468093074,1,ok,1,0,0.170129,0.186935,0.531437,0.751727,0.563795,part2a21_alpha_positions.csv,part2a21_alpha_eligibility.csv,artifacts_part2_g532/predictions/g532_final_consensus_tape.csv
2021-09-29,-1.0,-0.000585,1,1,0.041862,0,0.321291,0,VOO,0.041862,0.041862,0.0,0.0,-0.000585,-0.013964,0.041862,0.2119008901576688,0.5655032445648147,1,ok,1,0,0.162343,0.18406,0.526033,0.757318,0.567989,part2a21_alpha_positions.csv,part2a21_alpha_eligibility.csv,artifacts_part2_g532/predictions/g532_final_consensus_tape.csv
2021-09-30,1.0,0.000327,1,1,0.041862,0,0.171094,0,VOO,0.041862,0.041862,0.0,0.0,0.000327,0.007823,0.041862,0.2138509659807143,0.5504150156185493,1,ok,1,1,0.213308,0.27545,0.600735,0.687457,0.309355,part2a21_alpha_positions.csv,part2a21_alpha_eligibility.csv,artifacts_part2_g532/predictions/g532_final_consensus_tape.csv
2021-10-01,-1.0,-0.000467,1,1,0.041862,0,0.165352,0,VOO,0.041862,0.041862,0.0,0.0,-0.000467,-0.011167,0.041862,0.2152826969079751,0.5885510180374762,1,ok,1,1,0.226671,0.300827,0.609793,0.67075,0.301838,part2a21_alpha_positions.csv,part2a21_alpha_eligibility.csv,artifacts_part2_g532/predictions/g532_final_consensus_tape.csv
2021-10-04,1.0,0.000252,1,1,0.021294,0,0.170523,0,VOO,0.021294,0.021294,0.020567,2.1e-05,0.000272,0.012792,0.021294,0.223818599426031,0.6131504174225176,1,ok,1,1,0.22859,0.334369,0.6216,0.655785,0.295103,part2a21_alpha_positions.csv,part2a21_alpha_eligibility.csv,artifacts_part2_g532/predictions/g532_final_consensus_tape.csv
2021-10-05,1.0,8.9e-05,1,1,0.021294,0,0.333471,0,VOO,0.021294,0.021294,0.0,0.0,8.9e-05,0.004176,0.021294,0.2149584660908509,0.5743834028247246,1,ok,1,0,0.141297,0.154084,0.469679,0.788551,0.591413,part2a21_alpha_positions.csv,part2a21_alpha_eligibility.csv,artifacts_part2_g532/predictions/g532_final_consensus_tape.csv
2021-10-06,1.0,0.000268,1,1,0.021294,0,0.340452,0,VOO,0.021294,0.021294,0.0,0.0,0.000268,0.01257,0.021294,0.2332180730968954,0.6594934320532829,1,ok,1,0,0.137351,0.142402,0.447715,0.798809,0.599106,part2a21_alpha_positions.csv,part2a21_alpha_eligibility.csv,artifacts_part2_g532/predictions/g532_final_consensus_tape.csv
2021-10-07,1.0,6e-06,1,1,0.021294,0,0.36538,0,VOO,0.021294,0.021294,0.0,0.0,6e-06,0.000296,0.021294,0.2064800620994672,0.4991081743713404,1,ok,1,0,0.131311,0.124015,0.413149,0.814875,0.611156,part2a21_alpha_positions.csv,part2a21_alpha_eligibility.csv,artifacts_part2_g532/predictions/g532_final_consensus_tape.csv
2021-10-08,-1.0,-0.000103,1,1,0.021294,0,0.3706,0,VOO,0.021294,0.021294,0.0,0.0,-0.000103,-0.004856,0.021294,0.2071191186074972,0.5000554527687687,1,ok,1,0,0.113975,0.123957,0.41304,0.822718,0.617039,part2a21_alpha_positions.csv,part2a21_alpha_eligibility.csv,artifacts_part2_g532/predictions/g532_final_consensus_tape.csv
2021-10-11,-1.0,-0.000286,1,1,0.04075,0,0.368273,0,VOO,0.04075,0.04075,0.019456,1.9e-05,-0.000267,-0.006549,0.04075,0.2121225890999373,0.5405194945924422,1,ok,1,0,0.116981,0.125108,0.415202,0.82053,0.615398,part2a21_alpha_positions.csv,part2a21_alpha_eligibility.csv,artifacts_part2_g532/predictions/g532_final_consensus_tape.csv
2021-10-12,1.0,5.2e-05,1,1,0.04075,0,0.392642,0,VOO,0.04075,0.04075,0.0,0.0,5.2e-05,0.001288,0.04075,0.2077342061766841,0.5097475822929974,1,ok,1,0,0.106993,0.112354,0.391225,0.834284,0.625713,part2a21_alpha_positions.csv,part2a21_alpha_eligibility.csv,artifacts_part2_g532/predictions/g532_final_consensus_tape.csv
2021-10-13,1.0,0.000583,1,1,0.04075,0,0.508279,0,VOO,0.04075,0.04075,0.0,0.0,0.000583,0.014311,0.04075,0.2047113819331543,0.4864917071359789,1,ok,1,0,0.105949,0.100479,0.368901,0.843375,0.810197,part2a21_alpha_positions.csv,part2a21_alpha_eligibility.csv,artifacts_part2_g532/predictions/g532_final_consensus_tape.csv
2021-10-14,1.0,0.000519,1,1,0.04075,0,0.536005,0,VOO,0.04075,0.04075,0.0,0.0,0.000519,0.012725,0.04075,0.2000041458208834,0.4485079497055118,1,ok,1,0,0.087827,0.082398,0.334907,0.864657,0.83699,part2a21_alpha_positions.csv,part2a21_alpha_eligibility.csv,artifacts_part2_g532/predictions/g532_final_consensus_tape.csv
2021-10-15,1.0,0.000181,1,1,0.04075,0,0.522996,0,VOO,0.04075,0.04075,0.0,0.0,0.000181,0.004442,0.04075,0.1960393497086114,0.4213777690496822,1,ok,1,0,0.094909,0.08488,0.339575,0.859668,0.830583,part2a21_alpha_positions.csv,part2a21_alpha_eligibility.csv,artifacts_part2_g532/predictions/g532_final_consensus_tape.csv
2021-10-18,1.0,0.00055,1,1,0.049215,0,0.549169,0,VOO,0.049215,0.049215,0.008465,8e-06,0.000558,0.011342,0.049215,0.1982626073434262,0.4416757299451625,1,ok,1,0,0.107236,0.09177,0.352528,0.849119,0.817187,part2a21_alpha_positions.csv,part2a21_alpha_eligibility.csv,artifacts_part2_g532/predictions/g532_final_consensus_tape.csv
2021-10-19,1.0,0.000212,1,1,0.049215,0,0.56866,0,VOO,0.049215,0.049215,0.0,0.0,0.000212,0.004317,0.049215,0.1956813454991048,0.4225051553111621,1,ok,1,0,0.088766,0.077511,0.325721,0.867782,0.840825,part2a21_alpha_positions.csv,part2a21_alpha_eligibility.csv,artifacts_part2_g532/predictions/g532_final_consensus_tape.csv
2021-10-20,1.0,0.00025,1,1,0.049215,0,0.541151,0,VOO,0.049215,0.049215,0.0,0.0,0.00025,0.005085,0.049215,0.1890979437524592,0.369908579235515,1,ok,1,0,0.116889,0.104684,0.376806,0.835399,0.800098,part2a21_alpha_positions.csv,part2a21_alpha_eligibility.csv,artifacts_part2_g532/predictions/g532_final_consensus_tape.csv
2021-10-21,-1.0,-0.000175,1,1,0.049215,0,0.567555,0,VOO,0.049215,0.049215,0.0,0.0,-0.000175,-0.003556,0.049215,0.1886528509885988,0.3665571125350531,1,ok,1,0,0.104114,0.088617,0.346599,0.852813,0.821828,part2a21_alpha_positions.csv,part2a21_alpha_eligibility.csv,artifacts_part2_g532/predictions/g532_final_consensus_tape.csv
2021-10-22,1.0,0.000194,1,1,0.049215,0,0.558912,0,VOO,0.049215,0.049215,0.0,0.0,0.000194,0.003944,0.049215,0.1886355327783987,0.3681540926941302,1,ok,1,0,0.1003,0.091775,0.352537,0.852236,0.82125,part2a21_alpha_positions.csv,part2a21_alpha_eligibility.csv,artifacts_part2_g532/predictions/g532_final_consensus_tape.csv
2021-10-25,-1.0,-3e-05,1,1,0.062644,0,0.576406,0,VOO,0.062644,0.062644,0.013429,1.3e-05,-1.7e-05,-0.000271,0.062644,0.1894704421815975,0.3774060091241509,1,ok,1,0,0.109074,0.084171,0.338242,0.853808,0.822881,part2a21_alpha_positions.csv,part2a21_alpha_eligibility.csv,artifacts_part2_g532/predictions/g532_final_consensus_tape.csv
2021-10-26,-1.0,-0.000623,1,1,0.062644,0,0.584727,0,VOO,0.062644,0.062644,0.0,0.0,-0.000623,-0.009938,0.062644,0.2044361069147093,0.4915404181372926,1,ok,1,0,0.126026,0.09903,0.366176,0.835393,0.799784,part2a21_alpha_positions.csv,part2a21_alpha_eligibility.csv,artifacts_part2_g532/predictions/g532_final_consensus_tape.csv
2021-10-27,1.0,0.000773,1,1,0.062644,0,0.388282,0,VOO,0.062644,0.062644,0.0,0.0,0.000773,0.012344,0.062644,0.2043686487574507,0.4952855556926218,1,ok,1,0,0.194453,0.154393,0.470259,0.764407,0.573305,part2a21_alpha_positions.csv,part2a21_alpha_eligibility.csv,artifacts_part2_g532/predictions/g532_final_consensus_tape.csv
2021-10-28,1.0,8.4e-05,1,1,0.062644,0,0.405622,0,VOO,0.062644,0.062644,0.0,0.0,8.4e-05,0.001342,0.062644,0.2150303502950479,0.5686396597070283,1,ok,1,0,0.171133,0.13472,0.433274,0.789183,0.591888,part2a21_alpha_positions.csv,part2a21_alpha_eligibility.csv,artifacts_part2_g532/predictions/g532_final_consensus_tape.csv
2021-10-29,1.0,0.000137,1,1,0.062644,0,0.416381,0,VOO,0.062644,0.062644,0.0,0.0,0.000137,0.002185,0.062644,0.1968520630001244,0.4343670862877039,1,ok,1,0,0.169303,0.138674,0.440706,0.787136,0.590352,part2a21_alpha_positions.csv,part2a21_alpha_eligibility.csv,artifacts_part2_g532/predictions/g532_final_consensus_tape.csv
2021-11-01,1.0,3.8e-05,1,1,0.041328,0,0.427621,0,VOO,0.041328,0.041328,0.021316,2.1e-05,5.9e-05,0.001428,0.041328,0.2004269100793554,0.4606467252692765,1,ok,1,0,0.147453,0.123942,0.413011,0.807664,0.605748,part2a21_alpha_positions.csv,part2a21_alpha_eligibility.csv,artifacts_part2_g532/predictions/g532_final_consensus_tape.csv
2021-11-02,1.0,0.000378,1,1,0.041328,0,0.45253,0,VOO,0.041328,0.041328,0.0,0.0,0.000378,0.00915,0.041328,0.2142517801820039,0.5600173334814771,1,ok,1,0,0.123767,0.113301,0.393005,0.826049,0.619537,part2a21_alpha_positions.csv,part2a21_alpha_eligibility.csv,artifacts_part2_g532/predictions/g532_final_consensus_tape.csv
2021-11-03,-1.0,-3e-05,1,1,0.041328,0,0.582179,0,VOO,0.041328,0.041328,0.0,0.0,-3e-05,-0.000732,0.041328,0.1991347890760555,0.5257518247149738,1,ok,1,0,0.112537,0.093148,0.355118,0.845733,0.812859,part2a21_alpha_positions.csv,part2a21_alpha_eligibility.csv,artifacts_part2_g532/predictions/g532_final_consensus_tape.csv
2021-11-04,-1.0,-8.5e-05,1,1,0.041328,0,0.440842,0,VOO,0.041328,0.041328,0.0,0.0,-8.5e-05,-0.002064,0.041328,0.1991561463054039,0.5199259894349099,1,ok,1,0,0.124184,0.121998,0.409357,0.819546,0.61466,part2a21_alpha_positions.csv,part2a21_alpha_eligibility.csv,artifacts_part2_g532/predictions/g532_final_consensus_tape.csv
2021-11-05,1.0,0.000229,1,1,0.041328,0,0.440928,0,VOO,0.041328,0.041328,0.0,0.0,0.000229,0.005537,0.041328,0.2054735153790183,0.6137230458878561,1,ok,1,0,0.142775,0.116457,0.398939,0.815204,0.611403,part2a21_alpha_positions.csv,part2a21_alpha_eligibility.csv,artifacts_part2_g532/predictions/g532_final_consensus_tape.csv
2021-11-08,-1.0,-0.000566,1,1,0.066792,0,0.582281,0,VOO,0.066792,0.066792,0.025464,2.5e-05,-0.000541,-0.008097,0.066792,0.2059128764627913,0.6129148393665012,1,ok,1,0,0.120581,0.090481,0.350103,0.84405,0.810526,part2a21_alpha_positions.csv,part2a21_alpha_eligibility.csv,artifacts_part2_g532/predictions/g532_final_consensus_tape.csv
2021-11-09,1.0,3.4e-05,1,1,0.066792,0,0.413457,0,VOO,0.066792,0.066792,0.0,0.0,3.4e-05,0.000506,0.066792,0.2016215311779308,0.5539881651277812,1,ok,1,0,0.161835,0.134109,0.432124,0.793811,0.595359,part2a21_alpha_positions.csv,part2a21_alpha_eligibility.csv,artifacts_part2_g532/predictions/g532_final_consensus_tape.csv
2021-11-10,1.0,0.000238,1,1,0.066792,0,0.420276,0,VOO,0.066792,0.066792,0.0,0.0,0.000238,0.003558,0.066792,0.2153955257506663,0.7218160998743736,1,ok,1,0,0.174152,0.16537,0.490895,0.765573,0.57418,part2a21_alpha_positions.csv,part2a21_alpha_eligibility.csv,artifacts_part2_g532/predictions/g532_final_consensus_tape.csv
2021-11-11,1.0,0.000355,1,1,0.066792,0,0.471411,0,VOO,0.066792,0.066792,0.0,0.0,0.000355,0.005311,0.066792,0.2150820291269816,0.7248625949528358,1,ok,1,0,0.13477,0.126021,0.416919,0.811862,0.608897,part2a21_alpha_positions.csv,part2a21_alpha_eligibility.csv,artifacts_part2_g532/predictions/g532_final_consensus_tape.csv
2021-11-12,1.0,0.000294,1,1,0.066792,0,0.617188,0,VOO,0.066792,0.066792,0.0,0.0,0.000294,0.004399,0.066792,0.2003393252366244,0.5374066289346593,1,ok,1,0,0.117439,0.099902,0.367815,0.838624,0.804008,part2a21_alpha_positions.csv,part2a21_alpha_eligibility.csv,artifacts_part2_g532/predictions/g532_final_consensus_tape.csv
2021-11-15,1.0,0.000325,1,1,0.070189,0,0.624155,0,VOO,0.070189,0.070189,0.003397,3e-06,0.000329,0.004685,0.070189,0.204235489417744,0.5934930697088493,1,ok,1,0,0.112987,0.089168,0.347636,0.84842,0.816134,part2a21_alpha_positions.csv,part2a21_alpha_eligibility.csv,artifacts_part2_g532/predictions/g532_final_consensus_tape.csv
2021-11-16,-1.0,-0.000421,1,1,0.070189,0,0.617313,0,VOO,0.070189,0.070189,0.0,0.0,-0.000421,-0.006001,0.070189,0.2001569890037042,0.5339504260908812,1,ok,1,0,0.118018,0.092673,0.354226,0.843611,0.810077,part2a21_alpha_positions.csv,part2a21_alpha_eligibility.csv,artifacts_part2_g532/predictions/g532_final_consensus_tape.csv
2021-11-17,1.0,0.0002,1,1,0.070189,0,0.467825,0,VOO,0.070189,0.070189,0.0,0.0,0.0002,0.002845,0.070189,0.1986791561455209,0.5179768202780494,1,ok,1,0,0.137625,0.117046,0.400046,0.817094,0.61282,part2a21_alpha_positions.csv,part2a21_alpha_eligibility.csv,artifacts_part2_g532/predictions/g532_final_consensus_tape.csv
2021-11-18,-1.0,-0.000321,1,1,0.070189,0,0.468157,0,VOO,0.070189,0.070189,0.0,0.0,-0.000321,-0.00458,0.070189,0.2088001491589233,0.6472536749681975,1,ok,1,0,0.136148,0.116419,0.398868,0.818213,0.61366,part2a21_alpha_positions.csv,part2a21_alpha_eligibility.csv,artifacts_part2_g532/predictions/g532_final_consensus_tape.csv
2021-11-19,1.0,0.000329,1,1,0.070189,0,0.45223,0,VOO,0.070189,0.070189,0.0,0.0,0.000329,0.004692,0.070189,0.2061945442631619,0.6183360089809834,1,ok,1,0,0.158804,0.128179,0.420977,0.79948,0.59961,part2a21_alpha_positions.csv,part2a21_alpha_eligibility.csv,artifacts_part2_g532/predictions/g532_final_consensus_tape.csv
2021-11-22,1.0,0.000253,1,1,0.050233,0,0.433546,0,VOO,0.050233,0.050233,0.019956,2e-05,0.000273,0.005432,0.050233,0.2174563038893077,0.7451544822073967,1,ok,1,0,0.179796,0.164714,0.489662,0.76351,0.572632,part2a21_alpha_positions.csv,part2a21_alpha_eligibility.csv,artifacts_part2_g532/predictions/g532_final_consensus_tape.csv
2021-11-23,-1.0,-3.1e-05,1,1,0.050233,0,0.469444,0,VOO,0.050233,0.050233,0.0,0.0,-3.1e-05,-0.000618,0.050233,0.2169923557390914,0.7381221281712976,1,ok,1,0,0.155603,0.141613,0.446232,0.791168,0.593376,part2a21_alpha_positions.csv,part2a21_alpha_eligibility.csv,artifacts_part2_g532/predictions/g532_final_consensus_tape.csv
2021-11-24,0.0,0.0,1,1,0.050233,0,0.475079,0,VOO,0.050233,0.050233,0.0,0.0,0.0,0.0,0.050233,0.2038223219083758,0.5821060908659136,1,ok,1,0,0.153206,0.126574,0.417959,0.803164,0.602373,part2a21_alpha_positions.csv,part2a21_alpha_eligibility.csv,artifacts_part2_g532/predictions/g532_final_consensus_tape.csv
2021-11-25,-1.0,-0.001749,1,1,0.050233,0,0.486867,0,VOO,0.050233,0.050233,0.0,0.0,-0.001749,-0.034823,0.050233,0.2156409695914498,0.725943989919757,1,ok,1,0,0.13056,0.113079,0.392588,0.823153,0.617365,part2a21_alpha_positions.csv,part2a21_alpha_eligibility.csv,artifacts_part2_g532/predictions/g532_final_consensus_tape.csv
2021-11-26,1.0,0.000717,1,1,0.050233,0,0.152455,0,VOO,0.050233,0.050233,0.0,0.0,0.000717,0.014265,0.050233,0.2126982383299639,0.6894763598625504,1,ok,1,1,0.305942,0.38759,0.639969,0.598676,0.269404,part2a21_alpha_positions.csv,part2a21_alpha_eligibility.csv,artifacts_part2_g532/predictions/g532_final_consensus_tape.csv
2021-11-29,-1.0,-0.000462,1,1,0.016945,0,0.173703,0,VOO,0.016945,0.016945,0.033287,3.3e-05,-0.000429,-0.025308,0.016945,0.220035949992484,0.7667528592542491,1,ok,1,1,0.212874,0.231728,0.584864,0.706129,0.317758,part2a21_alpha_positions.csv,part2a21_alpha_eligibility.csv,artifacts_part2_g532/predictions/g532_final_consensus_tape.csv
2021-11-30,-1.0,-0.000228,1,1,0.016945,0,0.127623,0,VOO,0.016945,0.016945,0.0,0.0,-0.000228,-0.013451,0.016945,0.2071208438227039,0.6258347913189803,1,ok,1,1,0.318334,0.503102,0.65,0.550664,0.247799,part2a21_alpha_positions.csv,part2a21_alpha_eligibility.csv,artifacts_part2_g532/predictions/g532_final_consensus_tape.csv
2021-12-01,1.0,0.000293,1,1,0.016945,0,0.139632,0,VOO,0.016945,0.016945,0.0,0.0,0.000293,0.0173,0.016945,0.1956472141450655,0.5737407321941465,1,ok,1,1,0.248128,0.42994,0.65,0.607864,0.273539,part2a21_alpha_positions.csv,part2a21_alpha_eligibility.csv,artifacts_part2_g532/predictions/g532_final_consensus_tape.csv
2021-12-02,-1.0,-0.00025,1,1,0.016945,0,0.152776,0,VOO,0.016945,0.016945,0.0,0.0,-0.00025,-0.014745,0.016945,0.1960110832862855,0.5814452111217473,1,ok,1,1,0.25311,0.211163,0.576987,0.696796,0.313558,part2a21_alpha_positions.csv,part2a21_alpha_eligibility.csv,artifacts_part2_g532/predictions/g532_final_consensus_tape.csv
2021-12-03,1.0,0.000286,1,1,0.016945,0,0.158512,0,VOO,0.016945,0.016945,0.0,0.0,0.000286,0.016873,0.016945,0.2052597527125674,0.7713172077743087,1,ok,1,0,0.210336,0.190334,0.537828,0.731166,0.329025,part2a21_alpha_positions.csv,part2a21_alpha_eligibility.csv,artifacts_part2_g532/predictions/g532_final_consensus_tape.csv
2021-12-06,1.0,0.00029,1,1,0.012192,0,0.147439,0,VOO,0.012192,0.012192,0.004753,5e-06,0.000294,0.024152,0.012192,0.1943114578162027,0.5664520700364258,1,ok,1,1,0.248161,0.204255,0.563999,0.704039,0.316817,part2a21_alpha_positions.csv,part2a21_alpha_eligibility.csv,artifacts_part2_g532/predictions/g532_final_consensus_tape.csv
2021-12-07,1.0,7.3e-05,1,0,0.012192,0,0.135106,0,VOO,0.012192,0.012192,0.0,0.0,7.3e-05,0.00602,0.012192,0.1971616731289802,0.6265005925826541,0,high_risk_veto,1,0,0.16556,0.142384,0.447681,0.786128,0.30659,part2a21_alpha_positions.csv,part2a21_alpha_eligibility.csv,artifacts_part2_g532/predictions/g532_final_consensus_tape.csv
2021-12-08,-1.0,-0.000114,1,0,0.012192,0,0.13271,0,VOO,0.012192,0.012192,0.0,0.0,-0.000114,-0.009353,0.012192,0.2041191973371402,0.7594620249708588,0,high_risk_veto,1,0,0.166357,0.156709,0.474613,0.775368,0.302394,part2a21_alpha_positions.csv,part2a21_alpha_eligibility.csv,artifacts_part2_g532/predictions/g532_final_consensus_tape.csv
2021-12-09,1.0,0.000107,1,0,0.012192,0,0.132446,0,VOO,0.012192,0.012192,0.0,0.0,0.000107,0.0088,0.012192,0.2038461518438264,0.7506828946682024,0,high_risk_veto,1,0,0.171269,0.150851,0.463601,0.777411,0.30319,part2a21_alpha_positions.csv,part2a21_alpha_eligibility.csv,artifacts_part2_g532/predictions/g532_final_consensus_tape.csv
2021-12-10,-1.0,-0.000167,1,0,0.012192,0,0.151661,0,VOO,0.012192,0.012192,0.0,0.0,-0.000167,-0.013668,0.012192,0.2100829608926951,0.8246627943754682,0,high_risk_veto,1,0,0.121169,0.144511,0.45168,0.804559,0.313778,part2a21_alpha_positions.csv,part2a21_alpha_eligibility.csv,artifacts_part2_g532/predictions/g532_final_consensus_tape.csv
2021-12-13,,,0,0,0.0,0,0.149132,0,FLAT,0.0,0.0,0.012192,1.2e-05,,-0.005102,0.0,0.2009435669390609,0.7134447558806115,0,high_risk_veto,1,0,0.149374,0.140837,0.444773,0.794534,0.309868,part2a21_alpha_positions.csv,part2a21_alpha_eligibility.csv,artifacts_part2_g532/predictions/g532_final_consensus_tape.csv
2021-12-14,,,0,1,0.0,0,0.31243,0,FLAT,0.0,0.0,0.0,0.0,,0.01698,0.0,0.1996672592825658,0.671465944020131,1,ok,1,0,0.137808,0.132118,0.428381,0.806069,0.604552,part2a21_alpha_positions.csv,part2a21_alpha_eligibility.csv,artifacts_part2_g532/predictions/g532_final_consensus_tape.csv
2021-12-15,,,0,1,0.0,0,0.322627,0,FLAT,0.0,0.0,0.0,0.0,,-0.011983,0.0,0.1957113532242847,0.6189569374257693,1,ok,1,0,0.123844,0.117115,0.400175,0.823245,0.617434,part2a21_alpha_positions.csv,part2a21_alpha_eligibility.csv,artifacts_part2_g532/predictions/g532_final_consensus_tape.csv
2021-12-16,,,0,1,0.0,0,0.320986,0,FLAT,0.0,0.0,0.0,0.0,,-0.012675,0.0,0.2084092192820716,0.8032391666326797,1,ok,1,0,0.110816,0.125877,0.416649,0.822746,0.61706,part2a21_alpha_positions.csv,part2a21_alpha_eligibility.csv,artifacts_part2_g532/predictions/g532_final_consensus_tape.csv
2021-12-17,,,0,1,0.0,0,0.176057,0,FLAT,0.0,0.0,0.0,0.0,,-0.010012,0.0,0.2022958642255947,0.7323000381334134,1,ok,1,0,0.206177,0.172598,0.504485,0.745914,0.335661,part2a21_alpha_positions.csv,part2a21_alpha_eligibility.csv,artifacts_part2_g532/predictions/g532_final_consensus_tape.csv
2021-12-20,1.0,0.000575,1,1,0.027967,0,0.301642,0,VOO,0.027967,0.027967,0.027967,2.8e-05,0.000603,0.021568,0.027967,0.2032336874930184,0.7293152336540354,1,ok,1,0,0.199912,0.168544,0.496863,0.751676,0.563757,part2a21_alpha_positions.csv,part2a21_alpha_eligibility.csv,artifacts_part2_g532/predictions/g532_final_consensus_tape.csv
2021-12-21,1.0,0.000254,1,1,0.027967,0,0.330943,0,VOO,0.027967,0.027967,0.0,0.0,0.000254,0.009098,0.027967,0.205161026560926,0.7907975501312268,1,ok,1,0,0.13126,0.130056,0.424506,0.810512,0.607884,part2a21_alpha_positions.csv,part2a21_alpha_eligibility.csv,artifacts_part2_g532/predictions/g532_final_consensus_tape.csv
2021-12-22,1.0,0.00023,1,1,0.027967,0,0.334933,0,VOO,0.027967,0.027967,0.0,0.0,0.00023,0.008223,0.027967,0.2090510670560043,0.841755703722999,1,ok,1,0,0.107922,0.122668,0.410615,0.826378,0.619784,part2a21_alpha_positions.csv,part2a21_alpha_eligibility.csv,artifacts_part2_g532/predictions/g532_final_consensus_tape.csv
2021-12-23,0.0,0.0,1,1,0.027967,0,0.336964,0,VOO,0.027967,0.027967,0.0,0.0,0.0,0.0,0.027967,0.2029916154954584,0.7759847170036016,1,ok,1,0,0.118557,0.113831,0.394002,0.828008,0.621006,part2a21_alpha_positions.csv,part2a21_alpha_eligibility.csv,artifacts_part2_g532/predictions/g532_final_consensus_tape.csv
2021-12-24,1.0,0.000386,1,1,0.027967,0,0.336825,0,VOO,0.027967,0.027967,0.0,0.0,0.000386,0.013814,0.027967,0.2031663149996858,0.7739949609452267,1,ok,1,0,0.123552,0.12207,0.409491,0.819779,0.614834,part2a21_alpha_positions.csv,part2a21_alpha_eligibility.csv,artifacts_part2_g532/predictions/g532_final_consensus_tape.csv
2021-12-27,-1.0,-1.7e-05,1,1,0.025162,0,0.3408,0,VOO,0.025162,0.025162,0.002805,3e-06,-1.5e-05,-0.000579,0.025162,0.2014646514685402,0.7502865292723205,1,ok,1,0,0.129294,0.119808,0.405239,0.818837,0.614128,part2a21_alpha_positions.csv,part2a21_alpha_eligibility.csv,artifacts_part2_g532/predictions/g532_final_consensus_tape.csv
2021-12-28,1.0,0.000159,1,1,0.025162,0,0.335014,0,VOO,0.025162,0.025162,0.0,0.0,0.000159,0.006336,0.025162,0.1994188865366029,0.7141369396419833,1,ok,1,0,0.148336,0.136665,0.436931,0.79803,0.598522,part2a21_alpha_positions.csv,part2a21_alpha_eligibility.csv,artifacts_part2_g532/predictions/g532_final_consensus_tape.csv
2021-12-29,-1.0,-0.000154,1,1,0.025162,0,0.36053,0,VOO,0.025162,0.025162,0.0,0.0,-0.000154,-0.006135,0.025162,0.2111712715720715,0.4257503037524892,1,ok,1,0,0.104536,0.116476,0.398975,0.832397,0.624298,part2a21_alpha_positions.csv,part2a21_alpha_eligibility.csv,artifacts_part2_g532/predictions/g532_final_consensus_tape.csv
2021-12-30,-1.0,-4.1e-05,1,1,0.025162,0,0.367972,0,VOO,0.025162,0.025162,0.0,0.0,-4.1e-05,-0.001615,0.025162,0.2089990828787744,0.364590936884187,1,ok,1,0,0.108698,0.119486,0.404634,0.828339,0.621254,part2a21_alpha_positions.csv,part2a21_alpha_eligibility.csv,artifacts_part2_g532/predictions/g532_final_consensus_tape.csv
2021-12-31,1.0,0.000389,1,1,0.025162,0,0.379879,0,VOO,0.025162,0.025162,0.0,0.0,0.000389,0.015468,0.025162,0.2092870745481234,0.376439224581196,1,ok,1,0,0.109509,0.13898,0.441282,0.813822,0.610366,part2a21_alpha_positions.csv,part2a21_alpha_eligibility.csv,artifacts_part2_g532/predictions/g532_final_consensus_tape.csv
2022-01-03,1.0,-1.7e-05,1,1,0.0482,0,0.526167,0,VOO,0.0482,0.0482,0.023038,2.3e-05,6e-06,0.000117,0.0482,0.2105726631385822,0.4154038408526574,1,ok,1,0,0.094988,0.098502,0.365183,0.849743,0.818371,part2a21_alpha_positions.csv,part2a21_alpha_eligibility.csv,artifacts_part2_g532/predictions/g532_final_consensus_tape.csv
2022-01-04,-1.0,-0.000729,1,1,0.0482,0,0.415216,0,VOO,0.0482,0.0482,0.0,0.0,-0.000729,-0.015116,0.0482,0.2085941830210498,0.3396327164760278,1,ok,1,0,0.116043,0.146729,0.455851,0.805255,0.603941,part2a21_alpha_positions.csv,part2a21_alpha_eligibility.csv,artifacts_part2_g532/predictions/g532_final_consensus_tape.csv
2022-01-05,1.0,5.4e-05,1,1,0.0482,0,0.374625,0,VOO,0.0482,0.0482,0.0,0.0,5.4e-05,0.001125,0.0482,0.2138659818172998,0.4898672416499135,1,ok,1,0,0.136857,0.152246,0.466222,0.791884,0.593913,part2a21_alpha_positions.csv,part2a21_alpha_eligibility.csv,artifacts_part2_g532/predictions/g532_final_consensus_tape.csv
2022-01-06,-1.0,-9e-06,1,1,0.0482,0,0.376365,0,VOO,0.0482,0.0482,0.0,0.0,-9e-06,-0.000194,0.0482,0.2117929070506786,0.4312432973322928,1,ok,1,0,0.137166,0.158326,0.477652,0.787331,0.590498,part2a21_alpha_positions.csv,part2a21_alpha_eligibility.csv,artifacts_part2_g532/predictions/g532_final_consensus_tape.csv
2022-01-07,-1.0,-5e-05,1,1,0.0482,0,0.388042,0,VOO,0.0482,0.0482,0.0,0.0,-5e-05,-0.001041,0.0482,0.2109226848974707,0.4017640946677903,1,ok,1,0,0.118433,0.136137,0.435938,0.81187,0.608902,part2a21_alpha_positions.csv,part2a21_alpha_eligibility.csv,artifacts_part2_g532/predictions/g532_final_consensus_tape.csv
2022-01-10,1.0,0.000189,1,1,0.032356,0,0.39551,0,VOO,0.032356,0.032356,0.015844,1.6e-05,0.000205,0.00633,0.032356,0.2124915513157191,0.4476676165445679,1,ok,1,0,0.144098,0.151382,0.464597,0.789253,0.59194,part2a21_alpha_positions.csv,part2a21_alpha_eligibility.csv,artifacts_part2_g532/predictions/g532_final_consensus_tape.csv
2022-01-11,1.0,9.1e-05,1,1,0.032356,0,0.404564,0,VOO,0.032356,0.032356,0.0,0.0,9.1e-05,0.002806,0.032356,0.2137210370894972,0.4809374266906772,1,ok,1,0,0.125509,0.125747,0.416405,0.816229,0.612171,part2a21_alpha_positions.csv,part2a21_alpha_eligibility.csv,artifacts_part2_g532/predictions/g532_final_consensus_tape.csv
2022-01-12,-1.0,-0.000552,1,1,0.032356,0,0.415591,0,VOO,0.032356,0.032356,0.0,0.0,-0.000552,-0.017062,0.032356,0.210150433844456,0.3866953832275404,1,ok,1,0,0.10948,0.115096,0.39638,0.831175,0.623381,part2a21_alpha_positions.csv,part2a21_alpha_eligibility.csv,artifacts_part2_g532/predictions/g532_final_consensus_tape.csv
2022-01-13,1.0,0.000233,1,1,0.032356,0,0.383565,0,VOO,0.032356,0.032356,0.0,0.0,0.000233,0.007209,0.032356,0.21351151728374,0.473113490801657,1,ok,1,0,0.109336,0.133014,0.430066,0.818231,0.613673,part2a21_alpha_positions.csv,part2a21_alpha_eligibility.csv,artifacts_part2_g532/predictions/g532_final_consensus_tape.csv
2022-01-14,0.0,0.0,1,1,0.032356,0,0.386323,0,VOO,0.032356,0.032356,0.0,0.0,0.0,0.0,0.032356,0.2163177133440173,0.5611585583688088,1,ok,1,0,0.109685,0.109655,0.386151,0.835033,0.626274,part2a21_alpha_positions.csv,part2a21_alpha_eligibility.csv,artifacts_part2_g532/predictions/g532_final_consensus_tape.csv
2022-01-17,-1.0,-0.000397,1,1,0.038643,0,0.416078,0,VOO,0.038643,0.038643,0.006287,6e-06,-0.000391,-0.010108,0.038643,0.2121409111532286,0.4397011496115304,1,ok,1,0,0.098717,0.107348,0.381814,0.841643,0.631232,part2a21_alpha_positions.csv,part2a21_alpha_eligibility.csv,artifacts_part2_g532/predictions/g532_final_consensus_tape.csv
2022-01-18,-1.0,-0.000501,1,1,0.038643,0,0.370348,0,VOO,0.038643,0.038643,0.0,0.0,-0.000501,-0.012976,0.038643,0.2135300783116503,0.4970748344473089,1,ok,1,0,0.167348,0.175152,0.509286,0.761533,0.57115,part2a21_alpha_positions.csv,part2a21_alpha_eligibility.csv,artifacts_part2_g532/predictions/g532_final_consensus_tape.csv
2022-01-19,-1.0,-0.00051,1,1,0.038643,0,0.375774,0,VOO,0.038643,0.038643,0.0,0.0,-0.00051,-0.013205,0.038643,0.2130976663831344,0.4862738234785357,1,ok,1,0,0.168637,0.173353,0.505903,0.762259,0.571695,part2a21_alpha_positions.csv,part2a21_alpha_eligibility.csv,artifacts_part2_g532/predictions/g532_final_consensus_tape.csv
2022-01-20,-1.0,-0.00099,1,1,0.038643,0,0.371132,0,VOO,0.038643,0.038643,0.0,0.0,-0.00099,-0.025617,0.038643,0.2174529828508676,0.6120751910114083,1,ok,1,0,0.162652,0.166219,0.492491,0.770132,0.577599,part2a21_alpha_positions.csv,part2a21_alpha_eligibility.csv,artifacts_part2_g532/predictions/g532_final_consensus_tape.csv
2022-01-21,1.0,0.000195,1,1,0.038643,1,0.078322,0,VOO,0.038643,0.038643,0.0,0.0,0.000195,0.00505,0.038643,0.2189405881508389,0.6506554710876703,1,ok,1,0,0.184337,0.195806,0.548114,0.738894,0.133001,part2a21_alpha_positions.csv,part2a21_alpha_eligibility.csv,artifacts_part2_g532/predictions/g532_final_consensus_tape.csv
2022-01-24,-1.0,-0.000102,1,1,0.006366,1,0.077277,0,VOO,0.006366,0.006366,0.032277,3.2e-05,-6.9e-05,-0.010886,0.006366,0.2170530933055032,0.5935996975252208,1,ok,1,0,0.175543,0.196597,0.549602,0.742276,0.13361,part2a21_alpha_positions.csv,part2a21_alpha_eligibility.csv,artifacts_part2_g532/predictions/g532_final_consensus_tape.csv
2022-01-25,1.0,3.1e-05,1,1,0.006366,1,0.080025,0,VOO,0.006366,0.006366,0.0,0.0,3.1e-05,0.004872,0.006366,0.2158155343835869,0.5574160225682937,1,ok,1,0,0.171791,0.191629,0.540263,0.747571,0.134563,part2a21_alpha_positions.csv,part2a21_alpha_eligibility.csv,artifacts_part2_g532/predictions/g532_final_consensus_tape.csv
2022-01-26,-1.0,-5.9e-05,1,1,0.006366,1,0.0787,0,VOO,0.006366,0.006366,0.0,0.0,-5.9e-05,-0.009275,0.006366,0.2122368619608451,0.6243510147189718,1,ok,1,0,0.174346,0.19802,0.552278,0.741782,0.133521,part2a21_alpha_positions.csv,part2a21_alpha_eligibility.csv,artifacts_part2_g532/predictions/g532_final_consensus_tape.csv
2022-01-27,1.0,0.000139,1,1,0.006366,1,0.080492,0,VOO,0.006366,0.006366,0.0,0.0,0.000139,0.021904,0.006366,0.2144015050734222,0.665420565036542,1,ok,1,0,0.184033,0.188596,0.534561,0.744265,0.133968,part2a21_alpha_positions.csv,part2a21_alpha_eligibility.csv,artifacts_part2_g532/predictions/g532_final_consensus_tape.csv
2022-01-28,1.0,0.000115,1,1,0.006366,1,0.07531,0,VOO,0.006366,0.006366,0.0,0.0,0.000115,0.018124,0.006366,0.2103766220831202,0.5985779005509984,1,ok,1,0,0.160297,0.166974,0.493911,0.770643,0.138716,part2a21_alpha_positions.csv,part2a21_alpha_eligibility.csv,artifacts_part2_g532/predictions/g532_final_consensus_tape.csv
2022-01-31,,,0,0,0.0,1,0.071654,0,FLAT,0.0,0.0,0.006366,6e-06,,0.007858,0.0,0.2157543681753797,0.6550977011730051,0,weak_score,1,0,0.152761,0.158077,0.477185,0.780494,0.140489,part2a21_alpha_positions.csv,part2a21_alpha_eligibility.csv,artifacts_part2_g532/predictions/g532_final_consensus_tape.csv
2022-02-01,,,0,0,0.0,1,0.071191,0,FLAT,0.0,0.0,0.0,0.0,,0.007443,0.0,0.2263663631109458,0.7397256732064355,0,weak_score,1,0,0.145247,0.164276,0.488839,0.779375,0.140287,part2a21_alpha_positions.csv,part2a21_alpha_eligibility.csv,artifacts_part2_g532/predictions/g532_final_consensus_tape.csv
2022-02-02,,,0,1,0.0,1,0.07088,0,FLAT,0.0,0.0,0.0,0.0,,-0.019241,0.0,0.2245838569358114,0.7394061547717508,1,ok,1,0,0.145496,0.181088,0.520446,0.767057,0.13807,part2a21_alpha_positions.csv,part2a21_alpha_eligibility.csv,artifacts_part2_g532/predictions/g532_final_consensus_tape.csv
2022-02-03,,,0,1,0.0,1,0.069159,0,FLAT,0.0,0.0,0.0,0.0,,0.012393,0.0,0.2009355812725989,0.5178331715454038,1,ok,1,0,0.181339,0.160136,0.481056,0.766138,0.137905,part2a21_alpha_positions.csv,part2a21_alpha_eligibility.csv,artifacts_part2_g532/predictions/g532_final_consensus_tape.csv
2022-02-04,,,0,1,0.0,1,0.076871,0,FLAT,0.0,0.0,0.0,0.0,,-0.003572,0.0,0.2176371704734894,0.6704201776408928,1,ok,1,0,0.141964,0.160347,0.481453,0.783704,0.141067,part2a21_alpha_positions.csv,part2a21_alpha_eligibility.csv,artifacts_part2_g532/predictions/g532_final_consensus_tape.csv
2022-02-07,1.0,4.3e-05,1,1,0.004175,1,0.076131,0,VOO,0.004175,0.004175,0.004175,4e-06,4.7e-05,0.011308,0.004175,0.2230130400390716,0.732961609072471,1,ok,1,0,0.143439,0.162721,0.485915,0.781317,0.140637,part2a21_alpha_positions.csv,part2a21_alpha_eligibility.csv,artifacts_part2_g532/predictions/g532_final_consensus_tape.csv
2022-02-08,1.0,5.5e-05,1,1,0.004175,1,0.079872,0,VOO,0.004175,0.004175,0.0,0.0,5.5e-05,0.01321,0.004175,0.2160667526147195,0.6825759557461849,1,ok,1,0,0.131327,0.145814,0.454131,0.799042,0.143828,part2a21_alpha_positions.csv,part2a21_alpha_eligibility.csv,artifacts_part2_g532/predictions/g532_final_consensus_tape.csv
2022-02-09,-1.0,-3.5e-05,1,1,0.004175,0,0.338588,0,VOO,0.004175,0.004175,0.0,0.0,-3.5e-05,-0.008497,0.004175,0.2122867392291121,0.6544951035447402,1,ok,1,0,0.113991,0.127534,0.419763,0.820115,0.615086,part2a21_alpha_positions.csv,part2a21_alpha_eligibility.csv,artifacts_part2_g532/predictions/g532_final_consensus_tape.csv
2022-02-10,-1.0,-0.000127,1,1,0.004175,0,0.324197,0,VOO,0.004175,0.004175,0.0,0.0,-0.000127,-0.030455,0.004175,0.2183292072690694,0.7009054512095608,1,ok,1,0,0.145008,0.160128,0.481041,0.782494,0.58687,part2a21_alpha_positions.csv,part2a21_alpha_eligibility.csv,artifacts_part2_g532/predictions/g532_final_consensus_tape.csv
2022-02-11,1.0,1.5e-05,1,1,0.004175,0,0.165208,0,VOO,0.004175,0.004175,0.0,0.0,1.5e-05,0.003687,0.004175,0.2201919018541124,0.7155080266285707,1,ok,1,0,0.183012,0.19797,0.552183,0.737919,0.332064,part2a21_alpha_positions.csv,part2a21_alpha_eligibility.csv,artifacts_part2_g532/predictions/g532_final_consensus_tape.csv
2022-02-14,1.0,0.000199,1,1,0.010848,0,0.16263,0,VOO,0.010848,0.010848,0.006672,7e-06,0.000205,0.018922,0.010848,0.2071169206104557,0.5700910570361959,1,ok,1,1,0.253999,0.205421,0.566192,0.700565,0.315254,part2a21_alpha_positions.csv,part2a21_alpha_eligibility.csv,artifacts_part2_g532/predictions/g532_final_consensus_tape.csv
2022-02-15,-1.0,-1e-05,1,1,0.010848,0,0.164582,0,VOO,0.010848,0.010848,0.0,0.0,-1e-05,-0.000894,0.010848,0.2069110328454474,0.5834596229349233,1,ok,1,0,0.187075,0.200863,0.557623,0.73399,0.330295,part2a21_alpha_positions.csv,part2a21_alpha_eligibility.csv,artifacts_part2_g532/predictions/g532_final_consensus_tape.csv
2022-02-16,-1.0,-0.000291,1,1,0.010848,0,0.281117,0,VOO,0.010848,0.010848,0.0,0.0,-0.000291,-0.026828,0.010848,0.2159352670812797,0.689747684722635,1,ok,1,0,0.175801,0.188844,0.535027,0.747789,0.560842,part2a21_alpha_positions.csv,part2a21_alpha_eligibility.csv,artifacts_part2_g532/predictions/g532_final_consensus_tape.csv
2022-02-17,-1.0,-0.000105,1,1,0.010848,0,0.269247,0,VOO,0.010848,0.010848,0.0,0.0,-0.000105,-0.009658,0.010848,0.2273650804153079,0.7677848811781067,1,ok,1,0,0.184675,0.190448,0.538043,0.742631,0.556973,part2a21_alpha_positions.csv,part2a21_alpha_eligibility.csv,artifacts_part2_g532/predictions/g532_final_consensus_tape.csv
2022-02-18,0.0,0.0,1,1,0.010848,0,0.282446,0,VOO,0.010848,0.010848,0.0,0.0,0.0,0.0,0.010848,0.2071053573100551,0.5792159636464166,1,ok,1,0,0.164278,0.170201,0.499978,0.766509,0.574882,part2a21_alpha_positions.csv,part2a21_alpha_eligibility.csv,artifacts_part2_g532/predictions/g532_final_consensus_tape.csv
2022-02-21,-1.0,-0.000163,1,1,0.014623,0,0.282594,0,VOO,0.014623,0.014623,0.003775,4e-06,-0.00016,-0.010915,0.014623,0.2100920848558619,0.6136017855567231,1,ok,1,0,0.16311,0.16932,0.498322,0.767674,0.575756,part2a21_alpha_positions.csv,part2a21_alpha_eligibility.csv,artifacts_part2_g532/predictions/g532_final_consensus_tape.csv
2022-02-22,-1.0,-0.000189,1,1,0.014623,0,0.279728,0,VOO,0.014623,0.014623,0.0,0.0,-0.000189,-0.012938,0.014623,0.213370097835645,0.644127731245335,1,ok,1,0,0.182209,0.189476,0.536215,0.744446,0.558335,part2a21_alpha_positions.csv,part2a21_alpha_eligibility.csv,artifacts_part2_g532/predictions/g532_final_consensus_tape.csv
2022-02-23,1.0,0.000189,1,1,0.014623,0,0.172318,0,VOO,0.014623,0.014623,0.0,0.0,0.000189,0.012904,0.014623,0.2097286954204742,0.5529607158628371,1,ok,1,0,0.167052,0.216013,0.579075,0.733407,0.330033,part2a21_alpha_positions.csv,part2a21_alpha_eligibility.csv,artifacts_part2_g532/predictions/g532_final_consensus_tape.csv
2022-02-24,1.0,0.00032,1,1,0.014623,0,0.282302,0,VOO,0.014623,0.014623,0.0,0.0,0.00032,0.021876,0.014623,0.2084896751628617,0.6262690953485607,1,ok,1,0,0.167028,0.185254,0.528277,0.754343,0.565758,part2a21_alpha_positions.csv,part2a21_alpha_eligibility.csv,artifacts_part2_g532/predictions/g532_final_consensus_tape.csv
2022-02-25,-1.0,-0.000202,1,1,0.014623,0,0.298373,0,VOO,0.014623,0.014623,0.0,0.0,-0.000202,-0.013815,0.014623,0.2070388947943008,0.6093630753688334,1,ok,1,0,0.141241,0.158827,0.478595,0.785133,0.58885,part2a21_alpha_positions.csv,part2a21_alpha_eligibility.csv,artifacts_part2_g532/predictions/g532_final_consensus_tape.csv
2022-02-28,,,0,0,0.0,0,0.284846,0,FLAT,0.0,0.0,0.014623,1.5e-05,,-0.024805,0.0,0.2130367592991376,0.7064812629464602,0,weak_score,1,0,0.153044,0.184758,0.527345,0.760996,0.570747,part2a21_alpha_positions.csv,part2a21_alpha_eligibility.csv,artifacts_part2_g532/predictions/g532_final_consensus_tape.csv
2022-03-01,,,0,1,0.0,0,0.167515,0,FLAT,0.0,0.0,0.0,0.0,,0.033341,0.0,0.216932341218054,0.6246556916409852,1,ok,1,0,0.174137,0.206482,0.568187,0.735732,0.33108,part2a21_alpha_positions.csv,part2a21_alpha_eligibility.csv,artifacts_part2_g532/predictions/g532_final_consensus_tape.csv
2022-03-02,,,0,1,0.0,0,0.252645,0,FLAT,0.0,0.0,0.0,0.0,,-0.009329,0.0,0.2128696151211914,0.5831490569113673,1,ok,1,0,0.174169,0.169304,0.498291,0.762709,0.572032,part2a21_alpha_positions.csv,part2a21_alpha_eligibility.csv,artifacts_part2_g532/predictions/g532_final_consensus_tape.csv
2022-03-03,,,0,1,0.0,0,0.260671,0,FLAT,0.0,0.0,0.0,0.0,,-0.017993,0.0,0.2076645082305188,0.6904960015050571,1,ok,1,0,0.159692,0.194008,0.544735,0.751289,0.563467,part2a21_alpha_positions.csv,part2a21_alpha_eligibility.csv,artifacts_part2_g532/predictions/g532_final_consensus_tape.csv
2022-03-04,,,0,1,0.0,0,0.256892,0,FLAT,0.0,0.0,0.0,0.0,,-0.025709,0.0,0.219019776118637,0.7223694057487261,1,ok,1,0,0.15717,0.192555,0.542004,0.753478,0.565109,part2a21_alpha_positions.csv,part2a21_alpha_eligibility.csv,artifacts_part2_g532/predictions/g532_final_consensus_tape.csv
2022-03-07,-1.0,-1.4e-05,1,1,0.006651,0,0.143218,0,VOO,0.006651,0.006651,0.006651,7e-06,-7e-06,-0.001066,0.006651,0.2131347292822268,0.5513638294283695,1,ok,1,0,0.161478,0.235105,0.586103,0.727828,0.327523,part2a21_alpha_positions.csv,part2a21_alpha_eligibility.csv,artifacts_part2_g532/predictions/g532_final_consensus_tape.csv
2022-03-08,1.0,0.000216,1,1,0.006651,0,0.145092,0,VOO,0.006651,0.006651,0.0,0.0,0.000216,0.032495,0.006651,0.2139775615255572,0.6675700062409232,1,ok,1,0,0.165846,0.212547,0.577791,0.73542,0.330939,part2a21_alpha_positions.csv,part2a21_alpha_eligibility.csv,artifacts_part2_g532/predictions/g532_final_consensus_tape.csv
2022-03-09,1.0,1e-06,1,0,0.006651,0,0.228957,0,VOO,0.006651,0.006651,0.0,0.0,1e-06,0.000137,0.006651,0.2152979662336377,0.6812089483036816,0,weak_score,1,0,0.174919,0.189705,0.536645,0.747561,0.560671,part2a21_alpha_positions.csv,part2a21_alpha_eligibility.csv,artifacts_part2_g532/predictions/g532_final_consensus_tape.csv
2022-03-10,-1.0,-8.4e-05,1,0,0.006651,0,0.137421,0,VOO,0.006651,0.006651,0.0,0.0,-8.4e-05,-0.012568,0.006651,0.2065393918244102,0.6907517263628314,0,weak_score,1,0,0.201297,0.183671,0.525301,0.740071,0.333032,part2a21_alpha_positions.csv,part2a21_alpha_eligibility.csv,artifacts_part2_g532/predictions/g532_final_consensus_tape.csv
2022-03-11,1.0,3.6e-05,1,0,0.006651,0,0.241246,0,VOO,0.006651,0.006651,0.0,0.0,3.6e-05,0.005414,0.006651,0.2098800357160688,0.6955914017194584,0,weak_score,1,0,0.158618,0.189647,0.536537,0.754938,0.566203,part2a21_alpha_positions.csv,part2a21_alpha_eligibility.csv,artifacts_part2_g532/predictions/g532_final_consensus_tape.csv
2022-03-14,1.0,0.00012,1,1,0.005464,0,0.242702,0,VOO,0.005464,0.005464,0.001187,1e-06,0.000121,0.02216,0.005464,0.2134827423761214,0.6777796168731925,1,ok,1,0,0.159632,0.186263,0.530175,0.756938,0.567704,part2a21_alpha_positions.csv,part2a21_alpha_eligibility.csv,artifacts_part2_g532/predictions/g532_final_consensus_tape.csv
2022-03-15,1.0,0.000128,1,0,0.005464,0,0.245277,0,VOO,0.005464,0.005464,0.0,0.0,0.000128,0.02349,0.005464,0.2177789269223128,0.70922082134033,0,weak_score,1,0,0.164311,0.184189,0.526274,0.756339,0.567254,part2a21_alpha_positions.csv,part2a21_alpha_eligibility.csv,artifacts_part2_g532/predictions/g532_final_consensus_tape.csv
2022-03-16,1.0,7.7e-05,1,0,0.005464,0,0.270249,0,VOO,0.005464,0.005464,0.0,0.0,7.7e-05,0.014089,0.005464,0.2304088899792668,0.8179098134516914,0,weak_score,1,0,0.144916,0.135471,0.434686,0.800436,0.600327,part2a21_alpha_positions.csv,part2a21_alpha_eligibility.csv,artifacts_part2_g532/predictions/g532_final_consensus_tape.csv
2022-03-17,1.0,4.4e-05,1,0,0.005464,0,0.271403,0,VOO,0.005464,0.005464,0.0,0.0,4.4e-05,0.008052,0.005464,0.2163358604572034,0.7570699820627559,0,weak_score,1,0,0.129054,0.14271,0.448295,0.802318,0.601739,part2a21_alpha_positions.csv,part2a21_alpha_eligibility.csv,artifacts_part2_g532/predictions/g532_final_consensus_tape.csv
2022-03-18,1.0,7.2e-05,1,0,0.005464,0,0.286186,0,VOO,0.005464,0.005464,0.0,0.0,7.2e-05,0.013153,0.005464,0.2136904792255049,0.6835492462479316,0,weak_score,1,0,0.130592,0.135856,0.435408,0.806603,0.604952,part2a21_alpha_positions.csv,part2a21_alpha_eligibility.csv,artifacts_part2_g532/predictions/g532_final_consensus_tape.csv
2022-03-21,1.0,3.9e-05,1,1,0.002473,0,0.313248,0,VOO,0.002473,0.002473,0.002991,3e-06,4.2e-05,0.017042,0.002473,0.2262524948000529,0.7031797195417345,1,ok,1,0,0.162523,0.162667,0.485814,0.772768,0.579576,part2a21_alpha_positions.csv,part2a21_alpha_eligibility.csv,artifacts_part2_g532/predictions/g532_final_consensus_tape.csv
2022-03-22,-1.0,-4.9e-05,1,1,0.002473,0,0.331212,0,VOO,0.002473,0.002473,0.0,0.0,-4.9e-05,-0.019664,0.002473,0.2306180040143485,0.7519428651605274,1,ok,1,0,0.138242,0.137123,0.437791,0.80224,0.60168,part2a21_alpha_positions.csv,part2a21_alpha_eligibility.csv,artifacts_part2_g532/predictions/g532_final_consensus_tape.csv
2022-03-23,1.0,5e-05,1,1,0.002473,0,0.308634,0,VOO,0.002473,0.002473,0.0,0.0,5e-05,0.020338,0.002473,0.2089496423954324,0.6691957722472556,1,ok,1,0,0.134442,0.163723,0.487799,0.784638,0.588479,part2a21_alpha_positions.csv,part2a21_alpha_eligibility.csv,artifacts_part2_g532/predictions/g532_final_consensus_tape.csv
2022-03-24,1.0,3.8e-05,1,1,0.002473,0,0.305021,0,VOO,0.002473,0.002473,0.0,0.0,3.8e-05,0.015375,0.002473,0.2073694247805178,0.6713432778357196,1,ok,1,0,0.151784,0.154033,0.469581,0.78387,0.587902,part2a21_alpha_positions.csv,part2a21_alpha_eligibility.csv,artifacts_part2_g532/predictions/g532_final_consensus_tape.csv
2022-03-25,1.0,1.1e-05,1,1,0.002473,0,0.332615,0,VOO,0.002473,0.002473,0.0,0.0,1.1e-05,0.004614,0.002473,0.1982438607354777,0.5857083338982375,1,ok,1,0,0.150229,0.138539,0.440453,0.795818,0.596863,part2a21_alpha_positions.csv,part2a21_alpha_eligibility.csv,artifacts_part2_g532/predictions/g532_final_consensus_tape.csv
2022-03-28,1.0,5.2e-05,1,1,0.007502,0,0.339582,0,VOO,0.007502,0.007502,0.005029,5e-06,5.7e-05,0.007597,0.007502,0.218935952594182,0.7470160020032036,1,ok,1,0,0.123526,0.130195,0.424767,0.813892,0.610419,part2a21_alpha_positions.csv,part2a21_alpha_eligibility.csv,artifacts_part2_g532/predictions/g532_final_consensus_tape.csv
2022-03-29,-1.0,-7.6e-05,1,1,0.007502,0,0.345369,0,VOO,0.007502,0.007502,0.0,0.0,-7.6e-05,-0.010165,0.007502,0.2113190307662974,0.6967949227418805,1,ok,1,0,0.124302,0.130412,0.425174,0.813385,0.610039,part2a21_alpha_positions.csv,part2a21_alpha_eligibility.csv,artifacts_part2_g532/predictions/g532_final_consensus_tape.csv
2022-03-30,-1.0,-0.00013,1,1,0.007502,0,0.338318,0,VOO,0.007502,0.007502,0.0,0.0,-0.00013,-0.01735,0.007502,0.2154736811120289,0.7196264390439714,1,ok,1,0,0.121148,0.130657,0.425635,0.814627,0.61097,part2a21_alpha_positions.csv,part2a21_alpha_eligibility.csv,artifacts_part2_g532/predictions/g532_final_consensus_tape.csv
2022-03-31,1.0,7e-05,1,1,0.007502,0,0.320408,0,VOO,0.007502,0.007502,0.0,0.0,7e-05,0.009299,0.007502,0.2072287926390149,0.6532030950665031,1,ok,1,0,0.112637,0.127191,0.41912,0.820973,0.615729,part2a21_alpha_positions.csv,part2a21_alpha_eligibility.csv,artifacts_part2_g532/predictions/g532_final_consensus_tape.csv
2022-04-01,1.0,6.8e-05,1,1,0.007502,0,0.321568,0,VOO,0.007502,0.007502,0.0,0.0,6.8e-05,0.0091,0.007502,0.2264709857194347,0.7983269571383311,1,ok,1,0,0.112183,0.121695,0.408787,0.825167,0.618875,part2a21_alpha_positions.csv,part2a21_alpha_eligibility.csv,artifacts_part2_g532/predictions/g532_final_consensus_tape.csv
2022-04-04,-1.0,-2.1e-05,1,1,0.019457,0,0.324308,0,VOO,0.019457,0.019457,0.011955,1.2e-05,-9e-06,-0.000451,0.019457,0.226990653235733,0.7752415832193056,1,ok,1,0,0.111733,0.1209,0.407291,0.825947,0.61946,part2a21_alpha_positions.csv,part2a21_alpha_eligibility.csv,artifacts_part2_g532/predictions/g532_final_consensus_tape.csv
2022-04-05,-1.0,-0.00013,1,1,0.019457,0,0.32382,0,VOO,0.019457,0.019457,0.0,0.0,-0.00013,-0.006661,0.019457,0.2256696615422863,0.7846233202923711,1,ok,1,0,0.128317,0.141551,0.446115,0.803491,0.602619,part2a21_alpha_positions.csv,part2a21_alpha_eligibility.csv,artifacts_part2_g532/predictions/g532_final_consensus_tape.csv
2022-04-06,1.0,0.000146,1,1,0.019457,0,0.339453,0,VOO,0.019457,0.019457,0.0,0.0,0.000146,0.007511,0.019457,0.2268376897263923,0.7839139147201184,1,ok,1,0,0.141442,0.15081,0.463522,0.790863,0.593148,part2a21_alpha_positions.csv,part2a21_alpha_eligibility.csv,artifacts_part2_g532/predictions/g532_final_consensus_tape.csv
2022-04-07,1.0,5.2e-05,1,1,0.019457,0,0.376683,0,VOO,0.019457,0.019457,0.0,0.0,5.2e-05,0.002649,0.019457,0.2265958158532505,0.792070167058372,1,ok,1,0,0.106342,0.117749,0.401368,0.830661,0.622995,part2a21_alpha_positions.csv,part2a21_alpha_eligibility.csv,artifacts_part2_g532/predictions/g532_final_consensus_tape.csv
2022-04-08,-1.0,-0.000246,1,1,0.019457,0,0.386943,0,VOO,0.019457,0.019457,0.0,0.0,-0.000246,-0.012665,0.019457,0.2131409781801264,0.7081483457764302,1,ok,1,0,0.117528,0.130526,0.425388,0.816351,0.612263,part2a21_alpha_positions.csv,part2a21_alpha_eligibility.csv,artifacts_part2_g532/predictions/g532_final_consensus_tape.csv
2022-04-11,-1.0,-0.000173,1,1,0.020341,0,0.350067,0,VOO,0.020341,0.020341,0.000884,1e-06,-0.000172,-0.008479,0.020341,0.2105189322888407,0.6492340503985876,1,ok,1,0,0.155999,0.182852,0.523763,0.761049,0.570787,part2a21_alpha_positions.csv,part2a21_alpha_eligibility.csv,artifacts_part2_g532/predictions/g532_final_consensus_tape.csv
2022-04-12,1.0,0.000184,1,1,0.020341,0,0.356077,0,VOO,0.020341,0.020341,0.0,0.0,0.000184,0.009023,0.020341,0.2084947507943509,0.6379930644572764,1,ok,1,0,0.161033,0.172918,0.505086,0.765997,0.574497,part2a21_alpha_positions.csv,part2a21_alpha_eligibility.csv,artifacts_part2_g532/predictions/g532_final_consensus_tape.csv
2022-04-13,-1.0,-6.5e-05,1,1,0.020341,0,0.377071,0,VOO,0.020341,0.020341,0.0,0.0,-6.5e-05,-0.003177,0.020341,0.2120148120610733,0.6810244341046365,1,ok,1,0,0.113172,0.128968,0.42246,0.819442,0.614582,part2a21_alpha_positions.csv,part2a21_alpha_eligibility.csv,artifacts_part2_g532/predictions/g532_final_consensus_tape.csv
2022-04-14,0.0,0.0,1,1,0.020341,0,0.395394,0,VOO,0.020341,0.020341,0.0,0.0,0.0,0.0,0.020341,0.2184993737296098,0.7046502779612224,1,ok,1,0,0.120629,0.151251,0.464352,0.799909,0.599932,part2a21_alpha_positions.csv,part2a21_alpha_eligibility.csv,artifacts_part2_g532/predictions/g532_final_consensus_tape.csv
2022-04-15,1.0,6.3e-05,1,1,0.020341,0,0.400551,0,VOO,0.020341,0.020341,0.0,0.0,6.3e-05,0.003079,0.020341,0.2092697663442308,0.641431196364952,1,ok,1,0,0.130847,0.158211,0.477437,0.790258,0.592693,part2a21_alpha_positions.csv,part2a21_alpha_eligibility.csv,artifacts_part2_g532/predictions/g532_final_consensus_tape.csv
2022-04-18,1.0,0.000519,1,1,0.023219,0,0.426427,0,VOO,0.023219,0.023219,0.002878,3e-06,0.000522,0.02246,0.023219,0.2093669458042639,0.6595627733669324,1,ok,1,0,0.112117,0.130292,0.424948,0.818956,0.614217,part2a21_alpha_positions.csv,part2a21_alpha_eligibility.csv,artifacts_part2_g532/predictions/g532_final_consensus_tape.csv
2022-04-19,-1.0,-0.000198,1,1,0.023219,0,0.372211,0,VOO,0.023219,0.023219,0.0,0.0,-0.000198,-0.008536,0.023219,0.2111946147876021,0.6742518485558727,1,ok,1,0,0.110579,0.135252,0.434273,0.816047,0.612035,part2a21_alpha_positions.csv,part2a21_alpha_eligibility.csv,artifacts_part2_g532/predictions/g532_final_consensus_tape.csv
2022-04-20,-1.0,-0.000218,1,1,0.023219,0,0.361619,0,VOO,0.023219,0.023219,0.0,0.0,-0.000218,-0.009403,0.023219,0.2148648776407878,0.6495234861363862,1,ok,1,0,0.119675,0.153982,0.469487,0.798355,0.598766,part2a21_alpha_positions.csv,part2a21_alpha_eligibility.csv,artifacts_part2_g532/predictions/g532_final_consensus_tape.csv
2022-04-21,-1.0,-0.000654,1,1,0.023219,0,0.362585,0,VOO,0.023219,0.023219,0.0,0.0,-0.000654,-0.02816,0.023219,0.2100314691237281,0.6322150481798056,1,ok,1,0,0.112392,0.145765,0.454039,0.807598,0.605698,part2a21_alpha_positions.csv,part2a21_alpha_eligibility.csv,artifacts_part2_g532/predictions/g532_final_consensus_tape.csv
2022-04-22,-1.0,-2.2e-05,1,1,0.023219,0,0.302411,0,VOO,0.023219,0.023219,0.0,0.0,-2.2e-05,-0.000954,0.023219,0.2152624852153999,0.6577999890458138,1,ok,1,0,0.155381,0.196669,0.549737,0.751297,0.563473,part2a21_alpha_positions.csv,part2a21_alpha_eligibility.csv,artifacts_part2_g532/predictions/g532_final_consensus_tape.csv
2022-04-25,-1.0,-0.000581,1,1,0.016081,0,0.308692,0,VOO,0.016081,0.016081,0.007139,7e-06,-0.000573,-0.035661,0.016081,0.2304351016769446,0.7359174935148491,1,ok,1,0,0.158429,0.186595,0.530798,0.757239,0.567929,part2a21_alpha_positions.csv,part2a21_alpha_eligibility.csv,artifacts_part2_g532/predictions/g532_final_consensus_tape.csv
2022-04-26,1.0,0.000131,1,1,0.016081,0,0.161142,0,VOO,0.016081,0.016081,0.0,0.0,0.000131,0.008172,0.016081,0.2276764023919748,0.7157065416139997,1,ok,1,0,0.164466,0.203503,0.562585,0.742247,0.334011,part2a21_alpha_positions.csv,part2a21_alpha_eligibility.csv,artifacts_part2_g532/predictions/g532_final_consensus_tape.csv
2022-04-27,1.0,0.000421,1,1,0.016081,0,0.161659,0,VOO,0.016081,0.016081,0.0,0.0,0.000421,0.026198,0.016081,0.2137178430073728,0.6562822834845289,1,ok,1,0,0.171306,0.198407,0.553005,0.742869,0.334291,part2a21_alpha_positions.csv,part2a21_alpha_eligibility.csv,artifacts_part2_g532/predictions/g532_final_consensus_tape.csv
2022-04-28,-1.0,-0.000516,1,1,0.016081,0,0.149945,0,VOO,0.016081,0.016081,0.0,0.0,-0.000516,-0.032086,0.016081,0.2278940021990348,0.7199985969212689,1,ok,1,0,0.16107,0.199085,0.554279,0.746983,0.336142,part2a21_alpha_positions.csv,part2a21_alpha_eligibility.csv,artifacts_part2_g532/predictions/g532_final_consensus_tape.csv
2022-04-29,1.0,0.000221,1,1,0.016081,0,0.14115,0,VOO,0.016081,0.016081,0.0,0.0,0.000221,0.013743,0.016081,0.233482990696432,0.734951369962452,1,ok,1,0,0.163427,0.200271,0.55651,0.745061,0.335278,part2a21_alpha_positions.csv,part2a21_alpha_eligibility.csv,artifacts_part2_g532/predictions/g532_final_consensus_tape.csv
2022-05-02,1.0,-7e-06,1,1,0.002118,0,0.232157,0,VOO,0.002118,0.002118,0.013962,1.4e-05,7e-06,0.003144,0.002118,0.2118371642961215,0.6338991780844064,1,ok,1,0,0.16815,0.191362,0.53976,0.749404,0.562053,part2a21_alpha_positions.csv,part2a21_alpha_eligibility.csv,artifacts_part2_g532/predictions/g532_final_consensus_tape.csv
2022-05-03,1.0,5e-05,1,1,0.002118,0,0.243522,0,VOO,0.002118,0.002118,0.0,0.0,5e-05,0.023436,0.002118,0.224953105600892,0.703946150997921,1,ok,1,0,0.167059,0.19315,0.543122,0.748597,0.561447,part2a21_alpha_positions.csv,part2a21_alpha_eligibility.csv,artifacts_part2_g532/predictions/g532_final_consensus_tape.csv
2022-05-04,-1.0,-5.4e-05,1,0,0.002118,0,0.122672,0,VOO,0.002118,0.002118,0.0,0.0,-5.4e-05,-0.025674,0.002118,0.2231870627462249,0.6845912317324272,0,high_risk_veto,1,0,0.15457,0.177813,0.514289,0.765351,0.298487,part2a21_alpha_positions.csv,part2a21_alpha_eligibility.csv,artifacts_part2_g532/predictions/g532_final_consensus_tape.csv
2022-05-05,-1.0,-1e-06,1,0,0.002118,0,0.113851,0,VOO,0.002118,0.002118,0.0,0.0,-1e-06,-0.00058,0.002118,0.2333719234977287,0.7358145887917836,0,high_risk_veto,1,0,0.180906,0.210183,0.575144,0.73,0.2847,part2a21_alpha_positions.csv,part2a21_alpha_eligibility.csv,artifacts_part2_g532/predictions/g532_final_consensus_tape.csv
2022-05-06,-1.0,-8.5e-05,1,0,0.002118,0,0.117437,0,VOO,0.002118,0.002118,0.0,0.0,-8.5e-05,-0.040191,0.002118,0.2293455888934063,0.7193549830358822,0,high_risk_veto,1,0,0.224719,0.190001,0.537202,0.724936,0.282725,part2a21_alpha_positions.csv,part2a21_alpha_eligibility.csv,artifacts_part2_g532/predictions/g532_final_consensus_tape.csv
2022-05-09,,,0,0,0.0,0,0.101326,0,FLAT,0.0,0.0,0.002118,2e-06,,-0.000767,0.0,0.2340267810686768,0.7362995063719199,0,high_risk_veto,1,1,0.1866,0.331636,0.620645,0.675829,0.263573,part2a21_alpha_positions.csv,part2a21_alpha_eligibility.csv,artifacts_part2_g532/predictions/g532_final_consensus_tape.csv
2022-05-10,,,0,0,0.0,0,0.112467,0,FLAT,0.0,0.0,0.0,0.0,,-0.022388,0.0,0.2202220487167145,0.6791863724306015,0,high_risk_veto,1,1,0.244285,0.200024,0.556045,0.708854,0.276453,part2a21_alpha_positions.csv,part2a21_alpha_eligibility.csv,artifacts_part2_g532/predictions/g532_final_consensus_tape.csv
2022-05-11,,,0,0,0.0,0,0.117583,0,FLAT,0.0,0.0,0.0,0.0,,-0.004078,0.0,0.236732116702673,0.7462718836712098,0,high_risk_veto,1,0,0.154067,0.199485,0.555032,0.749844,0.292439,part2a21_alpha_positions.csv,part2a21_alpha_eligibility.csv,artifacts_part2_g532/predictions/g532_final_consensus_tape.csv
2022-05-12,,,0,0,0.0,0,0.12594,0,FLAT,0.0,0.0,0.0,0.0,,0.028571,0.0,0.2234063696804956,0.7009771934993401,0,high_risk_veto,1,0,0.164665,0.1975,0.5513,0.746516,0.291141,part2a21_alpha_positions.csv,part2a21_alpha_eligibility.csv,artifacts_part2_g532/predictions/g532_final_consensus_tape.csv
2022-05-13,,,0,0,0.0,0,0.12253,0,FLAT,0.0,0.0,0.0,0.0,,-0.007764,0.0,0.215292692592132,0.6586397244303088,0,high_risk_veto,1,0,0.175054,0.186195,0.530047,0.750048,0.292519,part2a21_alpha_positions.csv,part2a21_alpha_eligibility.csv,artifacts_part2_g532/predictions/g532_final_consensus_tape.csv
2022-05-16,,,0,0,0.0,0,0.124077,0,FLAT,0.0,0.0,0.0,0.0,,0.02741,0.0,0.2141534114644879,0.6463433788249152,0,high_risk_veto,1,0,0.16778,0.197907,0.552064,0.744819,0.290479,part2a21_alpha_positions.csv,part2a21_alpha_eligibility.csv,artifacts_part2_g532/predictions/g532_final_consensus_tape.csv
2022-05-17,,,0,0,0.0,0,0.118088,0,FLAT,0.0,0.0,0.0,0.0,,-0.047524,0.0,0.2143183474370383,0.6376352248925284,0,high_risk_veto,1,0,0.165853,0.188648,0.534659,0.752408,0.293439,part2a21_alpha_positions.csv,part2a21_alpha_eligibility.csv,artifacts_part2_g532/predictions/g532_final_consensus_tape.csv
2022-05-18,,,0,0,0.0,0,0.090935,0,FLAT,0.0,0.0,0.0,0.0,,-0.010297,0.0,0.205759848233455,0.6225112409373569,0,high_risk_veto,1,1,0.264947,0.40582,0.646162,0.609505,0.237707,part2a21_alpha_positions.csv,part2a21_alpha_eligibility.csv,artifacts_part2_g532/predictions/g532_final_consensus_tape.csv
2022-05-19,,,0,0,0.0,0,0.103542,0,FLAT,0.0,0.0,0.0,0.0,,-0.004382,0.0,0.1940162470199845,0.5704016774756692,0,high_risk_veto,1,1,0.247049,0.249686,0.591425,0.683153,0.26643,part2a21_alpha_positions.csv,part2a21_alpha_eligibility.csv,artifacts_part2_g532/predictions/g532_final_consensus_tape.csv
2022-05-20,,,0,0,0.0,0,0.102879,0,FLAT,0.0,0.0,0.0,0.0,,0.024873,0.0,0.2028611522075595,0.5939980821384717,0,high_risk_veto,1,1,0.231385,0.280442,0.602525,0.677217,0.264115,part2a21_alpha_positions.csv,part2a21_alpha_eligibility.csv,artifacts_part2_g532/predictions/g532_final_consensus_tape.csv
2022-05-23,,,0,0,0.0,0,0.115568,0,FLAT,0.0,0.0,0.0,0.0,,-0.015822,0.0,0.2189488430378696,0.6413514803815087,0,high_risk_veto,1,0,0.166183,0.198359,0.552915,0.745209,0.290632,part2a21_alpha_positions.csv,part2a21_alpha_eligibility.csv,artifacts_part2_g532/predictions/g532_final_consensus_tape.csv
2022-05-24,,,0,0,0.0,0,0.108851,0,FLAT,0.0,0.0,0.0,0.0,,0.006288,0.0,0.2244547203633552,0.6603776427600078,0,high_risk_veto,1,1,0.188043,0.250936,0.591879,0.709177,0.276579,part2a21_alpha_positions.csv,part2a21_alpha_eligibility.csv,artifacts_part2_g532/predictions/g532_final_consensus_tape.csv
2022-05-25,,,0,0,0.0,0,0.112187,0,FLAT,0.0,0.0,0.0,0.0,,0.020164,0.0,0.199863453808792,0.5603433363781805,0,high_risk_veto,1,0,0.223493,0.203857,0.563251,0.715428,0.279017,part2a21_alpha_positions.csv,part2a21_alpha_eligibility.csv,artifacts_part2_g532/predictions/g532_final_consensus_tape.csv
2022-05-26,,,0,0,0.0,0,0.116244,0,FLAT,0.0,0.0,0.0,0.0,,0.023329,0.0,0.2138103280152689,0.6096532145036778,0,high_risk_veto,1,0,0.155181,0.189629,0.536502,0.756498,0.295034,part2a21_alpha_positions.csv,part2a21_alpha_eligibility.csv,artifacts_part2_g532/predictions/g532_final_consensus_tape.csv
2022-05-27,,,0,0,0.0,0,0.114748,0,FLAT,0.0,0.0,0.0,0.0,,0.0,0.0,0.2104777546390566,0.6029337604290821,0,high_risk_veto,1,0,0.173606,0.206688,0.568573,0.735822,0.286971,part2a21_alpha_positions.csv,part2a21_alpha_eligibility.csv,artifacts_part2_g532/predictions/g532_final_consensus_tape.csv
2022-05-30,,,0,0,0.0,0,0.1184,0,FLAT,0.0,0.0,0.0,0.0,,0.004927,0.0,0.2123709732854533,0.6022344205312385,0,high_risk_veto,1,0,0.159491,0.188916,0.535162,0.755076,0.29448,part2a21_alpha_positions.csv,part2a21_alpha_eligibility.csv,artifacts_part2_g532/predictions/g532_final_consensus_tape.csv
2022-05-31,,,0,0,0.0,0,0.123887,0,FLAT,0.0,0.0,0.0,0.0,,-0.002764,0.0,0.2261668387920027,0.6404163088266586,0,high_risk_veto,1,0,0.156043,0.188588,0.534546,0.756865,0.295177,part2a21_alpha_positions.csv,part2a21_alpha_eligibility.csv,artifacts_part2_g532/predictions/g532_final_consensus_tape.csv
2022-06-01,,,0,1,0.0,0,0.1764,0,FLAT,0.0,0.0,0.0,0.0,,0.017352,0.0,0.2131239647800183,0.6350536907436114,1,ok,1,0,0.170001,0.197369,0.551053,0.74421,0.334894,part2a21_alpha_positions.csv,part2a21_alpha_eligibility.csv,artifacts_part2_g532/predictions/g532_final_consensus_tape.csv
2022-06-02,,,0,0,0.0,0,0.302831,0,FLAT,0.0,0.0,0.0,0.0,,-0.014371,0.0,0.2167944880972593,0.649296812484652,0,weak_score,1,0,0.165404,0.188872,0.535079,0.752447,0.564336,part2a21_alpha_positions.csv,part2a21_alpha_eligibility.csv,artifacts_part2_g532/predictions/g532_final_consensus_tape.csv
2022-06-03,,,0,1,0.0,0,0.293431,0,FLAT,0.0,0.0,0.0,0.0,,0.010261,0.0,0.2245399419894942,0.654441183502305,1,ok,1,0,0.156944,0.182863,0.523783,0.760616,0.570462,part2a21_alpha_positions.csv,part2a21_alpha_eligibility.csv,artifacts_part2_g532/predictions/g532_final_consensus_tape.csv
2022-06-06,,,0,0,0.0,0,0.307163,0,FLAT,0.0,0.0,0.0,0.0,,0.005709,0.0,0.2277086122162074,0.6567619099924604,0,weak_score,1,0,0.156841,0.182677,0.523433,0.760798,0.570599,part2a21_alpha_positions.csv,part2a21_alpha_eligibility.csv,artifacts_part2_g532/predictions/g532_final_consensus_tape.csv
2022-06-07,,,0,1,0.0,0,0.332924,0,FLAT,0.0,0.0,0.0,0.0,,-0.007273,0.0,0.2133448736371064,0.6342234730299116,1,ok,1,0,0.152972,0.179819,0.518059,0.764614,0.573461,part2a21_alpha_positions.csv,part2a21_alpha_eligibility.csv,artifacts_part2_g532/predictions/g532_final_consensus_tape.csv
2022-06-08,,,0,0,0.0,0,0.323876,0,FLAT,0.0,0.0,0.0,0.0,,-0.022916,0.0,0.2222633024147546,0.6547915658108535,0,weak_score,1,0,0.151957,0.175824,0.51055,0.767971,0.575978,part2a21_alpha_positions.csv,part2a21_alpha_eligibility.csv,artifacts_part2_g532/predictions/g532_final_consensus_tape.csv
2022-06-09,,,0,1,0.0,0,0.300219,0,FLAT,0.0,0.0,0.0,0.0,,-0.019902,0.0,0.2179776761492638,0.6486928943924867,1,ok,1,0,0.158592,0.185872,0.529439,0.757691,0.568268,part2a21_alpha_positions.csv,part2a21_alpha_eligibility.csv,artifacts_part2_g532/predictions/g532_final_consensus_tape.csv
2022-06-10,,,0,1,0.0,0,0.181549,0,FLAT,0.0,0.0,0.0,0.0,,-0.021379,0.0,0.2120432907353262,0.6711039053829041,1,ok,1,0,0.169885,0.20113,0.558125,0.741531,0.333689,part2a21_alpha_positions.csv,part2a21_alpha_eligibility.csv,artifacts_part2_g532/predictions/g532_final_consensus_tape.csv
2022-06-13,1.0,2.6e-05,1,1,0.005724,0,0.169845,0,VOO,0.005724,0.005724,0.005724,6e-06,3.2e-05,0.005517,0.005724,0.2447089937755308,0.7508715138620589,1,ok,1,0,0.176537,0.234025,0.585707,0.721508,0.324679,part2a21_alpha_positions.csv,part2a21_alpha_eligibility.csv,artifacts_part2_g532/predictions/g532_final_consensus_tape.csv
2022-06-14,1.0,2e-06,1,1,0.005724,0,0.154068,0,VOO,0.005724,0.005724,0.0,0.0,2e-06,0.000355,0.005724,0.2019886998487979,0.6711094955836474,1,ok,1,1,0.227904,0.335783,0.622094,0.655501,0.294975,part2a21_alpha_positions.csv,part2a21_alpha_eligibility.csv,artifacts_part2_g532/predictions/g532_final_consensus_tape.csv
2022-06-15,-1.0,-0.000228,1,0,0.005724,0,0.138674,0,VOO,0.005724,0.005724,0.0,0.0,-0.000228,-0.039915,0.005724,0.2227805401455164,0.5025850562479165,0,weak_score,1,1,0.237443,0.48985,0.65,0.591703,0.266266,part2a21_alpha_positions.csv,part2a21_alpha_eligibility.csv,artifacts_part2_g532/predictions/g532_final_consensus_tape.csv
2022-06-16,1.0,1.3e-05,1,0,0.005724,0,0.106358,0,VOO,0.005724,0.005724,0.0,0.0,1.3e-05,0.002308,0.005724,0.2288031406882788,0.5701812175644795,0,high_risk_veto,1,1,0.240814,0.602629,0.65,0.550714,0.214778,part2a21_alpha_positions.csv,part2a21_alpha_eligibility.csv,artifacts_part2_g532/predictions/g532_final_consensus_tape.csv
2022-06-17,0.0,0.0,1,0,0.005724,0,0.044681,0,VOO,0.005724,0.005724,0.0,0.0,0.0,0.0,0.005724,0.2520924338505231,0.7517074534168996,0,high_risk_veto,1,1,0.336592,0.446457,0.65,0.562274,0.091369,part2a21_alpha_positions.csv,part2a21_alpha_eligibility.csv,artifacts_part2_g532/predictions/g532_final_consensus_tape.csv
2022-06-20,,,0,0,0.0,0,0.145315,0,FLAT,0.0,0.0,0.005724,6e-06,,0.029408,0.0,0.2270915555667708,0.5627177541322783,0,high_risk_veto,1,0,0.170295,0.206242,0.567734,0.737636,0.287678,part2a21_alpha_positions.csv,part2a21_alpha_eligibility.csv,artifacts_part2_g532/predictions/g532_final_consensus_tape.csv
2022-06-21,,,0,0,0.0,0,0.040786,0,FLAT,0.0,0.0,0.0,0.0,,-0.014672,0.0,0.2401886775791872,0.6740984533288509,0,high_risk_veto,1,1,0.323115,0.47064,0.65,0.559874,0.09098,part2a21_alpha_positions.csv,part2a21_alpha_eligibility.csv,artifacts_part2_g532/predictions/g532_final_consensus_tape.csv
2022-06-22,,,0,0,0.0,0,0.118119,0,FLAT,0.0,0.0,0.0,0.0,,0.004821,0.0,0.2207805703274148,0.5147290521017867,0,high_risk_veto,1,1,0.210598,0.300277,0.609598,0.678215,0.264504,part2a21_alpha_positions.csv,part2a21_alpha_eligibility.csv,artifacts_part2_g532/predictions/g532_final_consensus_tape.csv
2022-06-23,,,0,0,0.0,0,0.105479,0,FLAT,0.0,0.0,0.0,0.0,,0.034212,0.0,0.2392790746875057,0.6835105645738796,0,high_risk_veto,1,1,0.310646,0.381034,0.637729,0.599302,0.233728,part2a21_alpha_positions.csv,part2a21_alpha_eligibility.csv,artifacts_part2_g532/predictions/g532_final_consensus_tape.csv
2022-06-24,,,0,0,0.0,0,0.11521,0,FLAT,0.0,0.0,0.0,0.0,,0.001894,0.0,0.2236436150518501,0.5449755327012107,0,high_risk_veto,1,1,0.191269,0.249648,0.591411,0.70827,0.276225,part2a21_alpha_positions.csv,part2a21_alpha_eligibility.csv,artifacts_part2_g532/predictions/g532_final_consensus_tape.csv
2022-06-27,,,0,0,0.0,0,0.119649,0,FLAT,0.0,0.0,0.0,0.0,,-0.023137,0.0,0.2129908740242007,0.4668819372578143,0,high_risk_veto,1,1,0.188138,0.249666,0.591417,0.709671,0.276772,part2a21_alpha_positions.csv,part2a21_alpha_eligibility.csv,artifacts_part2_g532/predictions/g532_final_consensus_tape.csv
2022-06-28,,,0,0,0.0,0,0.115717,0,FLAT,0.0,0.0,0.0,0.0,,-0.007519,0.0,0.2059894993052023,0.3879370066513365,0,high_risk_veto,1,0,0.219532,0.208662,0.572284,0.713722,0.278352,part2a21_alpha_positions.csv,part2a21_alpha_eligibility.csv,artifacts_part2_g532/predictions/g532_final_consensus_tape.csv
2022-06-29,,,0,0,0.0,0,0.118101,0,FLAT,0.0,0.0,0.0,0.0,,-0.015579,0.0,0.2198650309252312,0.5186577226804832,0,high_risk_veto,1,0,0.180055,0.210034,0.574864,0.730491,0.284891,part2a21_alpha_positions.csv,part2a21_alpha_eligibility.csv,artifacts_part2_g532/predictions/g532_final_consensus_tape.csv
2022-06-30,,,0,0,0.0,0,0.128654,0,FLAT,0.0,0.0,0.0,0.0,,-0.000452,0.0,0.2183314207245276,0.5048164617350056,0,high_risk_veto,1,1,0.184674,0.231625,0.584827,0.718862,0.280356,part2a21_alpha_positions.csv,part2a21_alpha_eligibility.csv,artifacts_part2_g532/predictions/g532_final_consensus_tape.csv
2022-07-01,,,0,0,0.0,0,0.13126,0,FLAT,0.0,0.0,0.0,0.0,,0.0,0.0,0.213425342274786,0.4488899761259843,0,high_risk_veto,1,0,0.171641,0.211156,0.576974,0.733462,0.28605,part2a21_alpha_positions.csv,part2a21_alpha_eligibility.csv,artifacts_part2_g532/predictions/g532_final_consensus_tape.csv
2022-07-04,,,0,0,0.0,0,0.132448,0,FLAT,0.0,0.0,0.0,0.0,,-0.001907,0.0,0.210868115065862,0.4277326309876543,0,high_risk_veto,1,0,0.166065,0.205469,0.566282,0.7401,0.288639,part2a21_alpha_positions.csv,part2a21_alpha_eligibility.csv,artifacts_part2_g532/predictions/g532_final_consensus_tape.csv
2022-07-05,,,0,0,0.0,0,0.140216,0,FLAT,0.0,0.0,0.0,0.0,,0.01214,0.0,0.2013400840593,0.3498448665741385,0,high_risk_veto,1,0,0.219276,0.204928,0.565265,0.716548,0.279454,part2a21_alpha_positions.csv,part2a21_alpha_eligibility.csv,artifacts_part2_g532/predictions/g532_final_consensus_tape.csv
2022-07-06,,,0,0,0.0,0,0.14611,0,FLAT,0.0,0.0,0.0,0.0,,0.020718,0.0,0.2073583301586061,0.3956504455907165,0,high_risk_veto,1,0,0.166603,0.198421,0.553031,0.744975,0.29054,part2a21_alpha_positions.csv,part2a21_alpha_eligibility.csv,artifacts_part2_g532/predictions/g532_final_consensus_tape.csv
2022-07-07,,,0,0,0.0,0,0.135415,0,FLAT,0.0,0.0,0.0,0.0,,0.005503,0.0,0.209445263945207,0.4130134798493279,0,high_risk_veto,1,0,0.225954,0.198567,0.553307,0.718161,0.280083,part2a21_alpha_positions.csv,part2a21_alpha_eligibility.csv,artifacts_part2_g532/predictions/g532_final_consensus_tape.csv
2022-07-08,,,0,0,0.0,0,0.180736,0,FLAT,0.0,0.0,0.0,0.0,,-0.019223,0.0,0.205187973443233,0.3885385079329415,0,weak_score,1,0,0.213174,0.197834,0.551927,0.724444,0.326,part2a21_alpha_positions.csv,part2a21_alpha_eligibility.csv,artifacts_part2_g532/predictions/g532_final_consensus_tape.csv
2022-07-11,,,0,0,0.0,0,0.170962,0,FLAT,0.0,0.0,0.0,0.0,,-0.011615,0.0,0.1992990254229443,0.3121548091603258,0,weak_score,1,0,0.21303,0.212536,0.577787,0.714192,0.321386,part2a21_alpha_positions.csv,part2a21_alpha_eligibility.csv,artifacts_part2_g532/predictions/g532_final_consensus_tape.csv
2022-07-12,,,0,0,0.0,0,0.181639,0,FLAT,0.0,0.0,0.0,0.0,,-0.00895,0.0,0.2101454675475213,0.427416599751339,0,weak_score,1,1,0.187733,0.222671,0.581533,0.721279,0.324576,part2a21_alpha_positions.csv,part2a21_alpha_eligibility.csv,artifacts_part2_g532/predictions/g532_final_consensus_tape.csv
2022-07-13,,,0,0,0.0,0,0.190211,0,FLAT,0.0,0.0,0.0,0.0,,0.002906,0.0,0.2210214958847476,0.561021337037246,0,weak_score,1,0,0.138792,0.198405,0.553001,0.757502,0.340876,part2a21_alpha_positions.csv,part2a21_alpha_eligibility.csv,artifacts_part2_g532/predictions/g532_final_consensus_tape.csv
2022-07-14,,,0,0,0.0,0,0.19646,0,FLAT,0.0,0.0,0.0,0.0,,0.01532,0.0,0.2182683520227488,0.5159668442125679,0,weak_score,1,0,0.141666,0.197081,0.550513,0.757169,0.340726,part2a21_alpha_positions.csv,part2a21_alpha_eligibility.csv,artifacts_part2_g532/predictions/g532_final_consensus_tape.csv
2022-07-15,,,0,0,0.0,0,0.318913,0,FLAT,0.0,0.0,0.0,0.0,,-0.005387,0.0,0.2182764084307023,0.5131505882666209,0,weak_score,1,0,0.141358,0.188004,0.533448,0.763898,0.572923,part2a21_alpha_positions.csv,part2a21_alpha_eligibility.csv,artifacts_part2_g532/predictions/g532_final_consensus_tape.csv
2022-07-18,,,0,0,0.0,0,0.319384,0,FLAT,0.0,0.0,0.0,0.0,,0.031381,0.0,0.2227478275142234,0.5937725644309312,0,weak_score,1,0,0.12986,0.186673,0.530946,0.770038,0.577529,part2a21_alpha_positions.csv,part2a21_alpha_eligibility.csv,artifacts_part2_g532/predictions/g532_final_consensus_tape.csv
2022-07-19,,,0,0,0.0,0,0.288878,0,FLAT,0.0,0.0,0.0,0.0,,0.007366,0.0,0.2190951681663523,0.5298771718027845,0,weak_score,1,0,0.132622,0.180624,0.519573,0.773187,0.57989,part2a21_alpha_positions.csv,part2a21_alpha_eligibility.csv,artifacts_part2_g532/predictions/g532_final_consensus_tape.csv
2022-07-20,,,0,0,0.0,0,0.169285,0,FLAT,0.0,0.0,0.0,0.0,,-0.00126,0.0,0.2246609363638835,0.6209218250637872,0,weak_score,1,0,0.144196,0.204605,0.564658,0.750568,0.337756,part2a21_alpha_positions.csv,part2a21_alpha_eligibility.csv,artifacts_part2_g532/predictions/g532_final_consensus_tape.csv
2022-07-21,,,0,0,0.0,0,0.176415,0,FLAT,0.0,0.0,0.0,0.0,,-0.020539,0.0,0.2218269683124801,0.5591585463749821,0,weak_score,1,0,0.140555,0.202267,0.560261,0.753905,0.339257,part2a21_alpha_positions.csv,part2a21_alpha_eligibility.csv,artifacts_part2_g532/predictions/g532_final_consensus_tape.csv
2022-07-22,,,0,0,0.0,0,0.29058,0,FLAT,0.0,0.0,0.0,0.0,,0.004547,0.0,0.2242066641706157,0.6112411553297585,0,weak_score,1,0,0.124227,0.174363,0.507802,0.78151,0.586133,part2a21_alpha_positions.csv,part2a21_alpha_eligibility.csv,artifacts_part2_g532/predictions/g532_final_consensus_tape.csv
2022-07-25,,,0,0,0.0,0,0.297822,0,FLAT,0.0,0.0,0.0,0.0,,-0.012448,0.0,0.2201099653066321,0.5406992363214304,0,weak_score,1,0,0.135534,0.185443,0.528633,0.768378,0.576284,part2a21_alpha_positions.csv,part2a21_alpha_eligibility.csv,artifacts_part2_g532/predictions/g532_final_consensus_tape.csv
2022-07-26,,,0,0,0.0,0,0.295839,0,FLAT,0.0,0.0,0.0,0.0,,0.023837,0.0,0.2234737414388591,0.6000778832160308,0,weak_score,1,0,0.128974,0.193664,0.544088,0.765362,0.574021,part2a21_alpha_positions.csv,part2a21_alpha_eligibility.csv,artifacts_part2_g532/predictions/g532_final_consensus_tape.csv
2022-07-27,,,0,0,0.0,0,0.291166,0,FLAT,0.0,0.0,0.0,0.0,,0.002716,0.0,0.2200466559294647,0.5470403949660397,0,weak_score,1,0,0.129366,0.173711,0.506576,0.779671,0.584754,part2a21_alpha_positions.csv,part2a21_alpha_eligibility.csv,artifacts_part2_g532/predictions/g532_final_consensus_tape.csv
2022-07-28,,,0,0,0.0,0,0.288084,0,FLAT,0.0,0.0,0.0,0.0,,0.014166,0.0,0.2239304937056634,0.608751704861222,0,weak_score,1,0,0.133202,0.182624,0.523333,0.771474,0.578606,part2a21_alpha_positions.csv,part2a21_alpha_eligibility.csv,artifacts_part2_g532/predictions/g532_final_consensus_tape.csv
2022-07-29,,,0,0,0.0,0,0.289293,0,FLAT,0.0,0.0,0.0,0.0,,-0.008846,0.0,0.2203397013677831,0.543982396952187,0,weak_score,1,0,0.129598,0.1832,0.524415,0.772678,0.579508,part2a21_alpha_positions.csv,part2a21_alpha_eligibility.csv,artifacts_part2_g532/predictions/g532_final_consensus_tape.csv
2022-08-01,,,0,0,0.0,0,0.288814,0,FLAT,0.0,0.0,0.0,0.0,,0.00744,0.0,0.2217670099613108,0.5712572850308543,0,weak_score,1,0,0.126674,0.177526,0.513749,0.778113,0.583585,part2a21_alpha_positions.csv,part2a21_alpha_eligibility.csv,artifacts_part2_g532/predictions/g532_final_consensus_tape.csv
2022-08-02,,,0,0,0.0,0,0.317919,0,FLAT,0.0,0.0,0.0,0.0,,0.011377,0.0,0.2174298957970619,0.4739945580545823,0,weak_score,1,0,0.132001,0.178048,0.51473,0.775337,0.581502,part2a21_alpha_positions.csv,part2a21_alpha_eligibility.csv,artifacts_part2_g532/predictions/g532_final_consensus_tape.csv
2022-08-03,,,0,0,0.0,0,0.182359,0,FLAT,0.0,0.0,0.0,0.0,,-0.005844,0.0,0.2183850307579635,0.4870067557374235,0,weak_score,1,0,0.14104,0.210476,0.575694,0.747727,0.336477,part2a21_alpha_positions.csv,part2a21_alpha_eligibility.csv,artifacts_part2_g532/predictions/g532_final_consensus_tape.csv
2022-08-04,,,0,0,0.0,0,0.180932,0,FLAT,0.0,0.0,0.0,0.0,,0.012491,0.0,0.2177975047219593,0.4712584944433156,0,weak_score,1,0,0.141403,0.211074,0.57682,0.747129,0.336208,part2a21_alpha_positions.csv,part2a21_alpha_eligibility.csv,artifacts_part2_g532/predictions/g532_final_consensus_tape.csv
2022-08-05,,,0,0,0.0,0,0.341353,0,FLAT,0.0,0.0,0.0,0.0,,-0.006767,0.0,0.2160592137772608,0.4746812643240658,0,weak_score,1,0,0.126006,0.170739,0.50099,0.783341,0.587506,part2a21_alpha_positions.csv,part2a21_alpha_eligibility.csv,artifacts_part2_g532/predictions/g532_final_consensus_tape.csv
2022-08-08,-1.0,-9e-06,1,1,0.004698,0,0.334999,0,VOO,0.004698,0.004698,0.004698,5e-06,-5e-06,-0.000979,0.004698,0.2194962455314104,0.5272693660969804,1,ok,1,0,0.116167,0.173792,0.50673,0.785552,0.589164,part2a21_alpha_positions.csv,part2a21_alpha_eligibility.csv,artifacts_part2_g532/predictions/g532_final_consensus_tape.csv
2022-08-09,1.0,9.5e-05,1,1,0.004698,0,0.349975,0,VOO,0.004698,0.004698,0.0,0.0,9.5e-05,0.020151,0.004698,0.2156662737957287,0.4694341112113556,1,ok,1,0,0.120262,0.173861,0.506858,0.78366,0.587745,part2a21_alpha_positions.csv,part2a21_alpha_eligibility.csv,artifacts_part2_g532/predictions/g532_final_consensus_tape.csv
2022-08-10,1.0,3.1e-05,1,0,0.004698,0,0.34269,0,VOO,0.004698,0.004698,0.0,0.0,3.1e-05,0.00666,0.004698,0.204002539000334,0.4484255653472382,0,weak_score,1,0,0.174668,0.189813,0.536849,0.747595,0.560696,part2a21_alpha_positions.csv,part2a21_alpha_eligibility.csv,artifacts_part2_g532/predictions/g532_final_consensus_tape.csv
2022-08-11,1.0,6.1e-05,1,0,0.004698,0,0.348142,0,VOO,0.004698,0.004698,0.0,0.0,6.1e-05,0.013014,0.004698,0.1936205589924009,0.3364863497086465,0,weak_score,1,0,0.159074,0.183273,0.524554,0.75936,0.56952,part2a21_alpha_positions.csv,part2a21_alpha_eligibility.csv,artifacts_part2_g532/predictions/g532_final_consensus_tape.csv
2022-08-12,1.0,5e-06,1,0,0.004698,0,0.35115,0,VOO,0.004698,0.004698,0.0,0.0,5e-06,0.001091,0.004698,0.1901906014351428,0.3230571227629598,0,weak_score,1,0,0.159309,0.17865,0.515862,0.762611,0.571958,part2a21_alpha_positions.csv,part2a21_alpha_eligibility.csv,artifacts_part2_g532/predictions/g532_final_consensus_tape.csv
2022-08-15,1.0,0.0,1,1,0.001317,0,0.375337,0,VOO,0.001317,0.001317,0.003381,3e-06,4e-06,0.002903,0.001317,0.1892885031837381,0.3167974964465035,1,ok,1,0,0.142808,0.164264,0.488815,0.780481,0.585361,part2a21_alpha_positions.csv,part2a21_alpha_eligibility.csv,artifacts_part2_g532/predictions/g532_final_consensus_tape.csv
2022-08-16,-1.0,-0.0,1,1,0.001317,0,0.369094,0,VOO,0.001317,0.001317,0.0,0.0,-0.0,-9.6e-05,0.001317,0.1960581188050648,0.3732988379979736,1,ok,1,0,0.154575,0.17371,0.506574,0.768328,0.576246,part2a21_alpha_positions.csv,part2a21_alpha_eligibility.csv,artifacts_part2_g532/predictions/g532_final_consensus_tape.csv
2022-08-17,1.0,2e-06,1,1,0.001317,0,0.38126,0,VOO,0.001317,0.001317,0.0,0.0,2e-06,0.001143,0.001317,0.2099813555758817,0.4932047900055665,1,ok,1,0,0.118938,0.166106,0.492279,0.789885,0.592414,part2a21_alpha_positions.csv,part2a21_alpha_eligibility.csv,artifacts_part2_g532/predictions/g532_final_consensus_tape.csv
2022-08-18,-1.0,-7e-06,1,1,0.001317,0,0.391661,0,VOO,0.001317,0.001317,0.0,0.0,-7e-06,-0.005246,0.001317,0.2071186713890404,0.4763709987092319,1,ok,1,0,0.118276,0.166221,0.492495,0.790099,0.592574,part2a21_alpha_positions.csv,part2a21_alpha_eligibility.csv,artifacts_part2_g532/predictions/g532_final_consensus_tape.csv
2022-08-19,-1.0,-2.2e-05,1,1,0.001317,0,0.38059,0,VOO,0.001317,0.001317,0.0,0.0,-2.2e-05,-0.0169,0.001317,0.2043559352715875,0.4536443219382238,1,ok,1,0,0.151432,0.171576,0.502563,0.771292,0.578469,part2a21_alpha_positions.csv,part2a21_alpha_eligibility.csv,artifacts_part2_g532/predictions/g532_final_consensus_tape.csv
2022-08-22,1.0,-1e-06,1,1,0.002862,0,0.188318,0,VOO,0.002862,0.002862,0.001546,2e-06,0.0,8.2e-05,0.002862,0.2286977640143483,0.6332898010465463,1,ok,1,1,0.212147,0.28524,0.604242,0.683851,0.307733,part2a21_alpha_positions.csv,part2a21_alpha_eligibility.csv,artifacts_part2_g532/predictions/g532_final_consensus_tape.csv
2022-08-23,1.0,1.8e-05,1,0,0.002862,0,0.20751,0,VOO,0.002862,0.002862,0.0,0.0,1.8e-05,0.006376,0.002862,0.2421150263965168,0.7214943052909947,0,deploy_downside_veto,1,0,0.136726,0.206407,0.568046,0.752621,0.33868,part2a21_alpha_positions.csv,part2a21_alpha_eligibility.csv,artifacts_part2_g532/predictions/g532_final_consensus_tape.csv
2022-08-24,1.0,2.3e-05,1,0,0.002862,0,0.226615,0,VOO,0.002862,0.002862,0.0,0.0,2.3e-05,0.008079,0.002862,0.2262332343322612,0.6086226892151437,0,weak_score,1,0,0.137588,0.19828,0.552767,0.758134,0.34116,part2a21_alpha_positions.csv,part2a21_alpha_eligibility.csv,artifacts_part2_g532/predictions/g532_final_consensus_tape.csv
2022-08-25,-1.0,-9.6e-05,1,0,0.002862,0,0.378927,0,VOO,0.002862,0.002862,0.0,0.0,-9.6e-05,-0.033698,0.002862,0.2330922577784275,0.6285231820682332,0,weak_score,1,0,0.131117,0.19332,0.543441,0.764647,0.573485,part2a21_alpha_positions.csv,part2a21_alpha_eligibility.csv,artifacts_part2_g532/predictions/g532_final_consensus_tape.csv
2022-08-26,-1.0,-3e-06,1,0,0.002862,0,0.174602,0,VOO,0.002862,0.002862,0.0,0.0,-3e-06,-0.000922,0.002862,0.2150759321555176,0.5149241606546648,0,weak_score,1,1,0.151077,0.31454,0.614642,0.698998,0.314549,part2a21_alpha_positions.csv,part2a21_alpha_eligibility.csv,artifacts_part2_g532/predictions/g532_final_consensus_tape.csv
2022-08-29,,,0,0,0.0,0,0.165832,0,FLAT,0.0,0.0,0.002862,3e-06,,-0.010627,0.0,0.2523460304114219,0.747911606920196,0,weak_score,1,1,0.227658,0.319856,0.616514,0.662301,0.298036,part2a21_alpha_positions.csv,part2a21_alpha_eligibility.csv,artifacts_part2_g532/predictions/g532_final_consensus_tape.csv
2022-08-30,,,0,1,0.0,0,0.170926,0,FLAT,0.0,0.0,0.0,0.0,,-0.003747,0.0,0.2111087566551513,0.4852743267085597,1,ok,1,1,0.211012,0.29373,0.607271,0.680785,0.306353,part2a21_alpha_positions.csv,part2a21_alpha_eligibility.csv,artifacts_part2_g532/predictions/g532_final_consensus_tape.csv
2022-08-31,,,0,0,0.0,0,0.16562,0,FLAT,0.0,0.0,0.0,0.0,,0.011061,0.0,0.2202069650676976,0.5506026849168454,0,weak_score,1,1,0.226113,0.334069,0.621496,0.657026,0.295662,part2a21_alpha_positions.csv,part2a21_alpha_eligibility.csv,artifacts_part2_g532/predictions/g532_final_consensus_tape.csv
2022-09-01,,,0,0,0.0,0,0.164027,0,FLAT,0.0,0.0,0.0,0.0,,-0.016128,0.0,0.2327851564754627,0.6514884468730072,0,weak_score,1,1,0.224276,0.298393,0.608929,0.672853,0.302784,part2a21_alpha_positions.csv,part2a21_alpha_eligibility.csv,artifacts_part2_g532/predictions/g532_final_consensus_tape.csv
2022-09-02,,,0,0,0.0,0,0.175082,0,FLAT,0.0,0.0,0.0,0.0,,0.0,0.0,0.2202457788117679,0.528504340747287,0,weak_score,1,0,0.139084,0.252609,0.592487,0.730502,0.328726,part2a21_alpha_positions.csv,part2a21_alpha_eligibility.csv,artifacts_part2_g532/predictions/g532_final_consensus_tape.csv
2022-09-05,,,0,0,0.0,0,0.179144,0,FLAT,0.0,0.0,0.0,0.0,,0.007842,0.0,0.2186954481819094,0.5387911848697776,0,weak_score,1,0,0.141635,0.240039,0.587908,0.734669,0.330601,part2a21_alpha_positions.csv,part2a21_alpha_eligibility.csv,artifacts_part2_g532/predictions/g532_final_consensus_tape.csv
2022-09-06,,,0,0,0.0,0,0.173639,0,FLAT,0.0,0.0,0.0,0.0,,0.01125,0.0,0.233540627251915,0.6446726588928827,0,weak_score,1,1,0.149753,0.257045,0.594096,0.723826,0.325722,part2a21_alpha_positions.csv,part2a21_alpha_eligibility.csv,artifacts_part2_g532/predictions/g532_final_consensus_tape.csv
2022-09-07,,,0,0,0.0,0,0.184112,0,FLAT,0.0,0.0,0.0,0.0,,0.01022,0.0,0.2107565086662526,0.6720034753756305,0,weak_score,1,0,0.088894,0.19935,0.554777,0.77927,0.350671,part2a21_alpha_positions.csv,part2a21_alpha_eligibility.csv,artifacts_part2_g532/predictions/g532_final_consensus_tape.csv
2022-09-08,,,0,0,0.0,0,0.30853,0,FLAT,0.0,0.0,0.0,0.0,,0.015214,0.0,0.2174719661428021,0.6328525545486962,0,weak_score,1,0,0.085327,0.188693,0.534744,0.788611,0.591458,part2a21_alpha_positions.csv,part2a21_alpha_eligibility.csv,artifacts_part2_g532/predictions/g532_final_consensus_tape.csv
2022-09-09,,,0,0,0.0,0,0.355786,0,FLAT,0.0,0.0,0.0,0.0,,0.013347,0.0,0.2186296795638093,0.6236728512828972,0,weak_score,1,0,0.087572,0.188084,0.533599,0.788043,0.591032,part2a21_alpha_positions.csv,part2a21_alpha_eligibility.csv,artifacts_part2_g532/predictions/g532_final_consensus_tape.csv
2022-09-12,,,0,0,0.0,0,0.348868,0,FLAT,0.0,0.0,0.0,0.0,,-0.038947,0.0,0.2071180908588912,0.7141094721047372,0,weak_score,1,0,0.090905,0.188439,0.534266,0.786286,0.589714,part2a21_alpha_positions.csv,part2a21_alpha_eligibility.csv,artifacts_part2_g532/predictions/g532_final_consensus_tape.csv
2022-09-13,,,0,1,0.0,0,0.155607,0,FLAT,0.0,0.0,0.0,0.0,,0.003224,0.0,0.2031342651060016,0.7265354190357569,1,ok,1,0,0.139293,0.278747,0.601918,0.719373,0.323718,part2a21_alpha_positions.csv,part2a21_alpha_eligibility.csv,artifacts_part2_g532/predictions/g532_final_consensus_tape.csv
2022-09-14,,,0,1,0.0,0,0.167128,0,FLAT,0.0,0.0,0.0,0.0,,-0.007786,0.0,0.2209286412191693,0.6675807180503766,1,ok,1,0,0.09653,0.20616,0.567581,0.770889,0.3469,part2a21_alpha_positions.csv,part2a21_alpha_eligibility.csv,artifacts_part2_g532/predictions/g532_final_consensus_tape.csv
2022-09-15,,,0,1,0.0,0,0.167495,0,FLAT,0.0,0.0,0.0,0.0,,-0.008704,0.0,0.2130923775384399,0.6984122889767918,1,ok,1,0,0.094708,0.20848,0.571943,0.770024,0.346511,part2a21_alpha_positions.csv,part2a21_alpha_eligibility.csv,artifacts_part2_g532/predictions/g532_final_consensus_tape.csv
2022-09-16,,,0,0,0.0,0,0.170635,0,FLAT,0.0,0.0,0.0,0.0,,0.010484,0.0,0.2133225573027209,0.7153920029644211,0,weak_score,1,0,0.092858,0.210631,0.575986,0.769296,0.346183,part2a21_alpha_positions.csv,part2a21_alpha_eligibility.csv,artifacts_part2_g532/predictions/g532_final_consensus_tape.csv
2022-09-19,,,0,0,0.0,0,0.27936,0,FLAT,0.0,0.0,0.0,0.0,,-0.005112,0.0,0.2066093395207379,0.7521449249488534,0,weak_score,1,0,0.130592,0.196351,0.549139,0.762683,0.572012,part2a21_alpha_positions.csv,part2a21_alpha_eligibility.csv,artifacts_part2_g532/predictions/g532_final_consensus_tape.csv
2022-09-20,,,0,0,0.0,0,0.165586,0,FLAT,0.0,0.0,0.0,0.0,,-0.021737,0.0,0.2006504253551728,0.7801936264474033,0,weak_score,1,0,0.137073,0.206181,0.567619,0.75263,0.338684,part2a21_alpha_positions.csv,part2a21_alpha_eligibility.csv,artifacts_part2_g532/predictions/g532_final_consensus_tape.csv
2022-09-21,,,0,0,0.0,0,0.165789,0,FLAT,0.0,0.0,0.0,0.0,,0.006713,0.0,0.209659497886286,0.7459703650380464,0,weak_score,1,0,0.093091,0.204807,0.565038,0.773419,0.348039,part2a21_alpha_positions.csv,part2a21_alpha_eligibility.csv,artifacts_part2_g532/predictions/g532_final_consensus_tape.csv
2022-09-22,,,0,0,0.0,0,0.166782,0,FLAT,0.0,0.0,0.0,0.0,,-0.018,0.0,0.2303029416615739,0.6452758459928987,0,weak_score,1,0,0.096075,0.205117,0.56562,0.771851,0.347333,part2a21_alpha_positions.csv,part2a21_alpha_eligibility.csv,artifacts_part2_g532/predictions/g532_final_consensus_tape.csv
2022-09-23,,,0,0,0.0,0,0.145331,0,FLAT,0.0,0.0,0.0,0.0,,0.007034,0.0,0.2050655819858339,0.7826337637943132,0,weak_score,1,1,0.169928,0.396339,0.642948,0.656224,0.295301,part2a21_alpha_positions.csv,part2a21_alpha_eligibility.csv,artifacts_part2_g532/predictions/g532_final_consensus_tape.csv
2022-09-26,,,0,0,0.0,0,0.135267,0,FLAT,0.0,0.0,0.0,0.0,,0.004023,0.0,0.2503020837027349,0.5418352103308802,0,weak_score,1,1,0.202155,0.522064,0.65,0.596308,0.268339,part2a21_alpha_positions.csv,part2a21_alpha_eligibility.csv,artifacts_part2_g532/predictions/g532_final_consensus_tape.csv
2022-09-27,,,0,0,0.0,0,0.181411,0,FLAT,0.0,0.0,0.0,0.0,,-0.002824,0.0,0.2306265300157307,0.6393210730639134,0,weak_score,1,1,0.111194,0.387762,0.640028,0.68624,0.308808,part2a21_alpha_positions.csv,part2a21_alpha_eligibility.csv,artifacts_part2_g532/predictions/g532_final_consensus_tape.csv
2022-09-28,,,0,0,0.0,0,0.190996,0,FLAT,0.0,0.0,0.0,0.0,,-0.016408,0.0,0.224537807719619,0.6352891977089418,0,weak_score,1,1,0.110424,0.315875,0.615113,0.716731,0.322529,part2a21_alpha_positions.csv,part2a21_alpha_eligibility.csv,artifacts_part2_g532/predictions/g532_final_consensus_tape.csv
2022-09-29,,,0,0,0.0,0,0.176403,0,FLAT,0.0,0.0,0.0,0.0,,-0.012754,0.0,0.2203371872441981,0.7053733494986908,0,weak_score,1,1,0.165787,0.345968,0.625641,0.679179,0.305631,part2a21_alpha_positions.csv,part2a21_alpha_eligibility.csv,artifacts_part2_g532/predictions/g532_final_consensus_tape.csv
2022-09-30,,,0,0,0.0,0,0.187914,0,FLAT,0.0,0.0,0.0,0.0,,0.014298,0.0,0.2194411721531051,0.6962028756604003,0,weak_score,1,1,0.102546,0.293442,0.607168,0.729716,0.328372,part2a21_alpha_positions.csv,part2a21_alpha_eligibility.csv,artifacts_part2_g532/predictions/g532_final_consensus_tape.csv
2022-10-03,,,0,0,0.0,0,0.182575,0,FLAT,0.0,0.0,0.0,0.0,,0.027845,0.0,0.2069842126250554,0.7774216638622499,0,weak_score,1,1,0.102604,0.305979,0.611619,0.724412,0.325985,part2a21_alpha_positions.csv,part2a21_alpha_eligibility.csv,artifacts_part2_g532/predictions/g532_final_consensus_tape.csv
2022-10-04,,,0,0,0.0,0,0.169598,0,FLAT,0.0,0.0,0.0,0.0,,0.007786,0.0,0.2050669116857181,0.7712353680838517,0,weak_score,1,0,0.132793,0.197962,0.552169,0.760522,0.342235,part2a21_alpha_positions.csv,part2a21_alpha_eligibility.csv,artifacts_part2_g532/predictions/g532_final_consensus_tape.csv
2022-10-05,,,0,0,0.0,0,0.179171,0,FLAT,0.0,0.0,0.0,0.0,,-0.005063,0.0,0.2155252829439546,0.6768220557491335,0,weak_score,1,0,0.122569,0.199628,0.555301,0.763914,0.343761,part2a21_alpha_positions.csv,part2a21_alpha_eligibility.csv,artifacts_part2_g532/predictions/g532_final_consensus_tape.csv
2022-10-06,,,0,0,0.0,0,0.299176,0,FLAT,0.0,0.0,0.0,0.0,,-0.023557,0.0,0.2346780191253207,0.7273516155828079,0,weak_score,1,0,0.123495,0.195964,0.548412,0.766157,0.574618,part2a21_alpha_positions.csv,part2a21_alpha_eligibility.csv,artifacts_part2_g532/predictions/g532_final_consensus_tape.csv
2022-10-07,,,0,1,0.0,0,0.174001,0,FLAT,0.0,0.0,0.0,0.0,,-0.0016,0.0,0.2426464074353778,0.7408842365216125,1,ok,1,0,0.123355,0.198914,0.553959,0.764079,0.343835,part2a21_alpha_positions.csv,part2a21_alpha_eligibility.csv,artifacts_part2_g532/predictions/g532_final_consensus_tape.csv
2022-10-10,-1.0,-2e-05,1,1,0.001943,0,0.172378,0,VOO,0.001943,0.001943,0.001943,2e-06,-1.8e-05,-0.009143,0.001943,0.2383863022252967,0.7480997475085737,1,ok,1,0,0.129823,0.211269,0.577185,0.752198,0.338489,part2a21_alpha_positions.csv,part2a21_alpha_eligibility.csv,artifacts_part2_g532/predictions/g532_final_consensus_tape.csv
2022-10-11,-1.0,-1.2e-05,1,1,0.001943,0,0.173364,0,VOO,0.001943,0.001943,0.0,0.0,-1.2e-05,-0.00637,0.001943,0.2454632513768407,0.7585748868616848,1,ok,1,0,0.126909,0.203667,0.562895,0.759028,0.341563,part2a21_alpha_positions.csv,part2a21_alpha_eligibility.csv,artifacts_part2_g532/predictions/g532_final_consensus_tape.csv
2022-10-12,1.0,5.8e-05,1,0,0.001943,0,0.172035,0,VOO,0.001943,0.001943,0.0,0.0,5.8e-05,0.03006,0.001943,0.2292198603649335,0.7252912880178788,0,weak_score,1,0,0.125236,0.210759,0.576227,0.754633,0.339585,part2a21_alpha_positions.csv,part2a21_alpha_eligibility.csv,artifacts_part2_g532/predictions/g532_final_consensus_tape.csv
2022-10-13,-1.0,-3.3e-05,1,0,0.001943,0,0.162716,0,VOO,0.001943,0.001943,0.0,0.0,-3.3e-05,-0.017167,0.001943,0.2510846641545375,0.7653808813254908,0,weak_score,1,0,0.124442,0.198023,0.552284,0.764236,0.343906,part2a21_alpha_positions.csv,part2a21_alpha_eligibility.csv,artifacts_part2_g532/predictions/g532_final_consensus_tape.csv
2022-10-14,1.0,4.7e-05,1,0,0.001943,0,0.159898,0,VOO,0.001943,0.001943,0.0,0.0,4.7e-05,0.02403,0.001943,0.2521559861802351,0.7651320744030773,0,weak_score,1,0,0.123777,0.202188,0.560113,0.761512,0.34268,part2a21_alpha_positions.csv,part2a21_alpha_eligibility.csv,artifacts_part2_g532/predictions/g532_final_consensus_tape.csv
2022-10-17,,,0,0,0.0,0,0.260526,0,FLAT,0.0,0.0,0.001943,2e-06,,0.009172,0.0,0.2543353979514446,0.7648792190493112,0,weak_score,1,0,0.123811,0.195529,0.547595,0.766331,0.574748,part2a21_alpha_positions.csv,part2a21_alpha_eligibility.csv,artifacts_part2_g532/predictions/g532_final_consensus_tape.csv
2022-10-18,,,0,0,0.0,0,0.164263,0,FLAT,0.0,0.0,0.0,0.0,,0.003572,0.0,0.2317940964538472,0.7140696044349211,0,weak_score,1,0,0.126069,0.202037,0.55983,0.76059,0.342265,part2a21_alpha_positions.csv,part2a21_alpha_eligibility.csv,artifacts_part2_g532/predictions/g532_final_consensus_tape.csv
2022-10-19,,,0,0,0.0,0,0.163805,0,FLAT,0.0,0.0,0.0,0.0,,-0.00074,0.0,0.2357214883124049,0.721479124058115,0,weak_score,1,0,0.128825,0.207704,0.570484,0.755236,0.339856,part2a21_alpha_positions.csv,part2a21_alpha_eligibility.csv,artifacts_part2_g532/predictions/g532_final_consensus_tape.csv
2022-10-20,,,0,0,0.0,0,0.165509,0,FLAT,0.0,0.0,0.0,0.0,,0.021489,0.0,0.243329542757622,0.7040312684267415,0,weak_score,1,0,0.127406,0.200978,0.557838,0.760757,0.342341,part2a21_alpha_positions.csv,part2a21_alpha_eligibility.csv,artifacts_part2_g532/predictions/g532_final_consensus_tape.csv
2022-10-21,,,0,0,0.0,0,0.172848,0,FLAT,0.0,0.0,0.0,0.0,,0.013399,0.0,0.2501221656435822,0.7100699241248795,0,weak_score,1,0,0.122981,0.199965,0.555933,0.763484,0.343568,part2a21_alpha_positions.csv,part2a21_alpha_eligibility.csv,artifacts_part2_g532/predictions/g532_final_consensus_tape.csv
2022-10-24,,,0,0,0.0,0,0.172037,0,FLAT,0.0,0.0,0.0,0.0,,0.003736,0.0,0.2523526797152762,0.7201769053654629,0,weak_score,1,0,0.126672,0.203256,0.562121,0.759434,0.341745,part2a21_alpha_positions.csv,part2a21_alpha_eligibility.csv,artifacts_part2_g532/predictions/g532_final_consensus_tape.csv
2022-10-25,,,0,0,0.0,0,0.176856,0,FLAT,0.0,0.0,0.0,0.0,,-0.012575,0.0,0.2382167203250465,0.695134838324993,0,weak_score,1,0,0.131344,0.20432,0.564121,0.756559,0.340452,part2a21_alpha_positions.csv,part2a21_alpha_eligibility.csv,artifacts_part2_g532/predictions/g532_final_consensus_tape.csv
2022-10-26,,,0,0,0.0,0,0.174022,0,FLAT,0.0,0.0,0.0,0.0,,-0.012422,0.0,0.2359823373247605,0.6895750386895866,0,weak_score,1,0,0.122686,0.199459,0.554983,0.763984,0.343793,part2a21_alpha_positions.csv,part2a21_alpha_eligibility.csv,artifacts_part2_g532/predictions/g532_final_consensus_tape.csv
2022-10-27,,,0,0,0.0,0,0.180369,0,FLAT,0.0,0.0,0.0,0.0,,0.028223,0.0,0.2340964297959223,0.6943179797410007,0,weak_score,1,0,0.124672,0.198339,0.552877,0.763904,0.343757,part2a21_alpha_positions.csv,part2a21_alpha_eligibility.csv,artifacts_part2_g532/predictions/g532_final_consensus_tape.csv
2022-10-28,,,0,0,0.0,0,0.302233,0,FLAT,0.0,0.0,0.0,0.0,,-0.002278,0.0,0.2343140915404236,0.6909926445321352,0,weak_score,1,0,0.121576,0.19448,0.545621,0.768099,0.576074,part2a21_alpha_positions.csv,part2a21_alpha_eligibility.csv,artifacts_part2_g532/predictions/g532_final_consensus_tape.csv
2022-10-31,,,0,0,0.0,0,0.181109,0,FLAT,0.0,0.0,0.0,0.0,,-0.003857,0.0,0.2125115945264199,0.6399668732127232,0,weak_score,1,0,0.12668,0.235561,0.58627,0.743293,0.334482,part2a21_alpha_positions.csv,part2a21_alpha_eligibility.csv,artifacts_part2_g532/predictions/g532_final_consensus_tape.csv
2022-11-01,,,0,0,0.0,0,0.182839,0,FLAT,0.0,0.0,0.0,0.0,,-0.024146,0.0,0.2342809096626804,0.6959683500225408,0,weak_score,1,0,0.132212,0.205197,0.565771,0.755531,0.339989,part2a21_alpha_positions.csv,part2a21_alpha_eligibility.csv,artifacts_part2_g532/predictions/g532_final_consensus_tape.csv
2022-11-02,,,0,1,0.0,0,0.17092,0,FLAT,0.0,0.0,0.0,0.0,,-0.006341,0.0,0.1996146663294188,0.317673465553282,1,ok,1,0,0.106581,0.201086,0.558041,0.77005,0.346523,part2a21_alpha_positions.csv,part2a21_alpha_eligibility.csv,artifacts_part2_g532/predictions/g532_final_consensus_tape.csv
2022-11-03,,,0,1,0.0,0,0.170396,0,FLAT,0.0,0.0,0.0,0.0,,0.016673,0.0,0.2035963312921356,0.3569745917618022,1,ok,1,0,0.107424,0.198314,0.55283,0.771683,0.347258,part2a21_alpha_positions.csv,part2a21_alpha_eligibility.csv,artifacts_part2_g532/predictions/g532_final_consensus_tape.csv
2022-11-04,,,0,0,0.0,0,0.29393,0,FLAT,0.0,0.0,0.0,0.0,,0.013093,0.0,0.2057085341947105,0.3764027311640314,0,weak_score,1,0,0.102434,0.18572,0.529153,0.783072,0.587304,part2a21_alpha_positions.csv,part2a21_alpha_eligibility.csv,artifacts_part2_g532/predictions/g532_final_consensus_tape.csv
2022-11-07,,,0,0,0.0,0,0.292635,0,FLAT,0.0,0.0,0.0,0.0,,-0.001211,0.0,0.2025191292612365,0.3435107259953199,0,weak_score,1,0,0.101301,0.192154,0.541249,0.778911,0.584183,part2a21_alpha_positions.csv,part2a21_alpha_eligibility.csv,artifacts_part2_g532/predictions/g532_final_consensus_tape.csv
2022-11-08,,,0,0,0.0,0,0.293987,0,FLAT,0.0,0.0,0.0,0.0,,-0.024045,0.0,0.1983908157271381,0.3050256736840392,0,weak_score,1,0,0.099229,0.190285,0.537736,0.7812,0.5859,part2a21_alpha_positions.csv,part2a21_alpha_eligibility.csv,artifacts_part2_g532/predictions/g532_final_consensus_tape.csv
2022-11-09,,,0,0,0.0,0,0.145757,0,FLAT,0.0,0.0,0.0,0.0,,0.031093,0.0,0.2030246055204567,0.327155887214033,0,high_risk_veto,1,0,0.101591,0.194843,0.546305,0.776828,0.302963,part2a21_alpha_positions.csv,part2a21_alpha_eligibility.csv,artifacts_part2_g532/predictions/g532_final_consensus_tape.csv
2022-11-10,,,0,0,0.0,0,0.134684,0,FLAT,0.0,0.0,0.0,0.0,,0.011605,0.0,0.2003760169714228,0.3437907304420759,0,high_risk_veto,1,0,0.111408,0.19934,0.554758,0.769146,0.299967,part2a21_alpha_positions.csv,part2a21_alpha_eligibility.csv,artifacts_part2_g532/predictions/g532_final_consensus_tape.csv
2022-11-11,,,0,0,0.0,0,0.144895,0,FLAT,0.0,0.0,0.0,0.0,,-0.005662,0.0,0.1955730612993458,0.2779168198756681,0,high_risk_veto,1,0,0.100453,0.184505,0.526869,0.784846,0.30609,part2a21_alpha_positions.csv,part2a21_alpha_eligibility.csv,artifacts_part2_g532/predictions/g532_final_consensus_tape.csv
2022-11-14,,,0,0,0.0,0,0.142991,0,FLAT,0.0,0.0,0.0,0.0,,0.000835,0.0,0.1971289799236893,0.2876943166187181,0,high_risk_veto,1,0,0.102536,0.194091,0.54489,0.776949,0.30301,part2a21_alpha_positions.csv,part2a21_alpha_eligibility.csv,artifacts_part2_g532/predictions/g532_final_consensus_tape.csv
2022-11-15,,,0,0,0.0,0,0.143038,0,FLAT,0.0,0.0,0.0,0.0,,-0.014957,0.0,0.1995543235317274,0.3212671797452526,0,high_risk_veto,1,0,0.106713,0.193489,0.54376,0.775506,0.302447,part2a21_alpha_positions.csv,part2a21_alpha_eligibility.csv,artifacts_part2_g532/predictions/g532_final_consensus_tape.csv
2022-11-16,,,0,0,0.0,0,0.144038,0,FLAT,0.0,0.0,0.0,0.0,,0.003925,0.0,0.2008995115504022,0.3102043458313974,0,high_risk_veto,1,0,0.110419,0.234859,0.586012,0.750908,0.292854,part2a21_alpha_positions.csv,part2a21_alpha_eligibility.csv,artifacts_part2_g532/predictions/g532_final_consensus_tape.csv
2022-11-17,,,0,0,0.0,0,0.152093,0,FLAT,0.0,0.0,0.0,0.0,,0.007936,0.0,0.2104073832163215,0.413796385221636,0,high_risk_veto,1,0,0.063949,0.205263,0.565894,0.786202,0.306619,part2a21_alpha_positions.csv,part2a21_alpha_eligibility.csv,artifacts_part2_g532/predictions/g532_final_consensus_tape.csv
2022-11-18,,,0,0,0.0,0,0.301969,0,FLAT,0.0,0.0,0.0,0.0,,-0.002898,0.0,0.2090245472142036,0.393226701123374,0,weak_score,1,0,0.062104,0.192215,0.541364,0.796505,0.597379,part2a21_alpha_positions.csv,part2a21_alpha_eligibility.csv,artifacts_part2_g532/predictions/g532_final_consensus_tape.csv
2022-11-21,,,0,0,0.0,0,0.178275,0,FLAT,0.0,0.0,0.0,0.0,,0.00752,0.0,0.1939039651314466,0.2930528489435799,0,weak_score,1,0,0.103477,0.198901,0.553934,0.773033,0.347865,part2a21_alpha_positions.csv,part2a21_alpha_eligibility.csv,artifacts_part2_g532/predictions/g532_final_consensus_tape.csv
2022-11-22,,,0,0,0.0,0,0.177599,0,FLAT,0.0,0.0,0.0,0.0,,0.000871,0.0,0.1959632097032481,0.303354985191486,0,weak_score,1,0,0.105624,0.19703,0.550417,0.773425,0.348041,part2a21_alpha_positions.csv,part2a21_alpha_eligibility.csv,artifacts_part2_g532/predictions/g532_final_consensus_tape.csv
2022-11-23,,,0,0,0.0,0,0.331394,0,FLAT,0.0,0.0,0.0,0.0,,0.0,0.0,0.1956064457121646,0.2970135847934419,0,weak_score,1,0,0.100534,0.185355,0.528468,0.784192,0.588144,part2a21_alpha_positions.csv,part2a21_alpha_eligibility.csv,artifacts_part2_g532/predictions/g532_final_consensus_tape.csv
2022-11-24,,,0,0,0.0,0,0.399143,0,FLAT,0.0,0.0,0.0,0.0,,0.000201,0.0,0.1968859917808118,0.2788249773545336,0,weak_score,1,0,0.097872,0.177991,0.514623,0.790736,0.593052,part2a21_alpha_positions.csv,part2a21_alpha_eligibility.csv,artifacts_part2_g532/predictions/g532_final_consensus_tape.csv
2022-11-25,,,0,0,0.0,0,0.414631,0,FLAT,0.0,0.0,0.0,0.0,,-0.016358,0.0,0.1977290977839636,0.2793670537838993,0,weak_score,1,0,0.102729,0.180264,0.518897,0.7869,0.590175,part2a21_alpha_positions.csv,part2a21_alpha_eligibility.csv,artifacts_part2_g532/predictions/g532_final_consensus_tape.csv
2022-11-28,,,0,0,0.0,0,0.382027,0,FLAT,0.0,0.0,0.0,0.0,,0.002469,0.0,0.2019948779113522,0.3093975702747087,0,weak_score,1,0,0.102958,0.192803,0.54247,0.777694,0.58327,part2a21_alpha_positions.csv,part2a21_alpha_eligibility.csv,artifacts_part2_g532/predictions/g532_final_consensus_tape.csv
2022-11-29,,,0,0,0.0,0,0.390114,0,FLAT,0.0,0.0,0.0,0.0,,0.021356,0.0,0.2088189517796134,0.3721175127124339,0,weak_score,1,0,0.06477,0.190958,0.539,0.796218,0.597164,part2a21_alpha_positions.csv,part2a21_alpha_eligibility.csv,artifacts_part2_g532/predictions/g532_final_consensus_tape.csv
2022-11-30,,,0,0,0.0,0,0.383431,0,FLAT,0.0,0.0,0.0,0.0,,-0.010729,0.0,0.210213526682128,0.2335201794059371,0,weak_score,1,0,0.032777,0.178789,0.516124,0.819449,0.614587,part2a21_alpha_positions.csv,part2a21_alpha_eligibility.csv,artifacts_part2_g532/predictions/g532_final_consensus_tape.csv
2022-12-01,,,0,0,0.0,0,0.370034,0,FLAT,0.0,0.0,0.0,0.0,,-0.003472,0.0,0.2096272300287048,0.2200970669500165,0,weak_score,1,0,0.032467,0.181783,0.521752,0.817415,0.613061,part2a21_alpha_positions.csv,part2a21_alpha_eligibility.csv,artifacts_part2_g532/predictions/g532_final_consensus_tape.csv
2022-12-02,,,0,0,0.0,0,0.373873,0,FLAT,0.0,0.0,0.0,0.0,,-0.007782,0.0,0.2093621076017295,0.2041390823019932,0,weak_score,1,0,0.032592,0.17956,0.517573,0.818973,0.61423,part2a21_alpha_positions.csv,part2a21_alpha_eligibility.csv,artifacts_part2_g532/predictions/g532_final_consensus_tape.csv
2022-12-05,,,0,0,0.0,0,0.367527,0,FLAT,0.0,0.0,0.0,0.0,,-0.020684,0.0,0.2097906624097121,0.2143950057762701,0,weak_score,1,0,0.029871,0.189073,0.535456,0.813291,0.609968,part2a21_alpha_positions.csv,part2a21_alpha_eligibility.csv,artifacts_part2_g532/predictions/g532_final_consensus_tape.csv
2022-12-06,,,0,0,0.0,0,0.208343,0,FLAT,0.0,0.0,0.0,0.0,,-0.010649,0.0,0.2121065478399951,0.3117046385287227,0,weak_score,1,0,0.029271,0.198642,0.553446,0.806614,0.362976,part2a21_alpha_positions.csv,part2a21_alpha_eligibility.csv,artifacts_part2_g532/predictions/g532_final_consensus_tape.csv
2022-12-07,,,0,0,0.0,0,0.204684,0,FLAT,0.0,0.0,0.0,0.0,,0.013522,0.0,0.2123795682387202,0.3178872087944156,0,weak_score,1,0,0.02587,0.21992,0.580519,0.795283,0.357877,part2a21_alpha_positions.csv,part2a21_alpha_eligibility.csv,artifacts_part2_g532/predictions/g532_final_consensus_tape.csv
2022-12-08,,,0,0,0.0,0,0.190476,0,FLAT,0.0,0.0,0.0,0.0,,0.000102,0.0,0.2127196773688256,0.332162614291458,0,weak_score,1,1,0.023823,0.270821,0.599071,0.774678,0.348605,part2a21_alpha_positions.csv,part2a21_alpha_eligibility.csv,artifacts_part2_g532/predictions/g532_final_consensus_tape.csv
2022-12-09,,,0,0,0.0,0,0.188303,0,FLAT,0.0,0.0,0.0,0.0,,0.015604,0.0,0.2126267344348249,0.3279856362456139,0,weak_score,1,1,0.020374,0.29565,0.607954,0.765763,0.344594,part2a21_alpha_positions.csv,part2a21_alpha_eligibility.csv,artifacts_part2_g532/predictions/g532_final_consensus_tape.csv
2022-12-12,,,0,0,0.0,0,0.185864,0,FLAT,0.0,0.0,0.0,0.0,,-0.001602,0.0,0.2121565114960547,0.3050517911903165,0,weak_score,1,1,0.020866,0.297837,0.608731,0.764621,0.344079,part2a21_alpha_positions.csv,part2a21_alpha_eligibility.csv,artifacts_part2_g532/predictions/g532_final_consensus_tape.csv
2022-12-13,,,0,0,0.0,0,0.195803,0,FLAT,0.0,0.0,0.0,0.0,,-0.00879,0.0,0.2144417855874227,0.4340134110676645,0,weak_score,1,0,0.030217,0.20043,0.556809,0.80489,0.362201,part2a21_alpha_positions.csv,part2a21_alpha_eligibility.csv,artifacts_part2_g532/predictions/g532_final_consensus_tape.csv
2022-12-14,,,0,0,0.0,0,0.359678,0,FLAT,0.0,0.0,0.0,0.0,,-0.026846,0.0,0.2106375389683012,0.2560183382896772,0,weak_score,1,0,0.033447,0.179402,0.517276,0.818703,0.614027,part2a21_alpha_positions.csv,part2a21_alpha_eligibility.csv,artifacts_part2_g532/predictions/g532_final_consensus_tape.csv
2022-12-15,,,0,0,0.0,0,0.196516,0,FLAT,0.0,0.0,0.0,0.0,,-0.009463,0.0,0.2137308704894945,0.3853953900218938,0,weak_score,1,0,0.03028,0.200708,0.557332,0.80466,0.362097,part2a21_alpha_positions.csv,part2a21_alpha_eligibility.csv,artifacts_part2_g532/predictions/g532_final_consensus_tape.csv
2022-12-16,,,0,0,0.0,0,0.196719,0,FLAT,0.0,0.0,0.0,0.0,,-0.000511,0.0,0.2126706045174778,0.3329242762240125,0,weak_score,1,0,0.031272,0.196826,0.550034,0.807032,0.363164,part2a21_alpha_positions.csv,part2a21_alpha_eligibility.csv,artifacts_part2_g532/predictions/g532_final_consensus_tape.csv
2022-12-19,,,0,0,0.0,0,0.195651,0,FLAT,0.0,0.0,0.0,0.0,,0.008808,0.0,0.2114443937012053,0.2695225608985467,0,weak_score,1,0,0.030059,0.200972,0.557827,0.804568,0.362056,part2a21_alpha_positions.csv,part2a21_alpha_eligibility.csv,artifacts_part2_g532/predictions/g532_final_consensus_tape.csv
2022-12-20,,,0,0,0.0,0,0.199856,0,FLAT,0.0,0.0,0.0,0.0,,0.013611,0.0,0.2132778690431432,0.363641811042255,0,weak_score,1,0,0.030771,0.200849,0.557595,0.804337,0.361952,part2a21_alpha_positions.csv,part2a21_alpha_eligibility.csv,artifacts_part2_g532/predictions/g532_final_consensus_tape.csv
2022-12-21,,,0,0,0.0,0,0.331664,0,FLAT,0.0,0.0,0.0,0.0,,-0.013851,0.0,0.2104561882983002,0.2383113714085788,0,weak_score,1,0,0.033599,0.185807,0.529317,0.813984,0.610488,part2a21_alpha_positions.csv,part2a21_alpha_eligibility.csv,artifacts_part2_g532/predictions/g532_final_consensus_tape.csv
2022-12-22,,,0,0,0.0,0,0.333882,0,FLAT,0.0,0.0,0.0,0.0,,0.010123,0.0,0.2117934490255364,0.2908422931319447,0,weak_score,1,0,0.033137,0.185445,0.528636,0.814456,0.610842,part2a21_alpha_positions.csv,part2a21_alpha_eligibility.csv,artifacts_part2_g532/predictions/g532_final_consensus_tape.csv
2022-12-23,,,0,0,0.0,0,0.326963,0,FLAT,0.0,0.0,0.0,0.0,,0.0,0.0,0.2102789550692705,0.2267721054464394,0,weak_score,1,0,0.034343,0.185989,0.529658,0.813518,0.610138,part2a21_alpha_positions.csv,part2a21_alpha_eligibility.csv,artifacts_part2_g532/predictions/g532_final_consensus_tape.csv
2022-12-26,,,0,0,0.0,0,0.340781,0,FLAT,0.0,0.0,0.0,0.0,,0.004421,0.0,0.210734102518428,0.2500805322227762,0,weak_score,1,0,0.031497,0.192809,0.542482,0.809847,0.607385,part2a21_alpha_positions.csv,part2a21_alpha_eligibility.csv,artifacts_part2_g532/predictions/g532_final_consensus_tape.csv
2022-12-27,,,0,0,0.0,0,0.338354,0,FLAT,0.0,0.0,0.0,0.0,,-0.009945,0.0,0.2149835376924643,0.462306576607278,0,weak_score,1,0,0.033413,0.191149,0.539361,0.81019,0.607642,part2a21_alpha_positions.csv,part2a21_alpha_eligibility.csv,artifacts_part2_g532/predictions/g532_final_consensus_tape.csv
2022-12-28,,,0,0,0.0,0,0.191287,0,FLAT,0.0,0.0,0.0,0.0,,0.012683,0.0,0.2117786940169417,0.6010749506352372,0,weak_score,1,1,0.020903,0.296088,0.60811,0.765341,0.344404,part2a21_alpha_positions.csv,part2a21_alpha_eligibility.csv,artifacts_part2_g532/predictions/g532_final_consensus_tape.csv
2022-12-29,,,0,0,0.0,0,0.371824,0,FLAT,0.0,0.0,0.0,0.0,,0.00141,0.0,0.211407145951823,0.6332443339647098,0,weak_score,1,0,0.031569,0.191515,0.540048,0.810754,0.608066,part2a21_alpha_positions.csv,part2a21_alpha_eligibility.csv,artifacts_part2_g532/predictions/g532_final_consensus_tape.csv
2022-12-30,,,0,0,0.0,0,0.386584,0,FLAT,0.0,0.0,0.0,0.0,,0.0,0.0,0.2071272023415671,0.7328732797803745,0,weak_score,1,0,0.033184,0.181045,0.520365,0.817628,0.613221,part2a21_alpha_positions.csv,part2a21_alpha_eligibility.csv,artifacts_part2_g532/predictions/g532_final_consensus_tape.csv
2023-01-02,,,0,0,0.0,0,0.387117,0,FLAT,0.0,0.0,0.0,0.0,,-0.011649,0.0,0.206961557659695,0.7305433678069955,0,weak_score,1,0,0.033224,0.180288,0.518942,0.81816,0.61362,part2a21_alpha_positions.csv,part2a21_alpha_eligibility.csv,artifacts_part2_g532/predictions/g532_final_consensus_tape.csv
2023-01-03,,,0,0,0.0,0,0.211319,0,FLAT,0.0,0.0,0.0,0.0,,-0.000462,0.0,0.2095932557767341,0.6639282566296423,0,weak_score,1,1,0.021188,0.29315,0.607064,0.76645,0.344903,part2a21_alpha_positions.csv,part2a21_alpha_eligibility.csv,artifacts_part2_g532/predictions/g532_final_consensus_tape.csv
2023-01-04,,,0,0,0.0,0,0.231705,0,FLAT,0.0,0.0,0.0,0.0,,-0.009541,0.0,0.2096848066190268,0.6490961484897347,0,weak_score,1,0,0.028123,0.202221,0.560175,0.804532,0.36204,part2a21_alpha_positions.csv,part2a21_alpha_eligibility.csv,artifacts_part2_g532/predictions/g532_final_consensus_tape.csv
2023-01-05,,,0,0,0.0,0,0.237273,0,FLAT,0.0,0.0,0.0,0.0,,0.009702,0.0,0.2088629870653683,0.6634889033383257,0,weak_score,1,0,0.027113,0.205121,0.565627,0.802881,0.361297,part2a21_alpha_positions.csv,part2a21_alpha_eligibility.csv,artifacts_part2_g532/predictions/g532_final_consensus_tape.csv
2023-01-06,,,0,0,0.0,0,0.392084,0,FLAT,0.0,0.0,0.0,0.0,,-0.003268,0.0,0.2042523318614763,0.7316268602432602,0,weak_score,1,0,0.068069,0.191828,0.540637,0.794102,0.595576,part2a21_alpha_positions.csv,part2a21_alpha_eligibility.csv,artifacts_part2_g532/predictions/g532_final_consensus_tape.csv
2023-01-09,,,0,0,0.0,0,0.238065,0,FLAT,0.0,0.0,0.0,0.0,,0.013409,0.0,0.2112199498855672,0.5866898581034785,0,weak_score,1,0,0.029234,0.200493,0.556926,0.805287,0.362379,part2a21_alpha_positions.csv,part2a21_alpha_eligibility.csv,artifacts_part2_g532/predictions/g532_final_consensus_tape.csv
2023-01-10,,,0,0,0.0,0,0.37584,0,FLAT,0.0,0.0,0.0,0.0,,0.006275,0.0,0.2036054861405295,0.7158555581778533,0,weak_score,1,0,0.070877,0.187508,0.532514,0.795975,0.596981,part2a21_alpha_positions.csv,part2a21_alpha_eligibility.csv,artifacts_part2_g532/predictions/g532_final_consensus_tape.csv
2023-01-11,,,0,0,0.0,0,0.385385,0,FLAT,0.0,0.0,0.0,0.0,,-0.005147,0.0,0.203858960790239,0.7033812684975024,0,weak_score,1,0,0.069153,0.186719,0.531032,0.797323,0.597992,part2a21_alpha_positions.csv,part2a21_alpha_eligibility.csv,artifacts_part2_g532/predictions/g532_final_consensus_tape.csv
2023-01-12,,,0,0,0.0,0,0.39848,0,FLAT,0.0,0.0,0.0,0.0,,0.009225,0.0,0.200856963433929,0.714372173552052,0,weak_score,1,0,0.068004,0.181003,0.520286,0.80199,0.601492,part2a21_alpha_positions.csv,part2a21_alpha_eligibility.csv,artifacts_part2_g532/predictions/g532_final_consensus_tape.csv
2023-01-13,,,0,0,0.0,0,0.39548,0,FLAT,0.0,0.0,0.0,0.0,,0.0,0.0,0.2011162338037358,0.7292857219316714,0,weak_score,1,0,0.06375,0.168471,0.496726,0.813002,0.609752,part2a21_alpha_positions.csv,part2a21_alpha_eligibility.csv,artifacts_part2_g532/predictions/g532_final_consensus_tape.csv
2023-01-16,,,0,0,0.0,0,0.394154,0,FLAT,0.0,0.0,0.0,0.0,,0.001606,0.0,0.200064730980782,0.723126328709723,0,weak_score,1,0,0.064688,0.171646,0.502695,0.810275,0.607706,part2a21_alpha_positions.csv,part2a21_alpha_eligibility.csv,artifacts_part2_g532/predictions/g532_final_consensus_tape.csv
2023-01-17,,,0,0,0.0,0,0.411037,0,FLAT,0.0,0.0,0.0,0.0,,-0.029865,0.0,0.2028519666487034,0.7075751907250852,0,weak_score,1,0,0.069393,0.179174,0.516847,0.802693,0.60202,part2a21_alpha_positions.csv,part2a21_alpha_eligibility.csv,artifacts_part2_g532/predictions/g532_final_consensus_tape.csv
2023-01-18,,,0,0,0.0,0,0.33017,0,FLAT,0.0,0.0,0.0,0.0,,-0.005325,0.0,0.2046763578007146,0.6591551843561764,0,weak_score,1,0,0.071031,0.194578,0.545807,0.790772,0.593079,part2a21_alpha_positions.csv,part2a21_alpha_eligibility.csv,artifacts_part2_g532/predictions/g532_final_consensus_tape.csv
2023-01-19,,,0,0,0.0,0,0.200887,0,FLAT,0.0,0.0,0.0,0.0,,0.024862,0.0,0.2086079347240606,0.6345405747949798,0,weak_score,1,0,0.02623,0.221339,0.581042,0.79452,0.357534,part2a21_alpha_positions.csv,part2a21_alpha_eligibility.csv,artifacts_part2_g532/predictions/g532_final_consensus_tape.csv
2023-01-20,,,0,0,0.0,0,0.176653,0,FLAT,0.0,0.0,0.0,0.0,,0.015338,0.0,0.2074445511982648,0.6428359931913054,0,weak_score,1,1,0.080481,0.264779,0.596893,0.751733,0.33828,part2a21_alpha_positions.csv,part2a21_alpha_eligibility.csv,artifacts_part2_g532/predictions/g532_final_consensus_tape.csv
2023-01-23,,,0,0,0.0,0,0.171311,0,FLAT,0.0,0.0,0.0,0.0,,-0.006809,0.0,0.2053055091809819,0.6431569824542479,0,weak_score,1,1,0.077066,0.290632,0.606167,0.742366,0.334064,part2a21_alpha_positions.csv,part2a21_alpha_eligibility.csv,artifacts_part2_g532/predictions/g532_final_consensus_tape.csv
2023-01-24,,,0,0,0.0,0,0.180246,0,FLAT,0.0,0.0,0.0,0.0,,-0.000752,0.0,0.2053603640593539,0.6511273577654316,0,weak_score,1,0,0.075931,0.211813,0.577519,0.776193,0.349287,part2a21_alpha_positions.csv,part2a21_alpha_eligibility.csv,artifacts_part2_g532/predictions/g532_final_consensus_tape.csv
2023-01-25,,,0,0,0.0,0,0.307197,0,FLAT,0.0,0.0,0.0,0.0,,0.01425,0.0,0.1864593648963964,0.2207305959681366,0,weak_score,1,0,0.07131,0.194319,0.545319,0.790835,0.593126,part2a21_alpha_positions.csv,part2a21_alpha_eligibility.csv,artifacts_part2_g532/predictions/g532_final_consensus_tape.csv
2023-01-26,,,0,0,0.0,0,0.301882,0,FLAT,0.0,0.0,0.0,0.0,,0.00436,0.0,0.1882260454264468,0.2423596165577713,0,weak_score,1,0,0.072642,0.19569,0.547898,0.78924,0.59193,part2a21_alpha_positions.csv,part2a21_alpha_eligibility.csv,artifacts_part2_g532/predictions/g532_final_consensus_tape.csv
2023-01-27,,,0,0,0.0,0,0.181607,0,FLAT,0.0,0.0,0.0,0.0,,-0.009441,0.0,0.186237161775733,0.2185945748790777,0,weak_score,1,0,0.075099,0.197363,0.551042,0.78692,0.354114,part2a21_alpha_positions.csv,part2a21_alpha_eligibility.csv,artifacts_part2_g532/predictions/g532_final_consensus_tape.csv
2023-01-30,1.0,5e-06,1,1,0.000635,0,0.178446,0,VOO,0.000635,0.000635,0.000635,1e-06,6e-06,0.009052,0.000635,0.1984989427588162,0.4056988290240531,1,ok,1,0,0.075122,0.201788,0.559361,0.783697,0.352664,part2a21_alpha_positions.csv,part2a21_alpha_eligibility.csv,artifacts_part2_g532/predictions/g532_final_consensus_tape.csv
2023-01-31,1.0,2e-06,1,1,0.000635,0,0.177652,0,VOO,0.000635,0.000635,0.0,0.0,2e-06,0.003726,0.000635,0.1919544445235498,0.2848704895381486,1,ok,1,0,0.072702,0.200465,0.556874,0.785747,0.353586,part2a21_alpha_positions.csv,part2a21_alpha_eligibility.csv,artifacts_part2_g532/predictions/g532_final_consensus_tape.csv
2023-02-01,1.0,9e-06,1,1,0.000635,0,0.349422,0,VOO,0.000635,0.000635,0.0,0.0,9e-06,0.01463,0.000635,0.1869897745097804,0.237176969294288,1,ok,1,0,0.071971,0.192422,0.541754,0.791915,0.593936,part2a21_alpha_positions.csv,part2a21_alpha_eligibility.csv,artifacts_part2_g532/predictions/g532_final_consensus_tape.csv
2023-02-02,1.0,0.0,1,0,0.000635,0,0.205192,0,VOO,0.000635,0.000635,0.0,0.0,0.0,5.5e-05,0.000635,0.1946930416755904,0.3434336148253951,0,weak_score,1,0,0.074183,0.234015,0.585703,0.767572,0.345407,part2a21_alpha_positions.csv,part2a21_alpha_eligibility.csv,artifacts_part2_g532/predictions/g532_final_consensus_tape.csv
2023-02-03,1.0,2e-06,1,1,0.000635,0,0.382323,0,VOO,0.000635,0.000635,0.0,0.0,2e-06,0.002861,0.000635,0.1931971264205368,0.3108322612518147,1,ok,1,0,0.074613,0.184527,0.526911,0.796457,0.597343,part2a21_alpha_positions.csv,part2a21_alpha_eligibility.csv,artifacts_part2_g532/predictions/g532_final_consensus_tape.csv
2023-02-06,1.0,0.000227,1,1,0.015857,0,0.393095,0,VOO,0.015857,0.015857,0.015221,1.5e-05,0.000242,0.015278,0.015857,0.2001094288142269,0.3991107329429423,1,ok,1,0,0.07256,0.194752,0.546133,0.789958,0.592469,part2a21_alpha_positions.csv,part2a21_alpha_eligibility.csv,artifacts_part2_g532/predictions/g532_final_consensus_tape.csv
2023-02-07,-1.0,-0.000233,1,1,0.015857,0,0.214814,0,VOO,0.015857,0.015857,0.0,0.0,-0.000233,-0.014702,0.015857,0.200361320809374,0.4206860379757431,1,ok,1,1,0.084998,0.337963,0.622854,0.718893,0.323502,part2a21_alpha_positions.csv,part2a21_alpha_eligibility.csv,artifacts_part2_g532/predictions/g532_final_consensus_tape.csv
2023-02-08,-1.0,-6.5e-05,1,1,0.015857,0,0.215264,0,VOO,0.015857,0.015857,0.0,0.0,-6.5e-05,-0.004092,0.015857,0.1989706152542427,0.3714522016421938,1,ok,1,0,0.074922,0.199872,0.55576,0.785178,0.35333,part2a21_alpha_positions.csv,part2a21_alpha_eligibility.csv,artifacts_part2_g532/predictions/g532_final_consensus_tape.csv
2023-02-09,1.0,0.000115,1,1,0.015857,0,0.222784,0,VOO,0.015857,0.015857,0.0,0.0,0.000115,0.007266,0.015857,0.2088382187995496,0.5207463023958011,1,ok,1,0,0.027984,0.20892,0.572769,0.799732,0.359879,part2a21_alpha_positions.csv,part2a21_alpha_eligibility.csv,artifacts_part2_g532/predictions/g532_final_consensus_tape.csv
2023-02-10,1.0,0.000144,1,1,0.015857,0,0.221554,0,VOO,0.015857,0.015857,0.0,0.0,0.000144,0.00911,0.015857,0.2095336747305715,0.5337698724430865,1,ok,1,0,0.028037,0.209986,0.574773,0.798934,0.35952,part2a21_alpha_positions.csv,part2a21_alpha_eligibility.csv,artifacts_part2_g532/predictions/g532_final_consensus_tape.csv
2023-02-13,1.0,1.7e-05,1,1,0.006264,0,0.227688,0,VOO,0.006264,0.006264,0.009593,1e-05,2.6e-05,0.004168,0.006264,0.2095218830637882,0.5422426099966251,1,ok,1,0,0.027445,0.21645,0.579236,0.796045,0.35822,part2a21_alpha_positions.csv,part2a21_alpha_eligibility.csv,artifacts_part2_g532/predictions/g532_final_consensus_tape.csv
2023-02-14,1.0,4e-05,1,1,0.006264,0,0.380367,0,VOO,0.006264,0.006264,0.0,0.0,4e-05,0.006346,0.006264,0.2014946706900248,0.4309462712854922,1,ok,1,0,0.074699,0.189296,0.535876,0.792957,0.594718,part2a21_alpha_positions.csv,part2a21_alpha_eligibility.csv,artifacts_part2_g532/predictions/g532_final_consensus_tape.csv
2023-02-15,-1.0,-6.7e-05,1,1,0.006264,0,0.383225,0,VOO,0.006264,0.006264,0.0,0.0,-6.7e-05,-0.010678,0.006264,0.1924580197837631,0.3057117958992106,1,ok,1,0,0.072683,0.180767,0.519842,0.800056,0.600042,part2a21_alpha_positions.csv,part2a21_alpha_eligibility.csv,artifacts_part2_g532/predictions/g532_final_consensus_tape.csv
2023-02-16,-1.0,-3.4e-05,1,1,0.006264,0,0.222711,0,VOO,0.006264,0.006264,0.0,0.0,-3.4e-05,-0.005393,0.006264,0.1962428652892081,0.3373537442818422,1,ok,1,0,0.072865,0.203823,0.563187,0.783236,0.352456,part2a21_alpha_positions.csv,part2a21_alpha_eligibility.csv,artifacts_part2_g532/predictions/g532_final_consensus_tape.csv
2023-02-17,0.0,0.0,1,1,0.006264,0,0.219843,0,VOO,0.006264,0.006264,0.0,0.0,0.0,0.0,0.006264,0.2010106507473887,0.4087855837564078,1,ok,1,0,0.072886,0.2067,0.568595,0.781138,0.351512,part2a21_alpha_positions.csv,part2a21_alpha_eligibility.csv,artifacts_part2_g532/predictions/g532_final_consensus_tape.csv
2023-02-20,-1.0,-0.000112,1,1,0.011666,0,0.219438,0,VOO,0.011666,0.011666,0.005402,5e-06,-0.000106,-0.009104,0.011666,0.2005470493147956,0.4067501658914001,1,ok,1,0,0.07528,0.207998,0.571036,0.779118,0.350603,part2a21_alpha_positions.csv,part2a21_alpha_eligibility.csv,artifacts_part2_g532/predictions/g532_final_consensus_tape.csv
2023-02-21,-1.0,-3.5e-05,1,1,0.011666,0,0.212547,0,VOO,0.011666,0.011666,0.0,0.0,-3.5e-05,-0.003036,0.011666,0.2086645826150416,0.5276732381417428,1,ok,1,1,0.0827,0.333304,0.621228,0.721883,0.324847,part2a21_alpha_positions.csv,part2a21_alpha_eligibility.csv,artifacts_part2_g532/predictions/g532_final_consensus_tape.csv
2023-02-22,1.0,1.3e-05,1,1,0.011666,0,0.230919,0,VOO,0.011666,0.011666,0.0,0.0,1.3e-05,0.001144,0.011666,0.1869786900969094,0.5395235964089266,1,ok,1,1,0.084499,0.284476,0.603969,0.741615,0.333727,part2a21_alpha_positions.csv,part2a21_alpha_eligibility.csv,artifacts_part2_g532/predictions/g532_final_consensus_tape.csv
2023-02-23,-1.0,-5.5e-05,1,1,0.011666,0,0.230438,0,VOO,0.011666,0.011666,0.0,0.0,-5.5e-05,-0.004693,0.011666,0.1877282888754032,0.5594949641684615,1,ok,1,1,0.087706,0.292419,0.606804,0.736825,0.331571,part2a21_alpha_positions.csv,part2a21_alpha_eligibility.csv,artifacts_part2_g532/predictions/g532_final_consensus_tape.csv
2023-02-24,1.0,5e-06,1,1,0.011666,0,0.245967,0,VOO,0.011666,0.011666,0.0,0.0,5e-06,0.000416,0.011666,0.1872700117686053,0.5422636036750386,1,ok,1,1,0.084985,0.209813,0.574449,0.773432,0.348044,part2a21_alpha_positions.csv,part2a21_alpha_eligibility.csv,artifacts_part2_g532/predictions/g532_final_consensus_tape.csv
2023-02-27,-1.0,-5.4e-05,1,1,0.009684,0,0.259904,0,VOO,0.009684,0.009684,0.001982,2e-06,-5.2e-05,-0.005351,0.009684,0.1888455199920733,0.5999644596695247,1,ok,1,0,0.085331,0.20119,0.558238,0.779537,0.350792,part2a21_alpha_positions.csv,part2a21_alpha_eligibility.csv,artifacts_part2_g532/predictions/g532_final_consensus_tape.csv
2023-02-28,1.0,4.2e-05,1,1,0.009684,0,0.262626,0,VOO,0.009684,0.009684,0.0,0.0,4.2e-05,0.004368,0.009684,0.1906780817411271,0.6347962369597717,1,ok,1,1,0.083659,0.210983,0.576648,0.77318,0.347931,part2a21_alpha_positions.csv,part2a21_alpha_eligibility.csv,artifacts_part2_g532/predictions/g532_final_consensus_tape.csv
2023-03-01,1.0,0.000112,1,1,0.009684,0,0.452087,0,VOO,0.009684,0.009684,0.0,0.0,0.000112,0.011565,0.009684,0.1896542229638575,0.6051804606738176,1,ok,1,0,0.083618,0.196002,0.548483,0.784075,0.588056,part2a21_alpha_positions.csv,part2a21_alpha_eligibility.csv,artifacts_part2_g532/predictions/g532_final_consensus_tape.csv
2023-03-02,1.0,7.5e-05,1,1,0.009684,0,0.253702,0,VOO,0.009684,0.009684,0.0,0.0,7.5e-05,0.0077,0.009684,0.1929230042876473,0.6729736783794352,1,ok,1,1,0.085988,0.205796,0.566897,0.775897,0.349154,part2a21_alpha_positions.csv,part2a21_alpha_eligibility.csv,artifacts_part2_g532/predictions/g532_final_consensus_tape.csv
2023-03-03,1.0,2.9e-05,1,1,0.009684,0,0.251363,0,VOO,0.009684,0.009684,0.0,0.0,2.9e-05,0.002999,0.009684,0.1946705729512753,0.6930122370719015,1,ok,1,0,0.083664,0.199545,0.555144,0.781482,0.351667,part2a21_alpha_positions.csv,part2a21_alpha_eligibility.csv,artifacts_part2_g532/predictions/g532_final_consensus_tape.csv
2023-03-06,-1.0,-0.000104,1,1,0.006401,0,0.240763,0,VOO,0.006401,0.006401,0.003282,3e-06,-0.0001,-0.015694,0.006401,0.1929037841152479,0.710353511276729,1,ok,1,1,0.021958,0.33047,0.620237,0.750407,0.337683,part2a21_alpha_positions.csv,part2a21_alpha_eligibility.csv,artifacts_part2_g532/predictions/g532_final_consensus_tape.csv
2023-03-07,1.0,1.2e-05,1,1,0.006401,0,0.204241,0,VOO,0.006401,0.006401,0.0,0.0,1.2e-05,0.001872,0.006401,0.1906613762809597,0.657265696865544,1,ok,1,1,0.081085,0.453562,0.65,0.674765,0.303644,part2a21_alpha_positions.csv,part2a21_alpha_eligibility.csv,artifacts_part2_g532/predictions/g532_final_consensus_tape.csv
2023-03-08,-1.0,-0.000158,1,1,0.006401,0,0.238186,0,VOO,0.006401,0.006401,0.0,0.0,-0.000158,-0.024668,0.006401,0.1926826124609498,0.6612185498906854,1,ok,1,0,0.077307,0.19855,0.553273,0.785065,0.353279,part2a21_alpha_positions.csv,part2a21_alpha_eligibility.csv,artifacts_part2_g532/predictions/g532_final_consensus_tape.csv
2023-03-09,-1.0,-0.000209,1,1,0.006401,0,0.185981,0,VOO,0.006401,0.006401,0.0,0.0,-0.000209,-0.032692,0.006401,0.1887028138489808,0.6002261462076053,1,ok,1,0,0.0,0.481962,0.65,0.701313,0.315591,part2a21_alpha_positions.csv,part2a21_alpha_eligibility.csv,artifacts_part2_g532/predictions/g532_final_consensus_tape.csv
2023-03-10,-1.0,-8.8e-05,1,1,0.006401,0,0.154822,0,VOO,0.006401,0.006401,0.0,0.0,-8.8e-05,-0.013743,0.006401,0.1896213873620969,0.63741070001665,1,ok,1,0,0.0,0.588157,0.65,0.664145,0.298865,part2a21_alpha_positions.csv,part2a21_alpha_eligibility.csv,artifacts_part2_g532/predictions/g532_final_consensus_tape.csv
2023-03-13,1.0,7.2e-05,1,1,0.002893,0,0.146798,0,VOO,0.002893,0.002893,0.003508,4e-06,7.5e-05,0.025955,0.002893,0.1880697478180912,0.5941566816462679,1,ok,1,0,0.0,0.680132,0.65,0.631954,0.284379,part2a21_alpha_positions.csv,part2a21_alpha_eligibility.csv,artifacts_part2_g532/predictions/g532_final_consensus_tape.csv
2023-03-14,-1.0,-5.9e-05,1,0,0.002893,0,0.128235,0,VOO,0.002893,0.002893,0.0,0.0,-5.9e-05,-0.020533,0.002893,0.1849377777421504,0.4939947918341607,0,weak_score,1,0,0.0,0.742502,0.65,0.610124,0.274556,part2a21_alpha_positions.csv,part2a21_alpha_eligibility.csv,artifacts_part2_g532/predictions/g532_final_consensus_tape.csv
2023-03-15,1.0,7.5e-05,1,0,0.002893,0,0.123641,0,VOO,0.002893,0.002893,0.0,0.0,7.5e-05,0.025994,0.002893,0.1879549861537708,0.5689113390645418,0,weak_score,1,0,0.0,0.777707,0.65,0.597802,0.269011,part2a21_alpha_positions.csv,part2a21_alpha_eligibility.csv,artifacts_part2_g532/predictions/g532_final_consensus_tape.csv
2023-03-16,-1.0,-6.6e-05,1,0,0.002893,0,0.111369,0,VOO,0.002893,0.002893,0.0,0.0,-6.6e-05,-0.022754,0.002893,0.1855481130295281,0.5027907157091366,0,high_risk_veto,1,0,0.0,0.609211,0.65,0.656776,0.256143,part2a21_alpha_positions.csv,part2a21_alpha_eligibility.csv,artifacts_part2_g532/predictions/g532_final_consensus_tape.csv
2023-03-17,1.0,3.8e-05,1,0,0.002893,0,0.120646,0,VOO,0.002893,0.002893,0.0,0.0,3.8e-05,0.013028,0.002893,0.1854250378105712,0.4730409334521848,0,high_risk_veto,1,1,0.006332,0.428885,0.65,0.71704,0.279646,part2a21_alpha_positions.csv,part2a21_alpha_eligibility.csv,artifacts_part2_g532/predictions/g532_final_consensus_tape.csv
2023-03-20,,,0,0,0.0,0,0.122512,0,FLAT,0.0,0.0,0.002893,3e-06,,0.021733,0.0,0.1879324482322677,0.5729335122008603,0,high_risk_veto,1,1,0.018035,0.350595,0.627247,0.743727,0.290053,part2a21_alpha_positions.csv,part2a21_alpha_eligibility.csv,artifacts_part2_g532/predictions/g532_final_consensus_tape.csv
2023-03-21,,,0,0,0.0,0,0.122476,0,FLAT,0.0,0.0,0.0,0.0,,-0.029798,0.0,0.1879211196153745,0.5635525780952334,0,high_risk_veto,1,1,0.024884,0.277525,0.60148,0.771373,0.300835,part2a21_alpha_positions.csv,part2a21_alpha_eligibility.csv,artifacts_part2_g532/predictions/g532_final_consensus_tape.csv
2023-03-22,,,0,0,0.0,0,0.110144,0,FLAT,0.0,0.0,0.0,0.0,,-0.00335,0.0,0.1778174408789035,0.4176020350579388,0,high_risk_veto,1,1,0.115199,0.303376,0.610697,0.71984,0.280738,part2a21_alpha_positions.csv,part2a21_alpha_eligibility.csv,artifacts_part2_g532/predictions/g532_final_consensus_tape.csv
2023-03-23,,,0,0,0.0,0,0.119323,0,FLAT,0.0,0.0,0.0,0.0,,0.006342,0.0,0.1971959760553748,0.5230988660415203,0,high_risk_veto,1,0,0.110046,0.210179,0.575136,0.761889,0.297137,part2a21_alpha_positions.csv,part2a21_alpha_eligibility.csv,artifacts_part2_g532/predictions/g532_final_consensus_tape.csv
2023-03-24,,,0,0,0.0,0,0.127229,0,FLAT,0.0,0.0,0.0,0.0,,0.014039,0.0,0.191450475996854,0.488551713932299,0,high_risk_veto,1,0,0.108291,0.205464,0.566272,0.766102,0.29878,part2a21_alpha_positions.csv,part2a21_alpha_eligibility.csv,artifacts_part2_g532/predictions/g532_final_consensus_tape.csv
2023-03-27,,,0,0,0.0,0,0.128038,0,FLAT,0.0,0.0,0.0,0.0,,-0.00115,0.0,0.2004382339904539,0.5572028839468439,0,high_risk_veto,1,0,0.108973,0.204745,0.564922,0.766317,0.298864,part2a21_alpha_positions.csv,part2a21_alpha_eligibility.csv,artifacts_part2_g532/predictions/g532_final_consensus_tape.csv
2023-03-28,,,0,0,0.0,0,0.135514,0,FLAT,0.0,0.0,0.0,0.0,,0.015848,0.0,0.1824263309424098,0.6321856703342971,0,high_risk_veto,1,0,0.105978,0.193388,0.543569,0.77591,0.302605,part2a21_alpha_positions.csv,part2a21_alpha_eligibility.csv,artifacts_part2_g532/predictions/g532_final_consensus_tape.csv
2023-03-29,,,0,0,0.0,0,0.139679,0,FLAT,0.0,0.0,0.0,0.0,,0.004426,0.0,0.199361584141391,0.670883736874584,0,high_risk_veto,1,0,0.108391,0.189248,0.535786,0.77783,0.303354,part2a21_alpha_positions.csv,part2a21_alpha_eligibility.csv,artifacts_part2_g532/predictions/g532_final_consensus_tape.csv
2023-03-30,,,0,1,0.0,0,0.283881,0,FLAT,0.0,0.0,0.0,0.0,,0.008407,0.0,0.1805635364680583,0.6202437424771937,1,ok,1,0,0.106592,0.184832,0.527485,0.781846,0.586384,part2a21_alpha_positions.csv,part2a21_alpha_eligibility.csv,artifacts_part2_g532/predictions/g532_final_consensus_tape.csv
2023-03-31,,,0,0,0.0,0,0.309844,0,FLAT,0.0,0.0,0.0,0.0,,-0.000745,0.0,0.1927708727597254,0.6908693998789782,0,weak_score,1,0,0.102354,0.173666,0.506492,0.791859,0.593894,part2a21_alpha_positions.csv,part2a21_alpha_eligibility.csv,artifacts_part2_g532/predictions/g532_final_consensus_tape.csv
2023-04-03,-1.0,-3.4e-05,1,1,0.00261,0,0.182518,0,VOO,0.00261,0.00261,0.00261,3e-06,-3.2e-05,-0.012076,0.00261,0.1895771811826429,0.6754615113871921,1,ok,1,0,0.107839,0.197256,0.55084,0.772265,0.347519,part2a21_alpha_positions.csv,part2a21_alpha_eligibility.csv,artifacts_part2_g532/predictions/g532_final_consensus_tape.csv
2023-04-04,-1.0,-1.7e-05,1,1,0.00261,0,0.317337,0,VOO,0.00261,0.00261,0.0,0.0,-1.7e-05,-0.006617,0.00261,0.1981324758518425,0.7066321309899205,1,ok,1,0,0.106133,0.181938,0.522044,0.784153,0.588115,part2a21_alpha_positions.csv,part2a21_alpha_eligibility.csv,artifacts_part2_g532/predictions/g532_final_consensus_tape.csv
2023-04-05,1.0,9e-06,1,1,0.00261,0,0.386865,0,VOO,0.00261,0.00261,0.0,0.0,9e-06,0.003512,0.00261,0.2077855042086538,0.7489318502779456,1,ok,1,0,0.06629,0.173187,0.505591,0.808436,0.606327,part2a21_alpha_positions.csv,part2a21_alpha_eligibility.csv,artifacts_part2_g532/predictions/g532_final_consensus_tape.csv
2023-04-06,0.0,0.0,1,1,0.00261,0,0.389488,0,VOO,0.00261,0.00261,0.0,0.0,0.0,0.0,0.00261,0.2207226038674563,0.7848076039493469,1,ok,1,0,0.068717,0.175034,0.509063,0.806003,0.604502,part2a21_alpha_positions.csv,part2a21_alpha_eligibility.csv,artifacts_part2_g532/predictions/g532_final_consensus_tape.csv
2023-04-07,1.0,2.9e-05,1,0,0.00261,0,0.389119,0,VOO,0.00261,0.00261,0.0,0.0,2.9e-05,0.010992,0.00261,0.2092936534654383,0.7738959322469622,0,weak_score,1,0,0.068914,0.17703,0.512817,0.804465,0.603349,part2a21_alpha_positions.csv,part2a21_alpha_eligibility.csv,artifacts_part2_g532/predictions/g532_final_consensus_tape.csv
2023-04-10,,,0,0,0.0,0,0.394747,0,FLAT,0.0,0.0,0.00261,3e-06,,0.000535,0.0,0.2124106618219265,0.6823725577219971,0,weak_score,1,0,0.06582,0.181517,0.521252,0.8026,0.60195,part2a21_alpha_positions.csv,part2a21_alpha_eligibility.csv,artifacts_part2_g532/predictions/g532_final_consensus_tape.csv
2023-04-11,,,0,1,0.0,0,0.22752,0,FLAT,0.0,0.0,0.0,0.0,,-0.006905,0.0,0.2001959274650225,0.6543643686093193,1,ok,1,0,0.113465,0.198192,0.552601,0.769053,0.346074,part2a21_alpha_positions.csv,part2a21_alpha_eligibility.csv,artifacts_part2_g532/predictions/g532_final_consensus_tape.csv
2023-04-12,,,0,1,0.0,0,0.399278,0,FLAT,0.0,0.0,0.0,0.0,,0.016194,0.0,0.2051527694053665,0.5625063837898371,1,ok,1,0,0.113072,0.191084,0.539237,0.774391,0.580793,part2a21_alpha_positions.csv,part2a21_alpha_eligibility.csv,artifacts_part2_g532/predictions/g532_final_consensus_tape.csv
2023-04-13,,,0,1,0.0,0,0.387055,0,FLAT,0.0,0.0,0.0,0.0,,0.002885,0.0,0.2371391211848282,0.70732712575453,1,ok,1,0,0.066055,0.181813,0.521809,0.802279,0.601709,part2a21_alpha_positions.csv,part2a21_alpha_eligibility.csv,artifacts_part2_g532/predictions/g532_final_consensus_tape.csv
2023-04-14,,,0,1,0.0,0,0.395532,0,FLAT,0.0,0.0,0.0,0.0,,0.009787,0.0,0.2209221553662674,0.7110818450679138,1,ok,1,0,0.067859,0.171659,0.50272,0.808839,0.606629,part2a21_alpha_positions.csv,part2a21_alpha_eligibility.csv,artifacts_part2_g532/predictions/g532_final_consensus_tape.csv
2023-04-17,-1.0,-2e-06,1,1,0.00114,0,0.389806,0,VOO,0.00114,0.00114,0.00114,1e-06,-1e-06,-0.000943,0.00114,0.219791176873406,0.6860937162083047,1,ok,1,0,0.067514,0.168158,0.496137,0.811536,0.608652,part2a21_alpha_positions.csv,part2a21_alpha_eligibility.csv,artifacts_part2_g532/predictions/g532_final_consensus_tape.csv
2023-04-18,1.0,2e-06,1,1,0.00114,0,0.408375,0,VOO,0.00114,0.00114,0.0,0.0,2e-06,0.002083,0.00114,0.2129979768500482,0.6124017826472343,1,ok,1,0,0.06742,0.179131,0.516767,0.803611,0.602709,part2a21_alpha_positions.csv,part2a21_alpha_eligibility.csv,artifacts_part2_g532/predictions/g532_final_consensus_tape.csv
2023-04-19,-1.0,-1.3e-05,1,1,0.00114,0,0.4249,0,VOO,0.00114,0.00114,0.0,0.0,-1.3e-05,-0.011452,0.00114,0.1933687283067198,0.2733327680420955,1,ok,1,0,0.097882,0.153493,0.468567,0.808517,0.606388,part2a21_alpha_positions.csv,part2a21_alpha_eligibility.csv,artifacts_part2_g532/predictions/g532_final_consensus_tape.csv
2023-04-20,1.0,3e-06,1,1,0.00114,0,0.395793,0,VOO,0.00114,0.00114,0.0,0.0,3e-06,0.003013,0.00114,0.1995115498368119,0.3284812861038149,1,ok,1,0,0.096347,0.158802,0.478548,0.805354,0.604015,part2a21_alpha_positions.csv,part2a21_alpha_eligibility.csv,artifacts_part2_g532/predictions/g532_final_consensus_tape.csv
2023-04-21,-1.0,-4e-06,1,1,0.00114,0,0.40018,0,VOO,0.00114,0.00114,0.0,0.0,-4e-06,-0.003538,0.00114,0.1942217065129886,0.2769955761488451,1,ok,1,0,0.094945,0.149194,0.460484,0.81296,0.60972,part2a21_alpha_positions.csv,part2a21_alpha_eligibility.csv,artifacts_part2_g532/predictions/g532_final_consensus_tape.csv
2023-04-24,-1.0,-0.000156,1,1,0.005851,0,0.409583,0,VOO,0.005851,0.005851,0.004712,5e-06,-0.000151,-0.025772,0.005851,0.2077306681339176,0.407041480517186,1,ok,1,0,0.060114,0.162016,0.48459,0.819325,0.614494,part2a21_alpha_positions.csv,part2a21_alpha_eligibility.csv,artifacts_part2_g532/predictions/g532_final_consensus_tape.csv
2023-04-25,-1.0,-3e-06,1,1,0.005851,0,0.342405,0,VOO,0.005851,0.005851,0.0,0.0,-3e-06,-0.000553,0.005851,0.2059458791763476,0.3869868215398019,1,ok,1,0,0.096539,0.175239,0.50945,0.793334,0.595,part2a21_alpha_positions.csv,part2a21_alpha_eligibility.csv,artifacts_part2_g532/predictions/g532_final_consensus_tape.csv
2023-04-26,1.0,0.000153,1,1,0.005851,0,0.344617,0,VOO,0.005851,0.005851,0.0,0.0,0.000153,0.026192,0.005851,0.2046002682717378,0.3737523013444329,1,ok,1,0,0.1016,0.17139,0.502214,0.793851,0.595388,part2a21_alpha_positions.csv,part2a21_alpha_eligibility.csv,artifacts_part2_g532/predictions/g532_final_consensus_tape.csv
2023-04-27,1.0,6e-06,1,0,0.005851,0,0.325076,0,VOO,0.005851,0.005851,0.0,0.0,6e-06,0.001069,0.005851,0.206368659437247,0.387652218408529,0,weak_score,1,0,0.100471,0.161127,0.482918,0.80181,0.601358,part2a21_alpha_positions.csv,part2a21_alpha_eligibility.csv,artifacts_part2_g532/predictions/g532_final_consensus_tape.csv
2023-04-28,1.0,6.5e-05,1,0,0.005851,0,0.323211,0,VOO,0.005851,0.005851,0.0,0.0,6.5e-05,0.011159,0.005851,0.1978484015555238,0.3334302100583509,0,weak_score,1,0,0.099064,0.169416,0.498502,0.796425,0.597319,part2a21_alpha_positions.csv,part2a21_alpha_eligibility.csv,artifacts_part2_g532/predictions/g532_final_consensus_tape.csv
2023-05-01,,,0,0,0.0,0,0.327548,0,FLAT,0.0,0.0,0.005851,6e-06,,-0.024208,0.0,0.1931343830546166,0.2771186250871318,0,weak_score,1,0,0.095545,0.152357,0.46643,0.810394,0.607795,part2a21_alpha_positions.csv,part2a21_alpha_eligibility.csv,artifacts_part2_g532/predictions/g532_final_consensus_tape.csv
2023-05-02,,,0,1,0.0,0,0.299712,0,FLAT,0.0,0.0,0.0,0.0,,-0.013496,0.0,0.1995852501733637,0.354218956868966,1,ok,1,0,0.097241,0.174282,0.50765,0.793713,0.595285,part2a21_alpha_positions.csv,part2a21_alpha_eligibility.csv,artifacts_part2_g532/predictions/g532_final_consensus_tape.csv
2023-05-03,,,0,1,0.0,0,0.295607,0,FLAT,0.0,0.0,0.0,0.0,,-0.007136,0.0,0.1962948385672928,0.3157897626471886,1,ok,1,0,0.101173,0.176443,0.511712,0.790375,0.592781,part2a21_alpha_positions.csv,part2a21_alpha_eligibility.csv,artifacts_part2_g532/predictions/g532_final_consensus_tape.csv
2023-05-04,,,0,1,0.0,0,0.291513,0,FLAT,0.0,0.0,0.0,0.0,,0.023589,0.0,0.2052483521944638,0.3866588887363026,1,ok,1,0,0.105217,0.194967,0.546538,0.775107,0.58133,part2a21_alpha_positions.csv,part2a21_alpha_eligibility.csv,artifacts_part2_g532/predictions/g532_final_consensus_tape.csv
2023-05-05,,,0,0,0.0,0,0.285367,0,FLAT,0.0,0.0,0.0,0.0,,0.006692,0.0,0.1984070189385607,0.3379696968163527,0,weak_score,1,0,0.093448,0.153803,0.46915,0.810287,0.607715,part2a21_alpha_positions.csv,part2a21_alpha_eligibility.csv,artifacts_part2_g532/predictions/g532_final_consensus_tape.csv
2023-05-08,,,0,0,0.0,0,0.283787,0,FLAT,0.0,0.0,0.0,0.0,,-0.003123,0.0,0.195653185507711,0.3186686024470163,0,weak_score,1,0,0.09543,0.153837,0.469213,0.809371,0.607028,part2a21_alpha_positions.csv,part2a21_alpha_eligibility.csv,artifacts_part2_g532/predictions/g532_final_consensus_tape.csv
2023-05-09,,,0,0,0.0,0,0.301271,0,FLAT,0.0,0.0,0.0,0.0,,-0.003089,0.0,0.2024805013356449,0.3725922310725702,0,weak_score,1,0,0.100098,0.163015,0.486468,0.800607,0.600456,part2a21_alpha_positions.csv,part2a21_alpha_eligibility.csv,artifacts_part2_g532/predictions/g532_final_consensus_tape.csv
2023-05-10,,,0,1,0.0,0,0.305493,0,FLAT,0.0,0.0,0.0,0.0,,-0.005103,0.0,0.1939309580083085,0.2930169735889731,1,ok,1,0,0.095573,0.147987,0.458215,0.813554,0.610165,part2a21_alpha_positions.csv,part2a21_alpha_eligibility.csv,artifacts_part2_g532/predictions/g532_final_consensus_tape.csv
2023-05-11,,,0,1,0.0,0,0.329492,0,FLAT,0.0,0.0,0.0,0.0,,0.004666,0.0,0.1985859101182563,0.3373225609534034,1,ok,1,0,0.096151,0.155163,0.471707,0.808084,0.606063,part2a21_alpha_positions.csv,part2a21_alpha_eligibility.csv,artifacts_part2_g532/predictions/g532_final_consensus_tape.csv
2023-05-12,,,0,0,0.0,0,0.332579,0,FLAT,0.0,0.0,0.0,0.0,,0.005672,0.0,0.2070152223361427,0.402497509464322,0,weak_score,1,0,0.061905,0.161232,0.483117,0.819088,0.614316,part2a21_alpha_positions.csv,part2a21_alpha_eligibility.csv,artifacts_part2_g532/predictions/g532_final_consensus_tape.csv
2023-05-15,-1.0,-7e-06,1,1,0.001483,0,0.332255,0,VOO,0.001483,0.001483,0.001483,1e-06,-5e-06,-0.003407,0.001483,0.204761065559398,0.4009434840714866,1,ok,1,0,0.099961,0.156202,0.473659,0.805615,0.604211,part2a21_alpha_positions.csv,part2a21_alpha_eligibility.csv,artifacts_part2_g532/predictions/g532_final_consensus_tape.csv
2023-05-16,1.0,2.2e-05,1,1,0.001483,0,0.364366,0,VOO,0.001483,0.001483,0.0,0.0,2.2e-05,0.015107,0.001483,0.1984526921944532,0.3368977274643527,1,ok,1,0,0.098494,0.162791,0.486048,0.801491,0.601118,part2a21_alpha_positions.csv,part2a21_alpha_eligibility.csv,artifacts_part2_g532/predictions/g532_final_consensus_tape.csv
2023-05-17,1.0,2.4e-05,1,1,0.001483,0,0.369068,0,VOO,0.001483,0.001483,0.0,0.0,2.4e-05,0.015936,0.001483,0.1968434991293584,0.4103848973426197,1,ok,1,0,0.084523,0.172871,0.504997,0.80046,0.600345,part2a21_alpha_positions.csv,part2a21_alpha_eligibility.csv,artifacts_part2_g532/predictions/g532_final_consensus_tape.csv
2023-05-18,1.0,3e-06,1,0,0.001483,0,0.371058,0,VOO,0.001483,0.001483,0.0,0.0,3e-06,0.002198,0.001483,0.192415030032358,0.3432218821289408,0,weak_score,1,0,0.0836,0.169078,0.497867,0.803629,0.602722,part2a21_alpha_positions.csv,part2a21_alpha_eligibility.csv,artifacts_part2_g532/predictions/g532_final_consensus_tape.csv
2023-05-19,1.0,4e-06,1,1,0.001483,0,0.40858,0,VOO,0.001483,0.001483,0.0,0.0,4e-06,0.002391,0.001483,0.1939660755925678,0.36887461943122,1,ok,1,0,0.081874,0.165807,0.491716,0.806781,0.605086,part2a21_alpha_positions.csv,part2a21_alpha_eligibility.csv,artifacts_part2_g532/predictions/g532_final_consensus_tape.csv
2023-05-22,-1.0,-0.000133,1,1,0.009703,0,0.409506,0,VOO,0.009703,0.009703,0.00822,8e-06,-0.000125,-0.012879,0.009703,0.2005902649729882,0.4486205529924501,1,ok,1,0,0.084904,0.165051,0.490296,0.805966,0.604474,part2a21_alpha_positions.csv,part2a21_alpha_eligibility.csv,artifacts_part2_g532/predictions/g532_final_consensus_tape.csv
2023-05-23,-1.0,-4.8e-05,1,1,0.009703,0,0.213507,0,VOO,0.009703,0.009703,0.0,0.0,-4.8e-05,-0.004954,0.009703,0.2003686855351455,0.454024723596647,1,ok,1,1,0.086546,0.279677,0.602251,0.742717,0.334223,part2a21_alpha_positions.csv,part2a21_alpha_eligibility.csv,artifacts_part2_g532/predictions/g532_final_consensus_tape.csv
2023-05-24,1.0,0.000145,1,1,0.009703,0,0.225079,0,VOO,0.009703,0.009703,0.0,0.0,0.000145,0.014959,0.009703,0.2100934175540315,0.548893508145253,1,ok,1,1,0.027591,0.236638,0.586664,0.787428,0.354343,part2a21_alpha_positions.csv,part2a21_alpha_eligibility.csv,artifacts_part2_g532/predictions/g532_final_consensus_tape.csv
2023-05-25,1.0,0.000107,1,1,0.009703,0,0.208182,0,VOO,0.009703,0.009703,0.0,0.0,0.000107,0.011053,0.009703,0.205437844354546,0.5167620323321976,1,ok,1,1,0.084602,0.28307,0.603466,0.742161,0.333973,part2a21_alpha_positions.csv,part2a21_alpha_eligibility.csv,artifacts_part2_g532/predictions/g532_final_consensus_tape.csv
2023-05-26,0.0,0.0,1,1,0.009703,0,0.376244,0,VOO,0.009703,0.009703,0.0,0.0,0.0,0.0,0.009703,0.2204184562637242,0.6082086591247494,1,ok,1,0,0.037674,0.184435,0.526738,0.813147,0.60986,part2a21_alpha_positions.csv,part2a21_alpha_eligibility.csv,artifacts_part2_g532/predictions/g532_final_consensus_tape.csv
2023-05-29,-1.0,-5.9e-05,1,1,0.007602,0,0.369177,0,VOO,0.007602,0.007602,0.002101,2e-06,-5.7e-05,-0.007499,0.007602,0.2023448514426183,0.4731718038809916,1,ok,1,0,0.079711,0.175309,0.50958,0.800856,0.600642,part2a21_alpha_positions.csv,part2a21_alpha_eligibility.csv,artifacts_part2_g532/predictions/g532_final_consensus_tape.csv
2023-05-30,-1.0,-7e-05,1,1,0.007602,0,0.362779,0,VOO,0.007602,0.007602,0.0,0.0,-7e-05,-0.009235,0.007602,0.2031984893923762,0.4752440802632667,1,ok,1,0,0.080825,0.176013,0.510905,0.799843,0.599882,part2a21_alpha_positions.csv,part2a21_alpha_eligibility.csv,artifacts_part2_g532/predictions/g532_final_consensus_tape.csv
2023-05-31,1.0,5.1e-05,1,1,0.007602,0,0.372832,0,VOO,0.007602,0.007602,0.0,0.0,5.1e-05,0.006764,0.007602,0.206694094340352,0.5154981308586915,1,ok,1,0,0.039018,0.177401,0.513514,0.817649,0.613237,part2a21_alpha_positions.csv,part2a21_alpha_eligibility.csv,artifacts_part2_g532/predictions/g532_final_consensus_tape.csv
2023-06-01,1.0,0.000171,1,1,0.007602,0,0.382315,0,VOO,0.007602,0.007602,0.0,0.0,0.000171,0.022557,0.007602,0.2011331016513068,0.4381187635070576,1,ok,1,0,0.081874,0.172464,0.504232,0.801948,0.601461,part2a21_alpha_positions.csv,part2a21_alpha_eligibility.csv,artifacts_part2_g532/predictions/g532_final_consensus_tape.csv
2023-06-02,-1.0,-1.2e-05,1,1,0.007602,0,0.348319,0,VOO,0.007602,0.007602,0.0,0.0,-1.2e-05,-0.001626,0.007602,0.2034765046250261,0.4553169269679213,1,ok,1,0,0.083731,0.170205,0.499986,0.802752,0.602064,part2a21_alpha_positions.csv,part2a21_alpha_eligibility.csv,artifacts_part2_g532/predictions/g532_final_consensus_tape.csv
2023-06-05,1.0,1.5e-05,1,1,0.016177,0,0.344559,0,VOO,0.016177,0.016177,0.008575,9e-06,2.3e-05,0.001445,0.016177,0.1998054504178181,0.4227754051973451,1,ok,1,0,0.081083,0.181082,0.520434,0.796047,0.597035,part2a21_alpha_positions.csv,part2a21_alpha_eligibility.csv,artifacts_part2_g532/predictions/g532_final_consensus_tape.csv
2023-06-06,1.0,6.5e-05,1,1,0.016177,0,0.361621,0,VOO,0.016177,0.016177,0.0,0.0,6.5e-05,0.004035,0.016177,0.1977640144101879,0.4022146553977175,1,ok,1,0,0.082225,0.177324,0.513369,0.798262,0.598696,part2a21_alpha_positions.csv,part2a21_alpha_eligibility.csv,artifacts_part2_g532/predictions/g532_final_consensus_tape.csv
2023-06-07,-1.0,-1.2e-05,1,1,0.016177,0,0.364348,0,VOO,0.016177,0.016177,0.0,0.0,-1.2e-05,-0.000727,0.016177,0.1957062195108163,0.3687388094206702,1,ok,1,0,0.083396,0.186162,0.529984,0.791318,0.593489,part2a21_alpha_positions.csv,part2a21_alpha_eligibility.csv,artifacts_part2_g532/predictions/g532_final_consensus_tape.csv
2023-06-08,1.0,8.5e-05,1,1,0.016177,0,0.376869,0,VOO,0.016177,0.016177,0.0,0.0,8.5e-05,0.005276,0.016177,0.1920214456092054,0.3253877003268943,1,ok,1,0,0.081214,0.179312,0.517106,0.797273,0.597955,part2a21_alpha_positions.csv,part2a21_alpha_eligibility.csv,artifacts_part2_g532/predictions/g532_final_consensus_tape.csv
2023-06-09,1.0,0.000121,1,1,0.016177,0,0.384076,0,VOO,0.016177,0.016177,0.0,0.0,0.000121,0.007498,0.016177,0.1955173283797785,0.35564162425168,1,ok,1,0,0.08559,0.173982,0.507086,0.799173,0.59938,part2a21_alpha_positions.csv,part2a21_alpha_eligibility.csv,artifacts_part2_g532/predictions/g532_final_consensus_tape.csv
2023-06-12,1.0,0.000242,1,1,0.017753,0,0.381774,0,VOO,0.017753,0.017753,0.001576,2e-06,0.000243,0.013707,0.017753,0.1926520695892587,0.3511391383803437,1,ok,1,0,0.079958,0.17875,0.51605,0.798246,0.598685,part2a21_alpha_positions.csv,part2a21_alpha_eligibility.csv,artifacts_part2_g532/predictions/g532_final_consensus_tape.csv
2023-06-13,-1.0,-1e-05,1,1,0.017753,0,0.385407,0,VOO,0.017753,0.017753,0.0,0.0,-1e-05,-0.000575,0.017753,0.1949807175543148,0.356086225233691,1,ok,1,0,0.082426,0.176406,0.511643,0.798838,0.599128,part2a21_alpha_positions.csv,part2a21_alpha_eligibility.csv,artifacts_part2_g532/predictions/g532_final_consensus_tape.csv
2023-06-14,1.0,8.9e-05,1,1,0.017753,0,0.400056,0,VOO,0.017753,0.017753,0.0,0.0,8.9e-05,0.005004,0.017753,0.1849528081652881,0.6037497281008299,1,ok,1,0,0.142449,0.154346,0.47017,0.787843,0.590882,part2a21_alpha_positions.csv,part2a21_alpha_eligibility.csv,artifacts_part2_g532/predictions/g532_final_consensus_tape.csv
2023-06-15,1.0,1.1e-05,1,1,0.017753,0,0.399803,0,VOO,0.017753,0.017753,0.0,0.0,1.1e-05,0.000632,0.017753,0.1819546964025054,0.6514516480218279,1,ok,1,0,0.144737,0.153781,0.469108,0.787223,0.590418,part2a21_alpha_positions.csv,part2a21_alpha_eligibility.csv,artifacts_part2_g532/predictions/g532_final_consensus_tape.csv
2023-06-16,0.0,0.0,1,1,0.017753,0,0.461993,0,VOO,0.017753,0.017753,0.0,0.0,0.0,0.0,0.017753,0.1838713245644216,0.6177505735881973,1,ok,1,0,0.139183,0.139707,0.442649,0.79994,0.599955,part2a21_alpha_positions.csv,part2a21_alpha_eligibility.csv,artifacts_part2_g532/predictions/g532_final_consensus_tape.csv
2023-06-19,-1.0,-0.000312,1,1,0.038233,0,0.46259,0,VOO,0.038233,0.038233,0.02048,2e-05,-0.000291,-0.007614,0.038233,0.1843000955854394,0.6187184998819492,1,ok,1,0,0.147138,0.142559,0.448012,0.79429,0.595717,part2a21_alpha_positions.csv,part2a21_alpha_eligibility.csv,artifacts_part2_g532/predictions/g532_final_consensus_tape.csv
2023-06-20,-1.0,-0.000245,1,1,0.038233,0,0.435004,0,VOO,0.038233,0.038233,0.0,0.0,-0.000245,-0.00642,0.038233,0.1867435148871624,0.5728562898850087,1,ok,1,0,0.145965,0.146386,0.455205,0.79204,0.59403,part2a21_alpha_positions.csv,part2a21_alpha_eligibility.csv,artifacts_part2_g532/predictions/g532_final_consensus_tape.csv
2023-06-21,1.0,0.000356,1,1,0.038233,0,0.425781,0,VOO,0.038233,0.038233,0.0,0.0,0.000356,0.009304,0.038233,0.1821824793865398,0.639108961660433,1,ok,1,0,0.138104,0.142208,0.447351,0.79861,0.598958,part2a21_alpha_positions.csv,part2a21_alpha_eligibility.csv,artifacts_part2_g532/predictions/g532_final_consensus_tape.csv
2023-06-22,-1.0,-0.000446,1,1,0.038233,0,0.415501,0,VOO,0.038233,0.038233,0.0,0.0,-0.000446,-0.011657,0.038233,0.1849260210211792,0.5916005158719339,1,ok,1,0,0.142806,0.148548,0.459271,0.791891,0.593918,part2a21_alpha_positions.csv,part2a21_alpha_eligibility.csv,artifacts_part2_g532/predictions/g532_final_consensus_tape.csv
2023-06-23,-1.0,-0.000253,1,1,0.038233,0,0.387225,0,VOO,0.038233,0.038233,0.0,0.0,-0.000253,-0.006606,0.038233,0.1834150330831343,0.6122216482131136,1,ok,1,0,0.150221,0.160496,0.481732,0.779881,0.58491,part2a21_alpha_positions.csv,part2a21_alpha_eligibility.csv,artifacts_part2_g532/predictions/g532_final_consensus_tape.csv
2023-06-26,1.0,0.000419,1,1,0.029442,0,0.388715,0,VOO,0.029442,0.029442,0.008791,9e-06,0.000427,0.01452,0.029442,0.1921278674439341,0.5120024223122694,1,ok,1,0,0.149057,0.158529,0.478034,0.781832,0.586374,part2a21_alpha_positions.csv,part2a21_alpha_eligibility.csv,artifacts_part2_g532/predictions/g532_final_consensus_tape.csv
2023-06-27,-1.0,-0.000105,1,1,0.029442,0,0.390043,0,VOO,0.029442,0.029442,0.0,0.0,-0.000105,-0.003566,0.029442,0.1909934968952827,0.5334071286099914,1,ok,1,0,0.14167,0.152068,0.465887,0.789847,0.592385,part2a21_alpha_positions.csv,part2a21_alpha_eligibility.csv,artifacts_part2_g532/predictions/g532_final_consensus_tape.csv
2023-06-28,1.0,0.000416,1,1,0.029442,0,0.380649,0,VOO,0.029442,0.029442,0.0,0.0,0.000416,0.014145,0.029442,0.1874172773822149,0.6013107927321678,1,ok,1,0,0.153219,0.16827,0.496348,0.772887,0.579665,part2a21_alpha_positions.csv,part2a21_alpha_eligibility.csv,artifacts_part2_g532/predictions/g532_final_consensus_tape.csv
2023-06-29,1.0,0.000283,1,1,0.029442,0,0.36872,0,VOO,0.029442,0.029442,0.0,0.0,0.000283,0.009605,0.029442,0.1860734848966888,0.6070633012851033,1,ok,1,0,0.148023,0.156415,0.47406,0.783832,0.587874,part2a21_alpha_positions.csv,part2a21_alpha_eligibility.csv,artifacts_part2_g532/predictions/g532_final_consensus_tape.csv
2023-06-30,1.0,0.000184,1,1,0.029442,0,0.359267,0,VOO,0.029442,0.029442,0.0,0.0,0.000184,0.00626,0.029442,0.1881573101869548,0.5718188342334546,1,ok,1,0,0.142581,0.168318,0.496439,0.777639,0.58323,part2a21_alpha_positions.csv,part2a21_alpha_eligibility.csv,artifacts_part2_g532/predictions/g532_final_consensus_tape.csv
2023-07-03,0.0,-2e-06,1,1,0.027515,0,0.365373,0,VOO,0.027515,0.027515,0.001927,2e-06,0.0,0.0,0.027515,0.1881867859166918,0.5609666631774185,1,ok,1,0,0.136209,0.149122,0.460349,0.794443,0.595833,part2a21_alpha_positions.csv,part2a21_alpha_eligibility.csv,artifacts_part2_g532/predictions/g532_final_consensus_tape.csv
2023-07-04,1.0,7.1e-05,1,1,0.027515,0,0.368149,0,VOO,0.027515,0.027515,0.0,0.0,7.1e-05,0.002573,0.027515,0.1898145173256611,0.5305767037103581,1,ok,1,0,0.144322,0.158258,0.477525,0.78416,0.58812,part2a21_alpha_positions.csv,part2a21_alpha_eligibility.csv,artifacts_part2_g532/predictions/g532_final_consensus_tape.csv
2023-07-05,1.0,0.0,1,1,0.027515,0,0.377898,0,VOO,0.027515,0.027515,0.0,0.0,0.0,1.4e-05,0.027515,0.1913816633491166,0.5036585258102589,1,ok,1,0,0.137808,0.15745,0.476006,0.787678,0.590758,part2a21_alpha_positions.csv,part2a21_alpha_eligibility.csv,artifacts_part2_g532/predictions/g532_final_consensus_tape.csv
2023-07-06,-1.0,-2.9e-05,1,1,0.027515,0,0.368883,0,VOO,0.027515,0.027515,0.0,0.0,-2.9e-05,-0.001063,0.027515,0.1938790618742901,0.4411370398152168,1,ok,1,0,0.156819,0.179982,0.518365,0.762765,0.572074,part2a21_alpha_positions.csv,part2a21_alpha_eligibility.csv,artifacts_part2_g532/predictions/g532_final_consensus_tape.csv
2023-07-07,-1.0,-6.9e-05,1,1,0.027515,0,0.387558,0,VOO,0.027515,0.027515,0.0,0.0,-6.9e-05,-0.00249,0.027515,0.1930627342893913,0.4871723425861595,1,ok,1,0,0.16506,0.184481,0.526824,0.75579,0.566842,part2a21_alpha_positions.csv,part2a21_alpha_eligibility.csv,artifacts_part2_g532/predictions/g532_final_consensus_tape.csv
2023-07-10,1.0,0.000104,1,1,0.024793,0,0.23347,0,VOO,0.024793,0.024793,0.002723,3e-06,0.000106,0.004289,0.024793,0.1914549637698124,0.520154585679416,1,ok,1,0,0.172357,0.200456,0.556858,0.740908,0.333409,part2a21_alpha_positions.csv,part2a21_alpha_eligibility.csv,artifacts_part2_g532/predictions/g532_final_consensus_tape.csv
2023-07-11,-1.0,-4.6e-05,1,1,0.024793,0,0.413184,0,VOO,0.024793,0.024793,0.0,0.0,-4.6e-05,-0.001873,0.024793,0.1930781754911386,0.4878703289103969,1,ok,1,0,0.174485,0.188289,0.533984,0.748784,0.561588,part2a21_alpha_positions.csv,part2a21_alpha_eligibility.csv,artifacts_part2_g532/predictions/g532_final_consensus_tape.csv
2023-07-12,-1.0,-4e-06,1,1,0.024793,0,0.433128,0,VOO,0.024793,0.024793,0.0,0.0,-4e-06,-0.000163,0.024793,0.1842667341494707,0.6433925210378322,1,ok,1,0,0.18672,0.140801,0.444706,0.777755,0.583316,part2a21_alpha_positions.csv,part2a21_alpha_eligibility.csv,artifacts_part2_g532/predictions/g532_final_consensus_tape.csv
2023-07-13,1.0,0.000103,1,1,0.024793,0,0.462613,0,VOO,0.024793,0.024793,0.0,0.0,0.000103,0.004161,0.024793,0.1766263790439545,0.6420898337762627,1,ok,1,0,0.194228,0.14665,0.455702,0.77013,0.577597,part2a21_alpha_positions.csv,part2a21_alpha_eligibility.csv,artifacts_part2_g532/predictions/g532_final_consensus_tape.csv
2023-07-14,1.0,4.5e-05,1,1,0.024793,0,0.499055,0,VOO,0.024793,0.024793,0.0,0.0,4.5e-05,0.001826,0.024793,0.1947873657659961,0.7106184398977101,1,ok,1,0,0.173295,0.131799,0.427782,0.790331,0.592749,part2a21_alpha_positions.csv,part2a21_alpha_eligibility.csv,artifacts_part2_g532/predictions/g532_final_consensus_tape.csv
2023-07-17,1.0,0.000281,1,1,0.047373,0,0.513729,0,VOO,0.047373,0.047373,0.022581,2.3e-05,0.000304,0.006415,0.047373,0.1892015405515729,0.6773808594146923,1,ok,1,0,0.171786,0.134908,0.433627,0.788753,0.591565,part2a21_alpha_positions.csv,part2a21_alpha_eligibility.csv,artifacts_part2_g532/predictions/g532_final_consensus_tape.csv
2023-07-18,-1.0,-5.9e-05,1,1,0.047373,0,0.496439,0,VOO,0.047373,0.047373,0.0,0.0,-5.9e-05,-0.001249,0.047373,0.1988912564897992,0.7087735073755924,1,ok,1,0,0.171138,0.138552,0.440478,0.786399,0.589799,part2a21_alpha_positions.csv,part2a21_alpha_eligibility.csv,artifacts_part2_g532/predictions/g532_final_consensus_tape.csv
2023-07-19,1.0,6.7e-05,1,1,0.047373,0,0.505259,0,VOO,0.047373,0.047373,0.0,0.0,6.7e-05,0.00141,0.047373,0.1976630712019551,0.6919188776007769,1,ok,1,0,0.15917,0.122419,0.410148,0.803497,0.602623,part2a21_alpha_positions.csv,part2a21_alpha_eligibility.csv,artifacts_part2_g532/predictions/g532_final_consensus_tape.csv
2023-07-20,-1.0,-3.4e-05,1,1,0.047373,0,0.512396,0,VOO,0.047373,0.047373,0.0,0.0,-3.4e-05,-0.00071,0.047373,0.2176609975639795,0.6694005797422845,1,ok,1,0,0.137316,0.121387,0.408208,0.814081,0.61056,part2a21_alpha_positions.csv,part2a21_alpha_eligibility.csv,artifacts_part2_g532/predictions/g532_final_consensus_tape.csv
2023-07-21,1.0,0.000313,1,1,0.047373,0,0.506081,0,VOO,0.047373,0.047373,0.0,0.0,0.000313,0.006614,0.047373,0.2077909579811339,0.6519238395681329,1,ok,1,0,0.152445,0.127394,0.4195,0.802912,0.602184,part2a21_alpha_positions.csv,part2a21_alpha_eligibility.csv,artifacts_part2_g532/predictions/g532_final_consensus_tape.csv
2023-07-24,1.0,0.000267,1,1,0.057571,0,0.500079,0,VOO,0.057571,0.057571,0.010198,1e-05,0.000277,0.004816,0.057571,0.2132534993670033,0.6100146439562452,1,ok,1,0,0.14543,0.136288,0.436221,0.799612,0.599709,part2a21_alpha_positions.csv,part2a21_alpha_eligibility.csv,artifacts_part2_g532/predictions/g532_final_consensus_tape.csv
2023-07-25,-1.0,-0.000184,1,1,0.057571,0,0.50304,0,VOO,0.057571,0.057571,0.0,0.0,-0.000184,-0.003192,0.057571,0.2217947373683781,0.6734563130407222,1,ok,1,0,0.140127,0.130391,0.425134,0.806279,0.604709,part2a21_alpha_positions.csv,part2a21_alpha_eligibility.csv,artifacts_part2_g532/predictions/g532_final_consensus_tape.csv
2023-07-26,1.0,0.000239,1,1,0.057571,0,0.507957,0,VOO,0.057571,0.057571,0.0,0.0,0.000239,0.00415,0.057571,0.2284175897943902,0.75148953491248,1,ok,1,0,0.132117,0.112369,0.391254,0.822967,0.617225,part2a21_alpha_positions.csv,part2a21_alpha_eligibility.csv,artifacts_part2_g532/predictions/g532_final_consensus_tape.csv
2023-07-27,1.0,0.000371,1,1,0.057571,0,0.495659,0,VOO,0.057571,0.057571,0.0,0.0,0.000371,0.006446,0.057571,0.2309956832313761,0.6969271069047567,1,ok,1,0,0.148855,0.131207,0.426669,0.801759,0.601319,part2a21_alpha_positions.csv,part2a21_alpha_eligibility.csv,artifacts_part2_g532/predictions/g532_final_consensus_tape.csv
2023-07-28,1.0,3.9e-05,1,1,0.057571,0,0.500665,0,VOO,0.057571,0.057571,0.0,0.0,3.9e-05,0.000673,0.057571,0.2226375792929569,0.6868366080668776,1,ok,1,0,0.148239,0.108587,0.384144,0.818458,0.613843,part2a21_alpha_positions.csv,part2a21_alpha_eligibility.csv,artifacts_part2_g532/predictions/g532_final_consensus_tape.csv
2023-07-31,1.0,0.000123,1,1,0.047956,0,0.502232,0,VOO,0.047956,0.047956,0.009615,1e-05,0.000133,0.002765,0.047956,0.2244149217888506,0.6662250751055662,1,ok,1,0,0.136098,0.109766,0.386361,0.823066,0.617299,part2a21_alpha_positions.csv,part2a21_alpha_eligibility.csv,artifacts_part2_g532/predictions/g532_final_consensus_tape.csv
2023-08-01,-1.0,-0.000573,1,1,0.047956,0,0.509955,0,VOO,0.047956,0.047956,0.0,0.0,-0.000573,-0.011948,0.047956,0.2195918382403258,0.6164360578730833,1,ok,1,0,0.128725,0.112406,0.391323,0.824467,0.61835,part2a21_alpha_positions.csv,part2a21_alpha_eligibility.csv,artifacts_part2_g532/predictions/g532_final_consensus_tape.csv
2023-08-02,1.0,0.00022,1,0,0.047956,0,0.253784,0,VOO,0.047956,0.047956,0.0,0.0,0.00022,0.004583,0.047956,0.2472657988241857,0.7018868022752697,0,deploy_downside_veto,1,0,0.166182,0.174321,0.507723,0.762661,0.343198,part2a21_alpha_positions.csv,part2a21_alpha_eligibility.csv,artifacts_part2_g532/predictions/g532_final_consensus_tape.csv
2023-08-03,-1.0,-0.000743,1,1,0.047956,0,0.248433,0,VOO,0.047956,0.047956,0.0,0.0,-0.000743,-0.015487,0.047956,0.2481648029104153,0.6563761196382675,1,ok,1,0,0.184126,0.180078,0.518546,0.750407,0.337683,part2a21_alpha_positions.csv,part2a21_alpha_eligibility.csv,artifacts_part2_g532/predictions/g532_final_consensus_tape.csv
2023-08-04,1.0,0.000547,1,1,0.047956,0,0.224603,0,VOO,0.047956,0.047956,0.0,0.0,0.000547,0.011398,0.047956,0.2603341961907035,0.7207893853107543,1,ok,1,0,0.170158,0.194366,0.545409,0.746319,0.335843,part2a21_alpha_positions.csv,part2a21_alpha_eligibility.csv,artifacts_part2_g532/predictions/g532_final_consensus_tape.csv
2023-08-07,-1.0,-0.00024,1,1,0.022958,0,0.225322,0,VOO,0.022958,0.022958,0.024999,2.5e-05,-0.000215,-0.009382,0.022958,0.250642974971952,0.6730228288540179,1,ok,1,0,0.167658,0.167227,0.494387,0.767147,0.345216,part2a21_alpha_positions.csv,part2a21_alpha_eligibility.csv,artifacts_part2_g532/predictions/g532_final_consensus_tape.csv
2023-08-08,-1.0,-0.000168,1,1,0.022958,0,0.364346,0,VOO,0.022958,0.022958,0.0,0.0,-0.000168,-0.007298,0.022958,0.2581728409937382,0.7309779670243524,1,ok,1,0,0.172445,0.180147,0.518676,0.755613,0.56671,part2a21_alpha_positions.csv,part2a21_alpha_eligibility.csv,artifacts_part2_g532/predictions/g532_final_consensus_tape.csv
2023-08-09,1.0,0.00019,1,1,0.022958,0,0.358811,0,VOO,0.022958,0.022958,0.0,0.0,0.00019,0.008271,0.022958,0.231260746065622,0.3828948181226946,1,ok,1,0,0.174924,0.185707,0.529128,0.750461,0.562846,part2a21_alpha_positions.csv,part2a21_alpha_eligibility.csv,artifacts_part2_g532/predictions/g532_final_consensus_tape.csv
2023-08-10,1.0,0.0001,1,1,0.022958,0,0.35959,0,VOO,0.022958,0.022958,0.0,0.0,0.0001,0.00437,0.022958,0.2323688976229422,0.3980446448301154,1,ok,1,0,0.170448,0.170663,0.500847,0.763397,0.572548,part2a21_alpha_positions.csv,part2a21_alpha_eligibility.csv,artifacts_part2_g532/predictions/g532_final_consensus_tape.csv
2023-08-11,1.0,0.000166,1,1,0.022958,0,0.385489,0,VOO,0.022958,0.022958,0.0,0.0,0.000166,0.007221,0.022958,0.2240117296934703,0.4811549067286225,1,ok,1,0,0.133529,0.125113,0.415213,0.81308,0.60981,part2a21_alpha_positions.csv,part2a21_alpha_eligibility.csv,artifacts_part2_g532/predictions/g532_final_consensus_tape.csv
2023-08-14,-1.0,-0.000349,1,1,0.035022,0,0.373796,0,VOO,0.035022,0.035022,0.012064,1.2e-05,-0.000337,-0.009613,0.035022,0.2314732308750184,0.4503403972085638,1,ok,1,0,0.139836,0.138811,0.440966,0.800297,0.600222,part2a21_alpha_positions.csv,part2a21_alpha_eligibility.csv,artifacts_part2_g532/predictions/g532_final_consensus_tape.csv
2023-08-15,-1.0,-0.000125,1,1,0.035022,0,0.350542,0,VOO,0.035022,0.035022,0.0,0.0,-0.000125,-0.003578,0.035022,0.2390018389449244,0.3978908464098776,1,ok,1,0,0.16967,0.175828,0.510557,0.759997,0.569998,part2a21_alpha_positions.csv,part2a21_alpha_eligibility.csv,artifacts_part2_g532/predictions/g532_final_consensus_tape.csv
2023-08-16,-1.0,-0.00024,1,1,0.035022,0,0.355161,0,VOO,0.035022,0.035022,0.0,0.0,-0.00024,-0.006842,0.035022,0.24244424311212,0.386169728982811,1,ok,1,0,0.179983,0.181432,0.521091,0.751288,0.563466,part2a21_alpha_positions.csv,part2a21_alpha_eligibility.csv,artifacts_part2_g532/predictions/g532_final_consensus_tape.csv
2023-08-17,-1.0,-7.3e-05,1,1,0.035022,0,0.360019,0,VOO,0.035022,0.035022,0.0,0.0,-7.3e-05,-0.002073,0.035022,0.2415713454849871,0.4092741583808072,1,ok,1,0,0.169869,0.17582,0.510541,0.759914,0.569935,part2a21_alpha_positions.csv,part2a21_alpha_eligibility.csv,artifacts_part2_g532/predictions/g532_final_consensus_tape.csv
2023-08-18,1.0,0.000448,1,1,0.035022,0,0.373706,0,VOO,0.035022,0.035022,0.0,0.0,0.000448,0.012801,0.035022,0.2396319539386504,0.4080796306874486,1,ok,1,0,0.17658,0.187817,0.533096,0.748184,0.561138,part2a21_alpha_positions.csv,part2a21_alpha_eligibility.csv,artifacts_part2_g532/predictions/g532_final_consensus_tape.csv
2023-08-21,-1.0,-7e-05,1,1,0.015852,0,0.190339,0,VOO,0.015852,0.015852,0.01917,1.9e-05,-5.1e-05,-0.003232,0.015852,0.2465274925904569,0.3245139491054764,1,ok,1,1,0.314722,0.275533,0.600765,0.641786,0.288804,part2a21_alpha_positions.csv,part2a21_alpha_eligibility.csv,artifacts_part2_g532/predictions/g532_final_consensus_tape.csv
2023-08-22,-1.0,-1e-06,1,1,0.015852,0,0.199308,0,VOO,0.015852,0.015852,0.0,0.0,-1e-06,-7.3e-05,0.015852,0.2372769705040336,0.4140635315214552,1,ok,1,1,0.289042,0.265908,0.5973,0.657403,0.295831,part2a21_alpha_positions.csv,part2a21_alpha_eligibility.csv,artifacts_part2_g532/predictions/g532_final_consensus_tape.csv
2023-08-23,-1.0,-0.000153,1,1,0.015852,0,0.389926,0,VOO,0.015852,0.015852,0.0,0.0,-0.000153,-0.009656,0.015852,0.2354224487605501,0.3359787132064835,1,ok,1,0,0.175591,0.176009,0.510897,0.757201,0.567901,part2a21_alpha_positions.csv,part2a21_alpha_eligibility.csv,artifacts_part2_g532/predictions/g532_final_consensus_tape.csv
2023-08-24,1.0,0.00011,1,1,0.015852,0,0.380861,0,VOO,0.015852,0.015852,0.0,0.0,0.00011,0.006923,0.015852,0.2359215203943663,0.430564150406277,1,ok,1,0,0.179163,0.191689,0.540375,0.744211,0.558158,part2a21_alpha_positions.csv,part2a21_alpha_eligibility.csv,artifacts_part2_g532/predictions/g532_final_consensus_tape.csv
2023-08-25,1.0,6e-05,1,1,0.015852,0,0.404185,0,VOO,0.015852,0.015852,0.0,0.0,6e-05,0.003788,0.015852,0.230739951604213,0.4577184617004868,1,ok,1,0,0.141076,0.14071,0.444534,0.79836,0.59877,part2a21_alpha_positions.csv,part2a21_alpha_eligibility.csv,artifacts_part2_g532/predictions/g532_final_consensus_tape.csv
2023-08-28,1.0,0.000244,1,1,0.037982,0,0.402133,0,VOO,0.037982,0.037982,0.02213,2.2e-05,0.000266,0.007,0.037982,0.2210318312090381,0.5421733641430947,1,ok,1,0,0.153577,0.1542,0.469896,0.782941,0.587206,part2a21_alpha_positions.csv,part2a21_alpha_eligibility.csv,artifacts_part2_g532/predictions/g532_final_consensus_tape.csv
2023-08-29,1.0,0.000162,1,1,0.037982,0,0.414698,0,VOO,0.037982,0.037982,0.0,0.0,0.000162,0.004265,0.037982,0.2136250113023175,0.5436277034978184,1,ok,1,0,0.138672,0.142046,0.447046,0.798472,0.598854,part2a21_alpha_positions.csv,part2a21_alpha_eligibility.csv,artifacts_part2_g532/predictions/g532_final_consensus_tape.csv
2023-08-30,-1.0,-0.000125,1,1,0.037982,0,0.409042,0,VOO,0.037982,0.037982,0.0,0.0,-0.000125,-0.003286,0.037982,0.2084845807469649,0.575948260482784,1,ok,1,0,0.144932,0.156477,0.474177,0.785178,0.588884,part2a21_alpha_positions.csv,part2a21_alpha_eligibility.csv,artifacts_part2_g532/predictions/g532_final_consensus_tape.csv
2023-08-31,1.0,0.000314,1,1,0.037982,0,0.4119,0,VOO,0.037982,0.037982,0.0,0.0,0.000314,0.008256,0.037982,0.2115960823491825,0.4491821181137114,1,ok,1,0,0.155559,0.160747,0.482205,0.777296,0.582972,part2a21_alpha_positions.csv,part2a21_alpha_eligibility.csv,artifacts_part2_g532/predictions/g532_final_consensus_tape.csv
2023-09-01,0.0,0.0,1,1,0.037982,0,0.423188,0,VOO,0.037982,0.037982,0.0,0.0,0.0,0.0,0.037982,0.2104298072848715,0.5539469975420017,1,ok,1,0,0.139298,0.133539,0.431054,0.804367,0.603275,part2a21_alpha_positions.csv,part2a21_alpha_eligibility.csv,artifacts_part2_g532/predictions/g532_final_consensus_tape.csv
2023-09-04,1.0,6.9e-05,1,1,0.044173,0,0.437153,0,VOO,0.044173,0.044173,0.006191,6e-06,7.6e-05,0.00171,0.044173,0.2084436391275136,0.4978994134465463,1,ok,1,0,0.151948,0.140134,0.443452,0.793886,0.595415,part2a21_alpha_positions.csv,part2a21_alpha_eligibility.csv,artifacts_part2_g532/predictions/g532_final_consensus_tape.csv
2023-09-05,-1.0,-0.000192,1,1,0.044173,0,0.444394,0,VOO,0.044173,0.044173,0.0,0.0,-0.000192,-0.004354,0.044173,0.2129904002581839,0.5440169246804314,1,ok,1,0,0.140253,0.141539,0.446093,0.798129,0.598597,part2a21_alpha_positions.csv,part2a21_alpha_eligibility.csv,artifacts_part2_g532/predictions/g532_final_consensus_tape.csv
2023-09-06,-1.0,-0.000283,1,1,0.044173,0,0.436162,0,VOO,0.044173,0.044173,0.0,0.0,-0.000283,-0.006408,0.044173,0.2254212893916139,0.6937924320997144,1,ok,1,0,0.114566,0.161099,0.482867,0.795487,0.596616,part2a21_alpha_positions.csv,part2a21_alpha_eligibility.csv,artifacts_part2_g532/predictions/g532_final_consensus_tape.csv
2023-09-07,1.0,5.1e-05,1,1,0.044173,0,0.455867,0,VOO,0.044173,0.044173,0.0,0.0,5.1e-05,0.001155,0.044173,0.2259770691105286,0.6973921790718983,1,ok,1,0,0.114524,0.145462,0.453468,0.806859,0.605144,part2a21_alpha_positions.csv,part2a21_alpha_eligibility.csv,artifacts_part2_g532/predictions/g532_final_consensus_tape.csv
2023-09-08,1.0,0.000365,1,1,0.044173,0,0.460559,0,VOO,0.044173,0.044173,0.0,0.0,0.000365,0.008261,0.044173,0.2213855740467307,0.6555248098893088,1,ok,1,0,0.120616,0.14774,0.457751,0.802464,0.601848,part2a21_alpha_positions.csv,part2a21_alpha_eligibility.csv,artifacts_part2_g532/predictions/g532_final_consensus_tape.csv
2023-09-11,-1.0,-0.000286,1,1,0.041928,0,0.451534,0,VOO,0.041928,0.041928,0.002245,2e-06,-0.000284,-0.006769,0.041928,0.2412968817181757,0.7432335509878828,1,ok,1,0,0.11711,0.147823,0.457907,0.803981,0.602986,part2a21_alpha_positions.csv,part2a21_alpha_eligibility.csv,artifacts_part2_g532/predictions/g532_final_consensus_tape.csv
2023-09-12,-1.0,-0.0,1,1,0.041928,0,0.448924,0,VOO,0.041928,0.041928,0.0,0.0,-0.0,-6e-06,0.041928,0.2418198607357463,0.7273077549084744,1,ok,1,0,0.112893,0.144155,0.451012,0.808541,0.606406,part2a21_alpha_positions.csv,part2a21_alpha_eligibility.csv,artifacts_part2_g532/predictions/g532_final_consensus_tape.csv
2023-09-13,1.0,0.000455,1,0,0.041928,0,0.278209,0,VOO,0.041928,0.041928,0.0,0.0,0.000455,0.01086,0.041928,0.2525317910748562,0.7581168533510626,0,deploy_downside_veto,1,0,0.110598,0.118694,0.403144,0.828059,0.372627,part2a21_alpha_positions.csv,part2a21_alpha_eligibility.csv,artifacts_part2_g532/predictions/g532_final_consensus_tape.csv
2023-09-14,-1.0,-0.000396,1,1,0.041928,0,0.266931,0,VOO,0.041928,0.041928,0.0,0.0,-0.000396,-0.009435,0.041928,0.2591050326725559,0.7878669657528871,1,ok,1,0,0.108258,0.120921,0.407332,0.827495,0.372373,part2a21_alpha_positions.csv,part2a21_alpha_eligibility.csv,artifacts_part2_g532/predictions/g532_final_consensus_tape.csv
2023-09-15,1.0,6e-06,1,1,0.041928,0,0.418309,0,VOO,0.041928,0.041928,0.0,0.0,6e-06,0.000134,0.041928,0.2340235221806707,0.7333598921677146,1,ok,1,0,0.121647,0.166028,0.492133,0.788722,0.591542,part2a21_alpha_positions.csv,part2a21_alpha_eligibility.csv,artifacts_part2_g532/predictions/g532_final_consensus_tape.csv
2023-09-18,1.0,6.9e-05,1,1,0.041977,0,0.414306,0,VOO,0.041977,0.041977,4.9e-05,0.0,6.9e-05,0.001649,0.041977,0.2195242538493033,0.6245542567899428,1,ok,1,0,0.129846,0.171282,0.50201,0.781218,0.585914,part2a21_alpha_positions.csv,part2a21_alpha_eligibility.csv,artifacts_part2_g532/predictions/g532_final_consensus_tape.csv
2023-09-19,-1.0,-0.000363,1,1,0.041977,0,0.413855,0,VOO,0.041977,0.041977,0.0,0.0,-0.000363,-0.008644,0.041977,0.2241172280173645,0.6663935877875441,1,ok,1,0,0.129739,0.172626,0.504538,0.780291,0.585218,part2a21_alpha_positions.csv,part2a21_alpha_eligibility.csv,artifacts_part2_g532/predictions/g532_final_consensus_tape.csv
2023-09-20,-1.0,-0.00038,1,1,0.041977,0,0.399463,0,VOO,0.041977,0.041977,0.0,0.0,-0.00038,-0.009059,0.041977,0.2276685827978368,0.6820056732855603,1,ok,1,0,0.124271,0.194262,0.545213,0.767044,0.575283,part2a21_alpha_positions.csv,part2a21_alpha_eligibility.csv,artifacts_part2_g532/predictions/g532_final_consensus_tape.csv
2023-09-21,-1.0,-0.000265,1,1,0.041977,0,0.228727,0,VOO,0.041977,0.041977,0.0,0.0,-0.000265,-0.006317,0.041977,0.2346343803158978,0.6676773180211373,1,ok,1,1,0.128529,0.239071,0.587554,0.740976,0.333439,part2a21_alpha_positions.csv,part2a21_alpha_eligibility.csv,artifacts_part2_g532/predictions/g532_final_consensus_tape.csv
2023-09-22,1.0,0.000484,1,1,0.041977,0,0.23363,0,VOO,0.041977,0.041977,0.0,0.0,0.000484,0.011531,0.041977,0.2361871282369785,0.6650837237523687,1,ok,1,0,0.121106,0.204949,0.565304,0.760709,0.342319,part2a21_alpha_positions.csv,part2a21_alpha_eligibility.csv,artifacts_part2_g532/predictions/g532_final_consensus_tape.csv
2023-09-25,-1.0,-0.000341,1,1,0.022255,0,0.225496,0,VOO,0.022255,0.022255,0.019722,2e-05,-0.000322,-0.014458,0.022255,0.2294812709083718,0.6071550982280446,1,ok,1,1,0.131513,0.210556,0.575846,0.751955,0.33838,part2a21_alpha_positions.csv,part2a21_alpha_eligibility.csv,artifacts_part2_g532/predictions/g532_final_consensus_tape.csv
2023-09-26,1.0,0.000105,1,0,0.022255,0,0.219448,0,VOO,0.022255,0.022255,0.0,0.0,0.000105,0.004709,0.022255,0.256139189982857,0.7553125876567518,0,deploy_downside_veto,1,0,0.122346,0.206281,0.567809,0.759184,0.341633,part2a21_alpha_positions.csv,part2a21_alpha_eligibility.csv,artifacts_part2_g532/predictions/g532_final_consensus_tape.csv
2023-09-27,1.0,6.9e-05,1,1,0.022255,0,0.214843,0,VOO,0.022255,0.022255,0.0,0.0,6.9e-05,0.003083,0.022255,0.2335835170429027,0.6560390286736534,1,ok,1,1,0.133829,0.210072,0.574935,0.751265,0.338069,part2a21_alpha_positions.csv,part2a21_alpha_eligibility.csv,artifacts_part2_g532/predictions/g532_final_consensus_tape.csv
2023-09-28,-1.0,-5.8e-05,1,1,0.022255,0,0.224114,0,VOO,0.022255,0.022255,0.0,0.0,-5.8e-05,-0.002609,0.022255,0.218051019737454,0.5446687302200185,1,ok,1,1,0.128264,0.20957,0.573992,0.754133,0.33936,part2a21_alpha_positions.csv,part2a21_alpha_eligibility.csv,artifacts_part2_g532/predictions/g532_final_consensus_tape.csv
2023-09-29,1.0,0.00018,1,1,0.022255,0,0.221968,0,VOO,0.022255,0.022255,0.0,0.0,0.00018,0.008069,0.022255,0.2228010650493238,0.6157054534830065,1,ok,1,1,0.135218,0.244027,0.589364,0.73587,0.331141,part2a21_alpha_positions.csv,part2a21_alpha_eligibility.csv,artifacts_part2_g532/predictions/g532_final_consensus_tape.csv
2023-10-02,-1.0,-9.2e-05,1,1,0.01646,0,0.19266,0,VOO,0.01646,0.01646,0.005794,6e-06,-8.6e-05,-0.005226,0.01646,0.2227799064443172,0.554290048472997,1,ok,1,1,0.231785,0.331221,0.6205,0.655669,0.295051,part2a21_alpha_positions.csv,part2a21_alpha_eligibility.csv,artifacts_part2_g532/predictions/g532_final_consensus_tape.csv
2023-10-03,1.0,1.7e-05,1,1,0.01646,0,0.375544,0,VOO,0.01646,0.01646,0.0,0.0,1.7e-05,0.001007,0.01646,0.2432394843978661,0.6786726569504506,1,ok,1,0,0.124306,0.19356,0.543893,0.767538,0.575653,part2a21_alpha_positions.csv,part2a21_alpha_eligibility.csv,artifacts_part2_g532/predictions/g532_final_consensus_tape.csv
2023-10-04,-1.0,-4.5e-05,1,1,0.01646,0,0.197307,0,VOO,0.01646,0.01646,0.0,0.0,-4.5e-05,-0.002724,0.01646,0.2290873139185547,0.579806365920107,1,ok,1,1,0.282334,0.258951,0.594786,0.663359,0.298512,part2a21_alpha_positions.csv,part2a21_alpha_eligibility.csv,artifacts_part2_g532/predictions/g532_final_consensus_tape.csv
2023-10-05,1.0,0.000292,1,1,0.01646,0,0.21378,0,VOO,0.01646,0.01646,0.0,0.0,0.000292,0.017723,0.01646,0.2400746337458799,0.6981724153118755,1,ok,1,1,0.208524,0.240336,0.588016,0.704443,0.316999,part2a21_alpha_positions.csv,part2a21_alpha_eligibility.csv,artifacts_part2_g532/predictions/g532_final_consensus_tape.csv
2023-10-06,-1.0,-9.9e-05,1,1,0.01646,0,0.187962,0,VOO,0.01646,0.01646,0.0,0.0,-9.9e-05,-0.006044,0.01646,0.2324597586781201,0.6718316839804931,1,ok,1,1,0.293728,0.254871,0.593308,0.659956,0.29698,part2a21_alpha_positions.csv,part2a21_alpha_eligibility.csv,artifacts_part2_g532/predictions/g532_final_consensus_tape.csv
2023-10-09,1.0,0.00012,1,1,0.016987,0,0.206072,0,VOO,0.016987,0.016987,0.000526,1e-06,0.000121,0.007123,0.016987,0.2308824767975883,0.6671954618738839,1,ok,1,1,0.200794,0.226049,0.582778,0.71397,0.321286,part2a21_alpha_positions.csv,part2a21_alpha_eligibility.csv,artifacts_part2_g532/predictions/g532_final_consensus_tape.csv
2023-10-10,-1.0,-2.1e-05,1,1,0.016987,0,0.223536,0,VOO,0.016987,0.016987,0.0,0.0,-2.1e-05,-0.001253,0.016987,0.2311841109464739,0.6858308035297145,1,ok,1,1,0.19399,0.206843,0.568865,0.726537,0.326941,part2a21_alpha_positions.csv,part2a21_alpha_eligibility.csv,artifacts_part2_g532/predictions/g532_final_consensus_tape.csv
2023-10-11,1.0,6.2e-05,1,1,0.016987,0,0.222319,0,VOO,0.016987,0.016987,0.0,0.0,6.2e-05,0.00363,0.016987,0.2218066764828157,0.6446502441417782,1,ok,1,1,0.194409,0.210132,0.575048,0.72396,0.325782,part2a21_alpha_positions.csv,part2a21_alpha_eligibility.csv,artifacts_part2_g532/predictions/g532_final_consensus_tape.csv
2023-10-12,-1.0,-0.000198,1,1,0.016987,0,0.218404,0,VOO,0.016987,0.016987,0.0,0.0,-0.000198,-0.01166,0.016987,0.2310835373904692,0.6583820523743802,1,ok,1,1,0.204946,0.227301,0.583238,0.711572,0.320207,part2a21_alpha_positions.csv,part2a21_alpha_eligibility.csv,artifacts_part2_g532/predictions/g532_final_consensus_tape.csv
2023-10-13,1.0,0.000278,1,1,0.016987,0,0.20659,0,VOO,0.016987,0.016987,0.0,0.0,0.000278,0.01635,0.016987,0.232232712567047,0.6475607199089014,1,ok,1,1,0.202707,0.244689,0.589605,0.70522,0.317349,part2a21_alpha_positions.csv,part2a21_alpha_eligibility.csv,artifacts_part2_g532/predictions/g532_final_consensus_tape.csv
2023-10-16,1.0,0.000189,1,1,0.019369,0,0.204713,0,VOO,0.019369,0.019369,0.002383,2e-06,0.000191,0.009886,0.019369,0.2344163234480304,0.6590979343053398,1,ok,1,1,0.203705,0.195315,0.547192,0.730534,0.32874,part2a21_alpha_positions.csv,part2a21_alpha_eligibility.csv,artifacts_part2_g532/predictions/g532_final_consensus_tape.csv
2023-10-17,-1.0,-0.00017,1,1,0.019369,0,0.20183,0,VOO,0.019369,0.019369,0.0,0.0,-0.00017,-0.008783,0.019369,0.2317846954720423,0.6590206611246799,1,ok,1,1,0.20721,0.209521,0.573899,0.718644,0.32339,part2a21_alpha_positions.csv,part2a21_alpha_eligibility.csv,artifacts_part2_g532/predictions/g532_final_consensus_tape.csv
2023-10-18,-1.0,-6.9e-05,1,1,0.019369,0,0.196524,0,VOO,0.019369,0.019369,0.0,0.0,-6.9e-05,-0.003579,0.019369,0.2354543633217647,0.7234810930006293,1,ok,1,1,0.200831,0.21083,0.57636,0.720563,0.324254,part2a21_alpha_positions.csv,part2a21_alpha_eligibility.csv,artifacts_part2_g532/predictions/g532_final_consensus_tape.csv
2023-10-19,-1.0,-0.000356,1,1,0.019369,0,0.188674,0,VOO,0.019369,0.019369,0.0,0.0,-0.000356,-0.01836,0.019369,0.235094504237485,0.6555560720702371,1,ok,1,1,0.271469,0.204816,0.565054,0.693143,0.311914,part2a21_alpha_positions.csv,part2a21_alpha_eligibility.csv,artifacts_part2_g532/predictions/g532_final_consensus_tape.csv
2023-10-20,-1.0,-0.000125,1,1,0.019369,0,0.193947,0,VOO,0.019369,0.019369,0.0,0.0,-0.000125,-0.006442,0.019369,0.2378797587737254,0.696225269645176,1,ok,1,1,0.199568,0.21035,0.575458,0.72148,0.324666,part2a21_alpha_positions.csv,part2a21_alpha_eligibility.csv,artifacts_part2_g532/predictions/g532_final_consensus_tape.csv
2023-10-23,,,0,0,0.0,0,0.168675,0,FLAT,0.0,0.0,0.019369,1.9e-05,,0.005675,0.0,0.2423512122685098,0.6809106785428846,0,deploy_downside_veto,1,1,0.31011,0.313288,0.614201,0.627959,0.282582,part2a21_alpha_positions.csv,part2a21_alpha_eligibility.csv,artifacts_part2_g532/predictions/g532_final_consensus_tape.csv
2023-10-24,,,0,1,0.0,0,0.18637,0,FLAT,0.0,0.0,0.0,0.0,,-0.005395,0.0,0.239492374406238,0.6795224218175854,1,ok,1,1,0.273758,0.206728,0.568649,0.690725,0.310826,part2a21_alpha_positions.csv,part2a21_alpha_eligibility.csv,artifacts_part2_g532/predictions/g532_final_consensus_tape.csv
2023-10-25,,,0,1,0.0,0,0.184999,0,FLAT,0.0,0.0,0.0,0.0,,-0.01994,0.0,0.2421981351920657,0.6656744517640268,1,ok,1,1,0.273783,0.211104,0.576876,0.687536,0.309391,part2a21_alpha_positions.csv,part2a21_alpha_eligibility.csv,artifacts_part2_g532/predictions/g532_final_consensus_tape.csv
2023-10-26,,,0,1,0.0,0,0.185973,0,FLAT,0.0,0.0,0.0,0.0,,-0.005998,0.0,0.2377147777860689,0.6735773617068467,1,ok,1,1,0.196583,0.210743,0.576196,0.722538,0.325142,part2a21_alpha_positions.csv,part2a21_alpha_eligibility.csv,artifacts_part2_g532/predictions/g532_final_consensus_tape.csv
2023-10-27,,,0,1,0.0,0,0.178489,0,FLAT,0.0,0.0,0.0,0.0,,0.015296,0.0,0.2429725623727238,0.7050914092169149,1,ok,1,1,0.213188,0.277098,0.601327,0.686816,0.309067,part2a21_alpha_positions.csv,part2a21_alpha_eligibility.csv,artifacts_part2_g532/predictions/g532_final_consensus_tape.csv
2023-10-30,,,0,0,0.0,0,0.18372,0,FLAT,0.0,0.0,0.0,0.0,,0.00815,0.0,0.2473282387693898,0.7317163650057861,0,deploy_downside_veto,1,1,0.216945,0.237739,0.587067,0.701753,0.315789,part2a21_alpha_positions.csv,part2a21_alpha_eligibility.csv,artifacts_part2_g532/predictions/g532_final_consensus_tape.csv
2023-10-31,,,0,1,0.0,0,0.19359,0,FLAT,0.0,0.0,0.0,0.0,,-0.000501,0.0,0.2394299478253095,0.7139871180915724,1,ok,1,1,0.201062,0.193001,0.542842,0.733403,0.330032,part2a21_alpha_positions.csv,part2a21_alpha_eligibility.csv,artifacts_part2_g532/predictions/g532_final_consensus_tape.csv
2023-11-01,,,0,1,0.0,0,0.331082,0,FLAT,0.0,0.0,0.0,0.0,,0.012645,0.0,0.2197582252489049,0.6014612542435421,1,ok,1,0,0.188929,0.177718,0.514109,0.749959,0.562469,part2a21_alpha_positions.csv,part2a21_alpha_eligibility.csv,artifacts_part2_g532/predictions/g532_final_consensus_tape.csv
2023-11-02,,,0,1,0.0,0,0.326359,0,FLAT,0.0,0.0,0.0,0.0,,0.001536,0.0,0.2199623691481338,0.6060056675660522,1,ok,1,0,0.175913,0.159908,0.480628,0.768746,0.576559,part2a21_alpha_positions.csv,part2a21_alpha_eligibility.csv,artifacts_part2_g532/predictions/g532_final_consensus_tape.csv
2023-11-03,,,0,1,0.0,0,0.342488,0,FLAT,0.0,0.0,0.0,0.0,,0.007727,0.0,0.2137986123116497,0.6097851145708194,1,ok,1,0,0.178786,0.167685,0.495248,0.761807,0.571355,part2a21_alpha_positions.csv,part2a21_alpha_eligibility.csv,artifacts_part2_g532/predictions/g532_final_consensus_tape.csv
2023-11-06,-1.0,-9.6e-05,1,1,0.024848,0,0.349446,0,VOO,0.024848,0.024848,0.024848,2.5e-05,-7.1e-05,-0.002872,0.024848,0.2241355219077121,0.642009295892164,1,ok,1,0,0.170344,0.155081,0.471553,0.774756,0.581067,part2a21_alpha_positions.csv,part2a21_alpha_eligibility.csv,artifacts_part2_g532/predictions/g532_final_consensus_tape.csv
2023-11-07,-1.0,-8e-05,1,1,0.024848,0,0.352255,0,VOO,0.024848,0.024848,0.0,0.0,-8e-05,-0.003209,0.024848,0.2171602091839398,0.6042918561315006,1,ok,1,0,0.168579,0.147259,0.456848,0.781229,0.585922,part2a21_alpha_positions.csv,part2a21_alpha_eligibility.csv,artifacts_part2_g532/predictions/g532_final_consensus_tape.csv
2023-11-08,1.0,5.9e-05,1,1,0.024848,0,0.335699,0,VOO,0.024848,0.024848,0.0,0.0,5.9e-05,0.002369,0.024848,0.2124478362812431,0.5794131598764194,1,ok,1,0,0.182615,0.19415,0.545002,0.74087,0.555653,part2a21_alpha_positions.csv,part2a21_alpha_eligibility.csv,artifacts_part2_g532/predictions/g532_final_consensus_tape.csv
2023-11-09,1.0,0.000357,1,1,0.024848,0,0.385438,0,VOO,0.024848,0.024848,0.0,0.0,0.000357,0.014386,0.024848,0.2055796198902124,0.5484302059893768,1,ok,1,0,0.183784,0.184957,0.52772,0.747018,0.560264,part2a21_alpha_positions.csv,part2a21_alpha_eligibility.csv,artifacts_part2_g532/predictions/g532_final_consensus_tape.csv
2023-11-10,-1.0,-1.2e-05,1,1,0.024848,0,0.226274,0,VOO,0.024848,0.024848,0.0,0.0,-1.2e-05,-0.000465,0.024848,0.214591119324303,0.6073402495266329,1,ok,1,0,0.189194,0.208572,0.572115,0.727439,0.327348,part2a21_alpha_positions.csv,part2a21_alpha_eligibility.csv,artifacts_part2_g532/predictions/g532_final_consensus_tape.csv
2023-11-13,1.0,0.000135,1,1,0.035347,0,0.407813,0,VOO,0.035347,0.035347,0.0105,1e-05,0.000145,0.004107,0.035347,0.2045943374265683,0.5508538476627176,1,ok,1,0,0.168661,0.172772,0.504811,0.76267,0.572003,part2a21_alpha_positions.csv,part2a21_alpha_eligibility.csv,artifacts_part2_g532/predictions/g532_final_consensus_tape.csv
2023-11-14,1.0,0.000353,1,1,0.035347,0,0.41693,0,VOO,0.035347,0.035347,0.0,0.0,0.000353,0.009995,0.035347,0.2075779251562353,0.5857012670022604,1,ok,1,0,0.168734,0.15746,0.476024,0.773754,0.580315,part2a21_alpha_positions.csv,part2a21_alpha_eligibility.csv,artifacts_part2_g532/predictions/g532_final_consensus_tape.csv
2023-11-15,-1.0,-0.000215,1,1,0.035347,0,0.413538,0,VOO,0.035347,0.035347,0.0,0.0,-0.000215,-0.006087,0.035347,0.1971121694947205,0.5353816574271367,1,ok,1,0,0.172509,0.157928,0.476904,0.771715,0.578787,part2a21_alpha_positions.csv,part2a21_alpha_eligibility.csv,artifacts_part2_g532/predictions/g532_final_consensus_tape.csv
2023-11-16,1.0,2.9e-05,1,1,0.035347,0,0.39543,0,VOO,0.035347,0.035347,0.0,0.0,2.9e-05,0.000825,0.035347,0.200508351799106,0.5504949587694684,1,ok,1,0,0.188509,0.188427,0.534243,0.742373,0.55678,part2a21_alpha_positions.csv,part2a21_alpha_eligibility.csv,artifacts_part2_g532/predictions/g532_final_consensus_tape.csv
2023-11-17,1.0,0.000216,1,1,0.035347,0,0.407619,0,VOO,0.035347,0.035347,0.0,0.0,0.000216,0.006098,0.035347,0.1973917455758981,0.5230266122433803,1,ok,1,0,0.177349,0.16293,0.486308,0.765906,0.574429,part2a21_alpha_positions.csv,part2a21_alpha_eligibility.csv,artifacts_part2_g532/predictions/g532_final_consensus_tape.csv
2023-11-20,-1.0,-0.000141,1,1,0.035867,0,0.403349,0,VOO,0.035867,0.035867,0.000519,1e-06,-0.00014,-0.003909,0.035867,0.2048770953947102,0.5704954057137118,1,ok,1,0,0.176448,0.180293,0.518951,0.753706,0.565279,part2a21_alpha_positions.csv,part2a21_alpha_eligibility.csv,artifacts_part2_g532/predictions/g532_final_consensus_tape.csv
2023-11-21,1.0,0.000166,1,1,0.035867,0,0.410475,0,VOO,0.035867,0.035867,0.0,0.0,0.000166,0.004637,0.035867,0.1985367997027531,0.5358274092323455,1,ok,1,0,0.17046,0.160602,0.481932,0.770696,0.578022,part2a21_alpha_positions.csv,part2a21_alpha_eligibility.csv,artifacts_part2_g532/predictions/g532_final_consensus_tape.csv
2023-11-22,0.0,0.0,1,1,0.035867,0,0.428306,0,VOO,0.035867,0.035867,0.0,0.0,0.0,0.0,0.035867,0.1986853040948808,0.5343267824866186,1,ok,1,0,0.158295,0.136504,0.436628,0.793665,0.595249,part2a21_alpha_positions.csv,part2a21_alpha_eligibility.csv,artifacts_part2_g532/predictions/g532_final_consensus_tape.csv
2023-11-23,1.0,0.000206,1,1,0.035867,0,0.432318,0,VOO,0.035867,0.035867,0.0,0.0,0.000206,0.005738,0.035867,0.1996425059817554,0.5464371841783612,1,ok,1,0,0.146093,0.129761,0.42395,0.804052,0.603039,part2a21_alpha_positions.csv,part2a21_alpha_eligibility.csv,artifacts_part2_g532/predictions/g532_final_consensus_tape.csv
2023-11-24,-1.0,-0.000334,1,1,0.035867,0,0.460255,0,VOO,0.035867,0.035867,0.0,0.0,-0.000334,-0.009304,0.035867,0.1983721445140117,0.5301526116502073,1,ok,1,0,0.156619,0.121449,0.408324,0.80535,0.604012,part2a21_alpha_positions.csv,part2a21_alpha_eligibility.csv,artifacts_part2_g532/predictions/g532_final_consensus_tape.csv
2023-11-27,-1.0,-0.000162,1,1,0.044875,0,0.436182,0,VOO,0.044875,0.044875,0.009008,9e-06,-0.000153,-0.00342,0.044875,0.1966845995716142,0.5359754586503477,1,ok,1,0,0.151896,0.12305,0.411334,0.806313,0.604734,part2a21_alpha_positions.csv,part2a21_alpha_eligibility.csv,artifacts_part2_g532/predictions/g532_final_consensus_tape.csv
2023-11-28,-1.0,-0.000264,1,1,0.044875,0,0.431328,0,VOO,0.044875,0.044875,0.0,0.0,-0.000264,-0.00588,0.044875,0.198207978699454,0.5237171999848684,1,ok,1,0,0.165404,0.123668,0.412497,0.799785,0.599839,part2a21_alpha_positions.csv,part2a21_alpha_eligibility.csv,artifacts_part2_g532/predictions/g532_final_consensus_tape.csv
2023-11-29,1.0,0.000394,1,1,0.044875,0,0.446759,0,VOO,0.044875,0.044875,0.0,0.0,0.000394,0.008783,0.044875,0.20277863843376,0.4759074646312353,1,ok,1,0,0.16695,0.121306,0.408055,0.800804,0.600603,part2a21_alpha_positions.csv,part2a21_alpha_eligibility.csv,artifacts_part2_g532/predictions/g532_final_consensus_tape.csv
2023-11-30,-1.0,-0.000159,1,1,0.044875,0,0.424703,0,VOO,0.044875,0.044875,0.0,0.0,-0.000159,-0.003543,0.044875,0.1916486208364942,0.5324842228001164,1,ok,1,0,0.193887,0.13406,0.432033,0.779423,0.584567,part2a21_alpha_positions.csv,part2a21_alpha_eligibility.csv,artifacts_part2_g532/predictions/g532_final_consensus_tape.csv
2023-12-01,-1.0,-4e-05,1,1,0.044875,0,0.428446,0,VOO,0.044875,0.044875,0.0,0.0,-4e-05,-0.000882,0.044875,0.1984987498404493,0.4732934832781199,1,ok,1,0,0.171225,0.132582,0.429253,0.790694,0.593021,part2a21_alpha_positions.csv,part2a21_alpha_eligibility.csv,artifacts_part2_g532/predictions/g532_final_consensus_tape.csv
2023-12-04,-1.0,-0.000362,1,1,0.048797,0,0.436862,0,VOO,0.048797,0.048797,0.003922,4e-06,-0.000358,-0.007333,0.048797,0.1899306437017833,0.5227799705233527,1,ok,1,0,0.17507,0.129324,0.42313,0.791329,0.593497,part2a21_alpha_positions.csv,part2a21_alpha_eligibility.csv,artifacts_part2_g532/predictions/g532_final_consensus_tape.csv
2023-12-05,-1.0,-0.000405,1,1,0.048797,0,0.422398,0,VOO,0.048797,0.048797,0.0,0.0,-0.000405,-0.008306,0.048797,0.1924942077560171,0.5294495814987472,1,ok,1,0,0.180477,0.146967,0.456297,0.776088,0.582066,part2a21_alpha_positions.csv,part2a21_alpha_eligibility.csv,artifacts_part2_g532/predictions/g532_final_consensus_tape.csv
2023-12-06,1.0,0.000453,1,1,0.048797,0,0.425843,0,VOO,0.048797,0.048797,0.0,0.0,0.000453,0.009274,0.048797,0.1899582185495217,0.5374293443625054,1,ok,1,0,0.166393,0.146176,0.454812,0.782999,0.587249,part2a21_alpha_positions.csv,part2a21_alpha_eligibility.csv,artifacts_part2_g532/predictions/g532_final_consensus_tape.csv
2023-12-07,1.0,0.000523,1,1,0.048797,0,0.409859,0,VOO,0.048797,0.048797,0.0,0.0,0.000523,0.010713,0.048797,0.195914630637863,0.4875408045455793,1,ok,1,0,0.180106,0.128176,0.420972,0.789896,0.592422,part2a21_alpha_positions.csv,part2a21_alpha_eligibility.csv,artifacts_part2_g532/predictions/g532_final_consensus_tape.csv
2023-12-08,1.0,0.000184,1,1,0.048797,0,0.405792,0,VOO,0.048797,0.048797,0.0,0.0,0.000184,0.003764,0.048797,0.1873509418578916,0.5592560467749695,1,ok,1,0,0.169903,0.111705,0.390006,0.806446,0.604834,part2a21_alpha_positions.csv,part2a21_alpha_eligibility.csv,artifacts_part2_g532/predictions/g532_final_consensus_tape.csv
2023-12-11,1.0,8.5e-05,1,1,0.035026,0,0.400041,0,VOO,0.035026,0.035026,0.013772,1.4e-05,9.9e-05,0.002831,0.035026,0.1970979719339469,0.4742780846662374,1,ok,1,0,0.194009,0.134522,0.432901,0.779033,0.584275,part2a21_alpha_positions.csv,part2a21_alpha_eligibility.csv,artifacts_part2_g532/predictions/g532_final_consensus_tape.csv
2023-12-12,-1.0,-4.3e-05,1,1,0.035026,0,0.542832,0,VOO,0.035026,0.035026,0.0,0.0,-4.3e-05,-0.001233,0.035026,0.2006576383284173,0.4693606188419929,1,ok,1,0,0.13907,0.101822,0.371425,0.827496,0.789759,part2a21_alpha_positions.csv,part2a21_alpha_eligibility.csv,artifacts_part2_g532/predictions/g532_final_consensus_tape.csv
2023-12-13,-1.0,-0.000187,1,1,0.035026,0,0.416996,0,VOO,0.035026,0.035026,0.0,0.0,-0.000187,-0.005346,0.035026,0.2011792786495308,0.4383791644736432,1,ok,1,0,0.178203,0.120162,0.405904,0.796571,0.597428,part2a21_alpha_positions.csv,part2a21_alpha_eligibility.csv,artifacts_part2_g532/predictions/g532_final_consensus_tape.csv
2023-12-14,-1.0,-2.4e-05,1,1,0.035026,0,0.416185,0,VOO,0.035026,0.035026,0.0,0.0,-2.4e-05,-0.00069,0.035026,0.1961274904909306,0.4727754974323204,1,ok,1,0,0.178843,0.133486,0.430953,0.78661,0.589958,part2a21_alpha_positions.csv,part2a21_alpha_eligibility.csv,artifacts_part2_g532/predictions/g532_final_consensus_tape.csv
2023-12-15,1.0,0.000274,1,1,0.035026,0,0.430667,0,VOO,0.035026,0.035026,0.0,0.0,0.000274,0.007831,0.035026,0.2018201250127863,0.4473639581411229,1,ok,1,0,0.14942,0.119522,0.404701,0.809988,0.607491,part2a21_alpha_positions.csv,part2a21_alpha_eligibility.csv,artifacts_part2_g532/predictions/g532_final_consensus_tape.csv
2023-12-18,1.0,0.000237,1,1,0.063321,0,0.538378,0,VOO,0.063321,0.063321,0.028296,2.8e-05,0.000265,0.004188,0.063321,0.1989180598861192,0.4657084316284748,1,ok,1,0,0.163449,0.104772,0.376972,0.814383,0.773129,part2a21_alpha_positions.csv,part2a21_alpha_eligibility.csv,artifacts_part2_g532/predictions/g532_final_consensus_tape.csv
2023-12-19,-1.0,-0.00123,1,1,0.063321,0,0.437258,0,VOO,0.063321,0.063321,0.0,0.0,-0.00123,-0.019426,0.063321,0.2023004512264321,0.4516527471175697,1,ok,1,0,0.162571,0.10676,0.380709,0.813335,0.610001,part2a21_alpha_positions.csv,part2a21_alpha_eligibility.csv,artifacts_part2_g532/predictions/g532_final_consensus_tape.csv
2023-12-20,1.0,0.000712,1,1,0.063321,0,0.215557,0,VOO,0.063321,0.063321,0.0,0.0,0.000712,0.011252,0.063321,0.2019641316242701,0.46190736093996,1,ok,1,0,0.215617,0.166052,0.492177,0.746419,0.335888,part2a21_alpha_positions.csv,part2a21_alpha_eligibility.csv,artifacts_part2_g532/predictions/g532_final_consensus_tape.csv
2023-12-21,1.0,0.000206,1,1,0.063321,0,0.211584,0,VOO,0.063321,0.063321,0.0,0.0,0.000206,0.003258,0.063321,0.1972804467613228,0.4701511131949683,1,ok,1,0,0.234868,0.163965,0.488254,0.739271,0.332672,part2a21_alpha_positions.csv,part2a21_alpha_eligibility.csv,artifacts_part2_g532/predictions/g532_final_consensus_tape.csv
2023-12-22,0.0,0.0,1,1,0.063321,0,0.223544,0,VOO,0.063321,0.063321,0.0,0.0,0.0,0.0,0.063321,0.1983750225162011,0.4451168431854362,1,ok,1,0,0.205784,0.149044,0.460203,0.763191,0.343436,part2a21_alpha_positions.csv,part2a21_alpha_eligibility.csv,artifacts_part2_g532/predictions/g532_final_consensus_tape.csv
2023-12-25,1.0,0.000139,1,1,0.044679,0,0.376848,0,VOO,0.044679,0.044679,0.018643,1.9e-05,0.000158,0.003526,0.044679,0.197352622920272,0.4527059006812403,1,ok,1,0,0.19952,0.143984,0.45069,0.769684,0.577263,part2a21_alpha_positions.csv,part2a21_alpha_eligibility.csv,artifacts_part2_g532/predictions/g532_final_consensus_tape.csv
2023-12-26,-1.0,-0.000265,1,1,0.044679,0,0.225226,0,VOO,0.044679,0.044679,0.0,0.0,-0.000265,-0.005934,0.044679,0.1986782980299733,0.4329445382947166,1,ok,1,0,0.204555,0.143842,0.450422,0.767521,0.345385,part2a21_alpha_positions.csv,part2a21_alpha_eligibility.csv,artifacts_part2_g532/predictions/g532_final_consensus_tape.csv
2023-12-27,1.0,0.000178,1,1,0.044679,0,0.396291,0,VOO,0.044679,0.044679,0.0,0.0,0.000178,0.003982,0.044679,0.1964607955155657,0.6577612931277836,1,ok,1,0,0.144244,0.111879,0.390333,0.817866,0.613399,part2a21_alpha_positions.csv,part2a21_alpha_eligibility.csv,artifacts_part2_g532/predictions/g532_final_consensus_tape.csv
2023-12-28,-1.0,-8e-06,1,1,0.044679,0,0.389177,0,VOO,0.044679,0.044679,0.0,0.0,-8e-06,-0.000189,0.044679,0.2034475489839072,0.6785853067625355,1,ok,1,0,0.171077,0.121039,0.407554,0.799141,0.599356,part2a21_alpha_positions.csv,part2a21_alpha_eligibility.csv,artifacts_part2_g532/predictions/g532_final_consensus_tape.csv
2023-12-29,0.0,0.0,1,1,0.044679,0,0.387734,0,VOO,0.044679,0.044679,0.0,0.0,0.0,0.0,0.044679,0.1999528158707527,0.6663175666922516,1,ok,1,0,0.169238,0.126635,0.418074,0.795906,0.59693,part2a21_alpha_positions.csv,part2a21_alpha_eligibility.csv,artifacts_part2_g532/predictions/g532_final_consensus_tape.csv
2024-01-01,-1.0,-0.000145,1,1,0.051865,0,0.39534,0,VOO,0.051865,0.051865,0.007186,7e-06,-0.000138,-0.002666,0.051865,0.2032320331595195,0.6916903613295607,1,ok,1,0,0.165497,0.124133,0.413369,0.799406,0.599555,part2a21_alpha_positions.csv,part2a21_alpha_eligibility.csv,artifacts_part2_g532/predictions/g532_final_consensus_tape.csv
2024-01-02,-1.0,-0.00051,1,1,0.051865,0,0.376901,0,VOO,0.051865,0.051865,0.0,0.0,-0.00051,-0.009839,0.051865,0.2095028836159163,0.6908571706383512,1,ok,1,0,0.187957,0.165864,0.491824,0.759002,0.569252,part2a21_alpha_positions.csv,part2a21_alpha_eligibility.csv,artifacts_part2_g532/predictions/g532_final_consensus_tape.csv
2024-01-03,1.0,0.000149,1,1,0.051865,0,0.419392,0,VOO,0.051865,0.051865,0.0,0.0,0.000149,0.002882,0.051865,0.2148534087005267,0.7336370161067968,1,ok,1,0,0.184238,0.159371,0.479618,0.765389,0.574042,part2a21_alpha_positions.csv,part2a21_alpha_eligibility.csv,artifacts_part2_g532/predictions/g532_final_consensus_tape.csv
2024-01-04,1.0,0.000256,1,1,0.051865,0,0.43746,0,VOO,0.051865,0.051865,0.0,0.0,0.000256,0.004945,0.051865,0.214051114588419,0.6891725533648225,1,ok,1,0,0.197111,0.171636,0.502675,0.750692,0.563019,part2a21_alpha_positions.csv,part2a21_alpha_eligibility.csv,artifacts_part2_g532/predictions/g532_final_consensus_tape.csv
2024-01-05,1.0,0.000563,1,1,0.051865,0,0.264075,0,VOO,0.051865,0.051865,0.0,0.0,0.000563,0.01085,0.051865,0.2043623449043088,0.623442870442401,1,ok,1,0,0.208783,0.148685,0.459528,0.762102,0.342946,part2a21_alpha_positions.csv,part2a21_alpha_eligibility.csv,artifacts_part2_g532/predictions/g532_final_consensus_tape.csv
2024-01-08,-1.0,-7.6e-05,1,1,0.024148,0,0.251104,0,VOO,0.024148,0.024148,0.027717,2.8e-05,-4.9e-05,-0.002015,0.024148,0.201797960757161,0.6455630957696302,1,ok,1,0,0.20046,0.147508,0.457315,0.766702,0.345016,part2a21_alpha_positions.csv,part2a21_alpha_eligibility.csv,artifacts_part2_g532/predictions/g532_final_consensus_tape.csv
2024-01-09,1.0,0.000197,1,1,0.024148,0,0.425527,0,VOO,0.024148,0.024148,0.0,0.0,0.000197,0.008145,0.024148,0.2071338691898537,0.6767169343023086,1,ok,1,0,0.170493,0.149807,0.461637,0.778518,0.583889,part2a21_alpha_positions.csv,part2a21_alpha_eligibility.csv,artifacts_part2_g532/predictions/g532_final_consensus_tape.csv
2024-01-10,-1.0,-0.000137,1,1,0.024148,0,0.42012,0,VOO,0.024148,0.024148,0.0,0.0,-0.000137,-0.005671,0.024148,0.2116382116388882,0.7003087465913955,1,ok,1,0,0.177602,0.156421,0.474071,0.770517,0.577888,part2a21_alpha_positions.csv,part2a21_alpha_eligibility.csv,artifacts_part2_g532/predictions/g532_final_consensus_tape.csv
2024-01-11,-1.0,-5.4e-05,1,1,0.024148,0,0.22421,0,VOO,0.024148,0.024148,0.0,0.0,-5.4e-05,-0.002249,0.024148,0.2094798087733395,0.7119079041618926,1,ok,1,1,0.269125,0.201865,0.559507,0.69634,0.313353,part2a21_alpha_positions.csv,part2a21_alpha_eligibility.csv,artifacts_part2_g532/predictions/g532_final_consensus_tape.csv
2024-01-12,0.0,0.0,1,1,0.024148,0,0.22041,0,VOO,0.024148,0.024148,0.0,0.0,0.0,0.0,0.024148,0.2167116129615031,0.7295136598539177,1,ok,1,1,0.287898,0.203745,0.56304,0.686527,0.308937,part2a21_alpha_positions.csv,part2a21_alpha_eligibility.csv,artifacts_part2_g532/predictions/g532_final_consensus_tape.csv
2024-01-15,1.0,0.000202,1,1,0.047732,0,0.429934,0,VOO,0.047732,0.047732,0.023584,2.4e-05,0.000226,0.004731,0.047732,0.2150730834632891,0.7205171377729073,1,ok,1,0,0.145718,0.130768,0.425844,0.803489,0.602617,part2a21_alpha_positions.csv,part2a21_alpha_eligibility.csv,artifacts_part2_g532/predictions/g532_final_consensus_tape.csv
2024-01-16,-1.0,-0.000111,1,1,0.047732,0,0.403491,0,VOO,0.047732,0.047732,0.0,0.0,-0.000111,-0.002329,0.047732,0.2206699300210074,0.7277187218830273,1,ok,1,0,0.190637,0.169625,0.498895,0.755066,0.566299,part2a21_alpha_positions.csv,part2a21_alpha_eligibility.csv,artifacts_part2_g532/predictions/g532_final_consensus_tape.csv
2024-01-17,1.0,0.000528,1,1,0.047732,0,0.250214,0,VOO,0.047732,0.047732,0.0,0.0,0.000528,0.011063,0.047732,0.2170974519638938,0.720194374311046,1,ok,1,0,0.20975,0.176284,0.511414,0.74163,0.333734,part2a21_alpha_positions.csv,part2a21_alpha_eligibility.csv,artifacts_part2_g532/predictions/g532_final_consensus_tape.csv
2024-01-18,1.0,0.000576,1,1,0.047732,0,0.235576,0,VOO,0.047732,0.047732,0.0,0.0,0.000576,0.01206,0.047732,0.2024728178102988,0.6280618263332705,1,ok,1,0,0.253911,0.174417,0.507904,0.723113,0.325401,part2a21_alpha_positions.csv,part2a21_alpha_eligibility.csv,artifacts_part2_g532/predictions/g532_final_consensus_tape.csv
2024-01-19,-1.0,-3.7e-05,1,1,0.047732,0,0.394276,0,VOO,0.047732,0.047732,0.0,0.0,-3.7e-05,-0.000774,0.047732,0.2070283288904111,0.6562286031621926,1,ok,1,0,0.184958,0.182024,0.522206,0.748619,0.561464,part2a21_alpha_positions.csv,part2a21_alpha_eligibility.csv,artifacts_part2_g532/predictions/g532_final_consensus_tape.csv
2024-01-22,1.0,0.000207,1,1,0.03922,0,0.420267,0,VOO,0.03922,0.03922,0.008512,9e-06,0.000215,0.00549,0.03922,0.2099084381595443,0.6889498001668906,1,ok,1,0,0.182669,0.136635,0.436874,0.782602,0.586951,part2a21_alpha_positions.csv,part2a21_alpha_eligibility.csv,artifacts_part2_g532/predictions/g532_final_consensus_tape.csv
2024-01-23,1.0,0.000144,1,1,0.03922,0,0.433638,0,VOO,0.03922,0.03922,0.0,0.0,0.000144,0.003677,0.03922,0.2036195130999408,0.6420228651623278,1,ok,1,0,0.161702,0.121705,0.408804,0.802877,0.602157,part2a21_alpha_positions.csv,part2a21_alpha_eligibility.csv,artifacts_part2_g532/predictions/g532_final_consensus_tape.csv
2024-01-24,1.0,5.1e-05,1,1,0.03922,0,0.241345,0,VOO,0.03922,0.03922,0.0,0.0,5.1e-05,0.001293,0.03922,0.1906858218443088,0.3286707113384443,1,ok,1,0,0.217088,0.179446,0.517358,0.736033,0.331215,part2a21_alpha_positions.csv,part2a21_alpha_eligibility.csv,artifacts_part2_g532/predictions/g532_final_consensus_tape.csv
2024-01-25,1.0,4.7e-05,1,1,0.03922,0,0.258258,0,VOO,0.03922,0.03922,0.0,0.0,4.7e-05,0.001186,0.03922,0.1921011321203844,0.4242121834378856,1,ok,1,0,0.204952,0.152171,0.466081,0.761296,0.342583,part2a21_alpha_positions.csv,part2a21_alpha_eligibility.csv,artifacts_part2_g532/predictions/g532_final_consensus_tape.csv
2024-01-26,1.0,5e-05,1,1,0.03922,0,0.260591,0,VOO,0.03922,0.03922,0.0,0.0,5e-05,0.001262,0.03922,0.1913592016245171,0.3668400397250373,1,ok,1,0,0.21364,0.152812,0.467286,0.756921,0.340614,part2a21_alpha_positions.csv,part2a21_alpha_eligibility.csv,artifacts_part2_g532/predictions/g532_final_consensus_tape.csv
2024-01-29,-1.0,-7.2e-05,1,1,0.031008,0,0.263559,0,VOO,0.031008,0.031008,0.008212,8e-06,-6.4e-05,-0.002069,0.031008,0.192053882466284,0.4117655539799456,1,ok,1,0,0.209048,0.148388,0.458969,0.762199,0.34299,part2a21_alpha_positions.csv,part2a21_alpha_eligibility.csv,artifacts_part2_g532/predictions/g532_final_consensus_tape.csv
2024-01-30,-1.0,-0.000768,1,1,0.031008,0,0.253256,0,VOO,0.031008,0.031008,0.0,0.0,-0.000768,-0.024753,0.031008,0.190980299752853,0.3232805406627222,1,ok,1,0,0.226691,0.162617,0.48572,0.743929,0.334768,part2a21_alpha_positions.csv,part2a21_alpha_eligibility.csv,artifacts_part2_g532/predictions/g532_final_consensus_tape.csv
2024-01-31,1.0,0.000214,1,1,0.031008,0,0.198386,0,VOO,0.031008,0.031008,0.0,0.0,0.000214,0.006898,0.031008,0.1922176760216672,0.4242694511731398,1,ok,1,0,0.239219,0.181054,0.520381,0.724907,0.326208,part2a21_alpha_positions.csv,part2a21_alpha_eligibility.csv,artifacts_part2_g532/predictions/g532_final_consensus_tape.csv
2024-02-01,1.0,0.000723,1,1,0.031008,0,0.20738,0,VOO,0.031008,0.031008,0.0,0.0,0.000723,0.023321,0.031008,0.1918146972665103,0.3851263471295365,1,ok,1,0,0.218871,0.164041,0.488397,0.746414,0.335886,part2a21_alpha_positions.csv,part2a21_alpha_eligibility.csv,artifacts_part2_g532/predictions/g532_final_consensus_tape.csv
2024-02-02,1.0,0.00019,1,1,0.031008,0,0.185169,0,VOO,0.031008,0.031008,0.0,0.0,0.00019,0.006119,0.031008,0.1900705806549814,0.2740888668811758,1,ok,1,0,0.248507,0.185711,0.529136,0.717346,0.322806,part2a21_alpha_positions.csv,part2a21_alpha_eligibility.csv,artifacts_part2_g532/predictions/g532_final_consensus_tape.csv
2024-02-05,-1.0,-4.9e-05,1,1,0.014416,0,0.185842,0,VOO,0.014416,0.014416,0.016593,1.7e-05,-3.3e-05,-0.002265,0.014416,0.1914064961031857,0.3629542966863099,1,ok,1,0,0.239026,0.186166,0.529993,0.721281,0.324577,part2a21_alpha_positions.csv,part2a21_alpha_eligibility.csv,artifacts_part2_g532/predictions/g532_final_consensus_tape.csv
2024-02-06,1.0,0.000144,1,1,0.014416,0,0.192546,0,VOO,0.014416,0.014416,0.0,0.0,0.000144,0.00997,0.014416,0.1912533388124064,0.3506703828254764,1,ok,1,0,0.207634,0.169125,0.497954,0.74778,0.336501,part2a21_alpha_positions.csv,part2a21_alpha_eligibility.csv,artifacts_part2_g532/predictions/g532_final_consensus_tape.csv
2024-02-07,1.0,5.7e-05,1,1,0.014416,0,0.320427,0,VOO,0.014416,0.014416,0.0,0.0,5.7e-05,0.003947,0.014416,0.1904392771547841,0.3126120418965499,1,ok,1,0,0.183978,0.174289,0.507663,0.754677,0.566007,part2a21_alpha_positions.csv,part2a21_alpha_eligibility.csv,artifacts_part2_g532/predictions/g532_final_consensus_tape.csv
2024-02-08,1.0,0.000108,1,1,0.014416,0,0.322993,0,VOO,0.014416,0.014416,0.0,0.0,0.000108,0.007458,0.014416,0.1903121360464165,0.3140892507764643,1,ok,1,0,0.185735,0.164515,0.489287,0.760982,0.570736,part2a21_alpha_positions.csv,part2a21_alpha_eligibility.csv,artifacts_part2_g532/predictions/g532_final_consensus_tape.csv
2024-02-09,-1.0,-2e-05,1,1,0.014416,0,0.321559,0,VOO,0.014416,0.014416,0.0,0.0,-2e-05,-0.001408,0.014416,0.1919245045943585,0.4278483245594218,1,ok,1,0,0.178815,0.169907,0.499426,0.760181,0.570135,part2a21_alpha_positions.csv,part2a21_alpha_eligibility.csv,artifacts_part2_g532/predictions/g532_final_consensus_tape.csv
2024-02-12,-1.0,-6.3e-05,1,1,0.018754,0,0.185086,0,VOO,0.018754,0.018754,0.004338,4e-06,-5.9e-05,-0.003138,0.018754,0.1912398422112639,0.3457026578245885,1,ok,1,0,0.23104,0.177579,0.513849,0.731109,0.328999,part2a21_alpha_positions.csv,part2a21_alpha_eligibility.csv,artifacts_part2_g532/predictions/g532_final_consensus_tape.csv
2024-02-13,1.0,0.000108,1,1,0.018754,0,0.175355,0,VOO,0.018754,0.018754,0.0,0.0,0.000108,0.005736,0.018754,0.1900881262907968,0.3022896733097018,1,ok,1,0,0.255985,0.21472,0.578596,0.693935,0.312271,part2a21_alpha_positions.csv,part2a21_alpha_eligibility.csv,artifacts_part2_g532/predictions/g532_final_consensus_tape.csv
2024-02-14,1.0,7.5e-05,1,1,0.018754,0,0.212097,0,VOO,0.018754,0.018754,0.0,0.0,7.5e-05,0.003976,0.018754,0.1912664091842394,0.3497440734653325,1,ok,1,1,0.265681,0.198017,0.552271,0.700684,0.315308,part2a21_alpha_positions.csv,part2a21_alpha_eligibility.csv,artifacts_part2_g532/predictions/g532_final_consensus_tape.csv
2024-02-15,-1.0,-1.4e-05,1,1,0.018754,0,0.22131,0,VOO,0.018754,0.018754,0.0,0.0,-1.4e-05,-0.000764,0.018754,0.1919145370265299,0.3975236995697724,1,ok,1,0,0.222473,0.182727,0.523527,0.731227,0.329052,part2a21_alpha_positions.csv,part2a21_alpha_eligibility.csv,artifacts_part2_g532/predictions/g532_final_consensus_tape.csv
2024-02-16,0.0,0.0,1,1,0.018754,0,0.243231,0,VOO,0.018754,0.018754,0.0,0.0,0.0,0.0,0.018754,0.1915163834107664,0.3636808063001641,1,ok,1,1,0.261899,0.205782,0.56687,0.696748,0.313536,part2a21_alpha_positions.csv,part2a21_alpha_eligibility.csv,artifacts_part2_g532/predictions/g532_final_consensus_tape.csv
2024-02-19,-1.0,-0.000215,1,1,0.028444,0,0.255197,0,VOO,0.028444,0.028444,0.00969,1e-05,-0.000205,-0.00721,0.028444,0.1913594118382637,0.3619394192883869,1,ok,1,0,0.218631,0.188388,0.534169,0.728847,0.327981,part2a21_alpha_positions.csv,part2a21_alpha_eligibility.csv,artifacts_part2_g532/predictions/g532_final_consensus_tape.csv
2024-02-20,1.0,0.00012,1,1,0.028444,0,0.238738,0,VOO,0.028444,0.028444,0.0,0.0,0.00012,0.004207,0.028444,0.1903741305652022,0.3023282620081887,1,ok,1,0,0.24107,0.203461,0.562507,0.707806,0.318513,part2a21_alpha_positions.csv,part2a21_alpha_eligibility.csv,artifacts_part2_g532/predictions/g532_final_consensus_tape.csv
2024-02-21,1.0,0.000588,1,1,0.028444,0,0.261842,0,VOO,0.028444,0.028444,0.0,0.0,0.000588,0.020683,0.028444,0.1812378462455636,0.3277525900640215,1,ok,1,1,0.147918,0.203544,0.562662,0.749664,0.337349,part2a21_alpha_positions.csv,part2a21_alpha_eligibility.csv,artifacts_part2_g532/predictions/g532_final_consensus_tape.csv
2024-02-22,-1.0,-0.000118,1,1,0.028444,0,0.227548,0,VOO,0.028444,0.028444,0.0,0.0,-0.000118,-0.004133,0.028444,0.1771780983784096,0.2702412728703607,1,ok,1,1,0.152271,0.198517,0.553212,0.751355,0.33811,part2a21_alpha_positions.csv,part2a21_alpha_eligibility.csv,artifacts_part2_g532/predictions/g532_final_consensus_tape.csv
2024-02-23,-1.0,-6.2e-05,1,1,0.028444,0,0.382105,0,VOO,0.028444,0.028444,0.0,0.0,-6.2e-05,-0.00218,0.028444,0.1807278236339978,0.3203727756582498,1,ok,1,0,0.154837,0.183828,0.525597,0.760864,0.570648,part2a21_alpha_positions.csv,part2a21_alpha_eligibility.csv,artifacts_part2_g532/predictions/g532_final_consensus_tape.csv
2024-02-26,1.0,0.000125,1,1,0.031131,0,0.379212,0,VOO,0.031131,0.031131,0.002688,3e-06,0.000127,0.004086,0.031131,0.1794874022107865,0.3029201792291991,1,ok,1,0,0.151726,0.191962,0.540889,0.756359,0.567269,part2a21_alpha_positions.csv,part2a21_alpha_eligibility.csv,artifacts_part2_g532/predictions/g532_final_consensus_tape.csv
2024-02-27,-1.0,-0.000161,1,1,0.031131,0,0.389083,0,VOO,0.031131,0.031131,0.0,0.0,-0.000161,-0.005169,0.031131,0.1826132652247004,0.3430083317711301,1,ok,1,0,0.140986,0.179065,0.516642,0.770555,0.577916,part2a21_alpha_positions.csv,part2a21_alpha_eligibility.csv,artifacts_part2_g532/predictions/g532_final_consensus_tape.csv
2024-02-28,1.0,5.2e-05,1,1,0.031131,0,0.38091,0,VOO,0.031131,0.031131,0.0,0.0,5.2e-05,0.001672,0.031131,0.183628345891915,0.3599725008918604,1,ok,1,0,0.146153,0.186994,0.531549,0.762474,0.571855,part2a21_alpha_positions.csv,part2a21_alpha_eligibility.csv,artifacts_part2_g532/predictions/g532_final_consensus_tape.csv
2024-02-29,1.0,0.000157,1,1,0.031131,0,0.39132,0,VOO,0.031131,0.031131,0.0,0.0,0.000157,0.005036,0.031131,0.1819163038498972,0.3320737443335322,1,ok,1,0,0.134657,0.167778,0.495424,0.781597,0.586198,part2a21_alpha_positions.csv,part2a21_alpha_eligibility.csv,artifacts_part2_g532/predictions/g532_final_consensus_tape.csv
2024-03-01,1.0,3.2e-05,1,1,0.031131,0,0.394328,0,VOO,0.031131,0.031131,0.0,0.0,3.2e-05,0.001038,0.031131,0.1854004798634392,0.380870221346932,1,ok,1,0,0.123566,0.163641,0.487645,0.789592,0.592194,part2a21_alpha_positions.csv,part2a21_alpha_eligibility.csv,artifacts_part2_g532/predictions/g532_final_consensus_tape.csv
2024-03-04,-1.0,-0.00059,1,1,0.036104,0,0.384993,0,VOO,0.036104,0.036104,0.004972,5e-06,-0.000585,-0.016213,0.036104,0.1820278560297424,0.3333869018516173,1,ok,1,0,0.146418,0.176032,0.51094,0.770313,0.577734,part2a21_alpha_positions.csv,part2a21_alpha_eligibility.csv,artifacts_part2_g532/predictions/g532_final_consensus_tape.csv
2024-03-05,1.0,0.000103,1,1,0.036104,0,0.211737,0,VOO,0.036104,0.036104,0.0,0.0,0.000103,0.002861,0.036104,0.1893208905410854,0.4423006959748504,1,ok,1,1,0.149719,0.200204,0.556384,0.751278,0.338075,part2a21_alpha_positions.csv,part2a21_alpha_eligibility.csv,artifacts_part2_g532/predictions/g532_final_consensus_tape.csv
2024-03-06,1.0,0.000295,1,1,0.036104,0,0.210682,0,VOO,0.036104,0.036104,0.0,0.0,0.000295,0.00817,0.036104,0.1866741451500938,0.4035442414672503,1,ok,1,1,0.1476,0.208437,0.571861,0.746255,0.335815,part2a21_alpha_positions.csv,part2a21_alpha_eligibility.csv,artifacts_part2_g532/predictions/g532_final_consensus_tape.csv
2024-03-07,-1.0,-0.000246,1,1,0.036104,0,0.234761,0,VOO,0.036104,0.036104,0.0,0.0,-0.000246,-0.006818,0.036104,0.1810971727171071,0.31823004464021,1,ok,1,1,0.147306,0.202563,0.560818,0.750652,0.337793,part2a21_alpha_positions.csv,part2a21_alpha_eligibility.csv,artifacts_part2_g532/predictions/g532_final_consensus_tape.csv
2024-03-08,1.0,1.6e-05,1,1,0.036104,0,0.232321,0,VOO,0.036104,0.036104,0.0,0.0,1.6e-05,0.000431,0.036104,0.1891088398727696,0.4410829070798486,1,ok,1,0,0.144396,0.205784,0.566875,0.749622,0.33733,part2a21_alpha_positions.csv,part2a21_alpha_eligibility.csv,artifacts_part2_g532/predictions/g532_final_consensus_tape.csv
2024-03-11,1.0,0.00034,1,1,0.02389,0,0.231131,0,VOO,0.02389,0.02389,0.012213,1.2e-05,0.000352,0.014754,0.02389,0.1808752219333391,0.3179206824802623,1,ok,1,1,0.148699,0.208868,0.572672,0.745447,0.335451,part2a21_alpha_positions.csv,part2a21_alpha_eligibility.csv,artifacts_part2_g532/predictions/g532_final_consensus_tape.csv
2024-03-12,1.0,1.7e-05,1,1,0.02389,0,0.380064,0,VOO,0.02389,0.02389,0.0,0.0,1.7e-05,0.000703,0.02389,0.1888654755102406,0.4373569068394227,1,ok,1,0,0.132218,0.169814,0.499251,0.781217,0.585913,part2a21_alpha_positions.csv,part2a21_alpha_eligibility.csv,artifacts_part2_g532/predictions/g532_final_consensus_tape.csv
2024-03-13,1.0,0.000125,1,1,0.02389,0,0.383312,0,VOO,0.02389,0.02389,0.0,0.0,0.000125,0.005239,0.02389,0.1866954963681326,0.4064758150988781,1,ok,1,0,0.138777,0.167315,0.494553,0.780079,0.58506,part2a21_alpha_positions.csv,part2a21_alpha_eligibility.csv,artifacts_part2_g532/predictions/g532_final_consensus_tape.csv
2024-03-14,-1.0,-0.000124,1,1,0.02389,0,0.380313,0,VOO,0.02389,0.02389,0.0,0.0,-0.000124,-0.005205,0.02389,0.180638192309363,0.3183698404080529,1,ok,1,0,0.139786,0.17064,0.500803,0.777212,0.582909,part2a21_alpha_positions.csv,part2a21_alpha_eligibility.csv,artifacts_part2_g532/predictions/g532_final_consensus_tape.csv
2024-03-15,1.0,0.000177,1,1,0.02389,0,0.376728,0,VOO,0.02389,0.02389,0.0,0.0,0.000177,0.007411,0.02389,0.1792162332494017,0.2978797149323015,1,ok,1,0,0.141447,0.173246,0.505703,0.774572,0.580929,part2a21_alpha_positions.csv,part2a21_alpha_eligibility.csv,artifacts_part2_g532/predictions/g532_final_consensus_tape.csv
2024-03-18,1.0,8.5e-05,1,1,0.035599,0,0.37323,0,VOO,0.035599,0.035599,0.011709,1.2e-05,9.6e-05,0.002705,0.035599,0.184564589551638,0.3736090266302401,1,ok,1,0,0.137328,0.17359,0.506349,0.776176,0.582132,part2a21_alpha_positions.csv,part2a21_alpha_eligibility.csv,artifacts_part2_g532/predictions/g532_final_consensus_tape.csv
2024-03-19,1.0,0.000226,1,1,0.035599,0,0.417882,0,VOO,0.035599,0.035599,0.0,0.0,0.000226,0.006346,0.035599,0.1862403293351995,0.3982950396765677,1,ok,1,0,0.139653,0.163433,0.487254,0.782504,0.586878,part2a21_alpha_positions.csv,part2a21_alpha_eligibility.csv,artifacts_part2_g532/predictions/g532_final_consensus_tape.csv
2024-03-20,1.0,0.000115,1,1,0.035599,0,0.419504,0,VOO,0.035599,0.035599,0.0,0.0,0.000115,0.003223,0.035599,0.191528520491675,0.305787630003011,1,ok,1,0,0.119743,0.167444,0.494794,0.788552,0.591414,part2a21_alpha_positions.csv,part2a21_alpha_eligibility.csv,artifacts_part2_g532/predictions/g532_final_consensus_tape.csv
2024-03-21,-1.0,-0.00022,1,1,0.035599,0,0.419855,0,VOO,0.035599,0.035599,0.0,0.0,-0.00022,-0.006187,0.035599,0.1896637407514089,0.3640800768726772,1,ok,1,0,0.128879,0.171778,0.502942,0.781294,0.585971,part2a21_alpha_positions.csv,part2a21_alpha_eligibility.csv,artifacts_part2_g532/predictions/g532_final_consensus_tape.csv
2024-03-22,1.0,2e-06,1,1,0.035599,0,0.426993,0,VOO,0.035599,0.035599,0.0,0.0,2e-06,5.8e-05,0.035599,0.1926567772674126,0.2765021230336073,1,ok,1,0,0.124373,0.161595,0.483799,0.790714,0.593035,part2a21_alpha_positions.csv,part2a21_alpha_eligibility.csv,artifacts_part2_g532/predictions/g532_final_consensus_tape.csv
2024-03-25,-1.0,-0.000178,1,1,0.040389,0,0.431091,0,VOO,0.040389,0.040389,0.004789,5e-06,-0.000173,-0.004292,0.040389,0.1907559734353383,0.3284523671003664,1,ok,1,0,0.123187,0.150965,0.463814,0.798965,0.599224,part2a21_alpha_positions.csv,part2a21_alpha_eligibility.csv,artifacts_part2_g532/predictions/g532_final_consensus_tape.csv
2024-03-26,1.0,0.000197,1,1,0.040389,0,0.449127,0,VOO,0.040389,0.040389,0.0,0.0,0.000197,0.004884,0.040389,0.1928440822992937,0.2687535571804776,1,ok,1,0,0.125549,0.16938,0.498435,0.784533,0.5884,part2a21_alpha_positions.csv,part2a21_alpha_eligibility.csv,artifacts_part2_g532/predictions/g532_final_consensus_tape.csv
2024-03-27,1.0,3.3e-05,1,1,0.040389,0,0.446429,0,VOO,0.040389,0.040389,0.0,0.0,3.3e-05,0.000826,0.040389,0.1933100042900963,0.2571724056984015,1,ok,1,0,0.138574,0.160068,0.480928,0.785432,0.589074,part2a21_alpha_positions.csv,part2a21_alpha_eligibility.csv,artifacts_part2_g532/predictions/g532_final_consensus_tape.csv
2024-03-28,0.0,0.0,1,1,0.040389,0,0.453927,0,VOO,0.040389,0.040389,0.0,0.0,0.0,0.0,0.040389,0.193700006229066,0.2438098898168973,1,ok,1,0,0.11795,0.164323,0.488927,0.791624,0.593718,part2a21_alpha_positions.csv,part2a21_alpha_eligibility.csv,artifacts_part2_g532/predictions/g532_final_consensus_tape.csv
2024-03-29,1.0,0.000314,1,1,0.040389,0,0.465259,0,VOO,0.040389,0.040389,0.0,0.0,0.000314,0.007778,0.040389,0.1937855752348087,0.2434146984379224,1,ok,1,0,0.120173,0.161867,0.48431,0.792407,0.594305,part2a21_alpha_positions.csv,part2a21_alpha_eligibility.csv,artifacts_part2_g532/predictions/g532_final_consensus_tape.csv
2024-04-01,-1.0,-0.000193,1,1,0.043077,0,0.459058,0,VOO,0.043077,0.043077,0.002689,3e-06,-0.00019,-0.004422,0.043077,0.1911386965178183,0.3131174041911566,1,ok,1,0,0.133377,0.165217,0.490607,0.784033,0.588025,part2a21_alpha_positions.csv,part2a21_alpha_eligibility.csv,artifacts_part2_g532/predictions/g532_final_consensus_tape.csv
2024-04-02,-1.0,-1.2e-05,1,1,0.043077,0,0.437817,0,VOO,0.043077,0.043077,0.0,0.0,-1.2e-05,-0.000277,0.043077,0.1943958056678413,0.2295030431512188,1,ok,1,0,0.145559,0.18974,0.536711,0.760748,0.570561,part2a21_alpha_positions.csv,part2a21_alpha_eligibility.csv,artifacts_part2_g532/predictions/g532_final_consensus_tape.csv
2024-04-03,-1.0,-0.000681,1,1,0.043077,0,0.462068,0,VOO,0.043077,0.043077,0.0,0.0,-0.000681,-0.015813,0.043077,0.1926174721837007,0.271292449501325,1,ok,1,0,0.131842,0.162271,0.485069,0.786862,0.590147,part2a21_alpha_positions.csv,part2a21_alpha_eligibility.csv,artifacts_part2_g532/predictions/g532_final_consensus_tape.csv
2024-04-04,1.0,0.000741,1,1,0.043077,0,0.239506,0,VOO,0.043077,0.043077,0.0,0.0,0.000741,0.017204,0.043077,0.1943563516237818,0.2340268102111909,1,ok,1,1,0.14748,0.200432,0.556812,0.75212,0.338454,part2a21_alpha_positions.csv,part2a21_alpha_eligibility.csv,artifacts_part2_g532/predictions/g532_final_consensus_tape.csv
2024-04-05,1.0,0.000114,1,1,0.043077,0,0.220098,0,VOO,0.043077,0.043077,0.0,0.0,0.000114,0.002656,0.043077,0.194164021506126,0.2388826219320902,1,ok,1,0,0.143483,0.197307,0.550937,0.756188,0.340284,part2a21_alpha_positions.csv,part2a21_alpha_eligibility.csv,artifacts_part2_g532/predictions/g532_final_consensus_tape.csv
2024-04-08,-1.0,-0.000102,1,1,0.03393,0,0.367044,0,VOO,0.03393,0.03393,0.009147,9e-06,-9.3e-05,-0.002737,0.03393,0.1898042646361458,0.3558932703254016,1,ok,1,0,0.146355,0.194009,0.544736,0.75729,0.567967,part2a21_alpha_positions.csv,part2a21_alpha_eligibility.csv,artifacts_part2_g532/predictions/g532_final_consensus_tape.csv
2024-04-09,1.0,0.000124,1,1,0.03393,0,0.366355,0,VOO,0.03393,0.03393,0.0,0.0,0.000124,0.003653,0.03393,0.1931399930091426,0.2555442586698838,1,ok,1,1,0.154979,0.194449,0.545563,0.75309,0.564817,part2a21_alpha_positions.csv,part2a21_alpha_eligibility.csv,artifacts_part2_g532/predictions/g532_final_consensus_tape.csv
2024-04-10,1.0,0.000292,1,1,0.03393,0,0.372983,0,VOO,0.03393,0.03393,0.0,0.0,0.000292,0.008602,0.03393,0.192054811850028,0.28763641266586,1,ok,1,0,0.14102,0.186658,0.530916,0.765028,0.573771,part2a21_alpha_positions.csv,part2a21_alpha_eligibility.csv,artifacts_part2_g532/predictions/g532_final_consensus_tape.csv
2024-04-11,-1.0,-0.000606,1,1,0.03393,0,0.36857,0,VOO,0.03393,0.03393,0.0,0.0,-0.000606,-0.017851,0.03393,0.1919883329615876,0.2904057002225664,1,ok,1,0,0.143135,0.183054,0.524142,0.766692,0.575019,part2a21_alpha_positions.csv,part2a21_alpha_eligibility.csv,artifacts_part2_g532/predictions/g532_final_consensus_tape.csv
2024-04-12,-1.0,-0.000216,1,1,0.03393,0,0.339172,0,VOO,0.03393,0.03393,0.0,0.0,-0.000216,-0.006362,0.03393,0.1883123655264792,0.4064058311267106,1,ok,1,0,0.145226,0.188377,0.534149,0.761887,0.571415,part2a21_alpha_positions.csv,part2a21_alpha_eligibility.csv,artifacts_part2_g532/predictions/g532_final_consensus_tape.csv
2024-04-15,1.0,3.4e-05,1,1,0.021635,0,0.202024,0,VOO,0.021635,0.021635,0.012295,1.2e-05,4.6e-05,0.002141,0.021635,0.1890600368887597,0.3812370071916817,1,ok,1,1,0.151151,0.201208,0.55827,0.749905,0.337457,part2a21_alpha_positions.csv,part2a21_alpha_eligibility.csv,artifacts_part2_g532/predictions/g532_final_consensus_tape.csv
2024-04-16,-1.0,-0.000268,1,1,0.021635,0,0.342026,0,VOO,0.021635,0.021635,0.0,0.0,-0.000268,-0.012376,0.021635,0.1911601646996567,0.3094140053263584,1,ok,1,0,0.140696,0.19119,0.539438,0.761883,0.571412,part2a21_alpha_positions.csv,part2a21_alpha_eligibility.csv,artifacts_part2_g532/predictions/g532_final_consensus_tape.csv
2024-04-17,1.0,2.6e-05,1,1,0.021635,0,0.184691,0,VOO,0.021635,0.021635,0.0,0.0,2.6e-05,0.001201,0.021635,0.1911699846541777,0.5902496471329114,1,ok,1,1,0.257583,0.20218,0.560099,0.701304,0.315587,part2a21_alpha_positions.csv,part2a21_alpha_eligibility.csv,artifacts_part2_g532/predictions/g532_final_consensus_tape.csv
2024-04-18,-1.0,-0.00021,1,1,0.021635,0,0.197551,0,VOO,0.021635,0.021635,0.0,0.0,-0.00021,-0.009711,0.021635,0.1913456418398092,0.5942109206492566,1,ok,1,0,0.239382,0.187672,0.532822,0.720029,0.324013,part2a21_alpha_positions.csv,part2a21_alpha_eligibility.csv,artifacts_part2_g532/predictions/g532_final_consensus_tape.csv
2024-04-19,1.0,0.000185,1,1,0.021635,0,0.209847,0,VOO,0.021635,0.021635,0.0,0.0,0.000185,0.008533,0.021635,0.1961803100198116,0.7284494496881253,1,ok,1,0,0.240491,0.197979,0.5522,0.712047,0.320421,part2a21_alpha_positions.csv,part2a21_alpha_eligibility.csv,artifacts_part2_g532/predictions/g532_final_consensus_tape.csv
2024-04-22,1.0,0.000219,1,1,0.019685,0,0.210199,0,VOO,0.019685,0.019685,0.001951,2e-06,0.000221,0.011227,0.019685,0.1916833428388318,0.614099508230502,1,ok,1,0,0.217313,0.184754,0.527338,0.732078,0.329435,part2a21_alpha_positions.csv,part2a21_alpha_eligibility.csv,artifacts_part2_g532/predictions/g532_final_consensus_tape.csv
2024-04-23,1.0,4.6e-05,1,1,0.019685,0,0.203435,0,VOO,0.019685,0.019685,0.0,0.0,4.6e-05,0.002321,0.019685,0.196577090962037,0.7407012060305984,1,ok,1,0,0.213719,0.180155,0.518692,0.737034,0.331665,part2a21_alpha_positions.csv,part2a21_alpha_eligibility.csv,artifacts_part2_g532/predictions/g532_final_consensus_tape.csv
2024-04-24,-1.0,-6e-06,1,1,0.019685,0,0.20053,0,VOO,0.019685,0.019685,0.0,0.0,-6e-06,-0.000314,0.019685,0.1927313766912325,0.6436453042600565,1,ok,1,0,0.235537,0.183544,0.525062,0.724755,0.32614,part2a21_alpha_positions.csv,part2a21_alpha_eligibility.csv,artifacts_part2_g532/predictions/g532_final_consensus_tape.csv
2024-04-25,1.0,0.000142,1,1,0.019685,0,0.205466,0,VOO,0.019685,0.019685,0.0,0.0,0.000142,0.007223,0.019685,0.1943982352712471,0.6847168418210584,1,ok,1,0,0.229194,0.186969,0.531503,0.725123,0.326305,part2a21_alpha_positions.csv,part2a21_alpha_eligibility.csv,artifacts_part2_g532/predictions/g532_final_consensus_tape.csv
2024-04-26,-1.0,-1.1e-05,1,1,0.019685,0,0.226062,0,VOO,0.019685,0.019685,0.0,0.0,-1.1e-05,-0.000553,0.019685,0.1936493934606173,0.6674780807820228,1,ok,1,0,0.203888,0.166335,0.49271,0.751491,0.338171,part2a21_alpha_positions.csv,part2a21_alpha_eligibility.csv,artifacts_part2_g532/predictions/g532_final_consensus_tape.csv
2024-04-29,-1.0,-0.000211,1,1,0.018643,0,0.227676,0,VOO,0.018643,0.018643,0.001041,1e-06,-0.00021,-0.011239,0.018643,0.1956146374183935,0.7206111713235285,1,ok,1,0,0.206819,0.172598,0.504484,0.745625,0.335531,part2a21_alpha_positions.csv,part2a21_alpha_eligibility.csv,artifacts_part2_g532/predictions/g532_final_consensus_tape.csv
2024-04-30,-1.0,-0.000134,1,1,0.018643,0,0.215906,0,VOO,0.018643,0.018643,0.0,0.0,-0.000134,-0.007208,0.018643,0.1931408517454198,0.6484204742978529,1,ok,1,0,0.216499,0.181472,0.521167,0.734827,0.330672,part2a21_alpha_positions.csv,part2a21_alpha_eligibility.csv,artifacts_part2_g532/predictions/g532_final_consensus_tape.csv
2024-05-01,1.0,8.6e-05,1,1,0.018643,0,0.223875,0,VOO,0.018643,0.018643,0.0,0.0,8.6e-05,0.004597,0.018643,0.1939390529135669,0.6723097771403577,1,ok,1,0,0.216111,0.174499,0.508059,0.740064,0.333029,part2a21_alpha_positions.csv,part2a21_alpha_eligibility.csv,artifacts_part2_g532/predictions/g532_final_consensus_tape.csv
2024-05-02,1.0,0.000127,1,1,0.018643,0,0.224887,0,VOO,0.018643,0.018643,0.0,0.0,0.000127,0.0068,0.018643,0.195295003323787,0.7144257761771433,1,ok,1,0,0.208459,0.169136,0.497976,0.747401,0.33633,part2a21_alpha_positions.csv,part2a21_alpha_eligibility.csv,artifacts_part2_g532/predictions/g532_final_consensus_tape.csv
2024-05-03,1.0,0.000171,1,1,0.018643,0,0.402037,0,VOO,0.018643,0.018643,0.0,0.0,0.000171,0.00917,0.018643,0.1920368987329059,0.6272120247633142,1,ok,1,0,0.168299,0.151152,0.464166,0.778529,0.583897,part2a21_alpha_positions.csv,part2a21_alpha_eligibility.csv,artifacts_part2_g532/predictions/g532_final_consensus_tape.csv
2024-05-06,-1.0,-2.9e-05,1,1,0.02203,0,0.397081,0,VOO,0.02203,0.02203,0.003386,3e-06,-2.6e-05,-0.001159,0.02203,0.1914737910441006,0.6110674819636404,1,ok,1,0,0.181558,0.153094,0.467816,0.771153,0.578365,part2a21_alpha_positions.csv,part2a21_alpha_eligibility.csv,artifacts_part2_g532/predictions/g532_final_consensus_tape.csv
2024-05-07,1.0,6.3e-05,1,1,0.02203,0,0.415548,0,VOO,0.02203,0.02203,0.0,0.0,6.3e-05,0.002848,0.02203,0.1918679504416812,0.6220923813380609,1,ok,1,0,0.164539,0.147878,0.45801,0.782598,0.586949,part2a21_alpha_positions.csv,part2a21_alpha_eligibility.csv,artifacts_part2_g532/predictions/g532_final_consensus_tape.csv
2024-05-08,1.0,6e-05,1,1,0.02203,0,0.412951,0,VOO,0.02203,0.02203,0.0,0.0,6e-05,0.002704,0.02203,0.1941856912646158,0.6878859239353732,1,ok,1,0,0.171777,0.149436,0.460939,0.77821,0.583657,part2a21_alpha_positions.csv,part2a21_alpha_eligibility.csv,artifacts_part2_g532/predictions/g532_final_consensus_tape.csv
2024-05-09,1.0,9.8e-05,1,1,0.02203,0,0.409318,0,VOO,0.02203,0.02203,0.0,0.0,9.8e-05,0.004471,0.02203,0.1952857549936758,0.7183641546445957,1,ok,1,0,0.17452,0.157097,0.475343,0.771413,0.57856,part2a21_alpha_positions.csv,part2a21_alpha_eligibility.csv,artifacts_part2_g532/predictions/g532_final_consensus_tape.csv
2024-05-10,-1.0,-2.5e-05,1,1,0.02203,0,0.413389,0,VOO,0.02203,0.02203,0.0,0.0,-2.5e-05,-0.001126,0.02203,0.1961235800889281,0.7398946193842356,1,ok,1,0,0.179284,0.154325,0.47013,0.771283,0.578462,part2a21_alpha_positions.csv,part2a21_alpha_eligibility.csv,artifacts_part2_g532/predictions/g532_final_consensus_tape.csv
2024-05-13,1.0,3e-05,1,1,0.018476,0,0.233897,0,VOO,0.018476,0.018476,0.003553,4e-06,3.4e-05,0.001819,0.018476,0.1965721339166694,0.7408664459555047,1,ok,1,0,0.230636,0.182192,0.52252,0.727943,0.327574,part2a21_alpha_positions.csv,part2a21_alpha_eligibility.csv,artifacts_part2_g532/predictions/g532_final_consensus_tape.csv
2024-05-14,1.0,8.5e-05,1,1,0.018476,0,0.25751,0,VOO,0.018476,0.018476,0.0,0.0,8.5e-05,0.0046,0.018476,0.2001084227426203,0.8118152884619688,1,ok,1,0,0.221824,0.170797,0.501098,0.740181,0.333081,part2a21_alpha_positions.csv,part2a21_alpha_eligibility.csv,artifacts_part2_g532/predictions/g532_final_consensus_tape.csv
2024-05-15,1.0,0.0,1,1,0.018476,0,0.484643,0,VOO,0.018476,0.018476,0.0,0.0,0.0,1.3e-05,0.018476,0.2001522096702321,0.6313319952771125,1,ok,1,0,0.183706,0.141843,0.446664,0.778355,0.583766,part2a21_alpha_positions.csv,part2a21_alpha_eligibility.csv,artifacts_part2_g532/predictions/g532_final_consensus_tape.csv
2024-05-16,1.0,8.5e-05,1,1,0.018476,0,0.476543,0,VOO,0.018476,0.018476,0.0,0.0,8.5e-05,0.00459,0.018476,0.1928385688614253,0.5097023772322112,1,ok,1,0,0.189666,0.148006,0.458251,0.771198,0.578399,part2a21_alpha_positions.csv,part2a21_alpha_eligibility.csv,artifacts_part2_g532/predictions/g532_final_consensus_tape.csv
2024-05-17,1.0,4.6e-05,1,1,0.018476,0,0.287503,0,VOO,0.018476,0.018476,0.0,0.0,4.6e-05,0.002491,0.018476,0.1941364919739305,0.5319739970818574,1,ok,1,0,0.200354,0.14727,0.456867,0.766923,0.345115,part2a21_alpha_positions.csv,part2a21_alpha_eligibility.csv,artifacts_part2_g532/predictions/g532_final_consensus_tape.csv
2024-05-20,1.0,-4e-06,1,1,0.025291,0,0.300603,0,VOO,0.025291,0.025291,0.006815,7e-06,3e-06,0.000107,0.025291,0.1978557843054085,0.5936400432399696,1,ok,1,0,0.209978,0.147491,0.457283,0.762432,0.343094,part2a21_alpha_positions.csv,part2a21_alpha_eligibility.csv,artifacts_part2_g532/predictions/g532_final_consensus_tape.csv
2024-05-21,-1.0,-4.1e-05,1,1,0.025291,0,0.511246,0,VOO,0.025291,0.025291,0.0,0.0,-4.1e-05,-0.001623,0.025291,0.1910544904597506,0.4831063749205028,1,ok,1,0,0.188397,0.150053,0.4621,0.770283,0.577712,part2a21_alpha_positions.csv,part2a21_alpha_eligibility.csv,artifacts_part2_g532/predictions/g532_final_consensus_tape.csv
2024-05-22,-1.0,-9.9e-05,1,1,0.025291,0,0.50023,0,VOO,0.025291,0.025291,0.0,0.0,-9.9e-05,-0.003909,0.025291,0.1897825677775529,0.4631561569965943,1,ok,1,0,0.189332,0.153748,0.469046,0.76718,0.575385,part2a21_alpha_positions.csv,part2a21_alpha_eligibility.csv,artifacts_part2_g532/predictions/g532_final_consensus_tape.csv
2024-05-23,1.0,0.000139,1,1,0.025291,0,0.282553,0,VOO,0.025291,0.025291,0.0,0.0,0.000139,0.00549,0.025291,0.1999096448597654,0.6307346402656872,1,ok,1,0,0.208409,0.172258,0.503845,0.745157,0.335321,part2a21_alpha_positions.csv,part2a21_alpha_eligibility.csv,artifacts_part2_g532/predictions/g532_final_consensus_tape.csv
2024-05-24,0.0,0.0,1,1,0.025291,0,0.28618,0,VOO,0.025291,0.025291,0.0,0.0,0.0,0.0,0.025291,0.1934192936102833,0.5212629528464638,1,ok,1,0,0.207592,0.151678,0.465154,0.760465,0.342209,part2a21_alpha_positions.csv,part2a21_alpha_eligibility.csv,artifacts_part2_g532/predictions/g532_final_consensus_tape.csv
2024-05-27,1.0,0.000248,1,1,0.041111,0,0.486013,0,VOO,0.041111,0.041111,0.01582,1.6e-05,0.000264,0.006415,0.041111,0.192536360182124,0.5067155253106167,1,ok,1,0,0.199263,0.141314,0.445671,0.771737,0.578803,part2a21_alpha_positions.csv,part2a21_alpha_eligibility.csv,artifacts_part2_g532/predictions/g532_final_consensus_tape.csv
2024-05-28,-1.0,-9e-05,1,1,0.041111,0,0.272713,0,VOO,0.041111,0.041111,0.0,0.0,-9e-05,-0.002182,0.041111,0.1970526700888678,0.5871467616654052,1,ok,1,0,0.222545,0.174419,0.507907,0.737227,0.331752,part2a21_alpha_positions.csv,part2a21_alpha_eligibility.csv,artifacts_part2_g532/predictions/g532_final_consensus_tape.csv
2024-05-29,-1.0,-0.000482,1,1,0.041111,0,0.258086,0,VOO,0.041111,0.041111,0.0,0.0,-0.000482,-0.011734,0.041111,0.1921699007821196,0.5093528078233078,1,ok,1,1,0.269559,0.196777,0.549941,0.699838,0.314927,part2a21_alpha_positions.csv,part2a21_alpha_eligibility.csv,artifacts_part2_g532/predictions/g532_final_consensus_tape.csv
2024-05-30,1.0,0.000165,1,1,0.041111,0,0.248141,0,VOO,0.041111,0.041111,0.0,0.0,0.000165,0.004018,0.041111,0.1914483867807473,0.4906502665136962,1,ok,1,0,0.225455,0.169853,0.499324,0.739232,0.332654,part2a21_alpha_positions.csv,part2a21_alpha_eligibility.csv,artifacts_part2_g532/predictions/g532_final_consensus_tape.csv
2024-05-31,-1.0,-0.000223,1,1,0.041111,0,0.429268,0,VOO,0.041111,0.041111,0.0,0.0,-0.000223,-0.005435,0.041111,0.1936577659148973,0.5321781941562814,1,ok,1,0,0.193076,0.153874,0.469283,0.765403,0.574052,part2a21_alpha_positions.csv,part2a21_alpha_eligibility.csv,artifacts_part2_g532/predictions/g532_final_consensus_tape.csv
2024-06-03,-1.0,-0.000112,1,1,0.021806,0,0.250978,0,VOO,0.021806,0.021806,0.019305,1.9e-05,-9.3e-05,-0.004246,0.021806,0.1922472474219371,0.509674233688439,1,ok,1,0,0.209385,0.162878,0.486211,0.751527,0.338187,part2a21_alpha_positions.csv,part2a21_alpha_eligibility.csv,artifacts_part2_g532/predictions/g532_final_consensus_tape.csv
2024-06-04,1.0,0.00018,1,1,0.021806,0,0.424433,0,VOO,0.021806,0.021806,0.0,0.0,0.00018,0.008266,0.021806,0.1955991030462822,0.5672608811588306,1,ok,1,0,0.189231,0.155988,0.473258,0.765598,0.574199,part2a21_alpha_positions.csv,part2a21_alpha_eligibility.csv,artifacts_part2_g532/predictions/g532_final_consensus_tape.csv
2024-06-05,1.0,4e-06,1,1,0.021806,0,0.408466,0,VOO,0.021806,0.021806,0.0,0.0,4e-06,0.000202,0.021806,0.2017693199193631,0.6727473684265832,1,ok,1,0,0.188213,0.159751,0.480333,0.763325,0.572494,part2a21_alpha_positions.csv,part2a21_alpha_eligibility.csv,artifacts_part2_g532/predictions/g532_final_consensus_tape.csv
2024-06-06,1.0,0.000203,1,1,0.021806,0,0.414567,0,VOO,0.021806,0.021806,0.0,0.0,0.000203,0.009292,0.021806,0.2050413336135506,0.724518964188032,1,ok,1,0,0.183037,0.153346,0.468291,0.770304,0.577728,part2a21_alpha_positions.csv,part2a21_alpha_eligibility.csv,artifacts_part2_g532/predictions/g532_final_consensus_tape.csv
2024-06-07,1.0,0.000118,1,1,0.021806,0,0.405915,0,VOO,0.021806,0.021806,0.0,0.0,0.000118,0.005429,0.021806,0.2021810065184517,0.6782537650913141,1,ok,1,0,0.187128,0.150814,0.463531,0.770301,0.577726,part2a21_alpha_positions.csv,part2a21_alpha_eligibility.csv,artifacts_part2_g532/predictions/g532_final_consensus_tape.csv
2024-06-10,-1.0,-9.7e-05,1,1,0.029626,0,0.405488,0,VOO,0.029626,0.029626,0.00782,8e-06,-8.9e-05,-0.002997,0.029626,0.1978571875199979,0.6049398017501842,1,ok,1,0,0.189615,0.142013,0.446984,0.775572,0.581679,part2a21_alpha_positions.csv,part2a21_alpha_eligibility.csv,artifacts_part2_g532/predictions/g532_final_consensus_tape.csv
2024-06-11,1.0,8.1e-05,1,1,0.029626,0,0.236702,0,VOO,0.029626,0.029626,0.0,0.0,8.1e-05,0.002732,0.029626,0.1971318651269032,0.5913204926790704,1,ok,1,0,0.213876,0.164305,0.488893,0.748471,0.336812,part2a21_alpha_positions.csv,part2a21_alpha_eligibility.csv,artifacts_part2_g532/predictions/g532_final_consensus_tape.csv
2024-06-12,-1.0,-0.000139,1,1,0.029626,0,0.408705,0,VOO,0.029626,0.029626,0.0,0.0,-0.000139,-0.004704,0.029626,0.192690390780533,0.5316337501177381,1,ok,1,0,0.132686,0.177642,0.513967,0.775323,0.581493,part2a21_alpha_positions.csv,part2a21_alpha_eligibility.csv,artifacts_part2_g532/predictions/g532_final_consensus_tape.csv
2024-06-13,-1.0,-4.5e-05,1,1,0.029626,0,0.433611,0,VOO,0.029626,0.029626,0.0,0.0,-4.5e-05,-0.001526,0.029626,0.1941178059579072,0.5823498604796954,1,ok,1,0,0.134646,0.170702,0.500921,0.779479,0.584609,part2a21_alpha_positions.csv,part2a21_alpha_eligibility.csv,artifacts_part2_g532/predictions/g532_final_consensus_tape.csv
2024-06-14,1.0,0.000372,1,1,0.029626,0,0.430792,0,VOO,0.029626,0.029626,0.0,0.0,0.000372,0.012567,0.029626,0.195818658307383,0.6085406557562574,1,ok,1,0,0.135888,0.178428,0.515444,0.773312,0.579984,part2a21_alpha_positions.csv,part2a21_alpha_eligibility.csv,artifacts_part2_g532/predictions/g532_final_consensus_tape.csv
2024-06-17,-1.0,-4.5e-05,1,1,0.021976,0,0.410287,0,VOO,0.021976,0.021976,0.00765,8e-06,-3.7e-05,-0.001684,0.021976,0.1983369054860035,0.66957914143623,1,ok,1,0,0.137922,0.195413,0.547377,0.760065,0.570049,part2a21_alpha_positions.csv,part2a21_alpha_eligibility.csv,artifacts_part2_g532/predictions/g532_final_consensus_tape.csv
2024-06-18,0.0,0.0,1,1,0.021976,0,0.42865,0,VOO,0.021976,0.021976,0.0,0.0,0.0,0.0,0.021976,0.1983512178769785,0.6606758313622758,1,ok,1,0,0.131393,0.165871,0.491838,0.784451,0.588338,part2a21_alpha_positions.csv,part2a21_alpha_eligibility.csv,artifacts_part2_g532/predictions/g532_final_consensus_tape.csv
2024-06-19,-1.0,-5e-06,1,1,0.021976,0,0.432733,0,VOO,0.021976,0.021976,0.0,0.0,-5e-06,-0.000239,0.021976,0.1970111425887606,0.633662236706069,1,ok,1,0,0.137204,0.166461,0.492946,0.781408,0.586056,part2a21_alpha_positions.csv,part2a21_alpha_eligibility.csv,artifacts_part2_g532/predictions/g532_final_consensus_tape.csv
2024-06-20,-1.0,-5.3e-05,1,1,0.021976,0,0.428119,0,VOO,0.021976,0.021976,0.0,0.0,-5.3e-05,-0.002402,0.021976,0.1978345753626981,0.5613101860690562,1,ok,1,0,0.139055,0.175943,0.510772,0.773691,0.580268,part2a21_alpha_positions.csv,part2a21_alpha_eligibility.csv,artifacts_part2_g532/predictions/g532_final_consensus_tape.csv
2024-06-21,-1.0,-7.8e-05,1,1,0.021976,0,0.440469,0,VOO,0.021976,0.021976,0.0,0.0,-7.8e-05,-0.003541,0.021976,0.2062775900653036,0.7322441029873411,1,ok,1,0,0.141048,0.170764,0.501037,0.776554,0.582415,part2a21_alpha_positions.csv,part2a21_alpha_eligibility.csv,artifacts_part2_g532/predictions/g532_final_consensus_tape.csv
2024-06-24,1.0,0.000113,1,1,0.039607,0,0.446146,0,VOO,0.039607,0.039607,0.017631,1.8e-05,0.000131,0.003301,0.039607,0.2022742228133864,0.6652036167043426,1,ok,1,0,0.138656,0.165449,0.491044,0.781489,0.586117,part2a21_alpha_positions.csv,part2a21_alpha_eligibility.csv,artifacts_part2_g532/predictions/g532_final_consensus_tape.csv
2024-06-25,1.0,0.000284,1,1,0.039607,0,0.444886,0,VOO,0.039607,0.039607,0.0,0.0,0.000284,0.007163,0.039607,0.1999115143315432,0.6178377581402127,1,ok,1,0,0.138516,0.168454,0.496693,0.77937,0.584528,part2a21_alpha_positions.csv,part2a21_alpha_eligibility.csv,artifacts_part2_g532/predictions/g532_final_consensus_tape.csv
2024-06-26,-1.0,-2.7e-05,1,1,0.039607,0,0.431002,0,VOO,0.039607,0.039607,0.0,0.0,-2.7e-05,-0.000683,0.039607,0.202903262929901,0.6671611385095845,1,ok,1,0,0.14386,0.178088,0.514806,0.769971,0.577478,part2a21_alpha_positions.csv,part2a21_alpha_eligibility.csv,artifacts_part2_g532/predictions/g532_final_consensus_tape.csv
2024-06-27,1.0,5.8e-05,1,1,0.039607,0,0.441621,0,VOO,0.039607,0.039607,0.0,0.0,5.8e-05,0.001461,0.039607,0.2053327622789356,0.697893143143491,1,ok,1,0,0.142378,0.169671,0.498982,0.776749,0.582562,part2a21_alpha_positions.csv,part2a21_alpha_eligibility.csv,artifacts_part2_g532/predictions/g532_final_consensus_tape.csv
2024-06-28,1.0,0.000387,1,1,0.039607,0,0.445641,0,VOO,0.039607,0.039607,0.0,0.0,0.000387,0.009769,0.039607,0.2046196995088243,0.7039733754225747,1,ok,1,0,0.137251,0.16823,0.496273,0.780102,0.585077,part2a21_alpha_positions.csv,part2a21_alpha_eligibility.csv,artifacts_part2_g532/predictions/g532_final_consensus_tape.csv
2024-07-01,1.0,8e-05,1,1,0.032286,0,0.464723,0,VOO,0.032286,0.032286,0.007321,7e-06,8.7e-05,0.002692,0.032286,0.1986530300558132,0.6457428380416294,1,ok,1,0,0.134853,0.159291,0.479466,0.787671,0.590753,part2a21_alpha_positions.csv,part2a21_alpha_eligibility.csv,artifacts_part2_g532/predictions/g532_final_consensus_tape.csv
2024-07-02,-1.0,-6.9e-05,1,1,0.032286,0,0.465767,0,VOO,0.032286,0.032286,0.0,0.0,-6.9e-05,-0.002134,0.032286,0.1992904085926895,0.6549479409061675,1,ok,1,0,0.137303,0.161787,0.48416,0.784756,0.588567,part2a21_alpha_positions.csv,part2a21_alpha_eligibility.csv,artifacts_part2_g532/predictions/g532_final_consensus_tape.csv
2024-07-03,0.0,0.0,1,1,0.032286,0,0.461734,0,VOO,0.032286,0.032286,0.0,0.0,0.0,0.0,0.032286,0.1966272804894835,0.6294325123875789,1,ok,1,0,0.136083,0.163713,0.48778,0.783907,0.58793,part2a21_alpha_positions.csv,part2a21_alpha_eligibility.csv,artifacts_part2_g532/predictions/g532_final_consensus_tape.csv
2024-07-04,1.0,1.4e-05,1,1,0.032286,0,0.461334,0,VOO,0.032286,0.032286,0.0,0.0,1.4e-05,0.000423,0.032286,0.1976266154686739,0.6538739701432883,1,ok,1,0,0.136786,0.164768,0.489763,0.782825,0.587119,part2a21_alpha_positions.csv,part2a21_alpha_eligibility.csv,artifacts_part2_g532/predictions/g532_final_consensus_tape.csv
2024-07-05,1.0,2.1e-05,1,1,0.032286,0,0.461481,0,VOO,0.032286,0.032286,0.0,0.0,2.1e-05,0.000642,0.032286,0.2001015877283981,0.6716256109456996,1,ok,1,0,0.141365,0.172438,0.504183,0.775196,0.581397,part2a21_alpha_positions.csv,part2a21_alpha_eligibility.csv,artifacts_part2_g532/predictions/g532_final_consensus_tape.csv
2024-07-08,1.0,8.2e-05,1,1,0.033324,0,0.47429,0,VOO,0.033324,0.033324,0.001038,1e-06,8.3e-05,0.002478,0.033324,0.1982368941575117,0.6418565631086983,1,ok,1,0,0.137231,0.168564,0.496901,0.779868,0.584901,part2a21_alpha_positions.csv,part2a21_alpha_eligibility.csv,artifacts_part2_g532/predictions/g532_final_consensus_tape.csv
2024-07-09,1.0,0.000288,1,1,0.033324,0,0.471715,0,VOO,0.033324,0.033324,0.0,0.0,0.000288,0.008628,0.033324,0.1985849122508194,0.6403813595194108,1,ok,1,0,0.141536,0.172644,0.50457,0.77497,0.581227,part2a21_alpha_positions.csv,part2a21_alpha_eligibility.csv,artifacts_part2_g532/predictions/g532_final_consensus_tape.csv
2024-07-10,-1.0,-0.000498,1,1,0.033324,0,0.476503,0,VOO,0.033324,0.033324,0.0,0.0,-0.000498,-0.014958,0.033324,0.196616939608457,0.6308017955741662,1,ok,1,0,0.124415,0.158918,0.478766,0.792639,0.594479,part2a21_alpha_positions.csv,part2a21_alpha_eligibility.csv,artifacts_part2_g532/predictions/g532_final_consensus_tape.csv
2024-07-11,1.0,0.000135,1,1,0.033324,0,0.415723,0,VOO,0.033324,0.033324,0.0,0.0,0.000135,0.004051,0.033324,0.1946635788478266,0.6138547760322927,1,ok,1,0,0.122856,0.162486,0.485474,0.79075,0.593062,part2a21_alpha_positions.csv,part2a21_alpha_eligibility.csv,artifacts_part2_g532/predictions/g532_final_consensus_tape.csv
2024-07-12,1.0,0.000206,1,1,0.033324,0,0.411334,0,VOO,0.033324,0.033324,0.0,0.0,0.000206,0.006192,0.033324,0.19298605947327,0.5990704234589215,1,ok,1,0,0.125441,0.168855,0.497448,0.784963,0.588722,part2a21_alpha_positions.csv,part2a21_alpha_eligibility.csv,artifacts_part2_g532/predictions/g532_final_consensus_tape.csv
2024-07-15,1.0,4.2e-05,1,1,0.036902,0,0.425374,0,VOO,0.036902,0.036902,0.003578,4e-06,4.6e-05,0.001234,0.036902,0.1939598045608287,0.6071402993215692,1,ok,1,0,0.119046,0.156888,0.47495,0.796529,0.597396,part2a21_alpha_positions.csv,part2a21_alpha_eligibility.csv,artifacts_part2_g532/predictions/g532_final_consensus_tape.csv
2024-07-16,-1.0,-0.00055,1,1,0.036902,0,0.42445,0,VOO,0.036902,0.036902,0.0,0.0,-0.00055,-0.014908,0.036902,0.1920324350779586,0.5915844180363009,1,ok,1,0,0.122395,0.158756,0.478461,0.793666,0.595249,part2a21_alpha_positions.csv,part2a21_alpha_eligibility.csv,artifacts_part2_g532/predictions/g532_final_consensus_tape.csv
2024-07-17,-1.0,-0.000174,1,1,0.036902,0,0.383768,0,VOO,0.036902,0.036902,0.0,0.0,-0.000174,-0.004709,0.036902,0.1970245399476352,0.6277273484798195,1,ok,1,0,0.120555,0.189154,0.535609,0.772425,0.579319,part2a21_alpha_positions.csv,part2a21_alpha_eligibility.csv,artifacts_part2_g532/predictions/g532_final_consensus_tape.csv
2024-07-18,-1.0,-0.00013,1,1,0.036902,0,0.227113,0,VOO,0.036902,0.036902,0.0,0.0,-0.00013,-0.00353,0.036902,0.1886796721141719,0.5347276778328399,1,ok,1,0,0.122968,0.197918,0.552087,0.764975,0.344239,part2a21_alpha_positions.csv,part2a21_alpha_eligibility.csv,artifacts_part2_g532/predictions/g532_final_consensus_tape.csv
2024-07-19,1.0,0.000416,1,1,0.036902,0,0.38031,0,VOO,0.036902,0.036902,0.0,0.0,0.000416,0.011284,0.036902,0.1933332839207735,0.5837002641115281,1,ok,1,0,0.119256,0.194613,0.545872,0.769046,0.576784,part2a21_alpha_positions.csv,part2a21_alpha_eligibility.csv,artifacts_part2_g532/predictions/g532_final_consensus_tape.csv
2024-07-22,-1.0,-7.3e-05,1,1,0.0259,0,0.367269,0,VOO,0.0259,0.0259,0.011003,1.1e-05,-6.2e-05,-0.002409,0.0259,0.1858711857984833,0.5014707795443764,1,ok,1,0,0.130647,0.183183,0.524384,0.772218,0.579164,part2a21_alpha_positions.csv,part2a21_alpha_eligibility.csv,artifacts_part2_g532/predictions/g532_final_consensus_tape.csv
2024-07-23,-1.0,-0.000542,1,1,0.0259,0,0.366974,0,VOO,0.0259,0.0259,0.0,0.0,-0.000542,-0.020934,0.0259,0.1868836953620864,0.5089620698752599,1,ok,1,0,0.133845,0.183857,0.525652,0.770289,0.577717,part2a21_alpha_positions.csv,part2a21_alpha_eligibility.csv,artifacts_part2_g532/predictions/g532_final_consensus_tape.csv
2024-07-24,-1.0,-0.000189,1,1,0.0259,0,0.212816,0,VOO,0.0259,0.0259,0.0,0.0,-0.000189,-0.007283,0.0259,0.1879833270418373,0.5419886206796968,1,ok,1,1,0.082915,0.198133,0.552491,0.782844,0.35228,part2a21_alpha_positions.csv,part2a21_alpha_eligibility.csv,artifacts_part2_g532/predictions/g532_final_consensus_tape.csv
2024-07-25,1.0,0.000166,1,1,0.0259,0,0.218206,0,VOO,0.0259,0.0259,0.0,0.0,0.000166,0.006407,0.0259,0.1879950803480318,0.5389281005790694,1,ok,1,0,0.079122,0.20081,0.557522,0.782607,0.352173,part2a21_alpha_positions.csv,part2a21_alpha_eligibility.csv,artifacts_part2_g532/predictions/g532_final_consensus_tape.csv
2024-07-26,-1.0,-2.4e-05,1,1,0.0259,0,0.211332,0,VOO,0.0259,0.0259,0.0,0.0,-2.4e-05,-0.000944,0.0259,0.1869653218808901,0.5291933044626572,1,ok,1,0,0.121609,0.1994,0.554873,0.764511,0.34403,part2a21_alpha_positions.csv,part2a21_alpha_eligibility.csv,artifacts_part2_g532/predictions/g532_final_consensus_tape.csv
2024-07-29,-1.0,-0.000159,1,1,0.020911,0,0.360824,0,VOO,0.020911,0.020911,0.004988,5e-06,-0.000154,-0.007346,0.020911,0.1890976420247606,0.5430333389542875,1,ok,1,0,0.120548,0.194551,0.545755,0.76851,0.576382,part2a21_alpha_positions.csv,part2a21_alpha_eligibility.csv,artifacts_part2_g532/predictions/g532_final_consensus_tape.csv
2024-07-30,1.0,0.000174,1,1,0.020911,0,0.216374,0,VOO,0.020911,0.020911,0.0,0.0,0.000174,0.008325,0.020911,0.1937944753486332,0.605173867597965,1,ok,1,0,0.118263,0.200632,0.557188,0.765123,0.344305,part2a21_alpha_positions.csv,part2a21_alpha_eligibility.csv,artifacts_part2_g532/predictions/g532_final_consensus_tape.csv
2024-07-31,-1.0,-0.000376,1,1,0.020911,0,0.215553,0,VOO,0.020911,0.020911,0.0,0.0,-0.000376,-0.017993,0.020911,0.1923644730738094,0.5693231692758269,1,ok,1,0,0.120935,0.203161,0.561942,0.762085,0.342938,part2a21_alpha_positions.csv,part2a21_alpha_eligibility.csv,artifacts_part2_g532/predictions/g532_final_consensus_tape.csv
2024-08-01,-1.0,-0.000707,1,1,0.020911,0,0.20641,0,VOO,0.020911,0.020911,0.0,0.0,-0.000707,-0.033816,0.020911,0.1937824943250645,0.586476548077545,1,ok,1,0,0.119067,0.197788,0.551841,0.766826,0.345072,part2a21_alpha_positions.csv,part2a21_alpha_eligibility.csv,artifacts_part2_g532/predictions/g532_final_consensus_tape.csv
2024-08-02,-1.0,-0.000659,1,1,0.020911,0,0.17891,0,VOO,0.020911,0.020911,0.0,0.0,-0.000659,-0.031509,0.020911,0.1961990649490655,0.6034772958812845,1,ok,1,0,0.12029,0.208679,0.572317,0.758368,0.341266,part2a21_alpha_positions.csv,part2a21_alpha_eligibility.csv,artifacts_part2_g532/predictions/g532_final_consensus_tape.csv
2024-08-05,1.0,0.000288,1,1,0.015551,0,0.16909,0,VOO,0.015551,0.015551,0.005361,5e-06,0.000293,0.018863,0.015551,0.1940006387200298,0.5851800422689465,1,ok,1,1,0.117604,0.280332,0.602486,0.728465,0.327809,part2a21_alpha_positions.csv,part2a21_alpha_eligibility.csv,artifacts_part2_g532/predictions/g532_final_consensus_tape.csv
2024-08-06,-1.0,-5.2e-05,1,1,0.015551,0,0.150696,0,VOO,0.015551,0.015551,0.0,0.0,-5.2e-05,-0.003344,0.015551,0.1904973586785643,0.5610926241835434,1,ok,1,1,0.125439,0.327357,0.619147,0.705148,0.317317,part2a21_alpha_positions.csv,part2a21_alpha_eligibility.csv,artifacts_part2_g532/predictions/g532_final_consensus_tape.csv
2024-08-07,1.0,0.000405,1,1,0.015551,0,0.159704,0,VOO,0.015551,0.015551,0.0,0.0,0.000405,0.026071,0.015551,0.2011009894354707,0.5124819353358385,1,ok,1,0,0.177427,0.204051,0.563615,0.736017,0.331208,part2a21_alpha_positions.csv,part2a21_alpha_eligibility.csv,artifacts_part2_g532/predictions/g532_final_consensus_tape.csv
2024-08-08,1.0,4e-06,1,0,0.015551,0,0.127251,0,VOO,0.015551,0.015551,0.0,0.0,4e-06,0.000233,0.015551,0.2018336332538922,0.4669114128204605,0,high_risk_veto,1,0,0.179667,0.200455,0.556856,0.73762,0.287672,part2a21_alpha_positions.csv,part2a21_alpha_eligibility.csv,artifacts_part2_g532/predictions/g532_final_consensus_tape.csv
2024-08-09,-1.0,-3.5e-05,1,0,0.015551,0,0.128557,0,VOO,0.015551,0.015551,0.0,0.0,-3.5e-05,-0.002279,0.015551,0.2020222003567086,0.4383170380300535,0,high_risk_veto,1,0,0.177412,0.1986,0.553368,0.739981,0.288593,part2a21_alpha_positions.csv,part2a21_alpha_eligibility.csv,artifacts_part2_g532/predictions/g532_final_consensus_tape.csv
2024-08-12,,,0,0,0.0,0,0.126514,0,FLAT,0.0,0.0,0.015551,1.6e-05,,0.012047,0.0,0.2020936664848678,0.4220412777344326,0,high_risk_veto,1,0,0.181396,0.21398,0.578322,0.727814,0.283848,part2a21_alpha_positions.csv,part2a21_alpha_eligibility.csv,artifacts_part2_g532/predictions/g532_final_consensus_tape.csv
2024-08-13,,,0,0,0.0,0,0.125206,0,FLAT,0.0,0.0,0.0,0.0,,0.001852,0.0,0.2020516839097298,0.4318202751806834,0,high_risk_veto,1,0,0.184347,0.204208,0.563911,0.732789,0.285788,part2a21_alpha_positions.csv,part2a21_alpha_eligibility.csv,artifacts_part2_g532/predictions/g532_final_consensus_tape.csv
2024-08-14,,,0,0,0.0,0,0.13273,0,FLAT,0.0,0.0,0.0,0.0,,0.023298,0.0,0.2007826732081267,0.4956277901975152,0,high_risk_veto,1,0,0.151297,0.172314,0.50395,0.770816,0.300618,part2a21_alpha_positions.csv,part2a21_alpha_eligibility.csv,artifacts_part2_g532/predictions/g532_final_consensus_tape.csv
2024-08-15,,,0,0,0.0,0,0.128813,0,FLAT,0.0,0.0,0.0,0.0,,0.000143,0.0,0.2007435953964963,0.486682392581318,0,high_risk_veto,1,0,0.159443,0.175277,0.509522,0.764999,0.29835,part2a21_alpha_positions.csv,part2a21_alpha_eligibility.csv,artifacts_part2_g532/predictions/g532_final_consensus_tape.csv
2024-08-16,,,0,0,0.0,0,0.154051,0,FLAT,0.0,0.0,0.0,0.0,,0.008234,0.0,0.2004819453108959,0.4842966023945134,0,high_risk_veto,1,0,0.118612,0.130949,0.426185,0.815556,0.318067,part2a21_alpha_positions.csv,part2a21_alpha_eligibility.csv,artifacts_part2_g532/predictions/g532_final_consensus_tape.csv
2024-08-19,-1.0,-4.4e-05,1,1,0.006596,0,0.35446,0,VOO,0.006596,0.006596,0.006596,7e-06,-3.7e-05,-0.005658,0.006596,0.200033076690394,0.5010785971431563,1,ok,1,0,0.138962,0.136513,0.436644,0.802359,0.601769,part2a21_alpha_positions.csv,part2a21_alpha_eligibility.csv,artifacts_part2_g532/predictions/g532_final_consensus_tape.csv
2024-08-20,1.0,1e-05,1,1,0.006596,0,0.354547,0,VOO,0.006596,0.006596,0.0,0.0,1e-05,0.001452,0.006596,0.2013132221990688,0.4771017025167246,1,ok,1,0,0.128232,0.135937,0.435562,0.807605,0.605704,part2a21_alpha_positions.csv,part2a21_alpha_eligibility.csv,artifacts_part2_g532/predictions/g532_final_consensus_tape.csv
2024-08-21,-1.0,-2.3e-05,1,1,0.006596,0,0.355487,0,VOO,0.006596,0.006596,0.0,0.0,-2.3e-05,-0.003513,0.006596,0.2022636890719468,0.4030229414526307,1,ok,1,0,0.132569,0.144877,0.45237,0.799163,0.599372,part2a21_alpha_positions.csv,part2a21_alpha_eligibility.csv,artifacts_part2_g532/predictions/g532_final_consensus_tape.csv
2024-08-22,1.0,4.1e-05,1,1,0.006596,0,0.369923,0,VOO,0.006596,0.006596,0.0,0.0,4.1e-05,0.006149,0.006596,0.2016704547698798,0.4579807204198884,1,ok,1,0,0.163927,0.171126,0.501717,0.765995,0.574497,part2a21_alpha_positions.csv,part2a21_alpha_eligibility.csv,artifacts_part2_g532/predictions/g532_final_consensus_tape.csv
2024-08-23,-1.0,-8e-06,1,1,0.006596,0,0.392009,0,VOO,0.006596,0.006596,0.0,0.0,-8e-06,-0.001233,0.006596,0.2028930906385853,0.3758275716363806,1,ok,1,0,0.121529,0.136787,0.43716,0.810005,0.607503,part2a21_alpha_positions.csv,part2a21_alpha_eligibility.csv,artifacts_part2_g532/predictions/g532_final_consensus_tape.csv
2024-08-26,1.0,2.4e-05,1,1,0.022773,0,0.392084,0,VOO,0.022773,0.022773,0.016177,1.6e-05,4e-05,0.001748,0.022773,0.2025046820841722,0.4084371124852664,1,ok,1,0,0.126034,0.137469,0.438442,0.807482,0.605612,part2a21_alpha_positions.csv,part2a21_alpha_eligibility.csv,artifacts_part2_g532/predictions/g532_final_consensus_tape.csv
2024-08-27,-1.0,-0.000119,1,1,0.022773,0,0.401482,0,VOO,0.022773,0.022773,0.0,0.0,-0.000119,-0.005221,0.022773,0.2033806773801845,0.3552997781568356,1,ok,1,0,0.120541,0.134301,0.432487,0.812254,0.60919,part2a21_alpha_positions.csv,part2a21_alpha_eligibility.csv,artifacts_part2_g532/predictions/g532_final_consensus_tape.csv
2024-08-28,1.0,4.3e-05,1,1,0.022773,0,0.369373,0,VOO,0.022773,0.022773,0.0,0.0,4.3e-05,0.0019,0.022773,0.2029730842451888,0.3900767843384285,1,ok,1,0,0.168043,0.175807,0.510517,0.760745,0.570559,part2a21_alpha_positions.csv,part2a21_alpha_eligibility.csv,artifacts_part2_g532/predictions/g532_final_consensus_tape.csv
2024-08-29,1.0,0.000293,1,1,0.022773,0,0.480985,0,VOO,0.022773,0.022773,0.0,0.0,0.000293,0.012864,0.022773,0.2023517061342087,0.4152828599900255,1,ok,1,0,0.118407,0.116143,0.398348,0.826397,0.619798,part2a21_alpha_positions.csv,part2a21_alpha_eligibility.csv,artifacts_part2_g532/predictions/g532_final_consensus_tape.csv
2024-08-30,0.0,0.0,1,1,0.022773,0,0.447943,0,VOO,0.022773,0.022773,0.0,0.0,0.0,0.0,0.022773,0.2030033012372535,0.3747034046841668,1,ok,1,0,0.118953,0.117505,0.400909,0.825163,0.618872,part2a21_alpha_positions.csv,part2a21_alpha_eligibility.csv,artifacts_part2_g532/predictions/g532_final_consensus_tape.csv
2024-09-02,-1.0,-0.000467,1,1,0.017082,0,0.459564,0,VOO,0.017082,0.017082,0.005691,6e-06,-0.000461,-0.027008,0.017082,0.2028987713959549,0.3825215935002017,1,ok,1,0,0.116697,0.113631,0.393627,0.82899,0.621743,part2a21_alpha_positions.csv,part2a21_alpha_eligibility.csv,artifacts_part2_g532/predictions/g532_final_consensus_tape.csv
2024-09-03,-1.0,-0.000142,1,1,0.017082,0,0.197259,0,VOO,0.017082,0.017082,0.0,0.0,-0.000142,-0.00832,0.017082,0.2020556917231267,0.4443169042268098,1,ok,1,1,0.197883,0.204162,0.563824,0.726731,0.327029,part2a21_alpha_positions.csv,part2a21_alpha_eligibility.csv,artifacts_part2_g532/predictions/g532_final_consensus_tape.csv
2024-09-04,-1.0,-8.2e-05,1,1,0.017082,0,0.350155,0,VOO,0.017082,0.017082,0.0,0.0,-8.2e-05,-0.004816,0.017082,0.196284995445987,0.4719180595487239,1,ok,1,0,0.10947,0.186792,0.531169,0.779127,0.584345,part2a21_alpha_positions.csv,part2a21_alpha_eligibility.csv,artifacts_part2_g532/predictions/g532_final_consensus_tape.csv
2024-09-05,-1.0,-0.000311,1,1,0.017082,0,0.349162,0,VOO,0.017082,0.017082,0.0,0.0,-0.000311,-0.018216,0.017082,0.1982077319875091,0.486421037940847,1,ok,1,0,0.110777,0.188001,0.533441,0.777662,0.583246,part2a21_alpha_positions.csv,part2a21_alpha_eligibility.csv,artifacts_part2_g532/predictions/g532_final_consensus_tape.csv
2024-09-06,1.0,0.000167,1,1,0.017082,1,0.081944,0,VOO,0.017082,0.017082,0.0,0.0,0.000167,0.009771,0.017082,0.1865423524857533,0.3822910520669134,1,ok,1,0,0.107347,0.189796,0.536817,0.777902,0.140022,part2a21_alpha_positions.csv,part2a21_alpha_eligibility.csv,artifacts_part2_g532/predictions/g532_final_consensus_tape.csv
2024-09-09,-1.0,-1.5e-05,1,1,0.002844,1,0.079061,0,VOO,0.002844,0.002844,0.014238,1.4e-05,-0.0,-0.000142,0.002844,0.1948288895691677,0.4568003704508394,1,ok,1,0,0.109244,0.191742,0.540474,0.775636,0.139614,part2a21_alpha_positions.csv,part2a21_alpha_eligibility.csv,artifacts_part2_g532/predictions/g532_final_consensus_tape.csv
2024-09-10,1.0,3.1e-05,1,1,0.002844,1,0.079562,0,VOO,0.002844,0.002844,0.0,0.0,3.1e-05,0.010888,0.002844,0.1847799602566814,0.3464774414779565,1,ok,1,0,0.109472,0.187947,0.53334,0.778288,0.140092,part2a21_alpha_positions.csv,part2a21_alpha_eligibility.csv,artifacts_part2_g532/predictions/g532_final_consensus_tape.csv
2024-09-11,1.0,2.9e-05,1,0,0.002844,1,0.07816,0,VOO,0.002844,0.002844,0.0,0.0,2.9e-05,0.010181,0.002844,0.1823388575499374,0.329302279291761,0,weak_score,1,0,0.102826,0.178393,0.515379,0.788215,0.141879,part2a21_alpha_positions.csv,part2a21_alpha_eligibility.csv,artifacts_part2_g532/predictions/g532_final_consensus_tape.csv
2024-09-12,1.0,1e-05,1,0,0.002844,1,0.081117,0,VOO,0.002844,0.002844,0.0,0.0,1e-05,0.003375,0.002844,0.1913180978104979,0.4048105865469524,0,weak_score,1,0,0.075873,0.132077,0.428305,0.833969,0.150114,part2a21_alpha_positions.csv,part2a21_alpha_eligibility.csv,artifacts_part2_g532/predictions/g532_final_consensus_tape.csv
2024-09-13,-1.0,-3e-06,1,1,0.002844,1,0.084242,0,VOO,0.002844,0.002844,0.0,0.0,-3e-06,-0.001117,0.002844,0.1960439983538221,0.4385899195562426,1,ok,1,0,0.071848,0.1238,0.412744,0.84179,0.151522,part2a21_alpha_positions.csv,part2a21_alpha_eligibility.csv,artifacts_part2_g532/predictions/g532_final_consensus_tape.csv
2024-09-16,1.0,4e-06,1,1,0.002158,1,0.083803,0,VOO,0.002158,0.002158,0.000686,1e-06,5e-06,0.002281,0.002158,0.1851662170740049,0.3455000882712005,1,ok,1,0,0.074807,0.128787,0.422119,0.836838,0.150631,part2a21_alpha_positions.csv,part2a21_alpha_eligibility.csv,artifacts_part2_g532/predictions/g532_final_consensus_tape.csv
2024-09-17,1.0,2e-06,1,1,0.002158,1,0.094338,0,VOO,0.002158,0.002158,0.0,0.0,2e-06,0.001104,0.002158,0.1866804815693776,0.3579335845680791,1,ok,1,0,0.082253,0.13419,0.432278,0.829564,0.149322,part2a21_alpha_positions.csv,part2a21_alpha_eligibility.csv,artifacts_part2_g532/predictions/g532_final_consensus_tape.csv
2024-09-18,1.0,3.9e-05,1,1,0.002158,1,0.097051,0,VOO,0.002158,0.002158,0.0,0.0,3.9e-05,0.018107,0.002158,0.1885840894946955,0.3864547876948638,1,ok,1,0,0.078726,0.128256,0.421121,0.83546,0.150383,part2a21_alpha_positions.csv,part2a21_alpha_eligibility.csv,artifacts_part2_g532/predictions/g532_final_consensus_tape.csv
2024-09-19,-1.0,-4e-06,1,1,0.002158,1,0.093711,0,VOO,0.002158,0.002158,0.0,0.0,-4e-06,-0.00166,0.002158,0.1870353913165529,0.3607481449078178,1,ok,1,0,0.073076,0.118975,0.403673,0.84474,0.152053,part2a21_alpha_positions.csv,part2a21_alpha_eligibility.csv,artifacts_part2_g532/predictions/g532_final_consensus_tape.csv
2024-09-20,1.0,7e-06,1,1,0.002158,0,0.596785,0,VOO,0.002158,0.002158,0.0,0.0,7e-06,0.003069,0.002158,0.200642596032965,0.4927340214546822,1,ok,1,0,0.064737,0.087785,0.345035,0.871137,0.845824,part2a21_alpha_positions.csv,part2a21_alpha_eligibility.csv,artifacts_part2_g532/predictions/g532_final_consensus_tape.csv
2024-09-23,1.0,1.4e-05,1,1,0.015747,0,0.600987,0,VOO,0.015747,0.015747,0.01359,1.4e-05,2.8e-05,0.001754,0.015747,0.1903619646426116,0.3929188614798743,1,ok,1,0,0.063752,0.089001,0.347323,0.870697,0.845312,part2a21_alpha_positions.csv,part2a21_alpha_eligibility.csv,artifacts_part2_g532/predictions/g532_final_consensus_tape.csv
2024-09-24,1.0,3.2e-05,1,1,0.015747,0,0.605171,0,VOO,0.015747,0.015747,0.0,0.0,3.2e-05,0.002037,0.015747,0.1994980737293333,0.4683794728866666,1,ok,1,0,0.064128,0.087746,0.344962,0.871439,0.846221,part2a21_alpha_positions.csv,part2a21_alpha_eligibility.csv,artifacts_part2_g532/predictions/g532_final_consensus_tape.csv
2024-09-25,1.0,7.4e-05,1,1,0.015747,0,0.61249,0,VOO,0.015747,0.015747,0.0,0.0,7.4e-05,0.004683,0.015747,0.1999068702014986,0.4703079045842162,1,ok,1,0,0.062521,0.0921,0.353147,0.869001,0.843251,part2a21_alpha_positions.csv,part2a21_alpha_eligibility.csv,artifacts_part2_g532/predictions/g532_final_consensus_tape.csv
2024-09-26,-1.0,-8.3e-05,1,1,0.015747,0,0.623005,0,VOO,0.015747,0.015747,0.0,0.0,-8.3e-05,-0.005267,0.015747,0.1995959311116085,0.4612956058693969,1,ok,1,0,0.065975,0.091512,0.352043,0.867873,0.841733,part2a21_alpha_positions.csv,part2a21_alpha_eligibility.csv,artifacts_part2_g532/predictions/g532_final_consensus_tape.csv
2024-09-27,1.0,0.000112,1,1,0.015747,0,0.596886,0,VOO,0.015747,0.015747,0.0,0.0,0.000112,0.007098,0.015747,0.1909743322592969,0.3918363868378499,1,ok,1,0,0.072698,0.099512,0.367082,0.859041,0.830576,part2a21_alpha_positions.csv,part2a21_alpha_eligibility.csv,artifacts_part2_g532/predictions/g532_final_consensus_tape.csv
2024-09-30,-1.0,-0.000425,1,1,0.031421,0,0.593659,0,VOO,0.031421,0.031421,0.015674,1.6e-05,-0.000409,-0.013019,0.031421,0.1927337270139459,0.4174074972298139,1,ok,1,0,0.075559,0.102143,0.372029,0.855843,0.826535,part2a21_alpha_positions.csv,part2a21_alpha_eligibility.csv,artifacts_part2_g532/predictions/g532_final_consensus_tape.csv
2024-10-01,1.0,9.5e-05,1,1,0.031421,0,0.392244,0,VOO,0.031421,0.031421,0.0,0.0,9.5e-05,0.003028,0.031421,0.185705914294526,0.3643897922211538,1,ok,1,0,0.10922,0.170663,0.500847,0.79095,0.593212,part2a21_alpha_positions.csv,part2a21_alpha_eligibility.csv,artifacts_part2_g532/predictions/g532_final_consensus_tape.csv
2024-10-02,1.0,0.000101,1,1,0.031421,0,0.393019,0,VOO,0.031421,0.031421,0.0,0.0,0.000101,0.003224,0.031421,0.1821369260603605,0.681652266618222,1,ok,1,0,0.155568,0.139563,0.442379,0.792671,0.594503,part2a21_alpha_positions.csv,part2a21_alpha_eligibility.csv,artifacts_part2_g532/predictions/g532_final_consensus_tape.csv
2024-10-03,1.0,0.000593,1,1,0.031421,0,0.438108,0,VOO,0.031421,0.031421,0.0,0.0,0.000593,0.018872,0.031421,0.1864606154422138,0.6502657146662404,1,ok,1,0,0.154756,0.129361,0.423198,0.800444,0.600333,part2a21_alpha_positions.csv,part2a21_alpha_eligibility.csv,artifacts_part2_g532/predictions/g532_final_consensus_tape.csv
2024-10-04,-1.0,-0.00017,1,1,0.031421,0,0.400966,0,VOO,0.031421,0.031421,0.0,0.0,-0.00017,-0.005406,0.031421,0.1970691921428751,0.5983011100857621,1,ok,1,0,0.147782,0.118996,0.403713,0.811107,0.60833,part2a21_alpha_positions.csv,part2a21_alpha_eligibility.csv,artifacts_part2_g532/predictions/g532_final_consensus_tape.csv
2024-10-07,1.0,0.000177,1,1,0.021757,0,0.385114,0,VOO,0.021757,0.021757,0.009664,1e-05,0.000187,0.008589,0.021757,0.1815899992166713,0.6762198686436127,1,ok,1,0,0.15534,0.141766,0.446519,0.791175,0.593381,part2a21_alpha_positions.csv,part2a21_alpha_eligibility.csv,artifacts_part2_g532/predictions/g532_final_consensus_tape.csv
2024-10-08,1.0,0.00023,1,1,0.021757,0,0.379009,0,VOO,0.021757,0.021757,0.0,0.0,0.00023,0.010559,0.021757,0.1919987862148469,0.6115366218983205,1,ok,1,0,0.160999,0.143396,0.449584,0.787445,0.590584,part2a21_alpha_positions.csv,part2a21_alpha_eligibility.csv,artifacts_part2_g532/predictions/g532_final_consensus_tape.csv
2024-10-09,-1.0,-3.4e-05,1,1,0.021757,0,0.376689,0,VOO,0.021757,0.021757,0.0,0.0,-3.4e-05,-0.001575,0.021757,0.1949661853384762,0.6033559884546653,1,ok,1,0,0.155525,0.137262,0.438052,0.794362,0.595771,part2a21_alpha_positions.csv,part2a21_alpha_eligibility.csv,artifacts_part2_g532/predictions/g532_final_consensus_tape.csv
2024-10-10,1.0,0.000122,1,1,0.021757,0,0.372535,0,VOO,0.021757,0.021757,0.0,0.0,0.000122,0.005618,0.021757,0.1849695663239139,0.6524413198507036,1,ok,1,0,0.152391,0.146779,0.455945,0.788862,0.591647,part2a21_alpha_positions.csv,part2a21_alpha_eligibility.csv,artifacts_part2_g532/predictions/g532_final_consensus_tape.csv
2024-10-11,1.0,0.000216,1,1,0.021757,0,0.389258,0,VOO,0.021757,0.021757,0.0,0.0,0.000216,0.009926,0.021757,0.1908968486640154,0.6151552567879343,1,ok,1,0,0.145992,0.120017,0.405631,0.811172,0.608379,part2a21_alpha_positions.csv,part2a21_alpha_eligibility.csv,artifacts_part2_g532/predictions/g532_final_consensus_tape.csv
2024-10-14,-1.0,-0.000276,1,1,0.021607,0,0.387152,0,VOO,0.021607,0.021607,0.00015,0.0,-0.000276,-0.012752,0.021607,0.1839063413513371,0.6545039843278422,1,ok,1,0,0.132553,0.126981,0.418725,0.812163,0.609122,part2a21_alpha_positions.csv,part2a21_alpha_eligibility.csv,artifacts_part2_g532/predictions/g532_final_consensus_tape.csv
2024-10-15,1.0,5.7e-05,1,1,0.021607,0,0.383412,0,VOO,0.021607,0.021607,0.0,0.0,5.7e-05,0.002636,0.021607,0.1842603948591179,0.6444166864715614,1,ok,1,0,0.144443,0.132902,0.429856,0.802514,0.601885,part2a21_alpha_positions.csv,part2a21_alpha_eligibility.csv,artifacts_part2_g532/predictions/g532_final_consensus_tape.csv
2024-10-16,1.0,0.000116,1,1,0.021607,0,0.378762,0,VOO,0.021607,0.021607,0.0,0.0,0.000116,0.005354,0.021607,0.1872336610112653,0.6244918929720611,1,ok,1,0,0.147422,0.144214,0.451122,0.792961,0.594721,part2a21_alpha_positions.csv,part2a21_alpha_eligibility.csv,artifacts_part2_g532/predictions/g532_final_consensus_tape.csv
2024-10-17,1.0,5.8e-05,1,1,0.021607,0,0.378488,0,VOO,0.021607,0.021607,0.0,0.0,5.8e-05,0.002693,0.021607,0.1905247140516276,0.6023980189919516,1,ok,1,0,0.147588,0.144653,0.451948,0.792567,0.594425,part2a21_alpha_positions.csv,part2a21_alpha_eligibility.csv,artifacts_part2_g532/predictions/g532_final_consensus_tape.csv
2024-10-18,1.0,0.000134,1,1,0.021607,0,0.405057,0,VOO,0.021607,0.021607,0.0,0.0,0.000134,0.006198,0.021607,0.205438017914884,0.5415361545119549,1,ok,1,0,0.151887,0.142371,0.447658,0.792289,0.594217,part2a21_alpha_positions.csv,part2a21_alpha_eligibility.csv,artifacts_part2_g532/predictions/g532_final_consensus_tape.csv
2024-10-21,1.0,4e-06,1,1,0.020261,0,0.417448,0,VOO,0.020261,0.020261,0.001346,1e-06,5e-06,0.000256,0.020261,0.2230454579673214,0.4559993811348229,1,ok,1,0,0.134565,0.144006,0.450731,0.798897,0.599173,part2a21_alpha_positions.csv,part2a21_alpha_eligibility.csv,artifacts_part2_g532/predictions/g532_final_consensus_tape.csv
2024-10-22,-1.0,-0.000139,1,1,0.020261,0,0.422525,0,VOO,0.020261,0.020261,0.0,0.0,-0.000139,-0.006846,0.020261,0.1991995051302762,0.5574488769390216,1,ok,1,0,0.146054,0.131,0.426279,0.80317,0.602378,part2a21_alpha_positions.csv,part2a21_alpha_eligibility.csv,artifacts_part2_g532/predictions/g532_final_consensus_tape.csv
2024-10-23,1.0,1e-06,1,1,0.020261,0,0.425442,0,VOO,0.020261,0.020261,0.0,0.0,1e-06,4.6e-05,0.020261,0.2096209254538754,0.5053887004562705,1,ok,1,0,0.133056,0.129072,0.422655,0.810419,0.607814,part2a21_alpha_positions.csv,part2a21_alpha_eligibility.csv,artifacts_part2_g532/predictions/g532_final_consensus_tape.csv
2024-10-24,1.0,3.7e-05,1,1,0.020261,0,0.423183,0,VOO,0.020261,0.020261,0.0,0.0,3.7e-05,0.001816,0.020261,0.2033426282710715,0.5483666339180487,1,ok,1,0,0.153199,0.125153,0.415288,0.804199,0.603149,part2a21_alpha_positions.csv,part2a21_alpha_eligibility.csv,artifacts_part2_g532/predictions/g532_final_consensus_tape.csv
2024-10-25,1.0,0.00011,1,1,0.020261,0,0.420845,0,VOO,0.020261,0.020261,0.0,0.0,0.00011,0.005435,0.020261,0.1911436523169309,0.6219377039887344,1,ok,1,0,0.157875,0.136507,0.436633,0.793852,0.595389,part2a21_alpha_positions.csv,part2a21_alpha_eligibility.csv,artifacts_part2_g532/predictions/g532_final_consensus_tape.csv
2024-10-28,1.0,2.4e-05,1,1,0.022925,0,0.440803,0,VOO,0.022925,0.022925,0.002664,3e-06,2.7e-05,0.001168,0.022925,0.2213273429786375,0.4941051935355365,1,ok,1,0,0.140959,0.123734,0.412621,0.810737,0.608053,part2a21_alpha_positions.csv,part2a21_alpha_eligibility.csv,artifacts_part2_g532/predictions/g532_final_consensus_tape.csv
2024-10-29,-1.0,-3.5e-05,1,1,0.022925,0,0.474927,0,VOO,0.022925,0.022925,0.0,0.0,-3.5e-05,-0.001536,0.022925,0.1816045572676601,0.6802728238432217,1,ok,1,0,0.172948,0.140148,0.443479,0.784426,0.588319,part2a21_alpha_positions.csv,part2a21_alpha_eligibility.csv,artifacts_part2_g532/predictions/g532_final_consensus_tape.csv
2024-10-30,-1.0,-0.000443,1,1,0.022925,0,0.496209,0,VOO,0.022925,0.022925,0.0,0.0,-0.000443,-0.019343,0.022925,0.201563848550015,0.3879266353995851,1,ok,1,0,0.107826,0.124268,0.413623,0.82526,0.618945,part2a21_alpha_positions.csv,part2a21_alpha_eligibility.csv,artifacts_part2_g532/predictions/g532_final_consensus_tape.csv
2024-10-31,1.0,0.000236,1,1,0.022925,0,0.407947,0,VOO,0.022925,0.022925,0.0,0.0,0.000236,0.010273,0.022925,0.2000443407297983,0.3876411713425532,1,ok,1,0,0.114411,0.155562,0.472457,0.799577,0.599682,part2a21_alpha_positions.csv,part2a21_alpha_eligibility.csv,artifacts_part2_g532/predictions/g532_final_consensus_tape.csv
2024-11-01,-1.0,-0.000172,1,1,0.022925,0,0.396412,0,VOO,0.022925,0.022925,0.0,0.0,-0.000172,-0.007498,0.022925,0.2184100540296407,0.4785662660304171,1,ok,1,0,0.12686,0.143409,0.449609,0.802798,0.602099,part2a21_alpha_positions.csv,part2a21_alpha_eligibility.csv,artifacts_part2_g532/predictions/g532_final_consensus_tape.csv
2024-11-04,1.0,0.000379,1,1,0.034159,0,0.395809,0,VOO,0.034159,0.034159,0.011234,1.1e-05,0.00039,0.011425,0.034159,0.1923929068951097,0.329128877480442,1,ok,1,0,0.114934,0.154967,0.471338,0.799774,0.59983,part2a21_alpha_positions.csv,part2a21_alpha_eligibility.csv,artifacts_part2_g532/predictions/g532_final_consensus_tape.csv
2024-11-05,1.0,0.001194,1,1,0.034159,0,0.382394,0,VOO,0.034159,0.034159,0.0,0.0,0.001194,0.034945,0.034159,0.1867809966044296,0.313055884920242,1,ok,1,0,0.111162,0.150287,0.46254,0.804869,0.603651,part2a21_alpha_positions.csv,part2a21_alpha_eligibility.csv,artifacts_part2_g532/predictions/g532_final_consensus_tape.csv
2024-11-06,-1.0,-9e-06,1,1,0.034159,0,0.325921,0,VOO,0.034159,0.034159,0.0,0.0,-9e-06,-0.000255,0.034159,0.176618521939573,0.2320130689918983,1,ok,1,0,0.101403,0.130502,0.425344,0.823624,0.617718,part2a21_alpha_positions.csv,part2a21_alpha_eligibility.csv,artifacts_part2_g532/predictions/g532_final_consensus_tape.csv
2024-11-07,1.0,7.8e-05,1,1,0.034159,0,0.313838,0,VOO,0.034159,0.034159,0.0,0.0,7.8e-05,0.002285,0.034159,0.1728912383086221,0.195175259234868,1,ok,1,0,0.121111,0.160019,0.480835,0.793327,0.594995,part2a21_alpha_positions.csv,part2a21_alpha_eligibility.csv,artifacts_part2_g532/predictions/g532_final_consensus_tape.csv
2024-11-08,1.0,0.000122,1,1,0.034159,0,0.331842,0,VOO,0.034159,0.034159,0.0,0.0,0.000122,0.003582,0.034159,0.1768502837407874,0.2246793834434916,1,ok,1,0,0.089311,0.117272,0.400472,0.83867,0.629003,part2a21_alpha_positions.csv,part2a21_alpha_eligibility.csv,artifacts_part2_g532/predictions/g532_final_consensus_tape.csv
2024-11-11,1.0,6.9e-05,1,1,0.023897,0,0.331385,0,VOO,0.023897,0.023897,0.010261,1e-05,7.9e-05,0.003298,0.023897,0.1722603991043424,0.1966766704432648,1,ok,1,0,0.087879,0.120267,0.406102,0.83714,0.627855,part2a21_alpha_positions.csv,part2a21_alpha_eligibility.csv,artifacts_part2_g532/predictions/g532_final_consensus_tape.csv
2024-11-12,1.0,2.8e-05,1,1,0.023897,0,0.434258,0,VOO,0.023897,0.023897,0.0,0.0,2.8e-05,0.001153,0.023897,0.185640334962181,0.2875523537280941,1,ok,1,0,0.086177,0.100093,0.368174,0.852553,0.822123,part2a21_alpha_positions.csv,part2a21_alpha_eligibility.csv,artifacts_part2_g532/predictions/g532_final_consensus_tape.csv
2024-11-13,-1.0,-0.00015,1,1,0.023897,0,0.433301,0,VOO,0.023897,0.023897,0.0,0.0,-0.00015,-0.00627,0.023897,0.1764935224291596,0.2301891792854958,1,ok,1,0,0.088249,0.103418,0.374427,0.849206,0.817942,part2a21_alpha_positions.csv,part2a21_alpha_eligibility.csv,artifacts_part2_g532/predictions/g532_final_consensus_tape.csv
2024-11-14,-1.0,-0.000321,1,1,0.023897,0,0.355414,0,VOO,0.023897,0.023897,0.0,0.0,-0.000321,-0.013417,0.023897,0.1852586568150369,0.281818005849941,1,ok,1,0,0.09384,0.11825,0.402311,0.835922,0.626942,part2a21_alpha_positions.csv,part2a21_alpha_eligibility.csv,artifacts_part2_g532/predictions/g532_final_consensus_tape.csv
2024-11-15,1.0,4.5e-05,1,1,0.023897,0,0.33365,0,VOO,0.023897,0.023897,0.0,0.0,4.5e-05,0.001885,0.023897,0.1969014043205018,0.3821629252096921,1,ok,1,0,0.108331,0.133682,0.431322,0.818198,0.613648,part2a21_alpha_positions.csv,part2a21_alpha_eligibility.csv,artifacts_part2_g532/predictions/g532_final_consensus_tape.csv
2024-11-18,1.0,4e-05,1,1,0.031325,0,0.337033,0,VOO,0.031325,0.031325,0.007428,7e-06,4.7e-05,0.001501,0.031325,0.1935264761909089,0.3453355848284019,1,ok,1,0,0.111732,0.139741,0.442713,0.812269,0.609201,part2a21_alpha_positions.csv,part2a21_alpha_eligibility.csv,artifacts_part2_g532/predictions/g532_final_consensus_tape.csv
2024-11-19,1.0,5.8e-05,1,1,0.031325,0,0.342307,0,VOO,0.031325,0.031325,0.0,0.0,5.8e-05,0.001863,0.031325,0.2032010720448836,0.4275649102544746,1,ok,1,0,0.11148,0.13322,0.430454,0.817116,0.612837,part2a21_alpha_positions.csv,part2a21_alpha_eligibility.csv,artifacts_part2_g532/predictions/g532_final_consensus_tape.csv
2024-11-20,1.0,0.000174,1,1,0.031325,0,0.469407,0,VOO,0.031325,0.031325,0.0,0.0,0.000174,0.005569,0.031325,0.2243476690840237,0.498534101904561,1,ok,1,0,0.071938,0.128612,0.421791,0.838255,0.628692,part2a21_alpha_positions.csv,part2a21_alpha_eligibility.csv,artifacts_part2_g532/predictions/g532_final_consensus_tape.csv
2024-11-21,1.0,8.5e-05,1,1,0.031325,0,0.437328,0,VOO,0.031325,0.031325,0.0,0.0,8.5e-05,0.002707,0.031325,0.198566754649129,0.3591973707573965,1,ok,1,0,0.128135,0.155892,0.473078,0.793161,0.594871,part2a21_alpha_positions.csv,part2a21_alpha_eligibility.csv,artifacts_part2_g532/predictions/g532_final_consensus_tape.csv
2024-11-22,-1.0,-0.000236,1,1,0.031325,0,0.46557,0,VOO,0.031325,0.031325,0.0,0.0,-0.000236,-0.007523,0.031325,0.1915975888031408,0.3025884904735205,1,ok,1,0,0.091184,0.107198,0.381533,0.845141,0.633856,part2a21_alpha_positions.csv,part2a21_alpha_eligibility.csv,artifacts_part2_g532/predictions/g532_final_consensus_tape.csv
2024-11-25,1.0,0.000246,1,1,0.03199,0,0.45167,0,VOO,0.03199,0.03199,0.000665,1e-06,0.000247,0.007708,0.03199,0.1875252931998133,0.2662607513168983,1,ok,1,0,0.101453,0.117821,0.401503,0.832808,0.624606,part2a21_alpha_positions.csv,part2a21_alpha_eligibility.csv,artifacts_part2_g532/predictions/g532_final_consensus_tape.csv
2024-11-26,-1.0,-0.000231,1,1,0.03199,0,0.443766,0,VOO,0.03199,0.03199,0.0,0.0,-0.000231,-0.007209,0.03199,0.1944515338852421,0.328672245367386,1,ok,1,0,0.095058,0.116766,0.399519,0.836452,0.627339,part2a21_alpha_positions.csv,part2a21_alpha_eligibility.csv,artifacts_part2_g532/predictions/g532_final_consensus_tape.csv
2024-11-27,0.0,0.0,1,1,0.03199,0,0.449327,0,VOO,0.03199,0.03199,0.0,0.0,0.0,0.0,0.03199,0.215698569913274,0.5291548562520442,1,ok,1,0,0.043664,0.118641,0.403045,0.858218,0.643664,part2a21_alpha_positions.csv,part2a21_alpha_eligibility.csv,artifacts_part2_g532/predictions/g532_final_consensus_tape.csv
2024-11-28,1.0,3.3e-05,1,1,0.03199,0,0.451946,0,VOO,0.03199,0.03199,0.0,0.0,3.3e-05,0.001043,0.03199,0.19505368391575,0.3902319217347865,1,ok,1,0,0.066104,0.109513,0.385884,0.854747,0.64106,part2a21_alpha_positions.csv,part2a21_alpha_eligibility.csv,artifacts_part2_g532/predictions/g532_final_consensus_tape.csv
2024-11-29,1.0,9.3e-05,1,1,0.03199,0,0.635461,0,VOO,0.03199,0.03199,0.0,0.0,9.3e-05,0.002899,0.03199,0.1923341865915685,0.3805379560090958,1,ok,1,0,0.066192,0.10351,0.374599,0.859065,0.830831,part2a21_alpha_positions.csv,part2a21_alpha_eligibility.csv,artifacts_part2_g532/predictions/g532_final_consensus_tape.csv
2024-12-02,1.0,0.000101,1,1,0.033318,0,0.638234,0,VOO,0.033318,0.033318,0.001328,1e-06,0.000103,0.003084,0.033318,0.1914056472583477,0.3802419204719269,1,ok,1,0,0.064922,0.09864,0.365443,0.863172,0.835949,part2a21_alpha_positions.csv,part2a21_alpha_eligibility.csv,artifacts_part2_g532/predictions/g532_final_consensus_tape.csv
2024-12-03,1.0,8.3e-05,1,1,0.033318,0,0.636539,0,VOO,0.033318,0.033318,0.0,0.0,8.3e-05,0.002487,0.033318,0.1939944019705165,0.3871261619012199,1,ok,1,0,0.066631,0.097795,0.363855,0.863017,0.835697,part2a21_alpha_positions.csv,part2a21_alpha_eligibility.csv,artifacts_part2_g532/predictions/g532_final_consensus_tape.csv
2024-12-04,-1.0,-5.2e-05,1,1,0.033318,0,0.641495,0,VOO,0.033318,0.033318,0.0,0.0,-5.2e-05,-0.001561,0.033318,0.1907689073203456,0.3669940024083364,1,ok,1,0,0.061102,0.093481,0.355744,0.868637,0.842849,part2a21_alpha_positions.csv,part2a21_alpha_eligibility.csv,artifacts_part2_g532/predictions/g532_final_consensus_tape.csv
2024-12-05,-1.0,-3.9e-05,1,1,0.033318,0,0.492629,0,VOO,0.033318,0.033318,0.0,0.0,-3.9e-05,-0.001166,0.033318,0.1917010242692164,0.3663036841163542,1,ok,1,0,0.070343,0.107583,0.382257,0.85424,0.64068,part2a21_alpha_positions.csv,part2a21_alpha_eligibility.csv,artifacts_part2_g532/predictions/g532_final_consensus_tape.csv
2024-12-06,-1.0,-5.8e-05,1,1,0.033318,0,0.487179,0,VOO,0.033318,0.033318,0.0,0.0,-5.8e-05,-0.001751,0.033318,0.1900816695522664,0.3695976610148662,1,ok,1,0,0.074944,0.120868,0.407231,0.842526,0.631894,part2a21_alpha_positions.csv,part2a21_alpha_eligibility.csv,artifacts_part2_g532/predictions/g532_final_consensus_tape.csv
2024-12-09,-1.0,-7e-05,1,1,0.050298,0,0.662144,0,VOO,0.050298,0.050298,0.01698,1.7e-05,-5.3e-05,-0.001054,0.050298,0.1989420828815769,0.4273534766415655,1,ok,1,0,0.068206,0.105134,0.377652,0.85698,0.828189,part2a21_alpha_positions.csv,part2a21_alpha_eligibility.csv,artifacts_part2_g532/predictions/g532_final_consensus_tape.csv
2024-12-10,1.0,0.000528,1,1,0.050298,0,0.534914,0,VOO,0.050298,0.050298,0.0,0.0,0.000528,0.010507,0.050298,0.2023048139687508,0.4465439937634745,1,ok,1,0,0.0715,0.110443,0.387632,0.851643,0.638733,part2a21_alpha_positions.csv,part2a21_alpha_eligibility.csv,artifacts_part2_g532/predictions/g532_final_consensus_tape.csv
2024-12-11,-1.0,-6.8e-05,1,1,0.050298,0,0.508835,0,VOO,0.050298,0.050298,0.0,0.0,-6.8e-05,-0.001352,0.050298,0.1962832362677359,0.4076311892932023,1,ok,1,0,0.083267,0.122731,0.410734,0.837428,0.628071,part2a21_alpha_positions.csv,part2a21_alpha_eligibility.csv,artifacts_part2_g532/predictions/g532_final_consensus_tape.csv
2024-12-12,1.0,0.000232,1,1,0.050298,0,0.667731,0,VOO,0.050298,0.050298,0.0,0.0,0.000232,0.004613,0.050298,0.1983707029446095,0.4237763679205761,1,ok,1,0,0.074014,0.101843,0.371464,0.856756,0.827714,part2a21_alpha_positions.csv,part2a21_alpha_eligibility.csv,artifacts_part2_g532/predictions/g532_final_consensus_tape.csv
2024-12-13,1.0,0.000181,1,1,0.050298,0,0.504941,0,VOO,0.050298,0.050298,0.0,0.0,0.000181,0.003596,0.050298,0.1962602355170895,0.4100447632417826,1,ok,1,0,0.087125,0.116167,0.398394,0.840457,0.630343,part2a21_alpha_positions.csv,part2a21_alpha_eligibility.csv,artifacts_part2_g532/predictions/g532_final_consensus_tape.csv
2024-12-16,-1.0,-0.00018,1,1,0.040624,0,0.507046,0,VOO,0.040624,0.040624,0.009675,1e-05,-0.000171,-0.004204,0.040624,0.2136481734819131,0.5309246614327926,1,ok,1,0,0.05853,0.127268,0.419264,0.845265,0.633949,part2a21_alpha_positions.csv,part2a21_alpha_eligibility.csv,artifacts_part2_g532/predictions/g532_final_consensus_tape.csv
2024-12-17,-1.0,-0.000896,1,1,0.040624,0,0.47415,0,VOO,0.040624,0.040624,0.0,0.0,-0.000896,-0.022044,0.040624,0.2050747854556689,0.4568466959306894,1,ok,1,0,0.107352,0.15156,0.464933,0.805659,0.604244,part2a21_alpha_positions.csv,part2a21_alpha_eligibility.csv,artifacts_part2_g532/predictions/g532_final_consensus_tape.csv
2024-12-18,1.0,0.000169,1,1,0.040624,0,0.387484,0,VOO,0.040624,0.040624,0.0,0.0,0.000169,0.004171,0.040624,0.1907290714666663,0.3165700966203937,1,ok,1,0,0.091276,0.179385,0.517244,0.792692,0.594519,part2a21_alpha_positions.csv,part2a21_alpha_eligibility.csv,artifacts_part2_g532/predictions/g532_final_consensus_tape.csv
2024-12-19,1.0,0.000308,1,1,0.040624,0,0.385221,0,VOO,0.040624,0.040624,0.0,0.0,0.000308,0.007577,0.040624,0.1990058513736892,0.3942628027325862,1,ok,1,0,0.097107,0.173876,0.506887,0.794068,0.595551,part2a21_alpha_positions.csv,part2a21_alpha_eligibility.csv,artifacts_part2_g532/predictions/g532_final_consensus_tape.csv
2024-12-20,1.0,0.00047,1,1,0.040624,0,0.395302,0,VOO,0.040624,0.040624,0.0,0.0,0.00047,0.01157,0.040624,0.2342813898015305,0.61008767755702,1,ok,1,0,0.067108,0.145339,0.453238,0.828285,0.621214,part2a21_alpha_positions.csv,part2a21_alpha_eligibility.csv,artifacts_part2_g532/predictions/g532_final_consensus_tape.csv
2024-12-23,1.0,0.000249,1,1,0.027112,0,0.387299,0,VOO,0.027112,0.027112,0.013512,1.4e-05,0.000263,0.009694,0.027112,0.2320577332861245,0.6023208450173659,1,ok,1,0,0.066849,0.138255,0.43992,0.833545,0.625159,part2a21_alpha_positions.csv,part2a21_alpha_eligibility.csv,artifacts_part2_g532/predictions/g532_final_consensus_tape.csv
2024-12-24,0.0,0.0,1,1,0.027112,0,0.385663,0,VOO,0.027112,0.027112,0.0,0.0,0.0,0.0,0.027112,0.2012819918673744,0.4398822104100639,1,ok,1,0,0.090207,0.115255,0.39668,0.839731,0.629798,part2a21_alpha_positions.csv,part2a21_alpha_eligibility.csv,artifacts_part2_g532/predictions/g532_final_consensus_tape.csv
2024-12-25,-1.0,-2.1e-05,1,1,0.027112,0,0.366357,0,VOO,0.027112,0.027112,0.0,0.0,-2.1e-05,-0.000777,0.027112,0.2058847087809947,0.4158284808420266,1,ok,1,0,0.172052,0.139616,0.442478,0.785215,0.588912,part2a21_alpha_positions.csv,part2a21_alpha_eligibility.csv,artifacts_part2_g532/predictions/g532_final_consensus_tape.csv
2024-12-26,-1.0,-0.000212,1,1,0.027112,0,0.369991,0,VOO,0.027112,0.027112,0.0,0.0,-0.000212,-0.007816,0.027112,0.2077810297261802,0.4404357449099512,1,ok,1,0,0.161863,0.135912,0.435514,0.792489,0.594367,part2a21_alpha_positions.csv,part2a21_alpha_eligibility.csv,artifacts_part2_g532/predictions/g532_final_consensus_tape.csv
2024-12-27,-1.0,-0.000462,1,1,0.027112,0,0.364211,0,VOO,0.027112,0.027112,0.0,0.0,-0.000462,-0.017042,0.027112,0.2052845637662115,0.4114245781356613,1,ok,1,0,0.172339,0.13199,0.428142,0.790622,0.592967,part2a21_alpha_positions.csv,part2a21_alpha_eligibility.csv,artifacts_part2_g532/predictions/g532_final_consensus_tape.csv
2024-12-30,-1.0,-5.2e-05,1,1,0.021,0,0.197959,0,VOO,0.021,0.021,0.006112,6e-06,-4.6e-05,-0.0022,0.021,0.204425359688234,0.4055104232852987,1,ok,1,0,0.212063,0.160702,0.48212,0.751902,0.338356,part2a21_alpha_positions.csv,part2a21_alpha_eligibility.csv,artifacts_part2_g532/predictions/g532_final_consensus_tape.csv
2024-12-31,0.0,0.0,1,1,0.021,0,0.332869,0,VOO,0.021,0.021,0.0,0.0,0.0,0.0,0.021,0.2073523107569211,0.4521413120940427,1,ok,1,0,0.174329,0.175969,0.510823,0.757798,0.568349,part2a21_alpha_positions.csv,part2a21_alpha_eligibility.csv,artifacts_part2_g532/predictions/g532_final_consensus_tape.csv
2025-01-01,-1.0,-6.4e-05,1,1,0.021,0,0.218172,0,VOO,0.021,0.021,0.0,0.0,-6.4e-05,-0.003049,0.021,0.201690028322249,0.3932867812140713,1,ok,1,0,0.202692,0.172102,0.503551,0.747843,0.336529,part2a21_alpha_positions.csv,part2a21_alpha_eligibility.csv,artifacts_part2_g532/predictions/g532_final_consensus_tape.csv
2025-01-02,1.0,0.000304,1,1,0.021,0,0.220814,0,VOO,0.021,0.021,0.0,0.0,0.000304,0.014453,0.021,0.2055302859970634,0.4297244824803253,1,ok,1,0,0.203235,0.160923,0.482535,0.755714,0.340071,part2a21_alpha_positions.csv,part2a21_alpha_eligibility.csv,artifacts_part2_g532/predictions/g532_final_consensus_tape.csv
2025-01-03,1.0,0.000142,1,1,0.021,0,0.368734,0,VOO,0.021,0.021,0.0,0.0,0.000142,0.006781,0.021,0.2066360497888446,0.4318779644450837,1,ok,1,0,0.169768,0.139822,0.442865,0.786094,0.58957,part2a21_alpha_positions.csv,part2a21_alpha_eligibility.csv,artifacts_part2_g532/predictions/g532_final_consensus_tape.csv
2025-01-06,-1.0,-0.000171,1,1,0.024837,0,0.383138,0,VOO,0.024837,0.024837,0.003836,4e-06,-0.000168,-0.00675,0.024837,0.2106452254910247,0.4518858323400638,1,ok,1,0,0.145923,0.135452,0.43465,0.799996,0.599997,part2a21_alpha_positions.csv,part2a21_alpha_eligibility.csv,artifacts_part2_g532/predictions/g532_final_consensus_tape.csv
2025-01-07,-1.0,-1e-05,1,1,0.024837,0,0.2212,0,VOO,0.024837,0.024837,0.0,0.0,-1e-05,-0.000393,0.024837,0.2007634501702453,0.3965927269924398,1,ok,1,0,0.210316,0.1579,0.476851,0.754723,0.339625,part2a21_alpha_positions.csv,part2a21_alpha_eligibility.csv,artifacts_part2_g532/predictions/g532_final_consensus_tape.csv
2025-01-08,0.0,0.0,1,1,0.024837,0,0.221956,0,VOO,0.024837,0.024837,0.0,0.0,0.0,0.0,0.024837,0.2044635144883975,0.4282256279934507,1,ok,1,0,0.204926,0.158018,0.477074,0.757062,0.340678,part2a21_alpha_positions.csv,part2a21_alpha_eligibility.csv,artifacts_part2_g532/predictions/g532_final_consensus_tape.csv
2025-01-09,-1.0,-0.000199,1,1,0.024837,0,0.221535,0,VOO,0.024837,0.024837,0.0,0.0,-0.000199,-0.008025,0.024837,0.2038321324005189,0.4163828163339096,1,ok,1,0,0.203626,0.160247,0.481264,0.756029,0.340213,part2a21_alpha_positions.csv,part2a21_alpha_eligibility.csv,artifacts_part2_g532/predictions/g532_final_consensus_tape.csv
2025-01-10,1.0,7.6e-05,1,1,0.024837,0,0.211447,0,VOO,0.024837,0.024837,0.0,0.0,7.6e-05,0.003045,0.024837,0.2094212664193973,0.484500944451501,1,ok,1,0,0.249437,0.178561,0.515694,0.722118,0.324953,part2a21_alpha_positions.csv,part2a21_alpha_eligibility.csv,artifacts_part2_g532/predictions/g532_final_consensus_tape.csv
2025-01-13,1.0,2.2e-05,1,1,0.041101,0,0.403649,0,VOO,0.041101,0.041101,0.016264,1.6e-05,3.9e-05,0.000942,0.041101,0.2184189304953268,0.5205176224960494,1,ok,1,0,0.184145,0.163723,0.4878,0.762272,0.571704,part2a21_alpha_positions.csv,part2a21_alpha_eligibility.csv,artifacts_part2_g532/predictions/g532_final_consensus_tape.csv
2025-01-14,1.0,0.000315,1,1,0.041101,0,0.409178,0,VOO,0.041101,0.041101,0.0,0.0,0.000315,0.007654,0.041101,0.2115059853537537,0.4789471916065985,1,ok,1,0,0.16303,0.165422,0.490994,0.77054,0.577905,part2a21_alpha_positions.csv,part2a21_alpha_eligibility.csv,artifacts_part2_g532/predictions/g532_final_consensus_tape.csv
2025-01-15,-1.0,-0.000159,1,1,0.041101,0,0.411316,0,VOO,0.041101,0.041101,0.0,0.0,-0.000159,-0.003872,0.041101,0.2102954672570411,0.4454486205381756,1,ok,1,0,0.151486,0.150249,0.462469,0.78675,0.590063,part2a21_alpha_positions.csv,part2a21_alpha_eligibility.csv,artifacts_part2_g532/predictions/g532_final_consensus_tape.csv
2025-01-16,1.0,0.000361,1,1,0.041101,0,0.404314,0,VOO,0.041101,0.041101,0.0,0.0,0.000361,0.008788,0.041101,0.2084768866980291,0.4471081201901466,1,ok,1,0,0.160451,0.160077,0.480946,0.775581,0.581686,part2a21_alpha_positions.csv,part2a21_alpha_eligibility.csv,artifacts_part2_g532/predictions/g532_final_consensus_tape.csv
2025-01-17,0.0,0.0,1,1,0.041101,0,0.434385,0,VOO,0.041101,0.041101,0.0,0.0,0.0,0.0,0.041101,0.2081091262249315,0.420184465920306,1,ok,1,0,0.148184,0.140709,0.444534,0.795162,0.596372,part2a21_alpha_positions.csv,part2a21_alpha_eligibility.csv,artifacts_part2_g532/predictions/g532_final_consensus_tape.csv
2025-01-20,1.0,0.000202,1,1,0.03618,0,0.439155,0,VOO,0.03618,0.03618,0.004921,5e-06,0.000207,0.005711,0.03618,0.2147939378976913,0.473088347135084,1,ok,1,0,0.152465,0.145817,0.454137,0.789528,0.592146,part2a21_alpha_positions.csv,part2a21_alpha_eligibility.csv,artifacts_part2_g532/predictions/g532_final_consensus_tape.csv
2025-01-21,1.0,0.000299,1,1,0.03618,0,0.446506,0,VOO,0.03618,0.03618,0.0,0.0,0.000299,0.008256,0.03618,0.2020339863606735,0.3632404745998063,1,ok,1,0,0.16494,0.137251,0.438032,0.790133,0.5926,part2a21_alpha_positions.csv,part2a21_alpha_eligibility.csv,artifacts_part2_g532/predictions/g532_final_consensus_tape.csv
2025-01-22,1.0,0.000294,1,1,0.03618,0,0.436559,0,VOO,0.03618,0.03618,0.0,0.0,0.000294,0.008124,0.03618,0.2009470980932134,0.8065846396977797,1,ok,1,0,0.16952,0.139301,0.441885,0.786584,0.589938,part2a21_alpha_positions.csv,part2a21_alpha_eligibility.csv,artifacts_part2_g532/predictions/g532_final_consensus_tape.csv
2025-01-23,-1.0,-0.000184,1,1,0.03618,0,0.438778,0,VOO,0.03618,0.03618,0.0,0.0,-0.000184,-0.005076,0.03618,0.207449344855963,0.7369633011407918,1,ok,1,0,0.137614,0.142068,0.447088,0.798932,0.599199,part2a21_alpha_positions.csv,part2a21_alpha_eligibility.csv,artifacts_part2_g532/predictions/g532_final_consensus_tape.csv
2025-01-24,-1.0,-0.000741,1,1,0.03618,0,0.465703,0,VOO,0.03618,0.03618,0.0,0.0,-0.000741,-0.020483,0.03618,0.2014015907659312,0.7887046703546874,1,ok,1,0,0.134302,0.108382,0.383758,0.824879,0.618659,part2a21_alpha_positions.csv,part2a21_alpha_eligibility.csv,artifacts_part2_g532/predictions/g532_final_consensus_tape.csv
2025-01-27,1.0,0.000343,1,1,0.04236,0,0.380685,0,VOO,0.04236,0.04236,0.00618,6e-06,0.000349,0.008239,0.04236,0.2094709616061301,0.6986954725837564,1,ok,1,0,0.124246,0.145408,0.453368,0.802523,0.601892,part2a21_alpha_positions.csv,part2a21_alpha_eligibility.csv,artifacts_part2_g532/predictions/g532_final_consensus_tape.csv
2025-01-28,-1.0,-0.000136,1,1,0.04236,0,0.377489,0,VOO,0.04236,0.04236,0.0,0.0,-0.000136,-0.003217,0.04236,0.2116261180835608,0.6803407231006297,1,ok,1,0,0.119982,0.144957,0.452519,0.80477,0.603577,part2a21_alpha_positions.csv,part2a21_alpha_eligibility.csv,artifacts_part2_g532/predictions/g532_final_consensus_tape.csv
2025-01-29,1.0,0.00013,1,1,0.04236,0,0.384649,0,VOO,0.04236,0.04236,0.0,0.0,0.00013,0.00306,0.04236,0.2095914062202287,0.7128580188914381,1,ok,1,0,0.109337,0.136478,0.436578,0.815715,0.611787,part2a21_alpha_positions.csv,part2a21_alpha_eligibility.csv,artifacts_part2_g532/predictions/g532_final_consensus_tape.csv
2025-01-30,-1.0,-0.000159,1,1,0.04236,0,0.389397,0,VOO,0.04236,0.04236,0.0,0.0,-0.000159,-0.003742,0.04236,0.2076454247479404,0.7428067001237081,1,ok,1,0,0.105671,0.130177,0.424733,0.821939,0.616454,part2a21_alpha_positions.csv,part2a21_alpha_eligibility.csv,artifacts_part2_g532/predictions/g532_final_consensus_tape.csv
2025-01-31,-1.0,-0.000309,1,1,0.04236,0,0.387394,0,VOO,0.04236,0.04236,0.0,0.0,-0.000309,-0.007293,0.04236,0.2079880443839664,0.7417442189841417,1,ok,1,0,0.113699,0.14361,0.449987,0.808574,0.606431,part2a21_alpha_positions.csv,part2a21_alpha_eligibility.csv,artifacts_part2_g532/predictions/g532_final_consensus_tape.csv
2025-02-03,1.0,0.000114,1,1,0.030419,0,0.363968,0,VOO,0.030419,0.030419,0.011941,1.2e-05,0.000126,0.004142,0.030419,0.2055975558002844,0.7602019581124434,1,ok,1,0,0.167157,0.165024,0.490245,0.768972,0.576729,part2a21_alpha_positions.csv,part2a21_alpha_eligibility.csv,artifacts_part2_g532/predictions/g532_final_consensus_tape.csv
2025-02-04,-1.0,-5.2e-05,1,1,0.030419,0,0.368796,0,VOO,0.030419,0.030419,0.0,0.0,-5.2e-05,-0.001694,0.030419,0.2104825750099055,0.721550881309752,1,ok,1,0,0.136248,0.174759,0.508547,0.775813,0.58186,part2a21_alpha_positions.csv,part2a21_alpha_eligibility.csv,artifacts_part2_g532/predictions/g532_final_consensus_tape.csv
2025-02-05,1.0,0.000145,1,1,0.030419,0,0.386098,0,VOO,0.030419,0.030419,0.0,0.0,0.000145,0.004769,0.030419,0.1980867310106115,0.8352059822158657,1,ok,1,0,0.146881,0.143895,0.450523,0.793436,0.595077,part2a21_alpha_positions.csv,part2a21_alpha_eligibility.csv,artifacts_part2_g532/predictions/g532_final_consensus_tape.csv
2025-02-06,-1.0,-0.000196,1,1,0.030419,0,0.377955,0,VOO,0.030419,0.030419,0.0,0.0,-0.000196,-0.006445,0.030419,0.2012306527075273,0.8000260057170094,1,ok,1,0,0.174535,0.166373,0.492781,0.764673,0.573504,part2a21_alpha_positions.csv,part2a21_alpha_eligibility.csv,artifacts_part2_g532/predictions/g532_final_consensus_tape.csv
2025-02-07,1.0,0.000223,1,1,0.030419,0,0.389363,0,VOO,0.030419,0.030419,0.0,0.0,0.000223,0.007343,0.030419,0.2114625309758471,0.7053728513116259,1,ok,1,0,0.128001,0.160418,0.481585,0.789936,0.592452,part2a21_alpha_positions.csv,part2a21_alpha_eligibility.csv,artifacts_part2_g532/predictions/g532_final_consensus_tape.csv
2025-02-10,1.0,0.000115,1,1,0.034089,0,0.440583,0,VOO,0.034089,0.034089,0.003669,4e-06,0.000119,0.003479,0.034089,0.2041007209953762,0.7757106334355717,1,ok,1,0,0.157493,0.129227,0.422947,0.799309,0.599482,part2a21_alpha_positions.csv,part2a21_alpha_eligibility.csv,artifacts_part2_g532/predictions/g532_final_consensus_tape.csv
2025-02-11,1.0,0.000123,1,1,0.034089,0,0.467381,0,VOO,0.034089,0.034089,0.0,0.0,0.000123,0.003604,0.034089,0.212812530391121,0.6836485147119623,1,ok,1,0,0.117515,0.116793,0.399571,0.826327,0.619745,part2a21_alpha_positions.csv,part2a21_alpha_eligibility.csv,artifacts_part2_g532/predictions/g532_final_consensus_tape.csv
2025-02-12,1.0,0.000104,1,1,0.034089,0,0.452656,0,VOO,0.034089,0.034089,0.0,0.0,0.000104,0.003054,0.034089,0.2190986365464959,0.6214470999251264,1,ok,1,0,0.140528,0.139854,0.442926,0.799228,0.599421,part2a21_alpha_positions.csv,part2a21_alpha_eligibility.csv,artifacts_part2_g532/predictions/g532_final_consensus_tape.csv
2025-02-13,-1.0,-0.000142,1,1,0.034089,0,0.442023,0,VOO,0.034089,0.034089,0.0,0.0,-0.000142,-0.004152,0.034089,0.2051570756611195,0.7591601882432554,1,ok,1,0,0.180391,0.141023,0.445123,0.780442,0.585331,part2a21_alpha_positions.csv,part2a21_alpha_eligibility.csv,artifacts_part2_g532/predictions/g532_final_consensus_tape.csv
2025-02-14,0.0,0.0,1,1,0.034089,0,0.453987,0,VOO,0.034089,0.034089,0.0,0.0,0.0,0.0,0.034089,0.1965500182635242,0.8399185204480643,1,ok,1,0,0.154323,0.125898,0.416688,0.803153,0.602365,part2a21_alpha_positions.csv,part2a21_alpha_eligibility.csv,artifacts_part2_g532/predictions/g532_final_consensus_tape.csv
2025-02-17,1.0,0.000289,1,1,0.035148,0,0.469686,0,VOO,0.035148,0.035148,0.001059,1e-06,0.00029,0.008257,0.035148,0.1965447163800264,0.8377744858050234,1,ok,1,0,0.160607,0.127624,0.419934,0.799072,0.599304,part2a21_alpha_positions.csv,part2a21_alpha_eligibility.csv,artifacts_part2_g532/predictions/g532_final_consensus_tape.csv
2025-02-18,1.0,2.8e-05,1,1,0.035148,0,0.459779,0,VOO,0.035148,0.035148,0.0,0.0,2.8e-05,0.000801,0.035148,0.2099857430861531,0.7233734026028292,1,ok,1,0,0.139833,0.139153,0.441608,0.80005,0.600038,part2a21_alpha_positions.csv,part2a21_alpha_eligibility.csv,artifacts_part2_g532/predictions/g532_final_consensus_tape.csv
2025-02-19,-1.0,-0.00022,1,1,0.035148,0,0.487658,0,VOO,0.035148,0.035148,0.0,0.0,-0.00022,-0.006255,0.035148,0.2132688212827421,0.603019559797011,1,ok,1,0,0.078624,0.118243,0.402297,0.842775,0.632081,part2a21_alpha_positions.csv,part2a21_alpha_eligibility.csv,artifacts_part2_g532/predictions/g532_final_consensus_tape.csv
2025-02-20,-1.0,-0.00081,1,1,0.035148,0,0.467376,0,VOO,0.035148,0.035148,0.0,0.0,-0.00081,-0.023047,0.035148,0.2208425052252028,0.482944544618006,1,ok,1,0,0.084969,0.132038,0.428231,0.829905,0.622428,part2a21_alpha_positions.csv,part2a21_alpha_eligibility.csv,artifacts_part2_g532/predictions/g532_final_consensus_tape.csv
2025-02-21,-1.0,-0.000242,1,1,0.035148,0,0.386383,0,VOO,0.035148,0.035148,0.0,0.0,-0.000242,-0.006873,0.035148,0.211110782358307,0.6446854859336931,1,ok,1,0,0.077839,0.161413,0.483457,0.811786,0.60884,part2a21_alpha_positions.csv,part2a21_alpha_eligibility.csv,artifacts_part2_g532/predictions/g532_final_consensus_tape.csv
2025-02-24,-1.0,-0.000161,1,1,0.010617,1,0.091575,0,VOO,0.010617,0.010617,0.024531,2.5e-05,-0.000136,-0.012833,0.010617,0.213446091655071,0.6167627395377626,1,ok,1,0,0.086462,0.182915,0.523881,0.792296,0.142613,part2a21_alpha_positions.csv,part2a21_alpha_eligibility.csv,artifacts_part2_g532/predictions/g532_final_consensus_tape.csv
2025-02-25,-1.0,-2.3e-05,1,1,0.010617,1,0.092383,0,VOO,0.010617,0.010617,0.0,0.0,-2.3e-05,-0.002121,0.010617,0.2120386844925731,0.6324967412502487,1,ok,1,0,0.076172,0.163782,0.487909,0.810817,0.145947,part2a21_alpha_positions.csv,part2a21_alpha_eligibility.csv,artifacts_part2_g532/predictions/g532_final_consensus_tape.csv
2025-02-26,-1.0,-0.00016,1,1,0.010617,1,0.093334,0,VOO,0.010617,0.010617,0.0,0.0,-0.00016,-0.015029,0.010617,0.2151789138428555,0.5930108506911727,1,ok,1,0,0.076879,0.167201,0.494337,0.808016,0.145443,part2a21_alpha_positions.csv,part2a21_alpha_eligibility.csv,artifacts_part2_g532/predictions/g532_final_consensus_tape.csv
2025-02-27,1.0,0.000106,1,1,0.010617,1,0.092898,0,VOO,0.010617,0.010617,0.0,0.0,0.000106,0.00995,0.010617,0.2145596763541228,0.6048862609674471,1,ok,1,0,0.074505,0.166045,0.492164,0.809924,0.145786,part2a21_alpha_positions.csv,part2a21_alpha_eligibility.csv,artifacts_part2_g532/predictions/g532_final_consensus_tape.csv
2025-02-28,-1.0,-0.000223,1,1,0.010617,1,0.087631,0,VOO,0.010617,0.010617,0.0,0.0,-0.000223,-0.020997,0.010617,0.2151622503938286,0.5920504607852322,1,ok,1,0,0.07971,0.168501,0.496781,0.805799,0.145044,part2a21_alpha_positions.csv,part2a21_alpha_eligibility.csv,artifacts_part2_g532/predictions/g532_final_consensus_tape.csv
2025-03-03,-1.0,-6.4e-05,1,1,0.006746,1,0.083816,0,VOO,0.006746,0.006746,0.003872,4e-06,-6.1e-05,-0.008974,0.006746,0.2139851525078746,0.6069630780174013,1,ok,1,0,0.079218,0.175583,0.510097,0.800878,0.144158,part2a21_alpha_positions.csv,part2a21_alpha_eligibility.csv,artifacts_part2_g532/predictions/g532_final_consensus_tape.csv
2025-03-04,1.0,0.000113,1,1,0.006746,1,0.087098,0,VOO,0.006746,0.006746,0.0,0.0,0.000113,0.016744,0.006746,0.2161765300776367,0.5759908368030519,1,ok,1,0,0.078684,0.188231,0.533875,0.791936,0.142548,part2a21_alpha_positions.csv,part2a21_alpha_eligibility.csv,artifacts_part2_g532/predictions/g532_final_consensus_tape.csv
2025-03-05,-1.0,-0.00012,1,1,0.006746,1,0.078812,0,VOO,0.006746,0.006746,0.0,0.0,-0.00012,-0.017777,0.006746,0.2194139642769193,0.5255203230888411,1,ok,1,0,0.08617,0.188402,0.534195,0.788444,0.14192,part2a21_alpha_positions.csv,part2a21_alpha_eligibility.csv,artifacts_part2_g532/predictions/g532_final_consensus_tape.csv
2025-03-06,1.0,4.5e-05,1,0,0.006746,1,0.080401,0,VOO,0.006746,0.006746,0.0,0.0,4.5e-05,0.006648,0.006746,0.2169108554831336,0.5580368778045101,0,high_risk_veto,1,0,0.075643,0.155501,0.472342,0.817067,0.147072,part2a21_alpha_positions.csv,part2a21_alpha_eligibility.csv,artifacts_part2_g532/predictions/g532_final_consensus_tape.csv
2025-03-07,-1.0,-0.000228,1,0,0.006746,1,0.08035,0,VOO,0.006746,0.006746,0.0,0.0,-0.000228,-0.033763,0.006746,0.2170578108552864,0.5650126869357311,0,high_risk_veto,1,0,0.078549,0.170332,0.500225,0.804992,0.144899,part2a21_alpha_positions.csv,part2a21_alpha_eligibility.csv,artifacts_part2_g532/predictions/g532_final_consensus_tape.csv
2025-03-10,,,0,0,0.0,1,0.070805,0,FLAT,0.0,0.0,0.006746,7e-06,,-0.004656,0.0,0.2154780741773376,0.578394105258051,0,high_risk_veto,1,0,0.077529,0.20185,0.559479,0.782569,0.140862,part2a21_alpha_positions.csv,part2a21_alpha_eligibility.csv,artifacts_part2_g532/predictions/g532_final_consensus_tape.csv
2025-03-11,,,0,0,0.0,1,0.071059,0,FLAT,0.0,0.0,0.0,0.0,,0.0078,0.0,0.2139311369496795,0.6155037893117145,0,high_risk_veto,1,0,0.07661,0.201262,0.558373,0.783409,0.141014,part2a21_alpha_positions.csv,part2a21_alpha_eligibility.csv,artifacts_part2_g532/predictions/g532_final_consensus_tape.csv
2025-03-12,,,0,0,0.0,1,0.069513,0,FLAT,0.0,0.0,0.0,0.0,,-0.017163,0.0,0.2184864880182886,0.5394170742985857,0,high_risk_veto,1,0,0.082499,0.199115,0.554337,0.782318,0.140817,part2a21_alpha_positions.csv,part2a21_alpha_eligibility.csv,artifacts_part2_g532/predictions/g532_final_consensus_tape.csv
2025-03-13,,,0,0,0.0,1,0.069219,0,FLAT,0.0,0.0,0.0,0.0,,0.023809,0.0,0.2165775753281211,0.559800218472937,0,high_risk_veto,1,0,0.075464,0.203134,0.561891,0.782566,0.140862,part2a21_alpha_positions.csv,part2a21_alpha_eligibility.csv,artifacts_part2_g532/predictions/g532_final_consensus_tape.csv
2025-03-14,,,0,0,0.0,1,0.065521,0,FLAT,0.0,0.0,0.0,0.0,,0.006758,0.0,0.2158896856236043,0.5796219188449664,0,high_risk_veto,1,0,0.084274,0.191756,0.540501,0.786862,0.141635,part2a21_alpha_positions.csv,part2a21_alpha_eligibility.csv,artifacts_part2_g532/predictions/g532_final_consensus_tape.csv
2025-03-17,,,0,0,0.0,1,0.065649,0,FLAT,0.0,0.0,0.0,0.0,,-0.011767,0.0,0.2201188679710935,0.5041835208229138,0,high_risk_veto,1,0,0.089243,0.206659,0.568519,0.773806,0.139285,part2a21_alpha_positions.csv,part2a21_alpha_eligibility.csv,artifacts_part2_g532/predictions/g532_final_consensus_tape.csv
2025-03-18,,,0,0,0.0,1,0.065769,0,FLAT,0.0,0.0,0.0,0.0,,0.007392,0.0,0.2165096670058029,0.565289472329313,0,high_risk_veto,1,0,0.086235,0.202,0.559761,0.778542,0.140138,part2a21_alpha_positions.csv,part2a21_alpha_eligibility.csv,artifacts_part2_g532/predictions/g532_final_consensus_tape.csv
2025-03-19,,,0,0,0.0,1,0.065748,0,FLAT,0.0,0.0,0.0,0.0,,-0.003778,0.0,0.2271854461773391,0.457552943795498,0,high_risk_veto,1,0,0.118587,0.210731,0.576174,0.757645,0.136376,part2a21_alpha_positions.csv,part2a21_alpha_eligibility.csv,artifacts_part2_g532/predictions/g532_final_consensus_tape.csv
2025-03-20,,,0,0,0.0,1,0.068654,0,FLAT,0.0,0.0,0.0,0.0,,0.001091,0.0,0.2254767067774495,0.412749354902957,0,high_risk_veto,1,0,0.112586,0.194073,0.544857,0.77244,0.139039,part2a21_alpha_positions.csv,part2a21_alpha_eligibility.csv,artifacts_part2_g532/predictions/g532_final_consensus_tape.csv
2025-03-21,,,0,0,0.0,1,0.07056,0,FLAT,0.0,0.0,0.0,0.0,,0.023202,0.0,0.224848166935798,0.3852579193329701,0,high_risk_veto,1,0,0.100269,0.180119,0.518624,0.788113,0.14186,part2a21_alpha_positions.csv,part2a21_alpha_eligibility.csv,artifacts_part2_g532/predictions/g532_final_consensus_tape.csv
2025-03-24,1.0,-1e-06,1,1,0.002617,1,0.08046,0,VOO,0.002617,0.002617,0.002617,3e-06,2e-06,0.000685,0.002617,0.2228581547433615,0.3660238953459839,1,ok,1,0,0.083369,0.134366,0.432609,0.828934,0.149208,part2a21_alpha_positions.csv,part2a21_alpha_eligibility.csv,artifacts_part2_g532/predictions/g532_final_consensus_tape.csv
2025-03-25,-1.0,-2.5e-05,1,1,0.002617,1,0.080846,0,VOO,0.002617,0.002617,0.0,0.0,-2.5e-05,-0.009406,0.002617,0.2274664222528178,0.4429240218184131,1,ok,1,0,0.089081,0.135002,0.433804,0.825902,0.148662,part2a21_alpha_positions.csv,part2a21_alpha_eligibility.csv,artifacts_part2_g532/predictions/g532_final_consensus_tape.csv
2025-03-26,-1.0,-5e-06,1,1,0.002617,1,0.07814,0,VOO,0.002617,0.002617,0.0,0.0,-5e-06,-0.001907,0.002617,0.2256786962854785,0.4106016797594802,1,ok,1,0,0.095392,0.148981,0.460084,0.812913,0.146324,part2a21_alpha_positions.csv,part2a21_alpha_eligibility.csv,artifacts_part2_g532/predictions/g532_final_consensus_tape.csv
2025-03-27,-1.0,-7.4e-05,1,1,0.002617,1,0.082652,0,VOO,0.002617,0.002617,0.0,0.0,-7.4e-05,-0.0282,0.002617,0.2226981151612559,0.3895956882901399,1,ok,1,0,0.096164,0.149025,0.460168,0.812534,0.146256,part2a21_alpha_positions.csv,part2a21_alpha_eligibility.csv,artifacts_part2_g532/predictions/g532_final_consensus_tape.csv
2025-03-28,1.0,8e-06,1,0,0.002617,1,0.075573,0,VOO,0.002617,0.002617,0.0,0.0,8e-06,0.00313,0.002617,0.2247098820072611,0.4661314981310266,0,high_risk_veto,1,0,0.107793,0.184742,0.527314,0.781371,0.140647,part2a21_alpha_positions.csv,part2a21_alpha_eligibility.csv,artifacts_part2_g532/predictions/g532_final_consensus_tape.csv
2025-03-31,,,0,0,0.0,1,0.076153,0,FLAT,0.0,0.0,0.002617,3e-06,,0.000164,0.0,0.2265379565237958,0.5192292250686145,0,high_risk_veto,1,0,0.0989,0.189438,0.536143,0.781963,0.140753,part2a21_alpha_positions.csv,part2a21_alpha_eligibility.csv,artifacts_part2_g532/predictions/g532_final_consensus_tape.csv
2025-04-01,,,0,0,0.0,1,0.077445,0,FLAT,0.0,0.0,0.0,0.0,,0.006955,0.0,0.2262581657537549,0.5026359414071229,0,high_risk_veto,1,0,0.101637,0.186338,0.530315,0.782982,0.140937,part2a21_alpha_positions.csv,part2a21_alpha_eligibility.csv,artifacts_part2_g532/predictions/g532_final_consensus_tape.csv
2025-04-02,,,0,0,0.0,1,0.077778,0,FLAT,0.0,0.0,0.0,0.0,,-0.059101,0.0,0.2329650992893302,0.5622817894155331,0,high_risk_veto,1,0,0.107778,0.17903,0.516577,0.785524,0.141394,part2a21_alpha_positions.csv,part2a21_alpha_eligibility.csv,artifacts_part2_g532/predictions/g532_final_consensus_tape.csv
2025-04-03,,,0,0,0.0,1,0.051924,0,FLAT,0.0,0.0,0.0,0.0,,-0.062505,0.0,0.2211597570675208,0.3946080800936362,0,high_risk_veto,1,1,0.121912,0.339786,0.62349,0.701516,0.126273,part2a21_alpha_positions.csv,part2a21_alpha_eligibility.csv,artifacts_part2_g532/predictions/g532_final_consensus_tape.csv
2025-04-04,,,0,0,0.0,1,0.044428,0,FLAT,0.0,0.0,0.0,0.0,,0.007762,0.0,0.2204200791125161,0.4475195891499288,0,high_risk_veto,1,1,0.12163,0.362054,0.63121,0.692306,0.124615,part2a21_alpha_positions.csv,part2a21_alpha_eligibility.csv,artifacts_part2_g532/predictions/g532_final_consensus_tape.csv
2025-04-07,,,0,0,0.0,1,0.048102,0,FLAT,0.0,0.0,0.0,0.0,,-0.009778,0.0,0.219368575911711,0.4058691794657489,0,high_risk_veto,1,1,0.121495,0.298792,0.60907,0.718936,0.129409,part2a21_alpha_positions.csv,part2a21_alpha_eligibility.csv,artifacts_part2_g532/predictions/g532_final_consensus_tape.csv
2025-04-08,,,0,0,0.0,1,0.049093,0,FLAT,0.0,0.0,0.0,0.0,,0.091857,0.0,0.2166710965219152,0.3544974049089195,0,high_risk_veto,1,1,0.118556,0.285282,0.604257,0.72595,0.130671,part2a21_alpha_positions.csv,part2a21_alpha_eligibility.csv,artifacts_part2_g532/predictions/g532_final_consensus_tape.csv
2025-04-09,,,0,0,0.0,1,0.035712,0,FLAT,0.0,0.0,0.0,0.0,,-0.028483,0.0,0.2191291984176155,0.4735822169733492,0,high_risk_veto,1,1,0.123811,0.248323,0.590929,0.739186,0.133054,part2a21_alpha_positions.csv,part2a21_alpha_eligibility.csv,artifacts_part2_g532/predictions/g532_final_consensus_tape.csv
2025-04-10,,,0,0,0.0,1,0.034406,0,FLAT,0.0,0.0,0.0,0.0,,0.02311,0.0,0.2191847946087249,0.4400848696938552,0,high_risk_veto,1,1,0.196011,0.218373,0.579947,0.719375,0.129488,part2a21_alpha_positions.csv,part2a21_alpha_eligibility.csv,artifacts_part2_g532/predictions/g532_final_consensus_tape.csv
2025-04-11,,,0,0,0.0,1,0.029677,0,FLAT,0.0,0.0,0.0,0.0,,0.002011,0.0,0.21077749877287,0.4116133014620038,0,high_risk_veto,1,1,0.209628,0.43276,0.65,0.624202,0.112356,part2a21_alpha_positions.csv,part2a21_alpha_eligibility.csv,artifacts_part2_g532/predictions/g532_final_consensus_tape.csv
2025-04-14,,,0,0,0.0,1,0.031092,0,FLAT,0.0,0.0,0.0,0.0,,-0.005775,0.0,0.2139317347702718,0.4831754381222756,0,high_risk_veto,1,1,0.205606,0.363807,0.631814,0.653782,0.117681,part2a21_alpha_positions.csv,part2a21_alpha_eligibility.csv,artifacts_part2_g532/predictions/g532_final_consensus_tape.csv
2025-04-15,,,0,0,0.0,1,0.030676,0,FLAT,0.0,0.0,0.0,0.0,,-0.026553,0.0,0.2136251073804365,0.4753943780080397,0,high_risk_veto,1,1,0.210922,0.379097,0.637067,0.644988,0.116098,part2a21_alpha_positions.csv,part2a21_alpha_eligibility.csv,artifacts_part2_g532/predictions/g532_final_consensus_tape.csv
2025-04-16,,,0,0,0.0,1,0.03215,0,FLAT,0.0,0.0,0.0,0.0,,0.004233,0.0,0.2218544086105989,0.4494364225836478,0,high_risk_veto,1,1,0.186392,0.320702,0.616811,0.680516,0.122493,part2a21_alpha_positions.csv,part2a21_alpha_eligibility.csv,artifacts_part2_g532/predictions/g532_final_consensus_tape.csv
2025-04-17,,,0,0,0.0,1,0.031434,0,FLAT,0.0,0.0,0.0,0.0,,0.0,0.0,0.2302213241715466,0.4993202349532599,0,high_risk_veto,1,1,0.273341,0.368534,0.633442,0.621322,0.111838,part2a21_alpha_positions.csv,part2a21_alpha_eligibility.csv,artifacts_part2_g532/predictions/g532_final_consensus_tape.csv
2025-04-18,,,0,0,0.0,1,0.03523,0,FLAT,0.0,0.0,0.0,0.0,,-0.018715,0.0,0.2350043218040629,0.5043323688986922,0,high_risk_veto,1,1,0.279058,0.371871,0.634589,0.617351,0.111123,part2a21_alpha_positions.csv,part2a21_alpha_eligibility.csv,artifacts_part2_g532/predictions/g532_final_consensus_tape.csv
2025-04-21,,,0,0,0.0,1,0.014577,0,FLAT,0.0,0.0,0.0,0.0,,0.024178,0.0,0.2484000977889155,0.5624096096724802,0,high_risk_veto,1,1,0.27705,0.35909,0.630187,0.623609,0.046771,part2a21_alpha_positions.csv,part2a21_alpha_eligibility.csv,artifacts_part2_g532/predictions/g532_final_consensus_tape.csv
2025-04-22,,,0,0,0.0,1,0.035383,0,FLAT,0.0,0.0,0.0,0.0,,0.014876,0.0,0.2384093678305509,0.4968941687723314,0,high_risk_veto,1,1,0.2777,0.334028,0.621481,0.633829,0.114089,part2a21_alpha_positions.csv,part2a21_alpha_eligibility.csv,artifacts_part2_g532/predictions/g532_final_consensus_tape.csv
2025-04-23,,,0,1,0.0,1,0.061041,0,FLAT,0.0,0.0,0.0,0.0,,0.015404,0.0,0.2411219221105918,0.498691515364196,1,ok,1,0,0.148019,0.205378,0.56611,0.748287,0.134692,part2a21_alpha_positions.csv,part2a21_alpha_eligibility.csv,artifacts_part2_g532/predictions/g532_final_consensus_tape.csv
2025-04-24,,,0,0,0.0,1,0.065398,0,FLAT,0.0,0.0,0.0,0.0,,0.003549,0.0,0.2194170449100131,0.4481108977170072,0,weak_score,1,0,0.146099,0.198745,0.553641,0.753967,0.135714,part2a21_alpha_positions.csv,part2a21_alpha_eligibility.csv,artifacts_part2_g532/predictions/g532_final_consensus_tape.csv
2025-04-25,,,0,0,0.0,1,0.069339,0,FLAT,0.0,0.0,0.0,0.0,,-0.003371,0.0,0.2162700851174291,0.4383437907860139,0,weak_score,1,0,0.14941,0.183997,0.525914,0.763184,0.137373,part2a21_alpha_positions.csv,part2a21_alpha_eligibility.csv,artifacts_part2_g532/predictions/g532_final_consensus_tape.csv
2025-04-28,1.0,1e-06,1,1,0.000871,1,0.067971,0,VOO,0.000871,0.000871,0.000871,1e-06,2e-06,0.002598,0.000871,0.2288140161689788,0.469438894129645,1,ok,1,0,0.155236,0.198913,0.553956,0.749733,0.134952,part2a21_alpha_positions.csv,part2a21_alpha_eligibility.csv,artifacts_part2_g532/predictions/g532_final_consensus_tape.csv
2025-04-29,-1.0,-1e-06,1,1,0.000871,1,0.068425,0,VOO,0.000871,0.000871,0.0,0.0,-1e-06,-0.001072,0.000871,0.2410713264513067,0.4946557840237064,1,ok,1,0,0.154903,0.197814,0.551891,0.75068,0.135122,part2a21_alpha_positions.csv,part2a21_alpha_eligibility.csv,artifacts_part2_g532/predictions/g532_final_consensus_tape.csv
2025-04-30,1.0,1e-05,1,1,0.000871,1,0.080131,0,VOO,0.000871,0.000871,0.0,0.0,1e-05,0.011421,0.000871,0.2158731940503239,0.4276903327612815,1,ok,1,0,0.138579,0.166314,0.49267,0.780896,0.140561,part2a21_alpha_positions.csv,part2a21_alpha_eligibility.csv,artifacts_part2_g532/predictions/g532_final_consensus_tape.csv
2025-05-01,1.0,1.8e-05,1,1,0.000871,1,0.07899,0,VOO,0.000871,0.000871,0.0,0.0,1.8e-05,0.020971,0.000871,0.223536281119041,0.4576787180775346,1,ok,1,0,0.139964,0.172338,0.503995,0.775899,0.139662,part2a21_alpha_positions.csv,part2a21_alpha_eligibility.csv,artifacts_part2_g532/predictions/g532_final_consensus_tape.csv
2025-05-02,-1.0,-3e-06,1,1,0.000871,1,0.076994,0,VOO,0.000871,0.000871,0.0,0.0,-3e-06,-0.00344,0.000871,0.2144361878621259,0.4259357574877099,1,ok,1,0,0.144072,0.165117,0.49042,0.779293,0.140273,part2a21_alpha_positions.csv,part2a21_alpha_eligibility.csv,artifacts_part2_g532/predictions/g532_final_consensus_tape.csv
2025-05-05,-1.0,-3.3e-05,1,1,0.002769,1,0.086756,0,VOO,0.002769,0.002769,0.001898,2e-06,-3.1e-05,-0.011086,0.002769,0.2246565925360271,0.4635047637814902,1,ok,1,0,0.139905,0.148091,0.458411,0.793529,0.142835,part2a21_alpha_positions.csv,part2a21_alpha_eligibility.csv,artifacts_part2_g532/predictions/g532_final_consensus_tape.csv
2025-05-06,1.0,5e-06,1,1,0.002769,1,0.087112,0,VOO,0.002769,0.002769,0.0,0.0,5e-06,0.001873,0.002769,0.222551569367868,0.4600628615728232,1,ok,1,0,0.131911,0.145291,0.453147,0.799159,0.143849,part2a21_alpha_positions.csv,part2a21_alpha_eligibility.csv,artifacts_part2_g532/predictions/g532_final_consensus_tape.csv
2025-05-07,1.0,4e-05,1,1,0.002769,0,0.376067,0,VOO,0.002769,0.002769,0.0,0.0,4e-05,0.014464,0.002769,0.225495611456633,0.464749178932055,1,ok,1,0,0.118914,0.139299,0.441882,0.809358,0.607018,part2a21_alpha_positions.csv,part2a21_alpha_eligibility.csv,artifacts_part2_g532/predictions/g532_final_consensus_tape.csv
2025-05-08,-1.0,-6e-06,1,1,0.002769,0,0.375902,0,VOO,0.002769,0.002769,0.0,0.0,-6e-06,-0.002072,0.002769,0.2204103304728993,0.4441732029744835,1,ok,1,0,0.120636,0.144105,0.450917,0.805094,0.603821,part2a21_alpha_positions.csv,part2a21_alpha_eligibility.csv,artifacts_part2_g532/predictions/g532_final_consensus_tape.csv
2025-05-09,1.0,0.000108,1,1,0.002769,0,0.377242,0,VOO,0.002769,0.002769,0.0,0.0,0.000108,0.039135,0.002769,0.2282685017716205,0.4676497126987862,1,ok,1,0,0.120483,0.132912,0.429875,0.813288,0.609966,part2a21_alpha_positions.csv,part2a21_alpha_eligibility.csv,artifacts_part2_g532/predictions/g532_final_consensus_tape.csv
2025-05-12,1.0,5.7e-05,1,1,0.008609,0,0.304111,0,VOO,0.008609,0.008609,0.005841,6e-06,6.3e-05,0.007293,0.008609,0.2251942768486666,0.4646238495006389,1,ok,1,0,0.145043,0.159854,0.480525,0.782677,0.587008,part2a21_alpha_positions.csv,part2a21_alpha_eligibility.csv,artifacts_part2_g532/predictions/g532_final_consensus_tape.csv
2025-05-13,1.0,4.3e-05,1,1,0.008609,0,0.172372,0,VOO,0.008609,0.008609,0.0,0.0,4.3e-05,0.004984,0.008609,0.2190547253309935,0.4436050333873447,1,ok,1,0,0.22383,0.173739,0.506629,0.737142,0.331714,part2a21_alpha_positions.csv,part2a21_alpha_eligibility.csv,artifacts_part2_g532/predictions/g532_final_consensus_tape.csv
2025-05-14,-1.0,-1.4e-05,1,1,0.008609,0,0.302705,0,VOO,0.008609,0.008609,0.0,0.0,-1.4e-05,-0.00162,0.008609,0.2249496501977161,0.5404689812580881,1,ok,1,0,0.136559,0.18338,0.524755,0.769414,0.577061,part2a21_alpha_positions.csv,part2a21_alpha_eligibility.csv,artifacts_part2_g532/predictions/g532_final_consensus_tape.csv
2025-05-15,1.0,5.3e-05,1,1,0.008609,0,0.310252,0,VOO,0.008609,0.008609,0.0,0.0,5.3e-05,0.006109,0.008609,0.2268342562090683,0.5245686822550594,1,ok,1,0,0.117275,0.158723,0.478398,0.795994,0.596995,part2a21_alpha_positions.csv,part2a21_alpha_eligibility.csv,artifacts_part2_g532/predictions/g532_final_consensus_tape.csv
2025-05-16,1.0,1.3e-05,1,1,0.008609,0,0.316573,0,VOO,0.008609,0.008609,0.0,0.0,1.3e-05,0.001557,0.008609,0.2267134698442924,0.5831146140643082,1,ok,1,0,0.121948,0.164687,0.489611,0.789561,0.592171,part2a21_alpha_positions.csv,part2a21_alpha_eligibility.csv,artifacts_part2_g532/predictions/g532_final_consensus_tape.csv
2025-05-19,-1.0,-7.8e-05,1,1,0.026295,0,0.325399,0,VOO,0.026295,0.026295,0.017686,1.8e-05,-6e-05,-0.002276,0.026295,0.2270431428381302,0.5431791963845078,1,ok,1,0,0.118423,0.14704,0.456435,0.803959,0.602969,part2a21_alpha_positions.csv,part2a21_alpha_eligibility.csv,artifacts_part2_g532/predictions/g532_final_consensus_tape.csv
2025-05-20,-1.0,-0.00026,1,1,0.026295,0,0.334685,0,VOO,0.026295,0.026295,0.0,0.0,-0.00026,-0.009907,0.026295,0.2268277676480617,0.5400582289882874,1,ok,1,0,0.118102,0.154583,0.470615,0.798627,0.59897,part2a21_alpha_positions.csv,part2a21_alpha_eligibility.csv,artifacts_part2_g532/predictions/g532_final_consensus_tape.csv
2025-05-21,-1.0,-8.6e-05,1,1,0.026295,0,0.31836,0,VOO,0.026295,0.026295,0.0,0.0,-8.6e-05,-0.003284,0.026295,0.2214417602285839,0.4714141112508107,1,ok,1,0,0.125639,0.164674,0.489586,0.787909,0.590932,part2a21_alpha_positions.csv,part2a21_alpha_eligibility.csv,artifacts_part2_g532/predictions/g532_final_consensus_tape.csv
2025-05-22,-1.0,-0.000254,1,1,0.026295,0,0.320758,0,VOO,0.026295,0.026295,0.0,0.0,-0.000254,-0.00966,0.026295,0.2221036339598155,0.4788595279882532,1,ok,1,0,0.119256,0.16436,0.488997,0.791009,0.593257,part2a21_alpha_positions.csv,part2a21_alpha_eligibility.csv,artifacts_part2_g532/predictions/g532_final_consensus_tape.csv
2025-05-23,0.0,0.0,1,1,0.026295,0,0.306518,0,VOO,0.026295,0.026295,0.0,0.0,0.0,0.0,0.026295,0.220779861052356,0.4820661984242766,1,ok,1,0,0.131187,0.184441,0.526749,0.771062,0.578296,part2a21_alpha_positions.csv,part2a21_alpha_eligibility.csv,artifacts_part2_g532/predictions/g532_final_consensus_tape.csv
2025-05-26,1.0,0.00059,1,1,0.037138,0,0.422717,0,VOO,0.037138,0.037138,0.010843,1.1e-05,0.000601,0.01619,0.037138,0.2212384573833851,0.4420630557414671,1,ok,1,0,0.130871,0.174959,0.508923,0.778088,0.583566,part2a21_alpha_positions.csv,part2a21_alpha_eligibility.csv,artifacts_part2_g532/predictions/g532_final_consensus_tape.csv
2025-05-27,-1.0,-0.00011,1,1,0.037138,0,0.400313,0,VOO,0.037138,0.037138,0.0,0.0,-0.00011,-0.002957,0.037138,0.2239479671076024,0.519058958231983,1,ok,1,0,0.124201,0.15528,0.471927,0.795376,0.596532,part2a21_alpha_positions.csv,part2a21_alpha_eligibility.csv,artifacts_part2_g532/predictions/g532_final_consensus_tape.csv
2025-05-28,-1.0,-1.1e-05,1,1,0.037138,0,0.407327,0,VOO,0.037138,0.037138,0.0,0.0,-1.1e-05,-0.000302,0.037138,0.2237966476409119,0.484212984645624,1,ok,1,0,0.117993,0.146516,0.455451,0.804532,0.603399,part2a21_alpha_positions.csv,part2a21_alpha_eligibility.csv,artifacts_part2_g532/predictions/g532_final_consensus_tape.csv
2025-05-29,-1.0,-0.000148,1,1,0.037138,0,0.411529,0,VOO,0.037138,0.037138,0.0,0.0,-0.000148,-0.003998,0.037138,0.2255864647405193,0.4523903282298351,1,ok,1,0,0.111408,0.139577,0.442404,0.812534,0.6094,part2a21_alpha_positions.csv,part2a21_alpha_eligibility.csv,artifacts_part2_g532/predictions/g532_final_consensus_tape.csv
2025-05-30,1.0,0.000342,1,1,0.037138,0,0.413297,0,VOO,0.037138,0.037138,0.0,0.0,0.000342,0.009198,0.037138,0.2264817094513231,0.4480834764998211,1,ok,1,0,0.116154,0.146512,0.455443,0.805363,0.604022,part2a21_alpha_positions.csv,part2a21_alpha_eligibility.csv,artifacts_part2_g532/predictions/g532_final_consensus_tape.csv
2025-06-02,1.0,0.000182,1,1,0.028838,0,0.39286,0,VOO,0.028838,0.028838,0.008299,8e-06,0.000191,0.006613,0.028838,0.2239134418892632,0.4134286607782698,1,ok,1,0,0.119829,0.166148,0.492358,0.789454,0.59209,part2a21_alpha_positions.csv,part2a21_alpha_eligibility.csv,artifacts_part2_g532/predictions/g532_final_consensus_tape.csv
2025-06-03,-1.0,-0.00023,1,1,0.028838,0,0.395343,0,VOO,0.028838,0.028838,0.0,0.0,-0.00023,-0.007964,0.028838,0.2258484177537418,0.5206852699591723,1,ok,1,0,0.120212,0.145467,0.453478,0.804296,0.603222,part2a21_alpha_positions.csv,part2a21_alpha_eligibility.csv,artifacts_part2_g532/predictions/g532_final_consensus_tape.csv
2025-06-04,-1.0,-5e-05,1,1,0.028838,0,0.406447,0,VOO,0.028838,0.028838,0.0,0.0,-5e-05,-0.001719,0.028838,0.2302598445439085,0.4998908032104743,1,ok,1,0,0.106558,0.134377,0.432629,0.818491,0.613868,part2a21_alpha_positions.csv,part2a21_alpha_eligibility.csv,artifacts_part2_g532/predictions/g532_final_consensus_tape.csv
2025-06-05,1.0,0.000524,1,1,0.028838,0,0.398493,0,VOO,0.028838,0.028838,0.0,0.0,0.000524,0.018155,0.028838,0.2263451886664135,0.4701415521480558,1,ok,1,0,0.119576,0.151363,0.464563,0.800301,0.600226,part2a21_alpha_positions.csv,part2a21_alpha_eligibility.csv,artifacts_part2_g532/predictions/g532_final_consensus_tape.csv
2025-06-06,-1.0,-2.2e-05,1,1,0.028838,0,0.389009,0,VOO,0.028838,0.028838,0.0,0.0,-2.2e-05,-0.000746,0.028838,0.2268652671085418,0.4858634607534619,1,ok,1,0,0.117215,0.140385,0.443924,0.809333,0.607,part2a21_alpha_positions.csv,part2a21_alpha_eligibility.csv,artifacts_part2_g532/predictions/g532_final_consensus_tape.csv
2025-06-09,1.0,0.000128,1,1,0.033466,0,0.393338,0,VOO,0.033466,0.033466,0.004628,5e-06,0.000133,0.003974,0.033466,0.2271223332194392,0.5064826968412574,1,ok,1,0,0.109452,0.13122,0.426694,0.819481,0.614611,part2a21_alpha_positions.csv,part2a21_alpha_eligibility.csv,artifacts_part2_g532/predictions/g532_final_consensus_tape.csv
2025-06-10,-1.0,-0.000231,1,1,0.033466,0,0.410244,0,VOO,0.033466,0.033466,0.0,0.0,-0.000231,-0.006911,0.033466,0.2274488819753098,0.5427967700510321,1,ok,1,0,0.119752,0.134949,0.433705,0.812139,0.609104,part2a21_alpha_positions.csv,part2a21_alpha_eligibility.csv,artifacts_part2_g532/predictions/g532_final_consensus_tape.csv
2025-06-11,-1.0,-1.9e-05,1,1,0.033466,0,0.413623,0,VOO,0.033466,0.033466,0.0,0.0,-1.9e-05,-0.000568,0.033466,0.2221982175753393,0.7557111871213379,1,ok,1,0,0.082516,0.130499,0.425337,0.832126,0.624094,part2a21_alpha_positions.csv,part2a21_alpha_eligibility.csv,artifacts_part2_g532/predictions/g532_final_consensus_tape.csv
2025-06-12,-1.0,-0.000251,1,1,0.033466,0,0.401924,0,VOO,0.033466,0.033466,0.0,0.0,-0.000251,-0.007494,0.033466,0.2209961232774622,0.6901847983745842,1,ok,1,0,0.096193,0.154086,0.469681,0.808847,0.606635,part2a21_alpha_positions.csv,part2a21_alpha_eligibility.csv,artifacts_part2_g532/predictions/g532_final_consensus_tape.csv
2025-06-13,1.0,0.000418,1,1,0.033466,0,0.390076,0,VOO,0.033466,0.033466,0.0,0.0,0.000418,0.012479,0.033466,0.2194671655797329,0.6225082879856466,1,ok,1,0,0.096388,0.171334,0.502108,0.796237,0.597178,part2a21_alpha_positions.csv,part2a21_alpha_eligibility.csv,artifacts_part2_g532/predictions/g532_final_consensus_tape.csv
2025-06-16,-1.0,-0.000417,1,1,0.030877,0,0.389718,0,VOO,0.030877,0.030877,0.002589,3e-06,-0.000415,-0.013436,0.030877,0.2197989853103573,0.5975341751048592,1,ok,1,0,0.095847,0.154446,0.470359,0.808741,0.606556,part2a21_alpha_positions.csv,part2a21_alpha_eligibility.csv,artifacts_part2_g532/predictions/g532_final_consensus_tape.csv
2025-06-17,-1.0,-2.6e-05,1,1,0.030877,0,0.363588,0,VOO,0.030877,0.030877,0.0,0.0,-2.6e-05,-0.000835,0.030877,0.2210092909305472,0.7026387436625972,1,ok,1,0,0.095182,0.188767,0.534881,0.784123,0.588093,part2a21_alpha_positions.csv,part2a21_alpha_eligibility.csv,artifacts_part2_g532/predictions/g532_final_consensus_tape.csv
2025-06-18,0.0,0.0,1,1,0.030877,0,0.375644,0,VOO,0.030877,0.030877,0.0,0.0,0.0,0.0,0.030877,0.2206845693113705,0.6829649490972908,1,ok,1,0,0.089584,0.172178,0.503694,0.798686,0.599015,part2a21_alpha_positions.csv,part2a21_alpha_eligibility.csv,artifacts_part2_g532/predictions/g532_final_consensus_tape.csv
2025-06-19,-1.0,-0.000105,1,1,0.030877,0,0.378714,0,VOO,0.030877,0.030877,0.0,0.0,-0.000105,-0.003406,0.030877,0.2206510233630296,0.6743059159455678,1,ok,1,0,0.092132,0.162723,0.48592,0.804403,0.603303,part2a21_alpha_positions.csv,part2a21_alpha_eligibility.csv,artifacts_part2_g532/predictions/g532_final_consensus_tape.csv
2025-06-20,1.0,0.000209,1,1,0.030877,0,0.418988,0,VOO,0.030877,0.030877,0.0,0.0,0.000209,0.006762,0.030877,0.2209874516396717,0.6852475651487957,1,ok,1,0,0.093629,0.158494,0.477968,0.806801,0.6051,part2a21_alpha_positions.csv,part2a21_alpha_eligibility.csv,artifacts_part2_g532/predictions/g532_final_consensus_tape.csv
2025-06-23,1.0,0.000235,1,1,0.031674,0,0.408696,0,VOO,0.031674,0.031674,0.000797,1e-06,0.000236,0.007458,0.031674,0.2211028394299188,0.6930959600757273,1,ok,1,0,0.091493,0.163367,0.48713,0.804223,0.603168,part2a21_alpha_positions.csv,part2a21_alpha_eligibility.csv,artifacts_part2_g532/predictions/g532_final_consensus_tape.csv
2025-06-24,1.0,3e-06,1,1,0.031674,0,0.411393,0,VOO,0.031674,0.031674,0.0,0.0,3e-06,8e-05,0.031674,0.2243867162089924,0.819042855198257,1,ok,1,0,0.084063,0.144936,0.452481,0.820948,0.615711,part2a21_alpha_positions.csv,part2a21_alpha_eligibility.csv,artifacts_part2_g532/predictions/g532_final_consensus_tape.csv
2025-06-25,1.0,0.000137,1,1,0.031674,0,0.412692,0,VOO,0.031674,0.031674,0.0,0.0,0.000137,0.004322,0.031674,0.222871948785646,0.7385613982979636,1,ok,1,0,0.092238,0.151767,0.465322,0.81231,0.609233,part2a21_alpha_positions.csv,part2a21_alpha_eligibility.csv,artifacts_part2_g532/predictions/g532_final_consensus_tape.csv
2025-06-26,1.0,0.00024,1,1,0.031674,0,0.418103,0,VOO,0.031674,0.031674,0.0,0.0,0.00024,0.007568,0.031674,0.2235002832744746,0.7917702053316859,1,ok,1,0,0.080342,0.139111,0.441528,0.826852,0.620139,part2a21_alpha_positions.csv,part2a21_alpha_eligibility.csv,artifacts_part2_g532/predictions/g532_final_consensus_tape.csv
2025-06-27,1.0,3.2e-05,1,1,0.031674,1,0.100527,0,VOO,0.031674,0.031674,0.0,0.0,3.2e-05,0.00101,0.031674,0.2230229036224454,0.7934283728960357,1,ok,1,0,0.080847,0.151064,0.464,0.817947,0.14723,part2a21_alpha_positions.csv,part2a21_alpha_eligibility.csv,artifacts_part2_g532/predictions/g532_final_consensus_tape.csv
2025-06-30,1.0,-1.4e-05,1,1,0.007462,1,0.107923,0,VOO,0.007462,0.007462,0.024213,2.4e-05,1e-05,0.001398,0.007462,0.2232068887304106,0.7931765516746848,1,ok,1,0,0.073067,0.124065,0.413243,0.841049,0.151389,part2a21_alpha_positions.csv,part2a21_alpha_eligibility.csv,artifacts_part2_g532/predictions/g532_final_consensus_tape.csv
2025-07-01,1.0,4.9e-05,1,1,0.007462,1,0.118249,0,VOO,0.007462,0.007462,0.0,0.0,4.9e-05,0.00653,0.007462,0.2225874242101997,0.7731020384999843,1,ok,1,0,0.091842,0.144937,0.452481,0.817447,0.14714,part2a21_alpha_positions.csv,part2a21_alpha_eligibility.csv,artifacts_part2_g532/predictions/g532_final_consensus_tape.csv
2025-07-02,1.0,9e-05,1,1,0.007462,1,0.118238,0,VOO,0.007462,0.007462,0.0,0.0,9e-05,0.012084,0.007462,0.2207617759924121,0.6196563087746866,1,ok,1,0,0.096344,0.141723,0.446439,0.817754,0.147196,part2a21_alpha_positions.csv,part2a21_alpha_eligibility.csv,artifacts_part2_g532/predictions/g532_final_consensus_tape.csv
2025-07-03,0.0,0.0,1,1,0.007462,1,0.115722,0,VOO,0.007462,0.007462,0.0,0.0,0.0,0.0,0.007462,0.2196425214798494,0.569274535988754,1,ok,1,0,0.090431,0.128805,0.422152,0.829794,0.149363,part2a21_alpha_positions.csv,part2a21_alpha_eligibility.csv,artifacts_part2_g532/predictions/g532_final_consensus_tape.csv
2025-07-04,-1.0,-3.6e-05,1,1,0.007462,1,0.119186,0,VOO,0.007462,0.007462,0.0,0.0,-3.6e-05,-0.004876,0.007462,0.22115146291596,0.6528967062250794,1,ok,1,0,0.087496,0.128255,0.421119,0.831514,0.149672,part2a21_alpha_positions.csv,part2a21_alpha_eligibility.csv,artifacts_part2_g532/predictions/g532_final_consensus_tape.csv
2025-07-07,1.0,6e-06,1,1,0.009788,1,0.112002,0,VOO,0.009788,0.009788,0.002326,2e-06,8e-06,0.000817,0.009788,0.2169232472218984,0.4657360313208031,1,ok,1,0,0.098053,0.140636,0.444396,0.817774,0.147199,part2a21_alpha_positions.csv,part2a21_alpha_eligibility.csv,artifacts_part2_g532/predictions/g532_final_consensus_tape.csv
2025-07-08,1.0,7e-06,1,1,0.009788,1,0.111998,0,VOO,0.009788,0.009788,0.0,0.0,7e-06,0.000728,0.009788,0.2191119672298958,0.5780980911191342,1,ok,1,0,0.100105,0.146909,0.456189,0.812297,0.146213,part2a21_alpha_positions.csv,part2a21_alpha_eligibility.csv,artifacts_part2_g532/predictions/g532_final_consensus_tape.csv
2025-07-09,1.0,3.4e-05,1,1,0.009788,1,0.116085,0,VOO,0.009788,0.009788,0.0,0.0,3.4e-05,0.003452,0.009788,0.2185866545893943,0.7536102580455725,1,ok,1,0,0.079019,0.121285,0.408016,0.840388,0.15127,part2a21_alpha_positions.csv,part2a21_alpha_eligibility.csv,artifacts_part2_g532/predictions/g532_final_consensus_tape.csv
2025-07-10,1.0,1e-05,1,1,0.009788,1,0.116328,0,VOO,0.009788,0.009788,0.0,0.0,1e-05,0.001049,0.009788,0.2186034898644711,0.7633248076235657,1,ok,1,0,0.076728,0.121394,0.40822,0.84134,0.151441,part2a21_alpha_positions.csv,part2a21_alpha_eligibility.csv,artifacts_part2_g532/predictions/g532_final_consensus_tape.csv
2025-07-11,1.0,2.3e-05,1,1,0.009788,1,0.117107,0,VOO,0.009788,0.009788,0.0,0.0,2.3e-05,0.002394,0.009788,0.2172974948009837,0.7076834265893911,1,ok,1,0,0.084676,0.124467,0.413997,0.835533,0.150396,part2a21_alpha_positions.csv,part2a21_alpha_eligibility.csv,artifacts_part2_g532/predictions/g532_final_consensus_tape.csv
2025-07-14,-1.0,-5e-06,1,1,0.01045,1,0.117948,0,VOO,0.01045,0.01045,0.000662,1e-06,-4e-06,-0.000412,0.01045,0.2173126306723992,0.6713352011799646,1,ok,1,0,0.084571,0.117425,0.400758,0.840693,0.151325,part2a21_alpha_positions.csv,part2a21_alpha_eligibility.csv,artifacts_part2_g532/predictions/g532_final_consensus_tape.csv
2025-07-15,1.0,5e-06,1,1,0.01045,1,0.11483,0,VOO,0.01045,0.01045,0.0,0.0,5e-06,0.000517,0.01045,0.2168662406895958,0.677071314480885,1,ok,1,0,0.104201,0.131432,0.427092,0.82169,0.147904,part2a21_alpha_positions.csv,part2a21_alpha_eligibility.csv,artifacts_part2_g532/predictions/g532_final_consensus_tape.csv
2025-07-16,1.0,6.6e-05,1,1,0.01045,1,0.113776,0,VOO,0.01045,0.01045,0.0,0.0,6.6e-05,0.006296,0.01045,0.216434943589144,0.6453278763907171,1,ok,1,0,0.105714,0.154679,0.470796,0.804132,0.144744,part2a21_alpha_positions.csv,part2a21_alpha_eligibility.csv,artifacts_part2_g532/predictions/g532_final_consensus_tape.csv
2025-07-17,-1.0,-3.4e-05,1,1,0.01045,0,0.518865,0,VOO,0.01045,0.01045,0.0,0.0,-3.4e-05,-0.003208,0.01045,0.2178924474295801,0.7287510046883267,1,ok,1,0,0.099561,0.139844,0.442907,0.817671,0.613253,part2a21_alpha_positions.csv,part2a21_alpha_eligibility.csv,artifacts_part2_g532/predictions/g532_final_consensus_tape.csv
2025-07-18,-1.0,-1.8e-05,1,1,0.01045,0,0.527783,0,VOO,0.01045,0.01045,0.0,0.0,-1.8e-05,-0.001706,0.01045,0.218686816984499,0.7675437350021185,1,ok,1,0,0.078046,0.116029,0.398134,0.844642,0.633482,part2a21_alpha_positions.csv,part2a21_alpha_eligibility.csv,artifacts_part2_g532/predictions/g532_final_consensus_tape.csv
2025-07-21,-1.0,-0.000158,1,1,0.043899,0,0.532001,0,VOO,0.043899,0.043899,0.033449,3.3e-05,-0.000125,-0.002846,0.043899,0.2189302471531974,0.7701144433530608,1,ok,1,0,0.086457,0.132559,0.429212,0.828856,0.621642,part2a21_alpha_positions.csv,part2a21_alpha_eligibility.csv,artifacts_part2_g532/predictions/g532_final_consensus_tape.csv
2025-07-22,1.0,0.000529,1,1,0.043899,0,0.523506,0,VOO,0.043899,0.043899,0.0,0.0,0.000529,0.012045,0.043899,0.2197275442991785,0.8070223584516433,1,ok,1,0,0.085702,0.134993,0.433787,0.827429,0.620572,part2a21_alpha_positions.csv,part2a21_alpha_eligibility.csv,artifacts_part2_g532/predictions/g532_final_consensus_tape.csv
2025-07-23,1.0,9.5e-05,1,1,0.043899,0,0.480842,0,VOO,0.043899,0.043899,0.0,0.0,9.5e-05,0.002166,0.043899,0.2189047809300768,0.7776832032915192,1,ok,1,0,0.082222,0.133225,0.430463,0.830279,0.622709,part2a21_alpha_positions.csv,part2a21_alpha_eligibility.csv,artifacts_part2_g532/predictions/g532_final_consensus_tape.csv
2025-07-24,1.0,7.2e-05,1,1,0.043899,0,0.488607,0,VOO,0.043899,0.043899,0.0,0.0,7.2e-05,0.001645,0.043899,0.2191401755993502,0.7848590737113512,1,ok,1,0,0.075804,0.120695,0.406907,0.842263,0.631698,part2a21_alpha_positions.csv,part2a21_alpha_eligibility.csv,artifacts_part2_g532/predictions/g532_final_consensus_tape.csv
2025-07-25,1.0,8.7e-05,1,1,0.043899,0,0.485285,0,VOO,0.043899,0.043899,0.0,0.0,8.7e-05,0.00198,0.043899,0.21923763213764,0.7257001346871977,1,ok,1,0,0.080208,0.126108,0.417082,0.836352,0.627264,part2a21_alpha_positions.csv,part2a21_alpha_eligibility.csv,artifacts_part2_g532/predictions/g532_final_consensus_tape.csv
2025-07-28,-1.0,-0.000362,1,1,0.039059,0,0.476571,0,VOO,0.039059,0.039059,0.00484,5e-06,-0.000357,-0.009137,0.039059,0.2190230853766637,0.7812553557928185,1,ok,1,0,0.096183,0.13718,0.437898,0.821125,0.615844,part2a21_alpha_positions.csv,part2a21_alpha_eligibility.csv,artifacts_part2_g532/predictions/g532_final_consensus_tape.csv
2025-07-29,1.0,8.8e-05,1,1,0.039059,0,0.457428,0,VOO,0.039059,0.039059,0.0,0.0,8.8e-05,0.002258,0.039059,0.2194021781232197,0.7977857909506261,1,ok,1,0,0.083049,0.130808,0.425918,0.831662,0.623746,part2a21_alpha_positions.csv,part2a21_alpha_eligibility.csv,artifacts_part2_g532/predictions/g532_final_consensus_tape.csv
2025-07-30,-1.0,-0.00018,1,1,0.039059,0,0.456378,0,VOO,0.039059,0.039059,0.0,0.0,-0.00018,-0.004606,0.039059,0.219526809941448,0.7991740076311578,1,ok,1,0,0.082835,0.132628,0.42934,0.830437,0.622827,part2a21_alpha_positions.csv,part2a21_alpha_eligibility.csv,artifacts_part2_g532/predictions/g532_final_consensus_tape.csv
2025-07-31,-1.0,-0.001096,1,1,0.039059,0,0.442275,0,VOO,0.039059,0.039059,0.0,0.0,-0.001096,-0.028055,0.039059,0.217384506274619,0.7268426686528126,1,ok,1,0,0.097598,0.163662,0.487685,0.801262,0.600946,part2a21_alpha_positions.csv,part2a21_alpha_eligibility.csv,artifacts_part2_g532/predictions/g532_final_consensus_tape.csv
2025-08-01,1.0,0.000536,1,1,0.039059,0,0.205132,0,VOO,0.039059,0.039059,0.0,0.0,0.000536,0.013735,0.039059,0.2159573851842123,0.647430281701971,1,ok,1,0,0.104095,0.219511,0.580368,0.760255,0.342115,part2a21_alpha_positions.csv,part2a21_alpha_eligibility.csv,artifacts_part2_g532/predictions/g532_final_consensus_tape.csv
2025-08-04,-1.0,-9e-05,1,1,0.016574,0,0.200657,0,VOO,0.016574,0.016574,0.022486,2.2e-05,-6.8e-05,-0.00409,0.016574,0.2170111029669595,0.7137937384640419,1,ok,1,0,0.089404,0.200742,0.557395,0.77803,0.350113,part2a21_alpha_positions.csv,part2a21_alpha_eligibility.csv,artifacts_part2_g532/predictions/g532_final_consensus_tape.csv
2025-08-05,1.0,0.000135,1,1,0.016574,0,0.33934,0,VOO,0.016574,0.016574,0.0,0.0,0.000135,0.008135,0.016574,0.2173559625921236,0.7301897708145567,1,ok,1,0,0.092341,0.182098,0.522345,0.790243,0.592682,part2a21_alpha_positions.csv,part2a21_alpha_eligibility.csv,artifacts_part2_g532/predictions/g532_final_consensus_tape.csv
2025-08-06,1.0,2e-06,1,1,0.016574,0,0.347932,0,VOO,0.016574,0.016574,0.0,0.0,2e-06,0.00013,0.016574,0.2130386529771596,0.7383500672893534,1,ok,1,0,0.130027,0.148733,0.459617,0.797508,0.598131,part2a21_alpha_positions.csv,part2a21_alpha_eligibility.csv,artifacts_part2_g532/predictions/g532_final_consensus_tape.csv
2025-08-07,1.0,0.000165,1,1,0.016574,0,0.356912,0,VOO,0.016574,0.016574,0.0,0.0,0.000165,0.00993,0.016574,0.2109933417950094,0.8016726276913428,1,ok,1,0,0.119894,0.129036,0.422587,0.816368,0.612276,part2a21_alpha_positions.csv,part2a21_alpha_eligibility.csv,artifacts_part2_g532/predictions/g532_final_consensus_tape.csv
2025-08-08,-1.0,-3.9e-05,1,1,0.016574,0,0.350268,0,VOO,0.016574,0.016574,0.0,0.0,-3.9e-05,-0.002365,0.016574,0.2116488373324,0.7987061995170565,1,ok,1,0,0.112471,0.131219,0.426692,0.818123,0.613592,part2a21_alpha_positions.csv,part2a21_alpha_eligibility.csv,artifacts_part2_g532/predictions/g532_final_consensus_tape.csv
2025-08-11,1.0,0.000272,1,1,0.025949,0,0.348759,0,VOO,0.025949,0.025949,0.009375,9e-06,0.000281,0.010828,0.025949,0.2118288834586909,0.7728572065759729,1,ok,1,0,0.122856,0.131294,0.426832,0.813396,0.610047,part2a21_alpha_positions.csv,part2a21_alpha_eligibility.csv,artifacts_part2_g532/predictions/g532_final_consensus_tape.csv
2025-08-12,-1.0,-2e-06,1,1,0.025949,0,0.352616,0,VOO,0.025949,0.025949,0.0,0.0,-2e-06,-7.7e-05,0.025949,0.2111375948195821,0.8077320692104498,1,ok,1,0,0.105259,0.120211,0.405996,0.829361,0.622021,part2a21_alpha_positions.csv,part2a21_alpha_eligibility.csv,artifacts_part2_g532/predictions/g532_final_consensus_tape.csv
2025-08-13,1.0,8.5e-05,1,1,0.025949,0,0.352111,0,VOO,0.025949,0.025949,0.0,0.0,8.5e-05,0.003261,0.025949,0.211026535136008,0.809765424818042,1,ok,1,0,0.105041,0.122529,0.410354,0.827776,0.620832,part2a21_alpha_positions.csv,part2a21_alpha_eligibility.csv,artifacts_part2_g532/predictions/g532_final_consensus_tape.csv
2025-08-14,-1.0,-4e-06,1,1,0.025949,0,0.354045,0,VOO,0.025949,0.025949,0.0,0.0,-4e-06,-0.000168,0.025949,0.2117696832895227,0.7809678806995358,1,ok,1,0,0.108534,0.118388,0.40257,0.82921,0.621907,part2a21_alpha_positions.csv,part2a21_alpha_eligibility.csv,artifacts_part2_g532/predictions/g532_final_consensus_tape.csv
2025-08-15,1.0,1.5e-05,1,1,0.025949,0,0.447239,0,VOO,0.025949,0.025949,0.0,0.0,1.5e-05,0.00059,0.025949,0.2130908453225905,0.72381518392487,1,ok,1,0,0.111533,0.112484,0.391471,0.832147,0.62411,part2a21_alpha_positions.csv,part2a21_alpha_eligibility.csv,artifacts_part2_g532/predictions/g532_final_consensus_tape.csv
2025-08-18,-1.0,-0.000335,1,1,0.040138,0,0.460054,0,VOO,0.040138,0.040138,0.01419,1.4e-05,-0.000321,-0.007996,0.040138,0.213192786003918,0.7257376717562883,1,ok,1,0,0.12937,0.121728,0.408848,0.817409,0.613057,part2a21_alpha_positions.csv,part2a21_alpha_eligibility.csv,artifacts_part2_g532/predictions/g532_final_consensus_tape.csv
2025-08-19,-1.0,-0.000165,1,1,0.040138,0,0.437708,0,VOO,0.040138,0.040138,0.0,0.0,-0.000165,-0.004106,0.040138,0.214105293760429,0.6961259481061554,1,ok,1,0,0.14022,0.136006,0.435691,0.802161,0.601621,part2a21_alpha_positions.csv,part2a21_alpha_eligibility.csv,artifacts_part2_g532/predictions/g532_final_consensus_tape.csv
2025-08-20,-1.0,-4.1e-05,1,1,0.040138,0,0.4383,0,VOO,0.040138,0.040138,0.0,0.0,-4.1e-05,-0.00101,0.040138,0.214246750034658,0.6976745622907559,1,ok,1,0,0.140879,0.138855,0.441048,0.799796,0.599847,part2a21_alpha_positions.csv,part2a21_alpha_eligibility.csv,artifacts_part2_g532/predictions/g532_final_consensus_tape.csv
2025-08-21,1.0,0.000387,1,1,0.040138,0,0.433664,0,VOO,0.040138,0.040138,0.0,0.0,0.000387,0.009636,0.040138,0.213883349749347,0.7028629618283265,1,ok,1,0,0.146051,0.145775,0.454057,0.792444,0.594333,part2a21_alpha_positions.csv,part2a21_alpha_eligibility.csv,artifacts_part2_g532/predictions/g532_final_consensus_tape.csv
2025-08-22,-1.0,-9e-05,1,1,0.040138,0,0.438989,0,VOO,0.040138,0.040138,0.0,0.0,-9e-05,-0.002255,0.040138,0.2159124520069994,0.6247847242457553,1,ok,1,0,0.146108,0.134903,0.433618,0.800312,0.600234,part2a21_alpha_positions.csv,part2a21_alpha_eligibility.csv,artifacts_part2_g532/predictions/g532_final_consensus_tape.csv
2025-08-25,1.0,3.2e-05,1,1,0.030381,0,0.443503,0,VOO,0.030381,0.030381,0.009757,1e-05,4.2e-05,0.001375,0.030381,0.2159324102980182,0.6252919160510987,1,ok,1,0,0.13602,0.130172,0.424723,0.808286,0.606215,part2a21_alpha_positions.csv,part2a21_alpha_eligibility.csv,artifacts_part2_g532/predictions/g532_final_consensus_tape.csv
2025-08-26,1.0,1.3e-05,1,1,0.030381,0,0.475925,0,VOO,0.030381,0.030381,0.0,0.0,1.3e-05,0.000414,0.030381,0.2163354097372622,0.6051766416865422,1,ok,1,0,0.125446,0.119258,0.404206,0.820967,0.615726,part2a21_alpha_positions.csv,part2a21_alpha_eligibility.csv,artifacts_part2_g532/predictions/g532_final_consensus_tape.csv
2025-08-27,1.0,3.8e-05,1,1,0.030381,0,0.473651,0,VOO,0.030381,0.030381,0.0,0.0,3.8e-05,0.001238,0.030381,0.2152848354198713,0.638443531651691,1,ok,1,0,0.126371,0.123947,0.41302,0.817148,0.612861,part2a21_alpha_positions.csv,part2a21_alpha_eligibility.csv,artifacts_part2_g532/predictions/g532_final_consensus_tape.csv
2025-08-28,-1.0,-0.00015,1,1,0.030381,0,0.482684,0,VOO,0.030381,0.030381,0.0,0.0,-0.00015,-0.004952,0.030381,0.2138978736382059,0.6992025991019258,1,ok,1,0,0.112467,0.117676,0.401231,0.827957,0.620967,part2a21_alpha_positions.csv,part2a21_alpha_eligibility.csv,artifacts_part2_g532/predictions/g532_final_consensus_tape.csv
2025-08-29,0.0,0.0,1,1,0.030381,0,0.458677,0,VOO,0.030381,0.030381,0.0,0.0,0.0,0.0,0.030381,0.2145357567544309,0.6800310176366774,1,ok,1,0,0.142523,0.142924,0.448697,0.796102,0.597076,part2a21_alpha_positions.csv,part2a21_alpha_eligibility.csv,artifacts_part2_g532/predictions/g532_final_consensus_tape.csv
2025-09-01,-1.0,-0.000155,1,1,0.034262,0,0.462936,0,VOO,0.034262,0.034262,0.003881,4e-06,-0.000151,-0.004407,0.034262,0.2143701617812124,0.689189840438362,1,ok,1,0,0.136287,0.137378,0.438272,0.802934,0.602201,part2a21_alpha_positions.csv,part2a21_alpha_eligibility.csv,artifacts_part2_g532/predictions/g532_final_consensus_tape.csv
2025-09-02,1.0,5.7e-05,1,1,0.034262,0,0.465364,0,VOO,0.034262,0.034262,0.0,0.0,5.7e-05,0.001652,0.034262,0.216375968941337,0.6015428850771936,1,ok,1,0,0.148758,0.150925,0.46374,0.787487,0.590615,part2a21_alpha_positions.csv,part2a21_alpha_eligibility.csv,artifacts_part2_g532/predictions/g532_final_consensus_tape.csv
2025-09-03,1.0,0.000128,1,1,0.034262,0,0.472045,0,VOO,0.034262,0.034262,0.0,0.0,0.000128,0.003722,0.034262,0.2115432665767001,0.6104567944754887,1,ok,1,0,0.142725,0.14849,0.459162,0.79197,0.593977,part2a21_alpha_positions.csv,part2a21_alpha_eligibility.csv,artifacts_part2_g532/predictions/g532_final_consensus_tape.csv
2025-09-04,-1.0,-0.000261,1,1,0.034262,0,0.466499,0,VOO,0.034262,0.034262,0.0,0.0,-0.000261,-0.007604,0.034262,0.2115101108846167,0.6717400581517919,1,ok,1,0,0.148185,0.151339,0.464517,0.787445,0.590584,part2a21_alpha_positions.csv,part2a21_alpha_eligibility.csv,artifacts_part2_g532/predictions/g532_final_consensus_tape.csv
2025-09-05,-1.0,-1.7e-05,1,1,0.034262,0,0.468116,0,VOO,0.034262,0.034262,0.0,0.0,-1.7e-05,-0.00051,0.034262,0.2114554362346355,0.7886827835104802,1,ok,1,0,0.166703,0.169362,0.4984,0.766027,0.57452,part2a21_alpha_positions.csv,part2a21_alpha_eligibility.csv,artifacts_part2_g532/predictions/g532_final_consensus_tape.csv
2025-09-08,1.0,0.000115,1,1,0.025757,0,0.463435,0,VOO,0.025757,0.025757,0.008505,9e-06,0.000124,0.0048,0.025757,0.2114478606828434,0.8026545685897317,1,ok,1,0,0.173674,0.17673,0.512253,0.757541,0.568156,part2a21_alpha_positions.csv,part2a21_alpha_eligibility.csv,artifacts_part2_g532/predictions/g532_final_consensus_tape.csv
2025-09-09,1.0,5e-06,1,1,0.025757,0,0.460317,0,VOO,0.025757,0.025757,0.0,0.0,5e-06,0.000208,0.025757,0.2114602447547959,0.785924478691391,1,ok,1,0,0.165593,0.167947,0.495741,0.767553,0.575665,part2a21_alpha_positions.csv,part2a21_alpha_eligibility.csv,artifacts_part2_g532/predictions/g532_final_consensus_tape.csv
2025-09-10,1.0,0.000169,1,1,0.025757,0,0.460286,0,VOO,0.025757,0.025757,0.0,0.0,0.000169,0.006578,0.025757,0.2114665740548149,0.7781023376073629,1,ok,1,0,0.163849,0.169376,0.498427,0.767301,0.575476,part2a21_alpha_positions.csv,part2a21_alpha_eligibility.csv,artifacts_part2_g532/predictions/g532_final_consensus_tape.csv
2025-09-11,1.0,6.9e-05,1,1,0.025757,0,0.462281,0,VOO,0.025757,0.025757,0.0,0.0,6.9e-05,0.002668,0.025757,0.2114658729789033,0.7780839487079318,1,ok,1,0,0.143557,0.145469,0.453481,0.793789,0.595342,part2a21_alpha_positions.csv,part2a21_alpha_eligibility.csv,artifacts_part2_g532/predictions/g532_final_consensus_tape.csv
2025-09-12,1.0,9.1e-05,1,1,0.025757,0,0.463449,0,VOO,0.025757,0.025757,0.0,0.0,9.1e-05,0.003549,0.025757,0.2114725987100139,0.7492138751922005,1,ok,1,0,0.150846,0.153521,0.46862,0.784663,0.588497,part2a21_alpha_positions.csv,part2a21_alpha_eligibility.csv,artifacts_part2_g532/predictions/g532_final_consensus_tape.csv
2025-09-15,-1.0,-4.8e-05,1,1,0.023792,0,0.475464,0,VOO,0.023792,0.023792,0.001965,2e-06,-4.6e-05,-0.001935,0.023792,0.2115043549067683,0.6805419774646034,1,ok,1,0,0.134695,0.130993,0.426267,0.808286,0.606215,part2a21_alpha_positions.csv,part2a21_alpha_eligibility.csv,artifacts_part2_g532/predictions/g532_final_consensus_tape.csv
2025-09-16,1.0,2.4e-05,1,1,0.023792,0,0.466353,0,VOO,0.023792,0.023792,0.0,0.0,2.4e-05,0.001009,0.023792,0.2114895006091263,0.737971874721648,1,ok,1,0,0.160001,0.152194,0.466124,0.781507,0.58613,part2a21_alpha_positions.csv,part2a21_alpha_eligibility.csv,artifacts_part2_g532/predictions/g532_final_consensus_tape.csv
2025-09-17,1.0,0.00019,1,1,0.023792,0,0.471188,0,VOO,0.023792,0.023792,0.0,0.0,0.00019,0.007996,0.023792,0.2114774426321563,0.7454153593854187,1,ok,1,0,0.150277,0.14711,0.456567,0.789574,0.59218,part2a21_alpha_positions.csv,part2a21_alpha_eligibility.csv,artifacts_part2_g532/predictions/g532_final_consensus_tape.csv
2025-09-18,1.0,0.000121,1,1,0.023792,0,0.461512,0,VOO,0.023792,0.023792,0.0,0.0,0.000121,0.005067,0.023792,0.2115042898330245,0.6886471449629378,1,ok,1,0,0.151283,0.14261,0.448107,0.792388,0.594291,part2a21_alpha_positions.csv,part2a21_alpha_eligibility.csv,artifacts_part2_g532/predictions/g532_final_consensus_tape.csv
2025-09-19,1.0,0.000155,1,1,0.023792,0,0.500563,0,VOO,0.023792,0.023792,0.0,0.0,0.000155,0.006516,0.023792,0.2114792770418141,0.755245110078925,1,ok,1,0,0.140611,0.132622,0.42933,0.804441,0.603331,part2a21_alpha_positions.csv,part2a21_alpha_eligibility.csv,artifacts_part2_g532/predictions/g532_final_consensus_tape.csv
2025-09-22,-1.0,-0.000239,1,1,0.029063,0,0.492062,0,VOO,0.029063,0.029063,0.00527,5e-06,-0.000234,-0.008047,0.029063,0.2115144585166848,0.6669635072117087,1,ok,1,0,0.161109,0.142809,0.448482,0.787821,0.590866,part2a21_alpha_positions.csv,part2a21_alpha_eligibility.csv,artifacts_part2_g532/predictions/g532_final_consensus_tape.csv
2025-09-23,-1.0,-1.9e-05,1,1,0.029063,0,0.467383,0,VOO,0.029063,0.029063,0.0,0.0,-1.9e-05,-0.00065,0.029063,0.2115012281869837,0.725043593533416,1,ok,1,0,0.127827,0.127646,0.419974,0.813807,0.610355,part2a21_alpha_positions.csv,part2a21_alpha_eligibility.csv,artifacts_part2_g532/predictions/g532_final_consensus_tape.csv
2025-09-24,-1.0,-7.6e-05,1,1,0.029063,0,0.461141,0,VOO,0.029063,0.029063,0.0,0.0,-7.6e-05,-0.002607,0.029063,0.2115205892819844,0.6685185101445196,1,ok,1,0,0.141453,0.131482,0.427186,0.80489,0.603668,part2a21_alpha_positions.csv,part2a21_alpha_eligibility.csv,artifacts_part2_g532/predictions/g532_final_consensus_tape.csv
2025-09-25,1.0,0.000186,1,1,0.029063,0,0.461491,0,VOO,0.029063,0.029063,0.0,0.0,0.000186,0.006387,0.029063,0.2115157592458737,0.6924527211409619,1,ok,1,0,0.1374,0.135075,0.43394,0.804106,0.603079,part2a21_alpha_positions.csv,part2a21_alpha_eligibility.csv,artifacts_part2_g532/predictions/g532_final_consensus_tape.csv
2025-09-26,-1.0,-3e-06,1,1,0.029063,0,0.46589,0,VOO,0.029063,0.029063,0.0,0.0,-3e-06,-9.9e-05,0.029063,0.2114964705285776,0.718182329933999,1,ok,1,0,0.125322,0.118479,0.40274,0.821589,0.616192,part2a21_alpha_positions.csv,part2a21_alpha_eligibility.csv,artifacts_part2_g532/predictions/g532_final_consensus_tape.csv
2025-09-29,1.0,0.000136,1,1,0.034626,0,0.46515,0,VOO,0.034626,0.034626,0.005563,6e-06,0.000142,0.004096,0.034626,0.2115021561372088,0.7191475905967996,1,ok,1,0,0.124014,0.121863,0.409102,0.819722,0.614791,part2a21_alpha_positions.csv,part2a21_alpha_eligibility.csv,artifacts_part2_g532/predictions/g532_final_consensus_tape.csv
2025-09-30,1.0,7e-06,1,1,0.034626,0,0.459798,0,VOO,0.034626,0.034626,0.0,0.0,7e-06,0.000206,0.034626,0.2115055046618767,0.7027502862181932,1,ok,1,0,0.135066,0.132185,0.428507,0.807254,0.605441,part2a21_alpha_positions.csv,part2a21_alpha_eligibility.csv,artifacts_part2_g532/predictions/g532_final_consensus_tape.csv
2025-10-01,1.0,2e-06,1,1,0.034626,0,0.461011,0,VOO,0.034626,0.034626,0.0,0.0,2e-06,7e-05,0.034626,0.2109060324481284,0.6352663272095284,1,ok,1,0,0.141817,0.123803,0.412749,0.810302,0.607726,part2a21_alpha_positions.csv,part2a21_alpha_eligibility.csv,artifacts_part2_g532/predictions/g532_final_consensus_tape.csv
2025-10-02,1.0,7.1e-05,1,1,0.034626,0,0.476593,0,VOO,0.034626,0.034626,0.0,0.0,7.1e-05,0.00205,0.034626,0.2094901918587624,0.666073303748647,1,ok,1,0,0.124053,0.123139,0.411502,0.818777,0.614083,part2a21_alpha_positions.csv,part2a21_alpha_eligibility.csv,artifacts_part2_g532/predictions/g532_final_consensus_tape.csv
2025-10-03,1.0,0.000219,1,1,0.034626,0,0.464951,0,VOO,0.034626,0.034626,0.0,0.0,0.000219,0.006316,0.034626,0.2106073779374387,0.6477669893552053,1,ok,1,0,0.150557,0.144955,0.452516,0.791011,0.593259,part2a21_alpha_positions.csv,part2a21_alpha_eligibility.csv,artifacts_part2_g532/predictions/g532_final_consensus_tape.csv
2025-10-06,-1.0,-0.000219,1,1,0.035861,0,0.478632,0,VOO,0.035861,0.035861,0.001235,1e-06,-0.000217,-0.006064,0.035861,0.2097419350987208,0.6557379994681133,1,ok,1,0,0.129078,0.127823,0.420308,0.813115,0.609836,part2a21_alpha_positions.csv,part2a21_alpha_eligibility.csv,artifacts_part2_g532/predictions/g532_final_consensus_tape.csv
2025-10-07,1.0,0.0002,1,1,0.035861,0,0.47925,0,VOO,0.035861,0.035861,0.0,0.0,0.0002,0.005579,0.035861,0.2084370310191108,0.6896915586106958,1,ok,1,0,0.145905,0.139732,0.442697,0.796897,0.597673,part2a21_alpha_positions.csv,part2a21_alpha_eligibility.csv,artifacts_part2_g532/predictions/g532_final_consensus_tape.csv
2025-10-08,-1.0,-7.1e-05,1,1,0.035861,0,0.488033,0,VOO,0.035861,0.035861,0.0,0.0,-7.1e-05,-0.001976,0.035861,0.2088315813835065,0.6625894710703226,1,ok,1,0,0.127986,0.119063,0.403838,0.819967,0.614975,part2a21_alpha_positions.csv,part2a21_alpha_eligibility.csv,artifacts_part2_g532/predictions/g532_final_consensus_tape.csv
2025-10-09,-1.0,-0.0012,1,1,0.035861,0,0.489404,0,VOO,0.035861,0.035861,0.0,0.0,-0.0012,-0.033462,0.035861,0.2086489530988612,0.6651294465056337,1,ok,1,0,0.128122,0.119661,0.404962,0.819471,0.614604,part2a21_alpha_positions.csv,part2a21_alpha_eligibility.csv,artifacts_part2_g532/predictions/g532_final_consensus_tape.csv
2025-10-10,1.0,0.000521,1,1,0.035861,0,0.322239,0,VOO,0.035861,0.035861,0.0,0.0,0.000521,0.014524,0.035861,0.2126908453037531,0.6238129136042374,1,ok,1,0,0.182368,0.189377,0.536029,0.744446,0.558335,part2a21_alpha_positions.csv,part2a21_alpha_eligibility.csv,artifacts_part2_g532/predictions/g532_final_consensus_tape.csv
2025-10-13,-1.0,-8.1e-05,1,1,0.015255,0,0.182713,0,VOO,0.015255,0.015255,0.020606,2.1e-05,-6.1e-05,-0.003987,0.015255,0.2157896968126291,0.5384067329186757,1,ok,1,0,0.17457,0.208675,0.572309,0.733946,0.330275,part2a21_alpha_positions.csv,part2a21_alpha_eligibility.csv,artifacts_part2_g532/predictions/g532_final_consensus_tape.csv
2025-10-14,1.0,8.4e-05,1,1,0.015255,0,0.313476,0,VOO,0.015255,0.015255,0.0,0.0,8.4e-05,0.005525,0.015255,0.2131126572499933,0.6079308253338113,1,ok,1,0,0.173486,0.183054,0.524142,0.753034,0.564775,part2a21_alpha_positions.csv,part2a21_alpha_eligibility.csv,artifacts_part2_g532/predictions/g532_final_consensus_tape.csv
2025-10-15,-1.0,-0.000172,1,1,0.015255,0,0.322491,0,VOO,0.015255,0.015255,0.0,0.0,-0.000172,-0.011253,0.015255,0.2143801861581528,0.5847467883062821,1,ok,1,0,0.148366,0.16133,0.4833,0.78011,0.585082,part2a21_alpha_positions.csv,part2a21_alpha_eligibility.csv,artifacts_part2_g532/predictions/g532_final_consensus_tape.csv
2025-10-16,1.0,0.000109,1,1,0.015255,0,0.305147,0,VOO,0.015255,0.015255,0.0,0.0,0.000109,0.007175,0.015255,0.2113614290224788,0.6485257082532868,1,ok,1,0,0.178137,0.187305,0.532134,0.747855,0.560891,part2a21_alpha_positions.csv,part2a21_alpha_eligibility.csv,artifacts_part2_g532/predictions/g532_final_consensus_tape.csv
2025-10-17,1.0,0.000139,1,1,0.015255,0,0.312861,0,VOO,0.015255,0.015255,0.0,0.0,0.000139,0.009107,0.015255,0.2119090435634983,0.6108977311777456,1,ok,1,0,0.145422,0.171219,0.501892,0.774255,0.580691,part2a21_alpha_positions.csv,part2a21_alpha_eligibility.csv,artifacts_part2_g532/predictions/g532_final_consensus_tape.csv
2025-10-20,-1.0,-4.5e-05,1,1,0.020328,0,0.326321,0,VOO,0.020328,0.020328,0.005073,5e-06,-4e-05,-0.001974,0.020328,0.2107643321172972,0.6291376570885471,1,ok,1,0,0.131305,0.125981,0.416844,0.813451,0.610088,part2a21_alpha_positions.csv,part2a21_alpha_eligibility.csv,artifacts_part2_g532/predictions/g532_final_consensus_tape.csv
2025-10-21,-1.0,-0.000107,1,1,0.020328,0,0.323692,0,VOO,0.020328,0.020328,0.0,0.0,-0.000107,-0.005274,0.020328,0.2109014679192447,0.6185112314084336,1,ok,1,0,0.13023,0.139118,0.441541,0.804397,0.603298,part2a21_alpha_positions.csv,part2a21_alpha_eligibility.csv,artifacts_part2_g532/predictions/g532_final_consensus_tape.csv
2025-10-22,1.0,0.000181,1,1,0.020328,0,0.322925,0,VOO,0.020328,0.020328,0.0,0.0,0.000181,0.008916,0.020328,0.2089915969406838,0.6690258231586298,1,ok,1,0,0.136109,0.144041,0.450797,0.798177,0.598633,part2a21_alpha_positions.csv,part2a21_alpha_eligibility.csv,artifacts_part2_g532/predictions/g532_final_consensus_tape.csv
2025-10-23,1.0,0.000149,1,1,0.020328,0,0.315377,0,VOO,0.020328,0.020328,0.0,0.0,0.000149,0.007318,0.020328,0.2115978245021065,0.6154251535182022,1,ok,1,0,0.137251,0.152475,0.466653,0.79154,0.593655,part2a21_alpha_positions.csv,part2a21_alpha_eligibility.csv,artifacts_part2_g532/predictions/g532_final_consensus_tape.csv
2025-10-24,1.0,0.000242,1,1,0.020328,0,0.413207,0,VOO,0.020328,0.020328,0.0,0.0,0.000242,0.011896,0.020328,0.2086291077873949,0.671421556799721,1,ok,1,0,0.110317,0.109524,0.385905,0.834843,0.626132,part2a21_alpha_positions.csv,part2a21_alpha_eligibility.csv,artifacts_part2_g532/predictions/g532_final_consensus_tape.csv
2025-10-27,1.0,3.6e-05,1,1,0.020603,0,0.404959,0,VOO,0.020603,0.020603,0.000276,0.0,3.6e-05,0.001756,0.020603,0.2109364386148915,0.6230799025741106,1,ok,1,0,0.147869,0.127186,0.419109,0.805122,0.603842,part2a21_alpha_positions.csv,part2a21_alpha_eligibility.csv,artifacts_part2_g532/predictions/g532_final_consensus_tape.csv
2025-10-28,1.0,0.000142,1,1,0.020603,0,0.41428,0,VOO,0.020603,0.020603,0.0,0.0,0.000142,0.006889,0.020603,0.2109291228282357,0.6267087593860183,1,ok,1,0,0.150232,0.117109,0.400166,0.811374,0.608531,part2a21_alpha_positions.csv,part2a21_alpha_eligibility.csv,artifacts_part2_g532/predictions/g532_final_consensus_tape.csv
2025-10-29,-1.0,-0.00019,1,1,0.020603,0,0.416456,0,VOO,0.020603,0.020603,0.0,0.0,-0.00019,-0.00923,0.020603,0.2153149122328362,0.6019041446613699,1,ok,1,0,0.138653,0.115618,0.397362,0.817668,0.613251,part2a21_alpha_positions.csv,part2a21_alpha_eligibility.csv,artifacts_part2_g532/predictions/g532_final_consensus_tape.csv
2025-10-30,1.0,5.1e-05,1,1,0.020603,0,0.558139,0,VOO,0.020603,0.020603,0.0,0.0,5.1e-05,0.002461,0.020603,0.2133501958235145,0.6663212423790448,1,ok,1,0,0.108252,0.102937,0.373521,0.840554,0.806673,part2a21_alpha_positions.csv,part2a21_alpha_eligibility.csv,artifacts_part2_g532/predictions/g532_final_consensus_tape.csv
2025-10-31,1.0,5e-05,1,1,0.020603,0,0.429867,0,VOO,0.020603,0.020603,0.0,0.0,5e-05,0.002436,0.020603,0.2139525610284434,0.6320145989940102,1,ok,1,0,0.118427,0.118668,0.403097,0.824555,0.618416,part2a21_alpha_positions.csv,part2a21_alpha_eligibility.csv,artifacts_part2_g532/predictions/g532_final_consensus_tape.csv
2025-11-03,-1.0,-0.000509,1,1,0.038083,0,0.437961,0,VOO,0.038083,0.038083,0.017479,1.7e-05,-0.000491,-0.012898,0.038083,0.2139877230688754,0.6549054267538378,1,ok,1,0,0.120147,0.112589,0.391667,0.828195,0.621146,part2a21_alpha_positions.csv,part2a21_alpha_eligibility.csv,artifacts_part2_g532/predictions/g532_final_consensus_tape.csv
2025-11-04,1.0,0.000296,1,1,0.038083,0,0.405436,0,VOO,0.038083,0.038083,0.0,0.0,0.000296,0.007779,0.038083,0.2129591314839382,0.6248218969504592,1,ok,1,0,0.119347,0.124461,0.413986,0.819935,0.614951,part2a21_alpha_positions.csv,part2a21_alpha_eligibility.csv,artifacts_part2_g532/predictions/g532_final_consensus_tape.csv
2025-11-05,-1.0,-0.0006,1,1,0.038083,0,0.407582,0,VOO,0.038083,0.038083,0.0,0.0,-0.0006,-0.015768,0.038083,0.2123558887183803,0.6611613505391669,1,ok,1,0,0.12295,0.12332,0.411842,0.819142,0.614356,part2a21_alpha_positions.csv,part2a21_alpha_eligibility.csv,artifacts_part2_g532/predictions/g532_final_consensus_tape.csv
2025-11-06,1.0,2.4e-05,1,1,0.038083,0,0.381874,0,VOO,0.038083,0.038083,0.0,0.0,2.4e-05,0.00064,0.038083,0.2120112535637812,0.6353566725724383,1,ok,1,0,0.124948,0.124592,0.414232,0.81732,0.61299,part2a21_alpha_positions.csv,part2a21_alpha_eligibility.csv,artifacts_part2_g532/predictions/g532_final_consensus_tape.csv
2025-11-07,1.0,0.000638,1,1,0.038083,0,0.385712,0,VOO,0.038083,0.038083,0.0,0.0,0.000638,0.016756,0.038083,0.2120631177702449,0.6387494554059802,1,ok,1,0,0.122156,0.129432,0.423333,0.815062,0.611297,part2a21_alpha_positions.csv,part2a21_alpha_eligibility.csv,artifacts_part2_g532/predictions/g532_final_consensus_tape.csv
2025-11-10,-1.0,-3.3e-05,1,1,0.0276,0,0.377246,0,VOO,0.0276,0.0276,0.010482,1e-05,-2.2e-05,-0.000806,0.0276,0.2111702148969074,0.6934193321785008,1,ok,1,0,0.11894,0.120285,0.406136,0.82315,0.617363,part2a21_alpha_positions.csv,part2a21_alpha_eligibility.csv,artifacts_part2_g532/predictions/g532_final_consensus_tape.csv
2025-11-11,1.0,8e-06,1,1,0.0276,0,0.380523,0,VOO,0.0276,0.0276,0.0,0.0,8e-06,0.000287,0.0276,0.2122255333287519,0.6621271204790062,1,ok,1,0,0.118941,0.111091,0.388852,0.829824,0.622368,part2a21_alpha_positions.csv,part2a21_alpha_eligibility.csv,artifacts_part2_g532/predictions/g532_final_consensus_tape.csv
2025-11-12,-1.0,-0.000373,1,1,0.0276,0,0.385684,0,VOO,0.0276,0.0276,0.0,0.0,-0.000373,-0.013524,0.0276,0.2121971035300129,0.6665759874061536,1,ok,1,0,0.113636,0.112573,0.391638,0.831135,0.623352,part2a21_alpha_positions.csv,part2a21_alpha_eligibility.csv,artifacts_part2_g532/predictions/g532_final_consensus_tape.csv
2025-11-13,1.0,3.9e-05,1,1,0.0276,0,0.367265,0,VOO,0.0276,0.0276,0.0,0.0,3.9e-05,0.001399,0.0276,0.2115950006081985,0.6201182349854442,1,ok,1,0,0.129723,0.136069,0.435809,0.806839,0.605129,part2a21_alpha_positions.csv,part2a21_alpha_eligibility.csv,artifacts_part2_g532/predictions/g532_final_consensus_tape.csv
2025-11-14,-1.0,-0.000291,1,1,0.0276,0,0.369339,0,VOO,0.0276,0.0276,0.0,0.0,-0.000291,-0.010556,0.0276,0.2096910032064889,0.6593589383360063,1,ok,1,0,0.124542,0.134626,0.433097,0.810218,0.607663,part2a21_alpha_positions.csv,part2a21_alpha_eligibility.csv,artifacts_part2_g532/predictions/g532_final_consensus_tape.csv
2025-11-17,-1.0,-0.000307,1,1,0.030591,0,0.347661,0,VOO,0.030591,0.030591,0.00299,3e-06,-0.000304,-0.009924,0.030591,0.209741562883616,0.6082565066809388,1,ok,1,0,0.159186,0.167066,0.494085,0.771076,0.578307,part2a21_alpha_positions.csv,part2a21_alpha_eligibility.csv,artifacts_part2_g532/predictions/g532_final_consensus_tape.csv
2025-11-18,1.0,0.000133,1,1,0.030591,0,0.346753,0,VOO,0.030591,0.030591,0.0,0.0,0.000133,0.004342,0.030591,0.2095069842675835,0.6227834880804374,1,ok,1,0,0.144296,0.190598,0.538324,0.760693,0.57052,part2a21_alpha_positions.csv,part2a21_alpha_eligibility.csv,artifacts_part2_g532/predictions/g532_final_consensus_tape.csv
2025-11-19,-1.0,-0.00054,1,1,0.030591,0,0.35816,0,VOO,0.030591,0.030591,0.0,0.0,-0.00054,-0.017661,0.030591,0.2098894441126861,0.6393041569345043,1,ok,1,0,0.149622,0.166553,0.49312,0.775752,0.581814,part2a21_alpha_positions.csv,part2a21_alpha_eligibility.csv,artifacts_part2_g532/predictions/g532_final_consensus_tape.csv
2025-11-20,1.0,0.000202,1,1,0.030591,0,0.350199,0,VOO,0.030591,0.030591,0.0,0.0,0.000202,0.006603,0.030591,0.2092163666153347,0.658532253921176,1,ok,1,0,0.144078,0.181776,0.521738,0.767196,0.575397,part2a21_alpha_positions.csv,part2a21_alpha_eligibility.csv,artifacts_part2_g532/predictions/g532_final_consensus_tape.csv
2025-11-21,1.0,0.000404,1,1,0.030591,0,0.346887,0,VOO,0.030591,0.030591,0.0,0.0,0.000404,0.013218,0.030591,0.2143375053472781,0.5703098447557001,1,ok,1,0,0.16923,0.160015,0.480829,0.771675,0.578756,part2a21_alpha_positions.csv,part2a21_alpha_eligibility.csv,artifacts_part2_g532/predictions/g532_final_consensus_tape.csv
2025-11-24,1.0,0.000105,1,1,0.01763,0,0.367777,0,VOO,0.01763,0.01763,0.012961,1.3e-05,0.000118,0.006694,0.01763,0.2138837310210899,0.6449552315760195,1,ok,1,0,0.135908,0.145567,0.453666,0.79716,0.59787,part2a21_alpha_positions.csv,part2a21_alpha_eligibility.csv,artifacts_part2_g532/predictions/g532_final_consensus_tape.csv
2025-11-25,1.0,0.000107,1,1,0.01763,0,0.352735,0,VOO,0.01763,0.01763,0.0,0.0,0.000107,0.006069,0.01763,0.2184823291098635,0.5075688149683569,1,ok,1,0,0.158495,0.158666,0.478291,0.777486,0.583115,part2a21_alpha_positions.csv,part2a21_alpha_eligibility.csv,artifacts_part2_g532/predictions/g532_final_consensus_tape.csv
2025-11-26,0.0,0.0,1,1,0.01763,0,0.34479,0,VOO,0.01763,0.01763,0.0,0.0,0.0,0.0,0.01763,0.2202931124003684,0.3653843397078808,1,ok,1,0,0.173816,0.161403,0.483438,0.768604,0.576453,part2a21_alpha_positions.csv,part2a21_alpha_eligibility.csv,artifacts_part2_g532/predictions/g532_final_consensus_tape.csv
2025-11-27,1.0,0.000128,1,1,0.01763,0,0.360431,0,VOO,0.01763,0.01763,0.0,0.0,0.000128,0.007263,0.01763,0.2083039474718314,0.2973706234688774,1,ok,1,0,0.165767,0.156431,0.474091,0.775836,0.581877,part2a21_alpha_positions.csv,part2a21_alpha_eligibility.csv,artifacts_part2_g532/predictions/g532_final_consensus_tape.csv
2025-11-28,1.0,1.4e-05,1,1,0.01763,0,0.361744,0,VOO,0.01763,0.01763,0.0,0.0,1.4e-05,0.000775,0.01763,0.2043156384957788,0.285258025756337,1,ok,1,0,0.170005,0.138648,0.440658,0.786839,0.59013,part2a21_alpha_positions.csv,part2a21_alpha_eligibility.csv,artifacts_part2_g532/predictions/g532_final_consensus_tape.csv
2025-12-01,1.0,1.4e-05,1,1,0.025494,0,0.392589,0,VOO,0.025494,0.025494,0.007864,8e-06,2.2e-05,0.000866,0.025494,0.2055263158355872,0.2940244492568396,1,ok,1,0,0.130018,0.107634,0.382352,0.82735,0.620512,part2a21_alpha_positions.csv,part2a21_alpha_eligibility.csv,artifacts_part2_g532/predictions/g532_final_consensus_tape.csv
2025-12-02,1.0,3.6e-05,1,1,0.025494,0,0.540942,0,VOO,0.025494,0.025494,0.0,0.0,3.6e-05,0.001424,0.025494,0.210164990470204,0.3093224083698164,1,ok,1,0,0.099052,0.091002,0.351084,0.853359,0.822673,part2a21_alpha_positions.csv,part2a21_alpha_eligibility.csv,artifacts_part2_g532/predictions/g532_final_consensus_tape.csv
2025-12-03,1.0,0.0001,1,1,0.025494,0,0.528673,0,VOO,0.025494,0.025494,0.0,0.0,0.0001,0.003941,0.025494,0.2202279000622392,0.39467030674709,1,ok,1,0,0.111575,0.104071,0.375653,0.838236,0.803732,part2a21_alpha_positions.csv,part2a21_alpha_eligibility.csv,artifacts_part2_g532/predictions/g532_final_consensus_tape.csv
2025-12-04,1.0,0.000101,1,1,0.025494,0,0.481628,0,VOO,0.025494,0.025494,0.0,0.0,0.000101,0.003944,0.025494,0.2097451699592575,0.3312757639546113,1,ok,1,0,0.144386,0.122902,0.411056,0.809799,0.607349,part2a21_alpha_positions.csv,part2a21_alpha_eligibility.csv,artifacts_part2_g532/predictions/g532_final_consensus_tape.csv
2025-12-05,-1.0,-2.3e-05,1,1,0.025494,0,0.48247,0,VOO,0.025494,0.025494,0.0,0.0,-2.3e-05,-0.000895,0.025494,0.2200473781842602,0.3855642770334306,1,ok,1,0,0.148342,0.121436,0.408299,0.809084,0.606813,part2a21_alpha_positions.csv,part2a21_alpha_eligibility.csv,artifacts_part2_g532/predictions/g532_final_consensus_tape.csv
2025-12-08,1.0,6e-06,1,1,0.054678,0,0.673067,0,VOO,0.054678,0.054678,0.029184,2.9e-05,3.5e-05,0.000644,0.054678,0.2032511308450341,0.2781359866431894,1,ok,1,0,0.124151,0.100213,0.368401,0.835377,0.799827,part2a21_alpha_positions.csv,part2a21_alpha_eligibility.csv,artifacts_part2_g532/predictions/g532_final_consensus_tape.csv
2025-12-09,1.0,0.000176,1,1,0.054678,0,0.517924,0,VOO,0.054678,0.054678,0.0,0.0,0.000176,0.003223,0.054678,0.2044922084507142,0.294805951622399,1,ok,1,0,0.147531,0.119756,0.405141,0.810669,0.608001,part2a21_alpha_positions.csv,part2a21_alpha_eligibility.csv,artifacts_part2_g532/predictions/g532_final_consensus_tape.csv
2025-12-10,1.0,0.000128,1,1,0.054678,0,0.530983,0,VOO,0.054678,0.054678,0.0,0.0,0.000128,0.002345,0.054678,0.2080705467548145,0.3184398248123872,1,ok,1,0,0.138085,0.11546,0.397065,0.818038,0.613529,part2a21_alpha_positions.csv,part2a21_alpha_eligibility.csv,artifacts_part2_g532/predictions/g532_final_consensus_tape.csv
2025-12-11,-1.0,-0.000446,1,1,0.054678,0,0.53647,0,VOO,0.054678,0.054678,0.0,0.0,-0.000446,-0.008153,0.054678,0.2070854784129384,0.2961673145598927,1,ok,1,0,0.130768,0.115604,0.397335,0.821226,0.615919,part2a21_alpha_positions.csv,part2a21_alpha_eligibility.csv,artifacts_part2_g532/predictions/g532_final_consensus_tape.csv
2025-12-12,-1.0,-0.000125,1,1,0.054678,0,0.492736,0,VOO,0.054678,0.054678,0.0,0.0,-0.000125,-0.002284,0.054678,0.2133985403423207,0.3353014642754614,1,ok,1,0,0.144502,0.131105,0.426478,0.803792,0.602844,part2a21_alpha_positions.csv,part2a21_alpha_eligibility.csv,artifacts_part2_g532/predictions/g532_final_consensus_tape.csv
2025-12-15,-1.0,-0.000281,1,1,0.049099,0,0.497668,0,VOO,0.049099,0.049099,0.005579,6e-06,-0.000275,-0.0056,0.049099,0.2122688367490575,0.3317372638739262,1,ok,1,0,0.129476,0.121566,0.408544,0.817479,0.613109,part2a21_alpha_positions.csv,part2a21_alpha_eligibility.csv,artifacts_part2_g532/predictions/g532_final_consensus_tape.csv
2025-12-16,-1.0,-0.000532,1,1,0.049099,0,0.483361,0,VOO,0.049099,0.049099,0.0,0.0,-0.000532,-0.010843,0.049099,0.2125454953442452,0.3292057070359249,1,ok,1,0,0.134181,0.124467,0.413998,0.813255,0.609941,part2a21_alpha_positions.csv,part2a21_alpha_eligibility.csv,artifacts_part2_g532/predictions/g532_final_consensus_tape.csv
2025-12-17,1.0,0.000242,1,1,0.049099,0,0.450064,0,VOO,0.049099,0.049099,0.0,0.0,0.000242,0.004933,0.049099,0.2191775311113667,0.3607794863706604,1,ok,1,0,0.135724,0.140446,0.444039,0.80096,0.60072,part2a21_alpha_positions.csv,part2a21_alpha_eligibility.csv,artifacts_part2_g532/predictions/g532_final_consensus_tape.csv
2025-12-18,1.0,0.000547,1,1,0.049099,0,0.444736,0,VOO,0.049099,0.049099,0.0,0.0,0.000547,0.011135,0.049099,0.2378363269748152,0.4472505037273988,1,ok,1,0,0.14525,0.141429,0.445887,0.79596,0.59697,part2a21_alpha_positions.csv,part2a21_alpha_eligibility.csv,artifacts_part2_g532/predictions/g532_final_consensus_tape.csv
2025-12-19,1.0,0.000359,1,1,0.049099,0,0.42462,0,VOO,0.049099,0.049099,0.0,0.0,0.000359,0.007317,0.049099,0.212043047607612,0.3335664580554749,1,ok,1,0,0.144558,0.135335,0.43443,0.800696,0.600522,part2a21_alpha_positions.csv,part2a21_alpha_eligibility.csv,artifacts_part2_g532/predictions/g532_final_consensus_tape.csv
2025-12-22,1.0,7.4e-05,1,1,0.020193,0,0.413518,0,VOO,0.020193,0.020193,0.028906,2.9e-05,0.000102,0.005074,0.020193,0.2098268791084827,0.2909194081971736,1,ok,1,0,0.152004,0.137719,0.438913,0.795614,0.59671,part2a21_alpha_positions.csv,part2a21_alpha_eligibility.csv,artifacts_part2_g532/predictions/g532_final_consensus_tape.csv
2025-12-23,1.0,1.5e-05,1,1,0.020193,0,0.416041,0,VOO,0.020193,0.020193,0.0,0.0,1.5e-05,0.000731,0.020193,0.2126260967235368,0.3114844547642069,1,ok,1,0,0.143685,0.128184,0.420986,0.80628,0.60471,part2a21_alpha_positions.csv,part2a21_alpha_eligibility.csv,artifacts_part2_g532/predictions/g532_final_consensus_tape.csv
2025-12-24,0.0,0.0,1,1,0.020193,0,0.552056,0,VOO,0.020193,0.020193,0.0,0.0,0.0,0.0,0.020193,0.2120045318223684,0.5616252633560711,1,ok,1,0,0.11757,0.103767,0.375082,0.835759,0.800513,part2a21_alpha_positions.csv,part2a21_alpha_eligibility.csv,artifacts_part2_g532/predictions/g532_final_consensus_tape.csv
2025-12-25,-1.0,-1.7e-05,1,1,0.020193,0,0.552265,0,VOO,0.020193,0.020193,0.0,0.0,-1.7e-05,-0.000839,0.020193,0.2126101065540339,0.6207710362602771,1,ok,1,0,0.117021,0.104991,0.377383,0.835117,0.79975,part2a21_alpha_positions.csv,part2a21_alpha_eligibility.csv,artifacts_part2_g532/predictions/g532_final_consensus_tape.csv
2025-12-26,-1.0,-0.000101,1,1,0.020193,0,0.561574,0,VOO,0.020193,0.020193,0.0,0.0,-0.000101,-0.004985,0.020193,0.211676372576118,0.5167139149304928,1,ok,1,0,0.129482,0.106297,0.379838,0.828562,0.79137,part2a21_alpha_positions.csv,part2a21_alpha_eligibility.csv,artifacts_part2_g532/predictions/g532_final_consensus_tape.csv
2025-12-29,-1.0,-3.8e-05,1,1,0.042864,0,0.561478,0,VOO,0.042864,0.042864,0.022671,2.3e-05,-1.5e-05,-0.000356,0.042864,0.2127723521913817,0.6208218522236182,1,ok,1,0,0.117738,0.105902,0.379095,0.834133,0.798529,part2a21_alpha_positions.csv,part2a21_alpha_eligibility.csv,artifacts_part2_g532/predictions/g532_final_consensus_tape.csv
2025-12-30,-1.0,-0.00017,1,1,0.042864,0,0.444562,0,VOO,0.042864,0.042864,0.0,0.0,-0.00017,-0.00397,0.042864,0.2127514294060553,0.6221991810395779,1,ok,1,0,0.119879,0.110715,0.388144,0.829676,0.622257,part2a21_alpha_positions.csv,part2a21_alpha_eligibility.csv,artifacts_part2_g532/predictions/g532_final_consensus_tape.csv
2025-12-31,0.0,0.0,1,1,0.042864,0,0.456424,0,VOO,0.042864,0.042864,0.0,0.0,0.0,0.0,0.042864,0.213153305860698,0.6216693209465944,1,ok,1,0,0.145773,0.128196,0.421008,0.805332,0.603999,part2a21_alpha_positions.csv,part2a21_alpha_eligibility.csv,artifacts_part2_g532/predictions/g532_final_consensus_tape.csv
2026-01-01,1.0,0.000116,1,1,0.042864,0,0.456322,0,VOO,0.042864,0.042864,0.0,0.0,0.000116,0.002696,0.042864,0.2129516032078584,0.5941746749602098,1,ok,1,0,0.149839,0.1306,0.425528,0.801757,0.601318,part2a21_alpha_positions.csv,part2a21_alpha_eligibility.csv,artifacts_part2_g532/predictions/g532_final_consensus_tape.csv
2026-01-02,1.0,0.000154,1,1,0.042864,0,0.48756,0,VOO,0.042864,0.042864,0.0,0.0,0.000154,0.003586,0.042864,0.2139848216013879,0.6885333825765163,1,ok,1,0,0.146053,0.129694,0.423824,0.804119,0.603089,part2a21_alpha_positions.csv,part2a21_alpha_eligibility.csv,artifacts_part2_g532/predictions/g532_final_consensus_tape.csv
2026-01-05,1.0,0.00021,1,1,0.033158,0,0.506362,0,VOO,0.033158,0.033158,0.009707,1e-05,0.00022,0.006638,0.033158,0.2134768267763005,0.640421754767441,1,ok,1,0,0.141765,0.125895,0.416682,0.808806,0.606605,part2a21_alpha_positions.csv,part2a21_alpha_eligibility.csv,artifacts_part2_g532/predictions/g532_final_consensus_tape.csv
2026-01-06,-1.0,-0.000168,1,1,0.033158,0,0.505768,0,VOO,0.033158,0.033158,0.0,0.0,-0.000168,-0.005079,0.033158,0.213521283975454,0.6645735907507125,1,ok,1,0,0.133284,0.114933,0.396075,0.820581,0.615435,part2a21_alpha_positions.csv,part2a21_alpha_eligibility.csv,artifacts_part2_g532/predictions/g532_final_consensus_tape.csv
2026-01-07,1.0,9.4e-05,1,1,0.033158,0,0.490499,0,VOO,0.033158,0.033158,0.0,0.0,9.4e-05,0.002837,0.033158,0.2128150826156943,0.5681466363724236,1,ok,1,0,0.137301,0.123748,0.412647,0.812373,0.60928,part2a21_alpha_positions.csv,part2a21_alpha_eligibility.csv,artifacts_part2_g532/predictions/g532_final_consensus_tape.csv
2026-01-08,1.0,0.000184,1,1,0.033158,0,0.476103,0,VOO,0.033158,0.033158,0.0,0.0,0.000184,0.005537,0.033158,0.2128864699965923,0.6184152387447138,1,ok,1,0,0.156759,0.137719,0.438913,0.793474,0.595105,part2a21_alpha_positions.csv,part2a21_alpha_eligibility.csv,artifacts_part2_g532/predictions/g532_final_consensus_tape.csv
2026-01-09,1.0,9.5e-05,1,1,0.033158,0,0.465096,0,VOO,0.033158,0.033158,0.0,0.0,9.5e-05,0.002859,0.033158,0.2120449227482765,0.5378623979017073,1,ok,1,0,0.171015,0.135648,0.435018,0.788563,0.591422,part2a21_alpha_positions.csv,part2a21_alpha_eligibility.csv,artifacts_part2_g532/predictions/g532_final_consensus_tape.csv
2026-01-12,-1.0,-0.000125,1,1,0.036694,0,0.477892,0,VOO,0.036694,0.036694,0.003536,4e-06,-0.000121,-0.003298,0.036694,0.2129332357852639,0.6046404069746535,1,ok,1,0,0.161861,0.137195,0.437927,0.791559,0.593669,part2a21_alpha_positions.csv,part2a21_alpha_eligibility.csv,artifacts_part2_g532/predictions/g532_final_consensus_tape.csv
2026-01-13,-1.0,-0.000254,1,1,0.036694,0,0.462355,0,VOO,0.036694,0.036694,0.0,0.0,-0.000254,-0.00693,0.036694,0.2118624560406258,0.4800111299769939,1,ok,1,0,0.174793,0.150535,0.463006,0.776055,0.582041,part2a21_alpha_positions.csv,part2a21_alpha_eligibility.csv,artifacts_part2_g532/predictions/g532_final_consensus_tape.csv
2026-01-14,1.0,0.000173,1,1,0.036694,0,0.477609,0,VOO,0.036694,0.036694,0.0,0.0,0.000173,0.004717,0.036694,0.2128272842763943,0.6013771191123495,1,ok,1,0,0.122559,0.120183,0.405944,0.821596,0.616197,part2a21_alpha_positions.csv,part2a21_alpha_eligibility.csv,artifacts_part2_g532/predictions/g532_final_consensus_tape.csv
2026-01-15,1.0,0.000111,1,1,0.036694,0,0.468114,0,VOO,0.036694,0.036694,0.0,0.0,0.000111,0.003017,0.036694,0.2124909273048452,0.577148070721607,1,ok,1,0,0.134952,0.127366,0.419447,0.810804,0.608103,part2a21_alpha_positions.csv,part2a21_alpha_eligibility.csv,artifacts_part2_g532/predictions/g532_final_consensus_tape.csv
2026-01-16,0.0,0.0,1,1,0.036694,0,0.461364,0,VOO,0.036694,0.036694,0.0,0.0,0.0,0.0,0.036694,0.2126526752800585,0.5693467947117165,1,ok,1,0,0.153428,0.131413,0.427056,0.799552,0.599664,part2a21_alpha_positions.csv,part2a21_alpha_eligibility.csv,artifacts_part2_g532/predictions/g532_final_consensus_tape.csv
2026-01-19,-1.0,-0.000631,1,1,0.037996,0,0.463798,0,VOO,0.037996,0.037996,0.001303,1e-06,-0.00063,-0.016584,0.037996,0.2128768417205415,0.6096718392795579,1,ok,1,0,0.15096,0.129811,0.424045,0.801825,0.601369,part2a21_alpha_positions.csv,part2a21_alpha_eligibility.csv,artifacts_part2_g532/predictions/g532_final_consensus_tape.csv
2026-01-20,1.0,0.000334,1,1,0.037996,0,0.412374,0,VOO,0.037996,0.037996,0.0,0.0,0.000334,0.00878,0.037996,0.2130000287963228,0.6032061894176227,1,ok,1,0,0.144928,0.151644,0.465091,0.788689,0.591517,part2a21_alpha_positions.csv,part2a21_alpha_eligibility.csv,artifacts_part2_g532/predictions/g532_final_consensus_tape.csv
2026-01-21,1.0,0.000201,1,1,0.037996,0,0.409438,0,VOO,0.037996,0.037996,0.0,0.0,0.000201,0.005295,0.037996,0.2065974434456467,0.536763689486177,1,ok,1,0,0.162689,0.123026,0.411288,0.801473,0.601105,part2a21_alpha_positions.csv,part2a21_alpha_eligibility.csv,artifacts_part2_g532/predictions/g532_final_consensus_tape.csv
2026-01-22,-1.0,-4.8e-05,1,1,0.037996,0,0.411857,0,VOO,0.037996,0.037996,0.0,0.0,-4.8e-05,-0.001258,0.037996,0.2065248615603121,0.6117394986392988,1,ok,1,0,0.15143,0.116696,0.399389,0.811135,0.608351,part2a21_alpha_positions.csv,part2a21_alpha_eligibility.csv,artifacts_part2_g532/predictions/g532_final_consensus_tape.csv
2026-01-23,1.0,0.00014,1,1,0.037996,0,0.400955,0,VOO,0.037996,0.037996,0.0,0.0,0.00014,0.003672,0.037996,0.2064711984014072,0.6221414839440648,1,ok,1,0,0.173272,0.142937,0.448722,0.782255,0.586691,part2a21_alpha_positions.csv,part2a21_alpha_eligibility.csv,artifacts_part2_g532/predictions/g532_final_consensus_tape.csv
2026-01-26,1.0,0.000163,1,1,0.032298,0,0.403532,0,VOO,0.032298,0.032298,0.005698,6e-06,0.000169,0.005234,0.032298,0.2064887274581585,0.6046728323485787,1,ok,1,0,0.16568,0.138648,0.440658,0.788786,0.591589,part2a21_alpha_positions.csv,part2a21_alpha_eligibility.csv,artifacts_part2_g532/predictions/g532_final_consensus_tape.csv
2026-01-27,1.0,2.2e-05,1,1,0.032298,0,0.404473,0,VOO,0.032298,0.032298,0.0,0.0,2.2e-05,0.000678,0.032298,0.2064460847691556,0.6324068888789703,1,ok,1,0,0.158968,0.135433,0.434614,0.79414,0.595605,part2a21_alpha_positions.csv,part2a21_alpha_eligibility.csv,artifacts_part2_g532/predictions/g532_final_consensus_tape.csv
2026-01-28,-1.0,-0.000101,1,1,0.032298,0,0.42257,0,VOO,0.032298,0.032298,0.0,0.0,-0.000101,-0.003124,0.032298,0.2064883576220292,0.5895868768806936,1,ok,1,0,0.147073,0.117583,0.401057,0.812452,0.609339,part2a21_alpha_positions.csv,part2a21_alpha_eligibility.csv,artifacts_part2_g532/predictions/g532_final_consensus_tape.csv
2026-01-29,-1.0,-8.4e-05,1,1,0.032298,0,0.414415,0,VOO,0.032298,0.032298,0.0,0.0,-8.4e-05,-0.002592,0.032298,0.2065030282216263,0.6126431301402825,1,ok,1,0,0.157586,0.13166,0.42752,0.797502,0.598126,part2a21_alpha_positions.csv,part2a21_alpha_eligibility.csv,artifacts_part2_g532/predictions/g532_final_consensus_tape.csv
2026-01-30,1.0,0.000239,1,1,0.032298,0,0.406668,0,VOO,0.032298,0.032298,0.0,0.0,0.000239,0.007392,0.032298,0.2066665458761987,0.5337078708115196,1,ok,1,0,0.168304,0.145219,0.453012,0.782834,0.587125,part2a21_alpha_positions.csv,part2a21_alpha_eligibility.csv,artifacts_part2_g532/predictions/g532_final_consensus_tape.csv
2026-02-02,-1.0,-0.000382,1,1,0.038999,0,0.405901,0,VOO,0.038999,0.038999,0.006701,7e-06,-0.000375,-0.009625,0.038999,0.2066660358558212,0.5242605657963454,1,ok,1,0,0.158511,0.135364,0.434485,0.794396,0.595797,part2a21_alpha_positions.csv,part2a21_alpha_eligibility.csv,artifacts_part2_g532/predictions/g532_final_consensus_tape.csv
2026-02-03,-1.0,-0.000192,1,1,0.038999,0,0.423106,0,VOO,0.038999,0.038999,0.0,0.0,-0.000192,-0.004913,0.038999,0.2066658399876383,0.529721969987775,1,ok,1,0,0.189406,0.152846,0.46735,0.767801,0.575851,part2a21_alpha_positions.csv,part2a21_alpha_eligibility.csv,artifacts_part2_g532/predictions/g532_final_consensus_tape.csv
2026-02-04,-1.0,-0.000714,1,1,0.038999,0,0.438314,0,VOO,0.038999,0.038999,0.0,0.0,-0.000714,-0.018302,0.038999,0.206597281542091,0.5851785196356574,1,ok,1,0,0.165193,0.146355,0.455148,0.783409,0.587557,part2a21_alpha_positions.csv,part2a21_alpha_eligibility.csv,artifacts_part2_g532/predictions/g532_final_consensus_tape.csv
2026-02-05,1.0,0.000753,1,1,0.038999,0,0.378364,0,VOO,0.038999,0.038999,0.0,0.0,0.000753,0.019296,0.038999,0.2065001430791268,0.6219210335134361,1,ok,1,0,0.190456,0.181559,0.521332,0.746482,0.559862,part2a21_alpha_positions.csv,part2a21_alpha_eligibility.csv,artifacts_part2_g532/predictions/g532_final_consensus_tape.csv
2026-02-06,1.0,0.000175,1,1,0.038999,0,0.350158,0,VOO,0.038999,0.038999,0.0,0.0,0.000175,0.004488,0.038999,0.2065650692109689,0.5524587190790436,1,ok,1,0,0.16885,0.163651,0.487663,0.769207,0.576905,part2a21_alpha_positions.csv,part2a21_alpha_eligibility.csv,artifacts_part2_g532/predictions/g532_final_consensus_tape.csv
2026-02-09,-1.0,-0.000167,1,1,0.020802,0,0.366902,0,VOO,0.020802,0.020802,0.018197,1.8e-05,-0.000149,-0.00717,0.020802,0.2065857436573668,0.5257110194918301,1,ok,1,0,0.152444,0.121535,0.408487,0.807165,0.605374,part2a21_alpha_positions.csv,part2a21_alpha_eligibility.csv,artifacts_part2_g532/predictions/g532_final_consensus_tape.csv
2026-02-10,1.0,5.5e-05,1,1,0.020802,0,0.356814,0,VOO,0.020802,0.020802,0.0,0.0,5.5e-05,0.00266,0.020802,0.2063829096833983,0.6699519497434466,1,ok,1,0,0.16223,0.144914,0.452438,0.785789,0.589342,part2a21_alpha_positions.csv,part2a21_alpha_eligibility.csv,artifacts_part2_g532/predictions/g532_final_consensus_tape.csv
2026-02-11,-1.0,-0.000452,1,1,0.020802,0,0.367428,0,VOO,0.020802,0.020802,0.0,0.0,-0.000452,-0.021728,0.020802,0.2064541046622138,0.6410616795986619,1,ok,1,0,0.138295,0.124842,0.414704,0.811132,0.608349,part2a21_alpha_positions.csv,part2a21_alpha_eligibility.csv,artifacts_part2_g532/predictions/g532_final_consensus_tape.csv
2026-02-12,-1.0,-6.8e-05,1,1,0.020802,0,0.330619,0,VOO,0.020802,0.020802,0.0,0.0,-6.8e-05,-0.003278,0.020802,0.2064113860406958,0.6593508949924868,1,ok,1,0,0.162587,0.148834,0.459808,0.782782,0.587087,part2a21_alpha_positions.csv,part2a21_alpha_eligibility.csv,artifacts_part2_g532/predictions/g532_final_consensus_tape.csv
2026-02-13,0.0,0.0,1,1,0.020802,0,0.332141,0,VOO,0.020802,0.020802,0.0,0.0,0.0,0.0,0.020802,0.2064031202023766,0.6639216809181366,1,ok,1,0,0.153174,0.149741,0.461513,0.78636,0.58977,part2a21_alpha_positions.csv,part2a21_alpha_eligibility.csv,artifacts_part2_g532/predictions/g532_final_consensus_tape.csv
2026-02-16,1.0,4.5e-05,1,1,0.028235,0,0.336928,0,VOO,0.028235,0.028235,0.007434,7e-06,5.2e-05,0.001856,0.028235,0.2064357711954343,0.6512562073193969,1,ok,1,0,0.154797,0.152493,0.466686,0.783631,0.587724,part2a21_alpha_positions.csv,part2a21_alpha_eligibility.csv,artifacts_part2_g532/predictions/g532_final_consensus_tape.csv
2026-02-17,1.0,0.0002,1,1,0.028235,0,0.339397,0,VOO,0.028235,0.028235,0.0,0.0,0.0002,0.007079,0.028235,0.2064986059676485,0.6062944605829769,1,ok,1,0,0.158433,0.144926,0.452461,0.787488,0.590616,part2a21_alpha_positions.csv,part2a21_alpha_eligibility.csv,artifacts_part2_g532/predictions/g532_final_consensus_tape.csv
2026-02-18,-1.0,-9.9e-05,1,1,0.028235,0,0.346613,0,VOO,0.028235,0.028235,0.0,0.0,-9.9e-05,-0.003497,0.028235,0.2001634744312551,0.550770315066806,1,ok,1,0,0.114226,0.134738,0.433307,0.814779,0.611084,part2a21_alpha_positions.csv,part2a21_alpha_eligibility.csv,artifacts_part2_g532/predictions/g532_final_consensus_tape.csv
2026-02-19,1.0,0.000201,1,1,0.028235,0,0.35329,0,VOO,0.028235,0.028235,0.0,0.0,0.000201,0.007107,0.028235,0.1996274801090526,0.5192638168949486,1,ok,1,0,0.145537,0.154591,0.47063,0.786276,0.589707,part2a21_alpha_positions.csv,part2a21_alpha_eligibility.csv,artifacts_part2_g532/predictions/g532_final_consensus_tape.csv
2026-02-20,-1.0,-0.000388,1,1,0.028235,0,0.394705,0,VOO,0.028235,0.028235,0.0,0.0,-0.000388,-0.013728,0.028235,0.1977863979052851,0.5517231309124296,1,ok,1,0,0.120783,0.133241,0.430494,0.812914,0.609686,part2a21_alpha_positions.csv,part2a21_alpha_eligibility.csv,artifacts_part2_g532/predictions/g532_final_consensus_tape.csv
2026-02-23,1.0,0.000199,1,1,0.02677,0,0.370227,0,VOO,0.02677,0.02677,0.001466,1e-06,0.0002,0.007476,0.02677,0.1993770293931739,0.5815173649309325,1,ok,1,0,0.145879,0.162852,0.486162,0.780124,0.585093,part2a21_alpha_positions.csv,part2a21_alpha_eligibility.csv,artifacts_part2_g532/predictions/g532_final_consensus_tape.csv
2026-02-24,1.0,0.000246,1,1,0.02677,0,0.385091,0,VOO,0.02677,0.02677,0.0,0.0,0.000246,0.009201,0.02677,0.1982767862682603,0.5963977803182922,1,ok,1,0,0.106495,0.124666,0.414372,0.825569,0.619177,part2a21_alpha_positions.csv,part2a21_alpha_eligibility.csv,artifacts_part2_g532/predictions/g532_final_consensus_tape.csv
2026-02-25,-1.0,-0.000222,1,1,0.02677,0,0.380725,0,VOO,0.02677,0.02677,0.0,0.0,-0.000222,-0.008299,0.02677,0.192708028852584,0.5636464350630076,1,ok,1,0,0.101154,0.117226,0.400385,0.833375,0.625031,part2a21_alpha_positions.csv,part2a21_alpha_eligibility.csv,artifacts_part2_g532/predictions/g532_final_consensus_tape.csv
2026-02-26,-1.0,-0.00023,1,1,0.02677,0,0.406645,0,VOO,0.02677,0.02677,0.0,0.0,-0.00023,-0.008589,0.02677,0.1892725170685999,0.4890246805776936,1,ok,1,0,0.131524,0.137841,0.43914,0.804742,0.603556,part2a21_alpha_positions.csv,part2a21_alpha_eligibility.csv,artifacts_part2_g532/predictions/g532_final_consensus_tape.csv
2026-02-27,1.0,0.000171,1,1,0.02677,0,0.398453,0,VOO,0.02677,0.02677,0.0,0.0,0.000171,0.006406,0.02677,0.1918567349251645,0.5416727317658229,1,ok,1,0,0.129113,0.140513,0.444164,0.803887,0.602915,part2a21_alpha_positions.csv,part2a21_alpha_eligibility.csv,artifacts_part2_g532/predictions/g532_final_consensus_tape.csv
2026-03-02,-1.0,-0.000244,1,1,0.031115,0,0.387497,0,VOO,0.031115,0.031115,0.004345,4e-06,-0.00024,-0.007713,0.031115,0.1972779614089809,0.5034464596257552,1,ok,1,0,0.124276,0.162119,0.484784,0.790377,0.592783,part2a21_alpha_positions.csv,part2a21_alpha_eligibility.csv,artifacts_part2_g532/predictions/g532_final_consensus_tape.csv
2026-03-03,1.0,0.000285,1,1,0.031115,0,0.371191,0,VOO,0.031115,0.031115,0.0,0.0,0.000285,0.009166,0.031115,0.1992557256213942,0.5975104225875739,1,ok,1,0,0.148962,0.176698,0.512192,0.768684,0.576513,part2a21_alpha_positions.csv,part2a21_alpha_eligibility.csv,artifacts_part2_g532/predictions/g532_final_consensus_tape.csv
2026-03-04,-1.0,-7e-05,1,1,0.031115,0,0.386971,0,VOO,0.031115,0.031115,0.0,0.0,-7e-05,-0.002258,0.031115,0.1883068517765418,0.5152144158300427,1,ok,1,0,0.116223,0.141929,0.446826,0.808659,0.606494,part2a21_alpha_positions.csv,part2a21_alpha_eligibility.csv,artifacts_part2_g532/predictions/g532_final_consensus_tape.csv
2026-03-05,-1.0,-0.000399,1,1,0.031115,0,0.362065,0,VOO,0.031115,0.031115,0.0,0.0,-0.000399,-0.012837,0.031115,0.1964237012891612,0.5308488725155385,1,ok,1,0,0.151005,0.193816,0.544373,0.755338,0.566503,part2a21_alpha_positions.csv,part2a21_alpha_eligibility.csv,artifacts_part2_g532/predictions/g532_final_consensus_tape.csv
2026-03-06,1.0,0.000172,1,1,0.031115,0,0.362584,0,VOO,0.031115,0.031115,0.0,0.0,0.000172,0.00554,0.031115,0.1902061511585974,0.5221018880372447,1,ok,1,0,0.138435,0.182156,0.522454,0.769459,0.577094,part2a21_alpha_positions.csv,part2a21_alpha_eligibility.csv,artifacts_part2_g532/predictions/g532_final_consensus_tape.csv
2026-03-09,1.0,4.5e-05,1,1,0.030866,0,0.387608,0,VOO,0.030866,0.030866,0.000249,0.0,4.6e-05,0.001476,0.030866,0.1991853978398582,0.6341067761455133,1,ok,1,0,0.124351,0.14947,0.461004,0.799527,0.599645,part2a21_alpha_positions.csv,part2a21_alpha_eligibility.csv,artifacts_part2_g532/predictions/g532_final_consensus_tape.csv
2026-03-10,1.0,0.000107,1,1,0.030866,0,0.379147,0,VOO,0.030866,0.030866,0.0,0.0,0.000107,0.003464,0.030866,0.2068822930991092,0.5689569148054224,1,ok,1,0,0.166051,0.165052,0.490297,0.76945,0.577087,part2a21_alpha_positions.csv,part2a21_alpha_eligibility.csv,artifacts_part2_g532/predictions/g532_final_consensus_tape.csv
2026-03-11,-1.0,-0.000377,1,1,0.030866,0,0.394191,0,VOO,0.030866,0.030866,0.0,0.0,-0.000377,-0.012205,0.030866,0.2070363752859191,0.5626136946379371,1,ok,1,0,0.15854,0.155058,0.47151,0.780084,0.585063,part2a21_alpha_positions.csv,part2a21_alpha_eligibility.csv,artifacts_part2_g532/predictions/g532_final_consensus_tape.csv
2026-03-12,-1.0,-0.00014,1,1,0.030866,0,0.38319,0,VOO,0.030866,0.030866,0.0,0.0,-0.00014,-0.004537,0.030866,0.2013726968890904,0.6355661116624397,1,ok,1,0,0.14367,0.17283,0.50492,0.773874,0.580405,part2a21_alpha_positions.csv,part2a21_alpha_eligibility.csv,artifacts_part2_g532/predictions/g532_final_consensus_tape.csv
2026-03-13,1.0,0.000169,1,1,0.030866,0,0.407181,0,VOO,0.030866,0.030866,0.0,0.0,0.000169,0.005477,0.030866,0.1993598367504646,0.5904571672704163,1,ok,1,0,0.111982,0.139184,0.441667,0.81256,0.60942,part2a21_alpha_positions.csv,part2a21_alpha_eligibility.csv,artifacts_part2_g532/predictions/g532_final_consensus_tape.csv
2026-03-16,1.0,3.1e-05,1,1,0.035042,0,0.410249,0,VOO,0.035042,0.035042,0.004177,4e-06,3.5e-05,0.000991,0.035042,0.1998511039550825,0.6354330951602584,1,ok,1,0,0.113325,0.134583,0.433016,0.815297,0.611472,part2a21_alpha_positions.csv,part2a21_alpha_eligibility.csv,artifacts_part2_g532/predictions/g532_final_consensus_tape.csv
2026-03-17,-1.0,-0.000326,1,1,0.035042,0,0.417702,0,VOO,0.035042,0.035042,0.0,0.0,-0.000326,-0.009306,0.035042,0.1980061844093367,0.5808771950453517,1,ok,1,0,0.11255,0.1293,0.423084,0.819481,0.614611,part2a21_alpha_positions.csv,part2a21_alpha_eligibility.csv,artifacts_part2_g532/predictions/g532_final_consensus_tape.csv
2026-03-18,-1.0,-9e-05,1,1,0.035042,0,0.406501,0,VOO,0.035042,0.035042,0.0,0.0,-9e-05,-0.002578,0.035042,0.193444200124553,0.5611974447742243,1,ok,1,0,0.172096,0.141875,0.446726,0.783555,0.587666,part2a21_alpha_positions.csv,part2a21_alpha_eligibility.csv,artifacts_part2_g532/predictions/g532_final_consensus_tape.csv
2026-03-19,-1.0,-0.000196,1,1,0.035042,0,0.41466,0,VOO,0.035042,0.035042,0.0,0.0,-0.000196,-0.005603,0.035042,0.1977897179077896,0.620985673224154,1,ok,1,0,0.146235,0.136245,0.43614,0.79928,0.59946,part2a21_alpha_positions.csv,part2a21_alpha_eligibility.csv,artifacts_part2_g532/predictions/g532_final_consensus_tape.csv
2026-03-20,1.0,0.000268,1,1,0.035042,0,0.418096,0,VOO,0.035042,0.035042,0.0,0.0,0.000268,0.007639,0.035042,0.1997781266854446,0.4823061910773651,1,ok,1,0,0.186073,0.144877,0.452369,0.775086,0.581315,part2a21_alpha_positions.csv,part2a21_alpha_eligibility.csv,artifacts_part2_g532/predictions/g532_final_consensus_tape.csv
2026-03-23,-1.0,-3e-06,1,1,0.036493,0,0.41142,0,VOO,0.036493,0.036493,0.00145,1e-06,-1e-06,-3e-05,0.036493,0.2032070928259013,0.5456417619559152,1,ok,1,0,0.177142,0.152877,0.467409,0.773297,0.579973,part2a21_alpha_positions.csv,part2a21_alpha_eligibility.csv,artifacts_part2_g532/predictions/g532_final_consensus_tape.csv
2026-03-24,1.0,6e-06,1,1,0.036493,0,0.239984,0,VOO,0.036493,0.036493,0.0,0.0,6e-06,0.000173,0.036493,0.2007981564976148,0.536002525505931,1,ok,1,0,0.204826,0.168172,0.496164,0.749736,0.337381,part2a21_alpha_positions.csv,part2a21_alpha_eligibility.csv,artifacts_part2_g532/predictions/g532_final_consensus_tape.csv
2026-03-25,-1.0,-0.000357,1,1,0.036493,0,0.41268,0,VOO,0.036493,0.036493,0.0,0.0,-0.000357,-0.009784,0.036493,0.2024025275099215,0.6234004998497372,1,ok,1,0,0.187779,0.156155,0.473572,0.766131,0.574598,part2a21_alpha_positions.csv,part2a21_alpha_eligibility.csv,artifacts_part2_g532/predictions/g532_final_consensus_tape.csv
2026-03-26,-1.0,-0.00063,1,1,0.036493,0,0.411457,0,VOO,0.036493,0.036493,0.0,0.0,-0.00063,-0.017263,0.036493,0.1995359475852907,0.43505775053584,1,ok,1,0,0.19792,0.172694,0.504664,0.74956,0.56217,part2a21_alpha_positions.csv,part2a21_alpha_eligibility.csv,artifacts_part2_g532/predictions/g532_final_consensus_tape.csv
2026-03-27,-1.0,-0.000385,1,1,0.036493,0,0.227201,0,VOO,0.036493,0.036493,0.0,0.0,-0.000385,-0.010546,0.036493,0.1956510766086505,0.4170702369121897,1,ok,1,0,0.204854,0.171035,0.501545,0.747645,0.33644,part2a21_alpha_positions.csv,part2a21_alpha_eligibility.csv,artifacts_part2_g532/predictions/g532_final_consensus_tape.csv
2026-03-30,1.0,0.000249,1,1,0.010399,1,0.091619,0,VOO,0.010399,0.010399,0.026093,2.6e-05,0.000275,0.026425,0.010399,0.1883163253866681,0.4507326824103068,1,ok,1,0,0.206838,0.175273,0.509513,0.743675,0.133862,part2a21_alpha_positions.csv,part2a21_alpha_eligibility.csv,artifacts_part2_g532/predictions/g532_final_consensus_tape.csv
2026-03-31,1.0,9.1e-05,1,1,0.010399,1,0.072725,0,VOO,0.010399,0.010399,0.0,0.0,9.1e-05,0.008791,0.010399,0.1963962497678048,0.4568188493162659,1,ok,1,0,0.227705,0.198552,0.553278,0.717384,0.129129,part2a21_alpha_positions.csv,part2a21_alpha_eligibility.csv,artifacts_part2_g532/predictions/g532_final_consensus_tape.csv
2026-04-01,-1.0,-1.2e-05,1,1,0.010399,0,0.186074,0,VOO,0.010399,0.010399,0.0,0.0,-1.2e-05,-0.001167,0.010399,0.1976970470203514,0.5652985379113676,1,ok,1,0,0.225475,0.171306,0.502056,0.738168,0.332176,part2a21_alpha_positions.csv,part2a21_alpha_eligibility.csv,artifacts_part2_g532/predictions/g532_final_consensus_tape.csv
2026-04-02,0.0,0.0,1,1,0.010399,0,0.178558,0,VOO,0.010399,0.010399,0.0,0.0,0.0,0.0,0.010399,0.1954051553090422,0.5772645455232243,1,ok,1,1,0.262181,0.190356,0.537869,0.70782,0.318519,part2a21_alpha_positions.csv,part2a21_alpha_eligibility.csv,artifacts_part2_g532/predictions/g532_final_consensus_tape.csv
2026-04-03,1.0,7.3e-05,1,1,0.010399,0,0.188631,0,VOO,0.010399,0.010399,0.0,0.0,7.3e-05,0.007063,0.010399,0.190226276651166,0.559084037534434,1,ok,1,0,0.219926,0.167028,0.494013,0.743771,0.334697,part2a21_alpha_positions.csv,part2a21_alpha_eligibility.csv,artifacts_part2_g532/predictions/g532_final_consensus_tape.csv
2026-04-06,-1.0,-2.8e-05,1,1,0.013313,0,0.183737,0,VOO,0.013313,0.013313,0.002913,3e-06,-2.5e-05,-0.001912,0.013313,0.1986785824043888,0.5813148747447378,1,ok,1,0,0.239098,0.183026,0.524089,0.723529,0.325588,part2a21_alpha_positions.csv,part2a21_alpha_eligibility.csv,artifacts_part2_g532/predictions/g532_final_consensus_tape.csv
2026-04-07,1.0,0.000303,1,1,0.013313,0,0.185172,0,VOO,0.013313,0.013313,0.0,0.0,0.000303,0.02273,0.013313,0.1982417372928897,0.6242223762702634,1,ok,1,0,0.229076,0.180689,0.519696,0.729735,0.328381,part2a21_alpha_positions.csv,part2a21_alpha_eligibility.csv,artifacts_part2_g532/predictions/g532_final_consensus_tape.csv
2026-04-08,1.0,8.3e-05,1,1,0.013313,0,0.314554,0,VOO,0.013313,0.013313,0.0,0.0,8.3e-05,0.00622,0.013313,0.1992442802851608,0.6816744912591703,1,ok,1,0,0.157063,0.135044,0.433884,0.795279,0.596459,part2a21_alpha_positions.csv,part2a21_alpha_eligibility.csv,artifacts_part2_g532/predictions/g532_final_consensus_tape.csv
2026-04-09,1.0,1.3e-05,1,1,0.013313,0,0.322993,0,VOO,0.013313,0.013313,0.0,0.0,1.3e-05,0.001006,0.013313,0.195768021050473,0.5708305673714477,1,ok,1,0,0.167027,0.123842,0.412824,0.798928,0.599196,part2a21_alpha_positions.csv,part2a21_alpha_eligibility.csv,artifacts_part2_g532/predictions/g532_final_consensus_tape.csv
2026-04-10,1.0,0.0001,1,1,0.013313,0,0.351325,0,VOO,0.013313,0.013313,0.0,0.0,0.0001,0.007549,0.013313,0.2078244237455946,0.6464914001555219,1,ok,1,0,0.147302,0.127258,0.419246,0.805325,0.603994,part2a21_alpha_positions.csv,part2a21_alpha_eligibility.csv,artifacts_part2_g532/predictions/g532_final_consensus_tape.csv
2026-04-13,1.0,0.000218,1,1,0.026356,0,0.381979,0,VOO,0.026356,0.026356,0.013043,1.3e-05,0.000231,0.008783,0.026356,0.2058194397476711,0.6451257207660129,1,ok,1,0,0.125045,0.114506,0.395271,0.824599,0.618449,part2a21_alpha_positions.csv,part2a21_alpha_eligibility.csv,artifacts_part2_g532/predictions/g532_final_consensus_tape.csv
2026-04-14,1.0,0.000268,1,1,0.026356,0,0.410449,0,VOO,0.026356,0.026356,0.0,0.0,0.000268,0.010152,0.026356,0.1876155683303545,0.4342830701941726,1,ok,1,0,0.167872,0.122654,0.410589,0.799411,0.599558,part2a21_alpha_positions.csv,part2a21_alpha_eligibility.csv,artifacts_part2_g532/predictions/g532_final_consensus_tape.csv
2026-04-15,1.0,0.000105,1,1,0.026356,0,0.433819,0,VOO,0.026356,0.026356,0.0,0.0,0.000105,0.003969,0.026356,0.1955117178253353,0.4653212714241406,1,ok,1,0,0.073737,0.114637,0.395518,0.847592,0.635694,part2a21_alpha_positions.csv,part2a21_alpha_eligibility.csv,artifacts_part2_g532/predictions/g532_final_consensus_tape.csv
2026-04-16,1.0,0.000178,1,1,0.026356,0,0.436084,0,VOO,0.026356,0.026356,0.0,0.0,0.000178,0.006772,0.026356,0.1959858386334323,0.4679719588085294,1,ok,1,0,0.085199,0.121369,0.408173,0.837547,0.62816,part2a21_alpha_positions.csv,part2a21_alpha_eligibility.csv,artifacts_part2_g532/predictions/g532_final_consensus_tape.csv
2026-04-17,-1.0,-2.5e-05,1,1,0.026356,0,0.442463,0,VOO,0.026356,0.026356,0.0,0.0,-2.5e-05,-0.000963,0.026356,0.1910944389919749,0.4346823992419466,1,ok,1,0,0.084413,0.125188,0.415353,0.835128,0.626346,part2a21_alpha_positions.csv,part2a21_alpha_eligibility.csv,artifacts_part2_g532/predictions/g532_final_consensus_tape.csv
2026-04-20,-1.0,-0.000135,1,1,0.050047,0,0.580325,0,VOO,0.050047,0.050047,0.023691,2.4e-05,-0.000111,-0.002214,0.050047,0.1973576172012853,0.477135236386527,1,ok,1,0,0.056735,0.099749,0.367529,0.866051,0.839796,part2a21_alpha_positions.csv,part2a21_alpha_eligibility.csv,artifacts_part2_g532/predictions/g532_final_consensus_tape.csv
2026-04-21,1.0,0.000459,1,1,0.050047,0,0.442178,0,VOO,0.050047,0.050047,0.0,0.0,0.000459,0.009174,0.050047,0.1985788847871222,0.4911828130313094,1,ok,1,0,0.059115,0.113933,0.394195,0.854683,0.641012,part2a21_alpha_positions.csv,part2a21_alpha_eligibility.csv,artifacts_part2_g532/predictions/g532_final_consensus_tape.csv
2026-04-22,-1.0,-0.000124,1,1,0.050047,0,0.496798,0,VOO,0.050047,0.050047,0.0,0.0,-0.000124,-0.002474,0.050047,0.186089452209879,0.4026761387791581,1,ok,1,0,0.069469,0.11763,0.401144,0.84734,0.635505,part2a21_alpha_positions.csv,part2a21_alpha_eligibility.csv,artifacts_part2_g532/predictions/g532_final_consensus_tape.csv
2026-04-23,1.0,0.000295,1,1,0.050047,0,0.472342,0,VOO,0.050047,0.050047,0.0,0.0,0.000295,0.005902,0.050047,0.202323812923399,0.5155465642473102,1,ok,1,0,0.081365,0.136585,0.43678,0.828225,0.621169,part2a21_alpha_positions.csv,part2a21_alpha_eligibility.csv,artifacts_part2_g532/predictions/g532_final_consensus_tape.csv
2026-04-24,1.0,0.000198,1,1,0.050047,0,0.489055,0,VOO,0.050047,0.050047,0.0,0.0,0.000198,0.003949,0.050047,0.1843229813749664,0.3881495913644986,1,ok,1,0,0.065645,0.112074,0.3907,0.853094,0.63982,part2a21_alpha_positions.csv,part2a21_alpha_eligibility.csv,artifacts_part2_g532/predictions/g532_final_consensus_tape.csv
2026-04-27,-1.0,-0.000197,1,1,0.049186,0,0.492821,0,VOO,0.049186,0.049186,0.000861,1e-06,-0.000197,-0.003996,0.049186,0.1881171178483549,0.4174235047842527,1,ok,1,0,0.064044,0.110066,0.386924,0.855272,0.641454,part2a21_alpha_positions.csv,part2a21_alpha_eligibility.csv,artifacts_part2_g532/predictions/g532_final_consensus_tape.csv
2026-04-28,1.0,0.000231,1,1,0.049186,0,0.462593,0,VOO,0.049186,0.049186,0.0,0.0,0.000231,0.004705,0.049186,0.204001696237759,0.5267424113122258,1,ok,1,0,0.090888,0.145932,0.454351,0.817154,0.612866,part2a21_alpha_positions.csv,part2a21_alpha_eligibility.csv,artifacts_part2_g532/predictions/g532_final_consensus_tape.csv
2026-04-29,1.0,0.000381,1,1,0.049186,0,0.494342,0,VOO,0.049186,0.049186,0.0,0.0,0.000381,0.007747,0.049186,0.1911475493640162,0.4415715739578449,1,ok,1,0,0.069762,0.115591,0.397312,0.848687,0.636516,part2a21_alpha_positions.csv,part2a21_alpha_eligibility.csv,artifacts_part2_g532/predictions/g532_final_consensus_tape.csv
2026-04-30,1.0,0.000107,1,1,0.049186,0,0.487695,0,VOO,0.049186,0.049186,0.0,0.0,0.000107,0.002172,0.049186,0.2075651542648342,0.5418159082577255,1,ok,1,0,0.046806,0.129256,0.423002,0.849097,0.636823,part2a21_alpha_positions.csv,part2a21_alpha_eligibility.csv,artifacts_part2_g532/predictions/g532_final_consensus_tape.csv
2026-05-01,1.0,4e-06,1,1,0.049186,0,0.491072,0,VOO,0.049186,0.049186,0.0,0.0,4e-06,7.2e-05,0.049186,0.2105027207154393,0.5558061551548664,1,ok,1,0,0.051111,0.129919,0.424248,0.846679,0.635009,part2a21_alpha_positions.csv,part2a21_alpha_eligibility.csv,artifacts_part2_g532/predictions/g532_final_consensus_tape.csv
2026-05-04,1.0,0.000331,1,1,0.052794,0,0.493583,0,VOO,0.052794,0.052794,0.003608,4e-06,0.000334,0.006334,0.052794,0.1906985241715744,0.4360952698781437,1,ok,1,0,0.072098,0.115136,0.396455,0.847967,0.635975,part2a21_alpha_positions.csv,part2a21_alpha_eligibility.csv,artifacts_part2_g532/predictions/g532_final_consensus_tape.csv
2026-05-05,1.0,0.000476,1,1,0.052794,0,0.667349,0,VOO,0.052794,0.052794,0.0,0.0,0.000476,0.009011,0.052794,0.2151732573945723,0.5749714936165652,1,ok,1,0,0.041594,0.096196,0.360849,0.875444,0.851992,part2a21_alpha_positions.csv,part2a21_alpha_eligibility.csv,artifacts_part2_g532/predictions/g532_final_consensus_tape.csv
2026-05-06,-1.0,-5e-06,1,1,0.052794,0,0.493168,0,VOO,0.052794,0.052794,0.0,0.0,-5e-06,-9e-05,0.052794,0.1917307368561271,0.429378388948526,1,ok,1,0,0.079024,0.123896,0.412925,0.838491,0.628868,part2a21_alpha_positions.csv,part2a21_alpha_eligibility.csv,artifacts_part2_g532/predictions/g532_final_consensus_tape.csv
2026-05-07,1.0,0.000291,1,1,0.052794,0,0.670181,0,VOO,0.052794,0.052794,0.0,0.0,0.000291,0.005509,0.052794,0.1819114641036544,0.3605530504169518,1,ok,1,0,0.058438,0.096395,0.361222,0.86772,0.841805,part2a21_alpha_positions.csv,part2a21_alpha_eligibility.csv,artifacts_part2_g532/predictions/g532_final_consensus_tape.csv
2026-05-08,1.0,0.000293,1,1,0.052794,0,0.666096,0,VOO,0.052794,0.052794,0.0,0.0,0.000293,0.005556,0.052794,0.1867826001261904,0.3918795088943106,1,ok,1,0,0.059946,0.102205,0.372146,0.862823,0.835689,part2a21_alpha_positions.csv,part2a21_alpha_eligibility.csv,artifacts_part2_g532/predictions/g532_final_consensus_tape.csv
2026-05-11,1.0,0.000124,1,1,0.062934,0,0.508082,0,VOO,0.062934,0.062934,0.010141,1e-05,0.000134,0.002135,0.062934,0.1928054681742078,0.4476292965132867,1,ok,1,0,0.067879,0.11209,0.390729,0.852077,0.639058,part2a21_alpha_positions.csv,part2a21_alpha_eligibility.csv,artifacts_part2_g532/predictions/g532_final_consensus_tape.csv
2026-05-12,1.0,0.000346,1,1,0.062934,0,0.528904,0,VOO,0.062934,0.062934,0.0,0.0,0.000346,0.005496,0.062934,0.1814990918094434,0.3749966431225801,1,ok,1,0,0.075483,0.117057,0.400068,0.845049,0.633787,part2a21_alpha_positions.csv,part2a21_alpha_eligibility.csv,artifacts_part2_g532/predictions/g532_final_consensus_tape.csv
2026-05-13,1.0,0.000529,1,1,0.062934,0,0.504152,0,VOO,0.062934,0.062934,0.0,0.0,0.000529,0.008402,0.062934,0.1909240717215436,0.6583396171129366,1,ok,1,0,0.13903,0.130912,0.426115,0.806394,0.604796,part2a21_alpha_positions.csv,part2a21_alpha_eligibility.csv,artifacts_part2_g532/predictions/g532_final_consensus_tape.csv
2026-05-14,-1.0,-0.00026,1,1,0.062934,0,0.675773,0,VOO,0.062934,0.062934,0.0,0.0,-0.00026,-0.004139,0.062934,0.1914565267635823,0.6583083751311699,1,ok,1,0,0.102744,0.098024,0.364284,0.8466,0.814253,part2a21_alpha_positions.csv,part2a21_alpha_eligibility.csv,artifacts_part2_g532/predictions/g532_final_consensus_tape.csv
2026-05-15,-1.0,-2.2e-05,1,1,0.062934,0,0.487687,0,VOO,0.062934,0.062934,0.0,0.0,-2.2e-05,-0.000352,0.062934,0.1928171256998571,0.5990417198384308,1,ok,1,0,0.117044,0.12098,0.407443,0.823498,0.617624,part2a21_alpha_positions.csv,part2a21_alpha_eligibility.csv,artifacts_part2_g532/predictions/g532_final_consensus_tape.csv
2026-05-18,-1.0,-0.000196,1,1,0.073347,0,0.489636,0,VOO,0.073347,0.073347,0.010413,1e-05,-0.000185,-0.002524,0.073347,0.1990890861246107,0.4934891441112992,1,ok,1,0,0.120656,0.111688,0.389974,0.828619,0.621464,part2a21_alpha_positions.csv,part2a21_alpha_eligibility.csv,artifacts_part2_g532/predictions/g532_final_consensus_tape.csv
2026-05-19,1.0,0.00026,1,1,0.073347,0,0.624807,0,VOO,0.073347,0.073347,0.0,0.0,0.00026,0.00355,0.073347,0.1972054910903848,0.522659777622421,1,ok,1,0,0.108068,0.104053,0.37562,0.839827,0.805792,part2a21_alpha_positions.csv,part2a21_alpha_eligibility.csv,artifacts_part2_g532/predictions/g532_final_consensus_tape.csv
2026-05-20,1.0,9e-05,1,1,0.073347,0,0.497299,0,VOO,0.073347,0.073347,0.0,0.0,9e-05,0.001222,0.073347,0.1980268349816273,0.5290119676688558,1,ok,1,0,0.114249,0.109009,0.384937,0.833448,0.625086,part2a21_alpha_positions.csv,part2a21_alpha_eligibility.csv,artifacts_part2_g532/predictions/g532_final_consensus_tape.csv
2026-05-21,1.0,0.000228,1,1,0.073347,0,0.656832,0,VOO,0.073347,0.073347,0.0,0.0,0.000228,0.003108,0.073347,0.1989338004243369,0.5296570724409642,1,ok,1,0,0.09484,0.093627,0.356019,0.853349,0.822804,part2a21_alpha_positions.csv,part2a21_alpha_eligibility.csv,artifacts_part2_g532/predictions/g532_final_consensus_tape.csv
2026-05-22,0.0,0.0,1,1,0.073347,0,0.503492,0,VOO,0.073347,0.073347,0.0,0.0,0.0,0.0,0.073347,0.2041242422768866,0.4398515387309998,1,ok,1,0,0.111277,0.108285,0.383575,0.835311,0.626483,part2a21_alpha_positions.csv,part2a21_alpha_eligibility.csv,artifacts_part2_g532/predictions/g532_final_consensus_tape.csv
2026-05-25,1.0,0.000192,1,1,0.095898,0,0.660617,0,VOO,0.095898,0.095898,0.022551,2.3e-05,0.000214,0.002233,0.095898,0.1972950924156294,0.5749275032001754,1,ok,1,0,0.09649,0.099682,0.367402,0.84821,0.816439,part2a21_alpha_positions.csv,part2a21_alpha_eligibility.csv,artifacts_part2_g532/predictions/g532_final_consensus_tape.csv
2026-05-26,-1.0,-4.8e-05,1,1,0.095898,0,0.507773,0,VOO,0.095898,0.095898,0.0,0.0,-4.8e-05,-0.000497,0.095898,0.19589426669389,0.6161833312600304,1,ok,1,0,0.107541,0.108568,0.384107,0.836787,0.62759,part2a21_alpha_positions.csv,part2a21_alpha_eligibility.csv,artifacts_part2_g532/predictions/g532_final_consensus_tape.csv
2026-05-27,1.0,0.000324,1,1,0.095898,0,0.667682,0,VOO,0.095898,0.095898,0.0,0.0,0.000324,0.003379,0.095898,0.1966629158132998,0.6103164516901352,1,ok,1,0,0.096322,0.099561,0.367175,0.848374,0.816645,part2a21_alpha_positions.csv,part2a21_alpha_eligibility.csv,artifacts_part2_g532/predictions/g532_final_consensus_tape.csv
2026-05-28,1.0,0.000107,1,1,0.095898,0,0.538909,0,VOO,0.095898,0.095898,0.0,0.0,0.000107,0.001112,0.095898,0.1951290921599494,0.6516534159209247,1,ok,1,0,0.107533,0.108551,0.384075,0.836802,0.627602,part2a21_alpha_positions.csv,part2a21_alpha_eligibility.csv,artifacts_part2_g532/predictions/g532_final_consensus_tape.csv
2026-05-29,1.0,0.000415,1,1,0.095898,0,0.728701,0,VOO,0.095898,0.095898,0.0,0.0,0.000415,0.004329,0.095898,0.1949158580186801,0.6628045580473695,1,ok,1,0,0.098692,0.093521,0.35582,0.851692,0.820637,part2a21_alpha_positions.csv,part2a21_alpha_eligibility.csv,artifacts_part2_g532/predictions/g532_final_consensus_tape.csv
2026-06-01,1.0,5.5e-05,1,1,0.110039,0,0.737439,0,VOO,0.110039,0.110039,0.014142,1.4e-05,7e-05,0.000633,0.110039,0.1943741737459691,0.6583845831894625,1,ok,1,0,0.086593,0.082181,0.3345,0.86537,0.837914,part2a21_alpha_positions.csv,part2a21_alpha_eligibility.csv,artifacts_part2_g532/predictions/g532_final_consensus_tape.csv
2026-06-02,-1.0,-0.000494,1,1,0.110039,0,0.564557,0,VOO,0.110039,0.110039,0.0,0.0,-0.000494,-0.004492,0.110039,0.1985897251204341,0.5838909745026597,1,ok,1,0,0.116504,0.110325,0.387411,0.831477,0.623608,part2a21_alpha_positions.csv,part2a21_alpha_eligibility.csv,artifacts_part2_g532/predictions/g532_final_consensus_tape.csv
2026-06-03,1.0,0.000287,1,1,0.110039,0,0.719408,0,VOO,0.110039,0.110039,0.0,0.0,0.000287,0.002611,0.110039,0.1981586181900047,0.6036288144247176,1,ok,1,0,0.090827,0.084246,0.338382,0.861965,0.83356,part2a21_alpha_positions.csv,part2a21_alpha_eligibility.csv,artifacts_part2_g532/predictions/g532_final_consensus_tape.csv
2026-06-04,-1.0,-0.002307,1,1,0.110039,0,0.705637,0,VOO,0.110039,0.110039,0.0,0.0,-0.002307,-0.020962,0.110039,0.1975933458136805,0.6100382795562803,1,ok,1,0,0.097664,0.095312,0.359187,0.850855,0.819644,part2a21_alpha_positions.csv,part2a21_alpha_eligibility.csv,artifacts_part2_g532/predictions/g532_final_consensus_tape.csv
2026-06-05,1.0,0.00039,1,1,0.110039,0,0.400949,0,VOO,0.110039,0.110039,0.0,0.0,0.00039,0.003544,0.110039,0.1945828770717974,0.5750594160999012,1,ok,1,0,0.128715,0.16673,0.493453,0.785032,0.588774,part2a21_alpha_positions.csv,part2a21_alpha_eligibility.csv,artifacts_part2_g532/predictions/g532_final_consensus_tape.csv
2026-06-08,-1.0,-0.000408,1,1,0.063424,0,0.422828,0,VOO,0.063424,0.063424,0.046615,4.7e-05,-0.000361,-0.005694,0.063424,0.197299754959323,0.5581720232777106,1,ok,1,0,0.100528,0.118002,0.401844,0.833093,0.62482,part2a21_alpha_positions.csv,part2a21_alpha_eligibility.csv,artifacts_part2_g532/predictions/g532_final_consensus_tape.csv
2026-06-09,-1.0,-0.000944,1,1,0.063424,0,0.407231,0,VOO,0.063424,0.063424,0.0,0.0,-0.000944,-0.01488,0.063424,0.1973802436669759,0.5423015251140478,1,ok,1,0,0.12768,0.140607,0.444341,0.804463,0.603347,part2a21_alpha_positions.csv,part2a21_alpha_eligibility.csv,artifacts_part2_g532/predictions/g532_final_consensus_tape.csv
2026-06-10,1.0,0.000616,1,1,0.063424,0,0.40198,0,VOO,0.063424,0.063424,0.0,0.0,0.000616,0.009708,0.063424,0.2142497714077587,0.4901926662008581,1,ok,1,0,0.038943,0.160354,0.481465,0.830059,0.622544,part2a21_alpha_positions.csv,part2a21_alpha_eligibility.csv,artifacts_part2_g532/predictions/g532_final_consensus_tape.csv
2026-06-11,1.0,0.000455,1,1,0.063424,0,0.394572,0,VOO,0.063424,0.063424,0.0,0.0,0.000455,0.007167,0.063424,0.1907273570407243,0.3750202128108411,1,ok,1,0,0.070272,0.128691,0.421939,0.838948,0.629211,part2a21_alpha_positions.csv,part2a21_alpha_eligibility.csv,artifacts_part2_g532/predictions/g532_final_consensus_tape.csv
2026-06-12,1.0,0.001028,1,1,0.063424,0,0.391964,0,VOO,0.063424,0.063424,0.0,0.0,0.001028,0.016209,0.063424,0.1813490554664547,0.3149745404097354,1,ok,1,0,0.066837,0.118415,0.40262,0.847954,0.635965,part2a21_alpha_positions.csv,part2a21_alpha_eligibility.csv,artifacts_part2_g532/predictions/g532_final_consensus_tape.csv
2026-06-15,-1.0,-0.000385,1,1,0.043165,0,0.364652,0,VOO,0.043165,0.043165,0.020259,2e-05,-0.000364,-0.00844,0.043165,0.1825411840165183,0.3465149614697619,1,ok,1,0,0.080333,0.130203,0.424782,0.833323,0.624992,part2a21_alpha_positions.csv,part2a21_alpha_eligibility.csv,artifacts_part2_g532/predictions/g532_final_consensus_tape.csv
2026-06-16,-1.0,-0.000296,1,1,0.043165,0,0.363631,0,VOO,0.043165,0.043165,0.0,0.0,-0.000296,-0.006861,0.043165,0.1881722479325744,0.3562722583820555,1,ok,1,0,0.07649,0.12514,0.415264,0.838728,0.629046,part2a21_alpha_positions.csv,part2a21_alpha_eligibility.csv,artifacts_part2_g532/predictions/g532_final_consensus_tape.csv
2026-06-17,,,0,1,0.043165,0,0.358129,1,VOO,0.043165,0.043165,0.0,0.0,,,0.043165,0.1845626441714205,0.3322453410151451,1,ok,0,0,0.072851,0.141034,0.445144,0.828827,0.62162,part2a21_alpha_positions.csv,part2a21_alpha_eligibility.csv,artifacts_part2_g532/predictions/g532_final_consensus_tape.csv
