{
  "part": "part2",
  "version": "GEN5_PART2_GEN532_SOFT_CAUTION_OVERLAY",
  "schema_version": "part2.g5.phase3_2.schema1",
  "horizon": 1,
  "holdout_start": "2020-01-01",
  "rows_rebalance": 1642,
  "rows_realized": 1641,
  "rows_audit": 1641,
  "model_feature_count": 14,
  "forbidden_feature_count": 22,
  "forbidden_features_excluded": [
    "Date",
    "bench_60_40",
    "calendar_name",
    "decision_is_tuesday",
    "decision_weekday",
    "excess_ret",
    "fwd_ief",
    "fwd_ief_reg",
    "fwd_spread",
    "fwd_voo",
    "fwd_voo_reg",
    "is_revealed_master",
    "master_row_num",
    "px_ief_fwd",
    "px_ief_t",
    "px_voo_fwd",
    "px_voo_t",
    "row_num_in_calendar",
    "target_date",
    "y_avail",
    "y_rel_tail_voo_vs_ief",
    "y_voo"
  ],
  "script_version": "GEN5_PART2_G532_DEEPDIAG_V4",
  "contract_profile": "live_locked_14_inferred",
  "expected_model_feature_count": 14,
  "expected_forbidden_count": 22,
  "contract_missing_locked": [],
  "contract_missing_optional": [
    "bench_excess_voo_minus_ief",
    "bench_ief",
    "bench_voo"
  ],
  "contract_extra_locked": [],
  "classification_base": {
    "auc": 0.5376650407871499,
    "pr": 0.2526266627858953,
    "lift": 1.1955565301041196,
    "brier": 0.17645653651785637,
    "ece": 0.01360297030853146
  },
  "classification_dist": {
    "auc": 0.5456942225212346,
    "pr": 0.2620732215005819,
    "lift": 1.3116299796287914,
    "brier": 0.18440984551692335,
    "ece": 0.07607059192911975
  },
  "classification_final_used": {
    "auc": 0.5376650407871499,
    "pr": 0.2526266627858953,
    "lift": 1.1955565301041196,
    "brier": 0.17645653651785637,
    "ece": 0.01360297030853146
  },
  "distributional_diagnostics": {
    "raw_coverage": 0.8238878732480195,
    "conf_coverage": 0.8957952468007313,
    "median_rmse": 0.014060087236243076
  },
  "calibration_gate_on_rate": 0.9878197320341048,
  "high_risk_state_rate": 0.38915956151035325,
  "drift_base_ece": 0.01360297030853146,
  "drift_base_brier": 0.17645653651785637,
  "drift_alarm_rate": 0.17113276492082827,
  "deploy_downside_rate": 0.0,
  "defense_trigger_mean": 0.11707348179085718,
  "defense_trigger_threshold_median": 0.14060621132253404,
  "deploy_upside_rate": 0.0,
  "raw_val_auc_median": 0.5492021276595745,
  "active_ret_net_mean": -4.1227431787382984e-20,
  "active_ret_net_ir": -5.661480689589675e-17,
  "strategy_ret_net_ir": 0.6561880587097066,
  "negative_benchmark_active_mean": 0.006088545167229374,
  "negative_benchmark_hit_rate": 0.7728531855955678,
  "downside_capture_ratio": -0.11638671842685899,
  "avg_abs_active_weight_raw": 0.0,
  "avg_abs_active_weight_capped": 0.0,
  "shuffle_auc_median": 0.48905157342657346,
  "suspicious_perf_flag": false,
  "stress_panel": {
    "slippage_5_0bps": {
      "active_mean": -4.1227431787382984e-20,
      "active_ir": -5.661480689589675e-17,
      "strategy_ir": 0.6561880587097066
    },
    "slippage_7_5bps": {
      "active_mean": -4.1227431787382984e-20,
      "active_ir": -5.661480689589675e-17,
      "strategy_ir": 0.6561880587097066
    },
    "slippage_10_0bps": {
      "active_mean": -4.1227431787382984e-20,
      "active_ir": -5.661480689589675e-17,
      "strategy_ir": 0.6561880587097066
    }
  },
  "tail_event_threshold": -0.005669467095138408,
  "part1_version_consumed": "V20_P1_DAILY",
  "environment": {
    "utc_run_ts": "2026-04-17T00:13:38.030308+00:00",
    "python": "3.12.13",
    "platform": "Linux-6.17.0-1010-azure-x86_64-with-glibc2.39",
    "pandas": "3.0.2",
    "numpy": "2.4.4",
    "script_path": "part2_predictor.py",
    "script_sha256": "bb29e243da3d994428fa722f447c9e31b6a60314c801f96aeb6ae368c8ca16f5"
  },
  "build_variant": "PHASE3_2_BASE_PLUS_SOFT_CAUTION_OVERLAY",
  "dist_overlay_on_rate": 0.9993909866017052,
  "dist_trust_mean": 0.7264799620499056,
  "dist_overlay_strength_mean": 0.16154391605312055,
  "active_ir_final_pass_min": 0.04,
  "active_ir_fail_closed_min": 0.04,
  "effective_drift_ece_max": 0.17,
  "effective_drift_brier_max": 0.22,
  "effective_final_pass_drift_rate_max": 0.4,
  "effective_fail_closed_drift_rate": 0.4,
  "effective_fail_closed_cal_gate": 0.85,
  "final_pass": false,
  "out_path": "./artifacts_part2_g532/predictions/g532_final_consensus_tape.csv",
  "publish_mode": "FAIL_CLOSED_NEUTRAL",
  "output_hashes": {
    "consensus_tape_sha256": "3a748406622435ec34b1a07ec0841386b508391c6f279e5bef6aa6f4a65124b4",
    "summary_payload_sha256": "a2c514b830d40aee49bcb5cfee0903a49e53f29ec62580b8d1e8dce9b7d1bd1c"
  }
}