{
  "part": "part2",
  "version": "GEN5_PART2_GEN532_SOFT_CAUTION_OVERLAY",
  "schema_version": "part2.g5.phase3_2.schema1",
  "horizon": 7,
  "holdout_start": "2020-01-01",
  "rows_rebalance": 235,
  "rows_realized": 233,
  "rows_audit": 233,
  "model_feature_count": 14,
  "forbidden_feature_count": 22,
  "forbidden_features_excluded": [
    "Date",
    "bench_60_40",
    "calendar_name",
    "decision_is_tuesday",
    "decision_weekday",
    "excess_ret",
    "fwd_ief",
    "fwd_ief_reg",
    "fwd_spread",
    "fwd_voo",
    "fwd_voo_reg",
    "is_revealed_master",
    "master_row_num",
    "px_ief_fwd",
    "px_ief_t",
    "px_voo_fwd",
    "px_voo_t",
    "row_num_in_calendar",
    "target_date",
    "y_avail",
    "y_rel_tail_voo_vs_ief",
    "y_voo"
  ],
  "script_version": "GEN5_PART2_G532_DEEPDIAG_V4",
  "contract_profile": "live_locked_14",
  "expected_model_feature_count": 14,
  "expected_forbidden_count": 22,
  "contract_missing_locked": [],
  "contract_missing_optional": [
    "bench_excess_voo_minus_ief",
    "bench_ief",
    "bench_voo"
  ],
  "contract_extra_locked": [],
  "classification_base": {
    "auc": 0.6054881412024269,
    "pr": 0.22162195025824566,
    "lift": 1.1913805697589483,
    "brier": 0.14488299039144562,
    "ece": 0.08303885072509885
  },
  "classification_dist": {
    "auc": 0.4168505239933812,
    "pr": 0.13059937742075017,
    "lift": 0.17019722425127834,
    "brier": 0.2287504539097675,
    "ece": 0.2649034922673459
  },
  "classification_final_used": {
    "auc": 0.6054881412024269,
    "pr": 0.22162195025824566,
    "lift": 1.1913805697589483,
    "brier": 0.14488299039144562,
    "ece": 0.08303885072509885
  },
  "distributional_diagnostics": {
    "raw_coverage": 0.7725321888412017,
    "conf_coverage": 0.9356223175965666,
    "median_rmse": 0.03524728579990699
  },
  "calibration_gate_on_rate": 0.8297872340425532,
  "high_risk_state_rate": 0.5148936170212766,
  "drift_base_ece": 0.08303885072509885,
  "drift_base_brier": 0.14488299039144562,
  "drift_alarm_rate": 0.10212765957446808,
  "deploy_downside_rate": 0.10212765957446808,
  "defense_trigger_mean": 0.29158136147203695,
  "defense_trigger_threshold_median": 0.36680000000000007,
  "deploy_upside_rate": 0.0,
  "raw_val_auc_median": 0.6673951048951049,
  "active_ret_net_mean": 0.0013921536495981313,
  "active_ret_net_ir": 0.41633933343658935,
  "strategy_ret_net_ir": 0.6351641926807701,
  "negative_benchmark_active_mean": 0.005511417766987261,
  "negative_benchmark_hit_rate": 0.68,
  "downside_capture_ratio": -0.052355775025740334,
  "avg_abs_active_weight_raw": 0.016340425531914896,
  "avg_abs_active_weight_capped": 0.016340425531914896,
  "shuffle_auc_median": 0.4717615852226572,
  "suspicious_perf_flag": false,
  "stress_panel": {
    "slippage_5_0bps": {
      "active_mean": 0.0013976472118298908,
      "active_ir": 0.41799021858193364,
      "strategy_ir": 0.6369363911916535
    },
    "slippage_7_5bps": {
      "active_mean": 0.001394900430714011,
      "active_ir": 0.4171648213725755,
      "strategy_ir": 0.6360503623646451
    },
    "slippage_10_0bps": {
      "active_mean": 0.0013921536495981313,
      "active_ir": 0.41633933343658935,
      "strategy_ir": 0.6351641926807701
    }
  },
  "tail_event_threshold": -0.015,
  "part1_version_consumed": "V19_P1_HARDENED",
  "environment": {
    "utc_run_ts": "2026-04-10T22:35:13.856723+00:00",
    "python": "3.12.13",
    "platform": "Linux-6.17.0-1010-azure-x86_64-with-glibc2.39",
    "pandas": "3.0.2",
    "numpy": "2.4.4",
    "script_path": "part2_predictor.py",
    "script_sha256": "904bef9b3130634033e6fdf558b6e88414015c638fbacbf9aee334236f241760"
  },
  "build_variant": "PHASE3_2_BASE_PLUS_SOFT_CAUTION_OVERLAY",
  "dist_overlay_on_rate": 0.774468085106383,
  "dist_trust_mean": 0.5194443221310101,
  "dist_overlay_strength_mean": 0.10618266319743233,
  "active_ir_final_pass_min": 0.04,
  "active_ir_fail_closed_min": 0.04,
  "effective_drift_ece_max": 0.17,
  "effective_drift_brier_max": 0.22,
  "effective_final_pass_drift_rate_max": 0.4,
  "effective_fail_closed_drift_rate": 0.4,
  "effective_fail_closed_cal_gate": 0.85,
  "final_pass": true,
  "out_path": "./artifacts_part2_g532/predictions/g532_final_consensus_tape.csv",
  "publish_mode": "NORMAL",
  "output_hashes": {
    "consensus_tape_sha256": "98a36e599edfd1dc086ecd0a7635decc611a7955a9433661c1f7a21d12c54b82",
    "summary_payload_sha256": "12b5aa20a6fc8955a46e1f16c28c3e4543837e6929bc393be723477034dea0be"
  }
}