{
  "distribution_validation": {
    "raw_coverage_mean": 0.8244935223024085,
    "conf_coverage_mean": 0.9103797737394819,
    "median_rmse_mean": 0.013358690201941404
  },
  "fused_probabilities": {
    "p_tail_base_mean": 0.21081581727389087,
    "p_tail_dist_mean": 0.2980426807430079,
    "p_final_g5_mean": 0.21081581727389087,
    "uncertainty_penalty_mean": 0.5003181732581838,
    "dist_tail_shift_mean": 0.0023066276548462366,
    "dist_width_caution_mean": 0.18699109389494417,
    "dist_overlay_on_rate": 0.1545952525867316,
    "dist_trust_mean": 0.6142354669054567,
    "dist_overlay_strength_mean": 0.07901716120673885
  },
  "tail_event_threshold": -0.005669467095138408
}