model,auc,pr,lift,brier,ece
base_only,0.5114862019081104,0.21548451573698582,1.0892107999569722,0.16259153406573248,0.016583493143828586
dist_only,0.504804610961563,0.21806591485915372,1.1039298648212557,0.17885685891597689,0.10972614035901192
base_plus_risk_overlay,0.5114862019081104,0.21548451573698582,1.0892107999569722,0.16259153406573248,0.016583493143828586
