{
  "part": "part2",
  "version": "GEN5_PART2_GEN532_SOFT_CAUTION_OVERLAY",
  "schema_version": "part2.g5.phase3_2.schema1",
  "horizon": 1,
  "holdout_start": "2020-01-01",
  "rows_rebalance": 1643,
  "rows_realized": 1642,
  "rows_audit": 1642,
  "model_feature_count": 14,
  "forbidden_feature_count": 22,
  "forbidden_features_excluded": [
    "Date",
    "bench_60_40",
    "calendar_name",
    "decision_is_tuesday",
    "decision_weekday",
    "excess_ret",
    "fwd_ief",
    "fwd_ief_reg",
    "fwd_spread",
    "fwd_voo",
    "fwd_voo_reg",
    "is_revealed_master",
    "master_row_num",
    "px_ief_fwd",
    "px_ief_t",
    "px_voo_fwd",
    "px_voo_t",
    "row_num_in_calendar",
    "target_date",
    "y_avail",
    "y_rel_tail_voo_vs_ief",
    "y_voo"
  ],
  "script_version": "GEN5_PART2_G532_DAILY_CANONICAL_V1",
  "contract_profile": "live_locked_14",
  "expected_model_feature_count": 14,
  "expected_forbidden_count": 22,
  "contract_missing_locked": [],
  "contract_missing_optional": [
    "bench_excess_voo_minus_ief",
    "bench_ief",
    "bench_voo"
  ],
  "contract_extra_locked": [],
  "classification_base": {
    "auc": 0.5114862019081104,
    "pr": 0.21548451573698582,
    "lift": 1.0892107999569722,
    "brier": 0.16259153406573248,
    "ece": 0.016583493143828586
  },
  "classification_dist": {
    "auc": 0.504804610961563,
    "pr": 0.21806591485915372,
    "lift": 1.1039298648212557,
    "brier": 0.17885685891597689,
    "ece": 0.10972614035901192
  },
  "classification_final_used": {
    "auc": 0.5114862019081104,
    "pr": 0.21548451573698582,
    "lift": 1.0892107999569722,
    "brier": 0.16259153406573248,
    "ece": 0.016583493143828586
  },
  "distributional_diagnostics": {
    "raw_coverage": 0.8160779537149817,
    "conf_coverage": 0.8909866017052375,
    "median_rmse": 0.014183837444161388
  },
  "calibration_gate_on_rate": 0.963481436396835,
  "high_risk_state_rate": 0.33049300060864273,
  "drift_base_ece": 0.016583493143828586,
  "drift_base_brier": 0.16259153406573248,
  "drift_alarm_rate": 0.09799147900182593,
  "deploy_downside_rate": 0.0036518563603164943,
  "defense_trigger_mean": 0.11709331252090963,
  "defense_trigger_threshold_median": 0.15,
  "deploy_upside_rate": 0.0,
  "raw_val_auc_median": 0.5367686527106817,
  "active_ret_net_mean": 8.151578079527529e-06,
  "active_ret_net_ir": 0.011195864366162038,
  "strategy_ret_net_ir": 0.6732731450825871,
  "negative_benchmark_active_mean": 0.006093985545808428,
  "negative_benchmark_hit_rate": 0.7728531855955678,
  "downside_capture_ratio": -0.11738378967230562,
  "avg_abs_active_weight_raw": 0.00046256847230675594,
  "avg_abs_active_weight_capped": 0.00046256847230675594,
  "shuffle_auc_median": 0.4916969382459782,
  "suspicious_perf_flag": false,
  "stress_panel": {
    "slippage_5_0bps": {
      "active_mean": 8.547436788419122e-06,
      "active_ir": 0.011739492915885653,
      "strategy_ir": 0.6740853648040728
    },
    "slippage_7_5bps": {
      "active_mean": 8.349507433973329e-06,
      "active_ir": 0.011467679706260345,
      "strategy_ir": 0.6736792920904725
    },
    "slippage_10_0bps": {
      "active_mean": 8.151578079527529e-06,
      "active_ir": 0.011195864366162038,
      "strategy_ir": 0.6732731450825871
    }
  },
  "tail_event_threshold": -0.005669467095138408,
  "part1_version_consumed": "V20_P1_DAILY",
  "environment": {
    "utc_run_ts": "2026-04-18T04:44:33.640055+00:00",
    "python": "3.12.13",
    "platform": "Linux-6.17.0-1010-azure-x86_64-with-glibc2.39",
    "pandas": "3.0.2",
    "numpy": "2.4.4",
    "script_path": "part2_predictor.py",
    "script_sha256": "d852322609b33bb92fa9d4970e50126b972389b736daf881e8e5161d0734600f"
  },
  "build_variant": "PHASE3_2_BASE_PLUS_SOFT_CAUTION_OVERLAY",
  "dist_overlay_on_rate": 0.1545952525867316,
  "dist_trust_mean": 0.6142354669054567,
  "dist_overlay_strength_mean": 0.07901716120673885,
  "active_ir_final_pass_min": 0.04,
  "active_ir_fail_closed_min": 0.04,
  "conditional_active_ir": -2.329702869872444,
  "conditional_active_ir_min": -0.5,
  "conditional_active_ir_floor_fail_closed": -1.5,
  "effective_drift_ece_max": 0.17,
  "effective_drift_brier_max": 0.22,
  "effective_final_pass_drift_rate_max": 0.4,
  "effective_fail_closed_drift_rate": 0.4,
  "effective_fail_closed_cal_gate": 0.85,
  "final_pass": false,
  "out_path": "/home/runner/work/Price-Call/Price-Call/artifacts_part2_g532/predictions/g532_final_consensus_tape.csv",
  "publish_mode": "FAIL_CLOSED_NEUTRAL",
  "output_hashes": {
    "consensus_tape_sha256": "1fe10f0c0e34157e741f3a129962a01915f115ca6beaf697389c67e14682467a",
    "summary_payload_sha256": "d0272c6bdd8d55c417205dbac38f5a02da35091fc448ae5a4bcd8359b3e9ca1a"
  }
}