{
  "part": "part2",
  "version": "GEN5_PART2_GEN532_SOFT_CAUTION_OVERLAY",
  "schema_version": "part2.g5.phase3_2.schema1",
  "horizon": 1,
  "holdout_start": "2020-01-01",
  "rows_rebalance": 1644,
  "rows_realized": 1643,
  "rows_audit": 1643,
  "model_feature_count": 14,
  "forbidden_feature_count": 22,
  "forbidden_features_excluded": [
    "Date",
    "bench_60_40",
    "calendar_name",
    "decision_is_tuesday",
    "decision_weekday",
    "excess_ret",
    "fwd_ief",
    "fwd_ief_reg",
    "fwd_spread",
    "fwd_voo",
    "fwd_voo_reg",
    "is_revealed_master",
    "master_row_num",
    "px_ief_fwd",
    "px_ief_t",
    "px_voo_fwd",
    "px_voo_t",
    "row_num_in_calendar",
    "target_date",
    "y_avail",
    "y_rel_tail_voo_vs_ief",
    "y_voo"
  ],
  "script_version": "GEN5_PART2_G532_DAILY_CANONICAL_V1",
  "contract_profile": "live_locked_14",
  "expected_model_feature_count": 14,
  "expected_forbidden_count": 22,
  "contract_missing_locked": [],
  "contract_missing_optional": [
    "bench_excess_voo_minus_ief",
    "bench_ief",
    "bench_voo"
  ],
  "contract_extra_locked": [],
  "classification_base": {
    "auc": 0.5150409646711162,
    "pr": 0.2171624462889531,
    "lift": 1.0456900570117251,
    "brier": 0.16240054886463134,
    "ece": 0.0163573127411489
  },
  "classification_dist": {
    "auc": 0.5068137216781106,
    "pr": 0.22156840473990352,
    "lift": 1.1340582308437017,
    "brier": 0.17836915865276212,
    "ece": 0.10848436062865374
  },
  "classification_final_used": {
    "auc": 0.5150409646711162,
    "pr": 0.2171624462889531,
    "lift": 1.0456900570117251,
    "brier": 0.16240054886463134,
    "ece": 0.0163573127411489
  },
  "distributional_diagnostics": {
    "raw_coverage": 0.815581253804017,
    "conf_coverage": 0.8928788800973828,
    "median_rmse": 0.014167878445940188
  },
  "calibration_gate_on_rate": 0.9635036496350365,
  "high_risk_state_rate": 0.3236009732360097,
  "drift_base_ece": 0.0163573127411489,
  "drift_base_brier": 0.16240054886463134,
  "drift_alarm_rate": 0.10097323600973236,
  "deploy_downside_rate": 0.0024330900243309003,
  "defense_trigger_mean": 0.11677349092996897,
  "defense_trigger_threshold_median": 0.15,
  "deploy_upside_rate": 0.0,
  "raw_val_auc_median": 0.536330254812507,
  "active_ret_net_mean": 6.718403367751411e-07,
  "active_ret_net_ir": 0.0009228865642615792,
  "strategy_ret_net_ir": 0.6695830642008436,
  "negative_benchmark_active_mean": 0.006090017339542646,
  "negative_benchmark_hit_rate": 0.7728531855955678,
  "downside_capture_ratio": -0.11665692373253243,
  "avg_abs_active_weight_raw": 0.00029805352798053527,
  "avg_abs_active_weight_capped": 0.00029805352798053527,
  "shuffle_auc_median": 0.48510348831700795,
  "suspicious_perf_flag": false,
  "stress_panel": {
    "slippage_5_0bps": {
      "active_mean": 9.031245729285201e-07,
      "active_ir": 0.0012405960461319824,
      "strategy_ir": 0.6700601989799394
    },
    "slippage_7_5bps": {
      "active_mean": 7.874824548518338e-07,
      "active_ir": 0.0010817412317546372,
      "strategy_ir": 0.6698216522464405
    },
    "slippage_10_0bps": {
      "active_mean": 6.718403367751411e-07,
      "active_ir": 0.0009228865642615792,
      "strategy_ir": 0.6695830642008436
    }
  },
  "tail_event_threshold": -0.005669467095138408,
  "part1_version_consumed": "V20_P1_DAILY",
  "environment": {
    "utc_run_ts": "2026-04-20T00:56:36.135205+00:00",
    "python": "3.12.13",
    "platform": "Linux-6.17.0-1010-azure-x86_64-with-glibc2.39",
    "pandas": "3.0.2",
    "numpy": "2.4.4",
    "script_path": "part2_predictor.py",
    "script_sha256": "d852322609b33bb92fa9d4970e50126b972389b736daf881e8e5161d0734600f"
  },
  "build_variant": "PHASE3_2_BASE_PLUS_SOFT_CAUTION_OVERLAY",
  "dist_overlay_on_rate": 0.1575425790754258,
  "dist_trust_mean": 0.6137463406039045,
  "dist_overlay_strength_mean": 0.07876578612116929,
  "active_ir_final_pass_min": 0.04,
  "active_ir_fail_closed_min": 0.04,
  "conditional_active_ir": -4.820209779074308,
  "conditional_active_ir_min": -0.5,
  "conditional_active_ir_floor_fail_closed": -1.5,
  "effective_drift_ece_max": 0.17,
  "effective_drift_brier_max": 0.22,
  "effective_final_pass_drift_rate_max": 0.4,
  "effective_fail_closed_drift_rate": 0.4,
  "effective_fail_closed_cal_gate": 0.85,
  "final_pass": false,
  "out_path": "/home/runner/work/Price-Call/Price-Call/artifacts_part2_g532/predictions/g532_final_consensus_tape.csv",
  "publish_mode": "FAIL_CLOSED_NEUTRAL",
  "output_hashes": {
    "consensus_tape_sha256": "296f7d934172454d63175205fe07ef21e950cc892ff3964286c1757e0368e54d",
    "summary_payload_sha256": "17895b97b48c55c9808b3ce718c45f5da6c56f78eb3a95b4c580786e1e21ad28"
  }
}