model,auc,pr,lift,brier,ece
base_only,0.5203965645019756,0.21807580989695147,1.0803811538599448,0.16152642588649002,0.009826818231863963
dist_only,0.5117691723614275,0.22072150796069367,1.1099806375273404,0.1758800910498948,0.11046316536009546
base_plus_risk_overlay,0.5203965645019756,0.21807580989695147,1.0803811538599448,0.16152642588649002,0.009826818231863963
