{
  "distribution_validation": {
    "raw_coverage_mean": 0.8257104260143774,
    "conf_coverage_mean": 0.910189607757997,
    "median_rmse_mean": 0.013357122499497108
  },
  "fused_probabilities": {
    "p_tail_base_mean": 0.20821280587904115,
    "p_tail_dist_mean": 0.2989338644989268,
    "p_final_g5_mean": 0.20821280587904115,
    "uncertainty_penalty_mean": 0.5006192213807223,
    "dist_tail_shift_mean": 0.0023170174020270135,
    "dist_width_caution_mean": 0.18831548215621693,
    "dist_overlay_on_rate": 0.16291793313069908,
    "dist_trust_mean": 0.6164770994611739,
    "dist_overlay_strength_mean": 0.07961048987969983
  },
  "tail_event_threshold": -0.005669467095138408
}