{
  "part": "part2",
  "version": "GEN5_PART2_GEN532_SOFT_CAUTION_OVERLAY",
  "schema_version": "part2.g5.phase3_2.schema1",
  "horizon": 1,
  "holdout_start": "2020-01-01",
  "rows_rebalance": 1645,
  "rows_realized": 1644,
  "rows_audit": 1644,
  "model_feature_count": 14,
  "forbidden_feature_count": 22,
  "forbidden_features_excluded": [
    "Date",
    "bench_60_40",
    "calendar_name",
    "decision_is_tuesday",
    "decision_weekday",
    "excess_ret",
    "fwd_ief",
    "fwd_ief_reg",
    "fwd_spread",
    "fwd_voo",
    "fwd_voo_reg",
    "is_revealed_master",
    "master_row_num",
    "px_ief_fwd",
    "px_ief_t",
    "px_voo_fwd",
    "px_voo_t",
    "row_num_in_calendar",
    "target_date",
    "y_avail",
    "y_rel_tail_voo_vs_ief",
    "y_voo"
  ],
  "script_version": "GEN5_PART2_G532_DAILY_CANONICAL_V1",
  "contract_profile": "live_locked_14",
  "expected_model_feature_count": 14,
  "expected_forbidden_count": 22,
  "contract_missing_locked": [],
  "contract_missing_optional": [
    "bench_excess_voo_minus_ief",
    "bench_ief",
    "bench_voo"
  ],
  "contract_extra_locked": [],
  "classification_base": {
    "auc": 0.5136056132010787,
    "pr": 0.2174146803691701,
    "lift": 1.0610635017390369,
    "brier": 0.1623693221428914,
    "ece": 0.014144864045524416
  },
  "classification_dist": {
    "auc": 0.5117726379302464,
    "pr": 0.22467339552460325,
    "lift": 1.0610635017390369,
    "brier": 0.17617028234879695,
    "ece": 0.10873208873499832
  },
  "classification_final_used": {
    "auc": 0.5136056132010787,
    "pr": 0.2174146803691701,
    "lift": 1.0610635017390369,
    "brier": 0.1623693221428914,
    "ece": 0.014144864045524416
  },
  "distributional_diagnostics": {
    "raw_coverage": 0.8205596107055961,
    "conf_coverage": 0.889294403892944,
    "median_rmse": 0.014124469677903905
  },
  "calibration_gate_on_rate": 0.9756838905775076,
  "high_risk_state_rate": 0.2127659574468085,
  "drift_base_ece": 0.014144864045524416,
  "drift_base_brier": 0.1623693221428914,
  "drift_alarm_rate": 0.09787234042553192,
  "deploy_downside_rate": 0.00364741641337386,
  "defense_trigger_mean": 0.08529870113740688,
  "defense_trigger_threshold_median": 0.05866895650888865,
  "deploy_upside_rate": 0.0,
  "raw_val_auc_median": 0.5392377885131507,
  "final_pass_auc_source": "rolling_median",
  "final_pass_auc_value": 0.5392377885131507,
  "active_ret_net_mean": 1.264453242149883e-06,
  "active_ret_net_ir": 0.001737429558245364,
  "strategy_ret_net_ir": 0.6686568551675683,
  "negative_benchmark_active_mean": 0.006083716031964677,
  "negative_benchmark_hit_rate": 0.7731673582295989,
  "downside_capture_ratio": -0.11661719539357365,
  "avg_abs_active_weight_raw": 0.00040121580547112465,
  "avg_abs_active_weight_capped": 0.00040121580547112465,
  "shuffle_auc_median": 0.4896706697595157,
  "suspicious_perf_flag": false,
  "stress_panel": {
    "slippage_5_0bps": {
      "active_mean": 1.5990031204953808e-06,
      "active_ir": 0.0021971162416180505,
      "strategy_ir": 0.6693362248789324
    },
    "slippage_7_5bps": {
      "active_mean": 1.431728181322633e-06,
      "active_ir": 0.001967273121042276,
      "strategy_ir": 0.6689965673891077
    },
    "slippage_10_0bps": {
      "active_mean": 1.264453242149883e-06,
      "active_ir": 0.001737429558245364,
      "strategy_ir": 0.6686568551675683
    }
  },
  "tail_event_threshold": -0.015,
  "part1_version_consumed": "V20_P1_DAILY",
  "environment": {
    "utc_run_ts": "2026-04-21T12:03:35.993356+00:00",
    "python": "3.12.13",
    "platform": "Linux-6.17.0-1010-azure-x86_64-with-glibc2.39",
    "pandas": "3.0.2",
    "numpy": "2.4.4",
    "script_path": "part2_predictor.py",
    "script_sha256": "d3a8b2ca67c09378c6581c3d264bfdef5815a0669ceb45fe671c63ad95ab5203"
  },
  "build_variant": "PHASE3_2_BASE_PLUS_SOFT_CAUTION_OVERLAY",
  "dist_overlay_on_rate": 0.16170212765957448,
  "dist_trust_mean": 0.7556078688354206,
  "dist_overlay_strength_mean": 0.15056853528863287,
  "active_ir_final_pass_min": 0.04,
  "active_ir_fail_closed_min": 0.04,
  "conditional_active_ir": NaN,
  "conditional_active_ir_min": -0.5,
  "conditional_active_ir_min_n": 10,
  "conditional_active_ir_floor_fail_closed": -1.5,
  "effective_drift_ece_max": 0.17,
  "effective_drift_brier_max": 0.22,
  "effective_final_pass_drift_rate_max": 0.4,
  "effective_fail_closed_drift_rate": 0.4,
  "effective_fail_closed_cal_gate": 0.85,
  "final_pass": true,
  "out_path": "/home/runner/work/Price-Call/Price-Call/artifacts_part2_g532/predictions/g532_final_consensus_tape.csv",
  "publish_mode": "NORMAL",
  "output_hashes": {
    "consensus_tape_sha256": "589419122dde0cdb1a24660ec057f9569244e7cd45f2dc7db563498189c3fd9c",
    "summary_payload_sha256": "6cc3dfea48d81add4bc5626b3e926e783c851f5b52c174e6f7d4a2673fa0e8a6"
  }
}