Date,is_live,eligible,eligibility_reason,prob_voo,alpha_score,component_agreement,entry_z_eff,agreement_min_eff,signal_strength,excess_vol10,alpha_position,dist_overlay_on_g53,dist_overlay_strength_g53,dist_width_caution_g53,uncertainty_penalty_g5
2020-01-01,0,0,weak_score,0.2228633881375527,,0.0,0.568386,0.493908,,0.054612,0.0,0,0.138592,0.13364,0.431243
2020-01-02,0,0,weak_score,0.2108757930339065,,0.0,0.577255,0.494415,,0.055683,0.0,0,0.16942,0.149435,0.460937
2020-01-03,0,0,weak_score,0.2287842292496697,,0.0,0.573027,0.494173,,0.09071,0.0,0,0.150278,0.144659,0.451958
2020-01-06,0,0,high_risk_veto,0.2773560273651655,,0.0,0.573404,0.494195,,0.094098,0.0,0,0.159298,0.140554,0.444241
2020-01-07,0,0,weak_score,0.2131899638842302,,0.0,0.571117,0.494064,,0.093952,0.0,0,0.149824,0.137425,0.438359
2020-01-08,0,0,weak_score,0.211308941657084,,0.0,0.570886,0.494051,,0.101764,0.0,0,0.149927,0.136454,0.436533
2020-01-09,0,0,weak_score,0.1998283255270141,,0.0,0.573869,0.494221,,0.104704,0.0,0,0.171804,0.134632,0.433109
2020-01-10,0,0,weak_score,0.2400813778136148,,0.0,0.57663,0.494379,,0.108267,0.0,0,0.165343,0.149504,0.461067
2020-01-13,0,0,weak_score,0.2024020104347502,,0.0,0.570317,0.494018,,0.109717,0.0,0,0.162766,0.126256,0.41736
2020-01-14,0,0,weak_score,0.2088544537256116,,0.0,0.573705,0.494212,,0.10901,0.0,0,0.153038,0.145619,0.453763
2020-01-15,0,0,weak_score,0.2073120852341096,,0.0,0.570006,0.494,,0.109069,0.0,0,0.142055,0.13787,0.439196
2020-01-16,0,0,weak_score,0.2204414680839313,,0.0,0.572239,0.494128,,0.1187,0.0,0,0.155417,0.138375,0.440145
2020-01-17,0,0,weak_score,0.208713019561313,,0.0,0.569651,0.49398,,0.082958,0.0,0,0.146801,0.133529,0.431034
2020-01-20,0,0,weak_score,0.2122663101403077,,0.0,0.568515,0.493915,,0.083666,0.0,0,0.143199,0.131293,0.42683
2020-01-21,0,0,weak_score,0.2135929214661851,,0.0,0.573147,0.49418,,0.092658,0.0,0,0.149429,0.145658,0.453838
2020-01-22,0,0,weak_score,0.2595919014318411,,0.0,0.574746,0.494271,,0.088023,0.0,0,0.159745,0.145559,0.453651
2020-01-23,0,0,weak_score,0.2257136182403836,,0.0,0.570404,0.494023,,0.084752,0.0,0,0.145086,0.137555,0.438603
2020-01-24,0,0,weak_score,0.2593947242585488,,0.0,0.574337,0.494248,,0.10542,0.0,0,0.15864,0.144633,0.451911
2020-01-27,0,0,weak_score,0.2646957464688476,,0.0,0.595241,0.495442,,0.145167,0.0,1,0.196947,0.203155,0.561931
2020-01-28,0,0,weak_score,0.2314243982451697,,0.0,0.588525,0.495059,,0.169211,0.0,0,0.189911,0.181087,0.520443
2020-01-29,0,0,weak_score,0.1998340709387662,-1.75271,0.5,0.5972,0.495554,0.0,0.170392,0.0,0,0.230286,0.190199,0.537574
2020-01-30,0,0,weak_score,0.2340398407302232,-1.676114,0.75,0.583263,0.494758,0.0,0.158218,0.0,0,0.173619,0.170477,0.500497
2020-01-31,0,0,high_risk_veto,0.2680418584877384,-1.484372,0.5,0.59499,0.495428,0.0,0.181915,0.0,1,0.191251,0.2057,0.566715
2020-02-03,0,0,weak_score,0.2233371171258321,-1.391703,0.75,0.589109,0.495092,0.0,0.193036,0.0,0,0.185531,0.186099,0.529866
2020-02-04,0,0,weak_score,0.2438227332705402,-0.950786,0.75,0.58666,0.494952,0.0,0.232102,0.0,0,0.184876,0.176868,0.512512
2020-02-05,0,0,weak_score,0.2359520064228956,-0.312939,0.75,0.597947,0.495597,0.0,0.248519,0.0,0,0.248607,0.181783,0.521751
2020-02-06,0,0,weak_score,0.2033312494780909,0.362734,0.75,0.591898,0.495251,0.0,0.248922,0.0,0,0.222613,0.174092,0.507292
2020-02-07,0,1,ok,0.2393267129753132,0.584802,0.5,0.58444,0.494825,0.000189,0.245245,0.0,0,0.178329,0.17219,0.503718
2020-02-10,0,0,weak_score,0.2372991898381581,0.190471,0.75,0.577783,0.494445,0.0,0.209431,0.0,0,0.168145,0.152304,0.466332
2020-02-11,0,0,weak_score,0.2418091288912242,0.23037,0.5,0.583725,0.494784,0.0,0.20041,0.0,0,0.183133,0.166397,0.492827
2020-02-12,0,0,weak_score,0.2196149106054102,0.375644,0.75,0.572065,0.494118,0.0,0.197992,0.0,0,0.154455,0.138286,0.439977
2020-02-13,0,1,ok,0.2269063975984715,0.904552,0.5,0.573474,0.494199,0.171852,0.199771,0.0,0,0.152084,0.145302,0.453168
2020-02-14,0,1,ok,0.1981893855516187,0.909537,0.5,0.570279,0.494016,0.175807,0.140372,0.0,0,0.157595,0.129309,0.423102
2020-02-17,0,1,ok,0.1997374236558631,0.894288,0.5,0.570216,0.494012,0.167931,0.141786,0.009637,0,0.159889,0.127642,0.419967
2020-02-18,0,1,ok,0.2202391395287312,0.680954,0.5,0.57895,0.494511,0.053098,0.113059,0.009637,0,0.171119,0.155051,0.471496
2020-02-19,0,0,weak_score,0.2318123893696585,0.550506,0.75,0.572806,0.49416,0.0,0.086811,0.009637,0,0.161519,0.136824,0.437229
2020-02-20,0,1,ok,0.2234079848331442,0.653176,0.5,0.582162,0.494695,0.037028,0.094228,0.009637,0,0.177749,0.163581,0.487533
2020-02-21,0,0,high_risk_veto,0.2757256104491675,0.680788,0.5,0.591315,0.495218,0.046877,0.109228,0.009637,1,0.205744,0.182252,0.522633
2020-02-24,0,0,high_risk_veto,0.2131697951962115,0.283272,0.5,0.623316,0.497047,0.0,0.229266,0.0,1,0.203536,0.380631,0.637592
2020-02-25,0,0,high_risk_veto,0.2156656156503829,-0.542641,0.5,0.611352,0.496363,0.0,0.261253,0.0,1,0.188754,0.314998,0.614804
2020-02-26,0,0,high_risk_veto,0.2174433999936023,-1.596367,0.75,0.62383,0.497076,0.0,0.243959,0.0,1,0.283791,0.298085,0.608819
2020-02-27,0,0,high_risk_veto,0.1951879973952796,-1.67303,0.5,0.642721,0.498155,0.0,0.309367,0.0,1,0.290674,0.419917,0.65
2020-02-28,0,0,high_risk_veto,0.2191281896957273,-2.07251,0.75,0.633701,0.49764,0.0,0.298979,0.0,1,0.298812,0.349118,0.626735
2020-03-02,0,0,high_risk_veto,0.1972292738669366,-2.504912,0.75,0.616737,0.496671,0.0,0.424784,0.0,1,0.254831,0.280918,0.602696
2020-03-03,0,0,high_risk_veto,0.1868673139302275,-2.659469,0.5,0.626193,0.497211,0.0,0.44274,0.0,1,0.276444,0.321992,0.617265
2020-03-04,0,0,high_risk_veto,0.1974347981850839,-2.867645,0.75,0.60677,0.496101,0.0,0.525406,0.0,1,0.23842,0.230998,0.584596
2020-03-05,0,0,high_risk_veto,0.1795651396882471,-2.187305,0.5,0.615771,0.496615,0.0,0.546286,0.0,1,0.252995,0.276329,0.60105
2020-03-06,0,0,high_risk_veto,0.1947189856757503,-2.456053,0.5,0.610202,0.496297,0.0,0.549175,0.0,1,0.246347,0.245743,0.589989
2020-03-09,0,0,high_risk_veto,0.1770168975785337,-1.761895,0.5,0.62486,0.497135,0.0,0.651576,0.0,1,0.272744,0.316897,0.615473
2020-03-10,0,0,high_risk_veto,0.1865939897687071,-2.477086,0.75,0.617424,0.49671,0.0,0.787033,0.0,1,0.255967,0.284361,0.603928
2020-03-11,0,0,high_risk_veto,0.1760369549080392,-2.097842,0.5,0.626238,0.497214,0.0,0.79889,0.0,1,0.27317,0.325806,0.618603
2020-03-12,0,0,high_risk_veto,0.1749398817975183,-1.921986,0.5,0.629923,0.497424,0.0,0.899275,0.0,1,0.277058,0.34672,0.625902
2020-03-13,0,0,high_risk_veto,0.19338643841432,-1.859265,0.75,0.611422,0.496367,0.0,1.072647,0.0,1,0.245864,0.254498,0.593172
2020-03-16,0,0,high_risk_veto,0.1819530671906941,-1.896234,0.5,0.627128,0.497264,0.0,1.236143,0.0,1,0.277838,0.326861,0.618973
2020-03-17,0,0,high_risk_veto,0.1842359206500475,-2.908387,0.75,0.618634,0.496779,0.0,1.365348,0.0,1,0.259681,0.288597,0.605441
2020-03-18,0,0,high_risk_veto,0.1732941939179287,-2.030468,0.5,0.624502,0.497114,0.0,1.329567,0.0,1,0.272647,0.314565,0.614651
2020-03-19,0,0,high_risk_veto,0.1739705164473178,-2.120094,0.75,0.611833,0.49639,0.0,1.32916,0.0,1,0.243261,0.26005,0.595184
2020-03-20,0,0,high_risk_veto,0.1720953613773613,-1.222094,0.5,0.607649,0.496151,0.0,1.352394,0.0,1,0.250017,0.224607,0.582247
2020-03-23,0,0,high_risk_veto,0.1773160686063158,-1.384082,0.75,0.62214,0.496979,0.0,1.309581,0.0,1,0.261311,0.31065,0.61327
2020-03-24,0,0,high_risk_veto,0.1877209413504331,-1.584245,0.75,0.619402,0.496823,0.0,1.37182,0.0,1,0.257018,0.296651,0.60831
2020-03-25,0,0,high_risk_veto,0.2117131163377818,-1.643956,0.5,0.641968,0.498112,0.0,1.371703,0.0,1,0.278567,0.429333,0.65
2020-03-26,0,0,high_risk_veto,0.2155509916475393,-1.713052,0.75,0.652289,0.498702,0.0,1.307307,0.0,1,0.30182,0.483694,0.65
2020-03-27,0,0,high_risk_veto,0.2120814104962049,-1.156894,0.5,0.620168,0.496867,0.0,1.214408,0.0,1,0.201332,0.361523,0.631027
2020-03-30,0,0,high_risk_veto,0.2163544697348582,-1.27062,0.75,0.641679,0.498096,0.0,0.92899,0.0,1,0.284922,0.418805,0.65
2020-03-31,0,0,high_risk_veto,0.2139292685694471,-0.924332,0.5,0.623643,0.497065,0.0,0.819236,0.0,1,0.202713,0.383751,0.638658
2020-04-01,0,0,high_risk_veto,0.2132179739580288,-0.907729,0.5,0.625024,0.497144,0.0,0.831098,0.0,1,0.203717,0.392106,0.641508
2020-04-02,0,0,high_risk_veto,0.21828243394527,-0.937667,0.75,0.644898,0.49828,0.0,0.840879,0.0,1,0.287605,0.441638,0.65
2020-04-03,0,0,high_risk_veto,0.2138845523666729,-1.092934,0.5,0.635003,0.497714,0.0,0.754708,0.0,1,0.268173,0.390925,0.641106
2020-04-06,0,0,high_risk_veto,0.2164911826388514,-1.545328,0.75,0.643176,0.498181,0.0,0.765502,0.0,1,0.290711,0.423582,0.65
2020-04-07,0,0,high_risk_veto,0.2141436523823859,-1.244089,0.75,0.646608,0.498378,0.0,0.617521,0.0,1,0.278125,0.467779,0.65
2020-04-08,0,0,high_risk_veto,0.2155819445192791,-1.164235,0.75,0.639192,0.497954,0.0,0.632405,0.0,1,0.26733,0.421126,0.65
2020-04-09,0,0,high_risk_veto,0.2136196569134542,-0.641665,0.75,0.620775,0.496901,0.0,0.578854,0.0,1,0.205091,0.361625,0.631062
2020-04-10,0,0,high_risk_veto,0.210127963197564,-0.519547,0.75,0.614933,0.496568,0.0,0.52686,0.0,1,0.195759,0.331844,0.620718
2020-04-13,0,0,high_risk_veto,0.2123435551503966,-0.246097,0.75,0.608771,0.496216,0.0,0.519769,0.0,1,0.191399,0.294647,0.607597
2020-04-14,0,0,high_risk_veto,0.2146747356484334,-0.249211,0.75,0.647758,0.498443,0.0,0.515283,0.0,1,0.291103,0.46048,0.65
2020-04-15,0,0,high_risk_veto,0.2153736887714894,-0.01459,0.5,0.620055,0.49686,0.0,0.45813,0.0,1,0.20636,0.355352,0.628895
2020-04-16,0,0,high_risk_veto,0.2175798644550104,0.10255,0.75,0.621761,0.496958,0.0,0.455331,0.0,1,0.220796,0.351482,0.627554
2020-04-17,0,0,high_risk_veto,0.216470799725359,0.22069,0.75,0.612507,0.496429,0.0,0.440336,0.0,1,0.206814,0.303522,0.610748
2020-04-20,0,0,high_risk_veto,0.2153780135629612,0.177321,0.5,0.619464,0.496827,0.0,0.3451,0.0,1,0.204523,0.353298,0.628184
2020-04-21,0,0,high_risk_veto,0.2163945174292371,0.19681,0.5,0.629045,0.497374,0.0,0.397805,0.0,1,0.212916,0.409693,0.647472
2020-04-22,0,0,high_risk_veto,0.2226197922502377,0.024991,0.75,0.61608,0.496633,0.0,0.377689,0.0,1,0.194472,0.341026,0.623922
2020-04-23,0,0,high_risk_veto,0.2217177949981201,-0.095817,0.5,0.631505,0.497515,0.0,0.371818,0.0,1,0.215099,0.425523,0.65
2020-04-24,0,0,high_risk_veto,0.2221744723163707,-0.316702,0.75,0.648011,0.498458,0.0,0.379232,0.0,1,0.294354,0.458369,0.65
2020-04-27,0,0,high_risk_veto,0.2216678910915606,-0.21071,0.75,0.649386,0.498536,0.0,0.387045,0.0,1,0.296855,0.466376,0.65
2020-04-28,0,0,high_risk_veto,0.2206175887515608,-0.147654,0.5,0.643671,0.49821,0.0,0.363748,0.0,1,0.280716,0.440472,0.65
2020-04-29,0,0,high_risk_veto,0.2210785383988117,-0.084584,0.75,0.62322,0.497041,0.0,0.340968,0.0,1,0.197301,0.386683,0.639659
2020-04-30,0,0,high_risk_veto,0.2211847454734552,0.08559,0.5,0.613263,0.496472,0.0,0.346104,0.0,1,0.183645,0.333464,0.621284
2020-05-01,0,0,high_risk_veto,0.2211942575636634,0.19768,0.5,0.630453,0.497454,0.0,0.350859,0.0,1,0.211613,0.421423,0.65
2020-05-04,0,0,high_risk_veto,0.2220797430904371,0.254968,0.75,0.640115,0.498007,0.0,0.33417,0.0,1,0.225865,0.481972,0.65
2020-05-05,0,0,weak_score,0.2234916485620396,0.148033,0.75,0.657126,0.498979,0.0,0.27376,0.0,1,0.317695,0.50277,0.65
2020-05-06,0,0,weak_score,0.2237776048256085,0.093853,0.75,0.65147,0.498655,0.0,0.252754,0.0,1,0.306933,0.470436,0.65
2020-05-07,0,0,weak_score,0.2228823414289732,0.180399,0.75,0.65863,0.499065,0.0,0.252497,0.0,1,0.329168,0.500296,0.65
2020-05-08,0,0,weak_score,0.222323629620648,0.300022,0.75,0.626677,0.497239,0.0,0.260988,0.0,1,0.259448,0.343506,0.624785
2020-05-11,0,0,weak_score,0.2222008518353292,0.355332,0.75,0.60153,0.495802,0.0,0.245266,0.0,0,0.176532,0.261449,0.59569
2020-05-12,0,0,weak_score,0.2236012394947234,0.534835,0.5,0.634868,0.497707,0.0,0.273045,0.0,1,0.27557,0.382042,0.638074
2020-05-13,0,0,weak_score,0.2234999337809488,0.565141,0.5,0.657711,0.499012,0.0,0.249613,0.0,1,0.318653,0.506313,0.65
2020-05-14,0,0,weak_score,0.2233566400522726,0.431456,0.75,0.645366,0.498307,0.0,0.259316,0.0,1,0.293298,0.438137,0.65
2020-05-15,0,0,weak_score,0.2235876373393245,0.220224,0.75,0.647092,0.498405,0.0,0.213787,0.0,1,0.302305,0.440644,0.65
2020-05-18,0,0,weak_score,0.2223105890204187,0.12833,0.75,0.611664,0.496381,0.0,0.277977,0.0,1,0.191755,0.313908,0.61442
2020-05-19,0,0,weak_score,0.2216286676797343,0.310213,0.5,0.604198,0.495954,0.0,0.287745,0.0,0,0.173916,0.282307,0.603193
2020-05-20,0,0,weak_score,0.195587028610483,0.405646,0.75,0.601773,0.495816,0.0,0.293868,0.0,1,0.186723,0.252239,0.592352
2020-05-21,0,1,ok,0.1971396415016268,0.621487,0.5,0.612096,0.496406,0.004974,0.299569,0.0,1,0.230607,0.275325,0.60069
2020-05-22,0,1,ok,0.1971205091927985,0.624527,0.75,0.594037,0.495374,0.015997,0.283838,0.0,0,0.170982,0.216759,0.579351
2020-05-25,0,1,ok,0.2033413379112275,0.70039,0.5,0.601191,0.495782,0.052243,0.283581,0.001175,1,0.182741,0.252544,0.592463
2020-05-26,0,1,ok,0.2004123673981101,0.658167,0.5,0.590932,0.495196,0.035219,0.25729,0.001175,0,0.167031,0.20474,0.56491
2020-05-27,0,1,ok,0.2076615683611447,0.636661,0.75,0.597034,0.495545,0.020824,0.22124,0.001175,0,0.201909,0.207137,0.569417
2020-05-28,0,1,ok,0.2040081980203723,0.612548,0.5,0.595522,0.495458,0.00894,0.224775,0.001175,0,0.195013,0.205462,0.566269
2020-05-29,0,0,weak_score,0.2015665863070466,0.516894,0.75,0.589567,0.495118,0.0,0.22629,0.001175,0,0.162509,0.20217,0.56008
2020-06-01,0,0,weak_score,0.2070078439616706,0.589732,0.75,0.600784,0.495759,0.0,0.151974,0.0,0,0.222988,0.20883,0.5726
2020-06-02,0,1,ok,0.2035310479751812,0.678739,0.75,0.595326,0.495447,0.043794,0.128332,0.0,1,0.186542,0.209938,0.574684
2020-06-03,0,1,ok,0.2081278631885697,0.86858,0.75,0.604476,0.49597,0.13933,0.136336,0.0,1,0.234676,0.219503,0.580364
2020-06-04,0,1,ok,0.2019446812038611,1.01909,1.0,0.598067,0.495604,0.221366,0.117417,0.0,0,0.213886,0.203776,0.563098
2020-06-05,0,1,ok,0.2052704709620424,1.053348,0.75,0.600982,0.49577,0.238211,0.161458,0.0,1,0.185758,0.24792,0.590782
2020-06-08,0,1,ok,0.206077791608676,1.124058,0.75,0.596629,0.495522,0.277103,0.152616,0.003363,0,0.203257,0.204709,0.564852
2020-06-09,0,1,ok,0.2159234793859242,1.102867,0.75,0.60231,0.495846,0.263772,0.182702,0.003363,0,0.224736,0.215453,0.578867
2020-06-10,0,1,ok,0.2199044955186346,1.146071,0.75,0.596434,0.495511,0.288741,0.208558,0.003363,0,0.208227,0.200859,0.557615
2020-06-11,0,0,high_risk_veto,0.2053690592092759,1.355022,0.5,0.668977,0.499656,0.374679,0.401976,0.003363,1,0.316774,0.600693,0.65
2020-06-12,0,0,high_risk_veto,0.1965908131561181,1.28764,0.75,0.631314,0.497504,0.351223,0.409176,0.003363,1,0.269177,0.364663,0.632109
2020-06-15,0,0,high_risk_veto,0.2093886064918511,1.273959,0.75,0.642425,0.498139,0.339978,0.411551,0.0,1,0.286847,0.422418,0.65
2020-06-16,0,0,high_risk_veto,0.2149626654689789,0.993233,0.75,0.597135,0.495551,0.208159,0.422628,0.0,0,0.171364,0.237249,0.586888
2020-06-17,0,0,high_risk_veto,0.1654198770665845,1.093219,0.75,0.635519,0.497744,0.245484,0.41297,0.0,1,0.271102,0.3913,0.641233
2020-06-18,0,0,high_risk_veto,0.1657978837586916,1.147387,0.75,0.628651,0.497351,0.277199,0.412834,0.0,1,0.207411,0.41293,0.648565
2020-06-19,0,0,high_risk_veto,0.1763324606269502,1.232547,0.5,0.624782,0.49713,0.324103,0.374885,0.0,1,0.212919,0.380555,0.637566
2020-06-22,0,0,high_risk_veto,0.1843707964672346,1.163025,0.75,0.618391,0.496765,0.289451,0.371293,0.0,1,0.207755,0.342519,0.624442
2020-06-23,0,0,high_risk_veto,0.199868030003111,1.141821,0.75,0.625245,0.497157,0.275543,0.372575,0.0,1,0.216542,0.379819,0.637314
2020-06-24,0,0,high_risk_veto,0.1765284263619291,1.21496,0.5,0.645873,0.498336,0.30693,0.38997,0.0,1,0.243335,0.506511,0.65
2020-06-25,0,0,high_risk_veto,0.2494827105303248,1.158932,0.75,0.647577,0.498433,0.276046,0.219876,0.0,1,0.306659,0.439004,0.65
2020-06-26,0,0,high_risk_veto,0.2194795321645298,1.234596,0.5,0.657655,0.499009,0.313156,0.252406,0.0,1,0.331953,0.488752,0.65
2020-06-29,0,0,high_risk_veto,0.2054427528756197,0.945123,0.75,0.620983,0.496913,0.172505,0.257514,0.0,1,0.203,0.365286,0.632324
2020-06-30,0,0,high_risk_veto,0.2156289687928898,0.884212,0.75,0.627437,0.497282,0.137125,0.243538,0.0,1,0.262794,0.345088,0.625335
2020-07-01,0,0,high_risk_veto,0.2325837893657109,0.709336,0.75,0.63958,0.497976,0.037494,0.246939,0.0,1,0.278026,0.411615,0.648121
2020-07-02,0,0,high_risk_veto,0.2283879660999014,0.845065,0.75,0.629883,0.497422,0.115063,0.247633,0.0,1,0.263982,0.360484,0.630668
2020-07-03,0,0,high_risk_veto,0.2139057992811031,0.987016,0.5,0.634696,0.497697,0.188881,0.244985,0.0,1,0.27014,0.386714,0.63967
2020-07-06,0,0,high_risk_veto,0.232182203477119,0.989993,0.75,0.619849,0.496849,0.196869,0.256283,0.0,1,0.252381,0.304643,0.611145
2020-07-07,0,0,high_risk_veto,0.1874048656304529,1.074736,0.5,0.63239,0.497565,0.236852,0.266815,0.0,1,0.225241,0.419712,0.65
2020-07-08,0,0,high_risk_veto,0.2310800534690988,1.022348,0.75,0.635972,0.49777,0.20728,0.219058,0.0,1,0.283516,0.381036,0.63773
2020-07-09,0,0,high_risk_veto,0.1734411822130874,1.082969,0.75,0.628067,0.497318,0.243012,0.223148,0.0,1,0.21706,0.39854,0.643695
2020-07-10,0,1,ok,0.1873169989074167,1.032378,0.75,0.621046,0.496917,0.218915,0.161893,0.0,1,0.213769,0.354157,0.628481
2020-07-13,0,1,ok,0.1966194818718021,1.176554,0.5,0.617874,0.496736,0.296834,0.172977,0.007854,1,0.246975,0.29702,0.608441
2020-07-14,0,1,ok,0.1906365471467045,1.133963,0.75,0.609326,0.496247,0.277487,0.169967,0.007854,0,0.231223,0.255921,0.593688
2020-07-15,0,1,ok,0.156777729917583,1.138308,0.75,0.597293,0.49556,0.28434,0.170686,0.007854,0,0.208657,0.203971,0.563466
2020-07-16,0,1,ok,0.1653793818439374,1.087248,0.5,0.597361,0.495563,0.257478,0.174022,0.007854,0,0.20922,0.203889,0.563312
2020-07-17,0,1,ok,0.1447963552260492,1.156495,0.5,0.597379,0.495565,0.293866,0.173483,0.007854,0,0.215583,0.20002,0.556038
2020-07-20,0,1,ok,0.147922221782387,1.039579,0.5,0.595927,0.495482,0.233002,0.157912,0.006997,0,0.210492,0.197458,0.551222
2020-07-21,0,1,ok,0.140287045523623,1.104849,0.75,0.599341,0.495677,0.265965,0.132931,0.006997,0,0.219603,0.205247,0.565865
2020-07-22,0,1,ok,0.1387285467305851,1.128861,0.5,0.596092,0.495491,0.279829,0.12982,0.006997,0,0.213971,0.195953,0.548392
2020-07-23,0,1,ok,0.1531401809540178,1.405868,0.75,0.595116,0.495435,0.425618,0.142707,0.006997,0,0.198239,0.201861,0.559499
2020-07-24,0,1,ok,0.1676348288010798,1.342393,0.75,0.598449,0.495626,0.39123,0.137619,0.006997,0,0.209439,0.208039,0.571114
2020-07-27,0,1,ok,0.1507140479009154,1.24673,0.5,0.591435,0.495225,0.343345,0.128528,0.018846,0,0.197056,0.188109,0.533644
2020-07-28,0,1,ok,0.1483817975052796,1.138707,0.75,0.595026,0.49543,0.285401,0.123976,0.018846,0,0.200509,0.200101,0.55619
2020-07-29,0,1,ok,0.1588053647039589,1.031996,0.5,0.5973,0.49556,0.228462,0.127271,0.018846,0,0.207943,0.204444,0.564354
2020-07-30,0,1,ok,0.1573725624787877,1.114299,0.5,0.594339,0.495391,0.27285,0.128729,0.018846,0,0.204501,0.194925,0.546459
2020-07-31,0,1,ok,0.1647639936821033,0.992998,0.5,0.591501,0.495229,0.210373,0.1341,0.018846,0,0.196786,0.188537,0.53445
2020-08-03,0,1,ok,0.1651651630582941,1.038819,0.5,0.591483,0.495228,0.234389,0.132947,0.012715,0,0.196722,0.188507,0.534393
2020-08-04,0,1,ok,0.1601305143221451,1.059799,0.5,0.59385,0.495363,0.244445,0.132942,0.012715,0,0.201897,0.194614,0.545874
2020-08-05,0,1,ok,0.1551371636222239,1.164157,0.5,0.59316,0.495323,0.299447,0.138533,0.012715,0,0.20319,0.191096,0.53926
2020-08-06,0,1,ok,0.1599759926123769,1.14934,0.5,0.595065,0.495432,0.290968,0.114445,0.012715,0,0.21173,0.193302,0.543408
2020-08-07,0,1,ok,0.1598875521328327,1.230505,0.75,0.595287,0.495445,0.333498,0.10292,0.012715,0,0.213483,0.193088,0.543005
2020-08-10,0,1,ok,0.1585582951628801,1.244979,0.75,0.593781,0.495359,0.341618,0.099332,0.012081,0,0.206757,0.191329,0.539698
2020-08-11,0,1,ok,0.1724464177552439,1.381307,0.75,0.595794,0.495474,0.412515,0.087229,0.012081,0,0.20547,0.200049,0.556092
2020-08-12,0,1,ok,0.182313813717709,1.128079,0.5,0.599223,0.49567,0.278232,0.103504,0.012081,0,0.23163,0.197327,0.550975
2020-08-13,0,1,ok,0.1778196703038883,1.068701,0.5,0.594342,0.495391,0.248921,0.092638,0.012081,0,0.214544,0.188712,0.534778
2020-08-14,0,1,ok,0.1774746456462717,0.976339,0.75,0.596596,0.49552,0.199507,0.09459,0.012081,0,0.225445,0.190824,0.538748
2020-08-17,0,1,ok,0.1764559758222269,1.09717,0.5,0.593479,0.495342,0.264194,0.09412,0.009495,0,0.21178,0.187026,0.531608
2020-08-18,0,1,ok,0.1784953214319751,1.081676,0.5,0.590545,0.495174,0.25721,0.094489,0.009495,0,0.210587,0.176222,0.511297
2020-08-19,0,1,ok,0.1954479343292272,1.132745,0.75,0.590545,0.495174,0.283955,0.093136,0.009495,0,0.204958,0.179709,0.517853
2020-08-20,0,1,ok,0.1985116912518514,1.100206,0.5,0.592659,0.495295,0.266102,0.091757,0.009495,0,0.212064,0.183623,0.525212
2020-08-21,0,1,ok,0.1954602583309219,1.092658,0.5,0.594553,0.495403,0.261411,0.09181,0.009495,0,0.214592,0.189512,0.536282
2020-08-24,0,1,ok,0.1982625004320782,1.043027,0.5,0.593652,0.495352,0.235726,0.103667,0.008238,0,0.2149,0.185775,0.529258
2020-08-25,0,1,ok,0.1912530089934123,1.119352,0.5,0.593223,0.495327,0.275926,0.096393,0.008238,0,0.214294,0.184461,0.526787
2020-08-26,0,1,ok,0.2088629298485189,1.072656,0.5,0.587119,0.494978,0.253825,0.076456,0.008238,0,0.171062,0.187236,0.532004
2020-08-27,0,1,ok,0.2352041031237152,1.143684,0.75,0.586849,0.494963,0.291056,0.07587,0.008238,0,0.169751,0.186986,0.531534
2020-08-28,0,1,ok,0.2159709664827503,1.144491,0.5,0.586953,0.494969,0.29144,0.072638,0.008238,0,0.170088,0.187189,0.531915
2020-08-31,0,1,ok,0.2376380042922957,1.243673,0.5,0.595097,0.495434,0.340477,0.084168,0.012522,0,0.185633,0.209601,0.57405
2020-09-01,0,1,ok,0.2341473181720034,1.144583,0.5,0.603887,0.495936,0.28516,0.083196,0.012522,1,0.19918,0.253268,0.592726
2020-09-02,0,1,ok,0.2336600449221512,1.145311,0.5,0.589253,0.4951,0.291016,0.084642,0.012522,0,0.170837,0.195774,0.548054
2020-09-03,0,1,ok,0.2133462764342955,1.497047,0.75,0.65022,0.498584,0.457799,0.228667,0.012522,1,0.313008,0.45242,0.65
2020-09-04,0,1,ok,0.208818038042471,1.633718,0.75,0.648312,0.498475,0.532166,0.229609,0.012522,1,0.311484,0.438803,0.65
2020-09-07,0,1,ok,0.2088505456767156,1.638906,0.75,0.634281,0.497673,0.538465,0.222565,0.011851,1,0.289514,0.363054,0.631555
2020-09-08,0,1,ok,0.1934518932412049,1.510813,0.75,0.643201,0.498183,0.467262,0.265773,0.011851,1,0.293569,0.420113,0.65
2020-09-09,0,1,ok,0.1830910905934659,1.151344,0.5,0.627272,0.497273,0.279844,0.283304,0.011851,1,0.264974,0.341628,0.624131
2020-09-10,0,1,ok,0.1627451207478867,1.194179,0.75,0.647152,0.498409,0.295236,0.290539,0.011851,1,0.296609,0.448459,0.65
2020-09-11,0,0,high_risk_veto,0.1718138145773537,0.912539,0.75,0.645529,0.498316,0.143982,0.286633,0.011851,1,0.29107,0.442327,0.65
2020-09-14,0,0,high_risk_veto,0.1622708602227435,0.987971,0.5,0.646796,0.498388,0.1841,0.302564,0.0,1,0.294584,0.448158,0.65
2020-09-15,0,0,high_risk_veto,0.1648702473128463,0.810409,0.5,0.637958,0.497883,0.092614,0.302211,0.0,1,0.277968,0.400582,0.644388
2020-09-16,0,0,high_risk_veto,0.1637248474306234,0.931205,0.75,0.645325,0.498304,0.15414,0.287707,0.0,1,0.297734,0.432094,0.65
2020-09-17,0,0,high_risk_veto,0.1744955860758701,1.165706,0.75,0.613919,0.49651,0.292558,0.231721,0.0,1,0.232836,0.285296,0.604263
2020-09-18,0,0,high_risk_veto,0.1734954093434722,1.306327,0.75,0.617538,0.496716,0.365898,0.235408,0.0,1,0.24283,0.299165,0.609203
2020-09-21,0,0,high_risk_veto,0.1714836965718057,1.091301,0.5,0.618536,0.496773,0.251275,0.238958,0.0,1,0.242725,0.306052,0.611644
2020-09-22,0,0,high_risk_veto,0.1855163457120208,0.81133,0.5,0.617162,0.496695,0.103125,0.201568,0.0,1,0.236816,0.303042,0.610578
2020-09-23,0,0,high_risk_veto,0.1765509340361558,0.8325,0.5,0.616091,0.496634,0.114873,0.194865,0.0,1,0.236709,0.29589,0.608039
2020-09-24,0,0,high_risk_veto,0.19141363940144,0.767197,0.75,0.62326,0.497043,0.076695,0.181031,0.0,1,0.248307,0.332191,0.620839
2020-09-25,0,0,high_risk_veto,0.1808394927569121,0.673436,0.75,0.615354,0.496592,0.030819,0.20235,0.0,1,0.2328,0.295068,0.607747
2020-09-28,0,0,high_risk_veto,0.1770040896373425,0.39676,0.5,0.628371,0.497335,0.0,0.208966,0.0,1,0.259796,0.354668,0.628658
2020-09-29,0,0,high_risk_veto,0.164249514756361,0.530317,0.75,0.622804,0.497017,0.0,0.207076,0.0,1,0.250141,0.327122,0.619065
2020-09-30,0,1,ok,0.1779264718247455,0.706494,0.5,0.622703,0.497012,0.044634,0.21613,0.0,1,0.257519,0.31853,0.616047
2020-10-01,0,1,ok,0.1746613779856181,0.784482,0.5,0.609359,0.496249,0.092626,0.212987,0.0,1,0.232539,0.254744,0.593262
2020-10-02,0,1,ok,0.1741948438456198,0.977399,0.75,0.602714,0.495869,0.197484,0.20963,0.0,0,0.216674,0.226743,0.583033
2020-10-05,0,1,ok,0.1861760493928189,0.974633,0.5,0.621054,0.496917,0.188179,0.222489,0.004396,1,0.256138,0.308807,0.612619
2020-10-06,0,1,ok,0.1725843362525109,1.234878,0.75,0.631369,0.497507,0.322968,0.242883,0.004396,1,0.266732,0.367665,0.633143
2020-10-07,0,1,ok,0.1970905534467575,1.010959,0.5,0.624066,0.497089,0.20624,0.211582,0.004396,1,0.231501,0.3557,0.629015
2020-10-08,0,1,ok,0.1799220563799738,1.147806,0.5,0.624461,0.497112,0.279037,0.210406,0.004396,1,0.227727,0.362449,0.631346
2020-10-09,0,1,ok,0.1688633997847743,0.973885,0.5,0.613468,0.496484,0.191047,0.205979,0.004396,1,0.210828,0.305757,0.61154
2020-10-12,0,1,ok,0.1663682737021177,0.948659,0.5,0.617859,0.496735,0.175757,0.203512,0.004338,1,0.22187,0.323773,0.61789
2020-10-13,0,1,ok,0.1795005481793304,1.015335,0.75,0.616292,0.496645,0.211839,0.207508,0.004338,1,0.217477,0.317827,0.6158
2020-10-14,0,1,ok,0.1906933713133106,1.197927,0.75,0.621986,0.496971,0.306676,0.214318,0.004338,1,0.229916,0.343235,0.624691
2020-10-15,0,1,ok,0.1917031260942655,1.427651,0.75,0.62323,0.497042,0.42862,0.215048,0.004338,1,0.228631,0.353086,0.62811
2020-10-16,0,1,ok,0.1967004605626235,1.426886,0.75,0.62509,0.497148,0.427645,0.206234,0.004338,1,0.234572,0.359387,0.630289
2020-10-19,0,1,ok,0.212827269359697,1.451261,0.75,0.616225,0.496641,0.443278,0.192495,0.011291,1,0.169151,0.369198,0.63367
2020-10-20,0,1,ok,0.2122464006787566,1.379077,0.5,0.607741,0.496157,0.407627,0.168699,0.011291,1,0.162783,0.318253,0.61595
2020-10-21,0,1,ok,0.2064442867068797,1.367951,0.75,0.610703,0.496326,0.400809,0.139333,0.011291,1,0.20828,0.289718,0.605841
2020-10-22,0,1,ok,0.2055569454753501,1.30877,0.75,0.610854,0.496335,0.369435,0.142128,0.011291,1,0.20861,0.290386,0.606079
2020-10-23,0,1,ok,0.198356904416593,1.340658,0.5,0.610445,0.496311,0.386447,0.134563,0.011291,1,0.205516,0.290917,0.606269
2020-10-26,0,1,ok,0.2082756307417969,1.410516,0.75,0.62361,0.497063,0.419372,0.145948,0.011561,1,0.178147,0.409974,0.647567
2020-10-27,0,1,ok,0.2323913857027105,1.289226,0.5,0.623451,0.497054,0.354787,0.143635,0.011561,1,0.184863,0.401651,0.64475
2020-10-28,0,1,ok,0.2158226630213587,1.473171,0.75,0.668955,0.499655,0.439212,0.215601,0.011561,1,0.288237,0.637202,0.65
2020-10-29,0,1,ok,0.2094469332353941,1.257572,0.5,0.638926,0.497939,0.332414,0.238386,0.011561,1,0.193218,0.514236,0.65
2020-10-30,0,1,ok,0.2025158295693213,1.504768,0.75,0.655031,0.498859,0.46057,0.237786,0.011561,1,0.267541,0.550149,0.65
2020-11-02,0,1,ok,0.1971109669335359,1.276042,0.75,0.652143,0.498694,0.337634,0.24373,0.002609,1,0.249567,0.549679,0.65
2020-11-03,0,1,ok,0.1965066373350113,1.353471,0.75,0.655247,0.498871,0.378492,0.266346,0.002609,1,0.25697,0.565502,0.65
2020-11-04,0,1,ok,0.1931490615790829,0.939405,0.5,0.633025,0.497601,0.164105,0.277417,0.002609,1,0.268247,0.377335,0.636463
2020-11-05,0,1,ok,0.1973731490802626,0.887223,0.5,0.644504,0.498257,0.130811,0.291794,0.002609,1,0.291404,0.433531,0.65
2020-11-06,0,1,ok,0.1924280892926416,1.027912,0.75,0.634257,0.497672,0.210991,0.291988,0.002609,1,0.279708,0.373425,0.635122
2020-11-09,0,1,ok,0.1964905150732776,1.575273,1.0,0.641519,0.498087,0.502429,0.276239,0.003839,1,0.277446,0.427111,0.65
2020-11-10,0,1,ok,0.1825268431744287,1.893698,1.0,0.632268,0.497558,0.675381,0.270735,0.003839,1,0.257974,0.383212,0.638474
2020-11-11,0,1,ok,0.1823200856745293,1.780777,0.75,0.595351,0.495449,0.622386,0.148083,0.003839,0,0.185418,0.210736,0.576183
2020-11-12,0,1,ok,0.1973229044781305,1.574729,0.75,0.618458,0.496769,0.508238,0.1904,0.003839,1,0.234,0.314858,0.614754
2020-11-13,0,1,ok,0.1895917468732491,1.367851,0.75,0.596913,0.495538,0.405099,0.173605,0.003839,0,0.19139,0.214478,0.578507
2020-11-16,0,1,ok,0.1761971163653345,1.494854,0.75,0.591184,0.495211,0.473419,0.174501,0.005567,0,0.173791,0.201544,0.558903
2020-11-17,0,1,ok,0.1875976053448438,1.591123,1.0,0.595538,0.495459,0.522765,0.183666,0.005567,0,0.18721,0.21036,0.575476
2020-11-18,0,1,ok,0.1867440789884722,1.784212,1.0,0.605354,0.49602,0.622205,0.200796,0.005567,0,0.209999,0.251667,0.592145
2020-11-19,0,1,ok,0.1859758334942187,1.840763,0.75,0.595358,0.495449,0.653879,0.181842,0.005567,0,0.188812,0.208658,0.572277
2020-11-20,0,1,ok,0.1835694576715537,1.897886,1.0,0.592517,0.495287,0.684341,0.190044,0.005567,0,0.181562,0.201971,0.559705
2020-11-23,0,1,ok,0.1911370245353502,1.895828,1.0,0.597336,0.495562,0.68246,0.165713,0.019999,0,0.191803,0.216889,0.579399
2020-11-24,0,1,ok,0.1802049405431504,1.907477,0.75,0.592027,0.495259,0.689449,0.187472,0.019999,0,0.178545,0.201914,0.559598
2020-11-25,0,1,ok,0.1820049443430322,1.887391,0.75,0.590086,0.495148,0.679248,0.18724,0.019999,0,0.172012,0.198325,0.552851
2020-11-26,0,1,ok,0.1859171346787965,1.925125,1.0,0.591111,0.495206,0.698843,0.164933,0.019999,0,0.175331,0.200299,0.556563
2020-11-27,0,1,ok,0.1869460478847252,1.961229,0.75,0.593365,0.495335,0.717423,0.150436,0.019999,0,0.181428,0.205393,0.566138
2020-11-30,0,1,ok,0.1901657902255351,1.983783,0.75,0.587176,0.494981,0.730128,0.136888,0.039857,0,0.169129,0.188658,0.534677
2020-12-01,0,1,ok,0.174251231782341,1.931925,0.75,0.587947,0.495026,0.702898,0.153802,0.039857,0,0.173241,0.189143,0.535589
2020-12-02,0,1,ok,0.1834593218387376,2.042586,1.0,0.588227,0.495042,0.760738,0.133379,0.039857,0,0.174813,0.18927,0.535828
2020-12-03,0,1,ok,0.1812334755983828,2.133415,1.0,0.592997,0.495314,0.807769,0.137223,0.039857,0,0.181028,0.20419,0.563877
2020-12-04,0,1,ok,0.1845957284070757,2.292136,0.75,0.590299,0.49516,0.891154,0.12908,0.039857,0,0.186364,0.190265,0.537698
2020-12-07,0,1,ok,0.177962410074207,2.338839,0.75,0.589497,0.495114,0.915645,0.136672,0.04957,0,0.181066,0.190396,0.537944
2020-12-08,0,1,ok,0.1833051550828708,2.37034,0.75,0.590563,0.495175,0.932095,0.112104,0.04957,0,0.185674,0.191733,0.540458
2020-12-09,0,1,ok,0.1898220730009027,2.514069,1.0,0.593905,0.495366,1.0,0.120753,0.04957,0,0.198202,0.197121,0.550588
2020-12-10,0,1,ok,0.1895530950666505,2.497138,0.75,0.594153,0.49538,0.998499,0.122469,0.04957,0,0.19633,0.199254,0.554598
2020-12-11,0,1,ok,0.1956372328809168,2.468363,1.0,0.60775,0.496157,0.983281,0.124447,0.04957,0,0.215427,0.262089,0.595921
2020-12-14,0,1,ok,0.2007557677591284,2.265075,0.75,0.612887,0.496451,0.875511,0.12463,0.026717,0,0.225959,0.285641,0.604386
2020-12-15,0,1,ok,0.1951806796539273,2.230112,0.75,0.593301,0.495331,0.858453,0.119405,0.026717,0,0.193851,0.197438,0.551183
2020-12-16,0,1,ok,0.1892358136393458,2.229372,0.75,0.590219,0.495155,0.858294,0.118605,0.026717,0,0.183623,0.191649,0.5403
2020-12-17,0,1,ok,0.1900700319215872,2.263707,0.75,0.5889,0.49508,0.876358,0.119739,0.026717,0,0.181451,0.187807,0.533078
2020-12-18,0,1,ok,0.1896575566094888,2.392721,1.0,0.588565,0.495061,0.943875,0.104341,0.026717,0,0.182165,0.186043,0.529762
2020-12-21,0,1,ok,0.2097932529778016,2.436125,1.0,0.589202,0.495097,0.966571,0.102932,0.034437,0,0.157233,0.204007,0.563533
2020-12-22,0,1,ok,0.2064833624306967,2.445556,0.75,0.594887,0.495422,0.971422,0.103938,0.034437,0,0.200055,0.199835,0.555689
2020-12-23,0,1,ok,0.2013332317722872,2.449455,1.0,0.588517,0.495058,0.973557,0.097172,0.034437,0,0.186599,0.183107,0.52424
2020-12-24,0,1,ok,0.1894314291153354,2.429347,0.75,0.588384,0.495051,0.96304,0.095789,0.034437,0,0.186091,0.182901,0.523853
2020-12-25,0,1,ok,0.1922273622964195,2.465075,1.0,0.588061,0.495032,0.981733,0.092985,0.034437,0,0.187,0.181063,0.520399
2020-12-28,0,1,ok,0.198662209500601,2.320578,0.75,0.587382,0.494993,0.90619,0.093911,0.055606,0,0.184599,0.179879,0.518172
2020-12-29,0,1,ok,0.207986755078019,2.316756,1.0,0.586021,0.494915,0.90426,0.067577,0.055606,0,0.161592,0.188785,0.534916
2020-12-30,0,1,ok,0.2274884765263067,2.316794,1.0,0.576762,0.494386,0.904741,0.067155,0.055606,0,0.145622,0.162246,0.485023
2020-12-31,0,1,ok,0.2255351404871704,2.386574,0.75,0.580605,0.494606,0.940905,0.064274,0.055606,0,0.154727,0.171724,0.502842
2021-01-01,0,1,ok,0.2282909344719442,2.408341,1.0,0.579057,0.494518,0.952285,0.060806,0.055606,0,0.150943,0.167979,0.4958
2021-01-04,0,0,high_risk_veto,0.2802029673995578,2.479635,1.0,0.610557,0.496318,0.989222,0.094856,0.0,1,0.206558,0.290562,0.606142
2021-01-05,0,1,ok,0.2223744097094303,2.438997,0.75,0.587184,0.494982,0.968108,0.102006,0.0,0,0.162507,0.192796,0.542457
2021-01-06,0,1,ok,0.2139915150765216,2.567183,1.0,0.588073,0.495033,1.0,0.115271,0.0,0,0.159223,0.198327,0.552856
2021-01-07,0,1,ok,0.1912886064729494,2.371144,0.75,0.588588,0.495062,0.932586,0.141238,0.0,0,0.193286,0.179241,0.516974
2021-01-08,0,1,ok,0.1654571097637646,2.430213,0.75,0.58061,0.494606,0.963641,0.141385,0.0,0,0.168857,0.162988,0.486417
2021-01-11,0,1,ok,0.1796473183148318,2.481571,1.0,0.586472,0.494941,0.990369,0.146349,0.052914,0,0.183187,0.177175,0.513088
2021-01-12,0,1,ok,0.1922461184155731,2.713363,1.0,0.590113,0.495149,1.0,0.14457,0.052914,0,0.191413,0.186404,0.530439
2021-01-13,0,1,ok,0.1660733877220194,2.748489,0.75,0.578249,0.494471,1.0,0.145698,0.052914,0,0.160425,0.158921,0.478772
2021-01-14,0,1,ok,0.1825835546017956,2.73119,1.0,0.585446,0.494883,1.0,0.147057,0.052914,0,0.176956,0.176997,0.512754
2021-01-15,0,1,ok,0.1845754178835327,2.763838,1.0,0.590654,0.49518,1.0,0.159951,0.052914,0,0.194313,0.186734,0.53106
2021-01-18,0,1,ok,0.2056180778832964,2.812856,1.0,0.586048,0.494917,1.0,0.135177,0.055067,0,0.187851,0.172616,0.504517
2021-01-19,0,1,ok,0.1936247751782732,2.649179,0.75,0.580854,0.49462,1.0,0.133488,0.055067,0,0.168911,0.163915,0.488161
2021-01-20,0,1,ok,0.1543128622309596,2.445074,0.75,0.578677,0.494496,0.971413,0.135773,0.055067,0,0.162218,0.159496,0.479852
2021-01-21,0,1,ok,0.1487522795616353,2.423335,0.75,0.575557,0.494318,0.960163,0.105826,0.055067,0,0.156247,0.150917,0.463724
2021-01-22,0,1,ok,0.1619377952711422,2.550936,1.0,0.579616,0.494549,1.0,0.102614,0.055067,0,0.161964,0.163348,0.487093
2021-01-25,0,1,ok,0.2044113660587468,2.614561,0.75,0.579175,0.494524,1.0,0.099197,0.062322,0,0.166853,0.158583,0.478137
2021-01-26,0,1,ok,0.2224085700584335,2.60381,1.0,0.575171,0.494295,1.0,0.099589,0.062322,0,0.139702,0.159653,0.480148
2021-01-27,0,0,high_risk_veto,0.2925141089065749,2.725411,1.0,0.656199,0.498926,1.0,0.165387,0.062322,1,0.317558,0.495378,0.65
2021-01-28,0,0,high_risk_veto,0.2970842622825305,2.711794,0.75,0.637698,0.497868,1.0,0.177888,0.062322,1,0.233596,0.452296,0.65
2021-01-29,0,1,ok,0.2500673936230546,2.857073,1.0,0.644435,0.498253,1.0,0.194577,0.062322,1,0.237925,0.501726,0.65
2021-02-01,0,1,ok,0.2478298481426672,2.48976,0.75,0.63872,0.497927,0.994499,0.212085,0.021924,1,0.235981,0.457575,0.65
2021-02-02,0,1,ok,0.2419901821091934,2.4668,0.75,0.60509,0.496005,0.98248,0.226353,0.021924,1,0.190277,0.270895,0.599098
2021-02-03,0,1,ok,0.1908497466489855,2.393985,1.0,0.59615,0.495494,0.944315,0.216668,0.021924,0,0.205875,0.201201,0.558257
2021-02-04,0,1,ok,0.1798615631766288,2.536029,0.75,0.596407,0.495509,1.0,0.224346,0.021924,0,0.206367,0.201904,0.55958
2021-02-05,0,1,ok,0.1697376396294934,2.668494,0.75,0.595554,0.49546,1.0,0.223251,0.021924,0,0.203451,0.200356,0.556668
2021-02-08,0,1,ok,0.1831474209604749,2.650136,0.75,0.597784,0.495588,1.0,0.224353,0.025636,0,0.209703,0.205255,0.56588
2021-02-09,0,1,ok,0.1733270439879194,2.777381,1.0,0.598169,0.49561,1.0,0.22455,0.025636,0,0.206571,0.208713,0.57238
2021-02-10,0,1,ok,0.1841967032003154,2.831687,1.0,0.585588,0.494891,1.0,0.165723,0.025636,0,0.170532,0.181541,0.521296
2021-02-11,0,1,ok,0.1811866129095515,2.837332,0.75,0.58363,0.494779,1.0,0.162323,0.025636,0,0.1665,0.176333,0.511506
2021-02-12,0,1,ok,0.1752137017292912,2.829945,0.75,0.580316,0.494589,1.0,0.104243,0.025636,0,0.166105,0.163536,0.487448
2021-02-15,0,1,ok,0.168367684291059,2.850594,1.0,0.580195,0.494583,1.0,0.097254,0.062435,0,0.166513,0.162805,0.486074
2021-02-16,0,1,ok,0.2052224756156392,2.960663,1.0,0.577577,0.494433,1.0,0.073193,0.062435,0,0.165043,0.153416,0.468423
2021-02-17,0,1,ok,0.1870084306467916,3.023351,1.0,0.578375,0.494479,1.0,0.076648,0.062435,0,0.162562,0.158095,0.477219
2021-02-18,0,1,ok,0.2414240410021693,3.026042,1.0,0.575557,0.494318,1.0,0.072162,0.062435,0,0.141502,0.160055,0.480904
2021-02-19,0,1,ok,0.2643494502897785,3.042121,1.0,0.57768,0.494439,1.0,0.068649,0.062435,0,0.141846,0.168196,0.496209
2021-02-22,0,1,ok,0.2256746635350471,3.202027,1.0,0.581526,0.494659,1.0,0.072372,0.066922,0,0.146759,0.180289,0.518944
2021-02-23,0,1,ok,0.2617379339704025,3.193971,1.0,0.580416,0.494595,1.0,0.071548,0.066922,0,0.14701,0.175765,0.510439
2021-02-24,0,1,ok,0.1706256634551001,3.056954,0.75,0.568831,0.493933,1.0,0.089474,0.066922,0,0.145653,0.131014,0.426307
2021-02-25,0,1,ok,0.2205635386781473,3.109679,1.0,0.637014,0.497829,1.0,0.110599,0.066922,1,0.302893,0.36732,0.633024
2021-02-26,0,0,high_risk_veto,0.3024829953706283,3.018473,0.75,0.595782,0.495473,1.0,0.125145,0.066922,1,0.190017,0.209579,0.574009
2021-03-01,0,0,high_risk_veto,0.283344536644123,2.86614,0.75,0.580492,0.4946,1.0,0.183863,0.0,0,0.16521,0.164782,0.48979
2021-03-02,0,1,ok,0.1921611748555628,2.711725,1.0,0.582266,0.494701,1.0,0.18836,0.0,0,0.179435,0.162948,0.486342
2021-03-03,0,1,ok,0.2012067101586679,2.973062,1.0,0.604854,0.495992,1.0,0.191944,0.0,1,0.250135,0.20802,0.571078
2021-03-04,0,1,ok,0.2276842406146164,3.236043,1.0,0.590001,0.495143,1.0,0.193991,0.0,0,0.185062,0.189902,0.537015
2021-03-05,0,1,ok,0.1683286622575148,2.963119,0.75,0.582513,0.494715,1.0,0.221246,0.0,0,0.18617,0.159744,0.480319
2021-03-08,0,1,ok,0.1658786295707255,2.876326,0.75,0.588211,0.495041,1.0,0.218553,0.044897,0,0.195971,0.176092,0.511054
2021-03-09,0,1,ok,0.1945834730780291,2.421874,0.75,0.586241,0.494928,0.959177,0.222682,0.044897,0,0.201292,0.165043,0.490281
2021-03-10,0,1,ok,0.1714001520871889,2.496461,1.0,0.580743,0.494614,0.998156,0.215113,0.044897,0,0.178417,0.157586,0.476262
2021-03-11,0,1,ok,0.1526168564217455,2.153871,0.75,0.577045,0.494403,0.820002,0.21004,0.044897,0,0.167488,0.149805,0.461633
2021-03-12,0,1,ok,0.1593296299981481,2.558866,1.0,0.574249,0.494243,1.0,0.187596,0.044897,0,0.155402,0.146293,0.455032
2021-03-15,0,1,ok,0.1393627830081009,2.538227,0.75,0.566333,0.49379,1.0,0.150765,0.056878,0,0.128938,0.131545,0.427305
2021-03-16,0,1,ok,0.1460994435259178,2.676786,0.75,0.565344,0.493734,1.0,0.135942,0.056878,0,0.131033,0.126351,0.41754
2021-03-17,0,1,ok,0.1428320947921425,2.601894,0.75,0.564312,0.493675,1.0,0.118724,0.056878,0,0.133678,0.120651,0.406825
2021-03-18,0,1,ok,0.1578617386033353,2.86165,1.0,0.567207,0.49384,1.0,0.122157,0.056878,0,0.139491,0.128441,0.42147
2021-03-19,0,1,ok,0.1684279024132784,2.881611,0.75,0.564958,0.493712,1.0,0.094845,0.056878,0,0.145896,0.115621,0.397368
2021-03-22,0,1,ok,0.1474850783214648,2.760533,0.75,0.565569,0.493747,1.0,0.092299,0.066772,0,0.146425,0.117697,0.40127
2021-03-23,0,1,ok,0.1709300332302205,2.56037,1.0,0.569783,0.493988,1.0,0.116021,0.066772,0,0.156345,0.128135,0.420893
2021-03-24,0,1,ok,0.1812933245730754,2.648647,1.0,0.558818,0.493361,1.0,0.122001,0.066772,0,0.148636,0.08976,0.348748
2021-03-25,0,1,ok,0.1776200124075556,2.724823,1.0,0.554053,0.493089,1.0,0.113885,0.066772,0,0.121197,0.088015,0.345469
2021-03-26,0,1,ok,0.1813000493230003,2.567785,0.75,0.553866,0.493078,1.0,0.145653,0.066772,0,0.123877,0.085616,0.340959
2021-03-29,0,1,ok,0.183591542137005,2.465422,1.0,0.565186,0.493725,0.982128,0.144758,0.056941,0,0.16119,0.107041,0.381236
2021-03-30,0,1,ok,0.177814557631592,2.519155,1.0,0.55578,0.493187,1.0,0.145063,0.056941,0,0.117984,0.096804,0.361991
2021-03-31,0,1,ok,0.180452951026834,2.564468,0.75,0.553446,0.493054,1.0,0.145432,0.056941,0,0.115946,0.08888,0.347095
2021-04-01,0,1,ok,0.1743103003310878,2.494353,0.75,0.543172,0.492467,0.997114,0.137231,0.056941,0,0.094378,0.061815,0.296212
2021-04-02,0,1,ok,0.1779151625397842,2.517351,1.0,0.549226,0.492813,1.0,0.136524,0.056941,0,0.120798,0.069264,0.310216
2021-04-05,0,1,ok,0.1815696693170942,2.503616,0.75,0.547872,0.492736,1.0,0.155284,0.077197,0,0.113773,0.068292,0.308388
2021-04-06,0,1,ok,0.1763231740090741,2.643421,1.0,0.55132,0.492933,1.0,0.138335,0.077197,0,0.114633,0.081326,0.332893
2021-04-07,0,1,ok,0.1728937183203656,2.609071,0.75,0.549067,0.492804,1.0,0.124693,0.077197,0,0.122811,0.067391,0.306694
2021-04-08,0,1,ok,0.1766851026433358,2.649202,0.75,0.560233,0.493442,1.0,0.1257,0.077197,0,0.157664,0.089733,0.348697
2021-04-09,0,1,ok,0.1805203955430856,2.563442,0.75,0.546949,0.492683,1.0,0.100621,0.077197,0,0.114448,0.064241,0.300773
2021-04-12,0,1,ok,0.1829185882235607,2.573457,1.0,0.55098,0.492913,1.0,0.10146,0.087789,0,0.13117,0.06974,0.311111
2021-04-13,0,1,ok,0.1724516095079771,2.550599,0.75,0.55727,0.493273,1.0,0.101087,0.087789,0,0.141896,0.087846,0.34515
2021-04-14,0,1,ok,0.222039850516356,2.6693,1.0,0.555846,0.493191,1.0,0.104178,0.087789,0,0.13967,0.083622,0.33721
2021-04-15,0,1,ok,0.2272445032558788,2.512462,0.75,0.562546,0.493574,1.0,0.102971,0.087789,0,0.162668,0.095733,0.359978
2021-04-16,0,1,ok,0.1870552446563884,2.561808,1.0,0.555833,0.49319,1.0,0.103166,0.087789,0,0.135902,0.085906,0.341503
2021-04-19,0,1,ok,0.2122710193696555,2.503377,1.0,0.557927,0.49331,1.0,0.074039,0.09233,0,0.151709,0.084348,0.338574
2021-04-20,0,1,ok,0.1774952308298213,2.628277,1.0,0.564614,0.493692,1.0,0.088955,0.09233,0,0.170614,0.098945,0.366016
2021-04-21,0,1,ok,0.2188436609425486,2.53952,0.75,0.561773,0.49353,1.0,0.097913,0.09233,0,0.142452,0.105223,0.377818
2021-04-22,0,1,ok,0.2371302169791058,2.544933,1.0,0.56592,0.493767,1.0,0.113408,0.09233,0,0.150443,0.116587,0.399183
2021-04-23,0,1,ok,0.2166497380131249,2.415994,0.75,0.560097,0.493434,0.956696,0.118755,0.09233,0,0.133506,0.104173,0.375845
2021-04-26,0,1,ok,0.2073405792402651,2.461445,0.75,0.559351,0.493391,0.980133,0.119545,0.078943,0,0.12702,0.105254,0.377878
2021-04-27,0,1,ok,0.2058192481876365,2.439099,1.0,0.55384,0.493077,0.968707,0.119751,0.078943,0,0.127204,0.083453,0.336891
2021-04-28,0,1,ok,0.2072647015212282,2.570841,1.0,0.551335,0.492933,1.0,0.119601,0.078943,0,0.112738,0.082559,0.335211
2021-04-29,0,1,ok,0.2014677971493443,2.573517,0.75,0.549716,0.492841,1.0,0.12427,0.078943,0,0.111318,0.077069,0.324889
2021-04-30,0,1,ok,0.2076375955097628,2.559741,1.0,0.565728,0.493756,1.0,0.129061,0.078943,0,0.140157,0.122209,0.409753
2021-05-03,0,1,ok,0.2295937063868698,2.52375,1.0,0.567347,0.493848,1.0,0.126984,0.06025,0,0.148103,0.123654,0.41247
2021-05-04,0,1,ok,0.2238997370621437,2.60812,1.0,0.577106,0.494406,1.0,0.120575,0.06025,0,0.188454,0.137051,0.437655
2021-05-05,0,1,ok,0.225408702259388,2.491671,0.75,0.570865,0.494049,0.995682,0.112509,0.06025,0,0.153336,0.134255,0.432399
2021-05-06,0,1,ok,0.2140046533107964,2.302695,0.5,0.556028,0.493202,0.898504,0.103106,0.06025,0,0.124451,0.09377,0.356288
2021-05-07,0,1,ok,0.1935722396744277,2.073292,0.5,0.557139,0.493265,0.780371,0.091501,0.06025,0,0.132602,0.093091,0.355012
2021-05-10,0,1,ok,0.2097441073700578,2.1988,0.75,0.570668,0.494038,0.843884,0.10115,0.053943,0,0.150172,0.135443,0.434633
2021-05-11,0,0,deploy_downside_veto,0.2559585443545679,2.262277,0.75,0.584094,0.494805,0.875921,0.10514,0.053943,0,0.216757,0.147007,0.456374
2021-05-12,0,1,ok,0.2510747923549152,2.482503,0.75,0.625942,0.497197,0.990663,0.13194,0.053943,1,0.324854,0.268567,0.598259
2021-05-13,0,1,ok,0.2324727558312639,2.178812,0.5,0.600653,0.495752,0.830896,0.132093,0.053943,1,0.268611,0.180036,0.518467
2021-05-14,0,1,ok,0.2001776901891658,1.972576,0.5,0.569925,0.493996,0.726734,0.149128,0.053943,0,0.167815,0.121583,0.408577
2021-05-17,0,1,ok,0.2061018353214622,1.806257,0.75,0.5682,0.493897,0.640883,0.149118,0.036362,0,0.157096,0.121436,0.4083
2021-05-18,0,1,ok,0.218442333643844,1.940182,0.75,0.575811,0.494332,0.709063,0.150858,0.036362,0,0.163461,0.147446,0.457198
2021-05-19,0,1,ok,0.2215355091855142,2.09429,0.75,0.577986,0.494456,0.788914,0.150928,0.036362,0,0.143551,0.168345,0.496489
2021-05-20,0,1,ok,0.2209463452524666,1.913487,0.5,0.571542,0.494088,0.695865,0.149234,0.036362,0,0.12957,0.15165,0.465102
2021-05-21,0,1,ok,0.2247089658494478,1.92273,0.75,0.568295,0.493903,0.70116,0.143369,0.036362,0,0.12585,0.141178,0.445415
2021-05-24,0,1,ok,0.2130041300971477,1.823865,0.75,0.55823,0.493327,0.651794,0.147405,0.038454,0,0.093098,0.121871,0.409117
2021-05-25,0,1,ok,0.2188789523117977,1.961478,0.75,0.567214,0.493841,0.721375,0.145631,0.038454,0,0.116017,0.14302,0.448877
2021-05-26,0,1,ok,0.221869969584514,1.911167,0.75,0.566491,0.493799,0.695459,0.110044,0.038454,0,0.125113,0.134534,0.432925
2021-05-27,0,1,ok,0.2203081850613015,2.09023,1.0,0.560319,0.493447,0.788744,0.104622,0.038454,0,0.114494,0.116828,0.399636
2021-05-28,0,1,ok,0.2289016356324195,2.101362,0.75,0.56001,0.493429,0.794515,0.083743,0.038454,0,0.118448,0.113163,0.392746
2021-05-31,0,1,ok,0.2295412720245295,2.132537,1.0,0.556983,0.493256,0.81088,0.083065,0.057325,0,0.105898,0.109028,0.384972
2021-06-01,0,1,ok,0.2052290913748186,2.144579,0.75,0.558103,0.49332,0.816972,0.065412,0.057325,0,0.119733,0.104859,0.377134
2021-06-02,0,1,ok,0.2089495885629352,2.160099,0.75,0.556907,0.493252,0.825072,0.065313,0.057325,0,0.111518,0.105247,0.377864
2021-06-03,0,1,ok,0.2098980317131424,2.233655,0.75,0.552486,0.492999,0.863239,0.060426,0.057325,0,0.098027,0.09621,0.360875
2021-06-04,0,1,ok,0.2293722365989931,2.04132,0.75,0.563187,0.493611,0.763178,0.060786,0.057325,0,0.125476,0.121307,0.408057
2021-06-07,0,1,ok,0.2233840010807617,2.034599,0.75,0.558643,0.493351,0.760271,0.04245,0.060865,0,0.115827,0.109406,0.385683
2021-06-08,0,1,ok,0.2449365519483042,1.961827,1.0,0.575466,0.494312,0.720362,0.03146,0.060865,0,0.16231,0.1468,0.455985
2021-06-09,0,1,ok,0.2525207005454105,2.099233,1.0,0.571344,0.494077,0.792204,0.038496,0.060865,0,0.147997,0.139452,0.442169
2021-06-10,0,1,ok,0.2320645725938032,2.023816,0.75,0.572384,0.494136,0.752968,0.037001,0.060865,0,0.14558,0.145041,0.452677
2021-06-11,0,1,ok,0.2119015771261137,2.012761,0.75,0.577146,0.494408,0.746606,0.039413,0.060865,0,0.160218,0.154709,0.470852
2021-06-14,0,1,ok,0.2289072595781662,1.977571,0.75,0.575596,0.49432,0.728524,0.048818,0.053759,0,0.165643,0.145249,0.453068
2021-06-15,0,1,ok,0.2260867700294513,2.139033,1.0,0.555233,0.493156,0.814391,0.050531,0.053759,0,0.106333,0.101871,0.371518
2021-06-16,0,1,ok,0.2055237275306829,2.222445,1.0,0.556973,0.493256,0.857153,0.05082,0.053759,0,0.127397,0.095662,0.359844
2021-06-17,0,1,ok,0.2065334082982904,2.218086,0.75,0.591795,0.495245,0.852262,0.054841,0.053759,0,0.233697,0.166813,0.493609
2021-06-18,0,1,ok,0.2187067864508419,2.247945,1.0,0.627897,0.497308,0.865363,0.107204,0.053759,1,0.241839,0.370724,0.634195
2021-06-21,0,1,ok,0.2111311943016181,2.159737,0.75,0.565108,0.49372,0.824144,0.144655,0.047807,0,0.14643,0.115879,0.397853
2021-06-22,0,1,ok,0.199287278661761,2.169236,0.75,0.561754,0.493529,0.829349,0.145241,0.047807,0,0.133101,0.110941,0.38857
2021-06-23,0,1,ok,0.2034637880571729,2.1119,1.0,0.560778,0.493473,0.799868,0.142657,0.047807,0,0.135756,0.105457,0.378258
2021-06-24,0,1,ok,0.1950096331491091,2.137322,0.75,0.557706,0.493297,0.813274,0.144975,0.047807,0,0.124506,0.10034,0.368639
2021-06-25,0,1,ok,0.1876959186150593,2.252791,1.0,0.551423,0.492938,0.873134,0.146516,0.047807,0,0.103438,0.088672,0.346704
2021-06-28,0,1,ok,0.1955836735188243,2.178364,0.75,0.559209,0.493383,0.834276,0.145069,0.049345,0,0.123696,0.106759,0.380706
2021-06-29,0,1,ok,0.2008601164405324,2.222298,0.75,0.558449,0.49334,0.856969,0.144172,0.049345,0,0.128892,0.100545,0.369025
2021-06-30,0,1,ok,0.2076396241016614,2.230809,1.0,0.555668,0.493181,0.861551,0.144399,0.049345,0,0.11794,0.09639,0.361212
2021-07-01,0,1,ok,0.1989450253638924,2.312554,1.0,0.55574,0.493185,0.90359,0.144092,0.049345,0,0.124151,0.092822,0.354505
2021-07-02,0,1,ok,0.2097972371503904,2.205594,0.75,0.553759,0.493072,0.848731,0.084878,0.049345,0,0.10594,0.096315,0.361072
2021-07-05,0,1,ok,0.2152133289638804,2.167404,1.0,0.550453,0.492883,0.829398,0.046679,0.086555,0,0.102151,0.085651,0.341025
2021-07-06,0,1,ok,0.2130049371736593,2.10123,0.75,0.5651,0.49372,0.793906,0.066427,0.086555,0,0.140479,0.119538,0.404732
2021-07-07,0,1,ok,0.2244797994539836,2.132716,0.75,0.56648,0.493799,0.810044,0.066537,0.086555,0,0.14378,0.122924,0.411097
2021-07-08,0,1,ok,0.2264266183812662,2.122082,1.0,0.591579,0.495233,0.801974,0.084106,0.086555,0,0.207032,0.182493,0.523086
2021-07-09,0,1,ok,0.2116545450686033,2.083896,0.75,0.563645,0.493637,0.78511,0.113141,0.086555,0,0.136713,0.116145,0.398353
2021-07-12,0,1,ok,0.2069696434487635,2.072056,0.75,0.565376,0.493736,0.778797,0.1139,0.048948,0,0.138152,0.122066,0.409483
2021-07-13,0,1,ok,0.2158171221161421,2.031906,1.0,0.565712,0.493755,0.758002,0.113972,0.048948,0,0.142037,0.12098,0.407443
2021-07-14,0,1,ok,0.20850346213317,2.03604,0.75,0.579297,0.494531,0.758443,0.115565,0.048948,0,0.167525,0.158645,0.478252
2021-07-15,0,1,ok,0.2040936975250558,2.057985,1.0,0.579231,0.494527,0.769876,0.118222,0.048948,0,0.181192,0.149913,0.461836
2021-07-16,0,1,ok,0.209594613472427,2.056024,1.0,0.58512,0.494864,0.768144,0.120531,0.048948,0,0.177262,0.175525,0.509987
2021-07-19,0,1,ok,0.2020430670552342,2.050838,1.0,0.617036,0.496688,0.76146,0.162645,0.020727,1,0.282313,0.253646,0.592863
2021-07-20,0,1,ok,0.205873862452986,1.867421,0.75,0.585216,0.494869,0.669634,0.187403,0.020727,0,0.203471,0.15966,0.48016
2021-07-21,0,1,ok,0.1992428646785413,1.757334,0.75,0.575256,0.4943,0.614148,0.203707,0.020727,0,0.169649,0.141427,0.445883
2021-07-22,0,1,ok,0.1929018169225897,1.693338,0.75,0.573439,0.494197,0.581294,0.195609,0.020727,0,0.159478,0.140579,0.444289
2021-07-23,0,1,ok,0.201815546936226,1.74141,0.75,0.576367,0.494364,0.605647,0.187867,0.020727,0,0.170182,0.145466,0.453475
2021-07-26,0,1,ok,0.1922529698041661,1.796363,1.0,0.577457,0.494426,0.634007,0.187406,0.031745,0,0.169199,0.150367,0.462689
2021-07-27,0,1,ok,0.1980428132342244,1.905182,1.0,0.57807,0.494461,0.69051,0.192729,0.031745,0,0.173812,0.149919,0.461849
2021-07-28,0,1,ok,0.2015875357818886,1.938747,0.75,0.570876,0.49405,0.709063,0.19237,0.031745,0,0.153352,0.134292,0.432469
2021-07-29,0,1,ok,0.1987970684129075,1.929065,0.75,0.564622,0.493693,0.705,0.191744,0.031745,0,0.135499,0.120745,0.407
2021-07-30,0,1,ok,0.1943501607940053,1.914063,1.0,0.572497,0.494143,0.696013,0.191829,0.031745,0,0.156751,0.138563,0.440498
2021-08-02,0,1,ok,0.2073154353748583,1.940822,1.0,0.579266,0.494529,0.708873,0.143531,0.039188,0,0.159675,0.16339,0.487173
2021-08-03,0,1,ok,0.1964447004607247,1.866736,0.75,0.567153,0.493837,0.672367,0.129333,0.039188,0,0.139178,0.128423,0.421434
2021-08-04,0,1,ok,0.2011305562112096,1.787481,0.75,0.569854,0.493992,0.630847,0.112989,0.039188,0,0.147569,0.133853,0.431643
2021-08-05,0,1,ok,0.1958362509821014,1.755443,0.75,0.574041,0.494231,0.61341,0.123121,0.039188,0,0.158982,0.143254,0.449318
2021-08-06,0,1,ok,0.2014819493394387,1.878145,1.0,0.548908,0.492795,0.681279,0.115263,0.039188,0,0.094635,0.08423,0.338352
2021-08-09,0,1,ok,0.1934590346319162,1.908261,0.75,0.564196,0.493668,0.694319,0.114466,0.043752,0,0.134009,0.11999,0.405581
2021-08-10,0,1,ok,0.2063084467890361,1.994417,1.0,0.560964,0.493484,0.739261,0.1026,0.043752,0,0.126463,0.111949,0.390464
2021-08-11,0,1,ok,0.2007448819857973,1.954884,1.0,0.565654,0.493752,0.718191,0.101216,0.043752,0,0.12746,0.129789,0.424003
2021-08-12,0,1,ok,0.2033172670773555,1.913105,0.75,0.553678,0.493067,0.698459,0.097483,0.043752,0,0.110489,0.093178,0.355174
2021-08-13,0,1,ok,0.2030686948322481,1.811126,0.75,0.557277,0.493273,0.645408,0.088504,0.043752,0,0.11952,0.10174,0.371271
2021-08-16,0,1,ok,0.2077705858578409,1.740377,1.0,0.554413,0.493109,0.609566,0.076285,0.056867,0,0.103016,0.100701,0.369317
2021-08-17,0,1,ok,0.2271563185332736,1.777805,1.0,0.56544,0.493739,0.626688,0.081853,0.056867,0,0.132144,0.126042,0.41696
2021-08-18,0,1,ok,0.2315755708757821,1.843876,1.0,0.591516,0.495229,0.656207,0.097023,0.056867,0,0.190434,0.192533,0.541961
2021-08-19,0,1,ok,0.2378976594654142,1.773833,0.75,0.593577,0.495347,0.619095,0.082495,0.056867,1,0.196851,0.196665,0.54973
2021-08-20,0,1,ok,0.2221924143078004,1.617556,0.75,0.579721,0.494555,0.540461,0.085939,0.056867,0,0.171436,0.15789,0.476833
2021-08-23,0,1,ok,0.2153562974818204,1.449865,0.75,0.556202,0.493212,0.459751,0.096678,0.040046,0,0.109462,0.103747,0.375044
2021-08-24,0,1,ok,0.2079466415412089,1.562181,0.75,0.550214,0.492869,0.519014,0.097742,0.040046,0,0.094235,0.089617,0.348479
2021-08-25,0,1,ok,0.203691355855231,1.751431,1.0,0.548693,0.492782,0.616375,0.101146,0.040046,0,0.090226,0.086117,0.341899
2021-08-26,0,1,ok,0.2113896329142562,1.99638,1.0,0.560137,0.493436,0.740384,0.105213,0.040046,0,0.109938,0.118938,0.403604
2021-08-27,0,1,ok,0.1991683225798282,1.968476,0.75,0.554376,0.493107,0.726811,0.106122,0.040046,0,0.108755,0.096997,0.362354
2021-08-30,0,1,ok,0.2078375321966916,1.881728,0.75,0.555078,0.493147,0.68211,0.106289,0.058107,0,0.103852,0.102801,0.373265
2021-08-31,0,1,ok,0.2077132377101678,1.867122,1.0,0.548435,0.492768,0.675707,0.098498,0.058107,0,0.089967,0.085263,0.340294
2021-09-01,0,1,ok,0.2129529877788057,1.962275,0.75,0.545711,0.492612,0.724849,0.072469,0.058107,0,0.083665,0.078449,0.327485
2021-09-02,0,1,ok,0.209860596025273,2.083311,1.0,0.545584,0.492605,0.786796,0.069802,0.058107,0,0.07918,0.080727,0.331767
2021-09-03,0,1,ok,0.2094731923331167,2.062408,0.75,0.544246,0.492528,0.776254,0.062559,0.058107,0,0.080153,0.074858,0.320733
2021-09-06,0,1,ok,0.2140604683839348,2.089058,1.0,0.545139,0.492579,0.789784,0.053686,0.082415,0,0.082769,0.076753,0.324295
2021-09-07,0,1,ok,0.2226091220748771,2.097665,0.75,0.560744,0.493471,0.792531,0.052022,0.082415,0,0.127478,0.110453,0.387651
2021-09-08,0,1,ok,0.2202750002756944,2.144881,1.0,0.574842,0.494277,0.815538,0.05092,0.082415,0,0.168651,0.140413,0.443977
2021-09-09,0,1,ok,0.2232521748894747,2.168429,1.0,0.587069,0.494975,0.826669,0.056152,0.082415,0,0.198978,0.169738,0.499107
2021-09-10,0,1,ok,0.2233262042533476,2.245276,1.0,0.600111,0.495721,0.865927,0.051917,0.082415,1,0.218132,0.209191,0.573279
2021-09-13,0,1,ok,0.2193077271712667,2.225664,1.0,0.590966,0.495198,0.856296,0.049661,0.035688,1,0.203864,0.182044,0.522244
2021-09-14,0,1,ok,0.2186945351045066,2.204623,1.0,0.558357,0.493335,0.847872,0.063133,0.035688,0,0.116228,0.108034,0.383104
2021-09-15,0,1,ok,0.2123719112656635,2.053151,0.75,0.554808,0.493132,0.77028,0.08675,0.035688,0,0.11667,0.09379,0.356326
2021-09-16,0,1,ok,0.2092435543644039,2.059242,1.0,0.554687,0.493125,0.773426,0.08646,0.035688,0,0.109579,0.097712,0.363699
2021-09-17,0,1,ok,0.2145068435337376,2.177728,1.0,0.564661,0.493695,0.83348,0.089435,0.035688,0,0.128337,0.125336,0.415632
2021-09-20,0,1,ok,0.2212555767705575,2.399631,1.0,0.601713,0.495812,0.947126,0.131988,0.029682,1,0.210957,0.226059,0.582781
2021-09-21,0,1,ok,0.227588974994035,2.34538,0.75,0.609791,0.496274,0.9182,0.13147,0.029682,1,0.281603,0.207945,0.570936
2021-09-22,0,1,ok,0.2200083858494112,2.111922,0.75,0.587171,0.494981,0.797119,0.146286,0.029682,0,0.186743,0.17772,0.514114
2021-09-23,0,1,ok,0.199913396433252,1.890252,0.75,0.566601,0.493806,0.684624,0.186103,0.029682,0,0.142003,0.124499,0.414059
2021-09-24,0,1,ok,0.1945900247399044,1.938629,1.0,0.562712,0.493584,0.710228,0.185518,0.029682,0,0.125953,0.119143,0.403989
2021-09-27,0,1,ok,0.1982039885523414,2.140637,1.0,0.567041,0.493831,0.814087,0.18559,0.042495,0,0.131066,0.13301,0.430058
2021-09-28,0,1,ok,0.2085357092287548,2.467119,1.0,0.584864,0.494849,0.982831,0.199685,0.042495,0,0.163168,0.183254,0.524518
2021-09-29,0,1,ok,0.2117938444035081,2.456763,1.0,0.586178,0.494924,0.977408,0.191958,0.042495,0,0.16634,0.186458,0.530542
2021-09-30,0,1,ok,0.2149733196259604,2.397389,1.0,0.608609,0.496206,0.945748,0.202026,0.042495,1,0.214095,0.269322,0.598531
2021-10-01,0,1,ok,0.2129187073074983,2.05294,0.75,0.613948,0.496511,0.762965,0.206357,0.042495,1,0.225752,0.293057,0.607031
2021-10-04,0,1,ok,0.2194027592958893,2.185202,1.0,0.616578,0.496662,0.832859,0.182648,0.021665,1,0.222678,0.314198,0.614522
2021-10-05,0,1,ok,0.213822366747561,1.980764,0.75,0.572538,0.494145,0.730612,0.19338,0.021665,0,0.138101,0.150284,0.462535
2021-10-06,0,1,ok,0.2311973446161529,1.956577,0.75,0.570016,0.494001,0.718432,0.189938,0.021665,0,0.138249,0.140268,0.443703
2021-10-07,0,1,ok,0.2036515171550911,1.706625,0.75,0.564929,0.49371,0.590002,0.168167,0.021665,0,0.133869,0.122963,0.411171
2021-10-08,0,1,ok,0.2052992977766728,1.864733,1.0,0.560411,0.493452,0.672473,0.166245,0.021665,0,0.119893,0.113844,0.394027
2021-10-11,0,1,ok,0.2099648948136643,1.991841,1.0,0.563557,0.493632,0.737581,0.167762,0.040639,0,0.122712,0.124476,0.414015
2021-10-12,0,1,ok,0.2068461645023747,2.077693,1.0,0.561187,0.493496,0.782183,0.148403,0.040639,0,0.116574,0.118956,0.403638
2021-10-13,0,1,ok,0.2053307011937929,1.968159,0.75,0.554551,0.493117,0.726623,0.148504,0.040639,0,0.10461,0.100256,0.368482
2021-10-14,0,1,ok,0.1997634258782806,1.762747,0.75,0.551272,0.49293,0.621675,0.140388,0.040639,0,0.097222,0.09193,0.352828
2021-10-15,0,1,ok,0.1972185850856231,1.699303,0.75,0.550353,0.492877,0.589312,0.147036,0.040639,0,0.093636,0.090537,0.35021
2021-10-18,0,1,ok,0.2007666994280204,1.716149,0.75,0.557047,0.49326,0.596567,0.122013,0.048237,0,0.114384,0.104021,0.37556
2021-10-19,0,1,ok,0.1978691781938996,1.833811,0.75,0.5496,0.492834,0.658435,0.119654,0.048237,0,0.095014,0.086717,0.343028
2021-10-20,0,1,ok,0.188485198330286,1.932153,1.0,0.559065,0.493375,0.707436,0.11963,0.048237,0,0.119902,0.108542,0.384059
2021-10-21,0,1,ok,0.188255446437269,1.980402,0.75,0.555254,0.493157,0.73282,0.112006,0.048237,0,0.110682,0.099258,0.366604
2021-10-22,0,1,ok,0.187760713328152,2.086978,1.0,0.554099,0.493091,0.787748,0.117346,0.048237,0,0.10651,0.097299,0.362923
2021-10-25,0,1,ok,0.1887160508485497,1.963155,0.75,0.550083,0.492862,0.724683,0.106905,0.062968,0,0.100715,0.085084,0.339958
2021-10-26,0,1,ok,0.2059032444514586,1.952609,0.75,0.553369,0.49305,0.718801,0.09195,0.062968,0,0.105904,0.094802,0.358228
2021-10-27,0,1,ok,0.2049075021338641,1.826446,0.75,0.580059,0.494575,0.64918,0.119131,0.062968,0,0.182661,0.152261,0.46625
2021-10-28,0,1,ok,0.2165602286638928,1.806227,0.75,0.573347,0.494191,0.639908,0.114804,0.062968,0,0.15907,0.140472,0.444086
2021-10-29,0,1,ok,0.1970990474002125,1.774425,0.75,0.575485,0.494313,0.622983,0.104455,0.062968,0,0.167132,0.143887,0.450508
2021-11-01,0,1,ok,0.2007955750361907,1.812547,0.75,0.561496,0.493514,0.64537,0.104139,0.042248,0,0.126752,0.113863,0.394063
2021-11-02,0,1,ok,0.2151055432142047,1.886544,0.75,0.560877,0.493479,0.683642,0.092264,0.042248,0,0.120737,0.115156,0.396493
2021-11-03,0,1,ok,0.1988298746410097,1.90222,0.75,0.552818,0.493018,0.693003,0.099059,0.042248,0,0.112152,0.088761,0.34687
2021-11-04,0,1,ok,0.1998223011251624,1.854568,0.75,0.5611,0.493491,0.667114,0.098571,0.042248,0,0.120199,0.116365,0.398767
2021-11-05,0,1,ok,0.2046551660641691,1.931957,1.0,0.568161,0.493895,0.705957,0.096657,0.042248,0,0.15538,0.122348,0.410014
2021-11-08,0,1,ok,0.2069001058044295,2.042268,1.0,0.555048,0.493146,0.764657,0.097996,0.066671,0,0.114109,0.096322,0.361086
2021-11-09,0,1,ok,0.2019146737237027,2.203873,1.0,0.572957,0.494169,0.846331,0.109988,0.066671,0,0.165109,0.135194,0.434164
2021-11-10,0,1,ok,0.2190006927110601,2.312717,1.0,0.584117,0.494807,0.902247,0.09155,0.066671,0,0.180416,0.169624,0.498892
2021-11-11,0,1,ok,0.2197343072874821,2.265953,0.75,0.563682,0.493639,0.879128,0.07291,0.066671,0,0.129804,0.120576,0.406683
2021-11-12,0,1,ok,0.1989825087517544,2.111712,0.75,0.554081,0.49309,0.80046,0.075673,0.066671,0,0.111413,0.09419,0.357078
2021-11-15,0,1,ok,0.2040443627778733,2.012669,1.0,0.553431,0.493053,0.749646,0.076895,0.070078,0,0.110521,0.092183,0.353304
2021-11-16,0,1,ok,0.2004910077999707,1.989772,0.75,0.550106,0.492863,0.73833,0.078065,0.070078,0,0.10191,0.084437,0.338741
2021-11-17,0,1,ok,0.198249454287342,2.084922,1.0,0.563626,0.493636,0.785641,0.077485,0.070078,0,0.135825,0.116621,0.399248
2021-11-18,0,1,ok,0.2123214417996891,1.972257,0.75,0.565833,0.493762,0.727147,0.077701,0.070078,0,0.140753,0.122255,0.409839
2021-11-19,0,1,ok,0.2074881434261262,1.966074,0.5,0.573024,0.494173,0.72292,0.081476,0.070078,0,0.159623,0.138856,0.44105
2021-11-22,0,1,ok,0.2208299699583598,2.063704,1.0,0.586077,0.494919,0.772041,0.080205,0.049586,0,0.187917,0.172689,0.504655
2021-11-23,0,1,ok,0.2213535144557231,2.180723,1.0,0.571465,0.494084,0.834446,0.066003,0.049586,0,0.153363,0.136601,0.43681
2021-11-24,0,1,ok,0.2040510931562237,2.154782,0.75,0.567679,0.493867,0.821346,0.06699,0.049586,0,0.151958,0.122572,0.410435
2021-11-25,0,1,ok,0.2196116442790737,2.012973,1.0,0.563191,0.493611,0.748542,0.067013,0.049586,0,0.13447,0.115749,0.397608
2021-11-26,0,1,ok,0.2159997093795928,2.033265,0.75,0.646302,0.49836,0.748214,0.191778,0.049586,1,0.309841,0.424503,0.65
2021-11-29,0,1,ok,0.2262947868906439,1.836694,0.5,0.602245,0.495843,0.650479,0.207331,0.01699,1,0.21086,0.229752,0.584139
2021-11-30,0,1,ok,0.2088593472900821,1.895654,0.75,0.647276,0.498416,0.673807,0.23541,0.01699,1,0.238744,0.52387,0.65
2021-12-01,0,1,ok,0.2010679739762167,1.849382,0.75,0.647076,0.498404,0.64887,0.23975,0.01699,1,0.251324,0.50606,0.65
2021-12-02,0,1,ok,0.2009092486487909,1.92084,0.5,0.606307,0.496075,0.694164,0.263101,0.01699,1,0.249139,0.216491,0.579252
2021-12-03,0,1,ok,0.2024078822907577,1.881321,0.75,0.590932,0.495196,0.675926,0.268928,0.01699,0,0.199124,0.184848,0.527515
2021-12-06,0,1,ok,0.2008563153479383,1.649059,0.75,0.60019,0.495725,0.552091,0.287203,0.012378,0,0.234635,0.199272,0.55463
2021-12-07,0,0,high_risk_veto,0.2009742782998509,1.483697,0.5,0.569846,0.493991,0.47346,0.317316,0.012378,0,0.148029,0.133537,0.431049
2021-12-08,0,0,high_risk_veto,0.2021269862936358,1.404263,0.5,0.576702,0.494383,0.430282,0.319653,0.012378,0,0.157663,0.154547,0.470549
2021-12-09,0,0,high_risk_veto,0.2020395461137645,1.63847,0.75,0.576399,0.494366,0.552126,0.322294,0.012378,0,0.163219,0.14991,0.461831
2021-12-10,0,0,high_risk_veto,0.203185353381246,1.756659,0.5,0.566638,0.493808,0.615519,0.26724,0.012378,0,0.119248,0.13875,0.440851
2021-12-13,0,0,high_risk_veto,0.2018086799031724,1.80964,0.75,0.573396,0.494194,0.64167,0.269456,0.0,0,0.149478,0.14661,0.455627
2021-12-14,0,1,ok,0.2015807857195,1.70524,0.75,0.567936,0.493882,0.588647,0.233753,0.0,0,0.139441,0.131343,0.426925
2021-12-15,0,1,ok,0.2010202084741657,1.570732,0.5,0.557892,0.493308,0.521516,0.228446,0.0,0,0.1119,0.108887,0.384707
2021-12-16,0,1,ok,0.202783138968063,1.621356,0.75,0.560847,0.493477,0.546893,0.2306,0.0,0,0.116883,0.117427,0.400762
2021-12-17,0,1,ok,0.2018414632297918,1.532896,0.75,0.579268,0.49453,0.496492,0.22664,0.0,0,0.174495,0.15421,0.469915
2021-12-20,0,1,ok,0.2019124702588447,1.769399,0.75,0.577814,0.494447,0.619911,0.217244,0.029019,0,0.169061,0.151857,0.465492
2021-12-21,0,1,ok,0.2024412631220769,1.401494,0.5,0.558411,0.493338,0.434223,0.209207,0.029019,0,0.107481,0.113668,0.393695
2021-12-22,0,1,ok,0.2026510572934575,1.327765,0.5,0.559281,0.493387,0.395979,0.212619,0.029019,0,0.110889,0.114978,0.39616
2021-12-23,0,1,ok,0.202186557676738,1.277013,0.5,0.557718,0.493298,0.370335,0.210739,0.029019,0,0.10882,0.11011,0.387007
2021-12-24,0,1,ok,0.2023910550900234,1.521136,0.75,0.561036,0.493488,0.495161,0.206347,0.029019,0,0.115165,0.119233,0.404159
2021-12-27,0,1,ok,0.2019689065942752,1.516614,0.5,0.558904,0.493366,0.493386,0.200506,0.025618,0,0.114119,0.111491,0.389603
2021-12-28,0,1,ok,0.2019662651611597,1.623215,0.75,0.559983,0.493428,0.548053,0.196641,0.025618,0,0.116345,0.114359,0.394996
2021-12-29,0,1,ok,0.2108438845693871,1.631009,0.75,0.557835,0.493305,0.552566,0.182905,0.025618,0,0.103079,0.114129,0.394563
2021-12-30,0,1,ok,0.2084747234732442,1.802338,1.0,0.559732,0.493413,0.64043,0.172081,0.025618,0,0.106122,0.119709,0.405053
2021-12-31,0,1,ok,0.2088238362272339,1.817492,1.0,0.563943,0.493654,0.647475,0.151687,0.025618,0,0.106069,0.136315,0.436273
2022-01-03,0,1,ok,0.210455676585329,1.741891,0.5,0.552625,0.493007,0.610702,0.138837,0.048192,0,0.09496,0.098657,0.365475
2022-01-04,0,1,ok,0.2080331637953002,1.829147,1.0,0.564522,0.493687,0.653391,0.113632,0.048192,0,0.110576,0.135798,0.4353
2022-01-05,0,1,ok,0.2140990651365431,1.993622,1.0,0.571375,0.494079,0.737441,0.14634,0.048192,0,0.132524,0.149162,0.460425
2022-01-06,0,1,ok,0.2113943329516324,2.019772,1.0,0.571675,0.494096,0.750961,0.142238,0.048192,0,0.130998,0.151291,0.464427
2022-01-07,0,1,ok,0.2106134020144957,1.933578,1.0,0.573391,0.494194,0.706001,0.142293,0.048192,0,0.138255,0.153544,0.468663
2022-01-10,0,1,ok,0.2126575581407901,1.624328,1.0,0.568964,0.493941,0.546528,0.124164,0.032987,0,0.131157,0.140522,0.444181
2022-01-11,0,1,ok,0.2144026292366485,1.487055,0.75,0.568983,0.493942,0.475435,0.128292,0.032987,0,0.136291,0.137414,0.438338
2022-01-12,0,1,ok,0.2100043259056995,1.388901,0.75,0.561019,0.493487,0.426967,0.124999,0.032987,0,0.11336,0.120288,0.406141
2022-01-13,0,1,ok,0.2135088492613754,1.637935,1.0,0.564966,0.493712,0.554496,0.149982,0.032987,0,0.113149,0.13595,0.435587
2022-01-14,0,1,ok,0.2180230328697647,1.721699,0.75,0.558034,0.493316,0.59922,0.155281,0.032987,0,0.10538,0.113485,0.393352
2022-01-17,0,1,ok,0.212735968995375,1.75944,1.0,0.556224,0.493213,0.61901,0.129276,0.038529,0,0.101039,0.109053,0.38502
2022-01-18,0,1,ok,0.2138478272060263,1.779982,1.0,0.580397,0.494594,0.624913,0.13555,0.038529,0,0.159623,0.167871,0.495597
2022-01-19,0,1,ok,0.213118121156066,1.899158,1.0,0.580691,0.494611,0.686949,0.130346,0.038529,0,0.163165,0.166834,0.493648
2022-01-20,0,1,ok,0.2182225298427637,1.939649,0.75,0.583806,0.494789,0.707571,0.13908,0.038529,0,0.170915,0.174288,0.507662
2022-01-21,0,1,ok,0.2200584387257397,1.859743,0.75,0.592272,0.495273,0.664388,0.174536,0.038529,0,0.185451,0.198596,0.553361
2022-01-24,0,1,ok,0.2176088633631847,1.639036,0.5,0.592768,0.495301,0.54858,0.182247,0.006296,0,0.181171,0.2032,0.562016
2022-01-25,0,1,ok,0.2165605648528723,1.646919,0.75,0.589244,0.4951,0.553537,0.17038,0.006296,0,0.172122,0.194943,0.546492
2022-01-26,0,1,ok,0.2124357956559415,1.343423,0.75,0.589218,0.495098,0.39471,0.174144,0.006296,0,0.171326,0.195332,0.547225
2022-01-27,0,1,ok,0.2134607610168237,1.344217,0.75,0.586351,0.494934,0.396032,0.166088,0.006296,0,0.175614,0.181392,0.521016
2022-01-28,0,1,ok,0.2099705603525405,0.749604,0.5,0.582039,0.494688,0.087366,0.210483,0.006296,0,0.163813,0.171738,0.502867
2022-01-31,0,0,weak_score,0.2129193010855385,0.43045,0.5,0.580195,0.494583,0.0,0.240166,0.0,0,0.160248,0.16669,0.493377
2022-02-01,0,0,weak_score,0.2216214832263719,0.37146,0.5,0.577953,0.494454,0.0,0.242642,0.0,0,0.146711,0.166257,0.492563
2022-02-02,0,1,ok,0.220978000223468,0.659263,0.5,0.581183,0.494639,0.040692,0.236987,0.0,0,0.148197,0.17805,0.514734
2022-02-03,0,1,ok,0.1987110732218632,1.292659,0.75,0.584961,0.494855,0.369547,0.248511,0.0,0,0.189775,0.167143,0.494229
2022-02-04,0,1,ok,0.211961730374898,1.175222,0.5,0.57605,0.494346,0.311428,0.208781,0.0,0,0.143568,0.160715,0.482144
2022-02-07,0,1,ok,0.2213377318319026,1.279813,0.75,0.577854,0.494449,0.365195,0.211827,0.00415,0,0.148504,0.164755,0.48974
2022-02-08,0,1,ok,0.2141054036741237,0.83141,0.5,0.570472,0.494027,0.135234,0.200183,0.00415,0,0.13367,0.144902,0.452415
2022-02-09,0,1,ok,0.2101492294767379,0.83323,0.5,0.563802,0.493646,0.139153,0.204158,0.00415,0,0.116548,0.129264,0.423017
2022-02-10,0,1,ok,0.2162678241336968,1.032785,0.75,0.577787,0.494445,0.236705,0.20256,0.00415,0,0.150724,0.163119,0.486663
2022-02-11,0,1,ok,0.2168395995348563,1.370207,0.75,0.589383,0.495108,0.408677,0.252498,0.00415,0,0.175021,0.193691,0.544139
2022-02-14,0,1,ok,0.2074968340290869,1.447553,0.5,0.604665,0.495981,0.444717,0.234624,0.010855,1,0.259361,0.201556,0.558925
2022-02-15,0,1,ok,0.2068153045609791,0.988983,0.5,0.587635,0.495008,0.20987,0.251725,0.010855,0,0.174837,0.186928,0.531425
2022-02-16,0,1,ok,0.2156230144073167,0.792929,0.75,0.582057,0.494689,0.109947,0.248766,0.010855,0,0.160991,0.173558,0.506288
2022-02-17,0,1,ok,0.2278320927146107,1.093067,0.75,0.587833,0.495019,0.264221,0.267162,0.010855,0,0.178582,0.185385,0.528524
2022-02-18,0,1,ok,0.2057681552299309,1.347806,0.75,0.590266,0.495158,0.396673,0.258843,0.010855,0,0.210727,0.175034,0.509064
2022-02-21,0,1,ok,0.2100047343826969,1.243196,0.75,0.583151,0.494752,0.344338,0.25935,0.014496,0,0.166027,0.174743,0.508516
2022-02-22,0,1,ok,0.2121740376871822,1.028732,0.75,0.588378,0.49505,0.230356,0.248999,0.014496,0,0.179417,0.187011,0.53158
2022-02-23,0,1,ok,0.2048250381012732,1.148235,0.75,0.605727,0.496042,0.286394,0.228816,0.014496,0,0.227427,0.235641,0.586299
2022-02-24,0,1,ok,0.2084735318945875,0.912026,0.5,0.585912,0.494909,0.170376,0.251023,0.014496,0,0.169944,0.183181,0.52438
2022-02-25,0,1,ok,0.2060164678683238,0.759057,0.5,0.581404,0.494652,0.092595,0.243384,0.014496,0,0.178161,0.160346,0.481451
2022-02-28,0,0,weak_score,0.2144114404731022,0.560384,0.5,0.583823,0.49479,0.0,0.250927,0.0,0,0.155396,0.183973,0.52587
2022-03-01,0,1,ok,0.2115592819294812,0.926724,0.75,0.59054,0.495174,0.176062,0.244104,0.0,0,0.172216,0.199982,0.555967
2022-03-02,0,1,ok,0.2070972344159884,0.894839,0.5,0.582731,0.494727,0.162788,0.316045,0.0,0,0.171011,0.169999,0.499597
2022-03-03,0,1,ok,0.2096136551729351,0.999195,0.75,0.587635,0.495008,0.21521,0.290403,0.0,0,0.162134,0.194802,0.546227
2022-03-04,0,1,ok,0.2168241342503903,0.903859,0.75,0.586601,0.494949,0.165809,0.29995,0.0,0,0.158785,0.192807,0.542477
2022-03-07,0,1,ok,0.2047124871951035,1.184946,0.75,0.606432,0.496082,0.305515,0.321722,0.006275,0,0.219146,0.249214,0.591253
2022-03-08,0,1,ok,0.2094338712906983,0.967225,0.75,0.593721,0.495355,0.195934,0.320223,0.006275,0,0.173663,0.211782,0.577508
2022-03-09,0,0,weak_score,0.2145261249279115,0.558228,0.5,0.587647,0.495008,0.0,0.362203,0.006275,0,0.173412,0.187856,0.533169
2022-03-10,0,0,weak_score,0.2091918400069479,0.388308,0.75,0.584381,0.494822,0.0,0.355861,0.006275,0,0.160018,0.183306,0.524616
2022-03-11,0,0,weak_score,0.2106442905331342,0.516704,0.75,0.585597,0.494891,0.0,0.336749,0.006275,0,0.158546,0.189003,0.535326
2022-03-14,0,1,ok,0.2093966854670371,0.872486,0.75,0.587207,0.494983,0.149143,0.334776,0.005386,0,0.160929,0.193864,0.544464
2022-03-15,0,0,weak_score,0.215937496930441,0.414459,0.5,0.583721,0.494784,0.0,0.32818,0.005386,0,0.158838,0.181439,0.521106
2022-03-16,0,0,weak_score,0.2251868149509428,0.019041,0.5,0.572302,0.494132,0.0,0.305349,0.005386,0,0.150037,0.141958,0.446881
2022-03-17,0,0,weak_score,0.2160611653087394,-0.047602,0.5,0.568961,0.493941,0.0,0.304286,0.005386,0,0.128312,0.142275,0.447476
2022-03-18,0,0,weak_score,0.2121661868058648,0.259921,0.5,0.567018,0.49383,0.0,0.278462,0.005386,0,0.127313,0.135247,0.434265
2022-03-21,0,1,ok,0.2142996740814738,0.680605,0.75,0.579708,0.494555,0.052543,0.212555,0.002467,0,0.160712,0.164487,0.489236
2022-03-22,0,1,ok,0.2212582175379051,0.70214,0.5,0.568165,0.493895,0.069351,0.204151,0.002467,0,0.131718,0.137031,0.437618
2022-03-23,0,1,ok,0.2081089976635075,1.018531,0.75,0.579008,0.494515,0.2288,0.226681,0.002467,0,0.144645,0.17169,0.502777
2022-03-24,0,1,ok,0.2082915579794625,0.856583,0.5,0.581683,0.494668,0.143303,0.231854,0.002467,0,0.169521,0.166799,0.493582
2022-03-25,0,1,ok,0.1965333198194571,1.033562,0.75,0.576504,0.494372,0.237618,0.198613,0.002467,0,0.162543,0.150742,0.463396
2022-03-28,0,1,ok,0.2221332829256594,0.85012,0.5,0.570304,0.494017,0.145005,0.19939,0.007252,0,0.134991,0.143421,0.449631
2022-03-29,0,1,ok,0.2143321313481923,1.00792,0.5,0.566326,0.49379,0.22837,0.191585,0.007252,0,0.124007,0.134572,0.432996
2022-03-30,0,1,ok,0.2191390254908201,1.160555,0.75,0.567094,0.493834,0.30703,0.201475,0.007252,0,0.124257,0.137439,0.438386
2022-03-31,0,1,ok,0.2046561626386901,1.435376,0.75,0.566763,0.493815,0.449305,0.230425,0.007252,0,0.134933,0.129521,0.423499
2022-04-01,0,1,ok,0.2251040372561288,1.554628,0.75,0.562192,0.493554,0.512143,0.231139,0.007252,0,0.115471,0.123596,0.412361
2022-04-04,0,1,ok,0.2289328288893578,1.33649,0.5,0.561199,0.493497,0.399882,0.227523,0.019434,0,0.109541,0.123363,0.411922
2022-04-05,0,1,ok,0.2267256255060007,1.452147,0.75,0.569858,0.493992,0.457111,0.215242,0.019434,0,0.12895,0.145408,0.453367
2022-04-06,0,1,ok,0.2275107906942328,1.592445,0.75,0.575722,0.494327,0.528366,0.186841,0.019434,0,0.144601,0.158783,0.478513
2022-04-07,0,1,ok,0.2274119937875528,1.616242,0.5,0.562933,0.493596,0.543765,0.163475,0.019434,0,0.113255,0.127885,0.420424
2022-04-08,0,1,ok,0.2148582195580131,1.394958,0.75,0.567579,0.493862,0.428157,0.145576,0.019434,0,0.125893,0.138334,0.440068
2022-04-11,0,1,ok,0.2096955013966023,1.325997,0.75,0.586803,0.49496,0.386366,0.157626,0.020047,0,0.163817,0.190484,0.538111
2022-04-12,0,1,ok,0.2078223359656944,1.332876,0.75,0.58281,0.494732,0.391232,0.153351,0.020047,0,0.1624,0.175648,0.510217
2022-04-13,0,1,ok,0.2125961728752755,1.07757,0.5,0.5642,0.493669,0.265198,0.157469,0.020047,0,0.115031,0.131768,0.427725
2022-04-14,0,1,ok,0.2188481521413497,1.117227,0.75,0.571401,0.49408,0.283017,0.129322,0.020047,0,0.123102,0.155105,0.471597
2022-04-15,0,1,ok,0.2089938565895791,1.116527,0.75,0.57271,0.494155,0.282167,0.119922,0.020047,0,0.128944,0.156637,0.474478
2022-04-18,0,1,ok,0.2095557232167346,1.266369,0.75,0.563766,0.493644,0.362871,0.110092,0.023178,0,0.115182,0.129967,0.424338
2022-04-19,0,1,ok,0.2139172290471816,0.910106,0.5,0.564661,0.493695,0.178493,0.161076,0.023178,0,0.113156,0.134746,0.433322
2022-04-20,0,1,ok,0.2168390525571656,1.045555,0.75,0.572265,0.494129,0.245516,0.163945,0.023178,0,0.123086,0.158514,0.478007
2022-04-21,0,1,ok,0.2061107873008977,1.209517,0.75,0.573209,0.494183,0.330242,0.167621,0.023178,0,0.139136,0.152284,0.466294
2022-04-22,0,1,ok,0.2059912018872355,1.535099,0.75,0.59521,0.495441,0.493435,0.215814,0.023178,0,0.199567,0.201411,0.558652
2022-04-25,0,1,ok,0.2167487396455591,1.250026,0.5,0.588602,0.495063,0.346042,0.209946,0.015803,0,0.16669,0.195782,0.548071
2022-04-26,0,1,ok,0.2150932653249327,1.338513,0.75,0.591857,0.495249,0.3913,0.268192,0.015803,0,0.166881,0.208473,0.571929
2022-04-27,0,1,ok,0.201567857841526,1.022215,0.75,0.600884,0.495765,0.221856,0.266966,0.015803,0,0.225805,0.207475,0.570053
2022-04-28,0,1,ok,0.2160191235559884,0.755472,0.5,0.591922,0.495253,0.085715,0.31044,0.015803,0,0.165943,0.20931,0.573502
2022-04-29,0,1,ok,0.2228267509200935,0.798939,0.75,0.589777,0.49513,0.109496,0.343829,0.015803,0,0.163938,0.202111,0.559968
2022-05-02,0,1,ok,0.201916362092343,0.704028,0.5,0.601279,0.495787,0.054115,0.355249,0.001072,0,0.229222,0.206911,0.568992
2022-05-03,0,1,ok,0.2174146711178972,1.058444,0.5,0.589588,0.495119,0.245422,0.326382,0.001072,0,0.170073,0.197567,0.551425
2022-05-04,0,0,high_risk_veto,0.2172163975050121,0.434244,0.5,0.585652,0.494894,0.0,0.358301,0.001072,0,0.1614,0.187451,0.532407
2022-05-05,0,0,high_risk_veto,0.2205823376148977,1.004221,0.75,0.604398,0.495966,0.210921,0.375156,0.001072,1,0.194782,0.261407,0.595675
2022-05-06,0,0,high_risk_veto,0.2152797507324096,0.995041,0.75,0.598343,0.49562,0.208606,0.351862,0.001072,0,0.222884,0.199287,0.554659
2022-05-09,0,0,high_risk_veto,0.2224091129068008,1.408973,0.75,0.624083,0.49709,0.418403,0.400308,0.0,1,0.197617,0.39224,0.641553
2022-05-10,0,0,high_risk_veto,0.2072499475274019,0.695778,0.5,0.604046,0.495945,0.048383,0.364517,0.0,1,0.246449,0.207124,0.569393
2022-05-11,0,0,high_risk_veto,0.2244313366723322,0.672675,0.75,0.591003,0.4952,0.042783,0.371768,0.0,0,0.159702,0.209564,0.573981
2022-05-12,0,0,high_risk_veto,0.2147476846829561,0.241456,0.75,0.590971,0.495198,0.0,0.327933,0.0,0,0.16822,0.204156,0.563813
2022-05-13,0,0,high_risk_veto,0.2086333054173451,0.00097,0.5,0.590784,0.495188,0.0,0.346831,0.0,0,0.178935,0.196778,0.549943
2022-05-16,0,0,high_risk_veto,0.2149671349827266,-0.145252,0.75,0.595359,0.495449,0.0,0.335278,0.0,0,0.17608,0.220255,0.580642
2022-05-17,0,0,high_risk_veto,0.2130034333518617,-0.303458,0.5,0.590779,0.495187,0.0,0.371232,0.0,0,0.174111,0.199748,0.555527
2022-05-18,0,0,high_risk_veto,0.2021204199101306,0.372418,0.75,0.627129,0.497265,0.0,0.403513,0.0,1,0.247002,0.359939,0.63048
2022-05-19,0,0,high_risk_veto,0.1923026315829587,0.313233,0.75,0.605189,0.496011,0.0,0.393294,0.0,0,0.230077,0.229194,0.583934
2022-05-20,0,0,high_risk_veto,0.2017578111856316,0.460584,0.75,0.611613,0.496378,0.0,0.391811,0.0,0,0.229439,0.273299,0.599962
2022-05-23,0,0,high_risk_veto,0.2204607838618831,-0.150222,0.5,0.588271,0.495044,0.0,0.378709,0.0,0,0.164961,0.19555,0.547633
2022-05-24,0,0,high_risk_veto,0.2257699333808193,-0.141578,0.75,0.600246,0.495728,0.0,0.385228,0.0,1,0.185928,0.242768,0.588904
2022-05-25,0,0,high_risk_veto,0.1998605746731376,-0.284642,0.5,0.599405,0.49568,0.0,0.37177,0.0,0,0.22176,0.204163,0.563826
2022-05-26,0,0,high_risk_veto,0.2128901673737811,-0.254365,0.5,0.582455,0.494712,0.0,0.38452,0.0,0,0.149641,0.18216,0.52246
2022-05-27,0,0,high_risk_veto,0.2101803824908548,-0.451688,0.5,0.589257,0.4951,0.0,0.375224,0.0,0,0.167593,0.197799,0.551862
2022-05-30,0,0,high_risk_veto,0.2122682320842276,-0.138594,0.75,0.584343,0.49482,0.0,0.371791,0.0,0,0.157261,0.184865,0.527547
2022-05-31,0,0,high_risk_veto,0.2271097503549583,0.217008,0.75,0.583081,0.494747,0.0,0.345663,0.0,0,0.152248,0.183006,0.524052
2022-06-01,0,1,ok,0.2156357275042305,0.595327,0.75,0.588917,0.495081,0.003354,0.224625,0.0,0,0.16772,0.196384,0.549201
2022-06-02,0,0,weak_score,0.2175692368024908,0.414007,0.5,0.590328,0.495162,0.0,0.215885,0.0,0,0.176882,0.196256,0.548961
2022-06-03,0,1,ok,0.22422112432575,0.618485,0.75,0.580983,0.494628,0.019542,0.236028,0.0,0,0.150396,0.175897,0.510687
2022-06-06,0,0,weak_score,0.2281876661163175,0.517603,0.5,0.580145,0.49458,0.0,0.214409,0.0,0,0.149211,0.173336,0.505871
2022-06-07,0,1,ok,0.2115996119524618,0.615804,0.5,0.579688,0.494554,0.018807,0.180624,0.0,0,0.14682,0.173017,0.505271
2022-06-08,0,0,weak_score,0.2215854234775708,0.417906,0.75,0.580396,0.494594,0.0,0.194597,0.0,0,0.15072,0.173389,0.50597
2022-06-09,0,1,ok,0.2197832454376005,0.61323,0.75,0.587241,0.494985,0.013587,0.22321,0.0,0,0.16539,0.191233,0.539519
2022-06-10,0,1,ok,0.2157267612319397,0.895496,0.75,0.588546,0.49506,0.160585,0.209502,0.0,0,0.166381,0.195754,0.548018
2022-06-13,0,1,ok,0.2484072496910241,1.024929,0.75,0.594873,0.495421,0.225736,0.227903,0.00581,0,0.173634,0.219579,0.580393
2022-06-14,0,1,ok,0.2023797383467395,0.650891,0.5,0.6215,0.496943,0.015646,0.228643,0.00581,1,0.22879,0.341131,0.623959
2022-06-15,0,0,weak_score,0.2255135077203682,0.105492,0.5,0.647079,0.498405,0.0,0.230021,0.00581,1,0.238691,0.522327,0.65
2022-06-16,0,0,high_risk_veto,0.2329910920389931,0.023639,0.75,0.661768,0.499244,0.0,0.25485,0.00581,1,0.241324,0.638852,0.65
2022-06-17,0,0,high_risk_veto,0.2537897977037731,-0.094179,0.5,0.660111,0.499149,0.0,0.261231,0.00581,1,0.341709,0.496259,0.65
2022-06-20,0,0,high_risk_veto,0.2296955554218666,0.04956,0.75,0.598238,0.495614,0.0,0.24492,0.0,0,0.180513,0.234965,0.586051
2022-06-21,0,0,high_risk_veto,0.2436539189769248,-0.493083,0.5,0.657903,0.499023,0.0,0.307661,0.0,1,0.323145,0.502102,0.65
2022-06-22,0,0,high_risk_veto,0.2217584711439468,-0.431668,0.75,0.62234,0.496991,0.0,0.309824,0.0,1,0.221978,0.354164,0.628483
2022-06-23,0,0,high_risk_veto,0.2420194029218167,-0.605411,0.5,0.650448,0.498597,0.0,0.303966,0.0,1,0.325335,0.438428,0.65
2022-06-24,0,0,high_risk_veto,0.2243976138064926,-0.633796,0.5,0.607294,0.496131,0.0,0.349399,0.0,1,0.198168,0.277403,0.601436
2022-06-27,0,0,high_risk_veto,0.211494126025523,-0.490882,0.75,0.608545,0.496203,0.0,0.328299,0.0,1,0.198723,0.285292,0.604261
2022-06-28,0,0,high_risk_veto,0.2042936389830327,-0.093818,0.75,0.600985,0.495771,0.0,0.351367,0.0,0,0.220677,0.211052,0.576778
2022-06-29,0,0,high_risk_veto,0.2192541052242329,0.045743,0.5,0.595394,0.495451,0.0,0.353066,0.0,0,0.181445,0.214796,0.578625
2022-06-30,0,0,high_risk_veto,0.2174764292736634,-0.120028,0.75,0.600526,0.495744,0.0,0.294787,0.0,1,0.184465,0.246218,0.590162
2022-07-01,0,0,high_risk_veto,0.2121713174708391,-0.606326,0.5,0.592384,0.495279,0.0,0.294816,0.0,0,0.167737,0.210017,0.574833
2022-07-04,0,0,high_risk_veto,0.2090953554585523,-0.672742,0.75,0.589705,0.495126,0.0,0.294816,0.0,0,0.162692,0.2026,0.560889
2022-07-05,0,0,high_risk_veto,0.198437380999441,-0.908368,0.5,0.598994,0.495657,0.0,0.248256,0.0,0,0.217727,0.205046,0.565486
2022-07-06,0,0,high_risk_veto,0.2057158991956659,-0.835901,0.5,0.596963,0.495541,0.0,0.247125,0.0,0,0.21288,0.200056,0.556106
2022-07-07,0,0,high_risk_veto,0.208769352895041,-0.823287,0.5,0.600719,0.495755,0.0,0.267083,0.0,0,0.232528,0.20266,0.561001
2022-07-08,0,0,weak_score,0.2025286698707512,-0.495093,0.5,0.596085,0.495491,0.0,0.200933,0.0,0,0.21063,0.197994,0.55223
2022-07-11,0,0,weak_score,0.197028365848661,-0.18288,0.75,0.60367,0.495924,0.0,0.219969,0.0,0,0.219253,0.23045,0.584395
2022-07-12,0,0,weak_score,0.2082392731313982,0.046519,0.75,0.602861,0.495878,0.0,0.19673,0.0,0,0.239205,0.206951,0.569068
2022-07-13,0,0,weak_score,0.2203769549404399,-0.021048,0.75,0.581291,0.494645,0.0,0.198024,0.0,0,0.116155,0.198332,0.552864
2022-07-14,0,0,weak_score,0.2174344204062278,-0.217487,0.5,0.579783,0.494559,0.0,0.183583,0.0,0,0.116821,0.191988,0.540937
2022-07-15,0,0,weak_score,0.2179669511545664,-0.421683,0.5,0.576794,0.494388,0.0,0.199125,0.0,0,0.11665,0.180328,0.519016
2022-07-18,0,0,weak_score,0.2218852590096769,-0.311535,0.75,0.576686,0.494382,0.0,0.202068,0.0,0,0.109286,0.184469,0.526801
2022-07-19,0,0,weak_score,0.2189527539699985,-0.418429,0.5,0.571496,0.494085,0.0,0.251851,0.0,0,0.102323,0.16836,0.496517
2022-07-20,0,0,weak_score,0.2236850510954065,-0.220906,0.5,0.581721,0.49467,0.0,0.248801,0.0,0,0.117701,0.199067,0.554247
2022-07-21,0,0,weak_score,0.2212920390015734,-0.219703,0.5,0.581424,0.494653,0.0,0.23077,0.0,0,0.115004,0.199571,0.555194
2022-07-22,0,0,weak_score,0.2233472218844587,0.228159,0.75,0.573993,0.494228,0.0,0.254282,0.0,0,0.106758,0.175436,0.50982
2022-07-25,0,0,weak_score,0.219938131440319,0.334386,0.75,0.576576,0.494376,0.0,0.233751,0.0,0,0.112228,0.182211,0.522556
2022-07-26,0,0,weak_score,0.2225271707208358,0.480193,0.75,0.579849,0.494563,0.0,0.235082,0.0,0,0.110134,0.196391,0.549215
2022-07-27,0,0,weak_score,0.2197002410947676,-0.037271,0.5,0.572796,0.49416,0.0,0.252079,0.0,0,0.109107,0.16927,0.498228
2022-07-28,0,0,weak_score,0.2230587238400324,-0.135124,0.5,0.575111,0.494292,0.0,0.252116,0.0,0,0.110048,0.177799,0.514263
2022-07-29,0,0,weak_score,0.2201213296275345,-0.378141,0.5,0.574415,0.494252,0.0,0.250797,0.0,0,0.107093,0.17689,0.512552
2022-08-01,0,0,weak_score,0.2211522632679378,0.012371,0.75,0.573561,0.494203,0.0,0.255153,0.0,0,0.106444,0.173933,0.506994
2022-08-02,0,0,weak_score,0.2174219562904594,0.188212,0.75,0.576225,0.494356,0.0,0.20727,0.0,0,0.114996,0.179117,0.51674
2022-08-03,0,0,weak_score,0.2181368466169236,0.227098,0.5,0.582042,0.494688,0.0,0.21128,0.0,0,0.114263,0.202464,0.560631
2022-08-04,0,0,weak_score,0.2178293319312876,0.310515,0.5,0.581719,0.49467,0.0,0.214547,0.0,0,0.113708,0.201533,0.558883
2022-08-05,0,0,weak_score,0.2163057660381188,0.458137,0.75,0.570092,0.494005,0.0,0.180273,0.0,0,0.102696,0.162602,0.485692
2022-08-08,0,1,ok,0.2189968291547436,0.755038,0.75,0.57067,0.494038,0.095561,0.189671,0.004879,0,0.098104,0.167722,0.495317
2022-08-09,0,1,ok,0.2159157214362627,0.836819,0.75,0.570724,0.494041,0.137925,0.169843,0.004879,0,0.097821,0.16811,0.496047
2022-08-10,0,0,weak_score,0.2036829886771732,0.527398,0.5,0.588534,0.495059,0.0,0.159037,0.004879,0,0.193828,0.178696,0.515948
2022-08-11,0,0,weak_score,0.1932346219235008,0.576351,0.75,0.586789,0.494959,0.0,0.158967,0.004879,0,0.183274,0.178369,0.515333
2022-08-12,0,0,weak_score,0.1900057467370253,0.428866,0.5,0.586979,0.49497,0.0,0.1572,0.004879,0,0.184369,0.178437,0.515462
2022-08-15,0,1,ok,0.1889793092707621,0.621812,0.5,0.579857,0.494563,0.02185,0.139887,0.001217,0,0.163357,0.163433,0.487254
2022-08-16,0,0,weak_score,0.1960219076755701,0.581318,0.75,0.587519,0.495001,0.0,0.140309,0.001217,0,0.1872,0.178806,0.516155
2022-08-17,0,1,ok,0.2088819517382942,0.763525,0.75,0.576089,0.494348,0.097425,0.138456,0.001217,0,0.138137,0.164235,0.488763
2022-08-18,0,1,ok,0.2076331486193068,0.720205,0.5,0.576172,0.494353,0.074868,0.128243,0.001217,0,0.137104,0.165203,0.490581
2022-08-19,0,1,ok,0.2043114619904626,0.774275,0.75,0.582167,0.494695,0.100169,0.129981,0.001217,0,0.16874,0.169187,0.498072
2022-08-22,0,1,ok,0.228850923019927,0.802112,0.75,0.600727,0.495756,0.106033,0.158529,0.003119,1,0.183058,0.249072,0.591201
2022-08-23,0,0,deploy_downside_veto,0.2421652072491451,0.756619,0.75,0.592518,0.495287,0.08603,0.158027,0.003119,0,0.169993,0.209147,0.573196
2022-08-24,0,0,weak_score,0.22674401948944,0.545546,0.5,0.588402,0.495052,0.0,0.126367,0.003119,0,0.163303,0.197093,0.550536
2022-08-25,0,0,weak_score,0.2327356443566188,0.230853,0.5,0.584034,0.494802,0.0,0.128362,0.003119,0,0.152825,0.186399,0.530431
2022-08-26,0,0,weak_score,0.2147731669568949,0.56942,0.75,0.610157,0.496295,0.0,0.200381,0.003119,1,0.188231,0.307441,0.612136
2022-08-29,0,1,ok,0.2527888120380997,0.611571,0.75,0.610001,0.496286,0.000831,0.199306,2.1e-05,1,0.244102,0.246774,0.590365
2022-08-30,0,1,ok,0.2109389549823738,0.735236,0.75,0.605258,0.496015,0.0686,0.198081,2.1e-05,0,0.225947,0.234049,0.585716
2022-08-31,0,0,weak_score,0.2199190343432234,0.370632,0.75,0.606162,0.496066,0.0,0.196297,2.1e-05,1,0.189331,0.279167,0.602069
2022-09-01,0,0,weak_score,0.2326343007998133,0.266243,0.75,0.606364,0.496078,0.0,0.211484,2.1e-05,1,0.19437,0.275154,0.600629
2022-09-02,0,0,weak_score,0.2191204282171707,0.288266,0.75,0.59427,0.495387,0.0,0.219389,2.1e-05,0,0.165144,0.224529,0.582218
2022-09-05,0,0,weak_score,0.2185292479886644,0.223526,0.75,0.592499,0.495286,0.0,0.211364,0.0,0,0.166538,0.211212,0.577079
2022-09-06,0,0,weak_score,0.2326725451995233,0.284203,0.75,0.592877,0.495307,0.0,0.218964,0.0,0,0.173167,0.20859,0.57215
2022-09-07,0,0,weak_score,0.2099764991305387,0.052493,0.5,0.574573,0.494261,0.0,0.226167,0.0,0,0.067739,0.201906,0.559584
2022-09-08,0,0,weak_score,0.2171471618135269,0.122249,0.5,0.571832,0.494105,0.0,0.229254,0.0,0,0.068087,0.190904,0.538899
2022-09-09,0,0,weak_score,0.219609141380395,0.003796,0.5,0.571597,0.494091,0.0,0.165299,0.0,0,0.067535,0.190318,0.537798
2022-09-12,0,0,weak_score,0.2083759009152083,0.184382,0.5,0.571826,0.494104,0.0,0.172589,0.0,0,0.071878,0.188528,0.534433
2022-09-13,0,1,ok,0.2032739468250459,0.672167,0.75,0.593201,0.495326,0.041413,0.270084,0.0,0,0.112738,0.273084,0.599885
2022-09-14,0,1,ok,0.2203563538272747,0.702494,0.5,0.574472,0.494256,0.066487,0.26891,0.0,0,0.072158,0.198769,0.553685
2022-09-15,0,1,ok,0.2125481248639419,0.817971,0.75,0.576022,0.494344,0.125754,0.267194,0.0,0,0.070062,0.206168,0.567596
2022-09-16,0,0,weak_score,0.2126185964203184,0.364744,0.75,0.576559,0.494375,0.0,0.257196,0.0,0,0.068512,0.209241,0.573374
2022-09-19,0,0,weak_score,0.2062198737720365,0.37673,0.5,0.579463,0.494541,0.0,0.261891,0.0,0,0.109432,0.195305,0.547174
2022-09-20,0,0,weak_score,0.2005115207080061,0.313026,0.75,0.58236,0.494706,0.0,0.261339,0.0,0,0.112922,0.204545,0.564545
2022-09-21,0,0,weak_score,0.2095152165568678,0.406893,0.75,0.575348,0.494306,0.0,0.27482,0.0,0,0.069799,0.203677,0.562913
2022-09-22,0,0,weak_score,0.228812640917989,0.528407,0.75,0.57596,0.494341,0.0,0.270635,0.0,0,0.072965,0.204123,0.563751
2022-09-23,0,0,weak_score,0.2051420943204449,0.505098,0.75,0.613462,0.496484,0.0,0.257974,0.0,1,0.134825,0.387242,0.63985
2022-09-26,0,0,weak_score,0.2512731152830142,0.333475,0.75,0.646637,0.498379,0.0,0.245936,0.0,1,0.154225,0.627321,0.65
2022-09-27,0,0,weak_score,0.2284624533193243,0.224764,0.5,0.627454,0.497283,0.0,0.175562,0.0,1,0.151051,0.474807,0.65
2022-09-28,0,0,weak_score,0.2230832769315922,-0.045797,0.5,0.592316,0.495275,0.0,0.172165,0.0,1,0.077583,0.304628,0.61114
2022-09-29,0,0,weak_score,0.2199150890495835,0.157356,0.75,0.605182,0.49601,0.0,0.183139,0.0,1,0.134225,0.331438,0.620576
2022-09-30,0,0,weak_score,0.2190922543291373,0.257248,0.75,0.591462,0.495226,0.0,0.186862,0.0,1,0.07257,0.304192,0.610986
2022-10-03,0,0,weak_score,0.2078571802916134,0.159401,0.5,0.598022,0.495601,0.0,0.196368,0.0,1,0.073325,0.347997,0.626346
2022-10-04,0,0,weak_score,0.2051403222435267,-0.291459,0.5,0.581467,0.494655,0.0,0.254478,0.0,0,0.113293,0.200801,0.557507
2022-10-05,0,0,weak_score,0.2154710105633731,-0.324821,0.75,0.577083,0.494405,0.0,0.229652,0.0,0,0.089706,0.198167,0.552554
2022-10-06,0,0,weak_score,0.2346374618489072,0.114761,0.75,0.576497,0.494371,0.0,0.230166,0.0,0,0.091248,0.194907,0.546426
2022-10-07,0,1,ok,0.2427017675852738,0.729237,0.75,0.578251,0.494471,0.078567,0.244011,0.0,0,0.091074,0.201915,0.5596
2022-10-10,0,1,ok,0.238330829476705,0.730472,0.75,0.58125,0.494643,0.077771,0.24091,0.002053,0,0.09393,0.212368,0.577725
2022-10-11,0,1,ok,0.2454233977583966,0.647621,0.75,0.583055,0.494746,0.033682,0.242552,0.002053,0,0.096074,0.222258,0.581381
2022-10-12,0,0,weak_score,0.2291651573046007,0.227216,0.75,0.581062,0.494632,0.0,0.243482,0.002053,0,0.091334,0.213856,0.578276
2022-10-13,0,0,weak_score,0.2510810439741563,-0.101176,0.5,0.58148,0.494656,0.0,0.278385,0.002053,0,0.095502,0.212252,0.577682
2022-10-14,0,0,weak_score,0.2521511680270017,0.019067,0.75,0.578527,0.494487,0.0,0.285781,0.002053,0,0.091128,0.202968,0.56158
2022-10-17,0,0,weak_score,0.2542869996859349,-0.235624,0.5,0.578449,0.494483,0.0,0.301525,0.0,0,0.09345,0.201224,0.558301
2022-10-18,0,0,weak_score,0.2317505752433792,-0.042212,0.5,0.577472,0.494427,0.0,0.270909,0.0,0,0.090671,0.1991,0.554308
2022-10-19,0,0,weak_score,0.2356377637837184,-0.196046,0.75,0.577584,0.494433,0.0,0.26869,0.0,0,0.091181,0.199224,0.554541
2022-10-20,0,0,weak_score,0.2432508503289152,0.170642,0.75,0.578078,0.494462,0.0,0.267103,0.0,0,0.091942,0.200695,0.557307
2022-10-21,0,0,weak_score,0.2501371438309808,0.058584,0.5,0.57712,0.494407,0.0,0.246921,0.0,0,0.089947,0.198163,0.552546
2022-10-24,0,0,weak_score,0.2523721518087966,-0.043156,0.5,0.578088,0.494462,0.0,0.246614,0.0,0,0.091663,0.200909,0.557709
2022-10-25,0,0,weak_score,0.238193042032992,-0.231089,0.5,0.579301,0.494531,0.0,0.231252,0.0,0,0.094355,0.204015,0.563548
2022-10-26,0,0,weak_score,0.2359448852332926,0.161466,0.75,0.578911,0.494509,0.0,0.243889,0.0,0,0.090904,0.204618,0.564682
2022-10-27,0,0,weak_score,0.2340572112227489,0.361805,0.75,0.579112,0.494521,0.0,0.22646,0.0,0,0.092598,0.204358,0.564192
2022-10-28,0,0,weak_score,0.2342843869654506,0.269745,0.5,0.57891,0.494509,0.0,0.226512,0.0,0,0.09178,0.204072,0.563656
2022-10-31,0,0,weak_score,0.212432374119403,0.155869,0.75,0.587211,0.494984,0.0,0.211713,0.0,0,0.092047,0.254605,0.593211
2022-11-01,0,0,weak_score,0.2342361087867009,0.129321,0.75,0.580317,0.49459,0.0,0.214874,0.0,0,0.093919,0.208282,0.57157
2022-11-02,0,1,ok,0.1990112125254903,0.602392,0.75,0.579708,0.494555,0.011813,0.256846,0.0,0,0.090864,0.20778,0.570625
2022-11-03,0,1,ok,0.2031102469113437,0.591615,0.75,0.578813,0.494504,0.006664,0.259484,0.0,0,0.09236,0.203329,0.562258
2022-11-04,0,0,weak_score,0.2045332629373071,0.295247,0.5,0.575117,0.494292,0.0,0.249526,0.0,0,0.088637,0.191093,0.539256
2022-11-07,0,0,weak_score,0.2014223167728837,-0.08314,0.5,0.575826,0.494333,0.0,0.249071,0.0,0,0.087748,0.194435,0.545538
2022-11-08,0,0,weak_score,0.1979364047158229,-0.284627,0.5,0.575417,0.49431,0.0,0.248235,0.0,0,0.087066,0.193245,0.543301
2022-11-09,0,0,high_risk_veto,0.2029134449267557,-0.004782,0.75,0.576893,0.494394,0.0,0.269635,0.0,0,0.089108,0.19779,0.551846
2022-11-10,0,0,high_risk_veto,0.200197517530662,-0.367911,0.5,0.578346,0.494477,0.0,0.306797,0.0,0,0.094929,0.199902,0.555816
2022-11-11,0,0,high_risk_veto,0.1955745823507871,-0.326682,0.5,0.572016,0.494115,0.0,0.278121,0.0,0,0.085316,0.180946,0.520178
2022-11-14,0,0,high_risk_veto,0.1965093053639331,-0.292383,0.75,0.575632,0.494322,0.0,0.279772,0.0,0,0.089767,0.192419,0.541749
2022-11-15,0,0,high_risk_veto,0.1992138584551104,0.172482,0.5,0.578293,0.494474,0.0,0.278612,0.0,0,0.095405,0.199395,0.554863
2022-11-16,0,0,high_risk_veto,0.1999314618671237,0.377508,0.75,0.591144,0.495208,0.0,0.258294,0.0,1,0.098463,0.274378,0.60035
2022-11-17,0,0,weak_score,0.2096236886911617,0.277305,0.75,0.572434,0.494139,0.0,0.253997,0.0,0,0.048894,0.205169,0.565717
2022-11-18,0,0,weak_score,0.2081877237251414,0.324596,0.75,0.569313,0.493961,0.0,0.244569,0.0,0,0.049518,0.192497,0.541895
2022-11-21,0,0,weak_score,0.1937035673870655,0.287578,0.75,0.577639,0.494437,0.0,0.23782,0.0,0,0.088515,0.201095,0.558059
2022-11-22,0,0,weak_score,0.1951889571605921,0.14826,0.5,0.577645,0.494437,0.0,0.239924,0.0,0,0.091804,0.199077,0.554265
2022-11-23,0,0,weak_score,0.1947436038820253,0.06251,0.5,0.572594,0.494148,0.0,0.19369,0.0,0,0.086245,0.182647,0.523376
2022-11-24,0,0,weak_score,0.1958716565218464,-0.002523,0.75,0.570855,0.494049,0.0,0.121452,0.0,0,0.085109,0.176508,0.511835
2022-11-25,0,0,weak_score,0.1970763920280943,0.170466,0.75,0.57045,0.494026,0.0,0.105844,0.0,0,0.087899,0.173183,0.505584
2022-11-28,0,0,weak_score,0.2013522349033395,0.31624,0.75,0.576305,0.49436,0.0,0.131695,0.0,0,0.089823,0.195032,0.54666
2022-11-29,0,0,weak_score,0.2078797836960942,0.337384,0.75,0.570549,0.494031,0.0,0.132686,0.0,0,0.049351,0.197466,0.551236
2022-11-30,0,0,weak_score,0.2091953748955556,-0.068006,0.5,0.56593,0.493767,0.0,0.150717,0.0,0,0.041798,0.183969,0.525863
2022-12-01,0,0,weak_score,0.2083842566262697,-0.129112,0.5,0.56616,0.493781,0.0,0.164195,0.0,0,0.041207,0.185241,0.528254
2022-12-02,0,0,weak_score,0.2079550344059935,-0.127557,0.75,0.564731,0.493699,0.0,0.160722,0.0,0,0.041511,0.179429,0.517327
2022-12-05,0,0,weak_score,0.2087903411321622,0.388123,0.75,0.567358,0.493849,0.0,0.164915,0.0,0,0.039196,0.191203,0.539461
2022-12-06,0,0,weak_score,0.212505037834413,0.506775,0.75,0.568236,0.493899,0.0,0.185553,0.0,0,0.040599,0.193789,0.544323
2022-12-07,0,0,weak_score,0.2128261155593797,0.418644,0.75,0.57211,0.494121,0.0,0.18711,0.0,0,0.038185,0.210533,0.575802
2022-12-08,0,0,weak_score,0.2133308540166072,0.113039,0.5,0.57951,0.494543,0.0,0.207542,0.0,1,0.038113,0.25997,0.595155
2022-12-09,0,0,weak_score,0.2133369179773776,0.038577,0.75,0.58498,0.494856,0.0,0.207497,0.0,1,0.033626,0.301826,0.610147
2022-12-12,0,0,weak_score,0.2127454350550398,-0.013534,0.5,0.588092,0.495034,0.0,0.212811,0.0,1,0.033649,0.322945,0.617599
2022-12-13,0,0,weak_score,0.2163039395174513,0.073144,0.5,0.571136,0.494065,0.0,0.212455,0.0,0,0.040658,0.205165,0.56571
2022-12-14,0,0,weak_score,0.2100828444794867,0.079785,0.75,0.565509,0.493743,0.0,0.176789,0.0,0,0.042524,0.181863,0.521903
2022-12-15,0,0,weak_score,0.2150603344369324,0.419873,0.75,0.569112,0.493949,0.0,0.210644,0.0,0,0.042295,0.196183,0.548825
2022-12-16,0,0,weak_score,0.2134038882580413,0.498663,0.75,0.568611,0.493921,0.0,0.211525,0.0,0,0.042599,0.194025,0.544768
2022-12-19,0,0,weak_score,0.2113698912533922,0.482807,0.75,0.569647,0.49398,0.0,0.212628,0.0,0,0.041687,0.198669,0.553497
2022-12-20,0,0,weak_score,0.2141915114666218,0.173035,0.75,0.569147,0.493951,0.0,0.202764,0.0,0,0.042844,0.195984,0.54845
2022-12-21,0,0,weak_score,0.2095211654903218,-0.019339,0.5,0.56659,0.493805,0.0,0.210169,0.0,0,0.043317,0.185625,0.528975
2022-12-22,0,0,weak_score,0.2123673000636917,0.045821,0.75,0.566904,0.493823,0.0,0.207378,0.0,0,0.042913,0.187111,0.531769
2022-12-23,0,0,weak_score,0.2098391913453583,0.003571,0.5,0.566838,0.493819,0.0,0.21652,0.0,0,0.045392,0.185314,0.52839
2022-12-26,0,0,weak_score,0.2102814779698196,0.086165,0.75,0.567413,0.493852,0.0,0.195583,0.0,0,0.042301,0.189493,0.536247
2022-12-27,0,0,weak_score,0.2176252695501508,-0.030995,0.75,0.568165,0.493895,0.0,0.198969,0.0,0,0.044332,0.191197,0.53945
2022-12-28,0,0,weak_score,0.2114740117226735,0.000409,0.75,0.578973,0.494513,0.0,0.200112,0.0,0,0.028847,0.266209,0.597409
2022-12-29,0,0,weak_score,0.2114637669018179,-0.25058,0.5,0.574791,0.494274,0.0,0.158839,0.0,0,0.077922,0.196453,0.549331
2022-12-30,0,0,weak_score,0.2070215747777337,-0.335785,0.75,0.566839,0.493819,0.0,0.146562,0.0,0,0.035715,0.191318,0.539678
2023-01-02,0,0,weak_score,0.2068512181954462,-0.349849,0.75,0.566864,0.493821,0.0,0.146274,0.0,0,0.035708,0.19142,0.53987
2023-01-03,0,0,weak_score,0.209553682607671,-0.067647,0.75,0.584505,0.494829,0.0,0.158034,0.0,1,0.026908,0.305782,0.611549
2023-01-04,0,0,weak_score,0.2097067280217506,-0.0942,0.5,0.570963,0.494055,0.0,0.140624,0.0,0,0.031175,0.21036,0.575476
2023-01-05,0,0,weak_score,0.208706616408646,0.046043,0.75,0.57068,0.494039,0.0,0.130674,0.0,0,0.030406,0.209726,0.574285
2023-01-06,0,0,weak_score,0.2043333060587736,-0.200513,0.5,0.574865,0.494278,0.0,0.129747,0.0,0,0.072597,0.200042,0.556079
2023-01-09,0,0,weak_score,0.2113240389145624,-0.149537,0.5,0.570379,0.494022,0.0,0.130543,0.0,0,0.031495,0.207866,0.570788
2023-01-10,0,0,weak_score,0.2037081223535414,-0.248124,0.5,0.574598,0.494263,0.0,0.147095,0.0,0,0.076637,0.196489,0.549398
2023-01-11,0,0,weak_score,0.2038090647094553,-0.050539,0.5,0.573241,0.494185,0.0,0.137917,0.0,0,0.075594,0.191796,0.540576
2023-01-12,0,0,weak_score,0.2008631855452613,0.007496,0.5,0.570081,0.494005,0.0,0.127366,0.0,0,0.069637,0.183052,0.524138
2023-01-13,0,0,weak_score,0.201159480535575,0.074686,0.5,0.569119,0.49395,0.0,0.135449,0.0,0,0.070114,0.178968,0.516459
2023-01-16,0,0,weak_score,0.2000857202489428,0.259371,0.75,0.570237,0.494014,0.0,0.135449,0.0,0,0.071141,0.182732,0.523536
2023-01-17,0,0,weak_score,0.2029109277755607,0.341695,0.5,0.573042,0.494174,0.0,0.116157,0.0,0,0.075228,0.191238,0.539528
2023-01-18,0,0,weak_score,0.2047036723896038,0.505429,0.75,0.575813,0.494332,0.0,0.19907,0.0,0,0.075644,0.201885,0.559543
2023-01-19,0,0,weak_score,0.2085359633653017,0.529276,0.75,0.571416,0.494081,0.0,0.194945,0.0,0,0.031717,0.212131,0.577637
2023-01-20,0,0,weak_score,0.2073981917304047,0.300027,0.5,0.585804,0.494903,0.0,0.228735,0.0,1,0.085469,0.252093,0.592299
2023-01-23,0,0,weak_score,0.2053037130304806,0.074312,0.5,0.588778,0.495073,0.0,0.237513,0.0,1,0.081235,0.27673,0.601195
2023-01-24,0,0,weak_score,0.2053639938788095,0.114034,0.75,0.579855,0.494563,0.0,0.23446,0.0,0,0.079864,0.217897,0.579771
2023-01-25,0,0,weak_score,0.1867448030902732,0.4008,0.75,0.575305,0.494303,0.0,0.232694,0.0,0,0.071905,0.202202,0.56014
2023-01-26,0,0,weak_score,0.18839564629845,0.443771,0.5,0.574012,0.494229,0.0,0.240201,0.0,0,0.072135,0.196973,0.550308
2023-01-27,0,0,weak_score,0.1866097093518497,0.411182,0.5,0.574677,0.494267,0.0,0.237474,0.0,0,0.074138,0.198349,0.552896
2023-01-30,0,1,ok,0.1983416421039822,0.621366,0.75,0.576344,0.494363,0.023405,0.244078,0.000625,0,0.073797,0.20512,0.565625
2023-01-31,0,1,ok,0.1920490120353077,0.674276,0.5,0.575652,0.494323,0.051251,0.247583,0.000625,0,0.07229,0.203332,0.562264
2023-02-01,0,1,ok,0.1874849777087588,0.615444,0.5,0.573131,0.494179,0.02196,0.174944,0.000625,0,0.071209,0.194078,0.544867
2023-02-02,0,0,weak_score,0.194553097133477,0.315232,0.5,0.576213,0.494355,0.0,0.170835,0.000625,0,0.070698,0.206523,0.568264
2023-02-03,0,1,ok,0.1931844137918568,0.750824,0.75,0.570463,0.494026,0.093474,0.140602,0.000625,0,0.07325,0.182313,0.522748
2023-02-06,0,1,ok,0.2001580143612791,1.09158,0.75,0.574547,0.49426,0.268525,0.126798,0.009465,0,0.073714,0.1981,0.552427
2023-02-07,0,1,ok,0.2012532211845606,1.225485,0.5,0.601052,0.495774,0.328831,0.126491,0.009465,1,0.086046,0.354991,0.62877
2023-02-08,0,1,ok,0.1987455068255811,1.203113,0.75,0.574762,0.494272,0.326376,0.160346,0.009465,0,0.074011,0.198762,0.553673
2023-02-09,0,1,ok,0.2075592595177311,1.175823,0.75,0.571866,0.494107,0.313234,0.153842,0.009465,0,0.026605,0.220586,0.580764
2023-02-10,0,1,ok,0.2087546670677777,1.284344,0.75,0.570363,0.494021,0.370008,0.155679,0.009465,0,0.027178,0.210477,0.575696
2023-02-13,0,1,ok,0.2088340126100788,0.925106,0.5,0.569936,0.493996,0.18402,0.143323,0.006318,0,0.028411,0.208032,0.571099
2023-02-14,0,1,ok,0.201511567779852,0.79484,0.5,0.573497,0.4942,0.114894,0.140883,0.006318,0,0.074014,0.19378,0.544305
2023-02-15,0,1,ok,0.1930317033141567,0.773278,0.5,0.572951,0.494169,0.103955,0.141442,0.006318,0,0.07407,0.191599,0.540207
2023-02-16,0,1,ok,0.1961894948545189,1.138894,0.75,0.575429,0.49431,0.292774,0.145642,0.006318,0,0.071539,0.20292,0.56149
2023-02-17,0,1,ok,0.2010177907587479,1.24697,0.75,0.5766,0.494377,0.348534,0.149731,0.006318,0,0.072371,0.207012,0.569182
2023-02-20,0,1,ok,0.2006690290364544,1.258739,0.75,0.577625,0.494436,0.354309,0.149433,0.011649,0,0.074422,0.209775,0.574376
2023-02-21,0,1,ok,0.2083214449761251,1.233701,0.75,0.587561,0.495003,0.337862,0.132087,0.011649,1,0.018322,0.335749,0.622082
2023-02-22,0,1,ok,0.1869143293808356,1.144531,0.5,0.588779,0.495073,0.290784,0.111301,0.011649,1,0.091441,0.265858,0.597282
2023-02-23,0,1,ok,0.187068817201041,1.08711,0.5,0.59604,0.495488,0.257921,0.109717,0.011649,1,0.095379,0.31088,0.613351
2023-02-24,0,1,ok,0.18701494632611,1.073348,0.75,0.582757,0.494729,0.255884,0.103751,0.011649,1,0.091972,0.224607,0.582247
2023-02-27,0,1,ok,0.1884312152541694,1.054775,0.5,0.579044,0.494517,0.247653,0.087421,0.009588,1,0.091524,0.204759,0.564947
2023-02-28,0,1,ok,0.1905395101727671,1.147534,0.75,0.579573,0.494547,0.295747,0.0812,0.009588,1,0.090752,0.20732,0.569761
2023-03-01,0,1,ok,0.1899736233701914,1.097147,0.75,0.577198,0.494411,0.270412,0.075186,0.009588,0,0.091839,0.197297,0.550919
2023-03-02,0,1,ok,0.1927972586160885,1.119332,0.5,0.579412,0.494538,0.281122,0.094056,0.009588,1,0.092608,0.205533,0.566401
2023-03-03,0,1,ok,0.1945494898755017,0.976981,0.5,0.5775,0.494429,0.207793,0.099757,0.009588,0,0.090791,0.199134,0.554373
2023-03-06,0,1,ok,0.1927166722938538,0.92637,0.5,0.588934,0.495082,0.176569,0.100636,0.006338,1,0.030541,0.332,0.620772
2023-03-07,0,1,ok,0.1899111055829875,1.107657,0.75,0.61507,0.496575,0.261329,0.121672,0.006338,1,0.090533,0.451521,0.65
2023-03-08,0,1,ok,0.1923456732719362,1.215733,0.5,0.576175,0.494353,0.332441,0.1208,0.006338,0,0.084562,0.197781,0.551829
2023-03-09,0,1,ok,0.1884828697488743,1.303509,0.75,0.604685,0.495982,0.368711,0.174224,0.006338,1,0.011181,0.468764,0.65
2023-03-10,0,1,ok,0.1894534932734854,1.144445,0.75,0.630156,0.497437,0.275044,0.23259,0.006338,1,0.079771,0.588507,0.65
2023-03-13,0,1,ok,0.1876943688162509,0.874694,0.5,0.631374,0.497507,0.130213,0.234302,0.002834,0,0.0,0.701015,0.65
2023-03-14,0,0,weak_score,0.18449412913801,0.419385,0.5,0.641763,0.498101,0.0,0.285259,0.002834,0,0.0,0.785824,0.65
2023-03-15,0,0,weak_score,0.1872442077385721,0.206331,0.5,0.641259,0.498072,0.0,0.293936,0.002834,0,0.0,0.781702,0.65
2023-03-16,0,0,high_risk_veto,0.1849644262426988,0.164878,0.5,0.624863,0.497135,0.0,0.324985,0.002834,0,0.0,0.647859,0.65
2023-03-17,0,0,high_risk_veto,0.1845963498290006,0.380416,0.75,0.601003,0.495772,0.0,0.329476,0.002834,1,0.013824,0.435315,0.65
2023-03-20,0,0,high_risk_veto,0.1875196846928891,0.411646,0.5,0.597668,0.495581,0.0,0.341889,0.0,1,0.020957,0.40187,0.644825
2023-03-21,0,0,high_risk_veto,0.1874484332153175,0.537736,0.5,0.584772,0.494844,0.0,0.364073,0.0,1,0.031611,0.302566,0.61041
2023-03-22,0,0,high_risk_veto,0.1733585465134361,0.645728,0.75,0.612887,0.496451,0.017403,0.387205,0.0,1,0.191006,0.323017,0.617625
2023-03-23,0,0,high_risk_veto,0.1923161987056263,0.585411,0.5,0.593236,0.495328,0.0,0.372549,0.0,0,0.173137,0.210023,0.574843
2023-03-24,0,0,high_risk_veto,0.1863686666787887,0.583336,0.5,0.588589,0.495062,0.0,0.337093,0.0,0,0.159502,0.200186,0.55635
2023-03-27,0,0,high_risk_veto,0.1950984345171529,0.509047,0.75,0.590674,0.495181,0.0,0.333546,0.0,0,0.165875,0.204441,0.564348
2023-03-28,0,0,high_risk_veto,0.1799540314850775,0.669461,0.75,0.588438,0.495054,0.042386,0.308258,0.0,0,0.163049,0.197395,0.551103
2023-03-29,0,0,high_risk_veto,0.1990374082355391,0.642047,0.5,0.587169,0.494981,0.028689,0.292952,0.0,0,0.164084,0.191759,0.540507
2023-03-30,0,1,ok,0.1797418781580623,0.607751,0.5,0.585577,0.49489,0.011583,0.266403,0.0,0,0.160461,0.187739,0.532949
2023-03-31,0,0,weak_score,0.1947340798088128,0.566454,0.5,0.582231,0.494699,0.0,0.229191,0.0,0,0.151135,0.180351,0.51906
2023-04-03,0,1,ok,0.1914820986764574,0.762796,0.75,0.590699,0.495183,0.090136,0.226009,0.002367,0,0.165376,0.204849,0.565117
2023-04-04,0,1,ok,0.2010842559351188,0.803124,0.75,0.585753,0.4949,0.113554,0.213322,0.002367,0,0.160384,0.188477,0.534338
2023-04-05,0,1,ok,0.2103102374668219,0.845769,0.75,0.575726,0.494327,0.140335,0.14182,0.002367,0,0.114492,0.177464,0.513633
2023-04-06,0,1,ok,0.2241191336368166,0.651953,0.5,0.578503,0.494486,0.038225,0.138011,0.002367,0,0.121531,0.184031,0.525978
2023-04-07,0,0,weak_score,0.2124660107714747,0.561554,0.75,0.578909,0.494509,0.0,0.137637,0.002367,0,0.121167,0.185853,0.529403
2023-04-10,0,0,weak_score,0.2129368899006355,0.542906,0.75,0.577612,0.494435,0.0,0.131224,0.0,0,0.115877,0.184028,0.525973
2023-04-11,0,1,ok,0.199596688793381,0.718675,0.75,0.59011,0.495149,0.067315,0.130267,0.0,0,0.170814,0.199161,0.554423
2023-04-12,0,1,ok,0.1993326214300521,0.810702,0.75,0.592442,0.495282,0.114418,0.113652,0.0,0,0.176708,0.204684,0.564807
2023-04-13,0,1,ok,0.2375943831491528,0.646976,0.5,0.578286,0.494473,0.035744,0.138645,0.0,0,0.117583,0.185622,0.528969
2023-04-14,0,1,ok,0.2217055756857059,0.618467,0.75,0.577445,0.494425,0.021338,0.133426,0.0,0,0.119913,0.180868,0.520032
2023-04-17,0,1,ok,0.217550890096229,0.603654,0.5,0.574665,0.494267,0.015057,0.140355,0.000853,0,0.114604,0.173219,0.505652
2023-04-18,0,1,ok,0.2078494634034354,0.790973,0.75,0.578548,0.494488,0.110554,0.118964,0.000853,0,0.119084,0.185723,0.52916
2023-04-19,0,1,ok,0.1938470165148213,0.778448,0.75,0.571024,0.494059,0.107531,0.106781,0.000853,0,0.121489,0.154622,0.470689
2023-04-20,0,1,ok,0.1986997264167644,0.803042,0.75,0.5721,0.49412,0.119789,0.131521,0.000853,0,0.118692,0.16059,0.48191
2023-04-21,0,1,ok,0.1946333563399356,0.771349,0.5,0.569765,0.493987,0.104435,0.130903,0.000853,0,0.118612,0.151451,0.464728
2023-04-24,0,1,ok,0.2049252392573197,0.747691,0.75,0.572419,0.494138,0.090929,0.125072,0.005408,0,0.120089,0.160978,0.482639
2023-04-25,0,1,ok,0.2045362627931107,0.780305,0.75,0.574421,0.494253,0.106921,0.184428,0.005408,0,0.115205,0.171884,0.503141
2023-04-26,0,1,ok,0.2031848371049242,0.665446,0.5,0.578263,0.494472,0.045367,0.181921,0.005408,0,0.129242,0.178304,0.515212
2023-04-27,0,0,weak_score,0.200777847668476,0.417694,0.5,0.576279,0.494359,0.0,0.212475,0.005408,0,0.129226,0.170506,0.500552
2023-04-28,0,0,weak_score,0.1967512240399788,0.257025,0.5,0.575212,0.494298,0.0,0.212021,0.005408,0,0.119874,0.172104,0.503555
2023-05-01,0,0,weak_score,0.1928864086872754,0.404478,0.75,0.570386,0.494022,0.0,0.2139,0.0,0,0.117641,0.154498,0.470455
2023-05-02,0,1,ok,0.1990475580981791,0.689185,0.75,0.575795,0.494331,0.058929,0.246548,0.0,0,0.118716,0.175116,0.509218
2023-05-03,0,1,ok,0.1966139847134144,0.755134,0.75,0.574538,0.494259,0.093794,0.251326,0.0,0,0.11771,0.170794,0.501092
2023-05-04,0,1,ok,0.2018135554598626,0.687807,0.5,0.583951,0.494797,0.054203,0.248546,0.0,0,0.133339,0.198153,0.552527
2023-05-05,0,0,weak_score,0.1982909646643282,0.436221,0.75,0.574375,0.49425,0.0,0.282399,0.0,0,0.121146,0.168022,0.495881
2023-05-08,0,0,weak_score,0.1957116984125225,0.421137,0.75,0.570938,0.494054,0.0,0.284757,0.0,0,0.118399,0.156201,0.473657
2023-05-09,0,0,weak_score,0.199779098684767,0.505166,0.5,0.574143,0.494237,0.0,0.248268,0.0,0,0.122636,0.166185,0.492428
2023-05-10,0,1,ok,0.1941558420412572,0.611012,0.75,0.570858,0.494049,0.020814,0.249328,0.0,0,0.118722,0.155685,0.472688
2023-05-11,0,1,ok,0.1987889308293844,0.583383,0.75,0.57135,0.494077,0.006239,0.209847,0.0,0,0.117532,0.158359,0.477716
2023-05-12,0,0,weak_score,0.2029767451595563,0.55491,0.5,0.573336,0.494191,0.0,0.211783,0.0,0,0.120352,0.164426,0.48912
2023-05-15,0,1,ok,0.2036316560693679,0.625513,0.75,0.572568,0.494147,0.027469,0.204629,0.001347,0,0.122049,0.160353,0.481463
2023-05-16,0,1,ok,0.1982615505326043,0.669358,0.5,0.574139,0.494237,0.049442,0.162442,0.001347,0,0.120868,0.167266,0.49446
2023-05-17,0,1,ok,0.1970051092911628,0.57139,0.5,0.56811,0.493892,0.001698,0.156662,0.001347,0,0.08627,0.164985,0.490172
2023-05-18,0,0,weak_score,0.1918193578341628,0.534126,0.5,0.568215,0.493898,0.0,0.156082,0.001347,0,0.086554,0.16522,0.490613
2023-05-19,0,1,ok,0.1945849960796835,0.670147,0.75,0.567239,0.493842,0.053244,0.120235,0.001347,0,0.085121,0.16227,0.485068
2023-05-22,0,1,ok,0.2006823271420648,0.873102,0.5,0.566752,0.493814,0.158464,0.119025,0.009774,0,0.086184,0.159693,0.480223
2023-05-23,0,1,ok,0.2005115866591581,1.185023,0.75,0.585173,0.494867,0.313266,0.141346,0.009774,1,0.085134,0.248186,0.590879
2023-05-24,0,1,ok,0.211013000306245,1.200245,0.75,0.571844,0.494105,0.325908,0.143574,0.009774,1,0.028643,0.218275,0.579911
2023-05-25,0,1,ok,0.2066288224921298,1.011176,0.5,0.591818,0.495247,0.219768,0.151057,0.009774,1,0.085146,0.293164,0.607069
2023-05-26,0,1,ok,0.2166677014099919,0.758375,0.5,0.565916,0.493767,0.099509,0.155226,0.009774,0,0.037846,0.186366,0.530368
2023-05-29,0,1,ok,0.2020633999030191,0.83469,0.75,0.568545,0.493917,0.137795,0.156741,0.007662,0,0.079675,0.170783,0.501072
2023-05-30,0,1,ok,0.2030074646581824,1.076551,0.5,0.568776,0.49393,0.262929,0.163391,0.007662,0,0.080774,0.171014,0.501505
2023-05-31,0,1,ok,0.2066678687432828,1.314081,0.75,0.562691,0.493582,0.387853,0.161201,0.007662,0,0.039789,0.172468,0.504239
2023-06-01,0,1,ok,0.2011526574374276,1.173003,0.5,0.569512,0.493972,0.312611,0.1433,0.007662,0,0.082158,0.17305,0.505334
2023-06-02,0,1,ok,0.2037482856216781,1.164776,0.5,0.566236,0.493785,0.309521,0.182119,0.007662,0,0.07997,0.161514,0.483647
2023-06-05,0,1,ok,0.1989192739511959,1.175031,0.5,0.569018,0.493944,0.313837,0.183186,0.016358,0,0.080327,0.17224,0.503812
2023-06-06,0,1,ok,0.1979932131788618,1.351921,0.75,0.568242,0.4939,0.405682,0.163896,0.016358,0,0.080633,0.168998,0.497717
2023-06-07,0,1,ok,0.1971561269642921,1.583528,0.75,0.570982,0.494056,0.524902,0.157226,0.016358,0,0.082486,0.178634,0.515831
2023-06-08,0,1,ok,0.1929335445946394,1.479948,0.5,0.570566,0.494032,0.471321,0.146659,0.016358,0,0.081901,0.177359,0.513434
2023-06-09,0,1,ok,0.1952948769216974,1.446961,0.5,0.569074,0.493947,0.454646,0.140144,0.016358,0,0.085265,0.169401,0.498473
2023-06-12,0,1,ok,0.1935382819954796,1.168719,0.5,0.570092,0.494005,0.310184,0.142042,0.017796,0,0.07969,0.176863,0.512503
2023-06-13,0,1,ok,0.1956926040329576,1.300158,0.5,0.568628,0.493922,0.378762,0.138634,0.017796,0,0.078763,0.171677,0.502753
2023-06-14,0,1,ok,0.1835720657150404,1.360308,0.5,0.569289,0.493959,0.409703,0.11925,0.017796,0,0.114375,0.152205,0.466145
2023-06-15,0,1,ok,0.1819915175966237,1.455855,0.5,0.56918,0.493953,0.459222,0.119193,0.017796,0,0.115495,0.151082,0.464033
2023-06-16,0,1,ok,0.1835497262277491,1.586497,0.75,0.568429,0.49391,0.527067,0.074656,0.017796,0,0.120602,0.144958,0.452521
2023-06-19,0,1,ok,0.1837949354826781,1.634315,0.75,0.568015,0.493887,0.55192,0.071947,0.038846,0,0.122607,0.142085,0.447121
2023-06-20,0,1,ok,0.1859665065604982,1.735459,0.75,0.569128,0.49395,0.604044,0.091394,0.038846,0,0.120126,0.148005,0.458249
2023-06-21,0,1,ok,0.1814061408233324,1.736186,0.75,0.568418,0.49391,0.604565,0.101683,0.038846,0,0.115857,0.147856,0.457969
2023-06-22,0,1,ok,0.1844426093338104,1.576848,0.5,0.569602,0.493977,0.521781,0.10735,0.038846,0,0.120481,0.14965,0.461342
2023-06-23,0,1,ok,0.1825147518807476,1.58692,0.75,0.571271,0.494073,0.52659,0.127628,0.038846,0,0.119547,0.156796,0.474776
2023-06-26,0,1,ok,0.1942765279477759,1.547692,0.75,0.574253,0.494243,0.505487,0.127121,0.029701,0,0.125193,0.165033,0.490263
2023-06-27,0,1,ok,0.1919003055048045,1.50482,0.5,0.571732,0.494099,0.4839,0.129691,0.029701,0,0.120513,0.158012,0.477062
2023-06-28,0,1,ok,0.1883065262768067,1.454815,0.5,0.576306,0.49436,0.456678,0.130706,0.029701,0,0.125202,0.173108,0.505444
2023-06-29,0,1,ok,0.187209606094841,1.435295,0.75,0.572996,0.494171,0.447482,0.14859,0.029701,0,0.124591,0.160458,0.481661
2023-06-30,0,1,ok,0.1882771535814696,1.490339,0.5,0.57276,0.494158,0.47611,0.155845,0.029701,0,0.114372,0.165867,0.49183
2023-07-03,0,1,ok,0.1882427558996687,1.539912,0.5,0.571098,0.494063,0.502262,0.157686,0.027611,0,0.1191,0.156394,0.47402
2023-07-04,0,1,ok,0.1891868125854618,1.554284,0.75,0.570632,0.494036,0.509831,0.149374,0.027611,0,0.11549,0.156799,0.474782
2023-07-05,0,1,ok,0.1922292465743987,1.725918,0.75,0.575028,0.494287,0.597874,0.140817,0.027611,0,0.122243,0.169913,0.499436
2023-07-06,0,1,ok,0.1939501947311199,1.83369,0.75,0.582188,0.494696,0.652567,0.137705,0.027611,0,0.132922,0.191472,0.539967
2023-07-07,0,1,ok,0.1944852260572113,1.903274,0.75,0.581815,0.494675,0.688911,0.11565,0.027611,0,0.135067,0.188673,0.534705
2023-07-10,0,1,ok,0.1928444793994224,1.94237,0.75,0.584258,0.494815,0.708922,0.107014,0.025442,0,0.135941,0.197746,0.551763
2023-07-11,0,1,ok,0.1941425114601777,1.885429,0.5,0.584456,0.494826,0.679166,0.089793,0.025442,0,0.139978,0.196024,0.548525
2023-07-12,0,1,ok,0.1850218942531534,1.776113,0.5,0.579015,0.494515,0.623169,0.086689,0.025442,0,0.193967,0.141147,0.445357
2023-07-13,0,1,ok,0.1730852757634018,1.669167,0.5,0.585583,0.49489,0.566013,0.06214,0.025442,0,0.20659,0.159171,0.479242
2023-07-14,0,1,ok,0.1952822659304074,1.712017,0.75,0.578994,0.494514,0.589807,0.046937,0.025442,0,0.18736,0.145159,0.452899
2023-07-17,0,1,ok,0.1879335405609361,1.757999,0.5,0.582259,0.494701,0.613086,0.037879,0.04582,0,0.19494,0.153309,0.468221
2023-07-18,0,1,ok,0.1991498052930215,1.836704,0.5,0.582905,0.494737,0.65401,0.047018,0.04582,0,0.192999,0.157054,0.475261
2023-07-19,0,1,ok,0.1991453283814555,1.850796,0.75,0.574208,0.49424,0.66289,0.048178,0.04582,0,0.176023,0.133352,0.430701
2023-07-20,0,1,ok,0.2183448221479121,2.101889,0.75,0.568782,0.49393,0.793855,0.047898,0.04582,0,0.144138,0.13176,0.427708
2023-07-21,0,1,ok,0.2065222075716201,2.141579,0.75,0.576781,0.494387,0.813635,0.047478,0.04582,0,0.184691,0.138104,0.439636
2023-07-24,0,1,ok,0.2119701819795064,2.051288,0.5,0.574132,0.494236,0.767008,0.04981,0.056712,0,0.151499,0.148254,0.458718
2023-07-25,0,1,ok,0.2224390736169246,1.755623,0.5,0.572026,0.494116,0.613907,0.050531,0.056712,0,0.148831,0.141618,0.446242
2023-07-26,0,1,ok,0.2312151046591492,1.748525,0.75,0.566313,0.493789,0.611377,0.053782,0.056712,0,0.140994,0.123993,0.413107
2023-07-27,0,1,ok,0.2323250459277284,1.821807,0.75,0.576044,0.494345,0.647501,0.053296,0.056712,0,0.158636,0.151354,0.464546
2023-07-28,0,1,ok,0.2211924620679964,1.767874,0.5,0.573584,0.494205,0.619954,0.056517,0.056712,0,0.168734,0.135413,0.434577
2023-07-31,0,1,ok,0.2226655911451472,1.795656,0.75,0.569825,0.49399,0.635088,0.05728,0.046532,0,0.151852,0.131083,0.426435
2023-08-01,0,1,ok,0.2161340461237265,1.832093,0.75,0.573411,0.494195,0.653322,0.053142,0.046532,0,0.156945,0.14204,0.447034
2023-08-02,0,0,deploy_downside_veto,0.2457741588491078,2.185908,0.75,0.590344,0.495163,0.835524,0.088077,0.046532,0,0.180582,0.194028,0.544772
2023-08-03,0,1,ok,0.2421866819458597,2.185049,0.75,0.592062,0.495261,0.834926,0.089809,0.046532,0,0.190152,0.194857,0.546332
2023-08-04,0,1,ok,0.2603684014049446,2.168845,0.75,0.597362,0.495564,0.825949,0.123817,0.046532,1,0.186521,0.222674,0.581535
2023-08-07,0,1,ok,0.2471794503419949,1.884641,0.5,0.588829,0.495076,0.67802,0.133023,0.02229,0,0.179638,0.188649,0.534661
2023-08-08,0,1,ok,0.2594905542728051,1.90505,0.75,0.589097,0.495091,0.688655,0.138853,0.02229,0,0.178674,0.190305,0.537773
2023-08-09,0,1,ok,0.2311651346531756,1.928647,0.75,0.578785,0.494502,0.702608,0.142158,0.02229,0,0.125719,0.182544,0.523183
2023-08-10,0,1,ok,0.2322715389294777,1.969413,0.5,0.576285,0.494359,0.724186,0.148054,0.02229,0,0.124192,0.173651,0.506465
2023-08-11,0,1,ok,0.223920535401679,1.958719,0.75,0.562077,0.493547,0.72069,0.145476,0.02229,0,0.103356,0.13065,0.425621
2023-08-14,0,1,ok,0.2313773438753721,1.775462,0.5,0.565166,0.493724,0.62553,0.151435,0.035665,0,0.106982,0.140562,0.444256
2023-08-15,0,1,ok,0.2388983889729363,1.886188,0.75,0.576269,0.494358,0.680926,0.15651,0.035665,0,0.125505,0.172774,0.504816
2023-08-16,0,1,ok,0.2423750327916383,1.914005,0.75,0.576861,0.494392,0.695292,0.146627,0.035665,0,0.128167,0.173452,0.50609
2023-08-17,0,1,ok,0.24146350903687,2.074262,0.75,0.577516,0.494429,0.778548,0.145768,0.035665,0,0.127513,0.176436,0.511699
2023-08-18,0,1,ok,0.2395132601170752,1.923153,0.75,0.579697,0.494554,0.699606,0.125388,0.035665,0,0.12838,0.184484,0.526829
2023-08-21,0,1,ok,0.246421368522638,1.666219,0.5,0.614075,0.496519,0.557893,0.129329,0.01673,1,0.242627,0.275907,0.600899
2023-08-22,0,1,ok,0.2371750223574089,1.603176,0.75,0.595495,0.495457,0.529104,0.121075,0.01673,1,0.152502,0.246238,0.590169
2023-08-23,0,1,ok,0.2353236040739963,1.492728,0.5,0.577854,0.494449,0.475965,0.114109,0.01673,0,0.133071,0.174322,0.507725
2023-08-24,0,1,ok,0.2358565678061756,1.820318,0.75,0.579931,0.494567,0.646012,0.11638,0.01673,0,0.1285,0.185329,0.528418
2023-08-25,0,1,ok,0.2306447817407141,1.715796,0.5,0.564411,0.493681,0.59485,0.120357,0.01673,0,0.104337,0.139229,0.44175
2023-08-28,0,1,ok,0.2209465657688768,1.787481,0.5,0.568566,0.493918,0.631093,0.115058,0.039096,0,0.111595,0.151082,0.464035
2023-08-29,0,1,ok,0.2135237418710917,1.426911,0.5,0.565526,0.493744,0.445281,0.111019,0.039096,0,0.105845,0.142683,0.448243
2023-08-30,0,1,ok,0.2084023922563422,1.485354,0.5,0.568971,0.493941,0.474557,0.109917,0.039096,0,0.106336,0.155934,0.473155
2023-08-31,0,1,ok,0.2114970527748807,1.555807,0.5,0.57094,0.494054,0.510543,0.103831,0.039096,0,0.114805,0.158433,0.477855
2023-09-01,0,1,ok,0.2103460581813056,1.796484,0.75,0.562954,0.493597,0.63681,0.106388,0.039096,0,0.10445,0.133423,0.430836
2023-09-04,0,1,ok,0.2083478388697564,1.870818,0.75,0.565218,0.493727,0.674805,0.090507,0.045351,0,0.111505,0.137962,0.439368
2023-09-05,0,1,ok,0.212905847706499,1.898288,0.5,0.563622,0.493636,0.689259,0.086749,0.045351,0,0.103944,0.136366,0.436368
2023-09-06,0,1,ok,0.2242464458889762,1.974654,0.75,0.577402,0.494423,0.726752,0.091969,0.045351,0,0.146316,0.164332,0.488944
2023-09-07,0,1,ok,0.2256131566833822,2.016225,0.75,0.574278,0.494244,0.748783,0.081864,0.045351,0,0.143445,0.15382,0.469181
2023-09-08,0,1,ok,0.2208349454892069,1.984576,0.5,0.576672,0.494381,0.732015,0.076695,0.045351,0,0.150359,0.158954,0.478833
2023-09-11,0,1,ok,0.2404633300462344,1.764232,0.5,0.572952,0.494169,0.618189,0.083855,0.041223,0,0.140979,0.150128,0.462241
2023-09-12,0,1,ok,0.239876553614287,1.785886,0.75,0.57282,0.494161,0.629452,0.087702,0.041223,0,0.143601,0.147984,0.45821
2023-09-13,0,0,deploy_downside_veto,0.2532571882310193,1.750938,0.5,0.565618,0.49375,0.612764,0.084846,0.041223,0,0.139907,0.121933,0.409233
2023-09-14,0,1,ok,0.2612799765272192,1.781917,0.5,0.562397,0.493566,0.629396,0.098754,0.041223,0,0.133923,0.112964,0.392372
2023-09-15,0,1,ok,0.2342628412513958,1.852872,0.75,0.581336,0.494648,0.66272,0.103531,0.041223,0,0.154275,0.174881,0.508776
2023-09-18,0,1,ok,0.2177703460657426,1.875764,0.5,0.582262,0.494701,0.674494,0.103551,0.041045,0,0.158915,0.175651,0.510223
2023-09-19,0,1,ok,0.2224272727557864,1.950467,0.75,0.581105,0.494635,0.71362,0.103515,0.041045,0,0.157825,0.171775,0.502936
2023-09-20,0,1,ok,0.2277981405409856,1.899729,0.75,0.58851,0.495058,0.685967,0.110033,0.041045,0,0.159662,0.199776,0.555579
2023-09-21,0,1,ok,0.2346710526520815,2.072759,0.75,0.595492,0.495457,0.775668,0.11445,0.041045,1,0.165172,0.232742,0.585236
2023-09-22,0,1,ok,0.2362353884651661,2.026913,0.75,0.596953,0.49554,0.751405,0.116305,0.041045,1,0.164633,0.243179,0.589054
2023-09-25,0,1,ok,0.2278407159784306,1.845597,0.5,0.591717,0.495241,0.657072,0.125153,0.021811,1,0.162264,0.210786,0.576278
2023-09-26,0,0,deploy_downside_veto,0.25547270800361,1.810194,0.75,0.595448,0.495454,0.637812,0.139199,0.021811,1,0.162722,0.235051,0.586083
2023-09-27,0,1,ok,0.2304124305711186,1.813252,0.5,0.608794,0.496217,0.636873,0.143394,0.021811,1,0.237548,0.245591,0.589934
2023-09-28,0,1,ok,0.218262029427193,1.807387,0.5,0.593819,0.495361,0.636649,0.128561,0.021811,1,0.167292,0.219205,0.580255
2023-09-29,0,1,ok,0.2226073933969659,1.712363,0.5,0.59864,0.495637,0.585751,0.122966,0.021811,1,0.173175,0.245486,0.589896
2023-10-02,0,1,ok,0.2201087852513752,1.691034,0.5,0.634337,0.497676,0.566392,0.132869,0.015382,1,0.280912,0.372675,0.634865
2023-10-03,0,1,ok,0.2401664515424907,1.930223,0.75,0.59382,0.495361,0.70109,0.133217,0.015382,1,0.168157,0.218291,0.579917
2023-10-04,0,1,ok,0.2377204490976849,1.797949,0.5,0.607801,0.49616,0.628976,0.128237,0.015382,1,0.214267,0.263668,0.596492
2023-10-05,0,1,ok,0.2297458020020289,1.872881,0.75,0.605918,0.496052,0.668906,0.120712,0.015382,1,0.211351,0.25404,0.593006
2023-10-06,0,1,ok,0.2235752485452277,1.573463,0.5,0.614106,0.49652,0.508701,0.144999,0.015382,1,0.283811,0.232258,0.585059
2023-10-09,0,1,ok,0.2243907657702229,1.644175,0.5,0.603344,0.495905,0.548772,0.139771,0.016744,1,0.204647,0.243781,0.589274
2023-10-10,0,1,ok,0.2209129118608956,1.596074,0.5,0.597219,0.495555,0.524945,0.115642,0.016744,1,0.196704,0.21109,0.576849
2023-10-11,0,1,ok,0.2180802805539612,1.665088,0.5,0.600462,0.495741,0.560466,0.11634,0.016744,1,0.200672,0.228552,0.583698
2023-10-12,0,1,ok,0.2255913406122575,1.753562,0.75,0.60832,0.49619,0.60541,0.116526,0.016744,1,0.267408,0.210954,0.576594
2023-10-13,0,1,ok,0.2309115150624126,1.857789,0.75,0.604405,0.495966,0.661209,0.134029,0.016744,1,0.204028,0.251606,0.592122
2023-10-16,0,1,ok,0.2290611524379653,1.796386,0.5,0.595542,0.49546,0.630544,0.151461,0.019269,1,0.203975,0.199983,0.555968
2023-10-17,0,1,ok,0.2263524511342204,1.797343,0.75,0.598018,0.495601,0.630566,0.15057,0.019269,1,0.204958,0.209117,0.57314
2023-10-18,0,1,ok,0.2210516642344521,1.849163,0.75,0.596318,0.495504,0.658117,0.162482,0.019269,1,0.197559,0.207014,0.569187
2023-10-19,0,1,ok,0.2295894979445043,2.043248,0.75,0.5937,0.495354,0.760399,0.163295,0.019269,1,0.197966,0.196461,0.549347
2023-10-20,0,1,ok,0.2255239304346333,2.095821,0.75,0.595014,0.495429,0.787831,0.168498,0.019269,1,0.191982,0.205341,0.566041
2023-10-23,0,1,ok,0.2332440809491736,1.891837,0.5,0.619732,0.496842,0.676555,0.168826,0.017934,1,0.283814,0.270284,0.598878
2023-10-24,0,1,ok,0.2320302857509763,1.696902,0.5,0.59835,0.49562,0.577684,0.166947,0.017934,1,0.209776,0.207438,0.569983
2023-10-25,0,1,ok,0.2349425210058832,1.785532,0.75,0.605633,0.496036,0.622846,0.168098,0.017934,1,0.265643,0.201471,0.558765
2023-10-26,0,1,ok,0.2300104203338053,1.982878,0.75,0.595302,0.495446,0.728502,0.187081,0.017934,1,0.191655,0.206677,0.568553
2023-10-27,0,1,ok,0.2291402416413937,1.996002,0.5,0.603512,0.495915,0.734247,0.182893,0.017934,1,0.204233,0.245353,0.589847
2023-10-30,0,1,ok,0.2276208198046765,1.631552,0.5,0.60874,0.496214,0.54081,0.179714,0.014639,1,0.267166,0.213754,0.578238
2023-10-31,0,1,ok,0.2238993851551997,1.417871,0.5,0.593703,0.495354,0.43234,0.176199,0.014639,1,0.200225,0.195073,0.546736
2023-11-01,0,1,ok,0.2190239479390608,1.303332,0.5,0.584178,0.49481,0.375376,0.17472,0.014639,0,0.174659,0.173434,0.506055
2023-11-02,0,1,ok,0.2141526087394469,1.279644,0.5,0.577071,0.494404,0.365366,0.19166,0.014639,0,0.162415,0.153052,0.467738
2023-11-03,0,1,ok,0.2083446607436919,1.288493,0.5,0.581425,0.494653,0.368538,0.167061,0.014639,0,0.169673,0.165691,0.491498
2023-11-06,0,1,ok,0.2184058689070978,1.489542,0.5,0.575026,0.494287,0.47508,0.165705,0.025252,0,0.156997,0.148363,0.458923
2023-11-07,0,1,ok,0.2115407932997957,1.603692,0.5,0.570674,0.494039,0.53543,0.165836,0.025252,0,0.148156,0.136717,0.437027
2023-11-08,0,1,ok,0.2070763215326699,1.657789,0.5,0.585564,0.494889,0.560074,0.163802,0.025252,0,0.163096,0.186053,0.529779
2023-11-09,0,1,ok,0.1996478218615692,1.738674,0.75,0.585521,0.494887,0.602333,0.113397,0.025252,0,0.176539,0.177551,0.513796
2023-11-10,0,1,ok,0.2085048531658992,1.629756,0.5,0.588306,0.495046,0.544778,0.111673,0.025252,0,0.161972,0.197542,0.551378
2023-11-13,0,1,ok,0.1996087836411141,1.690739,0.75,0.579977,0.49457,0.578515,0.100652,0.035798,0,0.1587,0.166793,0.493571
2023-11-14,0,1,ok,0.2049195184122338,1.45755,0.5,0.57655,0.494374,0.458031,0.097969,0.035798,0,0.162894,0.150707,0.463329
2023-11-15,0,1,ok,0.1932111146763762,1.702411,0.5,0.576934,0.494396,0.585251,0.099898,0.035798,0,0.164164,0.151431,0.46469
2023-11-16,0,1,ok,0.1948591896538389,1.669139,0.5,0.58668,0.494953,0.565749,0.102008,0.035798,0,0.177644,0.181428,0.521084
2023-11-17,0,1,ok,0.1924665295670419,1.860324,0.75,0.57952,0.494544,0.666919,0.102307,0.035798,0,0.171275,0.157199,0.475535
2023-11-20,0,1,ok,0.1994807149469359,1.720739,0.5,0.583755,0.494786,0.59334,0.100365,0.036232,0,0.168099,0.175833,0.510565
2023-11-21,0,1,ok,0.1936911697446673,1.790579,0.75,0.57675,0.494386,0.631134,0.102044,0.036232,0,0.159957,0.153314,0.46823
2023-11-22,0,1,ok,0.193563388459384,1.755124,0.5,0.568638,0.493922,0.614326,0.097443,0.036232,0,0.1472,0.129296,0.423076
2023-11-23,0,1,ok,0.1940267207409231,1.868208,0.75,0.56566,0.493752,0.673381,0.098723,0.036232,0,0.138185,0.123165,0.41155
2023-11-24,0,1,ok,0.193890667985386,1.850838,0.75,0.563556,0.493632,0.664766,0.078085,0.036232,0,0.143114,0.111829,0.390239
2023-11-27,0,1,ok,0.1923592090443414,1.893051,0.75,0.564235,0.493671,0.686455,0.096607,0.045479,0,0.14242,0.114932,0.396072
2023-11-28,0,1,ok,0.1932867878819311,1.858989,0.5,0.563612,0.493635,0.668966,0.097669,0.045479,0,0.150773,0.107303,0.381729
2023-11-29,0,1,ok,0.2026886338077628,1.847408,0.75,0.566051,0.493774,0.66256,0.086089,0.045479,0,0.152956,0.115548,0.39723
2023-11-30,0,1,ok,0.1915806917660163,1.874819,0.75,0.57314,0.494179,0.675544,0.094103,0.045479,0,0.178944,0.127336,0.419392
2023-12-01,0,1,ok,0.198414865043667,1.904829,0.5,0.569932,0.493996,0.691632,0.096029,0.045479,0,0.156706,0.128498,0.421576
2023-12-04,0,1,ok,0.1898578655193827,2.007984,0.75,0.574982,0.494285,0.74441,0.089636,0.048438,0,0.177744,0.13533,0.43442
2023-12-05,0,1,ok,0.1924281219339788,1.937845,0.5,0.572551,0.494146,0.708343,0.094501,0.048438,0,0.160961,0.136166,0.435992
2023-12-06,0,1,ok,0.1898796262131468,1.975681,0.75,0.574032,0.49423,0.727763,0.094757,0.048438,0,0.158155,0.143733,0.450218
2023-12-07,0,1,ok,0.1958430762170962,1.728959,0.5,0.569818,0.49399,0.600535,0.111359,0.048438,0,0.166109,0.122218,0.409769
2023-12-08,0,1,ok,0.1872770418166571,1.749869,0.5,0.580532,0.494602,0.609198,0.122628,0.048438,0,0.206802,0.139161,0.441622
2023-12-11,0,1,ok,0.1970279274643742,1.6996,0.5,0.575418,0.49431,0.584118,0.115136,0.035297,0,0.186766,0.131455,0.427135
2023-12-12,0,1,ok,0.2005713307209996,1.817806,0.5,0.564421,0.493681,0.64755,0.113724,0.035297,0,0.15014,0.110879,0.388453
2023-12-13,0,1,ok,0.2011137539993964,1.809057,0.5,0.567595,0.493863,0.642444,0.108177,0.035297,0,0.160544,0.116921,0.399812
2023-12-14,0,1,ok,0.1960538312060321,1.941338,0.75,0.571948,0.494111,0.710245,0.104389,0.035297,0,0.171909,0.127008,0.418774
2023-12-15,0,1,ok,0.2017345450545115,2.013004,0.5,0.56449,0.493685,0.748389,0.10265,0.035297,0,0.143246,0.115422,0.396994
2023-12-18,0,1,ok,0.1988367414401236,2.082226,0.5,0.565088,0.493719,0.784086,0.109012,0.050002,0,0.159812,0.107507,0.382114
2023-12-19,0,1,ok,0.2022443496678235,2.028872,0.5,0.564576,0.49369,0.756576,0.098768,0.050002,0,0.157601,0.106865,0.380905
2023-12-20,0,1,ok,0.201878344893441,2.19152,0.75,0.579977,0.49457,0.839335,0.139561,0.050002,0,0.186226,0.149729,0.461491
2023-12-21,0,1,ok,0.1971999793224085,2.158993,0.5,0.590359,0.495163,0.821429,0.143076,0.050002,0,0.23157,0.162482,0.485467
2023-12-22,0,1,ok,0.198305615706807,2.203854,0.5,0.585603,0.494892,0.845306,0.134083,0.050002,0,0.21302,0.155264,0.471895
2023-12-25,0,1,ok,0.1972707741313766,2.09768,0.75,0.580355,0.494592,0.79042,0.132957,0.044722,0,0.195545,0.14544,0.453427
2023-12-26,0,1,ok,0.1986099982851918,2.170477,0.5,0.583918,0.494795,0.828022,0.133376,0.044722,0,0.210364,0.150278,0.462522
2023-12-27,0,1,ok,0.1963411639716859,2.16778,0.5,0.569201,0.493954,0.827936,0.136963,0.044722,0,0.161063,0.12292,0.411089
2023-12-28,0,1,ok,0.2033479004029353,2.181496,0.75,0.573724,0.494213,0.834653,0.135014,0.044722,0,0.179056,0.129567,0.423585
2023-12-29,0,1,ok,0.1998847816647588,2.252965,0.75,0.575371,0.494307,0.871645,0.134883,0.044722,0,0.18242,0.133962,0.431849
2024-01-01,0,1,ok,0.2031170627838198,2.25801,0.75,0.574693,0.494268,0.874311,0.129139,0.051016,0,0.180695,0.132362,0.428841
2024-01-02,0,1,ok,0.2094629622575382,2.37451,0.75,0.590134,0.495151,0.934294,0.127587,0.051016,0,0.206668,0.177033,0.512823
2024-01-03,0,1,ok,0.2147859760039136,2.336623,0.75,0.590234,0.495156,0.914452,0.092186,0.051016,0,0.201033,0.180919,0.520128
2024-01-04,0,1,ok,0.2138505015246122,2.291339,0.75,0.592637,0.495294,0.890602,0.071753,0.051016,0,0.20856,0.185708,0.52913
2024-01-05,0,1,ok,0.204322610477591,2.066424,0.5,0.594507,0.4954,0.77246,0.074665,0.051016,0,0.241497,0.172652,0.504585
2024-01-08,0,1,ok,0.2018868986218548,1.811536,0.5,0.581645,0.494665,0.641118,0.093498,0.040248,0,0.198311,0.148802,0.459748
2024-01-09,0,1,ok,0.2071440140468907,1.810122,0.5,0.573992,0.494228,0.641809,0.093038,0.040248,0,0.166995,0.138097,0.439623
2024-01-10,0,1,ok,0.2114536388080708,1.79292,0.5,0.579897,0.494566,0.631749,0.093883,0.040248,0,0.180348,0.153058,0.467749
2024-01-11,0,1,ok,0.2092236425182178,1.977734,0.5,0.596221,0.495498,0.725669,0.099397,0.040248,1,0.213153,0.196966,0.550296
2024-01-12,0,1,ok,0.2164782148889851,1.958902,0.75,0.598676,0.495639,0.71541,0.100413,0.040248,1,0.228888,0.196877,0.550129
2024-01-15,0,1,ok,0.2148645529875002,1.998171,0.75,0.569429,0.493967,0.740062,0.100413,0.047616,0,0.15129,0.129871,0.424158
2024-01-16,0,1,ok,0.2205094749694536,2.011224,0.75,0.586993,0.494971,0.744499,0.100875,0.047616,0,0.19655,0.170942,0.50137
2024-01-17,0,1,ok,0.2168951616767206,2.067389,0.75,0.592887,0.495308,0.773159,0.083449,0.047616,1,0.22053,0.179272,0.517032
2024-01-18,0,1,ok,0.202447058809414,1.949901,0.5,0.597358,0.495563,0.710876,0.095325,0.047616,0,0.254251,0.175968,0.510819
2024-01-19,0,1,ok,0.2068674313035333,1.790726,0.5,0.593449,0.49534,0.62798,0.106011,0.047616,0,0.204018,0.191722,0.540438
2024-01-22,0,1,ok,0.2098928184068369,1.773042,0.5,0.581159,0.494638,0.621147,0.099154,0.023059,0,0.200809,0.145344,0.453247
2024-01-23,0,1,ok,0.203658364067695,1.898775,0.5,0.57262,0.49415,0.688061,0.097155,0.023059,0,0.175961,0.12714,0.419024
2024-01-24,0,1,ok,0.1906095519094532,2.049371,0.5,0.59535,0.495449,0.763406,0.093094,0.023059,0,0.235378,0.179765,0.517958
2024-01-25,0,1,ok,0.1920275395218986,2.065425,0.5,0.58643,0.494939,0.772898,0.081628,0.023059,0,0.220113,0.154121,0.469748
2024-01-26,0,1,ok,0.1912851442811319,2.154213,0.75,0.587404,0.494995,0.819205,0.076772,0.023059,0,0.227782,0.1532,0.468017
2024-01-29,0,1,ok,0.1919804985405135,2.086649,0.5,0.585868,0.494907,0.784053,0.075345,0.03069,0,0.220516,0.151658,0.465118
2024-01-30,0,1,ok,0.1909046084204821,2.097811,0.75,0.587559,0.495003,0.789699,0.080464,0.03069,0,0.223426,0.156509,0.474237
2024-01-31,0,1,ok,0.1921447979682248,2.146804,0.75,0.599518,0.495687,0.814154,0.161075,0.03069,0,0.248579,0.187985,0.533413
2024-02-01,0,1,ok,0.1917424542267957,2.026883,0.5,0.59086,0.495192,0.752183,0.154915,0.03069,0,0.221753,0.170537,0.50061
2024-02-02,0,1,ok,0.1899936234274328,1.751584,0.5,0.599066,0.495661,0.606291,0.185826,0.03069,0,0.245424,0.188161,0.533742
2024-02-05,0,1,ok,0.1913319716047704,1.581367,0.75,0.600295,0.495731,0.516434,0.186628,0.01424,0,0.245941,0.192677,0.542233
2024-02-06,0,1,ok,0.1911784927316224,1.730047,0.75,0.588341,0.495048,0.597233,0.186909,0.01424,0,0.213224,0.16591,0.49191
2024-02-07,0,1,ok,0.1903628711899099,1.789677,0.5,0.583515,0.494772,0.629361,0.191604,0.01424,0,0.179705,0.167696,0.495268
2024-02-08,0,1,ok,0.1902355096405314,1.768529,0.5,0.580801,0.494617,0.618866,0.191755,0.01424,0,0.180042,0.156805,0.474793
2024-02-09,0,1,ok,0.1918508562641983,1.698778,0.5,0.584576,0.494833,0.5817,0.193257,0.01424,0,0.185731,0.168137,0.496098
2024-02-12,0,1,ok,0.1911649434888179,1.881523,0.75,0.595687,0.495468,0.675223,0.194387,0.018631,0,0.234174,0.181838,0.521855
2024-02-13,0,1,ok,0.1900112352691683,2.064536,0.75,0.613442,0.496482,0.769175,0.195197,0.018631,1,0.269964,0.242499,0.588806
2024-02-14,0,1,ok,0.1911915813795531,2.050687,0.5,0.605424,0.496024,0.762843,0.121656,0.018631,1,0.268464,0.198902,0.553937
2024-02-15,0,1,ok,0.1918406181474806,1.982273,0.5,0.593048,0.495317,0.728505,0.121711,0.018631,0,0.223644,0.177976,0.514596
2024-02-16,0,1,ok,0.1914417137134611,1.913177,0.75,0.606899,0.496109,0.69002,0.072261,0.018631,1,0.267219,0.205479,0.566301
2024-02-19,0,1,ok,0.1912847139155641,2.010481,0.75,0.594257,0.495386,0.743135,0.071301,0.028519,0,0.221538,0.184042,0.525999
2024-02-20,0,1,ok,0.1902972741562991,2.103879,0.75,0.603385,0.495908,0.791143,0.083539,0.028519,0,0.243014,0.20665,0.568503
2024-02-21,0,1,ok,0.1816631087788125,2.035686,0.75,0.589843,0.495134,0.756924,0.072092,0.028519,1,0.160891,0.204259,0.564007
2024-02-22,0,1,ok,0.1793445674235363,1.744928,0.5,0.586192,0.494925,0.605461,0.121473,0.028519,0,0.157221,0.192169,0.541277
2024-02-23,0,1,ok,0.1806841455274025,1.670165,0.75,0.585533,0.494888,0.566545,0.123362,0.028519,0,0.162944,0.186026,0.529728
2024-02-26,0,1,ok,0.1798330661220551,1.633207,0.75,0.584941,0.494854,0.547381,0.123983,0.031175,0,0.156506,0.187686,0.532849
2024-02-27,0,1,ok,0.1827822100901827,1.90517,0.5,0.582839,0.494734,0.689734,0.121336,0.031175,0,0.151334,0.182622,0.523329
2024-02-28,0,1,ok,0.1832308134254132,1.935688,0.75,0.586883,0.494965,0.70503,0.125325,0.031175,0,0.157973,0.194421,0.545512
2024-02-29,0,1,ok,0.1823297557699839,1.867098,0.5,0.578921,0.49451,0.670549,0.124504,0.031175,0,0.143259,0.172207,0.503749
2024-03-01,0,1,ok,0.1861864768525153,1.752541,0.5,0.575691,0.494325,0.61157,0.125449,0.031175,0,0.134423,0.164973,0.49015
2024-03-04,0,1,ok,0.1821931630143329,1.780506,0.75,0.581843,0.494677,0.624903,0.125163,0.035893,0,0.154729,0.176598,0.512004
2024-03-05,0,1,ok,0.1891123082806481,2.020219,0.75,0.588628,0.495064,0.748986,0.149173,0.035893,0,0.15918,0.200539,0.557013
2024-03-06,0,1,ok,0.1861547183469865,2.072965,0.5,0.591142,0.495208,0.776288,0.148489,0.035893,1,0.161303,0.209118,0.573142
2024-03-07,0,1,ok,0.1831282840361535,1.860058,0.5,0.590098,0.495148,0.664935,0.109722,0.035893,1,0.158976,0.206449,0.568125
2024-03-08,0,1,ok,0.1884962312049645,1.819492,0.75,0.598354,0.49562,0.642148,0.113001,0.035893,1,0.166471,0.250689,0.591789
2024-03-11,0,1,ok,0.1828563777449443,1.905872,0.75,0.598916,0.495652,0.687479,0.112837,0.022937,1,0.168106,0.252749,0.592538
2024-03-12,0,1,ok,0.1886158620171469,1.886461,0.5,0.57964,0.494551,0.680508,0.135404,0.022937,0,0.144695,0.174145,0.507393
2024-03-13,0,1,ok,0.1860085126520761,1.802598,0.75,0.57787,0.49445,0.637172,0.131582,0.022937,0,0.140515,0.169772,0.49917
2024-03-14,0,1,ok,0.1820736852509185,1.756628,0.75,0.579546,0.494546,0.612918,0.133177,0.022937,0,0.142674,0.17503,0.509057
2024-03-15,0,1,ok,0.1805158773302859,1.981947,0.75,0.581505,0.494657,0.729969,0.135509,0.022937,0,0.145849,0.18077,0.519848
2024-03-18,0,1,ok,0.1850966576998003,1.800285,0.5,0.579469,0.494541,0.635666,0.139927,0.035439,0,0.145222,0.173148,0.505518
2024-03-19,0,1,ok,0.1860881699856411,1.751428,0.5,0.57848,0.494485,0.610427,0.101101,0.035439,0,0.1448,0.169516,0.498691
2024-03-20,0,1,ok,0.1914609155900127,1.534196,0.5,0.571511,0.494086,0.499191,0.102446,0.035439,0,0.096953,0.171748,0.502886
2024-03-21,0,1,ok,0.1895917933220398,1.609942,0.5,0.571536,0.494088,0.538463,0.09891,0.035439,0,0.099352,0.170356,0.50027
2024-03-22,0,1,ok,0.1925918531360356,1.630689,0.5,0.569611,0.493978,0.549671,0.097214,0.035439,0,0.097992,0.163627,0.487618
2024-03-25,0,1,ok,0.1906865584897399,1.775613,0.75,0.566402,0.493794,0.625368,0.097502,0.041012,0,0.09684,0.15171,0.465216
2024-03-26,0,1,ok,0.1927796050446888,1.817585,0.75,0.571855,0.494106,0.646077,0.077522,0.041012,0,0.097594,0.172705,0.504685
2024-03-27,0,1,ok,0.1932466340166878,1.794371,0.5,0.571177,0.494067,0.634166,0.079878,0.041012,0,0.107149,0.164111,0.488529
2024-03-28,0,1,ok,0.1936375865862324,1.776676,0.75,0.571467,0.494084,0.624936,0.076987,0.041012,0,0.095004,0.172781,0.504829
2024-03-29,0,1,ok,0.1937233635162872,1.751431,0.75,0.570991,0.494057,0.611941,0.069338,0.041012,0,0.096267,0.170127,0.499839
2024-04-01,0,1,ok,0.1910731274673101,1.77949,0.5,0.573359,0.494192,0.626028,0.070234,0.043458,0,0.105619,0.173647,0.506456
2024-04-02,0,1,ok,0.1943350611263985,1.841172,0.75,0.581185,0.494639,0.656648,0.075798,0.043458,1,0.111432,0.200844,0.557587
2024-04-03,0,1,ok,0.1925524607425563,1.817063,0.5,0.574207,0.49424,0.645374,0.069296,0.043458,0,0.105638,0.176974,0.51271
2024-04-04,0,1,ok,0.1942954597988418,1.952855,0.75,0.580677,0.49461,0.714928,0.103282,0.043458,0,0.108852,0.200446,0.556838
2024-04-05,0,1,ok,0.194102712719426,1.735176,0.5,0.579561,0.494546,0.601746,0.136515,0.043458,0,0.105021,0.198426,0.55304
2024-04-08,0,1,ok,0.1897326338035284,1.765158,0.75,0.58135,0.494649,0.617001,0.136851,0.020659,1,0.112114,0.20107,0.558012
2024-04-09,0,1,ok,0.1930761945496548,1.62743,0.5,0.582135,0.494693,0.545031,0.135429,0.020659,1,0.118508,0.200198,0.556371
2024-04-10,0,1,ok,0.1919884366100188,1.868781,0.75,0.579859,0.494563,0.671264,0.134581,0.020659,0,0.109876,0.196591,0.549592
2024-04-11,0,1,ok,0.1919217882672725,1.734419,0.5,0.579369,0.494535,0.601391,0.140033,0.020659,0,0.111705,0.193529,0.543834
2024-04-12,0,1,ok,0.1882373313903058,1.899939,0.75,0.582579,0.494719,0.687048,0.171183,0.020659,1,0.114634,0.204346,0.56417
2024-04-15,0,1,ok,0.1889867013069419,1.952951,0.75,0.582622,0.494721,0.714689,0.167593,0.022063,1,0.114349,0.204693,0.564822
2024-04-16,0,1,ok,0.1910917011388444,2.067038,0.75,0.582209,0.494698,0.774239,0.167666,0.022063,1,0.109619,0.205999,0.567278
2024-04-17,0,1,ok,0.1962789371806736,1.985355,0.75,0.591493,0.495228,0.730341,0.177181,0.022063,0,0.178386,0.199911,0.555833
2024-04-18,0,1,ok,0.196249289693893,1.838987,0.75,0.588727,0.49507,0.65415,0.160036,0.022063,0,0.180183,0.187912,0.533274
2024-04-19,0,1,ok,0.1945940165291645,2.001827,0.75,0.589555,0.495117,0.739237,0.13173,0.022063,0,0.169425,0.197837,0.551933
2024-04-22,0,1,ok,0.1962554677123037,1.783866,0.5,0.586234,0.494928,0.625799,0.141811,0.033853,0,0.161672,0.189572,0.536396
2024-04-23,0,1,ok,0.1946641937976409,1.585799,0.5,0.584121,0.494807,0.52283,0.157581,0.033853,0,0.158152,0.183438,0.524864
2024-04-24,0,1,ok,0.195908724305136,1.400981,0.5,0.585804,0.494903,0.425858,0.156597,0.033853,0,0.167825,0.184068,0.526048
2024-04-25,0,1,ok,0.1952520780697201,1.598635,0.75,0.584469,0.494827,0.529444,0.147031,0.033853,0,0.158763,0.184431,0.526731
2024-04-26,0,1,ok,0.1954564904928911,1.627254,0.5,0.581034,0.49463,0.5452,0.123981,0.033853,0,0.159288,0.170586,0.500701
2024-04-29,0,1,ok,0.1948314224317642,1.632235,0.5,0.585172,0.494867,0.546818,0.11843,0.031585,0,0.167472,0.181798,0.521781
2024-04-30,0,1,ok,0.1955563398092901,1.762694,0.75,0.584462,0.494826,0.615092,0.132888,0.031585,0,0.159878,0.183713,0.52538
2024-05-01,0,1,ok,0.1952289398199191,1.964183,0.75,0.584523,0.49483,0.72027,0.121892,0.031585,0,0.166267,0.179991,0.518383
2024-05-02,0,1,ok,0.19491347677666,1.845937,0.5,0.58363,0.494779,0.658697,0.123889,0.031585,0,0.164709,0.177442,0.51359
2024-05-03,0,1,ok,0.1960552367392983,1.454439,0.5,0.576561,0.494375,0.456411,0.113087,0.031585,0,0.147524,0.160276,0.481318
2024-05-06,0,1,ok,0.1964144271016818,1.290189,0.5,0.575896,0.494337,0.371234,0.114136,0.022456,0,0.146905,0.158041,0.477118
2024-05-07,0,1,ok,0.1960992746481317,1.417941,0.75,0.575407,0.494309,0.437773,0.103118,0.022456,0,0.145968,0.1567,0.474596
2024-05-08,0,1,ok,0.1953203779894776,1.607813,0.75,0.575377,0.494307,0.536436,0.103346,0.022456,0,0.145819,0.156674,0.474547
2024-05-09,0,1,ok,0.1949943098900798,1.664329,0.5,0.577173,0.49441,0.565395,0.103369,0.022456,0,0.144523,0.164545,0.489345
2024-05-10,0,1,ok,0.1948186477223495,1.630254,0.5,0.576796,0.494388,0.547762,0.09983,0.022456,0,0.149513,0.159969,0.480742
2024-05-13,0,1,ok,0.1944966980405916,1.59831,0.5,0.587745,0.495014,0.528468,0.100128,0.031808,0,0.176743,0.186178,0.530015
2024-05-14,0,1,ok,0.193790692669373,1.572026,0.5,0.58476,0.494843,0.515479,0.073369,0.031808,0,0.174053,0.176099,0.511066
2024-05-15,0,1,ok,0.1999291560087788,1.439238,0.5,0.575903,0.494337,0.448697,0.051134,0.031808,0,0.176375,0.139801,0.442826
2024-05-16,0,1,ok,0.1928547700194958,1.47741,0.75,0.581175,0.494639,0.467075,0.053437,0.031808,0,0.189665,0.152313,0.466348
2024-05-17,0,1,ok,0.1941110815531048,1.540583,0.75,0.57848,0.494485,0.500699,0.0501,0.031808,0,0.190018,0.141489,0.445999
2024-05-20,0,1,ok,0.1977276402372196,1.65829,0.5,0.583081,0.494747,0.560905,0.035341,0.025298,0,0.205714,0.149866,0.461748
2024-05-21,0,1,ok,0.191131157483589,1.621182,0.5,0.57919,0.494525,0.542475,0.032504,0.025298,0,0.18046,0.150208,0.462392
2024-05-22,0,1,ok,0.189899559164022,1.629906,0.75,0.578303,0.494474,0.547226,0.037563,0.025298,0,0.177718,0.148415,0.45902
2024-05-23,0,1,ok,0.1997013119496727,1.714801,0.75,0.588094,0.495034,0.589311,0.04669,0.025298,0,0.204223,0.170518,0.500573
2024-05-24,0,1,ok,0.1934181381877624,1.655793,0.5,0.580394,0.494594,0.560219,0.048947,0.025298,0,0.195912,0.145369,0.453293
2024-05-27,0,1,ok,0.1925598935683947,1.662679,0.75,0.576431,0.494367,0.564704,0.047731,0.041695,0,0.183952,0.137183,0.437903
2024-05-28,0,1,ok,0.1969509446305605,1.590417,0.5,0.589849,0.495134,0.523816,0.054123,0.041695,0,0.217006,0.1695,0.498661
2024-05-29,0,1,ok,0.1922250529446583,1.736212,0.75,0.601085,0.495776,0.597777,0.055061,0.041695,0,0.256903,0.18899,0.535301
2024-05-30,0,1,ok,0.1915281889996466,1.841458,0.75,0.589862,0.495135,0.655239,0.085146,0.041695,0,0.221651,0.166673,0.493346
2024-05-31,0,1,ok,0.1936710865854025,1.86139,0.75,0.582116,0.494692,0.667024,0.08432,0.041695,0,0.191078,0.15514,0.471663
2024-06-03,0,1,ok,0.1923012881127112,1.695046,0.5,0.587451,0.494997,0.57912,0.086869,0.021762,0,0.20881,0.165145,0.490473
2024-06-04,0,1,ok,0.1955524126999161,1.47152,0.5,0.586532,0.494945,0.462505,0.088215,0.021762,0,0.203781,0.164645,0.489532
2024-06-05,0,1,ok,0.2015104379927012,1.223825,0.5,0.584099,0.494806,0.333903,0.100394,0.021762,0,0.192413,0.162117,0.484779
2024-06-06,0,1,ok,0.2046714612140734,1.26162,0.75,0.580848,0.49462,0.354726,0.098393,0.021762,0,0.184247,0.154386,0.470245
2024-06-07,0,1,ok,0.2019016466613057,1.328833,0.75,0.580966,0.494627,0.38971,0.105818,0.021762,0,0.191826,0.150152,0.462286
2024-06-10,0,1,ok,0.1977410529291561,1.514458,0.5,0.582367,0.494707,0.486063,0.10863,0.017489,0,0.204167,0.148014,0.458267
2024-06-11,0,1,ok,0.1970343057763865,1.462601,0.5,0.591987,0.495256,0.456293,0.105735,0.017489,0,0.22854,0.170768,0.501044
2024-06-12,0,1,ok,0.1923739623973683,1.327749,0.5,0.576907,0.494395,0.390435,0.105693,0.017489,0,0.122411,0.177204,0.513144
2024-06-13,0,1,ok,0.1927420636591881,1.287432,0.5,0.575591,0.494319,0.369901,0.08706,0.017489,0,0.122258,0.172119,0.503583
2024-06-14,0,1,ok,0.1947071350898379,1.265162,0.5,0.577846,0.494448,0.357576,0.086582,0.017489,0,0.122515,0.180835,0.519971
2024-06-17,0,1,ok,0.1970041274933847,1.268151,0.5,0.581876,0.494679,0.357785,0.09735,0.022193,0,0.123312,0.196201,0.548858
2024-06-18,0,1,ok,0.1968677549345749,1.319738,0.75,0.573243,0.494185,0.387436,0.093136,0.022193,0,0.119691,0.164471,0.489205
2024-06-19,0,1,ok,0.195671564885589,1.39816,0.75,0.574473,0.494256,0.427772,0.088579,0.022193,0,0.122943,0.167294,0.494514
2024-06-20,0,1,ok,0.1988258789720759,1.57827,0.75,0.575417,0.49431,0.521075,0.088847,0.022193,0,0.123968,0.170376,0.500307
2024-06-21,0,1,ok,0.205860313271909,1.614906,0.75,0.576765,0.494387,0.539789,0.080565,0.022193,0,0.127953,0.17321,0.505635
2024-06-24,0,1,ok,0.202538305346857,1.714901,0.75,0.57602,0.494344,0.59194,0.078434,0.03968,0,0.127181,0.170756,0.501021
2024-06-25,0,1,ok,0.2005601824397436,1.507937,0.5,0.576394,0.494365,0.484269,0.078471,0.03968,0,0.12756,0.171991,0.503344
2024-06-26,0,1,ok,0.2034137239279216,1.433579,0.5,0.57903,0.494516,0.444853,0.084963,0.03968,0,0.131158,0.180135,0.518654
2024-06-27,0,1,ok,0.2059377928098676,1.288786,0.5,0.576172,0.494353,0.370415,0.079786,0.03968,0,0.131972,0.168384,0.496563
2024-06-28,0,1,ok,0.2047973666460913,1.479818,0.75,0.572946,0.494168,0.4706,0.078222,0.03968,0,0.12235,0.161652,0.483906
2024-07-01,0,1,ok,0.1984602752942758,1.466205,0.5,0.570844,0.494048,0.46412,0.067797,0.032761,0,0.12189,0.153667,0.468894
2024-07-02,0,1,ok,0.1988902072147022,1.422573,0.5,0.572142,0.494122,0.441127,0.065912,0.032761,0,0.123486,0.157783,0.476633
2024-07-03,0,1,ok,0.1958677718454802,1.3041,0.5,0.572244,0.494128,0.379642,0.068328,0.032761,0,0.121443,0.15945,0.479766
2024-07-04,0,1,ok,0.1967433995389039,1.379656,0.75,0.572675,0.494153,0.418705,0.068164,0.032761,0,0.123316,0.159986,0.480774
2024-07-05,0,1,ok,0.1996567725563816,1.399369,0.5,0.575429,0.49431,0.428116,0.064964,0.032761,0,0.127189,0.168424,0.496637
2024-07-08,0,1,ok,0.1977060234982022,1.477766,0.5,0.575513,0.494315,0.468828,0.058304,0.033541,0,0.126873,0.168952,0.497629
2024-07-09,0,1,ok,0.1982912536452865,1.487618,0.5,0.576482,0.49437,0.473682,0.058039,0.033541,0,0.127746,0.172223,0.503779
2024-07-10,0,1,ok,0.1958897932209331,1.494777,0.5,0.5757,0.494326,0.477616,0.061896,0.033541,0,0.132258,0.16635,0.492737
2024-07-11,0,1,ok,0.1943767004860985,1.71163,0.75,0.574143,0.494237,0.59064,0.106644,0.033541,0,0.127216,0.163346,0.48709
2024-07-12,0,1,ok,0.1926798623672597,1.635677,0.5,0.576385,0.494365,0.550678,0.107812,0.033541,0,0.132013,0.169198,0.498093
2024-07-15,0,1,ok,0.1937091051603426,1.686728,0.5,0.574108,0.494235,0.577717,0.1011,0.036479,0,0.127368,0.163115,0.486656
2024-07-16,0,1,ok,0.192600437111559,1.481088,0.75,0.57397,0.494227,0.470978,0.1006,0.036479,0,0.128238,0.162033,0.484622
2024-07-17,0,1,ok,0.1961008427411852,1.808311,0.75,0.578914,0.494509,0.639949,0.127386,0.036479,0,0.126923,0.182305,0.522734
2024-07-18,0,1,ok,0.1893675599231186,1.854914,0.75,0.5834,0.494766,0.663422,0.128927,0.036479,0,0.129939,0.198089,0.552408
2024-07-19,0,1,ok,0.1931690475169888,1.903428,0.75,0.581628,0.494664,0.689022,0.129152,0.036479,0,0.125653,0.193772,0.544292
2024-07-22,0,1,ok,0.1875454391582552,1.482504,0.5,0.582047,0.494688,0.469489,0.144235,0.025642,0,0.1386,0.187397,0.532306
2024-07-23,0,1,ok,0.1886310540132497,1.478019,0.75,0.582177,0.494696,0.467114,0.143567,0.025642,0,0.140702,0.186605,0.530817
2024-07-24,0,1,ok,0.1884656922126181,1.738809,0.75,0.577796,0.494445,0.604001,0.163829,0.025642,1,0.088858,0.201499,0.558819
2024-07-25,0,1,ok,0.1884641242990005,1.934363,0.75,0.584542,0.494831,0.704699,0.153487,0.025642,0,0.134183,0.199952,0.55591
2024-07-26,0,1,ok,0.1880197731753594,1.73827,0.5,0.581757,0.494672,0.602902,0.156976,0.025642,0,0.126757,0.193597,0.543962
2024-07-29,0,1,ok,0.1898516535511164,1.322445,0.5,0.581273,0.494644,0.386283,0.14935,0.020888,0,0.127119,0.191466,0.539956
2024-07-30,0,1,ok,0.1935911523888245,1.331515,0.75,0.582628,0.494722,0.39058,0.147811,0.020888,0,0.125598,0.197743,0.551758
2024-07-31,0,1,ok,0.1929676593264459,1.140796,0.5,0.584119,0.494807,0.290559,0.14774,0.020888,0,0.129107,0.201434,0.558695
2024-08-01,0,1,ok,0.1938766161657373,1.34701,0.75,0.583725,0.494784,0.398317,0.167942,0.020888,0,0.127574,0.200835,0.55757
2024-08-02,0,1,ok,0.1960465956031349,1.313191,0.75,0.589552,0.495117,0.37878,0.226864,0.020888,1,0.135549,0.224144,0.582076
2024-08-05,0,1,ok,0.1938077600204282,1.76299,0.75,0.598968,0.495655,0.61231,0.234663,0.015291,1,0.127178,0.296758,0.608348
2024-08-06,0,1,ok,0.1911960361846667,1.364975,0.5,0.602482,0.495856,0.401837,0.276415,0.015291,1,0.131156,0.316368,0.615287
2024-08-07,0,1,ok,0.2010204289015438,1.266401,0.75,0.594426,0.495396,0.352637,0.26847,0.015291,0,0.188232,0.205348,0.566055
2024-08-08,0,0,high_risk_veto,0.2017648497526021,0.72671,0.5,0.592682,0.495296,0.07027,0.315164,0.015291,0,0.185428,0.200227,0.556426
2024-08-09,0,0,high_risk_veto,0.2019540640833254,0.792843,0.5,0.591209,0.495212,0.105635,0.311214,0.015291,0,0.182336,0.196343,0.549126
2024-08-12,0,0,high_risk_veto,0.2020233613182541,0.667115,0.5,0.593594,0.495348,0.038565,0.310901,0.0,0,0.183343,0.205106,0.5656
2024-08-13,0,0,high_risk_veto,0.2019865593041138,0.716816,0.5,0.595131,0.495436,0.063881,0.320635,0.0,0,0.190809,0.206528,0.568274
2024-08-14,0,0,high_risk_veto,0.200705541056846,0.759971,0.75,0.581107,0.494635,0.093212,0.316223,0.0,0,0.155812,0.173027,0.505291
2024-08-15,0,0,high_risk_veto,0.2006677692099772,0.591821,0.5,0.583135,0.494751,0.004531,0.329036,0.0,0,0.163167,0.176453,0.511731
2024-08-16,0,0,high_risk_veto,0.2004068200737272,0.870644,0.5,0.566003,0.493772,0.157519,0.266171,0.0,0,0.122879,0.133999,0.431918
2024-08-19,0,1,ok,0.1999570267540329,0.808696,0.5,0.56462,0.493693,0.126113,0.174428,0.006814,0,0.126609,0.126245,0.417341
2024-08-20,0,1,ok,0.2012406707756151,1.074536,0.75,0.566585,0.493805,0.262722,0.177097,0.006814,0,0.128426,0.132851,0.429761
2024-08-21,0,1,ok,0.2021980571954042,1.043601,0.5,0.56888,0.493936,0.245827,0.171515,0.006814,0,0.132553,0.139325,0.441932
2024-08-22,0,1,ok,0.2016004773449895,1.321591,0.75,0.581546,0.49466,0.385751,0.138255,0.006814,0,0.167075,0.167774,0.495416
2024-08-23,0,1,ok,0.2028321088067925,1.203526,0.5,0.56528,0.49373,0.329891,0.137431,0.006814,0,0.118757,0.133711,0.431377
2024-08-26,0,1,ok,0.20244037192518,1.315708,0.75,0.56586,0.493763,0.387691,0.136151,0.022924,0,0.122444,0.133706,0.431368
2024-08-27,0,1,ok,0.2033230494472587,1.104667,0.5,0.565669,0.493753,0.278648,0.12934,0.022924,0,0.120445,0.134194,0.432285
2024-08-28,0,1,ok,0.2029124555046663,1.289628,0.75,0.583011,0.494743,0.368608,0.136168,0.022924,0,0.167815,0.173083,0.505395
2024-08-29,0,1,ok,0.2022909838178513,1.205636,0.75,0.561052,0.493489,0.33244,0.07215,0.022924,0,0.120769,0.115824,0.397749
2024-08-30,0,1,ok,0.2029434166325109,1.127047,0.5,0.56188,0.493536,0.291605,0.095396,0.022924,0,0.120122,0.119485,0.404632
2024-09-02,0,1,ok,0.2028381196796523,1.040616,0.75,0.558852,0.493363,0.248185,0.088224,0.017168,0,0.115434,0.110471,0.387686
2024-09-03,0,1,ok,0.2019817306136155,1.297408,0.75,0.595609,0.495463,0.368516,0.164467,0.017168,1,0.204829,0.199718,0.555469
2024-09-04,0,1,ok,0.1959006027947865,1.377855,0.75,0.577949,0.494454,0.416173,0.167204,0.017168,0,0.113402,0.186888,0.53135
2024-09-05,0,1,ok,0.1975304794981136,1.307664,0.5,0.578412,0.494481,0.379505,0.167604,0.017168,0,0.114748,0.187877,0.533209
2024-09-06,0,1,ok,0.1898599807362445,1.229505,0.75,0.578044,0.49446,0.338957,0.177187,0.017168,0,0.11216,0.188033,0.533503
2024-09-09,0,1,ok,0.1943321761539521,1.039256,0.5,0.579186,0.494525,0.239519,0.191476,0.002834,0,0.112754,0.192157,0.541255
2024-09-10,0,1,ok,0.1877396623726293,0.908497,0.5,0.578216,0.494469,0.171861,0.190193,0.002834,0,0.11591,0.186384,0.530403
2024-09-11,0,0,weak_score,0.1865568593764311,0.442977,0.5,0.575046,0.494288,0.0,0.203809,0.002834,0,0.107779,0.178949,0.516424
2024-09-12,0,0,weak_score,0.1912475117445705,0.511398,0.5,0.559047,0.493374,0.0,0.212644,0.002834,0,0.079582,0.133462,0.430908
2024-09-13,0,1,ok,0.1939280132693211,0.617237,0.5,0.554992,0.493142,0.032003,0.199662,0.002834,0,0.07319,0.121467,0.408357
2024-09-16,0,1,ok,0.1876558961448821,0.890618,0.75,0.557876,0.493307,0.171329,0.19936,0.002148,0,0.078551,0.129494,0.423449
2024-09-17,0,1,ok,0.1886765256370926,0.996328,0.75,0.559829,0.493419,0.22498,0.145708,0.002148,0,0.084338,0.133592,0.431153
2024-09-18,0,1,ok,0.1899848803857655,1.101074,0.75,0.557968,0.493312,0.279659,0.137381,0.002148,0,0.082425,0.127456,0.419618
2024-09-19,0,1,ok,0.1882957582841181,0.855349,0.5,0.554294,0.493103,0.154728,0.155642,0.002148,0,0.074456,0.117936,0.401719
2024-09-20,0,1,ok,0.1991224066562009,0.925191,0.75,0.546426,0.492653,0.193883,0.104325,0.002148,0,0.068481,0.090672,0.350463
2024-09-23,0,1,ok,0.1896849146792287,0.886715,0.5,0.545205,0.492583,0.174704,0.101635,0.015751,0,0.066001,0.087404,0.34432
2024-09-24,0,1,ok,0.1973269624164269,1.102947,0.5,0.545807,0.492618,0.2851,0.099579,0.015751,0,0.067541,0.088822,0.346985
2024-09-25,0,1,ok,0.1993797899916853,1.094526,0.5,0.545475,0.492599,0.280913,0.09419,0.015751,0,0.064993,0.089095,0.347499
2024-09-26,0,1,ok,0.1967701575591189,1.09707,0.5,0.545534,0.492602,0.282193,0.087771,0.015751,0,0.068221,0.087325,0.344172
2024-09-27,0,1,ok,0.1895171671215478,1.241489,0.75,0.548839,0.492791,0.354994,0.097879,0.015751,0,0.073815,0.096862,0.3621
2024-09-30,0,1,ok,0.1915827618026683,1.238362,0.5,0.550518,0.492887,0.352834,0.098067,0.031408,0,0.077752,0.101032,0.36994
2024-10-01,0,1,ok,0.1879252626729211,1.413103,0.75,0.574136,0.494236,0.435631,0.128088,0.031408,0,0.112491,0.172447,0.5042
2024-10-02,0,1,ok,0.1818246489713506,1.316594,0.5,0.572013,0.494115,0.386196,0.128164,0.031408,0,0.155175,0.137633,0.43875
2024-10-03,0,1,ok,0.1868633626123811,1.345906,0.75,0.567863,0.493878,0.402685,0.09257,0.031408,0,0.149774,0.124648,0.414339
2024-10-04,0,1,ok,0.1974951386720385,1.136301,0.5,0.5618,0.493531,0.29641,0.129288,0.031408,0,0.14058,0.10649,0.380201
2024-10-07,0,1,ok,0.1809756849854449,1.298838,0.75,0.571124,0.494064,0.377274,0.135197,0.021949,0,0.150189,0.137227,0.437987
2024-10-08,0,1,ok,0.1934831245157845,1.176147,0.5,0.570572,0.494033,0.313863,0.139556,0.021949,0,0.152009,0.133924,0.431777
2024-10-09,0,1,ok,0.1967462458341808,1.231521,0.5,0.567593,0.493862,0.343576,0.145398,0.021949,0,0.142994,0.12779,0.420246
2024-10-10,0,1,ok,0.1856153626947234,1.151432,0.75,0.569972,0.493998,0.30127,0.147038,0.021949,0,0.143341,0.136937,0.437441
2024-10-11,0,1,ok,0.1908138879359074,1.294048,0.5,0.561657,0.493523,0.377844,0.140728,0.021949,0,0.135376,0.109151,0.385204
2024-10-14,0,1,ok,0.1835821809089784,1.285425,0.5,0.562675,0.493581,0.373066,0.143333,0.021899,0,0.124829,0.119693,0.405023
2024-10-15,0,1,ok,0.1834958086560267,1.375729,0.75,0.566167,0.493781,0.418631,0.14245,0.021899,0,0.134892,0.1272,0.419137
2024-10-16,0,1,ok,0.1857979708704317,1.345578,0.75,0.567771,0.493873,0.402544,0.142539,0.021899,0,0.134413,0.133809,0.431562
2024-10-17,0,1,ok,0.1892239346655564,1.37977,0.5,0.568145,0.493894,0.420127,0.142629,0.021899,0,0.135029,0.134898,0.433609
2024-10-18,0,1,ok,0.2055431772980808,1.183109,0.5,0.570382,0.494022,0.317538,0.116747,0.021899,0,0.146776,0.136423,0.436475
2024-10-21,0,1,ok,0.2252409326380541,1.194742,0.5,0.569651,0.49398,0.323823,0.108829,0.02033,0,0.134938,0.140883,0.444861
2024-10-22,0,1,ok,0.200479524973014,1.209088,0.5,0.568792,0.493931,0.331552,0.106413,0.02033,0,0.145988,0.130651,0.425625
2024-10-23,0,1,ok,0.2117971860814778,1.420109,0.75,0.56391,0.493652,0.442231,0.107164,0.02033,0,0.12759,0.122844,0.410947
2024-10-24,0,1,ok,0.2054695213570476,1.359311,0.5,0.567123,0.493836,0.409849,0.106315,0.02033,0,0.149472,0.121926,0.409221
2024-10-25,0,1,ok,0.1937721265564963,1.339325,0.5,0.569144,0.493951,0.39888,0.103686,0.02033,0,0.15002,0.12954,0.423536
2024-10-28,0,1,ok,0.2273520107745126,1.236698,0.75,0.563588,0.493634,0.347607,0.094853,0.023199,0,0.13767,0.115327,0.396814
2024-10-29,0,1,ok,0.1813339225580227,1.280421,0.5,0.573785,0.494216,0.366852,0.059688,0.023199,0,0.169226,0.135897,0.435486
2024-10-30,0,1,ok,0.1993719008010041,1.434843,0.75,0.555624,0.493178,0.452186,0.061836,0.023199,0,0.09491,0.110489,0.387719
2024-10-31,0,1,ok,0.1990240848587015,1.69993,0.75,0.565622,0.49375,0.586394,0.117497,0.023199,0,0.102758,0.144973,0.45255
2024-11-01,0,1,ok,0.2137116499478463,1.715087,0.5,0.560039,0.493431,0.595398,0.129715,0.023199,0,0.076167,0.139484,0.44223
2024-11-04,0,1,ok,0.1928436286655736,1.680438,0.75,0.566033,0.493773,0.576228,0.12886,0.034706,0,0.106729,0.144127,0.450959
2024-11-05,0,1,ok,0.1880278301032259,1.311103,0.5,0.562947,0.493597,0.386234,0.14465,0.034706,0,0.098037,0.13737,0.438256
2024-11-06,0,1,ok,0.1790646497594092,1.164108,0.5,0.560441,0.493454,0.311239,0.223821,0.034706,0,0.096979,0.128165,0.42095
2024-11-07,0,1,ok,0.1763613055323151,1.03739,0.5,0.570321,0.494018,0.242045,0.223962,0.034706,0,0.111932,0.157778,0.476623
2024-11-08,0,1,ok,0.1796247005474007,1.199989,0.5,0.55542,0.493167,0.33147,0.223867,0.034706,0,0.083241,0.116919,0.399808
2024-11-11,0,1,ok,0.1756390830742774,1.491116,0.75,0.555654,0.49318,0.481119,0.223656,0.024026,0,0.081583,0.118868,0.403472
2024-11-12,0,1,ok,0.1867367528453899,1.665778,0.75,0.550881,0.492907,0.572001,0.223288,0.024026,0,0.080911,0.100501,0.368941
2024-11-13,0,1,ok,0.1786797968789817,1.693213,0.75,0.55068,0.492896,0.586119,0.22192,0.024026,0,0.080662,0.099865,0.367746
2024-11-14,0,1,ok,0.1864865158719876,1.733433,0.75,0.555485,0.493171,0.60578,0.19099,0.024026,0,0.089142,0.113517,0.393412
2024-11-15,0,1,ok,0.196015538945033,1.898591,0.75,0.561742,0.493528,0.689717,0.209796,0.024026,0,0.099828,0.131521,0.427259
2024-11-18,0,1,ok,0.1930871845098274,1.764248,0.5,0.563158,0.493609,0.620128,0.201883,0.031632,0,0.100578,0.136627,0.436859
2024-11-19,0,1,ok,0.2016722919750924,1.581944,0.5,0.561649,0.493523,0.526373,0.197575,0.031632,0,0.102545,0.12947,0.423403
2024-11-20,0,1,ok,0.2163226461761921,1.350989,0.75,0.554835,0.493133,0.409299,0.084832,0.031632,0,0.063565,0.126813,0.418408
2024-11-21,0,1,ok,0.1963076130614048,1.406166,0.5,0.57079,0.494045,0.433015,0.090059,0.031632,0,0.119521,0.154922,0.471253
2024-11-22,0,1,ok,0.1916643995045229,1.488955,0.5,0.552234,0.492985,0.480921,0.090364,0.031632,0,0.082986,0.104539,0.376533
2024-11-25,0,1,ok,0.1888389178492572,1.475235,0.5,0.555871,0.493193,0.472893,0.095719,0.03233,0,0.090679,0.114086,0.394482
2024-11-26,0,1,ok,0.1953431571883825,1.427897,0.5,0.555413,0.493166,0.448673,0.103416,0.03233,0,0.087665,0.114149,0.394601
2024-11-27,0,1,ok,0.2206812488964813,1.472974,0.75,0.546749,0.492671,0.474196,0.108124,0.03233,0,0.034461,0.113033,0.392502
2024-11-28,0,1,ok,0.1960099723347751,1.447115,0.75,0.54862,0.492778,0.460441,0.104609,0.03233,0,0.056563,0.106697,0.380591
2024-11-29,0,1,ok,0.1914199434347127,1.393366,0.5,0.551635,0.492951,0.432019,0.07686,0.03233,0,0.064107,0.113886,0.394106
2024-12-02,0,1,ok,0.1899969013764712,1.227272,0.5,0.550416,0.492881,0.34718,0.077444,0.025525,0,0.064236,0.109009,0.384937
2024-12-03,0,1,ok,0.1925500462553535,1.235109,0.5,0.551693,0.492954,0.350774,0.078218,0.025525,0,0.068676,0.111281,0.389209
2024-12-04,0,1,ok,0.1890505513533791,1.239758,0.5,0.548548,0.492774,0.354203,0.07847,0.025525,0,0.060314,0.104088,0.375686
2024-12-05,0,1,ok,0.1901953680199993,1.379054,0.75,0.553479,0.493056,0.424128,0.075133,0.025525,0,0.068423,0.118467,0.402718
2024-12-06,0,1,ok,0.1887591300796353,1.328374,0.5,0.556114,0.493207,0.397276,0.07426,0.025525,0,0.070233,0.127716,0.420106
2024-12-09,0,1,ok,0.1975882197832668,1.537548,0.75,0.54938,0.492822,0.506592,0.062691,0.050473,0,0.062549,0.105975,0.379232
2024-12-10,0,1,ok,0.2009604741095427,1.554422,0.75,0.54978,0.492845,0.515143,0.04852,0.050473,0,0.061849,0.107985,0.383012
2024-12-11,0,1,ok,0.1973348910688157,1.493514,0.5,0.555015,0.493144,0.482523,0.058583,0.050473,0,0.074998,0.120435,0.406418
2024-12-12,0,1,ok,0.1994595715424701,1.516687,0.75,0.549189,0.492811,0.495947,0.059898,0.050473,0,0.066179,0.102976,0.373595
2024-12-13,0,1,ok,0.1962261447155983,1.482668,0.5,0.554879,0.493136,0.476983,0.062087,0.050473,0,0.078146,0.117948,0.401743
2024-12-16,0,1,ok,0.2130104958203963,1.593476,0.5,0.551302,0.492932,0.534805,0.06257,0.041068,0,0.048177,0.122448,0.410203
2024-12-17,0,1,ok,0.2059338651909175,1.626723,0.75,0.56558,0.493747,0.548559,0.068594,0.041068,0,0.096633,0.148603,0.459374
2024-12-18,0,1,ok,0.1900204327329344,2.062621,0.75,0.567141,0.493837,0.773714,0.133577,0.041068,0,0.076086,0.167482,0.494865
2024-12-19,0,1,ok,0.1981346530909456,2.170262,0.75,0.566777,0.493816,0.829436,0.136501,0.041068,0,0.080927,0.163048,0.486531
2024-12-20,0,1,ok,0.2384026556187732,1.966378,0.5,0.556858,0.493249,0.725382,0.142874,0.041068,0,0.053878,0.140778,0.444663
2024-12-23,0,1,ok,0.2361441678268507,1.464434,0.5,0.555554,0.493175,0.467424,0.153538,0.027407,0,0.053169,0.13609,0.435848
2024-12-24,0,1,ok,0.2017158079621801,1.299056,0.5,0.555393,0.493165,0.382424,0.158258,0.027407,0,0.080936,0.118243,0.402297
2024-12-25,0,1,ok,0.2055999715306612,1.409202,0.75,0.576485,0.494371,0.432914,0.151871,0.027407,0,0.175347,0.14273,0.448333
2024-12-26,0,1,ok,0.2080185654140547,1.5403,0.75,0.57386,0.494221,0.50175,0.15161,0.027407,0,0.161866,0.140758,0.444625
2024-12-27,0,1,ok,0.2050990449200324,1.823139,0.75,0.576445,0.494368,0.64812,0.157022,0.027407,0,0.181992,0.138453,0.440292
2024-12-30,0,1,ok,0.2050221649027339,1.939872,0.75,0.591115,0.495207,0.706568,0.177305,0.020639,0,0.224825,0.16964,0.498922
2024-12-31,0,1,ok,0.2097949330568165,1.990583,0.75,0.58763,0.495007,0.73362,0.176857,0.020639,0,0.178976,0.184343,0.526564
2025-01-01,0,1,ok,0.2012743086493304,1.82366,0.75,0.5898,0.495131,0.645932,0.135623,0.020639,0,0.206285,0.175954,0.510794
2025-01-02,0,1,ok,0.2052198641425056,1.711461,0.75,0.587301,0.494989,0.587735,0.135019,0.020639,0,0.208118,0.164983,0.490168
2025-01-03,0,1,ok,0.2075110592287312,1.479173,0.5,0.573552,0.494203,0.470099,0.149725,0.020639,0,0.153697,0.144609,0.451866
2025-01-06,0,1,ok,0.211989908467736,1.404069,0.5,0.572779,0.494159,0.431341,0.141501,0.024544,0,0.156516,0.139817,0.442855
2025-01-07,0,1,ok,0.2007184101656298,1.600914,0.75,0.589045,0.495088,0.529509,0.133843,0.024544,0,0.222869,0.162704,0.485884
2025-01-08,0,1,ok,0.205636640550564,1.769721,0.75,0.59158,0.495233,0.617338,0.133722,0.024544,0,0.233049,0.166371,0.492778
2025-01-09,0,1,ok,0.2048029349265103,1.872532,0.75,0.58854,0.495059,0.671734,0.133926,0.024544,0,0.21547,0.165304,0.490771
2025-01-10,0,1,ok,0.2134086118131296,1.844225,0.75,0.599357,0.495678,0.654972,0.134201,0.024544,1,0.25502,0.183357,0.524711
2025-01-13,0,1,ok,0.2194591869721887,1.884365,0.75,0.58593,0.49491,0.678363,0.104084,0.040654,0,0.192459,0.169294,0.498273
2025-01-14,0,1,ok,0.2139082834934293,1.909049,0.75,0.581578,0.494662,0.69196,0.103088,0.040654,0,0.166883,0.168022,0.495881
2025-01-15,0,1,ok,0.2133368206147696,1.508692,0.5,0.576631,0.494379,0.484598,0.108642,0.040654,0,0.160346,0.152605,0.466897
2025-01-16,0,1,ok,0.2099412719435611,1.547065,0.75,0.579632,0.49455,0.503775,0.109672,0.040654,0,0.165107,0.161461,0.483546
2025-01-17,0,1,ok,0.2114277091945668,1.374379,0.5,0.574628,0.494264,0.415375,0.093226,0.040654,0,0.15846,0.145888,0.454269
2025-01-20,0,1,ok,0.2185818610360028,1.631689,0.75,0.576073,0.494347,0.548678,0.087092,0.035829,0,0.1592,0.151117,0.464099
2025-01-21,0,1,ok,0.2034339289748595,1.508765,0.5,0.576829,0.49439,0.484583,0.081796,0.035829,0,0.176497,0.143373,0.449542
2025-01-22,0,1,ok,0.2007594212786899,1.551627,0.5,0.575974,0.494341,0.507089,0.08783,0.035829,0,0.175655,0.140529,0.444195
2025-01-23,0,1,ok,0.2072875708991673,1.521517,0.5,0.572011,0.494115,0.492485,0.091399,0.035829,0,0.145549,0.143592,0.449953
2025-01-24,0,1,ok,0.2011714968732925,1.635047,0.75,0.559526,0.493401,0.554257,0.082106,0.035829,0,0.128715,0.104894,0.3772
2025-01-27,0,1,ok,0.2091509837491462,2.001502,0.75,0.57135,0.494077,0.74153,0.145268,0.042007,0,0.131552,0.149668,0.461376
2025-01-28,0,1,ok,0.211914943340845,1.791698,0.5,0.571012,0.494058,0.632812,0.149731,0.042007,0,0.128399,0.150293,0.462551
2025-01-29,0,1,ok,0.2095989610318205,1.703516,0.75,0.567016,0.49383,0.587951,0.147627,0.042007,0,0.118272,0.140844,0.444788
2025-01-30,0,1,ok,0.2078117365390567,1.367739,0.5,0.561764,0.493529,0.415829,0.145776,0.042007,0,0.105825,0.127887,0.420428
2025-01-31,0,1,ok,0.2081653732232579,1.575942,0.75,0.568001,0.493886,0.521709,0.141354,0.042007,0,0.118584,0.144524,0.451705
2025-02-03,0,1,ok,0.2058511916435582,1.65017,0.75,0.582952,0.49474,0.556699,0.146141,0.030157,0,0.176388,0.167536,0.494968
2025-02-04,0,1,ok,0.2107325851476263,1.580505,0.5,0.579284,0.494531,0.521275,0.144433,0.030157,0,0.141925,0.174463,0.50799
2025-02-05,0,1,ok,0.1979396255733329,1.516271,0.5,0.570829,0.494047,0.490077,0.135317,0.030157,0,0.144355,0.139682,0.442602
2025-02-06,0,1,ok,0.2011453191238721,1.380371,0.5,0.582867,0.494735,0.415988,0.12935,0.030157,0,0.179773,0.165104,0.490395
2025-02-07,0,1,ok,0.2121135018835841,1.630374,0.75,0.573575,0.494204,0.54858,0.130401,0.030157,0,0.132291,0.157967,0.476978
2025-02-10,0,1,ok,0.2040025320608069,1.565638,0.5,0.573209,0.494183,0.515068,0.090167,0.033678,0,0.167415,0.134756,0.433342
2025-02-11,0,1,ok,0.2128984006515583,1.650283,0.75,0.562111,0.493549,0.561524,0.081501,0.033678,0,0.123234,0.118464,0.402712
2025-02-12,0,1,ok,0.2198305505418467,1.543328,0.75,0.573995,0.494228,0.503287,0.081059,0.033678,0,0.152837,0.146885,0.456144
2025-02-13,0,1,ok,0.2047848426612916,1.536685,0.5,0.579191,0.494525,0.498485,0.081055,0.033678,0,0.1886,0.145165,0.452911
2025-02-14,0,1,ok,0.1960560878694407,1.511162,0.5,0.571806,0.494103,0.487169,0.081711,0.033678,0,0.163615,0.13159,0.427389
2025-02-17,0,1,ok,0.1960911038232416,1.533011,0.75,0.573685,0.494211,0.498011,0.068994,0.034665,0,0.17251,0.133468,0.430921
2025-02-18,0,1,ok,0.2106989091653808,1.695033,0.5,0.571496,0.494086,0.582595,0.076267,0.034665,0,0.146913,0.140723,0.444558
2025-02-19,0,1,ok,0.2136020791212757,1.745472,0.75,0.556957,0.493255,0.611677,0.074042,0.034665,0,0.085499,0.121568,0.408549
2025-02-20,0,1,ok,0.2193591782539518,1.80023,0.75,0.560968,0.493484,0.639114,0.082939,0.034665,0,0.09147,0.133655,0.431271
2025-02-21,0,1,ok,0.21190743035829,1.995353,0.75,0.567949,0.493883,0.738803,0.143935,0.034665,0,0.086492,0.164213,0.488721
2025-02-24,0,1,ok,0.213626846300013,2.062373,0.75,0.574908,0.49428,0.772672,0.139335,0.010529,0,0.095582,0.185966,0.529616
2025-02-25,0,1,ok,0.2125808242689269,2.048283,0.75,0.568271,0.493901,0.766159,0.144951,0.010529,0,0.083451,0.167365,0.494646
2025-02-26,0,1,ok,0.2148921653065459,1.728821,0.5,0.568716,0.493927,0.600691,0.139574,0.010529,0,0.0841,0.168713,0.49718
2025-02-27,0,1,ok,0.2144769538733146,1.808549,0.75,0.568361,0.493906,0.642039,0.142328,0.010529,0,0.080465,0.169571,0.498793
2025-02-28,0,1,ok,0.2149990326422911,1.437804,0.5,0.568696,0.493925,0.450011,0.16379,0.010529,0,0.083833,0.168801,0.497346
2025-03-03,0,1,ok,0.2140865671483276,1.605388,0.75,0.57159,0.494091,0.536088,0.179982,0.006694,0,0.085749,0.179003,0.516525
2025-03-04,0,1,ok,0.2158261342258149,1.338371,0.75,0.573039,0.494174,0.39717,0.159159,0.006694,0,0.08515,0.185078,0.527946
2025-03-05,0,1,ok,0.2182734298501828,1.408477,0.5,0.57539,0.494308,0.43286,0.200187,0.006694,0,0.094906,0.188283,0.533973
2025-03-06,0,0,high_risk_veto,0.2164291600835868,1.49429,0.75,0.563728,0.493642,0.480594,0.207307,0.006694,0,0.08236,0.150163,0.462306
2025-03-07,0,0,high_risk_veto,0.2162747294325936,1.396799,0.5,0.568584,0.493919,0.428812,0.200836,0.006694,0,0.084705,0.167819,0.4955
2025-03-10,0,0,high_risk_veto,0.2151597860349984,1.873683,0.75,0.576968,0.494398,0.674307,0.247362,0.0,0,0.08448,0.200953,0.557791
2025-03-11,0,0,high_risk_veto,0.2140537250022353,1.581747,0.75,0.57755,0.494431,0.522353,0.24612,0.0,0,0.084331,0.203336,0.562272
2025-03-12,0,0,high_risk_veto,0.2177777262374359,1.506527,0.5,0.577673,0.494438,0.483193,0.256446,0.0,0,0.090054,0.200276,0.556518
2025-03-13,0,0,high_risk_veto,0.2158335050172832,1.265598,0.75,0.577995,0.494457,0.357753,0.258761,0.0,0,0.08322,0.205775,0.566857
2025-03-14,0,0,high_risk_veto,0.215564293242268,1.001013,0.5,0.576262,0.494358,0.220795,0.290424,0.0,0,0.092497,0.193207,0.543229
2025-03-17,0,0,high_risk_veto,0.2182735220113481,1.060977,0.5,0.581582,0.494662,0.249891,0.280419,0.0,0,0.098181,0.210621,0.575967
2025-03-18,0,0,high_risk_veto,0.2158250084351345,1.077995,0.75,0.579908,0.494566,0.259408,0.282689,0.0,0,0.09433,0.20642,0.568069
2025-03-19,0,0,high_risk_veto,0.2262107927053147,1.191005,0.5,0.582012,0.494686,0.317516,0.26856,0.0,0,0.10302,0.209313,0.573509
2025-03-20,0,0,high_risk_veto,0.2253802083368389,1.260069,0.75,0.575947,0.49434,0.355563,0.256304,0.0,0,0.095488,0.190113,0.537413
2025-03-21,0,0,high_risk_veto,0.2253901083950484,1.040777,0.5,0.572062,0.494118,0.243117,0.252623,0.0,0,0.088625,0.179077,0.516665
2025-03-24,0,1,ok,0.2237444601056178,0.980532,0.5,0.559885,0.493422,0.216816,0.213612,0.002617,0,0.077823,0.137849,0.439156
2025-03-25,0,1,ok,0.2265163207596077,0.929165,0.5,0.555715,0.493184,0.192076,0.209711,0.002617,0,0.071031,0.125649,0.41622
2025-03-26,0,1,ok,0.225577773682246,1.185828,0.75,0.563704,0.49364,0.321296,0.218146,0.002617,0,0.084828,0.148539,0.459253
2025-03-27,0,1,ok,0.2232989477790747,1.434591,0.75,0.564005,0.493657,0.449684,0.192384,0.002617,0,0.085975,0.14901,0.46014
2025-03-28,0,0,high_risk_veto,0.223861479516458,1.686992,0.75,0.57388,0.494222,0.577904,0.215266,0.002617,0,0.093279,0.183349,0.524695
2025-03-31,0,0,high_risk_veto,0.2236145550004423,1.3856,0.75,0.57436,0.494249,0.421284,0.212072,0.0,0,0.084956,0.190395,0.537942
2025-04-01,0,0,high_risk_veto,0.2246232477535291,1.167642,0.5,0.574025,0.49423,0.308216,0.204955,0.0,0,0.08939,0.186328,0.530297
2025-04-02,0,0,high_risk_veto,0.228529523959647,0.811607,0.5,0.572738,0.494156,0.123942,0.204479,0.0,0,0.092812,0.179141,0.516785
2025-04-03,0,0,high_risk_veto,0.2215796096178015,1.233483,0.75,0.588371,0.49505,0.337467,0.357973,0.0,0,0.094074,0.26029,0.595271
2025-04-04,0,0,high_risk_veto,0.2196374398583017,1.65218,0.75,0.599307,0.495675,0.553942,0.451224,0.0,1,0.099654,0.328512,0.619552
2025-04-07,0,0,high_risk_veto,0.2201203029068877,1.554188,0.5,0.586784,0.494959,0.505643,0.422576,0.0,0,0.100266,0.242967,0.588977
2025-04-08,0,0,high_risk_veto,0.2184946602174213,1.179773,0.75,0.580807,0.494618,0.312092,0.415431,0.0,0,0.093779,0.210298,0.575359
2025-04-09,0,0,high_risk_veto,0.2182144068636257,0.377405,0.5,0.58572,0.494898,0.0,0.681432,0.0,1,0.106684,0.228965,0.58385
2025-04-10,0,0,high_risk_veto,0.2183831130407283,0.936132,0.75,0.592406,0.49528,0.180188,0.690872,0.0,1,0.176122,0.204905,0.565222
2025-04-11,0,0,high_risk_veto,0.2119564231467931,0.696374,0.5,0.627547,0.497288,0.036758,0.696484,0.0,1,0.186978,0.429371,0.65
2025-04-14,0,0,high_risk_veto,0.2136162005145564,1.060503,0.5,0.614292,0.496531,0.236628,0.696245,0.0,1,0.18,0.344372,0.625086
2025-04-15,0,0,high_risk_veto,0.2134369289088718,0.628116,0.5,0.618532,0.496773,0.005094,0.696176,0.0,1,0.185482,0.367387,0.633047
2025-04-16,0,0,high_risk_veto,0.2179557738150778,1.097312,0.75,0.613115,0.496464,0.256612,0.702519,0.0,1,0.184086,0.33198,0.620765
2025-04-17,0,0,high_risk_veto,0.2329390189709821,1.190107,0.75,0.633289,0.497617,0.298288,0.639474,0.0,1,0.272107,0.37499,0.635659
2025-04-18,0,0,high_risk_veto,0.2342394663816819,1.202824,0.75,0.629701,0.497411,0.306434,0.538553,0.0,1,0.26509,0.358054,0.629829
2025-04-21,0,0,high_risk_veto,0.2499091500516125,1.185839,0.75,0.640324,0.498019,0.293339,0.552134,0.0,1,0.288516,0.4054,0.64602
2025-04-22,0,0,high_risk_veto,0.2376102872917691,0.934616,0.5,0.628826,0.497361,0.163422,0.5561,0.0,1,0.277124,0.339176,0.623278
2025-04-23,0,1,ok,0.2400734811030904,0.753135,0.5,0.587595,0.495005,0.086561,0.30164,0.0,0,0.145415,0.205008,0.565414
2025-04-24,0,0,weak_score,0.2199626008568209,0.293508,0.5,0.583572,0.494776,0.0,0.268799,0.0,0,0.138014,0.193761,0.54427
2025-04-25,0,0,weak_score,0.2214045552579781,0.503097,0.5,0.580092,0.494577,0.0,0.245294,0.0,0,0.143242,0.176826,0.512433
2025-04-28,0,1,ok,0.2333568527821313,0.750921,0.75,0.585575,0.49489,0.086368,0.246356,0.000887,0,0.148591,0.195087,0.546764
2025-04-29,0,1,ok,0.2368120614673797,0.945429,0.5,0.585253,0.494872,0.188106,0.243686,0.000887,0,0.147007,0.194802,0.546228
2025-04-30,0,1,ok,0.2139926294328769,1.025354,0.75,0.573829,0.494219,0.234416,0.188533,0.000887,0,0.130043,0.160359,0.481475
2025-05-01,0,1,ok,0.2211257211241374,0.890643,0.5,0.577638,0.494436,0.162823,0.192023,0.000887,0,0.134477,0.172601,0.504489
2025-05-02,0,1,ok,0.2133918361401253,0.850394,0.5,0.576268,0.494358,0.142497,0.205466,0.000887,0,0.13889,0.164474,0.489211
2025-05-05,0,1,ok,0.2216932076426467,0.982408,0.75,0.569211,0.493955,0.214004,0.161599,0.002816,0,0.131436,0.141323,0.445688
2025-05-06,0,1,ok,0.2191931114662804,1.247155,0.75,0.570024,0.494001,0.350849,0.162828,0.002816,0,0.127406,0.14702,0.456398
2025-05-07,0,1,ok,0.2200266729967099,1.347852,0.5,0.567692,0.493868,0.403745,0.153529,0.002816,0,0.11907,0.143008,0.448856
2025-05-08,0,1,ok,0.219156097192489,1.215588,0.5,0.568416,0.49391,0.335047,0.15158,0.002816,0,0.119228,0.145761,0.454031
2025-05-09,0,1,ok,0.2280340652936324,1.176369,0.75,0.564231,0.49367,0.316225,0.154226,0.002816,0,0.115792,0.13142,0.427069
2025-05-12,0,1,ok,0.2252864789759134,0.939169,0.5,0.573908,0.494223,0.189638,0.232557,0.008719,0,0.139184,0.155005,0.471409
2025-05-13,0,1,ok,0.221959886617729,1.014301,0.5,0.581918,0.494681,0.225424,0.231101,0.008719,0,0.175175,0.16422,0.488734
2025-05-14,0,1,ok,0.2259360272810917,1.071257,0.5,0.579532,0.494545,0.256044,0.226584,0.008719,0,0.139538,0.176915,0.512601
2025-05-15,0,1,ok,0.2278528096220667,1.493136,0.5,0.570637,0.494036,0.478137,0.231055,0.008719,0,0.115793,0.15663,0.474465
2025-05-16,0,1,ok,0.2271595294660963,1.585393,0.5,0.573045,0.494174,0.525361,0.217639,0.008719,0,0.12156,0.162531,0.485558
2025-05-19,0,1,ok,0.2278613056556968,1.609094,0.5,0.568164,0.493895,0.538829,0.213251,0.026342,0,0.116997,0.146151,0.454763
2025-05-20,0,1,ok,0.227684605069862,1.656778,0.75,0.569858,0.493992,0.563129,0.197412,0.026342,0,0.117022,0.152801,0.467266
2025-05-21,0,1,ok,0.2221338025893569,1.847926,0.75,0.573495,0.4942,0.661525,0.214042,0.026342,0,0.122835,0.163513,0.487405
2025-05-22,0,1,ok,0.2226188015043137,1.8366,0.5,0.571888,0.494108,0.655933,0.212385,0.026342,0,0.117893,0.160252,0.481274
2025-05-23,0,1,ok,0.2217725706631966,1.87335,0.75,0.579918,0.494567,0.673634,0.221664,0.026342,0,0.131201,0.183605,0.525178
2025-05-26,0,1,ok,0.2222232682072222,1.703574,0.75,0.576387,0.494365,0.585974,0.095129,0.03733,0,0.129697,0.170639,0.500802
2025-05-27,0,1,ok,0.2254406503982244,1.484482,0.5,0.57195,0.494111,0.473293,0.122539,0.03733,0,0.123887,0.156779,0.474745
2025-05-28,0,1,ok,0.2239547385089237,1.457073,0.75,0.568533,0.493916,0.460034,0.120339,0.03733,0,0.117432,0.147332,0.456985
2025-05-29,0,1,ok,0.2257209128739567,1.436242,0.5,0.565632,0.49375,0.450074,0.120203,0.03733,0,0.110731,0.14007,0.443332
2025-05-30,0,1,ok,0.2265356244851219,1.666247,0.75,0.567808,0.493875,0.568493,0.115366,0.03733,0,0.115272,0.14582,0.454142
2025-06-02,0,1,ok,0.2247827881235554,1.516372,0.5,0.5735,0.4942,0.489422,0.126779,0.028861,0,0.11904,0.165883,0.491859
2025-06-03,0,1,ok,0.2271431680306448,1.48553,0.5,0.568799,0.493931,0.474695,0.131452,0.028861,0,0.121275,0.145998,0.454477
2025-06-04,0,1,ok,0.2291602802971465,1.475729,0.5,0.563117,0.493607,0.471176,0.127578,0.028861,0,0.10556,0.133378,0.43075
2025-06-05,0,1,ok,0.22619413113488,1.654221,0.75,0.570006,0.494,0.561771,0.126556,0.028861,0,0.119316,0.151965,0.465694
2025-06-06,0,1,ok,0.2264120194016451,1.642245,0.5,0.56653,0.493802,0.556365,0.140091,0.028861,0,0.116794,0.139847,0.442912
2025-06-09,0,1,ok,0.2272780677701638,1.661784,0.5,0.563145,0.493608,0.567228,0.140635,0.033471,0,0.109257,0.131196,0.426649
2025-06-10,0,1,ok,0.2281954408573833,1.534472,0.5,0.566771,0.493815,0.500562,0.121182,0.033471,0,0.122403,0.137319,0.438159
2025-06-11,0,1,ok,0.2213736206901721,1.65253,0.75,0.565626,0.49375,0.561889,0.12721,0.033471,0,0.117202,0.136036,0.435747
2025-06-12,0,1,ok,0.2205724724227247,1.60816,0.5,0.571368,0.494078,0.537579,0.12733,0.033471,0,0.129799,0.150824,0.463549
2025-06-13,0,1,ok,0.2195003751900925,1.757409,0.75,0.578792,0.494502,0.613477,0.13273,0.033471,0,0.139637,0.173946,0.507018
2025-06-16,0,1,ok,0.2194728086299359,1.587972,0.5,0.572376,0.494136,0.526864,0.139099,0.030208,0,0.132234,0.153282,0.46817
2025-06-17,0,1,ok,0.2205758175787853,1.713396,0.75,0.583526,0.494773,0.589557,0.154367,0.030208,0,0.137461,0.193924,0.544577
2025-06-18,0,1,ok,0.2203150328423234,1.598053,0.75,0.576139,0.494351,0.531179,0.148659,0.030208,0,0.124621,0.172812,0.504887
2025-06-19,0,1,ok,0.2203481619080296,1.714733,0.75,0.574138,0.494236,0.592252,0.148258,0.030208,0,0.124994,0.164703,0.489642
2025-06-20,0,1,ok,0.2204557195231942,1.67113,0.75,0.574321,0.494247,0.56957,0.111051,0.030208,0,0.132966,0.160484,0.481709
2025-06-23,0,1,ok,0.2205986186281289,1.566474,0.5,0.575093,0.494291,0.515028,0.118961,0.030836,0,0.129867,0.165443,0.491033
2025-06-24,0,1,ok,0.222839705825479,1.429597,0.5,0.568322,0.493904,0.445869,0.124165,0.030836,0,0.116115,0.147319,0.456959
2025-06-25,0,1,ok,0.2221479816399209,1.358022,0.5,0.573262,0.494186,0.407299,0.119063,0.030836,0,0.130126,0.158078,0.477186
2025-06-26,0,1,ok,0.2221975890532126,1.379063,0.5,0.566982,0.493828,0.42011,0.120808,0.030836,0,0.114044,0.143331,0.449463
2025-06-27,0,1,ok,0.2219226332643308,1.488165,0.5,0.569156,0.493952,0.475962,0.116149,0.030836,0,0.112565,0.152802,0.467268
2025-06-30,0,1,ok,0.2220440778515128,1.451872,0.5,0.561433,0.49351,0.459328,0.100691,0.007289,0,0.100857,0.129666,0.423772
2025-07-01,0,1,ok,0.2215860443736286,1.626419,0.75,0.570196,0.494011,0.547321,0.061084,0.007289,0,0.125163,0.149087,0.460283
2025-07-02,0,1,ok,0.2206552715155411,1.607637,0.5,0.570419,0.494024,0.537535,0.06123,0.007289,0,0.13182,0.145839,0.454178
2025-07-03,0,1,ok,0.2198853675953726,1.593268,0.5,0.568884,0.493936,0.530462,0.072679,0.007289,0,0.129693,0.141117,0.4453
2025-07-04,0,1,ok,0.2209799186898876,1.533144,0.75,0.567117,0.493835,0.499786,0.063948,0.007289,0,0.125242,0.136918,0.437406
2025-07-07,0,1,ok,0.2178140105660348,1.691814,0.75,0.570833,0.494048,0.58107,0.078564,0.009522,0,0.136093,0.144819,0.45226
2025-07-08,0,1,ok,0.2194171695791545,1.803029,0.75,0.572165,0.494124,0.63847,0.076375,0.009522,0,0.135453,0.150457,0.46286
2025-07-09,0,1,ok,0.2184685832823884,1.736229,0.5,0.556079,0.493205,0.607098,0.075774,0.009522,0,0.081166,0.120802,0.407107
2025-07-10,0,1,ok,0.218474096982139,1.661495,0.75,0.555668,0.493181,0.568744,0.07546,0.009522,0,0.079035,0.120504,0.406547
2025-07-11,0,1,ok,0.2172003813118132,1.669594,0.75,0.558215,0.493327,0.572349,0.071066,0.009522,0,0.085703,0.126394,0.41762
2025-07-14,0,1,ok,0.2171958470321921,1.704149,0.5,0.554205,0.493097,0.590989,0.070746,0.010511,0,0.080831,0.113634,0.393632
2025-07-15,0,1,ok,0.2167651470185412,1.699734,0.5,0.55989,0.493422,0.587515,0.072006,0.010511,0,0.099789,0.124255,0.413599
2025-07-16,0,1,ok,0.2163399166240202,1.667878,0.5,0.563815,0.493647,0.570226,0.068045,0.010511,0,0.101976,0.138345,0.440089
2025-07-17,0,1,ok,0.2177494627867811,1.635463,0.5,0.560822,0.493476,0.554173,0.04548,0.010511,0,0.092457,0.132467,0.429038
2025-07-18,0,1,ok,0.2185623591029173,1.65744,0.75,0.552918,0.493024,0.56727,0.050069,0.010511,0,0.076895,0.111008,0.388696
2025-07-21,0,1,ok,0.2187742802332233,1.627174,0.5,0.555448,0.493168,0.551143,0.042127,0.044656,0,0.081164,0.118316,0.402435
2025-07-22,0,1,ok,0.2195785261235881,1.75851,0.75,0.556569,0.493233,0.618463,0.046355,0.044656,0,0.079884,0.123524,0.412225
2025-07-23,0,1,ok,0.2188072415671169,1.692098,0.5,0.556913,0.493252,0.584217,0.073762,0.044656,0,0.079581,0.125063,0.415119
2025-07-24,0,1,ok,0.2190027706188232,1.713822,0.5,0.552899,0.493023,0.596232,0.073215,0.044656,0,0.07534,0.111896,0.390365
2025-07-25,0,1,ok,0.2191391955161036,1.61171,0.5,0.554223,0.493098,0.543478,0.073144,0.044656,0,0.078201,0.115334,0.396829
2025-07-28,0,1,ok,0.2188776522900652,1.621184,0.5,0.560696,0.493468,0.546839,0.073062,0.039351,0,0.089805,0.133617,0.431199
2025-07-29,0,1,ok,0.2192617993261104,1.649584,0.75,0.558971,0.49337,0.561874,0.090899,0.039351,0,0.084421,0.130163,0.424706
2025-07-30,0,1,ok,0.2193695003681252,1.66583,0.5,0.558728,0.493356,0.570297,0.09118,0.039351,0,0.080863,0.131414,0.427059
2025-07-31,0,1,ok,0.21728983199175,1.725874,0.75,0.565024,0.493716,0.59993,0.08969,0.039351,0,0.094037,0.148025,0.458288
2025-08-01,0,1,ok,0.2158959156893593,1.858706,0.75,0.579182,0.494525,0.666135,0.166943,0.039351,0,0.102694,0.198379,0.552953
2025-08-04,0,1,ok,0.2169433245968971,1.636206,0.5,0.575482,0.494313,0.551164,0.186208,0.027873,0,0.089435,0.192034,0.541024
2025-08-05,0,1,ok,0.2172808861100145,1.624966,0.75,0.571918,0.49411,0.546163,0.186642,0.027873,0,0.094063,0.17514,0.509263
2025-08-06,0,1,ok,0.2129051745623413,1.306728,0.5,0.569083,0.493948,0.382018,0.179775,0.027873,0,0.125424,0.144545,0.451745
2025-08-07,0,1,ok,0.2104102123532254,1.486385,0.5,0.561872,0.493536,0.477014,0.17887,0.027873,0,0.113876,0.123324,0.41185
2025-08-08,0,1,ok,0.2111610403443944,1.349593,0.5,0.564042,0.49366,0.405769,0.187944,0.027873,0,0.111424,0.133381,0.430757
2025-08-11,0,1,ok,0.2112342721922111,1.524954,0.75,0.562241,0.493557,0.496818,0.187298,0.026271,0,0.115017,0.124069,0.413251
2025-08-12,0,1,ok,0.2105662809548703,1.444409,0.5,0.563069,0.493604,0.455019,0.191004,0.026271,0,0.11226,0.129036,0.422588
2025-08-13,0,1,ok,0.210396626608714,1.559894,0.75,0.564087,0.493662,0.514386,0.190793,0.026271,0,0.115591,0.130976,0.426234
2025-08-14,0,1,ok,0.2112733561499704,1.54842,0.75,0.56505,0.493717,0.508215,0.189144,0.026271,0,0.121263,0.13125,0.42675
2025-08-15,0,1,ok,0.212588320087126,1.707122,0.75,0.564116,0.493664,0.590431,0.098868,0.026271,0,0.127101,0.123957,0.41304
2025-08-18,0,1,ok,0.2127851132668829,1.690031,0.75,0.564536,0.493688,0.581511,0.083144,0.040041,0,0.130584,0.123453,0.412091
2025-08-19,0,1,ok,0.2141122626388421,1.793358,0.75,0.56957,0.493975,0.633946,0.09362,0.040041,0,0.140488,0.137126,0.437797
2025-08-20,0,1,ok,0.214339523330235,1.764671,0.75,0.571091,0.494062,0.618785,0.092145,0.040041,0,0.14438,0.140698,0.444513
2025-08-21,0,1,ok,0.2139053897083438,1.763484,0.75,0.572095,0.49412,0.617971,0.092624,0.040041,0,0.144529,0.144555,0.451764
2025-08-22,0,1,ok,0.2157310027364585,1.461113,0.5,0.570153,0.494009,0.461674,0.091828,0.040041,0,0.146892,0.135448,0.434643
2025-08-25,0,1,ok,0.2160219966097189,1.449834,0.75,0.566268,0.493787,0.456923,0.09172,0.030486,0,0.134478,0.127854,0.420365
2025-08-26,0,1,ok,0.2164941552838817,1.369368,0.5,0.560438,0.493454,0.417068,0.073436,0.030486,0,0.119017,0.114494,0.395249
2025-08-27,0,1,ok,0.2154841617104649,1.501524,0.5,0.563727,0.493642,0.484331,0.073477,0.030486,0,0.1254,0.123481,0.412143
2025-08-28,0,1,ok,0.2135892705751833,1.391914,0.5,0.561155,0.493495,0.428481,0.071623,0.030486,0,0.115617,0.119422,0.404514
2025-08-29,0,1,ok,0.2146323267336597,1.529808,0.75,0.571769,0.494101,0.496849,0.075435,0.030486,0,0.143253,0.144062,0.450837
2025-09-01,0,1,ok,0.2144224839796885,1.52175,0.75,0.569676,0.493981,0.49322,0.075209,0.034164,0,0.137729,0.139252,0.441793
2025-09-02,0,1,ok,0.2168406151838572,1.650435,0.75,0.574085,0.494233,0.558877,0.067287,0.034164,0,0.147301,0.150671,0.463261
2025-09-03,0,1,ok,0.2114339844098706,1.440116,0.5,0.570413,0.494024,0.45072,0.064578,0.034164,0,0.136972,0.14262,0.448125
2025-09-04,0,1,ok,0.2114061369011569,1.336707,0.5,0.571216,0.49407,0.396877,0.066498,0.034164,0,0.141341,0.143075,0.448981
2025-09-05,0,1,ok,0.2113602767514829,1.249251,0.5,0.579777,0.494559,0.348644,0.056824,0.034164,0,0.164045,0.162692,0.485862
2025-09-08,0,1,ok,0.2113540571438071,1.294475,0.5,0.580953,0.494626,0.37181,0.05649,0.026228,0,0.165879,0.166184,0.492426
2025-09-09,0,1,ok,0.2113641465193005,1.367022,0.5,0.580776,0.494616,0.409669,0.062646,0.026228,0,0.166775,0.164931,0.490071
2025-09-10,0,1,ok,0.2113695026616349,1.334993,0.75,0.577797,0.494446,0.393921,0.062564,0.026228,0,0.157871,0.158726,0.478405
2025-09-11,0,1,ok,0.2113690722625289,1.295525,0.5,0.570006,0.494,0.375918,0.071959,0.026228,0,0.140331,0.138936,0.441199
2025-09-12,0,1,ok,0.2113745912691246,1.2715,0.5,0.572989,0.494171,0.362484,0.067454,0.026228,0,0.14716,0.146443,0.455313
2025-09-15,0,1,ok,0.2114013921146947,1.211923,0.5,0.568396,0.493908,0.333157,0.068748,0.023652,0,0.142981,0.130959,0.426203
2025-09-16,0,1,ok,0.2113888309374219,1.29442,0.75,0.571986,0.494113,0.374704,0.064209,0.023652,0,0.148642,0.141579,0.446168
2025-09-17,0,1,ok,0.2113787020476602,1.364961,0.75,0.571122,0.494064,0.411555,0.064195,0.023652,0,0.1451,0.140371,0.443898
2025-09-18,0,1,ok,0.2114013084110094,1.403731,0.5,0.569417,0.493967,0.432156,0.071926,0.023652,0,0.143916,0.134396,0.432665
2025-09-19,0,1,ok,0.2113802172529593,1.370489,0.5,0.566076,0.493776,0.415948,0.051327,0.023652,0,0.138518,0.124596,0.414241
2025-09-22,0,1,ok,0.2114099072986121,1.332524,0.5,0.571957,0.494112,0.394476,0.050199,0.029359,0,0.155449,0.137246,0.438023
2025-09-23,0,1,ok,0.2113987039842934,1.49637,0.75,0.565085,0.493719,0.481305,0.076474,0.029359,0,0.129962,0.125997,0.416874
2025-09-24,0,1,ok,0.2114150334460587,1.610561,0.75,0.568883,0.493936,0.539417,0.077268,0.029359,0,0.143344,0.132651,0.429384
2025-09-25,0,1,ok,0.2114109592820305,1.712759,0.75,0.568185,0.493896,0.592487,0.0767,0.029359,0,0.138806,0.132716,0.429505
2025-09-26,0,1,ok,0.2113946939073464,1.60268,0.5,0.561831,0.493533,0.537027,0.080652,0.029359,0,0.125338,0.116059,0.398191
2025-09-29,0,1,ok,0.2113994752824544,1.524323,0.5,0.564471,0.493684,0.495912,0.080424,0.034436,0,0.12996,0.123582,0.412334
2025-09-30,0,1,ok,0.2114023125798841,1.457927,0.5,0.564601,0.493691,0.461572,0.079186,0.034436,0,0.127768,0.125451,0.415848
2025-10-01,0,0,high_risk_veto,0.3856277235928097,1.450154,0.5,0.561976,0.493542,0.45829,0.07956,0.034436,0,0.130333,0.113534,0.393445
2025-10-02,0,0,high_risk_veto,0.4016507042061392,1.461103,0.5,0.560917,0.493481,0.464233,0.07212,0.034436,0,0.118293,0.116829,0.399639
2025-10-03,0,0,high_risk_veto,0.3907653067924886,1.535919,0.75,0.574045,0.494231,0.499427,0.068988,0.034436,0,0.150583,0.148476,0.459134
2025-10-06,0,0,high_risk_veto,0.3957754945204978,1.531724,0.5,0.563507,0.493629,0.499984,0.068529,0.0,0,0.122133,0.124642,0.414327
2025-10-07,0,0,high_risk_veto,0.4093264863719995,1.617542,0.75,0.571177,0.494067,0.542489,0.061773,0.0,0,0.143789,0.141403,0.445838
2025-10-08,0,0,high_risk_veto,0.4073421294688969,1.472135,0.5,0.562939,0.493597,0.469369,0.065026,0.0,0,0.124599,0.120877,0.407248
2025-10-09,0,0,high_risk_veto,0.4084230745377982,1.548154,0.75,0.562507,0.493572,0.508723,0.063954,0.0,0,0.123184,0.120053,0.4057
2025-10-10,0,0,high_risk_veto,0.3703394599301154,1.802621,0.75,0.591227,0.495213,0.634645,0.183168,0.0,0,0.187485,0.193226,0.543264
2025-10-13,0,0,high_risk_veto,0.3428561182146089,1.654489,0.5,0.593713,0.495355,0.556462,0.201904,0.0,0,0.176267,0.209959,0.574723
2025-10-14,0,0,high_risk_veto,0.3648372630277192,1.668111,0.75,0.587314,0.494989,0.565068,0.200413,0.0,0,0.176286,0.184767,0.527362
2025-10-15,0,0,high_risk_veto,0.3548978953523425,1.268912,0.5,0.577059,0.494403,0.359789,0.203565,0.0,0,0.14785,0.162034,0.484624
2025-10-16,0,0,high_risk_veto,0.3849463480878655,1.528113,0.75,0.589738,0.495128,0.491229,0.209525,0.0,0,0.181719,0.190939,0.538965
2025-10-17,0,0,high_risk_veto,0.3744360659404088,1.412652,0.5,0.576512,0.494372,0.4347,0.214017,0.0,0,0.139102,0.165303,0.49077
2025-10-20,0,0,high_risk_veto,0.3881043183168809,1.368759,0.5,0.564617,0.493692,0.415495,0.217398,0.0,0,0.129773,0.124274,0.413635
2025-10-21,0,0,high_risk_veto,0.3844548633714202,1.363583,0.75,0.567715,0.493869,0.411879,0.21595,0.0,0,0.128704,0.137129,0.437802
2025-10-22,0,0,high_risk_veto,0.4036455712205876,1.52242,0.75,0.568608,0.49392,0.493847,0.213446,0.0,0,0.131994,0.138603,0.440574
2025-10-23,0,0,high_risk_veto,0.3787117885740891,1.568749,0.5,0.570043,0.494002,0.517476,0.220591,0.0,0,0.130744,0.145024,0.452645
2025-10-24,0,0,high_risk_veto,0.4072407242202145,1.458194,0.5,0.557994,0.493314,0.463541,0.128823,0.0,0,0.10953,0.110757,0.388223
2025-10-27,0,0,high_risk_veto,0.3849028611194173,1.223444,0.5,0.566881,0.493822,0.339639,0.122778,0.0,0,0.141199,0.126102,0.417072
2025-10-28,0,0,high_risk_veto,0.3855158338273539,1.250184,0.5,0.564939,0.493711,0.35412,0.11722,0.0,0,0.145819,0.115596,0.39732
2025-10-29,0,1,ok,0.213790539471791,1.332514,0.5,0.565334,0.493733,0.396544,0.118135,0.0,0,0.14374,0.118437,0.402661
2025-10-30,0,1,ok,0.2131650961188224,1.665706,0.75,0.557612,0.493292,0.57048,0.11132,0.0,0,0.113147,0.107011,0.381181
2025-10-31,0,1,ok,0.2134136298684507,1.694603,0.5,0.562788,0.493588,0.584249,0.109653,0.0,0,0.12213,0.121812,0.409007
2025-11-03,0,1,ok,0.2133831714955282,1.68467,0.5,0.561722,0.493527,0.579354,0.104565,0.037852,0,0.122428,0.117432,0.400772
2025-11-04,0,1,ok,0.2131817730852938,1.70432,0.75,0.565536,0.493745,0.588682,0.129189,0.037852,0,0.125429,0.130581,0.425493
2025-11-05,0,1,ok,0.2128719925197723,1.687077,0.5,0.563272,0.493616,0.58026,0.126827,0.037852,0,0.123166,0.123074,0.411379
2025-11-06,0,1,ok,0.2127778813488071,1.890616,0.75,0.565538,0.493745,0.684985,0.151301,0.037852,0,0.12823,0.128853,0.422244
2025-11-07,0,1,ok,0.2127554769010164,1.697268,0.75,0.565507,0.493743,0.585043,0.146211,0.037852,0,0.123441,0.1317,0.427597
2025-11-10,0,1,ok,0.2125179306913927,1.507218,0.5,0.56215,0.493551,0.487689,0.159123,0.027573,0,0.120155,0.120528,0.406592
2025-11-11,0,1,ok,0.2129416435029909,1.335607,0.75,0.561176,0.493496,0.399433,0.158888,0.027573,0,0.122614,0.11517,0.39652
2025-11-12,0,1,ok,0.2127916432124401,1.30407,0.75,0.560402,0.493452,0.383413,0.154054,0.027573,0,0.116463,0.115936,0.39796
2025-11-13,0,1,ok,0.2128005694086093,1.706719,0.75,0.56818,0.493896,0.589361,0.161915,0.027573,0,0.130512,0.137837,0.439133
2025-11-14,0,1,ok,0.2120684608205184,1.648906,0.5,0.566487,0.493799,0.55982,0.161317,0.027573,0,0.124209,0.135079,0.433949
2025-11-17,0,1,ok,0.2120592814885769,1.706328,0.75,0.580639,0.494608,0.586491,0.165855,0.030527,0,0.160291,0.168411,0.496612
2025-11-18,0,1,ok,0.2123271098687229,1.601586,0.75,0.583999,0.4948,0.531099,0.161331,0.030527,0,0.144607,0.191354,0.539746
2025-11-19,0,1,ok,0.2121506501374435,1.528611,0.5,0.58053,0.494602,0.493928,0.156114,0.030527,0,0.153526,0.172174,0.503686
2025-11-20,0,1,ok,0.2120113697961673,1.639256,0.75,0.582779,0.49473,0.551046,0.160766,0.030527,0,0.1455,0.185999,0.529679
2025-11-21,0,1,ok,0.2134940323333078,1.393962,0.5,0.577171,0.49441,0.424786,0.16711,0.030527,0,0.153998,0.158662,0.478284
2025-11-24,0,1,ok,0.2131965163427647,1.187461,0.5,0.571142,0.494065,0.319526,0.156411,0.017618,0,0.134531,0.147001,0.456362
2025-11-25,0,1,ok,0.2146636454808078,0.912698,0.5,0.581062,0.494632,0.172823,0.163283,0.017618,0,0.164861,0.167241,0.494413
2025-11-26,0,1,ok,0.2190817080554276,0.94587,0.5,0.582963,0.494741,0.189306,0.167976,0.017618,0,0.177543,0.166864,0.493704
2025-11-27,0,1,ok,0.2081446882879994,1.224803,0.75,0.579246,0.494528,0.336095,0.153599,0.017618,0,0.165847,0.159485,0.479833
2025-11-28,0,1,ok,0.2039039757895164,1.23822,0.5,0.575058,0.494289,0.34451,0.157838,0.017618,0,0.171224,0.139671,0.442581
2025-12-01,0,1,ok,0.2061312591163789,1.40011,0.75,0.560648,0.493466,0.432857,0.145143,0.025471,0,0.130444,0.108239,0.383489
2025-12-02,0,1,ok,0.2107819843072321,1.379541,0.5,0.552283,0.492988,0.424732,0.130205,0.025471,0,0.100635,0.093795,0.356335
2025-12-03,0,1,ok,0.2180401225862195,1.482773,0.5,0.557858,0.493306,0.476235,0.130072,0.025471,0,0.114349,0.107235,0.381602
2025-12-04,0,1,ok,0.2095559515691835,1.487465,0.75,0.563868,0.49365,0.477032,0.06526,0.025471,0,0.136898,0.116909,0.399789
2025-12-05,0,1,ok,0.2177631902993261,1.547412,0.5,0.564201,0.493669,0.50791,0.064431,0.025471,0,0.140154,0.116202,0.398461
2025-12-08,0,1,ok,0.203931903748097,1.609583,0.75,0.556668,0.493238,0.541809,0.047082,0.054935,0,0.120957,0.098453,0.365091
2025-12-09,0,1,ok,0.2048708793417698,1.61218,0.5,0.564491,0.493685,0.541299,0.04348,0.054935,0,0.141565,0.116468,0.398959
2025-12-10,0,1,ok,0.2068397065480753,1.624426,0.5,0.562194,0.493554,0.548162,0.038864,0.054935,0,0.134801,0.111622,0.389849
2025-12-11,0,1,ok,0.2068291554016931,1.634594,0.75,0.563251,0.493614,0.553166,0.037024,0.054935,0,0.133598,0.116527,0.399071
2025-12-12,0,1,ok,0.2138095546040724,1.805795,0.75,0.56616,0.493781,0.641022,0.055866,0.054935,0,0.139189,0.124509,0.414077
2025-12-15,0,1,ok,0.2127063524545815,1.837318,0.75,0.56198,0.493542,0.658062,0.057992,0.049451,0,0.126878,0.115691,0.397498
2025-12-16,0,1,ok,0.2124511054003857,1.742809,0.5,0.564614,0.493692,0.608765,0.06547,0.049451,0,0.132052,0.12285,0.410959
2025-12-17,0,1,ok,0.2197410647814029,1.707439,0.75,0.568719,0.493927,0.589619,0.083687,0.049451,0,0.133864,0.137881,0.439216
2025-12-18,0,1,ok,0.2352618070369261,1.509608,0.5,0.569445,0.493968,0.486991,0.085577,0.049451,0,0.143477,0.134779,0.433385
2025-12-19,0,1,ok,0.2117899099062049,1.408654,0.5,0.568318,0.493904,0.435028,0.103565,0.049451,0,0.141538,0.131545,0.427304
2025-12-22,0,1,ok,0.2108388936506285,1.199341,0.5,0.570705,0.49404,0.325837,0.110754,0.020271,0,0.150358,0.135471,0.434686
2025-12-23,0,1,ok,0.2137404575350645,1.30484,0.5,0.566954,0.493826,0.381722,0.113372,0.020271,0,0.142048,0.12586,0.416617
2025-12-24,0,1,ok,0.2125145065141356,1.396058,0.5,0.555789,0.493188,0.43219,0.112515,0.020271,0,0.112452,0.100265,0.368499
2025-12-25,0,1,ok,0.2127991024256562,1.431422,0.75,0.555759,0.493186,0.450388,0.112033,0.020271,0,0.111215,0.100917,0.369724
2025-12-26,0,1,ok,0.2123751466530322,1.474512,0.75,0.559238,0.493385,0.471605,0.102301,0.020271,0,0.126394,0.105197,0.37777
2025-12-29,0,1,ok,0.2129012610305554,1.546397,0.75,0.556243,0.493214,0.509402,0.105548,0.043248,0,0.113808,0.101213,0.370281
2025-12-30,0,1,ok,0.2128990514919403,1.561007,0.75,0.558141,0.493322,0.516446,0.099927,0.043248,0,0.116288,0.107144,0.381431
2025-12-31,0,1,ok,0.2130789674556013,1.641568,0.75,0.565377,0.493736,0.55628,0.080832,0.043248,0,0.13891,0.121602,0.408612
2026-01-01,0,1,ok,0.2129334085190636,1.588852,0.75,0.567403,0.493852,0.528537,0.079437,0.043248,0,0.145347,0.125585,0.416101
2026-01-02,0,1,ok,0.2135700417833638,1.577172,0.75,0.565781,0.493759,0.522894,0.059239,0.043248,0,0.138631,0.123362,0.411921
2026-01-05,0,1,ok,0.2131953319070696,1.410797,0.5,0.563698,0.49364,0.437483,0.049491,0.033607,0,0.134926,0.117464,0.400832
2026-01-06,0,1,ok,0.2133095002549988,1.356494,0.5,0.558662,0.493352,0.41097,0.054208,0.033607,0,0.12208,0.105605,0.378538
2026-01-07,0,1,ok,0.2128747009824341,1.367744,0.5,0.566122,0.493778,0.414515,0.060541,0.033607,0,0.139056,0.124444,0.413954
2026-01-08,0,1,ok,0.2129382085927775,1.543949,0.75,0.568247,0.4939,0.505086,0.062488,0.033607,0,0.14877,0.126785,0.418357
2026-01-09,0,1,ok,0.212426859831333,1.544796,0.5,0.570061,0.494004,0.50506,0.067904,0.033607,0,0.161334,0.126137,0.417137
2026-01-12,0,1,ok,0.2130112038707953,1.559378,0.5,0.568927,0.493939,0.512902,0.060567,0.037301,0,0.15191,0.127515,0.419728
2026-01-13,0,1,ok,0.2124398097844647,1.531293,0.75,0.572979,0.49417,0.497303,0.064716,0.037301,0,0.16083,0.137932,0.439312
2026-01-14,0,1,ok,0.2128998707459214,1.738331,0.75,0.560342,0.493448,0.607318,0.072542,0.037301,0,0.116206,0.11586,0.397816
2026-01-15,0,1,ok,0.2128147970645127,1.713224,0.5,0.563637,0.493636,0.593684,0.074762,0.037301,0,0.127602,0.12176,0.408909
2026-01-16,0,1,ok,0.2128224520092671,1.714861,0.75,0.56733,0.493847,0.593754,0.07494,0.037301,0,0.146021,0.12488,0.414774
2026-01-19,0,1,ok,0.2129922796495174,1.623806,0.75,0.568168,0.493895,0.546444,0.074154,0.038178,0,0.148439,0.126679,0.418156
2026-01-20,0,1,ok,0.2130271591042858,1.912201,0.75,0.570949,0.494054,0.695291,0.108604,0.038178,0,0.137684,0.144288,0.451261
2026-01-21,0,1,ok,0.2064443909890643,1.794918,0.5,0.565543,0.493745,0.635515,0.11703,0.038178,0,0.152304,0.11395,0.394226
2026-01-22,0,1,ok,0.2064514906946802,1.756724,0.5,0.564705,0.493697,0.615937,0.119272,0.038178,0,0.148062,0.113285,0.392975
2026-01-23,0,1,ok,0.2064566940641198,1.517819,0.5,0.574198,0.49424,0.489988,0.115808,0.038178,0,0.170381,0.136808,0.437199
2026-01-26,0,1,ok,0.2064549203887777,1.601662,0.5,0.571795,0.494103,0.534107,0.116506,0.032579,0,0.160599,0.133413,0.430817
2026-01-27,0,1,ok,0.2064591051535594,1.582387,0.5,0.568236,0.493899,0.524987,0.118136,0.032579,0,0.148399,0.126971,0.418706
2026-01-28,0,1,ok,0.2064550079926145,1.592233,0.5,0.564199,0.493669,0.531064,0.110495,0.032579,0,0.144625,0.113421,0.393232
2026-01-29,0,1,ok,0.2064535472087637,1.711899,0.75,0.569012,0.493944,0.591866,0.110825,0.032579,0,0.152381,0.127554,0.419802
2026-01-30,0,1,ok,0.2064375890669601,1.88764,0.75,0.57424,0.494242,0.682016,0.110936,0.032579,0,0.165622,0.139924,0.443057
2026-02-02,0,1,ok,0.2064376508988178,1.806927,0.5,0.569055,0.493946,0.641071,0.116959,0.03944,0,0.151683,0.128157,0.420935
2026-02-03,0,1,ok,0.2064376406096434,1.853473,0.75,0.58041,0.494595,0.663195,0.090251,0.03944,0,0.187474,0.15066,0.46324
2026-02-04,0,1,ok,0.2064445675354752,1.859371,0.75,0.57578,0.49433,0.667071,0.085122,0.03944,0,0.162974,0.147625,0.457534
2026-02-05,0,1,ok,0.2064540886850326,1.997581,0.75,0.587626,0.495007,0.73728,0.119922,0.03944,0,0.189911,0.17755,0.513794
2026-02-06,0,1,ok,0.2064477970414434,1.562886,0.5,0.579133,0.494522,0.51214,0.16189,0.03944,0,0.165416,0.159308,0.479499
2026-02-09,0,1,ok,0.2064455867338509,1.297928,0.5,0.566217,0.493784,0.378383,0.16249,0.020918,0,0.148488,0.118971,0.403666
2026-02-10,0,1,ok,0.2064651056147374,1.209224,0.75,0.576542,0.494374,0.328929,0.162919,0.020918,0,0.165883,0.148822,0.459785
2026-02-11,0,1,ok,0.2064583917319402,1.431435,0.5,0.567404,0.493852,0.447083,0.163924,0.020918,0,0.143033,0.127023,0.418804
2026-02-12,0,1,ok,0.2064624090089862,1.708456,0.75,0.576072,0.494347,0.588579,0.193929,0.020918,0,0.162505,0.149064,0.460241
2026-02-13,0,1,ok,0.2064634350974905,1.642612,0.5,0.577926,0.494453,0.553925,0.193914,0.020918,0,0.162419,0.156415,0.47406
2026-02-16,0,1,ok,0.206460268197945,1.650787,0.75,0.578948,0.494511,0.557944,0.186089,0.027867,0,0.165501,0.158525,0.478026
2026-02-17,0,1,ok,0.2064541911808563,1.437765,0.75,0.577801,0.494446,0.447386,0.185048,0.027867,0,0.170386,0.150984,0.46385
2026-02-18,0,1,ok,0.2001844466542669,1.37801,0.5,0.570449,0.494026,0.418523,0.190753,0.027867,0,0.145024,0.13777,0.439008
2026-02-19,0,1,ok,0.1993849932140491,1.40847,0.75,0.579625,0.49455,0.431606,0.167296,0.027867,0,0.178683,0.153021,0.46768
2026-02-20,0,1,ok,0.197408270169708,1.323238,0.5,0.568276,0.493901,0.390823,0.136165,0.027867,0,0.143423,0.130213,0.4248
2026-02-23,0,1,ok,0.1990999676939993,1.503937,0.75,0.584122,0.494807,0.480101,0.145091,0.025962,0,0.185998,0.166184,0.492426
2026-02-24,0,1,ok,0.1979938815624014,1.343286,0.5,0.563703,0.49364,0.402615,0.151967,0.025962,0,0.128108,0.121708,0.408811
2026-02-25,0,1,ok,0.1922572314864686,1.294788,0.5,0.562385,0.493565,0.377992,0.160421,0.025962,0,0.125497,0.118139,0.402101
2026-02-26,0,1,ok,0.1891140589322552,1.312998,0.75,0.576629,0.494379,0.382854,0.121058,0.025962,0,0.173228,0.144609,0.451865
2026-02-27,0,1,ok,0.1914403715181473,1.466389,0.75,0.573856,0.49422,0.463378,0.128285,0.025962,0,0.16186,0.140745,0.444601
2026-03-02,0,1,ok,0.196952698279028,1.604711,0.5,0.580684,0.49461,0.533538,0.132443,0.030192,0,0.162562,0.167179,0.494297
2026-03-03,0,1,ok,0.1992109724649564,1.585924,0.75,0.588996,0.495086,0.521678,0.138286,0.030192,0,0.191649,0.181864,0.521904
2026-03-04,0,1,ok,0.1878530838959757,1.434408,0.5,0.572968,0.49417,0.447029,0.141822,0.030192,0,0.146039,0.147057,0.456467
2026-03-05,0,1,ok,0.1963074718257416,1.505323,0.75,0.593283,0.49533,0.47833,0.141161,0.030192,0,0.194189,0.19716,0.55066
2026-03-06,0,1,ok,0.1903530672225369,1.580555,0.75,0.588258,0.495043,0.519054,0.147904,0.030192,0,0.177998,0.187421,0.532351
2026-03-09,0,1,ok,0.1992938746660911,1.594665,0.5,0.576216,0.494355,0.529399,0.13676,0.030114,0,0.154689,0.154476,0.470416
2026-03-10,0,1,ok,0.2066437559319383,1.563317,0.75,0.580628,0.494607,0.511985,0.130517,0.030114,0,0.158737,0.16933,0.498339
2026-03-11,0,1,ok,0.2072538285143453,1.428488,0.75,0.575714,0.494326,0.443164,0.121054,0.030114,0,0.150276,0.155235,0.471841
2026-03-12,0,1,ok,0.2016068995901773,1.745094,0.75,0.584599,0.494834,0.605876,0.128668,0.030114,0,0.178842,0.172495,0.504291
2026-03-13,0,1,ok,0.1992223376373192,1.802348,0.75,0.57407,0.494233,0.637759,0.124172,0.030114,0,0.148254,0.150018,0.462034
2026-03-16,0,1,ok,0.1996528870467822,1.666727,0.5,0.56848,0.493913,0.568592,0.122624,0.034519,0,0.136757,0.135148,0.434078
2026-03-17,0,1,ok,0.1978560349689235,1.458251,0.5,0.566585,0.493805,0.461187,0.117853,0.034519,0,0.13642,0.127898,0.420448
2026-03-18,0,1,ok,0.1958467785404248,1.568525,0.75,0.575049,0.494289,0.516105,0.111418,0.034519,0,0.171635,0.139382,0.442038
2026-03-19,0,1,ok,0.198648564463941,1.753956,0.75,0.572006,0.494115,0.613046,0.111417,0.034519,0,0.15323,0.138814,0.44097
2026-03-20,0,1,ok,0.2033682273274223,1.99286,0.75,0.576108,0.494349,0.736399,0.097596,0.034519,0,0.18038,0.138129,0.439683
2026-03-23,0,1,ok,0.2057890818225671,1.715077,0.5,0.575763,0.494329,0.592086,0.102421,0.037023,0,0.167389,0.144823,0.452267
2026-03-24,0,1,ok,0.2013260729960241,1.735832,0.75,0.58115,0.494637,0.601757,0.101463,0.037023,0,0.184494,0.155421,0.472192
2026-03-25,0,1,ok,0.2007399739698231,1.466578,0.5,0.57794,0.494454,0.462336,0.098089,0.037023,0,0.178099,0.146752,0.455893
2026-03-26,0,1,ok,0.2041098559617256,1.831762,0.75,0.585403,0.49488,0.650977,0.091573,0.037023,0,0.191302,0.167938,0.495723
2026-03-27,0,1,ok,0.1996437982541513,1.94404,0.75,0.583597,0.494777,0.709894,0.1202,0.037023,0,0.190029,0.161618,0.483841
2026-03-30,0,1,ok,0.1911609741075371,2.035243,0.75,0.585463,0.494884,0.757248,0.115266,0.010577,0,0.194513,0.166183,0.492424
2026-03-31,0,1,ok,0.2000159063747312,1.397514,0.5,0.595756,0.495472,0.421038,0.193893,0.010577,0,0.221146,0.190184,0.537546
2026-04-01,0,1,ok,0.1962335684451409,1.072731,0.5,0.579935,0.494568,0.256656,0.196295,0.010577,0,0.190386,0.146985,0.456331
2026-04-02,0,1,ok,0.1947540007707837,1.038328,0.5,0.599519,0.495687,0.230894,0.19596,0.010577,1,0.258639,0.181751,0.521692
2026-04-03,0,1,ok,0.1927221548670281,1.42383,0.75,0.589074,0.49509,0.436833,0.193587,0.010577,0,0.221212,0.163847,0.488032
2026-04-06,0,1,ok,0.1986832796509886,1.516096,0.5,0.591643,0.495237,0.484424,0.193007,0.013621,0,0.226877,0.170444,0.500435
2026-04-07,0,1,ok,0.1960271335502395,1.531206,0.75,0.587679,0.49501,0.493394,0.193346,0.013621,0,0.210539,0.16497,0.490143
2026-04-08,0,1,ok,0.1967479821240314,1.249523,0.5,0.568152,0.493894,0.352704,0.224051,0.013621,0,0.151022,0.125013,0.415025
2026-04-09,0,1,ok,0.1977653025194328,1.250129,0.5,0.558652,0.493352,0.356184,0.213783,0.013621,0,0.135763,0.097085,0.362521
2026-04-10,0,1,ok,0.2065817777369932,1.252207,0.5,0.565941,0.493768,0.354832,0.179796,0.013621,0,0.147308,0.118616,0.402998
2026-04-13,0,1,ok,0.20517515029163,1.45312,0.5,0.561643,0.493522,0.459914,0.154766,0.026329,0,0.128252,0.113512,0.393403
2026-04-14,0,1,ok,0.1881824059291149,1.346116,0.5,0.569493,0.493971,0.40229,0.115183,0.026329,0,0.168167,0.119665,0.404969
2026-04-15,0,1,ok,0.195940564856875,1.253919,0.5,0.551784,0.492959,0.360399,0.116335,0.026329,0,0.074304,0.108149,0.38332
2026-04-16,0,1,ok,0.1943573170903818,1.366741,0.5,0.555883,0.493193,0.417083,0.110113,0.026329,0,0.083163,0.11879,0.403325
2026-04-17,0,1,ok,0.1893844344363056,1.460726,0.5,0.556605,0.493235,0.465228,0.103896,0.026329,0,0.08185,0.122446,0.410198
2026-04-20,0,1,ok,0.1961758399962558,1.669781,0.75,0.548044,0.492745,0.574674,0.111777,0.049776,0,0.058668,0.103123,0.373871
2026-04-21,0,1,ok,0.1986221073183433,1.787584,0.75,0.551932,0.492968,0.634296,0.112417,0.049776,0,0.05972,0.117771,0.40141
2026-04-22,0,1,ok,0.1849754432402181,1.785547,0.5,0.55417,0.493095,0.632829,0.0698,0.049776,0,0.070751,0.119745,0.40512
2026-04-23,0,1,ok,0.2019826561591338,1.844181,0.75,0.561956,0.49354,0.661608,0.07877,0.049776,0,0.083021,0.142781,0.448429
2026-04-24,0,1,ok,0.1842041613354283,1.645579,0.5,0.552394,0.492994,0.561297,0.07707,0.049776,0,0.067858,0.114547,0.395349
2026-04-27,0,1,ok,0.1860652420141634,1.847672,0.75,0.550581,0.49289,0.665373,0.075399,0.049199,0,0.063251,0.110266,0.387301
2026-04-28,0,1,ok,0.2014008128469825,1.896235,0.75,0.565005,0.493715,0.687976,0.081212,0.049199,0,0.090039,0.15043,0.462808
2026-04-29,0,1,ok,0.1902325709533984,2.032856,0.5,0.55326,0.493043,0.760038,0.071901,0.049199,0,0.069482,0.11695,0.399866
2026-04-30,0,1,ok,0.2056493481759289,1.956249,0.5,0.558929,0.493367,0.719871,0.076446,0.049199,0,0.08361,0.130503,0.425345
2026-05-01,0,1,ok,0.208206863002139,1.813725,0.5,0.554762,0.493129,0.647203,0.073277,0.049199,0,0.051148,0.134224,0.432342
2026-05-04,0,1,ok,0.1899105009550817,1.941404,0.75,0.553588,0.493062,0.713012,0.072123,0.052723,0,0.072018,0.116667,0.399334
2026-05-05,0,1,ok,0.2151194685013447,1.95643,0.5,0.543648,0.492494,0.722151,0.069171,0.052723,0,0.041817,0.09627,0.360987
2026-05-06,0,1,ok,0.1895527687032066,1.885856,0.5,0.55617,0.49321,0.684055,0.06879,0.052723,0,0.077892,0.123186,0.41159
2026-05-07,0,1,ok,0.1800740837055542,1.922317,0.75,0.544941,0.492568,0.704519,0.064022,0.052723,0,0.057315,0.091751,0.352493
2026-05-08,0,1,ok,0.1864180758106066,1.898746,0.5,0.54748,0.492713,0.692062,0.063652,0.052723,0,0.059784,0.100213,0.368401
2026-05-11,0,1,ok,0.1952833253011298,2.160574,0.5,0.551742,0.492957,0.82578,0.064446,0.062941,0,0.068163,0.11179,0.390166
2026-05-12,0,1,ok,0.1798524394581158,2.27606,0.75,0.556238,0.493214,0.88479,0.049576,0.062941,0,0.078423,0.123128,0.411481
2026-05-13,0,1,ok,0.1889870607092945,2.383583,0.5,0.567285,0.493845,0.939765,0.049908,0.062941,0,0.122219,0.139455,0.442176
2026-05-14,0,1,ok,0.1898883979000093,2.295287,0.5,0.553628,0.493064,0.894823,0.05123,0.062941,0,0.090757,0.105209,0.377792
2026-05-15,0,1,ok,0.1920300095197734,2.355383,0.75,0.56172,0.493527,0.925389,0.066608,0.062941,0,0.106148,0.127517,0.419732
2026-05-18,0,1,ok,0.1994446909111669,2.497407,0.75,0.561382,0.493508,0.998663,0.067309,0.072994,0,0.111546,0.122838,0.410935
2026-05-19,0,1,ok,0.1978364371306209,2.641736,0.75,0.556022,0.493201,1.0,0.072416,0.072994,0,0.097106,0.110697,0.388111
2026-05-20,0,1,ok,0.1984419204267895,2.335167,0.5,0.558734,0.493356,0.91509,0.06424,0.072994,0,0.103592,0.11735,0.400618
2026-05-21,0,1,ok,0.2000218956855402,2.309985,0.5,0.551149,0.492923,0.902499,0.063171,0.072994,0,0.084669,0.099227,0.366546
2026-05-22,0,1,ok,0.2066747602614803,2.244751,0.5,0.552311,0.492989,0.868948,0.061069,0.072994,0,0.069924,0.112941,0.392328
2026-05-25,0,1,ok,0.1980727421023109,2.437236,0.75,0.551101,0.49292,0.967795,0.058969,0.096792,0,0.082461,0.100406,0.368764
2026-05-26,0,1,ok,0.195853854171485,2.32926,0.5,0.555676,0.493181,0.912185,0.058991,0.096792,0,0.095624,0.110253,0.387276
2026-05-27,0,1,ok,0.1973355989894366,2.427569,0.75,0.548605,0.492777,0.962883,0.055776,0.096792,0,0.078988,0.092738,0.354347
2026-05-28,0,1,ok,0.194851206771714,2.382991,0.5,0.551854,0.492963,0.939938,0.041145,0.096792,0,0.090148,0.098607,0.365381
2026-05-29,0,1,ok,0.1947996865196771,2.53615,0.5,0.544672,0.492553,1.0,0.031541,0.096792,0,0.075213,0.079599,0.329646
2026-06-01,0,1,ok,0.1938979281203885,2.489824,0.5,0.545001,0.492572,0.994795,0.034062,0.111084,0,0.073799,0.081771,0.33373
2026-06-02,0,1,ok,0.2007863897570587,2.576933,0.5,0.55525,0.493157,1.0,0.026149,0.111084,0,0.099841,0.105962,0.379209
2026-06-03,0,1,ok,0.199690216819774,2.712551,0.75,0.54742,0.49271,1.0,0.039668,0.111084,0,0.079648,0.087664,0.344808
2026-06-04,0,1,ok,0.1980082469382786,2.841217,0.75,0.552206,0.492983,1.0,0.040391,0.111084,0,0.088393,0.101077,0.370025
2026-06-05,0,1,ok,0.194159618865327,3.28132,0.75,0.574103,0.494234,1.0,0.117113,0.111084,0,0.113924,0.171427,0.502283
2026-06-08,0,1,ok,0.198379824697671,3.018579,0.5,0.558816,0.493361,1.0,0.119429,0.063338,0,0.092359,0.124634,0.414313
2026-06-09,0,1,ok,0.1973700961583683,3.03475,0.75,0.568265,0.493901,1.0,0.120396,0.063338,0,0.116117,0.147093,0.456535
2026-06-10,0,1,ok,0.2093898380943322,2.777099,0.75,0.570715,0.494041,1.0,0.137174,0.063338,0,0.109317,0.16095,0.482587
2026-06-11,0,1,ok,0.1899426939337838,2.617471,0.5,0.569385,0.493965,1.0,0.148667,0.063338,0,0.139829,0.136805,0.437193
2026-06-12,0,1,ok,0.1815020943270169,2.502556,0.5,0.558806,0.49336,1.0,0.155628,0.063338,0,0.113469,0.111509,0.389636
2026-06-15,0,1,ok,0.1781793767408161,2.090609,0.5,0.561337,0.493505,0.788828,0.178485,0.042703,0,0.130599,0.110853,0.388404
2026-06-16,0,1,ok,0.1809229683342116,2.643477,0.75,0.559399,0.493394,1.0,0.182475,0.042703,0,0.119607,0.110039,0.386874
2026-06-17,0,1,ok,0.1840937640962281,2.796333,0.75,0.563464,0.493627,1.0,0.183936,0.042703,0,0.118648,0.126632,0.418068
2026-06-18,0,1,ok,0.1722636477221809,2.861955,0.5,0.561196,0.493497,1.0,0.187149,0.042703,0,0.125477,0.113474,0.393331
2026-06-19,0,1,ok,0.1788576867063755,2.724934,0.75,0.565428,0.493739,1.0,0.152114,0.042703,0,0.135643,0.123826,0.412794
2026-06-22,0,1,ok,0.1837638224258181,2.725319,0.75,0.572639,0.494151,1.0,0.151303,0.055539,0,0.151966,0.142086,0.447122
2026-06-23,0,1,ok,0.2063420313172067,3.288886,0.75,0.570714,0.494041,1.0,0.169601,0.055539,0,0.163291,0.12749,0.419681
2026-06-24,0,1,ok,0.1846734885987037,3.251395,0.75,0.568522,0.493916,1.0,0.155521,0.055539,0,0.145341,0.129992,0.424384
2026-06-25,0,1,ok,0.1814106102123209,3.089424,0.5,0.573761,0.494215,1.0,0.146172,0.055539,0,0.142348,0.152463,0.466631
2026-06-26,0,1,ok,0.1893584775605217,2.853731,0.75,0.571657,0.494095,1.0,0.142368,0.055539,0,0.15799,0.13449,0.432842
2026-06-29,0,1,ok,0.1850273108111108,2.581096,0.5,0.566222,0.493784,1.0,0.140145,0.058449,0,0.129353,0.130852,0.426001
2026-06-30,0,1,ok,0.1763569598742975,2.503351,0.5,0.556863,0.493249,1.0,0.156404,0.058449,0,0.107508,0.107558,0.382208
2026-07-01,0,1,ok,0.1885726404963643,2.543179,0.75,0.567823,0.493876,1.0,0.151913,0.058449,0,0.144252,0.127917,0.420484
2026-07-02,0,1,ok,0.1881739006671166,2.909925,0.75,0.562836,0.493591,1.0,0.148898,0.058449,0,0.13363,0.114872,0.39596
2026-07-03,0,1,ok,0.2004081042277905,2.970353,0.75,0.56632,0.49379,1.0,0.148898,0.058449,0,0.141172,0.123908,0.412948
2026-07-06,0,1,ok,0.1928665189034006,2.596324,0.5,0.570921,0.494053,1.0,0.15429,0.05547,0,0.153898,0.134128,0.432162
2026-07-07,0,1,ok,0.206109338477064,2.572285,0.75,0.569419,0.493967,1.0,0.126243,0.05547,0,0.142124,0.135516,0.434771
2026-07-08,0,1,ok,0.2118977359288961,2.514341,0.5,0.556615,0.493235,1.0,0.116279,0.05547,0,0.105097,0.108076,0.383184
2026-07-09,0,1,ok,0.2204241337040248,2.484035,0.5,0.552608,0.493006,0.991802,0.115656,0.05547,0,0.097227,0.097184,0.362707
2026-07-10,0,1,ok,0.228444820433826,2.284183,0.5,0.563033,0.493602,0.88858,0.09808,0.05547,0,0.119682,0.124295,0.413675
2026-07-13,0,1,ok,0.2229715967031763,2.509223,0.75,0.568867,0.493935,1.0,0.085386,0.067358,0,0.124208,0.144448,0.451563
2026-07-14,0,1,ok,0.2098949109129358,2.536174,0.5,0.559866,0.493421,1.0,0.059396,0.067358,0,0.111652,0.116808,0.399598
2026-07-15,0,1,ok,0.2163838629525412,2.527962,0.75,0.560533,0.493459,1.0,0.059178,0.067358,0,0.116303,0.116551,0.399117
2026-07-16,0,1,ok,0.232229897915783,2.443616,0.75,0.563119,0.493607,0.970889,0.064952,0.067358,0,0.116001,0.126914,0.418598
2026-07-17,0,1,ok,0.2240811815419906,2.625353,0.75,0.566607,0.493806,1.0,0.09098,0.067358,0,0.119171,0.138678,0.440714
2026-07-20,0,1,ok,0.2197883428402895,2.546343,0.5,0.568961,0.493941,1.0,0.081219,0.068183,0,0.120853,0.146896,0.456165
2026-07-21,0,1,ok,0.2479410712577423,2.19684,0.5,0.55588,0.493193,0.844063,0.099097,0.068183,0,0.105637,0.104848,0.377114
2026-07-22,0,1,ok,0.2518938439607982,2.127239,0.75,0.557796,0.493303,0.808073,0.098905,0.068183,0,0.111986,0.108455,0.383896
2026-07-23,0,1,ok,0.2250206877505122,2.350768,0.75,0.565746,0.493757,0.922848,0.106748,0.068183,0,0.120421,0.134514,0.432887
2026-07-24,0,1,ok,0.2124993846595938,2.581378,0.75,0.555634,0.493179,1.0,0.100864,0.068183,0,0.099403,0.107744,0.382559
2026-07-27,0,1,ok,0.2038177465560179,2.480004,0.75,0.555674,0.493181,0.989716,0.099992,0.085582,0,0.110946,0.100748,0.369406
2026-07-28,0,1,ok,0.2142620711130085,2.272141,0.75,0.551763,0.492958,0.883044,0.099284,0.085582,0,0.087055,0.100165,0.36831
2026-07-29,0,1,ok,0.2246442457621327,2.309907,0.75,0.580036,0.494573,0.900991,0.108474,0.085582,0,0.137794,0.179982,0.518365
2026-07-30,0,1,ok,0.2114935306085636,1.919313,0.5,0.555611,0.493178,0.701352,0.142754,0.085582,0,0.104897,0.10425,0.37599
2026-07-31,0,1,ok,0.2066573511519066,1.769389,0.5,0.547356,0.492706,0.625835,0.137809,0.085582,0,0.086725,0.083028,0.336092
2026-08-03,0,1,ok,0.2048549459086418,1.403904,0.5,0.563051,0.493603,0.434112,0.147801,0.025163,0,0.144492,0.108987,0.384896
2026-08-04,0,1,ok,0.2176850489389282,1.455851,0.5,0.561798,0.493531,0.46128,0.152279,0.025163,0,0.12264,0.117601,0.401089
2026-08-05,0,1,ok,0.1991149656902776,1.658183,0.75,0.546567,0.492661,0.569058,0.154491,0.025163,0,0.091329,0.077069,0.324889
2026-08-06,0,1,ok,0.2145087917301922,1.900987,0.75,0.549253,0.492814,0.692931,0.13939,0.025163,0,0.092434,0.086952,0.343471
2026-08-07,0,1,ok,0.2176994046749408,2.113145,0.5,0.560069,0.493432,0.800583,0.136894,0.025163,0,0.12405,0.109921,0.386651
2026-08-10,0,1,ok,0.2122234926241007,2.060387,0.75,0.555482,0.49317,0.773922,0.132049,0.06136,0,0.109713,0.100757,0.369423
2026-08-11,0,1,ok,0.2052719062466111,2.086358,0.75,0.567756,0.493872,0.785927,0.137504,0.06136,0,0.162383,0.116414,0.398859
2026-08-12,0,1,ok,0.2175066334152593,2.15858,0.5,0.551636,0.492951,0.824766,0.109535,0.06136,0,0.101705,0.090586,0.350302
2026-08-13,0,1,ok,0.2051352407143495,2.054369,0.5,0.554785,0.493131,0.770909,0.092955,0.06136,0,0.117272,0.093326,0.355454
2026-08-14,0,1,ok,0.2282441902993291,2.089386,0.75,0.549149,0.492809,0.789521,0.088678,0.06136,0,0.088922,0.088722,0.346798
2026-08-17,0,1,ok,0.2308774764819964,2.226077,0.75,0.549304,0.492817,0.859577,0.07847,0.081434,0,0.09793,0.083745,0.337441
2026-08-18,0,1,ok,0.2155570296537699,2.501224,0.75,0.556546,0.493231,1.0,0.063259,0.081434,0,0.115842,0.101144,0.37015
2026-08-19,0,1,ok,0.2237537008197886,2.451904,0.75,0.551827,0.492962,0.975312,0.063369,0.081434,0,0.099193,0.092891,0.354636
2026-08-20,1,1,ok,0.2277850068669797,2.369341,0.75,0.550841,0.492905,0.932967,0.062047,0.081434,0,0.090841,0.094187,0.357072
