{
  "distribution_validation": {
    "raw_coverage_mean": 0.827362969356927,
    "conf_coverage_mean": 0.9099889704119313,
    "median_rmse_mean": 0.013319879874360997
  },
  "fused_probabilities": {
    "p_tail_base_mean": 0.20651028214653386,
    "p_tail_dist_mean": 0.09491768612562701,
    "p_final_g5_mean": 0.20651028214653386,
    "uncertainty_penalty_mean": 0.49876686877412085,
    "dist_tail_shift_mean": 0.002703349285248063,
    "dist_width_caution_mean": 0.18605332573147162,
    "dist_overlay_on_rate": 0.16132930513595167,
    "dist_trust_mean": 0.758417133033631,
    "dist_overlay_strength_mean": 0.15181490187920302
  },
  "tail_event_threshold": -0.015
}