{
  "part": "part2",
  "version": "GEN5_PART2_GEN532_SOFT_CAUTION_OVERLAY",
  "schema_version": "part2.g5.phase3_2.schema1",
  "horizon": 7,
  "holdout_start": "2020-01-01",
  "rows_rebalance": 235,
  "rows_realized": 233,
  "rows_audit": 233,
  "model_feature_count": 14,
  "forbidden_feature_count": 22,
  "forbidden_features_excluded": [
    "Date",
    "bench_60_40",
    "calendar_name",
    "decision_is_tuesday",
    "decision_weekday",
    "excess_ret",
    "fwd_ief",
    "fwd_ief_reg",
    "fwd_spread",
    "fwd_voo",
    "fwd_voo_reg",
    "is_revealed_master",
    "master_row_num",
    "px_ief_fwd",
    "px_ief_t",
    "px_voo_fwd",
    "px_voo_t",
    "row_num_in_calendar",
    "target_date",
    "y_avail",
    "y_rel_tail_voo_vs_ief",
    "y_voo"
  ],
  "script_version": "GEN5_PART2_G532_DEEPDIAG_V4",
  "contract_profile": "live_locked_14",
  "expected_model_feature_count": 14,
  "expected_forbidden_count": 22,
  "contract_missing_locked": [],
  "contract_missing_optional": [
    "bench_excess_voo_minus_ief",
    "bench_ief",
    "bench_voo"
  ],
  "contract_extra_locked": [],
  "classification_base": {
    "auc": 0.599834528405957,
    "pr": 0.2177882875915849,
    "lift": 1.1913805697589483,
    "brier": 0.14505470158768133,
    "ece": 0.08182464942014088
  },
  "classification_dist": {
    "auc": 0.4251241036955323,
    "pr": 0.13268270438637406,
    "lift": 0.17019722425127834,
    "brier": 0.23170765337690735,
    "ece": 0.2568199692603983
  },
  "classification_final_used": {
    "auc": 0.599834528405957,
    "pr": 0.2177882875915849,
    "lift": 1.1913805697589483,
    "brier": 0.14505470158768133,
    "ece": 0.08182464942014088
  },
  "distributional_diagnostics": {
    "raw_coverage": 0.7725321888412017,
    "conf_coverage": 0.9313304721030042,
    "median_rmse": 0.035732166373466434
  },
  "calibration_gate_on_rate": 0.8297872340425532,
  "high_risk_state_rate": 0.5148936170212766,
  "drift_base_ece": 0.08182464942014088,
  "drift_base_brier": 0.14505470158768133,
  "drift_alarm_rate": 0.09787234042553192,
  "deploy_downside_rate": 0.10212765957446808,
  "defense_trigger_mean": 0.29054982152976355,
  "defense_trigger_threshold_median": 0.36680000000000007,
  "deploy_upside_rate": 0.0,
  "raw_val_auc_median": 0.6700143472022956,
  "active_ret_net_mean": 0.0013921469993798466,
  "active_ret_net_ir": 0.4163371405192294,
  "strategy_ret_net_ir": 0.6351641019508125,
  "negative_benchmark_active_mean": 0.0055113999437511356,
  "negative_benchmark_hit_rate": 0.68,
  "downside_capture_ratio": -0.05235332324809048,
  "avg_abs_active_weight_raw": 0.016340425531914896,
  "avg_abs_active_weight_capped": 0.016340425531914896,
  "shuffle_auc_median": 0.47397156975997945,
  "suspicious_perf_flag": false,
  "stress_panel": {
    "slippage_5_0bps": {
      "active_mean": 0.0013976405616116063,
      "active_ir": 0.41798802443036853,
      "strategy_ir": 0.6369362996829945
    },
    "slippage_7_5bps": {
      "active_mean": 0.0013948937804957268,
      "active_ir": 0.4171626278381707,
      "strategy_ir": 0.6360502712454448
    },
    "slippage_10_0bps": {
      "active_mean": 0.0013921469993798466,
      "active_ir": 0.4163371405192294,
      "strategy_ir": 0.6351641019508125
    }
  },
  "tail_event_threshold": -0.015,
  "part1_version_consumed": "V19_P1_HARDENED",
  "environment": {
    "utc_run_ts": "2026-04-09T11:53:52.876272+00:00",
    "python": "3.12.13",
    "platform": "Linux-6.17.0-1008-azure-x86_64-with-glibc2.39",
    "pandas": "3.0.2",
    "numpy": "2.4.4",
    "script_path": "part2_predictor.py",
    "script_sha256": "904bef9b3130634033e6fdf558b6e88414015c638fbacbf9aee334236f241760"
  },
  "build_variant": "PHASE3_2_BASE_PLUS_SOFT_CAUTION_OVERLAY",
  "dist_overlay_on_rate": 0.7702127659574468,
  "dist_trust_mean": 0.5179860823555581,
  "dist_overlay_strength_mean": 0.10506235526070519,
  "active_ir_final_pass_min": 0.04,
  "active_ir_fail_closed_min": 0.04,
  "effective_drift_ece_max": 0.17,
  "effective_drift_brier_max": 0.22,
  "effective_final_pass_drift_rate_max": 0.4,
  "effective_fail_closed_drift_rate": 0.4,
  "effective_fail_closed_cal_gate": 0.85,
  "final_pass": true,
  "out_path": "./artifacts_part2_g532/predictions/g532_final_consensus_tape.csv",
  "publish_mode": "NORMAL",
  "output_hashes": {
    "consensus_tape_sha256": "f2a5607fa8797882d076ea48b44602173cc4eb1543c23c506daac4d813ef9412",
    "summary_payload_sha256": "5c15551c1b356e6f899a38557b9a8f75785bccb78761737d6b7545440d1aca1e"
  }
}