{
  "part": "part2",
  "version": "GEN5_PART2_GEN532_SOFT_CAUTION_OVERLAY",
  "schema_version": "part2.g5.phase3_2.schema1",
  "horizon": 1,
  "holdout_start": "2020-01-01",
  "rows_rebalance": 1645,
  "rows_realized": 1644,
  "rows_audit": 1644,
  "model_feature_count": 14,
  "forbidden_feature_count": 22,
  "forbidden_features_excluded": [
    "Date",
    "bench_60_40",
    "calendar_name",
    "decision_is_tuesday",
    "decision_weekday",
    "excess_ret",
    "fwd_ief",
    "fwd_ief_reg",
    "fwd_spread",
    "fwd_voo",
    "fwd_voo_reg",
    "is_revealed_master",
    "master_row_num",
    "px_ief_fwd",
    "px_ief_t",
    "px_voo_fwd",
    "px_voo_t",
    "row_num_in_calendar",
    "target_date",
    "y_avail",
    "y_rel_tail_voo_vs_ief",
    "y_voo"
  ],
  "script_version": "GEN5_PART2_G532_DAILY_CANONICAL_V1",
  "contract_profile": "live_locked_14",
  "expected_model_feature_count": 14,
  "expected_forbidden_count": 22,
  "contract_missing_locked": [],
  "contract_missing_optional": [
    "bench_excess_voo_minus_ief",
    "bench_ief",
    "bench_voo"
  ],
  "contract_extra_locked": [],
  "classification_base": {
    "auc": 0.5074073227590621,
    "pr": 0.21174681151188735,
    "lift": 1.046326508659328,
    "brier": 0.16230892724430457,
    "ece": 0.011013670193492855
  },
  "classification_dist": {
    "auc": 0.5079261324678888,
    "pr": 0.2244083024850455,
    "lift": 1.0610635017390369,
    "brier": 0.17604348811887668,
    "ece": 0.10792179885215397
  },
  "classification_final_used": {
    "auc": 0.5074073227590621,
    "pr": 0.21174681151188735,
    "lift": 1.046326508659328,
    "brier": 0.16230892724430457,
    "ece": 0.011013670193492855
  },
  "distributional_diagnostics": {
    "raw_coverage": 0.8175182481751825,
    "conf_coverage": 0.8947688564476886,
    "median_rmse": 0.014176051699949998
  },
  "calibration_gate_on_rate": 0.9756838905775076,
  "high_risk_state_rate": 0.20911854103343466,
  "drift_base_ece": 0.011013670193492855,
  "drift_base_brier": 0.16230892724430457,
  "drift_alarm_rate": 0.09787234042553192,
  "deploy_downside_rate": 0.00364741641337386,
  "defense_trigger_mean": 0.07996059226205053,
  "defense_trigger_threshold_median": 0.054104737590097464,
  "deploy_upside_rate": 0.0,
  "raw_val_auc_median": 0.536968954248366,
  "final_pass_auc_source": "rolling_median",
  "final_pass_auc_value": 0.536968954248366,
  "active_ret_net_mean": 1.2643893681041991e-06,
  "active_ret_net_ir": 0.0017373426516186685,
  "strategy_ret_net_ir": 0.6686567705018179,
  "negative_benchmark_active_mean": 0.006083719516843276,
  "negative_benchmark_hit_rate": 0.7731673582295989,
  "downside_capture_ratio": -0.11661726141116861,
  "avg_abs_active_weight_raw": 0.00040121580547112465,
  "avg_abs_active_weight_capped": 0.00040121580547112465,
  "shuffle_auc_median": 0.4896160368923828,
  "suspicious_perf_flag": false,
  "stress_panel": {
    "slippage_5_0bps": {
      "active_mean": 1.5989392464497054e-06,
      "active_ir": 0.002197029562387602,
      "strategy_ir": 0.6693361403173977
    },
    "slippage_7_5bps": {
      "active_mean": 1.4316643072769575e-06,
      "active_ir": 0.0019671863281262897,
      "strategy_ir": 0.6689964827754937
    },
    "slippage_10_0bps": {
      "active_mean": 1.2643893681041991e-06,
      "active_ir": 0.0017373426516186685,
      "strategy_ir": 0.6686567705018179
    }
  },
  "tail_event_threshold": -0.015,
  "part1_version_consumed": "V20_P1_DAILY",
  "environment": {
    "utc_run_ts": "2026-04-21T14:31:55.463566+00:00",
    "python": "3.12.13",
    "platform": "Linux-6.17.0-1010-azure-x86_64-with-glibc2.39",
    "pandas": "3.0.2",
    "numpy": "2.4.4",
    "script_path": "part2_predictor.py",
    "script_sha256": "d3a8b2ca67c09378c6581c3d264bfdef5815a0669ceb45fe671c63ad95ab5203"
  },
  "build_variant": "PHASE3_2_BASE_PLUS_SOFT_CAUTION_OVERLAY",
  "dist_overlay_on_rate": 0.16595744680851063,
  "dist_trust_mean": 0.7560969498871033,
  "dist_overlay_strength_mean": 0.15113699434486608,
  "active_ir_final_pass_min": 0.04,
  "active_ir_fail_closed_min": 0.04,
  "conditional_active_ir": NaN,
  "conditional_active_ir_min": -0.5,
  "conditional_active_ir_min_n": 10,
  "conditional_active_ir_floor_fail_closed": -1.5,
  "effective_drift_ece_max": 0.17,
  "effective_drift_brier_max": 0.22,
  "effective_final_pass_drift_rate_max": 0.4,
  "effective_fail_closed_drift_rate": 0.4,
  "effective_fail_closed_cal_gate": 0.85,
  "final_pass": true,
  "out_path": "/home/runner/work/Price-Call/Price-Call/artifacts_part2_g532/predictions/g532_final_consensus_tape.csv",
  "publish_mode": "NORMAL",
  "output_hashes": {
    "consensus_tape_sha256": "bc7dc08d8e80050110d3bad398821b4bba2b226f133c66bf1bf89fe45a73c9ac",
    "summary_payload_sha256": "5c4491257e7a2396f0456b985c5a26dc3d19097b51c91f1210c90ce6f02faf0d"
  }
}