model,auc,pr,lift,brier,ece
base_only,0.6054881412024269,0.22162195025824566,1.1913805697589483,0.14488299039144562,0.08303885072509885
dist_only,0.4168505239933812,0.13059937742075017,0.17019722425127834,0.2287504539097675,0.2649034922673459
base_plus_risk_overlay,0.6054881412024269,0.22162195025824566,1.1913805697589483,0.14488299039144562,0.08303885072509885
