{
  "part": "part2",
  "version": "GEN5_PART2_GEN532_SOFT_CAUTION_OVERLAY",
  "schema_version": "part2.g5.phase3_2.schema1",
  "horizon": 1,
  "holdout_start": "2020-01-01",
  "rows_rebalance": 1645,
  "rows_realized": 1644,
  "rows_audit": 1644,
  "model_feature_count": 14,
  "forbidden_feature_count": 22,
  "forbidden_features_excluded": [
    "Date",
    "bench_60_40",
    "calendar_name",
    "decision_is_tuesday",
    "decision_weekday",
    "excess_ret",
    "fwd_ief",
    "fwd_ief_reg",
    "fwd_spread",
    "fwd_voo",
    "fwd_voo_reg",
    "is_revealed_master",
    "master_row_num",
    "px_ief_fwd",
    "px_ief_t",
    "px_voo_fwd",
    "px_voo_t",
    "row_num_in_calendar",
    "target_date",
    "y_avail",
    "y_rel_tail_voo_vs_ief",
    "y_voo"
  ],
  "script_version": "GEN5_PART2_G532_DAILY_CANONICAL_V1",
  "contract_profile": "live_locked_14",
  "expected_model_feature_count": 14,
  "expected_forbidden_count": 22,
  "contract_missing_locked": [],
  "contract_missing_optional": [
    "bench_excess_voo_minus_ief",
    "bench_ief",
    "bench_voo"
  ],
  "contract_extra_locked": [],
  "classification_base": {
    "auc": 0.5143004068199479,
    "pr": 0.22076364574792817,
    "lift": 1.0610635017390369,
    "brier": 0.16206800228987442,
    "ece": 0.010641820088564067
  },
  "classification_dist": {
    "auc": 0.5033139827215798,
    "pr": 0.2182841265487926,
    "lift": 1.14948546021729,
    "brier": 0.1789494636403046,
    "ece": 0.11893502456978262
  },
  "classification_final_used": {
    "auc": 0.5143004068199479,
    "pr": 0.22076364574792817,
    "lift": 1.0610635017390369,
    "brier": 0.16206800228987442,
    "ece": 0.010641820088564067
  },
  "distributional_diagnostics": {
    "raw_coverage": 0.8181265206812652,
    "conf_coverage": 0.8917274939172749,
    "median_rmse": 0.014199612968777961
  },
  "calibration_gate_on_rate": 0.9756838905775076,
  "high_risk_state_rate": 0.32583586626139815,
  "drift_base_ece": 0.010641820088564067,
  "drift_base_brier": 0.16206800228987442,
  "drift_alarm_rate": 0.10091185410334347,
  "deploy_downside_rate": 0.0024316109422492403,
  "defense_trigger_mean": 0.0970474184828177,
  "defense_trigger_threshold_median": 0.08,
  "deploy_upside_rate": 0.0,
  "raw_val_auc_median": 0.5413676656817222,
  "final_pass_auc_source": "rolling_median",
  "final_pass_auc_value": 0.5413676656817222,
  "active_ret_net_mean": 2.2395583897067353e-06,
  "active_ret_net_ir": 0.0030768384863758226,
  "strategy_ret_net_ir": 0.6706481954390502,
  "negative_benchmark_active_mean": 0.006085569512122474,
  "negative_benchmark_hit_rate": 0.7731673582295989,
  "downside_capture_ratio": -0.11695705519011963,
  "avg_abs_active_weight_raw": 0.0003890577507598784,
  "avg_abs_active_weight_capped": 0.0003890577507598784,
  "shuffle_auc_median": 0.4896706697595157,
  "suspicious_perf_flag": false,
  "stress_panel": {
    "slippage_5_0bps": {
      "active_mean": 2.6288527935996846e-06,
      "active_ir": 0.0036116539537982472,
      "strategy_ir": 0.6714462025467275
    },
    "slippage_7_5bps": {
      "active_mean": 2.434205591653212e-06,
      "active_ir": 0.0033442470699062473,
      "strategy_ir": 0.671047242693857
    },
    "slippage_10_0bps": {
      "active_mean": 2.2395583897067353e-06,
      "active_ir": 0.0030768384863758226,
      "strategy_ir": 0.6706481954390502
    }
  },
  "tail_event_threshold": -0.005669467095138408,
  "part1_version_consumed": "V20_P1_DAILY",
  "environment": {
    "utc_run_ts": "2026-04-21T04:15:49.967337+00:00",
    "python": "3.12.13",
    "platform": "Linux-6.17.0-1010-azure-x86_64-with-glibc2.39",
    "pandas": "3.0.2",
    "numpy": "2.4.4",
    "script_path": "part2_predictor.py",
    "script_sha256": "aeadf38f79ed37d22ed0972ba774f4b26ed8f347185bb3ef0d3ac0aa2c3d1a97"
  },
  "build_variant": "PHASE3_2_BASE_PLUS_SOFT_CAUTION_OVERLAY",
  "dist_overlay_on_rate": 0.16291793313069908,
  "dist_trust_mean": 0.6164770994611739,
  "dist_overlay_strength_mean": 0.07961048987969983,
  "active_ir_final_pass_min": 0.04,
  "active_ir_fail_closed_min": 0.04,
  "conditional_active_ir": NaN,
  "conditional_active_ir_min": -0.5,
  "conditional_active_ir_min_n": 10,
  "conditional_active_ir_floor_fail_closed": -1.5,
  "effective_drift_ece_max": 0.17,
  "effective_drift_brier_max": 0.22,
  "effective_final_pass_drift_rate_max": 0.4,
  "effective_fail_closed_drift_rate": 0.4,
  "effective_fail_closed_cal_gate": 0.85,
  "final_pass": true,
  "out_path": "/home/runner/work/Price-Call/Price-Call/artifacts_part2_g532/predictions/g532_final_consensus_tape.csv",
  "publish_mode": "NORMAL",
  "output_hashes": {
    "consensus_tape_sha256": "d174c6dc94846830ffea8ebae0e80ebc633972baf55f3d948574ed4f39c501c2",
    "summary_payload_sha256": "07145d6afb6b418e2b744ad369a56b76dbaa6562c543e2ed50d38cf2e7c1af4d"
  }
}