model,auc,pr,lift,brier,ece
base_only,0.5157814575240134,0.2225297247439578,1.0681630750475097,0.16120507723167327,0.012744882908780675
dist_only,0.5088188498098428,0.21844573303287512,0.993985083724766,0.17541591304022583,0.10734416130776048
base_plus_risk_overlay,0.5157814575240134,0.2225297247439578,1.0681630750475097,0.16120507723167327,0.012744882908780675
