{
  "distribution_validation": {
    "raw_coverage_mean": 0.8267099216004327,
    "conf_coverage_mean": 0.9100818754103427,
    "median_rmse_mean": 0.013367287294626596
  },
  "fused_probabilities": {
    "p_tail_base_mean": 0.2083607689285585,
    "p_tail_dist_mean": 0.2970041072547156,
    "p_final_g5_mean": 0.2083607689285585,
    "uncertainty_penalty_mean": 0.500303220396562,
    "dist_tail_shift_mean": 0.0023183337710528168,
    "dist_width_caution_mean": 0.18949401750314596,
    "dist_overlay_on_rate": 0.16423357664233576,
    "dist_trust_mean": 0.6166689024322092,
    "dist_overlay_strength_mean": 0.07978365239919354
  },
  "tail_event_threshold": -0.005669467095138408
}