{
  "distribution_validation": {
    "raw_coverage_mean": 0.8249623450353377,
    "conf_coverage_mean": 0.9100722202911986,
    "median_rmse_mean": 0.013367322748606648
  },
  "fused_probabilities": {
    "p_tail_base_mean": 0.20989228093631943,
    "p_tail_dist_mean": 0.2987845681190922,
    "p_final_g5_mean": 0.20989228093631943,
    "uncertainty_penalty_mean": 0.49961149872386645,
    "dist_tail_shift_mean": 0.002302008884622232,
    "dist_width_caution_mean": 0.1888745253847701,
    "dist_overlay_on_rate": 0.1654501216545012,
    "dist_trust_mean": 0.6113978087926837,
    "dist_overlay_strength_mean": 0.07686267889873825
  },
  "tail_event_threshold": -0.005669467095138408
}