model,auc,pr,lift,brier,ece
base_only,0.5150409646711162,0.2171624462889531,1.0456900570117251,0.16240054886463134,0.0163573127411489
dist_only,0.5068137216781106,0.22156840473990352,1.1340582308437017,0.17836915865276212,0.10848436062865374
base_plus_risk_overlay,0.5150409646711162,0.2171624462889531,1.0456900570117251,0.16240054886463134,0.0163573127411489
