model,auc,pr,lift,brier,ece
base_only,0.5166258392306297,0.2291593607668545,1.111997561762702,0.16102092067439983,0.009901656328875418
dist_only,0.5009753220831066,0.2204780525665945,1.0823442934490302,0.17581284193237592,0.10926202569306288
base_plus_risk_overlay,0.5166258392306297,0.2291593607668545,1.111997561762702,0.16102092067439983,0.009901656328875418
