{
  "distribution_validation": {
    "raw_coverage_mean": 0.7389395474501858,
    "conf_coverage_mean": 0.912698412698413,
    "median_rmse_mean": 0.032992683193055275
  },
  "fused_probabilities": {
    "p_tail_base_mean": 0.24211980533509891,
    "p_tail_dist_mean": 0.39398510039405316,
    "p_final_g5_mean": 0.24211980533509891,
    "uncertainty_penalty_mean": 0.6500000000000002,
    "dist_tail_shift_mean": 0.004204913884729585,
    "dist_width_caution_mean": 0.844759363046971,
    "dist_overlay_on_rate": 0.7702127659574468,
    "dist_trust_mean": 0.5177291658345542,
    "dist_overlay_strength_mean": 0.10417498901222724
  },
  "tail_event_threshold": -0.015
}