model,auc,pr,lift,brier,ece
base_only,0.5136056132010787,0.2174146803691701,1.0610635017390369,0.1623693221428914,0.014144864045524416
dist_only,0.5117726379302464,0.22467339552460325,1.0610635017390369,0.17617028234879695,0.10873208873499832
base_plus_risk_overlay,0.5136056132010787,0.2174146803691701,1.0610635017390369,0.1623693221428914,0.014144864045524416
