{
  "distribution_validation": {
    "raw_coverage_mean": 0.8273030259435094,
    "conf_coverage_mean": 0.9098810722677794,
    "median_rmse_mean": 0.013329423513132587
  },
  "fused_probabilities": {
    "p_tail_base_mean": 0.20785446369830177,
    "p_tail_dist_mean": 0.09545324078594328,
    "p_final_g5_mean": 0.20785446369830177,
    "uncertainty_penalty_mean": 0.49974079811923067,
    "dist_tail_shift_mean": 0.0027142539632422046,
    "dist_width_caution_mean": 0.18730515177608587,
    "dist_overlay_on_rate": 0.16495468277945619,
    "dist_trust_mean": 0.7566041964449142,
    "dist_overlay_strength_mean": 0.15165971453866298
  },
  "tail_event_threshold": -0.015
}