model,auc,pr,lift,brier,ece
base_only,0.599834528405957,0.2177882875915849,1.1913805697589483,0.14505470158768133,0.08182464942014088
dist_only,0.4251241036955323,0.13268270438637406,0.17019722425127834,0.23170765337690735,0.2568199692603983
base_plus_risk_overlay,0.599834528405957,0.2177882875915849,1.1913805697589483,0.14505470158768133,0.08182464942014088
