model,auc,pr,lift,brier,ece
base_only,0.5116695562274991,0.21629803239551781,1.0456900570117251,0.16249424340880025,0.013845902861442324
dist_only,0.5090026211900112,0.22267492176342235,1.1340582308437017,0.17895645421568998,0.12070782576263231
base_plus_risk_overlay,0.5116695562274991,0.21629803239551781,1.0456900570117251,0.16249424340880025,0.013845902861442324
