model,auc,pr,lift,brier,ece
base_only,0.5143004068199479,0.22076364574792817,1.0610635017390369,0.16206800228987442,0.010641820088564067
dist_only,0.5033139827215798,0.2182841265487926,1.14948546021729,0.1789494636403046,0.11893502456978262
base_plus_risk_overlay,0.5143004068199479,0.22076364574792817,1.0610635017390369,0.16206800228987442,0.010641820088564067
