model,auc,pr,lift,brier,ece
base_only,0.5102276363303926,0.2144395193491045,1.046326508659328,0.16216774655816735,0.01380798871389097
dist_only,0.5076770123874389,0.21658519307965868,1.14948546021729,0.17801496517833526,0.11599429105959556
base_plus_risk_overlay,0.5102276363303926,0.2144395193491045,1.046326508659328,0.16216774655816735,0.01380798871389097
