model,auc,pr,lift,brier,ece
base_only,0.5074073227590621,0.21174681151188735,1.046326508659328,0.16230892724430457,0.011013670193492855
dist_only,0.5079261324678888,0.2244083024850455,1.0610635017390369,0.17604348811887668,0.10792179885215397
base_plus_risk_overlay,0.5074073227590621,0.21174681151188735,1.046326508659328,0.16230892724430457,0.011013670193492855
