model,auc,pr,lift,brier,ece
base_only,0.5385017098768552,0.25378189629543424,1.1940994228157538,0.17654326591166097,0.011276303202630771
dist_only,0.5639540270548002,0.2724447487548862,1.275251810774106,0.1834813636762956,0.07887183829537373
base_plus_risk_overlay,0.5385017098768552,0.25378189629543424,1.1940994228157538,0.17654326591166097,0.011276303202630771
