model,auc,pr,lift,brier,ece
base_only,0.6042471042471043,0.22112300383123637,1.1913805697589483,0.1450244025718049,0.08407510158602421
dist_only,0.41505791505791506,0.12998366940651634,0.3403944485025567,0.22957465899134838,0.2713774577907226
base_plus_risk_overlay,0.6042471042471043,0.22112300383123637,1.1913805697589483,0.1450244025718049,0.08407510158602421
