model,auc,pr,lift,brier,ece
base_only,0.5376650407871499,0.2526266627858953,1.1955565301041196,0.17645653651785637,0.01360297030853146
dist_only,0.5456942225212346,0.2620732215005819,1.3116299796287914,0.18440984551692335,0.07607059192911975
base_plus_risk_overlay,0.5376650407871499,0.2526266627858953,1.1955565301041196,0.17645653651785637,0.01360297030853146
