model,auc,pr,lift,brier,ece
base_only,0.5092038993060479,0.21489567293999817,1.0604180859837211,0.16229656506846488,0.014136917087725987
dist_only,0.5044738635791823,0.2192673041523524,1.0309620280397287,0.17933537591974277,0.11266943832898274
base_plus_risk_overlay,0.5092038993060479,0.21489567293999817,1.0604180859837211,0.16229656506846488,0.014136917087725987
