{
  "part": "part2",
  "version": "GEN5_PART2_GEN532_SOFT_CAUTION_OVERLAY",
  "schema_version": "part2.g5.phase3_2.schema1",
  "horizon": 1,
  "holdout_start": "2020-01-01",
  "rows_rebalance": 1644,
  "rows_realized": 1643,
  "rows_audit": 1643,
  "model_feature_count": 14,
  "forbidden_feature_count": 22,
  "forbidden_features_excluded": [
    "Date",
    "bench_60_40",
    "calendar_name",
    "decision_is_tuesday",
    "decision_weekday",
    "excess_ret",
    "fwd_ief",
    "fwd_ief_reg",
    "fwd_spread",
    "fwd_voo",
    "fwd_voo_reg",
    "is_revealed_master",
    "master_row_num",
    "px_ief_fwd",
    "px_ief_t",
    "px_voo_fwd",
    "px_voo_t",
    "row_num_in_calendar",
    "target_date",
    "y_avail",
    "y_rel_tail_voo_vs_ief",
    "y_voo"
  ],
  "script_version": "GEN5_PART2_G532_DAILY_CANONICAL_V1",
  "contract_profile": "live_locked_14",
  "expected_model_feature_count": 14,
  "expected_forbidden_count": 22,
  "contract_missing_locked": [],
  "contract_missing_optional": [
    "bench_excess_voo_minus_ief",
    "bench_ief",
    "bench_voo"
  ],
  "contract_extra_locked": [],
  "classification_base": {
    "auc": 0.5116695562274991,
    "pr": 0.21629803239551781,
    "lift": 1.0456900570117251,
    "brier": 0.16249424340880025,
    "ece": 0.013845902861442324
  },
  "classification_dist": {
    "auc": 0.5090026211900112,
    "pr": 0.22267492176342235,
    "lift": 1.1340582308437017,
    "brier": 0.17895645421568998,
    "ece": 0.12070782576263231
  },
  "classification_final_used": {
    "auc": 0.5116695562274991,
    "pr": 0.21629803239551781,
    "lift": 1.0456900570117251,
    "brier": 0.16249424340880025,
    "ece": 0.013845902861442324
  },
  "distributional_diagnostics": {
    "raw_coverage": 0.815581253804017,
    "conf_coverage": 0.8940961655508217,
    "median_rmse": 0.01419978751139118
  },
  "calibration_gate_on_rate": 0.9635036496350365,
  "high_risk_state_rate": 0.3284671532846715,
  "drift_base_ece": 0.013845902861442324,
  "drift_base_brier": 0.16249424340880025,
  "drift_alarm_rate": 0.09854014598540146,
  "deploy_downside_rate": 0.0030413625304136255,
  "defense_trigger_mean": 0.11650283873706241,
  "defense_trigger_threshold_median": 0.15,
  "deploy_upside_rate": 0.0,
  "raw_val_auc_median": 0.5413676656817222,
  "active_ret_net_mean": 9.547228363556617e-07,
  "active_ret_net_ir": 0.0013115032663847473,
  "strategy_ret_net_ir": 0.6702064383723378,
  "negative_benchmark_active_mean": 0.006090662609147217,
  "negative_benchmark_hit_rate": 0.7728531855955678,
  "downside_capture_ratio": -0.11677434342925552,
  "avg_abs_active_weight_raw": 0.00036496350364963507,
  "avg_abs_active_weight_capped": 0.00036496350364963507,
  "shuffle_auc_median": 0.48510348831700795,
  "suspicious_perf_flag": false,
  "stress_panel": {
    "slippage_5_0bps": {
      "active_mean": 1.2529577724481758e-06,
      "active_ir": 0.001721186039634796,
      "strategy_ir": 0.6708227121929945
    },
    "slippage_7_5bps": {
      "active_mean": 1.1038403044019178e-06,
      "active_ir": 0.0015163448412869008,
      "strategy_ir": 0.6705146005303235
    },
    "slippage_10_0bps": {
      "active_mean": 9.547228363556617e-07,
      "active_ir": 0.0013115032663847473,
      "strategy_ir": 0.6702064383723378
    }
  },
  "tail_event_threshold": -0.005669467095138408,
  "part1_version_consumed": "V20_P1_DAILY",
  "environment": {
    "utc_run_ts": "2026-04-20T08:40:56.866915+00:00",
    "python": "3.12.13",
    "platform": "Linux-6.17.0-1010-azure-x86_64-with-glibc2.39",
    "pandas": "3.0.2",
    "numpy": "2.4.4",
    "script_path": "part2_predictor.py",
    "script_sha256": "d852322609b33bb92fa9d4970e50126b972389b736daf881e8e5161d0734600f"
  },
  "build_variant": "PHASE3_2_BASE_PLUS_SOFT_CAUTION_OVERLAY",
  "dist_overlay_on_rate": 0.1654501216545012,
  "dist_trust_mean": 0.6113978087926837,
  "dist_overlay_strength_mean": 0.07686267889873825,
  "active_ir_final_pass_min": 0.04,
  "active_ir_fail_closed_min": 0.04,
  "conditional_active_ir": -8.351586767564227,
  "conditional_active_ir_min": -0.5,
  "conditional_active_ir_floor_fail_closed": -1.5,
  "effective_drift_ece_max": 0.17,
  "effective_drift_brier_max": 0.22,
  "effective_final_pass_drift_rate_max": 0.4,
  "effective_fail_closed_drift_rate": 0.4,
  "effective_fail_closed_cal_gate": 0.85,
  "final_pass": false,
  "out_path": "/home/runner/work/Price-Call/Price-Call/artifacts_part2_g532/predictions/g532_final_consensus_tape.csv",
  "publish_mode": "FAIL_CLOSED_NEUTRAL",
  "output_hashes": {
    "consensus_tape_sha256": "2221ffcb32f37b2b6fff2a737f548d805cc240e65be5583fee1fb8017478b779",
    "summary_payload_sha256": "a8110a5f358186ba1eee08153b8127239f94a8d09f74ba992c6f1524235abcf7"
  }
}