model,auc,pr,lift,brier,ece
base_only,0.5150700876152025,0.21606301251406274,1.0507816701925492,0.16187578968781755,0.01632547682787777
dist_only,0.5019073470371329,0.21654000365632153,1.0211821865251534,0.17623245068459298,0.10797433816461242
base_plus_risk_overlay,0.5150700876152025,0.21606301251406274,1.0507816701925492,0.16187578968781755,0.01632547682787777
