model,auc,pr,lift,brier,ece
base_only,0.5135106785667052,0.21612699883892977,1.0482358636021372,0.16216486655404383,0.011565237536296076
dist_only,0.5014593813135344,0.21839516734319647,1.0482358636021372,0.17649853261904794,0.10938421810042043
base_plus_risk_overlay,0.5135106785667052,0.21612699883892977,1.0482358636021372,0.16216486655404383,0.011565237536296076
