model,auc,pr,lift,brier,ece
base_only,0.5097070945961399,0.2144444352065721,1.0751461149557173,0.162295992610353,0.012779267986832155
dist_only,0.5134581867586446,0.22158862276779673,1.1782423177596901,0.17886086336805326,0.11263513104760002
base_plus_risk_overlay,0.5097070945961399,0.2144444352065721,1.0751461149557173,0.162295992610353,0.012779267986832155
