model,auc,pr,lift,brier,ece
base_only,0.5176619446993721,0.21881043259087962,1.0662268277815627,0.16171809126954262,0.015064701373769331
dist_only,0.5082573850780988,0.2196287489749269,1.0514181218401522,0.1758590844567778,0.11259311026054805
base_plus_risk_overlay,0.5176619446993721,0.21881043259087962,1.0662268277815627,0.16171809126954262,0.015064701373769331
