model,auc,pr,lift,brier,ece
base_only,0.5133461114440332,0.21618819436629294,1.0604180859837211,0.16222756208127162,0.011644951381582993
dist_only,0.5115895024313482,0.21873108219395168,1.0604180859837211,0.1782106748790084,0.11353054326120626
base_plus_risk_overlay,0.5133461114440332,0.21618819436629294,1.0604180859837211,0.16222756208127162,0.011644951381582993
