{
  "Date": "2026-04-29 00:00:00",
  "w_target_voo": 0.43855744822493337,
  "w_target_ief": 0.5614425517750667,
  "regime_label": "high_vol",
  "p_tail_base": 0.203286366986224,
  "base_rate": 0.2067260138476755,
  "raw_val_auc": 0.5349436392914654,
  "optimizer": "black_litterman_cvar",
  "portfolio_vol_ann": 0.06561403779160678,
  "view_confidence": 0.4367954911433172,
  "edge": 0.003439646861451512,
  "dead_band_hold": 0,
  "publish_mode": "NORMAL",
  "final_pass": 1
}