{
  "Date": "2026-04-27 00:00:00",
  "w_target_voo": 0.604365285366437,
  "w_target_ief": 0.395634714633563,
  "regime_label": "calm",
  "p_tail_base": 0.1875736759915162,
  "base_rate": 0.2068283028203859,
  "raw_val_auc": 0.5250670960815889,
  "optimizer": "black_litterman_cvar",
  "portfolio_vol_ann": 0.08117506439507499,
  "view_confidence": 0.3133387010198607,
  "edge": 0.019254626828869692,
  "dead_band_hold": 1,
  "publish_mode": "NORMAL",
  "final_pass": 1
}