{
  "Date": "2026-05-01T00:00:00",
  "w_target_voo": 0.4384824407639242,
  "w_target_ief": 0.5615175592360758,
  "regime_label": "high_vol",
  "p_tail_base": 0.2305513177324679,
  "base_rate": 0.2066238260009886,
  "raw_val_auc": 0.5323671497584541,
  "optimizer": "black_litterman_cvar",
  "portfolio_vol_ann": 0.06582812358138132,
  "view_confidence": 0.40458937198067646,
  "edge": -0.02392749173147929,
  "dead_band_hold": 0,
  "publish_mode": "NORMAL",
  "final_pass": 1
}