{
  "Date": "2026-05-01T00:00:00",
  "w_target_voo": 0.4551812621195694,
  "w_target_ief": 0.5448187378804306,
  "regime_label": "high_vol",
  "p_tail_base": 0.2244101592328697,
  "base_rate": 0.2066238260009886,
  "raw_val_auc": 0.5293612453032743,
  "optimizer": "black_litterman_cvar",
  "portfolio_vol_ann": 0.0672391358952955,
  "view_confidence": 0.36701556629092913,
  "edge": -0.017786333231881085,
  "dead_band_hold": 0,
  "publish_mode": "NORMAL",
  "final_pass": 1
}