{
  "Date": "2026-04-14 00:00:00",
  "w_target_voo": 0.8000000007535865,
  "w_target_ief": 0.19999999924641354,
  "regime_label": "dislocated",
  "p_tail_base": 0.2025028473203387,
  "base_rate": 0.2157203074634267,
  "raw_val_auc": 0.5477941176470589,
  "optimizer": "black_litterman_cvar",
  "portfolio_vol_ann": 0.12088843325916326,
  "view_confidence": 0.3186274509803925,
  "edge": 0.013217460143088,
  "dead_band_hold": 1
}