{
  "Date": "2026-04-20 00:00:00",
  "w_target_voo": 0.6,
  "w_target_ief": 0.4,
  "regime_label": "risk_on",
  "p_tail_base": 0.1999347529857048,
  "base_rate": 0.2070844686648501,
  "raw_val_auc": 0.5274288781535159,
  "optimizer": "fail_closed_neutral",
  "portfolio_vol_ann": 0.08330528301602833,
  "view_confidence": 0.3428609769189489,
  "edge": 0.007149715679145324,
  "dead_band_hold": 1,
  "publish_mode": "FAIL_CLOSED_NEUTRAL",
  "final_pass": 0
}