{
  "Date": "2026-05-05T00:00:00",
  "w_target_voo": 0.5209484803793452,
  "w_target_ief": 0.4790515196206549,
  "regime_label": "risk_on",
  "p_tail_base": 0.1973337750203731,
  "base_rate": 0.2065217391304347,
  "raw_val_auc": 0.524422973698336,
  "optimizer": "black_litterman_cvar",
  "portfolio_vol_ann": 0.07256248462970648,
  "view_confidence": 0.3052871712292002,
  "edge": 0.009187964110061592,
  "dead_band_hold": 1,
  "publish_mode": "NORMAL",
  "final_pass": 1
}