{
  "Date": "2026-04-21 00:00:00",
  "w_target_voo": 0.6,
  "w_target_ief": 0.4,
  "regime_label": "calm",
  "p_tail_base": 0.1887627933560915,
  "base_rate": 0.2070331847449232,
  "raw_val_auc": 0.5346215780998389,
  "optimizer": "fail_closed_neutral",
  "portfolio_vol_ann": 0.08273065884588084,
  "view_confidence": 0.43276972624798626,
  "edge": 0.018270391388831686,
  "dead_band_hold": 1,
  "publish_mode": "FAIL_CLOSED_NEUTRAL",
  "final_pass": 0
}