{
  "Date": "2026-04-20 00:00:00",
  "w_target_voo": 0.6,
  "w_target_ief": 0.4,
  "regime_label": "risk_on",
  "p_tail_base": 0.2012231005441982,
  "base_rate": 0.2070844686648501,
  "raw_val_auc": 0.5289318303811057,
  "optimizer": "fail_closed_neutral",
  "portfolio_vol_ann": 0.08330525241503593,
  "view_confidence": 0.3616478797638212,
  "edge": 0.005861368120651911,
  "dead_band_hold": 1,
  "publish_mode": "FAIL_CLOSED_NEUTRAL",
  "final_pass": 0
}