{
  "Date": "2026-04-20 00:00:00",
  "w_target_voo": 0.6,
  "w_target_ief": 0.4,
  "regime_label": "calm",
  "p_tail_base": 0.1991332539407526,
  "base_rate": 0.2070844686648501,
  "raw_val_auc": 0.5314009661835749,
  "optimizer": "fail_closed_neutral",
  "portfolio_vol_ann": 0.08330519270558351,
  "view_confidence": 0.39251207729468635,
  "edge": 0.007951214724097516,
  "dead_band_hold": 1,
  "publish_mode": "FAIL_CLOSED_NEUTRAL",
  "final_pass": 0
}