{
  "Date": "2026-04-16 00:00:00",
  "w_target_voo": 0.8000000007035347,
  "w_target_ief": 0.1999999992964653,
  "regime_label": "risk_on",
  "p_tail_base": 0.2119644535969062,
  "base_rate": 0.2156133828996282,
  "raw_val_auc": 0.6065384615384615,
  "optimizer": "black_litterman_cvar",
  "portfolio_vol_ann": 0.11414013795706798,
  "view_confidence": 0.7102564102564098,
  "edge": 0.0036489293027220093,
  "dead_band_hold": 1
}