{
  "Date": "2026-04-24 00:00:00",
  "w_target_voo": 0.5845919194644226,
  "w_target_ief": 0.41540808053557743,
  "regime_label": "calm",
  "p_tail_base": 0.1992265046935679,
  "base_rate": 0.2068794852759218,
  "raw_val_auc": 0.5293612453032743,
  "optimizer": "black_litterman_cvar",
  "portfolio_vol_ann": 0.0791814051821901,
  "view_confidence": 0.36701556629092913,
  "edge": 0.007652980582353891,
  "dead_band_hold": 1,
  "publish_mode": "NORMAL",
  "final_pass": 1
}