{
  "Date": "2026-04-30T00:00:00",
  "w_target_voo": 0.5583256569446424,
  "w_target_ief": 0.4416743430553575,
  "regime_label": "crisis",
  "p_tail_base": 0.1981843556082271,
  "base_rate": 0.2066749072929542,
  "raw_val_auc": 0.5346215780998389,
  "optimizer": "black_litterman_cvar",
  "portfolio_vol_ann": 0.07640322252605991,
  "view_confidence": 0.43276972624798626,
  "edge": 0.008490551684727121,
  "dead_band_hold": 1,
  "publish_mode": "NORMAL",
  "final_pass": 1
}