{
  "Date": "2026-04-30T00:00:00",
  "w_target_voo": 0.5666850351151088,
  "w_target_ief": 0.4333149648848912,
  "regime_label": "crisis",
  "p_tail_base": 0.1973194804729884,
  "base_rate": 0.2066749072929542,
  "raw_val_auc": 0.5290391841116479,
  "optimizer": "black_litterman_cvar",
  "portfolio_vol_ann": 0.07719976940917912,
  "view_confidence": 0.36298980139559817,
  "edge": 0.009355426819965817,
  "dead_band_hold": 1,
  "publish_mode": "NORMAL",
  "final_pass": 1
}