{
  "Date": "2026-04-24 00:00:00",
  "w_target_voo": 0.6,
  "w_target_ief": 0.4,
  "regime_label": "calm",
  "p_tail_base": 0.1991490775610426,
  "base_rate": 0.2068794852759218,
  "raw_val_auc": 0.5289318303811057,
  "optimizer": "fail_closed_neutral",
  "portfolio_vol_ann": 0.07970329459399085,
  "view_confidence": 0.3616478797638212,
  "edge": 0.007730407714879178,
  "dead_band_hold": 1,
  "publish_mode": "FAIL_CLOSED_NEUTRAL",
  "final_pass": 0
}