{
  "Date": "2026-04-24 00:00:00",
  "w_target_voo": 0.5835267984366528,
  "w_target_ief": 0.4164732015633472,
  "regime_label": "calm",
  "p_tail_base": 0.1991736322224539,
  "base_rate": 0.2068794852759218,
  "raw_val_auc": 0.5289318303811057,
  "optimizer": "black_litterman_cvar",
  "portfolio_vol_ann": 0.07907608662670794,
  "view_confidence": 0.3616478797638212,
  "edge": 0.0077058530534678815,
  "dead_band_hold": 1,
  "publish_mode": "NORMAL",
  "final_pass": 1
}