{
  "Date": "2026-04-20 00:00:00",
  "w_target_voo": 0.6,
  "w_target_ief": 0.4,
  "regime_label": "risk_on",
  "p_tail_base": 0.2003456898689979,
  "base_rate": 0.2070844686648501,
  "raw_val_auc": 0.5351583467525496,
  "optimizer": "fail_closed_neutral",
  "portfolio_vol_ann": 0.08075841062773204,
  "view_confidence": 0.4394793344068698,
  "edge": 0.006738778795852218,
  "dead_band_hold": 1,
  "publish_mode": "FAIL_CLOSED_NEUTRAL",
  "final_pass": 0
}