{
  "Date": "2026-04-09 00:00:00",
  "w_target_voo": 0.5250000000737765,
  "w_target_ief": 0.47499999992622355,
  "regime_label": "dislocated",
  "p_tail_base": 0.1505740652616284,
  "base_rate": 0.1968190854870775,
  "raw_val_auc": 0.6801136363636364,
  "optimizer": "black_litterman_cvar",
  "portfolio_vol_ann": 0.07234633541061722,
  "view_confidence": 1.0,
  "edge": 0.0462450202254491
}