{
  "Date": "2026-04-21T00:00:00",
  "w_target_voo": 0.7000000000954043,
  "w_target_ief": 0.2999999999045957,
  "regime_label": "calm",
  "p_tail_base": 0.188737091879789,
  "base_rate": 0.2070331847449232,
  "raw_val_auc": 0.5349436392914654,
  "optimizer": "black_litterman_cvar",
  "portfolio_vol_ann": 0.09050829846785935,
  "view_confidence": 0.4367954911433172,
  "edge": 0.0182960928651342,
  "dead_band_hold": 1,
  "publish_mode": "NORMAL",
  "final_pass": 1
}