{
  "Date": "2026-05-05T00:00:00",
  "w_target_voo": 0.48963900656291054,
  "w_target_ief": 0.5103609934370894,
  "regime_label": "risk_on",
  "p_tail_base": 0.1972744592922466,
  "base_rate": 0.2065217391304347,
  "raw_val_auc": 0.5344068706387547,
  "optimizer": "black_litterman_cvar",
  "portfolio_vol_ann": 0.06980293797536355,
  "view_confidence": 0.4300858829844337,
  "edge": 0.0092472798381881,
  "dead_band_hold": 1,
  "publish_mode": "NORMAL",
  "final_pass": 1
}