{
  "Date": "2026-04-21 00:00:00",
  "w_target_voo": 0.7000000002034169,
  "w_target_ief": 0.2999999997965831,
  "regime_label": "calm",
  "p_tail_base": 0.1903043351110696,
  "base_rate": 0.2070331847449232,
  "raw_val_auc": 0.5273215244229738,
  "optimizer": "black_litterman_cvar",
  "portfolio_vol_ann": 0.09050837985040659,
  "view_confidence": 0.3415190552871719,
  "edge": 0.0167288496338536,
  "dead_band_hold": 1,
  "publish_mode": "NORMAL",
  "final_pass": 1
}