{
  "part": "part2",
  "version": "PART_2_2_ONE_SIDED_DOWNSIDE",
  "horizon": 7,
  "holdout_start": "2020-01-01",
  "rows_rebalance": 226,
  "rows_realized": 224,
  "rows_audit": 224,
  "classification_raw": {
    "auc": 0.5495801679328268,
    "pr": 0.251101303577392,
    "lift": 1.3718705366179467,
    "brier": 0.15690795812104194,
    "ece": 0.09019548869755113
  },
  "classification_cal_candidate": {
    "auc": 0.4676795948287352,
    "pr": 0.19564118423095722,
    "lift": 1.0688689089691321,
    "brier": 0.26454694306503096,
    "ece": 0.2115238544414591
  },
  "classification_final_used": {
    "auc": 0.5457150473144076,
    "pr": 0.24923632616960142,
    "lift": 1.3616813917558712,
    "brier": 0.15709564093169276,
    "ece": 0.08914263591436554
  },
  "calibration_gate_on_rate": 0.035555555555555556,
  "high_risk_state_rate": 0.19555555555555557,
  "drift_base_ece": 0.16249743634972158,
  "drift_base_brier": 0.19627615301460757,
  "drift_alarm_rate": 0.4646017699115044,
  "active_ret_net_mean": 0.0003054952596721739,
  "active_ret_net_ir": 0.08649346903281371,
  "strategy_ret_net_ir": 0.5861019460819569,
  "negative_benchmark_active_mean": 0.00820189324662013,
  "negative_benchmark_hit_rate": 0.6704545454545454,
  "downside_capture_ratio": -0.6032641741932941,
  "avg_abs_active_weight_raw": 0.4848240302402761,
  "avg_abs_active_weight_capped": 0.09108194812011923,
  "shuffle_auc_median": 0.49346927895508463,
  "final_pass": true,
  "out_path": "./artifacts_part2_v77/predictions/v77_final_consensus_tape.csv"
}