{
  "part": "part2",
  "version": "PART_2_2_ONE_SIDED_DOWNSIDE",
  "horizon": 7,
  "holdout_start": "2020-01-01",
  "rows_rebalance": 224,
  "rows_realized": 222,
  "rows_audit": 222,
  "classification_raw": {
    "auc": 0.5603708791208791,
    "pr": 0.2541867407244725,
    "lift": 1.4107364110208225,
    "brier": 0.1542874859007313,
    "ece": 0.09991376845573732
  },
  "classification_cal_candidate": {
    "auc": 0.504739010989011,
    "pr": 0.2105905618443885,
    "lift": 1.1687776182363563,
    "brier": 0.24579541674928043,
    "ece": 0.19819568558727735
  },
  "classification_final_used": {
    "auc": 0.5561126373626374,
    "pr": 0.2521452036351597,
    "lift": 1.3994058801751363,
    "brier": 0.15446035938768082,
    "ece": 0.09882181527435427
  },
  "calibration_gate_on_rate": 0.03587443946188341,
  "high_risk_state_rate": 0.19730941704035873,
  "drift_base_ece": 0.1625193210679592,
  "drift_base_brier": 0.19632450749678526,
  "drift_alarm_rate": 0.47767857142857145,
  "active_ret_net_mean": 0.0003539683872417655,
  "active_ret_net_ir": 0.10028470076416285,
  "strategy_ret_net_ir": 0.6306169169242049,
  "negative_benchmark_active_mean": 0.008515952118698435,
  "negative_benchmark_hit_rate": 0.6744186046511628,
  "downside_capture_ratio": -0.6824267520941322,
  "avg_abs_active_weight_raw": 0.4908897568984044,
  "avg_abs_active_weight_capped": 0.09184829213669009,
  "shuffle_auc_median": 0.49876373626373627,
  "final_pass": true,
  "out_path": "./artifacts_part2_v77/predictions/v77_final_consensus_tape.csv"
}