{
  "part": "part2",
  "version": "PART_2_2_ONE_SIDED_DOWNSIDE",
  "horizon": 7,
  "holdout_start": "2020-01-01",
  "rows_rebalance": 226,
  "rows_realized": 224,
  "rows_audit": 224,
  "classification_raw": {
    "auc": 0.5503798480607757,
    "pr": 0.25305987111975065,
    "lift": 1.382571003190833,
    "brier": 0.15663596271818228,
    "ece": 0.0954961478479115
  },
  "classification_cal_candidate": {
    "auc": 0.4715447154471545,
    "pr": 0.1980740015815231,
    "lift": 1.082160398884419,
    "brier": 0.26010653742028034,
    "ece": 0.20698591185270288
  },
  "classification_final_used": {
    "auc": 0.5463814474210316,
    "pr": 0.2510920831696062,
    "lift": 1.3718201617071168,
    "brier": 0.15682301881622238,
    "ece": 0.09444342948861723
  },
  "calibration_gate_on_rate": 0.035555555555555556,
  "high_risk_state_rate": 0.19555555555555557,
  "drift_base_ece": 0.16247519586100986,
  "drift_base_brier": 0.19627062217770047,
  "drift_alarm_rate": 0.47345132743362833,
  "active_ret_net_mean": 0.0003043454930221487,
  "active_ret_net_ir": 0.08617306893000497,
  "strategy_ret_net_ir": 0.5857586628495733,
  "negative_benchmark_active_mean": 0.008200307276370394,
  "negative_benchmark_hit_rate": 0.6704545454545454,
  "downside_capture_ratio": -0.60295425289931,
  "avg_abs_active_weight_raw": 0.48618045300312823,
  "avg_abs_active_weight_capped": 0.09104831600836198,
  "shuffle_auc_median": 0.49410235905637745,
  "final_pass": true,
  "out_path": "./artifacts_part2_v77/predictions/v77_final_consensus_tape.csv"
}