{
  "part": "part2",
  "version": "PART_2_2_ONE_SIDED_DOWNSIDE",
  "horizon": 7,
  "holdout_start": "2020-01-01",
  "rows_rebalance": 224,
  "rows_realized": 222,
  "rows_audit": 222,
  "classification_raw": {
    "auc": 0.5591346153846154,
    "pr": 0.25277037135825686,
    "lift": 1.4028755610383257,
    "brier": 0.15461650095391122,
    "ece": 0.09444640539428985
  },
  "classification_cal_candidate": {
    "auc": 0.49745879120879116,
    "pr": 0.20918715859876516,
    "lift": 1.1609887302231467,
    "brier": 0.2548235781148598,
    "ece": 0.20746122787460675
  },
  "classification_final_used": {
    "auc": 0.5550137362637363,
    "pr": 0.250758509423875,
    "lift": 1.3917097273025063,
    "brier": 0.1548074638245979,
    "ece": 0.09338366233116084
  },
  "calibration_gate_on_rate": 0.03587443946188341,
  "high_risk_state_rate": 0.19730941704035873,
  "drift_base_ece": 0.16258272683885025,
  "drift_base_brier": 0.19640170014929859,
  "drift_alarm_rate": 0.46875,
  "active_ret_net_mean": 0.0003528610697162323,
  "active_ret_net_ir": 0.09994617742162885,
  "strategy_ret_net_ir": 0.6300297704992369,
  "negative_benchmark_active_mean": 0.0085122221675165,
  "negative_benchmark_hit_rate": 0.6744186046511628,
  "downside_capture_ratio": -0.6816859528000997,
  "avg_abs_active_weight_raw": 0.48881362590145566,
  "avg_abs_active_weight_capped": 0.09177615773104597,
  "shuffle_auc_median": 0.4985576923076923,
  "final_pass": true,
  "out_path": "./artifacts_part2_v77/predictions/v77_final_consensus_tape.csv"
}