{
  "part": "part2",
  "version": "PART_2_2_ONE_SIDED_DOWNSIDE",
  "horizon": 7,
  "holdout_start": "2020-01-01",
  "rows_rebalance": 224,
  "rows_realized": 222,
  "rows_audit": 222,
  "classification_raw": {
    "auc": 0.5591346153846154,
    "pr": 0.25271646044304463,
    "lift": 1.4025763554588977,
    "brier": 0.1546335807932002,
    "ece": 0.09447807922772554
  },
  "classification_cal_candidate": {
    "auc": 0.4929258241758242,
    "pr": 0.2062448466396018,
    "lift": 1.14465889884979,
    "brier": 0.25932827331089164,
    "ece": 0.21196689412851766
  },
  "classification_final_used": {
    "auc": 0.5550137362637363,
    "pr": 0.250758509423875,
    "lift": 1.3917097273025063,
    "brier": 0.15480803566336743,
    "ece": 0.09338560844384336
  },
  "calibration_gate_on_rate": 0.03587443946188341,
  "high_risk_state_rate": 0.19730941704035873,
  "drift_base_ece": 0.16258272683885025,
  "drift_base_brier": 0.19640170014929859,
  "drift_alarm_rate": 0.46875,
  "active_ret_net_mean": 0.00035284687052537875,
  "active_ret_net_ir": 0.09994214312550935,
  "strategy_ret_net_ir": 0.6300291095149478,
  "negative_benchmark_active_mean": 0.008512204967449167,
  "negative_benchmark_hit_rate": 0.6744186046511628,
  "downside_capture_ratio": -0.6816844383386653,
  "avg_abs_active_weight_raw": 0.4888130591138207,
  "avg_abs_active_weight_capped": 0.0917755909434111,
  "shuffle_auc_median": 0.4985576923076923,
  "final_pass": true,
  "out_path": "./artifacts_part2_v77/predictions/v77_final_consensus_tape.csv"
}