{
  "part": "part2",
  "version": "PART_2_2_ONE_SIDED_DOWNSIDE",
  "horizon": 7,
  "holdout_start": "2020-01-01",
  "rows_rebalance": 224,
  "rows_realized": 223,
  "rows_audit": 223,
  "classification_raw": {
    "auc": 0.5477753953363709,
    "pr": 0.25118470866307147,
    "lift": 1.3661997568747546,
    "brier": 0.15759104025206352,
    "ece": 0.09001552216532689
  },
  "classification_cal_candidate": {
    "auc": 0.4833154650227821,
    "pr": 0.20404306698391628,
    "lift": 1.109795217985691,
    "brier": 0.26567888297681674,
    "ece": 0.21190347732969378
  },
  "classification_final_used": {
    "auc": 0.5438890377914768,
    "pr": 0.24931595528067668,
    "lift": 1.3560355616485584,
    "brier": 0.15778205645098978,
    "ece": 0.08895730593282389
  },
  "calibration_gate_on_rate": 0.03571428571428571,
  "high_risk_state_rate": 0.19642857142857142,
  "drift_base_ece": 0.16232483696033922,
  "drift_base_brier": 0.19664999256421822,
  "drift_alarm_rate": 0.46875,
  "active_ret_net_mean": 0.00023263849345282395,
  "active_ret_net_ir": 0.0658042442687822,
  "strategy_ret_net_ir": 0.5812379593080148,
  "negative_benchmark_active_mean": 0.008109440147856474,
  "negative_benchmark_hit_rate": 0.6666666666666666,
  "downside_capture_ratio": -0.6115143478234029,
  "avg_abs_active_weight_raw": 0.486509537999846,
  "avg_abs_active_weight_capped": 0.09142690859199235,
  "shuffle_auc_median": 0.4955105869740015,
  "final_pass": true,
  "out_path": "./artifacts_part2_v77/predictions/v77_final_consensus_tape.csv"
}