{
  "part": "part2",
  "version": "PART_2_2_ONE_SIDED_DOWNSIDE",
  "horizon": 7,
  "holdout_start": "2020-01-01",
  "rows_rebalance": 224,
  "rows_realized": 222,
  "rows_audit": 222,
  "classification_raw": {
    "auc": 0.5540521978021978,
    "pr": 0.2510864813534479,
    "lift": 1.393529971511636,
    "brier": 0.15476531395225918,
    "ece": 0.09441758995597677
  },
  "classification_cal_candidate": {
    "auc": 0.4436813186813187,
    "pr": 0.18924454801545598,
    "lift": 1.0503072414857808,
    "brier": 0.24211318401169413,
    "ece": 0.19790188590161312
  },
  "classification_final_used": {
    "auc": 0.5459478021978023,
    "pr": 0.24794253972692026,
    "lift": 1.3760810954844076,
    "brier": 0.15521520339361689,
    "ece": 0.09464148192821395
  },
  "calibration_gate_on_rate": 0.04484304932735426,
  "high_risk_state_rate": 0.18834080717488788,
  "drift_base_ece": 0.1586214479324973,
  "drift_base_brier": 0.1962996816093452,
  "drift_alarm_rate": 0.46875,
  "active_ret_net_mean": 0.00036413727176284335,
  "active_ret_net_ir": 0.10312290311820033,
  "strategy_ret_net_ir": 0.6334816807338712,
  "negative_benchmark_active_mean": 0.008502978269556424,
  "negative_benchmark_hit_rate": 0.6744186046511628,
  "downside_capture_ratio": -0.6798613797153541,
  "avg_abs_active_weight_raw": 0.4859526275908526,
  "avg_abs_active_weight_capped": 0.09005898260440218,
  "shuffle_auc_median": 0.4944711538461539,
  "final_pass": true,
  "out_path": "./artifacts_part2_v77/predictions/v77_final_consensus_tape.csv"
}