{
  "part": "part2",
  "version": "PART_2_2_ONE_SIDED_DOWNSIDE",
  "horizon": 7,
  "holdout_start": "2020-01-01",
  "rows_rebalance": 225,
  "rows_realized": 223,
  "rows_audit": 223,
  "classification_raw": {
    "auc": 0.5491155186277138,
    "pr": 0.25160819704395704,
    "lift": 1.368503120507376,
    "brier": 0.15753439218144352,
    "ece": 0.09013675333903676
  },
  "classification_cal_candidate": {
    "auc": 0.5052264808362369,
    "pr": 0.2146524766051321,
    "lift": 1.167500055681572,
    "brier": 0.24320527748943302,
    "ece": 0.18936156436811183
  },
  "classification_final_used": {
    "auc": 0.5449611364245511,
    "pr": 0.2496160637437087,
    "lift": 1.3576678588987083,
    "brier": 0.15770760221555408,
    "ece": 0.0890493578905048
  },
  "calibration_gate_on_rate": 0.03571428571428571,
  "high_risk_state_rate": 0.19642857142857142,
  "drift_base_ece": 0.16258119510949048,
  "drift_base_brier": 0.19640098231246633,
  "drift_alarm_rate": 0.4666666666666667,
  "active_ret_net_mean": 0.00023448495535392184,
  "active_ret_net_ir": 0.06633497218971583,
  "strategy_ret_net_ir": 0.5819686952841412,
  "negative_benchmark_active_mean": 0.008114726393148005,
  "negative_benchmark_hit_rate": 0.6666666666666666,
  "downside_capture_ratio": -0.6125593270923835,
  "avg_abs_active_weight_raw": 0.4875910125693201,
  "avg_abs_active_weight_capped": 0.09157727099231137,
  "shuffle_auc_median": 0.4955105869740016,
  "final_pass": true,
  "out_path": "./artifacts_part2_v77/predictions/v77_final_consensus_tape.csv"
}