{
  "part": "part2",
  "version": "PART_2_2_ONE_SIDED_DOWNSIDE",
  "horizon": 7,
  "holdout_start": "2020-01-01",
  "rows_rebalance": 224,
  "rows_realized": 222,
  "rows_audit": 222,
  "classification_raw": {
    "auc": 0.5589972527472528,
    "pr": 0.25277590225245883,
    "lift": 1.4029062575011466,
    "brier": 0.1545680335790793,
    "ece": 0.09440107822708707
  },
  "classification_cal_candidate": {
    "auc": 0.4930631868131868,
    "pr": 0.20620999571422952,
    "lift": 1.1444654762139739,
    "brier": 0.25927367509088595,
    "ece": 0.21177763835013025
  },
  "classification_final_used": {
    "auc": 0.554739010989011,
    "pr": 0.2506492466460326,
    "lift": 1.391103318885481,
    "brier": 0.15475714208050856,
    "ece": 0.09333879656889274
  },
  "calibration_gate_on_rate": 0.03587443946188341,
  "high_risk_state_rate": 0.19730941704035873,
  "drift_base_ece": 0.16249896807908135,
  "drift_base_brier": 0.19627687085143983,
  "drift_alarm_rate": 0.46875,
  "active_ret_net_mean": 0.0003548523310483905,
  "active_ret_net_ir": 0.10050539956323426,
  "strategy_ret_net_ir": 0.6306549992924824,
  "negative_benchmark_active_mean": 0.008512915820854942,
  "negative_benchmark_hit_rate": 0.6744186046511628,
  "downside_capture_ratio": -0.6818260651551422,
  "avg_abs_active_weight_raw": 0.4887674303789975,
  "avg_abs_active_weight_capped": 0.09173613886485579,
  "shuffle_auc_median": 0.4985576923076923,
  "final_pass": true,
  "out_path": "./artifacts_part2_v77/predictions/v77_final_consensus_tape.csv"
}