{
  "part": "part2",
  "version": "PART_2_2_ONE_SIDED_DOWNSIDE",
  "horizon": 7,
  "holdout_start": "2020-01-01",
  "rows_rebalance": 224,
  "rows_realized": 222,
  "rows_audit": 222,
  "classification_raw": {
    "auc": 0.559271978021978,
    "pr": 0.2537430163016367,
    "lift": 1.4082737404740837,
    "brier": 0.15435720405774295,
    "ece": 0.0980928648340249
  },
  "classification_cal_candidate": {
    "auc": 0.4960851648351648,
    "pr": 0.20873346765455178,
    "lift": 1.1584707454827625,
    "brier": 0.2548561741132138,
    "ece": 0.20742696695042034
  },
  "classification_final_used": {
    "auc": 0.5552884615384616,
    "pr": 0.25189083806589974,
    "lift": 1.3979941512657437,
    "brier": 0.15453211441759207,
    "ece": 0.09700027616065898
  },
  "calibration_gate_on_rate": 0.03587443946188341,
  "high_risk_state_rate": 0.19730941704035873,
  "drift_base_ece": 0.16258119510949048,
  "drift_base_brier": 0.19640098231246633,
  "drift_alarm_rate": 0.47767857142857145,
  "active_ret_net_mean": 0.0003514861171369949,
  "active_ret_net_ir": 0.09956256385760598,
  "strategy_ret_net_ir": 0.6296244733669965,
  "negative_benchmark_active_mean": 0.0085109997368492,
  "negative_benchmark_hit_rate": 0.6744186046511628,
  "downside_capture_ratio": -0.6814464654024546,
  "avg_abs_active_weight_raw": 0.49065495510622303,
  "avg_abs_active_weight_capped": 0.09178003194292855,
  "shuffle_auc_median": 0.4987980769230769,
  "final_pass": true,
  "out_path": "./artifacts_part2_v77/predictions/v77_final_consensus_tape.csv"
}