{
  "part": "part2",
  "version": "PART_2_2_ONE_SIDED_DOWNSIDE",
  "horizon": 7,
  "holdout_start": "2020-01-01",
  "rows_rebalance": 225,
  "rows_realized": 223,
  "rows_audit": 223,
  "classification_raw": {
    "auc": 0.5495175556151166,
    "pr": 0.25284587724046315,
    "lift": 1.3752348932834946,
    "brier": 0.15717755350279364,
    "ece": 0.09537813238856849
  },
  "classification_cal_candidate": {
    "auc": 0.4538327526132404,
    "pr": 0.19023432559518122,
    "lift": 1.0346891367737905,
    "brier": 0.26108659906294407,
    "ece": 0.2069931887065308
  },
  "classification_final_used": {
    "auc": 0.5454971857410883,
    "pr": 0.2508776434440345,
    "lift": 1.364529621659017,
    "brier": 0.157364248472895,
    "ece": 0.094320887911931
  },
  "calibration_gate_on_rate": 0.03571428571428571,
  "high_risk_state_rate": 0.19642857142857142,
  "drift_base_ece": 0.1624614325065611,
  "drift_base_brier": 0.1962097775079586,
  "drift_alarm_rate": 0.47555555555555556,
  "active_ret_net_mean": 0.00023502313412097418,
  "active_ret_net_ir": 0.06649228305806311,
  "strategy_ret_net_ir": 0.5821993190729062,
  "negative_benchmark_active_mean": 0.00811386387234555,
  "negative_benchmark_hit_rate": 0.6666666666666666,
  "downside_capture_ratio": -0.6123919369115596,
  "avg_abs_active_weight_raw": 0.4887787016447587,
  "avg_abs_active_weight_capped": 0.09152608499240289,
  "shuffle_auc_median": 0.4957116054677031,
  "final_pass": true,
  "out_path": "./artifacts_part2_v77/predictions/v77_final_consensus_tape.csv"
}