{
  "part": "part2",
  "version": "PART_2_2_ONE_SIDED_DOWNSIDE",
  "horizon": 7,
  "holdout_start": "2020-01-01",
  "rows_rebalance": 225,
  "rows_realized": 223,
  "rows_audit": 223,
  "classification_raw": {
    "auc": 0.5495175556151166,
    "pr": 0.25174910253823607,
    "lift": 1.3692695089274791,
    "brier": 0.15751417296364595,
    "ece": 0.08998396066930855
  },
  "classification_cal_candidate": {
    "auc": 0.49859287054409,
    "pr": 0.2130879174669153,
    "lift": 1.158990380368832,
    "brier": 0.25214584742610824,
    "ece": 0.19832361494607792
  },
  "classification_final_used": {
    "auc": 0.545363173411954,
    "pr": 0.2497322824049132,
    "lift": 1.358299975031601,
    "brier": 0.1576871669804197,
    "ece": 0.08889661883727934
  },
  "calibration_gate_on_rate": 0.03571428571428571,
  "high_risk_state_rate": 0.19642857142857142,
  "drift_base_ece": 0.1625229507776183,
  "drift_base_brier": 0.19632907596891025,
  "drift_alarm_rate": 0.4666666666666667,
  "active_ret_net_mean": 0.00023294880243003176,
  "active_ret_net_ir": 0.0658956810452391,
  "strategy_ret_net_ir": 0.5813654995114554,
  "negative_benchmark_active_mean": 0.008109483316577418,
  "negative_benchmark_hit_rate": 0.6666666666666666,
  "downside_capture_ratio": -0.6115153374008581,
  "avg_abs_active_weight_raw": 0.48658279370539737,
  "avg_abs_active_weight_capped": 0.09143508395713705,
  "shuffle_auc_median": 0.49551058697400163,
  "final_pass": true,
  "out_path": "./artifacts_part2_v77/predictions/v77_final_consensus_tape.csv"
}